order_id,customer_id,store_id,coupon_id,order_date,status,total_amount
ORD-1,CUST-99999,ST-3,,2024-05-26,pending,11760
ORD-2,CUST-1478,ST-20,CP-107,2026-12-26,closed,3368
ORD-3,CUST-214,ST-6,,05/14/2025,CLOSED,14281
ORD-4,CUST-4524,ST-7,,02/26/2025,CLOSED,15299
ORD-5,CUST-4636,ST-12,,11/27/2025, Active ,14304
ORD-6,CUST-1499,ST-7,,2026-02-26,CLOSED,14687
ORD-7,CUST-2337,ST-17,CP-65,2025-05-12,PENDING,"19,638.00"
ORD-8,CUST-983,ST-16,,01/15/2025,PENDING,"$11,255.00"
ORD-9,CUST-4150,ST-7,,12-09-2025, Active ,"18,582.00"
ORD-10,CUST-2600,ST-7,CP-60,02/20/2024,active,5933
ORD-11,CUST-1076,ST-10,CP-10,2024-09-11,closed,"$12,473.00"
ORD-12,CUST-2830,ST-11,,11/14/2024,CLOSED,"13,565.00"
ORD-13,CUST-3134,ST-25,,2026-12-24,CLOSED,9439
ORD-14,CUST-99999,ST-14,,16-05-2024,closed,"$16,013.00"
ORD-15,CUST-980,ST-21,CP-56,2025-11-17,pending,953
ORD-16,CUST-4980,ST-4,,11/24/2026,CLOSED,"$6,872.00"
ORD-17,CUST-4903,ST-8,,2024-05-28,pending,"1,078.00"
ORD-18,CUST-40,ST-13,CP-119,08-01-2026,ACTIVE,"$13,802.00"
ORD-19,CUST-106,ST-5,,2024-05-26,closed,3475
ORD-20,CUST-388,ST-12,CP-78,10/16/2025,CLOSED,1839
ORD-21,CUST-1413,ST-13,,2024-04-08,CLOSED,11418
ORD-22,CUST-3434,ST-9,,09/24/2024,PENDING,"10,813.00"
ORD-23,CUST-2806,ST-15,,2025-01-01,ACTIVE,17590
ORD-24,CUST-4772,ST-9,,05/21/2025,ACTIVE,12876
ORD-25,CUST-2742,ST-11,,11-10-2024,CLOSED,9560
ORD-26,CUST-3355,ST-4,CP-13,2026-07-18,PENDING,11796
ORD-27,CUST-99999,ST-13,,05/01/2026, Active ,8129
ORD-28,CUST-2971,ST-20,,06/27/2025,active,"$17,113.00"
ORD-29,CUST-2983,ST-17,,2025-02-04,pending,"17,057.00"
ORD-30,CUST-2174,ST-1,,2024-02-16,PENDING,"$2,232.00"
ORD-31,CUST-3751,ST-25,,2026-08-25,PENDING,"$13,235.00"
ORD-32,CUST-2120,ST-6,CP-172,17-01-2025,closed,578
ORD-33,CUST-4213,ST-24,CP-29,03/20/2024,ACTIVE,2017
ORD-34,CUST-2318,ST-5,,2024-09-16,PENDING,8473
ORD-35,CUST-1176,ST-10,,05/10/2026,ACTIVE,"$2,639.00"
ORD-36,CUST-4967,ST-6,,09/07/2024,pending,"$15,968.00"
ORD-37,CUST-2245,ST-6,CP-33,2024-10-14,CLOSED,17867
ORD-38,CUST-26,ST-22,,14-09-2025,closed,"$19,673.00"
ORD-39,CUST-3155,ST-2,,2024-07-01,active,7374
ORD-40,CUST-99999,ST-11,CP-150,2024-09-04,closed,19559
ORD-41,CUST-4616,ST-1,,2024-10-15,CLOSED,"$1,789.00"
ORD-42,CUST-182,ST-15,,2024-02-27,pending,"4,328.00"
ORD-43,CUST-578,ST-12,CP-149,02/18/2024, Active ,"$19,145.00"
ORD-44,CUST-3589,ST-2,,11/18/2024,pending,"$12,173.00"
ORD-45,CUST-4214,ST-7,,04/06/2025,PENDING,"$1,225.00"
ORD-46,CUST-559,ST-24,,2025-10-04,ACTIVE,264.00
ORD-47,CUST-2161,ST-21,CP-15,2026-03-08, Active ,"19,410.00"
ORD-48,CUST-804,ST-10,,2024-12-09,ACTIVE,10192
ORD-49,CUST-3027,ST-2,CP-123,2025-03-01,pending,1013
ORD-50,CUST-3584,ST-6,,03/21/2025, Active ,"$5,205.00"
ORD-51,CUST-4563,ST-1,,2025-03-13,active,14635
ORD-52,CUST-4302,ST-7,,03/25/2025,CLOSED,19897
ORD-53,CUST-99999,ST-6,CP-63,2025-10-15,closed,"$11,498.00"
ORD-54,CUST-1310,ST-10,CP-39,06/27/2024,closed,1660
ORD-55,CUST-2131,ST-22,,07/04/2025, Active ,9294
ORD-56,CUST-3657,ST-19,,2025-02-11,ACTIVE,"$15,393.00"
ORD-57,CUST-3567,ST-7,CP-3,02-10-2026,pending,12955
ORD-58,CUST-2314,ST-13,,2025-01-26,PENDING,"$5,619.00"
ORD-59,CUST-4544,ST-25,,2025-07-07,PENDING,1148
ORD-60,CUST-4304,ST-15,,2026-10-13,active,"$13,983.00"
ORD-61,CUST-2311,ST-18,,09/09/2024,closed,18635
ORD-62,CUST-559,ST-5,CP-33,02-04-2025, Active ,7388
ORD-63,CUST-604,ST-21,,2025-04-14,PENDING,16521
ORD-64,CUST-668,ST-12,,04/24/2025,PENDING,19835
ORD-65,CUST-3544,ST-1,,2026-08-17,pending,"$8,967.00"
ORD-66,CUST-99999,ST-5,CP-24,07/07/2025,ACTIVE,"$16,890.00"
ORD-67,CUST-115,ST-8,,03/24/2025, Active ,$307.00
ORD-68,CUST-4252,ST-8,,2024-12-05,active,"7,755.00"
ORD-69,CUST-766,ST-23,CP-7,09/26/2025, Active ,6074
ORD-70,CUST-3440,ST-21,,2025-01-15,closed,"$9,808.00"
ORD-71,CUST-3270,ST-21,,2025-07-15,ACTIVE,"$13,436.00"
ORD-72,CUST-4325,ST-2,,05/12/2026,ACTIVE,"$9,031.00"
ORD-73,CUST-4109,ST-20,,07/18/2026,closed,14901
ORD-74,CUST-1856,ST-16,,01-05-2026,active,5693
ORD-75,CUST-1769,ST-12,,10/13/2026, Active ,"3,199.00"
ORD-76,CUST-3345,ST-1,,09/12/2025,pending,"2,722.00"
ORD-77,CUST-779,ST-6,CP-28,03/20/2024,pending,8395
ORD-78,CUST-19,ST-10,CP-7,2025-05-16,pending,2714
ORD-79,CUST-99999,ST-4,CP-78,2026-07-10,ACTIVE,"$1,664.00"
ORD-80,CUST-2430,ST-12,,2025-10-03,pending,"$17,458.00"
ORD-81,CUST-4168,ST-24,,25-04-2026,PENDING,14122
ORD-82,CUST-350,ST-14,,01/28/2024,CLOSED,"6,452.00"
ORD-83,CUST-4670,ST-2,,2026-04-05,active,18286
ORD-84,CUST-142,ST-8,CP-137,13-05-2024,active,12852
ORD-85,CUST-2751,ST-23,CP-166,12/18/2025,closed,4596
ORD-86,CUST-2569,ST-25,,01/26/2025,CLOSED,17224
ORD-87,CUST-1996,ST-11,CP-75,04-02-2026, Active ,10605
ORD-88,CUST-2963,ST-2,,11/02/2025,ACTIVE,"$19,014.00"
ORD-89,CUST-4895,ST-10,CP-151,2025-04-13,active,16867
ORD-90,CUST-3017,ST-23,,2024-11-15,closed,"5,755.00"
ORD-91,CUST-2931,ST-17,CP-97,07/06/2024,active,7840
ORD-92,CUST-99999,ST-2,CP-88,2025-06-17,closed,14973
ORD-93,CUST-757,ST-25,,19-03-2025, Active ,5665
ORD-94,CUST-3674,ST-9,,2025-06-09, Active ,2866
ORD-95,CUST-879,ST-7,,22-02-2025,ACTIVE,"14,084.00"
ORD-96,CUST-2117,ST-4,CP-157,12-05-2025,CLOSED,3151
ORD-97,CUST-3080,ST-16,,07/10/2026, Active ,"$17,575.00"
ORD-98,CUST-787,ST-18,,2026-06-04,ACTIVE,"11,057.00"
ORD-99,CUST-2533,ST-22,CP-142,02/27/2025,closed,"$8,506.00"
ORD-100,CUST-4692,ST-4,,09/05/2026,ACTIVE,4764
ORD-101,CUST-3008,ST-6,CP-48,2025-10-25,pending,19332
ORD-102,CUST-3053,ST-8,,2026-10-26, Active ,"$1,784.00"
ORD-103,CUST-4637,ST-8,,2024-03-06, Active ,10036
ORD-104,CUST-2894,ST-9,,2026-04-09,PENDING,"19,755.00"
ORD-105,CUST-99999,ST-23,CP-73,2025-04-26,CLOSED,"$2,618.00"
ORD-106,CUST-3089,ST-3,,2026-04-09,CLOSED,"$19,010.00"
ORD-107,CUST-3406,ST-23,,10/03/2025,CLOSED,6962
ORD-108,CUST-2163,ST-21,,12/04/2026,PENDING,2442
ORD-109,CUST-3110,ST-19,CP-56,2025-12-28, Active ,"2,403.00"
ORD-110,CUST-1506,ST-9,,2025-03-11,PENDING,267
ORD-111,CUST-597,ST-13,,2025-11-28,closed,14688
ORD-112,CUST-1954,ST-3,CP-97,2024-12-28, Active ,"$15,371.00"
ORD-113,CUST-4236,ST-6,,2024-05-23,active,"$16,739.00"
ORD-114,CUST-210,ST-3,,09/06/2025,pending,11830
ORD-115,CUST-4892,ST-22,CP-194,2026-08-21,ACTIVE,13310
ORD-116,CUST-376,ST-2,,2024-12-18, Active ,"$2,901.00"
ORD-117,CUST-1895,ST-13,,24-12-2026,ACTIVE,"$19,257.00"
ORD-118,CUST-99999,ST-25,,04/28/2024, Active ,"$19,048.00"
ORD-119,CUST-721,ST-4,,10/09/2025,closed,"$9,586.00"
ORD-120,CUST-3335,ST-1,,08/11/2024,pending,"$2,697.00"
ORD-121,CUST-4579,ST-22,,10/04/2026, Active ,"$1,414.00"
ORD-122,CUST-4551,ST-17,,28-08-2026,CLOSED,16268
ORD-123,CUST-4300,ST-16,,11/24/2025,pending,"$2,812.00"
ORD-124,CUST-455,ST-6,,2025-11-25,PENDING,1321
ORD-125,CUST-1609,ST-15,CP-91,2026-09-19,CLOSED,$572.00
ORD-126,CUST-3590,ST-20,,23-04-2025,pending,11309
ORD-127,CUST-3268,ST-22,,2024-11-07, Active ,9385
ORD-128,CUST-878,ST-18,,2024-02-28,pending,"$2,221.00"
ORD-129,CUST-165,ST-22,CP-87,09/08/2025,CLOSED,"$1,368.00"
ORD-130,CUST-3157,ST-3,CP-174,03-10-2026,CLOSED,13675
ORD-131,CUST-99999,ST-9,,2025-10-25,PENDING,"$19,794.00"
ORD-132,CUST-633,ST-1,,2025-03-14,closed,19931
ORD-133,CUST-3265,ST-4,,2026-11-13,ACTIVE,13732
ORD-134,CUST-2039,ST-15,,2024-02-12,pending,"14,081.00"
ORD-135,CUST-4108,ST-2,,14-12-2024,ACTIVE,777.00
ORD-136,CUST-4570,ST-17,,2024-03-01,ACTIVE,12969
ORD-137,CUST-309,ST-3,,2024-09-23,PENDING,18212
ORD-138,CUST-430,ST-5,,2025-08-04,pending,"2,113.00"
ORD-139,CUST-706,ST-14,CP-57,2025-10-07,PENDING,"14,424.00"
ORD-140,CUST-3865,ST-19,,04-12-2025,ACTIVE,11472
ORD-141,CUST-1041,ST-21,,06/01/2026,ACTIVE,14632
ORD-142,CUST-2749,ST-8,,2026-04-04,active,"3,897.00"
ORD-143,CUST-4809,ST-2,CP-96,2025-05-01,closed,"$13,497.00"
ORD-144,CUST-99999,ST-24,CP-139,2026-07-10,closed,6766
ORD-145,CUST-1606,ST-12,,2024-11-18,active,"$6,576.00"
ORD-146,CUST-3705,ST-24,CP-92,28-01-2025,ACTIVE,19729
ORD-147,CUST-1235,ST-5,CP-94,2026-08-19,PENDING,"$6,671.00"
ORD-148,CUST-869,ST-24,,2025-07-25,CLOSED,13437
ORD-149,CUST-3794,ST-9,,10/11/2024,pending,"$12,190.00"
ORD-150,CUST-425,ST-9,,06/05/2025,pending,"$19,372.00"
ORD-151,CUST-3597,ST-9,,05/10/2025,PENDING,8491
ORD-152,CUST-2996,ST-11,,28-03-2026,closed,11178
ORD-153,CUST-1915,ST-14,,11-02-2025,CLOSED,9778
ORD-154,CUST-863,ST-13,,10/06/2025,ACTIVE,"8,456.00"
ORD-155,CUST-4231,ST-7,,2026-01-08,pending,"17,374.00"
ORD-156,CUST-324,ST-3,,04/21/2025,PENDING,711
ORD-157,CUST-99999,ST-20,CP-39,04-01-2026,pending,2893
ORD-158,CUST-408,ST-10,,10/23/2026,pending,"$15,872.00"
ORD-159,CUST-3528,ST-21,CP-116,2025-02-06,active,10471
ORD-160,CUST-4339,ST-18,,2025-04-20, Active ,144
ORD-161,CUST-1898,ST-3,CP-76,15-09-2026,active,"$10,280.00"
ORD-162,CUST-3769,ST-9,CP-59,2024-02-25,closed,952
ORD-163,CUST-841,ST-25,CP-137,2024-04-25,active,"8,842.00"
ORD-164,CUST-376,ST-18,,2026-11-06,ACTIVE,"$5,191.00"
ORD-165,CUST-4058,ST-16,CP-151,2024-09-25,active,"$9,767.00"
ORD-166,CUST-4114,ST-20,,2026-05-24,PENDING,9045
ORD-167,CUST-800,ST-6,,2025-11-11,pending,"$14,596.00"
ORD-168,CUST-1025,ST-22,CP-199,06/01/2024,CLOSED,10465
ORD-169,CUST-2087,ST-5,,04/18/2024, Active ,"$14,452.00"
ORD-170,CUST-99999,ST-6,,2026-04-15,PENDING,"$17,370.00"
ORD-171,CUST-4031,ST-23,,21-05-2025, Active ,15620
ORD-172,CUST-1967,ST-8,CP-33,20-02-2024,CLOSED,16044
ORD-173,CUST-416,ST-2,,2026-05-21, Active ,"17,691.00"
ORD-174,CUST-1490,ST-1,,2026-02-15,active,5201
ORD-175,CUST-33,ST-1,CP-137,2024-11-10,closed,"$5,732.00"
ORD-176,CUST-524,ST-22,CP-82,09/08/2026,PENDING,"$15,819.00"
ORD-177,CUST-2914,ST-16,,09/17/2024,CLOSED,6817
ORD-178,CUST-4114,ST-12,CP-116,01/05/2024, Active ,"$16,231.00"
ORD-179,CUST-911,ST-13,,2026-08-11,pending,8026
ORD-180,CUST-1673,ST-2,CP-66,06/19/2024,closed,16039
ORD-181,CUST-3956,ST-20,,2026-06-11,pending,"19,049.00"
ORD-182,CUST-666,ST-15,CP-141,01/18/2025,pending,"$9,344.00"
ORD-183,CUST-99999,ST-10,,10/26/2026,CLOSED,5428
ORD-184,CUST-2487,ST-18,,2025-05-22,PENDING,685
ORD-185,CUST-363,ST-18,,05/19/2025,CLOSED,3595
ORD-186,CUST-2756,ST-17,,05/25/2024,active,7374
ORD-187,CUST-1036,ST-18,CP-80,2024-05-19,active,"5,730.00"
ORD-188,CUST-1425,ST-3,,2024-03-21, Active ,3657
ORD-189,CUST-4715,ST-6,,03-10-2025,closed,"12,823.00"
ORD-190,CUST-2475,ST-13,,2026-01-09,PENDING,"$18,906.00"
ORD-191,CUST-3694,ST-10,,2024-11-11,CLOSED,6852
ORD-192,CUST-2509,ST-17,,14-07-2026,pending,17721
ORD-193,CUST-3415,ST-11,,2025-08-17,ACTIVE,10365
ORD-194,CUST-842,ST-3,,24-03-2024, Active ,"6,059.00"
ORD-195,CUST-4462,ST-10,,2024-07-22,CLOSED,"3,314.00"
ORD-196,CUST-99999,ST-8,,23-09-2026,active,"$18,919.00"
ORD-197,CUST-4043,ST-24,,2025-04-28,closed,8339
ORD-198,CUST-510,ST-5,,20-11-2025,CLOSED,1481
ORD-199,CUST-1935,ST-19,,2026-12-25, Active ,9457
ORD-200,CUST-2903,ST-17,CP-71,2024-05-04, Active ,"$6,396.00"
ORD-201,CUST-2823,ST-13,,2026-07-03,ACTIVE,"$15,338.00"
ORD-202,CUST-4707,ST-8,,2025-12-02,ACTIVE,"18,529.00"
ORD-203,CUST-1560,ST-19,,2024-03-22,closed,"$18,387.00"
ORD-204,CUST-181,ST-22,,2025-04-10,PENDING,3163
ORD-205,CUST-1456,ST-23,,2025-12-03,closed,"$12,387.00"
ORD-206,CUST-186,ST-15,CP-172,2026-07-20,CLOSED,13574
ORD-207,CUST-3977,ST-24,CP-151,09/25/2025,active,1256
ORD-208,CUST-1750,ST-17,,21-06-2024,active,1015
ORD-209,CUST-99999,ST-22,CP-108,2025-11-07,PENDING,7045
ORD-210,CUST-4790,ST-4,,07/17/2026,pending,"$2,464.00"
ORD-211,CUST-2756,ST-16,,07-09-2025,closed,"$15,570.00"
ORD-212,CUST-3088,ST-17,CP-167,21-01-2025,closed,16616
ORD-213,CUST-1894,ST-5,,12-08-2025,closed,"$2,062.00"
ORD-214,CUST-4080,ST-19,CP-68,27-05-2025,pending,"16,073.00"
ORD-215,CUST-405,ST-3,CP-24,2024-11-11,ACTIVE,"3,899.00"
ORD-216,CUST-2114,ST-23,CP-16,2026-03-10,active,13881
ORD-217,CUST-2759,ST-13,,2025-09-13,CLOSED,11354
ORD-218,CUST-901,ST-13,,2026-07-11,active,"18,396.00"
ORD-219,CUST-2136,ST-4,,08/24/2026,ACTIVE,9423
ORD-220,CUST-4776,ST-16,CP-187,15-11-2025,PENDING,16979
ORD-221,CUST-2053,ST-8,CP-149,2024-11-25,active,18772
ORD-222,CUST-99999,ST-24,,03-03-2025,closed,"$11,906.00"
ORD-223,CUST-4034,ST-18,CP-67,04/02/2024,closed,6628
ORD-224,CUST-4629,ST-12,,12-11-2025,ACTIVE,16017
ORD-225,CUST-1822,ST-7,,06/25/2024,PENDING,13860
ORD-226,CUST-2374,ST-11,,2025-08-09,active,"3,406.00"
ORD-227,CUST-1824,ST-13,,10-01-2026,pending,4986
ORD-228,CUST-308,ST-19,CP-24,2025-01-27,closed,"6,088.00"
ORD-229,CUST-3059,ST-3,CP-188,2025-12-04, Active ,2432
ORD-230,CUST-2678,ST-1,,2025-09-13,pending,"$19,157.00"
ORD-231,CUST-274,ST-1,CP-191,08/06/2024,PENDING,"12,865.00"
ORD-232,CUST-2873,ST-10,,09-07-2025,closed,11748
ORD-233,CUST-3786,ST-24,CP-41,03/26/2026,pending,19094
ORD-234,CUST-4619,ST-16,,2025-03-17,active,"$3,825.00"
ORD-235,CUST-99999,ST-7,,2025-08-14,CLOSED,13117
ORD-236,CUST-2847,ST-21,CP-52,2024-04-10,active,3380
ORD-237,CUST-898,ST-10,,02/10/2026,ACTIVE,10263
ORD-238,CUST-2751,ST-23,,02/28/2026,pending,"$4,113.00"
ORD-239,CUST-2729,ST-15,,2026-10-26,PENDING,9152
ORD-240,CUST-1184,ST-17,,05/25/2026,closed,"12,187.00"
ORD-241,CUST-4806,ST-3,,2026-05-24, Active ,5214
ORD-242,CUST-1771,ST-7,,2024-10-27, Active ,8932
ORD-243,CUST-4470,ST-17,CP-74,08/02/2025,ACTIVE,12107
ORD-244,CUST-1381,ST-19,,13-11-2025,pending,17464
ORD-245,CUST-1400,ST-2,,28-12-2025,pending,10953
ORD-246,CUST-4038,ST-23,,05-04-2024,pending,18613
ORD-247,CUST-3251,ST-14,,2026-02-17, Active ,16357
ORD-248,CUST-99999,ST-22,,03/15/2026,ACTIVE,17973
ORD-249,CUST-118,ST-6,,04/13/2025,pending,14172
ORD-250,CUST-1522,ST-24,CP-183,2025-07-04,PENDING,"$5,465.00"
ORD-251,CUST-3996,ST-3,CP-165,07/11/2025,pending,5026
ORD-252,CUST-820,ST-2,,07/03/2024,PENDING,"9,680.00"
ORD-253,CUST-711,ST-25,,28-03-2026,ACTIVE,"3,346.00"
ORD-254,CUST-3057,ST-4,,01/20/2025,pending,12074
ORD-255,CUST-3686,ST-11,CP-51,2024-03-09,ACTIVE,13093
ORD-256,CUST-4768,ST-18,,09/25/2026,closed,"16,386.00"
ORD-257,CUST-3446,ST-11,,20-04-2025,PENDING,3247
ORD-258,CUST-2028,ST-6,CP-25,05/01/2026,ACTIVE,"17,569.00"
ORD-259,CUST-4566,ST-1,,2026-09-25,closed,"7,289.00"
ORD-260,CUST-1561,ST-4,,2026-05-07,PENDING,19270
ORD-261,CUST-99999,ST-4,,11/27/2024, Active ,"1,641.00"
ORD-262,CUST-3623,ST-1,,06/09/2025,pending,16648
ORD-263,CUST-4005,ST-4,,05/10/2024,PENDING,13951
ORD-264,CUST-586,ST-1,,2024-08-05,ACTIVE,"2,672.00"
ORD-265,CUST-1354,ST-8,,2026-07-09, Active ,13631
ORD-266,CUST-4472,ST-19,,2026-07-02, Active ,"18,323.00"
ORD-267,CUST-467,ST-21,CP-153,13-08-2024,closed,2820
ORD-268,CUST-3651,ST-23,,2025-03-01,pending,"$4,983.00"
ORD-269,CUST-2085,ST-24,,2025-03-11,pending,7119
ORD-270,CUST-4945,ST-6,CP-139,2025-03-20,ACTIVE,"17,149.00"
ORD-271,CUST-3813,ST-21,,03/03/2026,CLOSED,15758
ORD-272,CUST-1551,ST-5,,12-09-2025,ACTIVE,"12,796.00"
ORD-273,CUST-3491,ST-1,CP-74,2026-10-25,pending,9681
ORD-274,CUST-99999,ST-24,,16-07-2025,ACTIVE,"14,245.00"
ORD-275,CUST-4038,ST-2,,2024-08-10,closed,2611
ORD-276,CUST-4991,ST-4,CP-14,03/01/2024,pending,19280
ORD-277,CUST-439,ST-22,CP-33,2024-10-18,active,19689
ORD-278,CUST-89,ST-10,,2026-12-18,active,"$8,168.00"
ORD-279,CUST-98,ST-16,CP-134,11/04/2026,CLOSED,"9,608.00"
ORD-280,CUST-1108,ST-14,,20-03-2026,active,19938
ORD-281,CUST-4879,ST-16,,2025-10-10,closed,"$12,692.00"
ORD-282,CUST-7,ST-17,,2026-09-26, Active ,"$3,442.00"
ORD-283,CUST-2957,ST-6,,2026-12-17,ACTIVE,4230
ORD-284,CUST-1159,ST-5,,04/28/2024,closed,11553
ORD-285,CUST-55,ST-13,,05/19/2026,ACTIVE,18129
ORD-286,CUST-843,ST-10,,2025-05-13,ACTIVE,"$3,514.00"
ORD-287,CUST-99999,ST-6,,24-09-2026,closed,13231
ORD-288,CUST-2048,ST-21,,28-10-2026,pending,5691
ORD-289,CUST-1754,ST-19,,2024-01-07,pending,17137
ORD-290,CUST-2100,ST-13,,06/24/2026, Active ,15239
ORD-291,CUST-1402,ST-15,CP-115,09/20/2025,active,18074
ORD-292,CUST-4758,ST-16,CP-163,07-11-2024,closed,"17,636.00"
ORD-293,CUST-3479,ST-19,,01/09/2026,ACTIVE,8522
ORD-294,CUST-1732,ST-21,,26-02-2026,CLOSED,"$7,990.00"
ORD-295,CUST-2472,ST-13,,11/02/2025, Active ,1564
ORD-296,CUST-4107,ST-6,,2026-12-15,pending,"7,140.00"
ORD-297,CUST-2894,ST-22,,23-03-2024,PENDING,12106
ORD-298,CUST-2025,ST-8,CP-75,18-01-2026,closed,5565
ORD-299,CUST-3364,ST-10,CP-172,04/13/2025,active,"$6,639.00"
ORD-300,CUST-99999,ST-25,,2025-01-18, Active ,5228
ORD-301,CUST-3684,ST-2,,05/18/2024,pending,"3,613.00"
ORD-302,CUST-3786,ST-16,,2024-10-01,PENDING,14482
ORD-303,CUST-1898,ST-25,CP-32,2025-05-13,closed,"17,985.00"
ORD-304,CUST-379,ST-16,,06-05-2024,CLOSED,"$2,784.00"
ORD-305,CUST-1715,ST-1,,01-08-2025,CLOSED,"1,505.00"
ORD-306,CUST-1660,ST-24,,28-03-2026,pending,"9,190.00"
ORD-307,CUST-1550,ST-22,CP-111,04-05-2024,ACTIVE,15212
ORD-308,CUST-695,ST-7,CP-36,06-03-2024, Active ,18913
ORD-309,CUST-2301,ST-9,,2026-07-12,CLOSED,"$1,737.00"
ORD-310,CUST-3480,ST-19,,2024-04-10,PENDING,2944
ORD-311,CUST-4125,ST-7,,11/03/2025,active,14540
ORD-312,CUST-3416,ST-17,,12-01-2026,CLOSED,16641
ORD-313,CUST-99999,ST-4,,2024-01-04,CLOSED,"$8,903.00"
ORD-314,CUST-376,ST-22,CP-124,2024-12-14,active,3876
ORD-315,CUST-2290,ST-7,CP-176,2025-10-16,closed,"11,573.00"
ORD-316,CUST-3407,ST-22,,2024-07-24,CLOSED,18532
ORD-317,CUST-2186,ST-22,CP-165,20-06-2024, Active ,5433
ORD-318,CUST-700,ST-9,,2026-06-14,pending,19151
ORD-319,CUST-592,ST-22,,02/06/2026,pending,17516
ORD-320,CUST-1034,ST-9,,03/03/2024,pending,1162
ORD-321,CUST-668,ST-6,,07/26/2026,ACTIVE,3346
ORD-322,CUST-294,ST-12,,10/18/2024,closed,"$4,135.00"
ORD-323,CUST-860,ST-17,,2025-09-18,PENDING,"$13,213.00"
ORD-324,CUST-4225,ST-9,CP-187,16-08-2026,closed,"$11,610.00"
ORD-325,CUST-1468,ST-21,CP-156,05/04/2025, Active ,"2,957.00"
ORD-326,CUST-99999,ST-24,,2026-09-03, Active ,9031
ORD-327,CUST-250,ST-11,CP-199,2024-09-28,CLOSED,13849
ORD-328,CUST-2532,ST-5,,10/22/2025,pending,"12,076.00"
ORD-329,CUST-646,ST-11,,07/25/2025,pending,"$15,829.00"
ORD-330,CUST-3391,ST-7,,2025-09-24,ACTIVE,9713
ORD-331,CUST-2167,ST-16,,12/12/2026,closed,"6,369.00"
ORD-332,CUST-2951,ST-7,,11/04/2024,PENDING,"$16,385.00"
ORD-333,CUST-1692,ST-18,,15-10-2024, Active ,18730
ORD-334,CUST-4402,ST-6,,12/15/2024,ACTIVE,9766
ORD-335,CUST-3836,ST-23,,2024-10-23,closed,"$4,270.00"
ORD-336,CUST-1540,ST-21,,21-10-2026, Active ,13906
ORD-337,CUST-4306,ST-24,,2026-09-19, Active ,"$1,186.00"
ORD-338,CUST-3702,ST-1,,02/06/2026,active,"10,210.00"
ORD-339,CUST-99999,ST-18,,10/09/2025,closed,"$5,303.00"
ORD-340,CUST-3799,ST-25,,2026-05-11,CLOSED,3620
ORD-341,CUST-2268,ST-18,CP-28,03/02/2024,CLOSED,19568
ORD-342,CUST-767,ST-19,CP-177,07/19/2024,CLOSED,"6,612.00"
ORD-343,CUST-4930,ST-6,,06/12/2026, Active ,"$12,885.00"
ORD-344,CUST-3813,ST-21,,2026-03-08,closed,"$6,648.00"
ORD-345,CUST-719,ST-18,,2026-04-08, Active ,10425
ORD-346,CUST-3545,ST-11,CP-166,2024-12-20,active,"19,187.00"
ORD-347,CUST-4928,ST-9,,12/15/2025,closed,"$18,895.00"
ORD-348,CUST-3311,ST-2,,20-08-2026,pending,"$11,597.00"
ORD-349,CUST-3244,ST-9,,2026-03-08,closed,14671
ORD-350,CUST-4648,ST-8,,08-12-2025,ACTIVE,"$14,636.00"
ORD-351,CUST-168,ST-13,,2026-12-20,closed,13322
ORD-352,CUST-99999,ST-11,,2025-02-22,CLOSED,"$11,189.00"
ORD-353,CUST-2504,ST-15,,2025-06-05,CLOSED,"17,337.00"
ORD-354,CUST-704,ST-20,,07-10-2024, Active ,15878
ORD-355,CUST-3804,ST-1,,2025-06-03,closed,5684
ORD-356,CUST-4212,ST-19,,2024-11-12,active,242
ORD-357,CUST-632,ST-6,,05/19/2024,CLOSED,16562
ORD-358,CUST-283,ST-12,,11/25/2025,CLOSED,"12,338.00"
ORD-359,CUST-1605,ST-6,CP-162,05/17/2026,active,4238
ORD-360,CUST-3621,ST-2,,04/23/2024, Active ,"9,395.00"
ORD-361,CUST-2006,ST-14,,2025-10-11,pending,319
ORD-362,CUST-851,ST-17,,2026-03-15,closed,"10,314.00"
ORD-363,CUST-2916,ST-17,CP-36,2024-01-19,PENDING,$665.00
ORD-364,CUST-769,ST-6,CP-14,06-08-2025,active,"1,883.00"
ORD-365,CUST-99999,ST-23,,27-10-2026,CLOSED,18861
ORD-366,CUST-54,ST-20,,2026-09-14, Active ,11445
ORD-367,CUST-1444,ST-8,,09-11-2024,pending,"$5,861.00"
ORD-368,CUST-4238,ST-5,,2024-02-14,ACTIVE,1595
ORD-369,CUST-676,ST-18,CP-3,2024-09-03,ACTIVE,"$2,150.00"
ORD-370,CUST-1119,ST-17,,2026-05-16,active,17297
ORD-371,CUST-193,ST-15,,2025-09-14,PENDING,"$8,013.00"
ORD-372,CUST-1016,ST-7,CP-8,2024-07-19,closed,3965
ORD-373,CUST-3284,ST-15,CP-99,01-02-2026,ACTIVE,19769
ORD-374,CUST-3408,ST-15,,09/12/2024,active,19297
ORD-375,CUST-4572,ST-23,,2025-04-07,pending,"$10,101.00"
ORD-376,CUST-1826,ST-10,CP-29,2026-08-01,ACTIVE,"$15,296.00"
ORD-377,CUST-1302,ST-1,CP-148,2026-04-20,closed,10762
ORD-378,CUST-99999,ST-10,,24-07-2026,PENDING,"$1,796.00"
ORD-379,CUST-1207,ST-4,CP-189,07/03/2026,PENDING,13007
ORD-380,CUST-4256,ST-1,CP-148,2024-07-10, Active ,16562
ORD-381,CUST-2213,ST-25,,13-01-2024,active,"$12,742.00"
ORD-382,CUST-2991,ST-8,,06/15/2024,active,"$7,306.00"
ORD-383,CUST-4429,ST-17,CP-41,02/22/2026,ACTIVE,"$6,156.00"
ORD-384,CUST-2392,ST-5,CP-79,2025-12-27,active,8073
ORD-385,CUST-752,ST-11,,28-01-2024,pending,2635
ORD-386,CUST-2201,ST-17,CP-70,2024-05-20,ACTIVE,10899
ORD-387,CUST-1772,ST-21,,24-08-2025,pending,2226
ORD-388,CUST-1389,ST-22,,05/22/2024,PENDING,6727
ORD-389,CUST-4034,ST-4,,2025-01-09, Active ,13933
ORD-390,CUST-2548,ST-17,,2026-09-18,CLOSED,$804.00
ORD-391,CUST-99999,ST-24,,2025-04-08,closed,"$12,461.00"
ORD-392,CUST-3879,ST-16,,2025-08-27,closed,19661
ORD-393,CUST-1244,ST-10,CP-122,2025-07-26,pending,5276
ORD-394,CUST-4174,ST-11,,2025-06-16,pending,18907
ORD-395,CUST-1483,ST-21,,2024-11-17,pending,"$3,114.00"
ORD-396,CUST-4340,ST-6,,2026-05-15,PENDING,4417
ORD-397,CUST-401,ST-22,,2025-09-24,active,17158
ORD-398,CUST-3723,ST-19,,04/18/2025,active,14426
ORD-399,CUST-2358,ST-25,,18-01-2026,pending,"$16,347.00"
ORD-400,CUST-311,ST-7,,07/10/2025, Active ,"$7,033.00"
ORD-401,CUST-591,ST-21,CP-111,06/18/2026, Active ,"$2,552.00"
ORD-402,CUST-2130,ST-11,,2024-03-20,PENDING,16842
ORD-403,CUST-3170,ST-17,,12/02/2026,PENDING,"$16,070.00"
ORD-404,CUST-99999,ST-10,CP-138,01/03/2026,PENDING,"7,680.00"
ORD-405,CUST-3360,ST-23,,05/07/2024,ACTIVE,18885
ORD-406,CUST-556,ST-6,,22-01-2026,PENDING,"17,197.00"
ORD-407,CUST-3459,ST-11,,23-09-2024,pending,13337
ORD-408,CUST-672,ST-9,,2024-05-12,pending,8867
ORD-409,CUST-4541,ST-10,,2025-01-28,active,16627
ORD-410,CUST-3278,ST-14,,08/15/2024,CLOSED,"4,219.00"
ORD-411,CUST-214,ST-17,CP-100,2026-04-27,pending,9369
ORD-412,CUST-697,ST-7,,03-03-2024, Active ,"2,347.00"
ORD-413,CUST-2586,ST-15,,2026-02-11,active,6564
ORD-414,CUST-1623,ST-3,CP-13,06/20/2025,CLOSED,6628
ORD-415,CUST-4043,ST-16,,2024-02-07,PENDING,451
ORD-416,CUST-85,ST-21,,12/22/2024,active,8835
ORD-417,CUST-99999,ST-3,CP-83,27-05-2024,PENDING,"13,194.00"
ORD-418,CUST-2008,ST-8,,22-08-2025,CLOSED,"$4,343.00"
ORD-419,CUST-2796,ST-11,,07/22/2025,CLOSED,"$17,333.00"
ORD-420,CUST-2543,ST-16,CP-13,2024-02-07,closed,"19,600.00"
ORD-421,CUST-91,ST-9,,2024-10-03,ACTIVE,6788
ORD-422,CUST-4460,ST-5,CP-109,2024-07-11,ACTIVE,4585
ORD-423,CUST-4441,ST-1,CP-166,2026-11-18,PENDING,"2,056.00"
ORD-424,CUST-147,ST-3,,2026-03-09,active,2786
ORD-425,CUST-223,ST-8,,2025-05-15,active,"$17,515.00"
ORD-426,CUST-3927,ST-16,CP-101,01/07/2024,ACTIVE,"18,295.00"
ORD-427,CUST-1930,ST-19,,11/18/2024,active,7320
ORD-428,CUST-393,ST-21,,2025-05-02,ACTIVE,18449
ORD-429,CUST-1042,ST-3,,10-12-2024,active,$587.00
ORD-430,CUST-99999,ST-14,,07-01-2026,closed,"18,520.00"
ORD-431,CUST-3824,ST-14,,2026-11-07,ACTIVE,"$8,016.00"
ORD-432,CUST-3862,ST-13,,07-10-2025,pending,"1,549.00"
ORD-433,CUST-3269,ST-21,CP-35,05/14/2025,ACTIVE,"$5,288.00"
ORD-434,CUST-3259,ST-24,,11/21/2025,pending,"$12,301.00"
ORD-435,CUST-861,ST-25,,2025-02-12,CLOSED,"$5,943.00"
ORD-436,CUST-3147,ST-3,,11/15/2026,CLOSED,16849
ORD-437,CUST-4917,ST-8,CP-106,05/07/2026, Active ,"6,924.00"
ORD-438,CUST-3558,ST-6,CP-12,2024-07-08,CLOSED,$201.00
ORD-439,CUST-1581,ST-15,CP-96,2026-12-26,pending,1324
ORD-440,CUST-1264,ST-8,,10/06/2024,PENDING,16902
ORD-441,CUST-2895,ST-25,CP-195,21-09-2024,CLOSED,"$15,549.00"
ORD-442,CUST-1124,ST-5,CP-32,2026-04-18,ACTIVE,10970
ORD-443,CUST-99999,ST-22,CP-55,07/08/2024, Active ,"$8,732.00"
ORD-444,CUST-1742,ST-14,,13-09-2026,pending,15679
ORD-445,CUST-180,ST-20,CP-52,09/26/2026,PENDING,"$5,227.00"
ORD-446,CUST-4029,ST-24,,09-03-2025,PENDING,558
ORD-447,CUST-4060,ST-7,,2025-05-16,pending,"$2,358.00"
ORD-448,CUST-4208,ST-14,CP-162,03/14/2024, Active ,9765
ORD-449,CUST-1658,ST-22,,2025-11-27,active,1300
ORD-450,CUST-4035,ST-25,,14-07-2026,pending,16939
ORD-451,CUST-3667,ST-19,,07/16/2024,pending,"$15,372.00"
ORD-452,CUST-2235,ST-23,,2024-10-10,pending,"$13,332.00"
ORD-453,CUST-3316,ST-10,,2024-02-13,CLOSED,6146
ORD-454,CUST-4437,ST-19,CP-158,28-06-2026,ACTIVE,9075
ORD-455,CUST-4728,ST-2,CP-76,2026-02-04,ACTIVE,19546
ORD-456,CUST-99999,ST-21,,04/07/2024,active,"$15,119.00"
ORD-457,CUST-4087,ST-6,,06/06/2024, Active ,2418
ORD-458,CUST-2151,ST-20,,2024-12-04,PENDING,6174
ORD-459,CUST-2439,ST-16,,12/13/2026,ACTIVE,"$8,553.00"
ORD-460,CUST-2736,ST-22,,2025-08-15,pending,"6,044.00"
ORD-461,CUST-577,ST-8,,2026-07-24,PENDING,14372
ORD-462,CUST-1948,ST-22,CP-144,2025-09-18,CLOSED,11555
ORD-463,CUST-4083,ST-17,,2025-05-14,closed,"$6,886.00"
ORD-464,CUST-2488,ST-23,,2025-07-27,CLOSED,432.00
ORD-465,CUST-3911,ST-25,,2026-06-28, Active ,9893
ORD-466,CUST-4350,ST-5,,08/23/2025,active,9199
ORD-467,CUST-811,ST-2,,2026-06-19,PENDING,"4,672.00"
ORD-468,CUST-384,ST-16,,2024-03-09,pending,"$5,873.00"
ORD-469,CUST-99999,ST-22,,21-02-2026,ACTIVE,9765
ORD-470,CUST-1319,ST-5,,2025-12-01,closed,5566
ORD-471,CUST-1272,ST-25,,2024-04-02,CLOSED,16240
ORD-472,CUST-850,ST-7,,2025-12-28,CLOSED,"$11,894.00"
ORD-473,CUST-2764,ST-22,CP-85,2025-03-01,CLOSED,9880
ORD-474,CUST-1653,ST-1,,2026-09-07,PENDING,1247
ORD-475,CUST-4978,ST-16,,2024-12-18,pending,13001
ORD-476,CUST-3269,ST-5,,02/08/2026,CLOSED,"$19,782.00"
ORD-477,CUST-406,ST-24,,2026-10-22,active,"$4,821.00"
ORD-478,CUST-1605,ST-23,,2024-08-12,pending,"$11,783.00"
ORD-479,CUST-1123,ST-11,,09/11/2025,ACTIVE,7099
ORD-480,CUST-4719,ST-19,,08/14/2025,active,"$9,436.00"
ORD-481,CUST-1759,ST-16,,12/18/2024,PENDING,3935
ORD-482,CUST-99999,ST-8,,2025-11-24,closed,15968
ORD-483,CUST-1403,ST-6,,04/17/2026,active,5956
ORD-484,CUST-1602,ST-8,,2026-10-23,ACTIVE,10614
ORD-485,CUST-3798,ST-23,,2025-06-27,ACTIVE,14547
ORD-486,CUST-4875,ST-25,,2026-03-13,closed,"$6,886.00"
ORD-487,CUST-616,ST-20,,2025-11-11,closed,19292
ORD-488,CUST-817,ST-10,CP-134,17-12-2025,ACTIVE,"6,879.00"
ORD-489,CUST-2992,ST-17,,2025-11-04,active,"4,213.00"
ORD-490,CUST-4077,ST-1,CP-12,25-11-2024,CLOSED,6920
ORD-491,CUST-551,ST-14,CP-47,18-03-2024, Active ,13229
ORD-492,CUST-2546,ST-17,,02/11/2026,ACTIVE,"$9,789.00"
ORD-493,CUST-3688,ST-9,,11/04/2026,closed,6882
ORD-494,CUST-1532,ST-3,CP-193,2024-11-23, Active ,5873
ORD-495,CUST-99999,ST-12,CP-137,09-12-2026,active,19441
ORD-496,CUST-605,ST-4,,2024-07-18,PENDING,"2,860.00"
ORD-497,CUST-2244,ST-18,CP-50,04/21/2026,pending,"$1,871.00"
ORD-498,CUST-3666,ST-10,,07/05/2026,active,"$12,610.00"
ORD-499,CUST-37,ST-7,,10/11/2026,ACTIVE,10271
ORD-500,CUST-169,ST-17,,12/01/2025,PENDING,4555
ORD-501,CUST-4111,ST-20,,2025-11-08,closed,7632
ORD-502,CUST-2344,ST-6,,03/06/2025,closed,"$3,316.00"
ORD-503,CUST-1195,ST-16,,2026-09-06, Active ,3824
ORD-504,CUST-282,ST-8,CP-189,2024-03-01,PENDING,"$18,204.00"
ORD-505,CUST-1605,ST-7,,2025-02-06,PENDING,14640
ORD-506,CUST-1070,ST-25,,18-02-2025, Active ,14905
ORD-507,CUST-3006,ST-11,,2026-06-22,pending,"13,479.00"
ORD-508,CUST-99999,ST-9,CP-77,2026-02-24, Active ,"17,344.00"
ORD-509,CUST-2124,ST-5,CP-67,03/23/2025,PENDING,12587
ORD-510,CUST-834,ST-6,,04-09-2025,ACTIVE,"$12,288.00"
ORD-511,CUST-2518,ST-22,CP-75,2024-12-13,pending,"$9,381.00"
ORD-512,CUST-4497,ST-21,,07/20/2025,CLOSED,"9,718.00"
ORD-513,CUST-364,ST-17,CP-129,2025-04-04,CLOSED,10160
ORD-514,CUST-3594,ST-6,CP-136,2025-03-10,PENDING,12272
ORD-515,CUST-758,ST-25,,05/14/2026,active,19448
ORD-516,CUST-3870,ST-3,CP-61,2025-05-14,ACTIVE,"$14,496.00"
ORD-517,CUST-660,ST-23,,09/02/2026,active,"17,761.00"
ORD-518,CUST-4618,ST-11,CP-64,02/14/2024, Active ,18515
ORD-519,CUST-1326,ST-23,CP-78,2025-04-08,PENDING,378
ORD-520,CUST-3227,ST-18,,10/26/2026,PENDING,8365
ORD-521,CUST-99999,ST-10,,13-01-2025,ACTIVE,9848
ORD-522,CUST-4675,ST-11,,2024-04-23, Active ,1811
ORD-523,CUST-2824,ST-22,CP-63,07/20/2025, Active ,"7,468.00"
ORD-524,CUST-1249,ST-24,,2024-12-07,closed,"$2,203.00"
ORD-525,CUST-974,ST-22,,24-05-2026,closed,"6,373.00"
ORD-526,CUST-3746,ST-9,,2026-03-16,pending,"6,292.00"
ORD-527,CUST-4084,ST-15,,22-08-2026,PENDING,"16,374.00"
ORD-528,CUST-3101,ST-2,,03/24/2024,CLOSED,7263
ORD-529,CUST-2087,ST-17,CP-15,02/01/2026,PENDING,"8,735.00"
ORD-530,CUST-2559,ST-8,CP-45,03/04/2025,ACTIVE,528
ORD-531,CUST-4046,ST-13,,01-05-2024,PENDING,"$4,373.00"
ORD-532,CUST-4322,ST-1,CP-63,04/16/2026,ACTIVE,14937
ORD-533,CUST-3805,ST-3,,02/26/2026,CLOSED,6255
ORD-534,CUST-99999,ST-19,,04-06-2024,active,"6,455.00"
ORD-535,CUST-4937,ST-19,,10/23/2026,active,$676.00
ORD-536,CUST-5000,ST-13,,21-04-2025,closed,"$9,098.00"
ORD-537,CUST-3185,ST-25,,2024-04-17, Active ,"$9,496.00"
ORD-538,CUST-4291,ST-6,CP-72,10-04-2025,PENDING,18411
ORD-539,CUST-4925,ST-16,CP-5,04/22/2025,closed,"$16,994.00"
ORD-540,CUST-2078,ST-5,CP-182,05/27/2024,CLOSED,11808
ORD-541,CUST-4340,ST-2,CP-157,2026-10-01,active,19311
ORD-542,CUST-1326,ST-10,,2025-10-25,active,"$13,428.00"
ORD-543,CUST-4847,ST-3,,05-05-2026,PENDING,"$8,770.00"
ORD-544,CUST-4356,ST-22,,2024-04-15,pending,"7,174.00"
ORD-545,CUST-957,ST-21,,22-03-2026,active,16800
ORD-546,CUST-97,ST-17,,2025-03-28,pending,13518
ORD-547,CUST-99999,ST-21,,20-08-2025,closed,"$3,303.00"
ORD-548,CUST-2364,ST-18,CP-175,05/17/2024,CLOSED,"19,799.00"
ORD-549,CUST-4308,ST-21,,04/13/2025,CLOSED,"$12,966.00"
ORD-550,CUST-3819,ST-8,CP-79,2025-03-26,pending,"2,466.00"
ORD-551,CUST-2227,ST-8,,27-11-2026,PENDING,12148
ORD-552,CUST-339,ST-3,CP-61,2024-03-20,pending,"$10,931.00"
ORD-553,CUST-4011,ST-20,,2024-05-26, Active ,"$18,332.00"
ORD-554,CUST-2880,ST-5,,2026-01-23,PENDING,10504
ORD-555,CUST-3417,ST-20,,02/20/2026, Active ,"6,790.00"
ORD-556,CUST-4821,ST-8,,2025-05-03,CLOSED,"$6,538.00"
ORD-557,CUST-123,ST-9,CP-54,25-02-2024,pending,"$3,977.00"
ORD-558,CUST-3509,ST-15,,2026-01-23,CLOSED,"5,568.00"
ORD-559,CUST-230,ST-24,CP-183,12/26/2025,closed,"$1,561.00"
ORD-560,CUST-99999,ST-18,,05-11-2024,CLOSED,13305
ORD-561,CUST-1228,ST-1,,2026-10-20,ACTIVE,"$15,349.00"
ORD-562,CUST-2507,ST-6,CP-75,2024-10-09,active,1359
ORD-563,CUST-3041,ST-25,,2024-06-23,CLOSED,10185
ORD-564,CUST-25,ST-25,CP-35,2024-04-06,ACTIVE,"9,102.00"
ORD-565,CUST-4461,ST-14,CP-170,13-05-2026,ACTIVE,13517
ORD-566,CUST-2657,ST-7,,2024-03-26,ACTIVE,15022
ORD-567,CUST-1904,ST-25,,24-08-2026,ACTIVE,8151
ORD-568,CUST-183,ST-4,CP-124,01/22/2025,CLOSED,"$5,428.00"
ORD-569,CUST-2888,ST-20,,2024-06-04,active,"$13,931.00"
ORD-570,CUST-693,ST-24,,2026-09-12,active,627
ORD-571,CUST-1221,ST-1,,05/27/2026,closed,13332
ORD-572,CUST-558,ST-19,,26-05-2026, Active ,"$16,998.00"
ORD-573,CUST-99999,ST-15,CP-130,17-11-2024, Active ,"11,272.00"
ORD-574,CUST-4683,ST-9,,01-05-2025,closed,$930.00
ORD-575,CUST-111,ST-9,CP-74,11/22/2026,CLOSED,12023
ORD-576,CUST-2903,ST-16,,2025-07-04,PENDING,"12,078.00"
ORD-577,CUST-4216,ST-21,,11/21/2026,closed,8487
ORD-578,CUST-1080,ST-2,,2026-10-04,closed,2986
ORD-579,CUST-3035,ST-25,,2025-08-14,closed,"$6,481.00"
ORD-580,CUST-3006,ST-12,,2024-04-11, Active ,9088
ORD-581,CUST-5000,ST-15,,06/12/2026,pending,"12,031.00"
ORD-582,CUST-476,ST-17,CP-48,2026-03-10,closed,"18,640.00"
ORD-583,CUST-1958,ST-2,CP-131,01/14/2024, Active ,"$3,536.00"
ORD-584,CUST-4951,ST-20,,2025-07-10,PENDING,12649
ORD-585,CUST-3174,ST-2,,03/14/2024,active,"$5,654.00"
ORD-586,CUST-99999,ST-3,,18-03-2026,PENDING,11332
ORD-587,CUST-2823,ST-18,,06/09/2024,pending,19195
ORD-588,CUST-3093,ST-23,,08-01-2026, Active ,"19,486.00"
ORD-589,CUST-4178,ST-24,,2026-12-17,PENDING,5716
ORD-590,CUST-2282,ST-8,,2026-05-22,pending,"$1,990.00"
ORD-591,CUST-4690,ST-7,,2024-05-01, Active ,"10,447.00"
ORD-592,CUST-1443,ST-6,CP-34,2024-02-09,PENDING,5624
ORD-593,CUST-2424,ST-5,,2024-03-04,PENDING,14094
ORD-594,CUST-3478,ST-3,,04-01-2026,CLOSED,"$12,591.00"
ORD-595,CUST-465,ST-3,CP-59,28-09-2026,pending,"17,751.00"
ORD-596,CUST-1677,ST-1,,2024-04-20,CLOSED,5230
ORD-597,CUST-3384,ST-21,CP-80,27-01-2026,PENDING,4264
ORD-598,CUST-664,ST-7,,14-02-2025,PENDING,"$15,297.00"
ORD-599,CUST-99999,ST-20,,18-05-2024,PENDING,"$6,778.00"
ORD-600,CUST-1052,ST-17,,19-10-2025, Active ,"$3,852.00"
ORD-601,CUST-1593,ST-20,,12/16/2024,CLOSED,$298.00
ORD-602,CUST-1968,ST-13,CP-19,17-07-2026, Active ,6687
ORD-603,CUST-4547,ST-4,CP-140,05-07-2025,ACTIVE,1436
ORD-604,CUST-1619,ST-19,,12/27/2024,ACTIVE,14880
ORD-605,CUST-1324,ST-24,,2024-08-02,CLOSED,$694.00
ORD-606,CUST-887,ST-14,,2024-04-28,CLOSED,"17,507.00"
ORD-607,CUST-598,ST-14,,2025-06-20,ACTIVE,"6,023.00"
ORD-608,CUST-113,ST-11,,12/08/2026,active,8561
ORD-609,CUST-2745,ST-21,,02-09-2025,closed,"$2,778.00"
ORD-610,CUST-1563,ST-8,,11/18/2024,pending,70
ORD-611,CUST-1992,ST-16,,11/10/2024, Active ,12883
ORD-612,CUST-99999,ST-25,,03/05/2025,pending,"$11,012.00"
ORD-613,CUST-3031,ST-24,CP-75,12/02/2025,closed,18796
ORD-614,CUST-173,ST-4,CP-56,01-09-2025,PENDING,"9,453.00"
ORD-615,CUST-2103,ST-7,CP-57,11/22/2024,active,"$6,660.00"
ORD-616,CUST-688,ST-4,,2024-02-14, Active ,"$2,400.00"
ORD-617,CUST-1104,ST-4,,2024-05-11,pending,1271
ORD-618,CUST-860,ST-24,CP-35,2024-03-12,CLOSED,"10,025.00"
ORD-619,CUST-2786,ST-25,,2024-07-17,PENDING,"10,600.00"
ORD-620,CUST-594,ST-8,,01/11/2026,active,15331
ORD-621,CUST-2740,ST-2,,09/27/2025,closed,6692
ORD-622,CUST-1960,ST-13,,2025-09-02,pending,15462
ORD-623,CUST-3906,ST-13,,2026-07-14,ACTIVE,13402
ORD-624,CUST-2604,ST-19,,2025-11-03,pending,"11,648.00"
ORD-625,CUST-99999,ST-2,,2025-07-22,CLOSED,18558
ORD-626,CUST-3189,ST-12,,07-08-2025,ACTIVE,"$3,445.00"
ORD-627,CUST-1117,ST-21,,2025-09-26,pending,2091
ORD-628,CUST-1326,ST-4,,2025-04-01,CLOSED,10358
ORD-629,CUST-1521,ST-12,CP-47,19-10-2024,active,"$17,076.00"
ORD-630,CUST-352,ST-1,CP-185,10-04-2026,closed,"$19,721.00"
ORD-631,CUST-4487,ST-25,,2024-04-04, Active ,10896
ORD-632,CUST-3480,ST-11,,2025-09-06,PENDING,12298
ORD-633,CUST-2769,ST-22,,12/20/2024,active,6255
ORD-634,CUST-1743,ST-11,CP-110,2025-02-09,PENDING,"16,902.00"
ORD-635,CUST-1344,ST-24,,2026-06-17,pending,"$5,219.00"
ORD-636,CUST-468,ST-15,,03-06-2024,PENDING,8264
ORD-637,CUST-102,ST-14,CP-35,09/01/2024,active,"19,493.00"
ORD-638,CUST-99999,ST-6,,2026-10-14, Active ,1620
ORD-639,CUST-3586,ST-14,,2024-08-21,ACTIVE,14196
ORD-640,CUST-2538,ST-19,,15-02-2024,closed,"13,923.00"
ORD-641,CUST-2999,ST-1,CP-52,12/20/2026,PENDING,12469
ORD-642,CUST-2259,ST-20,CP-172,02/23/2026, Active ,"$4,781.00"
ORD-643,CUST-252,ST-24,,10/19/2026,ACTIVE,"$13,105.00"
ORD-644,CUST-102,ST-3,,2026-03-01,closed,8691
ORD-645,CUST-2464,ST-19,,05/03/2024,CLOSED,9673
ORD-646,CUST-315,ST-14,CP-23,2025-02-17,ACTIVE,"1,258.00"
ORD-647,CUST-2942,ST-16,,09-08-2024,active,17809
ORD-648,CUST-1408,ST-11,,24-04-2025,pending,"$8,611.00"
ORD-649,CUST-61,ST-23,,2025-08-01,ACTIVE,15649
ORD-650,CUST-2923,ST-21,CP-181,2024-01-14,ACTIVE,"19,344.00"
ORD-651,CUST-99999,ST-18,,2025-01-12,active,"$5,861.00"
ORD-652,CUST-2391,ST-15,CP-13,2024-04-11,CLOSED,"$10,640.00"
ORD-653,CUST-432,ST-22,,10/08/2025,active,13139
ORD-654,CUST-743,ST-4,,2025-05-08,active,"7,545.00"
ORD-655,CUST-4295,ST-1,,10-12-2024,closed,16642
ORD-656,CUST-4761,ST-13,CP-25,06/02/2026,ACTIVE,11646
ORD-657,CUST-4903,ST-11,,05/06/2025,PENDING,"$13,751.00"
ORD-658,CUST-59,ST-8,CP-73,2026-11-02,closed,"18,472.00"
ORD-659,CUST-3281,ST-5,CP-122,2026-12-23,PENDING,2640
ORD-660,CUST-1296,ST-8,CP-181,2025-07-20,PENDING,"8,710.00"
ORD-661,CUST-938,ST-8,,2024-02-09,closed,14480
ORD-662,CUST-1933,ST-23,,08/07/2026, Active ,11852
ORD-663,CUST-1798,ST-7,CP-162,2025-05-05,active,4445
ORD-664,CUST-99999,ST-12,,10-01-2024,active,1218
ORD-665,CUST-634,ST-5,,06/09/2025,pending,3045
ORD-666,CUST-4749,ST-7,,22-04-2025,active,"$8,785.00"
ORD-667,CUST-794,ST-1,,2024-03-07,active,"$15,555.00"
ORD-668,CUST-1899,ST-7,CP-109,2025-04-17, Active ,3191
ORD-669,CUST-832,ST-1,,12-08-2024,CLOSED,"$6,977.00"
ORD-670,CUST-2322,ST-13,,04/16/2025,CLOSED,5252
ORD-671,CUST-3877,ST-25,,2024-07-01,PENDING,"$13,361.00"
ORD-672,CUST-3474,ST-25,,2024-11-07,CLOSED,2632
ORD-673,CUST-1219,ST-12,CP-33,09/13/2025, Active ,"18,262.00"
ORD-674,CUST-310,ST-23,,11-09-2025,pending,6709
ORD-675,CUST-3110,ST-4,,2025-05-03,ACTIVE,19559
ORD-676,CUST-4849,ST-8,,02/27/2025,pending,"$10,995.00"
ORD-677,CUST-99999,ST-17,,2025-10-25,pending,"16,666.00"
ORD-678,CUST-4816,ST-19,,2025-12-08,active,"$19,099.00"
ORD-679,CUST-1654,ST-16,,2024-02-07, Active ,18014
ORD-680,CUST-2120,ST-20,,2024-06-17,ACTIVE,4182
ORD-681,CUST-996,ST-12,,2025-07-04,PENDING,14260
ORD-682,CUST-278,ST-21,,08/17/2026,active,17560
ORD-683,CUST-4960,ST-2,CP-59,2024-05-01,pending,"13,076.00"
ORD-684,CUST-4805,ST-1,,10/24/2026, Active ,2370
ORD-685,CUST-2636,ST-10,CP-66,01/01/2024,pending,497
ORD-686,CUST-1654,ST-6,CP-161,02-05-2024,closed,"15,664.00"
ORD-687,CUST-343,ST-3,CP-178,2026-12-20,pending,14246
ORD-688,CUST-902,ST-25,,28-01-2025, Active ,10222
ORD-689,CUST-4468,ST-6,,04/27/2025,ACTIVE,3326
ORD-690,CUST-99999,ST-2,CP-133,2024-12-16,closed,"$2,050.00"
ORD-691,CUST-662,ST-10,,06/21/2026,PENDING,4647
ORD-692,CUST-3171,ST-13,CP-99,2025-11-25,ACTIVE,15143
ORD-693,CUST-852,ST-3,,2025-07-23,ACTIVE,552
ORD-694,CUST-2785,ST-13,,09/02/2024,active,112
ORD-695,CUST-4718,ST-20,,02/21/2026,pending,"$1,910.00"
ORD-696,CUST-1782,ST-22,,2024-03-13,ACTIVE,"$19,594.00"
ORD-697,CUST-724,ST-1,,2025-03-22,pending,"$19,076.00"
ORD-698,CUST-1099,ST-21,CP-5,2024-06-19,CLOSED,1547
ORD-699,CUST-4508,ST-19,,11/02/2026,CLOSED,"$15,191.00"
ORD-700,CUST-2643,ST-3,,06-10-2025,ACTIVE,"7,799.00"
ORD-701,CUST-4738,ST-12,CP-17,05/07/2024,PENDING,"$15,710.00"
ORD-702,CUST-2894,ST-21,,2026-12-02, Active ,"2,933.00"
ORD-703,CUST-99999,ST-25,,2024-10-24,closed,16627
ORD-704,CUST-3209,ST-15,,2026-08-01,pending,"15,331.00"
ORD-705,CUST-445,ST-3,CP-71,2026-01-10,closed,3588
ORD-706,CUST-3314,ST-25,,2026-02-23, Active ,"$1,379.00"
ORD-707,CUST-555,ST-6,,05/06/2025,active,19317
ORD-708,CUST-876,ST-11,,05/18/2026,ACTIVE,"$4,934.00"
ORD-709,CUST-3648,ST-24,,2026-04-03,pending,"$11,862.00"
ORD-710,CUST-3004,ST-24,,2026-10-28,pending,"$7,853.00"
ORD-711,CUST-322,ST-16,CP-172,2026-01-26,active,9322
ORD-712,CUST-2505,ST-1,,05/25/2024,active,"$4,569.00"
ORD-713,CUST-4494,ST-25,,01-10-2025,closed,"16,160.00"
ORD-714,CUST-1700,ST-15,,2025-08-03,pending,"$10,254.00"
ORD-715,CUST-158,ST-25,,2025-07-26,CLOSED,"$2,138.00"
ORD-716,CUST-99999,ST-1,,2026-04-21,ACTIVE,16651
ORD-717,CUST-1899,ST-17,,11/24/2025,closed,"12,136.00"
ORD-718,CUST-1384,ST-15,CP-183,15-02-2026,closed,6025
ORD-719,CUST-2293,ST-20,,02/13/2024,CLOSED,2423
ORD-720,CUST-1381,ST-1,,04/16/2026,closed,3679
ORD-721,CUST-3468,ST-7,CP-169,2024-12-24,pending,8539
ORD-722,CUST-4172,ST-6,CP-57,2026-12-06,ACTIVE,"$10,818.00"
ORD-723,CUST-2281,ST-14,,2026-06-14, Active ,15981
ORD-724,CUST-3053,ST-22,CP-130,05/20/2025,active,"1,230.00"
ORD-725,CUST-4283,ST-20,,2024-01-24,active,"18,412.00"
ORD-726,CUST-4227,ST-13,,14-05-2024,active,"$14,857.00"
ORD-727,CUST-967,ST-14,,12/06/2026,active,"$14,997.00"
ORD-728,CUST-3390,ST-2,,2026-08-05,active,18054
ORD-729,CUST-99999,ST-18,,2025-03-21,pending,19742
ORD-730,CUST-575,ST-3,,2026-05-11,CLOSED,14995
ORD-731,CUST-3950,ST-12,,12-06-2025,closed,2191
ORD-732,CUST-3419,ST-4,,11/24/2026,PENDING,15288
ORD-733,CUST-4263,ST-22,,2024-08-28,pending,9375
ORD-734,CUST-2003,ST-9,,2025-09-16,CLOSED,17596
ORD-735,CUST-4454,ST-20,,2026-12-09,closed,18215
ORD-736,CUST-4918,ST-12,,2024-10-02,ACTIVE,7640
ORD-737,CUST-3013,ST-24,CP-175,12-11-2025,ACTIVE,"$12,334.00"
ORD-738,CUST-2873,ST-8,,2026-06-16,active,"18,240.00"
ORD-739,CUST-529,ST-17,CP-156,2024-07-14,ACTIVE,"$18,737.00"
ORD-740,CUST-2580,ST-5,,2026-09-27,closed,"$8,642.00"
ORD-741,CUST-57,ST-9,CP-179,2026-11-26,closed,"$2,264.00"
ORD-742,CUST-99999,ST-12,,2026-11-02, Active ,17108
ORD-743,CUST-1941,ST-5,CP-59,2025-02-08,active,"7,270.00"
ORD-744,CUST-105,ST-1,CP-49,2026-10-21,PENDING,"$16,099.00"
ORD-745,CUST-3562,ST-8,,11/28/2024,CLOSED,"$13,788.00"
ORD-746,CUST-3027,ST-22,CP-2,2024-04-20,ACTIVE,11844
ORD-747,CUST-1810,ST-18,,11/02/2024,CLOSED,7513
ORD-748,CUST-1603,ST-20,CP-109,10-10-2024,CLOSED,"12,014.00"
ORD-749,CUST-2449,ST-11,,2024-01-19,ACTIVE,15027
ORD-750,CUST-1117,ST-14,CP-70,12/03/2025,PENDING,"15,691.00"
ORD-751,CUST-1630,ST-6,,2024-04-26,active,18253
ORD-752,CUST-75,ST-12,,10/12/2026,closed,"$18,935.00"
ORD-753,CUST-1708,ST-9,,2025-05-13,CLOSED,"6,667.00"
ORD-754,CUST-2303,ST-13,CP-13,2025-04-02,CLOSED,19252
ORD-755,CUST-99999,ST-9,,03-09-2026,ACTIVE,"$3,932.00"
ORD-756,CUST-2113,ST-24,,2025-08-08,CLOSED,7928
ORD-757,CUST-4151,ST-11,CP-114,06/10/2025,pending,17830
ORD-758,CUST-816,ST-12,,04/12/2024,PENDING,"8,616.00"
ORD-759,CUST-952,ST-16,,11/02/2025,ACTIVE,17341
ORD-760,CUST-2866,ST-1,,2026-11-09,ACTIVE,2015
ORD-761,CUST-4877,ST-16,,12/21/2026,CLOSED,6818
ORD-762,CUST-3497,ST-8,,2026-11-19,CLOSED,16617
ORD-763,CUST-2495,ST-6,,2024-06-26, Active ,7052
ORD-764,CUST-4454,ST-2,,2026-06-24,ACTIVE,3229
ORD-765,CUST-2810,ST-10,CP-96,2024-12-21,CLOSED,"$15,807.00"
ORD-766,CUST-3083,ST-12,,2026-10-23,CLOSED,"10,656.00"
ORD-767,CUST-1946,ST-16,,2026-07-19,CLOSED,5740
ORD-768,CUST-99999,ST-20,,28-02-2026,ACTIVE,"$6,451.00"
ORD-769,CUST-315,ST-1,CP-173,08/27/2024,ACTIVE,9568
ORD-770,CUST-2793,ST-6,,05/05/2024,closed,1702
ORD-771,CUST-446,ST-6,CP-104,09/18/2024, Active ,"19,108.00"
ORD-772,CUST-4651,ST-19,,2024-05-01, Active ,18610
ORD-773,CUST-2567,ST-24,,12/09/2026,ACTIVE,"$13,980.00"
ORD-774,CUST-145,ST-23,,18-05-2025,CLOSED,7075
ORD-775,CUST-2008,ST-11,,11/09/2026,pending,13846
ORD-776,CUST-1186,ST-11,,2025-08-06,ACTIVE,"$2,237.00"
ORD-777,CUST-2617,ST-24,,2026-12-23,CLOSED,11938
ORD-778,CUST-1231,ST-14,CP-95,11/22/2026,PENDING,13726
ORD-779,CUST-3738,ST-5,,03/12/2025,PENDING,"4,949.00"
ORD-780,CUST-1167,ST-13,,2025-10-20,closed,"$8,350.00"
ORD-781,CUST-99999,ST-15,,28-10-2026,PENDING,"$16,208.00"
ORD-782,CUST-1507,ST-10,,2025-07-25,pending,"16,306.00"
ORD-783,CUST-77,ST-12,,01/03/2025,PENDING,8278
ORD-784,CUST-1354,ST-14,,2024-07-20,CLOSED,7936
ORD-785,CUST-3713,ST-13,,06/07/2024,CLOSED,4842
ORD-786,CUST-2703,ST-3,,2026-06-10,PENDING,"$8,509.00"
ORD-787,CUST-3719,ST-17,CP-31,2024-04-06,active,17343
ORD-788,CUST-3298,ST-2,,2024-11-26,active,"$9,586.00"
ORD-789,CUST-4487,ST-23,CP-69,2024-08-24,closed,2888
ORD-790,CUST-4420,ST-11,CP-193,2024-08-28,PENDING,8400
ORD-791,CUST-2599,ST-8,,2025-09-08,ACTIVE,"$8,186.00"
ORD-792,CUST-1955,ST-23,,2024-11-13,CLOSED,"10,326.00"
ORD-793,CUST-3931,ST-15,CP-71,05/22/2024,ACTIVE,18902
ORD-794,CUST-99999,ST-7,,12/23/2025,ACTIVE,"1,150.00"
ORD-795,CUST-3735,ST-11,CP-148,09-06-2024,pending,"6,116.00"
ORD-796,CUST-4144,ST-11,,2026-08-16,CLOSED,14103
ORD-797,CUST-2406,ST-19,CP-127,10/18/2024,closed,"$16,457.00"
ORD-798,CUST-1841,ST-2,CP-80,01/16/2026,CLOSED,19411
ORD-799,CUST-3216,ST-2,,08/11/2026,pending,"$18,274.00"
ORD-800,CUST-157,ST-4,,07-08-2025,ACTIVE,"17,093.00"
ORD-801,CUST-1616,ST-4,,2026-01-08,active,"$8,593.00"
ORD-802,CUST-1432,ST-11,CP-117,2024-05-04,PENDING,"$9,340.00"
ORD-803,CUST-3895,ST-7,,09/10/2026,active,10183
ORD-804,CUST-3068,ST-16,,09/08/2026,ACTIVE,13242
ORD-805,CUST-1862,ST-9,,2026-05-26,closed,19676
ORD-806,CUST-3909,ST-25,CP-2,2026-02-01, Active ,"15,480.00"
ORD-807,CUST-99999,ST-14,,2024-10-25, Active ,"$12,314.00"
ORD-808,CUST-1469,ST-6,,2025-07-28,active,15565
ORD-809,CUST-1717,ST-16,,09/05/2024, Active ,1746
ORD-810,CUST-3094,ST-7,,2024-09-16,pending,"11,603.00"
ORD-811,CUST-4346,ST-9,,11-10-2026,ACTIVE,"$12,952.00"
ORD-812,CUST-1144,ST-24,,19-08-2025,CLOSED,"7,657.00"
ORD-813,CUST-3449,ST-5,CP-86,15-07-2024,ACTIVE,"$6,057.00"
ORD-814,CUST-412,ST-25,CP-183,07/25/2026,closed,2208
ORD-815,CUST-2258,ST-17,CP-138,26-09-2025,PENDING,"4,144.00"
ORD-816,CUST-4145,ST-6,CP-141,07-09-2025,PENDING,5402
ORD-817,CUST-2829,ST-19,CP-196,2024-03-17,CLOSED,14124
ORD-818,CUST-532,ST-1,CP-157,22-06-2024,pending,1334
ORD-819,CUST-4290,ST-11,,2025-03-15,ACTIVE,"$8,802.00"
ORD-820,CUST-99999,ST-16,,12/22/2026,active,6182
ORD-821,CUST-4628,ST-7,,02/16/2026,ACTIVE,"$8,162.00"
ORD-822,CUST-1339,ST-19,,03/03/2024,CLOSED,"$4,657.00"
ORD-823,CUST-1854,ST-21,CP-99,2024-06-28, Active ,"$13,395.00"
ORD-824,CUST-671,ST-2,CP-117,05/01/2025,ACTIVE,"$7,660.00"
ORD-825,CUST-4328,ST-21,,23-06-2024,ACTIVE,"$17,289.00"
ORD-826,CUST-723,ST-10,CP-120,2026-07-21,closed,5998
ORD-827,CUST-4671,ST-19,CP-9,01-05-2026,ACTIVE,5547
ORD-828,CUST-4690,ST-23,,08/26/2025,pending,"6,854.00"
ORD-829,CUST-3041,ST-24,,2024-08-09,ACTIVE,"$19,753.00"
ORD-830,CUST-1086,ST-23,CP-119,2024-11-12,active,"$15,378.00"
ORD-831,CUST-234,ST-3,,2025-06-14,CLOSED,"$3,306.00"
ORD-832,CUST-2020,ST-4,,2024-03-26,ACTIVE,10982
ORD-833,CUST-99999,ST-18,,01/17/2024,closed,"$12,349.00"
ORD-834,CUST-829,ST-22,,06/22/2026,PENDING,"$3,823.00"
ORD-835,CUST-3584,ST-18,,2024-01-24,ACTIVE,"12,397.00"
ORD-836,CUST-720,ST-8,,15-06-2025,pending,19353
ORD-837,CUST-4809,ST-4,,07/16/2026,CLOSED,16867
ORD-838,CUST-43,ST-14,,2024-03-14,PENDING,6198
ORD-839,CUST-355,ST-18,,2026-02-21,CLOSED,12337
ORD-840,CUST-4705,ST-7,,26-09-2025, Active ,19923
ORD-841,CUST-622,ST-4,,2024-09-07, Active ,7499
ORD-842,CUST-2602,ST-18,CP-68,2024-05-01,closed,"$15,736.00"
ORD-843,CUST-910,ST-13,,2024-06-19,active,15015
ORD-844,CUST-1922,ST-5,CP-44,28-08-2026, Active ,"$17,964.00"
ORD-845,CUST-1981,ST-9,CP-43,2026-12-19,PENDING,10329
ORD-846,CUST-99999,ST-21,,04/19/2026,closed,14055
ORD-847,CUST-4924,ST-12,,24-06-2025, Active ,13593
ORD-848,CUST-3514,ST-12,,2026-06-07, Active ,12651
ORD-849,CUST-2194,ST-19,CP-106,2026-02-18,ACTIVE,"$12,617.00"
ORD-850,CUST-157,ST-12,,2025-07-27, Active ,"$14,343.00"
ORD-851,CUST-4751,ST-11,CP-64,2024-06-07,CLOSED,"$14,880.00"
ORD-852,CUST-1003,ST-15,,12/03/2026,pending,2978
ORD-853,CUST-1888,ST-17,CP-134,05/25/2025,CLOSED,7050
ORD-854,CUST-1330,ST-11,,09/08/2024, Active ,"17,443.00"
ORD-855,CUST-1594,ST-18,,2026-04-19,pending,"$13,484.00"
ORD-856,CUST-3775,ST-1,CP-114,08-01-2025,pending,18578
ORD-857,CUST-2517,ST-1,,2024-05-09,active,18179
ORD-858,CUST-3903,ST-10,,2024-01-16,PENDING,"$3,903.00"
ORD-859,CUST-99999,ST-1,CP-192,2024-04-02,CLOSED,$782.00
ORD-860,CUST-2539,ST-18,,2025-01-04, Active ,15517
ORD-861,CUST-1073,ST-17,CP-147,2025-12-05,CLOSED,10722
ORD-862,CUST-304,ST-6,,12/14/2024,pending,631.00
ORD-863,CUST-3785,ST-20,,2024-11-24, Active ,11418
ORD-864,CUST-1767,ST-14,,06/23/2024,CLOSED,1124
ORD-865,CUST-1026,ST-5,,07/15/2025,PENDING,16411
ORD-866,CUST-3213,ST-1,CP-49,2024-08-05,active,4449
ORD-867,CUST-3463,ST-22,,20-05-2025,ACTIVE,"2,072.00"
ORD-868,CUST-4595,ST-22,,2024-08-21,CLOSED,4210
ORD-869,CUST-4471,ST-16,,2026-07-25,ACTIVE,"10,416.00"
ORD-870,CUST-1598,ST-11,,2024-09-15,active,"10,609.00"
ORD-871,CUST-1142,ST-7,CP-171,2025-09-17, Active ,"$9,421.00"
ORD-872,CUST-99999,ST-13,CP-179,2026-08-10,active,"16,634.00"
ORD-873,CUST-192,ST-7,CP-4,02/01/2025, Active ,12679
ORD-874,CUST-3087,ST-20,CP-91,10/24/2024,active,14660
ORD-875,CUST-2227,ST-15,CP-163,03-01-2025,PENDING,5741
ORD-876,CUST-3899,ST-21,,2024-03-02,CLOSED,"$19,462.00"
ORD-877,CUST-4501,ST-17,,2024-09-21,pending,"$8,756.00"
ORD-878,CUST-128,ST-21,,04/23/2024, Active ,15495
ORD-879,CUST-4533,ST-13,,10/12/2024,active,4927
ORD-880,CUST-3503,ST-8,CP-72,2024-02-28,active,"16,365.00"
ORD-881,CUST-3213,ST-8,CP-142,14-10-2024,closed,13463
ORD-882,CUST-3596,ST-17,,2024-06-21,closed,339.00
ORD-883,CUST-2163,ST-13,CP-2,06-08-2025,closed,2743
ORD-884,CUST-2764,ST-24,,02/23/2024,active,16168
ORD-885,CUST-99999,ST-8,,08/03/2025,PENDING,11230
ORD-886,CUST-1008,ST-18,,2024-02-22,ACTIVE,1483
ORD-887,CUST-2218,ST-1,,2026-01-21,PENDING,"$1,756.00"
ORD-888,CUST-1311,ST-8,,2025-09-09,pending,"$14,000.00"
ORD-889,CUST-3584,ST-5,CP-24,10/15/2025,pending,16727
ORD-890,CUST-2568,ST-2,,2025-08-11,closed,2591
ORD-891,CUST-331,ST-19,,09-03-2024,PENDING,"7,947.00"
ORD-892,CUST-4139,ST-14,,2025-06-05,closed,"$5,398.00"
ORD-893,CUST-1346,ST-6,CP-129,2025-02-04,CLOSED,"$19,279.00"
ORD-894,CUST-2618,ST-23,,2025-06-24,PENDING,4673
ORD-895,CUST-4273,ST-6,,02/05/2025,PENDING,"1,432.00"
ORD-896,CUST-2665,ST-10,,18-10-2025,pending,11735
ORD-897,CUST-364,ST-8,,2024-08-05, Active ,3692
ORD-898,CUST-99999,ST-5,,10/25/2025,CLOSED,"17,731.00"
ORD-899,CUST-378,ST-5,,2025-06-27,closed,18758
ORD-900,CUST-3945,ST-24,,08-01-2026, Active ,1308
ORD-901,CUST-2019,ST-4,CP-75,2024-10-03,ACTIVE,8382
ORD-902,CUST-3881,ST-3,,2025-02-03,pending,"$5,838.00"
ORD-903,CUST-540,ST-10,CP-131,09/08/2025,active,4723
ORD-904,CUST-1673,ST-23,CP-18,2026-02-09,active,$914.00
ORD-905,CUST-2880,ST-10,,03/23/2026,active,19038
ORD-906,CUST-1975,ST-16,,2025-05-17,ACTIVE,6152
ORD-907,CUST-1910,ST-24,CP-196,04/21/2024,PENDING,9614
ORD-908,CUST-333,ST-8,,16-09-2024,pending,7788
ORD-909,CUST-1042,ST-11,CP-145,01/15/2026,closed,"4,210.00"
ORD-910,CUST-301,ST-11,CP-70,2024-10-17,active,8236
ORD-911,CUST-99999,ST-14,,2024-11-23,pending,"$8,450.00"
ORD-912,CUST-3942,ST-21,CP-11,25-12-2025,ACTIVE,2700
ORD-913,CUST-4027,ST-6,,2025-07-11,CLOSED,15585
ORD-914,CUST-4822,ST-12,,03/24/2024, Active ,9473
ORD-915,CUST-1579,ST-13,CP-19,27-09-2024,ACTIVE,13763
ORD-916,CUST-2267,ST-21,,03/18/2025,PENDING,"6,385.00"
ORD-917,CUST-2303,ST-18,CP-197,2024-06-21,closed,"$17,425.00"
ORD-918,CUST-126,ST-5,,10-02-2025,CLOSED,17920
ORD-919,CUST-648,ST-3,,2026-02-16, Active ,8547
ORD-920,CUST-4941,ST-12,CP-75,08/18/2024,pending,10439
ORD-921,CUST-228,ST-25,CP-145,25-06-2025,closed,1763
ORD-922,CUST-1235,ST-22,CP-53,2026-08-14,closed,"9,564.00"
ORD-923,CUST-4160,ST-1,,2024-01-19,closed,"$4,690.00"
ORD-924,CUST-99999,ST-20,,2026-12-14,active,10187
ORD-925,CUST-3245,ST-2,,12/16/2024,pending,"6,002.00"
ORD-926,CUST-1189,ST-11,,07/15/2024,CLOSED,10328
ORD-927,CUST-3488,ST-6,CP-81,18-04-2025,pending,5452
ORD-928,CUST-4661,ST-8,,15-09-2026,active,2565
ORD-929,CUST-284,ST-17,,2025-01-15,CLOSED,10957
ORD-930,CUST-1264,ST-10,,2026-02-05,active,"$9,810.00"
ORD-931,CUST-1524,ST-12,CP-78,2025-05-16,PENDING,"$7,438.00"
ORD-932,CUST-4837,ST-9,,08/24/2026,closed,874
ORD-933,CUST-4577,ST-13,CP-137,2026-11-04,active,11540
ORD-934,CUST-4949,ST-22,CP-69,2025-02-12,closed,"$12,431.00"
ORD-935,CUST-3632,ST-7,,2026-10-04,CLOSED,"20,000.00"
ORD-936,CUST-2669,ST-7,,01/02/2024,closed,11408
ORD-937,CUST-99999,ST-7,,2026-06-26,active,8719
ORD-938,CUST-4430,ST-7,CP-71,12/05/2026,active,"$12,903.00"
ORD-939,CUST-4138,ST-8,,14-06-2024,ACTIVE,2652
ORD-940,CUST-4782,ST-2,,2025-05-13,ACTIVE,"$8,973.00"
ORD-941,CUST-3329,ST-7,CP-165,2024-09-04,active,4254
ORD-942,CUST-3354,ST-5,,2026-05-14,ACTIVE,19169
ORD-943,CUST-3439,ST-15,CP-62,11/12/2024,CLOSED,"$10,465.00"
ORD-944,CUST-1776,ST-13,CP-94,01-01-2025,pending,"$1,732.00"
ORD-945,CUST-113,ST-22,,2026-02-22,closed,"$2,729.00"
ORD-946,CUST-259,ST-11,,2024-01-01,closed,"$3,103.00"
ORD-947,CUST-2759,ST-10,,09/21/2024,CLOSED,"6,907.00"
ORD-948,CUST-1003,ST-17,CP-162,09-12-2024,ACTIVE,$971.00
ORD-949,CUST-4857,ST-14,,10/26/2025,PENDING,7552
ORD-950,CUST-99999,ST-10,CP-137,12/09/2024,closed,6644
ORD-951,CUST-2516,ST-11,CP-123,08/22/2026,pending,"7,146.00"
ORD-952,CUST-1652,ST-14,,18-03-2024,active,"$1,581.00"
ORD-953,CUST-69,ST-25,,23-03-2024,pending,13788
ORD-954,CUST-248,ST-8,CP-141,2025-09-05,CLOSED,12357
ORD-955,CUST-3997,ST-17,,07/10/2025,ACTIVE,6538
ORD-956,CUST-2441,ST-6,,21-08-2024,ACTIVE,2551
ORD-957,CUST-2752,ST-4,CP-171,05/08/2025,CLOSED,4757
ORD-958,CUST-1765,ST-5,CP-119,10/22/2025,pending,4657
ORD-959,CUST-3071,ST-20,,2024-06-22,CLOSED,"$17,369.00"
ORD-960,CUST-2955,ST-20,CP-192,2026-06-06,closed,"$10,100.00"
ORD-961,CUST-409,ST-13,,2025-12-15, Active ,12692
ORD-962,CUST-98,ST-17,CP-5,21-07-2026,closed,5858
ORD-963,CUST-99999,ST-16,,28-05-2025,closed,4575
ORD-964,CUST-2572,ST-24,,07/10/2026,pending,"19,232.00"
ORD-965,CUST-4518,ST-14,,2024-01-16,active,15653
ORD-966,CUST-2485,ST-18,,11/19/2026,pending,"12,431.00"
ORD-967,CUST-2568,ST-8,,11/15/2024,active,"12,575.00"
ORD-968,CUST-2223,ST-8,,2026-05-15,closed,17175
ORD-969,CUST-1022,ST-15,,06/12/2024,closed,6645
ORD-970,CUST-2652,ST-7,,2025-03-27,closed,"4,225.00"
ORD-971,CUST-4792,ST-15,,06/08/2026,CLOSED,"$16,474.00"
ORD-972,CUST-3561,ST-25,,2025-09-12,CLOSED,2750
ORD-973,CUST-2642,ST-19,,11/23/2025,closed,"18,180.00"
ORD-974,CUST-3856,ST-17,,09-02-2024,closed,3151
ORD-975,CUST-2635,ST-12,,2025-02-28,active,"19,686.00"
ORD-976,CUST-99999,ST-8,CP-83,03/07/2024,CLOSED,"$4,675.00"
ORD-977,CUST-3328,ST-4,,04-12-2024,CLOSED,3651
ORD-978,CUST-4573,ST-20,,2026-09-22,active,724
ORD-979,CUST-2702,ST-10,CP-193,02/01/2024,PENDING,1110
ORD-980,CUST-2447,ST-14,,2024-02-14,PENDING,10063
ORD-981,CUST-98,ST-5,,2026-08-08,CLOSED,"16,257.00"
ORD-982,CUST-3079,ST-16,,2025-02-12, Active ,19026
ORD-983,CUST-4412,ST-21,,2024-04-17,CLOSED,"$5,982.00"
ORD-984,CUST-4852,ST-13,,2026-08-16,active,3541
ORD-985,CUST-2701,ST-6,,04/02/2025,closed,7777
ORD-986,CUST-2634,ST-8,,2025-12-25,active,"8,833.00"
ORD-987,CUST-1407,ST-18,,11/19/2026,active,15563
ORD-988,CUST-3777,ST-19,CP-187,2025-03-20,closed,"$6,437.00"
ORD-989,CUST-99999,ST-20,,12/13/2024,pending,1290
ORD-990,CUST-789,ST-11,CP-150,2024-12-24,active,14953
ORD-991,CUST-2069,ST-6,,2024-05-26,active,"4,809.00"
ORD-992,CUST-3495,ST-21,CP-153,2026-01-09,active,10311
ORD-993,CUST-4306,ST-16,,06/23/2025,PENDING,8943
ORD-994,CUST-2877,ST-5,CP-40,2025-12-25,CLOSED,"16,036.00"
ORD-995,CUST-459,ST-13,,28-11-2025,CLOSED,2565
ORD-996,CUST-2891,ST-9,,18-02-2025,PENDING,"$1,735.00"
ORD-997,CUST-320,ST-10,,2025-02-27,PENDING,14826
ORD-998,CUST-940,ST-5,,12/02/2026,closed,"$1,246.00"
ORD-999,CUST-3330,ST-4,,09/10/2026, Active ,10559
ORD-1000,CUST-54,ST-6,,18-03-2025,pending,"$2,535.00"
ORD-1001,CUST-344,ST-18,,05/17/2025, Active ,563.00
ORD-1002,CUST-99999,ST-15,CP-194,2024-12-01,ACTIVE,12924
ORD-1003,CUST-2883,ST-24,,11/28/2025,pending,10136
ORD-1004,CUST-4343,ST-21,CP-96,2024-09-28, Active ,1250
ORD-1005,CUST-2676,ST-14,,12-03-2026,PENDING,"$13,090.00"
ORD-1006,CUST-4978,ST-12,,18-09-2026,ACTIVE,"4,873.00"
ORD-1007,CUST-1988,ST-2,,04/11/2025,CLOSED,16479
ORD-1008,CUST-387,ST-9,,2025-03-27,PENDING,"$11,692.00"
ORD-1009,CUST-3655,ST-5,CP-54,03/03/2024,CLOSED,"$10,060.00"
ORD-1010,CUST-4911,ST-19,CP-65,2026-01-17,active,"18,339.00"
ORD-1011,CUST-1572,ST-7,,16-04-2026,active,10895
ORD-1012,CUST-3421,ST-14,,10/23/2024,ACTIVE,"$10,447.00"
ORD-1013,CUST-2514,ST-14,,07/04/2024,pending,"1,234.00"
ORD-1014,CUST-3247,ST-5,CP-103,01/15/2025,closed,"10,497.00"
ORD-1015,CUST-99999,ST-9,CP-33,05/27/2026,pending,"$13,621.00"
ORD-1016,CUST-1710,ST-21,,08/10/2026,active,"$17,675.00"
ORD-1017,CUST-1138,ST-24,,2024-10-17,PENDING,"$5,194.00"
ORD-1018,CUST-1385,ST-16,,11-05-2026,ACTIVE,"$19,964.00"
ORD-1019,CUST-4815,ST-3,,2025-01-11,PENDING,11575
ORD-1020,CUST-2870,ST-19,,2025-05-04,pending,6631
ORD-1021,CUST-732,ST-11,,2024-07-01,active,"1,959.00"
ORD-1022,CUST-812,ST-21,,2024-12-26,PENDING,3095
ORD-1023,CUST-1960,ST-18,CP-180,2026-09-02,PENDING,"$1,546.00"
ORD-1024,CUST-3367,ST-5,,19-10-2026,PENDING,"$17,888.00"
ORD-1025,CUST-178,ST-23,CP-83,07/19/2026, Active ,"$15,670.00"
ORD-1026,CUST-4857,ST-11,,05-01-2026,active,6089
ORD-1027,CUST-1284,ST-1,,13-02-2025, Active ,9423
ORD-1028,CUST-99999,ST-14,,06/27/2024,ACTIVE,3614
ORD-1029,CUST-2465,ST-16,,17-09-2024,CLOSED,7117
ORD-1030,CUST-271,ST-1,CP-87,2026-08-13,pending,14402
ORD-1031,CUST-258,ST-8,CP-131,2024-10-23,ACTIVE,"$17,414.00"
ORD-1032,CUST-1912,ST-21,,2026-04-16,CLOSED,1627
ORD-1033,CUST-1677,ST-22,,2024-01-08,PENDING,421.00
ORD-1034,CUST-589,ST-6,,2025-06-12,CLOSED,$893.00
ORD-1035,CUST-1507,ST-18,,2024-01-16,PENDING,"$1,826.00"
ORD-1036,CUST-4033,ST-13,,2024-05-10,closed,"$1,249.00"
ORD-1037,CUST-272,ST-19,,2024-03-15,CLOSED,"$1,303.00"
ORD-1038,CUST-2091,ST-1,,2024-04-11,active,"15,851.00"
ORD-1039,CUST-3670,ST-1,,18-08-2024,pending,"$19,906.00"
ORD-1040,CUST-4392,ST-11,CP-4,11/25/2026,pending,"$14,304.00"
ORD-1041,CUST-99999,ST-14,CP-80,11/01/2024,active,"$12,636.00"
ORD-1042,CUST-4715,ST-9,,2024-04-02,pending,"$10,830.00"
ORD-1043,CUST-3627,ST-18,CP-191,2026-08-27,pending,11736
ORD-1044,CUST-3610,ST-17,,10/18/2026,CLOSED,15148
ORD-1045,CUST-1866,ST-22,,2024-09-03,CLOSED,18017
ORD-1046,CUST-2203,ST-8,CP-166,2026-05-25,pending,14656
ORD-1047,CUST-2831,ST-22,CP-141,10/23/2025,pending,"$10,479.00"
ORD-1048,CUST-2206,ST-22,CP-50,26-07-2025,ACTIVE,"$4,870.00"
ORD-1049,CUST-1262,ST-15,CP-191,01/26/2026,closed,8596
ORD-1050,CUST-1544,ST-6,,2026-07-18,closed,"$15,248.00"
ORD-1051,CUST-2524,ST-17,,03/26/2025,pending,3740
ORD-1052,CUST-2353,ST-12,,20-07-2024,PENDING,"$18,014.00"
ORD-1053,CUST-2481,ST-5,,06/26/2024,CLOSED,726
ORD-1054,CUST-99999,ST-11,CP-180,2026-05-10,closed,16928
ORD-1055,CUST-4591,ST-18,,2024-09-19,CLOSED,19229
ORD-1056,CUST-3344,ST-14,CP-181,01-07-2025, Active ,9349
ORD-1057,CUST-2264,ST-4,CP-98,2026-03-15,pending,"$14,189.00"
ORD-1058,CUST-1609,ST-19,,2024-06-02,closed,18751
ORD-1059,CUST-453,ST-2,,2025-07-08, Active ,4870
ORD-1060,CUST-2348,ST-22,,04/23/2025,ACTIVE,17725
ORD-1061,CUST-424,ST-12,CP-128,03-05-2024,CLOSED,12158
ORD-1062,CUST-4649,ST-6,,01/24/2025,pending,13927
ORD-1063,CUST-1198,ST-17,CP-92,2026-07-05,CLOSED,"$2,182.00"
ORD-1064,CUST-2330,ST-16,,2026-12-19,ACTIVE,16548
ORD-1065,CUST-2780,ST-23,,2024-03-22, Active ,3875
ORD-1066,CUST-101,ST-24,,12/03/2026,PENDING,"5,701.00"
ORD-1067,CUST-99999,ST-15,CP-31,2024-09-12,PENDING,19150
ORD-1068,CUST-1502,ST-14,,22-04-2024,CLOSED,11169
ORD-1069,CUST-3952,ST-20,CP-153,2026-06-22,PENDING,"12,247.00"
ORD-1070,CUST-1162,ST-1,,02/22/2024,ACTIVE,12136
ORD-1071,CUST-2196,ST-15,,01/06/2024,CLOSED,"$2,718.00"
ORD-1072,CUST-2374,ST-6,,2024-06-02, Active ,11534
ORD-1073,CUST-1567,ST-12,,02/01/2025,PENDING,"$7,594.00"
ORD-1074,CUST-4704,ST-7,CP-43,2026-06-18,active,"9,070.00"
ORD-1075,CUST-4963,ST-4,CP-169,09/12/2024,active,"$9,987.00"
ORD-1076,CUST-1708,ST-5,,05/09/2026,closed,"4,004.00"
ORD-1077,CUST-4619,ST-11,,2025-12-10,active,"9,917.00"
ORD-1078,CUST-2449,ST-4,,2024-01-08,pending,"$13,334.00"
ORD-1079,CUST-4497,ST-4,,12/06/2026, Active ,6923
ORD-1080,CUST-99999,ST-18,,2024-01-19,active,"$3,757.00"
ORD-1081,CUST-700,ST-10,,2026-12-13,CLOSED,"$13,724.00"
ORD-1082,CUST-4006,ST-15,,16-06-2026,active,"18,566.00"
ORD-1083,CUST-403,ST-18,,08/14/2025,closed,"$17,660.00"
ORD-1084,CUST-2114,ST-21,CP-123,2025-04-14,CLOSED,4523
ORD-1085,CUST-1214,ST-11,CP-14,06/24/2024,PENDING,364
ORD-1086,CUST-2841,ST-10,,2025-11-14,closed,2849
ORD-1087,CUST-4914,ST-1,,12/17/2024,CLOSED,2358
ORD-1088,CUST-4620,ST-11,,09/17/2025,pending,"$1,358.00"
ORD-1089,CUST-1975,ST-21,,04/22/2024, Active ,"$7,250.00"
ORD-1090,CUST-59,ST-21,,09/05/2024,pending,12842
ORD-1091,CUST-4352,ST-7,CP-64,02/25/2026, Active ,"$3,710.00"
ORD-1092,CUST-2014,ST-4,CP-49,2026-09-20, Active ,841.00
ORD-1093,CUST-99999,ST-20,,2024-03-26,CLOSED,7492
ORD-1094,CUST-3526,ST-3,,01/08/2024,active,4127
ORD-1095,CUST-2812,ST-7,CP-127,15-09-2025,active,3648
ORD-1096,CUST-3196,ST-23,,2024-11-23, Active ,4251
ORD-1097,CUST-1220,ST-15,,2024-10-08,closed,"$6,454.00"
ORD-1098,CUST-2326,ST-10,CP-44,2024-01-01,CLOSED,"$10,022.00"
ORD-1099,CUST-2638,ST-11,,2025-01-02,CLOSED,"$10,922.00"
ORD-1100,CUST-413,ST-25,CP-85,03/25/2025,CLOSED,17524
ORD-1101,CUST-4507,ST-17,CP-29,2025-11-15,pending,15718
ORD-1102,CUST-4572,ST-22,,15-11-2024,pending,12556
ORD-1103,CUST-312,ST-14,,2024-06-17,closed,"$12,731.00"
ORD-1104,CUST-2209,ST-24,,25-12-2025,closed,10454
ORD-1105,CUST-2335,ST-11,,10/21/2026,active,11161
ORD-1106,CUST-99999,ST-2,CP-20,2026-06-25,pending,"$8,731.00"
ORD-1107,CUST-1169,ST-23,,2025-11-21,active,14003
ORD-1108,CUST-1503,ST-10,,2025-05-06, Active ,17736
ORD-1109,CUST-3489,ST-24,CP-62,2024-07-12,pending,"15,035.00"
ORD-1110,CUST-4080,ST-10,,2026-01-10,closed,18554
ORD-1111,CUST-1162,ST-13,,04/22/2024,pending,"$8,126.00"
ORD-1112,CUST-4021,ST-1,,2024-12-16,CLOSED,15435
ORD-1113,CUST-2440,ST-24,,2024-12-28,ACTIVE,4303
ORD-1114,CUST-23,ST-20,CP-75,2024-11-05,PENDING,18277
ORD-1115,CUST-2676,ST-16,,2026-06-02,ACTIVE,"4,281.00"
ORD-1116,CUST-603,ST-19,,05/03/2025, Active ,"16,305.00"
ORD-1117,CUST-2068,ST-18,,2026-03-12, Active ,12163
ORD-1118,CUST-583,ST-23,,08/26/2025,closed,6331
ORD-1119,CUST-99999,ST-13,,2024-09-10,CLOSED,8488
ORD-1120,CUST-978,ST-3,CP-27,2024-08-15,active,6082
ORD-1121,CUST-4417,ST-9,,02/15/2026,CLOSED,"$8,060.00"
ORD-1122,CUST-868,ST-21,CP-12,2025-08-16,closed,635
ORD-1123,CUST-1138,ST-18,,2025-08-06, Active ,19867
ORD-1124,CUST-4193,ST-9,,17-05-2024, Active ,"$18,669.00"
ORD-1125,CUST-3899,ST-13,CP-126,2026-09-27,CLOSED,"$11,787.00"
ORD-1126,CUST-1232,ST-11,CP-36,02/07/2026,closed,"$19,793.00"
ORD-1127,CUST-2987,ST-22,CP-43,2025-06-11,PENDING,15276
ORD-1128,CUST-4102,ST-15,CP-151,06/19/2024,closed,16747
ORD-1129,CUST-3433,ST-21,,13-06-2025,closed,12613
ORD-1130,CUST-4926,ST-22,CP-69,2026-02-06,pending,2705
ORD-1131,CUST-2916,ST-23,,13-03-2026,pending,"$1,539.00"
ORD-1132,CUST-99999,ST-1,CP-45,02/08/2026,ACTIVE,"$15,960.00"
ORD-1133,CUST-4564,ST-15,,2025-05-10,PENDING,"15,912.00"
ORD-1134,CUST-1336,ST-8,,03/02/2026,active,13246
ORD-1135,CUST-2385,ST-2,,2024-05-06, Active ,8263
ORD-1136,CUST-2213,ST-25,CP-91,01/08/2025,ACTIVE,"$11,197.00"
ORD-1137,CUST-3578,ST-16,CP-161,02/21/2024,CLOSED,"$4,791.00"
ORD-1138,CUST-2369,ST-2,,18-03-2026, Active ,10985
ORD-1139,CUST-715,ST-24,CP-149,2026-10-24,CLOSED,"10,018.00"
ORD-1140,CUST-2939,ST-12,,07-06-2025,active,5341
ORD-1141,CUST-1616,ST-6,,2025-03-16, Active ,"$12,672.00"
ORD-1142,CUST-835,ST-15,,09/04/2026, Active ,"5,896.00"
ORD-1143,CUST-435,ST-2,,08/28/2024,PENDING,18537
ORD-1144,CUST-4706,ST-10,,2024-05-03,ACTIVE,"$9,963.00"
ORD-1145,CUST-99999,ST-8,,23-11-2026,ACTIVE,2989
ORD-1146,CUST-3441,ST-1,,2025-01-01,pending,6335
ORD-1147,CUST-3149,ST-4,CP-48,2026-06-15,active,12980
ORD-1148,CUST-2676,ST-6,,16-08-2024,PENDING,"6,434.00"
ORD-1149,CUST-811,ST-11,,2025-08-16,CLOSED,17119
ORD-1150,CUST-1430,ST-11,,14-01-2024,active,"6,415.00"
ORD-1151,CUST-2560,ST-3,,06/19/2024,ACTIVE,"$18,825.00"
ORD-1152,CUST-947,ST-11,,2024-08-09,CLOSED,"$7,250.00"
ORD-1153,CUST-115,ST-13,,2026-01-05,ACTIVE,7286
ORD-1154,CUST-3292,ST-15,CP-72,09-04-2026,closed,16577
ORD-1155,CUST-3098,ST-11,,01/06/2024,PENDING,13492
ORD-1156,CUST-1389,ST-15,,2025-07-24,CLOSED,3194
ORD-1157,CUST-64,ST-7,,07/07/2026,CLOSED,"$14,972.00"
ORD-1158,CUST-99999,ST-14,,2024-09-06,closed,2900
ORD-1159,CUST-379,ST-13,,28-08-2026,CLOSED,19356
ORD-1160,CUST-2925,ST-13,,2026-06-21,ACTIVE,1444
ORD-1161,CUST-985,ST-4,,2026-12-21,PENDING,17662
ORD-1162,CUST-774,ST-7,,05/17/2024,active,281
ORD-1163,CUST-4688,ST-6,,2024-09-22,CLOSED,"$11,193.00"
ORD-1164,CUST-627,ST-19,,2026-02-19,CLOSED,3324
ORD-1165,CUST-4834,ST-20,,2026-09-17,closed,"8,833.00"
ORD-1166,CUST-1653,ST-16,,02/25/2025,ACTIVE,"2,231.00"
ORD-1167,CUST-232,ST-22,,2025-02-02,closed,8965
ORD-1168,CUST-1471,ST-2,,2025-05-09,PENDING,"17,611.00"
ORD-1169,CUST-2131,ST-10,,08-06-2024,active,8391
ORD-1170,CUST-1993,ST-15,,11/24/2024,ACTIVE,"1,895.00"
ORD-1171,CUST-99999,ST-6,,04/10/2026, Active ,12901
ORD-1172,CUST-602,ST-16,,02/28/2025,ACTIVE,8142
ORD-1173,CUST-2136,ST-17,,2025-11-15,active,3649
ORD-1174,CUST-3153,ST-3,,2026-12-15,CLOSED,"5,728.00"
ORD-1175,CUST-1917,ST-10,,2025-10-24,pending,5876
ORD-1176,CUST-3720,ST-16,,23-11-2026, Active ,"18,369.00"
ORD-1177,CUST-4161,ST-10,,2024-01-14,CLOSED,"$5,354.00"
ORD-1178,CUST-1774,ST-10,,06/26/2025,pending,8345
ORD-1179,CUST-3789,ST-13,,2024-04-02,CLOSED,"2,761.00"
ORD-1180,CUST-4896,ST-9,CP-161,2025-08-08, Active ,"$6,559.00"
ORD-1181,CUST-3899,ST-18,,12/04/2025,closed,7677
ORD-1182,CUST-2557,ST-16,,11/18/2024,ACTIVE,16680
ORD-1183,CUST-1976,ST-21,,2026-08-06,closed,4381
ORD-1184,CUST-99999,ST-3,,20-02-2026, Active ,16347
ORD-1185,CUST-2388,ST-7,CP-94,05-11-2024,pending,5678
ORD-1186,CUST-730,ST-2,,2024-07-25,closed,"6,427.00"
ORD-1187,CUST-3334,ST-6,,2024-02-11,CLOSED,"13,274.00"
ORD-1188,CUST-1549,ST-15,,10/21/2026,ACTIVE,427.00
ORD-1189,CUST-3143,ST-1,,08/23/2025, Active ,17733
ORD-1190,CUST-1502,ST-22,,09/28/2024,CLOSED,18208
ORD-1191,CUST-307,ST-18,CP-20,11-10-2025,PENDING,"$7,216.00"
ORD-1192,CUST-4449,ST-6,,2024-11-22,ACTIVE,"7,254.00"
ORD-1193,CUST-1424,ST-5,,27-05-2024,PENDING,"16,671.00"
ORD-1194,CUST-1570,ST-10,CP-7,2025-02-17,PENDING,"$7,448.00"
ORD-1195,CUST-2248,ST-20,,04/10/2024,pending,18178
ORD-1196,CUST-590,ST-2,CP-119,15-08-2026,active,"$6,700.00"
ORD-1197,CUST-99999,ST-20,CP-111,2026-11-09,closed,"10,244.00"
ORD-1198,CUST-602,ST-3,CP-124,2025-07-15,pending,"13,804.00"
ORD-1199,CUST-3530,ST-11,,05/19/2024, Active ,18536
ORD-1200,CUST-1924,ST-14,CP-112,2024-12-02,closed,4563
ORD-1201,CUST-1968,ST-13,,11/25/2026,closed,629
ORD-1202,CUST-2846,ST-12,,02-05-2026,ACTIVE,"12,207.00"
ORD-1203,CUST-4281,ST-4,CP-128,05/02/2024,closed,"$17,860.00"
ORD-1204,CUST-4834,ST-19,,2026-11-13,active,3070
ORD-1205,CUST-582,ST-20,,17-04-2026,PENDING,18792
ORD-1206,CUST-4811,ST-24,,02/28/2025, Active ,3922
ORD-1207,CUST-583,ST-5,,2026-05-05, Active ,19894
ORD-1208,CUST-1079,ST-5,,01/12/2024,closed,1878
ORD-1209,CUST-1142,ST-7,,2026-03-13,CLOSED,18000
ORD-1210,CUST-99999,ST-1,,20-07-2025, Active ,16758
ORD-1211,CUST-4355,ST-24,CP-137,2025-03-22, Active ,17875
ORD-1212,CUST-2160,ST-9,CP-178,2025-08-08,pending,14831
ORD-1213,CUST-313,ST-22,,26-01-2025,ACTIVE,"$16,466.00"
ORD-1214,CUST-848,ST-12,,2024-04-13,closed,"$5,810.00"
ORD-1215,CUST-214,ST-9,,2024-03-17,ACTIVE,18098
ORD-1216,CUST-4499,ST-6,,04/21/2026,pending,"14,130.00"
ORD-1217,CUST-1256,ST-4,,03/25/2024,CLOSED,"12,902.00"
ORD-1218,CUST-1202,ST-12,CP-122,10-09-2026,CLOSED,"6,356.00"
ORD-1219,CUST-4823,ST-9,CP-117,2024-03-27,PENDING,13895
ORD-1220,CUST-2499,ST-15,CP-84,27-10-2025,active,"$8,195.00"
ORD-1221,CUST-48,ST-10,CP-192,2025-09-01,PENDING,2941
ORD-1222,CUST-4613,ST-21,,08/05/2024,active,"$1,940.00"
ORD-1223,CUST-99999,ST-17,,10/05/2024,pending,5795
ORD-1224,CUST-4078,ST-17,,2026-05-12,pending,"$5,532.00"
ORD-1225,CUST-449,ST-1,,2026-11-21,CLOSED,"$3,826.00"
ORD-1226,CUST-1539,ST-18,,12/17/2025,closed,"$19,973.00"
ORD-1227,CUST-3815,ST-24,,11-01-2025, Active ,15259
ORD-1228,CUST-289,ST-14,CP-58,2024-10-14,active,"$3,552.00"
ORD-1229,CUST-2014,ST-24,,2026-12-28,pending,5043
ORD-1230,CUST-4173,ST-18,,2024-08-12,active,"$18,775.00"
ORD-1231,CUST-1972,ST-13,,09/03/2025,closed,2239
ORD-1232,CUST-4075,ST-7,,01-05-2026,PENDING,1285
ORD-1233,CUST-409,ST-13,,2026-02-09,PENDING,"$11,666.00"
ORD-1234,CUST-2671,ST-21,,11/11/2025, Active ,"$10,706.00"
ORD-1235,CUST-3320,ST-22,CP-166,04/10/2025,CLOSED,4612
ORD-1236,CUST-99999,ST-16,,10/26/2024,pending,17591
ORD-1237,CUST-3148,ST-16,,09/06/2026,pending,11990
ORD-1238,CUST-2613,ST-1,,01/16/2026, Active ,11226
ORD-1239,CUST-1690,ST-24,CP-16,2025-05-13, Active ,625
ORD-1240,CUST-2881,ST-4,CP-106,2025-08-17,CLOSED,"13,401.00"
ORD-1241,CUST-3523,ST-6,,2026-04-28,pending,5713
ORD-1242,CUST-748,ST-23,CP-127,2026-01-27, Active ,5539
ORD-1243,CUST-710,ST-12,,07/02/2026,ACTIVE,18406
ORD-1244,CUST-1505,ST-7,CP-120,2024-03-03, Active ,7180
ORD-1245,CUST-2554,ST-10,CP-26,05/09/2025,closed,7942
ORD-1246,CUST-293,ST-23,,06/25/2024,pending,"9,265.00"
ORD-1247,CUST-3870,ST-18,,2025-12-16,active,"13,200.00"
ORD-1248,CUST-2125,ST-16,,13-07-2025,ACTIVE,557
ORD-1249,CUST-99999,ST-24,,2026-05-20, Active ,10053
ORD-1250,CUST-2369,ST-19,,2026-08-08,active,"$12,413.00"
ORD-1251,CUST-604,ST-5,,10/21/2025,ACTIVE,8232
ORD-1252,CUST-432,ST-12,,10-02-2025,CLOSED,16730
ORD-1253,CUST-3821,ST-23,,2026-11-19,active,"$17,672.00"
ORD-1254,CUST-24,ST-3,,2025-01-08,active,"15,681.00"
ORD-1255,CUST-1954,ST-25,CP-66,15-12-2024,CLOSED,$533.00
ORD-1256,CUST-1694,ST-14,,03/28/2025,closed,"5,846.00"
ORD-1257,CUST-141,ST-10,,2026-11-12,ACTIVE,"11,947.00"
ORD-1258,CUST-1385,ST-11,CP-127,2025-03-20, Active ,3306
ORD-1259,CUST-3380,ST-23,,11/12/2025,active,19507
ORD-1260,CUST-1014,ST-22,,2026-08-06,CLOSED,"4,594.00"
ORD-1261,CUST-1622,ST-8,,2024-05-25,PENDING,"12,439.00"
ORD-1262,CUST-99999,ST-22,,2024-07-15,ACTIVE,"$1,930.00"
ORD-1263,CUST-3158,ST-1,,2024-11-06,PENDING,2789
ORD-1264,CUST-4673,ST-6,CP-12,14-07-2025,ACTIVE,"18,432.00"
ORD-1265,CUST-4615,ST-23,,05/18/2025,closed,"5,003.00"
ORD-1266,CUST-2359,ST-15,,2026-04-20,ACTIVE,12462
ORD-1267,CUST-756,ST-25,CP-103,2024-02-12,PENDING,171
ORD-1268,CUST-2707,ST-21,,11/20/2025, Active ,16431
ORD-1269,CUST-855,ST-19,CP-122,2025-07-13, Active ,"$9,195.00"
ORD-1270,CUST-2074,ST-14,,01-08-2024,PENDING,7455
ORD-1271,CUST-2089,ST-8,CP-58,06/20/2025, Active ,"18,109.00"
ORD-1272,CUST-3475,ST-3,,2025-08-16,PENDING,"$8,244.00"
ORD-1273,CUST-4572,ST-5,,07/17/2026,CLOSED,2982
ORD-1274,CUST-406,ST-15,,2026-08-10, Active ,"$15,555.00"
ORD-1275,CUST-99999,ST-13,CP-149,2024-05-25,active,4525
ORD-1276,CUST-4173,ST-1,,2024-07-23, Active ,"15,919.00"
ORD-1277,CUST-417,ST-15,,02/21/2025,closed,"$3,884.00"
ORD-1278,CUST-949,ST-15,CP-153,08/18/2026,PENDING,18419
ORD-1279,CUST-613,ST-24,,02/24/2024,active,"$5,041.00"
ORD-1280,CUST-3647,ST-21,CP-84,2024-03-08,closed,"$4,135.00"
ORD-1281,CUST-3172,ST-25,,2025-06-07,ACTIVE,"$7,233.00"
ORD-1282,CUST-2446,ST-1,CP-187,2024-06-23,CLOSED,"1,063.00"
ORD-1283,CUST-1553,ST-2,,2026-02-24,ACTIVE,17975
ORD-1284,CUST-1723,ST-12,,04/10/2026,active,"19,044.00"
ORD-1285,CUST-263,ST-1,,2024-04-04,active,"14,391.00"
ORD-1286,CUST-1053,ST-4,,2024-11-06,pending,"$18,214.00"
ORD-1287,CUST-4819,ST-19,,2024-04-06,CLOSED,3285
ORD-1288,CUST-99999,ST-23,,12/02/2025,closed,14170
ORD-1289,CUST-1383,ST-25,,11-12-2025,PENDING,"$19,953.00"
ORD-1290,CUST-3760,ST-13,,2026-02-27,active,17733
ORD-1291,CUST-3512,ST-14,,2026-04-15,pending,7419
ORD-1292,CUST-4156,ST-16,,01/10/2026,closed,19651
ORD-1293,CUST-3425,ST-23,,2024-06-25,CLOSED,"3,882.00"
ORD-1294,CUST-4102,ST-7,CP-116,2026-04-22,CLOSED,5654
ORD-1295,CUST-1059,ST-6,,05/18/2024,active,16630
ORD-1296,CUST-3125,ST-11,,2025-05-15,ACTIVE,"18,908.00"
ORD-1297,CUST-1906,ST-14,CP-10,2025-10-16, Active ,128.00
ORD-1298,CUST-1122,ST-21,,12/14/2026, Active ,"$19,198.00"
ORD-1299,CUST-1354,ST-5,,09-03-2026,CLOSED,"$8,849.00"
ORD-1300,CUST-712,ST-20,,2024-02-08,PENDING,9299
ORD-1301,CUST-99999,ST-2,,03-06-2025,pending,"$4,797.00"
ORD-1302,CUST-2081,ST-23,CP-154,15-02-2024,PENDING,"$7,988.00"
ORD-1303,CUST-425,ST-1,,2025-09-09,CLOSED,"18,541.00"
ORD-1304,CUST-453,ST-5,,2025-01-11,closed,13081
ORD-1305,CUST-1001,ST-5,,2025-06-05,closed,"1,916.00"
ORD-1306,CUST-3512,ST-25,CP-56,2024-01-24,active,"$11,041.00"
ORD-1307,CUST-4815,ST-19,,09/27/2024,PENDING,"7,943.00"
ORD-1308,CUST-3332,ST-20,,04-12-2026,closed,"$5,097.00"
ORD-1309,CUST-2103,ST-10,,2026-05-20, Active ,12396
ORD-1310,CUST-4560,ST-23,CP-81,2026-11-04,CLOSED,"$2,876.00"
ORD-1311,CUST-638,ST-23,,03/19/2025,ACTIVE,"$11,631.00"
ORD-1312,CUST-3861,ST-2,CP-127,08/14/2026,pending,"16,375.00"
ORD-1313,CUST-535,ST-17,,2026-06-06, Active ,"$12,412.00"
ORD-1314,CUST-99999,ST-25,,2024-08-24,active,"$5,269.00"
ORD-1315,CUST-492,ST-21,CP-137,08/02/2025,ACTIVE,"$11,020.00"
ORD-1316,CUST-623,ST-21,CP-157,11-01-2024,ACTIVE,"$11,687.00"
ORD-1317,CUST-1929,ST-23,CP-184,2025-11-02,active,"$14,783.00"
ORD-1318,CUST-4865,ST-25,CP-158,18-12-2026,closed,1636
ORD-1319,CUST-52,ST-4,,12/26/2025,closed,14555
ORD-1320,CUST-2194,ST-20,,2024-01-19,active,15514
ORD-1321,CUST-596,ST-25,,11/05/2026, Active ,"7,477.00"
ORD-1322,CUST-1958,ST-13,,2026-07-05,pending,17269
ORD-1323,CUST-1879,ST-21,CP-96,2025-07-24,closed,826.00
ORD-1324,CUST-3441,ST-15,CP-66,2025-12-28,PENDING,"$1,182.00"
ORD-1325,CUST-1051,ST-23,,06/21/2025,active,"$12,572.00"
ORD-1326,CUST-4692,ST-22,CP-140,2025-09-20,active,2738
ORD-1327,CUST-99999,ST-13,,2025-09-06, Active ,7956
ORD-1328,CUST-3725,ST-3,,2024-05-25,closed,"2,433.00"
ORD-1329,CUST-3286,ST-5,,2025-03-25, Active ,"$4,732.00"
ORD-1330,CUST-3125,ST-9,,2024-08-14,active,"$18,277.00"
ORD-1331,CUST-4407,ST-5,,03/20/2024, Active ,"3,941.00"
ORD-1332,CUST-4759,ST-17,CP-114,2025-10-15,closed,3517
ORD-1333,CUST-2907,ST-18,,06/08/2024,pending,2252
ORD-1334,CUST-799,ST-2,CP-95,13-06-2024,ACTIVE,1732
ORD-1335,CUST-3983,ST-21,CP-192,2026-09-05,PENDING,"18,406.00"
ORD-1336,CUST-1990,ST-14,,2025-03-28,active,3315
ORD-1337,CUST-598,ST-7,,12/17/2026,CLOSED,15369
ORD-1338,CUST-1027,ST-2,,06/23/2026,closed,"8,491.00"
ORD-1339,CUST-1533,ST-1,,2026-01-05,PENDING,"$14,281.00"
ORD-1340,CUST-99999,ST-10,,13-10-2024,PENDING,19803
ORD-1341,CUST-3981,ST-6,,2025-09-01, Active ,"5,562.00"
ORD-1342,CUST-1029,ST-12,CP-30,06/18/2024,pending,"$13,166.00"
ORD-1343,CUST-2164,ST-5,,01/24/2025,closed,"$15,619.00"
ORD-1344,CUST-1076,ST-2,,2024-07-10,active,9906
ORD-1345,CUST-3548,ST-9,,2025-06-24,CLOSED,"5,323.00"
ORD-1346,CUST-450,ST-5,CP-88,2025-11-08,CLOSED,14309
ORD-1347,CUST-2350,ST-9,,2026-11-13,pending,"3,227.00"
ORD-1348,CUST-2532,ST-3,,2024-10-27,active,7757
ORD-1349,CUST-115,ST-18,,16-11-2025, Active ,14258
ORD-1350,CUST-1972,ST-22,,14-10-2025,ACTIVE,2020
ORD-1351,CUST-3816,ST-9,,2026-05-01,ACTIVE,"1,376.00"
ORD-1352,CUST-2298,ST-4,,2024-08-26,PENDING,8293
ORD-1353,CUST-99999,ST-21,,12/11/2025,ACTIVE,"$15,991.00"
ORD-1354,CUST-3315,ST-19,CP-145,08-04-2026,active,"8,982.00"
ORD-1355,CUST-1295,ST-23,CP-46,2024-02-24,ACTIVE,"$11,761.00"
ORD-1356,CUST-1753,ST-22,,03/02/2025,active,19169
ORD-1357,CUST-3319,ST-14,,2026-10-15,PENDING,6110
ORD-1358,CUST-496,ST-20,,08-01-2025,active,12366
ORD-1359,CUST-1856,ST-19,,2025-10-28,closed,7264
ORD-1360,CUST-2414,ST-8,CP-49,2025-08-20,PENDING,"9,749.00"
ORD-1361,CUST-113,ST-14,,2026-03-20,ACTIVE,2808
ORD-1362,CUST-2046,ST-17,,2026-03-12,active,"$17,495.00"
ORD-1363,CUST-3207,ST-20,CP-9,2024-02-24,ACTIVE,18687
ORD-1364,CUST-4947,ST-16,,07/07/2025,CLOSED,"13,634.00"
ORD-1365,CUST-4774,ST-19,,2026-03-09,closed,8963
ORD-1366,CUST-99999,ST-3,CP-15,11/11/2026,closed,"$18,053.00"
ORD-1367,CUST-4618,ST-24,,06/17/2025,PENDING,9369
ORD-1368,CUST-1099,ST-8,,08/21/2026,CLOSED,"$4,745.00"
ORD-1369,CUST-2900,ST-17,,2024-10-23,active,"11,927.00"
ORD-1370,CUST-3272,ST-7,,04/06/2024,closed,19714
ORD-1371,CUST-4267,ST-12,,2024-01-03,PENDING,"15,474.00"
ORD-1372,CUST-3347,ST-24,,2025-02-20,PENDING,1466
ORD-1373,CUST-787,ST-16,CP-151,18-03-2024,PENDING,"6,333.00"
ORD-1374,CUST-737,ST-25,,09/15/2025,CLOSED,"$3,905.00"
ORD-1375,CUST-950,ST-15,,2026-01-07, Active ,13568
ORD-1376,CUST-3835,ST-15,,11/13/2025,pending,"$19,946.00"
ORD-1377,CUST-208,ST-7,CP-102,10/27/2025,pending,8666
ORD-1378,CUST-3827,ST-16,,11/01/2024,ACTIVE,6458
ORD-1379,CUST-99999,ST-12,,08-11-2024,closed,5375
ORD-1380,CUST-3522,ST-1,,2026-08-27,active,"$10,485.00"
ORD-1381,CUST-2769,ST-11,CP-95,12/15/2026,CLOSED,1588
ORD-1382,CUST-3770,ST-11,,2026-10-18,CLOSED,"$11,438.00"
ORD-1383,CUST-4372,ST-22,CP-82,01/14/2024,closed,"17,349.00"
ORD-1384,CUST-1748,ST-22,,05/28/2024,PENDING,14665
ORD-1385,CUST-2814,ST-15,CP-59,2025-05-04,CLOSED,823.00
ORD-1386,CUST-2276,ST-1,CP-116,2026-08-11,closed,"17,901.00"
ORD-1387,CUST-2861,ST-16,,01/15/2026,ACTIVE,9006
ORD-1388,CUST-4315,ST-3,,2026-09-26,PENDING,9521
ORD-1389,CUST-387,ST-13,,12/19/2025,pending,7929
ORD-1390,CUST-987,ST-23,CP-168,08-12-2026,active,1739
ORD-1391,CUST-3638,ST-2,,2024-08-05,ACTIVE,"$15,213.00"
ORD-1392,CUST-99999,ST-4,,2026-04-21, Active ,"7,528.00"
ORD-1393,CUST-3927,ST-23,,2026-04-05,active,"$11,826.00"
ORD-1394,CUST-4669,ST-12,CP-37,2026-08-05,pending,10650
ORD-1395,CUST-3070,ST-22,CP-155,2026-08-24,active,"$15,583.00"
ORD-1396,CUST-2442,ST-12,,2026-08-27,PENDING,3981
ORD-1397,CUST-1714,ST-2,CP-172,2025-04-16,ACTIVE,6562
ORD-1398,CUST-3394,ST-21,,04-02-2025, Active ,"$13,389.00"
ORD-1399,CUST-2995,ST-23,CP-2,10/12/2024, Active ,7863
ORD-1400,CUST-806,ST-17,CP-171,05-11-2025,active,"$6,779.00"
ORD-1401,CUST-2729,ST-23,,01/28/2024,ACTIVE,"$1,741.00"
ORD-1402,CUST-1685,ST-5,CP-26,2024-01-17,CLOSED,18011
ORD-1403,CUST-543,ST-22,,11/27/2026, Active ,"$7,075.00"
ORD-1404,CUST-2524,ST-8,,05/19/2026,PENDING,"2,480.00"
ORD-1405,CUST-99999,ST-11,,2024-09-09,PENDING,"$10,762.00"
ORD-1406,CUST-3198,ST-3,,2025-02-27,pending,8788
ORD-1407,CUST-1934,ST-7,,05/27/2025,active,"$19,915.00"
ORD-1408,CUST-1584,ST-23,,28-02-2026,closed,11787
ORD-1409,CUST-3441,ST-24,,17-03-2025,PENDING,"$3,031.00"
ORD-1410,CUST-316,ST-22,CP-150,06/20/2026,ACTIVE,"15,444.00"
ORD-1411,CUST-752,ST-6,,11/06/2025,ACTIVE,"$16,365.00"
ORD-1412,CUST-4587,ST-15,,2026-02-27,CLOSED,"$1,409.00"
ORD-1413,CUST-2899,ST-11,,2025-11-22,active,"13,299.00"
ORD-1414,CUST-812,ST-21,CP-164,2026-09-27,pending,"$4,765.00"
ORD-1415,CUST-1219,ST-11,,08/24/2026,closed,"17,244.00"
ORD-1416,CUST-451,ST-11,,2026-08-06, Active ,15683
ORD-1417,CUST-648,ST-9,CP-82,2025-05-05,pending,985
ORD-1418,CUST-99999,ST-1,,12/13/2024,ACTIVE,"$1,852.00"
ORD-1419,CUST-2633,ST-21,CP-33,2024-12-15,ACTIVE,3704
ORD-1420,CUST-676,ST-9,,2026-02-22,pending,"$19,720.00"
ORD-1421,CUST-3247,ST-8,,2026-04-13,closed,"$6,000.00"
ORD-1422,CUST-362,ST-18,,25-07-2024,active,9419
ORD-1423,CUST-3204,ST-19,CP-76,09/08/2025,CLOSED,4049
ORD-1424,CUST-3944,ST-20,,07-10-2026,CLOSED,17142
ORD-1425,CUST-1985,ST-8,CP-200,16-01-2024,PENDING,"$8,676.00"
ORD-1426,CUST-4186,ST-14,,2024-02-13, Active ,16038
ORD-1427,CUST-2382,ST-21,CP-70,21-01-2024, Active ,"16,466.00"
ORD-1428,CUST-4032,ST-15,CP-175,08/26/2025,closed,"$8,224.00"
ORD-1429,CUST-1775,ST-10,,2025-03-20,ACTIVE,15738
ORD-1430,CUST-2905,ST-10,,2024-08-06, Active ,"4,946.00"
ORD-1431,CUST-99999,ST-18,,2026-01-05, Active ,3841
ORD-1432,CUST-243,ST-11,,24-08-2025,ACTIVE,4526
ORD-1433,CUST-4769,ST-8,,2024-04-23,pending,4024
ORD-1434,CUST-172,ST-10,,14-12-2025,closed,"$6,177.00"
ORD-1435,CUST-1588,ST-4,,24-05-2025, Active ,"$13,071.00"
ORD-1436,CUST-1923,ST-4,,10/28/2026,PENDING,"$9,941.00"
ORD-1437,CUST-4038,ST-14,,2024-08-06,pending,"17,195.00"
ORD-1438,CUST-3014,ST-6,,2026-12-07,pending,7628
ORD-1439,CUST-4385,ST-1,CP-54,10-02-2025,active,714
ORD-1440,CUST-4512,ST-24,CP-197,03/23/2026,CLOSED,17446
ORD-1441,CUST-2779,ST-9,CP-31,05/06/2026,PENDING,2748
ORD-1442,CUST-2818,ST-16,,2025-04-02,ACTIVE,"$12,035.00"
ORD-1443,CUST-1029,ST-2,,09/06/2024, Active ,"$12,304.00"
ORD-1444,CUST-99999,ST-11,,2026-10-01,PENDING,"19,400.00"
ORD-1445,CUST-4991,ST-23,,2024-08-13,active,"17,542.00"
ORD-1446,CUST-204,ST-13,,22-12-2024,active,$870.00
ORD-1447,CUST-245,ST-16,,02-09-2024, Active ,"$19,758.00"
ORD-1448,CUST-1875,ST-9,,11/03/2024,ACTIVE,183
ORD-1449,CUST-4134,ST-21,CP-115,2024-01-28,PENDING,5628
ORD-1450,CUST-1038,ST-13,,2026-06-15,pending,17524
ORD-1451,CUST-2405,ST-8,CP-145,12/04/2026,ACTIVE,"$4,236.00"
ORD-1452,CUST-2438,ST-9,,10-11-2025,active,"$5,426.00"
ORD-1453,CUST-4056,ST-2,,05-12-2024,CLOSED,19561
ORD-1454,CUST-2136,ST-25,CP-126,2025-09-22,PENDING,"$9,602.00"
ORD-1455,CUST-4308,ST-6,,2026-09-20,active,969
ORD-1456,CUST-3688,ST-7,,2024-06-15,PENDING,"$1,953.00"
ORD-1457,CUST-99999,ST-20,,08/14/2024, Active ,"$9,437.00"
ORD-1458,CUST-1818,ST-9,,01/02/2025,ACTIVE,15107
ORD-1459,CUST-1433,ST-14,,2026-01-23,active,5119
ORD-1460,CUST-3793,ST-21,,04/17/2024, Active ,"9,967.00"
ORD-1461,CUST-888,ST-13,,27-11-2024,CLOSED,"$16,564.00"
ORD-1462,CUST-1486,ST-1,,23-01-2024,ACTIVE,3756
ORD-1463,CUST-1731,ST-5,,14-01-2026,CLOSED,"14,711.00"
ORD-1464,CUST-4293,ST-5,CP-93,02-08-2026,active,19812
ORD-1465,CUST-3697,ST-8,CP-130,14-07-2026,PENDING,19378
ORD-1466,CUST-4449,ST-16,,05/11/2025, Active ,"4,398.00"
ORD-1467,CUST-1399,ST-18,,2025-03-05, Active ,"6,992.00"
ORD-1468,CUST-1589,ST-3,,2025-12-07,CLOSED,"18,485.00"
ORD-1469,CUST-3997,ST-15,,2025-09-04,PENDING,"2,709.00"
ORD-1470,CUST-99999,ST-9,,02/07/2025,ACTIVE,15124
ORD-1471,CUST-848,ST-7,,2026-11-16,PENDING,"$2,090.00"
ORD-1472,CUST-3737,ST-15,,05/18/2025,CLOSED,"5,769.00"
ORD-1473,CUST-3125,ST-25,CP-102,17-05-2025,CLOSED,"$2,524.00"
ORD-1474,CUST-1316,ST-4,CP-188,08/09/2025,pending,16092
ORD-1475,CUST-2431,ST-13,,2024-11-21,pending,9088
ORD-1476,CUST-4232,ST-22,CP-107,2024-08-16, Active ,1263
ORD-1477,CUST-376,ST-16,,2024-12-07,CLOSED,"$7,859.00"
ORD-1478,CUST-4484,ST-17,,2026-09-03,CLOSED,14201
ORD-1479,CUST-1219,ST-17,CP-44,05/11/2024,closed,"$10,439.00"
ORD-1480,CUST-2151,ST-7,CP-193,2026-07-13,PENDING,9596
ORD-1481,CUST-1522,ST-13,,2024-08-14,active,10209
ORD-1482,CUST-3821,ST-1,CP-191,2026-09-19,CLOSED,12566
ORD-1483,CUST-99999,ST-7,,09/16/2025,pending,"$13,689.00"
ORD-1484,CUST-2811,ST-13,,06-09-2026,CLOSED,13605
ORD-1485,CUST-515,ST-7,CP-85,08/07/2026, Active ,$111.00
ORD-1486,CUST-2757,ST-7,CP-47,2026-06-18,PENDING,"$16,976.00"
ORD-1487,CUST-2120,ST-9,,2026-01-06,CLOSED,3056
ORD-1488,CUST-4247,ST-22,,05/02/2026,CLOSED,"$4,381.00"
ORD-1489,CUST-2108,ST-15,,2024-11-16,CLOSED,18076
ORD-1490,CUST-3304,ST-4,CP-19,2025-01-25, Active ,"5,560.00"
ORD-1491,CUST-2871,ST-9,CP-131,2024-03-22,CLOSED,14956
ORD-1492,CUST-1778,ST-11,,16-04-2025,ACTIVE,"$17,459.00"
ORD-1493,CUST-4500,ST-8,,12/08/2026,pending,9875
ORD-1494,CUST-4484,ST-18,CP-71,2024-12-05,ACTIVE,"$13,334.00"
ORD-1495,CUST-2953,ST-6,,2025-04-06,closed,"8,894.00"
ORD-1496,CUST-99999,ST-10,,27-09-2025,CLOSED,"8,421.00"
ORD-1497,CUST-294,ST-7,,03/12/2025,CLOSED,12133
ORD-1498,CUST-1001,ST-20,,11/22/2026, Active ,$937.00
ORD-1499,CUST-1499,ST-12,,25-07-2025,active,"15,940.00"
ORD-1500,CUST-525,ST-3,CP-108,03/02/2026,ACTIVE,15527
ORD-1501,CUST-4968,ST-23,,2024-03-24,closed,988
ORD-1502,CUST-1956,ST-13,,12/04/2024,active,1889
ORD-1503,CUST-198,ST-3,CP-41,10/20/2026,pending,8885
ORD-1504,CUST-384,ST-25,CP-152,17-06-2026,PENDING,"$3,747.00"
ORD-1505,CUST-3684,ST-18,,2024-12-21,active,"$1,856.00"
ORD-1506,CUST-2291,ST-6,CP-133,06/18/2025,CLOSED,"$7,828.00"
ORD-1507,CUST-758,ST-11,CP-180,2025-12-24,ACTIVE,"4,876.00"
ORD-1508,CUST-3057,ST-23,CP-85,08/04/2026,PENDING,"17,459.00"
ORD-1509,CUST-99999,ST-12,CP-22,2024-12-15,pending,15118
ORD-1510,CUST-3044,ST-19,,05/15/2025,ACTIVE,17184
ORD-1511,CUST-3055,ST-18,,2026-04-28,CLOSED,7553
ORD-1512,CUST-4872,ST-9,CP-68,16-05-2025,closed,10560
ORD-1513,CUST-1798,ST-17,,10/13/2026, Active ,14769
ORD-1514,CUST-490,ST-18,,09/17/2024,closed,17856
ORD-1515,CUST-397,ST-10,,2024-01-07,pending,19011
ORD-1516,CUST-2883,ST-6,,03/25/2025,PENDING,"$7,028.00"
ORD-1517,CUST-406,ST-21,,2026-04-14,CLOSED,3305
ORD-1518,CUST-3745,ST-12,,07/12/2024, Active ,7112
ORD-1519,CUST-1934,ST-18,,06/21/2025,CLOSED,"2,386.00"
ORD-1520,CUST-1973,ST-25,,19-10-2025,closed,396
ORD-1521,CUST-982,ST-3,CP-131,2026-04-13,PENDING,8950
ORD-1522,CUST-99999,ST-12,,2025-05-09,PENDING,13912
ORD-1523,CUST-3209,ST-19,,2026-07-06, Active ,"15,588.00"
ORD-1524,CUST-475,ST-7,,2024-09-16,PENDING,"$6,163.00"
ORD-1525,CUST-2156,ST-3,CP-85,2026-07-03, Active ,"$9,021.00"
ORD-1526,CUST-2048,ST-10,,2025-05-20, Active ,"$18,083.00"
ORD-1527,CUST-4425,ST-15,,2024-06-22,ACTIVE,"18,912.00"
ORD-1528,CUST-2089,ST-4,,03/22/2025,PENDING,"18,317.00"
ORD-1529,CUST-2890,ST-13,,2026-04-25,closed,"$15,758.00"
ORD-1530,CUST-1363,ST-11,CP-9,03/13/2026,active,"16,220.00"
ORD-1531,CUST-4372,ST-5,,2025-11-12,pending,19525
ORD-1532,CUST-2695,ST-12,,05/02/2024,PENDING,11895
ORD-1533,CUST-2046,ST-17,CP-84,2024-01-14,active,18584
ORD-1534,CUST-4751,ST-9,,2024-08-04,pending,9973
ORD-1535,CUST-99999,ST-24,,2024-03-27,PENDING,"$18,895.00"
ORD-1536,CUST-1046,ST-14,CP-116,2025-07-26,CLOSED,"$18,635.00"
ORD-1537,CUST-315,ST-17,,05/27/2025,PENDING,18372
ORD-1538,CUST-2837,ST-4,CP-171,17-09-2024, Active ,3114
ORD-1539,CUST-2937,ST-13,,2024-05-09,CLOSED,5131
ORD-1540,CUST-1478,ST-6,,07-03-2024,active,14178
ORD-1541,CUST-4005,ST-11,CP-45,2026-02-23,active,"$18,672.00"
ORD-1542,CUST-3150,ST-5,,2025-08-23,pending,4187
ORD-1543,CUST-2303,ST-3,,2024-04-10,CLOSED,300
ORD-1544,CUST-134,ST-23,,08/19/2026,active,"15,300.00"
ORD-1545,CUST-4462,ST-4,,19-08-2026,ACTIVE,10388
ORD-1546,CUST-2609,ST-17,CP-179,09/02/2024,active,"8,477.00"
ORD-1547,CUST-3452,ST-22,,2025-09-11,active,"$3,408.00"
ORD-1548,CUST-99999,ST-11,CP-86,2024-05-02,CLOSED,13182
ORD-1549,CUST-3323,ST-22,,2024-12-14,PENDING,9409
ORD-1550,CUST-4023,ST-2,CP-149,2024-04-15, Active ,4426
ORD-1551,CUST-837,ST-20,,2024-10-09,pending,9395
ORD-1552,CUST-4138,ST-7,,11/11/2024,ACTIVE,12404
ORD-1553,CUST-415,ST-13,CP-49,2025-05-05,closed,"3,564.00"
ORD-1554,CUST-748,ST-15,,2024-04-07,active,"2,501.00"
ORD-1555,CUST-998,ST-1,,15-07-2024,CLOSED,"$12,956.00"
ORD-1556,CUST-1730,ST-6,,02/01/2026,PENDING,8915
ORD-1557,CUST-851,ST-25,,2026-11-23,pending,"$6,395.00"
ORD-1558,CUST-464,ST-16,,2024-12-03,CLOSED,3262
ORD-1559,CUST-723,ST-4,CP-29,2024-08-18,active,"10,690.00"
ORD-1560,CUST-2170,ST-14,CP-124,02/11/2025,ACTIVE,"$8,171.00"
ORD-1561,CUST-99999,ST-24,,09/28/2024,ACTIVE,"$12,534.00"
ORD-1562,CUST-3335,ST-23,CP-49,2025-08-02,PENDING,"10,955.00"
ORD-1563,CUST-4808,ST-24,,2025-11-04,closed,9882
ORD-1564,CUST-1795,ST-23,,21-11-2026, Active ,"$15,468.00"
ORD-1565,CUST-1940,ST-12,,07/27/2024,CLOSED,"6,497.00"
ORD-1566,CUST-3034,ST-16,CP-75,2026-10-11,PENDING,"14,126.00"
ORD-1567,CUST-3146,ST-22,,02/26/2026,PENDING,1125
ORD-1568,CUST-2720,ST-10,,03/27/2025,PENDING,"$7,644.00"
ORD-1569,CUST-811,ST-1,,2024-04-10, Active ,"$12,101.00"
ORD-1570,CUST-1601,ST-16,CP-28,2026-09-11,CLOSED,17350
ORD-1571,CUST-1912,ST-5,,09/11/2026, Active ,$898.00
ORD-1572,CUST-925,ST-1,CP-140,2025-10-12,ACTIVE,"$6,570.00"
ORD-1573,CUST-516,ST-9,CP-151,2024-08-13,CLOSED,"$14,953.00"
ORD-1574,CUST-99999,ST-24,CP-4,2024-09-20,pending,1183
ORD-1575,CUST-938,ST-8,CP-3,2026-08-09,pending,"$13,688.00"
ORD-1576,CUST-3059,ST-10,CP-24,17-01-2024,pending,8350
ORD-1577,CUST-3983,ST-9,,2024-06-13,ACTIVE,15597
ORD-1578,CUST-753,ST-8,,2026-08-15, Active ,"$3,504.00"
ORD-1579,CUST-2099,ST-25,CP-59,05-01-2025,ACTIVE,9060
ORD-1580,CUST-3328,ST-19,,03/13/2024,CLOSED,2042
ORD-1581,CUST-718,ST-15,,2026-12-10,CLOSED,"$9,093.00"
ORD-1582,CUST-3881,ST-11,,13-01-2026,ACTIVE,"14,169.00"
ORD-1583,CUST-2552,ST-23,,2026-07-18,pending,18885
ORD-1584,CUST-826,ST-25,,2025-06-21,PENDING,"$14,475.00"
ORD-1585,CUST-2718,ST-19,,08-05-2026, Active ,13057
ORD-1586,CUST-3152,ST-15,,2026-12-14,CLOSED,"$2,532.00"
ORD-1587,CUST-99999,ST-17,,2026-08-03,active,12639
ORD-1588,CUST-889,ST-10,,2026-03-06,pending,"15,781.00"
ORD-1589,CUST-2948,ST-12,CP-180,2024-05-27,ACTIVE,10214
ORD-1590,CUST-1821,ST-6,,12/26/2026,active,5583
ORD-1591,CUST-3543,ST-11,CP-28,2024-11-25,PENDING,444
ORD-1592,CUST-505,ST-18,,10/09/2024,CLOSED,8238
ORD-1593,CUST-3244,ST-10,CP-177,04/06/2026,CLOSED,1645
ORD-1594,CUST-1668,ST-18,CP-119,05/13/2026,active,9433
ORD-1595,CUST-3518,ST-6,,16-03-2026,ACTIVE,"$10,483.00"
ORD-1596,CUST-3113,ST-7,,21-07-2024,ACTIVE,"2,109.00"
ORD-1597,CUST-3688,ST-18,,10/15/2025,pending,12530
ORD-1598,CUST-592,ST-5,,2025-07-09,active,"8,120.00"
ORD-1599,CUST-576,ST-6,,11/24/2025,PENDING,"19,524.00"
ORD-1600,CUST-99999,ST-9,,07/03/2026,ACTIVE,4973
ORD-1601,CUST-4292,ST-14,,2026-04-18,active,6069
ORD-1602,CUST-351,ST-11,,26-11-2025,closed,6774
ORD-1603,CUST-2605,ST-14,,2024-09-15,PENDING,6821
ORD-1604,CUST-1670,ST-23,CP-140,2025-02-16,ACTIVE,"1,155.00"
ORD-1605,CUST-4325,ST-18,,05-05-2025,ACTIVE,"$8,133.00"
ORD-1606,CUST-2235,ST-12,,2026-01-02, Active ,"11,293.00"
ORD-1607,CUST-2957,ST-25,,10/12/2025,closed,18145
ORD-1608,CUST-4482,ST-8,CP-130,02/27/2024,pending,"$2,593.00"
ORD-1609,CUST-2167,ST-1,CP-45,19-06-2025, Active ,"9,568.00"
ORD-1610,CUST-454,ST-21,,2026-10-18, Active ,2064
ORD-1611,CUST-1676,ST-6,,20-12-2026, Active ,16042
ORD-1612,CUST-1550,ST-16,,03-06-2026,active,"12,653.00"
ORD-1613,CUST-99999,ST-17,,2026-07-20,pending,16438
ORD-1614,CUST-2282,ST-16,,2025-07-07,ACTIVE,"$14,538.00"
ORD-1615,CUST-232,ST-10,CP-58,2024-01-26,ACTIVE,"$8,573.00"
ORD-1616,CUST-150,ST-23,CP-115,05/15/2025,closed,"$5,765.00"
ORD-1617,CUST-420,ST-19,,2024-07-26,pending,"18,887.00"
ORD-1618,CUST-2433,ST-3,,2024-03-13,ACTIVE,"8,223.00"
ORD-1619,CUST-2483,ST-7,,2026-03-09,PENDING,2311
ORD-1620,CUST-2406,ST-20,CP-6,2026-10-16,closed,13568
ORD-1621,CUST-1829,ST-6,,2026-03-08,CLOSED,736
ORD-1622,CUST-1411,ST-8,CP-7,09/15/2026,pending,2984
ORD-1623,CUST-2562,ST-4,CP-159,2024-09-20,active,12906
ORD-1624,CUST-2693,ST-6,CP-46,08/08/2025,CLOSED,2916
ORD-1625,CUST-3249,ST-17,CP-107,2024-09-06,closed,"$8,402.00"
ORD-1626,CUST-99999,ST-3,,2026-06-17,closed,17460
ORD-1627,CUST-561,ST-22,,2026-11-16,active,"$19,854.00"
ORD-1628,CUST-2149,ST-17,,01/02/2024,PENDING,6894
ORD-1629,CUST-1778,ST-4,CP-69,2024-05-19,CLOSED,"$13,373.00"
ORD-1630,CUST-4613,ST-9,CP-124,2026-12-18,CLOSED,7267
ORD-1631,CUST-3721,ST-1,,2025-06-01,pending,19487
ORD-1632,CUST-1711,ST-15,CP-41,11-11-2026, Active ,"$14,517.00"
ORD-1633,CUST-4273,ST-15,CP-106,2026-02-13,PENDING,6004
ORD-1634,CUST-3897,ST-23,,23-01-2026,CLOSED,4014
ORD-1635,CUST-262,ST-20,,13-05-2026,CLOSED,856
ORD-1636,CUST-2181,ST-3,,02/01/2024,closed,629
ORD-1637,CUST-2303,ST-25,,09/08/2024, Active ,18253
ORD-1638,CUST-3270,ST-17,CP-54,2026-12-12,closed,"$9,609.00"
ORD-1639,CUST-99999,ST-7,,2025-07-14,ACTIVE,"12,638.00"
ORD-1640,CUST-368,ST-5,CP-161,2024-09-08, Active ,"4,974.00"
ORD-1641,CUST-3535,ST-2,,2026-02-20,closed,"12,714.00"
ORD-1642,CUST-894,ST-19,,06/02/2026,PENDING,"$7,854.00"
ORD-1643,CUST-738,ST-6,CP-148,2024-01-22, Active ,13659
ORD-1644,CUST-4590,ST-2,CP-120,2026-11-02,CLOSED,"$8,632.00"
ORD-1645,CUST-4193,ST-13,CP-188,09/21/2024,active,790
ORD-1646,CUST-2545,ST-14,,24-01-2026,ACTIVE,4040
ORD-1647,CUST-3951,ST-7,CP-187,2024-03-15,closed,"$13,660.00"
ORD-1648,CUST-547,ST-21,,06/14/2025, Active ,"$5,421.00"
ORD-1649,CUST-3658,ST-8,CP-90,2025-06-16,pending,9703
ORD-1650,CUST-4982,ST-12,,26-04-2024,ACTIVE,14584
ORD-1651,CUST-2712,ST-17,,2025-05-17, Active ,"$17,357.00"
ORD-1652,CUST-99999,ST-13,CP-20,2026-07-24,ACTIVE,14774
ORD-1653,CUST-3194,ST-25,CP-146,01/06/2026,active,"$13,246.00"
ORD-1654,CUST-19,ST-5,,05/08/2025,CLOSED,"$17,512.00"
ORD-1655,CUST-4971,ST-10,,2024-06-28,active,$674.00
ORD-1656,CUST-4400,ST-25,CP-67,2026-02-14, Active ,6662
ORD-1657,CUST-1745,ST-21,,11/24/2026,active,"$1,060.00"
ORD-1658,CUST-2552,ST-6,CP-190,03/14/2026,pending,3913
ORD-1659,CUST-1413,ST-13,,11/17/2024,closed,"10,036.00"
ORD-1660,CUST-1324,ST-19,CP-176,12/03/2026,pending,11682
ORD-1661,CUST-367,ST-25,,25-10-2024,closed,"$3,236.00"
ORD-1662,CUST-4178,ST-19,,2025-10-08,pending,13859
ORD-1663,CUST-4546,ST-12,,2026-02-09,active,15895
ORD-1664,CUST-4208,ST-11,CP-65,03/17/2025,pending,16348
ORD-1665,CUST-99999,ST-19,CP-26,12/06/2026,ACTIVE,"$6,618.00"
ORD-1666,CUST-281,ST-4,,22-04-2025,PENDING,"$1,825.00"
ORD-1667,CUST-272,ST-12,,12/02/2025,active,10435
ORD-1668,CUST-170,ST-14,,06/26/2026,active,"$8,346.00"
ORD-1669,CUST-1140,ST-24,CP-70,09/19/2025,ACTIVE,"13,787.00"
ORD-1670,CUST-1167,ST-24,,03/28/2025,pending,"$9,013.00"
ORD-1671,CUST-1077,ST-22,,2026-06-03,PENDING,"$14,782.00"
ORD-1672,CUST-2175,ST-3,,16-12-2024,PENDING,10385
ORD-1673,CUST-3629,ST-25,CP-138,05/10/2024,ACTIVE,1444
ORD-1674,CUST-2269,ST-25,CP-52,2025-07-20,closed,"$17,577.00"
ORD-1675,CUST-3358,ST-8,CP-124,2024-01-05,pending,2103
ORD-1676,CUST-3909,ST-19,CP-187,2026-11-15,active,$501.00
ORD-1677,CUST-4552,ST-21,,2026-08-16,PENDING,3070
ORD-1678,CUST-99999,ST-25,,05/16/2024, Active ,4062
ORD-1679,CUST-4520,ST-16,,11/26/2026, Active ,"2,746.00"
ORD-1680,CUST-1770,ST-4,,27-08-2026,pending,17571
ORD-1681,CUST-2955,ST-5,,06/16/2024,closed,"$14,495.00"
ORD-1682,CUST-1513,ST-7,,2025-01-17,CLOSED,"$2,392.00"
ORD-1683,CUST-3934,ST-5,,2025-06-28,pending,"10,555.00"
ORD-1684,CUST-2625,ST-23,,2025-08-17,active,"19,717.00"
ORD-1685,CUST-1350,ST-14,CP-175,2026-10-06, Active ,"19,338.00"
ORD-1686,CUST-2674,ST-2,,20-08-2024,CLOSED,17007
ORD-1687,CUST-2535,ST-9,,04/23/2024,CLOSED,2232
ORD-1688,CUST-2342,ST-9,,2026-07-22,closed,"$15,127.00"
ORD-1689,CUST-3009,ST-8,,2025-06-12,ACTIVE,11823
ORD-1690,CUST-4524,ST-17,CP-86,04/12/2026,PENDING,7119
ORD-1691,CUST-99999,ST-3,CP-121,08-02-2025, Active ,4531
ORD-1692,CUST-77,ST-15,,2024-10-19, Active ,"$6,855.00"
ORD-1693,CUST-1412,ST-24,CP-35,02/01/2026,closed,15296
ORD-1694,CUST-3833,ST-18,CP-174,2024-08-27,pending,17775
ORD-1695,CUST-3860,ST-14,CP-141,08-05-2025, Active ,2130
ORD-1696,CUST-3710,ST-18,,06/21/2026,closed,"$10,247.00"
ORD-1697,CUST-4991,ST-12,CP-99,2026-09-07,CLOSED,1289
ORD-1698,CUST-3948,ST-20,,15-11-2025, Active ,462
ORD-1699,CUST-429,ST-14,,06/05/2025,pending,"$10,019.00"
ORD-1700,CUST-189,ST-22,,06/14/2024,PENDING,"$12,570.00"
ORD-1701,CUST-4210,ST-18,,23-12-2025,active,"$3,618.00"
ORD-1702,CUST-4482,ST-23,,27-11-2024,pending,"14,224.00"
ORD-1703,CUST-1535,ST-22,,2026-02-14,CLOSED,"$2,023.00"
ORD-1704,CUST-99999,ST-21,,11/19/2026,active,"$5,355.00"
ORD-1705,CUST-3348,ST-23,,2024-11-07,closed,18400
ORD-1706,CUST-4892,ST-25,,2026-12-04,pending,955.00
ORD-1707,CUST-1929,ST-7,,2026-04-03,CLOSED,"$17,448.00"
ORD-1708,CUST-4298,ST-9,CP-101,2025-11-20,CLOSED,"$4,049.00"
ORD-1709,CUST-4182,ST-14,,28-02-2026,pending,10354
ORD-1710,CUST-1726,ST-25,,19-09-2024,PENDING,7341
ORD-1711,CUST-1706,ST-25,,2026-05-15,CLOSED,"16,363.00"
ORD-1712,CUST-262,ST-13,,2026-09-20,pending,607.00
ORD-1713,CUST-4692,ST-7,,01/21/2026,closed,19075
ORD-1714,CUST-2998,ST-16,CP-172,10-06-2025,active,17479
ORD-1715,CUST-2871,ST-24,,2026-07-13,PENDING,17664
ORD-1716,CUST-4874,ST-19,,2025-03-01,ACTIVE,"11,181.00"
ORD-1717,CUST-99999,ST-13,,08/26/2024,active,876.00
ORD-1718,CUST-2102,ST-17,,2026-06-11, Active ,"$7,990.00"
ORD-1719,CUST-2766,ST-10,,2024-08-24,active,5618
ORD-1720,CUST-1594,ST-11,CP-84,09-06-2024,PENDING,19765
ORD-1721,CUST-3496,ST-19,CP-183,11-05-2025,CLOSED,6877
ORD-1722,CUST-1116,ST-18,,2026-01-16,PENDING,"$7,283.00"
ORD-1723,CUST-3286,ST-20,,2025-10-28,active,7892
ORD-1724,CUST-2793,ST-13,CP-158,08/13/2026, Active ,"$12,922.00"
ORD-1725,CUST-2416,ST-5,CP-132,2025-06-15,pending,"$4,407.00"
ORD-1726,CUST-1780,ST-12,,25-01-2024,pending,"$16,178.00"
ORD-1727,CUST-4455,ST-25,,2024-09-19,ACTIVE,6093
ORD-1728,CUST-4898,ST-1,,2026-01-25,active,10250
ORD-1729,CUST-4269,ST-6,,2026-05-10,closed,"$2,485.00"
ORD-1730,CUST-99999,ST-22,,10/03/2024,pending,18057
ORD-1731,CUST-1298,ST-22,,2026-07-11, Active ,"15,165.00"
ORD-1732,CUST-3655,ST-14,,2026-01-07,pending,18337
ORD-1733,CUST-1217,ST-22,,2024-06-22, Active ,10233
ORD-1734,CUST-4979,ST-21,,2024-02-21,PENDING,9247
ORD-1735,CUST-604,ST-13,,09-05-2024,PENDING,10935
ORD-1736,CUST-1540,ST-3,,2026-07-28,ACTIVE,$402.00
ORD-1737,CUST-2780,ST-7,,2025-06-27,closed,10356
ORD-1738,CUST-4837,ST-18,,2025-07-22,active,19686
ORD-1739,CUST-3037,ST-5,,11/28/2025, Active ,13357
ORD-1740,CUST-1013,ST-19,,2024-11-24,active,7288
ORD-1741,CUST-3820,ST-7,,2026-05-07,closed,15903
ORD-1742,CUST-78,ST-6,CP-148,06/27/2024,ACTIVE,2900
ORD-1743,CUST-99999,ST-13,,02/17/2024,ACTIVE,"9,299.00"
ORD-1744,CUST-1064,ST-22,CP-90,2024-06-14,closed,"$11,434.00"
ORD-1745,CUST-1155,ST-9,,2025-07-26,ACTIVE,9040
ORD-1746,CUST-4728,ST-13,,02/27/2025,pending,4579
ORD-1747,CUST-4468,ST-17,,16-08-2024,PENDING,16083
ORD-1748,CUST-1386,ST-3,,2026-11-17,closed,"10,974.00"
ORD-1749,CUST-2036,ST-2,CP-175,07/08/2025,active,13255
ORD-1750,CUST-4071,ST-12,,2024-12-23,ACTIVE,"$4,024.00"
ORD-1751,CUST-757,ST-15,,11/20/2026,pending,"3,398.00"
ORD-1752,CUST-2552,ST-10,,2026-07-22,pending,6414
ORD-1753,CUST-2338,ST-4,CP-161,2026-07-15,CLOSED,1180
ORD-1754,CUST-651,ST-17,,02/03/2024,CLOSED,"14,071.00"
ORD-1755,CUST-4060,ST-24,,2025-10-06,PENDING,11800
ORD-1756,CUST-99999,ST-24,,2024-02-27,PENDING,"12,275.00"
ORD-1757,CUST-908,ST-13,,2025-04-09,active,"$8,839.00"
ORD-1758,CUST-454,ST-5,,03-02-2024,PENDING,"$9,256.00"
ORD-1759,CUST-3505,ST-11,CP-193,05/22/2024,active,"18,210.00"
ORD-1760,CUST-3258,ST-19,,2024-12-18,active,8961
ORD-1761,CUST-841,ST-10,,2025-06-06,PENDING,"$10,166.00"
ORD-1762,CUST-2222,ST-4,,15-04-2024,CLOSED,"$1,197.00"
ORD-1763,CUST-230,ST-11,,11-12-2024, Active ,16483
ORD-1764,CUST-1787,ST-20,CP-79,2026-02-07,active,11081
ORD-1765,CUST-2925,ST-22,,02/15/2026,closed,"$15,265.00"
ORD-1766,CUST-432,ST-13,CP-89,06/10/2026,CLOSED,"6,129.00"
ORD-1767,CUST-3697,ST-14,CP-83,2025-08-13,active,"$10,667.00"
ORD-1768,CUST-4556,ST-11,,2025-02-03,closed,16538
ORD-1769,CUST-99999,ST-8,,18-07-2025,PENDING,10883
ORD-1770,CUST-4165,ST-8,,22-06-2026,pending,"$10,420.00"
ORD-1771,CUST-1572,ST-17,,11/02/2024,CLOSED,369
ORD-1772,CUST-1521,ST-5,,2024-09-06, Active ,4806
ORD-1773,CUST-3829,ST-2,,06/22/2024,PENDING,"7,674.00"
ORD-1774,CUST-2549,ST-20,,2026-02-24, Active ,7801
ORD-1775,CUST-3161,ST-2,,2025-12-05,pending,7670
ORD-1776,CUST-631,ST-20,,19-07-2024,active,13704
ORD-1777,CUST-103,ST-23,,02/20/2026,closed,17325
ORD-1778,CUST-302,ST-23,,2025-12-12,PENDING,"$7,246.00"
ORD-1779,CUST-3439,ST-9,CP-193,15-07-2026,closed,"$13,670.00"
ORD-1780,CUST-2179,ST-4,,25-04-2026,active,3364
ORD-1781,CUST-4359,ST-11,,2026-08-28, Active ,"$10,082.00"
ORD-1782,CUST-99999,ST-15,,09/24/2026,closed,"$18,186.00"
ORD-1783,CUST-2262,ST-21,,03/04/2025,PENDING,1886
ORD-1784,CUST-2710,ST-5,,2025-09-04,pending,"5,304.00"
ORD-1785,CUST-2776,ST-23,,2025-05-05, Active ,"$8,244.00"
ORD-1786,CUST-4011,ST-15,,04/12/2026,closed,2646
ORD-1787,CUST-4545,ST-23,,2026-04-28, Active ,"$8,609.00"
ORD-1788,CUST-3211,ST-4,,2026-04-07,PENDING,"$3,914.00"
ORD-1789,CUST-4466,ST-12,CP-7,2026-10-16,ACTIVE,"$16,707.00"
ORD-1790,CUST-1881,ST-24,CP-68,2024-06-04,ACTIVE,4775
ORD-1791,CUST-436,ST-13,,22-01-2026,ACTIVE,"10,996.00"
ORD-1792,CUST-1997,ST-1,,2026-05-17,pending,3776
ORD-1793,CUST-3742,ST-24,,2025-03-19, Active ,6248
ORD-1794,CUST-2905,ST-19,,2024-12-22,active,2925
ORD-1795,CUST-99999,ST-5,,2025-01-27, Active ,14935
ORD-1796,CUST-3027,ST-17,,2025-04-04,pending,"$10,141.00"
ORD-1797,CUST-1059,ST-15,,06-12-2024,PENDING,"$3,084.00"
ORD-1798,CUST-1923,ST-5,,2026-06-07,active,"$18,783.00"
ORD-1799,CUST-1758,ST-10,CP-117,2025-06-03,ACTIVE,1224
ORD-1800,CUST-972,ST-10,CP-108,2025-07-14,closed,70.00
ORD-1801,CUST-4738,ST-8,,2026-04-04,CLOSED,18330
ORD-1802,CUST-4229,ST-7,,07/17/2024, Active ,11874
ORD-1803,CUST-158,ST-17,,2025-08-12,PENDING,"$5,345.00"
ORD-1804,CUST-4348,ST-10,,2024-01-25,PENDING,"$8,892.00"
ORD-1805,CUST-984,ST-15,,23-02-2026,pending,10779
ORD-1806,CUST-1520,ST-3,,18-09-2024,pending,17039
ORD-1807,CUST-4618,ST-16,,2025-03-20, Active ,3849
ORD-1808,CUST-99999,ST-19,CP-105,11/21/2025,PENDING,"8,807.00"
ORD-1809,CUST-3084,ST-18,,06/07/2026,active,15479
ORD-1810,CUST-1562,ST-7,,2026-01-05, Active ,"$8,910.00"
ORD-1811,CUST-763,ST-22,CP-2,2024-07-27,PENDING,13114
ORD-1812,CUST-1964,ST-25,,2024-02-15, Active ,5656
ORD-1813,CUST-4758,ST-12,,18-05-2025,closed,7955
ORD-1814,CUST-2776,ST-2,CP-39,02/04/2026,PENDING,8709
ORD-1815,CUST-4395,ST-14,,18-10-2026,PENDING,11898
ORD-1816,CUST-2590,ST-22,CP-141,12/09/2026,closed,11604
ORD-1817,CUST-1646,ST-24,CP-200,2024-10-01,CLOSED,"$1,782.00"
ORD-1818,CUST-4193,ST-8,CP-134,04/13/2026,active,2784
ORD-1819,CUST-2928,ST-21,CP-43,10/21/2024,CLOSED,15910
ORD-1820,CUST-4078,ST-21,,2024-09-23,PENDING,11686
ORD-1821,CUST-99999,ST-15,CP-45,03/11/2026,CLOSED,"$8,639.00"
ORD-1822,CUST-581,ST-18,,09/27/2024,CLOSED,5009
ORD-1823,CUST-1241,ST-17,,05/28/2026,ACTIVE,10589
ORD-1824,CUST-1882,ST-21,,2024-04-02,active,1462
ORD-1825,CUST-4000,ST-14,CP-95,11/21/2026,active,"$10,398.00"
ORD-1826,CUST-4308,ST-8,,2026-01-17,pending,7957
ORD-1827,CUST-3944,ST-15,,06/23/2026,pending,7723
ORD-1828,CUST-3669,ST-4,,01/01/2025,closed,"$17,497.00"
ORD-1829,CUST-4503,ST-8,CP-183,11/09/2026,ACTIVE,7022
ORD-1830,CUST-4178,ST-18,,18-01-2024,closed,"5,087.00"
ORD-1831,CUST-4659,ST-4,CP-98,02/03/2025,PENDING,1446
ORD-1832,CUST-3253,ST-21,,14-10-2024,PENDING,6728
ORD-1833,CUST-3819,ST-1,CP-180,12/26/2026,ACTIVE,17681
ORD-1834,CUST-99999,ST-20,CP-190,05/17/2025,active,"4,205.00"
ORD-1835,CUST-665,ST-8,,08/28/2025,active,"$1,442.00"
ORD-1836,CUST-528,ST-22,,2026-02-13,pending,"$5,953.00"
ORD-1837,CUST-2923,ST-6,,2025-01-06,PENDING,5748
ORD-1838,CUST-3463,ST-2,,26-05-2026,PENDING,16592
ORD-1839,CUST-1123,ST-22,,09/10/2026,CLOSED,3184
ORD-1840,CUST-200,ST-2,,06/12/2025,CLOSED,"6,848.00"
ORD-1841,CUST-557,ST-15,CP-190,06-06-2025,ACTIVE,"$8,258.00"
ORD-1842,CUST-4713,ST-20,,05/21/2025,ACTIVE,"13,945.00"
ORD-1843,CUST-636,ST-21,,25-04-2025,ACTIVE,"8,841.00"
ORD-1844,CUST-4230,ST-15,,2026-07-05, Active ,"$13,980.00"
ORD-1845,CUST-1112,ST-19,,2025-11-20,PENDING,8904
ORD-1846,CUST-2753,ST-2,,12-07-2024,ACTIVE,16887
ORD-1847,CUST-99999,ST-19,CP-24,2024-07-06,closed,"$13,171.00"
ORD-1848,CUST-1337,ST-1,,2026-09-22,pending,"13,998.00"
ORD-1849,CUST-2927,ST-25,,02/16/2026,closed,"$15,438.00"
ORD-1850,CUST-4016,ST-23,,2025-05-03,PENDING,"16,451.00"
ORD-1851,CUST-4725,ST-16,,10/25/2025, Active ,"$14,976.00"
ORD-1852,CUST-1874,ST-2,,12/28/2026,ACTIVE,17774
ORD-1853,CUST-4081,ST-21,CP-143,16-08-2024,CLOSED,"$11,050.00"
ORD-1854,CUST-4004,ST-10,CP-168,2025-12-19,closed,8729
ORD-1855,CUST-1018,ST-10,,08/25/2024, Active ,"$11,859.00"
ORD-1856,CUST-698,ST-21,,2024-07-23,active,"13,257.00"
ORD-1857,CUST-3481,ST-11,,2026-02-20,active,15588
ORD-1858,CUST-3917,ST-8,,2026-11-28,pending,"8,011.00"
ORD-1859,CUST-3289,ST-7,,2025-11-20,ACTIVE,16781
ORD-1860,CUST-99999,ST-23,,2024-07-08,closed,"10,068.00"
ORD-1861,CUST-4623,ST-10,,10/07/2025,closed,"$16,828.00"
ORD-1862,CUST-4458,ST-18,CP-97,2025-08-27,closed,"$8,835.00"
ORD-1863,CUST-2879,ST-17,,2025-10-23,closed,17457
ORD-1864,CUST-4060,ST-16,CP-172,2026-02-25, Active ,"18,510.00"
ORD-1865,CUST-1035,ST-2,,2025-09-06,pending,6573
ORD-1866,CUST-310,ST-6,,2025-01-12,closed,"$7,400.00"
ORD-1867,CUST-1207,ST-15,,05/07/2025,ACTIVE,5207
ORD-1868,CUST-218,ST-12,CP-162,2026-03-10,CLOSED,"6,507.00"
ORD-1869,CUST-3421,ST-23,,11/14/2025,CLOSED,13295
ORD-1870,CUST-3755,ST-12,CP-175,18-04-2025,closed,10536
ORD-1871,CUST-3022,ST-21,,2024-12-07,ACTIVE,"$6,898.00"
ORD-1872,CUST-1330,ST-12,,01/04/2026,ACTIVE,"$1,681.00"
ORD-1873,CUST-99999,ST-12,,2024-07-19,active,"$7,212.00"
ORD-1874,CUST-2201,ST-15,,2026-07-01,ACTIVE,"$14,082.00"
ORD-1875,CUST-2723,ST-8,,2024-07-25, Active ,1247
ORD-1876,CUST-1597,ST-21,CP-84,2024-09-01,active,13986
ORD-1877,CUST-1765,ST-20,,2025-03-15,closed,7829
ORD-1878,CUST-2255,ST-21,,11/19/2026,closed,"$7,394.00"
ORD-1879,CUST-4174,ST-22,CP-195,2025-08-23,pending,"12,751.00"
ORD-1880,CUST-3469,ST-10,,2026-03-22, Active ,"$15,351.00"
ORD-1881,CUST-4572,ST-13,CP-152,04/07/2024,active,18976
ORD-1882,CUST-3135,ST-23,CP-177,2024-11-07, Active ,5584
ORD-1883,CUST-996,ST-3,CP-73,20-12-2025,PENDING,13131
ORD-1884,CUST-1223,ST-3,,2026-03-17,ACTIVE,15480
ORD-1885,CUST-3163,ST-9,,2026-02-18,ACTIVE,519
ORD-1886,CUST-99999,ST-12,CP-16,2025-09-09, Active ,16839
ORD-1887,CUST-711,ST-5,,25-08-2026,active,3795
ORD-1888,CUST-940,ST-21,CP-75,2026-12-28,active,4093
ORD-1889,CUST-3200,ST-16,,2026-08-28, Active ,15160
ORD-1890,CUST-4704,ST-3,,08/11/2026,CLOSED,2559
ORD-1891,CUST-2381,ST-14,,01/07/2025,pending,6718
ORD-1892,CUST-2487,ST-25,,17-12-2025, Active ,6651
ORD-1893,CUST-526,ST-21,,2024-05-24,closed,19533
ORD-1894,CUST-4379,ST-4,,07/24/2026,PENDING,"$13,845.00"
ORD-1895,CUST-1781,ST-10,CP-11,07/15/2026,CLOSED,"$6,900.00"
ORD-1896,CUST-3843,ST-11,CP-103,2024-07-04,PENDING,12562
ORD-1897,CUST-3508,ST-4,,2025-12-21,CLOSED,"$19,302.00"
ORD-1898,CUST-3154,ST-8,,2025-10-20,PENDING,"$16,738.00"
ORD-1899,CUST-99999,ST-2,,05/25/2026,pending,"19,684.00"
ORD-1900,CUST-2137,ST-10,,2024-09-26,active,9722
ORD-1901,CUST-4039,ST-17,,06/19/2024, Active ,4999
ORD-1902,CUST-3711,ST-21,,02-05-2024,PENDING,"$12,527.00"
ORD-1903,CUST-1467,ST-23,,2024-09-03,ACTIVE,4577
ORD-1904,CUST-2197,ST-25,,21-06-2026,pending,"13,874.00"
ORD-1905,CUST-3800,ST-24,,04-10-2024,PENDING,6663
ORD-1906,CUST-1463,ST-6,,2026-12-05,closed,13627
ORD-1907,CUST-2037,ST-24,,2026-02-26,ACTIVE,18406
ORD-1908,CUST-4854,ST-9,,2025-07-18,pending,9387
ORD-1909,CUST-4402,ST-21,,12/17/2025,PENDING,"$9,764.00"
ORD-1910,CUST-202,ST-18,,2026-06-26, Active ,487
ORD-1911,CUST-1136,ST-3,CP-158,2026-08-16, Active ,15904
ORD-1912,CUST-99999,ST-24,,27-10-2025,closed,"$16,992.00"
ORD-1913,CUST-2469,ST-15,,2026-04-10,ACTIVE,"18,304.00"
ORD-1914,CUST-4690,ST-11,CP-58,07/08/2025,pending,2034
ORD-1915,CUST-740,ST-12,,2024-06-12,ACTIVE,2916
ORD-1916,CUST-1858,ST-14,,21-09-2024,PENDING,16180
ORD-1917,CUST-3539,ST-17,CP-172,2026-03-25,active,19958
ORD-1918,CUST-1911,ST-16,,08/15/2024,PENDING,3521
ORD-1919,CUST-555,ST-9,,2026-12-11,ACTIVE,3735
ORD-1920,CUST-1881,ST-10,,2026-11-26,ACTIVE,17470
ORD-1921,CUST-3940,ST-5,,04-02-2025, Active ,18434
ORD-1922,CUST-3482,ST-5,CP-122,03/03/2026,CLOSED,"12,620.00"
ORD-1923,CUST-4746,ST-13,CP-57,03/07/2026,pending,1963
ORD-1924,CUST-2309,ST-5,,2024-10-22,CLOSED,"$7,016.00"
ORD-1925,CUST-99999,ST-14,,28-07-2025,ACTIVE,9106
ORD-1926,CUST-1316,ST-11,,2026-08-10, Active ,3705
ORD-1927,CUST-2944,ST-15,CP-193,2026-07-24,closed,"3,565.00"
ORD-1928,CUST-2391,ST-8,,01-07-2025,closed,"$3,268.00"
ORD-1929,CUST-3743,ST-1,CP-112,2025-09-08, Active ,"$8,289.00"
ORD-1930,CUST-2417,ST-14,,2024-03-16,CLOSED,"2,788.00"
ORD-1931,CUST-1156,ST-9,CP-135,2026-08-12,ACTIVE,"19,314.00"
ORD-1932,CUST-2968,ST-2,,2025-03-13, Active ,4397
ORD-1933,CUST-2424,ST-10,,2026-09-26, Active ,"$3,395.00"
ORD-1934,CUST-524,ST-16,,2025-06-01,pending,13214
ORD-1935,CUST-916,ST-22,CP-65,2025-07-05,closed,"18,085.00"
ORD-1936,CUST-2295,ST-8,,2025-11-14,PENDING,7234
ORD-1937,CUST-1462,ST-2,,2026-08-09,closed,"$17,761.00"
ORD-1938,CUST-99999,ST-9,,11/26/2026,closed,"$5,738.00"
ORD-1939,CUST-3787,ST-7,,2025-05-19,active,"$12,286.00"
ORD-1940,CUST-187,ST-4,,2024-05-06,pending,18695
ORD-1941,CUST-3384,ST-15,,08/01/2025, Active ,12057
ORD-1942,CUST-902,ST-18,CP-86,2025-06-27,PENDING,8567
ORD-1943,CUST-2495,ST-10,,2024-02-18,PENDING,8830
ORD-1944,CUST-3252,ST-17,,2025-05-22,active,5167
ORD-1945,CUST-4503,ST-22,,05/07/2024, Active ,5063
ORD-1946,CUST-369,ST-25,,02/28/2026, Active ,"14,692.00"
ORD-1947,CUST-2466,ST-14,,19-02-2024,CLOSED,11454
ORD-1948,CUST-4699,ST-4,CP-182,2026-10-01,ACTIVE,"$7,656.00"
ORD-1949,CUST-787,ST-8,,2026-04-13, Active ,4800
ORD-1950,CUST-3825,ST-24,CP-1,11-07-2024,closed,"$7,605.00"
ORD-1951,CUST-3074,ST-21,,24-10-2026,active,11302
ORD-1952,CUST-1998,ST-20,CP-195,2026-10-01,closed,"2,345.00"
ORD-1953,CUST-3159,ST-9,,04/18/2025,active,"$13,350.00"
ORD-1954,CUST-3435,ST-1,,2026-10-08,ACTIVE,5804
ORD-1955,CUST-733,ST-15,,2024-11-08,active,16604
ORD-1956,CUST-283,ST-4,,07/02/2024,ACTIVE,"$5,560.00"
ORD-1957,CUST-4710,ST-16,CP-108,05/24/2024,PENDING,"9,905.00"
ORD-1958,CUST-1270,ST-8,,20-07-2024,closed,7340
ORD-1959,CUST-2326,ST-1,,2024-02-25,active,"$8,004.00"
ORD-1960,CUST-4448,ST-10,CP-48,2025-02-17,ACTIVE,13981
ORD-1961,CUST-2613,ST-25,CP-49,06-11-2026,CLOSED,"$10,050.00"
ORD-1962,CUST-4170,ST-5,,2026-01-15,active,"$19,654.00"
ORD-1963,CUST-1774,ST-10,CP-33,2026-02-06,PENDING,8073
ORD-1964,CUST-2210,ST-11,,2026-07-24,CLOSED,15235
ORD-1965,CUST-1988,ST-8,,2025-12-21, Active ,825
ORD-1966,CUST-1504,ST-22,,2024-12-02,PENDING,9577
ORD-1967,CUST-2131,ST-2,,01/14/2024,PENDING,403
ORD-1968,CUST-1627,ST-19,CP-194,2025-01-16,pending,"$9,593.00"
ORD-1969,CUST-674,ST-19,,05/06/2026,CLOSED,"$18,269.00"
ORD-1970,CUST-2208,ST-22,,2026-09-25,ACTIVE,7466
ORD-1971,CUST-1455,ST-13,CP-40,2024-09-09,closed,7487
ORD-1972,CUST-1867,ST-18,,2024-09-15, Active ,"$15,204.00"
ORD-1973,CUST-1323,ST-9,,2026-09-20,pending,12796
ORD-1974,CUST-3838,ST-25,,28-03-2025, Active ,18518
ORD-1975,CUST-1191,ST-1,CP-76,09/25/2024, Active ,"2,229.00"
ORD-1976,CUST-3653,ST-21,,2025-10-18,active,12683
ORD-1977,CUST-1612,ST-5,,2025-07-22,closed,"19,933.00"
ORD-1978,CUST-3887,ST-6,,2024-11-28,PENDING,9827
ORD-1979,CUST-4231,ST-15,CP-1,16-12-2025,PENDING,"$9,214.00"
ORD-1980,CUST-1229,ST-25,,2024-08-07,CLOSED,10652
ORD-1981,CUST-4453,ST-14,,09/05/2025,CLOSED,10426
ORD-1982,CUST-4423,ST-5,,2025-05-27,closed,"19,431.00"
ORD-1983,CUST-2718,ST-5,CP-174,03-09-2025,pending,15484
ORD-1984,CUST-792,ST-5,CP-46,2025-04-22,active,"$16,167.00"
ORD-1985,CUST-3035,ST-24,,2026-03-14,ACTIVE,13159
ORD-1986,CUST-2120,ST-13,,2024-01-01,pending,"3,365.00"
ORD-1987,CUST-3185,ST-25,,2026-07-10, Active ,"$6,463.00"
ORD-1988,CUST-2445,ST-19,,05/27/2026, Active ,"14,336.00"
ORD-1989,CUST-881,ST-19,CP-146,06/02/2024,pending,12980
ORD-1990,CUST-269,ST-7,CP-79,2025-05-25,closed,"13,395.00"
ORD-1991,CUST-4534,ST-20,,09/14/2025,CLOSED,"$4,162.00"
ORD-1992,CUST-262,ST-21,,05/10/2024,active,10116
ORD-1993,CUST-4139,ST-8,,06-02-2024,ACTIVE,11949
ORD-1994,CUST-558,ST-3,CP-138,12/22/2024,active,12080
ORD-1995,CUST-2566,ST-6,,2025-01-06,ACTIVE,"14,384.00"
ORD-1996,CUST-838,ST-24,,2026-12-10,CLOSED,5122
ORD-1997,CUST-3076,ST-21,CP-124,2024-02-10, Active ,8987
ORD-1998,CUST-3142,ST-16,,2024-08-07,PENDING,"$5,623.00"
ORD-1999,CUST-2967,ST-24,CP-162,03/18/2025,ACTIVE,"15,069.00"
ORD-2000,CUST-3556,ST-7,,06/15/2025,CLOSED,5272
ORD-2001,CUST-995,ST-10,,09/25/2024,closed,16899
ORD-2002,CUST-2916,ST-12,,2025-05-27,active,10480
ORD-2003,CUST-2564,ST-18,,2026-10-27,ACTIVE,5261
ORD-2004,CUST-4489,ST-7,,23-04-2025,ACTIVE,"$8,651.00"
ORD-2005,CUST-4982,ST-1,,2026-07-12,closed,"$5,954.00"
ORD-2006,CUST-1894,ST-9,,08/11/2025,closed,"$7,603.00"
ORD-2007,CUST-100,ST-15,,2024-10-21,closed,"$9,073.00"
ORD-2008,CUST-2131,ST-13,,02-02-2026,closed,"$13,960.00"
ORD-2009,CUST-3555,ST-1,CP-112,16-12-2025,pending,18564
ORD-2010,CUST-3637,ST-14,,13-01-2026,pending,"$2,735.00"
ORD-2011,CUST-2981,ST-16,,2026-06-01,ACTIVE,15519
ORD-2012,CUST-3025,ST-4,,2026-06-26,active,"7,603.00"
ORD-2013,CUST-2668,ST-15,,2026-01-22,PENDING,"$19,630.00"
ORD-2014,CUST-904,ST-17,,08/25/2025,ACTIVE,16744
ORD-2015,CUST-2420,ST-2,,2025-11-11,pending,"19,797.00"
ORD-2016,CUST-1059,ST-5,,28-08-2026,ACTIVE,"15,989.00"
ORD-2017,CUST-1198,ST-12,,05/17/2024,PENDING,12255
ORD-2018,CUST-927,ST-21,,09-10-2026,pending,"$14,310.00"
ORD-2019,CUST-4681,ST-21,,12/18/2025,closed,11978
ORD-2020,CUST-1903,ST-20,CP-88,03-07-2026,ACTIVE,$217.00
ORD-2021,CUST-2729,ST-3,,09/18/2024,PENDING,4692
ORD-2022,CUST-109,ST-3,CP-120,07/27/2024, Active ,19594
ORD-2023,CUST-1205,ST-3,CP-4,2025-03-22,pending,"$11,066.00"
ORD-2024,CUST-468,ST-23,,03-01-2024,CLOSED,19178
ORD-2025,CUST-2383,ST-25,CP-93,2024-03-13,CLOSED,"$19,443.00"
ORD-2026,CUST-1350,ST-24,,12/19/2025,closed,"$2,884.00"
ORD-2027,CUST-735,ST-13,,2026-06-28,PENDING,835
ORD-2028,CUST-2585,ST-10,,08/08/2025,PENDING,14533
ORD-2029,CUST-2957,ST-17,,2024-09-23,PENDING,14738
ORD-2030,CUST-2631,ST-21,CP-70,08/26/2025,CLOSED,"$15,450.00"
ORD-2031,CUST-4097,ST-20,,18-12-2024,CLOSED,"15,263.00"
ORD-2032,CUST-4850,ST-25,,06/04/2025,CLOSED,"$11,474.00"
ORD-2033,CUST-1127,ST-13,CP-115,01/21/2025,CLOSED,13754
ORD-2034,CUST-2720,ST-5,CP-104,2025-04-28,CLOSED,"9,120.00"
ORD-2035,CUST-16,ST-2,CP-83,24-03-2025,active,11715
ORD-2036,CUST-2799,ST-15,,2024-01-28,CLOSED,"$4,014.00"
ORD-2037,CUST-2501,ST-22,,07/07/2026,ACTIVE,8867
ORD-2038,CUST-976,ST-23,,2026-08-25,active,7936
ORD-2039,CUST-1708,ST-2,CP-76,2024-07-22, Active ,"$11,792.00"
ORD-2040,CUST-3016,ST-6,CP-59,2024-11-15, Active ,16893
ORD-2041,CUST-1026,ST-16,,2024-01-12,pending,"$12,719.00"
ORD-2042,CUST-3483,ST-24,,2024-11-26,ACTIVE,15982
ORD-2043,CUST-3732,ST-22,CP-84,2024-08-05,pending,13445
ORD-2044,CUST-4694,ST-23,,11/04/2025, Active ,9744
ORD-2045,CUST-3572,ST-19,,2024-05-07,CLOSED,"9,213.00"
ORD-2046,CUST-2335,ST-7,,05/14/2025, Active ,"$16,117.00"
ORD-2047,CUST-227,ST-5,,01/16/2024,ACTIVE,"$1,654.00"
ORD-2048,CUST-3060,ST-24,CP-169,2024-09-16,pending,10845
ORD-2049,CUST-4851,ST-5,,2025-08-28,pending,"2,500.00"
ORD-2050,CUST-1749,ST-7,CP-80,28-08-2025,ACTIVE,"18,501.00"
ORD-2051,CUST-4508,ST-6,,2026-10-10,PENDING,$859.00
ORD-2052,CUST-2958,ST-19,,2026-11-26,closed,"18,468.00"
ORD-2053,CUST-54,ST-11,,24-06-2024,ACTIVE,$559.00
ORD-2054,CUST-4533,ST-15,,03/14/2024,active,16261
ORD-2055,CUST-3722,ST-17,CP-155,06-03-2024,PENDING,17642
ORD-2056,CUST-4435,ST-13,,01/24/2024,CLOSED,"18,162.00"
ORD-2057,CUST-486,ST-4,,2026-03-26,CLOSED,14237
ORD-2058,CUST-1872,ST-9,,2024-09-03,pending,9219
ORD-2059,CUST-505,ST-6,,26-05-2024,active,10072
ORD-2060,CUST-9,ST-9,CP-132,16-05-2024,active,"18,796.00"
ORD-2061,CUST-2310,ST-9,CP-42,08/05/2026,ACTIVE,"$11,693.00"
ORD-2062,CUST-340,ST-7,,2025-06-12,CLOSED,8579
ORD-2063,CUST-3204,ST-16,,2025-11-19,active,14798
ORD-2064,CUST-760,ST-21,,2025-12-15,CLOSED,"$8,555.00"
ORD-2065,CUST-4703,ST-7,,02/01/2026,pending,"14,362.00"
ORD-2066,CUST-3010,ST-23,,2026-02-15,active,12792
ORD-2067,CUST-3920,ST-4,,03/21/2026,closed,8517
ORD-2068,CUST-4282,ST-5,,19-04-2025,CLOSED,"3,453.00"
ORD-2069,CUST-2870,ST-22,,08/10/2024,ACTIVE,"$14,982.00"
ORD-2070,CUST-1179,ST-10,,06/20/2026,ACTIVE,9813
ORD-2071,CUST-4059,ST-19,CP-125,03/03/2025,pending,5315
ORD-2072,CUST-4476,ST-25,,03/02/2024,pending,10988
ORD-2073,CUST-1739,ST-15,,25-09-2024,pending,6816
ORD-2074,CUST-1225,ST-8,,2026-07-02,ACTIVE,"$17,371.00"
ORD-2075,CUST-1540,ST-6,,2025-01-14,ACTIVE,18067
ORD-2076,CUST-665,ST-1,CP-62,09/11/2024,ACTIVE,15031
ORD-2077,CUST-445,ST-2,,2026-09-07,CLOSED,"2,630.00"
ORD-2078,CUST-1184,ST-19,CP-24,2026-08-27,active,"$1,678.00"
ORD-2079,CUST-1870,ST-22,,2025-04-23,ACTIVE,12132
ORD-2080,CUST-596,ST-5,,12/05/2024,PENDING,6411
ORD-2081,CUST-3311,ST-18,,07/12/2026,ACTIVE,12179
ORD-2082,CUST-1393,ST-10,,25-09-2024, Active ,4116
ORD-2083,CUST-4899,ST-18,,2025-06-24,CLOSED,173
ORD-2084,CUST-982,ST-3,,16-05-2024,active,"9,018.00"
ORD-2085,CUST-656,ST-24,,06-10-2025,ACTIVE,13641
ORD-2086,CUST-645,ST-24,,2025-05-14,ACTIVE,"$10,915.00"
ORD-2087,CUST-483,ST-3,,2025-03-06,closed,"13,333.00"
ORD-2088,CUST-3901,ST-1,,10/12/2025,pending,17205
ORD-2089,CUST-4918,ST-20,CP-45,15-07-2026, Active ,6483
ORD-2090,CUST-1870,ST-20,,03/04/2026,pending,13940
ORD-2091,CUST-4593,ST-12,,10/06/2026,ACTIVE,4211
ORD-2092,CUST-1103,ST-7,CP-170,10/03/2025,CLOSED,14672
ORD-2093,CUST-4321,ST-10,CP-126,12/14/2026,ACTIVE,10570
ORD-2094,CUST-2525,ST-19,,03/19/2026,pending,14967
ORD-2095,CUST-4483,ST-16,,2024-04-02,pending,11384
ORD-2096,CUST-2341,ST-20,,2025-07-25,pending,16294
ORD-2097,CUST-2002,ST-21,,2025-05-13,CLOSED,"$4,038.00"
ORD-2098,CUST-4184,ST-10,,2024-01-06,active,"$14,296.00"
ORD-2099,CUST-1005,ST-9,CP-173,14-12-2024, Active ,2486
ORD-2100,CUST-1861,ST-4,,2025-04-21,CLOSED,11029
ORD-2101,CUST-2709,ST-3,,12/19/2025, Active ,"$16,859.00"
ORD-2102,CUST-2956,ST-4,,2026-09-20,pending,"6,969.00"
ORD-2103,CUST-1235,ST-6,,10/14/2024,PENDING,60
ORD-2104,CUST-1622,ST-7,CP-62,2026-05-03,active,"$12,978.00"
ORD-2105,CUST-4825,ST-2,,2026-03-05,PENDING,11438
ORD-2106,CUST-2402,ST-10,CP-12,2024-08-08,PENDING,3545
ORD-2107,CUST-1504,ST-4,,2025-08-26,active,8494
ORD-2108,CUST-881,ST-18,,2026-10-02,active,7121
ORD-2109,CUST-4683,ST-13,,09/08/2025, Active ,"4,221.00"
ORD-2110,CUST-3026,ST-14,CP-154,08-06-2026,PENDING,"$15,609.00"
ORD-2111,CUST-4732,ST-8,,04/01/2024, Active ,10022
ORD-2112,CUST-3888,ST-18,,06/26/2025, Active ,1210
ORD-2113,CUST-4680,ST-21,CP-145,05/15/2025,pending,"$19,414.00"
ORD-2114,CUST-2195,ST-3,,2025-09-06,PENDING,18796
ORD-2115,CUST-3699,ST-10,CP-7,09/19/2025,closed,749
ORD-2116,CUST-3895,ST-7,,2024-06-15,PENDING,16532
ORD-2117,CUST-2817,ST-2,CP-140,08-03-2024,closed,4961
ORD-2118,CUST-3157,ST-3,,2024-07-18,closed,"2,031.00"
ORD-2119,CUST-1249,ST-24,,11/16/2025,active,15816
ORD-2120,CUST-2690,ST-3,CP-37,14-10-2026,CLOSED,"10,236.00"
ORD-2121,CUST-3842,ST-24,,09/17/2024,PENDING,"12,671.00"
ORD-2122,CUST-352,ST-24,,2024-10-15,CLOSED,"$3,450.00"
ORD-2123,CUST-4588,ST-17,,2025-08-28,closed,9155
ORD-2124,CUST-964,ST-22,CP-61,2026-07-02,pending,3518
ORD-2125,CUST-1927,ST-5,,12/23/2025, Active ,$487.00
ORD-2126,CUST-4284,ST-23,,2025-06-22,closed,18497
ORD-2127,CUST-696,ST-4,,09/10/2024,closed,"2,370.00"
ORD-2128,CUST-4970,ST-14,,12-03-2026,ACTIVE,"4,950.00"
ORD-2129,CUST-2800,ST-24,CP-183,09-10-2025,pending,"$16,199.00"
ORD-2130,CUST-3847,ST-17,,04/19/2026,active,"17,855.00"
ORD-2131,CUST-4625,ST-12,,2024-08-22,ACTIVE,16023
ORD-2132,CUST-4561,ST-18,,14-06-2026,PENDING,76
ORD-2133,CUST-2848,ST-9,,01/04/2025, Active ,14358
ORD-2134,CUST-3517,ST-15,,17-01-2024, Active ,"$8,028.00"
ORD-2135,CUST-1253,ST-7,,2026-07-11,ACTIVE,15094
ORD-2136,CUST-2659,ST-16,,01/02/2026,pending,8384
ORD-2137,CUST-3572,ST-3,,2024-08-12,closed,4117
ORD-2138,CUST-4254,ST-3,,2026-12-10,CLOSED,"$19,701.00"
ORD-2139,CUST-3309,ST-25,,03-12-2026,CLOSED,"$13,379.00"
ORD-2140,CUST-992,ST-2,,18-08-2025, Active ,"$5,073.00"
ORD-2141,CUST-2518,ST-12,,19-10-2026,pending,13093
ORD-2142,CUST-3887,ST-16,CP-29,20-10-2026,PENDING,12301
ORD-2143,CUST-1071,ST-5,CP-40,07/21/2025, Active ,"$14,673.00"
ORD-2144,CUST-3993,ST-19,,2024-06-10,closed,8669
ORD-2145,CUST-4122,ST-2,,2025-12-14,pending,"$6,880.00"
ORD-2146,CUST-3107,ST-23,,2025-01-19,CLOSED,"$17,219.00"
ORD-2147,CUST-2839,ST-14,,10/21/2025,closed,18276
ORD-2148,CUST-4598,ST-25,,2025-04-27,ACTIVE,15457
ORD-2149,CUST-2501,ST-11,,05/20/2026,active,7492
ORD-2150,CUST-1007,ST-3,,27-04-2024,pending,11649
ORD-2151,CUST-1151,ST-12,,2025-07-06,active,11624
ORD-2152,CUST-4769,ST-10,CP-119,26-01-2025,active,"$9,435.00"
ORD-2153,CUST-62,ST-11,,20-11-2026,pending,997
ORD-2154,CUST-3325,ST-6,,2024-06-01, Active ,"$9,170.00"
ORD-2155,CUST-754,ST-6,,03/20/2025,closed,9732
ORD-2156,CUST-925,ST-25,,2025-06-03,PENDING,5035
ORD-2157,CUST-4784,ST-12,,2025-12-22,ACTIVE,"13,627.00"
ORD-2158,CUST-933,ST-4,CP-136,2025-10-10,pending,"$18,826.00"
ORD-2159,CUST-2486,ST-15,,2026-11-26, Active ,9441
ORD-2160,CUST-970,ST-9,,09-06-2026,PENDING,16811
ORD-2161,CUST-3532,ST-10,,05/04/2024,pending,18038
ORD-2162,CUST-3175,ST-5,CP-116,2026-09-13,PENDING,5911
ORD-2163,CUST-3607,ST-6,,2026-01-15,PENDING,"13,438.00"
ORD-2164,CUST-571,ST-12,,2026-04-02,ACTIVE,4791
ORD-2165,CUST-4240,ST-4,,23-01-2024,closed,14724
ORD-2166,CUST-2430,ST-13,CP-48,11/09/2024,PENDING,"$12,945.00"
ORD-2167,CUST-987,ST-6,,2024-01-04,closed,"$3,458.00"
ORD-2168,CUST-3384,ST-1,CP-47,01/11/2025,closed,"15,631.00"
ORD-2169,CUST-4176,ST-5,,2026-07-16, Active ,"2,952.00"
ORD-2170,CUST-1028,ST-16,,2025-09-01,active,"1,379.00"
ORD-2171,CUST-531,ST-15,,08/21/2024,closed,6081
ORD-2172,CUST-4467,ST-22,CP-175,11/15/2025,ACTIVE,"$9,484.00"
ORD-2173,CUST-1740,ST-6,,2025-11-11,active,373
ORD-2174,CUST-470,ST-2,,2026-11-07,CLOSED,13505
ORD-2175,CUST-1773,ST-16,,21-02-2026,pending,5843
ORD-2176,CUST-2472,ST-21,,2025-08-23,closed,"14,864.00"
ORD-2177,CUST-2784,ST-13,CP-107,23-05-2026,active,8160
ORD-2178,CUST-582,ST-14,CP-172,2025-07-06,closed,6503
ORD-2179,CUST-3375,ST-4,,2025-10-08,CLOSED,"$7,265.00"
ORD-2180,CUST-3544,ST-2,,02/11/2026,PENDING,"16,333.00"
ORD-2181,CUST-1431,ST-25,,2025-02-20,CLOSED,"1,080.00"
ORD-2182,CUST-1950,ST-20,,18-08-2024, Active ,10408
ORD-2183,CUST-2647,ST-22,,2025-07-26,closed,12093
ORD-2184,CUST-2286,ST-4,CP-79,09/13/2024,active,"$11,318.00"
ORD-2185,CUST-3077,ST-1,,05/06/2026,pending,"17,106.00"
ORD-2186,CUST-4787,ST-12,,17-03-2026,CLOSED,9600
ORD-2187,CUST-1886,ST-10,,2025-03-23,closed,5575
ORD-2188,CUST-1208,ST-21,CP-167,06/03/2024,pending,"$10,841.00"
ORD-2189,CUST-407,ST-4,,06/09/2024,pending,"$1,012.00"
ORD-2190,CUST-3626,ST-8,,2025-10-15,ACTIVE,"6,543.00"
ORD-2191,CUST-4789,ST-15,CP-14,2025-11-27, Active ,"3,356.00"
ORD-2192,CUST-1353,ST-20,,24-01-2026,pending,"$9,024.00"
ORD-2193,CUST-1386,ST-14,,12-11-2024,active,5981
ORD-2194,CUST-3825,ST-1,,2026-04-17,PENDING,"$10,954.00"
ORD-2195,CUST-17,ST-1,,07/07/2025, Active ,"2,652.00"
ORD-2196,CUST-1037,ST-6,,2024-08-04, Active ,"$6,320.00"
ORD-2197,CUST-4091,ST-1,,2025-03-24,ACTIVE,"$14,921.00"
ORD-2198,CUST-2871,ST-17,CP-191,21-08-2026,PENDING,"15,282.00"
ORD-2199,CUST-282,ST-12,,2025-10-23,pending,"$13,441.00"
ORD-2200,CUST-3533,ST-2,,09/27/2024,PENDING,16461
ORD-2201,CUST-2303,ST-12,,2026-05-09,closed,"$16,174.00"
ORD-2202,CUST-4284,ST-3,,23-12-2024, Active ,"12,451.00"
ORD-2203,CUST-2858,ST-17,CP-98,28-10-2025,ACTIVE,"18,391.00"
ORD-2204,CUST-4423,ST-3,,23-02-2024, Active ,16876
ORD-2205,CUST-4721,ST-25,CP-95,19-11-2024,ACTIVE,17869
ORD-2206,CUST-3882,ST-20,,01-07-2025,active,8170
ORD-2207,CUST-4923,ST-9,CP-77,2024-10-20,active,3293
ORD-2208,CUST-1143,ST-11,,2024-09-27,closed,7580
ORD-2209,CUST-2051,ST-5,,2024-06-25,PENDING,"$18,833.00"
ORD-2210,CUST-3931,ST-18,,07-07-2025,CLOSED,11613
ORD-2211,CUST-1900,ST-9,,12/12/2024,pending,"$9,303.00"
ORD-2212,CUST-3612,ST-16,,15-08-2025,closed,"13,419.00"
ORD-2213,CUST-819,ST-9,,04/04/2025,PENDING,"4,321.00"
ORD-2214,CUST-3551,ST-18,,2026-03-22,active,"$14,155.00"
ORD-2215,CUST-4386,ST-7,,27-09-2024,PENDING,55
ORD-2216,CUST-4939,ST-17,,10/05/2025,ACTIVE,5209
ORD-2217,CUST-4247,ST-17,CP-93,24-08-2026,ACTIVE,6214
ORD-2218,CUST-1892,ST-8,,2025-03-04,CLOSED,"13,819.00"
ORD-2219,CUST-894,ST-17,CP-169,2026-06-18, Active ,"$11,048.00"
ORD-2220,CUST-4696,ST-3,CP-89,10/02/2026,pending,9892
ORD-2221,CUST-1652,ST-16,,2024-09-18, Active ,19967
ORD-2222,CUST-800,ST-4,,11/23/2025,CLOSED,"2,803.00"
ORD-2223,CUST-1014,ST-19,,01/28/2026,PENDING,5610
ORD-2224,CUST-31,ST-6,,2025-02-09,ACTIVE,"4,308.00"
ORD-2225,CUST-3324,ST-12,CP-104,25-09-2026,PENDING,"6,941.00"
ORD-2226,CUST-1000,ST-22,,18-10-2024,CLOSED,"$19,180.00"
ORD-2227,CUST-4582,ST-1,,12/22/2024,pending,"$11,010.00"
ORD-2228,CUST-3385,ST-22,,04/12/2024,pending,7817
ORD-2229,CUST-590,ST-10,,11/13/2024,ACTIVE,4386
ORD-2230,CUST-4256,ST-3,CP-89,2025-12-21,CLOSED,15493
ORD-2231,CUST-4725,ST-23,,2026-04-26,PENDING,"1,830.00"
ORD-2232,CUST-3808,ST-10,,11/03/2026,ACTIVE,11406
ORD-2233,CUST-2035,ST-18,,2024-09-08,active,"$5,759.00"
ORD-2234,CUST-517,ST-15,,2026-01-25,CLOSED,5397
ORD-2235,CUST-431,ST-22,CP-98,12/12/2026,closed,2165
ORD-2236,CUST-2884,ST-1,,2025-01-06,PENDING,19125
ORD-2237,CUST-679,ST-9,CP-190,2026-12-19, Active ,"$11,755.00"
ORD-2238,CUST-61,ST-25,CP-32,2026-06-10, Active ,"10,341.00"
ORD-2239,CUST-916,ST-24,,2026-01-20, Active ,"1,428.00"
ORD-2240,CUST-2315,ST-11,CP-137,13-09-2025, Active ,3243
ORD-2241,CUST-4855,ST-7,CP-69,01/03/2025, Active ,12943
ORD-2242,CUST-981,ST-4,CP-37,03/12/2024,CLOSED,19661
ORD-2243,CUST-887,ST-19,,07-12-2026,ACTIVE,"$14,807.00"
ORD-2244,CUST-1918,ST-22,CP-22,25-07-2026,PENDING,"1,749.00"
ORD-2245,CUST-1406,ST-9,,2024-08-16,CLOSED,"$8,292.00"
ORD-2246,CUST-818,ST-15,,2025-08-14,active,"3,216.00"
ORD-2247,CUST-1683,ST-25,,2026-09-12,closed,13009
ORD-2248,CUST-142,ST-4,,18-03-2026,CLOSED,5519
ORD-2249,CUST-4997,ST-25,,2026-08-15,closed,"$6,884.00"
ORD-2250,CUST-3592,ST-7,,2025-08-09,closed,6444
ORD-2251,CUST-2966,ST-11,,05-08-2026,CLOSED,8072
ORD-2252,CUST-4470,ST-1,CP-2,2026-06-16,active,3293
ORD-2253,CUST-4491,ST-4,,03-03-2024,PENDING,"$14,556.00"
ORD-2254,CUST-4043,ST-2,,11/14/2024,PENDING,9882
ORD-2255,CUST-1122,ST-6,CP-43,09/26/2025,ACTIVE,$574.00
ORD-2256,CUST-991,ST-15,,25-05-2026,CLOSED,"11,459.00"
ORD-2257,CUST-2298,ST-6,,06-11-2026,active,"4,048.00"
ORD-2258,CUST-4027,ST-14,,2024-01-22,pending,9743
ORD-2259,CUST-2960,ST-6,,03/14/2024,CLOSED,"$3,179.00"
ORD-2260,CUST-2615,ST-25,,16-08-2025,PENDING,"3,908.00"
ORD-2261,CUST-139,ST-25,,2026-02-13,active,11324
ORD-2262,CUST-3849,ST-21,,2025-01-20, Active ,13512
ORD-2263,CUST-4587,ST-4,,04/10/2025,ACTIVE,2597
ORD-2264,CUST-1983,ST-10,,2025-10-11,closed,11332
ORD-2265,CUST-3585,ST-1,CP-97,2025-08-17,closed,5745
ORD-2266,CUST-4278,ST-16,,04/08/2025,CLOSED,5064
ORD-2267,CUST-958,ST-6,,2026-04-24,pending,"$2,903.00"
ORD-2268,CUST-1685,ST-22,,11/25/2026,pending,17986
ORD-2269,CUST-3959,ST-15,CP-44,11-12-2026,closed,12901
ORD-2270,CUST-3932,ST-6,CP-11,2026-12-01,closed,"$10,558.00"
ORD-2271,CUST-1432,ST-7,,11/08/2024, Active ,"7,967.00"
ORD-2272,CUST-3626,ST-6,,02-09-2024,closed,"4,782.00"
ORD-2273,CUST-3741,ST-1,,2025-01-21,active,"$8,106.00"
ORD-2274,CUST-1940,ST-2,CP-18,2025-02-28,active,"16,547.00"
ORD-2275,CUST-3198,ST-23,CP-61,04/03/2026,closed,"$7,820.00"
ORD-2276,CUST-4176,ST-19,,2024-01-15,CLOSED,"3,410.00"
ORD-2277,CUST-4412,ST-21,,12/21/2026,ACTIVE,1557
ORD-2278,CUST-2511,ST-18,,2026-01-03,closed,7599
ORD-2279,CUST-842,ST-12,,23-06-2024,active,"$11,299.00"
ORD-2280,CUST-1310,ST-1,,04-12-2025,active,"10,520.00"
ORD-2281,CUST-2015,ST-17,,18-07-2025,active,"$16,861.00"
ORD-2282,CUST-303,ST-2,,2026-09-19,ACTIVE,8597
ORD-2283,CUST-2959,ST-25,,23-09-2024, Active ,5277
ORD-2284,CUST-4656,ST-7,CP-79,17-03-2024,ACTIVE,16114
ORD-2285,CUST-3711,ST-25,CP-156,09-07-2026,pending,10704
ORD-2286,CUST-2431,ST-3,,2024-06-25,PENDING,"6,959.00"
ORD-2287,CUST-246,ST-7,CP-182,09/06/2026,pending,"$5,826.00"
ORD-2288,CUST-4773,ST-24,,03-07-2025,PENDING,8944
ORD-2289,CUST-1409,ST-5,,2024-05-12,ACTIVE,"$14,258.00"
ORD-2290,CUST-1474,ST-25,CP-119,2025-04-22,closed,15491
ORD-2291,CUST-3753,ST-5,,2026-09-26,active,10959
ORD-2292,CUST-4065,ST-10,,12/02/2026,PENDING,"2,011.00"
ORD-2293,CUST-3359,ST-2,,2026-03-07,pending,3767
ORD-2294,CUST-4824,ST-14,,2024-10-03, Active ,1615
ORD-2295,CUST-4389,ST-24,,2026-12-09,ACTIVE,17713
ORD-2296,CUST-2234,ST-15,,21-12-2026, Active ,10239
ORD-2297,CUST-4363,ST-20,,02/07/2024,pending,1695
ORD-2298,CUST-4081,ST-17,,2026-08-09,PENDING,"$9,906.00"
ORD-2299,CUST-929,ST-14,CP-109,2025-05-04,CLOSED,9864
ORD-2300,CUST-4755,ST-3,,11/03/2025,closed,"11,870.00"
ORD-2301,CUST-615,ST-21,CP-155,11/28/2026,closed,2341
ORD-2302,CUST-4466,ST-12,CP-72,21-10-2025, Active ,16709
ORD-2303,CUST-4569,ST-3,CP-90,2026-10-16,CLOSED,"13,590.00"
ORD-2304,CUST-1227,ST-18,,2026-06-11,closed,"$9,445.00"
ORD-2305,CUST-3954,ST-5,,02/09/2024,ACTIVE,"19,449.00"
ORD-2306,CUST-1792,ST-23,CP-104,2026-06-26,closed,4846
ORD-2307,CUST-2587,ST-11,,08/22/2024,closed,2596
ORD-2308,CUST-144,ST-15,,09/25/2025,ACTIVE,333
ORD-2309,CUST-636,ST-2,,2024-10-21,pending,6240
ORD-2310,CUST-4526,ST-21,CP-149,2024-12-05,closed,2042
ORD-2311,CUST-3150,ST-13,CP-70,2024-03-04, Active ,13484
ORD-2312,CUST-1455,ST-3,CP-91,2026-03-01,active,11246
ORD-2313,CUST-3675,ST-7,,18-10-2026, Active ,"$13,779.00"
ORD-2314,CUST-4525,ST-6,,2024-12-04,CLOSED,"13,451.00"
ORD-2315,CUST-1941,ST-4,,10/16/2024,PENDING,"4,853.00"
ORD-2316,CUST-4618,ST-4,,2026-11-15,ACTIVE,1471
ORD-2317,CUST-229,ST-6,,2024-06-14,PENDING,"4,635.00"
ORD-2318,CUST-1562,ST-1,,07/08/2025,active,"$14,253.00"
ORD-2319,CUST-3089,ST-5,CP-70,2025-04-23,closed,7681
ORD-2320,CUST-857,ST-7,,09-06-2025,ACTIVE,8468
ORD-2321,CUST-3507,ST-2,,07-08-2025,CLOSED,10854
ORD-2322,CUST-4454,ST-17,,2026-10-10,CLOSED,4592
ORD-2323,CUST-4240,ST-24,,2026-04-17, Active ,15385
ORD-2324,CUST-2845,ST-4,,12/19/2025, Active ,11252
ORD-2325,CUST-82,ST-5,,2025-09-25, Active ,4816
ORD-2326,CUST-4900,ST-12,CP-5,01/10/2026,pending,"12,786.00"
ORD-2327,CUST-67,ST-7,CP-86,2025-03-28,pending,"$12,929.00"
ORD-2328,CUST-2148,ST-15,,20-04-2025,CLOSED,"2,551.00"
ORD-2329,CUST-1038,ST-17,,2026-01-06,closed,2696
ORD-2330,CUST-1040,ST-6,CP-28,28-11-2024,active,"$3,098.00"
ORD-2331,CUST-3301,ST-13,,12/06/2025,ACTIVE,17008
ORD-2332,CUST-4363,ST-16,,02/03/2026, Active ,4882
ORD-2333,CUST-3626,ST-16,CP-80,04/06/2024,pending,2775
ORD-2334,CUST-4939,ST-6,CP-104,2026-02-04,pending,14832
ORD-2335,CUST-2469,ST-8,,04/13/2024,ACTIVE,6429
ORD-2336,CUST-3561,ST-6,,16-05-2024,pending,7300
ORD-2337,CUST-655,ST-9,,2025-11-28,active,5030
ORD-2338,CUST-2771,ST-8,CP-15,05/03/2026,closed,"6,328.00"
ORD-2339,CUST-3723,ST-10,,2024-12-23,ACTIVE,7179
ORD-2340,CUST-1607,ST-24,,23-06-2024,pending,18648
ORD-2341,CUST-1108,ST-8,CP-57,09/08/2026,ACTIVE,6433
ORD-2342,CUST-1443,ST-25,,2026-02-24,pending,15426
ORD-2343,CUST-3856,ST-16,,2026-11-28,CLOSED,6989
ORD-2344,CUST-4985,ST-13,,04/10/2026,ACTIVE,"18,813.00"
ORD-2345,CUST-1391,ST-25,,25-10-2024, Active ,2971
ORD-2346,CUST-2744,ST-17,,11/26/2025,ACTIVE,2665
ORD-2347,CUST-2412,ST-14,CP-55,2026-03-06,ACTIVE,15411
ORD-2348,CUST-728,ST-20,,25-03-2024,ACTIVE,15324
ORD-2349,CUST-1327,ST-5,CP-57,2024-05-19, Active ,342.00
ORD-2350,CUST-3295,ST-22,,2025-06-28,closed,687
ORD-2351,CUST-2794,ST-5,CP-97,2026-02-17, Active ,"$1,139.00"
ORD-2352,CUST-1716,ST-2,,01/06/2024,pending,"13,681.00"
ORD-2353,CUST-2632,ST-11,,2026-04-19, Active ,"$13,328.00"
ORD-2354,CUST-155,ST-5,CP-47,2025-09-18,CLOSED,12099
ORD-2355,CUST-1350,ST-13,,2025-02-12,pending,"$18,082.00"
ORD-2356,CUST-2928,ST-14,,05/12/2024,active,"17,677.00"
ORD-2357,CUST-3065,ST-20,,2026-03-04,CLOSED,"$9,174.00"
ORD-2358,CUST-3286,ST-17,CP-105,19-12-2025,CLOSED,"1,908.00"
ORD-2359,CUST-727,ST-19,,2024-11-25,PENDING,3627
ORD-2360,CUST-626,ST-9,,2025-01-24,PENDING,18414
ORD-2361,CUST-2031,ST-21,,04/12/2024,closed,8152
ORD-2362,CUST-1850,ST-7,CP-69,01-02-2024,CLOSED,"$18,942.00"
ORD-2363,CUST-1492,ST-4,,2026-09-19,CLOSED,16626
ORD-2364,CUST-197,ST-5,,2026-04-24,active,"9,489.00"
ORD-2365,CUST-359,ST-5,CP-40,2024-04-10,closed,19513
ORD-2366,CUST-4382,ST-2,,02/09/2026,active,14393
ORD-2367,CUST-3450,ST-17,,24-08-2026,ACTIVE,"16,098.00"
ORD-2368,CUST-3088,ST-9,,15-11-2025,ACTIVE,9423
ORD-2369,CUST-2719,ST-5,,2026-07-25,pending,"17,876.00"
ORD-2370,CUST-3355,ST-17,,2024-11-24,closed,17281
ORD-2371,CUST-1254,ST-2,,02/13/2025,active,"$12,516.00"
ORD-2372,CUST-1862,ST-1,,2026-08-27, Active ,19913
ORD-2373,CUST-2666,ST-17,,25-01-2026,CLOSED,"$5,611.00"
ORD-2374,CUST-3689,ST-18,,2024-09-12,CLOSED,12919
ORD-2375,CUST-4762,ST-23,,2026-02-06, Active ,"16,976.00"
ORD-2376,CUST-1160,ST-20,,2024-03-28,active,1841
ORD-2377,CUST-1886,ST-20,,03/07/2026,pending,4395
ORD-2378,CUST-3385,ST-9,,09/03/2026,closed,"8,381.00"
ORD-2379,CUST-3866,ST-12,,2026-04-11,active,11045
ORD-2380,CUST-3266,ST-3,,05/04/2024,active,"$3,427.00"
ORD-2381,CUST-2600,ST-22,,02/03/2025,closed,15290
ORD-2382,CUST-597,ST-6,,12-02-2024,closed,"$9,300.00"
ORD-2383,CUST-3025,ST-19,,27-02-2024, Active ,"$12,076.00"
ORD-2384,CUST-2323,ST-18,,2026-09-14,active,"$11,515.00"
ORD-2385,CUST-1118,ST-19,,06/19/2025,PENDING,"11,095.00"
ORD-2386,CUST-312,ST-17,,2025-01-07, Active ,"5,737.00"
ORD-2387,CUST-2588,ST-13,,2026-05-15,ACTIVE,"$12,047.00"
ORD-2388,CUST-4715,ST-24,,11/06/2026,CLOSED,"$3,104.00"
ORD-2389,CUST-946,ST-24,,18-04-2026,pending,18633
ORD-2390,CUST-2209,ST-14,,07-10-2025,PENDING,15727
ORD-2391,CUST-1967,ST-6,CP-68,2026-03-15,closed,6626
ORD-2392,CUST-3505,ST-24,,11/10/2026,CLOSED,14541
ORD-2393,CUST-4558,ST-15,,03-08-2025,CLOSED,10016
ORD-2394,CUST-178,ST-7,,05/19/2024,ACTIVE,1683
ORD-2395,CUST-1096,ST-3,,2024-03-28,CLOSED,6539
ORD-2396,CUST-570,ST-14,,20-01-2024,CLOSED,"13,901.00"
ORD-2397,CUST-1304,ST-25,,01/06/2024,PENDING,8650
ORD-2398,CUST-1199,ST-9,,2025-04-19, Active ,1217
ORD-2399,CUST-1747,ST-13,,2024-12-26,PENDING,13482
ORD-2400,CUST-935,ST-3,CP-34,2024-07-02,pending,"$3,081.00"
ORD-2401,CUST-737,ST-1,,2025-06-13,CLOSED,2839
ORD-2402,CUST-2698,ST-14,CP-97,18-12-2025,CLOSED,"14,708.00"
ORD-2403,CUST-258,ST-25,CP-14,2026-08-17,ACTIVE,10380
ORD-2404,CUST-2308,ST-10,CP-157,2024-12-14,pending,"$16,541.00"
ORD-2405,CUST-4028,ST-25,,2025-05-15,PENDING,3058
ORD-2406,CUST-1957,ST-25,,2025-11-20,CLOSED,"17,829.00"
ORD-2407,CUST-3575,ST-20,CP-118,2024-04-26,active,"$2,333.00"
ORD-2408,CUST-4874,ST-24,,2025-09-06, Active ,13604
ORD-2409,CUST-701,ST-4,,08-01-2025,closed,5287
ORD-2410,CUST-2308,ST-4,,2026-12-27,PENDING,"$10,720.00"
ORD-2411,CUST-4070,ST-8,,04-07-2025,ACTIVE,"1,605.00"
ORD-2412,CUST-451,ST-23,,2024-04-19,PENDING,14205
ORD-2413,CUST-3816,ST-2,,2024-05-01,active,18952
ORD-2414,CUST-4233,ST-16,,01/21/2026, Active ,"$16,351.00"
ORD-2415,CUST-2389,ST-8,CP-160,13-11-2025,ACTIVE,3004
ORD-2416,CUST-3154,ST-17,,06-09-2024,PENDING,"12,547.00"
ORD-2417,CUST-1869,ST-25,,05/26/2026,PENDING,"$8,507.00"
ORD-2418,CUST-1780,ST-8,,2026-09-05,PENDING,12609
ORD-2419,CUST-3270,ST-12,CP-198,02/01/2025,active,"5,440.00"
ORD-2420,CUST-4714,ST-18,CP-40,12/12/2025,pending,2240
ORD-2421,CUST-3158,ST-16,,2025-05-01,active,1709
ORD-2422,CUST-4353,ST-23,CP-100,2026-07-12, Active ,9890
ORD-2423,CUST-1600,ST-13,,01-11-2026,CLOSED,"$13,383.00"
ORD-2424,CUST-2140,ST-19,,03-03-2024,CLOSED,8183
ORD-2425,CUST-1226,ST-25,,04/24/2026,ACTIVE,291
ORD-2426,CUST-4682,ST-16,,07/18/2026,active,"18,007.00"
ORD-2427,CUST-3904,ST-7,,2025-02-23,active,4895
ORD-2428,CUST-3625,ST-8,,2025-02-22,ACTIVE,"$4,968.00"
ORD-2429,CUST-547,ST-13,,2025-03-17,pending,426.00
ORD-2430,CUST-4708,ST-15,,2025-11-25,ACTIVE,"$7,231.00"
ORD-2431,CUST-2940,ST-13,,01/18/2024, Active ,7378
ORD-2432,CUST-2912,ST-14,,11/15/2026,ACTIVE,6374
ORD-2433,CUST-1682,ST-11,,2026-05-08,active,10375
ORD-2434,CUST-3879,ST-6,,2024-01-11,ACTIVE,370
ORD-2435,CUST-536,ST-16,,08/28/2025,closed,6160
ORD-2436,CUST-4041,ST-22,CP-136,2024-05-08,pending,"$11,601.00"
ORD-2437,CUST-4530,ST-20,,11/22/2026,ACTIVE,"$8,067.00"
ORD-2438,CUST-4807,ST-16,,14-04-2025,closed,14574
ORD-2439,CUST-3380,ST-20,,09/05/2025,pending,"5,727.00"
ORD-2440,CUST-1678,ST-21,,2025-08-21,ACTIVE,"6,891.00"
ORD-2441,CUST-626,ST-20,CP-64,2026-08-02,pending,"3,292.00"
ORD-2442,CUST-4060,ST-19,,10/04/2024,ACTIVE,"16,067.00"
ORD-2443,CUST-3308,ST-23,,2026-07-19,pending,"$7,606.00"
ORD-2444,CUST-3346,ST-5,,05/18/2024,CLOSED,"$6,251.00"
ORD-2445,CUST-2229,ST-19,,2024-05-27,CLOSED,"$2,731.00"
ORD-2446,CUST-3622,ST-6,,10/23/2024,pending,"4,818.00"
ORD-2447,CUST-2543,ST-3,CP-72,2026-02-14,ACTIVE,"19,378.00"
ORD-2448,CUST-2107,ST-10,,12/17/2025,PENDING,"$1,256.00"
ORD-2449,CUST-3035,ST-11,,21-09-2026,CLOSED,7173
ORD-2450,CUST-605,ST-12,,10/12/2024,active,9978
ORD-2451,CUST-2845,ST-13,,2024-09-05, Active ,"$13,951.00"
ORD-2452,CUST-437,ST-23,,14-10-2025, Active ,"18,023.00"
ORD-2453,CUST-3674,ST-7,,2024-04-26,active,4749
ORD-2454,CUST-4957,ST-7,,02-10-2026,ACTIVE,11694
ORD-2455,CUST-2067,ST-18,CP-163,17-06-2026, Active ,13792
ORD-2456,CUST-1428,ST-11,,2025-10-14,ACTIVE,"$6,683.00"
ORD-2457,CUST-349,ST-4,CP-69,27-08-2024,pending,"17,397.00"
ORD-2458,CUST-3053,ST-9,,12/03/2025,CLOSED,"$16,502.00"
ORD-2459,CUST-2942,ST-19,,2026-07-26,PENDING,5195
ORD-2460,CUST-2483,ST-16,CP-200,27-04-2025,pending,"$4,143.00"
ORD-2461,CUST-3270,ST-22,CP-135,2024-09-22,active,1251
ORD-2462,CUST-1866,ST-16,,13-11-2026,closed,19268
ORD-2463,CUST-2090,ST-14,,2025-11-04,pending,17657
ORD-2464,CUST-3104,ST-7,,2026-06-01, Active ,13205
ORD-2465,CUST-2709,ST-23,,2025-04-11,CLOSED,9666
ORD-2466,CUST-733,ST-2,,2024-09-12,CLOSED,19883
ORD-2467,CUST-386,ST-24,,04-01-2026, Active ,11680
ORD-2468,CUST-311,ST-25,,11-12-2026, Active ,2614
ORD-2469,CUST-242,ST-12,,2025-11-03,active,"$19,042.00"
ORD-2470,CUST-1166,ST-4,,01/10/2026,PENDING,958.00
ORD-2471,CUST-467,ST-17,CP-119,2026-10-04,closed,15479
ORD-2472,CUST-2966,ST-25,,12/09/2026,ACTIVE,5808
ORD-2473,CUST-2546,ST-8,,2024-12-21, Active ,"$18,718.00"
ORD-2474,CUST-906,ST-5,,07/22/2024,active,18480
ORD-2475,CUST-3996,ST-16,,2025-05-07,closed,14127
ORD-2476,CUST-899,ST-23,,2025-04-16,active,662
ORD-2477,CUST-2403,ST-4,,05/13/2026,CLOSED,6691
ORD-2478,CUST-4955,ST-1,CP-153,2025-11-03,CLOSED,"$11,565.00"
ORD-2479,CUST-2485,ST-3,,12-11-2026,active,"$6,277.00"
ORD-2480,CUST-3650,ST-19,,12/21/2025,ACTIVE,770
ORD-2481,CUST-2822,ST-11,CP-8,2025-07-16,pending,8894
ORD-2482,CUST-337,ST-15,,09/05/2024,PENDING,"$3,794.00"
ORD-2483,CUST-3146,ST-11,CP-25,02-01-2025,active,18370
ORD-2484,CUST-3140,ST-15,CP-12,2024-09-21,PENDING,14728
ORD-2485,CUST-3425,ST-16,,2025-11-28,ACTIVE,3337
ORD-2486,CUST-4565,ST-13,CP-96,01/13/2025,active,$448.00
ORD-2487,CUST-1636,ST-16,CP-179,22-08-2024, Active ,17767
ORD-2488,CUST-3098,ST-10,,09/19/2026,CLOSED,"$4,522.00"
ORD-2489,CUST-2845,ST-11,CP-166,07-11-2025,PENDING,4992
ORD-2490,CUST-4868,ST-20,,2024-05-04,active,"$18,946.00"
ORD-2491,CUST-4246,ST-10,CP-55,06/16/2024,CLOSED,19888
ORD-2492,CUST-2616,ST-22,CP-14,2024-11-18,active,"1,217.00"
ORD-2493,CUST-4275,ST-23,,25-01-2026,PENDING,"10,479.00"
ORD-2494,CUST-4843,ST-8,,2024-09-14,PENDING,"$14,640.00"
ORD-2495,CUST-2617,ST-2,CP-184,11/02/2026,CLOSED,"$9,483.00"
ORD-2496,CUST-4544,ST-13,,2025-10-26,CLOSED,"16,217.00"
ORD-2497,CUST-3266,ST-21,,2025-04-23,PENDING,16215
ORD-2498,CUST-2342,ST-22,CP-120,14-12-2025,closed,12866
ORD-2499,CUST-3733,ST-21,,26-07-2024,PENDING,"$12,917.00"
ORD-2500,CUST-2558,ST-1,,02/18/2025,active,5271
ORD-2501,CUST-2245,ST-20,,28-04-2026,closed,"12,730.00"
ORD-2502,CUST-1203,ST-18,,2024-04-18,ACTIVE,"$14,777.00"
ORD-2503,CUST-4312,ST-4,CP-117,11/17/2024,ACTIVE,1137
ORD-2504,CUST-35,ST-6,,06/07/2026,PENDING,"$14,432.00"
ORD-2505,CUST-2532,ST-2,,05/17/2024,active,"$9,492.00"
ORD-2506,CUST-4221,ST-6,,2026-04-26,PENDING,11962
ORD-2507,CUST-2417,ST-19,CP-70,09/24/2024, Active ,"$14,749.00"
ORD-2508,CUST-3590,ST-7,,2025-03-13,PENDING,4120
ORD-2509,CUST-1379,ST-25,CP-152,2026-03-27,ACTIVE,"5,009.00"
ORD-2510,CUST-2586,ST-22,CP-9,2026-02-06,pending,"$18,578.00"
ORD-2511,CUST-3970,ST-20,,07/16/2025,closed,5189
ORD-2512,CUST-3736,ST-23,,28-08-2026,active,19762
ORD-2513,CUST-839,ST-1,,14-04-2024,active,19450
ORD-2514,CUST-2410,ST-24,CP-50,2024-01-11,closed,11903
ORD-2515,CUST-3105,ST-14,,02/25/2024,CLOSED,10870
ORD-2516,CUST-4209,ST-5,,2024-07-11,PENDING,7433
ORD-2517,CUST-397,ST-16,,08/04/2025,active,"4,093.00"
ORD-2518,CUST-879,ST-15,,2026-02-03,CLOSED,1905
ORD-2519,CUST-1228,ST-19,,01/24/2024,ACTIVE,"$13,736.00"
ORD-2520,CUST-4230,ST-17,,01/24/2025,ACTIVE,18518
ORD-2521,CUST-4808,ST-15,CP-83,25-12-2024,closed,9085
ORD-2522,CUST-1763,ST-23,CP-179,15-10-2025,closed,"$16,059.00"
ORD-2523,CUST-4548,ST-1,CP-56,2024-02-25, Active ,19968
ORD-2524,CUST-1678,ST-25,,2024-01-19,active,7770
ORD-2525,CUST-2674,ST-11,,12-03-2026,active,"8,447.00"
ORD-2526,CUST-3103,ST-16,,18-09-2025,ACTIVE,"5,738.00"
ORD-2527,CUST-2829,ST-10,,2025-12-06,PENDING,"$9,471.00"
ORD-2528,CUST-3866,ST-14,,01/14/2024,CLOSED,"$9,566.00"
ORD-2529,CUST-156,ST-9,CP-131,02-07-2026,CLOSED,"2,542.00"
ORD-2530,CUST-4974,ST-7,,2026-02-18, Active ,"$12,516.00"
ORD-2531,CUST-361,ST-15,,2025-06-11,active,9647
ORD-2532,CUST-1240,ST-1,,04/15/2025,closed,2015
ORD-2533,CUST-1688,ST-8,,2025-11-19,ACTIVE,19706
ORD-2534,CUST-4008,ST-11,CP-39,2025-03-14,ACTIVE,10703
ORD-2535,CUST-4627,ST-17,CP-61,2025-06-22,closed,"17,490.00"
ORD-2536,CUST-4362,ST-8,,08/05/2025,pending,"$10,216.00"
ORD-2537,CUST-4208,ST-14,CP-35,2024-10-13,pending,"$8,109.00"
ORD-2538,CUST-2063,ST-6,,06/20/2025,closed,"13,575.00"
ORD-2539,CUST-3142,ST-22,,10/05/2026,closed,"$14,833.00"
ORD-2540,CUST-1122,ST-22,,26-09-2026, Active ,345
ORD-2541,CUST-4962,ST-10,,2025-06-18,ACTIVE,"$18,816.00"
ORD-2542,CUST-906,ST-3,CP-33,17-02-2026, Active ,9859
ORD-2543,CUST-407,ST-8,CP-36,01/26/2024, Active ,15013
ORD-2544,CUST-2920,ST-16,,2024-05-18,ACTIVE,6097
ORD-2545,CUST-1988,ST-18,,2026-02-01,CLOSED,"$14,448.00"
ORD-2546,CUST-2434,ST-12,,2025-09-27,active,2597
ORD-2547,CUST-2319,ST-25,CP-185,28-01-2025,pending,3780
ORD-2548,CUST-3568,ST-19,,11-11-2025,PENDING,"$11,149.00"
ORD-2549,CUST-2935,ST-4,,03/26/2025,CLOSED,5745
ORD-2550,CUST-2500,ST-4,,2026-03-18,CLOSED,"$13,502.00"
ORD-2551,CUST-4408,ST-8,,2026-08-19,closed,5404
ORD-2552,CUST-3156,ST-3,,10/20/2026,ACTIVE,"$9,860.00"
ORD-2553,CUST-3244,ST-15,CP-120,07/03/2026,pending,17737
ORD-2554,CUST-2050,ST-5,CP-156,2026-04-24, Active ,"7,915.00"
ORD-2555,CUST-4612,ST-2,,2026-01-10,PENDING,15647
ORD-2556,CUST-1956,ST-14,,2026-02-21,active,5659
ORD-2557,CUST-4873,ST-3,,22-10-2026,active,17507
ORD-2558,CUST-2240,ST-7,,02/04/2024,closed,14960
ORD-2559,CUST-4078,ST-8,,2026-01-21,closed,"$6,394.00"
ORD-2560,CUST-2902,ST-20,,2024-01-03,active,"4,335.00"
ORD-2561,CUST-1688,ST-10,CP-71,2025-04-02,closed,11707
ORD-2562,CUST-4648,ST-15,,2025-10-14,ACTIVE,"$2,997.00"
ORD-2563,CUST-4175,ST-16,CP-161,07/24/2024,ACTIVE,"$12,185.00"
ORD-2564,CUST-3314,ST-25,,2026-06-03,ACTIVE,19793
ORD-2565,CUST-4745,ST-8,,03-08-2024, Active ,"6,609.00"
ORD-2566,CUST-807,ST-11,CP-87,09/28/2025,ACTIVE,3593
ORD-2567,CUST-3839,ST-1,,09-12-2025,ACTIVE,"$15,851.00"
ORD-2568,CUST-782,ST-24,CP-51,2026-02-14,pending,18289
ORD-2569,CUST-238,ST-13,,2026-06-12,closed,9514
ORD-2570,CUST-2739,ST-17,CP-155,2024-07-15,PENDING,16946
ORD-2571,CUST-1537,ST-20,,2024-10-05,closed,14919
ORD-2572,CUST-4755,ST-19,,2024-01-14,PENDING,"6,353.00"
ORD-2573,CUST-2470,ST-13,,05/01/2026, Active ,"13,291.00"
ORD-2574,CUST-4437,ST-17,,02/19/2025,CLOSED,537
ORD-2575,CUST-3938,ST-16,CP-23,2026-07-24,active,"4,654.00"
ORD-2576,CUST-4996,ST-7,CP-81,27-07-2024,pending,"7,002.00"
ORD-2577,CUST-309,ST-19,,10/14/2025,CLOSED,19690
ORD-2578,CUST-2235,ST-14,,01/28/2025,closed,"$13,962.00"
ORD-2579,CUST-2674,ST-2,CP-26,2025-08-04,ACTIVE,17824
ORD-2580,CUST-3487,ST-1,,2025-11-06,PENDING,7092
ORD-2581,CUST-839,ST-19,CP-145,10/02/2024,CLOSED,4710
ORD-2582,CUST-1097,ST-8,,2026-08-02,CLOSED,9838
ORD-2583,CUST-4079,ST-5,,10-05-2024,pending,16859
ORD-2584,CUST-254,ST-1,,09/20/2026,PENDING,18572
ORD-2585,CUST-2258,ST-8,,08/25/2024,PENDING,"11,667.00"
ORD-2586,CUST-3936,ST-23,,2024-04-18,PENDING,"$5,136.00"
ORD-2587,CUST-3711,ST-6,,2024-07-21,pending,2431
ORD-2588,CUST-726,ST-25,,2026-02-19,CLOSED,"9,438.00"
ORD-2589,CUST-2833,ST-13,,2026-03-11,pending,3474
ORD-2590,CUST-441,ST-14,,2025-03-25,active,6885
ORD-2591,CUST-1715,ST-4,,2025-10-15,ACTIVE,12573
ORD-2592,CUST-3566,ST-22,,13-07-2026,PENDING,"$6,308.00"
ORD-2593,CUST-2780,ST-18,,2026-11-14,active,"$9,799.00"
ORD-2594,CUST-2778,ST-17,CP-82,08/12/2024,pending,10396
ORD-2595,CUST-1111,ST-18,,2025-10-16,PENDING,"$4,535.00"
ORD-2596,CUST-674,ST-21,CP-123,11-02-2024,PENDING,"$17,406.00"
ORD-2597,CUST-261,ST-11,CP-188,04/02/2024,pending,"6,660.00"
ORD-2598,CUST-2869,ST-23,,01/01/2025,pending,2557
ORD-2599,CUST-2425,ST-16,,2026-03-06,pending,"$5,190.00"
ORD-2600,CUST-1060,ST-9,,2026-09-22,CLOSED,"$12,781.00"
ORD-2601,CUST-3747,ST-5,CP-105,08/01/2026, Active ,"17,231.00"
ORD-2602,CUST-979,ST-13,CP-63,16-09-2025, Active ,"3,602.00"
ORD-2603,CUST-2266,ST-10,,2026-06-12,CLOSED,17874
ORD-2604,CUST-477,ST-3,CP-193,02/16/2025, Active ,"1,723.00"
ORD-2605,CUST-2791,ST-17,CP-39,06/03/2025,closed,15654
ORD-2606,CUST-3989,ST-17,,2024-07-20,CLOSED,"5,714.00"
ORD-2607,CUST-2820,ST-22,CP-107,2025-09-11,closed,6480
ORD-2608,CUST-1775,ST-4,CP-45,09/17/2025, Active ,"$9,181.00"
ORD-2609,CUST-2768,ST-20,,06-06-2024,PENDING,14091
ORD-2610,CUST-331,ST-10,,08/04/2026,CLOSED,"$17,855.00"
ORD-2611,CUST-3992,ST-18,,07-04-2025,CLOSED,"10,577.00"
ORD-2612,CUST-4095,ST-14,CP-112,12/19/2026,PENDING,"$1,936.00"
ORD-2613,CUST-4324,ST-8,CP-65,04/19/2026,active,$917.00
ORD-2614,CUST-4389,ST-12,CP-148,2025-04-09,active,"13,535.00"
ORD-2615,CUST-4437,ST-3,,10/22/2025,CLOSED,"$17,892.00"
ORD-2616,CUST-1449,ST-25,,10/20/2024,pending,2155
ORD-2617,CUST-2669,ST-17,CP-149,2025-05-17,ACTIVE,"6,134.00"
ORD-2618,CUST-2136,ST-5,,2026-12-17,active,"$7,567.00"
ORD-2619,CUST-4747,ST-7,,2026-07-16,ACTIVE,4043
ORD-2620,CUST-3126,ST-23,CP-28,2026-12-01,closed,"$13,031.00"
ORD-2621,CUST-2084,ST-24,,2025-05-04,closed,568
ORD-2622,CUST-17,ST-3,CP-54,2025-07-10, Active ,"$10,384.00"
ORD-2623,CUST-1944,ST-20,,2025-04-11,CLOSED,9621
ORD-2624,CUST-3817,ST-3,,2024-09-17,pending,58.00
ORD-2625,CUST-3942,ST-12,,2026-05-21,ACTIVE,3554
ORD-2626,CUST-3508,ST-11,,2025-12-05,CLOSED,"8,679.00"
ORD-2627,CUST-2765,ST-11,CP-34,2024-06-02,PENDING,15236
ORD-2628,CUST-983,ST-11,CP-77,09/16/2026,closed,11195
ORD-2629,CUST-3724,ST-9,,2025-03-07,active,8054
ORD-2630,CUST-3723,ST-15,,2025-04-26,PENDING,8390
ORD-2631,CUST-2176,ST-22,CP-38,2025-04-02, Active ,"17,939.00"
ORD-2632,CUST-4255,ST-1,,08/19/2025,pending,"$17,476.00"
ORD-2633,CUST-3740,ST-24,CP-60,01/17/2024, Active ,"19,967.00"
ORD-2634,CUST-3602,ST-21,,2024-10-22,CLOSED,$255.00
ORD-2635,CUST-2055,ST-22,,11/02/2026,active,"6,501.00"
ORD-2636,CUST-2670,ST-11,,2024-12-21,ACTIVE,9029
ORD-2637,CUST-662,ST-17,CP-6,11/26/2025,ACTIVE,1022
ORD-2638,CUST-4382,ST-10,CP-77,2025-09-09,PENDING,"$9,930.00"
ORD-2639,CUST-1696,ST-25,,05/20/2024,ACTIVE,16289
ORD-2640,CUST-814,ST-20,,03/17/2025,active,918.00
ORD-2641,CUST-2450,ST-9,,22-01-2024,pending,"$13,533.00"
ORD-2642,CUST-3202,ST-16,,2026-07-24,pending,17963
ORD-2643,CUST-1423,ST-17,,2026-05-04,CLOSED,"$5,056.00"
ORD-2644,CUST-3015,ST-15,,2024-03-16,CLOSED,"$9,542.00"
ORD-2645,CUST-4027,ST-17,,2024-05-03,ACTIVE,"$4,272.00"
ORD-2646,CUST-99,ST-4,CP-136,16-10-2024, Active ,"$7,128.00"
ORD-2647,CUST-133,ST-2,,2024-07-23,active,7657
ORD-2648,CUST-2026,ST-13,CP-185,2025-02-05,ACTIVE,17680
ORD-2649,CUST-1242,ST-10,,27-01-2024,closed,15537
ORD-2650,CUST-3611,ST-12,,06/25/2025,closed,4791
ORD-2651,CUST-3043,ST-1,CP-113,12/23/2025,active,15428
ORD-2652,CUST-2920,ST-14,,2024-04-12,active,"$7,205.00"
ORD-2653,CUST-4260,ST-20,,06/04/2024,closed,4128
ORD-2654,CUST-2736,ST-24,,16-01-2026,PENDING,13591
ORD-2655,CUST-814,ST-8,,01/13/2024,closed,"$19,278.00"
ORD-2656,CUST-3829,ST-10,,04-03-2026,CLOSED,1815
ORD-2657,CUST-4696,ST-19,CP-86,2025-12-25,closed,3350
ORD-2658,CUST-1600,ST-15,,03/24/2025,ACTIVE,16903
ORD-2659,CUST-4936,ST-14,,2024-01-27,closed,19235
ORD-2660,CUST-3176,ST-19,CP-98,12/26/2026,closed,"9,177.00"
ORD-2661,CUST-3071,ST-1,,07/09/2026,active,3111
ORD-2662,CUST-1021,ST-10,,2026-10-03,PENDING,13802
ORD-2663,CUST-3714,ST-21,CP-8,19-12-2025,PENDING,13248
ORD-2664,CUST-2551,ST-10,CP-174,07/22/2024,active,2374
ORD-2665,CUST-721,ST-18,,09-08-2024,PENDING,8184
ORD-2666,CUST-3568,ST-10,,2026-02-09,PENDING,"$4,712.00"
ORD-2667,CUST-1413,ST-18,CP-27,06/12/2026,active,"$7,477.00"
ORD-2668,CUST-3442,ST-13,,26-12-2024,ACTIVE,"19,304.00"
ORD-2669,CUST-597,ST-22,,07/03/2026,active,18921
ORD-2670,CUST-2516,ST-24,,04/18/2025,pending,"$3,270.00"
ORD-2671,CUST-2023,ST-18,,2024-12-12,pending,4226
ORD-2672,CUST-1338,ST-16,,04-01-2024,active,295
ORD-2673,CUST-2308,ST-2,CP-94,2025-06-27, Active ,"$18,273.00"
ORD-2674,CUST-3283,ST-20,,08/10/2025,active,13281
ORD-2675,CUST-1073,ST-1,,04/20/2026,ACTIVE,17314
ORD-2676,CUST-3236,ST-16,,06-06-2026,pending,"$12,021.00"
ORD-2677,CUST-2427,ST-9,,05-01-2024,active,14429
ORD-2678,CUST-2416,ST-2,CP-110,02/09/2024,PENDING,3691
ORD-2679,CUST-4643,ST-11,,07-10-2024,pending,"$13,260.00"
ORD-2680,CUST-1311,ST-8,CP-124,10/17/2026,PENDING,"$13,053.00"
ORD-2681,CUST-2950,ST-4,,2025-09-28,CLOSED,"4,913.00"
ORD-2682,CUST-3867,ST-6,CP-118,2026-05-25,closed,"18,383.00"
ORD-2683,CUST-4446,ST-20,,2026-11-18,active,9121
ORD-2684,CUST-680,ST-18,,2025-12-25,active,"$11,441.00"
ORD-2685,CUST-1898,ST-1,CP-52,01-08-2025,ACTIVE,"$18,435.00"
ORD-2686,CUST-1362,ST-1,CP-33,2026-08-02, Active ,"$4,933.00"
ORD-2687,CUST-2824,ST-19,,04/14/2025,PENDING,5903
ORD-2688,CUST-2824,ST-20,CP-87,08/22/2025,PENDING,"13,045.00"
ORD-2689,CUST-1111,ST-12,,2025-08-26,pending,15010
ORD-2690,CUST-1670,ST-2,CP-30,08/17/2025,PENDING,7162
ORD-2691,CUST-3595,ST-10,,01/18/2026,CLOSED,795.00
ORD-2692,CUST-40,ST-20,CP-102,2026-01-19,ACTIVE,"$19,527.00"
ORD-2693,CUST-2292,ST-5,,01/20/2024,pending,"$11,227.00"
ORD-2694,CUST-4316,ST-6,,20-01-2025,ACTIVE,19451
ORD-2695,CUST-2835,ST-23,,2026-09-07,pending,"$1,951.00"
ORD-2696,CUST-4499,ST-22,,03/16/2025,pending,"7,635.00"
ORD-2697,CUST-353,ST-25,,24-02-2024,CLOSED,11632
ORD-2698,CUST-1111,ST-4,,11/05/2025,active,1717
ORD-2699,CUST-3358,ST-19,,2024-11-02, Active ,273.00
ORD-2700,CUST-1600,ST-9,CP-13,2026-10-04,PENDING,"$19,840.00"
ORD-2701,CUST-1343,ST-7,CP-175,03/08/2026,PENDING,"$16,816.00"
ORD-2702,CUST-3799,ST-11,CP-173,08/03/2024, Active ,"$4,984.00"
ORD-2703,CUST-1820,ST-14,,2025-11-22,pending,"3,442.00"
ORD-2704,CUST-2642,ST-25,,13-04-2026,PENDING,19101
ORD-2705,CUST-451,ST-18,,2024-01-01,pending,16242
ORD-2706,CUST-2626,ST-12,,08-09-2024,active,"$15,420.00"
ORD-2707,CUST-4194,ST-20,CP-89,12/14/2024,active,"4,937.00"
ORD-2708,CUST-2614,ST-17,CP-33,10/01/2024,ACTIVE,"$2,049.00"
ORD-2709,CUST-2616,ST-18,,02/11/2025,PENDING,18220
ORD-2710,CUST-2964,ST-2,CP-13,09/04/2025,active,5678
ORD-2711,CUST-3890,ST-25,,03-12-2025,CLOSED,13142
ORD-2712,CUST-4981,ST-10,,20-12-2025,PENDING,"$7,775.00"
ORD-2713,CUST-534,ST-24,,2026-06-12,PENDING,7892
ORD-2714,CUST-3097,ST-2,,2026-01-13,active,7060
ORD-2715,CUST-4571,ST-3,CP-9,06/19/2026,active,"$8,898.00"
ORD-2716,CUST-288,ST-7,,02-08-2024,active,2582
ORD-2717,CUST-2834,ST-16,CP-108,11-07-2024,PENDING,19191
ORD-2718,CUST-712,ST-23,,09/18/2025,active,18274
ORD-2719,CUST-3911,ST-21,CP-108,05/17/2024, Active ,19477
ORD-2720,CUST-2125,ST-12,,01/14/2026, Active ,13467
ORD-2721,CUST-3904,ST-5,,2026-07-02,pending,2466
ORD-2722,CUST-3400,ST-20,,2025-05-01,active,19432
ORD-2723,CUST-2073,ST-14,,02/26/2024,CLOSED,"14,172.00"
ORD-2724,CUST-4037,ST-14,CP-45,2025-03-08,CLOSED,"14,054.00"
ORD-2725,CUST-1395,ST-6,,04/27/2026,PENDING,"19,383.00"
ORD-2726,CUST-139,ST-24,,19-11-2026, Active ,1043
ORD-2727,CUST-4077,ST-11,,2024-09-08, Active ,"$2,457.00"
ORD-2728,CUST-2755,ST-13,,2024-06-28, Active ,"$1,808.00"
ORD-2729,CUST-66,ST-25,CP-77,16-01-2024,active,700.00
ORD-2730,CUST-4515,ST-16,,08/13/2024,ACTIVE,9447
ORD-2731,CUST-1057,ST-23,,2026-11-27, Active ,12927
ORD-2732,CUST-2198,ST-4,,2024-10-01,closed,11096
ORD-2733,CUST-1714,ST-8,,2025-03-01, Active ,18636
ORD-2734,CUST-700,ST-15,CP-39,2026-09-25,pending,"9,304.00"
ORD-2735,CUST-670,ST-15,,28-04-2025,PENDING,"18,005.00"
ORD-2736,CUST-266,ST-14,,2024-05-14,active,4165
ORD-2737,CUST-3946,ST-3,CP-63,25-11-2024,active,1379
ORD-2738,CUST-11,ST-7,CP-49,03/16/2026,closed,"$19,832.00"
ORD-2739,CUST-1853,ST-9,,2025-05-08,active,8808
ORD-2740,CUST-1553,ST-22,,2025-11-07,ACTIVE,"$15,622.00"
ORD-2741,CUST-4309,ST-23,,01/15/2026,PENDING,"7,486.00"
ORD-2742,CUST-1832,ST-10,,11/11/2026,pending,$944.00
ORD-2743,CUST-3506,ST-18,,2024-12-20,active,"$3,443.00"
ORD-2744,CUST-1380,ST-5,,2025-12-04,PENDING,11588
ORD-2745,CUST-3707,ST-17,,2026-08-01,PENDING,17936
ORD-2746,CUST-2536,ST-2,,01/12/2025,active,19485
ORD-2747,CUST-4328,ST-12,,2025-12-25,CLOSED,"$10,850.00"
ORD-2748,CUST-2820,ST-15,,2024-06-26,active,"18,494.00"
ORD-2749,CUST-1670,ST-21,,05/06/2025,ACTIVE,"8,780.00"
ORD-2750,CUST-713,ST-23,,01/21/2024,CLOSED,14678
ORD-2751,CUST-4546,ST-5,CP-30,2026-09-20,pending,18756
ORD-2752,CUST-1017,ST-13,,02-06-2026,CLOSED,14952
ORD-2753,CUST-4644,ST-3,,04-03-2026,active,"$13,423.00"
ORD-2754,CUST-1318,ST-23,,2024-10-14,active,"5,605.00"
ORD-2755,CUST-3800,ST-4,CP-35,03-07-2025,PENDING,"$3,458.00"
ORD-2756,CUST-1258,ST-14,,10/23/2024,active,"$9,567.00"
ORD-2757,CUST-190,ST-22,,05/26/2025, Active ,13477
ORD-2758,CUST-2067,ST-25,,04/02/2024,active,12544
ORD-2759,CUST-3355,ST-21,CP-186,23-07-2024,CLOSED,"$5,971.00"
ORD-2760,CUST-3146,ST-11,CP-52,2026-04-22,PENDING,"8,994.00"
ORD-2761,CUST-2111,ST-5,CP-143,2025-05-16,pending,"$9,469.00"
ORD-2762,CUST-4311,ST-9,,2024-11-19,closed,"$19,534.00"
ORD-2763,CUST-4854,ST-5,,20-04-2024,closed,5002
ORD-2764,CUST-2191,ST-8,,2024-01-13,PENDING,1446
ORD-2765,CUST-4177,ST-4,,2025-08-28,pending,18658
ORD-2766,CUST-2275,ST-18,,2026-11-04, Active ,"$17,057.00"
ORD-2767,CUST-1999,ST-23,CP-65,27-01-2024,pending,"14,022.00"
ORD-2768,CUST-3061,ST-7,,08/08/2025,pending,"$13,931.00"
ORD-2769,CUST-2028,ST-10,,06/14/2026,ACTIVE,15022
ORD-2770,CUST-3901,ST-1,CP-86,2026-01-27,CLOSED,5779
ORD-2771,CUST-1552,ST-25,,12/12/2026,ACTIVE,16643
ORD-2772,CUST-4676,ST-14,CP-73,05/18/2026,PENDING,"$17,910.00"
ORD-2773,CUST-1186,ST-25,CP-55,03/16/2026,closed,8538
ORD-2774,CUST-2917,ST-18,CP-116,2026-09-09,pending,7742
ORD-2775,CUST-5,ST-18,,2026-01-17, Active ,1314
ORD-2776,CUST-4153,ST-25,,07-06-2024,pending,4505
ORD-2777,CUST-1360,ST-18,,2025-03-22,closed,"$13,435.00"
ORD-2778,CUST-2050,ST-19,,01/16/2025,pending,4458
ORD-2779,CUST-1968,ST-22,,28-11-2024,ACTIVE,"$10,439.00"
ORD-2780,CUST-1460,ST-20,,22-03-2024, Active ,"6,449.00"
ORD-2781,CUST-1166,ST-5,CP-105,06/02/2025,closed,"$19,578.00"
ORD-2782,CUST-4494,ST-5,CP-145,2024-02-05,active,11611
ORD-2783,CUST-410,ST-5,,2026-03-10,CLOSED,18263
ORD-2784,CUST-82,ST-3,,2024-03-27,PENDING,"6,480.00"
ORD-2785,CUST-394,ST-5,,2025-05-04,closed,"$9,051.00"
ORD-2786,CUST-2628,ST-19,,06-06-2025,PENDING,"$3,646.00"
ORD-2787,CUST-992,ST-13,,12/17/2025,active,"$7,693.00"
ORD-2788,CUST-1637,ST-10,CP-57,2025-07-16,pending,"$4,404.00"
ORD-2789,CUST-4689,ST-3,,11/14/2025,CLOSED,"$10,722.00"
ORD-2790,CUST-1717,ST-7,CP-108,2026-07-10,active,13154
ORD-2791,CUST-3390,ST-12,,2025-07-14,CLOSED,"8,881.00"
ORD-2792,CUST-2953,ST-3,CP-185,04/28/2024,pending,"18,345.00"
ORD-2793,CUST-897,ST-23,,28-07-2025, Active ,2810
ORD-2794,CUST-3611,ST-18,,2024-06-19,closed,"9,511.00"
ORD-2795,CUST-1030,ST-1,,2025-05-07,active,"$16,260.00"
ORD-2796,CUST-4201,ST-23,,2026-12-22, Active ,14065
ORD-2797,CUST-263,ST-4,CP-102,21-10-2026,pending,3408
ORD-2798,CUST-1696,ST-4,,12/12/2025,PENDING,5501
ORD-2799,CUST-1479,ST-12,,2025-04-23,CLOSED,"$11,289.00"
ORD-2800,CUST-4789,ST-5,,2025-04-15,pending,"$14,235.00"
ORD-2801,CUST-2411,ST-7,,2026-09-08,PENDING,14127
ORD-2802,CUST-3665,ST-10,,05/23/2025,ACTIVE,8467
ORD-2803,CUST-4828,ST-11,CP-2,02/05/2024,active,1065
ORD-2804,CUST-1492,ST-24,,2024-07-21,pending,1038
ORD-2805,CUST-2548,ST-21,,2026-10-13,CLOSED,"9,474.00"
ORD-2806,CUST-863,ST-23,,2025-09-08,PENDING,19585
ORD-2807,CUST-2706,ST-6,,03/01/2024,ACTIVE,"16,084.00"
ORD-2808,CUST-2431,ST-11,CP-174,11/14/2026,pending,2718
ORD-2809,CUST-1270,ST-8,CP-188,08/18/2025,ACTIVE,15131
ORD-2810,CUST-2246,ST-3,,2026-03-01, Active ,12542
ORD-2811,CUST-512,ST-25,CP-56,11-08-2026,CLOSED,"$7,245.00"
ORD-2812,CUST-2298,ST-4,,12/01/2025,closed,"$3,701.00"
ORD-2813,CUST-3130,ST-6,,2024-07-18,ACTIVE,8724
ORD-2814,CUST-938,ST-14,,16-05-2024,ACTIVE,5455
ORD-2815,CUST-3904,ST-12,CP-139,2024-02-14,CLOSED,9567
ORD-2816,CUST-3086,ST-2,,02/17/2024,closed,"$9,459.00"
ORD-2817,CUST-3385,ST-21,,04/07/2026, Active ,893
ORD-2818,CUST-2135,ST-8,,14-03-2025,PENDING,"$17,169.00"
ORD-2819,CUST-4587,ST-3,CP-111,01/24/2024, Active ,3013
ORD-2820,CUST-3117,ST-7,CP-191,15-08-2025,pending,7543
ORD-2821,CUST-3895,ST-14,,26-11-2025,active,7307
ORD-2822,CUST-2083,ST-6,,06/19/2025,pending,11225
ORD-2823,CUST-2521,ST-12,CP-191,2024-05-12,closed,19355
ORD-2824,CUST-1423,ST-21,,06-05-2026,CLOSED,"$4,308.00"
ORD-2825,CUST-2135,ST-23,CP-5,2025-01-09,CLOSED,"$10,892.00"
ORD-2826,CUST-4064,ST-11,,2024-12-27,PENDING,"17,507.00"
ORD-2827,CUST-2337,ST-16,,2026-12-15,PENDING,17322
ORD-2828,CUST-372,ST-5,,24-11-2025,PENDING,"$18,093.00"
ORD-2829,CUST-4095,ST-1,,10-12-2025,pending,649
ORD-2830,CUST-2814,ST-15,,24-08-2025,closed,"1,743.00"
ORD-2831,CUST-105,ST-20,,10/03/2026, Active ,"14,859.00"
ORD-2832,CUST-3651,ST-3,,04-01-2024,pending,"$5,272.00"
ORD-2833,CUST-2747,ST-9,,12/03/2026,active,"$13,683.00"
ORD-2834,CUST-649,ST-10,,2024-01-10,closed,"$8,211.00"
ORD-2835,CUST-2343,ST-24,,2024-05-26,closed,"15,665.00"
ORD-2836,CUST-812,ST-13,,09/07/2026,closed,13005
ORD-2837,CUST-1607,ST-10,,2026-11-02,pending,"$9,483.00"
ORD-2838,CUST-1110,ST-6,,2024-11-19,pending,"$18,415.00"
ORD-2839,CUST-3512,ST-8,,2026-11-10,ACTIVE,9106
ORD-2840,CUST-3031,ST-24,,19-01-2025, Active ,10119
ORD-2841,CUST-4036,ST-12,,2025-05-28,closed,13729
ORD-2842,CUST-2667,ST-1,,2024-10-20,active,"$12,271.00"
ORD-2843,CUST-464,ST-17,,2024-03-06,pending,1889
ORD-2844,CUST-373,ST-1,,10/14/2025,PENDING,15323
ORD-2845,CUST-2204,ST-4,CP-14,23-06-2024,pending,3360
ORD-2846,CUST-1061,ST-8,,01/20/2024,PENDING,"9,391.00"
ORD-2847,CUST-4057,ST-23,CP-71,07/17/2024,ACTIVE,"8,374.00"
ORD-2848,CUST-4591,ST-17,,11-09-2026,CLOSED,"$13,827.00"
ORD-2849,CUST-4487,ST-15,,2024-05-19,ACTIVE,10698
ORD-2850,CUST-4610,ST-23,,2025-02-27,active,6742
ORD-2851,CUST-858,ST-7,,2026-12-19,CLOSED,"$8,878.00"
ORD-2852,CUST-1205,ST-18,CP-200,2026-05-11,ACTIVE,"11,868.00"
ORD-2853,CUST-1789,ST-8,,2025-08-13,ACTIVE,"$9,209.00"
ORD-2854,CUST-3032,ST-4,,11/23/2025,CLOSED,"$17,474.00"
ORD-2855,CUST-4149,ST-6,CP-127,2025-11-13,active,"12,725.00"
ORD-2856,CUST-650,ST-21,CP-99,02/09/2024,CLOSED,"$13,013.00"
ORD-2857,CUST-594,ST-17,,2026-02-18,active,"17,886.00"
ORD-2858,CUST-4731,ST-9,,01/11/2026,active,9415
ORD-2859,CUST-4163,ST-3,,2024-07-20,CLOSED,10019
ORD-2860,CUST-3267,ST-1,,01/18/2025,PENDING,"$13,869.00"
ORD-2861,CUST-864,ST-1,,2025-06-27,PENDING,11557
ORD-2862,CUST-1628,ST-10,,2026-07-04,closed,14264
ORD-2863,CUST-760,ST-19,,2024-02-10,pending,"$6,015.00"
ORD-2864,CUST-235,ST-1,,2024-08-08,PENDING,"$15,245.00"
ORD-2865,CUST-1732,ST-6,,09/04/2026, Active ,13475
ORD-2866,CUST-2065,ST-22,,09-04-2024,active,15645
ORD-2867,CUST-1531,ST-13,,2025-12-04,PENDING,6944
ORD-2868,CUST-1027,ST-5,CP-111,01/12/2025,pending,$128.00
ORD-2869,CUST-3758,ST-2,,12/11/2025, Active ,"$5,910.00"
ORD-2870,CUST-4818,ST-3,CP-22,05/24/2024,CLOSED,417
ORD-2871,CUST-1462,ST-10,CP-94,2024-11-18,closed,"9,652.00"
ORD-2872,CUST-2441,ST-15,CP-86,2026-11-12, Active ,"$3,071.00"
ORD-2873,CUST-399,ST-10,CP-181,2026-08-12,pending,4348
ORD-2874,CUST-4082,ST-8,CP-18,25-11-2024,active,"$6,324.00"
ORD-2875,CUST-3154,ST-17,,03/22/2026,pending,9217
ORD-2876,CUST-3520,ST-15,,10/15/2026,active,4498
ORD-2877,CUST-595,ST-2,CP-60,2026-02-21,active,9391
ORD-2878,CUST-2819,ST-13,,2024-07-15,CLOSED,18410
ORD-2879,CUST-3093,ST-4,CP-178,12-06-2024,pending,325.00
ORD-2880,CUST-2327,ST-8,,23-05-2026,CLOSED,"$17,078.00"
ORD-2881,CUST-292,ST-7,,2026-08-10,pending,"$15,416.00"
ORD-2882,CUST-4243,ST-9,,03-08-2026,closed,18868
ORD-2883,CUST-3620,ST-4,CP-195,2026-11-13, Active ,"16,880.00"
ORD-2884,CUST-3846,ST-13,,04/10/2024,closed,"11,681.00"
ORD-2885,CUST-942,ST-9,CP-45,2026-06-19,closed,19380
ORD-2886,CUST-4150,ST-20,,01/03/2024,pending,2034
ORD-2887,CUST-4831,ST-22,CP-86,2025-06-09,active,"15,851.00"
ORD-2888,CUST-3330,ST-1,,2024-12-14,closed,"$18,781.00"
ORD-2889,CUST-3780,ST-13,,2025-06-13,ACTIVE,15939
ORD-2890,CUST-2991,ST-13,,01/14/2025,ACTIVE,16174
ORD-2891,CUST-4239,ST-21,,2026-02-20,pending,3250
ORD-2892,CUST-1577,ST-2,,2026-07-11, Active ,"1,403.00"
ORD-2893,CUST-1881,ST-20,,2024-07-15,ACTIVE,10560
ORD-2894,CUST-119,ST-23,,23-10-2025,active,"7,574.00"
ORD-2895,CUST-4191,ST-22,,09/14/2025,closed,3190
ORD-2896,CUST-877,ST-11,CP-10,19-05-2026,PENDING,4979
ORD-2897,CUST-100,ST-2,,02/20/2024,CLOSED,9704
ORD-2898,CUST-1824,ST-21,,08-11-2026,ACTIVE,"13,320.00"
ORD-2899,CUST-4896,ST-25,,01/16/2026,pending,"17,656.00"
ORD-2900,CUST-4370,ST-14,,2025-04-12,CLOSED,19959
ORD-2901,CUST-3587,ST-3,CP-111,07/26/2024, Active ,13526
ORD-2902,CUST-2134,ST-3,CP-59,13-09-2026,active,"$13,994.00"
ORD-2903,CUST-2963,ST-18,CP-49,2026-07-09,closed,11982
ORD-2904,CUST-4110,ST-23,,13-12-2026, Active ,1087
ORD-2905,CUST-4787,ST-16,CP-175,11/19/2024, Active ,10026
ORD-2906,CUST-346,ST-14,,2025-09-16,PENDING,"17,597.00"
ORD-2907,CUST-2520,ST-2,,06-04-2024,pending,3690
ORD-2908,CUST-102,ST-25,,2026-01-26, Active ,11067
ORD-2909,CUST-4200,ST-4,,2024-09-24,ACTIVE,"$8,606.00"
ORD-2910,CUST-1549,ST-19,CP-188,01/18/2025,closed,18704
ORD-2911,CUST-3489,ST-23,CP-72,2025-03-14,CLOSED,15638
ORD-2912,CUST-825,ST-6,CP-58,02/10/2026,closed,"12,513.00"
ORD-2913,CUST-4818,ST-23,,2025-06-10, Active ,"12,600.00"
ORD-2914,CUST-4521,ST-3,,06/06/2024,pending,12216
ORD-2915,CUST-1076,ST-10,,2026-12-09,pending,6203
ORD-2916,CUST-1580,ST-20,,10/04/2025, Active ,357.00
ORD-2917,CUST-3978,ST-24,,11/26/2024,ACTIVE,"17,928.00"
ORD-2918,CUST-3397,ST-1,,2025-07-05,ACTIVE,6597
ORD-2919,CUST-4265,ST-25,CP-187,2026-11-17,closed,10627
ORD-2920,CUST-4809,ST-15,,28-07-2026,pending,14487
ORD-2921,CUST-297,ST-20,,10/15/2025,PENDING,7768
ORD-2922,CUST-4012,ST-12,,07-04-2024, Active ,18806
ORD-2923,CUST-755,ST-20,CP-121,12/02/2026,active,$579.00
ORD-2924,CUST-317,ST-11,,2026-01-23,closed,"$2,636.00"
ORD-2925,CUST-4848,ST-23,,2024-01-12,CLOSED,11790
ORD-2926,CUST-3319,ST-25,,20-11-2024, Active ,6304
ORD-2927,CUST-968,ST-1,,09-12-2025,PENDING,"$14,319.00"
ORD-2928,CUST-2901,ST-23,,2025-10-24,pending,"8,230.00"
ORD-2929,CUST-3069,ST-23,,2025-06-23,active,"$5,852.00"
ORD-2930,CUST-4171,ST-1,,2026-05-24,pending,15641
ORD-2931,CUST-2416,ST-9,,2024-01-15, Active ,"$19,519.00"
ORD-2932,CUST-1614,ST-12,,2024-06-19,active,8633
ORD-2933,CUST-1958,ST-23,,2025-04-04,active,"11,779.00"
ORD-2934,CUST-1068,ST-14,,12/05/2026,pending,"$9,452.00"
ORD-2935,CUST-2293,ST-24,,2025-08-20,CLOSED,3418
ORD-2936,CUST-3461,ST-3,,12/15/2026,ACTIVE,6372
ORD-2937,CUST-444,ST-24,,12/21/2024, Active ,"18,624.00"
ORD-2938,CUST-103,ST-1,CP-171,11/11/2025,PENDING,"$7,201.00"
ORD-2939,CUST-4237,ST-5,CP-48,04/03/2026,closed,"$19,570.00"
ORD-2940,CUST-568,ST-17,,2025-04-05,CLOSED,"19,597.00"
ORD-2941,CUST-2128,ST-17,,28-11-2025,closed,"4,663.00"
ORD-2942,CUST-4234,ST-25,,2024-09-17,pending,"$18,082.00"
ORD-2943,CUST-3519,ST-18,CP-90,2026-04-23,ACTIVE,18770
ORD-2944,CUST-3895,ST-2,CP-177,15-11-2024,ACTIVE,2024
ORD-2945,CUST-2578,ST-5,,02-11-2024,PENDING,"$12,748.00"
ORD-2946,CUST-865,ST-25,,2025-11-10,CLOSED,18186
ORD-2947,CUST-3703,ST-9,,07/27/2026, Active ,"$3,581.00"
ORD-2948,CUST-3802,ST-11,,11/09/2025,CLOSED,"$6,770.00"
ORD-2949,CUST-4762,ST-20,,10/05/2025,pending,"$14,614.00"
ORD-2950,CUST-2935,ST-25,CP-14,2024-04-26,ACTIVE,"14,702.00"
ORD-2951,CUST-3247,ST-25,,16-07-2026,pending,4549
ORD-2952,CUST-1602,ST-15,,2026-09-18, Active ,115
ORD-2953,CUST-1295,ST-20,,10/25/2026,PENDING,3205
ORD-2954,CUST-3600,ST-12,,04-12-2026,PENDING,"2,538.00"
ORD-2955,CUST-4045,ST-8,CP-106,09/06/2026,ACTIVE,"10,514.00"
ORD-2956,CUST-4828,ST-15,,2025-10-19,pending,"$8,886.00"
ORD-2957,CUST-4608,ST-16,,08-10-2026,ACTIVE,8386
ORD-2958,CUST-2025,ST-6,CP-37,12/27/2024,ACTIVE,"8,495.00"
ORD-2959,CUST-2537,ST-11,,2025-06-17,pending,"$16,835.00"
ORD-2960,CUST-2628,ST-19,,2026-02-05,CLOSED,"$17,238.00"
ORD-2961,CUST-1979,ST-4,,2024-05-10,active,1956
ORD-2962,CUST-2369,ST-22,,2026-08-24,ACTIVE,"1,628.00"
ORD-2963,CUST-1206,ST-4,,02/24/2026,ACTIVE,"$12,191.00"
ORD-2964,CUST-2735,ST-23,,11/15/2026,active,4847
ORD-2965,CUST-2741,ST-21,,15-01-2025,pending,"$18,416.00"
ORD-2966,CUST-967,ST-5,,11/06/2025, Active ,3474
ORD-2967,CUST-3632,ST-5,CP-200,2026-12-20, Active ,"$13,464.00"
ORD-2968,CUST-2775,ST-2,,20-02-2026,CLOSED,9269
ORD-2969,CUST-311,ST-21,CP-98,18-08-2025,closed,8915
ORD-2970,CUST-4316,ST-24,CP-80,16-12-2026,PENDING,"$4,330.00"
ORD-2971,CUST-1045,ST-14,,2025-03-01,CLOSED,7489
ORD-2972,CUST-1536,ST-20,,2024-01-15,pending,"12,964.00"
ORD-2973,CUST-3363,ST-14,CP-169,2025-10-26,active,8203
ORD-2974,CUST-1883,ST-23,,19-08-2025,closed,"9,732.00"
ORD-2975,CUST-761,ST-13,,2026-11-08,pending,"$17,244.00"
ORD-2976,CUST-4879,ST-16,CP-147,2026-05-20,ACTIVE,"9,550.00"
ORD-2977,CUST-2071,ST-5,,2025-10-21,ACTIVE,4056
ORD-2978,CUST-701,ST-8,CP-176,2024-06-22,PENDING,14531
ORD-2979,CUST-3173,ST-3,,02/27/2024,pending,15599
ORD-2980,CUST-4834,ST-18,,01-10-2025,PENDING,"$6,579.00"
ORD-2981,CUST-3118,ST-15,,2024-11-10,closed,17762
ORD-2982,CUST-1401,ST-5,,03/27/2024,PENDING,"13,160.00"
ORD-2983,CUST-2492,ST-11,,09/03/2024,active,$549.00
ORD-2984,CUST-4220,ST-7,,2025-08-26, Active ,18026
ORD-2985,CUST-3232,ST-14,CP-53,2024-07-09,closed,"$18,826.00"
ORD-2986,CUST-3918,ST-11,,2024-10-02,PENDING,5327
ORD-2987,CUST-159,ST-3,,2025-05-11,CLOSED,15832
ORD-2988,CUST-290,ST-3,CP-157,21-05-2026,active,6750
ORD-2989,CUST-444,ST-15,CP-180,2025-12-23,pending,"$2,749.00"
ORD-2990,CUST-302,ST-12,CP-135,2024-03-09,CLOSED,"7,047.00"
ORD-2991,CUST-3507,ST-19,,09/22/2026, Active ,"$10,785.00"
ORD-2992,CUST-4213,ST-9,CP-152,2026-12-10,PENDING,"$2,485.00"
ORD-2993,CUST-44,ST-2,CP-10,2025-05-19,ACTIVE,"$4,838.00"
ORD-2994,CUST-3143,ST-8,,2024-05-17, Active ,7610
ORD-2995,CUST-3758,ST-7,,26-06-2026,ACTIVE,317
ORD-2996,CUST-179,ST-16,,02-07-2025,active,"19,501.00"
ORD-2997,CUST-4761,ST-21,,2026-08-24,PENDING,6614
ORD-2998,CUST-3558,ST-25,CP-80,22-04-2025,closed,"4,815.00"
ORD-2999,CUST-3596,ST-24,,2024-08-23,CLOSED,"$18,264.00"
ORD-3000,CUST-2029,ST-1,,12-09-2026, Active ,19726
ORD-3001,CUST-746,ST-15,,16-07-2024,active,"15,510.00"
ORD-3002,CUST-3846,ST-24,,2024-07-04,CLOSED,16836
ORD-3003,CUST-1781,ST-1,,07/03/2024, Active ,4788
ORD-3004,CUST-3972,ST-6,,01/27/2024,CLOSED,4761
ORD-3005,CUST-3589,ST-25,CP-65,13-05-2026,closed,"10,541.00"
ORD-3006,CUST-3021,ST-13,CP-23,07/07/2026,closed,"2,697.00"
ORD-3007,CUST-2663,ST-12,,2025-11-19,PENDING,"$1,794.00"
ORD-3008,CUST-4044,ST-18,CP-63,14-06-2024,CLOSED,"$7,261.00"
ORD-3009,CUST-2449,ST-18,,2026-09-23,ACTIVE,"6,118.00"
ORD-3010,CUST-2603,ST-19,CP-103,2025-01-03,active,"$3,898.00"
ORD-3011,CUST-809,ST-22,,03-01-2024,PENDING,12064
ORD-3012,CUST-144,ST-14,CP-100,07/25/2024,CLOSED,9428
ORD-3013,CUST-4352,ST-23,CP-171,23-07-2025,closed,4541
ORD-3014,CUST-2942,ST-6,CP-184,2024-02-07,ACTIVE,12537
ORD-3015,CUST-1388,ST-18,,2025-01-20,PENDING,$986.00
ORD-3016,CUST-2636,ST-22,CP-152,04/25/2024,CLOSED,"3,397.00"
ORD-3017,CUST-3276,ST-18,,10/13/2026,PENDING,14921
ORD-3018,CUST-2533,ST-22,CP-75,22-07-2024,CLOSED,14192
ORD-3019,CUST-3111,ST-19,,04/15/2026,CLOSED,"6,959.00"
ORD-3020,CUST-3605,ST-16,CP-27,03/25/2026,ACTIVE,"1,261.00"
ORD-3021,CUST-377,ST-5,,19-08-2024,PENDING,"14,851.00"
ORD-3022,CUST-1422,ST-25,,2025-11-26,pending,"$1,759.00"
ORD-3023,CUST-3130,ST-20,,2024-12-19,closed,"$6,614.00"
ORD-3024,CUST-3956,ST-18,,2024-07-21,ACTIVE,18969
ORD-3025,CUST-525,ST-13,CP-186,2026-11-02,pending,11492
ORD-3026,CUST-2849,ST-3,,2026-06-19,active,"17,813.00"
ORD-3027,CUST-1110,ST-11,,2024-04-13,ACTIVE,17915
ORD-3028,CUST-621,ST-14,,12-12-2024,ACTIVE,"$13,568.00"
ORD-3029,CUST-1582,ST-22,,18-10-2025, Active ,"$19,154.00"
ORD-3030,CUST-1794,ST-9,,2026-05-15, Active ,6671
ORD-3031,CUST-3710,ST-18,,08/14/2026,PENDING,10590
ORD-3032,CUST-4179,ST-6,CP-27,2024-04-26,ACTIVE,1547
ORD-3033,CUST-910,ST-7,,2026-10-02,closed,"1,679.00"
ORD-3034,CUST-4847,ST-24,CP-152,04-09-2024,ACTIVE,"5,547.00"
ORD-3035,CUST-381,ST-2,,2026-02-20, Active ,"$19,496.00"
ORD-3036,CUST-96,ST-8,,11/04/2026,pending,"1,592.00"
ORD-3037,CUST-602,ST-8,,2026-06-15,CLOSED,"17,514.00"
ORD-3038,CUST-3651,ST-7,,2024-11-02,ACTIVE,"13,701.00"
ORD-3039,CUST-250,ST-16,,2025-09-26,closed,"6,110.00"
ORD-3040,CUST-3087,ST-6,,2025-06-10,PENDING,213
ORD-3041,CUST-2212,ST-10,,2026-05-03,ACTIVE,826
ORD-3042,CUST-1613,ST-25,,24-07-2024,ACTIVE,"$3,410.00"
ORD-3043,CUST-2126,ST-10,,06/03/2025,active,14264
ORD-3044,CUST-2980,ST-13,CP-140,26-07-2024, Active ,3264
ORD-3045,CUST-2826,ST-19,CP-57,2026-10-10,pending,17830
ORD-3046,CUST-580,ST-7,,2025-04-03,ACTIVE,2326
ORD-3047,CUST-3225,ST-12,,2025-08-10,pending,5175
ORD-3048,CUST-2025,ST-18,,25-09-2026,active,12662
ORD-3049,CUST-2956,ST-25,,01/04/2024,pending,"11,831.00"
ORD-3050,CUST-2583,ST-4,,2025-07-15, Active ,1089
ORD-3051,CUST-3952,ST-24,,02/06/2024,CLOSED,19970
ORD-3052,CUST-1600,ST-3,,04/11/2025,ACTIVE,4266
ORD-3053,CUST-1317,ST-5,,19-06-2025,closed,"$15,362.00"
ORD-3054,CUST-2755,ST-1,,08/22/2024,active,"12,268.00"
ORD-3055,CUST-1392,ST-8,,2026-10-18,PENDING,1541
ORD-3056,CUST-4928,ST-15,CP-12,15-04-2024,active,"13,411.00"
ORD-3057,CUST-4712,ST-9,CP-32,10/04/2026, Active ,6892
ORD-3058,CUST-3041,ST-15,CP-148,2025-07-23,ACTIVE,2968
ORD-3059,CUST-1201,ST-24,,01-12-2025,PENDING,9053
ORD-3060,CUST-3760,ST-5,CP-198,2025-08-17,ACTIVE,"$1,289.00"
ORD-3061,CUST-3871,ST-14,CP-109,2026-08-02, Active ,152
ORD-3062,CUST-2004,ST-17,,2026-08-12,PENDING,19299
ORD-3063,CUST-150,ST-1,CP-104,09/12/2025,closed,"$12,739.00"
ORD-3064,CUST-2933,ST-14,,2026-01-01,active,"$18,656.00"
ORD-3065,CUST-3276,ST-6,CP-124,03/20/2024, Active ,2670
ORD-3066,CUST-803,ST-18,CP-195,2026-10-01,PENDING,9527
ORD-3067,CUST-481,ST-13,,2025-12-03,closed,306
ORD-3068,CUST-4342,ST-10,,2026-04-27,CLOSED,"$5,010.00"
ORD-3069,CUST-2717,ST-2,,2024-04-12,closed,9894
ORD-3070,CUST-904,ST-16,CP-25,04/18/2026,PENDING,"$13,686.00"
ORD-3071,CUST-2765,ST-16,CP-97,2025-10-25,ACTIVE,"5,007.00"
ORD-3072,CUST-419,ST-1,,16-08-2025,CLOSED,"$6,971.00"
ORD-3073,CUST-4603,ST-19,,2024-08-21,active,"$17,897.00"
ORD-3074,CUST-4460,ST-3,,2026-09-12,PENDING,11421
ORD-3075,CUST-226,ST-19,,22-04-2026,PENDING,4864
ORD-3076,CUST-1600,ST-24,CP-19,12/22/2024,ACTIVE,"$18,214.00"
ORD-3077,CUST-974,ST-16,CP-143,2026-02-23,CLOSED,18455
ORD-3078,CUST-4274,ST-6,CP-197,2025-04-08,PENDING,"$6,176.00"
ORD-3079,CUST-3334,ST-22,,09-01-2025,CLOSED,"1,827.00"
ORD-3080,CUST-1716,ST-5,,01/04/2025,ACTIVE,"$18,326.00"
ORD-3081,CUST-3919,ST-10,,2026-06-25,CLOSED,5378
ORD-3082,CUST-2626,ST-5,,20-12-2024,CLOSED,8022
ORD-3083,CUST-3686,ST-19,,2026-07-02,PENDING,11079
ORD-3084,CUST-3452,ST-23,,2024-03-14,ACTIVE,150
ORD-3085,CUST-3143,ST-2,CP-85,02/21/2026,pending,3327
ORD-3086,CUST-1329,ST-18,,11/19/2024,CLOSED,"12,567.00"
ORD-3087,CUST-4167,ST-2,,2024-06-11, Active ,3458
ORD-3088,CUST-3809,ST-1,,11/16/2026,CLOSED,"13,190.00"
ORD-3089,CUST-223,ST-16,,2025-08-23,ACTIVE,"$18,669.00"
ORD-3090,CUST-2169,ST-6,CP-182,07/19/2024,PENDING,15449
ORD-3091,CUST-1816,ST-13,,03/01/2025,pending,10009
ORD-3092,CUST-4686,ST-25,CP-3,06-09-2025,ACTIVE,"$3,225.00"
ORD-3093,CUST-3474,ST-18,,2024-07-03,CLOSED,"$6,412.00"
ORD-3094,CUST-4612,ST-25,,2026-12-26,PENDING,15258
ORD-3095,CUST-431,ST-21,CP-113,2026-03-21,active,"$8,259.00"
ORD-3096,CUST-3053,ST-12,,2024-01-16,closed,3384
ORD-3097,CUST-1704,ST-2,,2025-05-24,PENDING,18074
ORD-3098,CUST-3554,ST-23,,11/25/2026,pending,"$12,010.00"
ORD-3099,CUST-3121,ST-22,,09-10-2025, Active ,"$16,791.00"
ORD-3100,CUST-4578,ST-7,CP-63,06/08/2026,closed,"$16,609.00"
ORD-3101,CUST-4363,ST-12,,2025-09-05,CLOSED,12080
ORD-3102,CUST-1753,ST-10,,2026-09-03,ACTIVE,11777
ORD-3103,CUST-4314,ST-6,CP-200,24-01-2026,closed,"17,629.00"
ORD-3104,CUST-1388,ST-9,CP-68,07/19/2025,ACTIVE,"18,025.00"
ORD-3105,CUST-3746,ST-18,,24-06-2026,active,"16,271.00"
ORD-3106,CUST-3148,ST-18,,28-03-2024, Active ,"$8,241.00"
ORD-3107,CUST-1658,ST-21,,2026-01-12,ACTIVE,3250
ORD-3108,CUST-3249,ST-19,,2025-10-09,ACTIVE,18936
ORD-3109,CUST-1851,ST-20,CP-143,2026-07-22,ACTIVE,"$6,048.00"
ORD-3110,CUST-3393,ST-16,,2025-08-18,pending,8310
ORD-3111,CUST-2957,ST-23,,2025-12-16,pending,6243
ORD-3112,CUST-3458,ST-9,,03/05/2024,ACTIVE,1643
ORD-3113,CUST-1888,ST-25,,03/21/2026,ACTIVE,13693
ORD-3114,CUST-748,ST-1,,2026-07-09,active,"$17,890.00"
ORD-3115,CUST-3784,ST-9,,2024-10-24,ACTIVE,"2,884.00"
ORD-3116,CUST-2626,ST-17,,2026-07-02,pending,11435
ORD-3117,CUST-2141,ST-5,CP-80,05-03-2024,ACTIVE,"7,726.00"
ORD-3118,CUST-470,ST-19,CP-22,26-10-2026, Active ,"14,467.00"
ORD-3119,CUST-3583,ST-5,,2026-02-23, Active ,"$13,727.00"
ORD-3120,CUST-1291,ST-3,,2024-02-28,closed,"$12,586.00"
ORD-3121,CUST-481,ST-15,,28-09-2025,ACTIVE,"$8,254.00"
ORD-3122,CUST-4084,ST-4,,09/20/2026,CLOSED,7895
ORD-3123,CUST-3437,ST-24,,2026-08-07,CLOSED,16105
ORD-3124,CUST-3040,ST-13,CP-198,2026-06-06, Active ,"$6,265.00"
ORD-3125,CUST-116,ST-10,,2025-01-14,pending,"8,781.00"
ORD-3126,CUST-2273,ST-10,,07/18/2025,closed,13091
ORD-3127,CUST-960,ST-15,,03/17/2026,active,1180
ORD-3128,CUST-579,ST-15,,2024-03-25,CLOSED,"$15,150.00"
ORD-3129,CUST-1567,ST-22,,2025-12-22,closed,6820
ORD-3130,CUST-2723,ST-6,,27-08-2026,active,15874
ORD-3131,CUST-39,ST-17,CP-190,06-04-2026,ACTIVE,11415
ORD-3132,CUST-3498,ST-8,,06/28/2025,active,1199
ORD-3133,CUST-2443,ST-23,,2024-02-26,CLOSED,"$5,603.00"
ORD-3134,CUST-533,ST-8,,2024-05-20,closed,10686
ORD-3135,CUST-772,ST-5,CP-109,01/10/2026,PENDING,"17,715.00"
ORD-3136,CUST-2303,ST-18,,10-06-2024,closed,"8,229.00"
ORD-3137,CUST-2416,ST-16,,2026-01-03,ACTIVE,"9,293.00"
ORD-3138,CUST-4534,ST-10,CP-116,07/14/2024,closed,"$7,797.00"
ORD-3139,CUST-3650,ST-11,,2024-01-01,active,804.00
ORD-3140,CUST-3475,ST-1,,2024-05-22, Active ,2991
ORD-3141,CUST-4924,ST-10,CP-71,2026-10-01,ACTIVE,8961
ORD-3142,CUST-3115,ST-21,,2024-08-13,PENDING,11574
ORD-3143,CUST-2198,ST-20,,2025-01-07,closed,"$12,016.00"
ORD-3144,CUST-4624,ST-3,CP-47,2025-03-13,pending,4093
ORD-3145,CUST-2110,ST-15,CP-131,2024-09-01,PENDING,18994
ORD-3146,CUST-1814,ST-3,,2025-04-03,PENDING,"14,408.00"
ORD-3147,CUST-3979,ST-13,,2024-01-02,closed,5232
ORD-3148,CUST-339,ST-22,,2026-12-18,PENDING,"$12,283.00"
ORD-3149,CUST-3537,ST-1,,09/11/2024, Active ,"$18,137.00"
ORD-3150,CUST-4972,ST-8,,2025-07-26,closed,11304
ORD-3151,CUST-2346,ST-21,CP-112,02/16/2025,closed,"8,570.00"
ORD-3152,CUST-2880,ST-9,,05/24/2025,pending,12565
ORD-3153,CUST-1502,ST-17,CP-60,07/11/2025,closed,15520
ORD-3154,CUST-2768,ST-17,,2025-12-22,ACTIVE,"$4,681.00"
ORD-3155,CUST-2206,ST-12,,2026-06-21,CLOSED,14367
ORD-3156,CUST-3239,ST-12,,2024-02-26,CLOSED,7476
ORD-3157,CUST-4334,ST-16,,2026-04-13,ACTIVE,19290
ORD-3158,CUST-3231,ST-17,CP-121,17-12-2024,closed,18647
ORD-3159,CUST-1695,ST-3,,03/04/2024,ACTIVE,"$13,247.00"
ORD-3160,CUST-1433,ST-22,,02-06-2025,PENDING,"18,001.00"
ORD-3161,CUST-3474,ST-2,,04/28/2025, Active ,"4,916.00"
ORD-3162,CUST-3096,ST-20,,2025-09-15, Active ,17476
ORD-3163,CUST-4401,ST-24,,01/05/2026,active,"5,050.00"
ORD-3164,CUST-3718,ST-11,CP-106,07/19/2026,PENDING,6224
ORD-3165,CUST-3501,ST-15,,07-06-2025, Active ,16859
ORD-3166,CUST-2472,ST-8,,2025-02-09,CLOSED,$694.00
ORD-3167,CUST-3881,ST-23,CP-81,04-08-2024,closed,"3,678.00"
ORD-3168,CUST-2333,ST-8,CP-58,2024-06-10,closed,10119
ORD-3169,CUST-4792,ST-1,CP-132,12/27/2025,active,"$14,178.00"
ORD-3170,CUST-901,ST-17,CP-59,2026-11-19,PENDING,12777
ORD-3171,CUST-3774,ST-1,,2024-08-13,active,"$14,395.00"
ORD-3172,CUST-1259,ST-19,,2026-11-26,ACTIVE,10508
ORD-3173,CUST-520,ST-2,,04/13/2026,active,1030
ORD-3174,CUST-1295,ST-4,,2026-08-14,active,"$15,336.00"
ORD-3175,CUST-3630,ST-22,,04/22/2025,ACTIVE,"$1,468.00"
ORD-3176,CUST-4672,ST-18,,2025-04-09,CLOSED,19044
ORD-3177,CUST-3065,ST-21,,2024-05-20,CLOSED,16979
ORD-3178,CUST-4029,ST-2,,04/13/2026,ACTIVE,150
ORD-3179,CUST-232,ST-5,,2024-11-16,active,15536
ORD-3180,CUST-3583,ST-2,CP-149,10/22/2025,ACTIVE,"2,553.00"
ORD-3181,CUST-4823,ST-16,,11/18/2025,PENDING,"$8,735.00"
ORD-3182,CUST-726,ST-22,,2024-09-09, Active ,10876
ORD-3183,CUST-3288,ST-6,CP-17,13-04-2025,CLOSED,3792
ORD-3184,CUST-705,ST-1,,2025-09-09,active,"$12,155.00"
ORD-3185,CUST-2636,ST-18,,17-12-2025, Active ,"$12,601.00"
ORD-3186,CUST-3386,ST-18,,2026-03-23,active,10217
ORD-3187,CUST-2572,ST-6,,10/25/2025,active,"5,329.00"
ORD-3188,CUST-896,ST-22,,23-02-2024,pending,"7,957.00"
ORD-3189,CUST-2139,ST-9,,2026-08-15,active,"$11,684.00"
ORD-3190,CUST-4013,ST-20,CP-187,10/28/2025,active,"$8,620.00"
ORD-3191,CUST-1526,ST-2,,09-01-2026, Active ,"$13,173.00"
ORD-3192,CUST-3724,ST-23,CP-136,2024-02-06,active,10216
ORD-3193,CUST-888,ST-1,,2025-01-22,ACTIVE,"$9,303.00"
ORD-3194,CUST-4758,ST-14,CP-25,26-03-2026,closed,"6,308.00"
ORD-3195,CUST-3457,ST-23,,02/10/2024,closed,11650
ORD-3196,CUST-2651,ST-18,CP-70,2025-12-08,ACTIVE,"$4,997.00"
ORD-3197,CUST-857,ST-3,,2026-04-20,active,19150
ORD-3198,CUST-4820,ST-20,,05/26/2026,closed,15631
ORD-3199,CUST-2242,ST-19,,2024-11-20, Active ,"11,426.00"
ORD-3200,CUST-504,ST-1,,2024-07-01,ACTIVE,15431
ORD-3201,CUST-137,ST-17,CP-12,08/13/2025,pending,8919
ORD-3202,CUST-3712,ST-11,,2025-06-03,active,"$4,585.00"
ORD-3203,CUST-723,ST-12,CP-171,2026-08-15,pending,"3,830.00"
ORD-3204,CUST-4098,ST-5,,05-06-2025, Active ,16488
ORD-3205,CUST-1854,ST-9,CP-13,2024-02-05,CLOSED,"$7,603.00"
ORD-3206,CUST-4763,ST-12,CP-145,2024-04-26,CLOSED,"6,201.00"
ORD-3207,CUST-2230,ST-18,,2026-05-13,pending,3897
ORD-3208,CUST-713,ST-3,CP-173,11/16/2024,active,14387
ORD-3209,CUST-3951,ST-25,,2026-01-25,pending,"$8,973.00"
ORD-3210,CUST-2813,ST-16,CP-165,10-12-2025,PENDING,"$2,024.00"
ORD-3211,CUST-1741,ST-14,,2025-12-01, Active ,"2,997.00"
ORD-3212,CUST-4840,ST-20,CP-197,23-03-2026,pending,"$5,581.00"
ORD-3213,CUST-1478,ST-3,,08/11/2024,CLOSED,"$9,418.00"
ORD-3214,CUST-2525,ST-12,,08/15/2026,pending,17399
ORD-3215,CUST-2166,ST-16,CP-62,2024-06-06,pending,3386
ORD-3216,CUST-1144,ST-5,,02/05/2025,closed,"$15,901.00"
ORD-3217,CUST-1152,ST-19,,03-11-2026, Active ,"$19,719.00"
ORD-3218,CUST-1848,ST-6,CP-6,12/24/2026,PENDING,14828
ORD-3219,CUST-1855,ST-19,,19-01-2025,active,"6,071.00"
ORD-3220,CUST-3203,ST-23,,2024-04-24, Active ,"$10,380.00"
ORD-3221,CUST-4534,ST-12,,2026-12-27,active,"14,772.00"
ORD-3222,CUST-917,ST-18,,2024-11-22,CLOSED,11298
ORD-3223,CUST-794,ST-19,,2025-02-24,PENDING,6742
ORD-3224,CUST-2370,ST-10,CP-38,06/07/2025,CLOSED,4655
ORD-3225,CUST-1659,ST-17,,10/26/2024,CLOSED,"$1,471.00"
ORD-3226,CUST-276,ST-10,,08/03/2026,active,261
ORD-3227,CUST-1177,ST-8,CP-83,2024-09-16,active,"$15,870.00"
ORD-3228,CUST-4432,ST-8,,2024-10-05,PENDING,18452
ORD-3229,CUST-2467,ST-7,,06/21/2024,active,16304
ORD-3230,CUST-4126,ST-10,,03-04-2026,CLOSED,14331
ORD-3231,CUST-320,ST-15,CP-17,2025-06-23,active,"$5,684.00"
ORD-3232,CUST-599,ST-14,CP-4,2024-09-11,pending,"$19,353.00"
ORD-3233,CUST-4949,ST-15,CP-57,2024-03-08,PENDING,"14,325.00"
ORD-3234,CUST-2472,ST-7,,2026-12-19, Active ,2334
ORD-3235,CUST-2887,ST-8,,09-05-2025,PENDING,61
ORD-3236,CUST-4002,ST-20,CP-131,24-06-2026, Active ,"15,110.00"
ORD-3237,CUST-379,ST-23,,2025-12-13,ACTIVE,19377
ORD-3238,CUST-3616,ST-14,CP-42,09/13/2024,ACTIVE,3927
ORD-3239,CUST-3941,ST-16,,2025-02-03,active,2234
ORD-3240,CUST-2972,ST-8,,2024-01-28,ACTIVE,15213
ORD-3241,CUST-12,ST-21,,2026-01-20,active,11572
ORD-3242,CUST-4990,ST-12,,2024-06-21, Active ,"7,199.00"
ORD-3243,CUST-1897,ST-18,,2024-11-09,ACTIVE,4842
ORD-3244,CUST-3695,ST-11,,2024-07-16, Active ,"10,003.00"
ORD-3245,CUST-2289,ST-17,,2024-05-01, Active ,"13,544.00"
ORD-3246,CUST-1863,ST-8,CP-140,2025-09-21,pending,18419
ORD-3247,CUST-75,ST-18,,11/04/2025,active,"$13,578.00"
ORD-3248,CUST-2293,ST-6,,2026-07-14, Active ,"14,779.00"
ORD-3249,CUST-1602,ST-25,CP-91,2024-07-25,CLOSED,"9,936.00"
ORD-3250,CUST-3270,ST-24,,2025-03-27,CLOSED,1156
ORD-3251,CUST-1095,ST-22,,02/12/2024,pending,2286
ORD-3252,CUST-352,ST-4,,2024-04-21, Active ,"$17,130.00"
ORD-3253,CUST-2480,ST-10,,2024-10-27,closed,4116
ORD-3254,CUST-4592,ST-14,,21-02-2025,CLOSED,8406
ORD-3255,CUST-1149,ST-8,CP-42,2025-08-04,closed,18601
ORD-3256,CUST-4776,ST-22,,05-10-2026, Active ,13838
ORD-3257,CUST-4859,ST-22,,03/27/2025,PENDING,4820
ORD-3258,CUST-3336,ST-13,,2025-04-05,ACTIVE,11228
ORD-3259,CUST-743,ST-10,CP-196,10-12-2025,ACTIVE,"8,517.00"
ORD-3260,CUST-1644,ST-5,CP-186,2025-05-16,pending,1395
ORD-3261,CUST-4195,ST-1,,2026-04-27,CLOSED,19418
ORD-3262,CUST-2173,ST-5,CP-68,2025-05-17,PENDING,"16,146.00"
ORD-3263,CUST-2334,ST-5,,2026-06-12,CLOSED,10714
ORD-3264,CUST-3908,ST-6,,14-09-2026,CLOSED,"$10,508.00"
ORD-3265,CUST-4427,ST-12,,2025-10-15,ACTIVE,"$17,324.00"
ORD-3266,CUST-2227,ST-12,CP-108,2024-12-02, Active ,"$1,394.00"
ORD-3267,CUST-3250,ST-16,,2024-04-16,pending,17143
ORD-3268,CUST-2040,ST-3,,11/14/2026,pending,11385
ORD-3269,CUST-4906,ST-8,CP-95,09/19/2024, Active ,19815
ORD-3270,CUST-4275,ST-15,,17-10-2024,closed,"$4,466.00"
ORD-3271,CUST-1061,ST-2,,2026-05-12,active,$213.00
ORD-3272,CUST-404,ST-6,,21-11-2026,CLOSED,"2,492.00"
ORD-3273,CUST-3198,ST-10,,02/18/2026,active,10315
ORD-3274,CUST-1905,ST-8,,2026-11-03,PENDING,"17,859.00"
ORD-3275,CUST-4856,ST-14,,24-08-2025,ACTIVE,"3,994.00"
ORD-3276,CUST-2938,ST-19,,16-05-2024,PENDING,16531
ORD-3277,CUST-3340,ST-17,,08-01-2024, Active ,12259
ORD-3278,CUST-2473,ST-18,CP-13,12/01/2026,pending,"$12,561.00"
ORD-3279,CUST-2795,ST-19,CP-108,2025-05-27,CLOSED,1465
ORD-3280,CUST-2871,ST-11,CP-135,07/23/2024,CLOSED,6174
ORD-3281,CUST-4722,ST-20,,01/04/2025,CLOSED,"$13,910.00"
ORD-3282,CUST-4141,ST-16,,2024-01-09,CLOSED,3422
ORD-3283,CUST-1414,ST-6,,03/26/2024, Active ,12510
ORD-3284,CUST-2888,ST-23,CP-89,04/15/2025,CLOSED,"$14,267.00"
ORD-3285,CUST-2830,ST-23,,07-09-2026,active,"$18,037.00"
ORD-3286,CUST-200,ST-19,CP-175,18-07-2026,CLOSED,337
ORD-3287,CUST-4938,ST-5,,16-11-2025,PENDING,5558
ORD-3288,CUST-2836,ST-6,,2026-11-01,pending,"$13,443.00"
ORD-3289,CUST-4239,ST-3,,2024-12-22,active,"$3,648.00"
ORD-3290,CUST-3682,ST-14,,26-11-2026,PENDING,"$7,948.00"
ORD-3291,CUST-4917,ST-6,,2024-04-16,active,11106
ORD-3292,CUST-917,ST-2,,2025-06-13,ACTIVE,"16,866.00"
ORD-3293,CUST-3154,ST-20,CP-198,23-11-2025,PENDING,"$9,064.00"
ORD-3294,CUST-1443,ST-22,,07-09-2025,active,424.00
ORD-3295,CUST-447,ST-19,,2026-04-12, Active ,"7,970.00"
ORD-3296,CUST-1223,ST-19,,2024-03-04,closed,9055
ORD-3297,CUST-3066,ST-20,,06/26/2025,closed,"14,723.00"
ORD-3298,CUST-3340,ST-19,,2024-06-20, Active ,"$2,786.00"
ORD-3299,CUST-1187,ST-9,,2025-08-20,CLOSED,8407
ORD-3300,CUST-42,ST-15,CP-132,15-10-2025,pending,"$7,480.00"
ORD-3301,CUST-4279,ST-23,CP-32,11-08-2025,closed,"4,652.00"
ORD-3302,CUST-4319,ST-19,,2025-05-09,PENDING,"2,070.00"
ORD-3303,CUST-807,ST-8,CP-93,2026-05-19,PENDING,$759.00
ORD-3304,CUST-2191,ST-1,CP-179,11-04-2024,active,4600
ORD-3305,CUST-423,ST-23,,08/19/2025, Active ,4643
ORD-3306,CUST-1523,ST-4,CP-174,2024-06-26, Active ,"10,799.00"
ORD-3307,CUST-4865,ST-7,,2024-02-14,PENDING,5393
ORD-3308,CUST-4631,ST-18,CP-43,25-02-2025,active,"5,616.00"
ORD-3309,CUST-4462,ST-8,,12/11/2026,PENDING,12100
ORD-3310,CUST-1442,ST-17,,26-05-2026,active,8410
ORD-3311,CUST-4188,ST-11,CP-120,11/16/2025,closed,"$8,990.00"
ORD-3312,CUST-4450,ST-14,,2025-01-04, Active ,"$10,625.00"
ORD-3313,CUST-4846,ST-13,CP-18,2024-02-23,pending,"$13,905.00"
ORD-3314,CUST-2987,ST-1,,09/19/2024,ACTIVE,13204
ORD-3315,CUST-1268,ST-5,,2024-06-14, Active ,19535
ORD-3316,CUST-1065,ST-15,,06/28/2025,closed,"$15,162.00"
ORD-3317,CUST-3860,ST-7,,01-05-2026,active,"$7,049.00"
ORD-3318,CUST-4341,ST-1,,15-06-2025,CLOSED,7548
ORD-3319,CUST-987,ST-25,CP-163,2024-07-18, Active ,"$13,565.00"
ORD-3320,CUST-2194,ST-23,,07/12/2026,closed,"$4,037.00"
ORD-3321,CUST-166,ST-1,,11/02/2026,closed,5544
ORD-3322,CUST-1520,ST-23,CP-135,09/16/2026, Active ,"$16,698.00"
ORD-3323,CUST-1929,ST-13,,06/23/2026,closed,17710
ORD-3324,CUST-3333,ST-10,,2026-01-16,ACTIVE,14625
ORD-3325,CUST-4207,ST-24,,02/28/2024,ACTIVE,"$17,981.00"
ORD-3326,CUST-2115,ST-15,CP-116,2024-04-22,CLOSED,"$3,494.00"
ORD-3327,CUST-3498,ST-21,,2025-04-14,ACTIVE,"14,815.00"
ORD-3328,CUST-3578,ST-8,,2025-09-06,active,2900
ORD-3329,CUST-1828,ST-5,,12/07/2026,active,8415
ORD-3330,CUST-3447,ST-21,CP-130,05/03/2026,closed,"$4,246.00"
ORD-3331,CUST-660,ST-20,,05/13/2025,closed,5171
ORD-3332,CUST-3005,ST-3,,2026-07-18, Active ,15813
ORD-3333,CUST-680,ST-19,,2025-02-17,CLOSED,"$6,589.00"
ORD-3334,CUST-1460,ST-19,CP-68,2026-02-02, Active ,10226
ORD-3335,CUST-784,ST-5,,03-10-2024,pending,19277
ORD-3336,CUST-4597,ST-21,,07/19/2025,active,2987
ORD-3337,CUST-1343,ST-9,,02/19/2024,closed,"10,246.00"
ORD-3338,CUST-2003,ST-3,,2025-02-15,active,2992
ORD-3339,CUST-1950,ST-16,,2025-04-26,active,"1,362.00"
ORD-3340,CUST-3911,ST-11,,2025-06-05,PENDING,1036
ORD-3341,CUST-1918,ST-1,CP-199,2025-09-08,closed,"$6,074.00"
ORD-3342,CUST-432,ST-12,,2026-10-17,active,19282
ORD-3343,CUST-2173,ST-19,,04/25/2026,ACTIVE,2426
ORD-3344,CUST-1398,ST-21,,2025-11-06,CLOSED,"$9,278.00"
ORD-3345,CUST-1967,ST-15,CP-3,2024-03-23,pending,2593
ORD-3346,CUST-187,ST-21,CP-179,17-01-2024,pending,"2,555.00"
ORD-3347,CUST-4897,ST-19,CP-177,2024-09-05,PENDING,"$8,389.00"
ORD-3348,CUST-2239,ST-21,,02/13/2024,active,13222
ORD-3349,CUST-4295,ST-19,,2026-01-21,closed,5825
ORD-3350,CUST-2052,ST-6,,2025-09-10,ACTIVE,"$1,295.00"
ORD-3351,CUST-1557,ST-18,,10/20/2026,CLOSED,"$10,114.00"
ORD-3352,CUST-1684,ST-9,CP-30,03/26/2025,PENDING,"$13,369.00"
ORD-3353,CUST-4186,ST-18,,2026-03-19,ACTIVE,10830
ORD-3354,CUST-1352,ST-8,,22-05-2024,ACTIVE,19075
ORD-3355,CUST-4137,ST-24,,03/19/2025,pending,"2,057.00"
ORD-3356,CUST-3699,ST-11,CP-25,2024-02-13,closed,"15,305.00"
ORD-3357,CUST-2348,ST-23,,2024-07-27, Active ,7085
ORD-3358,CUST-4783,ST-12,CP-64,2024-09-18,pending,14934
ORD-3359,CUST-3975,ST-6,CP-90,09/04/2025,pending,4800
ORD-3360,CUST-894,ST-18,,28-11-2025,CLOSED,"$11,266.00"
ORD-3361,CUST-3975,ST-6,CP-189,03/01/2024,pending,3460
ORD-3362,CUST-645,ST-1,CP-132,11/13/2024,PENDING,12345
ORD-3363,CUST-3517,ST-8,,2024-12-26,CLOSED,"14,510.00"
ORD-3364,CUST-2003,ST-24,,15-03-2026,PENDING,9687
ORD-3365,CUST-3287,ST-7,,2024-10-03,CLOSED,14955
ORD-3366,CUST-3359,ST-12,,2026-04-03,closed,"$15,044.00"
ORD-3367,CUST-2149,ST-1,,08/22/2025,active,5194
ORD-3368,CUST-4665,ST-1,CP-63,2025-08-19, Active ,18432
ORD-3369,CUST-3722,ST-1,CP-45,28-01-2025,CLOSED,"7,948.00"
ORD-3370,CUST-3412,ST-20,CP-147,2026-08-28,CLOSED,16800
ORD-3371,CUST-4691,ST-6,CP-20,2025-12-28,pending,7928
ORD-3372,CUST-3335,ST-20,CP-120,24-10-2025,closed,"$17,902.00"
ORD-3373,CUST-4655,ST-8,,07/25/2025,pending,"$3,500.00"
ORD-3374,CUST-1863,ST-9,,11/02/2025,pending,18508
ORD-3375,CUST-4424,ST-21,,09/25/2025,PENDING,9482
ORD-3376,CUST-1635,ST-15,,20-07-2025,ACTIVE,"$8,309.00"
ORD-3377,CUST-2536,ST-9,,12/23/2026,active,470.00
ORD-3378,CUST-1958,ST-17,,2025-04-01,active,2832
ORD-3379,CUST-709,ST-12,,2026-05-17,pending,3455
ORD-3380,CUST-2324,ST-9,CP-56,2024-12-11, Active ,"$14,936.00"
ORD-3381,CUST-654,ST-19,,2025-09-28,active,13274
ORD-3382,CUST-4140,ST-23,CP-41,28-08-2024,ACTIVE,4051
ORD-3383,CUST-2770,ST-16,,24-09-2026,PENDING,"$1,992.00"
ORD-3384,CUST-4938,ST-16,,2026-01-19,ACTIVE,18622
ORD-3385,CUST-1120,ST-7,,01-03-2025,closed,465
ORD-3386,CUST-2130,ST-25,CP-130,26-08-2025,closed,"12,406.00"
ORD-3387,CUST-1987,ST-24,,2025-07-28,ACTIVE,14686
ORD-3388,CUST-342,ST-7,CP-199,05/12/2024,CLOSED,410
ORD-3389,CUST-77,ST-14,,2026-08-05,active,4457
ORD-3390,CUST-4148,ST-21,CP-102,2024-11-08,CLOSED,702
ORD-3391,CUST-3313,ST-5,CP-99,2025-01-25, Active ,"$19,316.00"
ORD-3392,CUST-4571,ST-5,CP-22,19-01-2025,pending,11136
ORD-3393,CUST-65,ST-20,,2024-10-08,CLOSED,"12,177.00"
ORD-3394,CUST-4723,ST-18,,12/02/2025, Active ,"19,944.00"
ORD-3395,CUST-3753,ST-1,,10/27/2026, Active ,2544
ORD-3396,CUST-3147,ST-5,CP-194,04-10-2026,pending,3785
ORD-3397,CUST-1967,ST-21,CP-191,2026-01-08,pending,"5,371.00"
ORD-3398,CUST-304,ST-8,,10-05-2026,pending,8330
ORD-3399,CUST-640,ST-20,,2024-10-08,pending,"6,384.00"
ORD-3400,CUST-4327,ST-12,,2026-08-08,CLOSED,15509
ORD-3401,CUST-1927,ST-3,,2026-09-03,CLOSED,"$11,979.00"
ORD-3402,CUST-622,ST-2,,2026-12-15,closed,"$7,206.00"
ORD-3403,CUST-4097,ST-21,,20-04-2024,closed,"$2,766.00"
ORD-3404,CUST-1233,ST-21,CP-167,2026-10-01,pending,303
ORD-3405,CUST-2305,ST-9,,2025-09-03,ACTIVE,"$11,277.00"
ORD-3406,CUST-184,ST-18,CP-62,2024-01-14, Active ,16348
ORD-3407,CUST-402,ST-11,,01/19/2025,ACTIVE,13426
ORD-3408,CUST-15,ST-23,,19-04-2024,PENDING,$694.00
ORD-3409,CUST-1285,ST-17,CP-89,04/21/2026,closed,"$10,431.00"
ORD-3410,CUST-3649,ST-2,,16-08-2025,CLOSED,"2,286.00"
ORD-3411,CUST-758,ST-17,,08-11-2026,closed,569
ORD-3412,CUST-849,ST-17,,2025-06-05,active,2134
ORD-3413,CUST-3754,ST-17,,27-03-2025,pending,18771
ORD-3414,CUST-1004,ST-25,,2024-11-01,PENDING,8643
ORD-3415,CUST-723,ST-10,CP-175,02/24/2025,CLOSED,"6,499.00"
ORD-3416,CUST-2708,ST-4,,2024-08-11,closed,9481
ORD-3417,CUST-4945,ST-22,,2026-07-15,pending,11609
ORD-3418,CUST-4264,ST-3,,11/13/2025, Active ,11320
ORD-3419,CUST-461,ST-18,,09/15/2026,ACTIVE,"$15,971.00"
ORD-3420,CUST-2741,ST-6,,07/26/2024,active,9151
ORD-3421,CUST-3974,ST-13,,2024-05-12,pending,9968
ORD-3422,CUST-4271,ST-22,,08/21/2024,active,"15,615.00"
ORD-3423,CUST-2892,ST-11,,07/01/2024,ACTIVE,$890.00
ORD-3424,CUST-4899,ST-7,CP-113,10/05/2024,active,"$10,528.00"
ORD-3425,CUST-3050,ST-20,,12-03-2024, Active ,7106
ORD-3426,CUST-3098,ST-8,,02/27/2026,pending,"8,479.00"
ORD-3427,CUST-1869,ST-25,CP-172,26-09-2025,closed,"14,406.00"
ORD-3428,CUST-2631,ST-15,,01/14/2025,CLOSED,"$9,880.00"
ORD-3429,CUST-925,ST-18,,2025-06-19,CLOSED,"$2,364.00"
ORD-3430,CUST-1405,ST-23,,01/06/2024,ACTIVE,17573
ORD-3431,CUST-4164,ST-12,,03/19/2024, Active ,1819
ORD-3432,CUST-2800,ST-4,,05/15/2024,closed,16180
ORD-3433,CUST-3354,ST-21,,03/16/2024,closed,1699
ORD-3434,CUST-1267,ST-16,CP-197,08/03/2025,CLOSED,"$7,086.00"
ORD-3435,CUST-2615,ST-8,,05-07-2024,CLOSED,17748
ORD-3436,CUST-3199,ST-15,,2024-07-03, Active ,"9,974.00"
ORD-3437,CUST-8,ST-14,CP-20,2025-07-05,ACTIVE,"16,485.00"
ORD-3438,CUST-2905,ST-20,CP-145,2025-11-19,CLOSED,"3,419.00"
ORD-3439,CUST-3495,ST-22,,10/03/2026,PENDING,"$19,106.00"
ORD-3440,CUST-22,ST-15,,2024-03-08,ACTIVE,"$16,747.00"
ORD-3441,CUST-1929,ST-3,,04/05/2026,ACTIVE,"17,500.00"
ORD-3442,CUST-3954,ST-21,CP-7,11/08/2026,pending,"9,751.00"
ORD-3443,CUST-4803,ST-9,,2026-08-25,closed,"11,577.00"
ORD-3444,CUST-942,ST-10,CP-180,2025-08-24,CLOSED,12002
ORD-3445,CUST-2314,ST-4,CP-186,23-09-2025,CLOSED,"$17,374.00"
ORD-3446,CUST-1581,ST-13,,2024-04-04,closed,"$12,182.00"
ORD-3447,CUST-2142,ST-23,,2025-08-03, Active ,"9,296.00"
ORD-3448,CUST-2612,ST-10,,12-09-2025,pending,"$5,646.00"
ORD-3449,CUST-3055,ST-8,CP-185,2026-11-28,closed,"$6,299.00"
ORD-3450,CUST-4799,ST-8,CP-125,2026-11-14,active,1514
ORD-3451,CUST-508,ST-19,CP-45,06/10/2025,closed,"2,795.00"
ORD-3452,CUST-375,ST-21,,19-02-2026,CLOSED,"$2,376.00"
ORD-3453,CUST-3732,ST-10,,2025-12-22,ACTIVE,"13,997.00"
ORD-3454,CUST-1503,ST-6,,2025-02-13,ACTIVE,14657
ORD-3455,CUST-454,ST-19,,07/02/2026,CLOSED,12495
ORD-3456,CUST-3897,ST-16,,08/09/2024, Active ,"$1,830.00"
ORD-3457,CUST-4766,ST-9,,2026-11-18,active,11691
ORD-3458,CUST-1804,ST-25,,2026-09-14,ACTIVE,"$19,545.00"
ORD-3459,CUST-2826,ST-16,,2026-07-05,PENDING,16473
ORD-3460,CUST-3459,ST-18,CP-43,06-09-2024,closed,19810
ORD-3461,CUST-990,ST-12,CP-100,11-08-2025, Active ,3254
ORD-3462,CUST-4868,ST-6,,24-01-2026,pending,"$17,372.00"
ORD-3463,CUST-523,ST-5,,09/11/2026,PENDING,9021
ORD-3464,CUST-352,ST-14,,19-10-2026,PENDING,623
ORD-3465,CUST-525,ST-16,,2025-10-26,CLOSED,"17,200.00"
ORD-3466,CUST-4220,ST-18,CP-101,2025-10-28,CLOSED,18715
ORD-3467,CUST-3551,ST-9,CP-134,2024-07-19,PENDING,"$2,007.00"
ORD-3468,CUST-2714,ST-20,,2025-07-28,closed,9529
ORD-3469,CUST-4597,ST-1,,05/16/2026,ACTIVE,"$10,294.00"
ORD-3470,CUST-1160,ST-18,CP-78,2025-10-26,PENDING,"$19,103.00"
ORD-3471,CUST-4277,ST-5,CP-192,12/07/2024, Active ,13437
ORD-3472,CUST-925,ST-3,CP-112,10/12/2024,PENDING,"$11,746.00"
ORD-3473,CUST-3997,ST-7,,03/08/2025,ACTIVE,"$10,722.00"
ORD-3474,CUST-2381,ST-7,CP-27,2025-07-15, Active ,12025
ORD-3475,CUST-3063,ST-15,,05/04/2024,pending,14012
ORD-3476,CUST-4926,ST-14,CP-197,2026-02-26,pending,"$7,744.00"
ORD-3477,CUST-287,ST-15,,2026-03-19,active,4567
ORD-3478,CUST-3841,ST-13,,02/23/2025,pending,"16,882.00"
ORD-3479,CUST-1051,ST-17,,2024-09-07, Active ,"8,060.00"
ORD-3480,CUST-1554,ST-21,CP-147,2024-03-25,ACTIVE,19796
ORD-3481,CUST-4371,ST-18,,2025-02-01, Active ,"$18,176.00"
ORD-3482,CUST-1003,ST-25,,2026-09-19,CLOSED,"$18,875.00"
ORD-3483,CUST-1882,ST-16,CP-102,07/17/2025,CLOSED,"11,763.00"
ORD-3484,CUST-765,ST-23,,2024-01-12,PENDING,7333
ORD-3485,CUST-2073,ST-8,,09/09/2025,CLOSED,"$16,540.00"
ORD-3486,CUST-4869,ST-17,,03/05/2024,CLOSED,17482
ORD-3487,CUST-2269,ST-22,,2026-04-28,ACTIVE,1023
ORD-3488,CUST-2146,ST-16,,08/09/2024,CLOSED,"$15,453.00"
ORD-3489,CUST-2564,ST-6,CP-35,04/04/2025,active,"11,387.00"
ORD-3490,CUST-2885,ST-19,,07/07/2024,CLOSED,17854
ORD-3491,CUST-2557,ST-1,,2026-04-14,closed,16088
ORD-3492,CUST-4252,ST-24,,2025-10-21,CLOSED,18659
ORD-3493,CUST-1690,ST-11,CP-99,2026-11-15,pending,"3,074.00"
ORD-3494,CUST-3493,ST-12,,2026-09-07,closed,16822
ORD-3495,CUST-3591,ST-16,,07-09-2026,ACTIVE,7763
ORD-3496,CUST-3088,ST-17,,2024-10-07,ACTIVE,6079
ORD-3497,CUST-3500,ST-12,,2024-05-23,closed,"9,930.00"
ORD-3498,CUST-346,ST-2,,2025-12-07,closed,4965
ORD-3499,CUST-3939,ST-20,CP-160,04-05-2026,closed,"7,747.00"
ORD-3500,CUST-1113,ST-10,,2026-04-18,PENDING,17998
ORD-3501,CUST-2624,ST-4,,08/11/2026, Active ,"17,572.00"
ORD-3502,CUST-3116,ST-10,CP-159,2026-12-09,active,15377
ORD-3503,CUST-4281,ST-24,CP-171,2025-07-19, Active ,"$10,918.00"
ORD-3504,CUST-3804,ST-1,,2024-12-06,PENDING,8519
ORD-3505,CUST-895,ST-17,,11/28/2026, Active ,"$8,797.00"
ORD-3506,CUST-3552,ST-25,CP-12,16-06-2026,PENDING,"$15,292.00"
ORD-3507,CUST-1041,ST-16,,03/06/2026,closed,10921
ORD-3508,CUST-3587,ST-25,CP-128,11/04/2025,active,"$1,900.00"
ORD-3509,CUST-1886,ST-11,CP-182,02/21/2026,closed,"15,566.00"
ORD-3510,CUST-1753,ST-7,,02-05-2024, Active ,"$5,525.00"
ORD-3511,CUST-3220,ST-16,,07/22/2025,closed,"$1,847.00"
ORD-3512,CUST-253,ST-6,CP-74,2026-01-09,PENDING,18341
ORD-3513,CUST-2831,ST-23,,11/05/2025,ACTIVE,8672
ORD-3514,CUST-2204,ST-7,CP-136,2026-02-10,CLOSED,6892
ORD-3515,CUST-1899,ST-17,,03/08/2025,ACTIVE,13493
ORD-3516,CUST-2610,ST-16,,10/22/2025,closed,"$11,630.00"
ORD-3517,CUST-4853,ST-20,,2025-11-01,active,"2,520.00"
ORD-3518,CUST-2914,ST-5,CP-111,2024-09-23,PENDING,6369
ORD-3519,CUST-4821,ST-8,,2025-03-19, Active ,"$12,472.00"
ORD-3520,CUST-83,ST-14,,2024-10-25,closed,"13,435.00"
ORD-3521,CUST-4245,ST-24,,06/09/2025, Active ,"$8,374.00"
ORD-3522,CUST-4593,ST-23,CP-40,23-04-2025,CLOSED,"$11,210.00"
ORD-3523,CUST-4772,ST-12,,06/25/2025,active,"9,099.00"
ORD-3524,CUST-2904,ST-11,CP-35,18-02-2024,active,13213
ORD-3525,CUST-2627,ST-17,,10/16/2024,closed,16471
ORD-3526,CUST-3786,ST-7,,2025-08-06,ACTIVE,"$8,397.00"
ORD-3527,CUST-2398,ST-21,,16-05-2025,PENDING,"4,551.00"
ORD-3528,CUST-3262,ST-4,,2025-02-01,CLOSED,13610
ORD-3529,CUST-4759,ST-14,,2024-10-11,active,2767
ORD-3530,CUST-1873,ST-11,,2024-07-16,CLOSED,18960
ORD-3531,CUST-355,ST-23,,23-04-2026, Active ,"$15,257.00"
ORD-3532,CUST-4569,ST-14,,2025-11-05,closed,"$14,930.00"
ORD-3533,CUST-305,ST-16,,2026-05-09, Active ,1484
ORD-3534,CUST-4462,ST-8,,2026-11-16,pending,7256
ORD-3535,CUST-1356,ST-5,,2025-05-20,CLOSED,13932
ORD-3536,CUST-4961,ST-12,CP-85,10/17/2026,closed,3101
ORD-3537,CUST-4837,ST-23,,2024-02-26,pending,5886
ORD-3538,CUST-17,ST-4,,2024-02-02,pending,"$12,978.00"
ORD-3539,CUST-1864,ST-24,,17-06-2024,ACTIVE,"$2,932.00"
ORD-3540,CUST-4930,ST-25,,09/15/2026, Active ,"18,408.00"
ORD-3541,CUST-137,ST-10,,2024-01-01,PENDING,"5,061.00"
ORD-3542,CUST-2552,ST-20,,02/12/2025, Active ,"8,852.00"
ORD-3543,CUST-4284,ST-12,CP-87,2024-03-16,active,2537
ORD-3544,CUST-1835,ST-22,,2026-07-27,closed,2339
ORD-3545,CUST-3366,ST-8,,03/25/2025,ACTIVE,19548
ORD-3546,CUST-826,ST-23,,03-04-2026,active,"$12,828.00"
ORD-3547,CUST-3295,ST-18,,05/21/2025,pending,"$15,075.00"
ORD-3548,CUST-2934,ST-15,CP-144,06-10-2024,active,451
ORD-3549,CUST-307,ST-21,,04/11/2024,CLOSED,14108
ORD-3550,CUST-3110,ST-2,,25-01-2024,active,5356
ORD-3551,CUST-3447,ST-16,,2025-12-14,active,"$9,093.00"
ORD-3552,CUST-2024,ST-2,CP-185,09-10-2025,pending,10412
ORD-3553,CUST-1716,ST-8,,03/22/2025,active,"$7,273.00"
ORD-3554,CUST-1333,ST-19,,2025-05-10,ACTIVE,19744
ORD-3555,CUST-4235,ST-25,,2024-02-10,ACTIVE,"14,607.00"
ORD-3556,CUST-4091,ST-22,CP-70,2025-02-27,ACTIVE,17025
ORD-3557,CUST-1151,ST-12,,03/20/2024,ACTIVE,18824
ORD-3558,CUST-1866,ST-10,,2026-07-17,CLOSED,"12,932.00"
ORD-3559,CUST-4622,ST-24,CP-34,04/04/2025,CLOSED,"8,254.00"
ORD-3560,CUST-4785,ST-17,,2025-07-21,PENDING,10885
ORD-3561,CUST-3397,ST-9,CP-200,07/06/2026,PENDING,"$7,507.00"
ORD-3562,CUST-897,ST-19,,2024-12-27,PENDING,17899
ORD-3563,CUST-2190,ST-4,,2025-09-03,PENDING,"14,414.00"
ORD-3564,CUST-495,ST-3,,27-06-2024,ACTIVE,"18,415.00"
ORD-3565,CUST-3013,ST-23,,2024-02-23,closed,2349
ORD-3566,CUST-3686,ST-15,,2024-11-10,PENDING,"$8,084.00"
ORD-3567,CUST-2723,ST-3,CP-1,09/09/2025, Active ,"$12,808.00"
ORD-3568,CUST-172,ST-22,,2026-04-14,PENDING,10740
ORD-3569,CUST-3019,ST-13,CP-125,01/10/2024,pending,"$4,732.00"
ORD-3570,CUST-3266,ST-21,,20-07-2026,active,"$5,843.00"
ORD-3571,CUST-97,ST-5,,12-02-2025,PENDING,"9,754.00"
ORD-3572,CUST-2608,ST-10,CP-32,2026-07-22,ACTIVE,"$11,017.00"
ORD-3573,CUST-3716,ST-24,,12/09/2026,closed,"$15,815.00"
ORD-3574,CUST-252,ST-6,,13-06-2024,ACTIVE,"$4,187.00"
ORD-3575,CUST-1323,ST-3,,09/05/2026,ACTIVE,8710
ORD-3576,CUST-4045,ST-23,,03/15/2025,pending,10219
ORD-3577,CUST-4393,ST-1,,10/08/2024,active,"13,229.00"
ORD-3578,CUST-2368,ST-11,CP-167,05-10-2025,CLOSED,2197
ORD-3579,CUST-2344,ST-20,,18-05-2024,CLOSED,"$1,200.00"
ORD-3580,CUST-4720,ST-7,CP-32,2024-10-20,active,"$7,737.00"
ORD-3581,CUST-1335,ST-14,CP-145,18-03-2026,pending,"$9,871.00"
ORD-3582,CUST-3964,ST-4,,11-07-2025,active,"$5,489.00"
ORD-3583,CUST-4418,ST-6,CP-80,15-11-2026, Active ,4913
ORD-3584,CUST-137,ST-11,,2026-05-04,pending,"$14,234.00"
ORD-3585,CUST-236,ST-17,CP-67,2025-08-08,active,13331
ORD-3586,CUST-3534,ST-6,,2026-07-14,pending,13375
ORD-3587,CUST-1463,ST-2,CP-161,2024-03-05,CLOSED,2499
ORD-3588,CUST-3614,ST-16,CP-64,07-10-2026,PENDING,7777
ORD-3589,CUST-4012,ST-10,,2026-11-28,CLOSED,19812
ORD-3590,CUST-3583,ST-13,,2024-02-26,ACTIVE,"16,667.00"
ORD-3591,CUST-1988,ST-17,CP-184,2026-09-26,ACTIVE,6080
ORD-3592,CUST-2412,ST-9,CP-58,2024-03-24,pending,"$6,701.00"
ORD-3593,CUST-22,ST-22,CP-57,2024-04-19,ACTIVE,11062
ORD-3594,CUST-2317,ST-3,CP-161,02/12/2024, Active ,"10,615.00"
ORD-3595,CUST-1711,ST-20,,2025-06-17,PENDING,11934
ORD-3596,CUST-4147,ST-20,,12/10/2025,active,2973
ORD-3597,CUST-4831,ST-10,,03/12/2025,CLOSED,9852
ORD-3598,CUST-1404,ST-15,,2025-01-24,ACTIVE,17600
ORD-3599,CUST-4457,ST-20,,12/18/2026,pending,3083
ORD-3600,CUST-2169,ST-5,,2025-05-28,CLOSED,"$11,510.00"
ORD-3601,CUST-2958,ST-19,,2026-11-27,CLOSED,"$10,575.00"
ORD-3602,CUST-3565,ST-9,,2025-05-28,active,"16,862.00"
ORD-3603,CUST-339,ST-19,CP-94,2025-09-09,ACTIVE,"$16,285.00"
ORD-3604,CUST-1852,ST-22,,08/17/2025, Active ,972.00
ORD-3605,CUST-2125,ST-16,,2026-08-03,active,"5,033.00"
ORD-3606,CUST-2673,ST-9,,2026-01-27,ACTIVE,1812
ORD-3607,CUST-3598,ST-15,CP-39,2024-08-13,CLOSED,"$1,843.00"
ORD-3608,CUST-4353,ST-22,CP-56,06/28/2024, Active ,"$6,509.00"
ORD-3609,CUST-1684,ST-20,CP-11,01/26/2024,pending,"11,960.00"
ORD-3610,CUST-1216,ST-4,,09-09-2025,closed,"10,347.00"
ORD-3611,CUST-2861,ST-25,CP-147,2026-02-09,ACTIVE,"$9,873.00"
ORD-3612,CUST-1639,ST-16,CP-164,05/25/2024,pending,"11,268.00"
ORD-3613,CUST-4795,ST-4,,17-03-2024,pending,"12,848.00"
ORD-3614,CUST-1442,ST-18,,05/25/2025,ACTIVE,"10,539.00"
ORD-3615,CUST-4662,ST-13,CP-80,2025-07-01,closed,2704
ORD-3616,CUST-4670,ST-10,,16-11-2025, Active ,11163
ORD-3617,CUST-3942,ST-10,,2025-04-25,CLOSED,"$12,704.00"
ORD-3618,CUST-1910,ST-2,CP-28,02/28/2024,CLOSED,1953
ORD-3619,CUST-275,ST-2,,2026-03-15,ACTIVE,3794
ORD-3620,CUST-2641,ST-7,,2024-07-24,active,15933
ORD-3621,CUST-4074,ST-6,CP-34,2025-08-10,active,"1,804.00"
ORD-3622,CUST-2698,ST-4,,05/10/2024,active,"$1,414.00"
ORD-3623,CUST-3808,ST-8,,2024-05-25,pending,"$16,778.00"
ORD-3624,CUST-4021,ST-4,CP-72,2026-10-10, Active ,"$10,369.00"
ORD-3625,CUST-2126,ST-9,,10-02-2024,closed,"1,657.00"
ORD-3626,CUST-744,ST-5,,2026-04-19,PENDING,9093
ORD-3627,CUST-4749,ST-9,CP-9,2026-12-02,PENDING,"$1,542.00"
ORD-3628,CUST-679,ST-16,,2026-09-25,closed,"$18,141.00"
ORD-3629,CUST-1863,ST-24,,04/03/2025,closed,"$2,350.00"
ORD-3630,CUST-3744,ST-4,,2026-09-14, Active ,9353
ORD-3631,CUST-4152,ST-22,,2026-09-09,active,14254
ORD-3632,CUST-2119,ST-21,,2024-05-01,PENDING,"17,863.00"
ORD-3633,CUST-1785,ST-24,CP-183,2024-09-11,ACTIVE,15929
ORD-3634,CUST-1792,ST-8,,2024-07-05,pending,"$8,819.00"
ORD-3635,CUST-566,ST-1,,2025-01-03,pending,14286
ORD-3636,CUST-2585,ST-11,,2025-11-18,pending,623
ORD-3637,CUST-4573,ST-16,CP-69,03-06-2025,closed,"$3,106.00"
ORD-3638,CUST-4738,ST-15,,2024-04-12,pending,"$3,174.00"
ORD-3639,CUST-3445,ST-20,,2024-12-25,CLOSED,13964
ORD-3640,CUST-2285,ST-20,,01/23/2025,ACTIVE,"$5,902.00"
ORD-3641,CUST-1954,ST-15,,2026-05-06,CLOSED,10088
ORD-3642,CUST-2972,ST-17,,10-03-2025, Active ,10448
ORD-3643,CUST-4301,ST-19,,2024-06-04,CLOSED,"12,923.00"
ORD-3644,CUST-3907,ST-15,,11/16/2024,PENDING,17186
ORD-3645,CUST-1856,ST-12,CP-144,02/12/2026,PENDING,"$9,316.00"
ORD-3646,CUST-1598,ST-8,CP-173,22-11-2026,pending,"$11,421.00"
ORD-3647,CUST-4745,ST-17,,2025-05-09,PENDING,"$19,160.00"
ORD-3648,CUST-209,ST-13,,2026-10-25,CLOSED,"$17,193.00"
ORD-3649,CUST-1983,ST-4,,2026-01-16,PENDING,"$11,906.00"
ORD-3650,CUST-4935,ST-2,,06/18/2024,pending,10990
ORD-3651,CUST-1023,ST-9,,05/18/2025,closed,$864.00
ORD-3652,CUST-290,ST-3,,2025-06-16,ACTIVE,"3,912.00"
ORD-3653,CUST-1084,ST-5,,2026-02-04,PENDING,14142
ORD-3654,CUST-1480,ST-17,,2026-01-05,ACTIVE,"$18,650.00"
ORD-3655,CUST-389,ST-17,,2025-07-12,closed,"$10,094.00"
ORD-3656,CUST-4076,ST-12,,2026-08-11,ACTIVE,"$1,413.00"
ORD-3657,CUST-1973,ST-7,,12/16/2024, Active ,8294
ORD-3658,CUST-3390,ST-12,,2024-09-17, Active ,7693
ORD-3659,CUST-1146,ST-10,CP-8,2024-07-23,ACTIVE,"8,263.00"
ORD-3660,CUST-1249,ST-13,CP-153,2025-12-01,closed,13844
ORD-3661,CUST-2955,ST-4,,01/18/2025,closed,"$4,430.00"
ORD-3662,CUST-3717,ST-23,,2026-02-12,ACTIVE,"$10,332.00"
ORD-3663,CUST-2435,ST-2,CP-144,12/11/2026,active,12691
ORD-3664,CUST-4282,ST-21,,22-01-2024,closed,"$13,825.00"
ORD-3665,CUST-4891,ST-12,,2026-06-11,PENDING,"7,063.00"
ORD-3666,CUST-3313,ST-20,CP-190,2026-01-07,pending,6548
ORD-3667,CUST-440,ST-21,,2025-04-17,pending,3860
ORD-3668,CUST-1168,ST-11,CP-126,14-12-2026, Active ,16266
ORD-3669,CUST-351,ST-12,,09-05-2025,active,945
ORD-3670,CUST-3245,ST-5,CP-193,08-09-2026,PENDING,"$12,884.00"
ORD-3671,CUST-2201,ST-5,,2025-11-28,closed,6427
ORD-3672,CUST-3962,ST-24,,2026-01-12,closed,16368
ORD-3673,CUST-2715,ST-25,CP-15,2024-06-13,CLOSED,"$2,544.00"
ORD-3674,CUST-3893,ST-6,,10/23/2026,active,13451
ORD-3675,CUST-1674,ST-12,,2024-04-09,active,14182
ORD-3676,CUST-1504,ST-18,,2026-07-28,pending,7029
ORD-3677,CUST-186,ST-19,,01/06/2026, Active ,7886
ORD-3678,CUST-253,ST-1,,2024-10-11,active,"4,940.00"
ORD-3679,CUST-2129,ST-15,,09/08/2025, Active ,16855
ORD-3680,CUST-1398,ST-10,,2024-10-10,active,"2,390.00"
ORD-3681,CUST-1280,ST-21,,01/03/2024,PENDING,18423
ORD-3682,CUST-1447,ST-23,,2025-08-02,PENDING,"$19,714.00"
ORD-3683,CUST-1756,ST-2,CP-27,09/09/2025,ACTIVE,17400
ORD-3684,CUST-4435,ST-7,CP-135,2026-01-21, Active ,2446
ORD-3685,CUST-3463,ST-10,,19-11-2026,closed,"14,173.00"
ORD-3686,CUST-4238,ST-10,,21-01-2025,ACTIVE,"$8,960.00"
ORD-3687,CUST-3056,ST-4,,2025-11-09,ACTIVE,"6,726.00"
ORD-3688,CUST-2226,ST-6,,2024-01-08,PENDING,"$2,410.00"
ORD-3689,CUST-4435,ST-11,CP-46,05-01-2025,pending,"$10,914.00"
ORD-3690,CUST-3340,ST-5,CP-122,2024-11-09,CLOSED,"$7,485.00"
ORD-3691,CUST-4142,ST-4,,2025-06-28,closed,6104
ORD-3692,CUST-4990,ST-18,,2025-06-20, Active ,12190
ORD-3693,CUST-2444,ST-22,CP-156,2024-09-18,pending,7904
ORD-3694,CUST-4956,ST-3,,2026-11-17,ACTIVE,9524
ORD-3695,CUST-2394,ST-12,,2024-06-10,pending,8583
ORD-3696,CUST-1588,ST-12,,2025-09-04,ACTIVE,16237
ORD-3697,CUST-2942,ST-8,CP-90,2026-12-18,active,"13,745.00"
ORD-3698,CUST-1854,ST-4,,2026-02-23,active,12023
ORD-3699,CUST-2402,ST-2,CP-99,14-03-2025,ACTIVE,"9,046.00"
ORD-3700,CUST-105,ST-10,,05/22/2026,pending,"2,607.00"
ORD-3701,CUST-87,ST-15,,24-10-2025, Active ,"$17,236.00"
ORD-3702,CUST-86,ST-8,CP-65,01-05-2025,active,2943
ORD-3703,CUST-1434,ST-5,,04/10/2024,ACTIVE,"$13,006.00"
ORD-3704,CUST-2244,ST-18,,04/10/2024,CLOSED,6765
ORD-3705,CUST-2056,ST-22,,2026-11-06,pending,"$2,090.00"
ORD-3706,CUST-1582,ST-18,,06/24/2025,PENDING,"$15,100.00"
ORD-3707,CUST-819,ST-13,CP-173,04-11-2025,PENDING,17971
ORD-3708,CUST-3467,ST-10,CP-13,2026-12-26,closed,"13,683.00"
ORD-3709,CUST-4344,ST-22,CP-56,2025-07-07,active,"$3,258.00"
ORD-3710,CUST-2519,ST-15,,24-10-2026,CLOSED,"11,396.00"
ORD-3711,CUST-4350,ST-3,,2024-08-24,PENDING,"14,436.00"
ORD-3712,CUST-3033,ST-13,,21-03-2026,PENDING,9935
ORD-3713,CUST-3654,ST-11,,2025-12-14,closed,4517
ORD-3714,CUST-2842,ST-7,CP-34,03/14/2025,active,720
ORD-3715,CUST-1857,ST-15,,2026-12-02,active,"$4,690.00"
ORD-3716,CUST-380,ST-10,,2026-05-16,CLOSED,19187
ORD-3717,CUST-1281,ST-15,CP-6,03-09-2025,ACTIVE,16171
ORD-3718,CUST-1292,ST-7,,2026-12-24,closed,4387
ORD-3719,CUST-275,ST-25,,26-09-2024,closed,9984
ORD-3720,CUST-3832,ST-9,,09/18/2026,pending,10118
ORD-3721,CUST-4381,ST-6,CP-89,2025-02-15,closed,"$17,510.00"
ORD-3722,CUST-1716,ST-23,,2025-01-24,active,"$16,909.00"
ORD-3723,CUST-4450,ST-15,,2024-11-18,pending,"$2,111.00"
ORD-3724,CUST-3142,ST-17,CP-168,2026-04-10,CLOSED,"2,684.00"
ORD-3725,CUST-443,ST-11,,07/23/2026,active,10992
ORD-3726,CUST-148,ST-22,,2025-12-19,CLOSED,"13,070.00"
ORD-3727,CUST-3101,ST-25,,2025-04-04,active,386
ORD-3728,CUST-78,ST-6,,2024-12-19,closed,12661
ORD-3729,CUST-2485,ST-10,,11/10/2026,ACTIVE,13962
ORD-3730,CUST-1230,ST-4,,08-04-2025,pending,"14,255.00"
ORD-3731,CUST-4197,ST-11,,2026-05-04,closed,"$9,688.00"
ORD-3732,CUST-4430,ST-11,CP-173,06/10/2025,ACTIVE,6195
ORD-3733,CUST-4561,ST-17,,23-08-2025, Active ,"$18,100.00"
ORD-3734,CUST-4447,ST-10,,2025-03-14,pending,"4,478.00"
ORD-3735,CUST-243,ST-25,,01/18/2026,active,7146
ORD-3736,CUST-1240,ST-11,,2024-12-03,ACTIVE,"4,803.00"
ORD-3737,CUST-1792,ST-5,,2025-12-28,PENDING,"$6,634.00"
ORD-3738,CUST-765,ST-16,,2025-01-04,ACTIVE,"$7,247.00"
ORD-3739,CUST-1666,ST-21,,2025-02-27,pending,"$15,186.00"
ORD-3740,CUST-2380,ST-4,,22-08-2025, Active ,9969
ORD-3741,CUST-1132,ST-7,,2026-10-19, Active ,"$13,697.00"
ORD-3742,CUST-4025,ST-2,CP-168,10-12-2026,PENDING,16886
ORD-3743,CUST-1996,ST-10,,2025-04-04,active,"3,667.00"
ORD-3744,CUST-846,ST-5,,2026-06-21,closed,"13,238.00"
ORD-3745,CUST-2014,ST-20,,2024-10-08,ACTIVE,"11,235.00"
ORD-3746,CUST-4626,ST-24,,10/10/2024,PENDING,13876
ORD-3747,CUST-4526,ST-24,,2026-01-21, Active ,8004
ORD-3748,CUST-1029,ST-12,,01/23/2024, Active ,7069
ORD-3749,CUST-3661,ST-18,,2024-04-11,pending,17586
ORD-3750,CUST-1060,ST-22,,10/27/2025,ACTIVE,"$17,969.00"
ORD-3751,CUST-75,ST-24,,2025-06-27,active,5018
ORD-3752,CUST-937,ST-3,,2026-09-06,active,"2,977.00"
ORD-3753,CUST-2427,ST-25,,2025-10-11,closed,"$14,422.00"
ORD-3754,CUST-3249,ST-13,,06/20/2024,ACTIVE,$764.00
ORD-3755,CUST-1986,ST-5,,2024-02-19, Active ,16012
ORD-3756,CUST-4578,ST-11,CP-96,2025-09-27,active,"5,908.00"
ORD-3757,CUST-484,ST-17,,10-01-2026,CLOSED,15775
ORD-3758,CUST-675,ST-11,CP-126,21-05-2024,closed,8931
ORD-3759,CUST-3418,ST-23,,18-01-2024,closed,7567
ORD-3760,CUST-1569,ST-21,,2026-04-21,CLOSED,"$8,274.00"
ORD-3761,CUST-964,ST-5,,14-08-2026,ACTIVE,"5,158.00"
ORD-3762,CUST-552,ST-15,CP-19,27-06-2025,CLOSED,"17,201.00"
ORD-3763,CUST-1804,ST-4,CP-69,02/12/2024,CLOSED,14862
ORD-3764,CUST-3878,ST-2,CP-17,2026-05-03, Active ,"3,615.00"
ORD-3765,CUST-4149,ST-21,,2025-05-15,pending,"$8,495.00"
ORD-3766,CUST-4797,ST-21,,2026-06-15,CLOSED,4766
ORD-3767,CUST-3430,ST-12,,2026-03-26,active,6669
ORD-3768,CUST-2400,ST-10,CP-24,25-03-2024,pending,"$2,194.00"
ORD-3769,CUST-2331,ST-4,,08-04-2024,CLOSED,84
ORD-3770,CUST-4361,ST-14,,2024-12-02,closed,"$9,608.00"
ORD-3771,CUST-4677,ST-20,,12/12/2026,CLOSED,"$11,283.00"
ORD-3772,CUST-3695,ST-11,,12/15/2024,ACTIVE,"$4,584.00"
ORD-3773,CUST-4779,ST-7,,2025-11-12,PENDING,11367
ORD-3774,CUST-1982,ST-14,,12/05/2026,ACTIVE,"1,566.00"
ORD-3775,CUST-3038,ST-21,,2025-07-03,ACTIVE,"$1,813.00"
ORD-3776,CUST-4652,ST-6,CP-173,05/21/2026,PENDING,10513
ORD-3777,CUST-2561,ST-5,,05-12-2024,active,18629
ORD-3778,CUST-4450,ST-4,,2024-05-10,pending,4369
ORD-3779,CUST-3613,ST-5,,2025-04-02,closed,"$9,125.00"
ORD-3780,CUST-454,ST-17,,12-06-2025,closed,"$14,439.00"
ORD-3781,CUST-3713,ST-20,CP-20,2025-11-20,closed,3697
ORD-3782,CUST-3493,ST-16,,2025-04-01, Active ,11772
ORD-3783,CUST-1810,ST-16,,2025-10-15,CLOSED,845
ORD-3784,CUST-4738,ST-17,,2026-03-21,PENDING,"$16,518.00"
ORD-3785,CUST-1904,ST-20,,2025-01-13, Active ,"$11,092.00"
ORD-3786,CUST-2198,ST-23,CP-156,14-01-2024,closed,12052
ORD-3787,CUST-1419,ST-23,CP-82,23-08-2026,ACTIVE,14769
ORD-3788,CUST-336,ST-2,CP-73,09/23/2024,active,64
ORD-3789,CUST-2489,ST-12,,08/23/2024,pending,9036
ORD-3790,CUST-2436,ST-23,CP-83,27-06-2025,active,2580
ORD-3791,CUST-1998,ST-10,,19-10-2025,ACTIVE,16611
ORD-3792,CUST-3684,ST-18,,04/19/2025,PENDING,4437
ORD-3793,CUST-2585,ST-24,,08/01/2025,CLOSED,"$16,789.00"
ORD-3794,CUST-195,ST-3,,2026-04-17,ACTIVE,528.00
ORD-3795,CUST-629,ST-25,,12/18/2024,pending,"$10,028.00"
ORD-3796,CUST-2697,ST-15,CP-23,2024-04-22,active,10514
ORD-3797,CUST-4499,ST-5,CP-94,2025-12-22,PENDING,"$11,661.00"
ORD-3798,CUST-4572,ST-4,CP-63,01/11/2025,pending,16070
ORD-3799,CUST-1251,ST-23,,12/10/2026,active,13863
ORD-3800,CUST-2078,ST-12,CP-36,2025-08-14,CLOSED,15736
ORD-3801,CUST-666,ST-20,,08/24/2026, Active ,"$16,876.00"
ORD-3802,CUST-1623,ST-16,,2026-03-10,CLOSED,14993
ORD-3803,CUST-1735,ST-2,,07/14/2026, Active ,"15,539.00"
ORD-3804,CUST-3593,ST-3,,08/18/2025,active,6441
ORD-3805,CUST-3733,ST-22,,02/24/2026,CLOSED,7245
ORD-3806,CUST-4164,ST-19,,2026-07-22,ACTIVE,"$8,062.00"
ORD-3807,CUST-1629,ST-11,,10-11-2024,PENDING,18323
ORD-3808,CUST-2542,ST-14,,2025-12-10,ACTIVE,10699
ORD-3809,CUST-3019,ST-24,,01/12/2026,ACTIVE,"10,586.00"
ORD-3810,CUST-1607,ST-7,,01/23/2024,closed,3865
ORD-3811,CUST-3556,ST-8,,2025-08-17,closed,"7,600.00"
ORD-3812,CUST-1871,ST-23,CP-84,09/10/2025,CLOSED,"4,093.00"
ORD-3813,CUST-1383,ST-19,CP-108,06/05/2026, Active ,"$6,062.00"
ORD-3814,CUST-712,ST-11,CP-82,07/28/2026,CLOSED,5424
ORD-3815,CUST-3938,ST-3,CP-126,23-05-2024,CLOSED,"1,619.00"
ORD-3816,CUST-2091,ST-2,,2026-05-19,ACTIVE,8562
ORD-3817,CUST-1978,ST-21,,2024-08-17,PENDING,9888
ORD-3818,CUST-3560,ST-15,,2025-10-25, Active ,15428
ORD-3819,CUST-4658,ST-21,,05-10-2026,CLOSED,"17,593.00"
ORD-3820,CUST-580,ST-5,,2026-12-27,active,16477
ORD-3821,CUST-3619,ST-10,,2025-01-18, Active ,"18,249.00"
ORD-3822,CUST-4636,ST-20,,14-11-2024,PENDING,$275.00
ORD-3823,CUST-4201,ST-24,CP-46,2024-04-05,active,"16,538.00"
ORD-3824,CUST-1411,ST-13,CP-146,2026-09-17,CLOSED,17020
ORD-3825,CUST-385,ST-17,CP-184,2026-02-16, Active ,"$14,001.00"
ORD-3826,CUST-781,ST-23,,06/02/2026,CLOSED,"$17,024.00"
ORD-3827,CUST-4655,ST-11,CP-147,2026-12-20,ACTIVE,2367
ORD-3828,CUST-1169,ST-24,,24-06-2026, Active ,11162
ORD-3829,CUST-758,ST-22,,2025-09-22,ACTIVE,"$3,883.00"
ORD-3830,CUST-3479,ST-8,,2024-12-28,PENDING,"$11,825.00"
ORD-3831,CUST-681,ST-23,,2026-08-01,CLOSED,"$11,961.00"
ORD-3832,CUST-25,ST-6,,2024-09-04,ACTIVE,7881
ORD-3833,CUST-2732,ST-4,CP-67,2025-05-27,closed,"$12,230.00"
ORD-3834,CUST-3838,ST-18,,2026-12-13,closed,209.00
ORD-3835,CUST-1985,ST-7,,2026-09-13,active,10627
ORD-3836,CUST-3102,ST-7,,2025-09-28,closed,$906.00
ORD-3837,CUST-3834,ST-8,,23-09-2024, Active ,9499
ORD-3838,CUST-2370,ST-23,,2026-04-13,active,11012
ORD-3839,CUST-3601,ST-16,CP-103,2025-12-13,ACTIVE,"$16,785.00"
ORD-3840,CUST-3624,ST-5,,2026-11-27,PENDING,19406
ORD-3841,CUST-2953,ST-6,,2024-05-21,closed,"1,138.00"
ORD-3842,CUST-4369,ST-18,,10/03/2026,closed,6212
ORD-3843,CUST-1581,ST-25,,12/24/2025,active,8908
ORD-3844,CUST-4244,ST-11,,2026-01-21,CLOSED,"15,704.00"
ORD-3845,CUST-1447,ST-14,,11/02/2024,closed,8257
ORD-3846,CUST-3363,ST-9,,2025-06-27,PENDING,7588
ORD-3847,CUST-3456,ST-8,,09/27/2025,CLOSED,"16,588.00"
ORD-3848,CUST-4537,ST-5,,15-04-2024,ACTIVE,"$19,900.00"
ORD-3849,CUST-2390,ST-4,,04/25/2024,CLOSED,7707
ORD-3850,CUST-1934,ST-20,CP-35,12/10/2025,CLOSED,7487
ORD-3851,CUST-4074,ST-2,CP-40,04-07-2026,PENDING,7137
ORD-3852,CUST-1153,ST-15,CP-116,2025-12-23,active,17291
ORD-3853,CUST-3310,ST-9,CP-145,2026-07-26,CLOSED,"$14,276.00"
ORD-3854,CUST-3387,ST-3,,2024-08-23,ACTIVE,"13,694.00"
ORD-3855,CUST-3729,ST-1,,08/01/2026,pending,17690
ORD-3856,CUST-2401,ST-15,,08/26/2026,PENDING,16988
ORD-3857,CUST-4373,ST-2,,03-02-2024, Active ,"$14,944.00"
ORD-3858,CUST-3248,ST-7,,03/23/2026,active,"$15,911.00"
ORD-3859,CUST-4667,ST-20,,03/23/2025,ACTIVE,"18,495.00"
ORD-3860,CUST-2913,ST-17,,2025-07-07, Active ,12172
ORD-3861,CUST-4184,ST-3,CP-15,02/17/2024,CLOSED,19328
ORD-3862,CUST-952,ST-6,CP-72,04/06/2025,PENDING,724.00
ORD-3863,CUST-3674,ST-23,,2026-07-02,closed,"$4,351.00"
ORD-3864,CUST-3126,ST-22,,2025-01-09,pending,"15,549.00"
ORD-3865,CUST-1545,ST-18,CP-13,2026-12-23,closed,"13,076.00"
ORD-3866,CUST-2433,ST-23,,2026-06-20,active,14489
ORD-3867,CUST-4491,ST-17,,21-03-2024,pending,"$19,956.00"
ORD-3868,CUST-3934,ST-9,CP-106,2025-05-03,ACTIVE,12643
ORD-3869,CUST-946,ST-10,CP-54,07/21/2026,PENDING,6715
ORD-3870,CUST-2922,ST-25,,2025-09-09,CLOSED,"$7,096.00"
ORD-3871,CUST-910,ST-15,,2024-03-01,pending,"$9,002.00"
ORD-3872,CUST-2231,ST-6,,01/18/2024,pending,13111
ORD-3873,CUST-43,ST-10,CP-67,2025-10-23, Active ,187
ORD-3874,CUST-4263,ST-11,,09/01/2024,active,"9,978.00"
ORD-3875,CUST-273,ST-7,,08-10-2024,closed,"$8,868.00"
ORD-3876,CUST-294,ST-18,,2026-06-23,active,"$12,715.00"
ORD-3877,CUST-3563,ST-7,,2025-10-20,closed,14153
ORD-3878,CUST-4428,ST-25,,2025-10-04,CLOSED,"$14,503.00"
ORD-3879,CUST-1491,ST-23,CP-87,07/04/2025,active,"7,994.00"
ORD-3880,CUST-3266,ST-5,,02/01/2024,PENDING,17315
ORD-3881,CUST-1546,ST-17,,2024-12-20,active,7109
ORD-3882,CUST-500,ST-24,,2024-10-21,ACTIVE,"$14,089.00"
ORD-3883,CUST-3257,ST-11,,2024-03-28, Active ,16289
ORD-3884,CUST-4986,ST-5,,02/04/2026,closed,"$17,821.00"
ORD-3885,CUST-2680,ST-14,,2025-05-21,CLOSED,3632
ORD-3886,CUST-4354,ST-25,,2024-11-24,PENDING,9088
ORD-3887,CUST-1998,ST-3,,03-09-2025,PENDING,16980
ORD-3888,CUST-4254,ST-20,CP-46,2026-02-09,CLOSED,15628
ORD-3889,CUST-2542,ST-21,,12/04/2026, Active ,"10,802.00"
ORD-3890,CUST-243,ST-15,CP-125,2024-09-05,active,"$3,239.00"
ORD-3891,CUST-628,ST-6,,2025-03-26,active,"$14,564.00"
ORD-3892,CUST-965,ST-13,,2026-09-04,active,11061
ORD-3893,CUST-2993,ST-15,CP-161,2025-10-12,ACTIVE,"$3,130.00"
ORD-3894,CUST-264,ST-9,,04/13/2024,CLOSED,"8,208.00"
ORD-3895,CUST-3229,ST-14,,2026-01-18,pending,9735
ORD-3896,CUST-3272,ST-25,CP-24,02/12/2026, Active ,5646
ORD-3897,CUST-2458,ST-24,,2025-12-15,closed,"19,237.00"
ORD-3898,CUST-3377,ST-18,CP-86,2024-01-06,CLOSED,"4,874.00"
ORD-3899,CUST-3701,ST-21,,2026-09-22,CLOSED,"1,564.00"
ORD-3900,CUST-4772,ST-10,,2025-05-12,ACTIVE,11212
ORD-3901,CUST-3346,ST-22,,28-08-2024,closed,$456.00
ORD-3902,CUST-2330,ST-18,CP-169,2024-10-18,active,"$2,030.00"
ORD-3903,CUST-1050,ST-10,CP-36,2024-04-25,PENDING,"1,489.00"
ORD-3904,CUST-334,ST-14,,25-04-2025,PENDING,"13,513.00"
ORD-3905,CUST-1208,ST-17,,20-09-2025,pending,11880
ORD-3906,CUST-4978,ST-9,CP-139,09/08/2025,CLOSED,362
ORD-3907,CUST-2104,ST-20,CP-174,11-01-2026,closed,19627
ORD-3908,CUST-3119,ST-4,CP-200,2024-09-28,closed,15726
ORD-3909,CUST-1668,ST-13,,21-08-2026,ACTIVE,"$9,273.00"
ORD-3910,CUST-192,ST-2,,21-05-2026,PENDING,"$11,851.00"
ORD-3911,CUST-3577,ST-2,CP-7,01-06-2024,closed,"$5,149.00"
ORD-3912,CUST-532,ST-17,,2026-04-09,active,8077
ORD-3913,CUST-3100,ST-19,,2026-10-24, Active ,17861
ORD-3914,CUST-131,ST-16,,04/19/2024,active,13819
ORD-3915,CUST-1203,ST-20,,07/21/2026,pending,6068
ORD-3916,CUST-2759,ST-7,,26-09-2025,ACTIVE,9667
ORD-3917,CUST-503,ST-10,CP-26,2025-11-24,CLOSED,"$12,415.00"
ORD-3918,CUST-4928,ST-4,,2024-06-21,pending,"$9,665.00"
ORD-3919,CUST-4661,ST-8,CP-179,2026-05-23,CLOSED,$589.00
ORD-3920,CUST-1353,ST-13,,2025-12-25,ACTIVE,"$4,128.00"
ORD-3921,CUST-3611,ST-3,,20-08-2025,active,"$12,937.00"
ORD-3922,CUST-2730,ST-5,,2024-12-24,CLOSED,10474
ORD-3923,CUST-4167,ST-1,,2025-01-05,active,"$19,696.00"
ORD-3924,CUST-3599,ST-23,,04-12-2024,pending,3525
ORD-3925,CUST-183,ST-10,,15-07-2026,ACTIVE,"14,283.00"
ORD-3926,CUST-365,ST-11,,08-11-2024,ACTIVE,4817
ORD-3927,CUST-3257,ST-19,,2024-09-16,active,"10,026.00"
ORD-3928,CUST-4124,ST-14,CP-25,07/28/2024,CLOSED,7120
ORD-3929,CUST-1717,ST-4,,2025-06-17, Active ,"$19,753.00"
ORD-3930,CUST-1891,ST-2,CP-67,2024-09-23,PENDING,"$7,297.00"
ORD-3931,CUST-2670,ST-2,,15-11-2024,pending,"3,836.00"
ORD-3932,CUST-29,ST-7,,2024-10-20,active,3344
ORD-3933,CUST-1010,ST-10,,2026-12-24,active,"$8,429.00"
ORD-3934,CUST-4265,ST-23,,11-07-2024,closed,"$2,400.00"
ORD-3935,CUST-4771,ST-18,,06-04-2026,pending,"$3,427.00"
ORD-3936,CUST-2999,ST-23,,06/21/2025,CLOSED,14802
ORD-3937,CUST-858,ST-23,,08/18/2026,closed,"$10,027.00"
ORD-3938,CUST-4071,ST-10,,03/19/2026,closed,"$5,398.00"
ORD-3939,CUST-56,ST-22,,2025-07-28, Active ,"9,523.00"
ORD-3940,CUST-3509,ST-23,CP-46,2025-09-21,CLOSED,"$11,529.00"
ORD-3941,CUST-1321,ST-6,CP-6,2025-07-27, Active ,"14,374.00"
ORD-3942,CUST-4397,ST-8,CP-139,2024-09-05, Active ,"14,462.00"
ORD-3943,CUST-535,ST-9,CP-195,2025-03-22, Active ,291
ORD-3944,CUST-1625,ST-14,,07/21/2025,PENDING,"$15,042.00"
ORD-3945,CUST-1509,ST-14,CP-14,08/21/2026,active,1078
ORD-3946,CUST-4917,ST-5,,01/28/2025,CLOSED,"3,900.00"
ORD-3947,CUST-4191,ST-18,,04/04/2024,PENDING,"17,617.00"
ORD-3948,CUST-390,ST-6,,2024-08-11,CLOSED,19533
ORD-3949,CUST-4866,ST-2,CP-79,2025-02-24, Active ,"9,103.00"
ORD-3950,CUST-2005,ST-1,,12-09-2026,closed,8937
ORD-3951,CUST-2662,ST-2,,06/17/2026,ACTIVE,19539
ORD-3952,CUST-3046,ST-18,,2025-08-08,active,"$17,229.00"
ORD-3953,CUST-599,ST-1,,02/06/2025,PENDING,17505
ORD-3954,CUST-658,ST-12,,2024-11-24,ACTIVE,397
ORD-3955,CUST-3970,ST-10,CP-179,02-06-2024,ACTIVE,"$19,942.00"
ORD-3956,CUST-2713,ST-23,,11/14/2024,ACTIVE,"$14,416.00"
ORD-3957,CUST-3606,ST-20,,2026-12-11,PENDING,"$19,378.00"
ORD-3958,CUST-1994,ST-2,,02-07-2024, Active ,"$2,195.00"
ORD-3959,CUST-3777,ST-18,CP-102,17-11-2026,active,13749
ORD-3960,CUST-282,ST-2,CP-172,17-04-2025,pending,"12,414.00"
ORD-3961,CUST-312,ST-14,,2025-11-11,ACTIVE,17031
ORD-3962,CUST-4417,ST-14,,2026-03-14, Active ,16490
ORD-3963,CUST-1971,ST-16,,2025-11-16,CLOSED,$750.00
ORD-3964,CUST-2583,ST-15,,11/25/2025,pending,16663
ORD-3965,CUST-3645,ST-22,,05/13/2024, Active ,"$5,536.00"
ORD-3966,CUST-4287,ST-2,,2025-03-17, Active ,"$13,847.00"
ORD-3967,CUST-1816,ST-21,,28-02-2025,ACTIVE,"15,185.00"
ORD-3968,CUST-544,ST-24,,01-05-2024,PENDING,10096
ORD-3969,CUST-4581,ST-6,CP-93,08-10-2026,CLOSED,11302
ORD-3970,CUST-567,ST-18,CP-129,08/28/2024, Active ,6169
ORD-3971,CUST-4510,ST-2,,07/03/2026, Active ,"4,477.00"
ORD-3972,CUST-213,ST-25,,2026-01-08,closed,1763
ORD-3973,CUST-3649,ST-25,CP-190,2024-10-10,pending,9302
ORD-3974,CUST-3966,ST-8,,2025-08-24,pending,"8,534.00"
ORD-3975,CUST-2638,ST-20,,10/05/2026, Active ,6132
ORD-3976,CUST-1111,ST-7,CP-153,2025-11-20,CLOSED,"$9,285.00"
ORD-3977,CUST-253,ST-9,,2026-07-12,CLOSED,5423
ORD-3978,CUST-2828,ST-25,CP-55,08/11/2026,ACTIVE,1944
ORD-3979,CUST-150,ST-13,,2024-06-25,ACTIVE,19649
ORD-3980,CUST-1861,ST-3,,09/11/2026,CLOSED,"$10,591.00"
ORD-3981,CUST-723,ST-5,,2025-10-20,closed,"$15,748.00"
ORD-3982,CUST-569,ST-23,CP-35,10/18/2024,CLOSED,11891
ORD-3983,CUST-1937,ST-14,,07-08-2024,active,"16,477.00"
ORD-3984,CUST-131,ST-3,CP-180,2026-07-23, Active ,4447
ORD-3985,CUST-736,ST-11,,2025-05-02,ACTIVE,"10,474.00"
ORD-3986,CUST-4601,ST-11,,02/25/2025,PENDING,"$7,579.00"
ORD-3987,CUST-671,ST-1,CP-162,08/03/2026,PENDING,15165
ORD-3988,CUST-3835,ST-13,,12/21/2024, Active ,"$8,551.00"
ORD-3989,CUST-3988,ST-2,,12/02/2025,ACTIVE,16866
ORD-3990,CUST-3106,ST-12,,04/18/2026,CLOSED,6877
ORD-3991,CUST-3221,ST-14,CP-132,15-12-2026,active,10091
ORD-3992,CUST-4178,ST-4,CP-194,2026-11-28,PENDING,"18,724.00"
ORD-3993,CUST-68,ST-5,,2026-05-14,closed,15265
ORD-3994,CUST-1688,ST-2,,2024-10-01,pending,"$4,810.00"
ORD-3995,CUST-1125,ST-12,,04/19/2024,ACTIVE,"$12,285.00"
ORD-3996,CUST-4820,ST-2,,2025-12-15,active,"$12,944.00"
ORD-3997,CUST-1096,ST-25,CP-193,04-06-2026,closed,"$16,015.00"
ORD-3998,CUST-616,ST-22,,15-12-2026,active,"$10,559.00"
ORD-3999,CUST-614,ST-11,,01/06/2024, Active ,16739
ORD-4000,CUST-4843,ST-11,,2024-10-10,CLOSED,"$11,089.00"
ORD-4001,CUST-3872,ST-14,CP-25,09/16/2025,CLOSED,"6,880.00"
ORD-4002,CUST-4941,ST-1,CP-104,2024-05-17,closed,17135
ORD-4003,CUST-2308,ST-9,,02/25/2024,ACTIVE,"13,107.00"
ORD-4004,CUST-679,ST-13,CP-2,16-11-2025,pending,"$9,255.00"
ORD-4005,CUST-2857,ST-10,CP-9,2024-08-18,PENDING,18383
ORD-4006,CUST-1896,ST-1,,06-12-2024,ACTIVE,16360
ORD-4007,CUST-2194,ST-22,,28-03-2025,pending,1748
ORD-4008,CUST-4920,ST-25,,2025-09-08,ACTIVE,"$5,346.00"
ORD-4009,CUST-3729,ST-18,,2025-02-24,active,16172
ORD-4010,CUST-1554,ST-17,CP-32,2026-06-14,PENDING,"$18,405.00"
ORD-4011,CUST-825,ST-11,,2025-06-15,pending,"$13,308.00"
ORD-4012,CUST-739,ST-16,,2026-04-28, Active ,11013
ORD-4013,CUST-392,ST-21,,2025-02-16,PENDING,"$14,617.00"
ORD-4014,CUST-4473,ST-9,,01-04-2026,PENDING,"12,023.00"
ORD-4015,CUST-4557,ST-21,,08-06-2026,PENDING,18745
ORD-4016,CUST-4564,ST-24,,18-08-2024,pending,3404
ORD-4017,CUST-702,ST-2,,09/12/2024,closed,"11,040.00"
ORD-4018,CUST-1542,ST-5,,2026-06-10,CLOSED,1636
ORD-4019,CUST-1696,ST-19,CP-182,2024-06-02,pending,"3,909.00"
ORD-4020,CUST-1694,ST-1,,09-09-2025,active,13811
ORD-4021,CUST-660,ST-14,CP-63,06/19/2024,pending,14828
ORD-4022,CUST-411,ST-12,,2025-11-10, Active ,10139
ORD-4023,CUST-4197,ST-2,,2025-02-12,PENDING,7354
ORD-4024,CUST-1659,ST-15,,09/08/2025,active,"$13,197.00"
ORD-4025,CUST-1276,ST-5,CP-102,12/27/2024, Active ,16356
ORD-4026,CUST-3141,ST-9,,2026-09-13, Active ,"$7,676.00"
ORD-4027,CUST-4174,ST-24,,09-07-2025,active,8691
ORD-4028,CUST-677,ST-4,,02-01-2025,closed,"$7,839.00"
ORD-4029,CUST-478,ST-23,CP-27,02/14/2026,CLOSED,7878
ORD-4030,CUST-3820,ST-17,,12-02-2026,pending,"$8,740.00"
ORD-4031,CUST-2863,ST-1,CP-5,04-12-2025,PENDING,14613
ORD-4032,CUST-3086,ST-21,CP-20,10/13/2024,active,5900
ORD-4033,CUST-31,ST-20,CP-4,04-06-2025,PENDING,14900
ORD-4034,CUST-2828,ST-2,CP-70,2024-07-25,active,17486
ORD-4035,CUST-3754,ST-21,,2025-02-10,closed,14602
ORD-4036,CUST-4646,ST-12,CP-42,2026-11-27,CLOSED,"$4,820.00"
ORD-4037,CUST-1123,ST-21,,09/07/2025,ACTIVE,19109
ORD-4038,CUST-1860,ST-25,CP-8,2026-12-09,ACTIVE,"$15,107.00"
ORD-4039,CUST-19,ST-9,,05/17/2024,ACTIVE,"$6,127.00"
ORD-4040,CUST-310,ST-23,CP-105,2025-07-26,closed,"10,290.00"
ORD-4041,CUST-3036,ST-10,,2024-02-24,active,"14,961.00"
ORD-4042,CUST-2686,ST-5,CP-92,2026-02-13,pending,4589
ORD-4043,CUST-638,ST-12,,01/04/2024,closed,"$13,188.00"
ORD-4044,CUST-1386,ST-16,,11/26/2024,pending,"5,587.00"
ORD-4045,CUST-2417,ST-11,,02-01-2024,active,"$14,427.00"
ORD-4046,CUST-3289,ST-2,,2025-02-21,PENDING,"$9,496.00"
ORD-4047,CUST-1592,ST-15,CP-66,2025-06-07,active,4112
ORD-4048,CUST-2521,ST-25,,2026-05-28,closed,"$13,119.00"
ORD-4049,CUST-4538,ST-8,CP-174,02/06/2026,closed,"$12,619.00"
ORD-4050,CUST-196,ST-7,CP-5,2024-06-18,ACTIVE,"1,772.00"
ORD-4051,CUST-573,ST-13,CP-94,05-02-2025,CLOSED,"$3,759.00"
ORD-4052,CUST-1840,ST-9,,2024-09-18,closed,7703
ORD-4053,CUST-4306,ST-1,,2025-06-21,closed,"$1,708.00"
ORD-4054,CUST-1652,ST-19,CP-35,2024-09-18,ACTIVE,9001
ORD-4055,CUST-120,ST-5,,21-06-2025,pending,"17,457.00"
ORD-4056,CUST-959,ST-5,,07/28/2026,pending,6474
ORD-4057,CUST-2812,ST-22,,2026-10-13, Active ,11820
ORD-4058,CUST-4724,ST-24,,17-10-2026,CLOSED,"$14,993.00"
ORD-4059,CUST-2365,ST-15,CP-198,01/25/2024,PENDING,"$16,066.00"
ORD-4060,CUST-378,ST-5,,2026-06-03,PENDING,"3,188.00"
ORD-4061,CUST-4780,ST-20,CP-43,07/09/2024,PENDING,"17,651.00"
ORD-4062,CUST-2741,ST-2,,09/15/2024,ACTIVE,14787
ORD-4063,CUST-4296,ST-4,,2026-11-27,closed,17802
ORD-4064,CUST-640,ST-4,CP-52,2025-04-18,pending,16019
ORD-4065,CUST-1047,ST-21,,01/20/2026,active,4035
ORD-4066,CUST-3483,ST-10,,19-09-2025,active,2381
ORD-4067,CUST-1946,ST-18,CP-174,11/21/2024,pending,12835
ORD-4068,CUST-2010,ST-13,CP-133,2024-09-17,ACTIVE,"$5,130.00"
ORD-4069,CUST-2227,ST-21,CP-96,2026-06-28,ACTIVE,11490
ORD-4070,CUST-3736,ST-25,,12/24/2024, Active ,"3,280.00"
ORD-4071,CUST-4592,ST-6,,12/04/2026,CLOSED,16249
ORD-4072,CUST-3268,ST-19,,2024-01-25,ACTIVE,7745
ORD-4073,CUST-17,ST-2,,18-04-2025,PENDING,"$18,940.00"
ORD-4074,CUST-2151,ST-2,,07/08/2026, Active ,$464.00
ORD-4075,CUST-4506,ST-18,CP-84,08/05/2026,PENDING,5406
ORD-4076,CUST-481,ST-2,CP-103,05/04/2024,pending,15263
ORD-4077,CUST-3277,ST-6,,2025-10-10,CLOSED,12640
ORD-4078,CUST-279,ST-23,,2025-01-08,ACTIVE,19900
ORD-4079,CUST-1742,ST-11,,26-06-2025,CLOSED,383.00
ORD-4080,CUST-4654,ST-5,,05/21/2026,active,"13,081.00"
ORD-4081,CUST-158,ST-23,,2024-09-25,pending,15697
ORD-4082,CUST-203,ST-2,,2025-09-21,pending,"6,377.00"
ORD-4083,CUST-1259,ST-11,,2026-09-18,ACTIVE,"$4,638.00"
ORD-4084,CUST-2749,ST-22,,2026-10-24,ACTIVE,19935
ORD-4085,CUST-1377,ST-17,CP-166,13-09-2026,active,"$1,164.00"
ORD-4086,CUST-3646,ST-7,,2024-08-01, Active ,"$7,369.00"
ORD-4087,CUST-4620,ST-24,,2026-10-15, Active ,"$4,969.00"
ORD-4088,CUST-665,ST-7,,2025-05-28,PENDING,10750
ORD-4089,CUST-413,ST-3,CP-7,07/03/2026,closed,990
ORD-4090,CUST-796,ST-2,,2026-12-04,pending,2959
ORD-4091,CUST-2755,ST-17,,2025-07-08, Active ,"14,304.00"
ORD-4092,CUST-2255,ST-25,,08-10-2025,CLOSED,$667.00
ORD-4093,CUST-1262,ST-18,,2025-04-16,active,4521
ORD-4094,CUST-3600,ST-7,,2025-01-12,PENDING,16443
ORD-4095,CUST-2499,ST-22,CP-200,2026-12-06, Active ,"18,400.00"
ORD-4096,CUST-923,ST-16,CP-98,13-05-2024, Active ,859
ORD-4097,CUST-2043,ST-19,,27-07-2026,closed,"$3,815.00"
ORD-4098,CUST-4154,ST-1,,2024-01-27,pending,14287
ORD-4099,CUST-3074,ST-14,,16-11-2025,PENDING,"7,462.00"
ORD-4100,CUST-4659,ST-20,CP-141,01-09-2026, Active ,"$10,268.00"
ORD-4101,CUST-4227,ST-4,CP-38,10/06/2025,CLOSED,"$10,576.00"
ORD-4102,CUST-4002,ST-23,CP-115,10/14/2026,PENDING,329
ORD-4103,CUST-4634,ST-6,CP-174,2025-10-09,closed,"$13,985.00"
ORD-4104,CUST-4482,ST-15,CP-177,11-12-2026,PENDING,"9,895.00"
ORD-4105,CUST-3553,ST-3,,2026-08-14,PENDING,16716
ORD-4106,CUST-3618,ST-19,,08/07/2024, Active ,"4,116.00"
ORD-4107,CUST-2655,ST-12,,11/04/2025,CLOSED,$379.00
ORD-4108,CUST-1875,ST-20,,01-07-2025,pending,5170
ORD-4109,CUST-4247,ST-15,,2026-11-09,active,12458
ORD-4110,CUST-3380,ST-17,,2025-12-11,PENDING,"$17,392.00"
ORD-4111,CUST-511,ST-6,CP-9,2024-03-18,active,14329
ORD-4112,CUST-2549,ST-15,,04/17/2024,ACTIVE,14949
ORD-4113,CUST-3423,ST-3,,2024-06-08,active,"17,747.00"
ORD-4114,CUST-1938,ST-1,,2026-06-06,PENDING,"$18,728.00"
ORD-4115,CUST-2253,ST-6,,2024-04-20,closed,10935
ORD-4116,CUST-1413,ST-19,,11-01-2025,active,20000
ORD-4117,CUST-1044,ST-11,,2024-09-05,pending,2902
ORD-4118,CUST-1999,ST-4,CP-178,03-10-2026,PENDING,1364
ORD-4119,CUST-295,ST-25,,20-06-2026,active,6959
ORD-4120,CUST-1,ST-6,,03/17/2026,active,6623
ORD-4121,CUST-3525,ST-14,,06/21/2025,PENDING,5075
ORD-4122,CUST-4759,ST-19,,2025-01-15,CLOSED,"$14,555.00"
ORD-4123,CUST-1645,ST-22,,2026-02-16,ACTIVE,19904
ORD-4124,CUST-4122,ST-23,,05-05-2025,pending,19599
ORD-4125,CUST-2536,ST-21,CP-54,2026-10-16, Active ,$114.00
ORD-4126,CUST-2362,ST-12,,09/04/2026,ACTIVE,"$14,878.00"
ORD-4127,CUST-1077,ST-12,,2025-05-06,PENDING,"$18,746.00"
ORD-4128,CUST-3667,ST-23,,2025-04-11,closed,"16,511.00"
ORD-4129,CUST-558,ST-16,,2025-12-28,ACTIVE,5206
ORD-4130,CUST-877,ST-1,,02/12/2024,closed,"$4,027.00"
ORD-4131,CUST-286,ST-1,,19-06-2025,closed,12496
ORD-4132,CUST-862,ST-11,CP-43,2024-11-24,pending,16571
ORD-4133,CUST-1006,ST-10,CP-73,2025-08-13,active,"$14,555.00"
ORD-4134,CUST-4034,ST-23,,23-11-2025,PENDING,5742
ORD-4135,CUST-3644,ST-21,,2025-07-06,active,"5,503.00"
ORD-4136,CUST-4050,ST-7,,03/15/2024,PENDING,6326
ORD-4137,CUST-2898,ST-18,,08/20/2024,closed,"$9,231.00"
ORD-4138,CUST-2876,ST-3,,2026-10-24,CLOSED,15849
ORD-4139,CUST-2036,ST-22,,2026-05-28,closed,8061
ORD-4140,CUST-1720,ST-2,,2024-05-25,PENDING,"$18,521.00"
ORD-4141,CUST-1993,ST-7,CP-166,12/17/2024,closed,"8,235.00"
ORD-4142,CUST-1548,ST-20,,2026-06-09,CLOSED,"$18,067.00"
ORD-4143,CUST-2537,ST-3,,2024-01-23,closed,"17,228.00"
ORD-4144,CUST-1818,ST-20,,27-09-2026,closed,"13,358.00"
ORD-4145,CUST-4665,ST-14,,2025-02-12,active,"$4,423.00"
ORD-4146,CUST-3012,ST-20,,02-01-2025,CLOSED,"$4,093.00"
ORD-4147,CUST-3218,ST-11,,23-10-2026,closed,4161
ORD-4148,CUST-3439,ST-23,,2024-09-10,ACTIVE,19894
ORD-4149,CUST-3281,ST-7,CP-82,05/14/2024,pending,"$15,897.00"
ORD-4150,CUST-2439,ST-18,CP-34,2026-04-19,active,19054
ORD-4151,CUST-1070,ST-20,CP-128,02/22/2024,closed,15808
ORD-4152,CUST-2855,ST-9,CP-168,2025-03-26,PENDING,7633
ORD-4153,CUST-1035,ST-8,,05-12-2026,PENDING,14759
ORD-4154,CUST-4666,ST-23,CP-161,2025-08-14,closed,"$9,239.00"
ORD-4155,CUST-787,ST-15,,22-01-2024, Active ,"2,917.00"
ORD-4156,CUST-2008,ST-8,CP-111,20-12-2026,PENDING,"$12,708.00"
ORD-4157,CUST-1743,ST-12,,06/26/2025,closed,"$2,623.00"
ORD-4158,CUST-3340,ST-5,CP-3,02/24/2026,active,13152
ORD-4159,CUST-4873,ST-16,,2024-08-03, Active ,"$19,470.00"
ORD-4160,CUST-2755,ST-18,CP-153,2024-05-15, Active ,8331
ORD-4161,CUST-2215,ST-4,,09/06/2026,PENDING,6939
ORD-4162,CUST-4045,ST-6,CP-119,2025-10-04,CLOSED,"$16,927.00"
ORD-4163,CUST-2553,ST-11,,2025-11-23, Active ,$986.00
ORD-4164,CUST-1665,ST-5,,12-10-2025,closed,16094
ORD-4165,CUST-1126,ST-16,,05/07/2026,PENDING,"19,598.00"
ORD-4166,CUST-172,ST-16,,19-08-2024, Active ,324
ORD-4167,CUST-4878,ST-14,,2025-12-10,CLOSED,"$15,650.00"
ORD-4168,CUST-4499,ST-3,CP-148,18-05-2026,pending,"$5,315.00"
ORD-4169,CUST-3360,ST-14,CP-190,2024-10-25, Active ,13786
ORD-4170,CUST-2857,ST-2,CP-146,2025-06-10, Active ,"$12,519.00"
ORD-4171,CUST-642,ST-7,,27-07-2024,ACTIVE,"14,139.00"
ORD-4172,CUST-4384,ST-1,,2024-10-07,pending,"$16,959.00"
ORD-4173,CUST-1796,ST-24,,09/25/2024,CLOSED,"3,534.00"
ORD-4174,CUST-491,ST-6,,19-06-2025,CLOSED,1663
ORD-4175,CUST-170,ST-10,,11/12/2024,CLOSED,"$5,468.00"
ORD-4176,CUST-132,ST-3,,2025-09-13, Active ,10359
ORD-4177,CUST-4575,ST-10,CP-103,05/10/2026,pending,"$2,249.00"
ORD-4178,CUST-4995,ST-2,,2024-05-12,PENDING,"$1,889.00"
ORD-4179,CUST-3849,ST-1,,10-01-2026,CLOSED,"$8,739.00"
ORD-4180,CUST-172,ST-9,,2026-07-28,PENDING,5761
ORD-4181,CUST-556,ST-9,,21-04-2025,CLOSED,"7,353.00"
ORD-4182,CUST-4548,ST-6,,02/14/2026,PENDING,"8,615.00"
ORD-4183,CUST-3211,ST-14,CP-32,03-01-2025,CLOSED,"15,723.00"
ORD-4184,CUST-836,ST-4,,2026-01-22,ACTIVE,$499.00
ORD-4185,CUST-2844,ST-17,,28-05-2024,PENDING,15914
ORD-4186,CUST-3789,ST-22,CP-69,03/26/2025,PENDING,$179.00
ORD-4187,CUST-4415,ST-21,CP-31,02/07/2024,ACTIVE,13203
ORD-4188,CUST-634,ST-19,CP-92,2026-02-10,active,"$16,206.00"
ORD-4189,CUST-3018,ST-5,,24-11-2024,active,"12,780.00"
ORD-4190,CUST-4344,ST-23,,2025-04-21,pending,"3,702.00"
ORD-4191,CUST-2618,ST-17,CP-144,2025-10-25,CLOSED,13995
ORD-4192,CUST-4860,ST-2,,2025-07-28,closed,7966
ORD-4193,CUST-2989,ST-10,,12/08/2024,ACTIVE,"$10,879.00"
ORD-4194,CUST-4569,ST-17,,2026-05-01,ACTIVE,2641
ORD-4195,CUST-3049,ST-10,,04/26/2024,ACTIVE,"$8,972.00"
ORD-4196,CUST-3318,ST-24,,04/13/2025,pending,"6,091.00"
ORD-4197,CUST-362,ST-6,,11/19/2026,active,"$14,128.00"
ORD-4198,CUST-478,ST-3,,08-11-2026,active,12711
ORD-4199,CUST-4314,ST-8,,24-02-2026, Active ,"$8,348.00"
ORD-4200,CUST-4999,ST-15,CP-142,03/09/2026,PENDING,15057
ORD-4201,CUST-3538,ST-21,CP-176,08/15/2025,PENDING,"9,905.00"
ORD-4202,CUST-1910,ST-6,,03/01/2024,active,"14,877.00"
ORD-4203,CUST-686,ST-19,CP-2,2024-02-07,PENDING,"6,207.00"
ORD-4204,CUST-3432,ST-1,CP-127,2024-03-22,CLOSED,"9,003.00"
ORD-4205,CUST-2405,ST-10,,2025-06-05,PENDING,12926
ORD-4206,CUST-117,ST-7,,2025-04-09,pending,805.00
ORD-4207,CUST-3786,ST-12,,2026-12-28,ACTIVE,"14,456.00"
ORD-4208,CUST-3110,ST-13,,21-06-2025, Active ,6287
ORD-4209,CUST-632,ST-20,,05/04/2024,closed,"18,470.00"
ORD-4210,CUST-4285,ST-9,,2026-08-14,active,3023
ORD-4211,CUST-4188,ST-1,,09-02-2025,pending,"$14,525.00"
ORD-4212,CUST-2311,ST-13,CP-50,2024-04-06,PENDING,15268
ORD-4213,CUST-693,ST-18,CP-64,26-11-2025,PENDING,15259
ORD-4214,CUST-3726,ST-20,,07-08-2026,closed,8538
ORD-4215,CUST-2473,ST-10,CP-12,02/05/2024,closed,7080
ORD-4216,CUST-4062,ST-20,CP-31,2025-01-17,closed,9288
ORD-4217,CUST-1361,ST-5,,03-11-2025,pending,"12,342.00"
ORD-4218,CUST-1933,ST-7,,07/28/2024,CLOSED,4915
ORD-4219,CUST-3546,ST-6,,13-06-2025,CLOSED,16345
ORD-4220,CUST-561,ST-21,,2026-04-20,closed,"17,149.00"
ORD-4221,CUST-1403,ST-23,,01/19/2024,closed,2930
ORD-4222,CUST-2143,ST-21,,2024-11-09,pending,5854
ORD-4223,CUST-3723,ST-3,,20-10-2024,ACTIVE,"$14,336.00"
ORD-4224,CUST-4360,ST-25,,2024-12-25,ACTIVE,7405
ORD-4225,CUST-255,ST-3,CP-39,2024-05-19, Active ,15880
ORD-4226,CUST-582,ST-7,,04/09/2026,ACTIVE,9197
ORD-4227,CUST-2648,ST-5,,2025-08-24,CLOSED,"$10,803.00"
ORD-4228,CUST-794,ST-4,,05/03/2024,pending,14922
ORD-4229,CUST-1283,ST-19,,06/24/2026,active,9814
ORD-4230,CUST-3721,ST-1,CP-42,2025-10-07, Active ,12949
ORD-4231,CUST-1153,ST-24,CP-133,07/04/2026, Active ,15645
ORD-4232,CUST-4880,ST-1,CP-48,2026-07-15,ACTIVE,"$5,900.00"
ORD-4233,CUST-4252,ST-23,CP-151,2026-09-02,ACTIVE,8902
ORD-4234,CUST-2072,ST-8,,2024-11-25,ACTIVE,"16,337.00"
ORD-4235,CUST-2153,ST-19,,2024-12-15, Active ,"14,615.00"
ORD-4236,CUST-2049,ST-2,CP-11,2025-08-12, Active ,14286
ORD-4237,CUST-1167,ST-21,,2025-06-04,active,19487
ORD-4238,CUST-82,ST-24,,2024-03-16,ACTIVE,"5,492.00"
ORD-4239,CUST-3522,ST-19,,2025-06-25,active,9795
ORD-4240,CUST-589,ST-3,,2025-12-19,pending,"$16,732.00"
ORD-4241,CUST-2756,ST-18,CP-111,2025-02-06,active,"8,103.00"
ORD-4242,CUST-4299,ST-19,,2026-10-01,ACTIVE,"$4,304.00"
ORD-4243,CUST-319,ST-13,CP-143,03/03/2024,PENDING,"$2,508.00"
ORD-4244,CUST-1253,ST-21,,2025-08-10,PENDING,11344
ORD-4245,CUST-2619,ST-20,,2026-03-21,PENDING,12323
ORD-4246,CUST-150,ST-4,,2024-01-27,ACTIVE,"$1,528.00"
ORD-4247,CUST-3203,ST-5,,2025-11-27,ACTIVE,"$12,779.00"
ORD-4248,CUST-119,ST-25,,02/09/2026, Active ,"3,182.00"
ORD-4249,CUST-3654,ST-13,,2025-06-18,PENDING,5087
ORD-4250,CUST-1955,ST-13,CP-174,08/06/2026,active,14588
ORD-4251,CUST-2547,ST-25,,2025-07-07,PENDING,"$3,985.00"
ORD-4252,CUST-2524,ST-4,,2026-08-17,active,9399
ORD-4253,CUST-1907,ST-1,CP-180,2026-05-15,pending,16646
ORD-4254,CUST-3561,ST-14,,2026-12-07,closed,15822
ORD-4255,CUST-2090,ST-10,CP-146,2024-04-12,PENDING,"$11,098.00"
ORD-4256,CUST-4262,ST-7,,01/02/2025, Active ,17650
ORD-4257,CUST-1865,ST-24,,2024-05-03,ACTIVE,"5,522.00"
ORD-4258,CUST-4743,ST-24,,08-10-2024,closed,"$3,409.00"
ORD-4259,CUST-2469,ST-7,CP-106,03/23/2024,pending,12620
ORD-4260,CUST-4410,ST-13,CP-15,2025-09-02,pending,9114
ORD-4261,CUST-4827,ST-24,,2024-10-14,ACTIVE,"$11,690.00"
ORD-4262,CUST-2808,ST-5,,2025-01-09,CLOSED,"$8,809.00"
ORD-4263,CUST-2149,ST-18,,2026-01-18,pending,"$17,243.00"
ORD-4264,CUST-4478,ST-20,,2024-11-15,CLOSED,18419
ORD-4265,CUST-4121,ST-24,,2025-11-10, Active ,10490
ORD-4266,CUST-435,ST-3,CP-17,11/10/2024,closed,"5,897.00"
ORD-4267,CUST-4737,ST-22,,11/26/2025,pending,"$16,628.00"
ORD-4268,CUST-3743,ST-18,CP-195,02/27/2026,CLOSED,15718
ORD-4269,CUST-1495,ST-8,,2024-03-25,ACTIVE,"14,063.00"
ORD-4270,CUST-507,ST-11,,2026-10-27,CLOSED,"$7,099.00"
ORD-4271,CUST-1991,ST-8,CP-6,2026-12-04,active,12715
ORD-4272,CUST-1032,ST-12,CP-106,02/27/2026,pending,"$11,396.00"
ORD-4273,CUST-665,ST-10,,10-11-2025,ACTIVE,"$2,434.00"
ORD-4274,CUST-2965,ST-14,CP-36,2025-01-28,PENDING,16259
ORD-4275,CUST-2119,ST-15,,16-02-2024,CLOSED,"$13,000.00"
ORD-4276,CUST-573,ST-20,CP-174,2026-09-11, Active ,11540
ORD-4277,CUST-2975,ST-6,,05/27/2024,PENDING,"$12,914.00"
ORD-4278,CUST-4740,ST-9,,2024-10-16, Active ,"$13,794.00"
ORD-4279,CUST-388,ST-17,,2026-11-01,closed,11960
ORD-4280,CUST-2621,ST-16,,01/05/2024,pending,"$1,036.00"
ORD-4281,CUST-4351,ST-13,CP-71,2026-09-15,closed,"2,026.00"
ORD-4282,CUST-2826,ST-6,,08-11-2025,CLOSED,"3,393.00"
ORD-4283,CUST-2584,ST-7,,11/14/2024,active,8324
ORD-4284,CUST-4174,ST-5,,03/27/2024,PENDING,1635
ORD-4285,CUST-3716,ST-22,CP-56,09/28/2026,ACTIVE,"8,671.00"
ORD-4286,CUST-4113,ST-11,,08-09-2026,PENDING,"$5,187.00"
ORD-4287,CUST-377,ST-8,,01/20/2024, Active ,"2,004.00"
ORD-4288,CUST-4485,ST-7,,2026-11-16, Active ,9067
ORD-4289,CUST-3344,ST-14,,26-11-2025,CLOSED,"5,019.00"
ORD-4290,CUST-2811,ST-5,CP-73,2026-01-20,ACTIVE,"$8,595.00"
ORD-4291,CUST-2080,ST-20,,13-12-2025,closed,3917
ORD-4292,CUST-785,ST-15,,2024-12-24,active,5698
ORD-4293,CUST-3005,ST-22,,2025-08-27,pending,4325
ORD-4294,CUST-3263,ST-23,CP-29,2025-10-17,closed,"19,650.00"
ORD-4295,CUST-1290,ST-10,CP-98,2025-03-21,ACTIVE,"12,201.00"
ORD-4296,CUST-251,ST-22,,2025-05-11,closed,19798
ORD-4297,CUST-2911,ST-24,,12/26/2024,CLOSED,10449
ORD-4298,CUST-2394,ST-21,,06-11-2026,closed,1534
ORD-4299,CUST-3702,ST-23,,12/03/2026,active,"10,525.00"
ORD-4300,CUST-4225,ST-22,CP-96,05/02/2025,CLOSED,"$7,763.00"
ORD-4301,CUST-2912,ST-14,,2024-10-12,CLOSED,"$7,701.00"
ORD-4302,CUST-480,ST-19,,14-09-2026, Active ,"12,354.00"
ORD-4303,CUST-1369,ST-3,,2025-05-07,closed,19744
ORD-4304,CUST-4921,ST-19,,09/20/2025,pending,"$14,753.00"
ORD-4305,CUST-2164,ST-7,,12/27/2026, Active ,"$3,915.00"
ORD-4306,CUST-2152,ST-20,,05/23/2024, Active ,"$15,173.00"
ORD-4307,CUST-2611,ST-3,CP-119,07/20/2024,PENDING,"$19,960.00"
ORD-4308,CUST-2036,ST-24,CP-111,2025-01-25,closed,"$5,466.00"
ORD-4309,CUST-3567,ST-23,,09/17/2026,CLOSED,"9,188.00"
ORD-4310,CUST-1376,ST-5,CP-66,2025-08-20,pending,"2,875.00"
ORD-4311,CUST-1935,ST-22,,12/23/2026,pending,10445
ORD-4312,CUST-3882,ST-1,CP-72,2025-12-14,active,17468
ORD-4313,CUST-1187,ST-19,,12/08/2024,closed,3881
ORD-4314,CUST-4947,ST-8,,08/04/2025,active,"14,766.00"
ORD-4315,CUST-3736,ST-9,CP-12,2025-05-25,pending,"12,263.00"
ORD-4316,CUST-1384,ST-5,CP-189,2026-11-12,closed,"$10,179.00"
ORD-4317,CUST-2409,ST-23,,05/14/2024,closed,"13,689.00"
ORD-4318,CUST-2647,ST-6,CP-7,2024-10-17,pending,"11,326.00"
ORD-4319,CUST-3032,ST-16,,13-06-2026,closed,"$9,624.00"
ORD-4320,CUST-3340,ST-4,CP-163,2025-04-25,CLOSED,6306
ORD-4321,CUST-1926,ST-5,CP-86,15-02-2024,PENDING,12960
ORD-4322,CUST-2692,ST-20,,04-12-2025, Active ,11804
ORD-4323,CUST-4988,ST-3,,05-08-2025,ACTIVE,5815
ORD-4324,CUST-2361,ST-3,,22-11-2026,PENDING,19841
ORD-4325,CUST-2304,ST-6,CP-122,05/22/2024, Active ,"$8,698.00"
ORD-4326,CUST-4411,ST-10,,09/16/2025,closed,17071
ORD-4327,CUST-4253,ST-21,,2026-09-24,closed,"$16,410.00"
ORD-4328,CUST-3271,ST-16,CP-148,04/24/2025,closed,"$4,907.00"
ORD-4329,CUST-4111,ST-23,CP-67,08-01-2026,CLOSED,2699
ORD-4330,CUST-3109,ST-14,,2024-07-11,PENDING,14447
ORD-4331,CUST-566,ST-14,,2024-07-02,CLOSED,"13,991.00"
ORD-4332,CUST-3407,ST-3,,2026-02-12,active,9056
ORD-4333,CUST-3401,ST-3,CP-35,2025-05-05,active,"18,594.00"
ORD-4334,CUST-3269,ST-16,,2026-09-02,pending,12843
ORD-4335,CUST-2621,ST-8,,2025-11-19,active,3408
ORD-4336,CUST-2423,ST-14,,2025-01-01,closed,12709
ORD-4337,CUST-3755,ST-21,CP-169,05/14/2026, Active ,"$17,968.00"
ORD-4338,CUST-1664,ST-25,,2024-10-07, Active ,"19,158.00"
ORD-4339,CUST-487,ST-8,,2025-03-06,PENDING,"$7,112.00"
ORD-4340,CUST-1662,ST-9,CP-139,15-04-2024,pending,"$4,306.00"
ORD-4341,CUST-1122,ST-24,,05/11/2026,closed,"$2,631.00"
ORD-4342,CUST-2902,ST-21,,06/23/2026,CLOSED,18455
ORD-4343,CUST-580,ST-5,,09/10/2025,closed,"$10,068.00"
ORD-4344,CUST-1403,ST-24,CP-85,05/08/2025, Active ,12643
ORD-4345,CUST-116,ST-4,,2025-03-23,pending,"$4,941.00"
ORD-4346,CUST-276,ST-20,,04/24/2025,PENDING,"$13,462.00"
ORD-4347,CUST-977,ST-21,,2024-09-17,CLOSED,9552
ORD-4348,CUST-4606,ST-10,CP-146,13-12-2024,closed,$412.00
ORD-4349,CUST-4970,ST-12,,17-04-2025,active,"$3,124.00"
ORD-4350,CUST-606,ST-15,,2026-04-15,ACTIVE,"$19,636.00"
ORD-4351,CUST-1885,ST-21,,26-07-2026,closed,3567
ORD-4352,CUST-4494,ST-24,,2024-08-22,closed,18273
ORD-4353,CUST-2239,ST-13,,08-11-2024,closed,"19,056.00"
ORD-4354,CUST-4129,ST-14,,02/14/2025, Active ,"5,353.00"
ORD-4355,CUST-2162,ST-9,,03/25/2024,closed,7475
ORD-4356,CUST-2526,ST-17,CP-65,07/10/2025,PENDING,"10,285.00"
ORD-4357,CUST-4917,ST-13,CP-129,2024-12-27,pending,"4,251.00"
ORD-4358,CUST-4029,ST-3,,2024-05-12,closed,13741
ORD-4359,CUST-2240,ST-16,,2024-05-26,pending,6715
ORD-4360,CUST-4266,ST-23,,2025-09-03,closed,10246
ORD-4361,CUST-2842,ST-5,CP-118,08/17/2025, Active ,"11,340.00"
ORD-4362,CUST-4316,ST-15,,08/07/2026,pending,"13,118.00"
ORD-4363,CUST-94,ST-8,,2024-12-05,CLOSED,6214
ORD-4364,CUST-2717,ST-8,,2024-09-21,CLOSED,"$10,694.00"
ORD-4365,CUST-3336,ST-23,,2026-03-26,closed,1952
ORD-4366,CUST-1666,ST-24,,2024-05-23,PENDING,16503
ORD-4367,CUST-2667,ST-21,CP-174,2026-10-23,CLOSED,13444
ORD-4368,CUST-1125,ST-15,,03-04-2025,pending,5556
ORD-4369,CUST-2300,ST-10,,2026-01-08,PENDING,2242
ORD-4370,CUST-359,ST-24,,2025-12-27,active,"$8,328.00"
ORD-4371,CUST-4006,ST-14,,08/16/2024, Active ,17843
ORD-4372,CUST-1882,ST-15,,04/28/2026,pending,4581
ORD-4373,CUST-4718,ST-8,,2026-05-13,CLOSED,"$17,112.00"
ORD-4374,CUST-1912,ST-11,,2024-01-16,closed,"15,522.00"
ORD-4375,CUST-2302,ST-1,,22-12-2025,CLOSED,8802
ORD-4376,CUST-673,ST-19,,2026-11-15,active,11635
ORD-4377,CUST-2313,ST-10,CP-5,2025-04-04,pending,"$8,170.00"
ORD-4378,CUST-1169,ST-10,,2025-06-11,active,19923
ORD-4379,CUST-4768,ST-6,CP-106,2025-12-15,PENDING,"$17,346.00"
ORD-4380,CUST-4881,ST-10,,2024-07-21,PENDING,"$3,215.00"
ORD-4381,CUST-4727,ST-9,,03/01/2025,pending,823
ORD-4382,CUST-1727,ST-2,,11-08-2026,ACTIVE,10197
ORD-4383,CUST-1711,ST-1,,12/23/2025,PENDING,"$16,219.00"
ORD-4384,CUST-817,ST-7,CP-27,2024-05-05,active,"14,417.00"
ORD-4385,CUST-2312,ST-21,CP-43,03/26/2025,closed,"$19,934.00"
ORD-4386,CUST-623,ST-9,,2025-10-27,active,"$18,081.00"
ORD-4387,CUST-1578,ST-6,,2025-05-01,active,"13,208.00"
ORD-4388,CUST-253,ST-3,,01/02/2025,ACTIVE,5834
ORD-4389,CUST-3991,ST-12,,2026-08-21,PENDING,932
ORD-4390,CUST-2581,ST-16,,01/21/2025,CLOSED,"$3,895.00"
ORD-4391,CUST-2971,ST-8,,10/25/2026,ACTIVE,8543
ORD-4392,CUST-1820,ST-25,CP-16,04-05-2025, Active ,16217
ORD-4393,CUST-549,ST-16,CP-176,08-02-2025,CLOSED,"$5,801.00"
ORD-4394,CUST-3313,ST-19,CP-80,2026-08-19,pending,"4,319.00"
ORD-4395,CUST-1332,ST-20,CP-92,2025-05-03,pending,14159
ORD-4396,CUST-3249,ST-4,,2026-08-11, Active ,"3,408.00"
ORD-4397,CUST-3546,ST-6,,2026-02-27,CLOSED,18544
ORD-4398,CUST-1357,ST-9,,2026-01-02,active,"5,393.00"
ORD-4399,CUST-4614,ST-9,,09/20/2026,PENDING,10036
ORD-4400,CUST-4990,ST-4,,2025-01-13,CLOSED,6024
ORD-4401,CUST-2512,ST-2,,2024-03-01,CLOSED,865
ORD-4402,CUST-1862,ST-23,CP-150,2025-11-18,PENDING,16863
ORD-4403,CUST-4833,ST-1,,05/26/2026,PENDING,"6,295.00"
ORD-4404,CUST-3350,ST-9,,2025-09-23,active,"11,063.00"
ORD-4405,CUST-518,ST-10,,28-08-2024,ACTIVE,8020
ORD-4406,CUST-1849,ST-9,CP-97,11/12/2025,pending,15770
ORD-4407,CUST-140,ST-6,CP-179,04-11-2026,PENDING,17788
ORD-4408,CUST-1168,ST-6,,05-01-2024,pending,2314
ORD-4409,CUST-3245,ST-13,CP-170,2026-10-11, Active ,"9,430.00"
ORD-4410,CUST-1498,ST-12,,15-10-2024,PENDING,14949
ORD-4411,CUST-2611,ST-3,,04/19/2025,ACTIVE,"9,872.00"
ORD-4412,CUST-2337,ST-16,CP-2,05/13/2026,active,18681
ORD-4413,CUST-4179,ST-23,,09/24/2024,CLOSED,6411
ORD-4414,CUST-1539,ST-23,,2026-08-08,closed,8700
ORD-4415,CUST-1796,ST-6,,18-10-2025, Active ,"$5,254.00"
ORD-4416,CUST-4164,ST-15,,2025-01-20, Active ,"$13,916.00"
ORD-4417,CUST-881,ST-13,,01/22/2024,pending,"$12,626.00"
ORD-4418,CUST-1674,ST-17,,04/01/2024,closed,"$16,758.00"
ORD-4419,CUST-2970,ST-12,,06/25/2024,ACTIVE,"15,491.00"
ORD-4420,CUST-1684,ST-15,,2026-05-19,PENDING,"$6,640.00"
ORD-4421,CUST-1941,ST-22,,23-12-2026,CLOSED,4661
ORD-4422,CUST-1090,ST-5,,12/20/2026,CLOSED,10319
ORD-4423,CUST-547,ST-13,,2026-05-28,pending,13039
ORD-4424,CUST-2793,ST-22,,2026-01-17,CLOSED,18886
ORD-4425,CUST-4171,ST-7,,03/16/2025,PENDING,11832
ORD-4426,CUST-891,ST-17,,14-05-2026,PENDING,"$8,339.00"
ORD-4427,CUST-1381,ST-25,,2026-09-06,pending,3038
ORD-4428,CUST-2222,ST-12,CP-179,06/05/2026,CLOSED,"$11,891.00"
ORD-4429,CUST-3622,ST-15,,2024-07-20,pending,13523
ORD-4430,CUST-1310,ST-14,CP-74,2026-01-17, Active ,"3,810.00"
ORD-4431,CUST-4641,ST-14,,08-04-2024,CLOSED,1141
ORD-4432,CUST-2213,ST-23,CP-108,02/27/2024,active,14309
ORD-4433,CUST-3300,ST-6,,12/04/2026,ACTIVE,11105
ORD-4434,CUST-4987,ST-25,,08/09/2026,active,"1,903.00"
ORD-4435,CUST-494,ST-19,CP-134,06/26/2024,pending,19107
ORD-4436,CUST-4814,ST-19,,2025-03-17,CLOSED,"$12,176.00"
ORD-4437,CUST-4982,ST-24,,03/27/2024,ACTIVE,"13,478.00"
ORD-4438,CUST-451,ST-13,CP-186,04/20/2026,closed,10256
ORD-4439,CUST-1391,ST-18,CP-186,07/06/2026,CLOSED,13029
ORD-4440,CUST-3903,ST-19,,2026-07-12,closed,"6,873.00"
ORD-4441,CUST-3282,ST-4,,2025-11-15,active,"10,906.00"
ORD-4442,CUST-3402,ST-13,,09/27/2025,PENDING,17172
ORD-4443,CUST-3301,ST-16,CP-39,05/22/2026,PENDING,"13,740.00"
ORD-4444,CUST-4527,ST-7,CP-128,05/03/2024,CLOSED,"8,082.00"
ORD-4445,CUST-4686,ST-24,,15-10-2024,PENDING,5047
ORD-4446,CUST-4760,ST-22,CP-24,2024-01-28,closed,3958
ORD-4447,CUST-1453,ST-23,,2026-11-10,PENDING,"$8,369.00"
ORD-4448,CUST-3491,ST-16,,20-02-2025,PENDING,"1,338.00"
ORD-4449,CUST-1927,ST-25,,2026-07-18,closed,"$19,648.00"
ORD-4450,CUST-2865,ST-10,,2026-01-19,CLOSED,3734
ORD-4451,CUST-335,ST-25,,2025-08-01,pending,"$18,227.00"
ORD-4452,CUST-126,ST-6,CP-67,24-12-2026,closed,"$1,436.00"
ORD-4453,CUST-3974,ST-18,,2025-01-20,pending,"1,419.00"
ORD-4454,CUST-447,ST-16,,08/04/2024,closed,8181
ORD-4455,CUST-2454,ST-6,CP-184,09/01/2026, Active ,15209
ORD-4456,CUST-4518,ST-21,CP-183,06/11/2024,ACTIVE,5128
ORD-4457,CUST-2358,ST-5,,03/24/2025,PENDING,6551
ORD-4458,CUST-990,ST-17,CP-111,2025-02-10,closed,11982
ORD-4459,CUST-4184,ST-14,,2025-04-12,active,19679
ORD-4460,CUST-317,ST-19,,10/18/2026,ACTIVE,"$6,211.00"
ORD-4461,CUST-4604,ST-9,CP-114,10/04/2025,CLOSED,"6,072.00"
ORD-4462,CUST-858,ST-19,CP-47,08/12/2025,active,12622
ORD-4463,CUST-854,ST-7,,2024-08-09,ACTIVE,"$8,793.00"
ORD-4464,CUST-798,ST-22,,2025-02-19,PENDING,"13,378.00"
ORD-4465,CUST-74,ST-11,,05/08/2024,closed,6106
ORD-4466,CUST-3294,ST-25,,28-11-2025,pending,"7,504.00"
ORD-4467,CUST-4451,ST-2,CP-174,07/23/2026,closed,5804
ORD-4468,CUST-1791,ST-2,CP-141,02/03/2025,pending,"8,739.00"
ORD-4469,CUST-2652,ST-11,CP-167,2024-12-28,pending,1930
ORD-4470,CUST-3691,ST-1,,2026-02-04, Active ,2698
ORD-4471,CUST-3664,ST-23,CP-200,22-03-2025,CLOSED,16719
ORD-4472,CUST-1558,ST-11,,2026-01-12, Active ,13050
ORD-4473,CUST-2491,ST-10,,05/19/2026,CLOSED,"$9,509.00"
ORD-4474,CUST-2156,ST-9,,2025-06-12,ACTIVE,15588
ORD-4475,CUST-4924,ST-15,,2025-02-10, Active ,"$7,377.00"
ORD-4476,CUST-2207,ST-15,,2025-05-16,CLOSED,6809
ORD-4477,CUST-1134,ST-12,CP-132,02/21/2026,PENDING,16896
ORD-4478,CUST-1083,ST-19,CP-92,2025-07-04,closed,"$6,305.00"
ORD-4479,CUST-4110,ST-13,,08/08/2026,closed,"$6,802.00"
ORD-4480,CUST-3835,ST-22,CP-97,2025-11-27,CLOSED,16943
ORD-4481,CUST-2084,ST-5,,2024-02-21,pending,"$19,174.00"
ORD-4482,CUST-3416,ST-21,CP-103,03/23/2024,ACTIVE,"6,312.00"
ORD-4483,CUST-1747,ST-4,CP-172,15-07-2025,closed,395
ORD-4484,CUST-1066,ST-2,,2024-07-11,active,"8,738.00"
ORD-4485,CUST-3692,ST-4,,18-02-2026,CLOSED,"16,321.00"
ORD-4486,CUST-3955,ST-20,,2024-04-28,ACTIVE,595
ORD-4487,CUST-2466,ST-10,,2025-01-19, Active ,11756
ORD-4488,CUST-4162,ST-9,,2024-08-26,CLOSED,2006
ORD-4489,CUST-1250,ST-12,,2026-06-11,pending,"$5,133.00"
ORD-4490,CUST-3711,ST-21,CP-60,08/13/2024,active,"18,619.00"
ORD-4491,CUST-29,ST-17,,2026-02-10,PENDING,7379
ORD-4492,CUST-4680,ST-19,,2026-04-16,PENDING,"$15,261.00"
ORD-4493,CUST-1694,ST-19,CP-134,01/14/2024,active,10795
ORD-4494,CUST-4803,ST-7,,04-12-2025,ACTIVE,"$18,107.00"
ORD-4495,CUST-2622,ST-6,,06/22/2025, Active ,"4,766.00"
ORD-4496,CUST-3467,ST-15,CP-121,24-03-2024,closed,"$7,209.00"
ORD-4497,CUST-840,ST-13,CP-178,2024-03-07, Active ,1812
ORD-4498,CUST-4223,ST-25,,2026-08-06,active,"$7,943.00"
ORD-4499,CUST-60,ST-15,CP-76,2024-08-05,closed,6736
ORD-4500,CUST-4633,ST-16,CP-178,08/25/2025,active,3786
ORD-4501,CUST-2836,ST-11,CP-190,2026-08-21,pending,2859
ORD-4502,CUST-3713,ST-24,,2026-11-21,closed,10888
ORD-4503,CUST-4443,ST-16,,2026-02-11,active,3493
ORD-4504,CUST-785,ST-9,,08/23/2026,closed,16271
ORD-4505,CUST-3959,ST-23,,2026-06-06,active,7147
ORD-4506,CUST-2974,ST-13,,09/27/2024,closed,"$17,862.00"
ORD-4507,CUST-3206,ST-24,,2026-07-22,CLOSED,1206
ORD-4508,CUST-2344,ST-25,,2024-04-09,closed,12230
ORD-4509,CUST-2493,ST-17,,2025-03-11,active,"$10,112.00"
ORD-4510,CUST-550,ST-13,CP-137,09-02-2026, Active ,"$1,704.00"
ORD-4511,CUST-2110,ST-13,,2025-04-19,ACTIVE,"$16,354.00"
ORD-4512,CUST-4468,ST-14,CP-200,04/25/2024,CLOSED,"$4,900.00"
ORD-4513,CUST-3218,ST-17,,08-01-2025,closed,15188
ORD-4514,CUST-3359,ST-13,CP-168,12/21/2026,ACTIVE,8265
ORD-4515,CUST-4752,ST-25,,2024-02-22,CLOSED,"$11,809.00"
ORD-4516,CUST-3088,ST-18,,19-01-2025,pending,"$7,702.00"
ORD-4517,CUST-2157,ST-17,,06-06-2024,ACTIVE,18158
ORD-4518,CUST-1705,ST-6,CP-195,2026-10-27,active,"1,543.00"
ORD-4519,CUST-1179,ST-2,,25-06-2026,closed,4577
ORD-4520,CUST-3005,ST-6,,2025-08-26,PENDING,"8,045.00"
ORD-4521,CUST-3644,ST-6,,2025-04-15,closed,8971
ORD-4522,CUST-4788,ST-2,,2026-12-06, Active ,201
ORD-4523,CUST-4583,ST-4,,11/21/2025,PENDING,12955
ORD-4524,CUST-4877,ST-23,,2026-03-26,active,117
ORD-4525,CUST-4914,ST-20,,2025-05-18,closed,"4,765.00"
ORD-4526,CUST-1617,ST-24,,2024-06-03,ACTIVE,812
ORD-4527,CUST-303,ST-8,CP-69,2025-07-05,closed,"$6,298.00"
ORD-4528,CUST-1066,ST-1,,03/20/2025,closed,3600
ORD-4529,CUST-8,ST-8,CP-2,11-06-2026,active,"$4,228.00"
ORD-4530,CUST-2117,ST-17,CP-30,2024-12-10,PENDING,19299
ORD-4531,CUST-2244,ST-20,,2024-04-05,closed,"$13,277.00"
ORD-4532,CUST-2393,ST-14,,01-10-2025,active,"4,634.00"
ORD-4533,CUST-2943,ST-8,,01-08-2025,closed,12318
ORD-4534,CUST-3209,ST-24,,10/09/2024, Active ,"$19,570.00"
ORD-4535,CUST-920,ST-4,,26-10-2025,CLOSED,10201
ORD-4536,CUST-131,ST-4,,2025-07-12,pending,"$9,485.00"
ORD-4537,CUST-502,ST-5,,2026-04-08,active,"9,707.00"
ORD-4538,CUST-228,ST-15,CP-51,2026-11-17,active,10160
ORD-4539,CUST-965,ST-12,,2025-02-09, Active ,16627
ORD-4540,CUST-1143,ST-1,,2024-10-13,PENDING,"7,414.00"
ORD-4541,CUST-2239,ST-2,,2025-12-01,active,3821
ORD-4542,CUST-1227,ST-15,CP-69,2026-01-12,closed,"$6,798.00"
ORD-4543,CUST-2454,ST-13,CP-66,2025-04-27,closed,4854
ORD-4544,CUST-2606,ST-12,CP-178,2024-05-23,PENDING,"$2,923.00"
ORD-4545,CUST-3519,ST-10,,26-07-2025, Active ,"$1,078.00"
ORD-4546,CUST-4019,ST-2,,2026-05-23,closed,"10,676.00"
ORD-4547,CUST-2594,ST-4,CP-106,2024-06-01,closed,"9,194.00"
ORD-4548,CUST-1626,ST-25,,01-05-2025,active,12728
ORD-4549,CUST-3308,ST-9,,04-01-2024,pending,"$10,857.00"
ORD-4550,CUST-4253,ST-7,CP-107,10/26/2025,CLOSED,"$14,412.00"
ORD-4551,CUST-3064,ST-9,,2026-02-07,ACTIVE,18533
ORD-4552,CUST-228,ST-14,CP-198,04/22/2024,closed,"9,584.00"
ORD-4553,CUST-3424,ST-20,,2025-08-25, Active ,17364
ORD-4554,CUST-2309,ST-6,,2024-07-02, Active ,"$16,530.00"
ORD-4555,CUST-2220,ST-16,,02/28/2025,pending,12272
ORD-4556,CUST-4445,ST-12,,03/16/2026,closed,14442
ORD-4557,CUST-3558,ST-1,,03/15/2024,CLOSED,"$16,435.00"
ORD-4558,CUST-956,ST-4,CP-42,2024-10-12,CLOSED,"7,624.00"
ORD-4559,CUST-4960,ST-3,CP-116,04/20/2024,PENDING,10099
ORD-4560,CUST-2264,ST-2,CP-122,10/02/2026, Active ,"$5,571.00"
ORD-4561,CUST-3680,ST-20,,19-01-2025,ACTIVE,"$15,687.00"
ORD-4562,CUST-1082,ST-21,,05/10/2024,pending,"$9,732.00"
ORD-4563,CUST-4285,ST-18,,04/17/2025,PENDING,6048
ORD-4564,CUST-982,ST-14,CP-32,25-06-2026,PENDING,"$8,440.00"
ORD-4565,CUST-2062,ST-16,CP-142,16-10-2025,CLOSED,11464
ORD-4566,CUST-3795,ST-18,,08/04/2025,PENDING,"$15,661.00"
ORD-4567,CUST-2381,ST-5,CP-84,05/07/2024,closed,8910
ORD-4568,CUST-3225,ST-20,,2026-02-20,pending,"$18,583.00"
ORD-4569,CUST-1672,ST-20,,11-02-2025, Active ,"$7,644.00"
ORD-4570,CUST-4461,ST-25,CP-15,2026-09-23,PENDING,5910
ORD-4571,CUST-4304,ST-2,CP-69,06-02-2024,active,16306
ORD-4572,CUST-352,ST-4,,2024-12-15, Active ,"$12,012.00"
ORD-4573,CUST-2674,ST-1,CP-11,2024-05-20,CLOSED,"$19,804.00"
ORD-4574,CUST-2121,ST-1,CP-120,07/03/2025,closed,635.00
ORD-4575,CUST-2742,ST-15,CP-124,11/03/2024,CLOSED,"4,536.00"
ORD-4576,CUST-1529,ST-16,,2026-08-06,ACTIVE,"$14,624.00"
ORD-4577,CUST-2067,ST-22,,04/21/2026,closed,12897
ORD-4578,CUST-3722,ST-1,,2026-05-18,closed,138
ORD-4579,CUST-2694,ST-16,,2026-06-24,PENDING,"$9,044.00"
ORD-4580,CUST-4302,ST-24,,2025-08-26,active,"$9,319.00"
ORD-4581,CUST-3852,ST-9,,2024-04-20,active,18349
ORD-4582,CUST-4538,ST-25,,06/02/2025,closed,10376
ORD-4583,CUST-2710,ST-1,CP-185,2026-06-06,CLOSED,5126
ORD-4584,CUST-283,ST-17,CP-172,22-08-2026,active,9543
ORD-4585,CUST-3902,ST-7,,24-12-2026,CLOSED,14914
ORD-4586,CUST-2916,ST-1,CP-44,2026-02-12,pending,"$15,148.00"
ORD-4587,CUST-971,ST-24,,12-06-2024,closed,$580.00
ORD-4588,CUST-1638,ST-12,CP-86,2024-04-28, Active ,"7,774.00"
ORD-4589,CUST-443,ST-4,,2024-03-10, Active ,"8,051.00"
ORD-4590,CUST-323,ST-3,,2025-03-01,ACTIVE,"17,419.00"
ORD-4591,CUST-2479,ST-6,,02/05/2025,closed,"$14,876.00"
ORD-4592,CUST-761,ST-1,,08-04-2024, Active ,9347
ORD-4593,CUST-566,ST-5,,2024-01-17,PENDING,"8,466.00"
ORD-4594,CUST-3722,ST-12,,2025-06-28, Active ,"6,521.00"
ORD-4595,CUST-4669,ST-19,,2024-05-02,pending,6571
ORD-4596,CUST-4095,ST-16,,2026-08-01,closed,13881
ORD-4597,CUST-282,ST-15,CP-54,03-10-2026,pending,3001
ORD-4598,CUST-1165,ST-20,,2024-07-03,CLOSED,"$8,891.00"
ORD-4599,CUST-2540,ST-8,,04-04-2025,pending,17851
ORD-4600,CUST-1419,ST-7,,02/05/2025,ACTIVE,3092
ORD-4601,CUST-3150,ST-19,,2025-10-20,PENDING,"$14,495.00"
ORD-4602,CUST-1249,ST-16,,2025-12-08,active,11399
ORD-4603,CUST-363,ST-16,,2024-03-08,closed,11202
ORD-4604,CUST-1472,ST-13,,06/25/2025,CLOSED,"$18,374.00"
ORD-4605,CUST-4729,ST-14,,22-01-2025,PENDING,"$8,183.00"
ORD-4606,CUST-4189,ST-16,CP-17,20-07-2025,PENDING,13860
ORD-4607,CUST-2751,ST-3,,2025-12-28,closed,"7,848.00"
ORD-4608,CUST-2081,ST-7,,08/24/2025,CLOSED,9767
ORD-4609,CUST-1735,ST-13,,06/15/2026,CLOSED,"$12,143.00"
ORD-4610,CUST-1627,ST-18,,06/01/2026,ACTIVE,"18,996.00"
ORD-4611,CUST-1950,ST-14,,2025-09-27,pending,766.00
ORD-4612,CUST-3302,ST-3,CP-70,2024-10-23, Active ,11688
ORD-4613,CUST-4841,ST-23,,2026-07-21,closed,53
ORD-4614,CUST-4190,ST-25,CP-72,11-05-2026,pending,"19,401.00"
ORD-4615,CUST-3882,ST-6,,2024-08-06,CLOSED,12486
ORD-4616,CUST-3747,ST-4,,05/21/2024,ACTIVE,5794
ORD-4617,CUST-4318,ST-14,CP-151,2026-07-12,ACTIVE,"$14,948.00"
ORD-4618,CUST-2911,ST-22,CP-191,11-12-2025,PENDING,9735
ORD-4619,CUST-2957,ST-15,,2024-02-15,active,2088
ORD-4620,CUST-1170,ST-23,,2026-09-16,ACTIVE,"$10,410.00"
ORD-4621,CUST-2398,ST-20,,22-01-2024,CLOSED,13862
ORD-4622,CUST-165,ST-7,,01/16/2025,PENDING,7572
ORD-4623,CUST-4898,ST-3,,07/15/2025,PENDING,"$18,872.00"
ORD-4624,CUST-2550,ST-23,,07/18/2025,ACTIVE,15432
ORD-4625,CUST-3125,ST-5,,02/08/2025,active,7701
ORD-4626,CUST-1070,ST-14,,10/05/2026, Active ,11334
ORD-4627,CUST-1033,ST-18,,09/21/2024,PENDING,"$12,721.00"
ORD-4628,CUST-585,ST-9,CP-49,22-04-2025,closed,"6,869.00"
ORD-4629,CUST-4511,ST-1,CP-91,2024-02-07,CLOSED,"$11,795.00"
ORD-4630,CUST-815,ST-11,CP-24,06-05-2026,ACTIVE,7720
ORD-4631,CUST-2108,ST-6,,03/15/2025,PENDING,"6,776.00"
ORD-4632,CUST-3276,ST-4,,24-06-2025,CLOSED,"$13,844.00"
ORD-4633,CUST-4999,ST-22,,18-03-2024, Active ,17374
ORD-4634,CUST-2291,ST-13,CP-101,11/11/2026,closed,"$15,061.00"
ORD-4635,CUST-1750,ST-25,,06/26/2024,CLOSED,19059
ORD-4636,CUST-1198,ST-10,,04-09-2026,CLOSED,"$6,879.00"
ORD-4637,CUST-3003,ST-18,,2025-11-01,PENDING,"$11,659.00"
ORD-4638,CUST-3095,ST-5,CP-126,10/07/2026,active,9569
ORD-4639,CUST-3715,ST-17,,22-07-2026,closed,16092
ORD-4640,CUST-4408,ST-13,,12/24/2024,PENDING,3847
ORD-4641,CUST-2220,ST-7,,24-01-2025,active,"12,882.00"
ORD-4642,CUST-2626,ST-10,CP-14,2024-01-25,CLOSED,13255
ORD-4643,CUST-3604,ST-4,,2025-07-27, Active ,4484
ORD-4644,CUST-2785,ST-5,,2025-03-18,PENDING,"11,023.00"
ORD-4645,CUST-4379,ST-12,,2025-10-10,pending,5868
ORD-4646,CUST-2254,ST-1,CP-43,19-12-2024,PENDING,2550
ORD-4647,CUST-3199,ST-1,,24-03-2026,ACTIVE,"$11,369.00"
ORD-4648,CUST-2509,ST-9,CP-168,04/01/2024,ACTIVE,"$7,310.00"
ORD-4649,CUST-2480,ST-14,,2024-05-18,pending,"17,329.00"
ORD-4650,CUST-3170,ST-22,,08/03/2025, Active ,"$13,486.00"
ORD-4651,CUST-3605,ST-5,,2024-03-17,PENDING,16561
ORD-4652,CUST-2060,ST-15,,2025-11-28,PENDING,"$12,079.00"
ORD-4653,CUST-3523,ST-11,,09/19/2024,CLOSED,2055
ORD-4654,CUST-2345,ST-9,CP-129,2024-12-15,active,"$18,978.00"
ORD-4655,CUST-905,ST-16,,2026-11-13,pending,"$6,748.00"
ORD-4656,CUST-4119,ST-11,CP-11,04/14/2025,closed,"19,570.00"
ORD-4657,CUST-1696,ST-2,CP-118,2026-10-14,PENDING,"$4,026.00"
ORD-4658,CUST-3017,ST-4,,2026-12-26,ACTIVE,"$16,692.00"
ORD-4659,CUST-149,ST-21,,08/16/2025,active,"7,360.00"
ORD-4660,CUST-1826,ST-1,,2026-01-27,closed,10986
ORD-4661,CUST-3779,ST-10,,02-10-2026,closed,256.00
ORD-4662,CUST-1466,ST-11,,2026-11-05,PENDING,"$14,095.00"
ORD-4663,CUST-267,ST-25,,05/12/2025, Active ,"$3,668.00"
ORD-4664,CUST-4953,ST-3,,12-12-2026,closed,"14,859.00"
ORD-4665,CUST-2402,ST-5,CP-117,05/15/2026,CLOSED,"14,681.00"
ORD-4666,CUST-1368,ST-25,CP-95,2025-04-10,ACTIVE,"13,848.00"
ORD-4667,CUST-2533,ST-5,,2024-02-01,ACTIVE,"$3,765.00"
ORD-4668,CUST-2183,ST-23,CP-154,19-10-2026,pending,5472
ORD-4669,CUST-1398,ST-3,,2025-02-20,closed,4326
ORD-4670,CUST-3331,ST-22,CP-25,2026-04-28,active,"$16,387.00"
ORD-4671,CUST-4230,ST-25,CP-120,2026-04-24,active,"$15,171.00"
ORD-4672,CUST-1287,ST-22,,03-06-2026,closed,"6,437.00"
ORD-4673,CUST-43,ST-11,CP-109,12/21/2025,closed,"$15,237.00"
ORD-4674,CUST-763,ST-4,CP-181,12/17/2026,active,752
ORD-4675,CUST-1573,ST-13,,05-11-2025,PENDING,12894
ORD-4676,CUST-4724,ST-24,,2024-11-12,ACTIVE,"$2,921.00"
ORD-4677,CUST-3806,ST-9,,13-01-2025,active,"$18,189.00"
ORD-4678,CUST-2611,ST-25,,04/06/2024, Active ,2215
ORD-4679,CUST-1265,ST-4,CP-143,01/01/2024,closed,15103
ORD-4680,CUST-1638,ST-13,,2025-05-13,ACTIVE,"12,747.00"
ORD-4681,CUST-3222,ST-19,CP-52,16-09-2025,closed,7211
ORD-4682,CUST-894,ST-25,,26-07-2026,CLOSED,18520
ORD-4683,CUST-242,ST-11,,2026-10-09,pending,2357
ORD-4684,CUST-4323,ST-2,,2024-07-12,ACTIVE,4875
ORD-4685,CUST-2954,ST-16,,10/16/2024,closed,"19,351.00"
ORD-4686,CUST-2210,ST-2,,01/19/2026, Active ,"$14,534.00"
ORD-4687,CUST-1250,ST-16,CP-131,03/06/2026,PENDING,16715
ORD-4688,CUST-4029,ST-20,,14-07-2024, Active ,11984
ORD-4689,CUST-323,ST-10,,11-12-2025,active,"17,214.00"
ORD-4690,CUST-2285,ST-15,,2025-11-13,ACTIVE,1796
ORD-4691,CUST-4339,ST-23,,2025-02-28, Active ,17120
ORD-4692,CUST-84,ST-24,CP-176,2026-07-06,CLOSED,6052
ORD-4693,CUST-2307,ST-23,CP-175,16-11-2026,PENDING,"6,332.00"
ORD-4694,CUST-3855,ST-7,CP-47,2026-04-24,active,"14,435.00"
ORD-4695,CUST-2179,ST-4,,03/17/2026, Active ,"$1,957.00"
ORD-4696,CUST-836,ST-11,,2026-05-03,PENDING,"$5,945.00"
ORD-4697,CUST-1608,ST-8,,05/17/2026,CLOSED,"$19,437.00"
ORD-4698,CUST-3719,ST-16,,2024-01-18,CLOSED,17211
ORD-4699,CUST-6,ST-8,CP-117,12-04-2025,active,9574
ORD-4700,CUST-799,ST-1,,05/06/2026,CLOSED,9195
ORD-4701,CUST-2853,ST-2,CP-26,06/01/2025,PENDING,11501
ORD-4702,CUST-661,ST-11,,2026-02-11,PENDING,14561
ORD-4703,CUST-1523,ST-19,CP-70,2026-09-04,active,16207
ORD-4704,CUST-854,ST-9,,09/24/2025,active,15063
ORD-4705,CUST-3390,ST-14,CP-99,09/22/2025,active,7515
ORD-4706,CUST-2328,ST-4,CP-73,06-06-2024,pending,9914
ORD-4707,CUST-3683,ST-4,,2024-08-17,PENDING,"$7,604.00"
ORD-4708,CUST-4249,ST-12,,2025-05-16,CLOSED,4022
ORD-4709,CUST-2657,ST-7,,07/20/2024,ACTIVE,"16,152.00"
ORD-4710,CUST-1213,ST-11,,11-08-2025,ACTIVE,3157
ORD-4711,CUST-3334,ST-4,CP-75,25-03-2024, Active ,"5,104.00"
ORD-4712,CUST-1279,ST-15,,28-10-2025,PENDING,5584
ORD-4713,CUST-1454,ST-21,,06-02-2026,PENDING,"7,495.00"
ORD-4714,CUST-4593,ST-4,,2024-06-06,closed,17934
ORD-4715,CUST-4751,ST-12,,2025-05-04,ACTIVE,3918
ORD-4716,CUST-4577,ST-25,,2026-03-13,PENDING,"$3,262.00"
ORD-4717,CUST-3889,ST-17,,2024-08-22, Active ,"12,738.00"
ORD-4718,CUST-2493,ST-2,CP-54,2025-12-26, Active ,"$10,237.00"
ORD-4719,CUST-2742,ST-22,,12/21/2026,PENDING,15970
ORD-4720,CUST-3385,ST-4,CP-138,2025-11-11,CLOSED,13125
ORD-4721,CUST-2112,ST-19,,2026-09-11,pending,6818
ORD-4722,CUST-729,ST-5,,07/09/2024,pending,14834
ORD-4723,CUST-4974,ST-15,,14-11-2026,pending,8736
ORD-4724,CUST-1918,ST-20,,2024-08-18,active,"$6,317.00"
ORD-4725,CUST-1284,ST-1,,2026-10-28,active,"12,799.00"
ORD-4726,CUST-2632,ST-21,,2026-09-05,pending,14107
ORD-4727,CUST-4438,ST-24,,01/18/2026,CLOSED,13256
ORD-4728,CUST-1084,ST-2,CP-100,01/17/2025,CLOSED,6229
ORD-4729,CUST-560,ST-8,CP-94,2025-12-12,active,56
ORD-4730,CUST-1053,ST-7,,11/15/2024,CLOSED,"8,099.00"
ORD-4731,CUST-3817,ST-8,CP-134,04-01-2026,CLOSED,"$8,084.00"
ORD-4732,CUST-1201,ST-23,CP-119,09-06-2024, Active ,"$18,896.00"
ORD-4733,CUST-1842,ST-23,,02/05/2025, Active ,"$2,204.00"
ORD-4734,CUST-4451,ST-5,,2025-04-08,PENDING,10317
ORD-4735,CUST-1711,ST-17,,12/24/2025,pending,5099
ORD-4736,CUST-2618,ST-24,,2024-08-18,active,"18,054.00"
ORD-4737,CUST-3436,ST-12,CP-44,04/23/2026,active,7803
ORD-4738,CUST-1812,ST-21,,2025-06-07,ACTIVE,7793
ORD-4739,CUST-4977,ST-12,,27-02-2025,active,"1,248.00"
ORD-4740,CUST-2624,ST-1,CP-194,10/05/2024,pending,"11,225.00"
ORD-4741,CUST-4270,ST-24,,2024-02-14,PENDING,14846
ORD-4742,CUST-2665,ST-8,,2024-11-17,ACTIVE,"$18,823.00"
ORD-4743,CUST-851,ST-9,,15-12-2024,PENDING,"$16,415.00"
ORD-4744,CUST-3354,ST-24,,2025-05-04,pending,"$9,148.00"
ORD-4745,CUST-724,ST-14,CP-198,17-03-2025,active,6252
ORD-4746,CUST-945,ST-10,CP-100,2024-11-25,ACTIVE,18512
ORD-4747,CUST-4539,ST-13,CP-169,07/20/2024,active,"$16,533.00"
ORD-4748,CUST-938,ST-16,CP-153,2026-07-26,active,233
ORD-4749,CUST-3649,ST-11,,2026-05-15, Active ,14327
ORD-4750,CUST-3333,ST-7,,12-11-2026,closed,3234
ORD-4751,CUST-2021,ST-19,CP-25,2025-01-24,pending,7943
ORD-4752,CUST-1589,ST-13,,2024-06-08,ACTIVE,"$12,726.00"
ORD-4753,CUST-1535,ST-25,,2024-01-11,PENDING,1905
ORD-4754,CUST-3969,ST-4,,03-06-2025,PENDING,"$15,406.00"
ORD-4755,CUST-969,ST-8,,2025-08-16,pending,1342
ORD-4756,CUST-3662,ST-13,CP-112,2024-06-14,pending,11657
ORD-4757,CUST-4157,ST-25,CP-167,12/11/2024,PENDING,11346
ORD-4758,CUST-3168,ST-22,CP-104,03/02/2024,pending,"$4,094.00"
ORD-4759,CUST-4247,ST-5,,09/03/2024,pending,4454
ORD-4760,CUST-2945,ST-16,CP-22,07/17/2026,PENDING,"$8,115.00"
ORD-4761,CUST-4527,ST-2,,06-05-2026, Active ,2193
ORD-4762,CUST-4288,ST-10,CP-119,2025-01-23, Active ,1145
ORD-4763,CUST-3913,ST-12,CP-23,01/10/2025,pending,10736
ORD-4764,CUST-4808,ST-13,CP-77,2024-11-08, Active ,9086
ORD-4765,CUST-3662,ST-4,CP-200,2024-12-13,pending,10467
ORD-4766,CUST-3023,ST-20,,07/02/2026,ACTIVE,18000
ORD-4767,CUST-638,ST-12,,02/22/2025,active,7563
ORD-4768,CUST-2243,ST-22,,2024-06-02,CLOSED,4748
ORD-4769,CUST-3087,ST-14,CP-194,2025-01-19,active,"$8,098.00"
ORD-4770,CUST-1251,ST-14,CP-66,03/19/2025,CLOSED,"$8,985.00"
ORD-4771,CUST-4726,ST-22,,2025-09-25,active,"15,268.00"
ORD-4772,CUST-4083,ST-14,,01/06/2024,CLOSED,14546
ORD-4773,CUST-767,ST-20,,2024-02-18, Active ,"$8,951.00"
ORD-4774,CUST-81,ST-8,,08/01/2024, Active ,"$10,954.00"
ORD-4775,CUST-1337,ST-25,,2025-01-04,closed,12066
ORD-4776,CUST-3096,ST-8,,05-10-2026,CLOSED,3949
ORD-4777,CUST-152,ST-19,,2026-02-23,pending,13983
ORD-4778,CUST-1209,ST-17,,12/01/2025,CLOSED,17353
ORD-4779,CUST-2787,ST-24,,15-01-2024,pending,"$2,938.00"
ORD-4780,CUST-4434,ST-7,CP-182,12/26/2025,PENDING,333.00
ORD-4781,CUST-4551,ST-4,,2025-04-25,CLOSED,15096
ORD-4782,CUST-3329,ST-7,CP-99,2024-01-19, Active ,"$12,381.00"
ORD-4783,CUST-2384,ST-16,,03/17/2026,pending,"$19,299.00"
ORD-4784,CUST-3194,ST-5,,02-03-2026,CLOSED,"5,525.00"
ORD-4785,CUST-3674,ST-12,,08/20/2025,closed,5210
ORD-4786,CUST-2528,ST-15,,2024-07-14, Active ,19896
ORD-4787,CUST-2654,ST-20,,15-06-2025,CLOSED,"$16,608.00"
ORD-4788,CUST-4604,ST-2,,2024-01-08,pending,"$15,929.00"
ORD-4789,CUST-1660,ST-16,,01/11/2025,CLOSED,15164
ORD-4790,CUST-3002,ST-9,,05-07-2024,CLOSED,"17,574.00"
ORD-4791,CUST-850,ST-3,,12/18/2026,CLOSED,18370
ORD-4792,CUST-1748,ST-18,CP-182,2026-12-20,active,11112
ORD-4793,CUST-1543,ST-23,,2024-08-21,PENDING,"$18,598.00"
ORD-4794,CUST-1040,ST-13,CP-137,2024-12-13,pending,"$1,741.00"
ORD-4795,CUST-3290,ST-5,,2024-09-21,ACTIVE,2628
ORD-4796,CUST-2446,ST-12,CP-115,2025-08-02, Active ,12360
ORD-4797,CUST-4597,ST-19,,07/08/2025,ACTIVE,6207
ORD-4798,CUST-2371,ST-17,CP-178,2026-05-04, Active ,1136
ORD-4799,CUST-4064,ST-2,,2026-03-02,ACTIVE,5656
ORD-4800,CUST-2180,ST-4,,23-01-2026,PENDING,2449
ORD-4801,CUST-3565,ST-20,,2026-09-11, Active ,17846
ORD-4802,CUST-3851,ST-11,,03/17/2025,pending,11072
ORD-4803,CUST-2800,ST-17,,05/26/2024,CLOSED,"6,869.00"
ORD-4804,CUST-2704,ST-22,,16-03-2026,CLOSED,"$18,080.00"
ORD-4805,CUST-1769,ST-6,CP-135,07-11-2026, Active ,"12,495.00"
ORD-4806,CUST-431,ST-14,,10/25/2024,active,"$2,090.00"
ORD-4807,CUST-3553,ST-8,,06/04/2026,pending,15494
ORD-4808,CUST-1711,ST-15,,2025-06-09,ACTIVE,3629
ORD-4809,CUST-4889,ST-8,,09/04/2026, Active ,10822
ORD-4810,CUST-1023,ST-25,CP-175,01/19/2024,pending,"$10,180.00"
ORD-4811,CUST-3914,ST-25,CP-49,2025-01-14,ACTIVE,"$3,615.00"
ORD-4812,CUST-205,ST-14,,2024-12-15,closed,18271
ORD-4813,CUST-1564,ST-8,,2024-03-03,active,"8,241.00"
ORD-4814,CUST-3142,ST-6,,14-03-2025, Active ,1996
ORD-4815,CUST-3457,ST-15,CP-40,2025-10-08,pending,"$19,330.00"
ORD-4816,CUST-661,ST-10,,23-03-2026,active,3490
ORD-4817,CUST-1235,ST-4,,2025-04-03,PENDING,8295
ORD-4818,CUST-636,ST-5,,07/27/2026, Active ,"18,400.00"
ORD-4819,CUST-3788,ST-14,,2025-02-06,closed,8159
ORD-4820,CUST-1766,ST-19,CP-105,14-06-2025,active,8067
ORD-4821,CUST-2844,ST-3,,2024-11-06,pending,"16,324.00"
ORD-4822,CUST-4007,ST-20,,2024-09-21,closed,"12,305.00"
ORD-4823,CUST-3126,ST-9,,12/11/2025,ACTIVE,10285
ORD-4824,CUST-2939,ST-13,,13-05-2026,closed,19559
ORD-4825,CUST-3263,ST-10,CP-129,2024-07-06,CLOSED,6084
ORD-4826,CUST-555,ST-1,CP-68,07/04/2026,active,4580
ORD-4827,CUST-3950,ST-12,,07-05-2026, Active ,14573
ORD-4828,CUST-3300,ST-3,,08-10-2024,PENDING,11227
ORD-4829,CUST-3459,ST-23,CP-59,08/15/2026,closed,"$19,251.00"
ORD-4830,CUST-1326,ST-10,,03/21/2024, Active ,"$14,559.00"
ORD-4831,CUST-2972,ST-10,,28-04-2026, Active ,19651
ORD-4832,CUST-1218,ST-23,CP-97,14-10-2026,ACTIVE,"$2,242.00"
ORD-4833,CUST-1526,ST-8,CP-20,05/02/2025,PENDING,"$9,976.00"
ORD-4834,CUST-2957,ST-24,,04/18/2024,ACTIVE,5935
ORD-4835,CUST-3298,ST-7,CP-50,2024-09-26,ACTIVE,5488
ORD-4836,CUST-3458,ST-18,,2024-12-28,CLOSED,"18,131.00"
ORD-4837,CUST-392,ST-17,CP-3,2024-06-22,CLOSED,2077
ORD-4838,CUST-1956,ST-23,,2025-08-23,pending,644
ORD-4839,CUST-4058,ST-16,,2026-12-01,CLOSED,5613
ORD-4840,CUST-3450,ST-20,CP-137,11/02/2024,PENDING,"$7,116.00"
ORD-4841,CUST-592,ST-22,,07/04/2024,PENDING,"$4,755.00"
ORD-4842,CUST-2956,ST-25,CP-156,2025-10-19,pending,"$11,751.00"
ORD-4843,CUST-699,ST-25,CP-108,2025-06-16,pending,"11,071.00"
ORD-4844,CUST-536,ST-1,,08/02/2026,CLOSED,2378
ORD-4845,CUST-2512,ST-15,,03/22/2026,PENDING,"$6,039.00"
ORD-4846,CUST-3535,ST-6,CP-83,02-09-2026,ACTIVE,17005
ORD-4847,CUST-2036,ST-9,CP-191,2025-08-17, Active ,11875
ORD-4848,CUST-3186,ST-25,,07/13/2026,closed,19474
ORD-4849,CUST-2285,ST-4,,2024-09-14,pending,1815
ORD-4850,CUST-2529,ST-25,,2025-12-09,active,4371
ORD-4851,CUST-2519,ST-16,,01/02/2025,pending,"$5,241.00"
ORD-4852,CUST-1239,ST-13,CP-133,2025-01-09,ACTIVE,"$17,349.00"
ORD-4853,CUST-1881,ST-25,,2025-11-19,closed,11998
ORD-4854,CUST-2004,ST-24,,05/04/2026,closed,"10,802.00"
ORD-4855,CUST-4266,ST-3,CP-79,2025-12-16,PENDING,"$8,300.00"
ORD-4856,CUST-456,ST-23,,2024-08-06,active,"$17,787.00"
ORD-4857,CUST-450,ST-4,,2025-06-23,pending,"3,408.00"
ORD-4858,CUST-2780,ST-19,,2025-07-14,ACTIVE,7788
ORD-4859,CUST-3805,ST-9,,2025-10-03,ACTIVE,5359
ORD-4860,CUST-1562,ST-13,,19-11-2025,ACTIVE,7209
ORD-4861,CUST-4934,ST-15,CP-74,2024-01-02,active,"$2,925.00"
ORD-4862,CUST-3852,ST-25,,21-11-2024,CLOSED,"$9,899.00"
ORD-4863,CUST-3019,ST-2,,04/04/2024,ACTIVE,5214
ORD-4864,CUST-3317,ST-21,CP-69,07/14/2026,active,847
ORD-4865,CUST-3656,ST-25,,02-11-2024,ACTIVE,15882
ORD-4866,CUST-3671,ST-12,CP-107,2026-02-12,active,2546
ORD-4867,CUST-825,ST-12,CP-6,06-04-2026,CLOSED,"$8,877.00"
ORD-4868,CUST-2179,ST-4,CP-102,11/11/2026,PENDING,$709.00
ORD-4869,CUST-40,ST-23,,2026-02-18,ACTIVE,15149
ORD-4870,CUST-2844,ST-22,,11/01/2024,PENDING,"4,417.00"
ORD-4871,CUST-4103,ST-25,,20-08-2025,CLOSED,"$2,315.00"
ORD-4872,CUST-3882,ST-5,,2026-12-24,active,8355
ORD-4873,CUST-3080,ST-2,CP-174,2025-09-04,CLOSED,"4,544.00"
ORD-4874,CUST-1912,ST-20,CP-30,03-12-2026, Active ,9606
ORD-4875,CUST-1368,ST-4,,2024-04-11,pending,4935
ORD-4876,CUST-3384,ST-9,,03/02/2026,pending,"$1,215.00"
ORD-4877,CUST-1616,ST-5,CP-119,2024-09-24,ACTIVE,11656
ORD-4878,CUST-3657,ST-16,,03-02-2026,PENDING,8413
ORD-4879,CUST-3919,ST-11,CP-119,2026-05-24,PENDING,503
ORD-4880,CUST-1120,ST-20,,2024-09-05,ACTIVE,19417
ORD-4881,CUST-4450,ST-18,,2024-11-19,CLOSED,11633
ORD-4882,CUST-1512,ST-15,,06/16/2026,ACTIVE,"3,835.00"
ORD-4883,CUST-2991,ST-21,,2026-04-04,closed,18067
ORD-4884,CUST-1422,ST-17,,2025-01-05,pending,17282
ORD-4885,CUST-2527,ST-21,,2026-02-01,pending,15522
ORD-4886,CUST-1935,ST-2,,04/04/2024,ACTIVE,10291
ORD-4887,CUST-1035,ST-24,,10/19/2026,CLOSED,"$12,116.00"
ORD-4888,CUST-1866,ST-4,,05/21/2024, Active ,"$17,181.00"
ORD-4889,CUST-2583,ST-12,,2025-12-09,ACTIVE,"$3,714.00"
ORD-4890,CUST-3593,ST-5,,08/20/2025,active,7919
ORD-4891,CUST-1383,ST-25,CP-126,2025-08-18,CLOSED,5843
ORD-4892,CUST-1549,ST-10,,2024-09-02,active,"$10,012.00"
ORD-4893,CUST-2221,ST-18,,03/22/2025,active,8535
ORD-4894,CUST-2371,ST-8,,09/18/2026,ACTIVE,6124
ORD-4895,CUST-3978,ST-13,CP-162,12/15/2025,ACTIVE,"$15,421.00"
ORD-4896,CUST-1383,ST-24,,10/08/2024, Active ,"$6,977.00"
ORD-4897,CUST-3183,ST-17,,2024-04-03,closed,8783
ORD-4898,CUST-1384,ST-15,CP-117,20-08-2025, Active ,"6,415.00"
ORD-4899,CUST-4415,ST-1,CP-156,2024-02-12,PENDING,7222
ORD-4900,CUST-153,ST-21,,10/18/2025,ACTIVE,"$16,955.00"
ORD-4901,CUST-4197,ST-13,CP-54,01/03/2025,CLOSED,"12,015.00"
ORD-4902,CUST-3679,ST-22,CP-92,2026-04-17,active,12280
ORD-4903,CUST-1559,ST-21,CP-154,2025-06-11,active,579
ORD-4904,CUST-2008,ST-3,,06/25/2026,ACTIVE,2703
ORD-4905,CUST-4208,ST-20,,2024-04-13,active,1260
ORD-4906,CUST-2404,ST-23,CP-42,2026-11-27,PENDING,"10,256.00"
ORD-4907,CUST-289,ST-10,,04-06-2026,PENDING,16835
ORD-4908,CUST-1998,ST-17,CP-169,2026-12-25,PENDING,15305
ORD-4909,CUST-760,ST-1,,13-10-2025,ACTIVE,3547
ORD-4910,CUST-2340,ST-25,,2026-01-08,PENDING,6458
ORD-4911,CUST-1566,ST-3,,2025-07-18,CLOSED,"14,921.00"
ORD-4912,CUST-3414,ST-14,,2025-06-08,PENDING,15319
ORD-4913,CUST-573,ST-6,,2026-08-02,pending,"9,347.00"
ORD-4914,CUST-2516,ST-8,,2026-06-24,active,4514
ORD-4915,CUST-1869,ST-11,CP-26,2026-12-18,ACTIVE,"17,674.00"
ORD-4916,CUST-4210,ST-11,,2024-05-11,active,3348
ORD-4917,CUST-2242,ST-1,,2026-11-17,ACTIVE,"5,263.00"
ORD-4918,CUST-4288,ST-22,,2026-04-13,closed,"15,153.00"
ORD-4919,CUST-88,ST-9,,16-04-2026, Active ,"$7,110.00"
ORD-4920,CUST-4823,ST-2,,18-02-2026,ACTIVE,"$5,255.00"
ORD-4921,CUST-927,ST-21,,2025-01-05,closed,"$1,943.00"
ORD-4922,CUST-4295,ST-24,CP-191,08/18/2025,PENDING,11165
ORD-4923,CUST-3405,ST-18,,08/03/2024,pending,"$17,710.00"
ORD-4924,CUST-1709,ST-24,,03/01/2024,PENDING,3841
ORD-4925,CUST-2500,ST-17,CP-168,2026-06-10,ACTIVE,12600
ORD-4926,CUST-2852,ST-21,,12/07/2024,ACTIVE,17761
ORD-4927,CUST-4894,ST-18,,22-01-2025,ACTIVE,2402
ORD-4928,CUST-57,ST-9,,2024-01-15,pending,"$17,372.00"
ORD-4929,CUST-3902,ST-2,,09/24/2026,active,9904
ORD-4930,CUST-3552,ST-11,CP-4,03/27/2024, Active ,5310
ORD-4931,CUST-1604,ST-20,,09/28/2024,closed,376.00
ORD-4932,CUST-1588,ST-24,,2024-10-28,CLOSED,"16,703.00"
ORD-4933,CUST-113,ST-2,,2024-09-04,PENDING,"2,389.00"
ORD-4934,CUST-2485,ST-17,,2025-09-23,closed,"$7,844.00"
ORD-4935,CUST-415,ST-8,,12/02/2026,CLOSED,10258
ORD-4936,CUST-3900,ST-1,,04/01/2024,PENDING,"8,833.00"
ORD-4937,CUST-4751,ST-3,CP-109,2025-06-28,ACTIVE,18404
ORD-4938,CUST-2746,ST-18,,2026-03-12,closed,14500
ORD-4939,CUST-4584,ST-14,,2026-11-12, Active ,18423
ORD-4940,CUST-634,ST-19,,2026-01-03,PENDING,18082
ORD-4941,CUST-2622,ST-17,,2025-02-01,PENDING,"12,109.00"
ORD-4942,CUST-1625,ST-16,,2024-12-19,closed,"$2,143.00"
ORD-4943,CUST-1206,ST-9,,04-09-2024,pending,"5,335.00"
ORD-4944,CUST-2230,ST-1,,2026-06-18,pending,"$18,280.00"
ORD-4945,CUST-404,ST-1,,2024-02-27,CLOSED,"$4,132.00"
ORD-4946,CUST-2624,ST-10,,23-03-2024, Active ,"10,158.00"
ORD-4947,CUST-4876,ST-10,,2024-02-28,CLOSED,"$6,420.00"
ORD-4948,CUST-2101,ST-4,CP-13,2024-02-22,closed,1339
ORD-4949,CUST-4291,ST-6,,2024-01-25,CLOSED,17567
ORD-4950,CUST-2266,ST-4,CP-123,2026-01-06,active,11812
ORD-4951,CUST-166,ST-14,,09/28/2026,CLOSED,"$12,201.00"
ORD-4952,CUST-3666,ST-21,,2025-10-13, Active ,19332
ORD-4953,CUST-2661,ST-18,,2026-02-25,closed,"4,753.00"
ORD-4954,CUST-2417,ST-19,CP-124,14-12-2024, Active ,"17,591.00"
ORD-4955,CUST-4162,ST-20,,2025-02-27,pending,11242
ORD-4956,CUST-1566,ST-15,,2024-08-10,CLOSED,"$3,059.00"
ORD-4957,CUST-2848,ST-9,,11-03-2025,closed,9817
ORD-4958,CUST-3167,ST-7,,2024-10-02,active,19251
ORD-4959,CUST-4122,ST-8,,2024-11-21, Active ,"$15,774.00"
ORD-4960,CUST-4148,ST-6,CP-88,2024-04-17,closed,"$4,660.00"
ORD-4961,CUST-1371,ST-25,,2026-12-28, Active ,"$19,022.00"
ORD-4962,CUST-4540,ST-15,,2026-04-20,CLOSED,2277
ORD-4963,CUST-2443,ST-22,,2025-04-05,ACTIVE,7753
ORD-4964,CUST-4301,ST-15,CP-125,01-09-2024, Active ,6812
ORD-4965,CUST-3773,ST-6,,2024-02-17,PENDING,"$14,594.00"
ORD-4966,CUST-4033,ST-13,CP-34,09-10-2026,ACTIVE,"$15,504.00"
ORD-4967,CUST-4458,ST-14,CP-152,2025-12-05, Active ,"$8,622.00"
ORD-4968,CUST-279,ST-21,CP-128,2024-04-04,CLOSED,"$3,055.00"
ORD-4969,CUST-4905,ST-9,CP-80,05-03-2026,CLOSED,14774
ORD-4970,CUST-42,ST-14,,05/27/2025,pending,17747
ORD-4971,CUST-2487,ST-8,CP-32,2024-11-28,active,10525
ORD-4972,CUST-4714,ST-16,,05/12/2024,active,"10,594.00"
ORD-4973,CUST-1324,ST-21,CP-96,07-12-2025,pending,16348
ORD-4974,CUST-2024,ST-22,,06/23/2025,closed,"$4,768.00"
ORD-4975,CUST-1554,ST-16,,01-03-2026,pending,9330
ORD-4976,CUST-4562,ST-13,,04/26/2024,pending,4257
ORD-4977,CUST-3399,ST-20,,2026-04-15,active,6992
ORD-4978,CUST-1313,ST-2,CP-180,2025-04-13,closed,108
ORD-4979,CUST-4723,ST-14,,02/15/2026,CLOSED,"$16,511.00"
ORD-4980,CUST-1809,ST-21,,2024-02-01,PENDING,"4,483.00"
ORD-4981,CUST-4080,ST-14,CP-38,11-03-2024,active,"$7,083.00"
ORD-4982,CUST-358,ST-5,,2026-11-20,PENDING,7354
ORD-4983,CUST-4042,ST-19,,2024-07-27,CLOSED,"$6,467.00"
ORD-4984,CUST-4827,ST-20,,06/22/2024,ACTIVE,"$17,820.00"
ORD-4985,CUST-3313,ST-9,,06/18/2026,active,5392
ORD-4986,CUST-2270,ST-4,CP-148,2024-04-11,closed,"$19,001.00"
ORD-4987,CUST-5000,ST-9,,2026-01-10,ACTIVE,"15,085.00"
ORD-4988,CUST-2242,ST-3,,09/14/2026,active,18880
ORD-4989,CUST-203,ST-8,,2025-04-01,PENDING,"9,083.00"
ORD-4990,CUST-268,ST-5,CP-58,18-08-2026,ACTIVE,"$11,830.00"
ORD-4991,CUST-4623,ST-20,CP-53,2024-03-22, Active ,299
ORD-4992,CUST-2587,ST-8,,2026-11-11,PENDING,"$19,122.00"
ORD-4993,CUST-3679,ST-19,,02/13/2026,CLOSED,16980
ORD-4994,CUST-4395,ST-22,CP-104,2025-10-23, Active ,"$13,957.00"
ORD-4995,CUST-833,ST-7,CP-84,02/28/2024,ACTIVE,"5,222.00"
ORD-4996,CUST-2825,ST-20,,2025-01-25,PENDING,"15,260.00"
ORD-4997,CUST-1505,ST-23,,27-04-2026,CLOSED,"$11,437.00"
ORD-4998,CUST-2745,ST-2,,04/19/2024,pending,9504
ORD-4999,CUST-2164,ST-20,,2026-11-17,PENDING,5973
ORD-5000,CUST-3817,ST-3,,10/22/2024, Active ,"10,615.00"
ORD-5001,CUST-4035,ST-23,CP-40,2025-02-19,closed,9984
ORD-5002,CUST-2842,ST-7,,07-01-2026,ACTIVE,"$9,577.00"
ORD-5003,CUST-1004,ST-22,CP-88,04/26/2024,closed,6662
ORD-5004,CUST-1566,ST-5,,2024-09-14,pending,"17,287.00"
ORD-5005,CUST-1778,ST-25,,02/04/2025,ACTIVE,4444
ORD-5006,CUST-516,ST-25,,04/08/2025,ACTIVE,17868
ORD-5007,CUST-3396,ST-4,,11-11-2026,CLOSED,133
ORD-5008,CUST-249,ST-23,CP-78,2025-03-26,active,1264
ORD-5009,CUST-2351,ST-16,CP-122,09-11-2025,CLOSED,9653
ORD-5010,CUST-1294,ST-12,,08/06/2025, Active ,2696
ORD-5011,CUST-3938,ST-3,CP-100,2024-10-07, Active ,"9,885.00"
ORD-5012,CUST-4006,ST-5,,2024-02-21,closed,5764
ORD-5013,CUST-327,ST-4,,2024-04-26,pending,416
ORD-5014,CUST-4205,ST-9,,2025-03-03, Active ,2537
ORD-5015,CUST-3353,ST-25,,02/25/2024,PENDING,200.00
ORD-5016,CUST-2089,ST-14,,2025-02-19,pending,7807
ORD-5017,CUST-593,ST-22,CP-145,2025-11-11,closed,"$2,137.00"
ORD-5018,CUST-4476,ST-10,CP-163,2026-12-16,active,"$16,481.00"
ORD-5019,CUST-953,ST-4,CP-141,2025-11-11,active,"18,886.00"
ORD-5020,CUST-881,ST-19,,03/19/2024,PENDING,"$12,728.00"
ORD-5021,CUST-2751,ST-22,,18-03-2026,ACTIVE,1597
ORD-5022,CUST-3535,ST-17,,2024-02-03,ACTIVE,"$10,160.00"
ORD-5023,CUST-2417,ST-15,,2026-01-25,ACTIVE,1706
ORD-5024,CUST-3414,ST-17,,2025-03-12, Active ,12500
ORD-5025,CUST-4304,ST-22,,2024-04-14,closed,"$4,804.00"
ORD-5026,CUST-278,ST-25,CP-92,2024-08-16,pending,"6,438.00"
ORD-5027,CUST-3147,ST-3,,02-11-2026, Active ,15489
ORD-5028,CUST-729,ST-1,,06/08/2026,active,"$10,507.00"
ORD-5029,CUST-2598,ST-8,CP-46,2026-10-17,pending,3039
ORD-5030,CUST-1370,ST-17,,07/03/2025,pending,"$11,938.00"
ORD-5031,CUST-3998,ST-4,,2025-09-03, Active ,$619.00
ORD-5032,CUST-2381,ST-6,,2025-02-26, Active ,2115
ORD-5033,CUST-3816,ST-18,CP-52,2024-06-17,pending,"1,416.00"
ORD-5034,CUST-2594,ST-21,,2025-10-02,active,"16,486.00"
ORD-5035,CUST-3548,ST-9,,2026-11-04,CLOSED,5150
ORD-5036,CUST-3462,ST-23,CP-184,02/09/2024,pending,13482
ORD-5037,CUST-3889,ST-12,,05/27/2024,PENDING,"$13,321.00"
ORD-5038,CUST-2457,ST-8,,12/26/2025,active,8718
ORD-5039,CUST-3784,ST-10,,17-08-2026,closed,1856
ORD-5040,CUST-2181,ST-5,,2025-12-04,pending,"1,530.00"
ORD-5041,CUST-277,ST-14,,10/03/2026, Active ,3021
ORD-5042,CUST-1252,ST-23,,2024-07-08,closed,17805
ORD-5043,CUST-3782,ST-2,,2024-02-20,CLOSED,9792
ORD-5044,CUST-305,ST-20,,2026-01-10,CLOSED,18016
ORD-5045,CUST-3080,ST-8,,2024-05-13,PENDING,"8,279.00"
ORD-5046,CUST-1390,ST-24,,2024-02-15,active,"8,165.00"
ORD-5047,CUST-1679,ST-13,,11-06-2024,closed,18957
ORD-5048,CUST-3019,ST-25,,2024-03-15,ACTIVE,"$15,675.00"
ORD-5049,CUST-958,ST-15,CP-5,07/20/2026,ACTIVE,"$5,743.00"
ORD-5050,CUST-2971,ST-6,,2026-12-20,ACTIVE,"$13,685.00"
ORD-5051,CUST-2828,ST-24,,2026-11-17,closed,"5,750.00"
ORD-5052,CUST-4127,ST-9,,05/12/2026,ACTIVE,"$14,167.00"
ORD-5053,CUST-2202,ST-1,,2025-08-23,CLOSED,2137
ORD-5054,CUST-2206,ST-7,CP-80,06/01/2024,ACTIVE,"$11,134.00"
ORD-5055,CUST-1153,ST-5,CP-6,08/01/2024,closed,11033
ORD-5056,CUST-4848,ST-6,,2025-02-08,closed,3300
ORD-5057,CUST-2957,ST-12,,2024-06-16,ACTIVE,"$12,167.00"
ORD-5058,CUST-4401,ST-4,,12/19/2024,closed,"$7,008.00"
ORD-5059,CUST-2671,ST-12,CP-155,11/06/2024,active,"2,709.00"
ORD-5060,CUST-3139,ST-2,,2026-01-22,PENDING,"19,132.00"
ORD-5061,CUST-3588,ST-17,CP-45,12/17/2024,PENDING,"8,032.00"
ORD-5062,CUST-1030,ST-13,,18-12-2026,PENDING,8472
ORD-5063,CUST-1651,ST-4,,13-03-2026,ACTIVE,"12,054.00"
ORD-5064,CUST-3271,ST-23,CP-110,09/19/2025,active,16918
ORD-5065,CUST-1962,ST-23,,2024-12-19,closed,"$11,198.00"
ORD-5066,CUST-2091,ST-17,,2025-06-14,pending,2552
ORD-5067,CUST-3636,ST-3,,2025-02-18,PENDING,3263
ORD-5068,CUST-2884,ST-2,,2024-07-25,ACTIVE,15413
ORD-5069,CUST-772,ST-14,,10/26/2026,CLOSED,"$2,783.00"
ORD-5070,CUST-2441,ST-5,,2024-07-19,ACTIVE,"13,082.00"
ORD-5071,CUST-3993,ST-6,,11/06/2024,PENDING,8781
ORD-5072,CUST-4411,ST-6,,2026-08-05, Active ,8157
ORD-5073,CUST-885,ST-10,CP-193,13-04-2025,pending,13022
ORD-5074,CUST-1039,ST-16,,2025-05-06,pending,"$8,864.00"
ORD-5075,CUST-1798,ST-1,CP-86,22-11-2024,ACTIVE,9141
ORD-5076,CUST-1898,ST-11,,12/22/2024,active,"5,503.00"
ORD-5077,CUST-1028,ST-3,CP-110,21-10-2026,active,"14,933.00"
ORD-5078,CUST-4655,ST-18,CP-40,2025-04-10, Active ,4546
ORD-5079,CUST-4756,ST-9,,2024-08-07, Active ,"5,173.00"
ORD-5080,CUST-2692,ST-14,,27-01-2024,PENDING,9213
ORD-5081,CUST-1553,ST-15,,02/28/2024,closed,"$14,948.00"
ORD-5082,CUST-576,ST-1,CP-51,2025-05-03,closed,16428
ORD-5083,CUST-2033,ST-2,,2026-08-18,PENDING,"2,885.00"
ORD-5084,CUST-3970,ST-16,,10/14/2026,CLOSED,4004
ORD-5085,CUST-3463,ST-9,,2024-06-01,closed,899
ORD-5086,CUST-1895,ST-8,,2026-04-21,pending,"$18,140.00"
ORD-5087,CUST-2126,ST-2,CP-132,2025-04-11,pending,"$18,728.00"
ORD-5088,CUST-3962,ST-19,CP-182,11/05/2025,active,"$9,975.00"
ORD-5089,CUST-2372,ST-10,CP-135,2026-07-08, Active ,"13,521.00"
ORD-5090,CUST-2267,ST-3,,04/24/2026,closed,5565
ORD-5091,CUST-1708,ST-1,,04/02/2025,pending,"8,825.00"
ORD-5092,CUST-2764,ST-14,CP-126,21-05-2025,PENDING,12829
ORD-5093,CUST-1411,ST-1,CP-4,2026-02-04,pending,11080
ORD-5094,CUST-3036,ST-10,,03/09/2026,CLOSED,2974
ORD-5095,CUST-1966,ST-17,,09-02-2025,active,"$16,498.00"
ORD-5096,CUST-1061,ST-6,,2025-11-22,PENDING,18430
ORD-5097,CUST-4296,ST-23,CP-123,2026-06-26,ACTIVE,"$8,480.00"
ORD-5098,CUST-2081,ST-22,,04/16/2026,pending,19477
ORD-5099,CUST-270,ST-13,,2024-03-06,closed,"$10,502.00"
ORD-5100,CUST-241,ST-2,CP-99,2025-10-08,CLOSED,"$7,844.00"
ORD-5101,CUST-1039,ST-23,,09/02/2025,active,19876
ORD-5102,CUST-2040,ST-13,,2025-05-12,CLOSED,"$10,261.00"
ORD-5103,CUST-3368,ST-18,,04/15/2025, Active ,"17,638.00"
ORD-5104,CUST-267,ST-10,,2025-12-11,closed,275
ORD-5105,CUST-986,ST-19,CP-1,28-05-2026,pending,"17,817.00"
ORD-5106,CUST-4495,ST-23,,2024-05-20,PENDING,"$6,072.00"
ORD-5107,CUST-3942,ST-7,,2026-10-28, Active ,"$16,239.00"
ORD-5108,CUST-1604,ST-16,,04/21/2024,PENDING,16561
ORD-5109,CUST-3449,ST-25,,2024-11-22,PENDING,16206
ORD-5110,CUST-153,ST-6,,2025-03-20,pending,19011
ORD-5111,CUST-503,ST-10,CP-139,02/20/2024,PENDING,"$3,965.00"
ORD-5112,CUST-4810,ST-6,,02-08-2025, Active ,"9,870.00"
ORD-5113,CUST-2048,ST-11,,06/17/2025,PENDING,18640
ORD-5114,CUST-3509,ST-17,,06/12/2026,PENDING,"$5,089.00"
ORD-5115,CUST-4177,ST-19,CP-70,2024-06-12,CLOSED,4155
ORD-5116,CUST-4895,ST-18,,05/05/2026,closed,"11,085.00"
ORD-5117,CUST-4772,ST-24,,2024-03-07,ACTIVE,"$18,950.00"
ORD-5118,CUST-3780,ST-8,CP-85,09-05-2024,active,13946
ORD-5119,CUST-2091,ST-10,,04/03/2025,ACTIVE,"$5,546.00"
ORD-5120,CUST-465,ST-3,,11/22/2024,CLOSED,8603
ORD-5121,CUST-4742,ST-13,CP-4,10/21/2026, Active ,"$4,871.00"
ORD-5122,CUST-4106,ST-17,CP-140,05/04/2025,closed,17433
ORD-5123,CUST-3587,ST-8,,2024-12-15,pending,"18,465.00"
ORD-5124,CUST-2748,ST-17,,04/11/2024,pending,"7,226.00"
ORD-5125,CUST-1251,ST-19,,02/25/2024,ACTIVE,5622
ORD-5126,CUST-4316,ST-8,,2026-06-07, Active ,19123
ORD-5127,CUST-1097,ST-22,,17-09-2026,CLOSED,16609
ORD-5128,CUST-4579,ST-2,,2025-09-26,active,"$16,318.00"
ORD-5129,CUST-4089,ST-17,,08-04-2026,ACTIVE,"$16,143.00"
ORD-5130,CUST-3002,ST-12,,01/07/2026,PENDING,"$6,512.00"
ORD-5131,CUST-2435,ST-8,,2025-03-28,CLOSED,10973
ORD-5132,CUST-4433,ST-16,,04/12/2024,ACTIVE,10048
ORD-5133,CUST-2244,ST-22,,05/11/2026,pending,3518
ORD-5134,CUST-1099,ST-25,,12/04/2026,closed,"$12,973.00"
ORD-5135,CUST-4337,ST-4,,19-04-2026,CLOSED,18410
ORD-5136,CUST-4372,ST-10,,04-11-2024,active,"$8,681.00"
ORD-5137,CUST-513,ST-16,,28-04-2026,closed,"11,289.00"
ORD-5138,CUST-3883,ST-4,CP-158,2026-08-15,CLOSED,"$12,155.00"
ORD-5139,CUST-1889,ST-13,CP-64,03/07/2026,ACTIVE,"$17,030.00"
ORD-5140,CUST-1644,ST-4,,27-09-2025,closed,"$14,295.00"
ORD-5141,CUST-3988,ST-3,,03/08/2026,active,"8,753.00"
ORD-5142,CUST-2170,ST-9,,2026-11-10,PENDING,10761
ORD-5143,CUST-2839,ST-5,,2024-08-12,closed,19163
ORD-5144,CUST-491,ST-20,,2024-04-08,ACTIVE,"3,977.00"
ORD-5145,CUST-4617,ST-22,,09/10/2026,ACTIVE,"2,473.00"
ORD-5146,CUST-159,ST-6,,12/12/2025,active,4394
ORD-5147,CUST-3313,ST-15,,10/21/2025,active,642
ORD-5148,CUST-3127,ST-5,CP-186,06/11/2024,closed,"$7,419.00"
ORD-5149,CUST-671,ST-3,,2024-12-28,ACTIVE,"11,230.00"
ORD-5150,CUST-649,ST-5,CP-192,2026-06-12,ACTIVE,"19,761.00"
ORD-5151,CUST-2315,ST-13,,12-08-2025,pending,"7,402.00"
ORD-5152,CUST-573,ST-5,,2025-09-05,PENDING,16082
ORD-5153,CUST-3875,ST-11,,04/19/2026,CLOSED,"$14,892.00"
ORD-5154,CUST-287,ST-17,,12/02/2026,active,"11,445.00"
ORD-5155,CUST-4362,ST-15,,09-03-2024,pending,6114
ORD-5156,CUST-4169,ST-6,CP-2,14-02-2024,pending,19444
ORD-5157,CUST-2394,ST-10,CP-107,07/20/2026,ACTIVE,7276
ORD-5158,CUST-2152,ST-25,CP-18,14-03-2025, Active ,9842
ORD-5159,CUST-4846,ST-21,CP-124,2026-04-27,CLOSED,"$4,142.00"
ORD-5160,CUST-1359,ST-8,,2024-02-22,CLOSED,11717
ORD-5161,CUST-4875,ST-8,,03/24/2025, Active ,"$3,672.00"
ORD-5162,CUST-4272,ST-25,,08/02/2026,closed,3947
ORD-5163,CUST-2682,ST-18,,11-11-2024,CLOSED,16643
ORD-5164,CUST-3075,ST-23,,06/19/2025,PENDING,16820
ORD-5165,CUST-1895,ST-6,,14-10-2026, Active ,$446.00
ORD-5166,CUST-2621,ST-24,,19-02-2025,ACTIVE,"$12,711.00"
ORD-5167,CUST-3335,ST-7,CP-69,2026-06-01,ACTIVE,"$17,084.00"
ORD-5168,CUST-4896,ST-23,,2024-09-23,CLOSED,"8,413.00"
ORD-5169,CUST-719,ST-16,,2024-07-09,ACTIVE,"1,687.00"
ORD-5170,CUST-1206,ST-21,,2026-11-22,CLOSED,"6,876.00"
ORD-5171,CUST-498,ST-2,,09/03/2025,closed,"13,427.00"
ORD-5172,CUST-348,ST-23,,2024-05-15, Active ,"$12,006.00"
ORD-5173,CUST-730,ST-9,CP-124,07-09-2026, Active ,"$8,476.00"
ORD-5174,CUST-4376,ST-20,CP-50,2024-01-10,ACTIVE,"19,298.00"
ORD-5175,CUST-1924,ST-2,,2025-03-12,ACTIVE,8623
ORD-5176,CUST-3559,ST-5,,2024-01-28, Active ,5288
ORD-5177,CUST-215,ST-16,CP-142,2026-04-15,pending,"$18,444.00"
ORD-5178,CUST-619,ST-3,,2024-06-13,active,"$5,286.00"
ORD-5179,CUST-794,ST-15,CP-65,2024-07-17,pending,14656
ORD-5180,CUST-1459,ST-15,CP-168,2024-05-01, Active ,"$18,818.00"
ORD-5181,CUST-830,ST-18,,23-09-2024,CLOSED,"8,304.00"
ORD-5182,CUST-242,ST-6,,06/22/2025,pending,1719
ORD-5183,CUST-1876,ST-25,,11-11-2026,pending,"1,169.00"
ORD-5184,CUST-2374,ST-5,,2024-12-13,PENDING,7197
ORD-5185,CUST-37,ST-17,CP-50,05/08/2024,pending,$228.00
ORD-5186,CUST-2089,ST-25,,28-02-2024,ACTIVE,11318
ORD-5187,CUST-1107,ST-12,,2025-04-11, Active ,6276
ORD-5188,CUST-2442,ST-5,,2025-11-28, Active ,10608
ORD-5189,CUST-4009,ST-3,,22-03-2024, Active ,8740
ORD-5190,CUST-4354,ST-13,,2025-04-14,pending,"$13,797.00"
ORD-5191,CUST-3521,ST-7,,2024-03-28,pending,"8,413.00"
ORD-5192,CUST-2343,ST-4,,2025-01-03,ACTIVE,"$10,579.00"
ORD-5193,CUST-2988,ST-20,,2024-10-09, Active ,1557
ORD-5194,CUST-3693,ST-21,,05/20/2025,CLOSED,15826
ORD-5195,CUST-3358,ST-17,CP-193,2025-12-01,closed,"$8,651.00"
ORD-5196,CUST-458,ST-2,CP-178,2025-11-17,pending,12054
ORD-5197,CUST-157,ST-17,,2024-08-12,PENDING,14481
ORD-5198,CUST-15,ST-8,CP-127,2026-06-02,pending,12631
ORD-5199,CUST-639,ST-14,CP-178,11/15/2026,ACTIVE,6897
ORD-5200,CUST-2380,ST-4,,2026-04-10,active,"$16,915.00"
ORD-5201,CUST-3910,ST-20,,2026-12-03,CLOSED,"18,000.00"
ORD-5202,CUST-951,ST-12,CP-9,2024-04-07,PENDING,"$11,537.00"
ORD-5203,CUST-2008,ST-9,,2026-07-20,active,503
ORD-5204,CUST-1721,ST-6,,2024-11-26,pending,15449
ORD-5205,CUST-2245,ST-2,,07/13/2024,PENDING,"9,207.00"
ORD-5206,CUST-1278,ST-9,,02-02-2025,ACTIVE,"9,333.00"
ORD-5207,CUST-2931,ST-1,,28-04-2025, Active ,5934
ORD-5208,CUST-823,ST-25,CP-109,20-08-2024,ACTIVE,8880
ORD-5209,CUST-2026,ST-3,CP-121,09/07/2026, Active ,"$18,356.00"
ORD-5210,CUST-1374,ST-2,,2025-06-04,PENDING,"$6,473.00"
ORD-5211,CUST-2065,ST-16,,22-11-2025,ACTIVE,6998
ORD-5212,CUST-1855,ST-17,CP-198,2024-11-21,ACTIVE,"$17,038.00"
ORD-5213,CUST-4295,ST-2,,2024-11-19,CLOSED,5672
ORD-5214,CUST-2426,ST-15,,09/11/2025,ACTIVE,14675
ORD-5215,CUST-4497,ST-4,,10/10/2026,pending,16603
ORD-5216,CUST-2051,ST-14,,07-12-2026,closed,6286
ORD-5217,CUST-3245,ST-20,,07/22/2026,active,13018
ORD-5218,CUST-4995,ST-13,,2025-05-23,active,18642
ORD-5219,CUST-2049,ST-21,CP-198,2026-01-10,closed,9440
ORD-5220,CUST-1736,ST-20,,2024-10-19,ACTIVE,"$12,186.00"
ORD-5221,CUST-3804,ST-7,,09/08/2026, Active ,"$1,553.00"
ORD-5222,CUST-943,ST-18,CP-142,10-10-2026,ACTIVE,6641
ORD-5223,CUST-2571,ST-9,CP-60,2026-08-27,ACTIVE,"$15,941.00"
ORD-5224,CUST-2451,ST-10,,2025-05-24,active,"4,031.00"
ORD-5225,CUST-1612,ST-20,,06/15/2024, Active ,10894
ORD-5226,CUST-3478,ST-15,CP-92,11/11/2026,PENDING,18991
ORD-5227,CUST-558,ST-21,CP-111,07/08/2025,CLOSED,8077
ORD-5228,CUST-2126,ST-15,,2026-12-27,ACTIVE,7522
ORD-5229,CUST-4274,ST-14,,28-01-2024,closed,115
ORD-5230,CUST-1460,ST-7,,22-09-2024,pending,"10,213.00"
ORD-5231,CUST-1,ST-10,CP-165,05/06/2025,closed,2426
ORD-5232,CUST-3163,ST-20,,2025-06-08, Active ,"9,632.00"
ORD-5233,CUST-324,ST-23,CP-103,05/13/2026,CLOSED,"18,284.00"
ORD-5234,CUST-2474,ST-1,,2024-09-07,PENDING,7810
ORD-5235,CUST-247,ST-2,,03-10-2024,PENDING,5565
ORD-5236,CUST-2551,ST-20,,2026-11-03,CLOSED,6202
ORD-5237,CUST-97,ST-13,CP-72,2026-04-21,pending,"3,608.00"
ORD-5238,CUST-3371,ST-17,,01/16/2025,pending,"$1,774.00"
ORD-5239,CUST-2945,ST-19,,2025-02-21, Active ,1832
ORD-5240,CUST-4130,ST-9,,08/18/2025,active,"$8,981.00"
ORD-5241,CUST-3700,ST-24,CP-57,06/27/2025,pending,19848
ORD-5242,CUST-3041,ST-14,,05/11/2026,ACTIVE,12407
ORD-5243,CUST-4291,ST-25,,01/17/2025,ACTIVE,"$15,744.00"
ORD-5244,CUST-2098,ST-22,CP-126,2025-06-17, Active ,"$14,639.00"
ORD-5245,CUST-903,ST-21,,01/27/2025,pending,15741
ORD-5246,CUST-1931,ST-10,,09/09/2025, Active ,"1,937.00"
ORD-5247,CUST-4778,ST-19,,24-05-2026,PENDING,9361
ORD-5248,CUST-2281,ST-3,,2025-11-23,active,"16,890.00"
ORD-5249,CUST-1608,ST-3,,13-11-2026,closed,"19,362.00"
ORD-5250,CUST-4834,ST-23,,12-08-2026, Active ,737.00
ORD-5251,CUST-3220,ST-3,,27-02-2025,closed,"6,088.00"
ORD-5252,CUST-3168,ST-12,,10/14/2025,CLOSED,6546
ORD-5253,CUST-1900,ST-4,CP-60,06/06/2025,active,3134
ORD-5254,CUST-3799,ST-9,CP-152,2025-05-10,CLOSED,318.00
ORD-5255,CUST-2211,ST-7,CP-136,06/01/2025,active,16261
ORD-5256,CUST-809,ST-13,,14-02-2026,closed,"$12,197.00"
ORD-5257,CUST-4925,ST-22,,2026-12-06, Active ,"7,048.00"
ORD-5258,CUST-2055,ST-2,,28-09-2024,active,1037
ORD-5259,CUST-2290,ST-7,,05/11/2024,pending,"$16,148.00"
ORD-5260,CUST-4257,ST-5,,2026-02-25,active,"15,037.00"
ORD-5261,CUST-4356,ST-13,,2025-06-17,pending,1768
ORD-5262,CUST-2992,ST-13,,2025-06-03,pending,"$6,382.00"
ORD-5263,CUST-3080,ST-1,,01/03/2026,ACTIVE,"8,130.00"
ORD-5264,CUST-4969,ST-18,,07/04/2024,pending,"2,419.00"
ORD-5265,CUST-1106,ST-17,,11/11/2025,ACTIVE,12997
ORD-5266,CUST-23,ST-18,,2024-07-14,PENDING,"$13,614.00"
ORD-5267,CUST-4353,ST-7,,08/15/2025,PENDING,11793
ORD-5268,CUST-3503,ST-14,,04/10/2026,PENDING,19236
ORD-5269,CUST-4863,ST-10,,14-10-2025, Active ,"$6,558.00"
ORD-5270,CUST-4774,ST-5,,2026-03-26,PENDING,"$11,345.00"
ORD-5271,CUST-3767,ST-23,,21-01-2025,pending,8039
ORD-5272,CUST-2205,ST-14,,2026-09-22,PENDING,"$15,481.00"
ORD-5273,CUST-4152,ST-18,CP-78,2026-10-03,CLOSED,6476
ORD-5274,CUST-2595,ST-8,,06/07/2024,CLOSED,"1,444.00"
ORD-5275,CUST-4849,ST-12,,08/24/2026,ACTIVE,"14,855.00"
ORD-5276,CUST-1645,ST-10,,02/05/2025,closed,9416
ORD-5277,CUST-4070,ST-22,,03-02-2026, Active ,"$10,524.00"
ORD-5278,CUST-2298,ST-15,,2025-06-09,pending,5777
ORD-5279,CUST-4582,ST-5,,2025-08-01,CLOSED,13666
ORD-5280,CUST-1845,ST-19,CP-106,21-07-2024, Active ,"$11,780.00"
ORD-5281,CUST-2995,ST-15,,15-08-2024,CLOSED,"$4,154.00"
ORD-5282,CUST-942,ST-14,CP-185,09/25/2024, Active ,8845
ORD-5283,CUST-3582,ST-12,CP-87,06-04-2024,PENDING,6520
ORD-5284,CUST-1938,ST-20,CP-179,2025-07-16,PENDING,17953
ORD-5285,CUST-2299,ST-15,,19-05-2024,pending,"3,360.00"
ORD-5286,CUST-3356,ST-1,,2025-09-21,PENDING,"$12,146.00"
ORD-5287,CUST-4804,ST-3,CP-76,10-08-2026,closed,"$5,844.00"
ORD-5288,CUST-4346,ST-15,,24-08-2024,active,"19,836.00"
ORD-5289,CUST-2576,ST-12,,06/23/2024,PENDING,8723
ORD-5290,CUST-910,ST-22,,01/14/2026,active,"$13,735.00"
ORD-5291,CUST-4165,ST-20,,06/18/2026,active,5849
ORD-5292,CUST-3971,ST-13,,2025-12-19,CLOSED,"$1,238.00"
ORD-5293,CUST-305,ST-11,CP-34,02/28/2026,closed,8710
ORD-5294,CUST-1466,ST-10,,2026-03-15,CLOSED,8335
ORD-5295,CUST-2445,ST-20,CP-76,11-10-2025,CLOSED,"9,449.00"
ORD-5296,CUST-2441,ST-22,,07-08-2026,pending,"7,143.00"
ORD-5297,CUST-4421,ST-13,,2024-06-06, Active ,"$15,007.00"
ORD-5298,CUST-1716,ST-20,,16-01-2025, Active ,18470
ORD-5299,CUST-4746,ST-15,,01/27/2026,PENDING,"$3,549.00"
ORD-5300,CUST-1405,ST-12,,02/04/2026, Active ,"$18,386.00"
ORD-5301,CUST-1977,ST-15,,05-08-2026,active,"17,374.00"
ORD-5302,CUST-4470,ST-18,,26-11-2026,active,"$1,018.00"
ORD-5303,CUST-4678,ST-21,,2025-06-20,pending,4695
ORD-5304,CUST-4523,ST-18,,2024-06-13,active,"$5,714.00"
ORD-5305,CUST-3584,ST-6,,20-05-2026,CLOSED,"16,938.00"
ORD-5306,CUST-381,ST-17,,08-02-2024,ACTIVE,"$5,980.00"
ORD-5307,CUST-3503,ST-24,,24-02-2025, Active ,18181
ORD-5308,CUST-3959,ST-16,CP-174,05-11-2024,pending,2456
ORD-5309,CUST-2858,ST-21,CP-181,06/18/2024,closed,10176
ORD-5310,CUST-2256,ST-4,,08/25/2025,pending,2313
ORD-5311,CUST-3597,ST-3,CP-8,2024-05-27, Active ,"$3,308.00"
ORD-5312,CUST-116,ST-18,CP-167,2025-05-04,CLOSED,4078
ORD-5313,CUST-346,ST-11,,2024-06-05,CLOSED,"$4,417.00"
ORD-5314,CUST-3642,ST-13,,12-06-2026,pending,613
ORD-5315,CUST-1420,ST-23,CP-7,2024-01-07,ACTIVE,9489
ORD-5316,CUST-1772,ST-10,CP-85,06/24/2026, Active ,5580
ORD-5317,CUST-2222,ST-20,,12-08-2026,ACTIVE,14548
ORD-5318,CUST-1961,ST-22,CP-61,2026-06-15, Active ,17851
ORD-5319,CUST-3065,ST-15,CP-138,2026-03-04,closed,"$10,436.00"
ORD-5320,CUST-1886,ST-6,CP-24,2026-07-24,pending,17272
ORD-5321,CUST-1219,ST-15,,07/13/2024, Active ,"$8,149.00"
ORD-5322,CUST-4919,ST-12,,07/08/2024,ACTIVE,14585
ORD-5323,CUST-415,ST-13,,09/10/2024, Active ,"19,349.00"
ORD-5324,CUST-1236,ST-21,CP-100,2024-09-27,pending,10123
ORD-5325,CUST-4008,ST-17,,10/26/2025,closed,"$2,080.00"
ORD-5326,CUST-1577,ST-2,,2026-09-24, Active ,16162
ORD-5327,CUST-3956,ST-22,,2025-06-21,active,"$10,055.00"
ORD-5328,CUST-855,ST-10,,2024-12-12,closed,17135
ORD-5329,CUST-90,ST-11,,11/20/2024,ACTIVE,17502
ORD-5330,CUST-2346,ST-17,,2025-06-25,active,"$5,998.00"
ORD-5331,CUST-4035,ST-17,,2025-10-11,PENDING,"$5,685.00"
ORD-5332,CUST-3081,ST-3,,2025-12-25,active,16140
ORD-5333,CUST-656,ST-6,,06/06/2026,active,"15,496.00"
ORD-5334,CUST-3735,ST-4,,2024-11-17,CLOSED,18403
ORD-5335,CUST-802,ST-7,,2024-04-19,pending,"$3,050.00"
ORD-5336,CUST-3592,ST-9,,12-08-2026,active,4883
ORD-5337,CUST-3128,ST-5,,2025-11-05,active,9941
ORD-5338,CUST-1506,ST-25,CP-163,12/02/2024,CLOSED,"18,124.00"
ORD-5339,CUST-2660,ST-17,,2024-01-03,ACTIVE,3116
ORD-5340,CUST-1803,ST-2,CP-40,2024-03-08,CLOSED,"$10,529.00"
ORD-5341,CUST-2354,ST-17,,2024-01-02,active,"18,202.00"
ORD-5342,CUST-3870,ST-7,,08-07-2026, Active ,3496
ORD-5343,CUST-4789,ST-3,,2024-07-15,PENDING,7961
ORD-5344,CUST-2606,ST-17,,02/14/2026,PENDING,"$15,078.00"
ORD-5345,CUST-1578,ST-15,,2025-09-24,closed,588
ORD-5346,CUST-4228,ST-21,,2025-10-12,active,8469
ORD-5347,CUST-3353,ST-9,CP-29,2025-06-21,CLOSED,"$13,252.00"
ORD-5348,CUST-2298,ST-4,,09/04/2024,PENDING,"7,018.00"
ORD-5349,CUST-3787,ST-18,,20-05-2024,ACTIVE,"18,361.00"
ORD-5350,CUST-3409,ST-24,,03/10/2025,closed,18835
ORD-5351,CUST-2440,ST-9,,2025-02-27,ACTIVE,"$18,602.00"
ORD-5352,CUST-4992,ST-14,,12/08/2024,ACTIVE,15536
ORD-5353,CUST-2660,ST-21,CP-48,2026-09-01,ACTIVE,"$4,364.00"
ORD-5354,CUST-1396,ST-5,CP-35,08/01/2024,PENDING,"$3,579.00"
ORD-5355,CUST-2076,ST-24,CP-111,2025-08-03, Active ,1382
ORD-5356,CUST-2046,ST-4,CP-105,06-09-2025,PENDING,"19,543.00"
ORD-5357,CUST-2426,ST-7,CP-140,07-11-2024,PENDING,14080
ORD-5358,CUST-3164,ST-7,,2024-10-08,PENDING,"$15,640.00"
ORD-5359,CUST-3128,ST-11,CP-110,02-02-2024, Active ,17755
ORD-5360,CUST-4540,ST-4,,03-07-2024,pending,"17,678.00"
ORD-5361,CUST-4457,ST-8,,03/26/2026,pending,19696
ORD-5362,CUST-2830,ST-5,,06/10/2024,pending,938.00
ORD-5363,CUST-3471,ST-5,,2026-02-21,CLOSED,19217
ORD-5364,CUST-4402,ST-8,,2026-10-06, Active ,"9,471.00"
ORD-5365,CUST-195,ST-11,CP-103,2026-07-06,active,"16,867.00"
ORD-5366,CUST-1776,ST-13,,2026-05-27,CLOSED,17827
ORD-5367,CUST-1753,ST-12,,2024-02-27,pending,8192
ORD-5368,CUST-4576,ST-5,,2025-03-25,PENDING,"13,053.00"
ORD-5369,CUST-108,ST-11,,10/24/2025, Active ,12029
ORD-5370,CUST-2030,ST-22,,01/02/2024,active,3290
ORD-5371,CUST-4630,ST-13,CP-167,2026-05-07,active,13272
ORD-5372,CUST-4121,ST-6,CP-160,05/19/2024, Active ,1139
ORD-5373,CUST-4370,ST-12,CP-29,2025-07-18, Active ,"13,285.00"
ORD-5374,CUST-440,ST-15,,03/15/2024, Active ,"$11,465.00"
ORD-5375,CUST-3368,ST-11,CP-142,23-10-2026,CLOSED,6431
ORD-5376,CUST-3609,ST-1,CP-133,2024-03-10,active,13167
ORD-5377,CUST-3715,ST-7,,11/16/2026,pending,6232
ORD-5378,CUST-1678,ST-15,CP-18,02-02-2026,closed,8946
ORD-5379,CUST-4954,ST-15,,04-01-2024,closed,"13,774.00"
ORD-5380,CUST-1652,ST-25,CP-39,2026-05-01,CLOSED,"$14,531.00"
ORD-5381,CUST-322,ST-20,,28-06-2024,closed,3632
ORD-5382,CUST-4071,ST-2,,04/09/2025,pending,"8,963.00"
ORD-5383,CUST-4559,ST-25,,2026-04-28,active,"14,167.00"
ORD-5384,CUST-579,ST-6,CP-112,07/03/2025,CLOSED,"$12,091.00"
ORD-5385,CUST-2748,ST-12,CP-109,2026-11-02,ACTIVE,15939
ORD-5386,CUST-4113,ST-3,,06/23/2024,pending,4594
ORD-5387,CUST-2778,ST-9,,18-10-2026,pending,7968
ORD-5388,CUST-2963,ST-14,,02/23/2024,active,"$6,222.00"
ORD-5389,CUST-828,ST-25,,2024-03-19,ACTIVE,19627
ORD-5390,CUST-861,ST-13,,05-01-2024,closed,"$13,709.00"
ORD-5391,CUST-3689,ST-2,,10/26/2024,PENDING,14513
ORD-5392,CUST-3466,ST-23,,07/22/2025, Active ,"19,850.00"
ORD-5393,CUST-5,ST-25,,2026-01-17,closed,"13,996.00"
ORD-5394,CUST-4511,ST-7,CP-85,02/18/2026, Active ,12936
ORD-5395,CUST-1765,ST-8,,2026-09-15,active,"$14,691.00"
ORD-5396,CUST-2945,ST-19,,2024-11-21, Active ,3318
ORD-5397,CUST-164,ST-13,,2025-03-01,pending,13758
ORD-5398,CUST-3165,ST-15,,05/09/2024,pending,"11,707.00"
ORD-5399,CUST-2854,ST-14,CP-199,06/19/2025,closed,16263
ORD-5400,CUST-3356,ST-11,CP-190,2024-02-14,pending,7164
ORD-5401,CUST-2610,ST-19,,2024-10-04,closed,"$11,186.00"
ORD-5402,CUST-4511,ST-22,,2024-05-11,closed,16153
ORD-5403,CUST-1806,ST-21,,12/14/2024, Active ,"7,660.00"
ORD-5404,CUST-3687,ST-10,,2025-11-19,closed,15329
ORD-5405,CUST-806,ST-8,,2024-01-16,pending,"$18,180.00"
ORD-5406,CUST-3066,ST-10,,03/20/2024,active,10768
ORD-5407,CUST-839,ST-1,,25-06-2026,CLOSED,"$18,028.00"
ORD-5408,CUST-2307,ST-3,CP-169,2026-11-25,PENDING,"$12,098.00"
ORD-5409,CUST-1158,ST-24,,13-06-2024,CLOSED,12134
ORD-5410,CUST-3644,ST-24,,2026-03-01, Active ,"$7,317.00"
ORD-5411,CUST-1652,ST-16,CP-123,2026-02-12,closed,3109
ORD-5412,CUST-2129,ST-5,,20-06-2025,active,"6,482.00"
ORD-5413,CUST-2917,ST-17,CP-133,12-11-2024,pending,13444
ORD-5414,CUST-410,ST-23,CP-2,2026-01-12,pending,12482
ORD-5415,CUST-3790,ST-5,,05/15/2024,ACTIVE,13111
ORD-5416,CUST-751,ST-20,CP-180,06/13/2026,PENDING,"16,993.00"
ORD-5417,CUST-2480,ST-2,CP-121,2024-07-08,active,9576
ORD-5418,CUST-1381,ST-2,CP-18,2024-01-11, Active ,"11,246.00"
ORD-5419,CUST-4110,ST-4,,13-03-2026,CLOSED,5809
ORD-5420,CUST-4895,ST-17,,2025-04-05,ACTIVE,16574
ORD-5421,CUST-957,ST-10,CP-153,2024-01-05,pending,"$18,908.00"
ORD-5422,CUST-2747,ST-6,,2025-03-06,active,"$17,195.00"
ORD-5423,CUST-3645,ST-21,,27-09-2025,pending,"$7,341.00"
ORD-5424,CUST-4987,ST-5,,2024-07-10, Active ,"17,154.00"
ORD-5425,CUST-153,ST-19,,2026-12-20,pending,16907
ORD-5426,CUST-3815,ST-2,CP-195,03-07-2026,closed,7800
ORD-5427,CUST-681,ST-13,,2024-09-04, Active ,"9,371.00"
ORD-5428,CUST-3951,ST-19,CP-128,08-08-2025,PENDING,15373
ORD-5429,CUST-3027,ST-19,,05-04-2025,closed,"$4,719.00"
ORD-5430,CUST-1476,ST-7,,2026-04-08,active,19902
ORD-5431,CUST-335,ST-20,CP-98,04/15/2024, Active ,7263
ORD-5432,CUST-1315,ST-1,,2025-04-24,ACTIVE,"$11,132.00"
ORD-5433,CUST-1253,ST-12,CP-84,05-07-2025, Active ,"5,111.00"
ORD-5434,CUST-3189,ST-16,,08-02-2024,ACTIVE,19670
ORD-5435,CUST-4884,ST-15,CP-73,03/04/2024,pending,887
ORD-5436,CUST-3080,ST-15,,2026-08-09,CLOSED,14855
ORD-5437,CUST-79,ST-8,,2025-05-01,CLOSED,2974
ORD-5438,CUST-4409,ST-3,,2024-11-18,CLOSED,534
ORD-5439,CUST-3560,ST-9,,2026-02-06,ACTIVE,4717
ORD-5440,CUST-3832,ST-18,,2025-11-20,active,5414
ORD-5441,CUST-4799,ST-23,,2026-03-27, Active ,"5,602.00"
ORD-5442,CUST-154,ST-14,,2026-03-22,PENDING,2884
ORD-5443,CUST-641,ST-15,CP-60,2026-04-19,CLOSED,"$10,011.00"
ORD-5444,CUST-3721,ST-16,,2025-06-18,ACTIVE,"$2,581.00"
ORD-5445,CUST-1908,ST-25,CP-197,19-03-2024,PENDING,"$11,410.00"
ORD-5446,CUST-1101,ST-6,CP-8,09/02/2024,PENDING,17052
ORD-5447,CUST-274,ST-3,,09/05/2025,CLOSED,"$10,066.00"
ORD-5448,CUST-1856,ST-16,,17-06-2024,pending,10241
ORD-5449,CUST-378,ST-22,,07-04-2024, Active ,"12,944.00"
ORD-5450,CUST-2647,ST-20,,04/20/2026,closed,283.00
ORD-5451,CUST-4242,ST-22,,2026-04-11,active,"$4,471.00"
ORD-5452,CUST-1451,ST-5,,10/05/2025,pending,9766
ORD-5453,CUST-657,ST-7,,16-09-2025, Active ,"$5,164.00"
ORD-5454,CUST-1547,ST-13,,07/06/2025,pending,15036
ORD-5455,CUST-1168,ST-5,CP-93,2026-10-08,CLOSED,"18,082.00"
ORD-5456,CUST-4184,ST-4,,11-08-2025, Active ,"$8,174.00"
ORD-5457,CUST-2113,ST-6,,06/09/2024, Active ,"$5,669.00"
ORD-5458,CUST-518,ST-22,,2026-10-20,CLOSED,"$13,906.00"
ORD-5459,CUST-1034,ST-11,,08/17/2026, Active ,"18,214.00"
ORD-5460,CUST-1855,ST-3,,2024-11-19,active,"10,518.00"
ORD-5461,CUST-3175,ST-9,,2026-12-19,CLOSED,15461
ORD-5462,CUST-1015,ST-23,,20-09-2025,CLOSED,"$4,095.00"
ORD-5463,CUST-4275,ST-18,CP-128,09/17/2025,active,"$8,884.00"
ORD-5464,CUST-1373,ST-13,,2026-07-19,active,"13,955.00"
ORD-5465,CUST-1681,ST-24,CP-49,2024-08-01,closed,"$12,258.00"
ORD-5466,CUST-1987,ST-20,,09-09-2025,pending,17972
ORD-5467,CUST-4564,ST-21,,11/05/2026,closed,"11,804.00"
ORD-5468,CUST-240,ST-14,,05/01/2026,active,"11,115.00"
ORD-5469,CUST-3073,ST-6,,2026-11-02,CLOSED,18756
ORD-5470,CUST-4019,ST-3,,2026-06-12,CLOSED,2246
ORD-5471,CUST-3078,ST-6,CP-51,07/08/2024,ACTIVE,17158
ORD-5472,CUST-1188,ST-20,CP-98,2026-12-27,pending,"6,626.00"
ORD-5473,CUST-4322,ST-14,CP-194,2025-02-08,ACTIVE,18611
ORD-5474,CUST-3705,ST-25,CP-119,07/08/2024,ACTIVE,"9,893.00"
ORD-5475,CUST-4705,ST-17,,2026-03-10,closed,"8,008.00"
ORD-5476,CUST-1522,ST-6,,12/01/2024,active,"$5,015.00"
ORD-5477,CUST-2756,ST-20,CP-110,11-05-2025,CLOSED,11553
ORD-5478,CUST-1280,ST-3,,07-06-2024,active,14609
ORD-5479,CUST-1030,ST-2,,2024-07-16,ACTIVE,"$5,531.00"
ORD-5480,CUST-1887,ST-22,,02/22/2026,active,19111
ORD-5481,CUST-3805,ST-2,CP-12,2026-01-04,CLOSED,"$14,302.00"
ORD-5482,CUST-4633,ST-7,CP-169,10-01-2026, Active ,"4,465.00"
ORD-5483,CUST-2662,ST-24,,2025-05-12,ACTIVE,"$14,443.00"
ORD-5484,CUST-4250,ST-19,,17-08-2026,PENDING,"$15,232.00"
ORD-5485,CUST-2376,ST-1,CP-90,2024-05-13,active,14767
ORD-5486,CUST-4684,ST-23,CP-139,19-11-2025,closed,"$19,916.00"
ORD-5487,CUST-3864,ST-18,,2024-07-04,ACTIVE,"19,681.00"
ORD-5488,CUST-2745,ST-3,,2026-10-24,closed,14061
ORD-5489,CUST-2303,ST-21,,2024-12-18,PENDING,10692
ORD-5490,CUST-192,ST-4,,2026-03-05,pending,"$8,303.00"
ORD-5491,CUST-127,ST-4,,07/10/2024,closed,17844
ORD-5492,CUST-4483,ST-11,,15-07-2026,active,18206
ORD-5493,CUST-3459,ST-1,,07/04/2026,active,4261
ORD-5494,CUST-3860,ST-18,,22-03-2026,CLOSED,11811
ORD-5495,CUST-2436,ST-7,CP-85,02/01/2025,active,6142
ORD-5496,CUST-3190,ST-2,,01/02/2025,CLOSED,"$6,104.00"
ORD-5497,CUST-1793,ST-13,CP-97,2025-11-03,PENDING,"$15,403.00"
ORD-5498,CUST-1752,ST-1,CP-161,2024-07-10,ACTIVE,$868.00
ORD-5499,CUST-1454,ST-4,,2026-08-01,CLOSED,13655
ORD-5500,CUST-1471,ST-22,CP-129,02/08/2025,active,"$15,244.00"
ORD-5501,CUST-3756,ST-19,CP-177,2026-02-09,pending,19615
ORD-5502,CUST-2953,ST-17,,2024-12-10,closed,10819
ORD-5503,CUST-3791,ST-6,CP-177,23-09-2024,closed,234.00
ORD-5504,CUST-4102,ST-20,CP-15,09/24/2024,closed,17301
ORD-5505,CUST-4508,ST-2,,01/15/2026,PENDING,14456
ORD-5506,CUST-3134,ST-20,,12-12-2026,active,2896
ORD-5507,CUST-667,ST-20,,24-02-2024,PENDING,18208
ORD-5508,CUST-2430,ST-2,CP-77,2024-09-04,closed,17522
ORD-5509,CUST-2706,ST-4,,2026-11-20,CLOSED,"$9,456.00"
ORD-5510,CUST-619,ST-23,,10-07-2024,active,"1,548.00"
ORD-5511,CUST-3136,ST-22,,04/15/2025, Active ,"$8,046.00"
ORD-5512,CUST-3735,ST-21,,2024-02-20,active,5989
ORD-5513,CUST-4861,ST-11,,02/15/2024,pending,173
ORD-5514,CUST-2104,ST-4,CP-90,09/16/2025,CLOSED,16707
ORD-5515,CUST-789,ST-18,CP-154,2026-08-02,pending,"14,039.00"
ORD-5516,CUST-534,ST-22,CP-75,02-03-2026,active,$467.00
ORD-5517,CUST-4404,ST-12,,24-01-2024,PENDING,2190
ORD-5518,CUST-3237,ST-6,,08-07-2024,pending,6515
ORD-5519,CUST-315,ST-14,CP-180,2025-05-12,active,"$14,980.00"
ORD-5520,CUST-178,ST-16,CP-175,2026-12-07,PENDING,2994
ORD-5521,CUST-857,ST-4,CP-45,2026-06-10,active,14995
ORD-5522,CUST-3157,ST-2,,18-09-2026,pending,4809
ORD-5523,CUST-1984,ST-24,,2025-01-17,active,4376
ORD-5524,CUST-711,ST-25,CP-33,2024-03-26,pending,15726
ORD-5525,CUST-1302,ST-15,,2026-09-10,closed,18118
ORD-5526,CUST-2445,ST-21,,05/20/2024,closed,11965
ORD-5527,CUST-2327,ST-24,CP-142,2026-03-05,closed,"$2,121.00"
ORD-5528,CUST-3894,ST-9,CP-139,2024-08-18,closed,"1,253.00"
ORD-5529,CUST-446,ST-6,CP-111,2024-10-03,closed,"6,661.00"
ORD-5530,CUST-2140,ST-6,,2026-06-12,pending,"11,800.00"
ORD-5531,CUST-2655,ST-1,,04/22/2024,PENDING,$535.00
ORD-5532,CUST-3260,ST-12,CP-20,06/23/2024,pending,18876
ORD-5533,CUST-4067,ST-11,,25-10-2026,active,19596
ORD-5534,CUST-17,ST-10,CP-168,2025-07-12,CLOSED,"7,559.00"
ORD-5535,CUST-3002,ST-16,CP-181,12/02/2025,closed,14949
ORD-5536,CUST-4687,ST-6,,04-07-2025,pending,18140
ORD-5537,CUST-3066,ST-5,CP-58,2026-03-28,pending,"$5,716.00"
ORD-5538,CUST-1985,ST-8,,20-07-2026, Active ,"$17,742.00"
ORD-5539,CUST-3182,ST-6,,02/23/2024,CLOSED,5001
ORD-5540,CUST-95,ST-6,,10/16/2026,closed,14729
ORD-5541,CUST-2539,ST-24,,2025-06-28,PENDING,17938
ORD-5542,CUST-4550,ST-6,,2024-11-12,pending,"$6,180.00"
ORD-5543,CUST-4148,ST-17,,2024-10-24,ACTIVE,"11,990.00"
ORD-5544,CUST-1718,ST-4,,08-11-2024,active,11338
ORD-5545,CUST-1277,ST-22,CP-12,2024-04-03,PENDING,5420
ORD-5546,CUST-1830,ST-1,,2024-02-03,pending,4144
ORD-5547,CUST-1348,ST-25,,06/13/2025,closed,1066
ORD-5548,CUST-2318,ST-25,,10-01-2026,closed,13551
ORD-5549,CUST-4264,ST-19,CP-15,03/28/2025,pending,"$2,900.00"
ORD-5550,CUST-4465,ST-13,,2024-06-01, Active ,415
ORD-5551,CUST-984,ST-24,,02/24/2025,closed,1203
ORD-5552,CUST-2626,ST-16,CP-35,09/08/2024,CLOSED,19664
ORD-5553,CUST-3747,ST-10,,2026-01-10,CLOSED,"12,030.00"
ORD-5554,CUST-1106,ST-3,CP-137,11/24/2025,PENDING,9929
ORD-5555,CUST-2548,ST-20,,2025-07-03, Active ,"$5,519.00"
ORD-5556,CUST-221,ST-9,,03/04/2026,CLOSED,12232
ORD-5557,CUST-2388,ST-18,,11/17/2024,PENDING,10419
ORD-5558,CUST-1330,ST-24,CP-129,2025-05-20,CLOSED,2675
ORD-5559,CUST-3997,ST-21,,07-11-2024,active,1312
ORD-5560,CUST-3526,ST-19,CP-83,2026-06-19,PENDING,860
ORD-5561,CUST-998,ST-23,,09/28/2025,closed,561
ORD-5562,CUST-4285,ST-15,,11/22/2026,CLOSED,9675
ORD-5563,CUST-4337,ST-11,CP-153,08/23/2026, Active ,7049
ORD-5564,CUST-4401,ST-11,CP-39,10-12-2026, Active ,2521
ORD-5565,CUST-3115,ST-23,CP-2,12/04/2025,closed,"16,899.00"
ORD-5566,CUST-4479,ST-8,,2026-05-10,PENDING,3720
ORD-5567,CUST-3771,ST-11,,02-10-2026,PENDING,6825
ORD-5568,CUST-1973,ST-4,,06/11/2024,PENDING,"$17,584.00"
ORD-5569,CUST-433,ST-18,,2025-10-18,closed,17344
ORD-5570,CUST-3838,ST-15,,09/15/2025, Active ,15629
ORD-5571,CUST-3147,ST-4,,2024-09-08,CLOSED,"$4,728.00"
ORD-5572,CUST-3522,ST-24,,2024-03-25, Active ,1775
ORD-5573,CUST-895,ST-5,CP-20,2024-10-01,ACTIVE,4125
ORD-5574,CUST-4124,ST-18,,2026-02-16,pending,$705.00
ORD-5575,CUST-4210,ST-12,,11/14/2025,active,"$18,508.00"
ORD-5576,CUST-1803,ST-21,CP-66,09/01/2026,active,15230
ORD-5577,CUST-3030,ST-18,,2025-08-17, Active ,"$10,569.00"
ORD-5578,CUST-1123,ST-17,,03/03/2025,closed,19357
ORD-5579,CUST-4921,ST-7,,2026-05-25,CLOSED,18122
ORD-5580,CUST-1837,ST-1,CP-82,03/12/2024,pending,"16,170.00"
ORD-5581,CUST-2130,ST-3,,2025-10-20,pending,"8,561.00"
ORD-5582,CUST-4848,ST-24,,2025-08-09,closed,14778
ORD-5583,CUST-3207,ST-10,,2026-04-01,active,3780
ORD-5584,CUST-1427,ST-23,CP-129,11/07/2026,closed,"$7,526.00"
ORD-5585,CUST-4382,ST-16,CP-53,03/06/2026, Active ,"$18,369.00"
ORD-5586,CUST-3698,ST-8,CP-149,2026-12-27,CLOSED,6321
ORD-5587,CUST-3559,ST-14,CP-41,06-09-2024,ACTIVE,1026
ORD-5588,CUST-462,ST-4,,2026-09-09,active,"$12,989.00"
ORD-5589,CUST-3957,ST-22,,03/06/2024,active,16991
ORD-5590,CUST-2363,ST-6,,28-02-2025,PENDING,12526
ORD-5591,CUST-3746,ST-11,,11/27/2024,closed,6168
ORD-5592,CUST-4674,ST-3,,16-07-2025,active,4809
ORD-5593,CUST-4317,ST-11,,02/07/2025,pending,12672
ORD-5594,CUST-1597,ST-20,CP-76,2025-07-03,pending,$146.00
ORD-5595,CUST-3992,ST-22,,06/20/2025,closed,10420
ORD-5596,CUST-3326,ST-3,CP-128,2026-01-08,CLOSED,"$13,734.00"
ORD-5597,CUST-1893,ST-4,,2026-10-01,pending,"$1,002.00"
ORD-5598,CUST-4651,ST-8,,01/14/2025,CLOSED,14379
ORD-5599,CUST-4084,ST-4,,02/11/2024, Active ,10468
ORD-5600,CUST-823,ST-19,,2024-05-10, Active ,"$4,128.00"
ORD-5601,CUST-1377,ST-23,CP-103,09/20/2025,PENDING,11420
ORD-5602,CUST-3380,ST-6,CP-65,04-04-2026,PENDING,2068
ORD-5603,CUST-1757,ST-2,CP-1,2024-05-25, Active ,17580
ORD-5604,CUST-4376,ST-2,,2024-09-23,CLOSED,9286
ORD-5605,CUST-792,ST-15,,2024-12-25,active,1057
ORD-5606,CUST-3340,ST-2,,24-05-2024,pending,"$18,871.00"
ORD-5607,CUST-1536,ST-13,,2026-05-25,PENDING,15796
ORD-5608,CUST-196,ST-9,CP-69,13-07-2025,PENDING,"$9,037.00"
ORD-5609,CUST-2820,ST-1,,26-09-2026,PENDING,12457
ORD-5610,CUST-4881,ST-21,CP-133,2024-07-15,closed,"5,734.00"
ORD-5611,CUST-29,ST-17,,05/14/2026,CLOSED,18906
ORD-5612,CUST-1601,ST-23,,2024-04-16,active,"$5,972.00"
ORD-5613,CUST-1258,ST-19,,07/19/2025,CLOSED,6192
ORD-5614,CUST-4888,ST-24,CP-47,2026-01-20,closed,3126
ORD-5615,CUST-230,ST-14,CP-180,2026-08-07,active,17350
ORD-5616,CUST-3971,ST-7,,08/05/2024,pending,14733
ORD-5617,CUST-3781,ST-11,CP-60,2025-05-06,PENDING,$503.00
ORD-5618,CUST-1168,ST-17,,2024-07-08,closed,12046
ORD-5619,CUST-3629,ST-16,CP-167,2025-03-16,pending,"6,936.00"
ORD-5620,CUST-3294,ST-2,CP-90,10/15/2026,pending,"$14,150.00"
ORD-5621,CUST-575,ST-21,,12/18/2026,ACTIVE,"$11,939.00"
ORD-5622,CUST-860,ST-10,,2025-01-16,CLOSED,5284
ORD-5623,CUST-626,ST-19,,10-06-2025, Active ,11600
ORD-5624,CUST-3708,ST-5,,10/07/2026,active,"$15,482.00"
ORD-5625,CUST-2492,ST-13,CP-113,2026-01-06,ACTIVE,7720
ORD-5626,CUST-4288,ST-19,,07-10-2024, Active ,9786
ORD-5627,CUST-3798,ST-3,CP-140,11/17/2026, Active ,14101
ORD-5628,CUST-730,ST-11,CP-61,2025-10-10, Active ,$478.00
ORD-5629,CUST-2197,ST-2,,01/01/2026,closed,"$13,328.00"
ORD-5630,CUST-338,ST-1,,04/14/2026,ACTIVE,10728
ORD-5631,CUST-1781,ST-23,CP-57,2024-10-12,active,"$5,917.00"
ORD-5632,CUST-2986,ST-25,,2025-11-27,pending,13419
ORD-5633,CUST-1040,ST-18,CP-151,16-06-2024,ACTIVE,"$1,064.00"
ORD-5634,CUST-3869,ST-24,,01/25/2025,CLOSED,12994
ORD-5635,CUST-1773,ST-10,CP-178,2026-06-14,ACTIVE,4929
ORD-5636,CUST-2094,ST-17,,2026-12-17,PENDING,4788
ORD-5637,CUST-2342,ST-21,CP-99,07/22/2026, Active ,"15,969.00"
ORD-5638,CUST-2081,ST-19,CP-73,2024-06-17,CLOSED,"$5,739.00"
ORD-5639,CUST-2893,ST-15,,2024-05-04,ACTIVE,12620
ORD-5640,CUST-2976,ST-10,CP-10,09/12/2024,ACTIVE,81
ORD-5641,CUST-1948,ST-13,,2024-06-16,PENDING,"$3,669.00"
ORD-5642,CUST-2445,ST-15,,2025-01-09, Active ,3132
ORD-5643,CUST-3004,ST-20,,2025-10-03,pending,15127
ORD-5644,CUST-3728,ST-15,CP-180,08/18/2024,CLOSED,6829
ORD-5645,CUST-3702,ST-12,CP-56,22-04-2024, Active ,8612
ORD-5646,CUST-1357,ST-24,CP-76,2026-10-03,PENDING,"19,930.00"
ORD-5647,CUST-2757,ST-24,,2025-12-11,closed,"$3,260.00"
ORD-5648,CUST-4749,ST-14,,2024-10-08,PENDING,2172
ORD-5649,CUST-4429,ST-1,CP-124,02/10/2025,CLOSED,"1,703.00"
ORD-5650,CUST-688,ST-19,CP-70,10/15/2026,CLOSED,15276
ORD-5651,CUST-3291,ST-9,CP-47,2025-03-15,PENDING,18428
ORD-5652,CUST-967,ST-4,,2025-02-25, Active ,"$2,111.00"
ORD-5653,CUST-3299,ST-8,,11/23/2024,closed,"$7,825.00"
ORD-5654,CUST-2148,ST-9,,2026-03-22,pending,3485
ORD-5655,CUST-3047,ST-5,CP-171,17-07-2026,active,11334
ORD-5656,CUST-420,ST-22,,2026-06-09, Active ,"$18,114.00"
ORD-5657,CUST-4128,ST-18,,06/14/2026, Active ,15584
ORD-5658,CUST-3583,ST-3,CP-176,2025-09-01,active,14511
ORD-5659,CUST-1583,ST-21,,11/18/2024,ACTIVE,9980
ORD-5660,CUST-1176,ST-2,,2026-08-26,closed,"11,656.00"
ORD-5661,CUST-4611,ST-9,,2025-05-06,active,2851
ORD-5662,CUST-4123,ST-24,,03/03/2024,pending,4792
ORD-5663,CUST-2848,ST-12,,2025-07-11,active,12461
ORD-5664,CUST-2540,ST-18,,2025-07-10,PENDING,15623
ORD-5665,CUST-476,ST-20,CP-121,2024-11-23,pending,"$7,570.00"
ORD-5666,CUST-3717,ST-11,CP-107,12/08/2026,active,"4,777.00"
ORD-5667,CUST-3035,ST-6,,13-09-2024,PENDING,540.00
ORD-5668,CUST-242,ST-16,,14-08-2024,pending,2112
ORD-5669,CUST-347,ST-23,CP-173,2025-09-27,closed,18163
ORD-5670,CUST-526,ST-6,CP-94,24-04-2025,ACTIVE,15645
ORD-5671,CUST-1622,ST-11,CP-151,2026-01-04,closed,"$18,174.00"
ORD-5672,CUST-394,ST-1,,21-01-2026,closed,6540
ORD-5673,CUST-163,ST-1,,2025-08-05,closed,"$18,075.00"
ORD-5674,CUST-3563,ST-13,,2026-06-03,active,"$14,951.00"
ORD-5675,CUST-4948,ST-10,,2026-07-14,closed,"4,042.00"
ORD-5676,CUST-3597,ST-7,,07/11/2025,active,11051
ORD-5677,CUST-150,ST-22,,2024-11-05,closed,4823
ORD-5678,CUST-4285,ST-7,,10/05/2025, Active ,"$7,755.00"
ORD-5679,CUST-471,ST-23,,2026-10-20,active,"1,314.00"
ORD-5680,CUST-4343,ST-19,,2025-04-06,PENDING,"16,222.00"
ORD-5681,CUST-1652,ST-17,,08/06/2025,ACTIVE,1019
ORD-5682,CUST-1136,ST-20,,2024-10-22,pending,"$10,194.00"
ORD-5683,CUST-2449,ST-13,CP-118,07/16/2026,pending,16000
ORD-5684,CUST-514,ST-19,CP-12,11/14/2024,ACTIVE,4586
ORD-5685,CUST-3450,ST-25,CP-175,2026-07-04,CLOSED,"$3,976.00"
ORD-5686,CUST-3604,ST-10,CP-48,08/16/2024,active,"$16,002.00"
ORD-5687,CUST-2175,ST-18,,2026-02-20, Active ,3366
ORD-5688,CUST-410,ST-22,,12-02-2024,pending,4181
ORD-5689,CUST-19,ST-1,,2026-11-12,closed,"2,164.00"
ORD-5690,CUST-1881,ST-13,CP-104,06/15/2025,closed,"$12,217.00"
ORD-5691,CUST-3917,ST-4,CP-94,2025-07-22,pending,"$17,785.00"
ORD-5692,CUST-3025,ST-20,CP-199,2026-11-07,PENDING,2645
ORD-5693,CUST-4753,ST-3,,07/18/2026,CLOSED,$749.00
ORD-5694,CUST-2096,ST-21,,25-02-2025,active,490
ORD-5695,CUST-763,ST-10,CP-165,01/15/2024,CLOSED,6811
ORD-5696,CUST-4599,ST-12,CP-182,01/09/2024,CLOSED,11795
ORD-5697,CUST-3512,ST-24,,2024-05-01,ACTIVE,"9,646.00"
ORD-5698,CUST-3994,ST-23,CP-156,05/21/2026, Active ,452
ORD-5699,CUST-190,ST-4,CP-134,28-12-2024,ACTIVE,13379
ORD-5700,CUST-1465,ST-6,,2026-11-06,CLOSED,"10,399.00"
ORD-5701,CUST-1253,ST-18,,12/19/2026,PENDING,"$13,982.00"
ORD-5702,CUST-3526,ST-21,CP-115,10-12-2024,pending,"$11,539.00"
ORD-5703,CUST-184,ST-15,,14-05-2024,CLOSED,7844
ORD-5704,CUST-2958,ST-3,,2024-07-24,ACTIVE,1857
ORD-5705,CUST-3000,ST-1,,08/24/2024, Active ,317
ORD-5706,CUST-649,ST-10,,06/01/2025,CLOSED,"$6,911.00"
ORD-5707,CUST-1951,ST-9,,08-06-2025,CLOSED,"6,857.00"
ORD-5708,CUST-3793,ST-22,,2024-01-20,closed,11372
ORD-5709,CUST-2544,ST-9,,06/14/2024,active,$983.00
ORD-5710,CUST-3424,ST-5,CP-32,07/18/2025,PENDING,"$7,202.00"
ORD-5711,CUST-179,ST-16,,2024-02-19,active,"$14,310.00"
ORD-5712,CUST-3442,ST-5,CP-200,2026-05-21,CLOSED,"3,241.00"
ORD-5713,CUST-4046,ST-12,,03/28/2024,closed,13440
ORD-5714,CUST-119,ST-22,,02/09/2025,PENDING,2966
ORD-5715,CUST-171,ST-16,,2025-12-04,active,"$7,730.00"
ORD-5716,CUST-924,ST-14,,2025-05-26,PENDING,19984
ORD-5717,CUST-3629,ST-25,,10/23/2025,CLOSED,"1,361.00"
ORD-5718,CUST-4068,ST-13,,25-05-2025,closed,9589
ORD-5719,CUST-600,ST-10,,01/12/2024,ACTIVE,7813
ORD-5720,CUST-3139,ST-14,,09/05/2024,pending,"$19,892.00"
ORD-5721,CUST-3852,ST-18,,2025-02-14,CLOSED,"$10,313.00"
ORD-5722,CUST-2249,ST-6,,03-02-2024,closed,3660
ORD-5723,CUST-4127,ST-20,CP-70,07-06-2025,pending,11882
ORD-5724,CUST-709,ST-25,,12-08-2026,ACTIVE,"$12,753.00"
ORD-5725,CUST-1291,ST-5,,03/26/2026,active,17745
ORD-5726,CUST-1611,ST-5,,09/25/2026,CLOSED,"1,692.00"
ORD-5727,CUST-2626,ST-1,,10/27/2024,CLOSED,"$13,768.00"
ORD-5728,CUST-923,ST-25,,2024-11-02,closed,656
ORD-5729,CUST-4758,ST-20,,2026-08-23,ACTIVE,19003
ORD-5730,CUST-1261,ST-6,,02/19/2024,PENDING,"2,042.00"
ORD-5731,CUST-3141,ST-22,CP-30,2025-11-05,CLOSED,"17,272.00"
ORD-5732,CUST-3055,ST-7,CP-19,2026-05-24,pending,"$11,176.00"
ORD-5733,CUST-417,ST-4,CP-54,17-02-2024,PENDING,"15,348.00"
ORD-5734,CUST-3149,ST-1,,2024-07-22, Active ,"$19,918.00"
ORD-5735,CUST-3879,ST-14,,2024-11-18,PENDING,19909
ORD-5736,CUST-23,ST-7,,2026-04-14,PENDING,15431
ORD-5737,CUST-2515,ST-18,CP-71,10/04/2025,active,$360.00
ORD-5738,CUST-3246,ST-10,,04-04-2024,pending,15577
ORD-5739,CUST-2002,ST-22,CP-38,2024-12-23,PENDING,"10,306.00"
ORD-5740,CUST-2919,ST-1,CP-33,10/14/2026,pending,949
ORD-5741,CUST-283,ST-1,,10-01-2025,active,"15,688.00"
ORD-5742,CUST-2121,ST-5,,2025-04-01,closed,"1,050.00"
ORD-5743,CUST-618,ST-13,,2026-03-09,pending,2359
ORD-5744,CUST-4297,ST-12,,2026-08-11,CLOSED,2462
ORD-5745,CUST-2959,ST-10,,2025-01-09,CLOSED,14067
ORD-5746,CUST-2378,ST-1,,2026-12-07,active,1382
ORD-5747,CUST-213,ST-14,,05-03-2026,closed,"$16,606.00"
ORD-5748,CUST-4094,ST-13,CP-144,2026-03-05,PENDING,8284
ORD-5749,CUST-1137,ST-10,,2026-10-07,CLOSED,"$15,228.00"
ORD-5750,CUST-2379,ST-22,,2024-03-14,closed,"$9,068.00"
ORD-5751,CUST-3175,ST-20,,2026-05-07,active,"14,755.00"
ORD-5752,CUST-2828,ST-16,,05/16/2026,pending,"2,752.00"
ORD-5753,CUST-1841,ST-16,CP-118,06-04-2025,pending,"9,513.00"
ORD-5754,CUST-1850,ST-12,CP-17,11-02-2025,ACTIVE,"$2,082.00"
ORD-5755,CUST-2841,ST-4,,2026-08-11,CLOSED,17412
ORD-5756,CUST-4534,ST-8,CP-174,25-03-2026,ACTIVE,407
ORD-5757,CUST-2330,ST-6,CP-199,2024-02-28,active,"$14,270.00"
ORD-5758,CUST-683,ST-24,CP-143,2025-07-22,pending,14890
ORD-5759,CUST-3281,ST-24,,09/19/2026,PENDING,$573.00
ORD-5760,CUST-3051,ST-4,CP-40,2026-07-24,active,"7,618.00"
ORD-5761,CUST-3163,ST-20,,2025-05-13,PENDING,8428
ORD-5762,CUST-3850,ST-9,,04-11-2024,closed,328
ORD-5763,CUST-791,ST-1,,07/27/2025,closed,10295
ORD-5764,CUST-3108,ST-8,,2024-09-25,PENDING,19436
ORD-5765,CUST-3127,ST-11,,2025-10-02,active,9433
ORD-5766,CUST-3191,ST-25,,2025-07-09,active,6373
ORD-5767,CUST-11,ST-2,,02/10/2024, Active ,5262
ORD-5768,CUST-3695,ST-8,CP-182,01/18/2026,ACTIVE,7190
ORD-5769,CUST-2920,ST-14,,2024-01-01,active,"$17,387.00"
ORD-5770,CUST-3261,ST-1,,01-03-2025,pending,"$7,652.00"
ORD-5771,CUST-1134,ST-12,CP-171,2025-04-28,active,4234
ORD-5772,CUST-4419,ST-23,,2025-05-25,PENDING,"$18,904.00"
ORD-5773,CUST-2094,ST-24,,2026-12-07,ACTIVE,"$3,231.00"
ORD-5774,CUST-2412,ST-7,,08/26/2024,active,"$6,003.00"
ORD-5775,CUST-3779,ST-11,,03/24/2026,closed,8989
ORD-5776,CUST-3245,ST-13,CP-65,27-07-2024,PENDING,19665
ORD-5777,CUST-1818,ST-5,CP-54,02-04-2026,CLOSED,1960
ORD-5778,CUST-1570,ST-3,,23-01-2025,closed,7804
ORD-5779,CUST-1759,ST-5,,2026-01-20,closed,12641
ORD-5780,CUST-4152,ST-6,,2026-02-22,active,17634
ORD-5781,CUST-1976,ST-6,,03/07/2024, Active ,6058
ORD-5782,CUST-1817,ST-21,,12/10/2024,PENDING,8847
ORD-5783,CUST-2199,ST-1,,2024-10-19, Active ,2713
ORD-5784,CUST-1609,ST-23,,2025-04-21,CLOSED,$911.00
ORD-5785,CUST-2812,ST-15,CP-82,11/21/2026,CLOSED,16975
ORD-5786,CUST-3203,ST-24,,2024-04-18, Active ,"15,398.00"
ORD-5787,CUST-2950,ST-6,,09/06/2025,active,3054
ORD-5788,CUST-3228,ST-22,,05-12-2025,ACTIVE,9543
ORD-5789,CUST-3905,ST-3,,2025-03-25,active,10005
ORD-5790,CUST-2914,ST-2,CP-27,27-08-2024, Active ,14034
ORD-5791,CUST-1558,ST-21,CP-139,20-12-2024,CLOSED,"17,916.00"
ORD-5792,CUST-554,ST-17,,07/07/2024,active,"$16,645.00"
ORD-5793,CUST-4368,ST-1,CP-146,2024-02-15,active,9542
ORD-5794,CUST-580,ST-16,,2024-02-08, Active ,13870
ORD-5795,CUST-4567,ST-1,CP-93,2025-11-14,PENDING,10024
ORD-5796,CUST-1666,ST-9,,07/08/2025, Active ,19243
ORD-5797,CUST-396,ST-2,,06/27/2024,active,12180
ORD-5798,CUST-4286,ST-20,CP-138,12-01-2026,closed,"$15,905.00"
ORD-5799,CUST-1132,ST-21,,2026-08-03,closed,"$15,885.00"
ORD-5800,CUST-3229,ST-18,,2025-12-19,closed,"$1,962.00"
ORD-5801,CUST-3173,ST-3,,2025-01-14,PENDING,"$18,376.00"
ORD-5802,CUST-4713,ST-3,,2025-12-23,pending,"$14,445.00"
ORD-5803,CUST-1212,ST-8,,2026-01-22,active,"$18,300.00"
ORD-5804,CUST-3573,ST-19,,12/25/2026, Active ,"$13,557.00"
ORD-5805,CUST-3388,ST-14,CP-45,2025-11-12,PENDING,13649
ORD-5806,CUST-518,ST-2,,10-10-2025,PENDING,15393
ORD-5807,CUST-4178,ST-23,,02/22/2026,PENDING,$425.00
ORD-5808,CUST-485,ST-3,CP-5,05/10/2026,closed,5467
ORD-5809,CUST-4704,ST-20,,2024-01-06,CLOSED,10443
ORD-5810,CUST-2810,ST-2,CP-56,04/01/2024,CLOSED,"19,924.00"
ORD-5811,CUST-1094,ST-11,,23-10-2024,closed,7681
ORD-5812,CUST-1994,ST-9,CP-194,21-12-2024, Active ,"14,557.00"
ORD-5813,CUST-4881,ST-5,CP-27,10-06-2026, Active ,"$16,430.00"
ORD-5814,CUST-2318,ST-12,,06/22/2026,ACTIVE,"$7,214.00"
ORD-5815,CUST-4555,ST-25,,05/24/2024,ACTIVE,15039
ORD-5816,CUST-4781,ST-7,,10/06/2024,active,"19,116.00"
ORD-5817,CUST-1814,ST-3,,21-10-2025,PENDING,6729
ORD-5818,CUST-1806,ST-20,,04/26/2025,pending,"$5,862.00"
ORD-5819,CUST-4313,ST-11,,02/21/2025,ACTIVE,7984
ORD-5820,CUST-1982,ST-1,,24-04-2025,CLOSED,"$18,277.00"
ORD-5821,CUST-2017,ST-11,CP-178,12/12/2026,PENDING,"$9,705.00"
ORD-5822,CUST-4661,ST-6,,04/19/2024, Active ,8228
ORD-5823,CUST-4849,ST-19,,02/03/2026,closed,15562
ORD-5824,CUST-445,ST-2,CP-39,06/12/2026,CLOSED,10398
ORD-5825,CUST-3644,ST-22,,15-11-2024,closed,"18,635.00"
ORD-5826,CUST-461,ST-10,,2024-06-20,closed,19307
ORD-5827,CUST-1668,ST-1,,12/04/2024,pending,16827
ORD-5828,CUST-3270,ST-7,,2026-09-07,active,6183
ORD-5829,CUST-3112,ST-8,CP-20,12/10/2024,CLOSED,7421
ORD-5830,CUST-3927,ST-4,,06/26/2024,closed,"$13,142.00"
ORD-5831,CUST-385,ST-24,CP-54,08/04/2026,active,7339
ORD-5832,CUST-1271,ST-18,,2025-12-14, Active ,"$11,299.00"
ORD-5833,CUST-2149,ST-9,CP-69,2026-11-09,closed,11798
ORD-5834,CUST-1164,ST-18,,2024-12-02, Active ,4537
ORD-5835,CUST-2770,ST-17,CP-62,2025-02-18,closed,17709
ORD-5836,CUST-2866,ST-13,,2025-07-09, Active ,"$13,534.00"
ORD-5837,CUST-3150,ST-9,CP-82,12-03-2025, Active ,9075
ORD-5838,CUST-2393,ST-19,,2024-04-02,closed,"$16,115.00"
ORD-5839,CUST-3307,ST-16,,2025-09-09,active,"$13,373.00"
ORD-5840,CUST-2862,ST-1,,2024-04-18,PENDING,"$19,007.00"
ORD-5841,CUST-3195,ST-2,CP-1,2026-09-28,closed,"$5,910.00"
ORD-5842,CUST-141,ST-14,CP-39,2025-11-14,ACTIVE,"$14,077.00"
ORD-5843,CUST-2665,ST-16,CP-175,2026-03-03,ACTIVE,2820
ORD-5844,CUST-611,ST-6,CP-194,08-11-2024,pending,"11,301.00"
ORD-5845,CUST-3671,ST-21,CP-57,2024-12-14,closed,"$9,466.00"
ORD-5846,CUST-1415,ST-19,,2024-12-28,ACTIVE,14799
ORD-5847,CUST-3813,ST-11,,2025-11-15, Active ,12571
ORD-5848,CUST-3170,ST-11,CP-129,2024-09-03,PENDING,7185
ORD-5849,CUST-1906,ST-6,,04/12/2025,active,"19,865.00"
ORD-5850,CUST-1291,ST-19,,10/06/2024,CLOSED,$54.00
ORD-5851,CUST-4732,ST-14,CP-115,2024-01-28,CLOSED,"9,325.00"
ORD-5852,CUST-2913,ST-17,,28-08-2025,active,"$15,967.00"
ORD-5853,CUST-179,ST-22,,06/05/2026,pending,"$15,072.00"
ORD-5854,CUST-3600,ST-16,,2024-12-22,CLOSED,7595
ORD-5855,CUST-2811,ST-17,CP-21,24-08-2026,active,"4,487.00"
ORD-5856,CUST-4686,ST-5,,07/19/2026, Active ,11583
ORD-5857,CUST-4425,ST-1,,2025-11-12,active,12545
ORD-5858,CUST-1726,ST-14,,2026-08-10,pending,"$4,328.00"
ORD-5859,CUST-3572,ST-15,,2024-03-19,PENDING,19420
ORD-5860,CUST-3872,ST-13,,2025-02-12,PENDING,"6,663.00"
ORD-5861,CUST-823,ST-7,,02/24/2026,active,"8,691.00"
ORD-5862,CUST-1083,ST-6,,2024-02-25,ACTIVE,15158
ORD-5863,CUST-375,ST-12,,02/25/2026,PENDING,"$11,794.00"
ORD-5864,CUST-166,ST-5,,07/15/2025,closed,10907
ORD-5865,CUST-4561,ST-16,,2025-05-04,pending,9530
ORD-5866,CUST-3939,ST-17,,07/13/2024,active,7327
ORD-5867,CUST-2665,ST-22,,2026-04-26,PENDING,18242
ORD-5868,CUST-989,ST-11,,2026-01-13,PENDING,3866
ORD-5869,CUST-178,ST-17,,2025-09-09,CLOSED,"$17,403.00"
ORD-5870,CUST-4644,ST-4,CP-117,08-07-2025,pending,"$11,994.00"
ORD-5871,CUST-2855,ST-6,,2026-10-21,pending,14693
ORD-5872,CUST-1769,ST-11,,2025-01-15,pending,5371
ORD-5873,CUST-4845,ST-19,,2024-11-17,closed,"$18,250.00"
ORD-5874,CUST-2189,ST-7,,2026-07-28, Active ,"$18,808.00"
ORD-5875,CUST-2689,ST-3,,2026-07-09,PENDING,"$19,507.00"
ORD-5876,CUST-2623,ST-24,CP-107,2026-11-28,PENDING,"$8,300.00"
ORD-5877,CUST-473,ST-12,,2025-09-05,pending,16662
ORD-5878,CUST-4516,ST-21,CP-118,2024-10-08,pending,"$2,299.00"
ORD-5879,CUST-961,ST-18,,10/26/2025,active,15700
ORD-5880,CUST-3961,ST-20,,03/26/2024,CLOSED,4583
ORD-5881,CUST-4910,ST-16,CP-23,2026-11-05,closed,15134
ORD-5882,CUST-445,ST-19,,04-03-2026,closed,"9,142.00"
ORD-5883,CUST-1784,ST-16,,2025-09-22,ACTIVE,"$4,482.00"
ORD-5884,CUST-940,ST-24,CP-120,07/04/2024,pending,"19,412.00"
ORD-5885,CUST-3882,ST-3,,2024-04-20,closed,6080
ORD-5886,CUST-3016,ST-14,,04-03-2025,PENDING,2869
ORD-5887,CUST-137,ST-22,CP-115,2025-04-23,ACTIVE,"16,217.00"
ORD-5888,CUST-4603,ST-11,,15-01-2024,CLOSED,9360
ORD-5889,CUST-2948,ST-14,,2024-10-10,CLOSED,"$10,122.00"
ORD-5890,CUST-3408,ST-25,,2024-07-11,CLOSED,5425
ORD-5891,CUST-6,ST-22,,04/20/2024,closed,14413
ORD-5892,CUST-2814,ST-11,CP-118,2024-01-09,active,15640
ORD-5893,CUST-24,ST-9,,2024-12-04,CLOSED,"$14,111.00"
ORD-5894,CUST-4986,ST-19,CP-144,2024-03-21,pending,"11,535.00"
ORD-5895,CUST-4885,ST-16,CP-36,02/11/2024,PENDING,"12,840.00"
ORD-5896,CUST-4643,ST-15,CP-128,2025-05-28,pending,6584
ORD-5897,CUST-4222,ST-12,,05/10/2025,closed,5393
ORD-5898,CUST-1293,ST-11,,01-10-2024, Active ,"$14,690.00"
ORD-5899,CUST-2727,ST-13,,2024-08-21,closed,16303
ORD-5900,CUST-2151,ST-24,CP-163,2024-08-22,active,"3,766.00"
ORD-5901,CUST-34,ST-8,,2024-01-08,active,"19,483.00"
ORD-5902,CUST-163,ST-16,CP-103,2024-02-18,CLOSED,6583
ORD-5903,CUST-870,ST-13,CP-76,2024-01-09,CLOSED,"11,149.00"
ORD-5904,CUST-1433,ST-1,,2025-08-19,PENDING,80
ORD-5905,CUST-3134,ST-8,,2025-11-22,active,"2,883.00"
ORD-5906,CUST-232,ST-15,,2024-01-23,closed,8126
ORD-5907,CUST-2660,ST-2,,17-12-2025,ACTIVE,"15,715.00"
ORD-5908,CUST-2522,ST-2,CP-94,2024-09-21,CLOSED,19197
ORD-5909,CUST-2905,ST-9,CP-118,2024-08-16,PENDING,"$2,295.00"
ORD-5910,CUST-4621,ST-20,CP-33,2026-10-09,closed,"15,184.00"
ORD-5911,CUST-3947,ST-21,,17-04-2025,pending,8381
ORD-5912,CUST-4339,ST-9,,2024-05-02,PENDING,"$18,017.00"
ORD-5913,CUST-2888,ST-15,,11/24/2025,CLOSED,7054
ORD-5914,CUST-3331,ST-7,,2025-09-27,active,3478
ORD-5915,CUST-3340,ST-3,,05/17/2024,active,8305
ORD-5916,CUST-82,ST-2,,2024-11-20,PENDING,"19,839.00"
ORD-5917,CUST-300,ST-4,,2025-07-22, Active ,14232
ORD-5918,CUST-939,ST-16,,04/16/2026,PENDING,"$13,398.00"
ORD-5919,CUST-1308,ST-14,CP-60,12/20/2025,closed,"2,580.00"
ORD-5920,CUST-3395,ST-13,CP-51,19-11-2025,ACTIVE,19389
ORD-5921,CUST-2440,ST-7,,03-08-2024,CLOSED,9168
ORD-5922,CUST-3861,ST-19,,07/25/2025,ACTIVE,"$7,687.00"
ORD-5923,CUST-2472,ST-1,,09/21/2026,ACTIVE,1019
ORD-5924,CUST-4167,ST-16,,2026-12-03,closed,17991
ORD-5925,CUST-39,ST-19,CP-179,2025-04-22,closed,"$4,477.00"
ORD-5926,CUST-2800,ST-23,CP-153,2026-01-03, Active ,16412
ORD-5927,CUST-2184,ST-10,,2026-09-02,CLOSED,8699
ORD-5928,CUST-3049,ST-15,,06/27/2026,CLOSED,"19,883.00"
ORD-5929,CUST-4385,ST-6,,10/12/2026,active,17942
ORD-5930,CUST-4104,ST-20,CP-158,2025-01-28,CLOSED,"19,736.00"
ORD-5931,CUST-3845,ST-14,CP-101,08/19/2025,closed,"$8,504.00"
ORD-5932,CUST-458,ST-20,,2025-02-24,CLOSED,13992
ORD-5933,CUST-2922,ST-14,,2025-02-28, Active ,2229
ORD-5934,CUST-4849,ST-23,,2025-11-16,closed,"$6,472.00"
ORD-5935,CUST-1158,ST-9,,2025-12-10,ACTIVE,5807
ORD-5936,CUST-2020,ST-15,CP-145,2026-03-10,closed,"11,270.00"
ORD-5937,CUST-358,ST-11,CP-17,13-11-2026,pending,7944
ORD-5938,CUST-3197,ST-23,CP-173,2026-04-26, Active ,"12,758.00"
ORD-5939,CUST-1248,ST-1,,02/19/2026,closed,"$7,993.00"
ORD-5940,CUST-163,ST-14,CP-139,2024-05-27,PENDING,"$13,464.00"
ORD-5941,CUST-2814,ST-17,CP-52,2024-09-07,ACTIVE,"$12,787.00"
ORD-5942,CUST-1407,ST-2,CP-132,22-02-2026,active,"8,672.00"
ORD-5943,CUST-2662,ST-13,,2026-01-22,pending,3669
ORD-5944,CUST-4958,ST-23,,2024-03-26,active,"10,406.00"
ORD-5945,CUST-493,ST-20,,03/18/2024,pending,15019
ORD-5946,CUST-1692,ST-6,,07/24/2024,ACTIVE,18206
ORD-5947,CUST-4125,ST-10,,05/28/2026,active,"$14,217.00"
ORD-5948,CUST-3894,ST-11,,06/22/2025,PENDING,18211
ORD-5949,CUST-1977,ST-5,,2026-09-21,closed,"5,161.00"
ORD-5950,CUST-4095,ST-17,,03/04/2024, Active ,"$19,621.00"
ORD-5951,CUST-3068,ST-17,,2025-02-13,closed,"17,915.00"
ORD-5952,CUST-1055,ST-13,,2024-05-04,CLOSED,"$19,307.00"
ORD-5953,CUST-2060,ST-18,,24-06-2026, Active ,19244
ORD-5954,CUST-1288,ST-2,,2024-07-22, Active ,3473
ORD-5955,CUST-2807,ST-4,,05-01-2025,CLOSED,"$10,563.00"
ORD-5956,CUST-307,ST-6,,2024-08-13,ACTIVE,11551
ORD-5957,CUST-1035,ST-12,,2025-02-02,pending,17190
ORD-5958,CUST-4884,ST-6,,03/05/2025,PENDING,"$8,586.00"
ORD-5959,CUST-1123,ST-10,,2024-07-15,closed,11465
ORD-5960,CUST-3517,ST-8,,16-12-2026,active,10770
ORD-5961,CUST-2066,ST-20,,08/19/2024, Active ,"2,860.00"
ORD-5962,CUST-2860,ST-19,,11/18/2026,ACTIVE,"$9,668.00"
ORD-5963,CUST-3425,ST-22,CP-118,12/27/2025,active,15052
ORD-5964,CUST-3090,ST-7,,07/16/2024,CLOSED,"$11,318.00"
ORD-5965,CUST-2773,ST-16,,2026-10-10,pending,12271
ORD-5966,CUST-2234,ST-23,,09-01-2025,PENDING,17696
ORD-5967,CUST-581,ST-25,,2025-05-12,CLOSED,16149
ORD-5968,CUST-4230,ST-22,,2024-02-10,active,10956
ORD-5969,CUST-2618,ST-14,,2025-12-01,CLOSED,16903
ORD-5970,CUST-899,ST-11,CP-171,2025-08-23, Active ,$70.00
ORD-5971,CUST-2373,ST-11,,08/03/2024,ACTIVE,"$17,698.00"
ORD-5972,CUST-1786,ST-4,CP-86,2024-01-18,active,1020
ORD-5973,CUST-3437,ST-25,CP-192,05-06-2025,CLOSED,9441
ORD-5974,CUST-1298,ST-25,,12-09-2025,closed,"11,348.00"
ORD-5975,CUST-1030,ST-12,CP-101,2025-08-15,PENDING,9574
ORD-5976,CUST-1597,ST-11,,2025-09-19,ACTIVE,"$8,070.00"
ORD-5977,CUST-1502,ST-7,CP-82,11/19/2026,active,"$2,919.00"
ORD-5978,CUST-3656,ST-21,,2024-08-18,active,17451
ORD-5979,CUST-670,ST-23,,02/02/2025,ACTIVE,18628
ORD-5980,CUST-4519,ST-16,,02/20/2024,PENDING,"$6,978.00"
ORD-5981,CUST-4803,ST-20,,2026-01-23,active,"$12,520.00"
ORD-5982,CUST-2857,ST-21,,11/23/2025,closed,13483
ORD-5983,CUST-1287,ST-10,,01-10-2026,CLOSED,"1,237.00"
ORD-5984,CUST-1258,ST-2,,2024-12-23,PENDING,14273
ORD-5985,CUST-958,ST-17,CP-39,28-12-2024,active,"11,432.00"
ORD-5986,CUST-1581,ST-25,,08/10/2025,PENDING,9887
ORD-5987,CUST-4266,ST-1,CP-163,11/16/2026,pending,12791
ORD-5988,CUST-4540,ST-8,CP-187,27-01-2025,pending,"$16,548.00"
ORD-5989,CUST-3539,ST-9,CP-135,05/23/2025,pending,19726
ORD-5990,CUST-3372,ST-20,,01/26/2024,pending,10177
ORD-5991,CUST-41,ST-16,,10/22/2025, Active ,"19,549.00"
ORD-5992,CUST-4224,ST-14,,08/09/2025,PENDING,4042
ORD-5993,CUST-4130,ST-4,,2024-11-01,active,"$18,508.00"
ORD-5994,CUST-527,ST-5,,26-11-2024,closed,11970
ORD-5995,CUST-3838,ST-16,,2025-10-23,active,11266
ORD-5996,CUST-3933,ST-24,CP-64,04/01/2026,pending,534
ORD-5997,CUST-3287,ST-25,,2026-04-04,closed,2998
ORD-5998,CUST-2717,ST-13,,2024-07-28,pending,7660
ORD-5999,CUST-1308,ST-12,,10/02/2025, Active ,"1,315.00"
ORD-6000,CUST-4784,ST-17,,02-01-2026,PENDING,16911
ORD-6001,CUST-2729,ST-2,,2026-05-24,PENDING,8518
ORD-6002,CUST-699,ST-16,CP-156,17-07-2024, Active ,6742
ORD-6003,CUST-1845,ST-14,,12-11-2025,CLOSED,"$17,070.00"
ORD-6004,CUST-2537,ST-24,CP-184,15-05-2025,active,4057
ORD-6005,CUST-2573,ST-12,,11/14/2025,active,379.00
ORD-6006,CUST-472,ST-11,CP-95,01-10-2025,CLOSED,"6,848.00"
ORD-6007,CUST-1192,ST-1,CP-159,12/23/2026,pending,"$2,738.00"
ORD-6008,CUST-2145,ST-13,,2025-12-13,closed,8268
ORD-6009,CUST-3771,ST-14,,19-09-2025, Active ,"6,185.00"
ORD-6010,CUST-523,ST-24,,02-12-2024,active,"$19,488.00"
ORD-6011,CUST-3481,ST-22,,2026-05-09,active,"$11,387.00"
ORD-6012,CUST-2215,ST-16,,2024-08-23,active,3296
ORD-6013,CUST-4982,ST-4,,09/22/2025, Active ,"$14,200.00"
ORD-6014,CUST-3424,ST-4,CP-192,07/06/2024,CLOSED,7536
ORD-6015,CUST-3323,ST-12,CP-72,2025-10-21,PENDING,14470
ORD-6016,CUST-1423,ST-18,,06/09/2024,PENDING,"$6,008.00"
ORD-6017,CUST-123,ST-22,,09/24/2024,active,"16,150.00"
ORD-6018,CUST-1851,ST-25,,2024-02-27,closed,1391
ORD-6019,CUST-4033,ST-13,CP-48,2024-10-03,closed,"$10,179.00"
ORD-6020,CUST-1621,ST-13,,01/03/2026,closed,"$10,685.00"
ORD-6021,CUST-1868,ST-11,CP-85,2026-07-05, Active ,1011
ORD-6022,CUST-3180,ST-18,CP-167,2024-05-17,ACTIVE,12358
ORD-6023,CUST-1765,ST-2,,10/07/2024,active,7947
ORD-6024,CUST-3871,ST-7,,26-10-2026,active,"$8,320.00"
ORD-6025,CUST-768,ST-7,CP-7,07/03/2025, Active ,7963
ORD-6026,CUST-2131,ST-7,,01/07/2025,pending,"$18,551.00"
ORD-6027,CUST-1430,ST-21,,03/16/2024,active,"$7,772.00"
ORD-6028,CUST-4119,ST-15,,10/03/2024,PENDING,13874
ORD-6029,CUST-4397,ST-11,CP-3,20-11-2026,ACTIVE,"$12,948.00"
ORD-6030,CUST-1112,ST-2,CP-72,2024-07-11,closed,"$4,607.00"
ORD-6031,CUST-53,ST-8,,2024-01-27, Active ,"$19,514.00"
ORD-6032,CUST-2754,ST-6,,2025-12-15,closed,19124
ORD-6033,CUST-3703,ST-1,,2025-02-22,closed,15377
ORD-6034,CUST-3533,ST-5,,09/12/2024,closed,14119
ORD-6035,CUST-841,ST-3,CP-12,25-06-2025, Active ,"$4,784.00"
ORD-6036,CUST-3909,ST-5,CP-79,08/07/2025,pending,"3,554.00"
ORD-6037,CUST-3047,ST-20,,2026-06-03,PENDING,9974
ORD-6038,CUST-1109,ST-3,CP-167,2026-05-03,active,8675
ORD-6039,CUST-80,ST-25,,16-11-2025,ACTIVE,1911
ORD-6040,CUST-603,ST-21,,12-11-2024,pending,"19,781.00"
ORD-6041,CUST-203,ST-14,,09/18/2024,CLOSED,"14,042.00"
ORD-6042,CUST-3801,ST-7,,08-12-2024,ACTIVE,11512
ORD-6043,CUST-4757,ST-17,CP-43,11-12-2025, Active ,"$19,772.00"
ORD-6044,CUST-86,ST-17,,08/17/2026,closed,4842
ORD-6045,CUST-3581,ST-14,,2026-07-24,pending,10226
ORD-6046,CUST-3599,ST-19,CP-97,2026-09-03,closed,"3,570.00"
ORD-6047,CUST-808,ST-7,,2026-05-20,active,"14,616.00"
ORD-6048,CUST-4754,ST-21,,22-07-2024, Active ,$606.00
ORD-6049,CUST-3415,ST-25,,08/26/2025,pending,6415
ORD-6050,CUST-1739,ST-1,,13-08-2025,ACTIVE,"5,322.00"
ORD-6051,CUST-358,ST-15,,05/26/2026,CLOSED,3789
ORD-6052,CUST-514,ST-4,,06/25/2025,active,"$18,660.00"
ORD-6053,CUST-3849,ST-19,CP-28,08/06/2024,active,"$15,094.00"
ORD-6054,CUST-4122,ST-18,,03/09/2026,ACTIVE,"19,377.00"
ORD-6055,CUST-4248,ST-6,CP-33,03/02/2024,CLOSED,"$19,664.00"
ORD-6056,CUST-1456,ST-15,,2024-06-23,active,"6,246.00"
ORD-6057,CUST-1056,ST-20,CP-184,2026-06-17,active,"$17,665.00"
ORD-6058,CUST-255,ST-21,,2024-06-21,active,"15,555.00"
ORD-6059,CUST-581,ST-14,CP-17,28-03-2024,pending,11273
ORD-6060,CUST-4528,ST-18,CP-82,05/23/2025,CLOSED,4495
ORD-6061,CUST-2050,ST-1,,21-12-2026,active,4842
ORD-6062,CUST-2984,ST-2,CP-14,2025-07-14,active,"$6,480.00"
ORD-6063,CUST-496,ST-14,CP-149,21-10-2025,pending,107
ORD-6064,CUST-3870,ST-5,,2026-07-05,ACTIVE,12370
ORD-6065,CUST-1168,ST-8,CP-193,14-04-2026,PENDING,17782
ORD-6066,CUST-2229,ST-17,,2025-05-17,active,"$8,777.00"
ORD-6067,CUST-4614,ST-17,,10-06-2024,pending,"$14,198.00"
ORD-6068,CUST-4225,ST-19,CP-93,05/13/2026,ACTIVE,2086
ORD-6069,CUST-1276,ST-17,,17-10-2024,pending,1722
ORD-6070,CUST-354,ST-16,,10/09/2025,ACTIVE,3066
ORD-6071,CUST-3426,ST-14,,19-10-2026,CLOSED,6615
ORD-6072,CUST-3648,ST-20,,2026-09-09,ACTIVE,"$5,436.00"
ORD-6073,CUST-1375,ST-12,CP-130,2025-05-18,PENDING,7358
ORD-6074,CUST-2042,ST-2,CP-200,15-09-2024, Active ,13167
ORD-6075,CUST-1224,ST-17,,23-12-2025,pending,"17,418.00"
ORD-6076,CUST-4970,ST-17,CP-10,03/12/2024,pending,9989
ORD-6077,CUST-40,ST-14,,03-01-2024,closed,13148
ORD-6078,CUST-4308,ST-21,,10/06/2026,PENDING,102
ORD-6079,CUST-190,ST-21,CP-129,25-05-2026, Active ,"$6,015.00"
ORD-6080,CUST-4337,ST-18,,07/05/2026,PENDING,"$14,932.00"
ORD-6081,CUST-1884,ST-19,,2025-08-14,closed,"10,756.00"
ORD-6082,CUST-4118,ST-4,,2025-11-14, Active ,"$13,480.00"
ORD-6083,CUST-3414,ST-14,,2026-05-05, Active ,"$5,772.00"
ORD-6084,CUST-3218,ST-15,CP-104,2026-03-18, Active ,17595
ORD-6085,CUST-3820,ST-11,,23-05-2026, Active ,"$8,184.00"
ORD-6086,CUST-2823,ST-1,,28-10-2025,PENDING,"9,541.00"
ORD-6087,CUST-3582,ST-13,CP-6,12/10/2025,ACTIVE,16082
ORD-6088,CUST-1307,ST-22,,07-04-2025,active,"$5,811.00"
ORD-6089,CUST-3865,ST-16,CP-188,2024-10-04,pending,"$6,034.00"
ORD-6090,CUST-358,ST-20,,2026-07-07,CLOSED,6695
ORD-6091,CUST-3446,ST-4,,2025-09-13,pending,4095
ORD-6092,CUST-3947,ST-11,CP-36,2024-10-10,CLOSED,7255
ORD-6093,CUST-1668,ST-5,CP-25,04/01/2026,pending,"$6,061.00"
ORD-6094,CUST-1330,ST-15,CP-89,08-02-2025,active,312
ORD-6095,CUST-191,ST-14,,08-07-2025,ACTIVE,"5,384.00"
ORD-6096,CUST-3657,ST-4,CP-111,11/27/2024,active,"$16,340.00"
ORD-6097,CUST-2634,ST-23,,17-03-2026,ACTIVE,"$1,497.00"
ORD-6098,CUST-4076,ST-18,,2026-09-11,pending,"$1,698.00"
ORD-6099,CUST-2909,ST-22,,2026-08-20,pending,8800
ORD-6100,CUST-2851,ST-20,CP-59,2026-03-01, Active ,"11,011.00"
ORD-6101,CUST-3835,ST-25,,2024-08-18,CLOSED,"$16,237.00"
ORD-6102,CUST-2411,ST-24,,11/10/2025,pending,8068
ORD-6103,CUST-4376,ST-10,,12/19/2024, Active ,"$9,951.00"
ORD-6104,CUST-2759,ST-10,CP-104,2026-09-05,ACTIVE,"$11,351.00"
ORD-6105,CUST-4500,ST-3,,12/11/2025,ACTIVE,"12,851.00"
ORD-6106,CUST-2068,ST-25,,2024-04-02,ACTIVE,"6,437.00"
ORD-6107,CUST-2704,ST-7,,2025-07-16,active,10066
ORD-6108,CUST-840,ST-15,,2026-10-26, Active ,13844
ORD-6109,CUST-2152,ST-15,,2026-06-18,pending,"$10,444.00"
ORD-6110,CUST-37,ST-19,,2024-10-26, Active ,18071
ORD-6111,CUST-2380,ST-16,,2026-10-05,pending,19954
ORD-6112,CUST-3843,ST-2,CP-174,2025-09-10,closed,3563
ORD-6113,CUST-3431,ST-1,CP-114,2024-02-27,CLOSED,18443
ORD-6114,CUST-4117,ST-4,CP-156,2024-12-19,PENDING,3616
ORD-6115,CUST-167,ST-6,,2024-02-08,closed,"7,966.00"
ORD-6116,CUST-3834,ST-3,CP-174,2025-09-14,active,"$17,965.00"
ORD-6117,CUST-1072,ST-6,,2024-02-22,closed,"$6,741.00"
ORD-6118,CUST-1685,ST-10,CP-131,04/06/2025,ACTIVE,9021
ORD-6119,CUST-3083,ST-11,,2024-04-05,CLOSED,"7,230.00"
ORD-6120,CUST-934,ST-1,,09/11/2026,pending,"$4,669.00"
ORD-6121,CUST-73,ST-14,CP-161,02-04-2024,PENDING,"$9,050.00"
ORD-6122,CUST-4150,ST-4,,2025-10-19,PENDING,"18,669.00"
ORD-6123,CUST-3949,ST-21,,2025-02-10,closed,"$9,666.00"
ORD-6124,CUST-2603,ST-25,,2025-03-28,closed,"$3,767.00"
ORD-6125,CUST-4022,ST-12,,2024-12-01,closed,10705
ORD-6126,CUST-4296,ST-21,CP-183,06/06/2024,PENDING,14230
ORD-6127,CUST-4789,ST-3,CP-90,2025-05-06,ACTIVE,"$1,303.00"
ORD-6128,CUST-2572,ST-15,,2024-10-16,pending,9388
ORD-6129,CUST-2049,ST-13,CP-54,2024-11-15,CLOSED,17202
ORD-6130,CUST-200,ST-14,,2025-07-26,ACTIVE,755
ORD-6131,CUST-1598,ST-20,,08-06-2024,closed,5760
ORD-6132,CUST-369,ST-6,,2025-05-23,pending,"$4,658.00"
ORD-6133,CUST-4575,ST-8,,2025-12-12,ACTIVE,"$1,167.00"
ORD-6134,CUST-158,ST-23,CP-40,2026-11-17,ACTIVE,"$18,852.00"
ORD-6135,CUST-4376,ST-24,,2024-12-05, Active ,"$4,819.00"
ORD-6136,CUST-2860,ST-6,,2025-04-06,pending,18614
ORD-6137,CUST-1241,ST-12,CP-89,2024-01-23,CLOSED,"$3,212.00"
ORD-6138,CUST-179,ST-3,CP-88,10/11/2024,PENDING,"$16,581.00"
ORD-6139,CUST-4667,ST-9,CP-17,05-06-2025,ACTIVE,18482
ORD-6140,CUST-1363,ST-1,,2024-10-24,CLOSED,"$2,202.00"
ORD-6141,CUST-88,ST-7,,02/06/2024,active,"11,464.00"
ORD-6142,CUST-145,ST-3,CP-61,11/18/2024,ACTIVE,"$13,071.00"
ORD-6143,CUST-1612,ST-20,,11/13/2024,CLOSED,$822.00
ORD-6144,CUST-298,ST-2,CP-103,02-06-2025,active,"9,852.00"
ORD-6145,CUST-4970,ST-12,CP-37,04/28/2025,pending,4417
ORD-6146,CUST-839,ST-18,,10/26/2025,active,11347
ORD-6147,CUST-1131,ST-5,CP-64,05/07/2025, Active ,18215
ORD-6148,CUST-858,ST-16,,2024-05-11,CLOSED,12966
ORD-6149,CUST-4465,ST-25,,19-08-2025,ACTIVE,10403
ORD-6150,CUST-1437,ST-12,,2024-09-07,pending,"1,465.00"
ORD-6151,CUST-4418,ST-21,,12/03/2026,pending,3347
ORD-6152,CUST-2505,ST-18,,01-04-2024, Active ,"18,856.00"
ORD-6153,CUST-4665,ST-11,CP-199,2026-01-22,pending,11299
ORD-6154,CUST-4294,ST-24,,17-07-2025,closed,16507
ORD-6155,CUST-1103,ST-1,CP-198,2026-03-11, Active ,14024
ORD-6156,CUST-37,ST-10,CP-179,2025-10-26,active,"9,272.00"
ORD-6157,CUST-1135,ST-7,,2025-03-12, Active ,$798.00
ORD-6158,CUST-2312,ST-4,,2025-04-02,PENDING,"$7,312.00"
ORD-6159,CUST-758,ST-11,,12/10/2026,pending,"6,582.00"
ORD-6160,CUST-2342,ST-7,,2026-10-15,CLOSED,3664
ORD-6161,CUST-651,ST-12,CP-110,2024-10-28,pending,8931
ORD-6162,CUST-2629,ST-22,CP-68,13-03-2026,ACTIVE,7480
ORD-6163,CUST-3896,ST-5,,04/23/2024,active,"8,326.00"
ORD-6164,CUST-2201,ST-2,,2025-02-14,PENDING,11376
ORD-6165,CUST-2883,ST-11,,2025-12-01,CLOSED,"$3,089.00"
ORD-6166,CUST-4298,ST-13,,2025-12-13,PENDING,894
ORD-6167,CUST-130,ST-6,CP-164,2024-11-22,CLOSED,"$1,214.00"
ORD-6168,CUST-16,ST-24,CP-92,2024-04-23,pending,"$15,569.00"
ORD-6169,CUST-4537,ST-4,,2025-12-13,active,"13,134.00"
ORD-6170,CUST-2115,ST-1,,09/18/2025, Active ,3146
ORD-6171,CUST-2037,ST-12,,2026-01-26,closed,"$4,121.00"
ORD-6172,CUST-4432,ST-11,,2025-11-08,closed,"$13,563.00"
ORD-6173,CUST-4570,ST-14,,07/26/2025, Active ,"9,501.00"
ORD-6174,CUST-622,ST-24,,07-11-2025,closed,"$2,536.00"
ORD-6175,CUST-609,ST-1,CP-137,07/24/2026,CLOSED,14324
ORD-6176,CUST-2387,ST-6,,2026-11-24,closed,"$2,560.00"
ORD-6177,CUST-2141,ST-18,,2024-02-20,PENDING,2806
ORD-6178,CUST-4000,ST-23,CP-131,2024-07-09,PENDING,8637
ORD-6179,CUST-4145,ST-6,CP-65,08-11-2025, Active ,14069
ORD-6180,CUST-649,ST-16,,2026-02-12,PENDING,18819
ORD-6181,CUST-4004,ST-16,,2024-07-25,active,"9,312.00"
ORD-6182,CUST-965,ST-22,,2025-08-02,ACTIVE,11224
ORD-6183,CUST-928,ST-8,,18-06-2025,closed,15951
ORD-6184,CUST-1181,ST-18,,2024-06-21,pending,"$19,083.00"
ORD-6185,CUST-4790,ST-18,,2025-04-06,active,10723
ORD-6186,CUST-2297,ST-12,CP-154,09-05-2025,ACTIVE,19694
ORD-6187,CUST-3901,ST-10,,04/09/2024,ACTIVE,18272
ORD-6188,CUST-2507,ST-5,CP-83,2025-03-01,pending,19710
ORD-6189,CUST-2967,ST-17,,2024-01-08,PENDING,14703
ORD-6190,CUST-3127,ST-8,CP-157,2026-01-11,closed,$159.00
ORD-6191,CUST-3886,ST-2,,2025-05-06,CLOSED,"$6,044.00"
ORD-6192,CUST-1108,ST-15,CP-25,03/14/2024,ACTIVE,13286
ORD-6193,CUST-1771,ST-9,,08/08/2026,ACTIVE,"12,842.00"
ORD-6194,CUST-2627,ST-16,CP-145,06-04-2025,ACTIVE,336
ORD-6195,CUST-4203,ST-6,CP-4,15-10-2025, Active ,"3,999.00"
ORD-6196,CUST-4819,ST-9,CP-56,2024-06-15,closed,9106
ORD-6197,CUST-2274,ST-21,CP-182,2024-05-17,closed,2346
ORD-6198,CUST-1634,ST-12,CP-187,2026-07-08,pending,"$5,593.00"
ORD-6199,CUST-170,ST-4,,2026-02-01, Active ,7438
ORD-6200,CUST-374,ST-24,,07/21/2025,ACTIVE,"15,062.00"
ORD-6201,CUST-4983,ST-2,,2025-03-04,ACTIVE,"$13,864.00"
ORD-6202,CUST-2204,ST-15,,04/10/2026,CLOSED,"12,069.00"
ORD-6203,CUST-4832,ST-2,,12/25/2024,pending,14170
ORD-6204,CUST-2291,ST-17,,2024-06-24,pending,"16,257.00"
ORD-6205,CUST-301,ST-6,,2026-05-24,active,17120
ORD-6206,CUST-3776,ST-5,,06/10/2025,CLOSED,273
ORD-6207,CUST-3995,ST-22,,2024-05-02,CLOSED,"1,750.00"
ORD-6208,CUST-2280,ST-8,,2024-02-28, Active ,10822
ORD-6209,CUST-4087,ST-24,,2025-11-11,ACTIVE,"$1,835.00"
ORD-6210,CUST-4657,ST-21,,2025-05-11,ACTIVE,"$17,075.00"
ORD-6211,CUST-3516,ST-24,,02/10/2024,pending,7221
ORD-6212,CUST-3628,ST-20,,26-05-2025,active,"$7,858.00"
ORD-6213,CUST-495,ST-17,CP-58,06/03/2026,active,"$11,733.00"
ORD-6214,CUST-4753,ST-14,,17-08-2024,PENDING,9001
ORD-6215,CUST-1976,ST-22,,03/13/2024,ACTIVE,14844
ORD-6216,CUST-3811,ST-16,,11/26/2026,active,11669
ORD-6217,CUST-4610,ST-23,,2024-04-27,active,6218
ORD-6218,CUST-3055,ST-2,CP-10,2025-11-17, Active ,"14,714.00"
ORD-6219,CUST-4731,ST-15,,2025-04-25,closed,542
ORD-6220,CUST-601,ST-1,,2026-05-26,CLOSED,"18,678.00"
ORD-6221,CUST-3418,ST-23,,2026-10-21,ACTIVE,19151
ORD-6222,CUST-781,ST-16,CP-31,25-07-2026,PENDING,"$7,636.00"
ORD-6223,CUST-2143,ST-16,CP-116,2024-03-28,pending,11701
ORD-6224,CUST-2980,ST-22,,2024-08-24,closed,"13,259.00"
ORD-6225,CUST-3317,ST-9,CP-187,2026-04-22,pending,1453
ORD-6226,CUST-1463,ST-14,,05-10-2024,closed,11775
ORD-6227,CUST-1713,ST-14,CP-44,15-09-2026,PENDING,"2,493.00"
ORD-6228,CUST-152,ST-10,,2025-05-21,CLOSED,7560
ORD-6229,CUST-3679,ST-3,,2026-11-02,PENDING,18482
ORD-6230,CUST-4594,ST-15,,2025-04-03, Active ,"$11,981.00"
ORD-6231,CUST-3253,ST-9,,2026-10-23,CLOSED,2057
ORD-6232,CUST-2230,ST-8,,22-12-2024,active,"$17,389.00"
ORD-6233,CUST-1465,ST-16,CP-103,2024-03-24,PENDING,14564
ORD-6234,CUST-4527,ST-20,,2026-11-26,PENDING,"$14,740.00"
ORD-6235,CUST-2890,ST-21,,21-10-2024,PENDING,"$1,574.00"
ORD-6236,CUST-4318,ST-6,,26-12-2025,pending,18632
ORD-6237,CUST-3375,ST-12,,03/02/2024, Active ,"2,280.00"
ORD-6238,CUST-4467,ST-19,,2026-11-09,CLOSED,2274
ORD-6239,CUST-4133,ST-18,,27-02-2024,ACTIVE,16756
ORD-6240,CUST-1887,ST-21,,2026-10-22,ACTIVE,"$13,555.00"
ORD-6241,CUST-2953,ST-2,,02/27/2024,CLOSED,96
ORD-6242,CUST-1806,ST-2,,2026-08-25,pending,"$18,046.00"
ORD-6243,CUST-2026,ST-17,CP-56,08/01/2026,pending,"19,896.00"
ORD-6244,CUST-2279,ST-1,,2024-02-17,CLOSED,"$4,668.00"
ORD-6245,CUST-2977,ST-5,,22-08-2024,ACTIVE,6747
ORD-6246,CUST-3048,ST-25,CP-21,12/19/2025, Active ,"$3,466.00"
ORD-6247,CUST-1290,ST-13,,2025-06-28,active,6400
ORD-6248,CUST-3655,ST-24,,08/24/2024,active,14171
ORD-6249,CUST-3374,ST-3,CP-195,08/13/2024,closed,"$17,054.00"
ORD-6250,CUST-3112,ST-21,,05-01-2024,pending,2195
ORD-6251,CUST-2196,ST-2,,2025-04-28,closed,"13,230.00"
ORD-6252,CUST-2031,ST-21,CP-80,2026-05-13,active,9670
ORD-6253,CUST-2622,ST-13,,2026-12-07,CLOSED,"$5,730.00"
ORD-6254,CUST-4104,ST-19,,2024-12-25,ACTIVE,"$11,887.00"
ORD-6255,CUST-3607,ST-2,CP-26,04/17/2026,PENDING,19964
ORD-6256,CUST-1661,ST-1,,02/01/2024,PENDING,1359
ORD-6257,CUST-1023,ST-6,CP-44,2025-11-05,closed,"1,670.00"
ORD-6258,CUST-3751,ST-19,CP-64,2025-09-07,PENDING,"$13,876.00"
ORD-6259,CUST-2177,ST-12,,2025-05-23,closed,12091
ORD-6260,CUST-1704,ST-9,,04/06/2025, Active ,"17,089.00"
ORD-6261,CUST-16,ST-7,,2024-07-17,CLOSED,"16,960.00"
ORD-6262,CUST-2442,ST-4,,2024-06-12, Active ,4684
ORD-6263,CUST-4565,ST-1,CP-78,2024-10-04,CLOSED,9204
ORD-6264,CUST-1842,ST-3,,05-01-2025,pending,"16,264.00"
ORD-6265,CUST-4527,ST-5,,01/14/2025,pending,"9,393.00"
ORD-6266,CUST-3243,ST-2,,09-07-2026,pending,8670
ORD-6267,CUST-814,ST-1,CP-120,09/17/2024, Active ,"8,707.00"
ORD-6268,CUST-1218,ST-3,,09/16/2025,active,"$18,910.00"
ORD-6269,CUST-4265,ST-11,CP-7,2026-07-06,ACTIVE,"$5,093.00"
ORD-6270,CUST-2192,ST-4,,26-07-2025,CLOSED,15692
ORD-6271,CUST-228,ST-11,,06-07-2024,closed,"$10,406.00"
ORD-6272,CUST-2058,ST-1,,2025-05-21, Active ,15208
ORD-6273,CUST-2413,ST-21,,05/25/2024,active,"$11,539.00"
ORD-6274,CUST-3814,ST-10,CP-63,2025-07-02,closed,"7,837.00"
ORD-6275,CUST-4870,ST-18,,2024-08-09,PENDING,"19,117.00"
ORD-6276,CUST-726,ST-2,CP-20,2025-02-14,CLOSED,10318
ORD-6277,CUST-928,ST-21,CP-36,2026-11-15, Active ,18934
ORD-6278,CUST-98,ST-2,,02/20/2024,CLOSED,"$8,250.00"
ORD-6279,CUST-4754,ST-7,CP-164,11/03/2024,PENDING,18098
ORD-6280,CUST-4761,ST-12,,2025-11-16,ACTIVE,14441
ORD-6281,CUST-2527,ST-13,,2026-03-18,CLOSED,8973
ORD-6282,CUST-4361,ST-9,,2026-12-15,closed,"17,075.00"
ORD-6283,CUST-1733,ST-10,CP-7,2025-09-20,PENDING,14772
ORD-6284,CUST-4407,ST-7,,11/05/2026,PENDING,"$15,155.00"
ORD-6285,CUST-727,ST-24,,12/23/2025,CLOSED,2328
ORD-6286,CUST-2745,ST-19,CP-144,12/09/2024,closed,13365
ORD-6287,CUST-4200,ST-6,,2026-11-15,closed,"$9,080.00"
ORD-6288,CUST-1273,ST-4,,09/03/2026,closed,4782
ORD-6289,CUST-3218,ST-5,CP-183,11/25/2026,PENDING,"11,616.00"
ORD-6290,CUST-1212,ST-17,,2024-06-15,PENDING,$76.00
ORD-6291,CUST-242,ST-2,,09/09/2024,ACTIVE,"14,246.00"
ORD-6292,CUST-761,ST-7,,18-04-2025,ACTIVE,"9,329.00"
ORD-6293,CUST-2602,ST-15,CP-77,11-06-2026,pending,16311
ORD-6294,CUST-2935,ST-2,,17-07-2026,active,"$4,527.00"
ORD-6295,CUST-3332,ST-2,,10/16/2025,active,"17,554.00"
ORD-6296,CUST-1893,ST-23,,2026-11-15,ACTIVE,"$3,918.00"
ORD-6297,CUST-898,ST-3,CP-93,11/17/2024,ACTIVE,"$12,310.00"
ORD-6298,CUST-1103,ST-24,,2025-10-04,pending,"3,892.00"
ORD-6299,CUST-2650,ST-14,,01/19/2026, Active ,18791
ORD-6300,CUST-2427,ST-24,,2025-04-15,ACTIVE,"15,289.00"
ORD-6301,CUST-2712,ST-2,,2024-12-25,active,11249
ORD-6302,CUST-3754,ST-19,,01/18/2024,active,8059
ORD-6303,CUST-124,ST-10,,11/04/2024, Active ,16713
ORD-6304,CUST-4605,ST-4,,06-09-2026,CLOSED,10613
ORD-6305,CUST-3745,ST-6,,22-05-2026,PENDING,12137
ORD-6306,CUST-1539,ST-2,,2026-10-16,active,"$15,262.00"
ORD-6307,CUST-4147,ST-12,,05/12/2025,PENDING,1622
ORD-6308,CUST-844,ST-10,CP-184,11/09/2026,CLOSED,"17,950.00"
ORD-6309,CUST-1014,ST-15,,2024-03-07,CLOSED,17309
ORD-6310,CUST-2072,ST-14,,2025-01-02,ACTIVE,4739
ORD-6311,CUST-30,ST-23,,12/18/2026, Active ,3043
ORD-6312,CUST-3960,ST-7,,2024-08-19,closed,1556
ORD-6313,CUST-2689,ST-10,,02/18/2025,ACTIVE,"$16,387.00"
ORD-6314,CUST-4618,ST-1,,2025-07-05,active,8044
ORD-6315,CUST-4017,ST-13,,08/08/2025,closed,3479
ORD-6316,CUST-556,ST-11,,06/15/2026,CLOSED,"$11,564.00"
ORD-6317,CUST-152,ST-13,,10-12-2026,ACTIVE,"2,043.00"
ORD-6318,CUST-4680,ST-21,,2024-02-28, Active ,15938
ORD-6319,CUST-336,ST-14,,2025-08-16,PENDING,"$17,535.00"
ORD-6320,CUST-589,ST-20,,11/24/2026,active,18862
ORD-6321,CUST-648,ST-3,,08-02-2025,ACTIVE,2083
ORD-6322,CUST-2640,ST-7,,2024-04-03,PENDING,"$1,309.00"
ORD-6323,CUST-2938,ST-5,,2025-01-28,PENDING,19284
ORD-6324,CUST-4573,ST-12,CP-81,01/27/2026,pending,8456
ORD-6325,CUST-4646,ST-7,,05/09/2025,active,"$1,994.00"
ORD-6326,CUST-1725,ST-15,,2024-03-16,CLOSED,153
ORD-6327,CUST-975,ST-7,CP-61,2025-10-09,ACTIVE,"3,781.00"
ORD-6328,CUST-778,ST-11,CP-200,2026-10-11,active,"17,894.00"
ORD-6329,CUST-115,ST-12,,03/15/2024,pending,15787
ORD-6330,CUST-3351,ST-2,CP-43,2026-01-19,closed,943
ORD-6331,CUST-1178,ST-23,,05/01/2024,closed,14413
ORD-6332,CUST-722,ST-2,,12/27/2025,active,5183
ORD-6333,CUST-1538,ST-16,,2025-04-19,CLOSED,"$8,307.00"
ORD-6334,CUST-63,ST-13,,10-04-2024,closed,"$10,180.00"
ORD-6335,CUST-3645,ST-10,,01-07-2024,closed,"$14,392.00"
ORD-6336,CUST-3586,ST-5,,27-07-2026,active,3690
ORD-6337,CUST-784,ST-4,CP-141,2025-08-05,active,"$6,696.00"
ORD-6338,CUST-1243,ST-23,,03/21/2026,closed,"$13,552.00"
ORD-6339,CUST-1325,ST-25,,12-07-2026,active,5899
ORD-6340,CUST-603,ST-9,,09/01/2024, Active ,6407
ORD-6341,CUST-4296,ST-7,,2025-03-21,pending,"$13,093.00"
ORD-6342,CUST-1336,ST-12,CP-32,2026-10-19,active,12090
ORD-6343,CUST-4759,ST-20,CP-95,06/13/2026,CLOSED,18258
ORD-6344,CUST-3469,ST-25,,19-05-2025,CLOSED,10264
ORD-6345,CUST-4052,ST-16,,2024-02-01,pending,6987
ORD-6346,CUST-181,ST-2,,2025-03-13,ACTIVE,"$7,537.00"
ORD-6347,CUST-3979,ST-18,,09-01-2025,PENDING,19338
ORD-6348,CUST-3804,ST-22,CP-168,2025-08-15,CLOSED,"$12,901.00"
ORD-6349,CUST-280,ST-23,,04/15/2026,active,"8,459.00"
ORD-6350,CUST-4806,ST-2,,2024-02-10,ACTIVE,6196
ORD-6351,CUST-4816,ST-16,,09/03/2025,ACTIVE,"$10,216.00"
ORD-6352,CUST-4550,ST-20,,06/21/2025,CLOSED,"16,662.00"
ORD-6353,CUST-1589,ST-13,,10/05/2026,closed,15408
ORD-6354,CUST-1304,ST-17,,2024-12-23,active,18448
ORD-6355,CUST-4030,ST-13,,2024-08-08,PENDING,19619
ORD-6356,CUST-2705,ST-25,,01/06/2025,PENDING,237.00
ORD-6357,CUST-3463,ST-6,,2026-08-03,ACTIVE,"$14,710.00"
ORD-6358,CUST-816,ST-10,,2025-09-07,PENDING,"12,086.00"
ORD-6359,CUST-648,ST-13,,01-02-2024,CLOSED,"$13,285.00"
ORD-6360,CUST-1073,ST-23,CP-53,06/17/2025, Active ,"$9,923.00"
ORD-6361,CUST-1588,ST-9,,2026-08-12,pending,"12,590.00"
ORD-6362,CUST-510,ST-23,CP-174,2026-01-10,pending,"17,271.00"
ORD-6363,CUST-3488,ST-24,CP-64,2026-10-13,pending,"$6,231.00"
ORD-6364,CUST-3437,ST-14,,2025-05-03,ACTIVE,7944
ORD-6365,CUST-283,ST-22,CP-132,2024-05-03,closed,13858
ORD-6366,CUST-2863,ST-15,,08-10-2025,PENDING,"$10,124.00"
ORD-6367,CUST-443,ST-1,CP-58,2026-12-19,active,4712
ORD-6368,CUST-26,ST-4,,11-01-2025,ACTIVE,15469
ORD-6369,CUST-2526,ST-6,,10/02/2024,active,5614
ORD-6370,CUST-2660,ST-24,,12/05/2026,pending,"3,728.00"
ORD-6371,CUST-841,ST-9,,2024-07-17,closed,"6,388.00"
ORD-6372,CUST-1594,ST-4,CP-91,2026-06-12,closed,$515.00
ORD-6373,CUST-1308,ST-12,,02/22/2026,active,5209
ORD-6374,CUST-2589,ST-20,,03/02/2026, Active ,"9,504.00"
ORD-6375,CUST-2615,ST-16,,2024-12-01,PENDING,10895
ORD-6376,CUST-2415,ST-10,,09/08/2024,PENDING,11336
ORD-6377,CUST-4265,ST-2,,2024-10-25,pending,"$2,455.00"
ORD-6378,CUST-3214,ST-15,CP-33,01/26/2024,ACTIVE,9392
ORD-6379,CUST-1699,ST-8,CP-186,2026-06-19,ACTIVE,4213
ORD-6380,CUST-3878,ST-2,,2025-10-03,PENDING,"$10,190.00"
ORD-6381,CUST-974,ST-6,CP-125,07-04-2026,PENDING,11375
ORD-6382,CUST-795,ST-5,,2025-06-18,closed,15974
ORD-6383,CUST-4875,ST-20,,15-05-2025, Active ,"4,505.00"
ORD-6384,CUST-4547,ST-3,,2024-11-15,PENDING,"14,350.00"
ORD-6385,CUST-4901,ST-14,CP-83,07/05/2025,pending,"19,686.00"
ORD-6386,CUST-1091,ST-25,CP-116,06/25/2026, Active ,"$7,960.00"
ORD-6387,CUST-2312,ST-4,,08/13/2024, Active ,"$12,534.00"
ORD-6388,CUST-3318,ST-1,,09/04/2024, Active ,9272
ORD-6389,CUST-3125,ST-19,,23-04-2024,closed,1268
ORD-6390,CUST-2380,ST-14,CP-31,2026-10-10,ACTIVE,19639
ORD-6391,CUST-3941,ST-8,,2024-03-03,active,291
ORD-6392,CUST-4273,ST-24,,2025-09-02,closed,"16,750.00"
ORD-6393,CUST-1645,ST-20,,10/23/2024,PENDING,5397
ORD-6394,CUST-3207,ST-18,CP-68,09/28/2025,ACTIVE,"8,627.00"
ORD-6395,CUST-2540,ST-2,,08/06/2025,pending,"11,477.00"
ORD-6396,CUST-3314,ST-2,,2025-09-12, Active ,4548
ORD-6397,CUST-2081,ST-3,,05/09/2025,closed,6342
ORD-6398,CUST-460,ST-7,,01/17/2026,active,12031
ORD-6399,CUST-4005,ST-23,CP-125,05/02/2026,closed,9742
ORD-6400,CUST-3449,ST-6,,03-10-2026, Active ,"$11,730.00"
ORD-6401,CUST-4705,ST-2,,12-04-2024,active,14924
ORD-6402,CUST-4309,ST-17,,2025-07-05,PENDING,12164
ORD-6403,CUST-2445,ST-19,,2024-01-13,PENDING,986
ORD-6404,CUST-3733,ST-4,,2025-01-12,CLOSED,10323
ORD-6405,CUST-3940,ST-18,,14-04-2026,closed,"$19,307.00"
ORD-6406,CUST-2563,ST-11,CP-144,2025-09-22,pending,"$6,612.00"
ORD-6407,CUST-2423,ST-12,,2024-01-07,PENDING,"9,947.00"
ORD-6408,CUST-1685,ST-3,CP-74,2025-12-09,PENDING,8103
ORD-6409,CUST-3766,ST-12,,10-05-2025,PENDING,"1,566.00"
ORD-6410,CUST-387,ST-12,,2025-06-24,CLOSED,$562.00
ORD-6411,CUST-2764,ST-19,CP-72,24-07-2026,ACTIVE,8821
ORD-6412,CUST-606,ST-6,,2024-02-09,active,19395
ORD-6413,CUST-2936,ST-16,,07/17/2025,pending,8168
ORD-6414,CUST-2833,ST-21,CP-150,06/26/2026,CLOSED,"$5,902.00"
ORD-6415,CUST-4720,ST-19,CP-79,16-11-2026, Active ,"12,610.00"
ORD-6416,CUST-4054,ST-4,,2024-07-09,active,"19,595.00"
ORD-6417,CUST-1741,ST-1,CP-45,2025-10-14,PENDING,9045
ORD-6418,CUST-4207,ST-8,,2026-01-15,pending,$242.00
ORD-6419,CUST-3521,ST-21,,09-10-2025,pending,11896
ORD-6420,CUST-4646,ST-14,,19-10-2025,ACTIVE,"$1,635.00"
ORD-6421,CUST-1263,ST-8,,2026-05-26,active,2861
ORD-6422,CUST-4483,ST-14,,26-10-2025,active,"18,659.00"
ORD-6423,CUST-18,ST-1,,2025-12-20,PENDING,"$6,073.00"
ORD-6424,CUST-3465,ST-18,,03/14/2024,ACTIVE,"4,867.00"
ORD-6425,CUST-4375,ST-21,,11/02/2024,PENDING,"$4,081.00"
ORD-6426,CUST-2113,ST-25,,27-06-2026,pending,"18,899.00"
ORD-6427,CUST-1511,ST-23,,17-11-2025,ACTIVE,9641
ORD-6428,CUST-3207,ST-16,,2024-03-15,active,15840
ORD-6429,CUST-3183,ST-16,,07/03/2025,pending,2511
ORD-6430,CUST-1645,ST-1,,2024-07-12, Active ,"1,910.00"
ORD-6431,CUST-2922,ST-18,CP-101,2026-06-07,ACTIVE,"6,882.00"
ORD-6432,CUST-4704,ST-11,,2025-06-06,pending,5968
ORD-6433,CUST-1048,ST-21,,2025-05-06,active,19328
ORD-6434,CUST-2751,ST-16,,2026-10-24,pending,15858
ORD-6435,CUST-1085,ST-24,CP-180,03-07-2024,closed,"$4,105.00"
ORD-6436,CUST-1647,ST-8,,27-11-2024,PENDING,"$15,164.00"
ORD-6437,CUST-870,ST-6,,2026-12-21,ACTIVE,12593
ORD-6438,CUST-3096,ST-22,CP-133,25-01-2026,active,5180
ORD-6439,CUST-3114,ST-6,,2024-01-15,closed,18472
ORD-6440,CUST-3177,ST-7,CP-193,01/04/2024, Active ,"$7,789.00"
ORD-6441,CUST-1188,ST-23,CP-186,09/24/2026,closed,"$14,948.00"
ORD-6442,CUST-689,ST-16,,10/20/2026,active,10450
ORD-6443,CUST-915,ST-10,,2026-10-13, Active ,"$4,865.00"
ORD-6444,CUST-2246,ST-25,,11/19/2025, Active ,3736
ORD-6445,CUST-4206,ST-11,CP-1,2026-04-27,CLOSED,8963
ORD-6446,CUST-1615,ST-6,,2026-05-12,active,11712
ORD-6447,CUST-822,ST-15,,2025-06-28,closed,"$15,283.00"
ORD-6448,CUST-2480,ST-1,,06-06-2026,closed,"14,475.00"
ORD-6449,CUST-4255,ST-18,,2025-01-06,ACTIVE,4372
ORD-6450,CUST-3266,ST-13,CP-105,2026-04-27,pending,"2,127.00"
ORD-6451,CUST-398,ST-11,,2025-06-24,closed,"$5,512.00"
ORD-6452,CUST-4826,ST-3,,2025-02-05,closed,"$11,966.00"
ORD-6453,CUST-2934,ST-15,,2024-09-18,ACTIVE,19969
ORD-6454,CUST-3156,ST-11,CP-179,2026-06-05,closed,17525
ORD-6455,CUST-3671,ST-6,,20-06-2026,CLOSED,11967
ORD-6456,CUST-2682,ST-19,CP-69,11-01-2025,closed,196.00
ORD-6457,CUST-907,ST-19,,04/18/2024,pending,"14,939.00"
ORD-6458,CUST-1806,ST-25,CP-100,2026-12-04,ACTIVE,"$15,581.00"
ORD-6459,CUST-4051,ST-24,,2025-04-01,PENDING,14963
ORD-6460,CUST-3590,ST-17,,10-03-2025,CLOSED,"$16,669.00"
ORD-6461,CUST-4520,ST-9,,01/23/2026,active,7882
ORD-6462,CUST-2097,ST-4,,2026-11-25,active,13266
ORD-6463,CUST-2672,ST-11,,27-05-2025,ACTIVE,"$4,735.00"
ORD-6464,CUST-4880,ST-19,CP-148,2025-01-15,CLOSED,"$7,376.00"
ORD-6465,CUST-1491,ST-1,,12/09/2025,ACTIVE,15525
ORD-6466,CUST-3,ST-5,,2024-03-26,active,"$11,340.00"
ORD-6467,CUST-4464,ST-8,,07/19/2025,closed,15235
ORD-6468,CUST-3946,ST-22,,25-08-2024,closed,3636
ORD-6469,CUST-1251,ST-2,,2024-07-27,pending,"$13,112.00"
ORD-6470,CUST-1027,ST-12,CP-49,02/27/2025,PENDING,"1,530.00"
ORD-6471,CUST-1318,ST-25,CP-16,12-12-2024,PENDING,18707
ORD-6472,CUST-3983,ST-20,,07/28/2026,closed,9044
ORD-6473,CUST-3116,ST-17,CP-150,2026-09-08,closed,"6,316.00"
ORD-6474,CUST-4811,ST-10,CP-81,2025-04-17,ACTIVE,13437
ORD-6475,CUST-297,ST-23,CP-10,2026-12-26,CLOSED,"12,567.00"
ORD-6476,CUST-4031,ST-9,CP-69,14-07-2025,closed,"$1,940.00"
ORD-6477,CUST-1999,ST-8,CP-7,2026-03-02,active,"14,231.00"
ORD-6478,CUST-793,ST-3,CP-53,19-02-2024,pending,10069
ORD-6479,CUST-297,ST-10,,09/10/2026,active,"4,377.00"
ORD-6480,CUST-2685,ST-10,,2024-03-26,active,"5,678.00"
ORD-6481,CUST-2547,ST-24,,2024-07-22,closed,"11,625.00"
ORD-6482,CUST-4730,ST-12,,2026-08-15,CLOSED,"$3,394.00"
ORD-6483,CUST-1895,ST-3,CP-127,2026-06-01,active,14017
ORD-6484,CUST-655,ST-7,,2024-12-18,active,$135.00
ORD-6485,CUST-4457,ST-18,CP-55,2024-03-09,CLOSED,19396
ORD-6486,CUST-3813,ST-16,,2026-08-10,PENDING,15784
ORD-6487,CUST-3858,ST-20,,2024-06-19,closed,"4,805.00"
ORD-6488,CUST-970,ST-5,,2026-12-05,closed,8296
ORD-6489,CUST-289,ST-16,,03/17/2026, Active ,7141
ORD-6490,CUST-894,ST-8,,2024-05-08,closed,18475
ORD-6491,CUST-1782,ST-19,,2025-10-05,CLOSED,7165
ORD-6492,CUST-3930,ST-21,,13-08-2025,PENDING,"$8,205.00"
ORD-6493,CUST-4175,ST-8,,2024-09-23,CLOSED,"$7,288.00"
ORD-6494,CUST-4293,ST-18,CP-120,2026-04-25,closed,14683
ORD-6495,CUST-1472,ST-10,,10/10/2026,closed,7590
ORD-6496,CUST-1874,ST-10,,01/26/2024,CLOSED,"$2,970.00"
ORD-6497,CUST-2015,ST-14,,02-01-2026,PENDING,3389
ORD-6498,CUST-542,ST-16,,2024-08-28,pending,11793
ORD-6499,CUST-4863,ST-9,,16-11-2026, Active ,"$16,232.00"
ORD-6500,CUST-66,ST-25,,2025-05-16,ACTIVE,"4,149.00"
ORD-6501,CUST-3512,ST-14,,04-04-2024,PENDING,"$4,781.00"
ORD-6502,CUST-4343,ST-17,,2024-11-26,ACTIVE,15207
ORD-6503,CUST-4755,ST-13,,09/22/2026, Active ,"2,495.00"
ORD-6504,CUST-3511,ST-2,,13-10-2026,CLOSED,15352
ORD-6505,CUST-3560,ST-1,,2026-03-16,ACTIVE,"17,247.00"
ORD-6506,CUST-491,ST-9,,2026-01-05,pending,13759
ORD-6507,CUST-2373,ST-21,,05/23/2024,active,"$2,491.00"
ORD-6508,CUST-1409,ST-5,,07/28/2025,active,4059
ORD-6509,CUST-1489,ST-19,,12/17/2025, Active ,1952
ORD-6510,CUST-1125,ST-3,,17-01-2025,ACTIVE,"7,579.00"
ORD-6511,CUST-2121,ST-8,CP-127,2026-07-10,CLOSED,"1,913.00"
ORD-6512,CUST-2876,ST-15,,02/25/2025,CLOSED,17771
ORD-6513,CUST-3703,ST-2,,12/20/2024,active,10694
ORD-6514,CUST-3383,ST-2,,25-04-2025,ACTIVE,4232
ORD-6515,CUST-1143,ST-24,,2026-05-03,closed,"12,949.00"
ORD-6516,CUST-855,ST-11,,2026-11-25,closed,16145
ORD-6517,CUST-979,ST-13,,12/08/2025,pending,879
ORD-6518,CUST-770,ST-15,,09/13/2025,pending,"$9,143.00"
ORD-6519,CUST-2454,ST-25,,2024-12-11, Active ,"10,374.00"
ORD-6520,CUST-2610,ST-25,,05/07/2026,PENDING,12778
ORD-6521,CUST-3958,ST-9,,2025-09-09,active,"2,725.00"
ORD-6522,CUST-4371,ST-23,,2025-10-11,ACTIVE,10535
ORD-6523,CUST-4491,ST-4,,04/23/2026,CLOSED,"$6,038.00"
ORD-6524,CUST-4403,ST-12,,2024-09-27,ACTIVE,"8,797.00"
ORD-6525,CUST-992,ST-7,,2024-02-20,active,15155
ORD-6526,CUST-1149,ST-23,,2026-05-03,ACTIVE,"$2,373.00"
ORD-6527,CUST-2882,ST-16,,06-09-2024,closed,"$14,265.00"
ORD-6528,CUST-1243,ST-12,CP-146,09/03/2025,closed,"9,307.00"
ORD-6529,CUST-4204,ST-14,,08/09/2026,CLOSED,"18,347.00"
ORD-6530,CUST-2048,ST-7,,02/19/2025,PENDING,14261
ORD-6531,CUST-4486,ST-23,CP-121,07/08/2026,PENDING,16250
ORD-6532,CUST-4436,ST-24,CP-52,2025-02-28, Active ,5378
ORD-6533,CUST-2650,ST-16,CP-86,2025-02-17,pending,17807
ORD-6534,CUST-1630,ST-1,,23-03-2026,PENDING,"$13,538.00"
ORD-6535,CUST-3086,ST-25,,04-07-2024,CLOSED,3722
ORD-6536,CUST-670,ST-13,CP-186,22-03-2026,CLOSED,"$6,906.00"
ORD-6537,CUST-2224,ST-2,,01/12/2024,pending,6514
ORD-6538,CUST-1587,ST-22,,01/25/2025,ACTIVE,8895
ORD-6539,CUST-4589,ST-10,,2026-02-03,closed,"8,536.00"
ORD-6540,CUST-2812,ST-6,,2024-09-16, Active ,"$13,581.00"
ORD-6541,CUST-4551,ST-21,,21-08-2024,ACTIVE,"3,216.00"
ORD-6542,CUST-1973,ST-11,,02/19/2026,ACTIVE,"18,375.00"
ORD-6543,CUST-601,ST-23,,2026-05-15, Active ,3401
ORD-6544,CUST-4992,ST-21,,09/10/2025, Active ,1981
ORD-6545,CUST-3855,ST-25,,2024-02-01,active,"$7,928.00"
ORD-6546,CUST-2519,ST-19,,04/25/2024,ACTIVE,11176
ORD-6547,CUST-3829,ST-7,,2024-10-05,closed,"$11,249.00"
ORD-6548,CUST-2167,ST-11,,2024-03-09,closed,1976
ORD-6549,CUST-2109,ST-25,,2025-10-18,pending,13343
ORD-6550,CUST-174,ST-23,CP-81,07/08/2025,pending,"$16,166.00"
ORD-6551,CUST-3729,ST-4,,01/21/2024,ACTIVE,"$19,706.00"
ORD-6552,CUST-2820,ST-13,,2026-11-19,CLOSED,2927
ORD-6553,CUST-954,ST-9,,2024-06-28,active,"$7,144.00"
ORD-6554,CUST-3471,ST-23,,21-08-2025,PENDING,"$18,651.00"
ORD-6555,CUST-2109,ST-4,,22-01-2024,PENDING,"17,731.00"
ORD-6556,CUST-4356,ST-3,,2026-07-04,ACTIVE,$179.00
ORD-6557,CUST-1297,ST-14,,2026-08-11,closed,12420
ORD-6558,CUST-4104,ST-19,,2025-05-10,ACTIVE,14714
ORD-6559,CUST-2504,ST-19,CP-9,2026-06-09,closed,14353
ORD-6560,CUST-777,ST-19,,08-07-2026,ACTIVE,10154
ORD-6561,CUST-2824,ST-13,CP-28,20-12-2025,ACTIVE,"$4,111.00"
ORD-6562,CUST-990,ST-2,,2025-09-06,ACTIVE,"$19,308.00"
ORD-6563,CUST-4963,ST-3,,03/20/2026,closed,$88.00
ORD-6564,CUST-3463,ST-23,,2026-04-07, Active ,1815
ORD-6565,CUST-576,ST-6,,2025-11-27,pending,8844
ORD-6566,CUST-4432,ST-7,,06/01/2024,active,10959
ORD-6567,CUST-839,ST-13,,04/22/2025,active,"$5,686.00"
ORD-6568,CUST-342,ST-13,,10-11-2024, Active ,175.00
ORD-6569,CUST-1459,ST-23,,21-07-2025, Active ,"$16,448.00"
ORD-6570,CUST-3316,ST-4,,2025-04-06,closed,16978
ORD-6571,CUST-1911,ST-20,CP-146,2024-01-09,PENDING,"15,873.00"
ORD-6572,CUST-1436,ST-21,CP-17,2024-12-05,PENDING,"$7,234.00"
ORD-6573,CUST-3451,ST-11,,25-04-2025,closed,"10,119.00"
ORD-6574,CUST-4253,ST-10,CP-8,2024-11-14,PENDING,"$16,096.00"
ORD-6575,CUST-1518,ST-17,CP-4,2026-12-28,PENDING,"12,791.00"
ORD-6576,CUST-836,ST-19,CP-164,09/18/2024,pending,"$2,326.00"
ORD-6577,CUST-2370,ST-4,CP-189,2026-07-14,ACTIVE,"5,434.00"
ORD-6578,CUST-3656,ST-3,CP-183,2024-11-08,pending,8209
ORD-6579,CUST-21,ST-1,CP-79,2026-12-10,CLOSED,7799
ORD-6580,CUST-2365,ST-5,,2026-06-12,active,"7,678.00"
ORD-6581,CUST-2966,ST-23,,2024-12-21,CLOSED,10481
ORD-6582,CUST-699,ST-9,,07/26/2024,active,"17,785.00"
ORD-6583,CUST-4819,ST-16,,2025-10-18,pending,"$9,269.00"
ORD-6584,CUST-2725,ST-14,CP-154,18-03-2026,closed,5974
ORD-6585,CUST-123,ST-2,CP-197,2026-09-06, Active ,"$15,288.00"
ORD-6586,CUST-1022,ST-9,,2025-04-14,ACTIVE,"$4,566.00"
ORD-6587,CUST-3363,ST-16,CP-193,2026-10-06,PENDING,10253
ORD-6588,CUST-418,ST-25,,02/04/2026,PENDING,19502
ORD-6589,CUST-2604,ST-9,,2025-08-23,active,13899
ORD-6590,CUST-3641,ST-22,CP-118,03-06-2026,PENDING,19025
ORD-6591,CUST-345,ST-12,CP-86,2026-06-15,active,"15,522.00"
ORD-6592,CUST-1014,ST-12,,2024-05-09, Active ,18506
ORD-6593,CUST-3334,ST-4,,11/25/2026, Active ,"19,780.00"
ORD-6594,CUST-534,ST-8,,09-04-2025,CLOSED,3834
ORD-6595,CUST-1171,ST-12,,2026-01-24, Active ,2891
ORD-6596,CUST-1848,ST-25,,2024-10-19,PENDING,17838
ORD-6597,CUST-2538,ST-10,,03/16/2025,closed,"$2,533.00"
ORD-6598,CUST-4966,ST-24,,2025-02-02,pending,"10,401.00"
ORD-6599,CUST-2665,ST-1,,2025-08-15,CLOSED,"$14,160.00"
ORD-6600,CUST-1672,ST-9,,2025-10-28,ACTIVE,"10,117.00"
ORD-6601,CUST-186,ST-25,,13-08-2025, Active ,"5,519.00"
ORD-6602,CUST-2403,ST-10,,2024-01-05,active,"16,094.00"
ORD-6603,CUST-3948,ST-8,CP-185,10/02/2025,PENDING,9197
ORD-6604,CUST-3381,ST-14,,2024-10-11, Active ,19505
ORD-6605,CUST-778,ST-15,,06/10/2026,ACTIVE,405
ORD-6606,CUST-998,ST-25,CP-147,2025-04-20,closed,11804
ORD-6607,CUST-2990,ST-9,CP-138,23-02-2024,pending,"$17,486.00"
ORD-6608,CUST-1694,ST-22,CP-135,08/10/2026,pending,5572
ORD-6609,CUST-4489,ST-18,,2026-07-18,pending,1735
ORD-6610,CUST-333,ST-9,,03/12/2024, Active ,19555
ORD-6611,CUST-1654,ST-8,CP-117,06/03/2025,pending,17482
ORD-6612,CUST-4264,ST-23,,2026-02-23,PENDING,8200
ORD-6613,CUST-2569,ST-22,,10/03/2024, Active ,"$4,471.00"
ORD-6614,CUST-3072,ST-13,,2025-09-12,closed,18692
ORD-6615,CUST-3459,ST-20,CP-25,2026-08-21,CLOSED,9607
ORD-6616,CUST-4761,ST-1,,24-02-2026,active,"$4,150.00"
ORD-6617,CUST-3727,ST-11,,2026-07-06,pending,15079
ORD-6618,CUST-2579,ST-18,CP-199,04/07/2024,pending,4718
ORD-6619,CUST-4539,ST-6,CP-103,07/24/2025,pending,8642
ORD-6620,CUST-1978,ST-7,,2025-09-06,PENDING,3560
ORD-6621,CUST-1476,ST-4,CP-65,24-08-2024,closed,6869
ORD-6622,CUST-419,ST-15,CP-57,2026-02-10,ACTIVE,121.00
ORD-6623,CUST-4335,ST-2,CP-112,2026-03-23,PENDING,"2,069.00"
ORD-6624,CUST-4525,ST-4,,2025-11-10,active,18436
ORD-6625,CUST-2457,ST-18,CP-84,2024-02-10, Active ,17668
ORD-6626,CUST-3470,ST-15,,04-01-2025,PENDING,"19,833.00"
ORD-6627,CUST-4426,ST-3,CP-161,2025-01-01,PENDING,12364
ORD-6628,CUST-4378,ST-18,,08-03-2026, Active ,"9,250.00"
ORD-6629,CUST-3261,ST-19,,2024-05-12, Active ,2983
ORD-6630,CUST-1439,ST-13,CP-66,2025-09-03,PENDING,"$18,369.00"
ORD-6631,CUST-823,ST-18,,21-08-2026,active,6020
ORD-6632,CUST-3003,ST-13,,2026-11-27,active,"5,946.00"
ORD-6633,CUST-1361,ST-8,,06-12-2026,CLOSED,2572
ORD-6634,CUST-4643,ST-12,CP-195,2024-10-04,CLOSED,2053
ORD-6635,CUST-1692,ST-8,,07/21/2024,PENDING,"$10,027.00"
ORD-6636,CUST-851,ST-18,,2026-07-14,PENDING,488
ORD-6637,CUST-4735,ST-7,,12/18/2024,PENDING,9219
ORD-6638,CUST-3433,ST-15,,01/15/2026,ACTIVE,947
ORD-6639,CUST-1173,ST-21,,2025-01-17,PENDING,"$1,190.00"
ORD-6640,CUST-311,ST-20,CP-119,08/05/2024, Active ,7863
ORD-6641,CUST-2856,ST-11,,2024-05-07,pending,"$4,812.00"
ORD-6642,CUST-386,ST-21,,2024-12-14, Active ,"14,855.00"
ORD-6643,CUST-2474,ST-18,,2024-04-16,pending,10977
ORD-6644,CUST-2393,ST-4,,2026-05-19,CLOSED,"$4,678.00"
ORD-6645,CUST-1252,ST-8,,2026-02-03,ACTIVE,"$4,047.00"
ORD-6646,CUST-1288,ST-23,CP-23,12-02-2026,PENDING,4303
ORD-6647,CUST-606,ST-17,,2024-10-01,PENDING,"$6,923.00"
ORD-6648,CUST-4048,ST-19,,2025-08-10,CLOSED,"$8,782.00"
ORD-6649,CUST-2038,ST-15,CP-123,22-10-2024,active,10346
ORD-6650,CUST-1354,ST-10,,07-05-2025,active,15076
ORD-6651,CUST-4539,ST-25,,2026-04-04,active,18006
ORD-6652,CUST-3840,ST-14,,01-02-2025,CLOSED,14278
ORD-6653,CUST-3997,ST-11,,04/10/2026,closed,10209
ORD-6654,CUST-1535,ST-13,,2026-05-20,active,"$7,837.00"
ORD-6655,CUST-2372,ST-1,,2025-08-28,CLOSED,"11,322.00"
ORD-6656,CUST-3421,ST-6,,2026-05-20,PENDING,18992
ORD-6657,CUST-746,ST-3,,2025-04-11,PENDING,14945
ORD-6658,CUST-4893,ST-21,CP-157,2024-02-01,ACTIVE,"$3,108.00"
ORD-6659,CUST-911,ST-1,CP-84,2024-12-01,pending,16789
ORD-6660,CUST-2755,ST-23,,2024-09-02,PENDING,10721
ORD-6661,CUST-3277,ST-18,CP-68,2026-08-24,CLOSED,"4,433.00"
ORD-6662,CUST-3954,ST-4,,07/12/2024, Active ,"$2,415.00"
ORD-6663,CUST-515,ST-24,,11/26/2025,active,"$5,021.00"
ORD-6664,CUST-2356,ST-14,CP-124,26-04-2024,ACTIVE,"5,767.00"
ORD-6665,CUST-3892,ST-17,CP-145,2025-05-07,CLOSED,"$11,798.00"
ORD-6666,CUST-4140,ST-22,,2024-07-16,active,10464
ORD-6667,CUST-318,ST-16,,10/12/2025,closed,"$13,159.00"
ORD-6668,CUST-312,ST-12,,28-09-2024,ACTIVE,15722
ORD-6669,CUST-1984,ST-9,,04-10-2026,closed,"5,676.00"
ORD-6670,CUST-2830,ST-13,CP-105,2025-11-18, Active ,13014
ORD-6671,CUST-4832,ST-13,,2026-02-21,CLOSED,14035
ORD-6672,CUST-2267,ST-18,,09/21/2024, Active ,8429
ORD-6673,CUST-1774,ST-3,,2024-05-16,closed,"$11,474.00"
ORD-6674,CUST-3532,ST-5,CP-147,2024-12-24,ACTIVE,548
ORD-6675,CUST-2346,ST-11,,2026-09-16,ACTIVE,"1,418.00"
ORD-6676,CUST-3348,ST-22,CP-58,16-04-2025,active,2680
ORD-6677,CUST-2163,ST-9,,2024-05-09,pending,"16,797.00"
ORD-6678,CUST-3371,ST-9,CP-40,2026-07-06,pending,"$6,036.00"
ORD-6679,CUST-1332,ST-24,,2024-07-03,pending,18477
ORD-6680,CUST-1831,ST-25,,2025-03-15,ACTIVE,12493
ORD-6681,CUST-3905,ST-24,CP-151,2026-04-02,ACTIVE,"8,292.00"
ORD-6682,CUST-339,ST-25,,16-07-2025,active,"$2,923.00"
ORD-6683,CUST-2936,ST-18,CP-50,2025-04-17,CLOSED,"$18,924.00"
ORD-6684,CUST-4499,ST-8,,10/18/2024,closed,"$11,494.00"
ORD-6685,CUST-1560,ST-1,,07/16/2025,closed,"$13,860.00"
ORD-6686,CUST-4690,ST-21,,2026-12-14,PENDING,"6,532.00"
ORD-6687,CUST-4034,ST-11,,2025-10-04,ACTIVE,19186
ORD-6688,CUST-3965,ST-19,CP-84,2026-09-22,PENDING,"16,462.00"
ORD-6689,CUST-1032,ST-2,,2025-04-06,CLOSED,1238
ORD-6690,CUST-1647,ST-8,CP-66,2026-01-04,active,"$8,409.00"
ORD-6691,CUST-4449,ST-15,,2024-10-05,PENDING,"2,087.00"
ORD-6692,CUST-758,ST-11,,07/20/2024,closed,"$13,885.00"
ORD-6693,CUST-445,ST-21,CP-61,03-06-2024,active,19175
ORD-6694,CUST-3515,ST-23,,2025-10-03,CLOSED,11980
ORD-6695,CUST-4092,ST-13,,27-06-2024, Active ,"$8,800.00"
ORD-6696,CUST-99,ST-24,,2026-10-14,active,18157
ORD-6697,CUST-1740,ST-12,,2024-03-24,ACTIVE,2576
ORD-6698,CUST-745,ST-9,,24-11-2024,ACTIVE,9898
ORD-6699,CUST-4247,ST-15,,2024-06-20,closed,7396
ORD-6700,CUST-2281,ST-22,,08/10/2025,PENDING,401
ORD-6701,CUST-4081,ST-7,CP-131,2025-10-03,ACTIVE,15585
ORD-6702,CUST-2464,ST-25,,2025-09-07,PENDING,$458.00
ORD-6703,CUST-440,ST-7,,2024-02-03,closed,265.00
ORD-6704,CUST-3790,ST-20,,12/27/2025,active,17775
ORD-6705,CUST-3092,ST-22,,2025-07-16, Active ,14543
ORD-6706,CUST-2111,ST-3,,2026-08-22, Active ,"17,858.00"
ORD-6707,CUST-2011,ST-1,,02/02/2025,PENDING,1627
ORD-6708,CUST-3037,ST-19,,11/28/2025, Active ,19522
ORD-6709,CUST-1372,ST-24,CP-111,2026-12-20,active,"$2,731.00"
ORD-6710,CUST-3098,ST-8,CP-54,2024-05-02,pending,"10,370.00"
ORD-6711,CUST-4825,ST-7,,2026-09-08,closed,"$2,362.00"
ORD-6712,CUST-3423,ST-13,,2024-01-12,closed,7612
ORD-6713,CUST-1694,ST-25,,18-03-2024,PENDING,18591
ORD-6714,CUST-1375,ST-12,CP-152,06/20/2026,PENDING,"$18,669.00"
ORD-6715,CUST-3049,ST-7,,2024-09-25,closed,8365
ORD-6716,CUST-952,ST-22,,2024-08-11,PENDING,"8,125.00"
ORD-6717,CUST-1796,ST-11,CP-95,2026-05-24,closed,18729
ORD-6718,CUST-889,ST-4,CP-3,2026-06-23,PENDING,7046
ORD-6719,CUST-2686,ST-18,,2026-06-04,PENDING,"$18,567.00"
ORD-6720,CUST-2874,ST-10,,11/04/2024,pending,"14,804.00"
ORD-6721,CUST-3204,ST-10,,11/22/2025,active,"1,506.00"
ORD-6722,CUST-2873,ST-15,CP-152,07/13/2024,ACTIVE,16907
ORD-6723,CUST-4899,ST-13,,2025-04-08,active,"$7,274.00"
ORD-6724,CUST-4557,ST-10,CP-92,2024-06-25,active,$168.00
ORD-6725,CUST-3324,ST-7,,27-07-2026,CLOSED,"19,119.00"
ORD-6726,CUST-257,ST-12,CP-28,07/07/2026, Active ,4417
ORD-6727,CUST-3301,ST-9,,2026-01-02,active,"$1,307.00"
ORD-6728,CUST-3775,ST-7,,05-07-2026,pending,10227
ORD-6729,CUST-2359,ST-7,,2026-04-23,closed,16871
ORD-6730,CUST-3414,ST-7,CP-157,2024-04-13,ACTIVE,6786
ORD-6731,CUST-4909,ST-21,CP-190,2024-06-28,PENDING,"1,919.00"
ORD-6732,CUST-4432,ST-13,,2024-10-15,PENDING,3755
ORD-6733,CUST-4321,ST-5,CP-115,2024-10-09,pending,19755
ORD-6734,CUST-1017,ST-16,,10-09-2026,active,"1,581.00"
ORD-6735,CUST-1689,ST-10,CP-27,2025-04-21, Active ,6744
ORD-6736,CUST-3792,ST-22,,07/15/2026,CLOSED,13548
ORD-6737,CUST-4453,ST-20,,2024-06-20,CLOSED,"$18,037.00"
ORD-6738,CUST-94,ST-9,,27-06-2026,PENDING,12063
ORD-6739,CUST-3328,ST-3,,2025-09-16,pending,8364
ORD-6740,CUST-778,ST-16,,06/17/2026,closed,"2,205.00"
ORD-6741,CUST-2335,ST-6,,2026-12-07,CLOSED,"$15,834.00"
ORD-6742,CUST-4927,ST-12,,2024-12-27,CLOSED,"$11,633.00"
ORD-6743,CUST-3706,ST-14,CP-108,2024-12-08,CLOSED,4585
ORD-6744,CUST-3520,ST-10,CP-35,2025-07-15, Active ,6030
ORD-6745,CUST-4711,ST-5,CP-121,15-05-2026,PENDING,"12,991.00"
ORD-6746,CUST-2689,ST-1,,08/07/2024,closed,"7,859.00"
ORD-6747,CUST-3541,ST-16,,2025-07-04, Active ,"9,536.00"
ORD-6748,CUST-95,ST-25,,2024-10-08, Active ,19094
ORD-6749,CUST-1318,ST-19,CP-91,2024-05-14,ACTIVE,12831
ORD-6750,CUST-4566,ST-15,CP-125,2025-04-01,PENDING,"8,963.00"
ORD-6751,CUST-4551,ST-18,CP-111,15-05-2026, Active ,"$17,807.00"
ORD-6752,CUST-2375,ST-9,,04-03-2025,CLOSED,11456
ORD-6753,CUST-1216,ST-12,,05/19/2026,closed,"$1,396.00"
ORD-6754,CUST-3610,ST-21,,07/20/2025,ACTIVE,13248
ORD-6755,CUST-2227,ST-9,,02/16/2024,pending,"$10,735.00"
ORD-6756,CUST-2747,ST-23,,2024-02-28, Active ,9220
ORD-6757,CUST-671,ST-9,,2026-08-03,ACTIVE,"$8,687.00"
ORD-6758,CUST-160,ST-24,,2024-02-10,PENDING,1001
ORD-6759,CUST-2816,ST-5,CP-157,01-09-2026, Active ,"7,038.00"
ORD-6760,CUST-1253,ST-19,,2024-08-01,pending,19801
ORD-6761,CUST-3529,ST-21,CP-190,08-12-2026,pending,"$10,758.00"
ORD-6762,CUST-4043,ST-23,,2024-10-21,PENDING,"18,816.00"
ORD-6763,CUST-652,ST-8,,09-05-2026,closed,"$11,887.00"
ORD-6764,CUST-2037,ST-25,,2024-08-06,closed,14490
ORD-6765,CUST-1923,ST-7,CP-169,08/27/2024,closed,"$11,199.00"
ORD-6766,CUST-3598,ST-15,,2024-09-19,active,"$1,139.00"
ORD-6767,CUST-3100,ST-16,CP-4,07-08-2025,active,"$8,990.00"
ORD-6768,CUST-3593,ST-14,,2024-04-06,pending,19292
ORD-6769,CUST-3748,ST-24,,17-10-2026,PENDING,15347
ORD-6770,CUST-4354,ST-9,,2025-07-23,closed,16161
ORD-6771,CUST-233,ST-25,CP-195,07/26/2024,pending,"5,128.00"
ORD-6772,CUST-877,ST-8,,2026-07-18,CLOSED,"9,527.00"
ORD-6773,CUST-2167,ST-8,,03/20/2026,closed,"$15,446.00"
ORD-6774,CUST-882,ST-14,,08/20/2025, Active ,6290
ORD-6775,CUST-4966,ST-10,,09/12/2024, Active ,"14,952.00"
ORD-6776,CUST-4511,ST-12,,2025-09-13,CLOSED,13359
ORD-6777,CUST-3533,ST-25,,2026-02-10,pending,"$6,410.00"
ORD-6778,CUST-4566,ST-12,,2026-12-07, Active ,"18,025.00"
ORD-6779,CUST-3442,ST-23,CP-186,2026-11-23,PENDING,12444
ORD-6780,CUST-496,ST-14,,2024-07-11,active,"$18,537.00"
ORD-6781,CUST-1307,ST-7,CP-8,2024-01-23,ACTIVE,"12,697.00"
ORD-6782,CUST-1108,ST-19,,2024-11-05,closed,6430
ORD-6783,CUST-1039,ST-21,CP-179,04/01/2024, Active ,19555
ORD-6784,CUST-1587,ST-19,,2024-07-09,active,6531
ORD-6785,CUST-3145,ST-7,,2024-05-09,ACTIVE,"15,373.00"
ORD-6786,CUST-4264,ST-14,CP-193,2025-06-24,active,13480
ORD-6787,CUST-3567,ST-21,CP-73,19-04-2024,ACTIVE,12546
ORD-6788,CUST-666,ST-6,CP-100,2024-09-19,closed,503.00
ORD-6789,CUST-1788,ST-25,CP-52,2024-11-23,active,7351
ORD-6790,CUST-3537,ST-22,,01-08-2025,PENDING,"10,317.00"
ORD-6791,CUST-3967,ST-8,,10/17/2024,CLOSED,2540
ORD-6792,CUST-3850,ST-23,,28-03-2024,ACTIVE,"$2,102.00"
ORD-6793,CUST-108,ST-12,,07/10/2024, Active ,"$13,608.00"
ORD-6794,CUST-1214,ST-9,CP-160,2024-06-14,ACTIVE,"15,990.00"
ORD-6795,CUST-429,ST-16,,2026-05-11,closed,"$14,211.00"
ORD-6796,CUST-2485,ST-20,,2024-02-22, Active ,5125
ORD-6797,CUST-2502,ST-3,CP-94,05/09/2024,closed,12607
ORD-6798,CUST-3649,ST-10,,2025-09-23,pending,"2,607.00"
ORD-6799,CUST-4191,ST-5,,2024-05-21,PENDING,"$10,527.00"
ORD-6800,CUST-4088,ST-8,,08-12-2026,PENDING,762.00
ORD-6801,CUST-497,ST-18,CP-119,2026-07-12,ACTIVE,"$19,350.00"
ORD-6802,CUST-523,ST-15,,05-04-2024, Active ,"$3,166.00"
ORD-6803,CUST-1583,ST-17,CP-58,2024-09-12,ACTIVE,"11,409.00"
ORD-6804,CUST-1647,ST-18,,03/22/2026,CLOSED,5633
ORD-6805,CUST-659,ST-25,,2026-12-05, Active ,"$8,595.00"
ORD-6806,CUST-3577,ST-21,,02/24/2026,PENDING,3381
ORD-6807,CUST-3497,ST-9,,2025-09-21,ACTIVE,11717
ORD-6808,CUST-515,ST-8,CP-6,2026-09-10,CLOSED,13339
ORD-6809,CUST-3097,ST-13,,19-01-2026,active,"$13,989.00"
ORD-6810,CUST-1715,ST-3,CP-58,2026-03-21,pending,"$4,422.00"
ORD-6811,CUST-4977,ST-14,CP-177,04/16/2025,active,"$5,164.00"
ORD-6812,CUST-2525,ST-2,,13-03-2026,pending,3632
ORD-6813,CUST-4745,ST-15,,01/05/2024, Active ,18076
ORD-6814,CUST-4946,ST-16,,09-11-2025,ACTIVE,"7,029.00"
ORD-6815,CUST-207,ST-8,,04/16/2024,CLOSED,"18,557.00"
ORD-6816,CUST-4400,ST-9,CP-68,05/07/2026,ACTIVE,2009
ORD-6817,CUST-274,ST-18,CP-55,05/16/2026,closed,16123
ORD-6818,CUST-4641,ST-15,,14-12-2024,closed,"19,750.00"
ORD-6819,CUST-1991,ST-25,,2025-06-11,active,19642
ORD-6820,CUST-3439,ST-14,,01-04-2026,CLOSED,503
ORD-6821,CUST-508,ST-3,,2024-06-12,ACTIVE,"13,010.00"
ORD-6822,CUST-3064,ST-19,CP-101,07/13/2026,active,"18,154.00"
ORD-6823,CUST-2417,ST-2,,03/28/2025,pending,"$16,165.00"
ORD-6824,CUST-3623,ST-18,CP-188,2026-11-17,ACTIVE,14170
ORD-6825,CUST-2115,ST-22,,05/06/2026, Active ,4273
ORD-6826,CUST-3455,ST-7,,2024-04-13,ACTIVE,"9,264.00"
ORD-6827,CUST-255,ST-17,,01-01-2025,active,10336
ORD-6828,CUST-2006,ST-7,CP-133,16-03-2024,pending,12664
ORD-6829,CUST-19,ST-13,,2024-02-06,closed,"17,551.00"
ORD-6830,CUST-2389,ST-15,,2026-12-06,closed,16813
ORD-6831,CUST-2214,ST-11,,16-02-2024, Active ,14382
ORD-6832,CUST-2393,ST-14,,18-01-2024,closed,"10,295.00"
ORD-6833,CUST-3949,ST-22,,27-02-2025,PENDING,"$1,852.00"
ORD-6834,CUST-176,ST-16,CP-114,14-04-2025,CLOSED,19198
ORD-6835,CUST-175,ST-23,CP-8,2026-02-01,pending,"$18,735.00"
ORD-6836,CUST-2064,ST-3,,2025-07-16, Active ,4974
ORD-6837,CUST-2550,ST-2,,2024-08-07,ACTIVE,"7,061.00"
ORD-6838,CUST-2163,ST-22,,09/11/2024,pending,"$5,524.00"
ORD-6839,CUST-3132,ST-18,,2026-08-26,active,14158
ORD-6840,CUST-2647,ST-7,CP-65,04/02/2024,CLOSED,"17,368.00"
ORD-6841,CUST-4295,ST-16,,09-02-2025,CLOSED,2492
ORD-6842,CUST-250,ST-18,CP-117,06-12-2026,ACTIVE,9878
ORD-6843,CUST-2601,ST-9,,2025-12-15,pending,"$4,902.00"
ORD-6844,CUST-3970,ST-17,,11/01/2025,ACTIVE,"5,173.00"
ORD-6845,CUST-3389,ST-2,,2025-04-05,closed,"$16,722.00"
ORD-6846,CUST-4225,ST-19,,07-05-2025, Active ,3205
ORD-6847,CUST-3949,ST-14,,03-08-2026, Active ,"11,971.00"
ORD-6848,CUST-4135,ST-2,CP-87,17-04-2026,pending,10477
ORD-6849,CUST-3283,ST-21,,02/24/2024,PENDING,15687
ORD-6850,CUST-1421,ST-11,CP-115,2025-12-08,closed,"$18,176.00"
ORD-6851,CUST-4632,ST-12,CP-67,03-01-2026,closed,"7,631.00"
ORD-6852,CUST-410,ST-8,,2025-02-12,ACTIVE,351
ORD-6853,CUST-1338,ST-10,,2024-08-27,pending,"$16,712.00"
ORD-6854,CUST-14,ST-24,CP-188,2025-12-09, Active ,"$10,432.00"
ORD-6855,CUST-3873,ST-18,,03/12/2026,closed,"$18,931.00"
ORD-6856,CUST-617,ST-5,,2025-02-14,pending,"18,671.00"
ORD-6857,CUST-1530,ST-2,,09/23/2024,closed,8561
ORD-6858,CUST-3312,ST-19,,2025-11-10,active,"$7,563.00"
ORD-6859,CUST-872,ST-16,CP-21,26-10-2024,ACTIVE,"$18,768.00"
ORD-6860,CUST-1189,ST-8,,2026-06-28,ACTIVE,"$5,714.00"
ORD-6861,CUST-4177,ST-3,,2024-04-16,CLOSED,"11,726.00"
ORD-6862,CUST-4638,ST-14,,2025-12-10,CLOSED,8839
ORD-6863,CUST-3666,ST-3,CP-199,2024-10-14, Active ,17525
ORD-6864,CUST-4568,ST-21,,2025-10-12,CLOSED,1077
ORD-6865,CUST-3910,ST-2,,07/03/2026,pending,2690
ORD-6866,CUST-4442,ST-18,CP-176,2024-04-07,pending,10724
ORD-6867,CUST-3243,ST-21,CP-123,2025-10-16,CLOSED,4411
ORD-6868,CUST-2185,ST-24,,04-02-2026,CLOSED,5174
ORD-6869,CUST-897,ST-12,,10/21/2026,PENDING,19006
ORD-6870,CUST-3776,ST-7,,2024-11-04,PENDING,"8,986.00"
ORD-6871,CUST-3658,ST-20,,10/23/2025,PENDING,12888
ORD-6872,CUST-2572,ST-24,,2024-10-24,ACTIVE,18286
ORD-6873,CUST-457,ST-6,,03/05/2025,pending,"$15,400.00"
ORD-6874,CUST-4824,ST-21,,2025-10-16,pending,"$16,925.00"
ORD-6875,CUST-2852,ST-4,,14-01-2025,CLOSED,9652
ORD-6876,CUST-4752,ST-10,,2025-11-28,closed,6783
ORD-6877,CUST-1264,ST-25,,2026-12-25, Active ,"$2,234.00"
ORD-6878,CUST-374,ST-6,,2024-10-11, Active ,1505
ORD-6879,CUST-1286,ST-22,,2024-05-04,CLOSED,"$17,975.00"
ORD-6880,CUST-687,ST-11,CP-195,2024-05-07,ACTIVE,4250
ORD-6881,CUST-3751,ST-12,,06/12/2024,CLOSED,"$18,965.00"
ORD-6882,CUST-1047,ST-21,,11/04/2025,active,11515
ORD-6883,CUST-3017,ST-24,CP-84,02/07/2025,pending,19494
ORD-6884,CUST-1813,ST-14,CP-108,24-02-2024, Active ,"$1,275.00"
ORD-6885,CUST-4306,ST-23,,09-07-2026,pending,"$6,741.00"
ORD-6886,CUST-4518,ST-4,,04/26/2024,active,18925
ORD-6887,CUST-3968,ST-14,CP-25,2025-02-18,active,11760
ORD-6888,CUST-611,ST-18,,12/15/2025, Active ,7648
ORD-6889,CUST-4330,ST-17,,2024-10-15, Active ,"10,034.00"
ORD-6890,CUST-1131,ST-3,,07-06-2024,closed,864.00
ORD-6891,CUST-3782,ST-6,CP-71,2024-06-25,closed,"7,279.00"
ORD-6892,CUST-858,ST-25,,08-09-2025,closed,762
ORD-6893,CUST-20,ST-12,,11/23/2026,CLOSED,16991
ORD-6894,CUST-776,ST-1,,08/09/2025,ACTIVE,"16,826.00"
ORD-6895,CUST-3700,ST-13,,2024-03-01,pending,3191
ORD-6896,CUST-2789,ST-2,CP-6,21-04-2026,active,19957
ORD-6897,CUST-7,ST-8,,2025-12-23,closed,"17,395.00"
ORD-6898,CUST-1072,ST-8,,2025-04-19,closed,"$14,917.00"
ORD-6899,CUST-3671,ST-18,CP-71,2026-04-21,ACTIVE,"6,563.00"
ORD-6900,CUST-3234,ST-10,,03/08/2025,pending,"$18,088.00"
ORD-6901,CUST-92,ST-9,,2024-12-06,PENDING,$461.00
ORD-6902,CUST-3856,ST-3,,2024-04-07,ACTIVE,10169
ORD-6903,CUST-1417,ST-21,,12/05/2024, Active ,5644
ORD-6904,CUST-3205,ST-22,,17-11-2024,pending,17591
ORD-6905,CUST-3956,ST-15,CP-77,2025-02-20,closed,"$14,408.00"
ORD-6906,CUST-4434,ST-9,,08/10/2024,closed,10855
ORD-6907,CUST-2334,ST-14,CP-51,2025-06-18,PENDING,"18,299.00"
ORD-6908,CUST-2903,ST-23,,06-06-2024, Active ,"2,533.00"
ORD-6909,CUST-1512,ST-3,,2026-03-02,CLOSED,15487
ORD-6910,CUST-311,ST-6,,2026-08-16,pending,10592
ORD-6911,CUST-1758,ST-11,CP-106,06/12/2024, Active ,"$6,682.00"
ORD-6912,CUST-1471,ST-4,,13-12-2025,PENDING,"$2,372.00"
ORD-6913,CUST-3941,ST-1,,08/02/2024,pending,"$15,214.00"
ORD-6914,CUST-2089,ST-9,,12/05/2025,PENDING,14365
ORD-6915,CUST-397,ST-24,,2025-10-01,PENDING,"$1,234.00"
ORD-6916,CUST-2985,ST-9,,07-05-2024,closed,7627
ORD-6917,CUST-3357,ST-9,CP-137,05-11-2026,CLOSED,540
ORD-6918,CUST-129,ST-17,,04-12-2024,ACTIVE,9764
ORD-6919,CUST-37,ST-24,,02/20/2025,active,"$18,611.00"
ORD-6920,CUST-2784,ST-19,CP-66,04/10/2026,closed,"$3,984.00"
ORD-6921,CUST-4153,ST-17,,2025-06-09,PENDING,14881
ORD-6922,CUST-2656,ST-19,,09/02/2024, Active ,"2,889.00"
ORD-6923,CUST-3545,ST-25,,10/07/2026,ACTIVE,5836
ORD-6924,CUST-3181,ST-16,,09/01/2024,active,"6,410.00"
ORD-6925,CUST-4772,ST-23,,2025-10-12,pending,11382
ORD-6926,CUST-4245,ST-20,CP-20,2025-05-25,ACTIVE,8254
ORD-6927,CUST-3261,ST-20,,18-06-2025,pending,"11,086.00"
ORD-6928,CUST-4854,ST-17,,2025-05-18,CLOSED,"19,416.00"
ORD-6929,CUST-3792,ST-11,,2024-09-01,pending,"$2,966.00"
ORD-6930,CUST-2066,ST-18,,2024-02-02,closed,17898
ORD-6931,CUST-1895,ST-24,CP-136,04/08/2025,CLOSED,4368
ORD-6932,CUST-236,ST-5,,2026-07-26,PENDING,"$2,477.00"
ORD-6933,CUST-942,ST-17,,2026-04-05,pending,"2,089.00"
ORD-6934,CUST-2880,ST-15,,2026-07-16,PENDING,2846
ORD-6935,CUST-3703,ST-17,CP-37,2025-04-27,ACTIVE,15545
ORD-6936,CUST-1191,ST-23,,04/13/2026,active,8795
ORD-6937,CUST-1291,ST-15,,02/21/2025,CLOSED,"$10,731.00"
ORD-6938,CUST-3394,ST-11,,05/25/2025, Active ,"$11,458.00"
ORD-6939,CUST-957,ST-21,CP-114,01/06/2025,CLOSED,15361
ORD-6940,CUST-3643,ST-13,,25-11-2025,CLOSED,14608
ORD-6941,CUST-3012,ST-24,,03/02/2025,active,1821
ORD-6942,CUST-1170,ST-14,,2026-10-11,pending,12773
ORD-6943,CUST-2654,ST-7,,06/01/2025, Active ,3469
ORD-6944,CUST-1972,ST-23,,02/14/2025,closed,16838
ORD-6945,CUST-3302,ST-11,,2025-05-14,closed,"11,902.00"
ORD-6946,CUST-1028,ST-23,CP-131,2025-05-12,ACTIVE,80
ORD-6947,CUST-4680,ST-9,,19-11-2025,closed,16022
ORD-6948,CUST-3975,ST-18,,06/26/2025,active,16573
ORD-6949,CUST-4563,ST-21,,2026-06-03,pending,"$4,481.00"
ORD-6950,CUST-1531,ST-16,CP-7,2026-02-21,active,19350
ORD-6951,CUST-1968,ST-9,CP-69,01/28/2024, Active ,"8,932.00"
ORD-6952,CUST-721,ST-17,CP-55,2024-12-27,closed,3584
ORD-6953,CUST-1838,ST-9,,2024-04-25,pending,19866
ORD-6954,CUST-1771,ST-23,,2026-07-04,ACTIVE,"4,269.00"
ORD-6955,CUST-4744,ST-3,CP-66,2024-08-25,closed,5985
ORD-6956,CUST-789,ST-11,,2026-02-04,active,8449
ORD-6957,CUST-1891,ST-16,,07/22/2024,ACTIVE,"10,074.00"
ORD-6958,CUST-3920,ST-14,,11/13/2024,pending,15790
ORD-6959,CUST-2835,ST-9,,18-02-2024,pending,14399
ORD-6960,CUST-785,ST-12,,2024-11-22,pending,"$2,351.00"
ORD-6961,CUST-4121,ST-9,,2025-05-25,active,151
ORD-6962,CUST-1499,ST-17,,2024-06-07,closed,"1,088.00"
ORD-6963,CUST-1249,ST-21,,2025-02-12,active,"$13,607.00"
ORD-6964,CUST-2311,ST-14,,28-11-2025,CLOSED,"14,194.00"
ORD-6965,CUST-1464,ST-1,,2026-03-03,ACTIVE,"$17,535.00"
ORD-6966,CUST-847,ST-18,,12/11/2024, Active ,8862
ORD-6967,CUST-248,ST-14,,19-08-2024, Active ,"3,340.00"
ORD-6968,CUST-2240,ST-23,,04/03/2025,CLOSED,8301
ORD-6969,CUST-3802,ST-9,,2026-11-06, Active ,"$15,523.00"
ORD-6970,CUST-4934,ST-12,CP-6,11/06/2024,pending,854.00
ORD-6971,CUST-2530,ST-4,,09/20/2025, Active ,"$15,238.00"
ORD-6972,CUST-4366,ST-2,CP-112,08/12/2024,CLOSED,"$19,947.00"
ORD-6973,CUST-2898,ST-4,,16-05-2026, Active ,4784
ORD-6974,CUST-3909,ST-1,,28-01-2024,PENDING,2020
ORD-6975,CUST-4052,ST-1,,09-09-2024,ACTIVE,"$9,306.00"
ORD-6976,CUST-362,ST-7,,2026-12-22,closed,660.00
ORD-6977,CUST-527,ST-13,,2024-02-18, Active ,"10,138.00"
ORD-6978,CUST-4472,ST-16,,2025-03-11,ACTIVE,"$16,948.00"
ORD-6979,CUST-3795,ST-25,,2026-09-06,CLOSED,"$3,434.00"
ORD-6980,CUST-3379,ST-20,,09/01/2025,pending,9181
ORD-6981,CUST-2673,ST-24,,10/24/2024,pending,$246.00
ORD-6982,CUST-4730,ST-13,,27-06-2024,pending,"$7,612.00"
ORD-6983,CUST-3228,ST-18,,2024-01-15, Active ,6707
ORD-6984,CUST-981,ST-1,CP-123,12-05-2024,closed,"$7,774.00"
ORD-6985,CUST-1496,ST-5,CP-89,2026-04-15, Active ,$673.00
ORD-6986,CUST-2166,ST-12,CP-6,2024-11-05,PENDING,"14,185.00"
ORD-6987,CUST-2976,ST-20,CP-192,07/17/2026,ACTIVE,"$12,714.00"
ORD-6988,CUST-1362,ST-13,CP-189,13-10-2024,PENDING,"$10,767.00"
ORD-6989,CUST-4955,ST-6,,07/28/2025,PENDING,165
ORD-6990,CUST-329,ST-5,CP-118,05/04/2024, Active ,9307
ORD-6991,CUST-2122,ST-18,,2025-12-07,closed,11778
ORD-6992,CUST-1746,ST-15,CP-185,05/26/2026,closed,2742
ORD-6993,CUST-1671,ST-21,,2026-11-16,active,13809
ORD-6994,CUST-56,ST-12,,26-10-2026,CLOSED,17358
ORD-6995,CUST-226,ST-23,,2026-02-12,CLOSED,11665
ORD-6996,CUST-2089,ST-8,CP-45,08/20/2026,ACTIVE,14435
ORD-6997,CUST-164,ST-24,CP-151,2024-07-11,CLOSED,"$2,984.00"
ORD-6998,CUST-893,ST-22,CP-39,2024-11-17,closed,2755
ORD-6999,CUST-2447,ST-10,,24-05-2024,closed,"12,971.00"
ORD-7000,CUST-4097,ST-20,,06-07-2025,pending,"$2,100.00"
ORD-7001,CUST-3217,ST-25,,06-09-2025,active,413.00
ORD-7002,CUST-3600,ST-7,CP-164,2026-03-19,pending,13411
ORD-7003,CUST-4643,ST-17,,23-07-2024,CLOSED,5155
ORD-7004,CUST-2984,ST-16,,2026-07-17,ACTIVE,"$1,555.00"
ORD-7005,CUST-2876,ST-13,,2025-10-03,active,12706
ORD-7006,CUST-1159,ST-17,,2025-03-17,CLOSED,"$4,986.00"
ORD-7007,CUST-4941,ST-21,CP-41,2025-01-28,ACTIVE,18584
ORD-7008,CUST-1716,ST-3,CP-176,12-04-2024,closed,11312
ORD-7009,CUST-2518,ST-8,CP-78,2025-10-17,closed,9754
ORD-7010,CUST-3530,ST-9,,2025-03-04,PENDING,"$4,863.00"
ORD-7011,CUST-3529,ST-24,,11/20/2026,active,"$19,405.00"
ORD-7012,CUST-234,ST-7,CP-9,2026-10-16,pending,19916
ORD-7013,CUST-1529,ST-25,,01/20/2025,active,"$8,619.00"
ORD-7014,CUST-1789,ST-23,,08-04-2024,pending,"$17,956.00"
ORD-7015,CUST-2591,ST-21,,2024-09-23,closed,4210
ORD-7016,CUST-521,ST-22,,2026-11-07,pending,6942
ORD-7017,CUST-2973,ST-9,,2026-06-15,PENDING,"$5,936.00"
ORD-7018,CUST-960,ST-15,,2025-09-05,PENDING,713
ORD-7019,CUST-3230,ST-16,,2024-01-08,ACTIVE,2256
ORD-7020,CUST-427,ST-12,,2025-04-12,closed,14130
ORD-7021,CUST-1432,ST-21,CP-129,2026-01-12,pending,13009
ORD-7022,CUST-3007,ST-20,,26-04-2024,active,6881
ORD-7023,CUST-4614,ST-22,,2026-04-14,CLOSED,"$19,934.00"
ORD-7024,CUST-428,ST-14,,2024-11-06,pending,4579
ORD-7025,CUST-139,ST-12,,03/21/2024,PENDING,7225
ORD-7026,CUST-3063,ST-13,CP-6,02/28/2025,CLOSED,"2,542.00"
ORD-7027,CUST-4017,ST-13,,2025-11-18, Active ,"$9,181.00"
ORD-7028,CUST-3603,ST-19,CP-67,08-06-2025,pending,11346
ORD-7029,CUST-84,ST-13,,28-01-2025,PENDING,11175
ORD-7030,CUST-4698,ST-1,CP-55,06/11/2026,ACTIVE,"3,913.00"
ORD-7031,CUST-2442,ST-15,,2026-02-22,CLOSED,6335
ORD-7032,CUST-2060,ST-25,,2024-09-11,closed,"2,257.00"
ORD-7033,CUST-3495,ST-19,,05/15/2026,pending,"18,921.00"
ORD-7034,CUST-2639,ST-11,,2025-03-01,pending,"3,077.00"
ORD-7035,CUST-12,ST-5,,2026-02-03,active,10270
ORD-7036,CUST-3217,ST-16,,01-09-2026,closed,14612
ORD-7037,CUST-1163,ST-17,CP-37,2026-06-27,active,"$2,977.00"
ORD-7038,CUST-792,ST-25,,02/09/2026,pending,7861
ORD-7039,CUST-4826,ST-16,,2024-01-20,closed,18649
ORD-7040,CUST-2414,ST-5,,01/03/2024,closed,"9,815.00"
ORD-7041,CUST-1283,ST-21,,2026-03-24,pending,9979
ORD-7042,CUST-4460,ST-13,,2024-01-02,PENDING,"$6,156.00"
ORD-7043,CUST-4776,ST-4,,27-08-2024,closed,"10,174.00"
ORD-7044,CUST-1955,ST-16,CP-165,01/04/2026,closed,1931
ORD-7045,CUST-3777,ST-8,,12-01-2025,pending,"$16,920.00"
ORD-7046,CUST-2702,ST-9,CP-24,23-01-2026,PENDING,"$15,720.00"
ORD-7047,CUST-4563,ST-6,,10-09-2024,CLOSED,6072
ORD-7048,CUST-2434,ST-2,,2026-03-06, Active ,"$16,474.00"
ORD-7049,CUST-3534,ST-12,CP-30,06/04/2025,closed,4680
ORD-7050,CUST-4870,ST-10,,12/09/2024,active,"13,170.00"
ORD-7051,CUST-3983,ST-8,,15-09-2025, Active ,"10,369.00"
ORD-7052,CUST-1384,ST-16,,24-01-2025,ACTIVE,4192
ORD-7053,CUST-3031,ST-25,CP-131,11/11/2024,pending,4159
ORD-7054,CUST-4034,ST-23,,18-06-2026,CLOSED,2031
ORD-7055,CUST-1156,ST-22,,2026-10-06,closed,9394
ORD-7056,CUST-124,ST-21,,10/17/2025, Active ,13073
ORD-7057,CUST-3669,ST-10,,06/09/2024,closed,7453
ORD-7058,CUST-3850,ST-6,,03/02/2025,CLOSED,11068
ORD-7059,CUST-4629,ST-23,CP-166,04/26/2025,closed,"$2,456.00"
ORD-7060,CUST-4825,ST-18,CP-108,2024-06-22,active,18220
ORD-7061,CUST-2884,ST-19,,2024-04-07,CLOSED,485
ORD-7062,CUST-1295,ST-17,,2026-08-18, Active ,"$9,755.00"
ORD-7063,CUST-4599,ST-22,,09/07/2025,ACTIVE,"16,013.00"
ORD-7064,CUST-3099,ST-14,,2026-07-16,closed,"18,108.00"
ORD-7065,CUST-1980,ST-1,,03/02/2026,ACTIVE,8123
ORD-7066,CUST-70,ST-22,,16-02-2025,active,"$9,778.00"
ORD-7067,CUST-4497,ST-5,,01/18/2024, Active ,"6,736.00"
ORD-7068,CUST-3503,ST-20,,2025-12-27,closed,"$3,365.00"
ORD-7069,CUST-563,ST-15,,05/27/2026,pending,"$17,254.00"
ORD-7070,CUST-2214,ST-12,,2025-07-15,active,12329
ORD-7071,CUST-4881,ST-8,,2024-03-23,active,"7,039.00"
ORD-7072,CUST-4264,ST-12,CP-83,2026-01-25,closed,"8,408.00"
ORD-7073,CUST-1063,ST-10,CP-25,2025-11-22,closed,952
ORD-7074,CUST-1431,ST-15,,06/08/2024, Active ,2524
ORD-7075,CUST-1804,ST-17,,2024-01-17,active,10276
ORD-7076,CUST-1547,ST-11,,03/20/2025,ACTIVE,9685
ORD-7077,CUST-2450,ST-8,,2026-02-20, Active ,4192
ORD-7078,CUST-3934,ST-9,,2025-05-10, Active ,13896
ORD-7079,CUST-4740,ST-11,CP-115,06/17/2025,CLOSED,15017
ORD-7080,CUST-4671,ST-14,,2024-09-02,ACTIVE,"$4,490.00"
ORD-7081,CUST-620,ST-16,CP-61,08/20/2025,closed,"$1,365.00"
ORD-7082,CUST-658,ST-17,,2024-10-18,pending,"$11,957.00"
ORD-7083,CUST-3614,ST-12,CP-78,10/21/2026,ACTIVE,5650
ORD-7084,CUST-4128,ST-17,,10/23/2026,active,"$14,197.00"
ORD-7085,CUST-2249,ST-16,,11-02-2025,closed,830
ORD-7086,CUST-1059,ST-12,CP-154,27-11-2026,PENDING,4483
ORD-7087,CUST-2619,ST-14,,21-04-2024,PENDING,17104
ORD-7088,CUST-418,ST-3,,2026-03-15,PENDING,12452
ORD-7089,CUST-209,ST-5,CP-151,2026-12-27,PENDING,"$5,140.00"
ORD-7090,CUST-344,ST-9,,2026-03-26,CLOSED,"$19,674.00"
ORD-7091,CUST-3951,ST-17,CP-196,2026-08-28,pending,2402
ORD-7092,CUST-4811,ST-10,CP-162,07/07/2025,pending,"$1,962.00"
ORD-7093,CUST-884,ST-17,,12/03/2026,closed,5071
ORD-7094,CUST-2924,ST-25,,2024-07-25,closed,"$5,266.00"
ORD-7095,CUST-4943,ST-7,,12/10/2024,pending,5772
ORD-7096,CUST-710,ST-10,CP-154,01-11-2024,active,"12,130.00"
ORD-7097,CUST-2928,ST-22,,2024-03-03,ACTIVE,"$8,158.00"
ORD-7098,CUST-677,ST-24,,18-03-2025,active,6579
ORD-7099,CUST-2535,ST-19,CP-182,06/08/2025,active,"15,695.00"
ORD-7100,CUST-4213,ST-5,CP-98,10/24/2025, Active ,"$2,253.00"
ORD-7101,CUST-4716,ST-16,,2026-03-09,closed,19639
ORD-7102,CUST-2887,ST-11,,16-04-2026,pending,12550
ORD-7103,CUST-2884,ST-18,,05/22/2026,pending,"$16,780.00"
ORD-7104,CUST-3080,ST-19,CP-128,2026-08-11, Active ,"7,928.00"
ORD-7105,CUST-1551,ST-14,CP-135,13-04-2025, Active ,"$5,772.00"
ORD-7106,CUST-3682,ST-24,,12-05-2024,pending,8708
ORD-7107,CUST-2970,ST-19,CP-104,2026-12-17,closed,16158
ORD-7108,CUST-2225,ST-21,,2026-02-14,CLOSED,"$12,252.00"
ORD-7109,CUST-822,ST-14,,2024-07-20,PENDING,14046
ORD-7110,CUST-4500,ST-18,CP-22,07/04/2024,ACTIVE,"$15,513.00"
ORD-7111,CUST-3735,ST-14,,2025-11-20,closed,"6,547.00"
ORD-7112,CUST-4367,ST-22,,2024-07-28,active,13140
ORD-7113,CUST-805,ST-11,,12/06/2024,pending,$416.00
ORD-7114,CUST-1074,ST-21,,2025-04-18,PENDING,15092
ORD-7115,CUST-3765,ST-8,,10/07/2025,CLOSED,1317
ORD-7116,CUST-1217,ST-11,,2025-06-28,active,"18,645.00"
ORD-7117,CUST-1266,ST-18,,2024-04-08,ACTIVE,$840.00
ORD-7118,CUST-1321,ST-17,,2024-12-17,CLOSED,"10,349.00"
ORD-7119,CUST-4396,ST-15,,2026-10-23,ACTIVE,6313
ORD-7120,CUST-2171,ST-11,,2025-01-01,ACTIVE,1740
ORD-7121,CUST-418,ST-19,CP-83,2025-04-02,ACTIVE,11610
ORD-7122,CUST-4989,ST-16,,08/05/2024,pending,9398
ORD-7123,CUST-3994,ST-13,CP-16,2024-11-08,CLOSED,"$6,966.00"
ORD-7124,CUST-4025,ST-24,,2024-05-25,PENDING,"1,825.00"
ORD-7125,CUST-3821,ST-3,,2026-03-27,pending,"$3,809.00"
ORD-7126,CUST-3422,ST-24,,05/07/2025,pending,3029
ORD-7127,CUST-3359,ST-19,,08/13/2025,pending,$981.00
ORD-7128,CUST-1200,ST-13,,08/04/2025,pending,"$5,648.00"
ORD-7129,CUST-3765,ST-13,,2025-08-14,CLOSED,17174
ORD-7130,CUST-805,ST-21,CP-161,2025-02-13,active,"18,091.00"
ORD-7131,CUST-221,ST-12,CP-100,11/15/2026,pending,12221
ORD-7132,CUST-2776,ST-22,CP-32,2025-02-01,ACTIVE,"6,671.00"
ORD-7133,CUST-1072,ST-18,,2026-03-01, Active ,16547
ORD-7134,CUST-1701,ST-10,,2025-12-26,PENDING,18563
ORD-7135,CUST-1943,ST-20,,21-02-2025,closed,7651
ORD-7136,CUST-3470,ST-20,,2024-05-10, Active ,"$13,009.00"
ORD-7137,CUST-1998,ST-12,CP-111,04/03/2026,pending,"18,200.00"
ORD-7138,CUST-2830,ST-4,CP-1,02/01/2026,PENDING,"$17,352.00"
ORD-7139,CUST-4533,ST-7,,01/11/2024,CLOSED,8447
ORD-7140,CUST-1683,ST-22,,17-06-2024,pending,19030
ORD-7141,CUST-3518,ST-9,,2024-09-14,active,"$18,832.00"
ORD-7142,CUST-2884,ST-14,,16-02-2026,active,2289
ORD-7143,CUST-1810,ST-5,,2026-04-05,active,"8,239.00"
ORD-7144,CUST-1627,ST-1,CP-103,2026-06-28, Active ,12128
ORD-7145,CUST-2446,ST-9,,2024-12-01,closed,"3,188.00"
ORD-7146,CUST-2701,ST-16,,2025-07-16,ACTIVE,"18,913.00"
ORD-7147,CUST-1605,ST-20,,2025-12-01,active,"10,051.00"
ORD-7148,CUST-3538,ST-9,,2026-11-20,ACTIVE,"$2,139.00"
ORD-7149,CUST-2532,ST-15,,2024-10-17,pending,"$6,768.00"
ORD-7150,CUST-1441,ST-9,,2024-04-05,PENDING,185
ORD-7151,CUST-4110,ST-5,,2024-01-08,pending,"10,056.00"
ORD-7152,CUST-2714,ST-11,,2024-03-01,active,8987
ORD-7153,CUST-2020,ST-9,CP-129,2025-06-26, Active ,14433
ORD-7154,CUST-1689,ST-14,,2025-03-24,active,"$1,558.00"
ORD-7155,CUST-2909,ST-4,,01/01/2025,CLOSED,1139
ORD-7156,CUST-4088,ST-12,,2025-04-08, Active ,19868
ORD-7157,CUST-2140,ST-6,CP-174,02/07/2025,ACTIVE,"$12,140.00"
ORD-7158,CUST-1662,ST-18,CP-100,12/10/2024,active,"4,022.00"
ORD-7159,CUST-539,ST-19,,2025-01-24,closed,14634
ORD-7160,CUST-1395,ST-23,CP-185,2025-02-19,active,"19,430.00"
ORD-7161,CUST-2664,ST-5,,2025-09-25,active,11463
ORD-7162,CUST-3999,ST-24,CP-145,18-10-2026,pending,"$12,630.00"
ORD-7163,CUST-1800,ST-22,,2026-10-10, Active ,"$9,215.00"
ORD-7164,CUST-3434,ST-4,,05/13/2026,pending,"$10,029.00"
ORD-7165,CUST-4015,ST-15,,2024-10-14,PENDING,1941
ORD-7166,CUST-3944,ST-7,CP-153,2026-07-19,closed,"$7,674.00"
ORD-7167,CUST-2145,ST-1,,07/02/2024,closed,"$7,708.00"
ORD-7168,CUST-3218,ST-20,CP-166,06-03-2025,ACTIVE,6597
ORD-7169,CUST-2012,ST-25,CP-58,06/17/2024,pending,"8,891.00"
ORD-7170,CUST-1501,ST-11,CP-61,24-02-2026, Active ,18859
ORD-7171,CUST-4696,ST-2,,2025-12-16,CLOSED,16272
ORD-7172,CUST-1595,ST-3,,2025-11-21,pending,12708
ORD-7173,CUST-2420,ST-20,CP-165,16-10-2024,active,1887
ORD-7174,CUST-1916,ST-6,,2025-10-05,PENDING,"$4,823.00"
ORD-7175,CUST-3254,ST-3,CP-66,08-05-2026,CLOSED,"19,384.00"
ORD-7176,CUST-3406,ST-10,,2025-02-22,active,2100
ORD-7177,CUST-3358,ST-21,CP-57,2026-11-27,PENDING,"$12,653.00"
ORD-7178,CUST-2209,ST-18,,03/07/2026,CLOSED,"$8,639.00"
ORD-7179,CUST-2180,ST-18,CP-40,08/21/2025, Active ,13189
ORD-7180,CUST-3865,ST-23,,2026-05-23,pending,"$13,308.00"
ORD-7181,CUST-205,ST-3,,16-01-2026,ACTIVE,2334
ORD-7182,CUST-2678,ST-9,,12-07-2024,PENDING,189
ORD-7183,CUST-3692,ST-7,CP-54,2024-05-15, Active ,5789
ORD-7184,CUST-1481,ST-23,,2024-09-06,PENDING,15739
ORD-7185,CUST-2384,ST-7,,2025-08-18,ACTIVE,16060
ORD-7186,CUST-2921,ST-8,,2024-02-14,PENDING,"8,542.00"
ORD-7187,CUST-2908,ST-21,CP-94,26-11-2025,PENDING,1520
ORD-7188,CUST-3569,ST-17,CP-76,02-10-2025,PENDING,"9,867.00"
ORD-7189,CUST-3525,ST-24,,2026-10-25,PENDING,4361
ORD-7190,CUST-2547,ST-22,CP-198,2024-03-03, Active ,13589
ORD-7191,CUST-3075,ST-2,,10/01/2025,pending,"16,005.00"
ORD-7192,CUST-2146,ST-1,CP-70,2024-09-10,closed,"14,082.00"
ORD-7193,CUST-4114,ST-13,CP-183,2024-05-05,pending,"$10,412.00"
ORD-7194,CUST-565,ST-15,,03-06-2026,closed,13638
ORD-7195,CUST-1739,ST-15,,2025-02-18,closed,"$5,224.00"
ORD-7196,CUST-3476,ST-4,,2025-05-08,pending,"12,114.00"
ORD-7197,CUST-1327,ST-20,CP-177,2025-05-26,PENDING,6313
ORD-7198,CUST-2932,ST-14,CP-200,07/23/2026,PENDING,3953
ORD-7199,CUST-1340,ST-25,CP-186,2024-10-01,closed,"$8,409.00"
ORD-7200,CUST-2799,ST-10,CP-27,2025-12-13, Active ,"$19,354.00"
ORD-7201,CUST-3123,ST-11,,2024-02-02,ACTIVE,8535
ORD-7202,CUST-233,ST-3,,11/02/2025,pending,"$15,634.00"
ORD-7203,CUST-4356,ST-14,,2025-09-24,pending,15249
ORD-7204,CUST-4599,ST-24,,05/19/2024,CLOSED,"$12,827.00"
ORD-7205,CUST-1841,ST-16,,2024-05-03, Active ,"$17,734.00"
ORD-7206,CUST-2377,ST-1,CP-50,15-01-2024,ACTIVE,14700
ORD-7207,CUST-1080,ST-5,,08/22/2025,ACTIVE,"4,246.00"
ORD-7208,CUST-769,ST-23,,2024-01-19,active,17087
ORD-7209,CUST-4234,ST-9,,2026-05-04,pending,$800.00
ORD-7210,CUST-3220,ST-6,CP-61,2026-05-17,PENDING,"$13,083.00"
ORD-7211,CUST-3692,ST-17,,2026-04-24,pending,"$14,746.00"
ORD-7212,CUST-3550,ST-11,CP-44,09/19/2024,CLOSED,"$17,552.00"
ORD-7213,CUST-1649,ST-16,CP-167,2024-05-02,CLOSED,12753
ORD-7214,CUST-1869,ST-13,,06/27/2024,pending,3125
ORD-7215,CUST-3417,ST-4,CP-194,2026-12-27,ACTIVE,11145
ORD-7216,CUST-2664,ST-12,,13-01-2026,ACTIVE,"$7,756.00"
ORD-7217,CUST-1423,ST-3,,2025-10-02, Active ,"18,729.00"
ORD-7218,CUST-2882,ST-22,,12/11/2025,ACTIVE,16074
ORD-7219,CUST-3239,ST-3,,12-09-2025,pending,"7,706.00"
ORD-7220,CUST-1885,ST-4,CP-62,2025-04-05, Active ,9825
ORD-7221,CUST-4742,ST-15,,02/24/2025,CLOSED,9230
ORD-7222,CUST-1102,ST-22,,2025-10-03,active,"10,185.00"
ORD-7223,CUST-2366,ST-6,CP-7,2025-04-16,pending,8777
ORD-7224,CUST-4117,ST-10,CP-77,05/11/2024,active,5181
ORD-7225,CUST-274,ST-16,,2025-10-18,closed,17120
ORD-7226,CUST-2646,ST-17,CP-31,2025-10-02,ACTIVE,8536
ORD-7227,CUST-1546,ST-22,CP-135,04/17/2025,CLOSED,"$16,719.00"
ORD-7228,CUST-2056,ST-24,CP-183,13-07-2025,PENDING,"$18,970.00"
ORD-7229,CUST-3552,ST-11,CP-128,2025-02-11,active,"$15,415.00"
ORD-7230,CUST-597,ST-8,,11/09/2025,CLOSED,"9,055.00"
ORD-7231,CUST-4817,ST-25,,10/12/2026, Active ,11327
ORD-7232,CUST-4870,ST-11,CP-13,2026-01-15,pending,"3,732.00"
ORD-7233,CUST-2555,ST-18,,2024-06-13,PENDING,19998
ORD-7234,CUST-1658,ST-22,CP-60,2025-09-21,active,10292
ORD-7235,CUST-2160,ST-24,,2025-02-28,PENDING,13468
ORD-7236,CUST-511,ST-24,CP-67,2025-12-14,active,352
ORD-7237,CUST-830,ST-15,,2025-11-04, Active ,"$9,457.00"
ORD-7238,CUST-3404,ST-16,CP-1,04/14/2024,CLOSED,"$9,874.00"
ORD-7239,CUST-3867,ST-6,,2024-10-18,ACTIVE,"$3,701.00"
ORD-7240,CUST-501,ST-17,,05/16/2026,closed,"$11,560.00"
ORD-7241,CUST-1894,ST-8,,08/23/2026,active,"$14,340.00"
ORD-7242,CUST-1681,ST-1,,08/12/2024,active,"15,703.00"
ORD-7243,CUST-107,ST-20,,10/07/2024,ACTIVE,"13,433.00"
ORD-7244,CUST-3868,ST-20,,2025-07-15,closed,11755
ORD-7245,CUST-444,ST-13,,2026-06-07, Active ,7607
ORD-7246,CUST-4220,ST-16,CP-171,12/19/2024,ACTIVE,"$4,196.00"
ORD-7247,CUST-653,ST-25,,09/22/2026,closed,14288
ORD-7248,CUST-37,ST-24,,17-03-2024,ACTIVE,857
ORD-7249,CUST-1659,ST-20,CP-157,2026-10-02,ACTIVE,4640
ORD-7250,CUST-4432,ST-8,,09/15/2026,closed,"$6,644.00"
ORD-7251,CUST-3988,ST-2,,2025-12-21, Active ,"$17,076.00"
ORD-7252,CUST-2437,ST-25,,10/20/2024,PENDING,"$2,933.00"
ORD-7253,CUST-3267,ST-1,CP-8,03/22/2025, Active ,"13,116.00"
ORD-7254,CUST-1206,ST-22,,09-08-2025,active,6079
ORD-7255,CUST-4213,ST-25,,10/05/2025,CLOSED,"$9,696.00"
ORD-7256,CUST-4948,ST-16,,2026-06-03,PENDING,"17,860.00"
ORD-7257,CUST-4485,ST-23,CP-136,01-11-2024, Active ,"4,606.00"
ORD-7258,CUST-2779,ST-23,,12/14/2026,closed,893
ORD-7259,CUST-1530,ST-18,CP-113,06/06/2026,closed,17637
ORD-7260,CUST-4409,ST-25,,05-02-2024,active,"$6,331.00"
ORD-7261,CUST-4416,ST-24,,2024-09-20,closed,"$8,353.00"
ORD-7262,CUST-2647,ST-23,CP-141,2025-04-26,closed,"$7,129.00"
ORD-7263,CUST-1438,ST-21,,2025-02-13,pending,"$17,794.00"
ORD-7264,CUST-4686,ST-15,,2025-05-18,ACTIVE,"$3,106.00"
ORD-7265,CUST-4774,ST-3,,12/27/2025,ACTIVE,8919
ORD-7266,CUST-3505,ST-2,,2025-03-08,closed,18865
ORD-7267,CUST-1650,ST-22,,2025-06-20,PENDING,"7,183.00"
ORD-7268,CUST-2958,ST-13,,26-12-2025,closed,19033
ORD-7269,CUST-1644,ST-13,,2024-07-25,closed,"15,837.00"
ORD-7270,CUST-4297,ST-4,,2025-11-07,pending,16184
ORD-7271,CUST-1437,ST-14,,07/19/2024,closed,2546
ORD-7272,CUST-3466,ST-23,CP-12,11/24/2024,pending,"$7,982.00"
ORD-7273,CUST-1231,ST-11,,2025-01-22,PENDING,11128
ORD-7274,CUST-397,ST-1,CP-38,2024-04-19,CLOSED,12660
ORD-7275,CUST-2395,ST-22,CP-134,2025-10-12,closed,"$12,050.00"
ORD-7276,CUST-339,ST-4,,01/23/2024, Active ,"$5,457.00"
ORD-7277,CUST-3581,ST-2,,2024-07-21,ACTIVE,"$17,846.00"
ORD-7278,CUST-922,ST-16,CP-62,2025-04-10,pending,"13,108.00"
ORD-7279,CUST-4666,ST-9,,08/06/2026, Active ,"$2,301.00"
ORD-7280,CUST-1469,ST-25,,2024-03-13,pending,"$9,742.00"
ORD-7281,CUST-3053,ST-13,,07-05-2024,ACTIVE,"$15,110.00"
ORD-7282,CUST-4797,ST-15,,17-10-2025,PENDING,18175
ORD-7283,CUST-358,ST-1,CP-134,2025-08-17,ACTIVE,"$9,421.00"
ORD-7284,CUST-2907,ST-7,,2024-05-28,pending,"$19,001.00"
ORD-7285,CUST-3747,ST-9,,12/25/2024,CLOSED,"5,675.00"
ORD-7286,CUST-2073,ST-20,,15-10-2026,PENDING,10079
ORD-7287,CUST-3059,ST-11,,2026-07-25,active,5735
ORD-7288,CUST-4537,ST-23,,2025-07-21,CLOSED,14778
ORD-7289,CUST-3110,ST-11,,08-08-2025,ACTIVE,"8,173.00"
ORD-7290,CUST-1406,ST-4,CP-19,2024-02-06,pending,"19,385.00"
ORD-7291,CUST-2354,ST-1,,2026-07-19,PENDING,"$14,348.00"
ORD-7292,CUST-944,ST-24,CP-54,2026-11-08,ACTIVE,18964
ORD-7293,CUST-331,ST-5,,2025-01-19,PENDING,11185
ORD-7294,CUST-3096,ST-22,,2026-01-22,ACTIVE,"11,948.00"
ORD-7295,CUST-2333,ST-12,CP-67,2026-10-22,active,15138
ORD-7296,CUST-50,ST-14,,07-03-2024,closed,"$2,317.00"
ORD-7297,CUST-169,ST-19,,2025-12-06,CLOSED,892
ORD-7298,CUST-1338,ST-16,,01/08/2024, Active ,"$14,878.00"
ORD-7299,CUST-333,ST-1,,11/21/2024,ACTIVE,3372
ORD-7300,CUST-220,ST-14,,27-12-2025,PENDING,"$11,205.00"
ORD-7301,CUST-1001,ST-5,,04-12-2026,PENDING,"$1,501.00"
ORD-7302,CUST-1695,ST-19,,2025-10-13,closed,6012
ORD-7303,CUST-3657,ST-20,CP-133,2025-07-28,CLOSED,"10,750.00"
ORD-7304,CUST-1212,ST-23,,05-06-2025,ACTIVE,17190
ORD-7305,CUST-4781,ST-24,,2025-05-27,PENDING,365
ORD-7306,CUST-453,ST-3,,19-02-2025,pending,19431
ORD-7307,CUST-3739,ST-19,CP-100,2024-10-19,CLOSED,"$17,685.00"
ORD-7308,CUST-3370,ST-25,CP-26,2024-09-07,PENDING,15363
ORD-7309,CUST-724,ST-16,CP-137,06-10-2025,closed,"$18,761.00"
ORD-7310,CUST-787,ST-21,,14-10-2026,pending,"4,161.00"
ORD-7311,CUST-4917,ST-6,,2024-03-16, Active ,2450
ORD-7312,CUST-1411,ST-11,,2025-12-06,ACTIVE,"$10,077.00"
ORD-7313,CUST-4397,ST-18,CP-81,2024-03-04,ACTIVE,1738
ORD-7314,CUST-1031,ST-9,,09/13/2025,PENDING,"8,509.00"
ORD-7315,CUST-1653,ST-5,,2026-11-15,active,10795
ORD-7316,CUST-863,ST-15,,10-02-2026,active,14450
ORD-7317,CUST-2716,ST-3,,15-03-2024,active,9674
ORD-7318,CUST-3168,ST-1,,2025-07-26,active,5248
ORD-7319,CUST-2574,ST-18,,06/04/2026,CLOSED,"$18,954.00"
ORD-7320,CUST-2804,ST-9,,2026-04-26,active,12413
ORD-7321,CUST-2928,ST-5,CP-78,09/10/2024,closed,"$19,172.00"
ORD-7322,CUST-2907,ST-24,,03/20/2025,PENDING,"$9,954.00"
ORD-7323,CUST-1606,ST-11,CP-192,05/09/2025,CLOSED,8587
ORD-7324,CUST-817,ST-2,CP-76,2024-08-02,CLOSED,13116
ORD-7325,CUST-2663,ST-19,CP-67,06/08/2024,pending,2649
ORD-7326,CUST-2945,ST-21,,01/27/2026, Active ,"$14,998.00"
ORD-7327,CUST-4901,ST-8,,2024-08-01,ACTIVE,"$8,716.00"
ORD-7328,CUST-2028,ST-20,,18-03-2024,ACTIVE,"$14,174.00"
ORD-7329,CUST-968,ST-1,,2026-02-27,CLOSED,"$13,202.00"
ORD-7330,CUST-4531,ST-5,CP-57,03-11-2024,active,6546
ORD-7331,CUST-1762,ST-16,CP-82,09-12-2025,pending,"$6,967.00"
ORD-7332,CUST-1879,ST-5,CP-122,01/12/2024,active,11974
ORD-7333,CUST-892,ST-2,,05-07-2025,closed,"5,869.00"
ORD-7334,CUST-4425,ST-4,CP-127,05-01-2024,active,13314
ORD-7335,CUST-2178,ST-11,,07/02/2025,ACTIVE,19415
ORD-7336,CUST-2114,ST-15,,06/16/2026,pending,"$13,450.00"
ORD-7337,CUST-2680,ST-14,CP-120,2024-09-10,CLOSED,6712
ORD-7338,CUST-1217,ST-21,,2026-10-27,CLOSED,12086
ORD-7339,CUST-1315,ST-15,CP-166,2026-12-16,closed,"$4,749.00"
ORD-7340,CUST-2892,ST-1,CP-31,24-02-2024,PENDING,18130
ORD-7341,CUST-1565,ST-1,,08-05-2026,closed,"18,105.00"
ORD-7342,CUST-4324,ST-3,,2026-03-04,closed,"$5,594.00"
ORD-7343,CUST-1441,ST-1,,2025-03-13, Active ,19981
ORD-7344,CUST-3708,ST-17,CP-70,2025-10-17,closed,13385
ORD-7345,CUST-2618,ST-10,,12/23/2026,active,"$7,189.00"
ORD-7346,CUST-3615,ST-2,CP-150,06/05/2024,ACTIVE,19773
ORD-7347,CUST-1295,ST-10,,2024-08-21,active,"17,615.00"
ORD-7348,CUST-4561,ST-1,CP-3,2025-03-08,pending,15232
ORD-7349,CUST-2439,ST-2,,09/05/2026,CLOSED,3474
ORD-7350,CUST-1766,ST-16,,05/25/2024, Active ,935
ORD-7351,CUST-4513,ST-22,,2025-02-08,PENDING,"2,719.00"
ORD-7352,CUST-4668,ST-16,,06/25/2025,active,8582
ORD-7353,CUST-1609,ST-11,,23-11-2026,PENDING,"$9,811.00"
ORD-7354,CUST-2486,ST-7,,2024-09-26,PENDING,2176
ORD-7355,CUST-3256,ST-24,,2025-08-07,pending,13826
ORD-7356,CUST-457,ST-21,,2026-09-16,ACTIVE,8048
ORD-7357,CUST-1895,ST-10,,10/23/2026,PENDING,9918
ORD-7358,CUST-2691,ST-10,,05/01/2025,CLOSED,"$19,053.00"
ORD-7359,CUST-2217,ST-15,,2024-08-24,CLOSED,18166
ORD-7360,CUST-3716,ST-20,CP-36,2025-08-24,pending,2842
ORD-7361,CUST-2145,ST-1,,2024-04-10,pending,17128
ORD-7362,CUST-116,ST-18,CP-86,27-12-2026,active,18235
ORD-7363,CUST-4110,ST-25,,05/13/2026, Active ,19264
ORD-7364,CUST-4372,ST-6,CP-152,2025-02-23,PENDING,"1,389.00"
ORD-7365,CUST-1815,ST-13,,2024-02-14,pending,4631
ORD-7366,CUST-1381,ST-23,,09/12/2025,closed,1240
ORD-7367,CUST-4923,ST-11,,2024-07-24,closed,"$10,362.00"
ORD-7368,CUST-2287,ST-18,,2025-06-02,CLOSED,"17,683.00"
ORD-7369,CUST-4047,ST-4,,12/16/2024,active,12714
ORD-7370,CUST-894,ST-13,CP-54,09/16/2026,CLOSED,4714
ORD-7371,CUST-2572,ST-13,,04/17/2026,active,"$13,660.00"
ORD-7372,CUST-3612,ST-8,,2026-04-23,closed,13797
ORD-7373,CUST-2013,ST-22,,2025-10-05,active,"10,526.00"
ORD-7374,CUST-2248,ST-10,CP-125,24-07-2024,ACTIVE,16400
ORD-7375,CUST-1111,ST-12,,2025-10-18,ACTIVE,"$14,198.00"
ORD-7376,CUST-2845,ST-18,CP-14,2026-11-25, Active ,1741
ORD-7377,CUST-2146,ST-17,,24-07-2026,CLOSED,19138
ORD-7378,CUST-90,ST-5,,23-03-2026,active,"$9,695.00"
ORD-7379,CUST-2851,ST-15,,06/22/2025,CLOSED,"$9,531.00"
ORD-7380,CUST-3527,ST-25,,2024-08-18,active,"17,581.00"
ORD-7381,CUST-3024,ST-20,CP-164,02/21/2026,CLOSED,9686
ORD-7382,CUST-422,ST-25,,12/10/2025,active,15715
ORD-7383,CUST-1487,ST-2,,08-12-2025, Active ,"$13,135.00"
ORD-7384,CUST-2915,ST-11,,15-09-2026,CLOSED,"1,922.00"
ORD-7385,CUST-2335,ST-19,CP-77,2024-12-05,ACTIVE,72
ORD-7386,CUST-184,ST-16,,20-01-2026,PENDING,"$18,368.00"
ORD-7387,CUST-2626,ST-10,,20-01-2024,ACTIVE,10895
ORD-7388,CUST-4772,ST-6,,06/24/2025,pending,7457
ORD-7389,CUST-3053,ST-6,,04/16/2025,closed,"$13,744.00"
ORD-7390,CUST-5,ST-6,,2025-07-06,PENDING,"$10,560.00"
ORD-7391,CUST-4395,ST-5,,09/23/2026,ACTIVE,"6,946.00"
ORD-7392,CUST-2122,ST-16,CP-61,2026-12-03, Active ,13608
ORD-7393,CUST-1664,ST-21,,08-02-2024,closed,16107
ORD-7394,CUST-981,ST-23,CP-7,2026-01-01,closed,"14,635.00"
ORD-7395,CUST-2957,ST-25,,08/01/2024,closed,"$16,972.00"
ORD-7396,CUST-3637,ST-16,,11/23/2026,closed,17993
ORD-7397,CUST-696,ST-8,,19-01-2024, Active ,"17,835.00"
ORD-7398,CUST-3475,ST-13,,07-12-2025,CLOSED,18442
ORD-7399,CUST-4393,ST-4,CP-46,2024-11-19,closed,14148
ORD-7400,CUST-3376,ST-24,,2024-06-09,pending,13017
ORD-7401,CUST-4273,ST-14,CP-144,2025-11-01,ACTIVE,"4,687.00"
ORD-7402,CUST-299,ST-16,,23-02-2025,closed,"$4,569.00"
ORD-7403,CUST-3321,ST-6,,2026-07-15,pending,84
ORD-7404,CUST-461,ST-21,,05/08/2024,ACTIVE,9359
ORD-7405,CUST-1760,ST-12,,27-01-2024, Active ,13211
ORD-7406,CUST-233,ST-21,CP-155,2024-10-18,ACTIVE,12114
ORD-7407,CUST-1682,ST-9,,11/16/2024,PENDING,"17,937.00"
ORD-7408,CUST-559,ST-20,CP-35,2024-01-09,active,18362
ORD-7409,CUST-4174,ST-10,,2024-02-16, Active ,12020
ORD-7410,CUST-2214,ST-12,,27-04-2026,ACTIVE,6582
ORD-7411,CUST-3871,ST-5,,2024-08-04, Active ,"9,750.00"
ORD-7412,CUST-4476,ST-7,,02/07/2026, Active ,14625
ORD-7413,CUST-2094,ST-1,,10/20/2026,closed,11276
ORD-7414,CUST-4687,ST-23,,24-01-2024,active,"$14,179.00"
ORD-7415,CUST-1895,ST-21,,17-12-2026,pending,"$15,410.00"
ORD-7416,CUST-2585,ST-4,,12/12/2024,CLOSED,"19,837.00"
ORD-7417,CUST-3407,ST-24,,07/02/2025,CLOSED,1144
ORD-7418,CUST-94,ST-22,CP-23,05/18/2025,closed,16049
ORD-7419,CUST-3337,ST-11,CP-131,14-09-2026,ACTIVE,11273
ORD-7420,CUST-1012,ST-10,CP-40,12/21/2024,ACTIVE,"$4,608.00"
ORD-7421,CUST-3055,ST-10,CP-187,05-03-2025,ACTIVE,"$8,462.00"
ORD-7422,CUST-3961,ST-23,CP-118,14-11-2024,closed,3432
ORD-7423,CUST-799,ST-20,,2025-08-07,ACTIVE,"$3,396.00"
ORD-7424,CUST-4260,ST-7,,09-09-2025,PENDING,7109
ORD-7425,CUST-264,ST-25,,2024-10-16,pending,"4,227.00"
ORD-7426,CUST-4561,ST-25,,2026-07-24,pending,3100
ORD-7427,CUST-4560,ST-4,,2024-10-05,active,4709
ORD-7428,CUST-3370,ST-13,CP-114,2026-07-28,PENDING,"$2,703.00"
ORD-7429,CUST-1844,ST-21,,2024-09-02,CLOSED,9871
ORD-7430,CUST-2728,ST-2,CP-53,2026-03-18,closed,10895
ORD-7431,CUST-887,ST-13,,2024-01-16, Active ,"$14,873.00"
ORD-7432,CUST-2782,ST-25,CP-11,18-11-2026,CLOSED,"1,336.00"
ORD-7433,CUST-4699,ST-18,,01/26/2026,active,2183
ORD-7434,CUST-4300,ST-2,,24-02-2025,ACTIVE,8885
ORD-7435,CUST-4040,ST-22,,2025-01-11, Active ,"$14,424.00"
ORD-7436,CUST-4333,ST-23,CP-184,01/22/2024,closed,$281.00
ORD-7437,CUST-407,ST-15,,2024-12-22,PENDING,"$8,923.00"
ORD-7438,CUST-3609,ST-1,,08/09/2025, Active ,2622
ORD-7439,CUST-2036,ST-22,CP-96,2026-07-03, Active ,"$11,216.00"
ORD-7440,CUST-8,ST-11,,2026-12-05,pending,924
ORD-7441,CUST-3485,ST-20,CP-49,2024-04-13,CLOSED,15106
ORD-7442,CUST-4991,ST-15,CP-136,2026-03-07,pending,9922
ORD-7443,CUST-841,ST-25,,2026-08-15,ACTIVE,"$7,989.00"
ORD-7444,CUST-3795,ST-2,,2026-10-26,active,"$19,174.00"
ORD-7445,CUST-3326,ST-9,CP-12,2024-10-24,closed,13218
ORD-7446,CUST-2475,ST-22,,2024-08-28,ACTIVE,"18,063.00"
ORD-7447,CUST-3460,ST-15,,2024-03-17,ACTIVE,"1,055.00"
ORD-7448,CUST-547,ST-7,CP-66,2026-06-12,ACTIVE,"$12,684.00"
ORD-7449,CUST-1708,ST-8,,2025-03-26,closed,"$12,921.00"
ORD-7450,CUST-2607,ST-20,,2024-11-18, Active ,"$13,815.00"
ORD-7451,CUST-2679,ST-17,CP-194,12-06-2024,PENDING,"$2,662.00"
ORD-7452,CUST-4552,ST-25,,05/13/2025,active,2044
ORD-7453,CUST-618,ST-25,,2024-07-27,CLOSED,"$1,457.00"
ORD-7454,CUST-3296,ST-1,CP-116,25-11-2025,PENDING,9077
ORD-7455,CUST-4307,ST-9,,06/19/2026,CLOSED,15233
ORD-7456,CUST-1204,ST-9,,2024-07-07,PENDING,"7,358.00"
ORD-7457,CUST-2542,ST-9,,10/28/2025,active,"8,218.00"
ORD-7458,CUST-2693,ST-18,,2024-06-16,pending,19476
ORD-7459,CUST-4579,ST-7,,01/05/2025, Active ,6562
ORD-7460,CUST-4884,ST-2,,10/27/2025, Active ,"9,559.00"
ORD-7461,CUST-675,ST-8,,03/08/2026,ACTIVE,1236
ORD-7462,CUST-1446,ST-13,CP-43,09/24/2026,ACTIVE,"1,435.00"
ORD-7463,CUST-3504,ST-18,,2025-08-12,PENDING,"$9,705.00"
ORD-7464,CUST-802,ST-10,CP-139,2026-01-06, Active ,6379
ORD-7465,CUST-4765,ST-25,,2024-10-06,active,15950
ORD-7466,CUST-4948,ST-3,,10/13/2025,PENDING,10435
ORD-7467,CUST-545,ST-3,,2026-02-08,closed,12040
ORD-7468,CUST-4431,ST-22,,19-08-2024,pending,"$15,588.00"
ORD-7469,CUST-4747,ST-23,,2024-10-06,ACTIVE,18117
ORD-7470,CUST-2699,ST-23,CP-56,09/15/2024,PENDING,"$11,197.00"
ORD-7471,CUST-2176,ST-14,CP-156,14-05-2025, Active ,"$17,490.00"
ORD-7472,CUST-3987,ST-8,,07/19/2026,closed,8347
ORD-7473,CUST-2400,ST-8,CP-117,2026-05-03,active,$773.00
ORD-7474,CUST-4445,ST-8,CP-54,01/14/2025,active,12095
ORD-7475,CUST-3797,ST-2,,2024-11-10,ACTIVE,"12,562.00"
ORD-7476,CUST-607,ST-3,,2026-08-26,active,"$16,799.00"
ORD-7477,CUST-2181,ST-17,,2024-01-09,PENDING,2270
ORD-7478,CUST-1238,ST-6,CP-62,2026-11-10,CLOSED,14202
ORD-7479,CUST-1466,ST-10,,2024-05-10,CLOSED,"$9,157.00"
ORD-7480,CUST-1031,ST-11,,2026-09-09, Active ,12719
ORD-7481,CUST-2198,ST-1,,04-11-2026,closed,"$18,757.00"
ORD-7482,CUST-3459,ST-7,,10/28/2024,closed,9268
ORD-7483,CUST-4307,ST-13,CP-42,11/04/2026,pending,"17,695.00"
ORD-7484,CUST-3759,ST-18,,2025-07-23, Active ,12979
ORD-7485,CUST-101,ST-9,,11/11/2026,ACTIVE,4135
ORD-7486,CUST-1647,ST-3,,05/23/2024,PENDING,"14,601.00"
ORD-7487,CUST-4643,ST-11,CP-16,22-05-2024,CLOSED,"9,091.00"
ORD-7488,CUST-3587,ST-11,,04-01-2024,PENDING,8135
ORD-7489,CUST-215,ST-15,CP-131,2025-04-16,pending,421
ORD-7490,CUST-316,ST-14,,2024-11-15, Active ,18348
ORD-7491,CUST-4321,ST-17,CP-181,08/01/2024,pending,1783
ORD-7492,CUST-3714,ST-25,,2025-06-21,pending,1625
ORD-7493,CUST-2763,ST-24,CP-93,07/10/2024,ACTIVE,546
ORD-7494,CUST-4449,ST-20,,2025-08-02,active,"$16,014.00"
ORD-7495,CUST-2143,ST-3,,11/06/2026,closed,"$8,893.00"
ORD-7496,CUST-3683,ST-7,CP-42,07-11-2024,ACTIVE,"$8,646.00"
ORD-7497,CUST-2850,ST-9,,12/07/2026,CLOSED,"7,445.00"
ORD-7498,CUST-4120,ST-11,,11-02-2024,pending,16029
ORD-7499,CUST-4304,ST-8,CP-24,2025-05-27,active,8217
ORD-7500,CUST-1930,ST-7,,2024-12-13,PENDING,"$8,892.00"
ORD-7501,CUST-4899,ST-10,,2024-03-11, Active ,5822
ORD-7502,CUST-1674,ST-22,CP-149,2025-01-03,CLOSED,18947
ORD-7503,CUST-1033,ST-22,,2025-01-13,ACTIVE,"14,683.00"
ORD-7504,CUST-4193,ST-11,CP-173,07/20/2026,active,6304
ORD-7505,CUST-4255,ST-3,CP-142,2024-11-03,ACTIVE,515
ORD-7506,CUST-2760,ST-15,,04/17/2026,PENDING,"12,037.00"
ORD-7507,CUST-3355,ST-20,,2026-10-09,active,11382
ORD-7508,CUST-2609,ST-8,,15-08-2024,pending,11767
ORD-7509,CUST-1168,ST-13,CP-77,10/08/2026,CLOSED,"12,965.00"
ORD-7510,CUST-4002,ST-7,CP-65,07/05/2024, Active ,"7,739.00"
ORD-7511,CUST-1286,ST-17,,12-07-2024,PENDING,18566
ORD-7512,CUST-1329,ST-14,,03/02/2025,active,"2,033.00"
ORD-7513,CUST-664,ST-1,,2024-04-11, Active ,"17,642.00"
ORD-7514,CUST-2404,ST-20,CP-166,10-05-2026, Active ,"$1,890.00"
ORD-7515,CUST-3141,ST-7,CP-123,05/05/2025,PENDING,423
ORD-7516,CUST-1592,ST-22,CP-189,21-02-2026, Active ,13226
ORD-7517,CUST-3664,ST-25,,2024-01-07, Active ,"15,000.00"
ORD-7518,CUST-2706,ST-8,,2024-07-09,CLOSED,"11,263.00"
ORD-7519,CUST-1359,ST-17,,15-10-2026,ACTIVE,559
ORD-7520,CUST-2788,ST-2,CP-74,27-10-2025,active,$207.00
ORD-7521,CUST-662,ST-5,,05/13/2026, Active ,11337
ORD-7522,CUST-2907,ST-21,,2024-11-07, Active ,6309
ORD-7523,CUST-1588,ST-19,,2025-12-12,CLOSED,"$3,473.00"
ORD-7524,CUST-1481,ST-16,,2026-05-09,closed,4344
ORD-7525,CUST-3573,ST-1,CP-56,02/27/2024, Active ,8025
ORD-7526,CUST-2624,ST-15,,08/22/2024,CLOSED,8818
ORD-7527,CUST-4531,ST-7,,03/21/2026,ACTIVE,7450
ORD-7528,CUST-2282,ST-9,,11/25/2026,CLOSED,12996
ORD-7529,CUST-2362,ST-9,,2024-03-12,ACTIVE,16088
ORD-7530,CUST-4829,ST-17,CP-101,2025-10-20,active,19909
ORD-7531,CUST-229,ST-9,,2024-02-05,CLOSED,506
ORD-7532,CUST-3286,ST-7,CP-78,2024-08-28,ACTIVE,17535
ORD-7533,CUST-1027,ST-5,CP-73,2026-02-01, Active ,"19,439.00"
ORD-7534,CUST-3495,ST-4,,01/24/2024,closed,15222
ORD-7535,CUST-1346,ST-20,,2024-09-18,active,"$16,490.00"
ORD-7536,CUST-273,ST-19,,24-02-2025, Active ,11966
ORD-7537,CUST-2196,ST-24,CP-197,04/13/2024,closed,"15,535.00"
ORD-7538,CUST-3902,ST-25,,2026-08-05,closed,"$16,984.00"
ORD-7539,CUST-4126,ST-14,CP-87,10-07-2024,PENDING,"$19,377.00"
ORD-7540,CUST-4119,ST-16,,2024-09-27,CLOSED,2665
ORD-7541,CUST-3707,ST-17,,28-09-2024,ACTIVE,"$10,871.00"
ORD-7542,CUST-3247,ST-21,,2025-08-20,pending,"$18,665.00"
ORD-7543,CUST-3907,ST-25,,06-05-2026,ACTIVE,"$16,217.00"
ORD-7544,CUST-2927,ST-5,,10/18/2026,active,8135
ORD-7545,CUST-1408,ST-25,,2025-09-21,active,"$2,371.00"
ORD-7546,CUST-4813,ST-14,,01/18/2026,pending,"$17,825.00"
ORD-7547,CUST-3365,ST-6,,2024-07-06, Active ,"$3,992.00"
ORD-7548,CUST-4363,ST-10,,2026-12-25, Active ,"18,777.00"
ORD-7549,CUST-999,ST-14,,19-08-2024,pending,"$5,648.00"
ORD-7550,CUST-831,ST-9,,01-06-2024,CLOSED,5516
ORD-7551,CUST-4511,ST-24,,2024-11-26,CLOSED,"$18,481.00"
ORD-7552,CUST-3814,ST-25,,10/20/2026,ACTIVE,16973
ORD-7553,CUST-1848,ST-7,,17-03-2025,active,19862
ORD-7554,CUST-2708,ST-24,,2026-03-05,pending,"17,199.00"
ORD-7555,CUST-1428,ST-24,,08-09-2025, Active ,"7,089.00"
ORD-7556,CUST-3885,ST-16,CP-80,26-02-2024,ACTIVE,"6,910.00"
ORD-7557,CUST-846,ST-7,,2026-08-26,CLOSED,"$10,821.00"
ORD-7558,CUST-3804,ST-18,,2025-04-26,pending,"$11,175.00"
ORD-7559,CUST-568,ST-20,,2026-12-05,CLOSED,16698
ORD-7560,CUST-2060,ST-16,,12/06/2026, Active ,11893
ORD-7561,CUST-495,ST-25,CP-99,08/26/2025,CLOSED,"15,916.00"
ORD-7562,CUST-2226,ST-18,CP-84,10/26/2026,pending,"11,759.00"
ORD-7563,CUST-3076,ST-1,CP-127,2026-12-25,PENDING,"$16,649.00"
ORD-7564,CUST-4362,ST-9,CP-155,11-01-2024,active,4664
ORD-7565,CUST-532,ST-9,CP-160,2025-09-07,pending,"$12,510.00"
ORD-7566,CUST-4120,ST-4,,16-09-2025,CLOSED,1780
ORD-7567,CUST-3188,ST-9,CP-42,2026-04-13,closed,18403
ORD-7568,CUST-808,ST-16,CP-16,10/23/2024,pending,597
ORD-7569,CUST-2810,ST-4,CP-103,08/18/2025,pending,"$1,674.00"
ORD-7570,CUST-3251,ST-9,,2026-03-05,pending,19624
ORD-7571,CUST-4139,ST-17,,2024-10-24,PENDING,13052
ORD-7572,CUST-4244,ST-11,,06/05/2026,closed,13405
ORD-7573,CUST-3771,ST-5,,2024-03-16, Active ,"$2,673.00"
ORD-7574,CUST-2669,ST-7,,06/01/2026,active,18109
ORD-7575,CUST-2268,ST-12,,2026-02-04,active,"$10,122.00"
ORD-7576,CUST-4714,ST-9,,05/23/2026,pending,7398
ORD-7577,CUST-1185,ST-19,,03/03/2024,closed,"$15,649.00"
ORD-7578,CUST-3321,ST-20,CP-173,04/21/2025,PENDING,"$14,127.00"
ORD-7579,CUST-2803,ST-17,CP-137,04/21/2026,PENDING,"9,108.00"
ORD-7580,CUST-1308,ST-11,,2024-07-28,PENDING,13275
ORD-7581,CUST-3167,ST-19,,2025-11-03,active,6665
ORD-7582,CUST-1522,ST-11,CP-1,07-06-2024,ACTIVE,"$2,325.00"
ORD-7583,CUST-1076,ST-6,,12-01-2025,active,"3,741.00"
ORD-7584,CUST-3020,ST-5,,2026-01-21,pending,12222
ORD-7585,CUST-989,ST-19,CP-22,05/26/2025,ACTIVE,"1,144.00"
ORD-7586,CUST-433,ST-3,,18-09-2026,CLOSED,15608
ORD-7587,CUST-212,ST-16,CP-40,04/04/2025,active,15738
ORD-7588,CUST-2382,ST-18,,02/02/2024,active,12760
ORD-7589,CUST-3567,ST-2,CP-171,02/13/2026,ACTIVE,6021
ORD-7590,CUST-3447,ST-14,,12/21/2025,PENDING,15654
ORD-7591,CUST-4927,ST-11,,16-03-2024,PENDING,"$1,060.00"
ORD-7592,CUST-981,ST-19,,07/17/2024,PENDING,7936
ORD-7593,CUST-4043,ST-4,,2024-03-22,closed,18245
ORD-7594,CUST-4221,ST-12,,03/23/2024,ACTIVE,1642
ORD-7595,CUST-427,ST-15,CP-119,05/13/2025,PENDING,"$16,402.00"
ORD-7596,CUST-412,ST-21,,2026-03-14,ACTIVE,11692
ORD-7597,CUST-2101,ST-6,,18-04-2026,CLOSED,4350
ORD-7598,CUST-3152,ST-21,,08/19/2026,ACTIVE,"16,681.00"
ORD-7599,CUST-63,ST-5,,09/09/2024,active,"12,545.00"
ORD-7600,CUST-2026,ST-2,,07/13/2026, Active ,1007
ORD-7601,CUST-2392,ST-18,,2026-10-05,PENDING,"$3,775.00"
ORD-7602,CUST-2062,ST-20,CP-103,14-02-2025,pending,11368
ORD-7603,CUST-4552,ST-10,,04/26/2026,CLOSED,$218.00
ORD-7604,CUST-3603,ST-17,CP-45,2026-10-10, Active ,"$11,351.00"
ORD-7605,CUST-3849,ST-9,,01-11-2024,active,"$16,993.00"
ORD-7606,CUST-1342,ST-9,,2025-03-25, Active ,8978
ORD-7607,CUST-894,ST-4,,2026-10-21,pending,6434
ORD-7608,CUST-3669,ST-19,,11-01-2026,PENDING,10758
ORD-7609,CUST-1523,ST-18,,2024-04-12,ACTIVE,"$9,967.00"
ORD-7610,CUST-536,ST-10,,01/05/2025,pending,$812.00
ORD-7611,CUST-689,ST-19,,2025-01-19, Active ,"$10,698.00"
ORD-7612,CUST-4459,ST-11,,08-02-2024,closed,"3,705.00"
ORD-7613,CUST-3887,ST-24,,2024-02-13, Active ,"$17,151.00"
ORD-7614,CUST-3558,ST-19,,03/06/2026,CLOSED,8465
ORD-7615,CUST-2752,ST-10,,2026-05-21, Active ,"16,112.00"
ORD-7616,CUST-2637,ST-1,CP-157,2024-05-07, Active ,11784
ORD-7617,CUST-4423,ST-11,CP-53,2025-02-03,CLOSED,9610
ORD-7618,CUST-4013,ST-7,CP-172,2026-02-03,active,"$19,419.00"
ORD-7619,CUST-2557,ST-18,,12/18/2025, Active ,"14,991.00"
ORD-7620,CUST-3849,ST-21,CP-185,20-06-2026,closed,"$1,708.00"
ORD-7621,CUST-1788,ST-6,,2024-08-10,closed,16422
ORD-7622,CUST-912,ST-18,,08/15/2025,ACTIVE,846
ORD-7623,CUST-3243,ST-2,,2024-11-05,pending,19211
ORD-7624,CUST-3691,ST-3,,2025-10-20, Active ,10494
ORD-7625,CUST-4221,ST-5,CP-112,06-02-2026,closed,15009
ORD-7626,CUST-1957,ST-19,,2024-03-25,ACTIVE,19559
ORD-7627,CUST-4434,ST-1,,19-02-2025,PENDING,7473
ORD-7628,CUST-25,ST-3,,27-11-2025,CLOSED,3266
ORD-7629,CUST-3838,ST-18,,24-05-2026, Active ,"$13,654.00"
ORD-7630,CUST-2746,ST-19,,2025-03-08,PENDING,"$6,311.00"
ORD-7631,CUST-1565,ST-7,CP-18,12/11/2024,pending,9995
ORD-7632,CUST-3827,ST-18,,07-09-2025,closed,17207
ORD-7633,CUST-1924,ST-2,,11/17/2024,CLOSED,5596
ORD-7634,CUST-2397,ST-2,,2026-10-14,closed,7451
ORD-7635,CUST-3802,ST-25,,2026-01-18,active,11983
ORD-7636,CUST-618,ST-24,,2026-03-01, Active ,17199
ORD-7637,CUST-4942,ST-5,CP-49,2024-08-15,ACTIVE,"$2,414.00"
ORD-7638,CUST-2155,ST-18,,2025-08-18,CLOSED,"16,858.00"
ORD-7639,CUST-4125,ST-11,,2025-12-27,CLOSED,11457
ORD-7640,CUST-988,ST-7,,2025-07-07, Active ,15530
ORD-7641,CUST-2948,ST-17,,2025-01-08, Active ,"19,623.00"
ORD-7642,CUST-4925,ST-7,,03/28/2025,PENDING,17079
ORD-7643,CUST-1506,ST-10,,2026-07-05,pending,10370
ORD-7644,CUST-4131,ST-6,,10/27/2026,closed,"$10,237.00"
ORD-7645,CUST-1275,ST-1,,2025-04-28,pending,"$14,906.00"
ORD-7646,CUST-2103,ST-1,CP-142,01/12/2024,PENDING,9400
ORD-7647,CUST-87,ST-17,,2024-04-10, Active ,17312
ORD-7648,CUST-2090,ST-11,CP-104,02/25/2025,ACTIVE,"7,024.00"
ORD-7649,CUST-2493,ST-2,,28-04-2026, Active ,"$8,817.00"
ORD-7650,CUST-1234,ST-14,,02/02/2024,active,"$5,559.00"
ORD-7651,CUST-4077,ST-17,CP-111,2026-11-26,PENDING,"$18,333.00"
ORD-7652,CUST-7,ST-19,,2025-11-25,active,"$13,031.00"
ORD-7653,CUST-1162,ST-23,,2026-05-16,closed,19580
ORD-7654,CUST-3237,ST-2,,11-09-2025,pending,10215
ORD-7655,CUST-1841,ST-11,,07/13/2025,PENDING,4814
ORD-7656,CUST-189,ST-8,,15-10-2025,ACTIVE,$808.00
ORD-7657,CUST-2534,ST-1,,12/14/2024,closed,"$10,917.00"
ORD-7658,CUST-4095,ST-10,,2026-12-09, Active ,$552.00
ORD-7659,CUST-1551,ST-12,,09/08/2024,PENDING,"$11,343.00"
ORD-7660,CUST-2896,ST-4,CP-154,2026-06-25,PENDING,"$4,463.00"
ORD-7661,CUST-750,ST-1,,01-12-2025,CLOSED,7121
ORD-7662,CUST-4022,ST-22,CP-135,2024-05-24,pending,19869
ORD-7663,CUST-3261,ST-16,CP-40,01/25/2026,pending,15289
ORD-7664,CUST-1083,ST-8,,2024-12-15,pending,"19,895.00"
ORD-7665,CUST-4277,ST-19,,2025-12-13,active,"12,903.00"
ORD-7666,CUST-1874,ST-22,CP-190,08/07/2026, Active ,11771
ORD-7667,CUST-3740,ST-15,CP-13,12/01/2025,closed,"$9,851.00"
ORD-7668,CUST-844,ST-22,CP-196,11/05/2026,PENDING,15512
ORD-7669,CUST-2746,ST-23,,2025-11-02,active,4766
ORD-7670,CUST-3160,ST-22,CP-135,13-03-2024,pending,"5,729.00"
ORD-7671,CUST-4169,ST-23,CP-10,2024-11-05,closed,2112
ORD-7672,CUST-4802,ST-20,CP-30,08/20/2026,ACTIVE,"8,878.00"
ORD-7673,CUST-603,ST-13,,2025-07-19,ACTIVE,4545
ORD-7674,CUST-4597,ST-10,,2024-06-12,closed,15229
ORD-7675,CUST-2341,ST-15,CP-187,03/08/2026,active,$719.00
ORD-7676,CUST-1715,ST-3,CP-115,19-05-2024,active,15548
ORD-7677,CUST-2863,ST-1,,2026-02-06,pending,"$11,368.00"
ORD-7678,CUST-4823,ST-18,CP-86,20-01-2025,pending,"16,580.00"
ORD-7679,CUST-4070,ST-23,,2026-07-04,CLOSED,9334
ORD-7680,CUST-2332,ST-1,,07-11-2025,closed,9341
ORD-7681,CUST-3209,ST-7,,10/12/2024,closed,6086
ORD-7682,CUST-3084,ST-11,,2024-07-16,ACTIVE,"$17,767.00"
ORD-7683,CUST-133,ST-15,CP-45,2025-01-13,CLOSED,19975
ORD-7684,CUST-4416,ST-5,,2024-12-05,closed,2596
ORD-7685,CUST-4361,ST-14,,04/06/2025, Active ,"4,865.00"
ORD-7686,CUST-3335,ST-14,,03/01/2024,PENDING,"$5,075.00"
ORD-7687,CUST-1889,ST-6,,07-12-2026,PENDING,643.00
ORD-7688,CUST-243,ST-15,,2025-12-02, Active ,"$7,485.00"
ORD-7689,CUST-4,ST-3,CP-137,2025-04-26,pending,10387
ORD-7690,CUST-729,ST-2,,05/08/2024, Active ,6392
ORD-7691,CUST-4109,ST-17,,2024-12-12,active,"8,999.00"
ORD-7692,CUST-2005,ST-21,,2026-07-15,PENDING,4947
ORD-7693,CUST-4729,ST-2,,08/10/2024,ACTIVE,3836
ORD-7694,CUST-2135,ST-21,CP-195,2025-06-02,ACTIVE,"$5,698.00"
ORD-7695,CUST-3380,ST-3,,17-09-2025, Active ,7577
ORD-7696,CUST-265,ST-20,,04/05/2026,PENDING,"9,042.00"
ORD-7697,CUST-2432,ST-18,,28-02-2026,PENDING,3389
ORD-7698,CUST-3133,ST-7,,2024-05-13,pending,"$9,336.00"
ORD-7699,CUST-1430,ST-20,,09/07/2026,closed,2017
ORD-7700,CUST-2500,ST-24,,2024-04-26,PENDING,"$14,528.00"
ORD-7701,CUST-929,ST-14,CP-148,15-02-2025,ACTIVE,16950
ORD-7702,CUST-395,ST-21,CP-118,2025-01-13,ACTIVE,14919
ORD-7703,CUST-938,ST-8,,2024-05-02,active,"7,831.00"
ORD-7704,CUST-2467,ST-15,,2025-11-05,PENDING,"$11,396.00"
ORD-7705,CUST-1089,ST-3,CP-152,09/06/2026,closed,17433
ORD-7706,CUST-3259,ST-25,,05-11-2025,ACTIVE,4113
ORD-7707,CUST-844,ST-24,CP-3,10/20/2025,PENDING,19524
ORD-7708,CUST-3239,ST-24,,26-02-2025,ACTIVE,"18,791.00"
ORD-7709,CUST-2021,ST-5,,2026-06-27,closed,16966
ORD-7710,CUST-4278,ST-7,,2025-12-02,closed,"$6,573.00"
ORD-7711,CUST-2137,ST-15,,08/15/2026,active,"2,553.00"
ORD-7712,CUST-3564,ST-23,,2025-01-28,ACTIVE,4525
ORD-7713,CUST-4142,ST-25,,01/11/2025,pending,15752
ORD-7714,CUST-158,ST-9,,22-02-2024,ACTIVE,"$17,845.00"
ORD-7715,CUST-5000,ST-20,,22-09-2026, Active ,"12,326.00"
ORD-7716,CUST-4858,ST-6,,2025-07-21,pending,10519
ORD-7717,CUST-2725,ST-2,,2025-12-28,active,"$3,690.00"
ORD-7718,CUST-510,ST-19,CP-23,2025-03-27,CLOSED,"17,534.00"
ORD-7719,CUST-3708,ST-4,,2024-01-05,closed,"$1,138.00"
ORD-7720,CUST-188,ST-1,,15-07-2025,pending,18169
ORD-7721,CUST-1167,ST-16,,08/09/2026,pending,9757
ORD-7722,CUST-2937,ST-12,,22-12-2025,pending,"$3,992.00"
ORD-7723,CUST-769,ST-25,CP-67,2026-11-07,ACTIVE,"$10,995.00"
ORD-7724,CUST-4166,ST-10,,2026-05-16,pending,"16,415.00"
ORD-7725,CUST-2562,ST-5,,23-05-2025,pending,"3,061.00"
ORD-7726,CUST-2852,ST-8,CP-19,2024-03-01, Active ,4880
ORD-7727,CUST-3098,ST-24,,07/14/2025, Active ,"4,034.00"
ORD-7728,CUST-1284,ST-24,CP-190,03/03/2026,PENDING,3354
ORD-7729,CUST-3349,ST-14,,2025-09-19, Active ,4410
ORD-7730,CUST-1416,ST-3,,02/18/2025,pending,"$1,816.00"
ORD-7731,CUST-2177,ST-17,,2024-01-01,active,"6,170.00"
ORD-7732,CUST-3559,ST-15,,2025-07-28,PENDING,18567
ORD-7733,CUST-1626,ST-12,,2024-01-27,ACTIVE,13654
ORD-7734,CUST-409,ST-14,,02/16/2026,pending,"$8,013.00"
ORD-7735,CUST-2431,ST-5,,2025-11-13,ACTIVE,3455
ORD-7736,CUST-1944,ST-8,,09/19/2025, Active ,"$6,467.00"
ORD-7737,CUST-4697,ST-24,,2024-11-08,pending,"$5,868.00"
ORD-7738,CUST-3086,ST-12,,16-08-2024,ACTIVE,5242
ORD-7739,CUST-1479,ST-4,,2026-07-24,pending,17776
ORD-7740,CUST-1740,ST-18,CP-138,24-09-2025,pending,3596
ORD-7741,CUST-2384,ST-17,,2024-01-01,PENDING,12173
ORD-7742,CUST-994,ST-11,,2024-07-04,pending,"$3,020.00"
ORD-7743,CUST-2588,ST-2,CP-25,27-10-2026,closed,"$18,694.00"
ORD-7744,CUST-3419,ST-16,,2026-03-25,closed,"$8,692.00"
ORD-7745,CUST-1562,ST-7,CP-73,12/11/2026, Active ,5722
ORD-7746,CUST-251,ST-8,,2024-02-12, Active ,$817.00
ORD-7747,CUST-2123,ST-2,CP-17,2024-03-27,CLOSED,1225
ORD-7748,CUST-3747,ST-13,CP-191,2024-12-19,active,13364
ORD-7749,CUST-3278,ST-22,,2026-06-19,closed,"10,237.00"
ORD-7750,CUST-3641,ST-10,,01/02/2025,active,"$4,286.00"
ORD-7751,CUST-4824,ST-23,CP-4,2024-06-08,ACTIVE,"19,946.00"
ORD-7752,CUST-153,ST-16,,2024-12-19,active,"$2,064.00"
ORD-7753,CUST-93,ST-3,,09-03-2024, Active ,"12,031.00"
ORD-7754,CUST-76,ST-4,CP-51,05/24/2026,ACTIVE,12887
ORD-7755,CUST-769,ST-13,,04-05-2025, Active ,"$15,539.00"
ORD-7756,CUST-1676,ST-22,,2024-10-19,pending,"$15,078.00"
ORD-7757,CUST-523,ST-11,,2025-05-06,CLOSED,"14,302.00"
ORD-7758,CUST-4724,ST-10,,09-07-2026, Active ,7970
ORD-7759,CUST-722,ST-13,,07/16/2026,closed,"$19,512.00"
ORD-7760,CUST-766,ST-2,,03-05-2026,active,"1,252.00"
ORD-7761,CUST-2329,ST-6,,28-04-2026,PENDING,8947
ORD-7762,CUST-26,ST-1,CP-33,2025-05-17,closed,"11,014.00"
ORD-7763,CUST-3593,ST-16,,2024-05-21,PENDING,"$16,576.00"
ORD-7764,CUST-3220,ST-4,,2025-08-24, Active ,12003
ORD-7765,CUST-4705,ST-4,CP-117,04/27/2024, Active ,16205
ORD-7766,CUST-1902,ST-12,CP-176,2024-01-15,closed,16264
ORD-7767,CUST-1893,ST-11,,19-09-2026, Active ,"$15,499.00"
ORD-7768,CUST-576,ST-3,,15-12-2025,pending,11187
ORD-7769,CUST-1476,ST-19,,2024-01-17, Active ,"$8,322.00"
ORD-7770,CUST-4719,ST-20,CP-15,2026-09-05,CLOSED,"15,177.00"
ORD-7771,CUST-2197,ST-5,,2026-03-05,ACTIVE,4322
ORD-7772,CUST-821,ST-2,,09/15/2024,CLOSED,6776
ORD-7773,CUST-2576,ST-21,CP-45,2025-07-26,CLOSED,"$6,769.00"
ORD-7774,CUST-1296,ST-9,,2025-08-25,ACTIVE,2436
ORD-7775,CUST-1476,ST-8,CP-60,2026-12-27, Active ,"$14,922.00"
ORD-7776,CUST-982,ST-13,,11/14/2026, Active ,8931
ORD-7777,CUST-2535,ST-10,CP-146,01/25/2024, Active ,"9,038.00"
ORD-7778,CUST-1631,ST-25,,08-10-2026,CLOSED,465.00
ORD-7779,CUST-3504,ST-11,,2024-02-02,ACTIVE,19739
ORD-7780,CUST-4399,ST-23,CP-95,2025-02-09,PENDING,9111
ORD-7781,CUST-2480,ST-11,,2025-10-11,PENDING,"$2,414.00"
ORD-7782,CUST-3041,ST-22,CP-127,2024-07-20, Active ,"3,471.00"
ORD-7783,CUST-1524,ST-9,CP-62,2024-07-09,PENDING,"12,209.00"
ORD-7784,CUST-2630,ST-12,CP-58,2024-10-17,closed,1619
ORD-7785,CUST-4429,ST-6,CP-169,12/12/2025,pending,8765
ORD-7786,CUST-3533,ST-15,,10/28/2026,PENDING,75
ORD-7787,CUST-1872,ST-21,CP-103,2024-08-04,PENDING,7830
ORD-7788,CUST-1123,ST-23,,11/18/2025,pending,7652
ORD-7789,CUST-3331,ST-13,,24-12-2025, Active ,2746
ORD-7790,CUST-829,ST-10,,2026-05-26,active,12974
ORD-7791,CUST-3579,ST-13,,2026-12-18,active,2457
ORD-7792,CUST-4368,ST-14,CP-152,11/25/2026,PENDING,2067
ORD-7793,CUST-512,ST-17,,2025-08-23,CLOSED,"$13,238.00"
ORD-7794,CUST-2524,ST-9,,2025-08-24,pending,15939
ORD-7795,CUST-909,ST-18,,2024-04-25,CLOSED,"$10,750.00"
ORD-7796,CUST-3576,ST-1,,2025-11-04,PENDING,"$19,857.00"
ORD-7797,CUST-375,ST-10,,2024-07-27,CLOSED,"$6,333.00"
ORD-7798,CUST-4070,ST-24,,2026-04-07,closed,15887
ORD-7799,CUST-1262,ST-13,,06/14/2024, Active ,"$15,374.00"
ORD-7800,CUST-4480,ST-2,,11/16/2026,ACTIVE,7194
ORD-7801,CUST-3898,ST-20,,2025-03-02,active,"2,011.00"
ORD-7802,CUST-3816,ST-13,CP-111,2026-10-20,CLOSED,"$12,872.00"
ORD-7803,CUST-4675,ST-7,,02/06/2024,active,"$5,455.00"
ORD-7804,CUST-3494,ST-9,,2026-08-08, Active ,$975.00
ORD-7805,CUST-2739,ST-2,,01/10/2024,pending,"$7,100.00"
ORD-7806,CUST-722,ST-6,,2024-06-21,PENDING,1598
ORD-7807,CUST-1504,ST-13,CP-142,07/16/2025,CLOSED,"$11,356.00"
ORD-7808,CUST-4350,ST-3,CP-104,18-01-2025,pending,"19,857.00"
ORD-7809,CUST-1982,ST-10,CP-40,2024-10-02, Active ,18327
ORD-7810,CUST-4447,ST-25,,10/09/2025,PENDING,4663
ORD-7811,CUST-3573,ST-23,,20-05-2026,active,"$17,526.00"
ORD-7812,CUST-2532,ST-16,CP-32,2025-03-06,CLOSED,1272
ORD-7813,CUST-4147,ST-13,,08/16/2025,closed,6224
ORD-7814,CUST-4433,ST-8,,11/28/2026, Active ,"$12,265.00"
ORD-7815,CUST-3428,ST-9,,2026-06-08,CLOSED,498
ORD-7816,CUST-650,ST-21,,12-12-2025,PENDING,"8,995.00"
ORD-7817,CUST-314,ST-19,CP-36,2024-07-13,PENDING,"$16,582.00"
ORD-7818,CUST-3373,ST-2,,2024-05-27,pending,2782
ORD-7819,CUST-4373,ST-2,,09/27/2024, Active ,8480
ORD-7820,CUST-3051,ST-20,CP-154,2025-12-18,pending,"9,976.00"
ORD-7821,CUST-1563,ST-13,CP-130,2026-06-22,pending,"$7,773.00"
ORD-7822,CUST-4953,ST-18,,01/28/2025,PENDING,1506
ORD-7823,CUST-3333,ST-1,,08/26/2026,active,7407
ORD-7824,CUST-2597,ST-9,,2025-10-04, Active ,"$10,676.00"
ORD-7825,CUST-4434,ST-7,,09/16/2024,active,"17,259.00"
ORD-7826,CUST-3443,ST-16,CP-130,24-02-2026,PENDING,15220
ORD-7827,CUST-4874,ST-13,,2024-08-09,CLOSED,"$1,689.00"
ORD-7828,CUST-3129,ST-5,CP-183,06/27/2024, Active ,5337
ORD-7829,CUST-1061,ST-12,,2025-01-15,pending,19864
ORD-7830,CUST-4002,ST-2,,20-06-2024,CLOSED,"$17,185.00"
ORD-7831,CUST-2877,ST-17,CP-174,2025-01-22,ACTIVE,4006
ORD-7832,CUST-841,ST-23,,2026-08-24,CLOSED,17148
ORD-7833,CUST-4388,ST-10,,2024-03-05, Active ,249
ORD-7834,CUST-2285,ST-4,,2024-04-05,closed,9981
ORD-7835,CUST-2873,ST-6,CP-97,10/22/2026,CLOSED,"$1,732.00"
ORD-7836,CUST-1599,ST-10,,04/03/2025,PENDING,710
ORD-7837,CUST-2021,ST-22,CP-186,2024-04-24, Active ,15183
ORD-7838,CUST-1920,ST-10,,2025-12-09, Active ,935
ORD-7839,CUST-1787,ST-22,,2024-10-01,active,12675
ORD-7840,CUST-910,ST-23,,15-06-2025,active,2292
ORD-7841,CUST-397,ST-16,,07/25/2025, Active ,"$18,069.00"
ORD-7842,CUST-974,ST-22,CP-88,2024-07-15,pending,"6,695.00"
ORD-7843,CUST-2182,ST-3,,2026-04-21,CLOSED,19106
ORD-7844,CUST-904,ST-15,,2025-05-17,active,3371
ORD-7845,CUST-3594,ST-25,CP-60,05/28/2025,CLOSED,"3,527.00"
ORD-7846,CUST-1455,ST-22,,2024-02-16,closed,2909
ORD-7847,CUST-968,ST-3,,2025-09-22, Active ,11676
ORD-7848,CUST-3707,ST-12,CP-163,2024-01-27,active,"$10,814.00"
ORD-7849,CUST-1128,ST-18,,2026-02-02, Active ,"$7,374.00"
ORD-7850,CUST-752,ST-11,,02/11/2025,CLOSED,15494
ORD-7851,CUST-798,ST-18,,2024-06-12,pending,"$8,066.00"
ORD-7852,CUST-1138,ST-4,,2026-08-20,active,"$17,526.00"
ORD-7853,CUST-4055,ST-11,CP-200,04/01/2024,CLOSED,"$16,739.00"
ORD-7854,CUST-1191,ST-5,CP-135,06/24/2026,ACTIVE,"$13,555.00"
ORD-7855,CUST-2297,ST-7,CP-170,2024-04-18,pending,2561
ORD-7856,CUST-2292,ST-9,CP-178,2024-05-13,CLOSED,"$5,430.00"
ORD-7857,CUST-2512,ST-7,,20-05-2026,CLOSED,14820
ORD-7858,CUST-20,ST-16,,10/17/2026,pending,"3,771.00"
ORD-7859,CUST-4723,ST-25,,07-08-2025,ACTIVE,11863
ORD-7860,CUST-3667,ST-11,,01/10/2026,CLOSED,"$6,881.00"
ORD-7861,CUST-4054,ST-24,,07/23/2024,PENDING,"7,737.00"
ORD-7862,CUST-4436,ST-5,CP-42,2025-02-08,PENDING,"18,834.00"
ORD-7863,CUST-3877,ST-6,,2024-12-28, Active ,4870
ORD-7864,CUST-1852,ST-25,,2024-07-19,CLOSED,"8,561.00"
ORD-7865,CUST-1440,ST-2,,2026-12-14,PENDING,"3,718.00"
ORD-7866,CUST-752,ST-19,,25-10-2026, Active ,16508
ORD-7867,CUST-1078,ST-8,CP-43,05/26/2026,closed,"$11,456.00"
ORD-7868,CUST-2393,ST-23,,2026-08-02, Active ,"$1,999.00"
ORD-7869,CUST-1530,ST-11,CP-171,03/25/2025,CLOSED,"3,568.00"
ORD-7870,CUST-2196,ST-2,,2026-09-28,ACTIVE,11326
ORD-7871,CUST-4393,ST-15,,21-10-2025, Active ,7644
ORD-7872,CUST-4295,ST-5,CP-190,01/26/2026,CLOSED,"$16,215.00"
ORD-7873,CUST-761,ST-16,CP-161,2024-01-19,closed,"$13,482.00"
ORD-7874,CUST-1992,ST-2,,2025-03-05,active,3910
ORD-7875,CUST-4328,ST-16,CP-149,2026-08-20,pending,6325
ORD-7876,CUST-3687,ST-18,,10/24/2026,CLOSED,18314
ORD-7877,CUST-4503,ST-25,,2026-12-18, Active ,5483
ORD-7878,CUST-831,ST-23,CP-88,01-01-2025, Active ,7004
ORD-7879,CUST-435,ST-16,CP-145,05-04-2026,closed,"$6,795.00"
ORD-7880,CUST-3804,ST-17,CP-42,24-03-2024,PENDING,"$15,847.00"
ORD-7881,CUST-1835,ST-1,CP-6,2024-10-23,active,"$1,851.00"
ORD-7882,CUST-2637,ST-24,,2026-08-28,PENDING,1445
ORD-7883,CUST-3968,ST-12,,11/05/2026, Active ,"$14,498.00"
ORD-7884,CUST-3231,ST-17,,11/16/2024, Active ,18585
ORD-7885,CUST-3609,ST-10,CP-63,02/06/2024,ACTIVE,"6,843.00"
ORD-7886,CUST-4603,ST-6,,2026-04-14,PENDING,"13,329.00"
ORD-7887,CUST-4126,ST-1,,2026-03-01,CLOSED,250
ORD-7888,CUST-3798,ST-15,,06-08-2024, Active ,$859.00
ORD-7889,CUST-4409,ST-6,,2025-07-24,PENDING,4731
ORD-7890,CUST-4482,ST-4,,2026-10-08,closed,17741
ORD-7891,CUST-2465,ST-13,,16-01-2026,pending,"1,270.00"
ORD-7892,CUST-1738,ST-22,,2025-04-15,closed,9129
ORD-7893,CUST-862,ST-13,,2024-04-08,active,"11,051.00"
ORD-7894,CUST-4394,ST-5,,2024-07-01,closed,"$8,863.00"
ORD-7895,CUST-712,ST-21,,11/25/2025,CLOSED,"13,470.00"
ORD-7896,CUST-1622,ST-23,,2026-08-04,closed,3649
ORD-7897,CUST-1996,ST-22,,2024-01-26,PENDING,"$6,243.00"
ORD-7898,CUST-2238,ST-20,,2025-07-11,CLOSED,13283
ORD-7899,CUST-2914,ST-4,,2026-10-24,pending,12743
ORD-7900,CUST-4516,ST-8,CP-113,2026-07-25,pending,5294
ORD-7901,CUST-1240,ST-4,,2026-01-01,ACTIVE,"$7,203.00"
ORD-7902,CUST-1575,ST-12,,2025-05-25, Active ,2992
ORD-7903,CUST-496,ST-22,,02/14/2024,PENDING,"$3,322.00"
ORD-7904,CUST-2543,ST-7,,14-01-2024,CLOSED,"$12,189.00"
ORD-7905,CUST-159,ST-2,,07/19/2026,ACTIVE,17341
ORD-7906,CUST-3,ST-21,CP-35,2025-06-15, Active ,6070
ORD-7907,CUST-3605,ST-18,CP-174,2026-12-23,pending,11264
ORD-7908,CUST-3002,ST-12,,2024-11-04,PENDING,"9,777.00"
ORD-7909,CUST-2604,ST-15,CP-193,2024-10-09,pending,16623
ORD-7910,CUST-484,ST-17,,2026-10-27,closed,"9,998.00"
ORD-7911,CUST-3127,ST-13,,10/21/2026,active,8640
ORD-7912,CUST-947,ST-24,,08/05/2024, Active ,102
ORD-7913,CUST-3677,ST-3,,2025-01-24,pending,9634
ORD-7914,CUST-3226,ST-14,CP-27,2025-11-08,closed,18277
ORD-7915,CUST-3374,ST-5,,2024-07-21,ACTIVE,"18,220.00"
ORD-7916,CUST-3437,ST-17,CP-136,24-09-2025,pending,"18,035.00"
ORD-7917,CUST-3327,ST-16,,2025-04-02,active,19227
ORD-7918,CUST-620,ST-15,CP-53,04/23/2026,ACTIVE,"18,953.00"
ORD-7919,CUST-527,ST-8,CP-53,2026-02-12, Active ,16071
ORD-7920,CUST-4456,ST-16,,14-12-2026,CLOSED,14212
ORD-7921,CUST-4142,ST-17,,27-10-2026,ACTIVE,19269
ORD-7922,CUST-1661,ST-11,,2026-11-16,ACTIVE,18440
ORD-7923,CUST-798,ST-1,,28-04-2024,pending,722
ORD-7924,CUST-2350,ST-23,,2026-11-04,PENDING,"$2,332.00"
ORD-7925,CUST-1789,ST-14,,06/23/2024,ACTIVE,"13,300.00"
ORD-7926,CUST-4713,ST-11,,2025-04-20,closed,"$13,614.00"
ORD-7927,CUST-3556,ST-10,,01/10/2026,CLOSED,"$3,354.00"
ORD-7928,CUST-1507,ST-22,,05/14/2025,closed,7799
ORD-7929,CUST-180,ST-15,CP-199,06/05/2024, Active ,5863
ORD-7930,CUST-1692,ST-4,,2024-04-24,closed,16026
ORD-7931,CUST-3904,ST-10,,02/10/2024, Active ,16377
ORD-7932,CUST-1576,ST-1,,01/27/2025,ACTIVE,2241
ORD-7933,CUST-2271,ST-12,,2024-01-18,pending,"12,048.00"
ORD-7934,CUST-1847,ST-25,CP-151,2025-02-10,ACTIVE,11391
ORD-7935,CUST-3316,ST-13,,2025-09-18, Active ,1527
ORD-7936,CUST-1304,ST-16,CP-91,06/03/2025,CLOSED,"$11,688.00"
ORD-7937,CUST-3064,ST-2,,04/01/2025,CLOSED,"$14,939.00"
ORD-7938,CUST-1199,ST-4,,2024-07-27,CLOSED,14589
ORD-7939,CUST-4255,ST-23,,2026-10-04,PENDING,19853
ORD-7940,CUST-603,ST-20,CP-139,2026-11-12,CLOSED,"$6,644.00"
ORD-7941,CUST-4346,ST-5,,2026-11-04,closed,15724
ORD-7942,CUST-3242,ST-2,,07/27/2026,PENDING,"11,944.00"
ORD-7943,CUST-4418,ST-3,CP-162,25-06-2024,ACTIVE,548
ORD-7944,CUST-2866,ST-19,CP-30,12/17/2024, Active ,8295
ORD-7945,CUST-3737,ST-4,,08/28/2025,CLOSED,17684
ORD-7946,CUST-2071,ST-25,,08/07/2024,active,16407
ORD-7947,CUST-1554,ST-18,,13-06-2025,pending,6781
ORD-7948,CUST-573,ST-11,CP-41,2026-06-11,ACTIVE,"$13,197.00"
ORD-7949,CUST-4019,ST-22,,10/12/2025,active,177.00
ORD-7950,CUST-1166,ST-18,CP-134,21-05-2026,pending,"$14,584.00"
ORD-7951,CUST-3235,ST-14,,2026-01-09,ACTIVE,"10,659.00"
ORD-7952,CUST-4021,ST-23,,08/23/2026,CLOSED,"$1,698.00"
ORD-7953,CUST-1369,ST-2,,2025-07-21,ACTIVE,13525
ORD-7954,CUST-1582,ST-23,,06/24/2024,PENDING,"$19,906.00"
ORD-7955,CUST-2509,ST-17,CP-163,01/09/2026,closed,"13,271.00"
ORD-7956,CUST-743,ST-24,,07-10-2024,ACTIVE,"$1,285.00"
ORD-7957,CUST-3928,ST-21,,12/12/2026,CLOSED,11388
ORD-7958,CUST-3287,ST-8,,03/26/2024,ACTIVE,"$3,076.00"
ORD-7959,CUST-3989,ST-23,,01/15/2025,CLOSED,14955
ORD-7960,CUST-76,ST-22,,04/01/2024,PENDING,2240
ORD-7961,CUST-4172,ST-18,,2024-07-28,closed,19615
ORD-7962,CUST-1870,ST-1,CP-121,06/11/2026,closed,"15,440.00"
ORD-7963,CUST-815,ST-23,CP-50,2026-06-04, Active ,"$4,844.00"
ORD-7964,CUST-4174,ST-1,CP-130,19-06-2024,active,"10,657.00"
ORD-7965,CUST-3091,ST-5,,2025-06-02,closed,9006
ORD-7966,CUST-1811,ST-4,,01/16/2026,ACTIVE,19631
ORD-7967,CUST-2079,ST-2,,2026-12-17,PENDING,18650
ORD-7968,CUST-748,ST-4,,18-09-2024,PENDING,"$9,206.00"
ORD-7969,CUST-841,ST-3,,2026-12-20,active,4559
ORD-7970,CUST-2548,ST-9,,02/18/2025,closed,12449
ORD-7971,CUST-238,ST-1,,27-07-2024,active,13887
ORD-7972,CUST-2930,ST-18,,02/07/2024,CLOSED,1909
ORD-7973,CUST-103,ST-6,CP-136,06-08-2026, Active ,8018
ORD-7974,CUST-637,ST-25,,06/13/2025,CLOSED,4341
ORD-7975,CUST-4498,ST-10,,17-03-2025,pending,1755
ORD-7976,CUST-1490,ST-13,CP-122,2024-02-10,closed,18506
ORD-7977,CUST-4119,ST-1,,09/02/2026,CLOSED,18741
ORD-7978,CUST-697,ST-20,,04/21/2025,CLOSED,"$13,741.00"
ORD-7979,CUST-122,ST-25,,2024-02-26,ACTIVE,"10,951.00"
ORD-7980,CUST-1032,ST-22,,06/09/2024,pending,9599
ORD-7981,CUST-1281,ST-22,,2025-08-15,pending,"$18,626.00"
ORD-7982,CUST-1087,ST-2,CP-133,07-09-2026,PENDING,"9,173.00"
ORD-7983,CUST-792,ST-12,,2024-03-12,closed,"$10,387.00"
ORD-7984,CUST-3994,ST-13,CP-188,12/02/2026,CLOSED,8920
ORD-7985,CUST-3011,ST-10,,12/24/2026, Active ,$437.00
ORD-7986,CUST-41,ST-8,,2025-06-27,PENDING,16554
ORD-7987,CUST-4509,ST-17,CP-162,2026-07-04, Active ,"16,683.00"
ORD-7988,CUST-2610,ST-4,,10/02/2026,CLOSED,"$11,958.00"
ORD-7989,CUST-810,ST-1,CP-58,12-08-2024,closed,"$2,011.00"
ORD-7990,CUST-3349,ST-22,,2025-07-27,CLOSED,"2,936.00"
ORD-7991,CUST-3532,ST-15,,2024-05-03,active,7951
ORD-7992,CUST-3878,ST-10,,07/12/2026, Active ,2003
ORD-7993,CUST-3128,ST-22,CP-105,02/16/2024,ACTIVE,6458
ORD-7994,CUST-4267,ST-23,CP-118,02-07-2026,ACTIVE,14252
ORD-7995,CUST-2745,ST-13,,2024-10-22,PENDING,"12,251.00"
ORD-7996,CUST-1469,ST-15,,01/04/2024,CLOSED,"18,019.00"
ORD-7997,CUST-4217,ST-25,CP-155,08-05-2025,ACTIVE,17285
ORD-7998,CUST-4012,ST-5,CP-136,2025-06-05, Active ,18398
ORD-7999,CUST-770,ST-10,,2024-01-03,active,1491
ORD-8000,CUST-1370,ST-6,CP-173,07/28/2026,ACTIVE,"$4,061.00"
ORD-8001,CUST-2925,ST-6,,2025-10-28,pending,2580
ORD-8002,CUST-1683,ST-21,CP-150,2026-01-13, Active ,"$15,129.00"
ORD-8003,CUST-3104,ST-18,,2025-09-28,active,"$6,381.00"
ORD-8004,CUST-4068,ST-23,CP-170,2026-05-06, Active ,1635
ORD-8005,CUST-2808,ST-9,,16-09-2025,pending,"$3,196.00"
ORD-8006,CUST-4340,ST-13,CP-63,24-07-2024,pending,19700
ORD-8007,CUST-412,ST-9,CP-193,2026-10-26, Active ,"13,935.00"
ORD-8008,CUST-4790,ST-4,,01/03/2024,pending,"$17,394.00"
ORD-8009,CUST-3312,ST-1,,06/23/2025,PENDING,"$9,621.00"
ORD-8010,CUST-3055,ST-15,,2026-02-19,pending,"1,282.00"
ORD-8011,CUST-2101,ST-17,CP-171,2025-12-05,ACTIVE,5783
ORD-8012,CUST-3721,ST-24,,2025-10-22,pending,14412
ORD-8013,CUST-109,ST-24,,07-12-2024, Active ,9911
ORD-8014,CUST-2620,ST-16,,2024-03-13,pending,"$3,034.00"
ORD-8015,CUST-4835,ST-14,,2024-02-06,CLOSED,11589
ORD-8016,CUST-2008,ST-20,,2026-05-18,ACTIVE,"7,368.00"
ORD-8017,CUST-2257,ST-11,CP-96,2025-10-23,pending,15941
ORD-8018,CUST-867,ST-4,,2026-07-11,pending,"4,225.00"
ORD-8019,CUST-1143,ST-15,,2024-07-12,CLOSED,1530
ORD-8020,CUST-4351,ST-21,,2026-02-20,active,"$8,192.00"
ORD-8021,CUST-3918,ST-15,,2024-10-13,active,"$15,862.00"
ORD-8022,CUST-1169,ST-19,,04/12/2025,PENDING,"$15,602.00"
ORD-8023,CUST-898,ST-5,,08/07/2026, Active ,806.00
ORD-8024,CUST-1927,ST-3,CP-68,09-11-2025,active,17282
ORD-8025,CUST-3601,ST-20,,10/19/2025,PENDING,15289
ORD-8026,CUST-296,ST-18,,2025-11-24,closed,"14,918.00"
ORD-8027,CUST-2712,ST-23,,02/07/2024,closed,"$14,849.00"
ORD-8028,CUST-1290,ST-7,CP-181,09/24/2025, Active ,"$17,853.00"
ORD-8029,CUST-4341,ST-11,CP-71,12/12/2024,closed,13591
ORD-8030,CUST-938,ST-17,CP-33,2024-10-24,active,5380
ORD-8031,CUST-343,ST-16,,24-05-2024,PENDING,13769
ORD-8032,CUST-1557,ST-12,CP-54,17-07-2025,active,745.00
ORD-8033,CUST-4093,ST-3,,11/05/2024,pending,16353
ORD-8034,CUST-3175,ST-5,,12/11/2026,closed,17512
ORD-8035,CUST-1149,ST-15,,2024-01-08, Active ,13692
ORD-8036,CUST-127,ST-8,,04/08/2025, Active ,"$17,204.00"
ORD-8037,CUST-4139,ST-6,CP-3,2024-05-16,ACTIVE,"$11,781.00"
ORD-8038,CUST-2438,ST-25,CP-105,2026-04-20,PENDING,"19,357.00"
ORD-8039,CUST-3760,ST-6,,2025-04-17, Active ,4659
ORD-8040,CUST-4509,ST-4,,2024-07-09,closed,19802
ORD-8041,CUST-4816,ST-11,,2025-08-12,closed,5733
ORD-8042,CUST-28,ST-5,,2026-12-08,PENDING,8602
ORD-8043,CUST-2898,ST-13,,04-09-2024,closed,15438
ORD-8044,CUST-4828,ST-2,,2024-01-28,PENDING,"$17,008.00"
ORD-8045,CUST-2759,ST-4,,2024-01-20,CLOSED,13798
ORD-8046,CUST-3506,ST-1,,2026-07-21,PENDING,5809
ORD-8047,CUST-849,ST-8,,12/05/2025,PENDING,1695
ORD-8048,CUST-312,ST-22,CP-131,2024-11-23, Active ,15993
ORD-8049,CUST-4036,ST-20,,2025-05-19,pending,1553
ORD-8050,CUST-1746,ST-22,,2026-11-17,active,169
ORD-8051,CUST-2429,ST-6,CP-182,16-11-2026,PENDING,"$1,775.00"
ORD-8052,CUST-4603,ST-23,CP-93,02/27/2024,pending,"$1,103.00"
ORD-8053,CUST-4614,ST-3,,01/05/2025,PENDING,"10,472.00"
ORD-8054,CUST-570,ST-7,,2024-10-22,CLOSED,"13,120.00"
ORD-8055,CUST-4638,ST-2,,10-10-2026, Active ,"14,250.00"
ORD-8056,CUST-2761,ST-1,,03/07/2024,pending,8518
ORD-8057,CUST-1882,ST-24,,04/18/2025,pending,2080
ORD-8058,CUST-2784,ST-4,,01/16/2024, Active ,"17,638.00"
ORD-8059,CUST-163,ST-2,,01/15/2025, Active ,18856
ORD-8060,CUST-4647,ST-15,,2026-11-20,CLOSED,"$9,726.00"
ORD-8061,CUST-1373,ST-12,,2024-05-12,PENDING,"$8,524.00"
ORD-8062,CUST-3461,ST-2,CP-77,2025-03-04,CLOSED,14039
ORD-8063,CUST-3847,ST-14,CP-184,2025-01-18,active,5676
ORD-8064,CUST-3028,ST-10,,12-12-2024,ACTIVE,"3,154.00"
ORD-8065,CUST-1690,ST-11,,19-05-2024, Active ,"17,632.00"
ORD-8066,CUST-4798,ST-3,,2026-05-18,active,"$7,193.00"
ORD-8067,CUST-3134,ST-8,,2026-03-19,ACTIVE,"$3,194.00"
ORD-8068,CUST-593,ST-21,,2025-11-05, Active ,13668
ORD-8069,CUST-4741,ST-5,,11/05/2026, Active ,"$7,706.00"
ORD-8070,CUST-4576,ST-17,CP-125,05/26/2024,CLOSED,3417
ORD-8071,CUST-4856,ST-19,,2025-07-02,ACTIVE,15177
ORD-8072,CUST-818,ST-16,CP-142,07/12/2024,closed,"$1,231.00"
ORD-8073,CUST-4333,ST-5,,2024-09-24,CLOSED,"13,928.00"
ORD-8074,CUST-4278,ST-10,,2025-12-16,PENDING,1252
ORD-8075,CUST-814,ST-8,,2025-03-13, Active ,"$13,393.00"
ORD-8076,CUST-4140,ST-21,CP-36,2025-12-07,pending,$689.00
ORD-8077,CUST-666,ST-12,CP-181,2026-11-10,PENDING,1817
ORD-8078,CUST-37,ST-15,,04/22/2026,CLOSED,7874
ORD-8079,CUST-3635,ST-7,,2025-01-14,pending,1737
ORD-8080,CUST-1685,ST-7,,2024-04-14, Active ,1018
ORD-8081,CUST-848,ST-15,,03/04/2024,closed,6862
ORD-8082,CUST-2826,ST-14,,06-11-2024, Active ,"$3,218.00"
ORD-8083,CUST-1651,ST-4,CP-47,11-03-2025,active,"$5,565.00"
ORD-8084,CUST-1765,ST-18,CP-198,09/24/2024,ACTIVE,"$10,409.00"
ORD-8085,CUST-948,ST-4,CP-122,2026-10-11,pending,7018
ORD-8086,CUST-4326,ST-4,,2024-04-03,PENDING,"$4,630.00"
ORD-8087,CUST-4638,ST-14,CP-135,08-02-2024,closed,474.00
ORD-8088,CUST-2336,ST-5,CP-28,2026-04-16,active,3937
ORD-8089,CUST-2067,ST-10,CP-2,28-05-2025,ACTIVE,"$7,914.00"
ORD-8090,CUST-4890,ST-22,,03-12-2026,ACTIVE,6348
ORD-8091,CUST-1741,ST-24,,19-08-2024,pending,4129
ORD-8092,CUST-1739,ST-1,,2024-04-28,PENDING,12375
ORD-8093,CUST-1865,ST-22,,2024-07-09,pending,4264
ORD-8094,CUST-1436,ST-18,,12-01-2025, Active ,"$15,406.00"
ORD-8095,CUST-3915,ST-13,,2026-01-16,closed,"2,617.00"
ORD-8096,CUST-1628,ST-19,,12/19/2024,pending,"$16,295.00"
ORD-8097,CUST-165,ST-23,,2026-06-17,active,1629
ORD-8098,CUST-432,ST-1,,02/01/2026,pending,"2,284.00"
ORD-8099,CUST-2655,ST-15,,09/27/2026,CLOSED,"1,254.00"
ORD-8100,CUST-86,ST-22,CP-137,2025-02-20,ACTIVE,"10,109.00"
ORD-8101,CUST-4263,ST-23,CP-131,2025-06-24,ACTIVE,"$19,193.00"
ORD-8102,CUST-947,ST-2,,01/01/2024,ACTIVE,6236
ORD-8103,CUST-3256,ST-20,,05/16/2024,closed,"4,385.00"
ORD-8104,CUST-2083,ST-19,,04/11/2026,pending,"$8,067.00"
ORD-8105,CUST-3262,ST-24,,06/08/2025,ACTIVE,8319
ORD-8106,CUST-3350,ST-18,,2025-12-21, Active ,17681
ORD-8107,CUST-2463,ST-2,CP-122,07/07/2024,PENDING,"$4,570.00"
ORD-8108,CUST-826,ST-23,,16-02-2025,closed,1824
ORD-8109,CUST-1161,ST-19,,2026-10-10,PENDING,"12,492.00"
ORD-8110,CUST-4040,ST-8,,12/18/2025,PENDING,"$13,326.00"
ORD-8111,CUST-2402,ST-13,CP-28,2024-08-19,closed,"$7,786.00"
ORD-8112,CUST-4641,ST-15,,2024-09-18,PENDING,12204
ORD-8113,CUST-3169,ST-15,CP-24,04-11-2026, Active ,"18,253.00"
ORD-8114,CUST-3247,ST-18,,2026-11-16, Active ,"$6,013.00"
ORD-8115,CUST-3837,ST-22,,01/12/2026,closed,"$13,111.00"
ORD-8116,CUST-1500,ST-16,CP-76,2025-11-28,PENDING,1458
ORD-8117,CUST-1703,ST-13,,2026-01-18,pending,12782
ORD-8118,CUST-2319,ST-1,CP-70,02/20/2024,closed,2339
ORD-8119,CUST-540,ST-17,CP-82,2024-10-11,pending,7759
ORD-8120,CUST-4422,ST-21,CP-32,05/09/2025,active,500
ORD-8121,CUST-3053,ST-9,,2026-01-19,pending,15260
ORD-8122,CUST-2557,ST-24,,2025-11-07,PENDING,19668
ORD-8123,CUST-3172,ST-1,,09/20/2025, Active ,8549
ORD-8124,CUST-1930,ST-4,,2026-03-20,CLOSED,"9,852.00"
ORD-8125,CUST-410,ST-19,,2025-01-16,ACTIVE,17328
ORD-8126,CUST-407,ST-12,,2025-08-23,pending,"$14,798.00"
ORD-8127,CUST-1676,ST-13,,2024-04-18,CLOSED,4927
ORD-8128,CUST-2846,ST-17,,23-10-2025,ACTIVE,"9,605.00"
ORD-8129,CUST-2857,ST-5,CP-57,02/04/2024,CLOSED,17705
ORD-8130,CUST-1713,ST-1,,22-05-2026,ACTIVE,16900
ORD-8131,CUST-3557,ST-7,,11/15/2025, Active ,1228
ORD-8132,CUST-1656,ST-20,,2024-04-09,ACTIVE,"$6,356.00"
ORD-8133,CUST-2914,ST-25,,2026-08-10,active,19705
ORD-8134,CUST-3672,ST-23,,12-07-2026, Active ,4289
ORD-8135,CUST-705,ST-11,CP-6,2024-04-26,ACTIVE,"7,746.00"
ORD-8136,CUST-4534,ST-20,,2026-11-21,active,19924
ORD-8137,CUST-1752,ST-23,,12-12-2026,CLOSED,16794
ORD-8138,CUST-2333,ST-11,,2024-03-14,ACTIVE,"5,934.00"
ORD-8139,CUST-3296,ST-11,CP-192,07/07/2026,CLOSED,"$9,460.00"
ORD-8140,CUST-2630,ST-23,CP-46,2025-11-13,pending,"10,859.00"
ORD-8141,CUST-4549,ST-11,,2026-10-03,closed,"12,579.00"
ORD-8142,CUST-2533,ST-16,,2026-11-08,closed,"9,208.00"
ORD-8143,CUST-300,ST-16,,13-03-2025,PENDING,"11,348.00"
ORD-8144,CUST-3326,ST-23,,2025-08-04,PENDING,19917
ORD-8145,CUST-528,ST-20,CP-137,2025-05-01,active,7956
ORD-8146,CUST-3246,ST-10,,13-06-2026,closed,"$10,087.00"
ORD-8147,CUST-3166,ST-2,CP-115,2026-05-04,active,"11,992.00"
ORD-8148,CUST-2751,ST-1,CP-151,16-05-2026, Active ,"$3,203.00"
ORD-8149,CUST-3713,ST-17,CP-37,04/27/2026,PENDING,"$13,124.00"
ORD-8150,CUST-4626,ST-18,,2026-10-01, Active ,2357
ORD-8151,CUST-224,ST-2,,2026-09-01,pending,5875
ORD-8152,CUST-2711,ST-13,,2026-03-13,pending,18818
ORD-8153,CUST-4121,ST-9,,2025-06-10,CLOSED,7444
ORD-8154,CUST-4480,ST-23,,2025-08-21,closed,"15,666.00"
ORD-8155,CUST-3308,ST-6,,01/07/2024,closed,15043
ORD-8156,CUST-3549,ST-18,,2024-10-11, Active ,11419
ORD-8157,CUST-1183,ST-21,,10/14/2026, Active ,16321
ORD-8158,CUST-2611,ST-15,,22-09-2026,ACTIVE,"$2,218.00"
ORD-8159,CUST-2782,ST-10,,14-10-2024,ACTIVE,9808
ORD-8160,CUST-3720,ST-18,,03-05-2026,ACTIVE,"$11,778.00"
ORD-8161,CUST-2854,ST-19,,12/24/2025,PENDING,"$15,570.00"
ORD-8162,CUST-2928,ST-24,CP-103,2026-06-11,pending,"$2,229.00"
ORD-8163,CUST-1016,ST-25,,2025-12-17,PENDING,10917
ORD-8164,CUST-2753,ST-5,,22-07-2024,ACTIVE,8002
ORD-8165,CUST-4146,ST-15,,2026-07-12,ACTIVE,"14,238.00"
ORD-8166,CUST-1433,ST-11,,2026-12-25,PENDING,"$8,456.00"
ORD-8167,CUST-3054,ST-8,,2025-12-14,pending,14914
ORD-8168,CUST-3292,ST-24,CP-196,2024-06-22,active,"$16,916.00"
ORD-8169,CUST-1945,ST-11,,02-03-2026,active,14008
ORD-8170,CUST-3311,ST-6,,24-04-2024,PENDING,11421
ORD-8171,CUST-1964,ST-7,,01/12/2024,pending,11718
ORD-8172,CUST-3836,ST-4,,03-08-2025,ACTIVE,12345
ORD-8173,CUST-2237,ST-10,,2025-05-15,ACTIVE,"$4,175.00"
ORD-8174,CUST-4186,ST-10,,04-04-2026,active,"18,553.00"
ORD-8175,CUST-326,ST-15,CP-114,12/26/2026,ACTIVE,12830
ORD-8176,CUST-681,ST-16,,07/03/2024,closed,17151
ORD-8177,CUST-797,ST-3,,03/21/2025, Active ,10410
ORD-8178,CUST-432,ST-11,,11/27/2025,PENDING,"$14,076.00"
ORD-8179,CUST-381,ST-2,,2026-07-24,CLOSED,2785
ORD-8180,CUST-3617,ST-14,,2024-08-01,closed,5447
ORD-8181,CUST-4537,ST-19,CP-115,11/27/2024,closed,12739
ORD-8182,CUST-964,ST-8,,2026-10-22,pending,13930
ORD-8183,CUST-2579,ST-10,CP-114,05-04-2024,active,2408
ORD-8184,CUST-3442,ST-25,,11/10/2026,closed,"$15,624.00"
ORD-8185,CUST-1607,ST-25,CP-71,2025-02-01,PENDING,"$2,482.00"
ORD-8186,CUST-4690,ST-12,,03/17/2025,pending,16833
ORD-8187,CUST-4365,ST-18,CP-25,11-09-2026,pending,9520
ORD-8188,CUST-4609,ST-5,,04/24/2025,closed,9012
ORD-8189,CUST-3170,ST-4,,2025-08-07,ACTIVE,"$16,939.00"
ORD-8190,CUST-321,ST-11,,2024-02-04,closed,10350
ORD-8191,CUST-976,ST-9,,2026-02-05, Active ,"$9,401.00"
ORD-8192,CUST-602,ST-4,CP-109,2026-06-13,active,"$4,545.00"
ORD-8193,CUST-108,ST-2,,10/14/2024,ACTIVE,"$7,186.00"
ORD-8194,CUST-2506,ST-24,,2025-09-28,CLOSED,"19,843.00"
ORD-8195,CUST-3872,ST-18,,09-05-2026,PENDING,"7,745.00"
ORD-8196,CUST-330,ST-12,,2026-12-06,pending,3102
ORD-8197,CUST-2744,ST-1,,2026-03-09,closed,15152
ORD-8198,CUST-2463,ST-1,CP-69,2026-04-08,active,10913
ORD-8199,CUST-3505,ST-24,,25-11-2024, Active ,5896
ORD-8200,CUST-3601,ST-24,,06/25/2025,closed,"$4,577.00"
ORD-8201,CUST-2562,ST-21,CP-146,2026-09-08,ACTIVE,"11,481.00"
ORD-8202,CUST-388,ST-20,,2026-11-10,ACTIVE,"$14,513.00"
ORD-8203,CUST-1621,ST-1,,2024-01-20,CLOSED,15646
ORD-8204,CUST-2677,ST-3,CP-134,21-05-2025,CLOSED,"$10,766.00"
ORD-8205,CUST-1928,ST-11,,2025-09-18,active,"12,480.00"
ORD-8206,CUST-3728,ST-11,,15-07-2024,PENDING,19707
ORD-8207,CUST-94,ST-9,,11/22/2026,closed,14551
ORD-8208,CUST-3065,ST-22,,2026-04-24,closed,6176
ORD-8209,CUST-4549,ST-9,,2025-07-23,PENDING,2005
ORD-8210,CUST-4323,ST-14,,07-03-2024,closed,"19,761.00"
ORD-8211,CUST-2003,ST-22,CP-137,2024-02-08,pending,"8,257.00"
ORD-8212,CUST-2805,ST-21,CP-8,2024-07-20,PENDING,5423
ORD-8213,CUST-4189,ST-20,,2026-07-21,ACTIVE,17252
ORD-8214,CUST-283,ST-5,,2024-12-22,ACTIVE,320
ORD-8215,CUST-895,ST-22,,22-03-2026,closed,9068
ORD-8216,CUST-2490,ST-6,,17-03-2024,PENDING,"$14,372.00"
ORD-8217,CUST-1224,ST-16,,12/16/2026,CLOSED,$127.00
ORD-8218,CUST-4903,ST-23,,05/26/2024,closed,"$4,713.00"
ORD-8219,CUST-3041,ST-4,,05/07/2025,CLOSED,15677
ORD-8220,CUST-4027,ST-4,CP-150,2026-01-25,active,3111
ORD-8221,CUST-1071,ST-8,,10/23/2026,active,"$2,235.00"
ORD-8222,CUST-4819,ST-9,CP-119,06/10/2025,pending,"9,015.00"
ORD-8223,CUST-1036,ST-16,,02/18/2025,active,19409
ORD-8224,CUST-64,ST-17,,2024-03-08,PENDING,5413
ORD-8225,CUST-2506,ST-16,CP-6,2025-09-03,pending,"$19,409.00"
ORD-8226,CUST-2128,ST-12,,2025-03-27, Active ,"$13,539.00"
ORD-8227,CUST-3873,ST-21,,06-02-2025,closed,"$7,718.00"
ORD-8228,CUST-3212,ST-18,,2024-06-08,PENDING,"6,917.00"
ORD-8229,CUST-1841,ST-2,,2025-11-13,CLOSED,15801
ORD-8230,CUST-1717,ST-2,,04/12/2024,PENDING,"$9,937.00"
ORD-8231,CUST-4893,ST-3,,09/17/2025,PENDING,16240
ORD-8232,CUST-4269,ST-22,,03/02/2026,CLOSED,15721
ORD-8233,CUST-2709,ST-10,,2024-10-27, Active ,"18,488.00"
ORD-8234,CUST-1271,ST-17,,2024-04-13,closed,16698
ORD-8235,CUST-3260,ST-9,,03/28/2024,CLOSED,5695
ORD-8236,CUST-1836,ST-2,,2025-07-22,ACTIVE,"$7,817.00"
ORD-8237,CUST-4517,ST-5,,11-11-2025,pending,"15,457.00"
ORD-8238,CUST-4478,ST-18,,2025-08-08, Active ,843
ORD-8239,CUST-1431,ST-20,,06/02/2026,closed,"18,008.00"
ORD-8240,CUST-2670,ST-10,,2025-03-08,closed,"$13,736.00"
ORD-8241,CUST-4337,ST-15,,04/03/2024,CLOSED,16940
ORD-8242,CUST-1966,ST-16,,2024-07-25,ACTIVE,"$4,253.00"
ORD-8243,CUST-4919,ST-17,,12/23/2024,pending,"$14,093.00"
ORD-8244,CUST-4076,ST-24,,13-05-2026,CLOSED,14655
ORD-8245,CUST-830,ST-23,,12/14/2025,closed,16812
ORD-8246,CUST-2921,ST-11,,11/05/2025,PENDING,11738
ORD-8247,CUST-1671,ST-23,,2024-02-13,closed,4723
ORD-8248,CUST-603,ST-20,,20-05-2026,active,"8,610.00"
ORD-8249,CUST-4554,ST-20,,19-10-2024,CLOSED,11998
ORD-8250,CUST-4271,ST-16,,2026-10-07,active,2838
ORD-8251,CUST-4580,ST-17,CP-35,2024-09-03,PENDING,8766
ORD-8252,CUST-2632,ST-3,,2026-01-28,CLOSED,9314
ORD-8253,CUST-4776,ST-24,,2025-03-22,pending,13862
ORD-8254,CUST-4110,ST-7,CP-53,2025-05-24,PENDING,$617.00
ORD-8255,CUST-2258,ST-22,,2026-02-17,PENDING,"$5,047.00"
ORD-8256,CUST-1901,ST-3,,2025-08-13,PENDING,16898
ORD-8257,CUST-4147,ST-8,,09/02/2026,pending,"$9,683.00"
ORD-8258,CUST-574,ST-11,CP-15,02-09-2024,ACTIVE,"18,194.00"
ORD-8259,CUST-1984,ST-16,,05/06/2024,CLOSED,15026
ORD-8260,CUST-3345,ST-8,,2025-10-08,PENDING,10120
ORD-8261,CUST-4700,ST-25,,04/10/2024, Active ,"18,799.00"
ORD-8262,CUST-3294,ST-25,,03/27/2024, Active ,"11,757.00"
ORD-8263,CUST-2066,ST-24,,2026-05-12,CLOSED,14605
ORD-8264,CUST-3892,ST-5,,04-07-2024,PENDING,"10,549.00"
ORD-8265,CUST-3104,ST-19,,2026-10-02,pending,"8,279.00"
ORD-8266,CUST-453,ST-23,,21-04-2025,pending,19917
ORD-8267,CUST-3289,ST-24,CP-197,23-02-2024,CLOSED,9767
ORD-8268,CUST-1269,ST-2,,03/28/2025,ACTIVE,19305
ORD-8269,CUST-253,ST-4,,2024-05-22,CLOSED,"$15,694.00"
ORD-8270,CUST-1371,ST-9,CP-139,2025-01-27,pending,"5,211.00"
ORD-8271,CUST-2639,ST-22,,2024-08-24,active,"$12,531.00"
ORD-8272,CUST-3562,ST-17,CP-153,04/01/2026,closed,"$11,694.00"
ORD-8273,CUST-4564,ST-24,CP-61,12/21/2025,PENDING,"7,336.00"
ORD-8274,CUST-2009,ST-14,,06/11/2026,closed,"8,003.00"
ORD-8275,CUST-3626,ST-7,,12/18/2025,closed,"$18,852.00"
ORD-8276,CUST-553,ST-12,,2025-11-06,PENDING,1291
ORD-8277,CUST-980,ST-12,,20-04-2024,closed,342
ORD-8278,CUST-70,ST-18,,12/22/2026,ACTIVE,"$13,415.00"
ORD-8279,CUST-2169,ST-2,,2025-10-13,ACTIVE,"$9,617.00"
ORD-8280,CUST-1743,ST-12,,2025-01-09,CLOSED,19483
ORD-8281,CUST-2000,ST-8,,10/08/2024, Active ,4597
ORD-8282,CUST-1097,ST-9,,25-05-2026, Active ,"$16,751.00"
ORD-8283,CUST-3889,ST-13,,2024-03-23,ACTIVE,16273
ORD-8284,CUST-3497,ST-4,CP-62,01/15/2026,closed,"10,342.00"
ORD-8285,CUST-1696,ST-7,CP-72,2025-12-21,pending,"19,915.00"
ORD-8286,CUST-1148,ST-24,,12-01-2025,CLOSED,832
ORD-8287,CUST-1777,ST-15,,02-10-2025,PENDING,"$7,192.00"
ORD-8288,CUST-4910,ST-20,,02/27/2026,pending,14530
ORD-8289,CUST-4048,ST-9,,01-06-2026,PENDING,19636
ORD-8290,CUST-153,ST-2,,01/13/2025, Active ,11875
ORD-8291,CUST-1521,ST-12,,03-10-2024,closed,10638
ORD-8292,CUST-2372,ST-10,,20-06-2024,ACTIVE,1325
ORD-8293,CUST-1273,ST-12,,12/16/2026,PENDING,13170
ORD-8294,CUST-2553,ST-14,CP-186,2025-04-15,PENDING,"$15,680.00"
ORD-8295,CUST-3329,ST-9,,2026-10-07,CLOSED,"10,098.00"
ORD-8296,CUST-717,ST-9,CP-65,2024-01-16,CLOSED,15400
ORD-8297,CUST-3685,ST-18,,04/02/2025, Active ,"2,144.00"
ORD-8298,CUST-2727,ST-19,,08/28/2026,CLOSED,"10,689.00"
ORD-8299,CUST-1695,ST-24,,18-06-2025,pending,"$4,740.00"
ORD-8300,CUST-1546,ST-14,,2025-08-25,ACTIVE,14237
ORD-8301,CUST-3268,ST-25,,01/14/2026,PENDING,19083
ORD-8302,CUST-547,ST-17,CP-146,27-08-2025,pending,16005
ORD-8303,CUST-1066,ST-18,,04-06-2025,CLOSED,14562
ORD-8304,CUST-4545,ST-10,,04/08/2025,ACTIVE,"$7,687.00"
ORD-8305,CUST-567,ST-10,,12/20/2024,active,"$2,366.00"
ORD-8306,CUST-1836,ST-21,,2024-03-19, Active ,19667
ORD-8307,CUST-3138,ST-17,,2024-04-04,ACTIVE,"13,918.00"
ORD-8308,CUST-4029,ST-4,,2024-06-28,ACTIVE,"10,029.00"
ORD-8309,CUST-1440,ST-1,CP-176,11/24/2026,ACTIVE,12218
ORD-8310,CUST-2511,ST-24,,2025-10-15,closed,18717
ORD-8311,CUST-4290,ST-6,CP-145,06/27/2024,CLOSED,6053
ORD-8312,CUST-4123,ST-22,,2025-06-04,active,"7,784.00"
ORD-8313,CUST-3186,ST-18,CP-140,01/16/2024,pending,"$11,525.00"
ORD-8314,CUST-730,ST-13,CP-191,02/18/2026,CLOSED,"11,371.00"
ORD-8315,CUST-2701,ST-10,,16-06-2024,CLOSED,"17,764.00"
ORD-8316,CUST-4322,ST-6,,2024-10-05,closed,6447
ORD-8317,CUST-1961,ST-23,,04-03-2025, Active ,10841
ORD-8318,CUST-660,ST-18,,2026-12-19,ACTIVE,"7,780.00"
ORD-8319,CUST-2160,ST-1,CP-34,2026-11-28,CLOSED,"9,458.00"
ORD-8320,CUST-2964,ST-16,CP-8,04/23/2025,PENDING,"$14,062.00"
ORD-8321,CUST-2857,ST-11,,04-12-2026,PENDING,"5,292.00"
ORD-8322,CUST-4032,ST-6,CP-88,12/09/2026,PENDING,14422
ORD-8323,CUST-2934,ST-21,,06-03-2026,pending,"$7,486.00"
ORD-8324,CUST-1914,ST-2,,07/16/2025,ACTIVE,"$16,990.00"
ORD-8325,CUST-3396,ST-5,CP-32,2024-03-19, Active ,"14,276.00"
ORD-8326,CUST-240,ST-16,,2024-12-27,closed,4403
ORD-8327,CUST-2337,ST-22,CP-97,2025-02-18, Active ,10794
ORD-8328,CUST-1542,ST-23,,2025-07-24,PENDING,"$3,487.00"
ORD-8329,CUST-3407,ST-6,,04-10-2026,active,"$5,735.00"
ORD-8330,CUST-140,ST-6,,01/15/2025,ACTIVE,"15,466.00"
ORD-8331,CUST-1260,ST-14,,2026-11-19,closed,"$5,995.00"
ORD-8332,CUST-4729,ST-9,CP-129,2024-01-14,CLOSED,19934
ORD-8333,CUST-3101,ST-8,,07-07-2026,ACTIVE,"12,027.00"
ORD-8334,CUST-3227,ST-19,,2024-05-21,active,"$6,760.00"
ORD-8335,CUST-1895,ST-9,CP-116,09/26/2026,closed,"$4,107.00"
ORD-8336,CUST-2526,ST-23,CP-182,2025-04-01,closed,"$6,699.00"
ORD-8337,CUST-97,ST-13,,2025-11-03,closed,11039
ORD-8338,CUST-210,ST-4,CP-78,2024-04-11,PENDING,3413
ORD-8339,CUST-1891,ST-7,,2026-11-27,CLOSED,"$10,933.00"
ORD-8340,CUST-2752,ST-18,CP-163,2026-12-08,ACTIVE,"$3,204.00"
ORD-8341,CUST-4898,ST-12,CP-28,2026-01-12,ACTIVE,18561
ORD-8342,CUST-4198,ST-11,,08-03-2025, Active ,18441
ORD-8343,CUST-2828,ST-12,CP-167,24-03-2025,pending,17761
ORD-8344,CUST-3702,ST-18,,11/18/2024, Active ,"$15,948.00"
ORD-8345,CUST-3790,ST-16,,18-07-2025,PENDING,1932
ORD-8346,CUST-2643,ST-14,CP-159,18-04-2026,CLOSED,"$15,676.00"
ORD-8347,CUST-2292,ST-20,,2024-07-01,closed,"$11,513.00"
ORD-8348,CUST-4222,ST-10,CP-99,05-01-2024,CLOSED,227
ORD-8349,CUST-224,ST-6,,2025-07-17,active,"6,763.00"
ORD-8350,CUST-4820,ST-17,,2025-05-08,PENDING,"$12,381.00"
ORD-8351,CUST-2475,ST-11,,10/18/2025,CLOSED,17561
ORD-8352,CUST-4818,ST-2,,04/28/2026,CLOSED,"$15,478.00"
ORD-8353,CUST-2417,ST-12,,2025-04-19,ACTIVE,6955
ORD-8354,CUST-4084,ST-23,CP-48,2026-09-25,closed,3466
ORD-8355,CUST-2048,ST-22,,2026-11-02,pending,10684
ORD-8356,CUST-77,ST-13,,13-08-2024,pending,"18,790.00"
ORD-8357,CUST-2413,ST-4,,2026-01-09,pending,17689
ORD-8358,CUST-2179,ST-18,,2025-01-18,closed,"$13,914.00"
ORD-8359,CUST-1913,ST-6,,08/02/2025,pending,278
ORD-8360,CUST-4034,ST-18,,09/17/2026,active,"$8,215.00"
ORD-8361,CUST-3851,ST-25,,08/13/2025,ACTIVE,"$9,839.00"
ORD-8362,CUST-1891,ST-8,,08-10-2026,PENDING,17011
ORD-8363,CUST-4138,ST-6,,2026-07-27,ACTIVE,13234
ORD-8364,CUST-4270,ST-15,,03/11/2025,CLOSED,19820
ORD-8365,CUST-3228,ST-20,CP-120,2025-12-08,CLOSED,1918
ORD-8366,CUST-2704,ST-24,,2026-07-02,ACTIVE,10701
ORD-8367,CUST-2288,ST-15,CP-168,2025-03-21, Active ,1871
ORD-8368,CUST-3492,ST-21,CP-39,2026-07-21,pending,"$16,572.00"
ORD-8369,CUST-1924,ST-8,CP-162,2024-04-04,CLOSED,3219
ORD-8370,CUST-923,ST-15,,2026-05-03,ACTIVE,18421
ORD-8371,CUST-1892,ST-7,CP-192,11-09-2026, Active ,"$4,502.00"
ORD-8372,CUST-1219,ST-14,,2026-06-17,PENDING,"$13,600.00"
ORD-8373,CUST-2188,ST-19,,19-03-2024,closed,"$11,565.00"
ORD-8374,CUST-926,ST-15,,2024-07-15,PENDING,"$11,875.00"
ORD-8375,CUST-23,ST-5,CP-7,2025-01-15,closed,"$13,417.00"
ORD-8376,CUST-3210,ST-2,,2025-08-25,pending,"14,609.00"
ORD-8377,CUST-1859,ST-6,,18-09-2026,PENDING,19005
ORD-8378,CUST-3825,ST-3,,03/23/2024,pending,"6,540.00"
ORD-8379,CUST-3361,ST-7,,2025-02-25,CLOSED,4795
ORD-8380,CUST-153,ST-1,,13-11-2024,PENDING,"$14,142.00"
ORD-8381,CUST-4004,ST-19,,2026-08-20,closed,4473
ORD-8382,CUST-2155,ST-20,CP-86,11/26/2026,closed,"2,557.00"
ORD-8383,CUST-47,ST-16,,03/24/2025,PENDING,"$9,452.00"
ORD-8384,CUST-3187,ST-6,,2024-10-02,CLOSED,17150
ORD-8385,CUST-4910,ST-18,CP-127,10/07/2025,ACTIVE,7168
ORD-8386,CUST-751,ST-12,,17-03-2026,pending,$376.00
ORD-8387,CUST-4134,ST-13,,06/19/2024, Active ,"1,246.00"
ORD-8388,CUST-3054,ST-6,,2024-08-18,PENDING,"19,891.00"
ORD-8389,CUST-1448,ST-20,,2026-07-28,closed,"6,455.00"
ORD-8390,CUST-2493,ST-5,,05/15/2026,active,"$18,144.00"
ORD-8391,CUST-1161,ST-24,,02/05/2024, Active ,"$7,567.00"
ORD-8392,CUST-3067,ST-12,,03-11-2026,active,8918
ORD-8393,CUST-2768,ST-13,,02/26/2025,active,8992
ORD-8394,CUST-4428,ST-12,,28-06-2024,ACTIVE,368
ORD-8395,CUST-824,ST-5,,14-12-2024,ACTIVE,17017
ORD-8396,CUST-668,ST-18,,2024-06-04,active,"8,416.00"
ORD-8397,CUST-3291,ST-12,,2025-04-14, Active ,"7,820.00"
ORD-8398,CUST-277,ST-25,CP-85,2024-11-14,pending,"$1,878.00"
ORD-8399,CUST-4667,ST-12,,09-10-2025,PENDING,9676
ORD-8400,CUST-3797,ST-25,CP-34,09/12/2025,CLOSED,"$12,816.00"
ORD-8401,CUST-1516,ST-2,CP-21,07/03/2024,ACTIVE,"$12,306.00"
ORD-8402,CUST-2696,ST-4,,04-09-2025,closed,"7,507.00"
ORD-8403,CUST-2569,ST-13,,2026-06-04,PENDING,"$13,760.00"
ORD-8404,CUST-3038,ST-11,,03-04-2026,closed,6217
ORD-8405,CUST-4275,ST-7,,2024-10-24,PENDING,"$17,413.00"
ORD-8406,CUST-1712,ST-1,,06/18/2024,CLOSED,17140
ORD-8407,CUST-3580,ST-18,,2024-08-13,closed,746
ORD-8408,CUST-106,ST-1,,06/04/2026,ACTIVE,10450
ORD-8409,CUST-967,ST-7,,15-08-2025,closed,"$9,367.00"
ORD-8410,CUST-3092,ST-24,,03/16/2026,CLOSED,"$17,633.00"
ORD-8411,CUST-3471,ST-13,,07/23/2026,pending,13309
ORD-8412,CUST-4088,ST-13,,2024-08-08,pending,"$2,173.00"
ORD-8413,CUST-2299,ST-19,,07/17/2026,pending,"$6,768.00"
ORD-8414,CUST-4373,ST-1,,10/14/2024,PENDING,"18,264.00"
ORD-8415,CUST-700,ST-17,,17-09-2024,PENDING,"16,078.00"
ORD-8416,CUST-2050,ST-25,CP-27,2024-09-25,closed,4101
ORD-8417,CUST-1958,ST-1,,12/04/2026,PENDING,"$8,532.00"
ORD-8418,CUST-4663,ST-20,,07/22/2024,closed,5341
ORD-8419,CUST-4515,ST-8,CP-83,16-04-2026,CLOSED,11219
ORD-8420,CUST-3588,ST-3,,03-04-2025,ACTIVE,13615
ORD-8421,CUST-1140,ST-9,CP-26,2025-04-09,ACTIVE,13882
ORD-8422,CUST-1257,ST-20,,2025-03-24,ACTIVE,17113
ORD-8423,CUST-247,ST-9,CP-166,16-01-2024,PENDING,17599
ORD-8424,CUST-2191,ST-12,,04/19/2025,pending,"$1,038.00"
ORD-8425,CUST-3509,ST-23,,2026-07-09,closed,15768
ORD-8426,CUST-3609,ST-12,,2025-12-10,active,"13,862.00"
ORD-8427,CUST-830,ST-4,,05-12-2026,closed,16023
ORD-8428,CUST-4402,ST-16,,23-02-2024, Active ,11698
ORD-8429,CUST-3301,ST-4,CP-200,2025-07-06,ACTIVE,16385
ORD-8430,CUST-4960,ST-22,,11/16/2025,closed,"6,489.00"
ORD-8431,CUST-4372,ST-17,,01/28/2024,CLOSED,"$5,708.00"
ORD-8432,CUST-458,ST-23,CP-140,2025-05-16,closed,"4,986.00"
ORD-8433,CUST-2239,ST-17,,2025-07-07,CLOSED,15143
ORD-8434,CUST-203,ST-25,,10-11-2025,closed,"$19,934.00"
ORD-8435,CUST-2286,ST-22,,2025-10-20, Active ,"18,301.00"
ORD-8436,CUST-3373,ST-10,CP-105,2026-09-10,ACTIVE,16831
ORD-8437,CUST-4773,ST-10,CP-65,2026-05-18, Active ,"$16,270.00"
ORD-8438,CUST-863,ST-24,,2025-09-20,ACTIVE,"4,747.00"
ORD-8439,CUST-2558,ST-18,,11/27/2024, Active ,"3,919.00"
ORD-8440,CUST-3525,ST-18,CP-118,01/08/2025,pending,$703.00
ORD-8441,CUST-4233,ST-23,,03/22/2026,pending,19589
ORD-8442,CUST-2787,ST-1,CP-72,12/06/2024,PENDING,7691
ORD-8443,CUST-1999,ST-15,,05/24/2025,CLOSED,"1,497.00"
ORD-8444,CUST-2901,ST-20,,2024-04-02,CLOSED,762
ORD-8445,CUST-3450,ST-15,CP-155,2026-05-11,pending,19295
ORD-8446,CUST-1771,ST-23,,2026-06-16,active,"$4,063.00"
ORD-8447,CUST-512,ST-1,CP-30,2025-11-16,PENDING,"6,808.00"
ORD-8448,CUST-1861,ST-14,,2025-08-10,active,"5,185.00"
ORD-8449,CUST-4005,ST-11,,2024-01-22,CLOSED,3824
ORD-8450,CUST-4374,ST-8,CP-147,2025-08-24,CLOSED,"$14,427.00"
ORD-8451,CUST-4262,ST-13,CP-139,02/18/2024,CLOSED,6974
ORD-8452,CUST-3896,ST-23,,2025-07-11,ACTIVE,10507
ORD-8453,CUST-3966,ST-23,,2025-07-28,pending,"$6,943.00"
ORD-8454,CUST-2813,ST-22,,03/28/2025,PENDING,"$1,382.00"
ORD-8455,CUST-4034,ST-25,,08-12-2024,pending,14363
ORD-8456,CUST-4322,ST-22,,06/16/2025, Active ,"19,814.00"
ORD-8457,CUST-2907,ST-11,CP-79,2024-06-01,closed,18169
ORD-8458,CUST-389,ST-18,,11/24/2025,closed,"$17,042.00"
ORD-8459,CUST-4765,ST-23,CP-32,2025-02-13,ACTIVE,"$19,627.00"
ORD-8460,CUST-1056,ST-21,CP-50,2025-03-04,pending,"3,105.00"
ORD-8461,CUST-534,ST-10,,27-04-2024,PENDING,"5,680.00"
ORD-8462,CUST-4588,ST-7,CP-97,08/04/2025,ACTIVE,9740
ORD-8463,CUST-2807,ST-9,,17-10-2026,PENDING,4365
ORD-8464,CUST-1158,ST-4,,2024-06-20,closed,13618
ORD-8465,CUST-3441,ST-5,,08-10-2026,ACTIVE,5661
ORD-8466,CUST-827,ST-11,CP-161,01/19/2024, Active ,13860
ORD-8467,CUST-2012,ST-21,,23-05-2024,PENDING,2905
ORD-8468,CUST-1130,ST-25,CP-164,2024-07-26,active,16239
ORD-8469,CUST-2013,ST-2,,2024-01-01,closed,"$10,264.00"
ORD-8470,CUST-3447,ST-22,,08-06-2024,closed,"$7,946.00"
ORD-8471,CUST-3072,ST-3,,2026-07-12,PENDING,2158
ORD-8472,CUST-1163,ST-10,,04/28/2024, Active ,9154
ORD-8473,CUST-4344,ST-9,CP-142,08-06-2025,ACTIVE,"$8,714.00"
ORD-8474,CUST-4227,ST-15,,23-11-2026,active,1718
ORD-8475,CUST-1893,ST-5,,06/17/2024,active,"$15,871.00"
ORD-8476,CUST-3882,ST-8,,18-10-2024,closed,"11,666.00"
ORD-8477,CUST-2062,ST-8,CP-190,28-06-2025, Active ,11657
ORD-8478,CUST-2112,ST-2,CP-57,04/23/2026,active,"$1,533.00"
ORD-8479,CUST-3428,ST-25,CP-118,07/28/2024,CLOSED,11623
ORD-8480,CUST-4129,ST-12,,2026-05-27,ACTIVE,"9,039.00"
ORD-8481,CUST-4024,ST-21,,2026-12-22,ACTIVE,14744
ORD-8482,CUST-4599,ST-11,,2024-01-17,closed,"10,155.00"
ORD-8483,CUST-3878,ST-13,,2024-01-07,ACTIVE,5579
ORD-8484,CUST-4756,ST-12,CP-105,04-12-2024,ACTIVE,3798
ORD-8485,CUST-1726,ST-5,CP-30,2024-11-03,PENDING,4616
ORD-8486,CUST-4696,ST-25,,02/11/2026, Active ,930
ORD-8487,CUST-1088,ST-20,CP-85,11/19/2025, Active ,7550
ORD-8488,CUST-1537,ST-8,,01/11/2024,active,"$13,708.00"
ORD-8489,CUST-1086,ST-14,,2025-03-19,pending,3173
ORD-8490,CUST-3214,ST-20,CP-140,2024-10-20,closed,"$15,754.00"
ORD-8491,CUST-1868,ST-9,,19-05-2025,closed,19266
ORD-8492,CUST-3542,ST-15,CP-157,10/21/2025, Active ,"8,386.00"
ORD-8493,CUST-1978,ST-10,,2026-09-25,ACTIVE,18374
ORD-8494,CUST-2246,ST-14,CP-28,05/07/2025,CLOSED,3150
ORD-8495,CUST-1634,ST-24,CP-86,2025-09-08,PENDING,19477
ORD-8496,CUST-2264,ST-1,,2025-01-04,PENDING,2186
ORD-8497,CUST-3567,ST-6,,2025-01-15, Active ,"$18,377.00"
ORD-8498,CUST-2145,ST-2,,2024-12-21,closed,"$12,853.00"
ORD-8499,CUST-2622,ST-3,,2026-04-21,active,17145
ORD-8500,CUST-3934,ST-3,,19-02-2026,pending,13959
ORD-8501,CUST-2702,ST-6,,08/11/2026,CLOSED,16950
ORD-8502,CUST-3948,ST-2,CP-184,2025-05-09,ACTIVE,"$17,953.00"
ORD-8503,CUST-3101,ST-7,CP-160,2026-05-04,pending,"$8,219.00"
ORD-8504,CUST-4936,ST-18,,2024-05-24,ACTIVE,"13,357.00"
ORD-8505,CUST-738,ST-7,,2025-12-15,closed,5745
ORD-8506,CUST-1614,ST-5,CP-32,2025-07-13, Active ,2470
ORD-8507,CUST-677,ST-7,,2024-06-14,ACTIVE,11902
ORD-8508,CUST-3671,ST-24,CP-84,22-12-2025, Active ,19627
ORD-8509,CUST-171,ST-10,,14-12-2024,PENDING,"11,411.00"
ORD-8510,CUST-2969,ST-11,,11/13/2024,CLOSED,11621
ORD-8511,CUST-2105,ST-5,CP-86,08/04/2026,pending,7473
ORD-8512,CUST-1455,ST-16,CP-67,2024-06-02,PENDING,6686
ORD-8513,CUST-1780,ST-8,,14-08-2026,active,"8,684.00"
ORD-8514,CUST-828,ST-25,,2024-10-21,CLOSED,"$2,838.00"
ORD-8515,CUST-323,ST-6,CP-22,2024-12-12,PENDING,6893
ORD-8516,CUST-2113,ST-19,,2024-08-19, Active ,11650
ORD-8517,CUST-1421,ST-24,CP-184,09/16/2025, Active ,"$8,831.00"
ORD-8518,CUST-3603,ST-23,,2026-02-05,active,"$16,994.00"
ORD-8519,CUST-3117,ST-12,,2026-07-07,active,"13,067.00"
ORD-8520,CUST-2348,ST-7,,2025-11-22,pending,"$2,224.00"
ORD-8521,CUST-1121,ST-2,,2025-09-15,closed,11103
ORD-8522,CUST-2206,ST-2,CP-117,23-10-2025,closed,"$9,938.00"
ORD-8523,CUST-4931,ST-3,,2025-09-10,CLOSED,4782
ORD-8524,CUST-1348,ST-8,,26-07-2025, Active ,16389
ORD-8525,CUST-3325,ST-20,CP-18,2024-08-13,pending,9631
ORD-8526,CUST-2839,ST-15,,2024-05-19,PENDING,$431.00
ORD-8527,CUST-3186,ST-19,,2026-12-27,pending,1618
ORD-8528,CUST-4771,ST-10,,2025-06-09,closed,"$11,518.00"
ORD-8529,CUST-533,ST-2,CP-99,2025-08-06,CLOSED,6036
ORD-8530,CUST-2318,ST-13,,08/11/2026,CLOSED,"$5,943.00"
ORD-8531,CUST-3489,ST-2,,28-06-2026,active,4883
ORD-8532,CUST-2295,ST-5,,09/23/2025,CLOSED,7057
ORD-8533,CUST-978,ST-20,CP-169,2025-11-01,ACTIVE,"$9,648.00"
ORD-8534,CUST-3861,ST-17,,04/26/2026,PENDING,2983
ORD-8535,CUST-970,ST-14,,2024-08-24,active,12886
ORD-8536,CUST-4050,ST-8,,2024-06-16,PENDING,"3,761.00"
ORD-8537,CUST-2903,ST-11,,21-11-2024, Active ,"$6,056.00"
ORD-8538,CUST-3129,ST-19,CP-140,2025-10-08,CLOSED,9182
ORD-8539,CUST-1607,ST-3,,04/01/2026,closed,12757
ORD-8540,CUST-327,ST-17,,10/28/2026,closed,5428
ORD-8541,CUST-781,ST-16,CP-176,05/10/2025, Active ,19582
ORD-8542,CUST-4661,ST-4,CP-179,10/07/2024,PENDING,"17,916.00"
ORD-8543,CUST-658,ST-8,,08-02-2025,active,"$15,837.00"
ORD-8544,CUST-4302,ST-22,,2025-09-01,closed,"$13,408.00"
ORD-8545,CUST-2133,ST-7,CP-92,2026-08-02,pending,"$7,703.00"
ORD-8546,CUST-3593,ST-9,CP-92,02/14/2025,active,3768
ORD-8547,CUST-2642,ST-15,,2024-11-02,pending,5321
ORD-8548,CUST-2982,ST-3,CP-148,2026-04-15,pending,973.00
ORD-8549,CUST-491,ST-14,,08/03/2025, Active ,18923
ORD-8550,CUST-1572,ST-18,,07/16/2025,PENDING,"7,203.00"
ORD-8551,CUST-3576,ST-22,CP-35,2026-05-11, Active ,"$5,448.00"
ORD-8552,CUST-2112,ST-9,,2026-03-01,active,"9,093.00"
ORD-8553,CUST-3741,ST-5,CP-142,2024-10-26,closed,3866
ORD-8554,CUST-1657,ST-2,,11/28/2024, Active ,13545
ORD-8555,CUST-4755,ST-14,,2024-04-05, Active ,"$17,947.00"
ORD-8556,CUST-1576,ST-13,,03/05/2025,closed,"$11,693.00"
ORD-8557,CUST-4711,ST-19,CP-154,05/16/2024,PENDING,5367
ORD-8558,CUST-2795,ST-2,,09/22/2025, Active ,"11,966.00"
ORD-8559,CUST-3993,ST-11,CP-101,2026-09-03,active,"10,916.00"
ORD-8560,CUST-2875,ST-6,,2025-08-22,CLOSED,8033
ORD-8561,CUST-3150,ST-25,CP-106,2026-06-11,active,"$12,164.00"
ORD-8562,CUST-1687,ST-9,,2026-03-26,PENDING,15687
ORD-8563,CUST-961,ST-4,CP-5,2025-09-11,pending,18795
ORD-8564,CUST-824,ST-3,,08-03-2024,CLOSED,"$17,159.00"
ORD-8565,CUST-3250,ST-20,,2025-02-03,PENDING,10193
ORD-8566,CUST-1814,ST-5,,07/28/2025,CLOSED,"$5,401.00"
ORD-8567,CUST-3035,ST-24,,25-06-2026,ACTIVE,"4,962.00"
ORD-8568,CUST-3722,ST-23,CP-157,2026-10-27,pending,3098
ORD-8569,CUST-3633,ST-5,,2025-11-26,active,6881
ORD-8570,CUST-1105,ST-19,,2025-06-15,CLOSED,14960
ORD-8571,CUST-3378,ST-19,,11/11/2026, Active ,2470
ORD-8572,CUST-2863,ST-6,,2025-03-03,PENDING,19576
ORD-8573,CUST-2052,ST-10,,06/17/2025,CLOSED,15299
ORD-8574,CUST-1678,ST-9,CP-58,02/08/2024,pending,2284
ORD-8575,CUST-557,ST-18,,2026-07-28, Active ,7835
ORD-8576,CUST-1110,ST-24,,07-03-2026,pending,18203
ORD-8577,CUST-13,ST-23,,12/07/2025,active,"6,000.00"
ORD-8578,CUST-244,ST-15,,2026-07-28, Active ,"17,252.00"
ORD-8579,CUST-512,ST-5,,2024-02-03,closed,4382
ORD-8580,CUST-515,ST-18,CP-69,2025-09-25,ACTIVE,7351
ORD-8581,CUST-1291,ST-14,CP-39,2026-11-15,active,"$17,414.00"
ORD-8582,CUST-2430,ST-7,,02/05/2026, Active ,2101
ORD-8583,CUST-3884,ST-20,CP-42,03/11/2025, Active ,13178
ORD-8584,CUST-2083,ST-3,,2025-06-12,CLOSED,12349
ORD-8585,CUST-3976,ST-4,,12/20/2024, Active ,13236
ORD-8586,CUST-499,ST-12,,18-06-2024,pending,12854
ORD-8587,CUST-2282,ST-22,CP-33,11/16/2025,ACTIVE,7357
ORD-8588,CUST-3272,ST-2,CP-117,2024-09-03,ACTIVE,18470
ORD-8589,CUST-479,ST-24,CP-79,11/08/2024,pending,"$17,870.00"
ORD-8590,CUST-2754,ST-4,,2024-06-28,ACTIVE,5496
ORD-8591,CUST-3665,ST-10,,01/20/2026, Active ,"2,798.00"
ORD-8592,CUST-1711,ST-16,,04-07-2025,PENDING,2415
ORD-8593,CUST-3828,ST-11,,2025-02-07,CLOSED,10514
ORD-8594,CUST-4788,ST-9,,08/23/2026,closed,"13,815.00"
ORD-8595,CUST-4059,ST-21,CP-101,17-07-2024,active,13937
ORD-8596,CUST-2430,ST-5,,08/04/2026,CLOSED,"$4,883.00"
ORD-8597,CUST-1934,ST-7,,02/23/2026,CLOSED,"$8,629.00"
ORD-8598,CUST-4441,ST-1,,03/18/2025,ACTIVE,"$19,545.00"
ORD-8599,CUST-4513,ST-9,CP-121,2025-06-13,PENDING,"9,508.00"
ORD-8600,CUST-1981,ST-3,,03-01-2026,active,2128
ORD-8601,CUST-2213,ST-3,CP-131,01/27/2025,ACTIVE,15460
ORD-8602,CUST-2135,ST-6,,2026-07-15,ACTIVE,"$5,326.00"
ORD-8603,CUST-3434,ST-25,CP-63,05-08-2025,PENDING,"$6,841.00"
ORD-8604,CUST-4868,ST-13,,22-06-2024,CLOSED,"12,947.00"
ORD-8605,CUST-929,ST-8,,2024-12-20,ACTIVE,$147.00
ORD-8606,CUST-663,ST-6,,10-03-2026, Active ,18180
ORD-8607,CUST-1163,ST-19,,2026-09-03,CLOSED,3714
ORD-8608,CUST-2627,ST-3,CP-14,17-09-2025, Active ,15726
ORD-8609,CUST-524,ST-17,CP-153,2026-04-14,pending,10224
ORD-8610,CUST-267,ST-16,,11/24/2025,ACTIVE,19903
ORD-8611,CUST-4883,ST-23,,2026-02-01, Active ,"$10,957.00"
ORD-8612,CUST-1280,ST-12,CP-122,01/28/2026,active,"$10,765.00"
ORD-8613,CUST-2701,ST-2,CP-1,07/05/2024,pending,13162
ORD-8614,CUST-4151,ST-1,,09/09/2024,PENDING,"17,984.00"
ORD-8615,CUST-3635,ST-22,,2024-06-08,pending,"$8,791.00"
ORD-8616,CUST-142,ST-19,CP-29,23-06-2025,CLOSED,"$1,486.00"
ORD-8617,CUST-1199,ST-4,,2026-05-09,active,"18,239.00"
ORD-8618,CUST-156,ST-1,CP-97,2025-03-15,closed,"$5,723.00"
ORD-8619,CUST-2910,ST-6,,2025-01-10,active,"$5,554.00"
ORD-8620,CUST-958,ST-8,,2025-07-03,pending,4350
ORD-8621,CUST-334,ST-22,,2026-04-17, Active ,"$9,715.00"
ORD-8622,CUST-1526,ST-17,,2025-04-20,closed,"$4,108.00"
ORD-8623,CUST-450,ST-16,,24-01-2024,PENDING,"$14,873.00"
ORD-8624,CUST-1424,ST-21,,11/12/2026,ACTIVE,18192
ORD-8625,CUST-1036,ST-23,,02/28/2024,ACTIVE,"$13,234.00"
ORD-8626,CUST-3710,ST-22,,06-03-2025, Active ,$896.00
ORD-8627,CUST-1567,ST-3,,2026-08-17,closed,17074
ORD-8628,CUST-4267,ST-25,,04/27/2025,closed,"$8,776.00"
ORD-8629,CUST-4995,ST-4,,2024-06-26,closed,4958
ORD-8630,CUST-2732,ST-25,,2026-07-15,active,1487
ORD-8631,CUST-1285,ST-19,,2026-05-13,active,"$2,126.00"
ORD-8632,CUST-1341,ST-7,CP-161,2024-01-24,pending,"$13,281.00"
ORD-8633,CUST-1295,ST-7,,03/09/2025,closed,10362
ORD-8634,CUST-666,ST-17,CP-76,2024-01-16,PENDING,"$7,051.00"
ORD-8635,CUST-414,ST-12,,11/06/2025,CLOSED,"$12,380.00"
ORD-8636,CUST-3481,ST-11,,11/07/2024,ACTIVE,"$19,177.00"
ORD-8637,CUST-2151,ST-7,,2026-03-24,CLOSED,2857
ORD-8638,CUST-3588,ST-1,CP-165,2025-05-09,CLOSED,14019
ORD-8639,CUST-3486,ST-4,,01/24/2025,pending,"17,511.00"
ORD-8640,CUST-3117,ST-7,,25-09-2026,pending,"16,537.00"
ORD-8641,CUST-3778,ST-14,,2024-07-06,closed,5076
ORD-8642,CUST-76,ST-24,CP-200,06/12/2024,closed,3221
ORD-8643,CUST-1097,ST-5,,2026-04-02,CLOSED,"$2,729.00"
ORD-8644,CUST-4974,ST-25,,12/09/2026, Active ,5427
ORD-8645,CUST-752,ST-12,,07/24/2024,pending,"$14,982.00"
ORD-8646,CUST-3595,ST-8,CP-200,24-10-2026,closed,15472
ORD-8647,CUST-3257,ST-11,,2024-05-21,pending,12620
ORD-8648,CUST-638,ST-25,,03/16/2024,PENDING,"8,664.00"
ORD-8649,CUST-1890,ST-23,,25-12-2024,pending,13424
ORD-8650,CUST-894,ST-1,,2025-05-16,closed,"$3,305.00"
ORD-8651,CUST-3971,ST-5,,2024-03-21,PENDING,19352
ORD-8652,CUST-753,ST-19,,02/18/2024,closed,2978
ORD-8653,CUST-4913,ST-14,,2024-05-16,ACTIVE,11535
ORD-8654,CUST-3735,ST-21,,12/16/2025,ACTIVE,210
ORD-8655,CUST-3391,ST-20,CP-154,2024-09-10,PENDING,"$6,971.00"
ORD-8656,CUST-4419,ST-2,,2024-06-04,PENDING,"$1,749.00"
ORD-8657,CUST-1883,ST-2,,01/24/2024,ACTIVE,"$1,674.00"
ORD-8658,CUST-1904,ST-2,,08/15/2024,closed,"13,889.00"
ORD-8659,CUST-2064,ST-25,,08/11/2024,pending,12191
ORD-8660,CUST-4397,ST-9,,01/06/2026,PENDING,2412
ORD-8661,CUST-3262,ST-11,CP-37,22-02-2026,CLOSED,"$13,640.00"
ORD-8662,CUST-374,ST-13,,22-09-2025,pending,5761
ORD-8663,CUST-2794,ST-4,,08/25/2026,closed,19853
ORD-8664,CUST-2178,ST-1,,2024-01-08,closed,18180
ORD-8665,CUST-4625,ST-5,CP-70,09/16/2024, Active ,9508
ORD-8666,CUST-3469,ST-16,,28-03-2024,pending,11934
ORD-8667,CUST-1180,ST-13,,11/23/2026, Active ,12395
ORD-8668,CUST-3642,ST-2,,02/05/2025,active,"10,104.00"
ORD-8669,CUST-1991,ST-14,,2024-10-15,active,"$12,277.00"
ORD-8670,CUST-4834,ST-8,CP-150,2026-08-14,ACTIVE,"$10,566.00"
ORD-8671,CUST-4048,ST-3,,2026-07-02,PENDING,9805
ORD-8672,CUST-3741,ST-13,CP-75,2025-10-07,closed,3458
ORD-8673,CUST-2199,ST-18,CP-133,2024-02-16, Active ,1602
ORD-8674,CUST-3585,ST-13,,23-09-2026,closed,"$17,675.00"
ORD-8675,CUST-4866,ST-20,CP-84,2025-04-27,PENDING,1727
ORD-8676,CUST-1073,ST-3,CP-105,2024-12-27,pending,14416
ORD-8677,CUST-1551,ST-13,,2024-05-02,ACTIVE,"3,853.00"
ORD-8678,CUST-384,ST-15,CP-54,11/01/2024, Active ,"$6,341.00"
ORD-8679,CUST-3408,ST-20,,12/15/2026,CLOSED,"10,685.00"
ORD-8680,CUST-1826,ST-16,,13-12-2024, Active ,"$1,877.00"
ORD-8681,CUST-118,ST-2,CP-128,16-11-2025,closed,7782
ORD-8682,CUST-1604,ST-13,,2025-06-12,closed,2804
ORD-8683,CUST-99,ST-11,,2024-06-14,CLOSED,"7,067.00"
ORD-8684,CUST-2872,ST-18,,2026-08-02,CLOSED,"$16,066.00"
ORD-8685,CUST-3423,ST-19,CP-61,2025-07-23,closed,17248
ORD-8686,CUST-3482,ST-10,,2026-02-27,active,15680
ORD-8687,CUST-1025,ST-25,,03-01-2024,active,"10,620.00"
ORD-8688,CUST-4160,ST-14,CP-113,24-03-2024,CLOSED,"19,200.00"
ORD-8689,CUST-4532,ST-7,,2024-08-05,active,14895
ORD-8690,CUST-1960,ST-21,,06-05-2025,closed,10744
ORD-8691,CUST-2702,ST-13,,2024-03-28,closed,"$15,056.00"
ORD-8692,CUST-4831,ST-18,,2026-09-13,ACTIVE,"$14,028.00"
ORD-8693,CUST-2974,ST-10,,2024-07-10,closed,"$10,653.00"
ORD-8694,CUST-3718,ST-22,CP-72,07/09/2024,ACTIVE,"$7,316.00"
ORD-8695,CUST-856,ST-9,CP-127,08/13/2025,pending,"$7,666.00"
ORD-8696,CUST-3250,ST-14,,08/03/2026,closed,6131
ORD-8697,CUST-3007,ST-6,CP-193,02-07-2026, Active ,7096
ORD-8698,CUST-3344,ST-18,CP-100,2024-04-27,pending,"$19,686.00"
ORD-8699,CUST-359,ST-10,,2025-04-02, Active ,1039
ORD-8700,CUST-2406,ST-2,,2026-09-09,CLOSED,"8,892.00"
ORD-8701,CUST-645,ST-3,,25-01-2026,PENDING,"$5,399.00"
ORD-8702,CUST-1898,ST-8,,2025-04-07,closed,"$9,633.00"
ORD-8703,CUST-3570,ST-12,,2026-03-02,active,14891
ORD-8704,CUST-2185,ST-6,,2026-06-23,PENDING,12362
ORD-8705,CUST-4178,ST-12,,2026-07-12,PENDING,9972
ORD-8706,CUST-4661,ST-25,,2025-07-25, Active ,"$5,730.00"
ORD-8707,CUST-4906,ST-24,,02-02-2024,closed,"10,330.00"
ORD-8708,CUST-2066,ST-2,,04/22/2024,active,"$14,938.00"
ORD-8709,CUST-1640,ST-20,CP-73,07/12/2024, Active ,"$18,620.00"
ORD-8710,CUST-2183,ST-17,,13-03-2026, Active ,"$11,540.00"
ORD-8711,CUST-2388,ST-1,,09/01/2024,CLOSED,"$9,632.00"
ORD-8712,CUST-464,ST-3,,2025-03-14,active,"13,908.00"
ORD-8713,CUST-4865,ST-23,,2026-09-28, Active ,"13,917.00"
ORD-8714,CUST-2019,ST-24,,2025-02-16,CLOSED,"$9,553.00"
ORD-8715,CUST-264,ST-20,,15-01-2024,CLOSED,"$5,400.00"
ORD-8716,CUST-454,ST-21,,2026-04-02,closed,"$1,117.00"
ORD-8717,CUST-3081,ST-18,CP-186,2026-03-06,closed,8281
ORD-8718,CUST-333,ST-9,,04-04-2026,ACTIVE,"6,012.00"
ORD-8719,CUST-879,ST-14,CP-62,2025-06-20, Active ,"19,741.00"
ORD-8720,CUST-786,ST-12,,2025-02-21,ACTIVE,11780
ORD-8721,CUST-2806,ST-6,,05-04-2024,ACTIVE,"$13,501.00"
ORD-8722,CUST-2607,ST-9,,12/18/2026,PENDING,17661
ORD-8723,CUST-4077,ST-10,CP-42,2024-02-05,active,9455
ORD-8724,CUST-4615,ST-4,,18-05-2024,PENDING,7121
ORD-8725,CUST-3500,ST-6,CP-94,2025-08-28,pending,"11,938.00"
ORD-8726,CUST-1869,ST-17,CP-188,2025-10-28,ACTIVE,6195
ORD-8727,CUST-473,ST-20,,2025-04-03,pending,3245
ORD-8728,CUST-149,ST-14,,2024-10-28,PENDING,"16,851.00"
ORD-8729,CUST-2568,ST-15,,05/07/2025,pending,"3,147.00"
ORD-8730,CUST-1650,ST-16,CP-182,2025-06-27,CLOSED,11269
ORD-8731,CUST-3640,ST-21,CP-137,2025-12-27,CLOSED,9824
ORD-8732,CUST-3894,ST-11,,07-12-2024, Active ,6571
ORD-8733,CUST-713,ST-18,,03/11/2026,active,"$18,232.00"
ORD-8734,CUST-595,ST-10,CP-28,04/17/2024,pending,4552
ORD-8735,CUST-391,ST-24,CP-72,10/20/2024,CLOSED,715.00
ORD-8736,CUST-4092,ST-3,,2025-05-12,CLOSED,"$2,359.00"
ORD-8737,CUST-115,ST-18,,07/10/2024,ACTIVE,"$7,982.00"
ORD-8738,CUST-3720,ST-7,,2025-01-27, Active ,"$2,380.00"
ORD-8739,CUST-4941,ST-18,,2025-09-18,PENDING,12443
ORD-8740,CUST-1899,ST-2,CP-47,2025-12-01, Active ,"4,898.00"
ORD-8741,CUST-3866,ST-5,,02/19/2025,CLOSED,"$14,570.00"
ORD-8742,CUST-411,ST-11,,2024-04-21,ACTIVE,"$5,867.00"
ORD-8743,CUST-4874,ST-11,,2024-09-27,active,"17,237.00"
ORD-8744,CUST-3727,ST-4,,2025-07-19,closed,10934
ORD-8745,CUST-1508,ST-22,,12/22/2024,PENDING,11228
ORD-8746,CUST-1195,ST-19,,11/17/2026,pending,"$13,813.00"
ORD-8747,CUST-1862,ST-18,CP-94,06/06/2026,CLOSED,6968
ORD-8748,CUST-2527,ST-13,CP-199,2026-02-16,PENDING,"$12,848.00"
ORD-8749,CUST-2544,ST-14,CP-60,2024-05-28,pending,"11,498.00"
ORD-8750,CUST-3912,ST-13,,2024-12-27,active,2893
ORD-8751,CUST-1169,ST-9,CP-27,05/01/2024,ACTIVE,17727
ORD-8752,CUST-1621,ST-2,,05/13/2026,ACTIVE,"$13,423.00"
ORD-8753,CUST-3957,ST-4,,2025-04-06,CLOSED,2995
ORD-8754,CUST-2967,ST-13,CP-40,2026-05-18,ACTIVE,2880
ORD-8755,CUST-3822,ST-5,,2025-12-14,closed,3820
ORD-8756,CUST-2127,ST-9,,2025-09-01, Active ,"9,526.00"
ORD-8757,CUST-4254,ST-4,CP-64,2026-05-13,closed,2444
ORD-8758,CUST-3446,ST-3,,03/26/2025,closed,"$17,581.00"
ORD-8759,CUST-3236,ST-23,,04/18/2025,CLOSED,8266
ORD-8760,CUST-37,ST-15,CP-29,08/13/2025,active,8140
ORD-8761,CUST-3417,ST-22,,19-05-2026,active,7479
ORD-8762,CUST-3071,ST-2,,2025-06-10,PENDING,10948
ORD-8763,CUST-1620,ST-18,,05-06-2025,CLOSED,4600
ORD-8764,CUST-4577,ST-9,,2026-09-28,PENDING,16472
ORD-8765,CUST-3332,ST-25,CP-197,2025-09-15, Active ,2942
ORD-8766,CUST-2525,ST-2,,25-01-2024,active,"$11,176.00"
ORD-8767,CUST-2665,ST-11,,2026-06-23,active,"$13,953.00"
ORD-8768,CUST-2452,ST-12,,2025-03-26,active,6172
ORD-8769,CUST-3201,ST-17,,07/02/2025,ACTIVE,19376
ORD-8770,CUST-3705,ST-19,,27-03-2026, Active ,"$10,619.00"
ORD-8771,CUST-4264,ST-15,,06/01/2026,pending,"$11,741.00"
ORD-8772,CUST-3330,ST-8,,2025-02-18,PENDING,"11,535.00"
ORD-8773,CUST-3505,ST-24,CP-70,25-08-2026, Active ,"13,805.00"
ORD-8774,CUST-1985,ST-12,,10/08/2024, Active ,14178
ORD-8775,CUST-4620,ST-15,,06/13/2024,pending,"$2,726.00"
ORD-8776,CUST-1820,ST-6,,01/18/2026,active,9888
ORD-8777,CUST-522,ST-11,CP-124,2025-09-18,PENDING,"12,903.00"
ORD-8778,CUST-4775,ST-24,CP-30,06/12/2025,active,$256.00
ORD-8779,CUST-2560,ST-16,,2025-10-26,pending,18783
ORD-8780,CUST-1558,ST-11,,01/03/2025,ACTIVE,3015
ORD-8781,CUST-3142,ST-3,,06/02/2024,PENDING,6234
ORD-8782,CUST-3893,ST-6,,14-08-2024,closed,"$12,559.00"
ORD-8783,CUST-671,ST-11,,04/05/2024, Active ,"$15,747.00"
ORD-8784,CUST-2147,ST-14,CP-99,2024-12-07,pending,225
ORD-8785,CUST-3147,ST-18,,2025-06-19,pending,1787
ORD-8786,CUST-2496,ST-11,,06/16/2026,PENDING,"$2,057.00"
ORD-8787,CUST-1548,ST-7,,09/02/2024,active,7152
ORD-8788,CUST-2724,ST-17,,2025-03-22,closed,"$14,756.00"
ORD-8789,CUST-3231,ST-18,,27-07-2024,PENDING,"$7,923.00"
ORD-8790,CUST-1556,ST-8,,10-12-2024,closed,14054
ORD-8791,CUST-739,ST-19,,2026-03-12, Active ,"16,961.00"
ORD-8792,CUST-3743,ST-18,CP-58,01/16/2025,CLOSED,17861
ORD-8793,CUST-269,ST-12,,2026-05-02,ACTIVE,7224
ORD-8794,CUST-1195,ST-11,CP-93,2025-06-23,PENDING,"15,303.00"
ORD-8795,CUST-1325,ST-1,CP-21,2026-02-27,CLOSED,"$17,551.00"
ORD-8796,CUST-388,ST-14,,2024-05-06, Active ,19877
ORD-8797,CUST-2899,ST-24,CP-69,21-11-2024,pending,"11,672.00"
ORD-8798,CUST-1282,ST-7,CP-144,2025-08-10,PENDING,14571
ORD-8799,CUST-1047,ST-16,,2026-07-19, Active ,18651
ORD-8800,CUST-3624,ST-7,CP-187,2024-05-10,pending,6191
ORD-8801,CUST-4509,ST-13,,07-01-2024,active,5123
ORD-8802,CUST-1932,ST-7,,04/18/2025,closed,"$1,523.00"
ORD-8803,CUST-4208,ST-4,CP-189,25-10-2024,CLOSED,4035
ORD-8804,CUST-2702,ST-16,,2024-08-08,PENDING,"$18,915.00"
ORD-8805,CUST-4358,ST-15,,12/05/2025,CLOSED,"15,620.00"
ORD-8806,CUST-1536,ST-13,CP-42,2025-10-04,closed,"13,493.00"
ORD-8807,CUST-1064,ST-17,,2024-07-09,pending,13572
ORD-8808,CUST-1746,ST-19,,09-11-2024,ACTIVE,15171
ORD-8809,CUST-140,ST-2,,06-10-2024, Active ,288
ORD-8810,CUST-4639,ST-21,CP-65,2026-01-14,closed,"10,741.00"
ORD-8811,CUST-2682,ST-25,CP-117,2024-05-28,ACTIVE,"6,908.00"
ORD-8812,CUST-1939,ST-6,CP-132,08-01-2025,pending,7792
ORD-8813,CUST-4258,ST-15,CP-109,04-04-2026,CLOSED,"4,945.00"
ORD-8814,CUST-136,ST-4,,04/18/2024,CLOSED,216
ORD-8815,CUST-424,ST-23,,03/02/2025, Active ,14270
ORD-8816,CUST-929,ST-2,,2026-06-13,PENDING,11764
ORD-8817,CUST-2061,ST-23,CP-42,2025-11-19,CLOSED,"$4,222.00"
ORD-8818,CUST-20,ST-23,,2026-09-20,active,12520
ORD-8819,CUST-3675,ST-8,CP-18,2025-06-08,CLOSED,18614
ORD-8820,CUST-1001,ST-9,CP-41,2025-03-26,ACTIVE,"13,647.00"
ORD-8821,CUST-4847,ST-23,,01/04/2024,ACTIVE,19634
ORD-8822,CUST-3449,ST-7,CP-4,2024-08-16,pending,7165
ORD-8823,CUST-4097,ST-14,,2026-03-11,CLOSED,5441
ORD-8824,CUST-2092,ST-9,,2024-05-11,pending,"$8,271.00"
ORD-8825,CUST-4566,ST-22,,2025-12-01, Active ,12520
ORD-8826,CUST-3803,ST-4,,08/07/2025,ACTIVE,"19,741.00"
ORD-8827,CUST-4093,ST-10,,2024-06-20,closed,623
ORD-8828,CUST-2997,ST-13,,08-03-2026, Active ,1494
ORD-8829,CUST-2845,ST-19,,2024-03-11,closed,625
ORD-8830,CUST-2772,ST-16,,2026-02-04,PENDING,"$3,880.00"
ORD-8831,CUST-194,ST-7,,2026-05-18,pending,"$2,617.00"
ORD-8832,CUST-3886,ST-22,,01/23/2026, Active ,"13,785.00"
ORD-8833,CUST-1155,ST-20,CP-80,09/27/2026,pending,7920
ORD-8834,CUST-3934,ST-7,,10/08/2026,ACTIVE,7002
ORD-8835,CUST-3077,ST-16,,08/20/2024,closed,16711
ORD-8836,CUST-1154,ST-20,CP-58,12/19/2026,CLOSED,6304
ORD-8837,CUST-3274,ST-3,,2026-09-16,pending,"$9,366.00"
ORD-8838,CUST-3991,ST-12,CP-106,2026-02-26,active,19762
ORD-8839,CUST-4644,ST-11,,2026-01-27,PENDING,2522
ORD-8840,CUST-4390,ST-6,CP-163,09/07/2024,ACTIVE,17274
ORD-8841,CUST-4145,ST-24,,2026-11-04,CLOSED,19981
ORD-8842,CUST-1089,ST-22,CP-16,2026-10-25,closed,2225
ORD-8843,CUST-1721,ST-8,,2024-10-27,pending,"$18,933.00"
ORD-8844,CUST-2321,ST-4,,2025-06-27,ACTIVE,"$15,668.00"
ORD-8845,CUST-3468,ST-2,,05/11/2025,CLOSED,"1,982.00"
ORD-8846,CUST-4042,ST-16,,2024-08-26,ACTIVE,9185
ORD-8847,CUST-809,ST-17,,2026-02-04,closed,4178
ORD-8848,CUST-4653,ST-21,,12/25/2025, Active ,4586
ORD-8849,CUST-893,ST-8,,21-04-2026,ACTIVE,"$16,124.00"
ORD-8850,CUST-1316,ST-18,CP-152,2026-02-01,pending,"5,081.00"
ORD-8851,CUST-525,ST-10,,19-12-2025,active,"$2,986.00"
ORD-8852,CUST-2044,ST-15,CP-155,11/03/2025,pending,"$1,980.00"
ORD-8853,CUST-2063,ST-2,CP-137,03/12/2026,CLOSED,11853
ORD-8854,CUST-4990,ST-14,,2026-11-19,ACTIVE,2637
ORD-8855,CUST-4655,ST-25,,03/01/2025,CLOSED,17974
ORD-8856,CUST-3963,ST-19,CP-46,11/04/2026,PENDING,"$5,601.00"
ORD-8857,CUST-4220,ST-4,,08/03/2026, Active ,17752
ORD-8858,CUST-2687,ST-2,,20-02-2026,active,3837
ORD-8859,CUST-216,ST-11,CP-91,01/03/2025,active,7456
ORD-8860,CUST-3444,ST-25,,08/27/2026,ACTIVE,"$19,920.00"
ORD-8861,CUST-3092,ST-21,,2026-05-11, Active ,6596
ORD-8862,CUST-509,ST-25,,11-06-2024,pending,18137
ORD-8863,CUST-2841,ST-11,,04/26/2025,active,5958
ORD-8864,CUST-1160,ST-15,,20-01-2025,ACTIVE,19384
ORD-8865,CUST-2859,ST-15,,2024-07-15,ACTIVE,13166
ORD-8866,CUST-1024,ST-12,,09/27/2026,closed,"$18,078.00"
ORD-8867,CUST-1075,ST-15,CP-62,2025-05-02,ACTIVE,"13,730.00"
ORD-8868,CUST-584,ST-8,,2026-12-22,closed,13918
ORD-8869,CUST-3066,ST-10,CP-130,26-03-2024,CLOSED,"$13,335.00"
ORD-8870,CUST-3707,ST-4,,15-09-2025, Active ,4033
ORD-8871,CUST-589,ST-22,,28-09-2025,CLOSED,"14,929.00"
ORD-8872,CUST-2187,ST-10,CP-7,07/20/2026,PENDING,"$12,484.00"
ORD-8873,CUST-4172,ST-7,,12-09-2026,pending,18353
ORD-8874,CUST-4115,ST-4,CP-131,11/19/2025,CLOSED,2239
ORD-8875,CUST-2192,ST-2,CP-72,09/20/2024,closed,16385
ORD-8876,CUST-1408,ST-4,,2024-09-10,ACTIVE,"2,867.00"
ORD-8877,CUST-2507,ST-10,,2024-05-08,PENDING,3212
ORD-8878,CUST-2294,ST-6,,2024-08-18,PENDING,12663
ORD-8879,CUST-1224,ST-23,,01/14/2026,closed,"$1,580.00"
ORD-8880,CUST-4527,ST-9,,01/21/2025,closed,8656
ORD-8881,CUST-506,ST-22,,03/24/2026,ACTIVE,19146
ORD-8882,CUST-4946,ST-13,CP-175,06-02-2026,active,18766
ORD-8883,CUST-3231,ST-24,,2026-09-13,PENDING,"$1,258.00"
ORD-8884,CUST-4066,ST-19,CP-31,12/12/2025,closed,17779
ORD-8885,CUST-3028,ST-4,,12/08/2026,pending,18546
ORD-8886,CUST-4662,ST-2,,2025-05-08,CLOSED,"7,618.00"
ORD-8887,CUST-3749,ST-21,,2026-07-14,closed,"14,227.00"
ORD-8888,CUST-4265,ST-22,,27-08-2026,active,$616.00
ORD-8889,CUST-3036,ST-8,CP-196,05/06/2024,pending,13041
ORD-8890,CUST-231,ST-13,,2024-05-27,closed,13564
ORD-8891,CUST-3088,ST-14,,2024-09-24,PENDING,"$8,815.00"
ORD-8892,CUST-4352,ST-8,CP-147,06/15/2026,pending,5233
ORD-8893,CUST-4816,ST-20,,2024-06-20,pending,"$3,503.00"
ORD-8894,CUST-602,ST-4,,19-11-2025,closed,"12,181.00"
ORD-8895,CUST-3979,ST-8,,05/13/2026,active,"$7,373.00"
ORD-8896,CUST-366,ST-24,CP-128,05/14/2024,PENDING,752.00
ORD-8897,CUST-861,ST-18,,2026-02-06,ACTIVE,$983.00
ORD-8898,CUST-2285,ST-8,,23-06-2026,pending,18953
ORD-8899,CUST-3250,ST-2,,02/09/2024, Active ,"$7,319.00"
ORD-8900,CUST-4028,ST-15,CP-75,2024-09-24,pending,8584
ORD-8901,CUST-3062,ST-9,,09/11/2025,active,"$16,737.00"
ORD-8902,CUST-3054,ST-8,,11-06-2026,CLOSED,"$2,783.00"
ORD-8903,CUST-4470,ST-1,,2024-11-04,PENDING,7824
ORD-8904,CUST-2364,ST-1,,2025-04-21,ACTIVE,"2,808.00"
ORD-8905,CUST-796,ST-4,CP-199,2025-10-04,PENDING,"$5,054.00"
ORD-8906,CUST-714,ST-17,CP-65,2024-05-12,PENDING,"7,971.00"
ORD-8907,CUST-3451,ST-17,,2026-08-26,active,17863
ORD-8908,CUST-3265,ST-19,,2024-05-28,closed,12588
ORD-8909,CUST-161,ST-24,,11/22/2025,pending,12928
ORD-8910,CUST-2373,ST-25,,07-08-2024, Active ,15586
ORD-8911,CUST-4710,ST-15,,03/10/2024,active,4025
ORD-8912,CUST-3000,ST-6,CP-104,2025-05-18, Active ,616
ORD-8913,CUST-3930,ST-25,,24-04-2025,ACTIVE,12369
ORD-8914,CUST-4062,ST-1,,02-10-2024,PENDING,182
ORD-8915,CUST-1392,ST-18,,08/02/2024,closed,16982
ORD-8916,CUST-3743,ST-19,,2024-10-09,PENDING,5183
ORD-8917,CUST-4618,ST-25,CP-125,20-11-2025, Active ,"1,988.00"
ORD-8918,CUST-3921,ST-23,,05/17/2025,closed,"$7,633.00"
ORD-8919,CUST-1609,ST-2,,03/15/2025,active,11432
ORD-8920,CUST-3411,ST-14,,05/23/2025, Active ,"11,080.00"
ORD-8921,CUST-4156,ST-12,,09/04/2024,pending,"$3,211.00"
ORD-8922,CUST-2385,ST-1,,28-05-2024, Active ,16900
ORD-8923,CUST-4244,ST-12,,05-02-2026, Active ,19785
ORD-8924,CUST-3469,ST-8,,2024-11-07,CLOSED,"$1,215.00"
ORD-8925,CUST-844,ST-18,,2024-06-19,PENDING,$372.00
ORD-8926,CUST-2963,ST-16,,2025-01-14, Active ,11670
ORD-8927,CUST-3019,ST-3,,03/08/2025,ACTIVE,"1,029.00"
ORD-8928,CUST-1069,ST-2,CP-61,03/25/2026,PENDING,"14,523.00"
ORD-8929,CUST-1511,ST-20,,08/27/2024,closed,9828
ORD-8930,CUST-3079,ST-23,,04/02/2025,pending,"11,654.00"
ORD-8931,CUST-1774,ST-8,,2024-05-28,ACTIVE,"17,085.00"
ORD-8932,CUST-798,ST-5,,2024-08-15,pending,7078
ORD-8933,CUST-2736,ST-4,,2024-09-08,closed,2759
ORD-8934,CUST-1961,ST-5,,2026-08-05,pending,"$16,046.00"
ORD-8935,CUST-1551,ST-6,,18-05-2025,PENDING,"$19,623.00"
ORD-8936,CUST-539,ST-8,CP-9,2025-11-19,ACTIVE,4848
ORD-8937,CUST-4262,ST-9,,2024-02-21,active,5012
ORD-8938,CUST-1697,ST-3,,06/26/2026, Active ,"6,945.00"
ORD-8939,CUST-4246,ST-9,,2025-09-21,closed,6532
ORD-8940,CUST-3925,ST-14,,16-03-2026,closed,"11,129.00"
ORD-8941,CUST-2224,ST-12,CP-113,2026-01-10,closed,"$7,062.00"
ORD-8942,CUST-2720,ST-6,CP-137,2026-04-14,active,"$19,757.00"
ORD-8943,CUST-4047,ST-20,,14-10-2026,CLOSED,"5,617.00"
ORD-8944,CUST-1874,ST-17,,2026-06-24,CLOSED,"$14,146.00"
ORD-8945,CUST-1445,ST-16,,16-05-2025,CLOSED,192
ORD-8946,CUST-602,ST-14,CP-124,2024-07-12,closed,"$5,426.00"
ORD-8947,CUST-502,ST-5,CP-175,08/24/2024,PENDING,"11,148.00"
ORD-8948,CUST-4944,ST-4,,07/16/2025,CLOSED,"12,858.00"
ORD-8949,CUST-718,ST-7,CP-53,04/25/2024,PENDING,"$19,746.00"
ORD-8950,CUST-1667,ST-1,,2024-05-14,CLOSED,4680
ORD-8951,CUST-4219,ST-3,,04/28/2026,CLOSED,"$18,041.00"
ORD-8952,CUST-4034,ST-3,,2026-10-07,pending,6883
ORD-8953,CUST-2871,ST-8,,06/11/2024,closed,2894
ORD-8954,CUST-1487,ST-25,,03/11/2025,CLOSED,17799
ORD-8955,CUST-1669,ST-2,,2024-01-27,closed,"16,906.00"
ORD-8956,CUST-63,ST-11,,2025-02-22,pending,8571
ORD-8957,CUST-515,ST-1,,20-01-2026,active,"10,498.00"
ORD-8958,CUST-3114,ST-14,,2024-12-28, Active ,2727
ORD-8959,CUST-1833,ST-7,,22-08-2024,PENDING,13539
ORD-8960,CUST-4239,ST-7,CP-190,2024-09-24,closed,$719.00
ORD-8961,CUST-2403,ST-11,CP-59,2025-02-18,PENDING,7230
ORD-8962,CUST-4804,ST-20,,04/07/2025,pending,"$5,849.00"
ORD-8963,CUST-2698,ST-2,,2026-04-04,closed,13281
ORD-8964,CUST-3808,ST-14,,2024-05-20, Active ,9641
ORD-8965,CUST-2235,ST-1,,05/23/2026,closed,6790
ORD-8966,CUST-2351,ST-3,CP-148,2024-02-15,ACTIVE,17148
ORD-8967,CUST-2723,ST-18,,01/20/2024,pending,8243
ORD-8968,CUST-1999,ST-3,CP-130,2024-06-25,ACTIVE,2066
ORD-8969,CUST-568,ST-15,CP-186,19-08-2024,active,"18,534.00"
ORD-8970,CUST-3828,ST-8,,23-07-2024,pending,863
ORD-8971,CUST-111,ST-3,,2024-02-05,closed,14434
ORD-8972,CUST-1066,ST-15,CP-34,2024-07-20,ACTIVE,"13,975.00"
ORD-8973,CUST-2013,ST-15,CP-38,2026-09-09, Active ,11444
ORD-8974,CUST-83,ST-3,,2024-10-26,closed,19752
ORD-8975,CUST-2144,ST-11,,26-02-2025,active,"$7,106.00"
ORD-8976,CUST-2345,ST-3,,2025-10-12,active,"14,432.00"
ORD-8977,CUST-207,ST-5,,2025-04-01,closed,1942
ORD-8978,CUST-3331,ST-14,,11/05/2024,closed,"14,262.00"
ORD-8979,CUST-3937,ST-6,,24-01-2024,active,663
ORD-8980,CUST-2379,ST-23,,2026-03-11, Active ,8081
ORD-8981,CUST-455,ST-15,,2024-10-25,pending,"$9,093.00"
ORD-8982,CUST-1099,ST-15,CP-123,2026-08-15, Active ,6136
ORD-8983,CUST-1175,ST-16,,2025-10-01,closed,6436
ORD-8984,CUST-4243,ST-11,,2024-07-04, Active ,15209
ORD-8985,CUST-3253,ST-15,,11/07/2025, Active ,12636
ORD-8986,CUST-3198,ST-19,CP-136,12-07-2026,pending,18133
ORD-8987,CUST-4417,ST-3,,2025-04-18, Active ,6309
ORD-8988,CUST-3103,ST-11,,2025-07-25,active,7778
ORD-8989,CUST-2322,ST-7,,07/19/2025,active,11052
ORD-8990,CUST-4359,ST-10,CP-183,07/10/2026,pending,"$4,471.00"
ORD-8991,CUST-2467,ST-3,CP-169,2025-08-18,closed,"$5,371.00"
ORD-8992,CUST-2078,ST-7,CP-145,07/14/2024,active,"$1,722.00"
ORD-8993,CUST-113,ST-18,,05/19/2026,CLOSED,"$15,821.00"
ORD-8994,CUST-3533,ST-11,CP-71,2025-11-24,closed,"$9,010.00"
ORD-8995,CUST-2414,ST-15,,2025-07-03,ACTIVE,11156
ORD-8996,CUST-30,ST-6,,19-01-2024, Active ,"7,718.00"
ORD-8997,CUST-4414,ST-17,,2025-11-11,CLOSED,6782
ORD-8998,CUST-4580,ST-16,CP-3,2026-09-08,PENDING,444.00
ORD-8999,CUST-2079,ST-23,CP-142,2026-10-10,CLOSED,14536
ORD-9000,CUST-1334,ST-24,,2026-02-25,ACTIVE,"$9,439.00"
ORD-9001,CUST-1104,ST-1,,2024-05-24,active,"13,044.00"
ORD-9002,CUST-2049,ST-10,,2026-03-18,ACTIVE,"2,485.00"
ORD-9003,CUST-1500,ST-18,,07/24/2026,ACTIVE,"$5,381.00"
ORD-9004,CUST-47,ST-22,,2025-06-14,active,4556
ORD-9005,CUST-140,ST-23,,2024-07-04,closed,"7,368.00"
ORD-9006,CUST-780,ST-2,,2025-01-04,ACTIVE,"$6,599.00"
ORD-9007,CUST-2694,ST-2,,2025-03-12, Active ,"$18,428.00"
ORD-9008,CUST-4433,ST-2,,25-03-2025,ACTIVE,"$2,732.00"
ORD-9009,CUST-1430,ST-23,CP-147,2024-08-09,pending,"$3,674.00"
ORD-9010,CUST-1139,ST-5,CP-174,2025-08-23,PENDING,6685
ORD-9011,CUST-4033,ST-21,CP-146,2025-03-06,CLOSED,"2,301.00"
ORD-9012,CUST-4039,ST-21,,06-04-2025,PENDING,"$11,950.00"
ORD-9013,CUST-3566,ST-10,CP-123,05/19/2025,ACTIVE,14218
ORD-9014,CUST-1361,ST-8,,21-01-2025,CLOSED,"7,694.00"
ORD-9015,CUST-3157,ST-5,,2024-10-01,CLOSED,7017
ORD-9016,CUST-3320,ST-4,,2024-08-10,PENDING,"$15,465.00"
ORD-9017,CUST-183,ST-3,CP-17,2026-08-01,active,15528
ORD-9018,CUST-2875,ST-12,CP-42,08/25/2026,pending,"3,519.00"
ORD-9019,CUST-2644,ST-24,CP-159,2026-06-18,pending,1652
ORD-9020,CUST-2682,ST-14,,04/22/2024, Active ,"19,161.00"
ORD-9021,CUST-1831,ST-15,,03/13/2024,PENDING,13610
ORD-9022,CUST-3866,ST-1,,04/28/2024,ACTIVE,16296
ORD-9023,CUST-1214,ST-17,,2024-05-26,pending,"9,951.00"
ORD-9024,CUST-1695,ST-5,CP-132,2024-06-10,closed,16681
ORD-9025,CUST-1563,ST-2,,09/15/2025,CLOSED,"$19,940.00"
ORD-9026,CUST-246,ST-25,CP-70,04/26/2026,active,"16,341.00"
ORD-9027,CUST-2898,ST-20,CP-182,2024-12-16,ACTIVE,4000
ORD-9028,CUST-87,ST-22,CP-45,09/01/2026,CLOSED,"$7,086.00"
ORD-9029,CUST-3603,ST-17,,09-06-2024,pending,"$8,786.00"
ORD-9030,CUST-607,ST-4,,09-08-2025,closed,18579
ORD-9031,CUST-503,ST-14,,06/10/2026,PENDING,"$16,294.00"
ORD-9032,CUST-3010,ST-10,CP-70,2026-12-28,active,"1,596.00"
ORD-9033,CUST-4644,ST-7,,2025-11-01,active,"$15,017.00"
ORD-9034,CUST-2695,ST-20,CP-55,05/22/2025,PENDING,"5,453.00"
ORD-9035,CUST-2202,ST-14,,2025-03-05,pending,"4,432.00"
ORD-9036,CUST-3897,ST-5,,01-10-2024,pending,19492
ORD-9037,CUST-3212,ST-19,,2026-05-05,pending,16158
ORD-9038,CUST-1847,ST-15,CP-90,2024-08-06,PENDING,1971
ORD-9039,CUST-730,ST-14,,02/07/2026,pending,"6,204.00"
ORD-9040,CUST-2167,ST-2,CP-126,10/05/2026,active,18498
ORD-9041,CUST-2462,ST-24,,2025-06-05,CLOSED,"1,650.00"
ORD-9042,CUST-889,ST-10,,15-11-2026,PENDING,"$15,040.00"
ORD-9043,CUST-617,ST-17,,21-12-2026,active,"$16,306.00"
ORD-9044,CUST-2284,ST-6,,2024-04-23,closed,"$13,222.00"
ORD-9045,CUST-712,ST-7,,13-04-2024,active,"$1,802.00"
ORD-9046,CUST-1363,ST-25,CP-146,11/20/2025,closed,18452
ORD-9047,CUST-3886,ST-1,,2025-04-09,ACTIVE,18630
ORD-9048,CUST-2355,ST-7,,2025-04-28,PENDING,16331
ORD-9049,CUST-2073,ST-5,,2024-05-07,closed,"$15,302.00"
ORD-9050,CUST-1888,ST-16,CP-179,2024-02-19,pending,"$2,846.00"
ORD-9051,CUST-1333,ST-6,,2026-03-08,active,2045
ORD-9052,CUST-1157,ST-10,CP-1,07/16/2025,closed,17336
ORD-9053,CUST-3626,ST-20,CP-78,2024-12-01,active,14455
ORD-9054,CUST-4273,ST-4,,2026-07-11,CLOSED,5492
ORD-9055,CUST-56,ST-8,CP-52,10/10/2025,PENDING,"$3,314.00"
ORD-9056,CUST-4050,ST-17,,10/03/2024,CLOSED,"$1,289.00"
ORD-9057,CUST-1043,ST-5,,2026-01-08,ACTIVE,"$13,249.00"
ORD-9058,CUST-444,ST-7,,2024-04-17,closed,"19,775.00"
ORD-9059,CUST-276,ST-20,,09/27/2026,pending,"12,719.00"
ORD-9060,CUST-625,ST-16,CP-187,2026-05-27,ACTIVE,17619
ORD-9061,CUST-2041,ST-6,,2024-04-20,closed,11354
ORD-9062,CUST-1850,ST-20,,12-11-2025,CLOSED,"$2,918.00"
ORD-9063,CUST-4837,ST-2,CP-181,26-12-2026,pending,"$16,587.00"
ORD-9064,CUST-4034,ST-14,,2025-08-12,CLOSED,1021
ORD-9065,CUST-2547,ST-6,CP-37,2025-01-02,CLOSED,10309
ORD-9066,CUST-2343,ST-6,,04/23/2024,closed,2227
ORD-9067,CUST-3722,ST-16,,2025-07-16,PENDING,2386
ORD-9068,CUST-430,ST-17,,2025-08-18,pending,4419
ORD-9069,CUST-563,ST-24,,27-02-2024,active,"$5,205.00"
ORD-9070,CUST-3156,ST-10,,09/16/2026,ACTIVE,"$19,391.00"
ORD-9071,CUST-528,ST-21,,09/27/2025,PENDING,18570
ORD-9072,CUST-694,ST-15,,06-06-2024,active,17047
ORD-9073,CUST-4067,ST-17,,09/16/2024,pending,5983
ORD-9074,CUST-2239,ST-24,,15-05-2024,closed,17045
ORD-9075,CUST-109,ST-5,,02/11/2025,active,5409
ORD-9076,CUST-4546,ST-20,,08-12-2025,ACTIVE,4762
ORD-9077,CUST-4445,ST-7,CP-131,2024-02-05,CLOSED,"$17,324.00"
ORD-9078,CUST-3952,ST-8,CP-96,2026-06-03,ACTIVE,"10,274.00"
ORD-9079,CUST-1917,ST-7,,24-11-2025,closed,17573
ORD-9080,CUST-324,ST-13,,23-07-2024,ACTIVE,5618
ORD-9081,CUST-607,ST-5,,07/16/2024,PENDING,"12,815.00"
ORD-9082,CUST-360,ST-13,,21-03-2025, Active ,"$2,750.00"
ORD-9083,CUST-3994,ST-5,,2026-12-25,CLOSED,"$10,979.00"
ORD-9084,CUST-4341,ST-15,,2024-10-03,pending,"$9,992.00"
ORD-9085,CUST-2077,ST-18,CP-45,02/03/2024,closed,"4,437.00"
ORD-9086,CUST-1000,ST-2,,2026-10-28, Active ,1793
ORD-9087,CUST-4114,ST-9,,2024-05-03,PENDING,$572.00
ORD-9088,CUST-527,ST-7,,01/11/2025,CLOSED,16411
ORD-9089,CUST-591,ST-19,CP-132,05/21/2024, Active ,"12,522.00"
ORD-9090,CUST-4328,ST-24,CP-84,07/05/2024,ACTIVE,"$14,867.00"
ORD-9091,CUST-1479,ST-8,,2025-04-24, Active ,"5,052.00"
ORD-9092,CUST-3585,ST-5,CP-138,2026-04-14,closed,"18,607.00"
ORD-9093,CUST-891,ST-1,,05/27/2025,pending,5758
ORD-9094,CUST-4704,ST-6,,2026-03-27,ACTIVE,16999
ORD-9095,CUST-1430,ST-11,,01-04-2025,CLOSED,"5,016.00"
ORD-9096,CUST-3367,ST-5,,03-03-2024,pending,17695
ORD-9097,CUST-2321,ST-22,,2024-03-06,closed,"17,240.00"
ORD-9098,CUST-579,ST-23,,2024-01-24,PENDING,"11,988.00"
ORD-9099,CUST-4241,ST-6,CP-95,2025-02-14,pending,"$4,743.00"
ORD-9100,CUST-2766,ST-15,CP-175,01-08-2025,closed,"$6,279.00"
ORD-9101,CUST-1295,ST-1,,2024-05-06, Active ,"$19,707.00"
ORD-9102,CUST-363,ST-4,,2025-02-24,ACTIVE,"$6,331.00"
ORD-9103,CUST-2591,ST-16,,23-02-2026,CLOSED,437
ORD-9104,CUST-793,ST-25,,10/15/2024,active,"$3,023.00"
ORD-9105,CUST-4507,ST-5,,27-11-2024, Active ,"10,652.00"
ORD-9106,CUST-575,ST-15,,2026-08-06,PENDING,"$18,518.00"
ORD-9107,CUST-981,ST-2,,12/12/2025, Active ,18690
ORD-9108,CUST-1941,ST-3,,2024-11-05,active,5827
ORD-9109,CUST-3950,ST-16,CP-139,05/28/2024, Active ,3229
ORD-9110,CUST-2983,ST-18,,05-11-2025,ACTIVE,"16,577.00"
ORD-9111,CUST-4591,ST-14,CP-44,2026-12-16, Active ,13261
ORD-9112,CUST-328,ST-12,,2026-04-01,PENDING,"$19,675.00"
ORD-9113,CUST-833,ST-1,,03/11/2025,pending,"$1,160.00"
ORD-9114,CUST-909,ST-18,,01/25/2024,ACTIVE,10965
ORD-9115,CUST-1300,ST-17,,2024-09-16,closed,"$3,717.00"
ORD-9116,CUST-956,ST-6,CP-152,11/02/2026,active,"$13,091.00"
ORD-9117,CUST-468,ST-10,,2026-11-16,PENDING,7873
ORD-9118,CUST-3592,ST-13,,11/21/2025,PENDING,19735
ORD-9119,CUST-3633,ST-17,,05-12-2025,pending,"$16,072.00"
ORD-9120,CUST-3424,ST-13,CP-186,10/09/2024,closed,"$7,423.00"
ORD-9121,CUST-3085,ST-15,,07/25/2026,CLOSED,"$8,134.00"
ORD-9122,CUST-779,ST-17,,18-04-2026,ACTIVE,14936
ORD-9123,CUST-3086,ST-22,,08-10-2024,PENDING,9727
ORD-9124,CUST-489,ST-17,CP-20,2026-07-22,active,18698
ORD-9125,CUST-2093,ST-8,,04-08-2025, Active ,5683
ORD-9126,CUST-3798,ST-25,,12/22/2024,closed,"5,664.00"
ORD-9127,CUST-3592,ST-18,CP-27,03/05/2024,PENDING,17714
ORD-9128,CUST-4049,ST-14,,2024-11-12,PENDING,7023
ORD-9129,CUST-2918,ST-22,,12/06/2024,closed,"$16,038.00"
ORD-9130,CUST-694,ST-16,,2024-11-17,CLOSED,12198
ORD-9131,CUST-2837,ST-6,,2026-02-20, Active ,"10,538.00"
ORD-9132,CUST-221,ST-7,CP-139,2026-06-19,PENDING,"8,837.00"
ORD-9133,CUST-4499,ST-13,CP-186,06/15/2024,active,8696
ORD-9134,CUST-4427,ST-10,,10/24/2024,closed,12949
ORD-9135,CUST-3846,ST-2,,11/07/2026,active,2221
ORD-9136,CUST-3563,ST-25,,07/08/2024,PENDING,"1,139.00"
ORD-9137,CUST-1762,ST-5,CP-163,2024-06-23,pending,17138
ORD-9138,CUST-2078,ST-22,,2026-05-21,CLOSED,13528
ORD-9139,CUST-1612,ST-25,CP-89,2024-05-20,PENDING,"$8,838.00"
ORD-9140,CUST-3551,ST-22,,2025-10-18,pending,12660
ORD-9141,CUST-3947,ST-17,CP-61,06-07-2025,closed,11420
ORD-9142,CUST-200,ST-2,,07/06/2024, Active ,"$9,640.00"
ORD-9143,CUST-3645,ST-3,CP-95,2025-03-25,CLOSED,2210
ORD-9144,CUST-4026,ST-20,,11/18/2024,CLOSED,19871
ORD-9145,CUST-3678,ST-8,CP-40,04/25/2025,ACTIVE,"1,474.00"
ORD-9146,CUST-1156,ST-3,,01/25/2026,CLOSED,9669
ORD-9147,CUST-1196,ST-23,CP-144,2025-07-11,closed,3917
ORD-9148,CUST-3594,ST-15,CP-52,07/21/2024,CLOSED,3532
ORD-9149,CUST-4980,ST-24,CP-83,2026-06-07,ACTIVE,"$17,457.00"
ORD-9150,CUST-4066,ST-10,CP-36,10-06-2025,closed,3103
ORD-9151,CUST-4841,ST-23,,07-03-2024,PENDING,"16,491.00"
ORD-9152,CUST-3511,ST-11,,17-01-2024,ACTIVE,17734
ORD-9153,CUST-3622,ST-4,CP-147,10/20/2026,ACTIVE,18769
ORD-9154,CUST-2974,ST-2,,08/11/2024,PENDING,4628
ORD-9155,CUST-1042,ST-2,CP-184,05-05-2024,active,18322
ORD-9156,CUST-1865,ST-17,,08/17/2025,PENDING,10089
ORD-9157,CUST-3990,ST-4,,2025-03-26,active,"$8,936.00"
ORD-9158,CUST-982,ST-14,,06/03/2026, Active ,2545
ORD-9159,CUST-86,ST-3,,2026-06-20,closed,"$3,100.00"
ORD-9160,CUST-1835,ST-11,CP-168,20-09-2024,ACTIVE,5374
ORD-9161,CUST-3348,ST-17,CP-191,2024-06-11,PENDING,"13,652.00"
ORD-9162,CUST-311,ST-15,,2025-12-06,ACTIVE,"$16,141.00"
ORD-9163,CUST-1360,ST-6,CP-147,2025-02-04,closed,"9,313.00"
ORD-9164,CUST-3018,ST-14,,2025-03-05,pending,9440
ORD-9165,CUST-162,ST-17,,27-02-2024,CLOSED,"$16,377.00"
ORD-9166,CUST-1826,ST-9,CP-39,12/05/2026,CLOSED,"14,625.00"
ORD-9167,CUST-4006,ST-24,CP-195,03/08/2024,pending,11904
ORD-9168,CUST-1690,ST-14,CP-95,2025-12-24,CLOSED,18556
ORD-9169,CUST-1496,ST-15,CP-198,2025-07-06, Active ,10958
ORD-9170,CUST-87,ST-15,CP-119,2026-11-10,pending,"$14,968.00"
ORD-9171,CUST-4061,ST-2,,03/26/2024,ACTIVE,876.00
ORD-9172,CUST-4389,ST-5,CP-102,17-01-2026,closed,"$5,566.00"
ORD-9173,CUST-4308,ST-15,CP-121,2024-09-15,ACTIVE,"$16,758.00"
ORD-9174,CUST-3457,ST-21,,19-06-2025,pending,"13,506.00"
ORD-9175,CUST-418,ST-2,CP-175,09/13/2024,PENDING,4660
ORD-9176,CUST-2015,ST-11,,06/04/2024,PENDING,"6,254.00"
ORD-9177,CUST-3416,ST-24,,2024-03-27,pending,18799
ORD-9178,CUST-4438,ST-4,CP-124,2026-01-24,active,"$5,228.00"
ORD-9179,CUST-2485,ST-5,,10/03/2024, Active ,"$18,025.00"
ORD-9180,CUST-2407,ST-21,CP-90,12-08-2024,pending,"$11,167.00"
ORD-9181,CUST-4317,ST-15,CP-92,23-02-2026,PENDING,"$17,303.00"
ORD-9182,CUST-3258,ST-8,CP-122,02/13/2026,PENDING,"17,210.00"
ORD-9183,CUST-2299,ST-9,CP-37,2024-08-06,closed,11613
ORD-9184,CUST-2312,ST-12,,2026-09-17,active,18211
ORD-9185,CUST-3992,ST-13,,2025-03-01,PENDING,9843
ORD-9186,CUST-4963,ST-13,,01/19/2024,CLOSED,19815
ORD-9187,CUST-3374,ST-4,,01/12/2026, Active ,11158
ORD-9188,CUST-4058,ST-24,CP-172,08/27/2024,CLOSED,"16,498.00"
ORD-9189,CUST-1934,ST-23,CP-21,2026-06-08,closed,8803
ORD-9190,CUST-861,ST-20,,2026-09-10,ACTIVE,"$15,705.00"
ORD-9191,CUST-4406,ST-21,,01-08-2025, Active ,8367
ORD-9192,CUST-1626,ST-12,,2025-08-22,PENDING,"12,659.00"
ORD-9193,CUST-453,ST-19,,02/16/2025,ACTIVE,6381
ORD-9194,CUST-3508,ST-2,,18-06-2026,pending,14794
ORD-9195,CUST-4828,ST-23,,2025-10-14,PENDING,15736
ORD-9196,CUST-3266,ST-17,CP-22,2026-04-19,active,"$18,453.00"
ORD-9197,CUST-4132,ST-23,CP-141,07/15/2024,active,"4,118.00"
ORD-9198,CUST-4663,ST-15,,2026-01-03,ACTIVE,14587
ORD-9199,CUST-468,ST-18,,2024-10-01,ACTIVE,"$18,094.00"
ORD-9200,CUST-2022,ST-6,,2025-05-14,closed,"$7,870.00"
ORD-9201,CUST-550,ST-25,,2026-05-24,closed,68.00
ORD-9202,CUST-2683,ST-7,CP-1,2024-10-06,ACTIVE,"12,504.00"
ORD-9203,CUST-2337,ST-21,,04/06/2024,closed,15646
ORD-9204,CUST-1975,ST-8,,13-09-2026,ACTIVE,2682
ORD-9205,CUST-1063,ST-18,,11/21/2026,closed,18824
ORD-9206,CUST-709,ST-1,,10/18/2024,CLOSED,"13,710.00"
ORD-9207,CUST-4337,ST-19,CP-113,05/22/2025,closed,"$10,681.00"
ORD-9208,CUST-232,ST-21,CP-57,04/25/2025,closed,1530
ORD-9209,CUST-728,ST-2,CP-152,15-11-2025,active,"10,828.00"
ORD-9210,CUST-4462,ST-17,,06/08/2024, Active ,"$17,173.00"
ORD-9211,CUST-3522,ST-8,CP-8,28-06-2026,closed,"$10,855.00"
ORD-9212,CUST-1320,ST-20,,2025-07-23,active,"13,210.00"
ORD-9213,CUST-2786,ST-25,,13-08-2024,active,"$8,937.00"
ORD-9214,CUST-1191,ST-23,,05-03-2026, Active ,306
ORD-9215,CUST-1677,ST-21,,05/24/2026,pending,9987
ORD-9216,CUST-3600,ST-25,,03/01/2024,PENDING,"$12,656.00"
ORD-9217,CUST-522,ST-6,CP-160,08-10-2024, Active ,10195
ORD-9218,CUST-1168,ST-16,,2025-02-10,ACTIVE,"$2,329.00"
ORD-9219,CUST-257,ST-16,,2025-10-11, Active ,"11,495.00"
ORD-9220,CUST-2695,ST-2,CP-72,09/08/2026,closed,740
ORD-9221,CUST-4541,ST-6,CP-169,09/26/2024, Active ,12669
ORD-9222,CUST-3340,ST-15,,2025-01-24,active,"4,066.00"
ORD-9223,CUST-983,ST-20,,11-09-2026,CLOSED,506.00
ORD-9224,CUST-424,ST-2,,01/11/2026, Active ,15786
ORD-9225,CUST-3747,ST-10,,2024-07-04,closed,"19,066.00"
ORD-9226,CUST-1750,ST-10,,2024-12-21,pending,8436
ORD-9227,CUST-1852,ST-25,,05/10/2026,CLOSED,"$17,903.00"
ORD-9228,CUST-2531,ST-5,CP-67,03/03/2025,active,"11,744.00"
ORD-9229,CUST-1090,ST-4,,04/03/2024,closed,13583
ORD-9230,CUST-1318,ST-13,,05/24/2025,active,7196
ORD-9231,CUST-3576,ST-14,,04/12/2025,closed,6878
ORD-9232,CUST-2391,ST-19,,04-11-2025,PENDING,14812
ORD-9233,CUST-2803,ST-16,,2024-08-07,pending,"4,768.00"
ORD-9234,CUST-561,ST-17,CP-17,08/22/2026,active,5879
ORD-9235,CUST-4411,ST-24,,2024-01-17,closed,"11,464.00"
ORD-9236,CUST-849,ST-11,,08/01/2026,active,"$17,611.00"
ORD-9237,CUST-4624,ST-9,,2026-05-19,active,588
ORD-9238,CUST-4532,ST-24,,01/28/2026,PENDING,14585
ORD-9239,CUST-4817,ST-2,,10-03-2026,closed,"$5,311.00"
ORD-9240,CUST-3470,ST-24,,2025-01-15,active,12218
ORD-9241,CUST-4263,ST-11,,2026-07-19,CLOSED,"$6,577.00"
ORD-9242,CUST-1808,ST-23,,18-02-2026,pending,"$1,295.00"
ORD-9243,CUST-3847,ST-19,,2024-08-27,ACTIVE,2491
ORD-9244,CUST-3418,ST-5,,2025-06-03,active,"$9,333.00"
ORD-9245,CUST-1892,ST-13,CP-4,2025-01-02,ACTIVE,3845
ORD-9246,CUST-2906,ST-19,CP-4,2026-09-06,pending,"$9,551.00"
ORD-9247,CUST-3572,ST-10,CP-173,12-06-2025,CLOSED,2361
ORD-9248,CUST-1948,ST-21,CP-94,09/15/2024,closed,"7,117.00"
ORD-9249,CUST-2707,ST-13,,2026-06-22,active,17201
ORD-9250,CUST-3524,ST-3,,13-11-2025,PENDING,16097
ORD-9251,CUST-3489,ST-11,CP-138,09/15/2025,CLOSED,4321
ORD-9252,CUST-4779,ST-8,CP-160,2025-01-13, Active ,"$16,000.00"
ORD-9253,CUST-521,ST-24,,07-10-2025, Active ,1911
ORD-9254,CUST-989,ST-3,,02/25/2025,active,13906
ORD-9255,CUST-570,ST-24,,11/26/2024,pending,"$8,049.00"
ORD-9256,CUST-4988,ST-2,,2026-12-17,active,14323
ORD-9257,CUST-733,ST-9,CP-150,2024-08-25,ACTIVE,4865
ORD-9258,CUST-147,ST-24,CP-26,2026-06-19,PENDING,"2,686.00"
ORD-9259,CUST-3190,ST-15,,2024-04-18, Active ,"$17,805.00"
ORD-9260,CUST-2870,ST-11,,2026-01-14, Active ,9702
ORD-9261,CUST-853,ST-6,,2025-09-27, Active ,"$17,001.00"
ORD-9262,CUST-4913,ST-23,,2024-02-02,closed,15738
ORD-9263,CUST-129,ST-12,,01/21/2026,PENDING,51
ORD-9264,CUST-307,ST-19,,20-06-2024,PENDING,6526
ORD-9265,CUST-3394,ST-12,,2025-02-18,CLOSED,10796
ORD-9266,CUST-723,ST-23,,02/27/2026,ACTIVE,"$5,730.00"
ORD-9267,CUST-1339,ST-7,,2026-03-17,active,11608
ORD-9268,CUST-2165,ST-20,CP-121,17-01-2026,CLOSED,18157
ORD-9269,CUST-4434,ST-5,,2026-12-08,pending,"11,500.00"
ORD-9270,CUST-1833,ST-17,,2026-09-06,CLOSED,1801
ORD-9271,CUST-1497,ST-8,,2025-05-14, Active ,2802
ORD-9272,CUST-2531,ST-14,CP-52,2026-11-13,closed,"14,935.00"
ORD-9273,CUST-3801,ST-20,CP-87,23-06-2026, Active ,"9,225.00"
ORD-9274,CUST-1574,ST-15,,2026-10-04,PENDING,"$15,378.00"
ORD-9275,CUST-3789,ST-13,CP-194,04/26/2024, Active ,12050
ORD-9276,CUST-4932,ST-16,,2026-05-05,ACTIVE,16153
ORD-9277,CUST-3221,ST-5,CP-172,2026-09-09, Active ,"$3,694.00"
ORD-9278,CUST-4522,ST-5,,2024-10-03,CLOSED,11199
ORD-9279,CUST-4771,ST-22,,2026-10-06,CLOSED,"$6,262.00"
ORD-9280,CUST-1912,ST-6,,04/10/2025,ACTIVE,"5,423.00"
ORD-9281,CUST-641,ST-13,,08-11-2026,pending,"$17,874.00"
ORD-9282,CUST-894,ST-18,,2026-01-24,CLOSED,"7,107.00"
ORD-9283,CUST-4503,ST-13,,25-11-2024,ACTIVE,10164
ORD-9284,CUST-1850,ST-16,CP-97,28-11-2026,PENDING,"$18,495.00"
ORD-9285,CUST-1477,ST-14,,2024-03-09,CLOSED,9641
ORD-9286,CUST-4333,ST-18,,11-07-2026, Active ,"16,218.00"
ORD-9287,CUST-525,ST-24,,07/09/2025,active,9968
ORD-9288,CUST-572,ST-18,,16-09-2025,pending,"8,857.00"
ORD-9289,CUST-4632,ST-20,,2026-10-28,CLOSED,547
ORD-9290,CUST-558,ST-22,,02/17/2024,pending,12104
ORD-9291,CUST-899,ST-23,CP-153,2026-11-11,ACTIVE,"12,149.00"
ORD-9292,CUST-1976,ST-24,,2024-07-16,CLOSED,"$13,675.00"
ORD-9293,CUST-1099,ST-10,,2024-08-02,ACTIVE,"$6,419.00"
ORD-9294,CUST-490,ST-20,,21-07-2026, Active ,1637
ORD-9295,CUST-2087,ST-2,,2026-04-16,pending,"$11,933.00"
ORD-9296,CUST-4274,ST-22,,07/20/2024, Active ,"$19,133.00"
ORD-9297,CUST-1862,ST-5,CP-14,06/06/2026,pending,"7,235.00"
ORD-9298,CUST-3372,ST-19,,2025-05-16,pending,"$10,958.00"
ORD-9299,CUST-3520,ST-19,CP-190,20-07-2025,active,"5,527.00"
ORD-9300,CUST-4012,ST-7,,2025-03-20,ACTIVE,"$7,377.00"
ORD-9301,CUST-774,ST-3,CP-44,05/21/2024,PENDING,"$9,421.00"
ORD-9302,CUST-1531,ST-15,,2025-12-01,pending,"15,690.00"
ORD-9303,CUST-4138,ST-19,,16-08-2026,CLOSED,6067
ORD-9304,CUST-4109,ST-4,,01/19/2024,pending,"$19,408.00"
ORD-9305,CUST-2571,ST-23,,2025-12-04,CLOSED,761
ORD-9306,CUST-3380,ST-16,,2026-03-24,PENDING,"3,605.00"
ORD-9307,CUST-2468,ST-12,,2026-12-03,active,16250
ORD-9308,CUST-2855,ST-15,,05/09/2026, Active ,14441
ORD-9309,CUST-3503,ST-18,,2026-09-22,PENDING,"$2,611.00"
ORD-9310,CUST-2862,ST-14,,2026-02-23,ACTIVE,10393
ORD-9311,CUST-4207,ST-24,,11/12/2025,CLOSED,5098
ORD-9312,CUST-1027,ST-1,,2025-11-05,CLOSED,"7,254.00"
ORD-9313,CUST-1944,ST-19,,13-12-2025,pending,"$14,462.00"
ORD-9314,CUST-4853,ST-8,,02/20/2026,closed,13046
ORD-9315,CUST-4472,ST-9,,2026-04-06,PENDING,"1,112.00"
ORD-9316,CUST-1494,ST-19,,2026-02-06, Active ,"$10,115.00"
ORD-9317,CUST-1205,ST-19,CP-104,01/24/2025, Active ,5973
ORD-9318,CUST-226,ST-8,,2025-05-21,ACTIVE,13042
ORD-9319,CUST-1390,ST-19,,2026-10-03,active,12964
ORD-9320,CUST-1905,ST-20,,06-03-2024,active,"$14,331.00"
ORD-9321,CUST-2435,ST-23,CP-178,2024-10-08,closed,"$15,150.00"
ORD-9322,CUST-1515,ST-10,CP-88,2024-11-06,CLOSED,15280
ORD-9323,CUST-2422,ST-13,,11/08/2024,PENDING,16981
ORD-9324,CUST-963,ST-13,,2025-02-19, Active ,"1,298.00"
ORD-9325,CUST-2770,ST-12,CP-134,2025-12-07,closed,"15,244.00"
ORD-9326,CUST-1714,ST-20,,2024-02-06,CLOSED,"$10,847.00"
ORD-9327,CUST-4905,ST-9,,2025-04-10,PENDING,"10,524.00"
ORD-9328,CUST-963,ST-15,,01-02-2025,pending,8267
ORD-9329,CUST-3785,ST-21,CP-55,2025-03-18,PENDING,"$6,709.00"
ORD-9330,CUST-3646,ST-2,CP-66,07/23/2024,closed,10358
ORD-9331,CUST-3187,ST-4,,05/03/2025,active,"15,568.00"
ORD-9332,CUST-617,ST-22,,2024-03-15,PENDING,"$4,510.00"
ORD-9333,CUST-4842,ST-10,,2026-05-06, Active ,"10,148.00"
ORD-9334,CUST-1034,ST-4,,2025-10-15,closed,10799
ORD-9335,CUST-3089,ST-5,CP-47,02/22/2026,CLOSED,8208
ORD-9336,CUST-1997,ST-19,CP-127,04/01/2024,active,"$8,703.00"
ORD-9337,CUST-4657,ST-24,,19-04-2025,closed,"$11,500.00"
ORD-9338,CUST-1261,ST-3,,10/23/2025,pending,"$16,308.00"
ORD-9339,CUST-1186,ST-1,,2026-06-14,PENDING,"15,871.00"
ORD-9340,CUST-286,ST-23,,09/28/2024,CLOSED,1896
ORD-9341,CUST-2838,ST-2,CP-92,21-12-2025,ACTIVE,18921
ORD-9342,CUST-1404,ST-14,CP-136,2024-03-02,ACTIVE,12657
ORD-9343,CUST-2970,ST-7,,2024-04-05,CLOSED,"$16,793.00"
ORD-9344,CUST-1800,ST-23,,2025-01-04, Active ,"10,021.00"
ORD-9345,CUST-4075,ST-14,,2024-11-17,closed,1966
ORD-9346,CUST-2255,ST-23,,2025-12-27,closed,"10,623.00"
ORD-9347,CUST-2136,ST-10,,09-10-2025,CLOSED,15519
ORD-9348,CUST-785,ST-15,,05/06/2024,CLOSED,"4,281.00"
ORD-9349,CUST-1926,ST-17,,12/07/2026,closed,"14,552.00"
ORD-9350,CUST-4639,ST-10,,06-04-2026,PENDING,9237
ORD-9351,CUST-2919,ST-14,CP-185,2025-09-02,PENDING,"3,250.00"
ORD-9352,CUST-1785,ST-19,CP-105,08/20/2026,closed,200
ORD-9353,CUST-4159,ST-11,CP-198,2026-05-14,ACTIVE,2750
ORD-9354,CUST-4071,ST-18,,24-11-2024, Active ,10772
ORD-9355,CUST-531,ST-23,,10/04/2025,closed,17162
ORD-9356,CUST-4014,ST-2,,2026-09-21, Active ,13921
ORD-9357,CUST-3796,ST-23,CP-124,03/12/2026,ACTIVE,"$9,502.00"
ORD-9358,CUST-2540,ST-25,,21-07-2025,closed,878
ORD-9359,CUST-4877,ST-2,CP-1,2025-05-03,closed,"9,512.00"
ORD-9360,CUST-4642,ST-8,CP-111,04/07/2024, Active ,"$8,998.00"
ORD-9361,CUST-4723,ST-16,CP-120,2024-03-12,closed,4812
ORD-9362,CUST-4512,ST-21,,08/27/2025,ACTIVE,"$17,084.00"
ORD-9363,CUST-2231,ST-17,,02-07-2026,CLOSED,1115
ORD-9364,CUST-1316,ST-9,CP-133,24-04-2024,CLOSED,"$2,488.00"
ORD-9365,CUST-1015,ST-18,CP-19,01/13/2026,pending,13705
ORD-9366,CUST-4613,ST-2,,2025-04-17,ACTIVE,"$2,031.00"
ORD-9367,CUST-4785,ST-9,,2024-05-11,ACTIVE,"$1,530.00"
ORD-9368,CUST-4278,ST-3,,2026-05-24,closed,15702
ORD-9369,CUST-1540,ST-3,CP-192,2024-05-01,active,"$17,483.00"
ORD-9370,CUST-1595,ST-4,,27-03-2024, Active ,"16,266.00"
ORD-9371,CUST-4004,ST-5,,07/21/2025,active,18214
ORD-9372,CUST-4810,ST-2,,10/02/2026,pending,10902
ORD-9373,CUST-928,ST-20,,2026-06-08,closed,18699
ORD-9374,CUST-3249,ST-15,CP-162,2026-12-11,active,4938
ORD-9375,CUST-2774,ST-20,CP-167,02/22/2026,CLOSED,"$6,595.00"
ORD-9376,CUST-2,ST-3,,2026-04-13,active,9446
ORD-9377,CUST-836,ST-22,,2024-11-19, Active ,"$13,838.00"
ORD-9378,CUST-4499,ST-20,CP-167,2024-02-02,PENDING,7720
ORD-9379,CUST-3951,ST-11,CP-135,08/23/2025,pending,3586
ORD-9380,CUST-3616,ST-14,,11/14/2026,CLOSED,"$13,989.00"
ORD-9381,CUST-3308,ST-14,,2024-10-15,active,"$15,064.00"
ORD-9382,CUST-4676,ST-13,,2026-05-21,active,1270
ORD-9383,CUST-1074,ST-21,,2024-05-14,closed,10560
ORD-9384,CUST-2577,ST-8,,2024-08-15,closed,19794
ORD-9385,CUST-4649,ST-19,,26-06-2025,closed,15636
ORD-9386,CUST-508,ST-22,CP-76,2025-08-11,pending,"$12,215.00"
ORD-9387,CUST-2080,ST-10,CP-177,09-03-2026,PENDING,"$5,446.00"
ORD-9388,CUST-1519,ST-24,,27-07-2026,ACTIVE,5744
ORD-9389,CUST-455,ST-2,,2024-06-16,active,3206
ORD-9390,CUST-1293,ST-15,,01/09/2025,ACTIVE,3454
ORD-9391,CUST-3514,ST-4,,03/20/2026,CLOSED,"$6,327.00"
ORD-9392,CUST-753,ST-25,,2026-10-15, Active ,"$11,874.00"
ORD-9393,CUST-3659,ST-1,,01/08/2026,CLOSED,"4,575.00"
ORD-9394,CUST-4722,ST-19,CP-73,03/13/2026,CLOSED,"18,373.00"
ORD-9395,CUST-3511,ST-14,,2026-10-18,pending,1363
ORD-9396,CUST-4084,ST-23,,22-10-2025,CLOSED,$582.00
ORD-9397,CUST-4235,ST-13,CP-178,12/07/2024,active,"$11,266.00"
ORD-9398,CUST-1449,ST-8,,11-06-2024,pending,"$15,358.00"
ORD-9399,CUST-2455,ST-1,,2024-09-08,PENDING,17933
ORD-9400,CUST-2804,ST-22,,01/02/2025, Active ,3074
ORD-9401,CUST-4954,ST-18,CP-129,2024-03-11,pending,"$3,586.00"
ORD-9402,CUST-235,ST-11,CP-44,2026-10-02,PENDING,2751
ORD-9403,CUST-4309,ST-15,,12/07/2026,CLOSED,14989
ORD-9404,CUST-1543,ST-24,,2025-06-23,CLOSED,"6,731.00"
ORD-9405,CUST-4707,ST-17,,2025-09-21,PENDING,"12,642.00"
ORD-9406,CUST-1952,ST-18,CP-20,2025-08-04,closed,"$8,728.00"
ORD-9407,CUST-307,ST-25,CP-46,08/12/2025,active,3993
ORD-9408,CUST-4090,ST-16,,05/21/2026,pending,"16,607.00"
ORD-9409,CUST-985,ST-13,,2024-10-27,closed,628
ORD-9410,CUST-3556,ST-24,CP-63,2024-06-12,closed,19023
ORD-9411,CUST-173,ST-21,,27-11-2024,PENDING,1582
ORD-9412,CUST-2374,ST-21,,2026-07-10,closed,"$11,102.00"
ORD-9413,CUST-20,ST-12,,11/10/2025,PENDING,14169
ORD-9414,CUST-1153,ST-9,,10/03/2025,PENDING,"8,604.00"
ORD-9415,CUST-2389,ST-22,,2024-04-27,CLOSED,"10,386.00"
ORD-9416,CUST-3189,ST-1,,2025-03-16,active,"$19,698.00"
ORD-9417,CUST-3204,ST-4,,12-01-2026,active,9411
ORD-9418,CUST-1539,ST-16,,04/26/2026,pending,"9,444.00"
ORD-9419,CUST-4330,ST-18,CP-162,2024-02-26,CLOSED,"$11,402.00"
ORD-9420,CUST-4315,ST-13,CP-116,2026-07-12,pending,"$5,897.00"
ORD-9421,CUST-2879,ST-19,CP-37,2024-02-02,pending,12031
ORD-9422,CUST-4735,ST-2,,12/20/2024, Active ,7589
ORD-9423,CUST-1765,ST-22,,09/18/2024,ACTIVE,"16,893.00"
ORD-9424,CUST-2091,ST-7,CP-181,01/11/2024,CLOSED,970
ORD-9425,CUST-4413,ST-22,,02-11-2024,ACTIVE,14585
ORD-9426,CUST-4593,ST-7,,05/11/2025,ACTIVE,"13,391.00"
ORD-9427,CUST-3994,ST-7,,2026-12-28,closed,"13,375.00"
ORD-9428,CUST-2043,ST-9,CP-45,2025-08-09, Active ,"7,520.00"
ORD-9429,CUST-766,ST-25,,2024-09-08,pending,"$15,716.00"
ORD-9430,CUST-1887,ST-11,,21-06-2026,ACTIVE,10623
ORD-9431,CUST-702,ST-18,,2025-08-11,ACTIVE,5846
ORD-9432,CUST-4170,ST-4,,2026-06-28,ACTIVE,18504
ORD-9433,CUST-1157,ST-1,,12/18/2026,closed,18489
ORD-9434,CUST-4642,ST-15,,2024-12-03,PENDING,19978
ORD-9435,CUST-872,ST-5,,27-11-2024,active,"1,276.00"
ORD-9436,CUST-2359,ST-2,,18-08-2025,active,18938
ORD-9437,CUST-225,ST-13,,05-06-2025, Active ,11792
ORD-9438,CUST-4662,ST-22,,2026-12-04,closed,11742
ORD-9439,CUST-1931,ST-4,CP-142,11/20/2025,CLOSED,6518
ORD-9440,CUST-4210,ST-11,,2025-05-26,pending,"7,360.00"
ORD-9441,CUST-2947,ST-9,,2025-02-01,CLOSED,"$18,552.00"
ORD-9442,CUST-286,ST-6,,21-08-2025,active,8604
ORD-9443,CUST-3717,ST-23,,2024-03-25,ACTIVE,"$5,520.00"
ORD-9444,CUST-763,ST-7,,2025-12-08,pending,3915
ORD-9445,CUST-2013,ST-5,,01/16/2025,active,15161
ORD-9446,CUST-2311,ST-11,CP-197,2025-02-05,active,127
ORD-9447,CUST-2328,ST-2,CP-14,2025-01-03,closed,881.00
ORD-9448,CUST-3352,ST-2,,12-08-2024,active,11089
ORD-9449,CUST-4691,ST-20,,2026-05-11, Active ,$287.00
ORD-9450,CUST-4790,ST-19,,04/14/2026,pending,612
ORD-9451,CUST-2398,ST-5,,2026-11-04, Active ,5162
ORD-9452,CUST-3145,ST-25,,2024-01-05,pending,"12,732.00"
ORD-9453,CUST-3226,ST-5,,2025-08-27,ACTIVE,"$3,812.00"
ORD-9454,CUST-1759,ST-17,,2026-03-28, Active ,"$17,876.00"
ORD-9455,CUST-4613,ST-17,CP-182,08/06/2025,closed,"$19,528.00"
ORD-9456,CUST-2277,ST-8,CP-40,28-08-2024,ACTIVE,"$7,682.00"
ORD-9457,CUST-430,ST-19,,25-10-2025,active,12055
ORD-9458,CUST-4968,ST-24,CP-12,04/25/2026,CLOSED,"$18,549.00"
ORD-9459,CUST-2113,ST-14,,08/24/2025,ACTIVE,7135
ORD-9460,CUST-1865,ST-20,,2025-04-04, Active ,4916
ORD-9461,CUST-3645,ST-15,,10/13/2024, Active ,"19,744.00"
ORD-9462,CUST-3380,ST-14,,2024-05-23, Active ,11557
ORD-9463,CUST-1721,ST-22,CP-81,23-11-2026,active,8937
ORD-9464,CUST-1009,ST-14,CP-136,2026-11-20,ACTIVE,16182
ORD-9465,CUST-3358,ST-6,CP-147,17-02-2026,PENDING,"$8,724.00"
ORD-9466,CUST-3684,ST-8,,16-09-2026, Active ,"$10,461.00"
ORD-9467,CUST-747,ST-7,,2026-04-19,CLOSED,"17,797.00"
ORD-9468,CUST-2335,ST-2,CP-48,02/05/2025,active,6928
ORD-9469,CUST-3117,ST-1,,2025-03-13,closed,"$13,728.00"
ORD-9470,CUST-4208,ST-23,CP-85,2025-04-26,closed,$896.00
ORD-9471,CUST-2540,ST-9,CP-17,02/16/2025,CLOSED,"$8,733.00"
ORD-9472,CUST-3330,ST-13,,2024-06-12,ACTIVE,10138
ORD-9473,CUST-629,ST-24,,03/14/2025,active,402
ORD-9474,CUST-2102,ST-18,,2024-11-03,closed,19143
ORD-9475,CUST-2646,ST-18,,2024-09-17,closed,10974
ORD-9476,CUST-3110,ST-15,,08/28/2026,closed,"15,890.00"
ORD-9477,CUST-4018,ST-6,CP-28,2024-09-18,PENDING,"13,503.00"
ORD-9478,CUST-3971,ST-2,,2026-01-03,pending,"10,249.00"
ORD-9479,CUST-4564,ST-15,CP-151,01/22/2025,ACTIVE,"$7,836.00"
ORD-9480,CUST-580,ST-13,,2024-08-13,pending,$424.00
ORD-9481,CUST-787,ST-23,CP-49,03/03/2024,CLOSED,"$13,903.00"
ORD-9482,CUST-1767,ST-2,CP-39,2024-02-01,pending,12028
ORD-9483,CUST-2288,ST-10,,2025-06-02,active,"5,317.00"
ORD-9484,CUST-2831,ST-21,CP-42,11/26/2026, Active ,"$5,005.00"
ORD-9485,CUST-1528,ST-25,CP-90,2024-12-03,active,3057
ORD-9486,CUST-3549,ST-5,,19-12-2025,PENDING,"$18,492.00"
ORD-9487,CUST-1016,ST-10,,23-04-2026,ACTIVE,"7,818.00"
ORD-9488,CUST-346,ST-18,,2025-03-17,ACTIVE,14996
ORD-9489,CUST-188,ST-1,,2026-04-20, Active ,"$1,470.00"
ORD-9490,CUST-1584,ST-1,CP-105,07/19/2026,closed,17718
ORD-9491,CUST-3492,ST-3,CP-17,21-08-2024,active,"4,960.00"
ORD-9492,CUST-3278,ST-12,CP-104,21-07-2024,PENDING,$852.00
ORD-9493,CUST-2008,ST-20,,2025-01-04,pending,13381
ORD-9494,CUST-573,ST-2,CP-35,03/21/2024,closed,"$7,863.00"
ORD-9495,CUST-4445,ST-18,,20-05-2026,ACTIVE,17185
ORD-9496,CUST-3152,ST-21,,22-11-2026,ACTIVE,"16,773.00"
ORD-9497,CUST-4442,ST-16,,07-08-2026,PENDING,"9,454.00"
ORD-9498,CUST-2066,ST-17,,12/07/2025,CLOSED,"6,512.00"
ORD-9499,CUST-4277,ST-9,,2025-06-22, Active ,"2,442.00"
ORD-9500,CUST-1161,ST-24,CP-68,2026-07-17,active,8864
ORD-9501,CUST-165,ST-22,,2024-11-04,PENDING,"6,570.00"
ORD-9502,CUST-1328,ST-24,,2024-10-02, Active ,"$17,591.00"
ORD-9503,CUST-3552,ST-2,,10/24/2026, Active ,18502
ORD-9504,CUST-2619,ST-18,CP-78,2024-06-21,CLOSED,"5,119.00"
ORD-9505,CUST-2578,ST-21,CP-42,2024-09-13,pending,"10,928.00"
ORD-9506,CUST-2525,ST-1,,28-12-2025,closed,"$18,476.00"
ORD-9507,CUST-932,ST-16,,2026-09-14, Active ,16212
ORD-9508,CUST-3861,ST-3,CP-54,2026-03-17,PENDING,"$3,114.00"
ORD-9509,CUST-3315,ST-13,,2025-07-21,ACTIVE,3558
ORD-9510,CUST-3147,ST-21,,09/06/2024,active,17055
ORD-9511,CUST-4814,ST-24,,2026-05-23,CLOSED,935
ORD-9512,CUST-1081,ST-19,,2024-07-15,closed,"$10,706.00"
ORD-9513,CUST-1809,ST-22,CP-28,24-12-2025,pending,17985
ORD-9514,CUST-3284,ST-10,,2026-07-03,closed,3047
ORD-9515,CUST-2197,ST-9,CP-105,01/10/2026,CLOSED,4551
ORD-9516,CUST-1718,ST-3,,04/04/2025,pending,"$15,763.00"
ORD-9517,CUST-417,ST-5,CP-8,2026-11-04, Active ,17947
ORD-9518,CUST-3881,ST-25,CP-47,2024-03-12,closed,"9,947.00"
ORD-9519,CUST-1298,ST-20,,23-04-2026,ACTIVE,"$7,395.00"
ORD-9520,CUST-2846,ST-13,,2025-01-10,active,"$10,804.00"
ORD-9521,CUST-2983,ST-14,,2025-10-23,pending,18668
ORD-9522,CUST-476,ST-3,,06-11-2025,active,370
ORD-9523,CUST-2768,ST-23,CP-178,02/19/2026,pending,953
ORD-9524,CUST-3518,ST-15,CP-30,12/27/2024,pending,"$7,666.00"
ORD-9525,CUST-1779,ST-5,,2024-04-26,closed,"$15,788.00"
ORD-9526,CUST-1288,ST-12,CP-172,03/25/2025,active,10103
ORD-9527,CUST-3230,ST-4,,2025-08-26,PENDING,19698
ORD-9528,CUST-4936,ST-8,,2024-12-03, Active ,"$12,955.00"
ORD-9529,CUST-2487,ST-7,,01/27/2026,closed,3503
ORD-9530,CUST-1034,ST-21,,2026-08-18,pending,3351
ORD-9531,CUST-2057,ST-2,,11-08-2026,PENDING,"$14,747.00"
ORD-9532,CUST-2731,ST-9,CP-189,15-07-2026,PENDING,4870
ORD-9533,CUST-2008,ST-20,CP-18,02-04-2026, Active ,"$16,204.00"
ORD-9534,CUST-4807,ST-3,,2026-06-07,CLOSED,"$1,531.00"
ORD-9535,CUST-4084,ST-5,CP-54,08/13/2024, Active ,2515
ORD-9536,CUST-3004,ST-13,,11-03-2024,closed,11259
ORD-9537,CUST-4683,ST-8,CP-60,28-03-2026,closed,10536
ORD-9538,CUST-3655,ST-16,,2025-02-02,active,14688
ORD-9539,CUST-755,ST-20,,2025-05-02,PENDING,"$18,838.00"
ORD-9540,CUST-358,ST-8,,02/27/2024,ACTIVE,10009
ORD-9541,CUST-1306,ST-14,,09/05/2024,PENDING,"$2,234.00"
ORD-9542,CUST-4816,ST-22,,2025-11-01,PENDING,"11,188.00"
ORD-9543,CUST-21,ST-4,,2026-11-03,closed,19589
ORD-9544,CUST-4518,ST-11,CP-133,04-07-2026,active,"14,162.00"
ORD-9545,CUST-4881,ST-19,CP-88,2026-11-03,closed,14601
ORD-9546,CUST-2336,ST-18,CP-184,2025-04-08, Active ,"$18,792.00"
ORD-9547,CUST-1360,ST-8,,2024-05-19,active,15463
ORD-9548,CUST-4409,ST-4,,2025-09-04,pending,"2,584.00"
ORD-9549,CUST-3907,ST-23,,09/16/2025,active,16033
ORD-9550,CUST-1448,ST-14,,2024-10-22,ACTIVE,"16,350.00"
ORD-9551,CUST-3010,ST-9,,04/26/2025,active,"$4,479.00"
ORD-9552,CUST-4177,ST-2,CP-185,2026-03-12,pending,12622
ORD-9553,CUST-3057,ST-4,CP-199,04/27/2026,PENDING,"13,709.00"
ORD-9554,CUST-1084,ST-22,,2025-09-23,pending,$287.00
ORD-9555,CUST-4455,ST-5,,2024-03-14,PENDING,12489
ORD-9556,CUST-3711,ST-17,CP-193,2024-09-20,closed,5550
ORD-9557,CUST-196,ST-15,CP-40,24-08-2025,pending,14793
ORD-9558,CUST-4365,ST-11,CP-112,07/03/2024,active,"$5,732.00"
ORD-9559,CUST-363,ST-17,,04/08/2026,ACTIVE,13822
ORD-9560,CUST-4732,ST-1,,2026-05-01, Active ,"$3,522.00"
ORD-9561,CUST-206,ST-23,,12/08/2025,ACTIVE,"12,473.00"
ORD-9562,CUST-2714,ST-21,,14-04-2024, Active ,"16,352.00"
ORD-9563,CUST-1429,ST-3,CP-145,10-03-2024,closed,11295
ORD-9564,CUST-544,ST-16,CP-83,2026-09-18,closed,"$13,843.00"
ORD-9565,CUST-2167,ST-1,,25-01-2026,active,19947
ORD-9566,CUST-2523,ST-19,,2024-12-26,active,"$13,039.00"
ORD-9567,CUST-1884,ST-5,,03/16/2024,CLOSED,"$5,737.00"
ORD-9568,CUST-4418,ST-20,,2026-07-04,ACTIVE,"$4,918.00"
ORD-9569,CUST-2936,ST-14,CP-96,2024-11-14,pending,16194
ORD-9570,CUST-2224,ST-22,,2026-12-24, Active ,704
ORD-9571,CUST-1971,ST-17,CP-161,2024-05-23,CLOSED,5248
ORD-9572,CUST-1530,ST-6,,2025-06-02,ACTIVE,8436
ORD-9573,CUST-4710,ST-8,,09/21/2026,PENDING,"$8,494.00"
ORD-9574,CUST-3960,ST-1,,2024-03-17,active,337
ORD-9575,CUST-1583,ST-24,CP-41,11-09-2024, Active ,"$1,543.00"
ORD-9576,CUST-3132,ST-8,,27-06-2024,active,3977
ORD-9577,CUST-2184,ST-14,,01/03/2025,active,6637
ORD-9578,CUST-2780,ST-19,,02/09/2026,CLOSED,4802
ORD-9579,CUST-1186,ST-21,,01/01/2026,PENDING,17369
ORD-9580,CUST-2869,ST-6,,2026-05-07,ACTIVE,"$12,504.00"
ORD-9581,CUST-3240,ST-14,CP-32,2024-06-15,closed,1066
ORD-9582,CUST-4415,ST-3,CP-114,10/02/2026,closed,"$4,157.00"
ORD-9583,CUST-82,ST-10,CP-103,10/18/2026,PENDING,19016
ORD-9584,CUST-4220,ST-10,,2024-03-01,ACTIVE,4664
ORD-9585,CUST-3730,ST-14,CP-29,2026-05-05,closed,14662
ORD-9586,CUST-1777,ST-17,,01/05/2025, Active ,"11,200.00"
ORD-9587,CUST-4050,ST-7,,2025-12-28,ACTIVE,15009
ORD-9588,CUST-4845,ST-6,,2026-02-21,active,"$6,020.00"
ORD-9589,CUST-2778,ST-16,,24-06-2024,CLOSED,8658
ORD-9590,CUST-1521,ST-23,,22-10-2024,ACTIVE,"$19,620.00"
ORD-9591,CUST-4371,ST-12,,11/09/2024,pending,"$18,862.00"
ORD-9592,CUST-559,ST-5,,2026-07-21,pending,"$3,028.00"
ORD-9593,CUST-172,ST-14,,2024-01-05,ACTIVE,"5,656.00"
ORD-9594,CUST-1250,ST-8,,2025-10-08,closed,"$3,439.00"
ORD-9595,CUST-3208,ST-3,,2024-12-24,CLOSED,3383
ORD-9596,CUST-1225,ST-14,CP-121,2024-03-06,PENDING,7476
ORD-9597,CUST-1918,ST-17,CP-120,2025-10-16,PENDING,"$16,458.00"
ORD-9598,CUST-26,ST-20,CP-38,2026-11-03,ACTIVE,"$7,758.00"
ORD-9599,CUST-1239,ST-2,,19-09-2024,CLOSED,7829
ORD-9600,CUST-2382,ST-3,CP-44,2026-07-17,active,"10,835.00"
ORD-9601,CUST-4474,ST-4,,11-06-2026,CLOSED,"$12,236.00"
ORD-9602,CUST-882,ST-5,CP-24,08/11/2026,PENDING,"$9,216.00"
ORD-9603,CUST-3864,ST-9,,2025-05-26,CLOSED,"$1,967.00"
ORD-9604,CUST-2208,ST-6,,2026-04-18, Active ,5085
ORD-9605,CUST-305,ST-15,CP-32,2024-05-25,pending,"$4,206.00"
ORD-9606,CUST-4374,ST-11,CP-29,07/17/2025,ACTIVE,13678
ORD-9607,CUST-4448,ST-12,CP-143,05/13/2025,PENDING,"$16,898.00"
ORD-9608,CUST-322,ST-8,CP-3,01/01/2024,PENDING,15613
ORD-9609,CUST-2022,ST-21,,09/10/2026,closed,"$9,356.00"
ORD-9610,CUST-1065,ST-23,,02/02/2025,PENDING,8599
ORD-9611,CUST-107,ST-13,CP-81,04-07-2025, Active ,"11,620.00"
ORD-9612,CUST-4541,ST-19,,01/11/2025, Active ,"1,696.00"
ORD-9613,CUST-1530,ST-20,,03/16/2026,pending,"$1,212.00"
ORD-9614,CUST-2283,ST-11,,02/10/2025,active,11214
ORD-9615,CUST-2281,ST-19,,2026-06-28,pending,"$2,297.00"
ORD-9616,CUST-40,ST-4,,2026-09-18,pending,15878
ORD-9617,CUST-1472,ST-13,,2024-10-20,PENDING,4169
ORD-9618,CUST-2030,ST-4,,2025-05-15,pending,"$10,009.00"
ORD-9619,CUST-1662,ST-6,,2026-12-18,CLOSED,11113
ORD-9620,CUST-2513,ST-8,,04/25/2025, Active ,16362
ORD-9621,CUST-1449,ST-3,,2024-08-10,closed,8399
ORD-9622,CUST-4539,ST-22,,2024-07-16,CLOSED,"$10,175.00"
ORD-9623,CUST-74,ST-5,CP-109,20-04-2024,pending,13422
ORD-9624,CUST-266,ST-1,CP-128,09/08/2024,closed,14137
ORD-9625,CUST-4368,ST-22,,2025-03-11,closed,18127
ORD-9626,CUST-4911,ST-6,,2024-10-19,active,"$1,568.00"
ORD-9627,CUST-3475,ST-23,,01/01/2024,closed,12948
ORD-9628,CUST-2439,ST-10,CP-74,27-01-2024,ACTIVE,"9,371.00"
ORD-9629,CUST-543,ST-22,CP-73,2024-12-14,ACTIVE,17625
ORD-9630,CUST-3913,ST-15,,01/25/2024, Active ,"$17,685.00"
ORD-9631,CUST-3563,ST-14,,02-07-2024,ACTIVE,"$8,382.00"
ORD-9632,CUST-2505,ST-6,,03/04/2026,pending,17812
ORD-9633,CUST-2591,ST-9,,25-05-2025,PENDING,18815
ORD-9634,CUST-4768,ST-19,CP-122,2026-02-10,closed,4993
ORD-9635,CUST-1063,ST-16,CP-174,2024-05-15,pending,"$13,412.00"
ORD-9636,CUST-1500,ST-13,,12/07/2025,CLOSED,10945
ORD-9637,CUST-1633,ST-10,,25-05-2025,CLOSED,4651
ORD-9638,CUST-2875,ST-11,,21-02-2025,CLOSED,10988
ORD-9639,CUST-3229,ST-14,,03/24/2026,ACTIVE,"$5,594.00"
ORD-9640,CUST-402,ST-9,,12/15/2025, Active ,"$12,122.00"
ORD-9641,CUST-3490,ST-16,CP-50,2025-10-23,CLOSED,"$3,331.00"
ORD-9642,CUST-422,ST-15,,03-07-2025,active,"$3,377.00"
ORD-9643,CUST-4024,ST-11,,2025-08-19,active,"18,441.00"
ORD-9644,CUST-2805,ST-16,CP-159,2024-08-16,CLOSED,"10,779.00"
ORD-9645,CUST-1523,ST-7,,16-03-2025,active,"$4,569.00"
ORD-9646,CUST-941,ST-20,,26-10-2025,CLOSED,15449
ORD-9647,CUST-4798,ST-11,,2026-03-16,active,"$15,638.00"
ORD-9648,CUST-3673,ST-9,CP-30,02/10/2026,ACTIVE,6831
ORD-9649,CUST-1326,ST-11,,14-07-2024, Active ,7542
ORD-9650,CUST-4630,ST-22,CP-100,2026-01-17,CLOSED,19101
ORD-9651,CUST-3946,ST-15,,09/15/2024,CLOSED,1164
ORD-9652,CUST-1371,ST-7,,2024-01-18,PENDING,"18,597.00"
ORD-9653,CUST-2486,ST-20,CP-164,12/02/2025, Active ,"$19,998.00"
ORD-9654,CUST-4933,ST-15,,2024-07-13, Active ,15611
ORD-9655,CUST-2517,ST-25,CP-43,03/09/2026,PENDING,"$10,158.00"
ORD-9656,CUST-4706,ST-14,,2026-02-27,PENDING,"11,128.00"
ORD-9657,CUST-2364,ST-5,CP-166,24-02-2024,CLOSED,"13,847.00"
ORD-9658,CUST-377,ST-16,CP-94,2024-03-17,ACTIVE,6468
ORD-9659,CUST-13,ST-20,,01-11-2025,closed,19329
ORD-9660,CUST-3829,ST-1,CP-70,2025-06-23,CLOSED,"$19,763.00"
ORD-9661,CUST-3118,ST-12,,2024-07-17,CLOSED,14434
ORD-9662,CUST-3681,ST-19,,2026-12-27,PENDING,16704
ORD-9663,CUST-2842,ST-21,,26-09-2024, Active ,18074
ORD-9664,CUST-159,ST-15,,2025-05-17,CLOSED,13336
ORD-9665,CUST-4122,ST-18,CP-101,2024-01-20, Active ,"$1,236.00"
ORD-9666,CUST-2270,ST-1,,2026-03-21,pending,9299
ORD-9667,CUST-1851,ST-6,,28-04-2026,PENDING,"$5,301.00"
ORD-9668,CUST-1554,ST-7,,11/10/2024,pending,1612
ORD-9669,CUST-2572,ST-16,,2025-02-03,PENDING,"$17,030.00"
ORD-9670,CUST-2885,ST-21,,09-09-2024,active,"$16,626.00"
ORD-9671,CUST-4101,ST-17,,2026-01-24,CLOSED,"$13,515.00"
ORD-9672,CUST-4710,ST-24,,08/03/2025, Active ,14096
ORD-9673,CUST-3438,ST-25,CP-197,2026-04-23,pending,9127
ORD-9674,CUST-2975,ST-5,CP-166,05/16/2024,active,15144
ORD-9675,CUST-3276,ST-23,CP-81,04/03/2024,closed,"19,182.00"
ORD-9676,CUST-4036,ST-14,,2026-03-12,closed,6902
ORD-9677,CUST-3291,ST-20,CP-32,09/07/2025,active,"9,214.00"
ORD-9678,CUST-1621,ST-17,CP-113,08/11/2025, Active ,"5,366.00"
ORD-9679,CUST-3543,ST-21,,2024-01-20,closed,2137
ORD-9680,CUST-4049,ST-4,,05/28/2026,closed,2037
ORD-9681,CUST-3529,ST-5,,2025-08-08,closed,"$12,545.00"
ORD-9682,CUST-4401,ST-20,,2025-01-06, Active ,18053
ORD-9683,CUST-2387,ST-24,,2026-05-14,CLOSED,"9,262.00"
ORD-9684,CUST-2822,ST-13,,02/01/2026,CLOSED,10237
ORD-9685,CUST-414,ST-15,CP-18,2024-12-22,closed,951.00
ORD-9686,CUST-1919,ST-9,,13-11-2025,PENDING,"$3,140.00"
ORD-9687,CUST-1818,ST-16,CP-192,2025-06-23,PENDING,3030
ORD-9688,CUST-4131,ST-25,,25-08-2025,PENDING,16592
ORD-9689,CUST-3910,ST-17,CP-140,2024-02-03,ACTIVE,3978
ORD-9690,CUST-2533,ST-9,,01-08-2025,PENDING,"5,862.00"
ORD-9691,CUST-3725,ST-19,,2026-03-13,ACTIVE,12680
ORD-9692,CUST-1018,ST-13,,2026-03-20,closed,13405
ORD-9693,CUST-3439,ST-9,,2024-12-05, Active ,"17,076.00"
ORD-9694,CUST-2196,ST-23,,10/04/2026,closed,11226
ORD-9695,CUST-4622,ST-18,,2025-08-20, Active ,"18,661.00"
ORD-9696,CUST-917,ST-5,CP-121,2026-08-08, Active ,$213.00
ORD-9697,CUST-109,ST-5,,03/03/2026,CLOSED,"$14,322.00"
ORD-9698,CUST-3512,ST-15,,2026-08-22,pending,"18,276.00"
ORD-9699,CUST-3873,ST-8,,2026-09-19,pending,"$17,121.00"
ORD-9700,CUST-4156,ST-6,,2024-08-14,CLOSED,"$9,828.00"
ORD-9701,CUST-1326,ST-25,,2025-07-01,pending,10584
ORD-9702,CUST-3686,ST-24,CP-178,10/21/2024, Active ,12853
ORD-9703,CUST-4520,ST-24,,2024-09-25,ACTIVE,259
ORD-9704,CUST-965,ST-12,CP-17,06/04/2025,ACTIVE,4515
ORD-9705,CUST-2941,ST-22,CP-152,21-08-2024,pending,"$10,703.00"
ORD-9706,CUST-4891,ST-2,,2024-09-09,PENDING,15300
ORD-9707,CUST-3827,ST-18,,06/04/2024,active,"$1,605.00"
ORD-9708,CUST-2917,ST-16,,21-05-2024,ACTIVE,13277
ORD-9709,CUST-907,ST-17,,2026-03-18, Active ,"$8,801.00"
ORD-9710,CUST-769,ST-18,,19-01-2024,PENDING,9460
ORD-9711,CUST-1323,ST-24,,15-04-2025,pending,17406
ORD-9712,CUST-361,ST-24,CP-71,2024-07-14,PENDING,"1,219.00"
ORD-9713,CUST-77,ST-2,,12/06/2025,pending,"$19,122.00"
ORD-9714,CUST-3459,ST-2,,06/15/2025,closed,"$2,696.00"
ORD-9715,CUST-1569,ST-9,CP-118,12-05-2026,active,1791
ORD-9716,CUST-412,ST-2,CP-90,2025-07-10,pending,2575
ORD-9717,CUST-2029,ST-24,,11/14/2025, Active ,3119
ORD-9718,CUST-1896,ST-13,,10/05/2025,closed,4506
ORD-9719,CUST-2644,ST-2,CP-60,01/11/2026, Active ,"$9,480.00"
ORD-9720,CUST-1417,ST-18,CP-193,2025-12-10,PENDING,"$1,516.00"
ORD-9721,CUST-1337,ST-22,,02/11/2025,active,"$14,943.00"
ORD-9722,CUST-1553,ST-21,CP-192,2025-01-07,PENDING,6706
ORD-9723,CUST-321,ST-10,,01/11/2026,pending,"13,221.00"
ORD-9724,CUST-3082,ST-6,,10/26/2026,pending,"$3,350.00"
ORD-9725,CUST-4611,ST-24,,2024-11-19,PENDING,"12,323.00"
ORD-9726,CUST-3705,ST-20,,2024-03-02,active,"10,683.00"
ORD-9727,CUST-3109,ST-5,CP-28,01/16/2024,active,"13,795.00"
ORD-9728,CUST-4360,ST-4,,2025-05-20,CLOSED,"17,013.00"
ORD-9729,CUST-883,ST-10,,2026-10-24,CLOSED,3393
ORD-9730,CUST-3327,ST-19,,08/03/2026, Active ,6764
ORD-9731,CUST-4462,ST-6,CP-48,2024-07-27,PENDING,6613
ORD-9732,CUST-535,ST-19,,2024-10-05,pending,5900
ORD-9733,CUST-2765,ST-15,,2025-10-27,closed,"$4,280.00"
ORD-9734,CUST-3518,ST-14,,07/17/2025,active,160
ORD-9735,CUST-4950,ST-8,,08/04/2024,active,18650
ORD-9736,CUST-3518,ST-14,,2026-09-04,ACTIVE,"6,472.00"
ORD-9737,CUST-2155,ST-1,,03/26/2025,pending,"$11,835.00"
ORD-9738,CUST-3163,ST-8,,04/10/2024,CLOSED,"$2,859.00"
ORD-9739,CUST-3705,ST-14,,2025-07-01,ACTIVE,"8,128.00"
ORD-9740,CUST-43,ST-1,,2026-11-21,pending,19919
ORD-9741,CUST-2831,ST-5,,2025-03-09,ACTIVE,"17,008.00"
ORD-9742,CUST-961,ST-15,CP-96,2026-09-22,PENDING,"$15,975.00"
ORD-9743,CUST-3960,ST-19,,2026-01-04,PENDING,8141
ORD-9744,CUST-3091,ST-5,,02/23/2024,CLOSED,"$6,024.00"
ORD-9745,CUST-4883,ST-24,CP-86,11/13/2025,ACTIVE,13637
ORD-9746,CUST-2322,ST-15,CP-13,13-08-2026,CLOSED,16591
ORD-9747,CUST-2369,ST-23,CP-86,11/13/2024,active,"$5,157.00"
ORD-9748,CUST-1846,ST-17,CP-98,2024-09-04,ACTIVE,4514
ORD-9749,CUST-2345,ST-12,,24-11-2026,ACTIVE,19418
ORD-9750,CUST-4246,ST-18,,24-01-2025,pending,2626
ORD-9751,CUST-168,ST-1,,2026-09-21,PENDING,19487
ORD-9752,CUST-4690,ST-17,,14-01-2024,ACTIVE,"$15,654.00"
ORD-9753,CUST-1692,ST-18,CP-197,2026-12-05, Active ,10053
ORD-9754,CUST-1338,ST-9,,2024-06-15,pending,"14,054.00"
ORD-9755,CUST-4875,ST-13,CP-134,2024-11-20,ACTIVE,17254
ORD-9756,CUST-3788,ST-5,CP-84,2025-02-11,closed,16612
ORD-9757,CUST-4724,ST-2,,20-06-2024,active,15831
ORD-9758,CUST-3282,ST-12,CP-171,12/11/2024,closed,19859
ORD-9759,CUST-4868,ST-7,,2026-11-04, Active ,510
ORD-9760,CUST-1741,ST-21,,2024-02-08,closed,13970
ORD-9761,CUST-2221,ST-25,,2025-11-07,CLOSED,"$5,931.00"
ORD-9762,CUST-2515,ST-23,CP-65,2025-11-14,active,8719
ORD-9763,CUST-2914,ST-14,,06/21/2024,PENDING,"3,280.00"
ORD-9764,CUST-2893,ST-20,,20-08-2026,PENDING,"$7,767.00"
ORD-9765,CUST-4082,ST-12,CP-71,2025-09-27,pending,"$2,072.00"
ORD-9766,CUST-1073,ST-15,,2026-10-07,active,"$7,730.00"
ORD-9767,CUST-4677,ST-1,,2026-08-24,PENDING,"$14,182.00"
ORD-9768,CUST-3610,ST-11,CP-115,2024-02-26,ACTIVE,12280
ORD-9769,CUST-3305,ST-2,CP-84,09-04-2024,ACTIVE,"7,586.00"
ORD-9770,CUST-1010,ST-8,,16-09-2026,PENDING,4232
ORD-9771,CUST-2302,ST-6,,2024-09-08,ACTIVE,"$11,077.00"
ORD-9772,CUST-4086,ST-13,CP-111,2025-10-15,active,9480
ORD-9773,CUST-1824,ST-4,,27-02-2025,closed,14631
ORD-9774,CUST-2682,ST-16,,20-04-2025,PENDING,"4,576.00"
ORD-9775,CUST-1095,ST-11,CP-107,09/25/2025,PENDING,4370
ORD-9776,CUST-2529,ST-21,CP-114,2024-10-14, Active ,"$16,533.00"
ORD-9777,CUST-3709,ST-20,CP-138,2024-12-21,closed,"$17,522.00"
ORD-9778,CUST-1179,ST-9,CP-177,02/16/2025,PENDING,"$8,830.00"
ORD-9779,CUST-2198,ST-11,,08/03/2026,CLOSED,$349.00
ORD-9780,CUST-1261,ST-10,,01/01/2025,ACTIVE,16155
ORD-9781,CUST-2173,ST-10,CP-7,13-02-2024,ACTIVE,12863
ORD-9782,CUST-2141,ST-11,,02-08-2024,closed,"$7,625.00"
ORD-9783,CUST-4312,ST-15,,09/28/2025,CLOSED,"$7,188.00"
ORD-9784,CUST-2887,ST-5,CP-70,05/28/2026,CLOSED,"$17,841.00"
ORD-9785,CUST-1860,ST-19,,2025-04-04,active,4294
ORD-9786,CUST-633,ST-10,,15-03-2024, Active ,"$9,621.00"
ORD-9787,CUST-4110,ST-16,CP-3,20-07-2026,PENDING,"7,316.00"
ORD-9788,CUST-3893,ST-5,CP-168,12/24/2026,ACTIVE,"$18,373.00"
ORD-9789,CUST-1193,ST-18,CP-72,2024-07-12,pending,"$6,013.00"
ORD-9790,CUST-1078,ST-18,,24-12-2024,PENDING,"$16,690.00"
ORD-9791,CUST-82,ST-23,CP-115,2025-04-21,closed,16686
ORD-9792,CUST-1156,ST-3,,10/18/2025,ACTIVE,"$2,871.00"
ORD-9793,CUST-2998,ST-16,CP-16,2024-07-05,active,"11,772.00"
ORD-9794,CUST-1701,ST-24,,2024-05-28,active,19869
ORD-9795,CUST-1528,ST-23,,2025-05-23,PENDING,"$2,998.00"
ORD-9796,CUST-1794,ST-10,,2024-06-28,PENDING,6699
ORD-9797,CUST-56,ST-2,CP-27,01/10/2026, Active ,"1,309.00"
ORD-9798,CUST-770,ST-6,,2024-02-24,PENDING,"13,393.00"
ORD-9799,CUST-2678,ST-14,,2026-04-28,pending,"7,315.00"
ORD-9800,CUST-679,ST-16,CP-183,2025-01-16,pending,14683
ORD-9801,CUST-4364,ST-13,,02/16/2025,ACTIVE,1891
ORD-9802,CUST-410,ST-17,CP-100,01/16/2024,CLOSED,"$2,715.00"
ORD-9803,CUST-1603,ST-6,,2024-05-16,active,1324
ORD-9804,CUST-1709,ST-22,,06/16/2025,ACTIVE,"11,368.00"
ORD-9805,CUST-923,ST-16,,2026-04-03,ACTIVE,"$2,878.00"
ORD-9806,CUST-3977,ST-5,CP-62,07/24/2026,PENDING,"4,790.00"
ORD-9807,CUST-531,ST-19,CP-78,2025-01-28, Active ,17353
ORD-9808,CUST-2372,ST-16,CP-192,26-08-2024,closed,"$14,945.00"
ORD-9809,CUST-1946,ST-6,,2025-03-05, Active ,"$2,094.00"
ORD-9810,CUST-3652,ST-7,CP-128,05/13/2026, Active ,6512
ORD-9811,CUST-4224,ST-13,CP-92,11-04-2025,pending,13972
ORD-9812,CUST-3960,ST-11,,09/05/2026,PENDING,10931
ORD-9813,CUST-4378,ST-6,CP-168,09/06/2025,pending,"$8,607.00"
ORD-9814,CUST-4288,ST-5,,2024-06-17, Active ,"$19,509.00"
ORD-9815,CUST-530,ST-18,,02/17/2025,CLOSED,16152
ORD-9816,CUST-4456,ST-10,,10-04-2024,closed,7159
ORD-9817,CUST-276,ST-17,,2026-06-24,closed,396
ORD-9818,CUST-842,ST-8,,2025-05-04,ACTIVE,14288
ORD-9819,CUST-4223,ST-2,,2024-10-08,closed,"19,149.00"
ORD-9820,CUST-4254,ST-3,,01/02/2024,PENDING,12481
ORD-9821,CUST-2423,ST-21,,2026-10-10,CLOSED,5493
ORD-9822,CUST-4524,ST-8,CP-182,20-03-2025, Active ,"10,170.00"
ORD-9823,CUST-4052,ST-1,,2024-09-01,PENDING,"$10,590.00"
ORD-9824,CUST-3668,ST-10,,2025-09-01,PENDING,"5,591.00"
ORD-9825,CUST-1939,ST-11,CP-138,28-06-2026,pending,12003
ORD-9826,CUST-751,ST-12,,2026-12-21,pending,"$12,211.00"
ORD-9827,CUST-1932,ST-9,,2026-07-06,CLOSED,"15,627.00"
ORD-9828,CUST-2640,ST-17,CP-23,10/11/2024, Active ,"$1,986.00"
ORD-9829,CUST-291,ST-8,,2024-02-16,CLOSED,"$8,261.00"
ORD-9830,CUST-2945,ST-17,,22-11-2025,pending,"$18,183.00"
ORD-9831,CUST-2584,ST-7,CP-140,09/11/2025,pending,1521
ORD-9832,CUST-3143,ST-9,,2025-10-09, Active ,"$16,998.00"
ORD-9833,CUST-336,ST-15,CP-103,2024-02-10,CLOSED,835
ORD-9834,CUST-24,ST-3,CP-12,13-02-2026,CLOSED,15054
ORD-9835,CUST-738,ST-21,,05/28/2026,ACTIVE,13595
ORD-9836,CUST-1150,ST-23,,12/06/2024,active,14329
ORD-9837,CUST-1713,ST-24,,09/27/2026,pending,"$8,627.00"
ORD-9838,CUST-4942,ST-7,,08/16/2025,PENDING,1369
ORD-9839,CUST-3029,ST-16,,2025-07-08,CLOSED,"$1,224.00"
ORD-9840,CUST-3978,ST-21,CP-35,2026-03-04,closed,"$14,307.00"
ORD-9841,CUST-516,ST-19,,2024-02-05,PENDING,"$10,255.00"
ORD-9842,CUST-3454,ST-11,,12/20/2025,CLOSED,1038
ORD-9843,CUST-1744,ST-15,,28-01-2024,active,"1,507.00"
ORD-9844,CUST-826,ST-7,,2026-10-24,active,19697
ORD-9845,CUST-485,ST-8,,2026-05-02,pending,"9,403.00"
ORD-9846,CUST-1319,ST-11,,22-10-2026,CLOSED,991
ORD-9847,CUST-1210,ST-12,,2025-01-15,active,"$13,478.00"
ORD-9848,CUST-4571,ST-3,,2026-03-11,PENDING,7268
ORD-9849,CUST-2652,ST-2,,2024-03-20, Active ,"$19,813.00"
ORD-9850,CUST-2426,ST-25,,2024-11-25,PENDING,"$6,078.00"
ORD-9851,CUST-4530,ST-16,,2024-03-04,pending,2863
ORD-9852,CUST-1484,ST-3,,2024-07-25,ACTIVE,"3,017.00"
ORD-9853,CUST-780,ST-8,,09/27/2026, Active ,"$14,621.00"
ORD-9854,CUST-1896,ST-20,CP-52,2025-05-22, Active ,"19,140.00"
ORD-9855,CUST-1260,ST-8,,2025-07-07,pending,"$8,711.00"
ORD-9856,CUST-3725,ST-9,,2025-12-09,pending,"16,864.00"
ORD-9857,CUST-413,ST-20,CP-86,2025-06-09,closed,"13,827.00"
ORD-9858,CUST-3087,ST-23,,2026-09-19,ACTIVE,12604
ORD-9859,CUST-3126,ST-1,CP-152,02/02/2025,ACTIVE,"$2,793.00"
ORD-9860,CUST-4019,ST-1,CP-63,2024-02-22, Active ,16637
ORD-9861,CUST-1350,ST-4,,2025-01-25,CLOSED,11804
ORD-9862,CUST-419,ST-21,,2026-12-12,CLOSED,"$5,743.00"
ORD-9863,CUST-3504,ST-4,,2025-08-03,CLOSED,"$11,707.00"
ORD-9864,CUST-1557,ST-6,,2024-09-03,active,"11,601.00"
ORD-9865,CUST-2835,ST-19,CP-128,2026-12-17, Active ,5651
ORD-9866,CUST-2284,ST-19,,06-02-2026, Active ,10691
ORD-9867,CUST-4482,ST-15,,15-12-2026,PENDING,19245
ORD-9868,CUST-419,ST-17,,10/01/2025,CLOSED,"$7,053.00"
ORD-9869,CUST-4580,ST-17,CP-37,2026-04-23, Active ,"$6,184.00"
ORD-9870,CUST-3948,ST-25,CP-61,2024-10-02,ACTIVE,"$10,690.00"
ORD-9871,CUST-542,ST-9,,2024-01-09,ACTIVE,916.00
ORD-9872,CUST-4524,ST-19,,18-06-2025,ACTIVE,9940
ORD-9873,CUST-4266,ST-10,,2025-07-24,CLOSED,"13,665.00"
ORD-9874,CUST-4556,ST-23,,21-05-2025,PENDING,"$13,500.00"
ORD-9875,CUST-3063,ST-8,,04/11/2026,closed,9274
ORD-9876,CUST-1649,ST-23,,2026-02-20, Active ,12103
ORD-9877,CUST-4471,ST-8,CP-92,05/12/2025,CLOSED,6748
ORD-9878,CUST-2444,ST-12,,2024-03-08,ACTIVE,19418
ORD-9879,CUST-1334,ST-25,CP-25,09/05/2026,CLOSED,17794
ORD-9880,CUST-3694,ST-5,,2025-11-02, Active ,10694
ORD-9881,CUST-3132,ST-9,CP-140,2024-12-20,pending,"3,616.00"
ORD-9882,CUST-4608,ST-13,,02/07/2024,CLOSED,2347
ORD-9883,CUST-2091,ST-24,,2026-04-26,closed,"11,082.00"
ORD-9884,CUST-4394,ST-4,CP-185,12/01/2026,closed,6773
ORD-9885,CUST-1695,ST-7,,09-02-2024,ACTIVE,"$9,507.00"
ORD-9886,CUST-371,ST-21,,2024-12-20,active,"$14,065.00"
ORD-9887,CUST-4645,ST-21,,25-07-2025,pending,1004
ORD-9888,CUST-4611,ST-2,,08/27/2026,closed,"$4,371.00"
ORD-9889,CUST-1043,ST-9,,02/08/2024,ACTIVE,"18,143.00"
ORD-9890,CUST-1864,ST-13,,02/04/2026,CLOSED,"15,352.00"
ORD-9891,CUST-551,ST-21,CP-55,01/19/2026,pending,6361
ORD-9892,CUST-3514,ST-7,,2025-08-09,closed,6519
ORD-9893,CUST-4773,ST-17,CP-14,21-02-2024,PENDING,"9,068.00"
ORD-9894,CUST-2149,ST-1,,17-12-2026,closed,"11,302.00"
ORD-9895,CUST-27,ST-11,,2026-04-15,closed,8705
ORD-9896,CUST-3472,ST-1,,2024-05-03,active,9498
ORD-9897,CUST-3364,ST-22,,10-01-2024,active,7600
ORD-9898,CUST-276,ST-5,,2026-09-04,closed,18763
ORD-9899,CUST-1992,ST-19,,01/09/2024,closed,13954
ORD-9900,CUST-4451,ST-8,,02/22/2025,active,16355
ORD-9901,CUST-3846,ST-24,CP-132,12/06/2024,closed,19023
ORD-9902,CUST-4051,ST-6,,11/27/2026,CLOSED,"$17,986.00"
ORD-9903,CUST-4626,ST-24,CP-152,05-05-2025,ACTIVE,6560
ORD-9904,CUST-1112,ST-7,CP-46,04/11/2025,active,4312
ORD-9905,CUST-4115,ST-7,,2025-12-19,active,6400
ORD-9906,CUST-989,ST-25,,2026-09-09,PENDING,5933
ORD-9907,CUST-3243,ST-21,,2025-09-01,pending,3425
ORD-9908,CUST-2090,ST-15,,2026-11-25,CLOSED,13472
ORD-9909,CUST-4280,ST-4,CP-88,10/14/2025, Active ,"$6,599.00"
ORD-9910,CUST-4528,ST-11,,11/10/2024,pending,16650
ORD-9911,CUST-4646,ST-16,,02-04-2024,pending,18668
ORD-9912,CUST-388,ST-12,CP-69,2025-10-18,ACTIVE,"7,413.00"
ORD-9913,CUST-4112,ST-20,CP-14,2024-04-13, Active ,16654
ORD-9914,CUST-4560,ST-13,,2026-10-04,closed,"5,534.00"
ORD-9915,CUST-4671,ST-16,,05-05-2024,pending,"10,306.00"
ORD-9916,CUST-3130,ST-10,CP-179,2024-12-21,pending,13475
ORD-9917,CUST-3616,ST-18,,2024-11-02,PENDING,"$6,274.00"
ORD-9918,CUST-3897,ST-11,,17-01-2026,pending,17577
ORD-9919,CUST-1799,ST-24,,04/15/2025,PENDING,10838
ORD-9920,CUST-275,ST-18,,07/08/2025,active,"$19,091.00"
ORD-9921,CUST-1148,ST-1,,12/08/2025,pending,4312
ORD-9922,CUST-4229,ST-22,,04/19/2026,active,"$3,264.00"
ORD-9923,CUST-2229,ST-13,CP-191,2024-05-11,ACTIVE,"$10,866.00"
ORD-9924,CUST-4787,ST-15,CP-122,03/08/2024,ACTIVE,"3,750.00"
ORD-9925,CUST-1784,ST-18,,2025-09-07,pending,924
ORD-9926,CUST-3207,ST-24,CP-79,2025-10-27,CLOSED,"$18,684.00"
ORD-9927,CUST-3004,ST-23,CP-173,2024-01-06,active,"12,743.00"
ORD-9928,CUST-3476,ST-19,,14-03-2024,closed,"$19,862.00"
ORD-9929,CUST-4648,ST-23,,10/16/2026, Active ,"$17,971.00"
ORD-9930,CUST-4394,ST-13,,2024-03-14,active,"10,267.00"
ORD-9931,CUST-1614,ST-2,,08/12/2024,CLOSED,"$6,913.00"
ORD-9932,CUST-4421,ST-19,,2024-03-13,PENDING,12994
ORD-9933,CUST-1761,ST-8,,11/06/2026, Active ,"14,158.00"
ORD-9934,CUST-486,ST-14,,2025-01-08,ACTIVE,"$5,806.00"
ORD-9935,CUST-1042,ST-7,CP-187,2024-04-19,ACTIVE,17649
ORD-9936,CUST-4625,ST-3,CP-131,2025-01-02,PENDING,"$3,079.00"
ORD-9937,CUST-4301,ST-8,,2025-12-17,ACTIVE,"19,496.00"
ORD-9938,CUST-587,ST-19,CP-130,2024-10-03,active,17351
ORD-9939,CUST-867,ST-25,,2026-03-06,active,"$10,756.00"
ORD-9940,CUST-3580,ST-9,CP-10,2024-08-23,pending,19965
ORD-9941,CUST-3040,ST-5,CP-154,2026-12-02,closed,19457
ORD-9942,CUST-1210,ST-16,,2025-07-17,PENDING,"17,020.00"
ORD-9943,CUST-2582,ST-20,CP-85,26-01-2025,ACTIVE,"$5,773.00"
ORD-9944,CUST-1612,ST-21,CP-60,08/18/2025,PENDING,"$19,555.00"
ORD-9945,CUST-2309,ST-7,,10/11/2026,pending,8085
ORD-9946,CUST-1346,ST-7,,08-07-2026,CLOSED,"$9,386.00"
ORD-9947,CUST-1961,ST-6,CP-172,2026-09-08,PENDING,6058
ORD-9948,CUST-1107,ST-11,,25-11-2024,ACTIVE,15257
ORD-9949,CUST-2134,ST-2,CP-111,2025-08-19, Active ,"$10,530.00"
ORD-9950,CUST-1591,ST-24,,24-08-2024, Active ,"$15,546.00"
ORD-9951,CUST-1218,ST-5,,07/27/2026,ACTIVE,19110
ORD-9952,CUST-2842,ST-12,CP-64,19-02-2026,ACTIVE,"8,836.00"
ORD-9953,CUST-1677,ST-25,CP-87,2025-05-28,ACTIVE,"$10,426.00"
ORD-9954,CUST-324,ST-1,,2026-06-14,CLOSED,"$18,829.00"
ORD-9955,CUST-3627,ST-5,,07/12/2024, Active ,"$11,856.00"
ORD-9956,CUST-576,ST-20,,17-04-2024,PENDING,16860
ORD-9957,CUST-4475,ST-20,CP-129,02-09-2025,active,"9,613.00"
ORD-9958,CUST-1097,ST-14,,06-12-2025,PENDING,$779.00
ORD-9959,CUST-1677,ST-10,,2026-08-05,pending,"$10,384.00"
ORD-9960,CUST-848,ST-15,,2025-12-19,active,"19,846.00"
ORD-9961,CUST-1278,ST-11,,01/21/2024,pending,"12,671.00"
ORD-9962,CUST-3024,ST-17,,2024-11-20,active,"8,431.00"
ORD-9963,CUST-119,ST-24,CP-164,2026-02-25,CLOSED,"$19,378.00"
ORD-9964,CUST-1233,ST-7,,20-05-2024,CLOSED,16559
ORD-9965,CUST-936,ST-9,CP-137,2025-10-14,ACTIVE,"11,846.00"
ORD-9966,CUST-1902,ST-12,,2025-09-09, Active ,3789
ORD-9967,CUST-1812,ST-25,,17-10-2025,PENDING,"$1,610.00"
ORD-9968,CUST-3461,ST-24,,09-12-2026,closed,"$15,335.00"
ORD-9969,CUST-947,ST-6,,2026-03-11,pending,"13,790.00"
ORD-9970,CUST-3793,ST-2,,11-12-2025,closed,"10,442.00"
ORD-9971,CUST-2191,ST-15,,2024-12-20,ACTIVE,3024
ORD-9972,CUST-3007,ST-15,CP-88,2025-11-06, Active ,913
ORD-9973,CUST-10,ST-13,,2024-07-13,ACTIVE,17747
ORD-9974,CUST-960,ST-21,CP-108,07/20/2025,pending,10968
ORD-9975,CUST-4603,ST-1,,09/18/2026,active,"9,346.00"
ORD-9976,CUST-924,ST-15,,2024-07-22,CLOSED,5791
ORD-9977,CUST-216,ST-6,CP-145,2026-04-22, Active ,16761
ORD-9978,CUST-2880,ST-3,,2024-11-02,CLOSED,"2,712.00"
ORD-9979,CUST-3195,ST-6,CP-8,2026-05-19,active,"17,412.00"
ORD-9980,CUST-3401,ST-11,,10/26/2026,CLOSED,17609
ORD-9981,CUST-4772,ST-6,,2026-09-07,CLOSED,13292
ORD-9982,CUST-77,ST-1,,04/12/2026,CLOSED,16251
ORD-9983,CUST-793,ST-23,,27-10-2024,pending,11374
ORD-9984,CUST-4376,ST-21,,2025-01-18,closed,"13,742.00"
ORD-9985,CUST-2535,ST-16,CP-7,2024-03-11,active,"8,589.00"
ORD-9986,CUST-4959,ST-18,CP-80,2025-06-25,closed,13036
ORD-9987,CUST-3930,ST-16,,08/06/2025,closed,"4,526.00"
ORD-9988,CUST-1234,ST-6,CP-167,2024-09-25, Active ,"$3,922.00"
ORD-9989,CUST-1287,ST-13,,2024-09-22,CLOSED,"$18,992.00"
ORD-9990,CUST-568,ST-14,,2025-09-17,CLOSED,"$11,567.00"
ORD-9991,CUST-517,ST-1,CP-69,2025-11-16,CLOSED,"$8,891.00"
ORD-9992,CUST-2935,ST-10,,2025-11-11,pending,"16,463.00"
ORD-9993,CUST-1725,ST-9,CP-22,05/07/2024,CLOSED,"9,532.00"
ORD-9994,CUST-3225,ST-6,,2025-12-06,PENDING,8643
ORD-9995,CUST-4289,ST-10,CP-12,17-04-2026,active,"$19,735.00"
ORD-9996,CUST-761,ST-16,,2026-11-27,PENDING,"14,859.00"
ORD-9997,CUST-3514,ST-20,CP-171,2026-09-10,CLOSED,17498
ORD-9998,CUST-2665,ST-1,,2026-12-01,PENDING,"$15,374.00"
ORD-9999,CUST-4774,ST-9,,07-02-2025, Active ,16022
ORD-10000,CUST-924,ST-4,,19-02-2026,CLOSED,10528
ORD-10001,CUST-2152,ST-6,CP-134,05-11-2025,active,16660
ORD-10002,CUST-713,ST-4,,12/09/2024, Active ,5739
ORD-10003,CUST-3889,ST-15,,18-11-2024,ACTIVE,"13,107.00"
ORD-10004,CUST-3124,ST-21,,2025-11-20,closed,5280
ORD-10005,CUST-2419,ST-5,,04/10/2025,PENDING,"$7,973.00"
ORD-10006,CUST-3006,ST-5,,2026-03-15,PENDING,19510
ORD-10007,CUST-1647,ST-2,,05/16/2025,closed,3199
ORD-10008,CUST-1643,ST-23,,03/07/2026,closed,18016
ORD-10009,CUST-1150,ST-15,,2026-05-01,CLOSED,"10,578.00"
ORD-10010,CUST-3345,ST-13,,08/27/2025,pending,"$14,050.00"
ORD-10011,CUST-3889,ST-23,CP-39,2025-08-03,active,1490
ORD-10012,CUST-3689,ST-14,CP-189,2025-10-14, Active ,"$2,096.00"
ORD-10013,CUST-2572,ST-13,,2024-09-03,active,10224
ORD-10014,CUST-4113,ST-7,,2024-10-21,ACTIVE,"15,087.00"
ORD-10015,CUST-2553,ST-20,,12-01-2026,PENDING,16843
ORD-10016,CUST-3693,ST-25,CP-157,2024-07-21,closed,"$10,660.00"
ORD-10017,CUST-2580,ST-9,,11/04/2024,closed,"5,512.00"
ORD-10018,CUST-3539,ST-23,,12/25/2026,ACTIVE,8246
ORD-10019,CUST-38,ST-17,,2024-01-02, Active ,"$17,857.00"
ORD-10020,CUST-2624,ST-11,,10/17/2026,CLOSED,"$16,410.00"
ORD-10021,CUST-4569,ST-13,CP-168,2025-10-23,closed,"$8,144.00"
ORD-10022,CUST-3426,ST-1,,02/18/2025,PENDING,3786
ORD-10023,CUST-4822,ST-6,,2026-07-25,pending,18115
ORD-10024,CUST-3750,ST-7,,2026-07-13,pending,13896
ORD-10025,CUST-1063,ST-18,,2024-02-26,active,"$4,577.00"
ORD-10026,CUST-2503,ST-5,CP-27,06/18/2026,PENDING,5597
ORD-10027,CUST-296,ST-3,,2025-06-16,active,11796
ORD-10028,CUST-1659,ST-24,CP-197,2026-07-21,PENDING,"$16,697.00"
ORD-10029,CUST-4516,ST-18,,2025-12-13, Active ,"$11,453.00"
ORD-10030,CUST-2626,ST-16,,11/22/2025,CLOSED,3675
ORD-10031,CUST-2440,ST-16,,2024-03-15,closed,"19,088.00"
ORD-10032,CUST-3862,ST-4,CP-131,2026-07-09,closed,16588
ORD-10033,CUST-3237,ST-7,CP-45,2024-06-16,ACTIVE,"$9,386.00"
ORD-10034,CUST-782,ST-15,CP-165,2026-10-08,PENDING,19523
ORD-10035,CUST-829,ST-12,,07/10/2024,pending,"$1,557.00"
ORD-10036,CUST-190,ST-19,,2024-09-21,ACTIVE,"$1,837.00"
ORD-10037,CUST-1168,ST-5,,2025-03-18,CLOSED,19560
ORD-10038,CUST-1798,ST-23,,2026-10-25, Active ,"9,580.00"
ORD-10039,CUST-4463,ST-1,,07/19/2025,CLOSED,"$7,690.00"
ORD-10040,CUST-1460,ST-19,,2024-02-01,pending,2303
ORD-10041,CUST-2064,ST-25,,07-10-2024,PENDING,"12,560.00"
ORD-10042,CUST-1502,ST-23,CP-159,07/06/2026,PENDING,"$15,353.00"
ORD-10043,CUST-4882,ST-19,,2025-12-27,ACTIVE,11448
ORD-10044,CUST-390,ST-22,CP-165,2026-05-01, Active ,5642
ORD-10045,CUST-1885,ST-4,,18-02-2024,pending,"$12,827.00"
ORD-10046,CUST-3627,ST-1,,12/13/2025,pending,7430
ORD-10047,CUST-3511,ST-16,,21-06-2026,PENDING,"16,692.00"
ORD-10048,CUST-4746,ST-23,CP-118,01/09/2024,active,6871
ORD-10049,CUST-4021,ST-11,,2025-09-18,CLOSED,"$11,647.00"
ORD-10050,CUST-1134,ST-1,,2024-03-03,CLOSED,"$19,649.00"
ORD-10051,CUST-1823,ST-16,,2026-07-10,CLOSED,15897
ORD-10052,CUST-3663,ST-2,,01/22/2026,CLOSED,2613
ORD-10053,CUST-3507,ST-20,CP-66,2025-04-28,active,"14,511.00"
ORD-10054,CUST-4551,ST-8,,2026-09-15,CLOSED,17898
ORD-10055,CUST-4106,ST-12,CP-1,2024-06-19,ACTIVE,"$8,581.00"
ORD-10056,CUST-4137,ST-6,,06/05/2024,pending,"$11,478.00"
ORD-10057,CUST-2332,ST-21,CP-165,2024-01-21,ACTIVE,"16,949.00"
ORD-10058,CUST-1713,ST-5,CP-72,2025-10-26, Active ,"5,983.00"
ORD-10059,CUST-26,ST-9,,12/08/2025,closed,12363
ORD-10060,CUST-2646,ST-12,CP-6,2025-09-15,PENDING,1352
ORD-10061,CUST-4208,ST-19,,2024-12-28, Active ,"19,774.00"
ORD-10062,CUST-2229,ST-15,CP-57,2024-06-17, Active ,11811
ORD-10063,CUST-2672,ST-4,,2026-05-03,closed,9933
ORD-10064,CUST-4287,ST-4,,2026-03-01,ACTIVE,11956
ORD-10065,CUST-3126,ST-8,,07/24/2026, Active ,4377
ORD-10066,CUST-1357,ST-18,CP-36,2024-05-18, Active ,"14,158.00"
ORD-10067,CUST-1635,ST-4,,2026-06-16,PENDING,9041
ORD-10068,CUST-366,ST-15,CP-135,20-10-2024,PENDING,771
ORD-10069,CUST-3535,ST-23,,23-12-2024,CLOSED,3891
ORD-10070,CUST-207,ST-12,,2024-04-02,ACTIVE,14942
ORD-10071,CUST-1116,ST-20,,07/13/2024,pending,"17,128.00"
ORD-10072,CUST-2250,ST-18,,2025-09-04, Active ,"$6,615.00"
ORD-10073,CUST-2845,ST-8,,2025-08-03,CLOSED,12622
ORD-10074,CUST-2814,ST-2,,28-09-2024,active,"19,531.00"
ORD-10075,CUST-4161,ST-19,,09/17/2024,CLOSED,"$1,099.00"
ORD-10076,CUST-3779,ST-16,,09/04/2024,ACTIVE,12995
ORD-10077,CUST-2568,ST-5,,2025-12-12,ACTIVE,"17,178.00"
ORD-10078,CUST-634,ST-10,,2025-11-22,PENDING,"1,074.00"
ORD-10079,CUST-987,ST-24,,05/28/2024, Active ,14439
ORD-10080,CUST-2506,ST-8,,2026-07-07,PENDING,4503
ORD-10081,CUST-886,ST-21,,05/09/2024,pending,6251
ORD-10082,CUST-2890,ST-17,,07-09-2026,PENDING,"14,667.00"
ORD-10083,CUST-1875,ST-3,,2024-12-04,PENDING,7408
ORD-10084,CUST-2852,ST-12,,04/21/2026,ACTIVE,"$18,717.00"
ORD-10085,CUST-1375,ST-15,,09/11/2026,active,17682
ORD-10086,CUST-1372,ST-9,,15-03-2024,CLOSED,18386
ORD-10087,CUST-4464,ST-15,,2025-04-19,closed,"$12,991.00"
ORD-10088,CUST-2897,ST-8,CP-35,2025-07-06,ACTIVE,11468
ORD-10089,CUST-1561,ST-11,CP-178,2025-06-13,pending,6564
ORD-10090,CUST-3499,ST-23,CP-119,2024-12-18,closed,8484
ORD-10091,CUST-2739,ST-19,CP-68,2025-09-03, Active ,19796
ORD-10092,CUST-697,ST-17,,2026-06-09,pending,13860
ORD-10093,CUST-1559,ST-11,,2024-10-26,closed,"12,004.00"
ORD-10094,CUST-4597,ST-8,,2025-07-28,CLOSED,"11,948.00"
ORD-10095,CUST-3273,ST-25,CP-120,2026-03-16, Active ,12918
ORD-10096,CUST-2922,ST-9,,2024-07-08,active,"$16,932.00"
ORD-10097,CUST-345,ST-15,CP-162,06/09/2026,pending,"$18,076.00"
ORD-10098,CUST-2380,ST-7,CP-52,2025-09-28,PENDING,19239
ORD-10099,CUST-4432,ST-9,,08/07/2025, Active ,"$11,536.00"
ORD-10100,CUST-4335,ST-16,,2025-03-20,ACTIVE,12953
ORD-10101,CUST-3504,ST-6,CP-54,01/13/2026,CLOSED,18699
ORD-10102,CUST-2052,ST-19,,03/03/2025,pending,2822
ORD-10103,CUST-995,ST-8,,21-07-2026,ACTIVE,"14,887.00"
ORD-10104,CUST-3704,ST-14,CP-108,03/02/2025,closed,"$12,181.00"
ORD-10105,CUST-1606,ST-17,,2026-03-11,active,"18,989.00"
ORD-10106,CUST-251,ST-17,CP-57,02/03/2026,PENDING,"7,356.00"
ORD-10107,CUST-1304,ST-6,,2026-02-22, Active ,"$6,526.00"
ORD-10108,CUST-2716,ST-21,CP-117,2025-01-14,pending,"$14,214.00"
ORD-10109,CUST-3909,ST-6,,08/19/2025,pending,10239
ORD-10110,CUST-4773,ST-16,,04/19/2025, Active ,"$13,532.00"
ORD-10111,CUST-4754,ST-18,,2025-01-21,closed,"$16,871.00"
ORD-10112,CUST-2903,ST-1,CP-135,2026-07-19,PENDING,538.00
ORD-10113,CUST-4741,ST-23,,02-01-2026,active,"8,707.00"
ORD-10114,CUST-4362,ST-25,,08/19/2024,ACTIVE,9463
ORD-10115,CUST-3633,ST-14,CP-151,06/20/2025,closed,"1,532.00"
ORD-10116,CUST-2210,ST-7,,2024-10-05,pending,"$8,167.00"
ORD-10117,CUST-2697,ST-14,,2024-10-18,CLOSED,"4,188.00"
ORD-10118,CUST-1731,ST-7,,07/26/2025,active,"12,680.00"
ORD-10119,CUST-3161,ST-11,,2024-12-08,active,15390
ORD-10120,CUST-3839,ST-17,CP-3,08-09-2026,ACTIVE,16692
ORD-10121,CUST-1902,ST-11,,2024-01-24,PENDING,10781
ORD-10122,CUST-4323,ST-25,,07/10/2024,ACTIVE,17046
ORD-10123,CUST-4459,ST-4,CP-30,2026-12-06,closed,"16,862.00"
ORD-10124,CUST-3836,ST-18,,27-04-2025,PENDING,17029
ORD-10125,CUST-2495,ST-21,,2025-12-14,ACTIVE,"$14,066.00"
ORD-10126,CUST-896,ST-21,,2025-06-16,CLOSED,"$7,607.00"
ORD-10127,CUST-413,ST-18,CP-164,07-08-2024, Active ,"$11,978.00"
ORD-10128,CUST-344,ST-1,,04/07/2024,closed,"18,885.00"
ORD-10129,CUST-4984,ST-17,,2024-07-06,active,6162
ORD-10130,CUST-1905,ST-18,CP-119,2026-04-25,ACTIVE,2181
ORD-10131,CUST-4087,ST-13,,12-03-2026,CLOSED,"6,371.00"
ORD-10132,CUST-3155,ST-12,CP-121,2024-06-28,PENDING,"11,450.00"
ORD-10133,CUST-3535,ST-13,,04/24/2025,CLOSED,"$9,159.00"
ORD-10134,CUST-2389,ST-4,CP-122,05/13/2026,active,8836
ORD-10135,CUST-1164,ST-24,,2024-12-07,PENDING,18326
ORD-10136,CUST-2794,ST-15,,2025-10-19,PENDING,317
ORD-10137,CUST-2055,ST-19,,08/02/2025, Active ,"6,016.00"
ORD-10138,CUST-246,ST-5,CP-17,2026-02-28,PENDING,11801
ORD-10139,CUST-2023,ST-3,CP-100,2025-03-15,CLOSED,13501
ORD-10140,CUST-2729,ST-11,CP-182,2024-06-04,PENDING,17777
ORD-10141,CUST-902,ST-13,,02-06-2026,PENDING,$80.00
ORD-10142,CUST-648,ST-9,,2025-01-01,active,14706
ORD-10143,CUST-4519,ST-8,CP-65,04-02-2026,closed,1386
ORD-10144,CUST-634,ST-18,,03/16/2024,ACTIVE,$629.00
ORD-10145,CUST-1082,ST-21,,03-10-2026,CLOSED,1920
ORD-10146,CUST-4917,ST-20,,2026-09-15,pending,18325
ORD-10147,CUST-3779,ST-18,,06/21/2024,CLOSED,2482
ORD-10148,CUST-2986,ST-22,CP-17,02-04-2025, Active ,"15,001.00"
ORD-10149,CUST-725,ST-11,,02/07/2026,pending,3658
ORD-10150,CUST-2643,ST-1,,2024-11-16,active,17625
ORD-10151,CUST-4797,ST-6,CP-130,07/27/2024,PENDING,"19,156.00"
ORD-10152,CUST-3957,ST-8,,2026-09-26,CLOSED,"14,965.00"
ORD-10153,CUST-2677,ST-11,,01/08/2026,pending,7470
ORD-10154,CUST-2235,ST-15,,2026-11-10,ACTIVE,4784
ORD-10155,CUST-1810,ST-10,CP-191,2025-08-16,pending,15488
ORD-10156,CUST-1396,ST-22,CP-158,2025-11-15,closed,4710
ORD-10157,CUST-2741,ST-10,,09/19/2024,ACTIVE,16248
ORD-10158,CUST-2697,ST-2,CP-90,2026-01-19,PENDING,"$16,611.00"
ORD-10159,CUST-3354,ST-5,CP-70,2025-08-07,CLOSED,16620
ORD-10160,CUST-4679,ST-9,,2025-09-06,pending,6076
ORD-10161,CUST-4273,ST-18,,11-07-2026,ACTIVE,"$2,262.00"
ORD-10162,CUST-4564,ST-4,,2025-03-10,ACTIVE,6374
ORD-10163,CUST-2754,ST-21,,2026-09-22,closed,"$18,140.00"
ORD-10164,CUST-2917,ST-15,,2026-04-18, Active ,1427
ORD-10165,CUST-2458,ST-22,CP-140,03/15/2024,ACTIVE,"$18,495.00"
ORD-10166,CUST-4610,ST-21,,09/19/2024,CLOSED,"2,920.00"
ORD-10167,CUST-4046,ST-4,CP-106,2025-07-11,active,18040
ORD-10168,CUST-3619,ST-2,,2026-03-24,active,19352
ORD-10169,CUST-3611,ST-4,CP-71,2024-04-21,active,$536.00
ORD-10170,CUST-3721,ST-20,,2026-08-21,PENDING,9240
ORD-10171,CUST-604,ST-22,,2026-09-22,active,$411.00
ORD-10172,CUST-702,ST-4,,2024-12-10,closed,16705
ORD-10173,CUST-2815,ST-9,,09/27/2026,closed,14444
ORD-10174,CUST-4388,ST-22,,27-02-2024,closed,"6,199.00"
ORD-10175,CUST-636,ST-17,,07/26/2024,closed,13195
ORD-10176,CUST-4739,ST-14,CP-6,04/17/2026,pending,"$14,922.00"
ORD-10177,CUST-2316,ST-11,CP-62,11-06-2024, Active ,6906
ORD-10178,CUST-3267,ST-23,CP-111,2026-08-26,CLOSED,15649
ORD-10179,CUST-4853,ST-2,,06/11/2025,CLOSED,1870
ORD-10180,CUST-2971,ST-2,CP-86,12-08-2024,pending,"11,062.00"
ORD-10181,CUST-179,ST-8,CP-102,2024-11-14,ACTIVE,"$17,360.00"
ORD-10182,CUST-585,ST-16,CP-4,12/05/2025, Active ,16963
ORD-10183,CUST-1810,ST-23,CP-7,09/04/2025,ACTIVE,3895
ORD-10184,CUST-1878,ST-3,,03/05/2025,active,11008
ORD-10185,CUST-4211,ST-9,,2025-05-23,pending,$604.00
ORD-10186,CUST-2444,ST-21,,2026-04-03,pending,15405
ORD-10187,CUST-4974,ST-10,,2025-02-12,CLOSED,11866
ORD-10188,CUST-2747,ST-7,,03/14/2024,PENDING,270
ORD-10189,CUST-1395,ST-17,CP-9,13-09-2024,ACTIVE,8279
ORD-10190,CUST-3123,ST-11,,2024-01-10,active,"4,254.00"
ORD-10191,CUST-4440,ST-4,,11/28/2024,CLOSED,"$8,845.00"
ORD-10192,CUST-3997,ST-23,,2026-11-22,PENDING,12535
ORD-10193,CUST-2578,ST-9,,2024-07-22,PENDING,14142
ORD-10194,CUST-4523,ST-12,,2026-01-03,CLOSED,4555
ORD-10195,CUST-1876,ST-24,,05/28/2025,CLOSED,7967
ORD-10196,CUST-4466,ST-10,,2025-11-27,CLOSED,"$11,983.00"
ORD-10197,CUST-4818,ST-7,,21-12-2024,PENDING,5530
ORD-10198,CUST-1904,ST-15,CP-145,09/10/2024,CLOSED,"12,939.00"
ORD-10199,CUST-2132,ST-5,CP-196,07-11-2024,CLOSED,"17,506.00"
ORD-10200,CUST-4958,ST-11,,2024-07-03, Active ,"9,373.00"
ORD-10201,CUST-975,ST-19,CP-170,2025-05-25,ACTIVE,7157
ORD-10202,CUST-2319,ST-11,,2025-05-24,PENDING,13576
ORD-10203,CUST-2838,ST-12,,2026-03-22,closed,"15,696.00"
ORD-10204,CUST-435,ST-10,CP-138,2025-05-02,closed,"$17,636.00"
ORD-10205,CUST-1422,ST-13,,2025-01-15,pending,1409
ORD-10206,CUST-4805,ST-15,,2025-04-21,CLOSED,"$3,900.00"
ORD-10207,CUST-1151,ST-15,,08-12-2025,PENDING,"$17,737.00"
ORD-10208,CUST-1572,ST-2,,12/03/2024,pending,"14,195.00"
ORD-10209,CUST-2071,ST-4,,01/13/2026,pending,"$5,199.00"
ORD-10210,CUST-824,ST-21,CP-145,01/01/2025,closed,9208
ORD-10211,CUST-725,ST-10,,2024-05-08,pending,"$8,688.00"
ORD-10212,CUST-557,ST-6,,2026-01-10,closed,18167
ORD-10213,CUST-4147,ST-25,,05/15/2026, Active ,"3,786.00"
ORD-10214,CUST-1439,ST-21,,25-12-2024,PENDING,252.00
ORD-10215,CUST-4220,ST-18,,2025-02-10,pending,"$5,265.00"
ORD-10216,CUST-4917,ST-11,,07-03-2025,PENDING,8852
ORD-10217,CUST-3271,ST-22,,2026-10-09,closed,7949
ORD-10218,CUST-316,ST-20,CP-127,2024-05-28,closed,"$11,433.00"
ORD-10219,CUST-2569,ST-7,,2024-03-26,closed,"$9,630.00"
ORD-10220,CUST-3606,ST-24,,2026-03-24, Active ,9129
ORD-10221,CUST-3027,ST-17,CP-103,2025-07-02,pending,"$1,452.00"
ORD-10222,CUST-1434,ST-23,CP-184,23-09-2024,active,"$14,065.00"
ORD-10223,CUST-1316,ST-23,,2025-11-03,pending,"9,376.00"
ORD-10224,CUST-2692,ST-22,,03-05-2025,PENDING,"$11,459.00"
ORD-10225,CUST-4922,ST-25,,2025-05-01,ACTIVE,"$19,940.00"
ORD-10226,CUST-3469,ST-20,CP-45,2025-03-15,PENDING,10935
ORD-10227,CUST-4747,ST-16,,2026-02-24,PENDING,"$18,757.00"
ORD-10228,CUST-282,ST-20,,2024-06-02,PENDING,"15,981.00"
ORD-10229,CUST-3245,ST-19,,05-01-2026,pending,489
ORD-10230,CUST-2692,ST-19,,2026-03-01,closed,"12,820.00"
ORD-10231,CUST-3813,ST-13,,2024-07-14,CLOSED,2603
ORD-10232,CUST-206,ST-5,,2025-07-27, Active ,4865
ORD-10233,CUST-2187,ST-12,,2025-08-17,closed,"$2,373.00"
ORD-10234,CUST-3040,ST-21,,2026-01-14,ACTIVE,10818
ORD-10235,CUST-4113,ST-4,CP-101,2026-05-03, Active ,10151
ORD-10236,CUST-4190,ST-10,,2024-03-12, Active ,898.00
ORD-10237,CUST-3126,ST-13,,06/23/2026,active,823
ORD-10238,CUST-4243,ST-12,,05/18/2024, Active ,9069
ORD-10239,CUST-995,ST-4,CP-62,10-06-2024, Active ,16703
ORD-10240,CUST-4049,ST-7,CP-175,2024-01-02,CLOSED,17358
ORD-10241,CUST-1594,ST-18,,04/02/2025,closed,"$8,829.00"
ORD-10242,CUST-1744,ST-25,CP-1,2026-01-14,ACTIVE,14450
ORD-10243,CUST-196,ST-18,CP-78,2024-05-20,pending,"17,060.00"
ORD-10244,CUST-4088,ST-21,CP-60,09-02-2025,ACTIVE,7929
ORD-10245,CUST-1866,ST-19,,2024-07-14,PENDING,"$17,965.00"
ORD-10246,CUST-989,ST-4,,02/26/2024,active,4689
ORD-10247,CUST-4529,ST-9,,06/08/2024,ACTIVE,"9,458.00"
ORD-10248,CUST-3995,ST-17,,2024-01-20, Active ,"$18,913.00"
ORD-10249,CUST-2131,ST-13,,2026-05-14,closed,17376
ORD-10250,CUST-4723,ST-18,,02/12/2025,closed,"$5,953.00"
ORD-10251,CUST-2522,ST-6,,2026-05-07,CLOSED,"17,379.00"
ORD-10252,CUST-4729,ST-17,CP-67,2026-03-18,pending,12664
ORD-10253,CUST-283,ST-13,,2024-12-18,PENDING,"$14,627.00"
ORD-10254,CUST-2086,ST-24,CP-100,04/22/2025,closed,"$11,251.00"
ORD-10255,CUST-3847,ST-22,,2025-02-18,PENDING,"7,067.00"
ORD-10256,CUST-4846,ST-14,,02/11/2025,pending,"9,503.00"
ORD-10257,CUST-3937,ST-13,CP-115,04/05/2026,pending,"$19,699.00"
ORD-10258,CUST-382,ST-19,CP-112,11/23/2025, Active ,"$14,692.00"
ORD-10259,CUST-1020,ST-8,CP-144,2026-11-05,pending,7967
ORD-10260,CUST-3904,ST-13,,2024-07-22, Active ,11691
ORD-10261,CUST-2387,ST-5,CP-14,12/20/2026,closed,"$4,248.00"
ORD-10262,CUST-2253,ST-2,,03/10/2025,CLOSED,"3,229.00"
ORD-10263,CUST-2449,ST-23,,04/20/2025,ACTIVE,"9,252.00"
ORD-10264,CUST-3600,ST-21,CP-169,2026-06-07,pending,15867
ORD-10265,CUST-2940,ST-13,,03/04/2025,PENDING,"$1,072.00"
ORD-10266,CUST-1396,ST-21,,2026-02-14,pending,"3,838.00"
ORD-10267,CUST-542,ST-4,CP-182,2026-12-11,PENDING,"$1,407.00"
ORD-10268,CUST-1387,ST-6,,04/18/2026,active,8597
ORD-10269,CUST-2462,ST-9,CP-147,2025-09-04,ACTIVE,17618
ORD-10270,CUST-3280,ST-3,CP-25,13-05-2026,closed,"13,667.00"
ORD-10271,CUST-4400,ST-12,,06/20/2026,ACTIVE,16794
ORD-10272,CUST-4895,ST-6,,2024-07-24,ACTIVE,"11,062.00"
ORD-10273,CUST-4623,ST-14,,2024-05-12,pending,"$11,090.00"
ORD-10274,CUST-3920,ST-10,,02/18/2026, Active ,5368
ORD-10275,CUST-4216,ST-13,,07/24/2024,PENDING,7648
ORD-10276,CUST-4838,ST-21,CP-155,05/03/2024,ACTIVE,"$19,050.00"
ORD-10277,CUST-3161,ST-13,CP-1,04/26/2024,pending,"8,576.00"
ORD-10278,CUST-3100,ST-23,CP-15,03/21/2025, Active ,14660
ORD-10279,CUST-86,ST-22,,07/19/2026,CLOSED,5760
ORD-10280,CUST-2348,ST-25,CP-133,11-05-2024,ACTIVE,17441
ORD-10281,CUST-3556,ST-4,CP-101,02/01/2024,pending,"16,065.00"
ORD-10282,CUST-4098,ST-16,CP-45,2026-09-22,ACTIVE,9187
ORD-10283,CUST-1588,ST-20,,12-04-2024,ACTIVE,"11,647.00"
ORD-10284,CUST-2809,ST-14,,2025-12-10, Active ,"$6,009.00"
ORD-10285,CUST-2759,ST-5,,19-06-2025,ACTIVE,"10,743.00"
ORD-10286,CUST-3959,ST-1,CP-89,2026-11-13,pending,"15,585.00"
ORD-10287,CUST-1249,ST-25,,2024-11-16,pending,"$6,044.00"
ORD-10288,CUST-4263,ST-14,CP-86,2026-08-08,active,18203
ORD-10289,CUST-1312,ST-2,,2026-08-14,ACTIVE,"$3,336.00"
ORD-10290,CUST-3568,ST-4,,02-01-2026,pending,"$3,089.00"
ORD-10291,CUST-3685,ST-6,,14-11-2024,ACTIVE,19584
ORD-10292,CUST-3955,ST-22,CP-130,09/25/2026,closed,"14,433.00"
ORD-10293,CUST-3423,ST-11,CP-53,2024-11-13,CLOSED,18306
ORD-10294,CUST-1145,ST-22,,05/11/2025, Active ,2967
ORD-10295,CUST-335,ST-25,CP-60,04/11/2024,closed,2986
ORD-10296,CUST-1826,ST-9,,2026-11-19,CLOSED,"1,058.00"
ORD-10297,CUST-396,ST-1,,12-12-2025,CLOSED,$754.00
ORD-10298,CUST-3996,ST-25,CP-24,2026-11-10,pending,"18,992.00"
ORD-10299,CUST-4430,ST-24,,04/09/2024,closed,7166
ORD-10300,CUST-3559,ST-14,,2026-06-14,CLOSED,"$14,579.00"
ORD-10301,CUST-3031,ST-17,,2024-12-08,closed,17942
ORD-10302,CUST-2686,ST-4,,28-11-2024,closed,"$4,008.00"
ORD-10303,CUST-1293,ST-20,CP-94,07/24/2024,active,7856
ORD-10304,CUST-3781,ST-7,CP-191,14-05-2024,active,11658
ORD-10305,CUST-3918,ST-1,,06-06-2024,pending,952
ORD-10306,CUST-4540,ST-3,,11/27/2026,closed,3436
ORD-10307,CUST-1470,ST-22,,18-10-2026,closed,3336
ORD-10308,CUST-762,ST-13,CP-139,16-07-2024,pending,3354
ORD-10309,CUST-664,ST-13,CP-196,25-10-2024,PENDING,9869
ORD-10310,CUST-1935,ST-4,,2026-05-27,ACTIVE,8065
ORD-10311,CUST-3792,ST-24,,06/14/2026,active,"$10,781.00"
ORD-10312,CUST-3471,ST-13,,2026-09-03,PENDING,"1,807.00"
ORD-10313,CUST-1677,ST-5,,06/28/2024, Active ,15206
ORD-10314,CUST-3356,ST-7,CP-175,05/04/2024,pending,10953
ORD-10315,CUST-3806,ST-18,,2024-09-14,pending,"$18,205.00"
ORD-10316,CUST-1432,ST-5,,2025-10-04, Active ,$422.00
ORD-10317,CUST-4301,ST-4,,01/13/2025,ACTIVE,19548
ORD-10318,CUST-193,ST-3,,2024-12-06,closed,12890
ORD-10319,CUST-2566,ST-22,CP-93,08-06-2025, Active ,16294
ORD-10320,CUST-1036,ST-20,,2026-03-03,pending,"17,738.00"
ORD-10321,CUST-4395,ST-10,,2024-01-12,closed,"$17,543.00"
ORD-10322,CUST-4738,ST-6,,09/02/2024, Active ,12551
ORD-10323,CUST-2456,ST-17,,03-12-2026,pending,"$19,495.00"
ORD-10324,CUST-1099,ST-15,,2024-05-18,ACTIVE,"$11,164.00"
ORD-10325,CUST-4268,ST-13,,2025-09-08,CLOSED,10842
ORD-10326,CUST-4935,ST-12,CP-5,25-02-2024,active,12457
ORD-10327,CUST-757,ST-13,,2024-06-24,pending,"$17,509.00"
ORD-10328,CUST-2749,ST-9,,2025-06-21,PENDING,6936
ORD-10329,CUST-164,ST-20,,01-04-2024,CLOSED,"9,747.00"
ORD-10330,CUST-4730,ST-19,CP-1,2024-12-18,closed,"$15,115.00"
ORD-10331,CUST-4569,ST-24,,2024-07-21,PENDING,9293
ORD-10332,CUST-3857,ST-24,,03/15/2025,closed,"3,646.00"
ORD-10333,CUST-1696,ST-22,,2024-02-17,pending,"$3,879.00"
ORD-10334,CUST-4684,ST-14,,18-06-2026, Active ,$687.00
ORD-10335,CUST-2590,ST-8,CP-131,2025-03-18,PENDING,12310
ORD-10336,CUST-3484,ST-12,,2025-07-28,closed,13211
ORD-10337,CUST-1524,ST-9,CP-141,10/23/2025,PENDING,"$1,886.00"
ORD-10338,CUST-4615,ST-7,,23-05-2024, Active ,14672
ORD-10339,CUST-4644,ST-6,,08/20/2024,PENDING,"8,329.00"
ORD-10340,CUST-3272,ST-14,CP-27,07/06/2025,active,$775.00
ORD-10341,CUST-1560,ST-18,CP-44,2026-09-01,PENDING,4315
ORD-10342,CUST-3973,ST-4,,10/05/2025,CLOSED,"7,586.00"
ORD-10343,CUST-100,ST-16,,06/03/2024,PENDING,16491
ORD-10344,CUST-4986,ST-8,CP-165,2024-05-08,active,13543
ORD-10345,CUST-414,ST-14,CP-3,08/18/2025,CLOSED,7344
ORD-10346,CUST-1315,ST-13,,03-12-2024,closed,15511
ORD-10347,CUST-172,ST-12,CP-70,2025-12-05,active,"$3,230.00"
ORD-10348,CUST-2651,ST-17,,07/24/2026,ACTIVE,7404
ORD-10349,CUST-1419,ST-10,,2026-03-16, Active ,6939
ORD-10350,CUST-958,ST-8,,04-06-2025,active,3451
ORD-10351,CUST-3388,ST-22,CP-136,10/21/2026,PENDING,"$1,182.00"
ORD-10352,CUST-3790,ST-5,,2025-11-03,pending,5913
ORD-10353,CUST-2868,ST-9,,07/13/2025,active,"$13,676.00"
ORD-10354,CUST-4164,ST-22,,01/15/2025, Active ,1442
ORD-10355,CUST-2438,ST-2,,2024-06-17,ACTIVE,465
ORD-10356,CUST-2458,ST-19,,2026-04-26,PENDING,"$10,507.00"
ORD-10357,CUST-3792,ST-14,CP-121,2025-07-19,PENDING,"7,102.00"
ORD-10358,CUST-3544,ST-16,,26-03-2025,PENDING,1274
ORD-10359,CUST-4722,ST-12,,08/08/2024,PENDING,"6,084.00"
ORD-10360,CUST-701,ST-3,,2026-11-22,pending,"$3,659.00"
ORD-10361,CUST-1831,ST-18,CP-186,2024-11-12,ACTIVE,$150.00
ORD-10362,CUST-4912,ST-19,CP-79,23-05-2026,pending,"$8,331.00"
ORD-10363,CUST-3470,ST-3,CP-192,10/22/2026,closed,"17,082.00"
ORD-10364,CUST-4416,ST-10,,04/11/2025,pending,"$4,271.00"
ORD-10365,CUST-3124,ST-20,,2024-06-07,PENDING,"7,190.00"
ORD-10366,CUST-2957,ST-3,CP-98,07/02/2024,CLOSED,"$8,255.00"
ORD-10367,CUST-2535,ST-21,,19-06-2026,CLOSED,"19,743.00"
ORD-10368,CUST-666,ST-5,CP-108,2026-03-01,pending,10779
ORD-10369,CUST-1398,ST-25,,2025-01-07,closed,"$15,115.00"
ORD-10370,CUST-3093,ST-16,,09/23/2025,pending,"$10,725.00"
ORD-10371,CUST-3305,ST-4,CP-156,03-07-2024, Active ,"$14,989.00"
ORD-10372,CUST-3113,ST-8,,07-08-2025,pending,"$1,353.00"
ORD-10373,CUST-865,ST-8,CP-17,2024-05-10,pending,18721
ORD-10374,CUST-1275,ST-13,CP-147,2026-11-06,pending,9366
ORD-10375,CUST-2373,ST-21,,2025-12-26,closed,"19,971.00"
ORD-10376,CUST-366,ST-13,CP-131,2026-06-21,pending,10230
ORD-10377,CUST-4885,ST-1,CP-108,03/15/2024,pending,1233
ORD-10378,CUST-4124,ST-2,CP-16,2024-01-23,CLOSED,"10,032.00"
ORD-10379,CUST-4399,ST-8,,2026-09-27,pending,17257
ORD-10380,CUST-1502,ST-21,CP-46,2026-11-11,closed,3482
ORD-10381,CUST-4912,ST-7,CP-51,2024-06-12,active,12523
ORD-10382,CUST-2108,ST-21,,2026-03-12, Active ,"3,069.00"
ORD-10383,CUST-3150,ST-1,CP-98,14-03-2026,ACTIVE,"$12,688.00"
ORD-10384,CUST-4773,ST-19,CP-85,2026-08-08,pending,6339
ORD-10385,CUST-3797,ST-24,CP-134,07/01/2024, Active ,8883
ORD-10386,CUST-4888,ST-17,,09-12-2026,closed,"$2,098.00"
ORD-10387,CUST-3812,ST-24,CP-119,2024-09-14,CLOSED,"$8,289.00"
ORD-10388,CUST-1168,ST-5,,03/19/2024,active,"16,114.00"
ORD-10389,CUST-4817,ST-8,CP-185,06-12-2026, Active ,4716
ORD-10390,CUST-456,ST-24,CP-113,2026-11-17,ACTIVE,3505
ORD-10391,CUST-151,ST-9,,2026-04-11,active,13168
ORD-10392,CUST-1040,ST-10,,2024-06-28,pending,1736
ORD-10393,CUST-3768,ST-17,,2025-12-19,closed,3694
ORD-10394,CUST-2649,ST-2,,2026-01-06,PENDING,"$14,802.00"
ORD-10395,CUST-2646,ST-25,,2024-03-22,ACTIVE,"$8,388.00"
ORD-10396,CUST-313,ST-8,CP-162,02/16/2024,pending,7336
ORD-10397,CUST-2790,ST-11,,02/15/2024,active,"$10,980.00"
ORD-10398,CUST-2923,ST-15,,06/07/2025,PENDING,14763
ORD-10399,CUST-4170,ST-19,,2025-04-23,pending,18781
ORD-10400,CUST-462,ST-2,,10-02-2026,CLOSED,"18,273.00"
ORD-10401,CUST-2464,ST-13,,07/09/2025,CLOSED,"6,179.00"
ORD-10402,CUST-4999,ST-2,CP-188,08-01-2025,active,5733
ORD-10403,CUST-4801,ST-9,,2024-02-10,active,11791
ORD-10404,CUST-443,ST-16,CP-179,07/15/2026,PENDING,"$8,503.00"
ORD-10405,CUST-349,ST-11,,05-11-2026,PENDING,"$9,542.00"
ORD-10406,CUST-3944,ST-13,CP-186,07/09/2026,CLOSED,"$5,896.00"
ORD-10407,CUST-2168,ST-14,CP-65,2025-12-13,CLOSED,2266
ORD-10408,CUST-4085,ST-2,CP-100,2025-06-07,PENDING,"$4,234.00"
ORD-10409,CUST-4715,ST-19,,13-10-2024,PENDING,13067
ORD-10410,CUST-4497,ST-25,,2024-01-22,ACTIVE,"$11,710.00"
ORD-10411,CUST-2241,ST-25,,09/05/2025, Active ,"$17,662.00"
ORD-10412,CUST-1444,ST-2,CP-161,2024-08-28,active,12253
ORD-10413,CUST-1906,ST-15,,2024-12-20,pending,"$18,670.00"
ORD-10414,CUST-3465,ST-18,,2025-08-17,PENDING,"6,820.00"
ORD-10415,CUST-843,ST-11,CP-15,2025-06-17,CLOSED,7870
ORD-10416,CUST-1349,ST-25,CP-189,14-09-2024,CLOSED,"9,091.00"
ORD-10417,CUST-1942,ST-21,,11/19/2024,closed,15490
ORD-10418,CUST-2314,ST-23,CP-70,2024-04-14,PENDING,"15,679.00"
ORD-10419,CUST-3271,ST-25,,16-01-2025,active,"$2,288.00"
ORD-10420,CUST-3321,ST-17,,2026-07-15,CLOSED,"8,972.00"
ORD-10421,CUST-2797,ST-15,,2026-02-01, Active ,7034
ORD-10422,CUST-1622,ST-6,,08/21/2025,active,10366
ORD-10423,CUST-4668,ST-3,CP-39,2024-07-11,ACTIVE,14067
ORD-10424,CUST-4365,ST-11,,07/01/2024,closed,"$7,490.00"
ORD-10425,CUST-282,ST-6,,2025-01-02,CLOSED,"$15,099.00"
ORD-10426,CUST-4376,ST-8,,06/16/2025, Active ,"$4,803.00"
ORD-10427,CUST-996,ST-22,CP-191,2024-08-14, Active ,19541
ORD-10428,CUST-3461,ST-17,,2024-01-12,PENDING,7459
ORD-10429,CUST-3595,ST-17,CP-96,2025-01-22,pending,"$6,319.00"
ORD-10430,CUST-3847,ST-7,,2024-05-11,ACTIVE,15373
ORD-10431,CUST-3421,ST-5,CP-144,2026-09-18,pending,"15,416.00"
ORD-10432,CUST-4856,ST-1,,12/13/2026, Active ,19654
ORD-10433,CUST-1480,ST-7,,06/11/2025,active,16353
ORD-10434,CUST-4766,ST-4,,28-01-2026, Active ,"$9,835.00"
ORD-10435,CUST-4126,ST-15,,2025-07-05,PENDING,"1,812.00"
ORD-10436,CUST-2013,ST-11,,12/10/2024,active,"$12,537.00"
ORD-10437,CUST-3880,ST-6,CP-101,11/04/2026, Active ,"$16,359.00"
ORD-10438,CUST-4524,ST-6,,2026-01-12,closed,"11,315.00"
ORD-10439,CUST-1398,ST-21,,01/19/2026,active,127.00
ORD-10440,CUST-2563,ST-15,,08/16/2025, Active ,6764
ORD-10441,CUST-3856,ST-11,CP-48,2024-01-26, Active ,"17,324.00"
ORD-10442,CUST-3202,ST-17,,08/28/2025,CLOSED,"4,042.00"
ORD-10443,CUST-1414,ST-14,CP-78,2025-03-12, Active ,"$14,666.00"
ORD-10444,CUST-2373,ST-23,,05/26/2025,PENDING,443
ORD-10445,CUST-530,ST-12,,13-07-2026,ACTIVE,"$10,160.00"
ORD-10446,CUST-2506,ST-23,,01/11/2024, Active ,17729
ORD-10447,CUST-83,ST-20,CP-153,2026-09-26,CLOSED,"$17,027.00"
ORD-10448,CUST-853,ST-17,,10/09/2026,ACTIVE,16782
ORD-10449,CUST-1917,ST-22,,03/24/2026,active,$433.00
ORD-10450,CUST-1754,ST-2,,2025-07-24,ACTIVE,11504
ORD-10451,CUST-3489,ST-23,CP-96,16-01-2026, Active ,"$3,721.00"
ORD-10452,CUST-1128,ST-10,,03-11-2025,closed,3782
ORD-10453,CUST-1724,ST-15,,2025-11-07,CLOSED,"12,462.00"
ORD-10454,CUST-990,ST-17,,2026-03-10, Active ,994
ORD-10455,CUST-1375,ST-24,,2024-02-03, Active ,506.00
ORD-10456,CUST-3085,ST-23,,2026-08-28,closed,"$9,854.00"
ORD-10457,CUST-2030,ST-21,,05/11/2025,closed,3773
ORD-10458,CUST-3177,ST-15,,10/13/2026,active,7586
ORD-10459,CUST-1856,ST-8,,12-12-2024,pending,"19,696.00"
ORD-10460,CUST-2335,ST-18,CP-179,11/25/2026,PENDING,10571
ORD-10461,CUST-2859,ST-13,CP-102,2026-10-13,PENDING,8544
ORD-10462,CUST-1971,ST-23,CP-130,2025-09-09,pending,"$5,443.00"
ORD-10463,CUST-2733,ST-3,,09/12/2024,active,5336
ORD-10464,CUST-669,ST-22,,2026-04-20, Active ,2618
ORD-10465,CUST-3777,ST-24,,04/01/2026,active,"18,979.00"
ORD-10466,CUST-2692,ST-25,,23-12-2024,ACTIVE,7687
ORD-10467,CUST-1493,ST-10,,2026-09-24,active,"$14,041.00"
ORD-10468,CUST-4111,ST-7,,2025-07-07,pending,"6,970.00"
ORD-10469,CUST-549,ST-8,,17-06-2025,closed,"9,398.00"
ORD-10470,CUST-2499,ST-10,CP-180,2024-06-03,ACTIVE,2327
ORD-10471,CUST-2268,ST-6,,2025-09-25,active,353
ORD-10472,CUST-3191,ST-2,,2025-12-01,CLOSED,"18,308.00"
ORD-10473,CUST-2838,ST-23,,2026-02-16,ACTIVE,"$12,102.00"
ORD-10474,CUST-3477,ST-4,CP-198,2025-09-23,PENDING,5901
ORD-10475,CUST-2838,ST-1,,26-07-2026, Active ,"1,849.00"
ORD-10476,CUST-2400,ST-5,CP-40,01/25/2026,ACTIVE,"$11,732.00"
ORD-10477,CUST-2099,ST-3,,09/18/2024,CLOSED,"$19,444.00"
ORD-10478,CUST-2080,ST-2,CP-32,17-10-2026,CLOSED,15601
ORD-10479,CUST-4543,ST-8,CP-182,28-06-2024, Active ,3223
ORD-10480,CUST-3207,ST-8,CP-109,2024-10-18,active,"$5,934.00"
ORD-10481,CUST-3116,ST-3,,12-07-2024,closed,"$17,722.00"
ORD-10482,CUST-4215,ST-18,,2025-07-04,PENDING,"$7,393.00"
ORD-10483,CUST-2114,ST-23,,07/14/2024, Active ,8406
ORD-10484,CUST-947,ST-21,,11/08/2026,closed,16865
ORD-10485,CUST-3246,ST-9,CP-52,2025-04-24,pending,"$10,642.00"
ORD-10486,CUST-2152,ST-24,,05-12-2026, Active ,"3,441.00"
ORD-10487,CUST-3327,ST-15,CP-16,2024-02-19, Active ,13631
ORD-10488,CUST-1899,ST-21,,2025-01-24,ACTIVE,19691
ORD-10489,CUST-3716,ST-8,,21-02-2024,active,"$6,300.00"
ORD-10490,CUST-1971,ST-10,,2025-10-22,active,12969
ORD-10491,CUST-2183,ST-9,,2024-08-27,closed,13873
ORD-10492,CUST-3125,ST-15,,03/24/2025,ACTIVE,4045
ORD-10493,CUST-1729,ST-15,,05/22/2025,CLOSED,"$15,091.00"
ORD-10494,CUST-2473,ST-13,CP-108,2024-09-17,pending,185.00
ORD-10495,CUST-2051,ST-25,,2024-05-02,CLOSED,"$18,689.00"
ORD-10496,CUST-663,ST-21,,06/12/2024,ACTIVE,16603
ORD-10497,CUST-2946,ST-8,,2026-07-22,CLOSED,3008
ORD-10498,CUST-1802,ST-9,CP-151,12/26/2026,closed,"$13,642.00"
ORD-10499,CUST-3574,ST-6,,2026-06-17,closed,19765
ORD-10500,CUST-2471,ST-20,CP-11,22-05-2026,pending,11175
ORD-10501,CUST-2646,ST-23,,01/21/2026,ACTIVE,"19,312.00"
ORD-10502,CUST-1105,ST-17,,15-10-2024,closed,14689
ORD-10503,CUST-1653,ST-9,,13-03-2025,active,18796
ORD-10504,CUST-1573,ST-2,,11/27/2024,active,13846
ORD-10505,CUST-2626,ST-18,,2025-10-24,pending,"$11,808.00"
ORD-10506,CUST-1644,ST-11,,16-05-2026,ACTIVE,"19,587.00"
ORD-10507,CUST-3074,ST-22,,2025-07-15,ACTIVE,16090
ORD-10508,CUST-335,ST-12,,2026-01-21,closed,"11,085.00"
ORD-10509,CUST-4186,ST-1,,02-04-2024,PENDING,17798
ORD-10510,CUST-3882,ST-23,,2026-02-02,closed,10016
ORD-10511,CUST-4428,ST-9,CP-160,11/16/2025,active,"$8,714.00"
ORD-10512,CUST-2206,ST-17,,2026-12-22,closed,"$8,163.00"
ORD-10513,CUST-4400,ST-19,,2026-02-02, Active ,19900
ORD-10514,CUST-3671,ST-14,,08/07/2025, Active ,7076
ORD-10515,CUST-3201,ST-22,CP-59,2024-06-21,ACTIVE,"2,758.00"
ORD-10516,CUST-3546,ST-3,,2026-11-13,active,9542
ORD-10517,CUST-2522,ST-17,,2024-06-26, Active ,4956
ORD-10518,CUST-4672,ST-5,CP-160,05/23/2024,CLOSED,645.00
ORD-10519,CUST-830,ST-14,CP-160,2025-02-17,pending,"10,667.00"
ORD-10520,CUST-4752,ST-25,CP-166,2025-11-22,pending,"$12,169.00"
ORD-10521,CUST-1687,ST-18,,05/05/2024,ACTIVE,"19,797.00"
ORD-10522,CUST-1762,ST-23,,11-02-2026,CLOSED,"5,648.00"
ORD-10523,CUST-3671,ST-8,,05/21/2026,ACTIVE,1247
ORD-10524,CUST-414,ST-21,,2024-06-03,ACTIVE,"$9,615.00"
ORD-10525,CUST-497,ST-24,CP-65,28-01-2026, Active ,"$10,997.00"
ORD-10526,CUST-2014,ST-7,CP-177,07/28/2026, Active ,"3,402.00"
ORD-10527,CUST-923,ST-11,,2026-10-01,CLOSED,8571
ORD-10528,CUST-2626,ST-13,,18-04-2024,CLOSED,6908
ORD-10529,CUST-2042,ST-23,,17-09-2026,active,6331
ORD-10530,CUST-3339,ST-18,,2025-08-21,active,8285
ORD-10531,CUST-3055,ST-8,,20-06-2024,pending,1340
ORD-10532,CUST-39,ST-5,CP-149,2025-01-05,PENDING,"6,439.00"
ORD-10533,CUST-2137,ST-18,,2024-06-10, Active ,8720
ORD-10534,CUST-719,ST-18,CP-55,2024-02-19, Active ,"$4,457.00"
ORD-10535,CUST-3700,ST-15,,16-05-2026,pending,"13,706.00"
ORD-10536,CUST-53,ST-2,,2025-10-05,pending,"1,596.00"
ORD-10537,CUST-2655,ST-24,CP-87,07/10/2025, Active ,15119
ORD-10538,CUST-1963,ST-3,,08/20/2024,CLOSED,"$17,869.00"
ORD-10539,CUST-2811,ST-1,,08/02/2024,pending,3131
ORD-10540,CUST-373,ST-10,,07-04-2026, Active ,9963
ORD-10541,CUST-1312,ST-9,CP-57,2025-09-19,closed,"4,711.00"
ORD-10542,CUST-4199,ST-1,,12-11-2024,CLOSED,19941
ORD-10543,CUST-4995,ST-4,,25-07-2026,CLOSED,6706
ORD-10544,CUST-1202,ST-16,,2024-08-28,PENDING,9694
ORD-10545,CUST-3125,ST-2,,09/06/2026,CLOSED,"$5,690.00"
ORD-10546,CUST-585,ST-21,,2025-02-18,PENDING,"$12,849.00"
ORD-10547,CUST-4849,ST-18,,2025-10-01,CLOSED,11636
ORD-10548,CUST-4718,ST-4,,06/18/2024,ACTIVE,$900.00
ORD-10549,CUST-2043,ST-6,,2024-02-20, Active ,"$16,692.00"
ORD-10550,CUST-3953,ST-1,CP-150,11/21/2024, Active ,"$8,616.00"
ORD-10551,CUST-4563,ST-22,CP-182,2025-09-14,ACTIVE,3545
ORD-10552,CUST-1062,ST-5,,26-02-2024,PENDING,"$11,990.00"
ORD-10553,CUST-2992,ST-17,,2026-07-02,closed,10614
ORD-10554,CUST-127,ST-13,CP-13,07/05/2026,ACTIVE,9705
ORD-10555,CUST-2573,ST-13,,2024-09-09,active,"5,243.00"
ORD-10556,CUST-4469,ST-10,CP-114,2025-05-25,active,"$13,150.00"
ORD-10557,CUST-37,ST-1,CP-131,2025-11-26,PENDING,"19,516.00"
ORD-10558,CUST-4661,ST-16,,2025-07-28, Active ,"$1,425.00"
ORD-10559,CUST-1611,ST-1,,06/18/2024, Active ,"$2,027.00"
ORD-10560,CUST-3115,ST-19,,2026-04-05,ACTIVE,377.00
ORD-10561,CUST-3300,ST-4,CP-30,2024-10-22,pending,2833
ORD-10562,CUST-2849,ST-24,,23-05-2025,ACTIVE,"$9,414.00"
ORD-10563,CUST-2178,ST-21,,18-03-2024,pending,15387
ORD-10564,CUST-3310,ST-3,,2024-12-25,pending,6131
ORD-10565,CUST-2932,ST-18,CP-72,10/08/2024,closed,"1,325.00"
ORD-10566,CUST-4446,ST-21,CP-162,09-04-2024,PENDING,3363
ORD-10567,CUST-3037,ST-13,,2026-06-28,closed,"14,853.00"
ORD-10568,CUST-2045,ST-19,CP-80,2024-03-04,CLOSED,"$3,267.00"
ORD-10569,CUST-4213,ST-15,CP-12,2026-01-16,PENDING,"$2,166.00"
ORD-10570,CUST-2387,ST-11,,2024-06-02,closed,7085
ORD-10571,CUST-2433,ST-22,,2024-12-07, Active ,"2,175.00"
ORD-10572,CUST-4584,ST-14,CP-138,07-05-2026,PENDING,"$17,410.00"
ORD-10573,CUST-109,ST-1,,2024-02-20,CLOSED,"$10,981.00"
ORD-10574,CUST-4108,ST-18,,2025-03-05,pending,17119
ORD-10575,CUST-2295,ST-10,,2026-06-25,closed,"11,814.00"
ORD-10576,CUST-4445,ST-9,CP-5,2026-11-21,closed,"$13,855.00"
ORD-10577,CUST-781,ST-16,CP-52,16-08-2025,CLOSED,"$12,652.00"
ORD-10578,CUST-4607,ST-19,CP-189,05/12/2024,PENDING,"$18,622.00"
ORD-10579,CUST-3406,ST-5,,06-12-2024,CLOSED,5669
ORD-10580,CUST-3540,ST-3,,13-03-2024, Active ,"11,172.00"
ORD-10581,CUST-4278,ST-8,CP-102,2025-03-19,PENDING,12547
ORD-10582,CUST-4872,ST-3,,11/23/2026,CLOSED,17499
ORD-10583,CUST-4285,ST-18,,12/14/2026,active,"$17,059.00"
ORD-10584,CUST-3077,ST-14,,03/26/2025,active,9219
ORD-10585,CUST-2221,ST-20,,2025-12-09,closed,"11,000.00"
ORD-10586,CUST-1136,ST-25,,2026-12-24,ACTIVE,"2,396.00"
ORD-10587,CUST-2456,ST-20,,2026-09-04,CLOSED,14886
ORD-10588,CUST-147,ST-17,,2026-01-16,PENDING,"$7,623.00"
ORD-10589,CUST-4858,ST-7,,16-11-2025,active,"$11,333.00"
ORD-10590,CUST-2574,ST-11,,2026-03-18,active,$86.00
ORD-10591,CUST-2518,ST-10,,2026-05-01, Active ,1995
ORD-10592,CUST-4583,ST-17,,2026-04-10,pending,"16,739.00"
ORD-10593,CUST-1469,ST-15,CP-6,2024-09-26,PENDING,"$18,741.00"
ORD-10594,CUST-4894,ST-9,CP-55,07/08/2024,PENDING,"$17,016.00"
ORD-10595,CUST-973,ST-22,,06/24/2024,PENDING,"$10,837.00"
ORD-10596,CUST-3231,ST-17,,10/20/2025,active,17142
ORD-10597,CUST-2277,ST-12,,04-10-2024,ACTIVE,11407
ORD-10598,CUST-3461,ST-8,CP-134,11-06-2026,active,11816
ORD-10599,CUST-3788,ST-3,,2026-03-05,active,"9,820.00"
ORD-10600,CUST-4534,ST-22,,2024-03-28,pending,10660
ORD-10601,CUST-2698,ST-23,,11/20/2024,ACTIVE,"6,899.00"
ORD-10602,CUST-243,ST-16,,22-02-2025,pending,6521
ORD-10603,CUST-548,ST-5,CP-77,12/07/2026,closed,"19,819.00"
ORD-10604,CUST-663,ST-3,,10/13/2024,PENDING,"$11,868.00"
ORD-10605,CUST-3449,ST-15,,2026-05-13,closed,11694
ORD-10606,CUST-2805,ST-17,CP-192,2026-09-22,PENDING,"$8,305.00"
ORD-10607,CUST-2906,ST-25,,2026-01-23,PENDING,19514
ORD-10608,CUST-610,ST-22,,2024-12-08,ACTIVE,17292
ORD-10609,CUST-2975,ST-25,,02-07-2024, Active ,"$4,063.00"
ORD-10610,CUST-3227,ST-25,CP-149,07/24/2025,ACTIVE,"$5,353.00"
ORD-10611,CUST-4769,ST-17,,11/03/2026,CLOSED,15706
ORD-10612,CUST-2846,ST-10,,04/08/2025,active,$534.00
ORD-10613,CUST-1274,ST-22,,27-01-2026,CLOSED,"$7,030.00"
ORD-10614,CUST-1535,ST-14,,12/07/2024,pending,7137
ORD-10615,CUST-1297,ST-19,,07/27/2025,active,"$10,891.00"
ORD-10616,CUST-1454,ST-12,,2025-09-15,ACTIVE,18016
ORD-10617,CUST-149,ST-22,,02-03-2025, Active ,19091
ORD-10618,CUST-4225,ST-20,,11-02-2025, Active ,16355
ORD-10619,CUST-1247,ST-1,,10-07-2024,pending,11925
ORD-10620,CUST-1123,ST-13,,25-11-2024,active,11498
ORD-10621,CUST-1320,ST-7,,2026-11-17,pending,"$13,824.00"
ORD-10622,CUST-4210,ST-19,,10/07/2025,active,5477
ORD-10623,CUST-2048,ST-19,,2026-09-22,CLOSED,17150
ORD-10624,CUST-997,ST-21,,09-03-2024,CLOSED,"10,577.00"
ORD-10625,CUST-3631,ST-24,,2026-08-21,PENDING,"$19,130.00"
ORD-10626,CUST-1830,ST-12,,01-10-2024,PENDING,7307
ORD-10627,CUST-1779,ST-22,,2024-02-14,pending,12787
ORD-10628,CUST-402,ST-24,,2025-12-09,active,2836
ORD-10629,CUST-3110,ST-12,,2024-08-14,pending,"$1,538.00"
ORD-10630,CUST-347,ST-5,,12/28/2024, Active ,5122
ORD-10631,CUST-1424,ST-7,,05/27/2024,CLOSED,"$1,111.00"
ORD-10632,CUST-1320,ST-24,,07/07/2024,active,1994
ORD-10633,CUST-286,ST-12,,2026-08-03,closed,15519
ORD-10634,CUST-2181,ST-17,CP-10,2026-06-12,ACTIVE,"$16,755.00"
ORD-10635,CUST-1907,ST-2,CP-155,10/04/2026,active,12446
ORD-10636,CUST-3140,ST-5,,10/21/2024,CLOSED,13341
ORD-10637,CUST-16,ST-5,CP-164,2026-03-10,active,10472
ORD-10638,CUST-2785,ST-19,,12/01/2024,closed,"$14,317.00"
ORD-10639,CUST-2069,ST-8,,08/08/2024,closed,"10,975.00"
ORD-10640,CUST-239,ST-13,,03/18/2025,PENDING,13836
ORD-10641,CUST-3994,ST-12,,2026-03-24,closed,10355
ORD-10642,CUST-1348,ST-21,,10-03-2026,closed,10816
ORD-10643,CUST-496,ST-9,,24-05-2025,pending,"$7,460.00"
ORD-10644,CUST-4393,ST-14,,2025-01-27,PENDING,"$9,895.00"
ORD-10645,CUST-494,ST-22,CP-141,2025-08-08,active,"13,858.00"
ORD-10646,CUST-3894,ST-24,CP-159,2025-02-06, Active ,12356
ORD-10647,CUST-3823,ST-21,,2024-04-16,ACTIVE,"$19,505.00"
ORD-10648,CUST-869,ST-22,CP-65,2024-09-23,CLOSED,983
ORD-10649,CUST-4830,ST-5,,2025-07-12,active,"$17,057.00"
ORD-10650,CUST-688,ST-2,,2024-02-19,closed,11789
ORD-10651,CUST-3196,ST-11,,2025-01-21,pending,403.00
ORD-10652,CUST-1333,ST-11,,11/07/2026,CLOSED,"$11,017.00"
ORD-10653,CUST-2767,ST-16,,2025-08-24,PENDING,14637
ORD-10654,CUST-562,ST-18,,2026-01-16,pending,"$10,213.00"
ORD-10655,CUST-2014,ST-16,,27-03-2026,CLOSED,12212
ORD-10656,CUST-949,ST-2,,2026-01-07,closed,"$19,646.00"
ORD-10657,CUST-1439,ST-10,,2026-02-11,CLOSED,837.00
ORD-10658,CUST-509,ST-8,,18-08-2026,closed,"$11,473.00"
ORD-10659,CUST-431,ST-9,CP-1,05-08-2026,CLOSED,3418
ORD-10660,CUST-2737,ST-1,,28-12-2026,closed,5979
ORD-10661,CUST-3387,ST-17,,15-07-2024,closed,4737
ORD-10662,CUST-4158,ST-8,,07/24/2026, Active ,"$5,058.00"
ORD-10663,CUST-417,ST-18,CP-34,2026-04-09,ACTIVE,1090
ORD-10664,CUST-23,ST-9,,10/14/2026, Active ,"8,453.00"
ORD-10665,CUST-3681,ST-8,,2026-12-19, Active ,13971
ORD-10666,CUST-43,ST-17,CP-170,01/10/2024, Active ,"$2,754.00"
ORD-10667,CUST-1802,ST-9,CP-49,2024-06-07,active,"11,300.00"
ORD-10668,CUST-1016,ST-23,CP-102,10/05/2025,active,930
ORD-10669,CUST-567,ST-2,,2025-10-07,active,3568
ORD-10670,CUST-3577,ST-22,CP-93,2026-06-08,ACTIVE,19699
ORD-10671,CUST-1630,ST-13,,2026-01-19,PENDING,7208
ORD-10672,CUST-1909,ST-10,CP-151,02-04-2024,CLOSED,11043
ORD-10673,CUST-2963,ST-11,,14-02-2025,ACTIVE,11587
ORD-10674,CUST-1543,ST-10,CP-119,2024-01-22,closed,"$19,986.00"
ORD-10675,CUST-2579,ST-4,,2026-01-04,PENDING,"$16,768.00"
ORD-10676,CUST-3352,ST-5,,09/24/2026,closed,4442
ORD-10677,CUST-4891,ST-24,,2026-02-18,active,1585
ORD-10678,CUST-2006,ST-8,,2026-12-18,pending,"$18,985.00"
ORD-10679,CUST-1578,ST-13,,2024-02-01,active,"$16,554.00"
ORD-10680,CUST-4697,ST-11,,02-03-2025, Active ,12906
ORD-10681,CUST-3737,ST-4,,07/25/2026,closed,"18,412.00"
ORD-10682,CUST-3021,ST-5,CP-72,2026-10-08,CLOSED,"$7,226.00"
ORD-10683,CUST-1600,ST-25,,05/13/2026,pending,"1,695.00"
ORD-10684,CUST-1044,ST-24,,11/24/2026, Active ,"$16,988.00"
ORD-10685,CUST-4596,ST-15,,2025-06-26,CLOSED,"5,752.00"
ORD-10686,CUST-4379,ST-23,CP-149,2024-08-01,pending,14466
ORD-10687,CUST-332,ST-4,,2025-12-03,pending,15440
ORD-10688,CUST-138,ST-12,,2026-12-27,PENDING,"5,658.00"
ORD-10689,CUST-4122,ST-25,,2024-02-19,pending,"$9,366.00"
ORD-10690,CUST-3853,ST-14,CP-136,05/16/2026, Active ,"18,885.00"
ORD-10691,CUST-2666,ST-10,,2024-11-18,CLOSED,"$19,086.00"
ORD-10692,CUST-2637,ST-1,,2025-08-27,CLOSED,7144
ORD-10693,CUST-2724,ST-19,,01/25/2025,CLOSED,"$18,526.00"
ORD-10694,CUST-2388,ST-12,,12/17/2025,PENDING,5599
ORD-10695,CUST-4634,ST-23,,10/03/2025,active,5860
ORD-10696,CUST-1610,ST-21,,2025-07-25,PENDING,"10,539.00"
ORD-10697,CUST-360,ST-22,,03/04/2024,PENDING,3218
ORD-10698,CUST-111,ST-18,,2024-12-17,closed,5226
ORD-10699,CUST-2253,ST-19,,2025-04-20,active,18920
ORD-10700,CUST-1093,ST-11,CP-125,2026-07-02,active,602
ORD-10701,CUST-4443,ST-20,,12/11/2024,active,"$14,680.00"
ORD-10702,CUST-4191,ST-9,CP-98,06/08/2024,closed,$287.00
ORD-10703,CUST-524,ST-1,,10/17/2026,active,"12,116.00"
ORD-10704,CUST-3002,ST-5,CP-185,09/14/2024, Active ,"3,066.00"
ORD-10705,CUST-578,ST-17,CP-188,2025-10-09,PENDING,16579
ORD-10706,CUST-579,ST-18,,21-10-2026,ACTIVE,"$13,721.00"
ORD-10707,CUST-1387,ST-12,CP-99,2024-03-15,ACTIVE,13482
ORD-10708,CUST-1424,ST-15,CP-153,03/06/2025, Active ,"7,512.00"
ORD-10709,CUST-3556,ST-8,,28-01-2026,pending,13873
ORD-10710,CUST-2259,ST-24,CP-5,2025-11-10, Active ,624
ORD-10711,CUST-2285,ST-5,,20-09-2025,PENDING,"19,549.00"
ORD-10712,CUST-1480,ST-14,,2026-10-07,ACTIVE,"5,113.00"
ORD-10713,CUST-2054,ST-12,,10/15/2024,pending,4346
ORD-10714,CUST-506,ST-24,CP-1,10-05-2024,ACTIVE,"$10,707.00"
ORD-10715,CUST-1287,ST-24,CP-93,01/14/2024,CLOSED,"$14,809.00"
ORD-10716,CUST-4051,ST-2,,2025-11-07,closed,16019
ORD-10717,CUST-1162,ST-1,,08/27/2025,closed,"$18,155.00"
ORD-10718,CUST-3005,ST-24,,06/08/2024,PENDING,"$5,160.00"
ORD-10719,CUST-537,ST-21,,07/21/2026,closed,3036
ORD-10720,CUST-316,ST-11,CP-172,27-03-2024,active,6881
ORD-10721,CUST-3374,ST-10,,01-10-2026,ACTIVE,"$18,170.00"
ORD-10722,CUST-3553,ST-4,,2026-09-18,pending,"$4,675.00"
ORD-10723,CUST-3249,ST-23,,2025-04-03,closed,"$5,692.00"
ORD-10724,CUST-1189,ST-2,CP-106,2026-05-26,active,5910
ORD-10725,CUST-2466,ST-5,,2026-02-15, Active ,"$11,404.00"
ORD-10726,CUST-4793,ST-7,,2026-07-16,closed,717
ORD-10727,CUST-3778,ST-20,,2026-03-15,pending,9356
ORD-10728,CUST-184,ST-14,,07-06-2026,closed,"$12,841.00"
ORD-10729,CUST-4611,ST-3,,2024-11-10,PENDING,"$15,842.00"
ORD-10730,CUST-4202,ST-24,CP-166,12/10/2026,PENDING,"$1,863.00"
ORD-10731,CUST-2971,ST-21,CP-22,04/27/2025,PENDING,889
ORD-10732,CUST-1427,ST-1,,2024-09-02,closed,"$4,047.00"
ORD-10733,CUST-4854,ST-3,,2025-06-04,CLOSED,"$16,556.00"
ORD-10734,CUST-285,ST-21,,28-06-2024,active,"$4,883.00"
ORD-10735,CUST-4383,ST-24,,2026-12-16,closed,"$15,088.00"
ORD-10736,CUST-3446,ST-21,,2024-10-10,PENDING,"$15,740.00"
ORD-10737,CUST-4149,ST-4,CP-125,02-12-2026,pending,"18,623.00"
ORD-10738,CUST-2690,ST-15,CP-96,11-10-2024,closed,13427
ORD-10739,CUST-2639,ST-3,,09-11-2026, Active ,7789
ORD-10740,CUST-459,ST-20,,05-01-2024,closed,$455.00
ORD-10741,CUST-1625,ST-22,CP-166,19-03-2025, Active ,"$11,899.00"
ORD-10742,CUST-335,ST-1,CP-13,2026-05-22,closed,2750
ORD-10743,CUST-900,ST-16,,09/14/2025,CLOSED,"$16,722.00"
ORD-10744,CUST-2888,ST-8,,11/26/2026,pending,4823
ORD-10745,CUST-3834,ST-22,,2025-02-20,PENDING,"17,415.00"
ORD-10746,CUST-684,ST-16,CP-21,07/16/2024,pending,19196
ORD-10747,CUST-1851,ST-4,,2025-11-28,active,"$2,571.00"
ORD-10748,CUST-3469,ST-16,,09-07-2026,CLOSED,"15,206.00"
ORD-10749,CUST-4420,ST-20,CP-199,2024-07-11,PENDING,417
ORD-10750,CUST-4155,ST-24,,2025-12-28,PENDING,"$14,774.00"
ORD-10751,CUST-2348,ST-2,CP-95,2026-05-04,closed,1884
ORD-10752,CUST-3253,ST-16,,11/10/2025,pending,5311
ORD-10753,CUST-4281,ST-24,,2024-08-20,active,"9,075.00"
ORD-10754,CUST-3850,ST-15,,2026-06-06,PENDING,12222
ORD-10755,CUST-4439,ST-20,CP-60,03/04/2026,CLOSED,"$16,915.00"
ORD-10756,CUST-3189,ST-20,,2024-12-08,closed,"$17,646.00"
ORD-10757,CUST-426,ST-12,,04/09/2026,PENDING,13272
ORD-10758,CUST-1507,ST-25,,25-12-2026,pending,"11,297.00"
ORD-10759,CUST-1341,ST-13,CP-170,2026-12-11,PENDING,"6,770.00"
ORD-10760,CUST-877,ST-19,,2024-08-05,closed,212
ORD-10761,CUST-9,ST-21,CP-85,09/12/2024,ACTIVE,"19,395.00"
ORD-10762,CUST-3612,ST-3,CP-54,2025-10-23,pending,"$10,006.00"
ORD-10763,CUST-129,ST-25,,04/27/2025,active,15470
ORD-10764,CUST-706,ST-9,,2025-03-13,active,"$19,601.00"
ORD-10765,CUST-2868,ST-3,,2024-10-23,CLOSED,18209
ORD-10766,CUST-823,ST-6,,05-03-2026, Active ,4149
ORD-10767,CUST-53,ST-18,,10/27/2026,ACTIVE,5853
ORD-10768,CUST-930,ST-14,,2025-10-03,PENDING,10254
ORD-10769,CUST-2146,ST-19,,05/19/2025,pending,"$14,349.00"
ORD-10770,CUST-2428,ST-9,,11/15/2025,active,"$8,707.00"
ORD-10771,CUST-754,ST-7,CP-63,05/01/2024,active,17844
ORD-10772,CUST-3981,ST-4,,2026-04-10,pending,"19,691.00"
ORD-10773,CUST-820,ST-24,CP-8,05-10-2025,ACTIVE,8685
ORD-10774,CUST-1498,ST-9,,08/17/2026,active,"$9,190.00"
ORD-10775,CUST-3768,ST-21,,11-12-2024,ACTIVE,$536.00
ORD-10776,CUST-1038,ST-23,,11/14/2025,active,5119
ORD-10777,CUST-4787,ST-19,,2025-07-08,ACTIVE,3448
ORD-10778,CUST-1884,ST-14,,15-11-2026,PENDING,15911
ORD-10779,CUST-4107,ST-6,,08/15/2024, Active ,"$1,143.00"
ORD-10780,CUST-4336,ST-20,,05/20/2025,closed,"5,254.00"
ORD-10781,CUST-3908,ST-22,,12-01-2024,ACTIVE,"17,533.00"
ORD-10782,CUST-2499,ST-13,CP-169,06/18/2026,pending,"5,244.00"
ORD-10783,CUST-4060,ST-7,,2025-03-15,pending,14309
ORD-10784,CUST-855,ST-1,,06/25/2024,pending,"$11,032.00"
ORD-10785,CUST-4374,ST-16,CP-84,21-06-2026,active,3270
ORD-10786,CUST-4253,ST-9,,27-12-2026,closed,354
ORD-10787,CUST-1656,ST-21,CP-170,2026-06-27,PENDING,"9,226.00"
ORD-10788,CUST-2388,ST-15,,09/28/2024,PENDING,"$2,610.00"
ORD-10789,CUST-1746,ST-18,,2025-04-20,active,"$16,967.00"
ORD-10790,CUST-4598,ST-16,CP-31,2025-12-25,ACTIVE,18354
ORD-10791,CUST-1623,ST-22,,02/23/2024,CLOSED,272
ORD-10792,CUST-4766,ST-17,,2024-09-07,closed,"$2,226.00"
ORD-10793,CUST-4934,ST-3,,2026-05-24,active,118
ORD-10794,CUST-4562,ST-6,,04-12-2024, Active ,"4,370.00"
ORD-10795,CUST-4935,ST-24,,21-08-2024,active,"12,939.00"
ORD-10796,CUST-4940,ST-11,,2025-10-21,CLOSED,"$3,486.00"
ORD-10797,CUST-79,ST-11,CP-10,23-02-2026,pending,2737
ORD-10798,CUST-4119,ST-18,CP-152,16-11-2026, Active ,"4,381.00"
ORD-10799,CUST-4183,ST-16,,2025-06-06,active,15635
ORD-10800,CUST-3868,ST-12,CP-10,2024-03-14,CLOSED,"12,368.00"
ORD-10801,CUST-2329,ST-20,,02/13/2026,closed,"8,186.00"
ORD-10802,CUST-1291,ST-14,CP-24,03-07-2024,PENDING,10422
ORD-10803,CUST-623,ST-18,CP-189,2024-08-10,ACTIVE,"9,416.00"
ORD-10804,CUST-2997,ST-8,CP-150,2025-12-10,CLOSED,"14,289.00"
ORD-10805,CUST-1688,ST-5,CP-125,22-10-2026,PENDING,"17,247.00"
ORD-10806,CUST-1737,ST-24,,03/03/2025,active,5025
ORD-10807,CUST-2234,ST-13,,2025-12-04,PENDING,19116
ORD-10808,CUST-2048,ST-6,,26-12-2026,CLOSED,413
ORD-10809,CUST-1717,ST-11,,09-05-2024,pending,11977
ORD-10810,CUST-1675,ST-11,,20-08-2024,active,3341
ORD-10811,CUST-463,ST-21,CP-192,02/26/2025,CLOSED,"$16,817.00"
ORD-10812,CUST-3157,ST-2,CP-106,2026-05-24,ACTIVE,"$14,113.00"
ORD-10813,CUST-387,ST-3,,10/09/2026, Active ,"$1,744.00"
ORD-10814,CUST-3557,ST-9,,2024-11-23,active,16068
ORD-10815,CUST-2942,ST-21,,05/22/2025,PENDING,13463
ORD-10816,CUST-3195,ST-23,CP-95,2024-10-13, Active ,7051
ORD-10817,CUST-1454,ST-9,,2024-10-06,CLOSED,"1,410.00"
ORD-10818,CUST-2811,ST-15,,11/26/2025,CLOSED,18436
ORD-10819,CUST-1810,ST-1,CP-133,2025-12-22,ACTIVE,"$2,090.00"
ORD-10820,CUST-4731,ST-1,CP-78,2026-12-17,closed,"3,921.00"
ORD-10821,CUST-1658,ST-14,,2025-08-14,closed,"$2,519.00"
ORD-10822,CUST-2558,ST-4,,2024-01-07,ACTIVE,"11,830.00"
ORD-10823,CUST-2782,ST-7,,2025-04-19,closed,16764
ORD-10824,CUST-3139,ST-1,,2024-11-21, Active ,3133
ORD-10825,CUST-2967,ST-20,,2024-04-21,closed,6681
ORD-10826,CUST-3601,ST-17,,11-08-2024,closed,19045
ORD-10827,CUST-2052,ST-8,CP-26,2026-06-05,CLOSED,4727
ORD-10828,CUST-4860,ST-1,CP-145,2026-08-22,active,18616
ORD-10829,CUST-4144,ST-4,,05/08/2026,closed,"7,100.00"
ORD-10830,CUST-4702,ST-3,CP-29,2025-03-16,closed,360.00
ORD-10831,CUST-1322,ST-2,CP-135,21-06-2024,pending,6791
ORD-10832,CUST-230,ST-11,CP-56,06/10/2025,closed,"$10,508.00"
ORD-10833,CUST-4741,ST-24,CP-131,2024-01-15,closed,18671
ORD-10834,CUST-2797,ST-3,,2026-11-26,closed,8045
ORD-10835,CUST-3667,ST-4,,03/06/2025,PENDING,"1,742.00"
ORD-10836,CUST-4585,ST-20,,09-06-2026,PENDING,8648
ORD-10837,CUST-4673,ST-24,,02/27/2024,CLOSED,7019
ORD-10838,CUST-4694,ST-12,CP-147,2025-01-19,pending,"$2,399.00"
ORD-10839,CUST-3542,ST-1,CP-106,2026-05-05,PENDING,"$14,242.00"
ORD-10840,CUST-2013,ST-2,CP-188,2024-02-27,closed,9855
ORD-10841,CUST-3671,ST-11,CP-160,2025-01-08,CLOSED,3726
ORD-10842,CUST-4982,ST-17,CP-119,01/26/2024,pending,"$14,294.00"
ORD-10843,CUST-2866,ST-2,CP-149,2024-11-14,closed,18289
ORD-10844,CUST-234,ST-3,CP-101,17-03-2024,active,6704
ORD-10845,CUST-1532,ST-1,,2026-07-09,CLOSED,"$2,830.00"
ORD-10846,CUST-1111,ST-22,CP-73,2024-01-16,ACTIVE,"3,559.00"
ORD-10847,CUST-4346,ST-4,,2026-07-20, Active ,"$17,481.00"
ORD-10848,CUST-2140,ST-4,CP-40,2024-04-16,active,15106
ORD-10849,CUST-4326,ST-10,CP-42,2025-12-13, Active ,"$3,261.00"
ORD-10850,CUST-3725,ST-1,,11-05-2026, Active ,6802
ORD-10851,CUST-3262,ST-2,,2026-12-25,active,4036
ORD-10852,CUST-3000,ST-11,,11/07/2024,ACTIVE,17557
ORD-10853,CUST-4266,ST-10,,02/01/2024,CLOSED,5893
ORD-10854,CUST-1608,ST-5,CP-195,2026-05-18,CLOSED,9040
ORD-10855,CUST-3967,ST-25,CP-159,05-05-2025, Active ,6052
ORD-10856,CUST-247,ST-14,,2026-04-18, Active ,"15,298.00"
ORD-10857,CUST-1548,ST-1,CP-46,2025-02-28,ACTIVE,18370
ORD-10858,CUST-3647,ST-13,,04/01/2024,active,"$19,975.00"
ORD-10859,CUST-1884,ST-17,,02-01-2024,closed,"$16,652.00"
ORD-10860,CUST-2829,ST-11,,2025-07-10,closed,"$6,483.00"
ORD-10861,CUST-2785,ST-23,,11/09/2025,closed,"$1,450.00"
ORD-10862,CUST-3917,ST-11,,20-11-2024,closed,"10,629.00"
ORD-10863,CUST-946,ST-2,CP-18,2026-10-28,closed,"18,766.00"
ORD-10864,CUST-3007,ST-4,CP-121,2024-06-10, Active ,18307
ORD-10865,CUST-835,ST-17,,2026-02-16,pending,"$19,805.00"
ORD-10866,CUST-88,ST-12,,2026-11-26,closed,"$17,990.00"
ORD-10867,CUST-2065,ST-6,CP-12,09/26/2025,PENDING,6949
ORD-10868,CUST-4717,ST-17,,22-11-2024,CLOSED,5135
ORD-10869,CUST-3378,ST-14,CP-30,2024-03-17,CLOSED,"$18,775.00"
ORD-10870,CUST-78,ST-17,CP-128,09/14/2024,ACTIVE,"$3,220.00"
ORD-10871,CUST-4532,ST-8,CP-115,2025-10-23,closed,"$16,777.00"
ORD-10872,CUST-3861,ST-15,CP-87,12-06-2025,CLOSED,19987
ORD-10873,CUST-3792,ST-6,,2026-12-22,closed,13493
ORD-10874,CUST-4476,ST-3,CP-187,09-04-2026,pending,"$13,152.00"
ORD-10875,CUST-3415,ST-14,CP-123,03/28/2024,active,9539
ORD-10876,CUST-984,ST-23,,2026-09-26,ACTIVE,11325
ORD-10877,CUST-3564,ST-3,,24-11-2026,ACTIVE,4149
ORD-10878,CUST-3197,ST-10,,2025-07-09, Active ,"$5,005.00"
ORD-10879,CUST-2594,ST-21,CP-186,2024-07-22,PENDING,"$17,337.00"
ORD-10880,CUST-3217,ST-2,,2025-05-08,active,"$17,380.00"
ORD-10881,CUST-4161,ST-7,CP-137,09/01/2024,ACTIVE,6697
ORD-10882,CUST-1375,ST-21,,2026-11-28,pending,16678
ORD-10883,CUST-3957,ST-9,,12/21/2024,CLOSED,"$6,549.00"
ORD-10884,CUST-158,ST-18,,03/17/2024,PENDING,"11,052.00"
ORD-10885,CUST-792,ST-2,,01-11-2026, Active ,14620
ORD-10886,CUST-2785,ST-3,CP-22,03/21/2025,CLOSED,19791
ORD-10887,CUST-148,ST-18,CP-106,2024-07-22,pending,"$18,122.00"
ORD-10888,CUST-2395,ST-22,,2026-11-09,pending,1660
ORD-10889,CUST-4440,ST-8,CP-68,10/26/2024,pending,15598
ORD-10890,CUST-4212,ST-3,,2026-10-10,pending,"$7,216.00"
ORD-10891,CUST-1681,ST-24,,2025-11-25,CLOSED,"9,947.00"
ORD-10892,CUST-200,ST-8,,2026-02-24, Active ,16226
ORD-10893,CUST-1195,ST-8,CP-90,01-07-2025,active,15028
ORD-10894,CUST-494,ST-20,,08/11/2026,ACTIVE,"$7,596.00"
ORD-10895,CUST-37,ST-2,,04/28/2024,pending,"13,911.00"
ORD-10896,CUST-138,ST-3,,06-11-2025,ACTIVE,"16,443.00"
ORD-10897,CUST-1187,ST-3,CP-188,2024-02-03,CLOSED,"$6,216.00"
ORD-10898,CUST-4730,ST-4,,2025-06-28, Active ,17757
ORD-10899,CUST-4696,ST-12,,09/11/2024,CLOSED,15777
ORD-10900,CUST-2344,ST-24,,2025-03-22,ACTIVE,"$3,715.00"
ORD-10901,CUST-4521,ST-11,,2025-08-26,active,"$4,602.00"
ORD-10902,CUST-485,ST-18,,13-04-2026,active,5468
ORD-10903,CUST-315,ST-16,,02/16/2026,closed,10038
ORD-10904,CUST-1779,ST-19,,11-09-2026, Active ,15882
ORD-10905,CUST-781,ST-12,,2025-09-18,pending,$284.00
ORD-10906,CUST-3622,ST-16,,01/28/2024,active,6068
ORD-10907,CUST-970,ST-22,,2024-10-23,closed,"$3,587.00"
ORD-10908,CUST-3603,ST-21,,2025-10-23,active,13588
ORD-10909,CUST-4428,ST-22,,18-07-2024,pending,"17,802.00"
ORD-10910,CUST-3348,ST-24,,2024-03-10,PENDING,"1,145.00"
ORD-10911,CUST-4875,ST-16,,2025-02-06, Active ,8061
ORD-10912,CUST-323,ST-23,CP-114,2024-02-21,closed,15398
ORD-10913,CUST-794,ST-17,,2026-01-16,ACTIVE,568.00
ORD-10914,CUST-3991,ST-21,,2024-02-13,PENDING,1532
ORD-10915,CUST-2166,ST-10,,2025-06-07,PENDING,"$2,338.00"
ORD-10916,CUST-647,ST-14,CP-57,06-06-2024,pending,12861
ORD-10917,CUST-3729,ST-17,CP-161,21-03-2025,closed,4567
ORD-10918,CUST-3912,ST-14,CP-111,11/04/2025,ACTIVE,14612
ORD-10919,CUST-4352,ST-13,CP-29,2024-03-09,PENDING,"19,984.00"
ORD-10920,CUST-289,ST-17,,2025-11-09, Active ,"14,777.00"
ORD-10921,CUST-1841,ST-23,,2025-11-23,ACTIVE,"$12,746.00"
ORD-10922,CUST-1002,ST-25,CP-68,03/09/2026, Active ,$160.00
ORD-10923,CUST-2934,ST-24,,2025-10-16,active,"7,058.00"
ORD-10924,CUST-4847,ST-23,,2025-08-25,PENDING,13531
ORD-10925,CUST-1512,ST-24,CP-128,08-10-2026,pending,12665
ORD-10926,CUST-1833,ST-8,,01/20/2026,active,"$1,761.00"
ORD-10927,CUST-2359,ST-18,CP-2,04/21/2026,ACTIVE,15854
ORD-10928,CUST-3817,ST-4,,2025-05-15,active,8162
ORD-10929,CUST-2247,ST-10,,05/07/2026,CLOSED,16537
ORD-10930,CUST-3609,ST-16,,04/06/2024, Active ,8534
ORD-10931,CUST-3785,ST-15,,01/18/2024,pending,7874
ORD-10932,CUST-2260,ST-20,,03/24/2026,ACTIVE,10702
ORD-10933,CUST-3505,ST-24,,26-12-2025, Active ,"$17,548.00"
ORD-10934,CUST-4353,ST-1,,2024-05-28,pending,"13,001.00"
ORD-10935,CUST-373,ST-12,,2025-11-05,CLOSED,"$1,045.00"
ORD-10936,CUST-3067,ST-3,,2026-10-25,closed,10797
ORD-10937,CUST-2161,ST-11,,2025-10-16,CLOSED,18374
ORD-10938,CUST-930,ST-10,,25-08-2024,CLOSED,4485
ORD-10939,CUST-970,ST-22,CP-38,2025-07-28, Active ,"$12,463.00"
ORD-10940,CUST-1684,ST-1,,2024-09-26,ACTIVE,"12,521.00"
ORD-10941,CUST-1155,ST-24,,06/20/2025,CLOSED,1780
ORD-10942,CUST-259,ST-25,,2025-10-21,PENDING,4393
ORD-10943,CUST-2915,ST-20,,09/21/2025,ACTIVE,7340
ORD-10944,CUST-4801,ST-22,,2025-12-07,CLOSED,"$9,366.00"
ORD-10945,CUST-4773,ST-15,,2024-05-26,active,"12,763.00"
ORD-10946,CUST-2668,ST-12,CP-143,10/21/2026,active,"1,165.00"
ORD-10947,CUST-2633,ST-19,CP-198,27-01-2026,active,15762
ORD-10948,CUST-721,ST-14,,2025-08-08,active,"$15,484.00"
ORD-10949,CUST-2331,ST-22,CP-16,2024-01-16,pending,"$1,854.00"
ORD-10950,CUST-963,ST-12,,28-02-2025,ACTIVE,"$3,363.00"
ORD-10951,CUST-54,ST-16,,2026-11-17, Active ,9349
ORD-10952,CUST-1195,ST-5,,06/07/2025,pending,"$18,641.00"
ORD-10953,CUST-3989,ST-22,,28-08-2026,active,5510
ORD-10954,CUST-4571,ST-3,,08/26/2024,active,6082
ORD-10955,CUST-114,ST-23,,2026-08-10,CLOSED,13915
ORD-10956,CUST-75,ST-3,CP-43,08/14/2026,ACTIVE,19805
ORD-10957,CUST-3256,ST-2,,2025-07-03,CLOSED,19579
ORD-10958,CUST-2188,ST-20,,03/13/2026, Active ,"1,716.00"
ORD-10959,CUST-2921,ST-23,,18-12-2024,pending,10725
ORD-10960,CUST-4685,ST-17,CP-5,2024-08-10, Active ,"$7,196.00"
ORD-10961,CUST-4729,ST-4,,05/21/2026,ACTIVE,17679
ORD-10962,CUST-1696,ST-23,,2025-09-04,ACTIVE,15658
ORD-10963,CUST-3943,ST-8,CP-38,02/09/2024,closed,18080
ORD-10964,CUST-4495,ST-6,,23-09-2025,ACTIVE,"$13,895.00"
ORD-10965,CUST-3829,ST-22,,11/11/2024,closed,2588
ORD-10966,CUST-2878,ST-9,CP-3,18-04-2026, Active ,4150
ORD-10967,CUST-1168,ST-4,,2026-07-01, Active ,11504
ORD-10968,CUST-2266,ST-18,,10/18/2026,PENDING,865.00
ORD-10969,CUST-1454,ST-2,,2025-04-23,active,"19,413.00"
ORD-10970,CUST-1139,ST-10,,12-01-2026,CLOSED,16683
ORD-10971,CUST-3216,ST-4,,07/03/2024,closed,6334
ORD-10972,CUST-4343,ST-16,,10/02/2024,CLOSED,"$12,224.00"
ORD-10973,CUST-4072,ST-25,,12/19/2025,PENDING,"$19,097.00"
ORD-10974,CUST-911,ST-2,,2024-01-22,active,"10,001.00"
ORD-10975,CUST-2981,ST-25,,22-09-2024,pending,"$17,380.00"
ORD-10976,CUST-4142,ST-14,,19-09-2026,PENDING,"7,141.00"
ORD-10977,CUST-2732,ST-7,,2026-12-04,closed,17001
ORD-10978,CUST-3580,ST-20,,2025-09-10,CLOSED,7421
ORD-10979,CUST-1116,ST-15,CP-62,2024-01-25,CLOSED,"$16,944.00"
ORD-10980,CUST-3039,ST-7,,2024-09-27,CLOSED,"6,160.00"
ORD-10981,CUST-4205,ST-24,CP-170,08/11/2024,pending,8934
ORD-10982,CUST-512,ST-17,,08/16/2024,ACTIVE,16188
ORD-10983,CUST-3214,ST-14,,2025-07-27,pending,1377
ORD-10984,CUST-1029,ST-19,,08/09/2025,active,"$3,718.00"
ORD-10985,CUST-2607,ST-11,CP-166,2024-04-08,closed,10006
ORD-10986,CUST-2056,ST-9,,10/23/2025,ACTIVE,"$19,510.00"
ORD-10987,CUST-91,ST-12,,2026-11-14,active,5010
ORD-10988,CUST-1837,ST-16,,2025-09-04,CLOSED,16304
ORD-10989,CUST-3430,ST-13,,10/18/2024,pending,9054
ORD-10990,CUST-3713,ST-3,,08/12/2025,PENDING,12973
ORD-10991,CUST-1423,ST-17,,09/20/2026,ACTIVE,2682
ORD-10992,CUST-4866,ST-9,CP-8,09-05-2026,PENDING,"$11,590.00"
ORD-10993,CUST-1828,ST-16,,2024-06-03,PENDING,15721
ORD-10994,CUST-4499,ST-10,CP-84,2024-04-07,closed,10362
ORD-10995,CUST-2934,ST-2,,28-11-2026,active,"$11,587.00"
ORD-10996,CUST-4233,ST-11,,2024-09-22,CLOSED,6511
ORD-10997,CUST-4098,ST-20,,2024-07-27,closed,"10,200.00"
ORD-10998,CUST-419,ST-17,,08/25/2024,ACTIVE,"$7,025.00"
ORD-10999,CUST-725,ST-19,CP-193,18-05-2026,active,"$11,785.00"
ORD-11000,CUST-4379,ST-11,,2026-02-19,CLOSED,$259.00
ORD-11001,CUST-4376,ST-10,CP-144,03-02-2024,PENDING,6535
ORD-11002,CUST-1585,ST-19,,2024-11-17,ACTIVE,"$7,969.00"
ORD-11003,CUST-3055,ST-15,,08-08-2026,ACTIVE,"14,071.00"
ORD-11004,CUST-4559,ST-4,,20-09-2025,pending,19188
ORD-11005,CUST-2003,ST-18,,18-08-2025,ACTIVE,15318
ORD-11006,CUST-2548,ST-20,,10/07/2026,pending,6506
ORD-11007,CUST-136,ST-2,CP-81,12/21/2025,pending,15288
ORD-11008,CUST-181,ST-21,,09/03/2026,PENDING,10651
ORD-11009,CUST-3406,ST-14,,11/17/2026,pending,"1,130.00"
ORD-11010,CUST-3049,ST-25,,2025-01-10,ACTIVE,"$11,258.00"
ORD-11011,CUST-139,ST-14,,07/24/2026,pending,13768
ORD-11012,CUST-2727,ST-18,,18-12-2024,closed,"$19,111.00"
ORD-11013,CUST-2181,ST-14,,05/28/2024,closed,3281
ORD-11014,CUST-2960,ST-25,CP-74,07/04/2024,pending,"13,089.00"
ORD-11015,CUST-4029,ST-16,,04/28/2024,closed,19359
ORD-11016,CUST-2799,ST-20,CP-45,12/11/2025,closed,10148
ORD-11017,CUST-2245,ST-10,,23-05-2024, Active ,"$17,336.00"
ORD-11018,CUST-2030,ST-15,,2026-02-06,PENDING,7394
ORD-11019,CUST-1389,ST-1,,2025-09-27,PENDING,3736
ORD-11020,CUST-1269,ST-11,CP-10,2025-10-03,ACTIVE,6172
ORD-11021,CUST-2673,ST-24,,2024-06-05,pending,"$6,909.00"
ORD-11022,CUST-2798,ST-7,,07/26/2025, Active ,12276
ORD-11023,CUST-1075,ST-3,,04/05/2024,pending,"19,381.00"
ORD-11024,CUST-1650,ST-17,CP-196,10/07/2024,active,11608
ORD-11025,CUST-3717,ST-23,CP-158,01/12/2026,pending,"19,291.00"
ORD-11026,CUST-1909,ST-24,,27-06-2024,active,3972
ORD-11027,CUST-2034,ST-1,,11/25/2024,pending,1055
ORD-11028,CUST-341,ST-2,,2024-01-16,PENDING,5804
ORD-11029,CUST-4352,ST-10,,2026-07-09,pending,5074
ORD-11030,CUST-4138,ST-11,,02/03/2024,PENDING,5834
ORD-11031,CUST-1534,ST-23,,2025-04-13,closed,11993
ORD-11032,CUST-1875,ST-6,CP-19,08/22/2025,pending,2720
ORD-11033,CUST-4420,ST-7,CP-110,04-07-2025,active,18091
ORD-11034,CUST-3359,ST-1,,22-05-2024,closed,4614
ORD-11035,CUST-3446,ST-10,,2024-07-24,PENDING,124
ORD-11036,CUST-1450,ST-5,CP-77,26-10-2026,PENDING,"$13,913.00"
ORD-11037,CUST-1647,ST-22,,2025-01-06,CLOSED,16840
ORD-11038,CUST-3122,ST-10,,09-07-2026,closed,"$11,081.00"
ORD-11039,CUST-1756,ST-5,,22-12-2024,ACTIVE,8480
ORD-11040,CUST-4725,ST-5,,2024-06-19,PENDING,"$12,690.00"
ORD-11041,CUST-1242,ST-3,,2026-01-21,PENDING,9734
ORD-11042,CUST-2610,ST-5,,12/26/2025,active,"18,332.00"
ORD-11043,CUST-845,ST-21,CP-150,01/28/2026, Active ,"$9,056.00"
ORD-11044,CUST-4176,ST-24,CP-175,17-11-2025,CLOSED,13808
ORD-11045,CUST-673,ST-7,,18-06-2026,PENDING,5209
ORD-11046,CUST-3911,ST-2,,12/16/2025,PENDING,4837
ORD-11047,CUST-4205,ST-23,,2024-05-23,closed,19153
ORD-11048,CUST-316,ST-16,CP-188,2024-03-04,CLOSED,18711
ORD-11049,CUST-3745,ST-2,CP-52,2024-06-16,ACTIVE,"$13,818.00"
ORD-11050,CUST-1064,ST-25,,2025-11-08,closed,"4,998.00"
ORD-11051,CUST-1551,ST-9,CP-6,02/04/2024,pending,"$15,356.00"
ORD-11052,CUST-4724,ST-1,CP-84,2026-01-23,pending,801
ORD-11053,CUST-4882,ST-13,,17-03-2026, Active ,"$8,023.00"
ORD-11054,CUST-3463,ST-22,CP-3,2025-09-08, Active ,"$19,609.00"
ORD-11055,CUST-1814,ST-4,,08/23/2026,active,"$10,619.00"
ORD-11056,CUST-3116,ST-24,,24-10-2024,pending,16427
ORD-11057,CUST-4037,ST-14,,07/25/2025,CLOSED,"16,651.00"
ORD-11058,CUST-3093,ST-18,,23-07-2024,ACTIVE,13715
ORD-11059,CUST-2952,ST-4,CP-81,2025-11-20, Active ,13441
ORD-11060,CUST-3738,ST-20,CP-121,2024-02-01,pending,"$16,969.00"
ORD-11061,CUST-2599,ST-21,,2025-09-05,CLOSED,"12,306.00"
ORD-11062,CUST-4613,ST-2,CP-188,11-06-2025,CLOSED,14236
ORD-11063,CUST-119,ST-12,CP-82,09-01-2026,closed,"16,863.00"
ORD-11064,CUST-4121,ST-7,CP-129,2026-06-15, Active ,13345
ORD-11065,CUST-4289,ST-7,CP-153,2025-01-17,ACTIVE,12253
ORD-11066,CUST-3514,ST-5,CP-20,02/21/2024,PENDING,17230
ORD-11067,CUST-1009,ST-7,CP-172,2026-08-09,pending,"$1,754.00"
ORD-11068,CUST-886,ST-24,,2025-07-20,pending,8038
ORD-11069,CUST-3334,ST-15,CP-118,2026-07-18,active,17235
ORD-11070,CUST-1543,ST-11,,2024-05-26,closed,"$10,740.00"
ORD-11071,CUST-1155,ST-9,,2026-02-01,CLOSED,"$5,945.00"
ORD-11072,CUST-2663,ST-14,,20-11-2026,CLOSED,8876
ORD-11073,CUST-3240,ST-5,CP-101,2026-09-12,CLOSED,14520
ORD-11074,CUST-2491,ST-13,,01/15/2024, Active ,10384
ORD-11075,CUST-3900,ST-4,,2024-10-09,closed,13973
ORD-11076,CUST-765,ST-10,,2025-06-28, Active ,"$4,545.00"
ORD-11077,CUST-3699,ST-1,,02/03/2026,active,"$12,830.00"
ORD-11078,CUST-3073,ST-11,CP-173,2024-04-19,pending,"$14,232.00"
ORD-11079,CUST-3706,ST-7,,09/13/2026, Active ,"$10,910.00"
ORD-11080,CUST-1650,ST-23,CP-133,2026-08-07,closed,"9,858.00"
ORD-11081,CUST-37,ST-5,CP-10,04/09/2024,active,"$3,965.00"
ORD-11082,CUST-587,ST-14,,03/19/2025,pending,9025
ORD-11083,CUST-2171,ST-13,,2026-04-07,closed,"$8,190.00"
ORD-11084,CUST-4229,ST-9,,02-09-2026,CLOSED,"14,109.00"
ORD-11085,CUST-1830,ST-5,,06/03/2024,closed,7491
ORD-11086,CUST-4914,ST-11,CP-185,2026-04-10,PENDING,"$13,240.00"
ORD-11087,CUST-204,ST-6,,2025-10-13,ACTIVE,7136
ORD-11088,CUST-1182,ST-15,,06/13/2026,ACTIVE,2059
ORD-11089,CUST-1988,ST-12,CP-38,2025-02-28,PENDING,14237
ORD-11090,CUST-1208,ST-3,CP-73,26-09-2026, Active ,17451
ORD-11091,CUST-1774,ST-3,,03/21/2024,pending,"$5,241.00"
ORD-11092,CUST-3040,ST-14,,2026-04-22,PENDING,17895
ORD-11093,CUST-3390,ST-6,,2026-07-09,closed,"$17,792.00"
ORD-11094,CUST-4122,ST-16,,05/04/2025, Active ,433.00
ORD-11095,CUST-2059,ST-7,,04-01-2026,ACTIVE,"$9,358.00"
ORD-11096,CUST-3660,ST-15,,2025-01-05,closed,6512
ORD-11097,CUST-1585,ST-1,,03-12-2025,ACTIVE,12472
ORD-11098,CUST-2729,ST-23,CP-158,08/05/2024,closed,7447
ORD-11099,CUST-1067,ST-17,,22-12-2024, Active ,"18,766.00"
ORD-11100,CUST-484,ST-2,CP-156,01/12/2024,CLOSED,234
ORD-11101,CUST-975,ST-12,,2026-09-08,active,12930
ORD-11102,CUST-4986,ST-22,,2026-01-20,ACTIVE,11395
ORD-11103,CUST-871,ST-22,,2025-02-20,ACTIVE,6012
ORD-11104,CUST-2401,ST-18,,03-03-2026,CLOSED,6027
ORD-11105,CUST-4447,ST-24,,2024-12-13, Active ,"$6,364.00"
ORD-11106,CUST-3792,ST-18,,2024-09-22,PENDING,"$11,119.00"
ORD-11107,CUST-3008,ST-12,,2024-06-22,CLOSED,"$17,753.00"
ORD-11108,CUST-4674,ST-18,,2025-01-26,CLOSED,195
ORD-11109,CUST-3333,ST-8,CP-142,2024-02-14,closed,"$2,053.00"
ORD-11110,CUST-758,ST-20,CP-37,01/05/2025,pending,"$3,225.00"
ORD-11111,CUST-1933,ST-18,,07/07/2026, Active ,4611
ORD-11112,CUST-4229,ST-1,CP-50,20-05-2025,PENDING,"1,599.00"
ORD-11113,CUST-1597,ST-19,,2024-03-07,PENDING,"$11,426.00"
ORD-11114,CUST-3018,ST-7,,2025-08-13,ACTIVE,"$18,420.00"
ORD-11115,CUST-4726,ST-18,CP-11,2026-05-18,ACTIVE,"18,251.00"
ORD-11116,CUST-3782,ST-2,CP-100,15-03-2024,ACTIVE,"10,010.00"
ORD-11117,CUST-1426,ST-2,,2025-05-08, Active ,17899
ORD-11118,CUST-4170,ST-16,,2026-02-11,active,"19,262.00"
ORD-11119,CUST-3209,ST-23,CP-140,15-10-2025,ACTIVE,2464
ORD-11120,CUST-3254,ST-25,,2024-09-24,ACTIVE,7499
ORD-11121,CUST-2956,ST-7,,02/01/2025,pending,19324
ORD-11122,CUST-4568,ST-4,,2025-09-10,CLOSED,"$8,322.00"
ORD-11123,CUST-4179,ST-8,,07-04-2026,pending,15516
ORD-11124,CUST-1637,ST-16,,2024-02-23,closed,"$17,812.00"
ORD-11125,CUST-1779,ST-24,,10/19/2025,ACTIVE,"8,051.00"
ORD-11126,CUST-4875,ST-13,,2025-02-25,pending,8074
ORD-11127,CUST-2069,ST-21,,2024-12-08,active,15782
ORD-11128,CUST-217,ST-7,,2024-05-22,active,"$6,765.00"
ORD-11129,CUST-2488,ST-1,CP-111,2025-03-27,ACTIVE,"15,404.00"
ORD-11130,CUST-1668,ST-19,,2024-11-13,active,1855
ORD-11131,CUST-4751,ST-4,,2026-11-02,active,"$9,433.00"
ORD-11132,CUST-3886,ST-10,CP-77,13-04-2026,pending,731
ORD-11133,CUST-2719,ST-9,,07/08/2024,PENDING,"8,223.00"
ORD-11134,CUST-247,ST-11,,12-01-2024, Active ,"$3,291.00"
ORD-11135,CUST-2738,ST-8,,2025-02-11,closed,3940
ORD-11136,CUST-4729,ST-22,,2024-02-10,PENDING,"$9,277.00"
ORD-11137,CUST-3351,ST-11,CP-59,07/19/2025,active,19821
ORD-11138,CUST-3677,ST-6,CP-103,02/05/2024, Active ,414.00
ORD-11139,CUST-1757,ST-21,,2026-10-23,closed,"$11,946.00"
ORD-11140,CUST-3882,ST-8,,2025-07-02,closed,9782
ORD-11141,CUST-235,ST-12,CP-29,07-06-2024,CLOSED,$62.00
ORD-11142,CUST-1210,ST-5,,2024-11-04,closed,13807
ORD-11143,CUST-1370,ST-20,,18-10-2026,active,16897
ORD-11144,CUST-2970,ST-12,,2025-07-26,PENDING,"$17,646.00"
ORD-11145,CUST-1023,ST-5,CP-82,2025-09-16,CLOSED,"16,430.00"
ORD-11146,CUST-1519,ST-22,,01/18/2024,active,"$13,055.00"
ORD-11147,CUST-3433,ST-11,,2024-04-05,CLOSED,12491
ORD-11148,CUST-734,ST-11,,2025-04-21,ACTIVE,"17,794.00"
ORD-11149,CUST-4220,ST-24,CP-93,09/17/2024, Active ,7233
ORD-11150,CUST-2984,ST-6,,03/27/2026, Active ,"$1,689.00"
ORD-11151,CUST-2377,ST-8,,15-10-2026,active,"5,908.00"
ORD-11152,CUST-3729,ST-7,,06/22/2026,CLOSED,"1,672.00"
ORD-11153,CUST-396,ST-17,,02/08/2026,closed,6937
ORD-11154,CUST-1765,ST-11,,09/07/2025,PENDING,"$18,842.00"
ORD-11155,CUST-3389,ST-14,,11/25/2024,ACTIVE,4690
ORD-11156,CUST-2519,ST-1,,14-05-2024, Active ,10053
ORD-11157,CUST-4089,ST-13,CP-20,2024-02-05,CLOSED,"$14,416.00"
ORD-11158,CUST-118,ST-13,,2026-07-15, Active ,"$2,383.00"
ORD-11159,CUST-1643,ST-10,CP-90,10-03-2025,PENDING,"$18,236.00"
ORD-11160,CUST-2958,ST-20,,11/13/2026,pending,"$8,627.00"
ORD-11161,CUST-1575,ST-1,,2024-06-18,PENDING,18269
ORD-11162,CUST-4329,ST-19,,2026-06-06,ACTIVE,8718
ORD-11163,CUST-4413,ST-14,,2025-06-16,PENDING,5833
ORD-11164,CUST-2140,ST-2,CP-80,14-04-2025,PENDING,10837
ORD-11165,CUST-3145,ST-8,,11-09-2026,active,"$11,910.00"
ORD-11166,CUST-852,ST-2,,2026-01-14, Active ,15997
ORD-11167,CUST-678,ST-25,,2024-10-25,ACTIVE,13061
ORD-11168,CUST-4208,ST-13,CP-179,04/21/2024,closed,"5,771.00"
ORD-11169,CUST-1081,ST-18,,2025-12-02,closed,12959
ORD-11170,CUST-4858,ST-7,,08/25/2024,closed,"12,977.00"
ORD-11171,CUST-470,ST-12,,01/02/2025,CLOSED,628
ORD-11172,CUST-3192,ST-6,,2026-02-14, Active ,13401
ORD-11173,CUST-670,ST-14,,2024-02-25, Active ,"$9,415.00"
ORD-11174,CUST-1927,ST-19,,2026-07-11,CLOSED,"$17,355.00"
ORD-11175,CUST-4954,ST-22,,2025-10-13,CLOSED,"$14,374.00"
ORD-11176,CUST-1942,ST-16,,03/17/2025,active,"$4,587.00"
ORD-11177,CUST-2890,ST-4,,10/10/2026,PENDING,"19,118.00"
ORD-11178,CUST-3374,ST-3,,2025-06-20,closed,"$14,622.00"
ORD-11179,CUST-4332,ST-23,,26-08-2024,active,"$19,164.00"
ORD-11180,CUST-2662,ST-21,CP-23,01/10/2024,pending,6875
ORD-11181,CUST-2133,ST-24,,20-03-2026,active,"$19,943.00"
ORD-11182,CUST-2782,ST-14,CP-46,2025-04-21, Active ,"2,002.00"
ORD-11183,CUST-3885,ST-25,,07/01/2024,closed,1472
ORD-11184,CUST-1014,ST-11,,24-02-2024,CLOSED,14000
ORD-11185,CUST-662,ST-9,,2026-04-19,PENDING,17615
ORD-11186,CUST-4007,ST-6,CP-120,07/08/2025,CLOSED,"14,765.00"
ORD-11187,CUST-1621,ST-19,,05/19/2026,CLOSED,"$3,495.00"
ORD-11188,CUST-3183,ST-2,,2025-05-01,CLOSED,10558
ORD-11189,CUST-475,ST-17,,2025-08-11, Active ,10925
ORD-11190,CUST-4557,ST-19,,02/07/2024,CLOSED,"$8,162.00"
ORD-11191,CUST-3278,ST-13,CP-154,2025-07-15,closed,18722
ORD-11192,CUST-623,ST-12,CP-6,14-07-2026,ACTIVE,4992
ORD-11193,CUST-2533,ST-9,CP-62,10/12/2024,pending,"$9,813.00"
ORD-11194,CUST-1990,ST-2,,06/09/2026,ACTIVE,5071
ORD-11195,CUST-1431,ST-21,,2025-05-06,PENDING,"7,387.00"
ORD-11196,CUST-2898,ST-2,,2024-05-10, Active ,"10,808.00"
ORD-11197,CUST-177,ST-22,,28-08-2025, Active ,"19,565.00"
ORD-11198,CUST-4574,ST-19,,17-04-2025,PENDING,6798
ORD-11199,CUST-2214,ST-5,CP-8,08-03-2026,CLOSED,"$14,229.00"
ORD-11200,CUST-3325,ST-21,CP-169,2025-01-10, Active ,"19,393.00"
ORD-11201,CUST-1822,ST-14,,01/04/2024,CLOSED,"5,118.00"
ORD-11202,CUST-4328,ST-20,,2025-11-01,ACTIVE,17023
ORD-11203,CUST-874,ST-22,,07/27/2026,ACTIVE,14245
ORD-11204,CUST-923,ST-7,CP-191,03/13/2025,active,17895
ORD-11205,CUST-4400,ST-25,,2025-12-28,CLOSED,"$3,194.00"
ORD-11206,CUST-33,ST-24,,2026-12-19,pending,12887
ORD-11207,CUST-1218,ST-12,CP-73,2024-02-07,active,$783.00
ORD-11208,CUST-2710,ST-20,CP-44,10/22/2025,pending,2588
ORD-11209,CUST-1113,ST-8,CP-195,2025-04-15,pending,13184
ORD-11210,CUST-3994,ST-18,,2025-09-09, Active ,"$16,189.00"
ORD-11211,CUST-1761,ST-23,,2024-05-19,pending,$233.00
ORD-11212,CUST-3672,ST-19,,24-02-2026,active,"6,924.00"
ORD-11213,CUST-3066,ST-3,CP-82,12/21/2026,PENDING,"10,685.00"
ORD-11214,CUST-776,ST-25,,2026-09-15,pending,"1,939.00"
ORD-11215,CUST-1133,ST-3,,08/08/2025,active,7352
ORD-11216,CUST-2371,ST-2,,2024-03-01,CLOSED,"$19,325.00"
ORD-11217,CUST-4504,ST-3,CP-28,10/03/2024,pending,1577
ORD-11218,CUST-912,ST-20,,2024-05-23, Active ,"$14,133.00"
ORD-11219,CUST-2037,ST-1,CP-48,2025-11-28,CLOSED,"$6,683.00"
ORD-11220,CUST-4560,ST-17,,04/12/2024,ACTIVE,19877
ORD-11221,CUST-124,ST-12,,07/19/2025,active,"$6,227.00"
ORD-11222,CUST-2446,ST-7,,2026-10-21, Active ,16920
ORD-11223,CUST-547,ST-13,,16-04-2025, Active ,9607
ORD-11224,CUST-4338,ST-8,CP-120,2025-11-25,ACTIVE,"$1,549.00"
ORD-11225,CUST-2181,ST-21,,2024-09-27, Active ,7038
ORD-11226,CUST-4344,ST-4,CP-178,07/16/2026,ACTIVE,11594
ORD-11227,CUST-2550,ST-22,,2024-02-21,PENDING,"$7,832.00"
ORD-11228,CUST-3706,ST-9,,11/01/2026,ACTIVE,"$15,505.00"
ORD-11229,CUST-2349,ST-22,,12/20/2025,active,"$18,618.00"
ORD-11230,CUST-3567,ST-6,CP-25,10/20/2026,active,"$5,125.00"
ORD-11231,CUST-3079,ST-5,,2026-06-28,pending,6492
ORD-11232,CUST-4644,ST-17,,03/16/2025,active,11182
ORD-11233,CUST-3900,ST-6,,2026-05-03,active,17776
ORD-11234,CUST-3222,ST-11,CP-160,2025-11-10,ACTIVE,"$5,593.00"
ORD-11235,CUST-1111,ST-11,CP-111,09-11-2025,active,"$2,077.00"
ORD-11236,CUST-909,ST-19,CP-38,2024-02-22,closed,15342
ORD-11237,CUST-892,ST-23,CP-167,2025-12-21,CLOSED,7468
ORD-11238,CUST-3690,ST-24,,01/18/2025,closed,891
ORD-11239,CUST-450,ST-20,,06/14/2025,ACTIVE,"$18,074.00"
ORD-11240,CUST-1460,ST-14,,17-01-2024, Active ,"$10,848.00"
ORD-11241,CUST-1545,ST-16,,2024-05-24, Active ,"$8,961.00"
ORD-11242,CUST-3952,ST-17,CP-184,2025-09-02,pending,479
ORD-11243,CUST-2282,ST-19,CP-71,2025-03-05,active,"15,138.00"
ORD-11244,CUST-4749,ST-25,CP-150,2026-06-13,pending,"$14,060.00"
ORD-11245,CUST-157,ST-17,,2024-06-02,ACTIVE,18486
ORD-11246,CUST-3504,ST-19,CP-185,03/27/2026,CLOSED,7242
ORD-11247,CUST-3565,ST-4,,24-08-2025,pending,"$19,247.00"
ORD-11248,CUST-2994,ST-18,,05/12/2024,active,16382
ORD-11249,CUST-4235,ST-8,,2024-11-18,PENDING,"5,974.00"
ORD-11250,CUST-4399,ST-24,,2025-05-07,pending,14161
ORD-11251,CUST-1159,ST-4,,2025-11-24,active,19245
ORD-11252,CUST-1418,ST-14,,2026-02-05, Active ,"11,470.00"
ORD-11253,CUST-3707,ST-14,,2025-04-10,closed,4033
ORD-11254,CUST-4474,ST-2,,07/25/2025,closed,2265
ORD-11255,CUST-271,ST-2,CP-86,2024-02-02, Active ,"$2,288.00"
ORD-11256,CUST-841,ST-4,,01-12-2025,ACTIVE,7280
ORD-11257,CUST-3991,ST-8,,2025-03-11,pending,"$11,595.00"
ORD-11258,CUST-2938,ST-20,,2026-05-20, Active ,"8,608.00"
ORD-11259,CUST-4337,ST-20,CP-136,2026-05-25,PENDING,3123
ORD-11260,CUST-3238,ST-14,,2024-11-25,ACTIVE,8192
ORD-11261,CUST-3668,ST-4,,08/26/2024,pending,$281.00
ORD-11262,CUST-3531,ST-11,CP-58,2026-08-07,pending,16025
ORD-11263,CUST-3566,ST-20,,2026-01-21,active,13970
ORD-11264,CUST-470,ST-6,,07-12-2024,pending,4066
ORD-11265,CUST-2767,ST-23,,2026-04-19, Active ,"$15,213.00"
ORD-11266,CUST-4549,ST-21,,2026-05-17, Active ,10759
ORD-11267,CUST-4663,ST-2,,2024-08-04, Active ,9800
ORD-11268,CUST-4441,ST-2,,2026-02-25,pending,"$19,337.00"
ORD-11269,CUST-2969,ST-22,,28-09-2026,closed,"$15,840.00"
ORD-11270,CUST-286,ST-10,,2024-12-06,ACTIVE,"$8,541.00"
ORD-11271,CUST-2193,ST-22,,2025-09-01,closed,4647
ORD-11272,CUST-2810,ST-6,,2024-02-18,closed,13537
ORD-11273,CUST-2259,ST-17,CP-38,19-07-2024,active,"$7,565.00"
ORD-11274,CUST-661,ST-9,CP-82,01/07/2025,ACTIVE,9411
ORD-11275,CUST-855,ST-6,,2024-06-04,closed,"$5,049.00"
ORD-11276,CUST-1559,ST-13,,2026-05-11, Active ,"19,751.00"
ORD-11277,CUST-1267,ST-18,,02/23/2024, Active ,"$19,587.00"
ORD-11278,CUST-4043,ST-12,,2026-01-27,PENDING,"$12,250.00"
ORD-11279,CUST-4757,ST-25,CP-24,2024-05-09, Active ,"$1,317.00"
ORD-11280,CUST-3580,ST-18,,2024-12-02,pending,15898
ORD-11281,CUST-3862,ST-6,,2026-06-03, Active ,18838
ORD-11282,CUST-1667,ST-18,CP-180,2024-12-28,pending,1658
ORD-11283,CUST-1824,ST-5,,2024-04-10,ACTIVE,2345
ORD-11284,CUST-4995,ST-3,,2025-09-05, Active ,17722
ORD-11285,CUST-635,ST-9,,2026-02-01,pending,9919
ORD-11286,CUST-1285,ST-22,,02-12-2024,CLOSED,58
ORD-11287,CUST-461,ST-23,,20-08-2025,pending,"18,008.00"
ORD-11288,CUST-3309,ST-25,CP-157,2025-02-18,ACTIVE,"$2,343.00"
ORD-11289,CUST-1628,ST-13,,10/02/2024,active,"5,793.00"
ORD-11290,CUST-2635,ST-9,,25-10-2024,CLOSED,"1,418.00"
ORD-11291,CUST-2094,ST-19,,2024-02-02,CLOSED,17056
ORD-11292,CUST-2490,ST-23,,2025-10-22, Active ,1544
ORD-11293,CUST-2965,ST-21,,2026-03-20,active,"$13,198.00"
ORD-11294,CUST-3607,ST-4,CP-153,2025-01-03,active,"7,741.00"
ORD-11295,CUST-3870,ST-19,,2024-12-02, Active ,"$11,707.00"
ORD-11296,CUST-4773,ST-1,CP-163,16-12-2026,PENDING,6298
ORD-11297,CUST-569,ST-8,,14-11-2026,PENDING,15254
ORD-11298,CUST-1546,ST-6,,2026-10-16, Active ,13297
ORD-11299,CUST-3894,ST-6,,08/23/2025,ACTIVE,"$9,562.00"
ORD-11300,CUST-1942,ST-6,CP-88,01/18/2025,pending,4226
ORD-11301,CUST-3345,ST-11,,2024-07-14,PENDING,"15,610.00"
ORD-11302,CUST-721,ST-16,,08/13/2024,PENDING,"10,894.00"
ORD-11303,CUST-2916,ST-10,,02/22/2026,PENDING,14225
ORD-11304,CUST-2517,ST-24,CP-151,01/23/2024,active,17662
ORD-11305,CUST-2542,ST-2,,2026-03-01, Active ,"19,249.00"
ORD-11306,CUST-1856,ST-19,,08-04-2024,ACTIVE,"15,561.00"
ORD-11307,CUST-2283,ST-20,CP-34,01/06/2025, Active ,"$3,550.00"
ORD-11308,CUST-1238,ST-16,,03/04/2025, Active ,"$2,273.00"
ORD-11309,CUST-2995,ST-1,,2025-12-27,pending,12013
ORD-11310,CUST-217,ST-1,CP-14,2025-01-20,CLOSED,10709
ORD-11311,CUST-4009,ST-11,,23-08-2026,active,"$10,940.00"
ORD-11312,CUST-2610,ST-1,CP-135,2026-07-22,CLOSED,"$13,499.00"
ORD-11313,CUST-2079,ST-17,,08/25/2024, Active ,15332
ORD-11314,CUST-1381,ST-20,,2026-11-16,CLOSED,"5,199.00"
ORD-11315,CUST-120,ST-2,,07/27/2025,CLOSED,14553
ORD-11316,CUST-2142,ST-1,CP-123,2026-03-10,ACTIVE,"9,442.00"
ORD-11317,CUST-1367,ST-6,,13-05-2024, Active ,"16,256.00"
ORD-11318,CUST-3814,ST-23,,23-03-2026,closed,"$15,958.00"
ORD-11319,CUST-1858,ST-25,,2026-04-09,CLOSED,8487
ORD-11320,CUST-3787,ST-6,,2024-05-08,active,"$3,238.00"
ORD-11321,CUST-2073,ST-23,CP-98,2026-02-10,CLOSED,"$7,407.00"
ORD-11322,CUST-4940,ST-1,,15-09-2026,ACTIVE,"11,684.00"
ORD-11323,CUST-2429,ST-6,CP-96,2025-07-08,pending,8893
ORD-11324,CUST-1479,ST-23,,2026-09-17,ACTIVE,"$10,050.00"
ORD-11325,CUST-1426,ST-25,,07/08/2024,pending,10524
ORD-11326,CUST-3676,ST-21,CP-100,2026-11-24,pending,4575
ORD-11327,CUST-1592,ST-19,,15-01-2025,CLOSED,5745
ORD-11328,CUST-3336,ST-12,,2026-10-07,active,18925
ORD-11329,CUST-3046,ST-16,CP-101,2026-11-07,ACTIVE,10375
ORD-11330,CUST-4267,ST-25,CP-132,2026-01-03,pending,"$9,182.00"
ORD-11331,CUST-1001,ST-20,CP-44,03/07/2025,closed,"2,599.00"
ORD-11332,CUST-2777,ST-17,,2026-04-11,CLOSED,"13,250.00"
ORD-11333,CUST-1892,ST-22,CP-54,05-09-2025,closed,11001
ORD-11334,CUST-4131,ST-3,,02/22/2026, Active ,2971
ORD-11335,CUST-1386,ST-15,,2026-06-18,CLOSED,7265
ORD-11336,CUST-652,ST-13,,10/05/2025,active,"$7,465.00"
ORD-11337,CUST-140,ST-13,,19-04-2024, Active ,"4,401.00"
ORD-11338,CUST-2516,ST-9,,2024-06-26,active,"9,343.00"
ORD-11339,CUST-4407,ST-23,,05/20/2025,active,5195
ORD-11340,CUST-960,ST-20,,02/19/2024, Active ,"$2,679.00"
ORD-11341,CUST-3785,ST-8,,2026-11-19,pending,"14,402.00"
ORD-11342,CUST-3214,ST-15,CP-157,2026-01-16,CLOSED,7329
ORD-11343,CUST-3399,ST-1,,2024-02-04,PENDING,13620
ORD-11344,CUST-850,ST-12,,26-10-2026,active,15079
ORD-11345,CUST-3728,ST-16,,2024-06-07,ACTIVE,"7,227.00"
ORD-11346,CUST-4876,ST-20,,01/07/2024,CLOSED,"$7,643.00"
ORD-11347,CUST-3090,ST-6,,01/20/2024, Active ,14885
ORD-11348,CUST-452,ST-20,CP-75,26-07-2024,closed,"$6,379.00"
ORD-11349,CUST-744,ST-9,,10/25/2025,active,"$12,556.00"
ORD-11350,CUST-3110,ST-22,,2025-08-11,active,3166
ORD-11351,CUST-4177,ST-7,,12/02/2024,active,15975
ORD-11352,CUST-4578,ST-14,,03/11/2024,CLOSED,"$7,971.00"
ORD-11353,CUST-1970,ST-16,,2025-07-03,ACTIVE,15894
ORD-11354,CUST-13,ST-9,CP-127,11-11-2026,CLOSED,19320
ORD-11355,CUST-2612,ST-14,CP-189,04/12/2026,closed,$364.00
ORD-11356,CUST-2715,ST-10,CP-53,2024-11-03,closed,"$11,237.00"
ORD-11357,CUST-2235,ST-17,,09/14/2026, Active ,5551
ORD-11358,CUST-3930,ST-10,,2025-04-26,CLOSED,"7,473.00"
ORD-11359,CUST-3654,ST-18,,2024-07-08,active,3538
ORD-11360,CUST-1729,ST-12,,19-10-2026,active,9889
ORD-11361,CUST-3338,ST-9,,2025-09-10,CLOSED,11650
ORD-11362,CUST-2962,ST-10,,2026-08-28,PENDING,8551
ORD-11363,CUST-4273,ST-22,,2024-12-16,ACTIVE,16567
ORD-11364,CUST-3499,ST-12,CP-45,12-04-2025,pending,"$16,279.00"
ORD-11365,CUST-2006,ST-14,,2026-12-13,ACTIVE,"$10,646.00"
ORD-11366,CUST-4885,ST-24,,2026-05-26,CLOSED,"$11,890.00"
ORD-11367,CUST-1207,ST-8,CP-91,20-02-2025, Active ,14260
ORD-11368,CUST-2746,ST-2,,08/26/2024,PENDING,10761
ORD-11369,CUST-1099,ST-7,,17-08-2025,ACTIVE,2849
ORD-11370,CUST-291,ST-19,,15-08-2026,pending,2678
ORD-11371,CUST-1868,ST-11,CP-6,2025-09-25,ACTIVE,"$8,930.00"
ORD-11372,CUST-2954,ST-7,,19-08-2026,PENDING,971.00
ORD-11373,CUST-4891,ST-23,,08/24/2025,active,"$5,034.00"
ORD-11374,CUST-2281,ST-12,,2024-03-04,closed,"15,165.00"
ORD-11375,CUST-2766,ST-19,,08/25/2024,PENDING,5631
ORD-11376,CUST-715,ST-22,CP-188,2026-07-25,active,"$3,487.00"
ORD-11377,CUST-1152,ST-21,,08/17/2025,closed,"$4,241.00"
ORD-11378,CUST-3081,ST-2,CP-50,2024-03-17,active,13923
ORD-11379,CUST-4119,ST-20,,2025-03-05,closed,"6,650.00"
ORD-11380,CUST-2167,ST-6,,20-08-2024,active,14823
ORD-11381,CUST-1902,ST-23,CP-59,2024-07-18,ACTIVE,9812
ORD-11382,CUST-3147,ST-24,CP-91,2025-04-09,PENDING,"$6,665.00"
ORD-11383,CUST-1194,ST-9,CP-141,16-10-2026,PENDING,13477
ORD-11384,CUST-2636,ST-1,,15-11-2025,CLOSED,17600
ORD-11385,CUST-4848,ST-21,,11/03/2026,PENDING,"$2,980.00"
ORD-11386,CUST-3642,ST-1,,2024-11-14, Active ,2990
ORD-11387,CUST-922,ST-16,,2024-09-19,pending,"13,166.00"
ORD-11388,CUST-1037,ST-20,,10-09-2024,closed,3101
ORD-11389,CUST-2885,ST-5,,2024-02-13,CLOSED,"9,328.00"
ORD-11390,CUST-4621,ST-25,,2024-09-19,CLOSED,"6,736.00"
ORD-11391,CUST-3806,ST-12,,11/02/2024,pending,"$1,086.00"
ORD-11392,CUST-3498,ST-14,,16-11-2024,PENDING,19699
ORD-11393,CUST-2590,ST-16,,2024-09-13, Active ,2752
ORD-11394,CUST-750,ST-22,CP-160,2026-06-03,ACTIVE,"15,932.00"
ORD-11395,CUST-4103,ST-16,CP-7,02/17/2026,closed,"18,687.00"
ORD-11396,CUST-1701,ST-17,,2024-02-21,active,"$14,320.00"
ORD-11397,CUST-987,ST-5,,10/05/2024, Active ,7623
ORD-11398,CUST-1424,ST-13,,03/20/2024,ACTIVE,14112
ORD-11399,CUST-2608,ST-23,CP-100,20-06-2024,PENDING,"$7,055.00"
ORD-11400,CUST-4699,ST-1,,10/26/2024, Active ,"10,534.00"
ORD-11401,CUST-3475,ST-9,,2024-01-24,ACTIVE,12118
ORD-11402,CUST-3333,ST-17,,2025-05-25,PENDING,19697
ORD-11403,CUST-453,ST-16,,2026-01-07,pending,18959
ORD-11404,CUST-1539,ST-13,,2026-06-27,pending,18845
ORD-11405,CUST-77,ST-1,CP-188,2025-08-09,CLOSED,"18,085.00"
ORD-11406,CUST-3460,ST-10,,2024-02-23, Active ,8825
ORD-11407,CUST-1233,ST-20,,06-11-2026,active,"$9,329.00"
ORD-11408,CUST-3043,ST-21,CP-138,2026-06-01,active,9941
ORD-11409,CUST-2179,ST-23,CP-140,11/04/2026,closed,12177
ORD-11410,CUST-4771,ST-9,,02/20/2025,pending,6990
ORD-11411,CUST-2249,ST-13,,07-07-2024,active,"$17,454.00"
ORD-11412,CUST-753,ST-2,,2026-06-04, Active ,9563
ORD-11413,CUST-2676,ST-12,,2025-07-15,active,6706
ORD-11414,CUST-112,ST-11,CP-5,2026-09-08,active,586.00
ORD-11415,CUST-2506,ST-13,,2025-04-25, Active ,6002
ORD-11416,CUST-4958,ST-8,,2024-10-17,PENDING,17522
ORD-11417,CUST-4056,ST-6,,2025-02-25,ACTIVE,"1,103.00"
ORD-11418,CUST-3095,ST-23,CP-182,2024-05-03,ACTIVE,7462
ORD-11419,CUST-696,ST-24,,2024-01-06,pending,"$8,390.00"
ORD-11420,CUST-3551,ST-5,,08/13/2024,closed,"$17,521.00"
ORD-11421,CUST-2987,ST-5,CP-110,2025-07-22, Active ,17308
ORD-11422,CUST-2084,ST-13,CP-70,2025-09-23,active,2734
ORD-11423,CUST-3619,ST-3,CP-50,2026-11-19,CLOSED,"$14,737.00"
ORD-11424,CUST-2326,ST-14,,2025-12-18,CLOSED,10185
ORD-11425,CUST-2516,ST-12,,2025-03-03,closed,"$8,099.00"
ORD-11426,CUST-1117,ST-20,,2024-11-24,CLOSED,"$13,636.00"
ORD-11427,CUST-705,ST-10,,12-06-2026,PENDING,9686
ORD-11428,CUST-534,ST-10,,12/16/2025,CLOSED,7074
ORD-11429,CUST-1209,ST-1,,24-06-2025,closed,781
ORD-11430,CUST-3661,ST-7,CP-7,07/22/2026,ACTIVE,3532
ORD-11431,CUST-2326,ST-8,,2025-04-09,ACTIVE,"3,930.00"
ORD-11432,CUST-2085,ST-16,,2025-11-01,ACTIVE,6751
ORD-11433,CUST-3392,ST-13,,2026-09-18,ACTIVE,"$13,199.00"
ORD-11434,CUST-157,ST-10,CP-122,2026-03-03,pending,"$9,997.00"
ORD-11435,CUST-141,ST-11,,2024-01-06,pending,12363
ORD-11436,CUST-1691,ST-25,,2026-10-05, Active ,9239
ORD-11437,CUST-4761,ST-18,,12-03-2026,pending,14132
ORD-11438,CUST-4793,ST-17,CP-94,2025-10-10,pending,18295
ORD-11439,CUST-3730,ST-24,CP-72,18-07-2024,ACTIVE,"$16,514.00"
ORD-11440,CUST-4789,ST-22,,07-06-2026, Active ,9517
ORD-11441,CUST-111,ST-5,,2024-11-06, Active ,"$9,792.00"
ORD-11442,CUST-1806,ST-19,,28-11-2025,active,"$5,642.00"
ORD-11443,CUST-1312,ST-23,,2025-11-16,PENDING,18137
ORD-11444,CUST-3466,ST-20,,2024-12-09,active,"$11,428.00"
ORD-11445,CUST-3662,ST-22,,06/13/2026,pending,"$3,592.00"
ORD-11446,CUST-3242,ST-2,,02/15/2026,active,"13,124.00"
ORD-11447,CUST-2641,ST-17,,10/15/2024,active,15295
ORD-11448,CUST-934,ST-15,,05/26/2026,closed,3733
ORD-11449,CUST-24,ST-11,,2026-02-23,PENDING,3263
ORD-11450,CUST-1550,ST-22,CP-81,2025-10-25,CLOSED,8000
ORD-11451,CUST-2029,ST-17,,11/19/2026,closed,"10,348.00"
ORD-11452,CUST-4018,ST-10,,01/06/2024,pending,"13,588.00"
ORD-11453,CUST-1461,ST-16,,2025-10-05,pending,4485
ORD-11454,CUST-1129,ST-6,CP-104,2025-04-11,active,"$3,674.00"
ORD-11455,CUST-471,ST-4,,2026-03-09,active,"$8,775.00"
ORD-11456,CUST-2336,ST-15,,2024-06-23,PENDING,6400
ORD-11457,CUST-4256,ST-5,,09/04/2024,ACTIVE,2847
ORD-11458,CUST-455,ST-2,,2024-03-11,PENDING,"$12,333.00"
ORD-11459,CUST-1137,ST-19,,05/10/2025,pending,3519
ORD-11460,CUST-3127,ST-16,,2026-10-12,PENDING,15308
ORD-11461,CUST-4327,ST-24,,2026-07-09,pending,11599
ORD-11462,CUST-3038,ST-20,CP-144,10-05-2024,ACTIVE,"$14,060.00"
ORD-11463,CUST-1291,ST-18,CP-64,2026-11-24,pending,9251
ORD-11464,CUST-1134,ST-11,,2024-08-27,closed,4303
ORD-11465,CUST-4076,ST-16,CP-65,06/23/2025,pending,5093
ORD-11466,CUST-4918,ST-14,,08-02-2026,CLOSED,16892
ORD-11467,CUST-1937,ST-17,,2024-08-28,pending,"$18,364.00"
ORD-11468,CUST-1194,ST-18,,2026-08-24,active,9028
ORD-11469,CUST-2510,ST-23,CP-131,23-11-2025,active,"6,110.00"
ORD-11470,CUST-3952,ST-8,CP-168,06/16/2026,pending,"3,335.00"
ORD-11471,CUST-3117,ST-4,,08/27/2026,active,10754
ORD-11472,CUST-704,ST-20,,2025-03-13, Active ,"14,750.00"
ORD-11473,CUST-3104,ST-17,CP-41,2025-02-22,pending,"$17,375.00"
ORD-11474,CUST-3378,ST-11,,2024-01-26,CLOSED,5381
ORD-11475,CUST-941,ST-19,,07/06/2025, Active ,445
ORD-11476,CUST-435,ST-10,,08/07/2025, Active ,"$4,599.00"
ORD-11477,CUST-507,ST-21,CP-153,23-04-2025, Active ,227.00
ORD-11478,CUST-2815,ST-19,,2024-08-18,closed,"$2,817.00"
ORD-11479,CUST-4598,ST-19,CP-93,20-02-2026,ACTIVE,"$9,186.00"
ORD-11480,CUST-404,ST-20,CP-144,02/23/2026,PENDING,7624
ORD-11481,CUST-2560,ST-11,CP-162,01-01-2024,pending,"8,861.00"
ORD-11482,CUST-4243,ST-12,,2026-06-05,CLOSED,17621
ORD-11483,CUST-1629,ST-23,,2025-03-24, Active ,16202
ORD-11484,CUST-4003,ST-18,,2024-09-28,CLOSED,19391
ORD-11485,CUST-4984,ST-6,,10-02-2024,closed,"18,391.00"
ORD-11486,CUST-553,ST-6,,10/17/2025, Active ,19947
ORD-11487,CUST-4949,ST-25,CP-143,2024-11-25,closed,6658
ORD-11488,CUST-2541,ST-4,,2026-07-18,PENDING,16101
ORD-11489,CUST-1446,ST-1,,07/03/2024,active,"$4,520.00"
ORD-11490,CUST-3758,ST-16,,04-03-2025,ACTIVE,"$9,845.00"
ORD-11491,CUST-2474,ST-13,,2024-06-17,CLOSED,"$10,950.00"
ORD-11492,CUST-1417,ST-8,,2024-07-28,active,"$18,062.00"
ORD-11493,CUST-165,ST-16,,08/16/2025,active,10854
ORD-11494,CUST-4379,ST-2,,10/16/2024,PENDING,9665
ORD-11495,CUST-1917,ST-6,,15-05-2024,active,"$4,952.00"
ORD-11496,CUST-3973,ST-20,CP-7,01/18/2024,pending,"$6,782.00"
ORD-11497,CUST-4891,ST-21,CP-151,27-02-2024,pending,"$1,924.00"
ORD-11498,CUST-4263,ST-19,,2026-04-22,PENDING,"$18,733.00"
ORD-11499,CUST-1971,ST-21,,2025-10-02,closed,"$15,023.00"
ORD-11500,CUST-1667,ST-5,CP-183,21-11-2024,CLOSED,3686
ORD-11501,CUST-598,ST-19,,18-07-2024,closed,17680
ORD-11502,CUST-1220,ST-2,CP-5,08/26/2025,CLOSED,13500
ORD-11503,CUST-4322,ST-4,CP-86,2026-01-13,PENDING,"$14,674.00"
ORD-11504,CUST-3446,ST-13,,03/12/2025,ACTIVE,"6,452.00"
ORD-11505,CUST-1064,ST-10,,04/05/2024,PENDING,"$4,989.00"
ORD-11506,CUST-3271,ST-21,,2026-02-18,active,17542
ORD-11507,CUST-781,ST-3,,2025-04-02,active,10205
ORD-11508,CUST-541,ST-12,,2025-01-07,closed,"$10,254.00"
ORD-11509,CUST-2830,ST-18,,2025-11-20,closed,"$10,120.00"
ORD-11510,CUST-1229,ST-23,,06-07-2026,active,14413
ORD-11511,CUST-1589,ST-2,,2025-09-27,closed,"1,759.00"
ORD-11512,CUST-4235,ST-14,,2026-09-28,PENDING,"$13,072.00"
ORD-11513,CUST-2955,ST-17,CP-126,06-12-2024,pending,"9,562.00"
ORD-11514,CUST-3802,ST-21,,07/05/2024,active,11849
ORD-11515,CUST-3913,ST-15,,2026-11-08,active,11866
ORD-11516,CUST-3821,ST-22,,18-09-2024,ACTIVE,"$5,217.00"
ORD-11517,CUST-224,ST-2,CP-191,2024-06-04,ACTIVE,11039
ORD-11518,CUST-2151,ST-19,CP-161,2026-10-13,active,"$2,230.00"
ORD-11519,CUST-1320,ST-19,,28-07-2026,closed,"16,158.00"
ORD-11520,CUST-4317,ST-19,CP-173,2025-08-26,closed,$948.00
ORD-11521,CUST-4283,ST-1,,04-12-2024,closed,13247
ORD-11522,CUST-4963,ST-4,,2024-08-28,closed,"2,457.00"
ORD-11523,CUST-3937,ST-8,CP-127,05/16/2024,ACTIVE,18229
ORD-11524,CUST-26,ST-23,,24-10-2024, Active ,"$18,459.00"
ORD-11525,CUST-1035,ST-11,,2024-09-17,active,6298
ORD-11526,CUST-4149,ST-23,CP-69,28-12-2025,pending,11954
ORD-11527,CUST-340,ST-21,,2026-01-06,pending,9561
ORD-11528,CUST-643,ST-9,,2026-09-11,active,3930
ORD-11529,CUST-420,ST-13,,2024-12-27,active,"$6,751.00"
ORD-11530,CUST-4062,ST-6,,2025-06-08,CLOSED,$860.00
ORD-11531,CUST-3071,ST-3,,2026-10-15,PENDING,19005
ORD-11532,CUST-3001,ST-7,,2024-07-03,active,"$8,817.00"
ORD-11533,CUST-1400,ST-14,,2025-06-18,active,7000
ORD-11534,CUST-3121,ST-18,CP-43,2025-05-10,active,"9,845.00"
ORD-11535,CUST-4859,ST-24,,2026-02-16,PENDING,"$18,497.00"
ORD-11536,CUST-2314,ST-20,CP-94,2025-05-05,CLOSED,5256
ORD-11537,CUST-43,ST-20,,2024-09-01,closed,14511
ORD-11538,CUST-157,ST-9,,2026-10-12,pending,"$2,360.00"
ORD-11539,CUST-2380,ST-10,CP-39,2024-10-17,closed,3767
ORD-11540,CUST-1748,ST-18,,27-09-2026,closed,"2,829.00"
ORD-11541,CUST-3795,ST-24,,11-10-2025,CLOSED,"$15,693.00"
ORD-11542,CUST-2813,ST-5,,13-06-2024,PENDING,7636
ORD-11543,CUST-983,ST-10,CP-101,11/11/2024,PENDING,"14,802.00"
ORD-11544,CUST-3110,ST-19,,10/05/2026,closed,"$18,606.00"
ORD-11545,CUST-4336,ST-10,,05/11/2025,ACTIVE,"15,382.00"
ORD-11546,CUST-1795,ST-19,,2024-08-04, Active ,12939
ORD-11547,CUST-514,ST-22,,2024-01-05,CLOSED,"$7,077.00"
ORD-11548,CUST-3152,ST-2,,04/03/2024,pending,17638
ORD-11549,CUST-3006,ST-18,,06/20/2024,CLOSED,13830
ORD-11550,CUST-1895,ST-6,CP-193,21-11-2026, Active ,"5,682.00"
ORD-11551,CUST-4104,ST-22,,15-06-2026,active,1603
ORD-11552,CUST-2828,ST-25,CP-22,08/13/2026,pending,"5,133.00"
ORD-11553,CUST-284,ST-21,CP-74,09/17/2024,PENDING,2766
ORD-11554,CUST-4006,ST-8,CP-185,2026-07-22,CLOSED,"$7,865.00"
ORD-11555,CUST-4580,ST-5,,2026-09-05,PENDING,13933
ORD-11556,CUST-4208,ST-18,,03/09/2026,CLOSED,"1,383.00"
ORD-11557,CUST-407,ST-24,,03/28/2026,pending,15953
ORD-11558,CUST-2909,ST-7,,07/24/2024,CLOSED,"9,585.00"
ORD-11559,CUST-2407,ST-13,,2025-06-14,CLOSED,12978
ORD-11560,CUST-383,ST-17,CP-88,11/13/2024,closed,"$16,646.00"
ORD-11561,CUST-716,ST-14,,26-03-2026,active,"$10,079.00"
ORD-11562,CUST-2847,ST-18,,10/20/2025,PENDING,12825
ORD-11563,CUST-4657,ST-15,,2025-02-18,pending,"$4,299.00"
ORD-11564,CUST-3677,ST-11,CP-105,2025-03-09, Active ,"$2,361.00"
ORD-11565,CUST-4334,ST-6,,2025-07-13,ACTIVE,1244
ORD-11566,CUST-147,ST-3,CP-182,10/14/2026,closed,"15,133.00"
ORD-11567,CUST-624,ST-15,,2026-02-10,ACTIVE,6105
ORD-11568,CUST-2112,ST-15,,2024-01-08, Active ,14699
ORD-11569,CUST-1883,ST-13,CP-77,2024-02-03,active,16122
ORD-11570,CUST-180,ST-23,,11-01-2025,pending,7902
ORD-11571,CUST-2611,ST-13,,2025-04-26, Active ,14053
ORD-11572,CUST-3234,ST-22,,01/06/2025,PENDING,"$4,688.00"
ORD-11573,CUST-4027,ST-20,,2024-10-23,active,8023
ORD-11574,CUST-4916,ST-15,CP-157,2026-09-26,closed,16240
ORD-11575,CUST-2924,ST-25,CP-199,2024-01-04,closed,5823
ORD-11576,CUST-1800,ST-6,CP-100,2024-12-20,PENDING,"15,123.00"
ORD-11577,CUST-3634,ST-11,CP-118,22-02-2026, Active ,"$3,164.00"
ORD-11578,CUST-1380,ST-23,,21-02-2024,closed,6141
ORD-11579,CUST-3566,ST-14,,2026-06-10,PENDING,"$3,165.00"
ORD-11580,CUST-4497,ST-20,,08/14/2024,pending,19631
ORD-11581,CUST-1167,ST-12,,2026-01-11,PENDING,9491
ORD-11582,CUST-1149,ST-10,,08/10/2024,closed,17878
ORD-11583,CUST-1382,ST-6,,2025-11-10,PENDING,2951
ORD-11584,CUST-2394,ST-4,,2026-01-07,active,19129
ORD-11585,CUST-3613,ST-5,,2024-10-23, Active ,7885
ORD-11586,CUST-4587,ST-22,,01/16/2026,closed,1967
ORD-11587,CUST-4586,ST-6,,26-05-2024,ACTIVE,"16,180.00"
ORD-11588,CUST-3088,ST-21,CP-172,01-06-2025,active,18028
ORD-11589,CUST-1101,ST-12,,01/10/2024,ACTIVE,"10,360.00"
ORD-11590,CUST-498,ST-17,,20-07-2025,active,16552
ORD-11591,CUST-2767,ST-17,,2024-10-07,closed,"13,640.00"
ORD-11592,CUST-3001,ST-14,,07-12-2024,ACTIVE,"$18,509.00"
ORD-11593,CUST-4062,ST-21,,2025-12-16,pending,8999
ORD-11594,CUST-4755,ST-1,,01-07-2025,pending,"$15,794.00"
ORD-11595,CUST-4267,ST-12,CP-189,2024-05-12,closed,"9,334.00"
ORD-11596,CUST-4384,ST-2,CP-170,02-01-2026,CLOSED,"16,754.00"
ORD-11597,CUST-743,ST-17,CP-144,2024-11-14,pending,17604
ORD-11598,CUST-1307,ST-18,,12/16/2024, Active ,"12,678.00"
ORD-11599,CUST-3798,ST-3,,18-10-2026,closed,2147
ORD-11600,CUST-1934,ST-5,,2026-12-03, Active ,"10,277.00"
ORD-11601,CUST-1861,ST-16,CP-185,2025-12-08,active,"$6,595.00"
ORD-11602,CUST-4494,ST-20,,2026-07-21,closed,5600
ORD-11603,CUST-1045,ST-17,CP-172,2026-05-21,pending,"13,488.00"
ORD-11604,CUST-377,ST-7,,2025-05-08,ACTIVE,"12,918.00"
ORD-11605,CUST-1167,ST-15,CP-37,2025-10-16, Active ,19354
ORD-11606,CUST-275,ST-4,,05-05-2024,PENDING,552.00
ORD-11607,CUST-730,ST-18,CP-71,2024-12-02,active,"$7,057.00"
ORD-11608,CUST-382,ST-2,CP-170,02-01-2025,pending,"16,087.00"
ORD-11609,CUST-4523,ST-18,,2026-08-13,pending,"$3,354.00"
ORD-11610,CUST-4563,ST-19,,2026-06-26,pending,14299
ORD-11611,CUST-3114,ST-2,,09/17/2026,CLOSED,14124
ORD-11612,CUST-2097,ST-11,,2024-01-01, Active ,"$14,707.00"
ORD-11613,CUST-2042,ST-15,,02-08-2025,active,"3,995.00"
ORD-11614,CUST-3248,ST-9,,10/22/2026,PENDING,"$17,897.00"
ORD-11615,CUST-4115,ST-11,,2024-09-28,PENDING,18814
ORD-11616,CUST-4803,ST-17,,2024-05-04,active,8734
ORD-11617,CUST-3963,ST-23,CP-133,03/03/2026,closed,14646
ORD-11618,CUST-2507,ST-10,,13-02-2024,PENDING,"$8,318.00"
ORD-11619,CUST-1153,ST-17,CP-194,02/03/2025, Active ,"$15,388.00"
ORD-11620,CUST-3347,ST-18,,22-12-2024, Active ,3672
ORD-11621,CUST-3459,ST-11,CP-47,09-06-2025,ACTIVE,14206
ORD-11622,CUST-1434,ST-7,,2026-12-25,closed,"18,904.00"
ORD-11623,CUST-4369,ST-13,CP-53,2025-04-13,pending,14793
ORD-11624,CUST-2447,ST-10,,2026-12-12,active,"$8,654.00"
ORD-11625,CUST-915,ST-4,,2026-11-26,active,12040
ORD-11626,CUST-4961,ST-14,CP-147,12-08-2024,pending,19037
ORD-11627,CUST-969,ST-15,,2024-05-13,closed,17097
ORD-11628,CUST-1881,ST-17,CP-2,2024-03-27,active,"$3,983.00"
ORD-11629,CUST-554,ST-21,,2026-09-08, Active ,"$7,404.00"
ORD-11630,CUST-4122,ST-14,CP-8,25-07-2025,active,16481
ORD-11631,CUST-999,ST-11,,01-06-2026,active,5355
ORD-11632,CUST-1216,ST-19,,11/14/2024, Active ,"2,400.00"
ORD-11633,CUST-2642,ST-14,,2025-03-16,active,"19,679.00"
ORD-11634,CUST-3916,ST-24,CP-120,2026-11-26,active,"$13,087.00"
ORD-11635,CUST-2744,ST-17,CP-45,13-11-2024,CLOSED,"$11,213.00"
ORD-11636,CUST-736,ST-10,CP-27,08/06/2025,active,15934
ORD-11637,CUST-4432,ST-2,,2024-11-24,PENDING,4875
ORD-11638,CUST-159,ST-21,,02/02/2025,PENDING,"$1,434.00"
ORD-11639,CUST-2881,ST-3,CP-142,08-04-2026,closed,14614
ORD-11640,CUST-3552,ST-19,,2025-08-22,active,2435
ORD-11641,CUST-462,ST-23,,04/10/2025, Active ,16573
ORD-11642,CUST-1304,ST-1,,2024-01-25,pending,19805
ORD-11643,CUST-3231,ST-10,,2025-06-14, Active ,"16,130.00"
ORD-11644,CUST-2876,ST-6,,2024-12-23, Active ,10818
ORD-11645,CUST-2769,ST-8,,2026-12-23,pending,"10,141.00"
ORD-11646,CUST-3714,ST-24,,12/02/2025,CLOSED,17074
ORD-11647,CUST-4962,ST-12,,05/23/2025,pending,11376
ORD-11648,CUST-1195,ST-13,,2025-12-23,closed,3027
ORD-11649,CUST-4855,ST-7,,2024-08-18,ACTIVE,13502
ORD-11650,CUST-4829,ST-1,CP-2,11/25/2026,ACTIVE,"$8,679.00"
ORD-11651,CUST-3892,ST-25,,2025-11-10,CLOSED,2104
ORD-11652,CUST-1283,ST-23,,01/09/2026,pending,8493
ORD-11653,CUST-551,ST-14,,2026-09-05, Active ,16381
ORD-11654,CUST-3904,ST-8,,08/23/2026,active,"3,639.00"
ORD-11655,CUST-65,ST-4,,2024-09-15,pending,"$9,160.00"
ORD-11656,CUST-2483,ST-21,,2025-02-24,CLOSED,9480
ORD-11657,CUST-2742,ST-14,CP-183,08/07/2026,CLOSED,6863
ORD-11658,CUST-1092,ST-2,,2025-05-28,active,"9,560.00"
ORD-11659,CUST-2501,ST-12,,13-12-2024,pending,15572
ORD-11660,CUST-1946,ST-22,CP-52,17-04-2026, Active ,"18,239.00"
ORD-11661,CUST-3334,ST-7,CP-84,2024-08-05,closed,18667
ORD-11662,CUST-101,ST-25,,01/02/2026,ACTIVE,12243
ORD-11663,CUST-235,ST-18,,04/16/2024,PENDING,"$18,113.00"
ORD-11664,CUST-2473,ST-2,,09/01/2024,PENDING,"$19,572.00"
ORD-11665,CUST-4900,ST-10,,2024-03-03,closed,11615
ORD-11666,CUST-4141,ST-16,,2024-04-14,closed,5452
ORD-11667,CUST-4390,ST-11,,05/28/2025,CLOSED,7267
ORD-11668,CUST-4424,ST-24,CP-28,15-03-2024,pending,"$13,198.00"
ORD-11669,CUST-2,ST-25,,06/05/2025,CLOSED,13092
ORD-11670,CUST-1474,ST-3,,2024-09-21,closed,16412
ORD-11671,CUST-4643,ST-12,CP-149,2026-01-10,CLOSED,"$6,824.00"
ORD-11672,CUST-3464,ST-4,CP-69,2024-06-05,CLOSED,"$9,916.00"
ORD-11673,CUST-3782,ST-25,CP-136,2025-03-11,active,"9,332.00"
ORD-11674,CUST-3316,ST-17,CP-21,2025-08-27,active,11368
ORD-11675,CUST-3990,ST-6,,2025-05-27,ACTIVE,"$8,845.00"
ORD-11676,CUST-4372,ST-14,,2025-10-13,closed,7221
ORD-11677,CUST-991,ST-7,,2024-05-09,pending,"$11,328.00"
ORD-11678,CUST-71,ST-21,,11/12/2025,active,1517
ORD-11679,CUST-1266,ST-6,,2025-08-12,CLOSED,583.00
ORD-11680,CUST-3055,ST-24,CP-46,08/09/2024,closed,"$9,950.00"
ORD-11681,CUST-4602,ST-12,,02/27/2025,pending,"$1,225.00"
ORD-11682,CUST-2242,ST-24,,2026-06-04,active,17902
ORD-11683,CUST-3305,ST-17,,2024-08-10,closed,1341
ORD-11684,CUST-4588,ST-15,,08/10/2024,PENDING,"$2,537.00"
ORD-11685,CUST-392,ST-2,CP-190,01/15/2025,CLOSED,3851
ORD-11686,CUST-916,ST-14,,10/22/2026,pending,"$17,083.00"
ORD-11687,CUST-852,ST-23,,11/14/2024,active,"6,532.00"
ORD-11688,CUST-2415,ST-17,,2024-07-06,active,11816
ORD-11689,CUST-4049,ST-20,CP-1,2024-09-18,PENDING,"$2,477.00"
ORD-11690,CUST-3025,ST-23,,2026-03-20,pending,5200
ORD-11691,CUST-3519,ST-2,,14-11-2025,pending,"$9,164.00"
ORD-11692,CUST-3369,ST-23,,12/21/2026,CLOSED,4289
ORD-11693,CUST-1922,ST-17,,11/18/2024,active,"$13,962.00"
ORD-11694,CUST-1019,ST-24,,2024-05-11,pending,"2,130.00"
ORD-11695,CUST-2117,ST-7,,02-04-2026, Active ,11245
ORD-11696,CUST-1548,ST-6,,01/22/2025,pending,16485
ORD-11697,CUST-4496,ST-22,,2025-07-20,closed,"$2,644.00"
ORD-11698,CUST-582,ST-1,,04/22/2026,closed,14804
ORD-11699,CUST-3254,ST-15,,2024-11-05,pending,13421
ORD-11700,CUST-2435,ST-17,CP-93,2025-07-09,closed,5787
ORD-11701,CUST-2540,ST-24,CP-9,03-02-2026, Active ,10179
ORD-11702,CUST-4321,ST-25,,06/12/2026,closed,"$2,514.00"
ORD-11703,CUST-3996,ST-1,,27-12-2025,closed,5029
ORD-11704,CUST-595,ST-14,CP-123,2025-11-28,active,15823
ORD-11705,CUST-4476,ST-12,,2025-05-15,PENDING,17149
ORD-11706,CUST-475,ST-24,,07/28/2026,pending,14239
ORD-11707,CUST-565,ST-20,,2026-03-14,closed,"4,992.00"
ORD-11708,CUST-127,ST-4,,2024-01-11,active,392.00
ORD-11709,CUST-4618,ST-25,,2024-08-27,ACTIVE,12415
ORD-11710,CUST-1741,ST-5,,17-08-2024, Active ,6653
ORD-11711,CUST-1055,ST-8,,2025-05-14,PENDING,"19,162.00"
ORD-11712,CUST-3263,ST-13,,08/14/2026,ACTIVE,"$14,094.00"
ORD-11713,CUST-1831,ST-14,,2026-07-25,CLOSED,"5,496.00"
ORD-11714,CUST-2287,ST-20,CP-50,2025-04-09,closed,"$7,082.00"
ORD-11715,CUST-4169,ST-18,,04/28/2026,closed,"$7,003.00"
ORD-11716,CUST-4651,ST-16,,2025-06-08,PENDING,"$13,957.00"
ORD-11717,CUST-2302,ST-9,,15-02-2026,active,"$8,686.00"
ORD-11718,CUST-3761,ST-2,,2025-03-01,ACTIVE,12334
ORD-11719,CUST-2508,ST-8,,2026-12-28,closed,2269
ORD-11720,CUST-879,ST-18,CP-193,2024-04-22,active,16525
ORD-11721,CUST-3687,ST-17,,2026-06-10,PENDING,9216
ORD-11722,CUST-3886,ST-2,CP-29,07/24/2024,closed,"$5,621.00"
ORD-11723,CUST-4453,ST-2,CP-130,2026-08-05,CLOSED,"17,037.00"
ORD-11724,CUST-4145,ST-20,,2026-07-03,CLOSED,9318
ORD-11725,CUST-1517,ST-13,CP-136,08/09/2024,active,"17,969.00"
ORD-11726,CUST-3436,ST-8,CP-2,2025-09-20, Active ,"2,775.00"
ORD-11727,CUST-543,ST-25,,05/21/2024,PENDING,"$14,564.00"
ORD-11728,CUST-1826,ST-7,,2024-10-15,PENDING,9019
ORD-11729,CUST-1639,ST-5,,2025-04-27, Active ,11520
ORD-11730,CUST-872,ST-16,,05-09-2026,PENDING,12883
ORD-11731,CUST-4815,ST-3,,12/17/2024,PENDING,"$6,594.00"
ORD-11732,CUST-2388,ST-20,,2024-03-16,PENDING,"9,651.00"
ORD-11733,CUST-1549,ST-20,CP-64,2026-07-15,ACTIVE,204
ORD-11734,CUST-1746,ST-3,,06/03/2024,active,"$14,346.00"
ORD-11735,CUST-4893,ST-13,,02/16/2025,closed,19176
ORD-11736,CUST-3273,ST-15,,05/18/2026,closed,7604
ORD-11737,CUST-3854,ST-6,,10/18/2024,ACTIVE,9559
ORD-11738,CUST-2898,ST-8,,04/02/2024, Active ,10407
ORD-11739,CUST-4566,ST-20,CP-184,01/20/2024, Active ,3725
ORD-11740,CUST-4413,ST-19,,10/23/2026,pending,"$16,829.00"
ORD-11741,CUST-3153,ST-19,,03/28/2026,pending,8376
ORD-11742,CUST-2230,ST-21,,2025-12-02,pending,6903
ORD-11743,CUST-3600,ST-9,,2024-04-04, Active ,5588
ORD-11744,CUST-2219,ST-6,,08/11/2024,PENDING,"$15,560.00"
ORD-11745,CUST-1439,ST-21,,11/16/2025,closed,6576
ORD-11746,CUST-4375,ST-24,CP-45,2026-05-09,pending,11156
ORD-11747,CUST-2913,ST-12,CP-191,2024-06-01,CLOSED,9719
ORD-11748,CUST-3363,ST-22,,01-02-2026, Active ,"$14,575.00"
ORD-11749,CUST-3752,ST-5,,2024-09-08,PENDING,8828
ORD-11750,CUST-281,ST-5,CP-133,2025-04-15,pending,2121
ORD-11751,CUST-937,ST-14,,2024-06-11,pending,10803
ORD-11752,CUST-2553,ST-17,,01-01-2024, Active ,"18,604.00"
ORD-11753,CUST-232,ST-5,,2024-05-24,closed,12040
ORD-11754,CUST-1489,ST-8,CP-6,06-03-2026,closed,"$17,328.00"
ORD-11755,CUST-3005,ST-17,,2025-08-01, Active ,"12,984.00"
ORD-11756,CUST-4747,ST-6,,19-03-2026,pending,6218
ORD-11757,CUST-3897,ST-6,CP-200,2025-04-13,closed,5701
ORD-11758,CUST-2796,ST-24,,01/04/2025, Active ,"$12,071.00"
ORD-11759,CUST-2650,ST-4,,01/13/2024,closed,825
ORD-11760,CUST-188,ST-18,CP-170,2024-09-10, Active ,"4,382.00"
ORD-11761,CUST-4301,ST-2,CP-30,11-04-2026,pending,"15,784.00"
ORD-11762,CUST-417,ST-24,,2026-12-14,active,5294
ORD-11763,CUST-4867,ST-21,CP-64,2025-04-20,closed,13367
ORD-11764,CUST-259,ST-6,,2024-01-25,ACTIVE,$904.00
ORD-11765,CUST-327,ST-25,,2026-03-15,closed,"14,716.00"
ORD-11766,CUST-2925,ST-23,,2024-11-03,active,"7,584.00"
ORD-11767,CUST-3936,ST-12,,2025-02-07,CLOSED,638
ORD-11768,CUST-3790,ST-13,,2025-04-14,active,"8,378.00"
ORD-11769,CUST-4221,ST-9,,07/06/2024,active,17031
ORD-11770,CUST-4155,ST-14,,2026-08-24, Active ,"$12,431.00"
ORD-11771,CUST-1599,ST-1,CP-156,11/25/2024,active,1821
ORD-11772,CUST-2328,ST-14,,02/13/2025,pending,"$3,044.00"
ORD-11773,CUST-2160,ST-4,,01/05/2024,pending,4249
ORD-11774,CUST-1669,ST-24,,11-06-2026,CLOSED,14258
ORD-11775,CUST-3531,ST-17,,17-07-2024,ACTIVE,12048
ORD-11776,CUST-4936,ST-1,CP-196,2024-08-23,closed,"17,508.00"
ORD-11777,CUST-736,ST-3,,2024-03-22,pending,19256
ORD-11778,CUST-4536,ST-22,,2024-01-21,CLOSED,106
ORD-11779,CUST-4056,ST-16,,2026-01-23,closed,18788
ORD-11780,CUST-2099,ST-11,,2024-03-18,active,12519
ORD-11781,CUST-3066,ST-10,CP-26,11-04-2025,CLOSED,"10,061.00"
ORD-11782,CUST-3845,ST-8,,2025-08-13,CLOSED,18787
ORD-11783,CUST-1277,ST-15,,07/19/2024,closed,"3,478.00"
ORD-11784,CUST-4287,ST-4,,2025-08-13,closed,"3,018.00"
ORD-11785,CUST-3652,ST-5,,2026-09-07, Active ,"1,367.00"
ORD-11786,CUST-2719,ST-18,CP-12,2026-05-14, Active ,11939
ORD-11787,CUST-4799,ST-22,CP-152,2024-04-04,closed,$384.00
ORD-11788,CUST-272,ST-23,,18-11-2024,pending,14804
ORD-11789,CUST-3362,ST-2,,01/12/2026,CLOSED,19736
ORD-11790,CUST-5,ST-19,CP-51,2024-10-09, Active ,19141
ORD-11791,CUST-4611,ST-25,,08/06/2026,PENDING,14465
ORD-11792,CUST-4872,ST-24,,03/04/2026,active,"17,864.00"
ORD-11793,CUST-3687,ST-4,,06/14/2026,PENDING,"7,159.00"
ORD-11794,CUST-2386,ST-13,,21-08-2024,pending,2920
ORD-11795,CUST-4458,ST-5,CP-183,2024-08-11,ACTIVE,14679
ORD-11796,CUST-4080,ST-25,,02-03-2026,pending,16984
ORD-11797,CUST-3697,ST-16,,01-07-2026,active,"$3,473.00"
ORD-11798,CUST-3994,ST-21,,09-10-2024,ACTIVE,"9,420.00"
ORD-11799,CUST-2475,ST-24,,01/11/2025,CLOSED,13210
ORD-11800,CUST-3455,ST-20,,17-06-2026,ACTIVE,15185
ORD-11801,CUST-4544,ST-7,,2024-09-01,CLOSED,2071
ORD-11802,CUST-550,ST-10,CP-23,2026-03-09,active,7872
ORD-11803,CUST-4257,ST-11,,2024-08-12,closed,527
ORD-11804,CUST-4745,ST-21,CP-30,03/01/2024,PENDING,"$18,216.00"
ORD-11805,CUST-198,ST-6,,18-07-2024,PENDING,$409.00
ORD-11806,CUST-2667,ST-18,CP-11,07/17/2025,CLOSED,"$3,109.00"
ORD-11807,CUST-1156,ST-1,,01/11/2025,active,"10,067.00"
ORD-11808,CUST-987,ST-6,,16-04-2024,ACTIVE,"$8,316.00"
ORD-11809,CUST-4973,ST-3,,21-12-2025, Active ,1226
ORD-11810,CUST-4419,ST-10,,2026-12-20,PENDING,333
ORD-11811,CUST-179,ST-19,,12/16/2025,closed,17726
ORD-11812,CUST-2536,ST-20,,2025-03-17,pending,"19,197.00"
ORD-11813,CUST-4453,ST-4,,2026-03-25,CLOSED,16706
ORD-11814,CUST-4994,ST-9,,02/14/2025,active,"$12,263.00"
ORD-11815,CUST-3115,ST-9,,04/06/2026,PENDING,"4,797.00"
ORD-11816,CUST-673,ST-19,,2024-10-23, Active ,"2,531.00"
ORD-11817,CUST-1497,ST-11,,2026-12-20,active,14158
ORD-11818,CUST-1007,ST-5,CP-19,01-04-2026, Active ,"14,723.00"
ORD-11819,CUST-4563,ST-12,,09/19/2026,CLOSED,"$12,040.00"
ORD-11820,CUST-4517,ST-18,CP-147,2025-09-27,CLOSED,"$15,116.00"
ORD-11821,CUST-386,ST-9,,2025-06-19,pending,"8,576.00"
ORD-11822,CUST-2149,ST-7,,21-07-2024,closed,16189
ORD-11823,CUST-812,ST-13,CP-133,16-02-2026,closed,"9,313.00"
ORD-11824,CUST-4424,ST-15,,27-11-2025,active,18341
ORD-11825,CUST-2757,ST-21,CP-28,09/13/2025,active,"$3,233.00"
ORD-11826,CUST-1562,ST-23,,04/05/2024,closed,16351
ORD-11827,CUST-3462,ST-19,,2026-08-11,PENDING,13186
ORD-11828,CUST-1559,ST-1,,2025-01-06,pending,"$11,587.00"
ORD-11829,CUST-1662,ST-6,CP-137,11/04/2025,closed,19844
ORD-11830,CUST-3807,ST-15,,08/20/2026,active,"11,473.00"
ORD-11831,CUST-2518,ST-20,,07/02/2025,CLOSED,"$15,652.00"
ORD-11832,CUST-1090,ST-12,,2024-04-13,CLOSED,8066
ORD-11833,CUST-1430,ST-25,,2025-05-13,CLOSED,17716
ORD-11834,CUST-649,ST-5,CP-18,2026-04-09,ACTIVE,"$18,753.00"
ORD-11835,CUST-1036,ST-9,,2025-07-26,PENDING,"$8,620.00"
ORD-11836,CUST-3996,ST-7,CP-78,11/01/2025,pending,"13,067.00"
ORD-11837,CUST-4453,ST-20,,24-05-2025, Active ,"14,066.00"
ORD-11838,CUST-690,ST-7,CP-89,07-10-2024,CLOSED,13418
ORD-11839,CUST-854,ST-16,CP-74,2026-09-27,ACTIVE,3447
ORD-11840,CUST-2463,ST-8,CP-169,01/17/2024,closed,"$12,603.00"
ORD-11841,CUST-375,ST-12,CP-143,07-05-2026,PENDING,"7,388.00"
ORD-11842,CUST-3088,ST-25,,2026-10-23, Active ,"18,263.00"
ORD-11843,CUST-507,ST-19,,09-07-2024,ACTIVE,17897
ORD-11844,CUST-1115,ST-11,,20-09-2024,pending,"$9,032.00"
ORD-11845,CUST-4189,ST-23,,2026-09-23,PENDING,5868
ORD-11846,CUST-4737,ST-14,CP-9,2025-07-01,PENDING,4228
ORD-11847,CUST-1927,ST-13,,2024-01-20,PENDING,"$16,153.00"
ORD-11848,CUST-3385,ST-19,,2024-12-21,pending,14499
ORD-11849,CUST-4384,ST-24,,2026-04-14,closed,14290
ORD-11850,CUST-1918,ST-5,CP-176,2026-01-15,active,"$18,131.00"
ORD-11851,CUST-3974,ST-7,,07-05-2026,CLOSED,"7,723.00"
ORD-11852,CUST-4358,ST-5,CP-160,10-10-2025, Active ,160
ORD-11853,CUST-2182,ST-4,,2024-03-17,CLOSED,"$12,227.00"
ORD-11854,CUST-1825,ST-24,,2024-02-02,CLOSED,"$14,180.00"
ORD-11855,CUST-2911,ST-10,CP-36,08-09-2025,PENDING,"14,248.00"
ORD-11856,CUST-1624,ST-2,,2025-02-20,closed,16428
ORD-11857,CUST-4881,ST-11,CP-116,2026-04-25,active,"$2,245.00"
ORD-11858,CUST-3651,ST-19,,10-05-2024,ACTIVE,10647
ORD-11859,CUST-3315,ST-8,,12/18/2026,ACTIVE,"$4,447.00"
ORD-11860,CUST-3449,ST-3,CP-97,20-10-2026,CLOSED,"$17,599.00"
ORD-11861,CUST-3918,ST-18,,02/15/2024,ACTIVE,"$2,880.00"
ORD-11862,CUST-4733,ST-14,CP-20,10/27/2026,CLOSED,"$3,341.00"
ORD-11863,CUST-3406,ST-17,,2024-05-20,pending,"$14,971.00"
ORD-11864,CUST-3481,ST-17,CP-120,2024-07-28, Active ,"$4,498.00"
ORD-11865,CUST-2018,ST-23,CP-90,2025-02-25,PENDING,10966
ORD-11866,CUST-292,ST-1,,2024-07-16,active,6810
ORD-11867,CUST-1577,ST-6,CP-195,2026-10-06,closed,"$15,965.00"
ORD-11868,CUST-2315,ST-20,,03-09-2025,ACTIVE,"$15,505.00"
ORD-11869,CUST-659,ST-6,,11/21/2024, Active ,"$11,335.00"
ORD-11870,CUST-3914,ST-1,,12/15/2026,closed,"$6,889.00"
ORD-11871,CUST-3009,ST-4,,2026-08-03,CLOSED,"$1,580.00"
ORD-11872,CUST-3797,ST-4,,2026-11-16,ACTIVE,"2,894.00"
ORD-11873,CUST-1044,ST-23,,17-04-2024,active,13980
ORD-11874,CUST-4377,ST-21,CP-70,2024-09-07,active,"$12,386.00"
ORD-11875,CUST-2312,ST-9,,03-12-2025,CLOSED,15919
ORD-11876,CUST-3037,ST-10,,12/06/2024,closed,"$3,630.00"
ORD-11877,CUST-1618,ST-19,,2025-07-26, Active ,"11,779.00"
ORD-11878,CUST-4907,ST-22,CP-79,2025-01-20, Active ,"$8,154.00"
ORD-11879,CUST-2725,ST-1,,06-06-2025,closed,16636
ORD-11880,CUST-31,ST-25,CP-114,2026-01-01,ACTIVE,"11,153.00"
ORD-11881,CUST-3943,ST-17,,2025-09-05,pending,"13,559.00"
ORD-11882,CUST-2224,ST-15,CP-61,05/02/2025, Active ,"17,180.00"
ORD-11883,CUST-1482,ST-12,,13-02-2025, Active ,"$13,270.00"
ORD-11884,CUST-52,ST-12,CP-2,2026-09-25, Active ,8864
ORD-11885,CUST-90,ST-12,CP-32,01/01/2024,CLOSED,15228
ORD-11886,CUST-2580,ST-3,,11/25/2024,closed,"7,289.00"
ORD-11887,CUST-877,ST-23,,05/11/2024,ACTIVE,"4,455.00"
ORD-11888,CUST-3140,ST-23,,04/27/2026,CLOSED,"$16,195.00"
ORD-11889,CUST-1702,ST-5,,03/09/2024, Active ,"5,472.00"
ORD-11890,CUST-3549,ST-25,,03/16/2026,PENDING,2338
ORD-11891,CUST-2409,ST-4,,2025-02-16,active,13759
ORD-11892,CUST-4506,ST-11,,28-10-2024,ACTIVE,"$16,977.00"
ORD-11893,CUST-2033,ST-11,,2025-05-01,active,18819
ORD-11894,CUST-390,ST-17,CP-86,10/08/2025, Active ,12164
ORD-11895,CUST-377,ST-19,,02/20/2026,PENDING,"$10,239.00"
ORD-11896,CUST-911,ST-10,,11/19/2024, Active ,8685
ORD-11897,CUST-1290,ST-12,,2026-01-04,closed,11359
ORD-11898,CUST-3266,ST-12,,2025-01-21,ACTIVE,2308
ORD-11899,CUST-4406,ST-5,CP-177,12/03/2024,ACTIVE,550.00
ORD-11900,CUST-2535,ST-22,CP-199,2025-01-17,ACTIVE,5894
ORD-11901,CUST-2247,ST-9,CP-120,04/28/2024,pending,11412
ORD-11902,CUST-2337,ST-16,,01-08-2025,PENDING,6505
ORD-11903,CUST-4344,ST-23,,03/13/2024, Active ,"$2,873.00"
ORD-11904,CUST-1256,ST-19,,27-11-2025, Active ,"$3,838.00"
ORD-11905,CUST-911,ST-20,,10/11/2026, Active ,18432
ORD-11906,CUST-1180,ST-5,CP-102,27-10-2025,CLOSED,19394
ORD-11907,CUST-4915,ST-17,CP-182,2025-03-15,CLOSED,"$1,949.00"
ORD-11908,CUST-721,ST-19,,06/03/2026,ACTIVE,10758
ORD-11909,CUST-2900,ST-19,,2026-06-09,active,"19,607.00"
ORD-11910,CUST-3796,ST-24,,2025-05-25,ACTIVE,380
ORD-11911,CUST-2131,ST-21,,2024-01-25,CLOSED,7293
ORD-11912,CUST-2205,ST-4,,08/23/2026,closed,"8,393.00"
ORD-11913,CUST-2408,ST-25,,2025-07-22,closed,6221
ORD-11914,CUST-2435,ST-18,,2026-02-16,active,16409
ORD-11915,CUST-3673,ST-2,CP-7,2025-05-20,active,"$15,892.00"
ORD-11916,CUST-4242,ST-15,,13-02-2026, Active ,4531
ORD-11917,CUST-4074,ST-10,,03/16/2026,PENDING,"4,186.00"
ORD-11918,CUST-1427,ST-5,CP-171,2024-10-01,pending,"8,715.00"
ORD-11919,CUST-1633,ST-17,CP-78,2025-07-04,closed,"16,793.00"
ORD-11920,CUST-2570,ST-22,CP-107,01-12-2026,PENDING,10456
ORD-11921,CUST-3351,ST-23,CP-1,04/11/2024,PENDING,"4,126.00"
ORD-11922,CUST-1099,ST-24,CP-58,06/22/2024,active,"12,816.00"
ORD-11923,CUST-885,ST-23,,09/28/2026,CLOSED,2399
ORD-11924,CUST-2744,ST-9,CP-27,02/11/2025,pending,$418.00
ORD-11925,CUST-944,ST-8,CP-97,28-06-2025,CLOSED,"$6,862.00"
ORD-11926,CUST-1855,ST-17,CP-94,2026-11-24,ACTIVE,"1,367.00"
ORD-11927,CUST-3177,ST-1,,24-12-2026,pending,"17,385.00"
ORD-11928,CUST-2145,ST-18,,2026-08-14,CLOSED,14593
ORD-11929,CUST-4208,ST-18,,11-12-2025, Active ,"$13,265.00"
ORD-11930,CUST-3856,ST-18,,12/22/2025, Active ,9463
ORD-11931,CUST-1844,ST-6,,2025-01-22,closed,10902
ORD-11932,CUST-1389,ST-22,,2024-10-16,pending,"9,286.00"
ORD-11933,CUST-1835,ST-13,CP-61,2026-05-24, Active ,"19,038.00"
ORD-11934,CUST-416,ST-2,,2024-09-04,ACTIVE,5744
ORD-11935,CUST-2853,ST-8,,2024-03-04,closed,359
ORD-11936,CUST-4531,ST-13,CP-149,2025-06-12,PENDING,736
ORD-11937,CUST-3813,ST-7,CP-100,2024-11-23, Active ,8453
ORD-11938,CUST-2156,ST-10,,2026-04-01,active,"15,204.00"
ORD-11939,CUST-1830,ST-8,,08/13/2025,CLOSED,5670
ORD-11940,CUST-1212,ST-23,,2026-11-25,pending,18345
ORD-11941,CUST-3327,ST-16,,08/09/2024,closed,6311
ORD-11942,CUST-574,ST-21,,16-10-2024, Active ,"6,235.00"
ORD-11943,CUST-2700,ST-15,,2024-06-02,closed,1130
ORD-11944,CUST-2624,ST-7,CP-131,04-07-2026,CLOSED,3613
ORD-11945,CUST-2037,ST-12,,12/04/2026,pending,"$11,845.00"
ORD-11946,CUST-2560,ST-13,,2026-06-09,closed,"$3,154.00"
ORD-11947,CUST-3244,ST-15,,06/16/2026,active,6262
ORD-11948,CUST-4085,ST-14,,04-03-2024,active,7612
ORD-11949,CUST-1506,ST-22,,05/22/2026,closed,16903
ORD-11950,CUST-3180,ST-25,,2026-05-03,active,2070
ORD-11951,CUST-3214,ST-14,,2024-12-22,PENDING,"$8,020.00"
ORD-11952,CUST-3386,ST-21,CP-4,04-01-2026,ACTIVE,"16,241.00"
ORD-11953,CUST-2160,ST-1,CP-44,08/17/2026,pending,7757
ORD-11954,CUST-1548,ST-4,CP-150,2026-09-10,closed,15553
ORD-11955,CUST-3358,ST-22,CP-75,10/24/2025,closed,"14,422.00"
ORD-11956,CUST-3834,ST-24,CP-61,04/20/2024, Active ,13445
ORD-11957,CUST-1087,ST-4,,07-04-2026,pending,9254
ORD-11958,CUST-3388,ST-2,CP-92,2025-06-01,pending,3945
ORD-11959,CUST-92,ST-25,,08/07/2025,PENDING,"$17,021.00"
ORD-11960,CUST-3479,ST-8,,2024-05-12,active,10911
ORD-11961,CUST-1677,ST-22,,2025-10-08,closed,"$19,709.00"
ORD-11962,CUST-4797,ST-16,CP-129,2026-11-27,PENDING,7980
ORD-11963,CUST-4121,ST-25,CP-176,2024-01-05,closed,"2,310.00"
ORD-11964,CUST-1560,ST-14,CP-28,2025-11-10,CLOSED,11208
ORD-11965,CUST-2876,ST-9,,06/13/2025,PENDING,$458.00
ORD-11966,CUST-4955,ST-16,,09/16/2026,active,9994
ORD-11967,CUST-3154,ST-9,,2025-07-03, Active ,4101
ORD-11968,CUST-4068,ST-3,CP-5,2026-05-27,closed,"$4,507.00"
ORD-11969,CUST-4125,ST-10,,27-06-2024,PENDING,"$2,830.00"
ORD-11970,CUST-327,ST-14,,2026-12-28,closed,"$18,495.00"
ORD-11971,CUST-4896,ST-5,,05/26/2026,closed,160
ORD-11972,CUST-1093,ST-5,,05/01/2025,CLOSED,"$6,323.00"
ORD-11973,CUST-1879,ST-4,,2025-05-02,PENDING,"$5,855.00"
ORD-11974,CUST-4150,ST-25,,03/27/2024,pending,6421
ORD-11975,CUST-704,ST-4,,12/07/2026,active,"$6,408.00"
ORD-11976,CUST-4309,ST-4,,2024-11-02,active,"$8,122.00"
ORD-11977,CUST-1541,ST-8,CP-108,04/10/2024,active,5938
ORD-11978,CUST-2155,ST-20,CP-117,2025-08-17,CLOSED,"14,454.00"
ORD-11979,CUST-1014,ST-7,CP-154,04/09/2025, Active ,"8,489.00"
ORD-11980,CUST-4902,ST-18,,2024-02-14,PENDING,"$6,801.00"
ORD-11981,CUST-4098,ST-24,CP-193,2024-09-05, Active ,$986.00
ORD-11982,CUST-3211,ST-3,,2025-12-02,ACTIVE,"3,515.00"
ORD-11983,CUST-126,ST-17,,20-03-2026,PENDING,5413
ORD-11984,CUST-499,ST-14,,06/04/2025, Active ,13289
ORD-11985,CUST-4058,ST-15,,01/07/2024,pending,2005
ORD-11986,CUST-531,ST-7,,07/10/2024,PENDING,18855
ORD-11987,CUST-1862,ST-7,,11/25/2024,ACTIVE,18052
ORD-11988,CUST-2319,ST-24,,2024-09-27, Active ,"17,710.00"
ORD-11989,CUST-1835,ST-6,,2025-03-23,CLOSED,14145
ORD-11990,CUST-2646,ST-10,,05/20/2025, Active ,"$13,099.00"
ORD-11991,CUST-3971,ST-21,CP-145,06/17/2024,PENDING,8091
ORD-11992,CUST-3334,ST-22,CP-72,2025-11-23,pending,6735
ORD-11993,CUST-1498,ST-21,CP-110,2026-05-06,ACTIVE,"$3,204.00"
ORD-11994,CUST-4634,ST-8,,2026-09-01,pending,"$19,176.00"
ORD-11995,CUST-2555,ST-5,,11/05/2024,ACTIVE,16559
ORD-11996,CUST-3933,ST-19,,2025-06-24,ACTIVE,570
ORD-11997,CUST-1581,ST-2,CP-86,01/27/2026, Active ,"$9,165.00"
ORD-11998,CUST-1249,ST-22,,27-10-2024, Active ,628
ORD-11999,CUST-264,ST-8,,10/20/2025,pending,"17,538.00"
ORD-12000,CUST-1949,ST-23,,03/13/2024, Active ,2605
ORD-12001,CUST-4868,ST-20,,07/25/2024,ACTIVE,10457
ORD-12002,CUST-1504,ST-24,,2025-09-03,active,"3,065.00"
ORD-12003,CUST-2246,ST-10,,03-11-2026,CLOSED,1027
ORD-12004,CUST-1939,ST-25,,2025-04-18, Active ,6664
ORD-12005,CUST-1666,ST-2,,2024-01-13,PENDING,6555
ORD-12006,CUST-1857,ST-19,,2026-08-03, Active ,9672
ORD-12007,CUST-2806,ST-17,,2026-12-11,closed,17891
ORD-12008,CUST-1968,ST-21,,06/10/2024,active,9897
ORD-12009,CUST-3928,ST-25,,19-07-2024,ACTIVE,"$11,449.00"
ORD-12010,CUST-3564,ST-12,,08-07-2024,PENDING,16252
ORD-12011,CUST-4019,ST-11,CP-47,2026-05-04,ACTIVE,5550
ORD-12012,CUST-4030,ST-5,CP-39,24-09-2024,active,16867
ORD-12013,CUST-2881,ST-20,,2025-01-18,closed,"12,927.00"
ORD-12014,CUST-1509,ST-1,,01/16/2025,CLOSED,$587.00
ORD-12015,CUST-4305,ST-13,CP-136,2024-01-19,ACTIVE,"16,787.00"
ORD-12016,CUST-1642,ST-13,CP-4,07/28/2026, Active ,"$12,509.00"
ORD-12017,CUST-4201,ST-9,,2024-11-19,active,"$9,907.00"
ORD-12018,CUST-1047,ST-19,,02/13/2024, Active ,"$7,872.00"
ORD-12019,CUST-3751,ST-8,,12-09-2026,PENDING,"$4,198.00"
ORD-12020,CUST-2493,ST-23,,2026-07-06,PENDING,17259
ORD-12021,CUST-4675,ST-25,,2025-11-20,CLOSED,15101
ORD-12022,CUST-2566,ST-21,CP-169,2024-06-06,active,13174
ORD-12023,CUST-135,ST-17,,2025-12-16,CLOSED,5710
ORD-12024,CUST-4830,ST-21,,03/05/2024,CLOSED,3821
ORD-12025,CUST-4266,ST-15,,2026-04-18,CLOSED,"$12,956.00"
ORD-12026,CUST-3752,ST-1,CP-87,2025-05-24,CLOSED,"11,066.00"
ORD-12027,CUST-1727,ST-9,,2026-01-04,CLOSED,13796
ORD-12028,CUST-4191,ST-20,CP-102,2026-10-08,ACTIVE,"$10,648.00"
ORD-12029,CUST-596,ST-2,,2025-04-18,closed,$271.00
ORD-12030,CUST-2462,ST-20,CP-174,2026-06-08,PENDING,"$14,289.00"
ORD-12031,CUST-3414,ST-13,,2024-02-19,CLOSED,15861
ORD-12032,CUST-3372,ST-7,,2025-09-02,ACTIVE,15367
ORD-12033,CUST-1906,ST-12,CP-156,2026-08-24,ACTIVE,11921
ORD-12034,CUST-219,ST-10,,2024-03-10,CLOSED,"$2,591.00"
ORD-12035,CUST-4107,ST-21,,26-10-2024,CLOSED,11780
ORD-12036,CUST-710,ST-9,,2025-02-05,PENDING,"$3,565.00"
ORD-12037,CUST-3241,ST-1,,2024-10-23,closed,4875
ORD-12038,CUST-517,ST-3,,09/09/2026, Active ,5526
ORD-12039,CUST-3022,ST-17,CP-125,2025-01-09,CLOSED,"18,022.00"
ORD-12040,CUST-3107,ST-2,CP-44,2024-02-17,CLOSED,"11,633.00"
ORD-12041,CUST-4471,ST-4,,2024-02-16,pending,"5,713.00"
ORD-12042,CUST-2870,ST-14,,2026-01-16, Active ,12640
ORD-12043,CUST-1969,ST-5,,2025-04-22,pending,"5,822.00"
ORD-12044,CUST-1122,ST-10,,02/22/2025,ACTIVE,"$16,176.00"
ORD-12045,CUST-1361,ST-2,,2025-12-27,ACTIVE,"14,769.00"
ORD-12046,CUST-3881,ST-15,,2025-01-26,PENDING,"14,083.00"
ORD-12047,CUST-934,ST-2,,03/19/2024,ACTIVE,16791
ORD-12048,CUST-3780,ST-19,,2024-12-15, Active ,2022
ORD-12049,CUST-589,ST-3,,14-08-2024,CLOSED,"13,299.00"
ORD-12050,CUST-4595,ST-14,,2025-07-22,active,"$18,668.00"
ORD-12051,CUST-4943,ST-12,CP-194,2025-02-14,PENDING,1558
ORD-12052,CUST-4614,ST-8,,24-02-2024,PENDING,"3,049.00"
ORD-12053,CUST-4686,ST-19,,02/25/2026,pending,"14,650.00"
ORD-12054,CUST-3358,ST-20,,2024-10-11,active,6236
ORD-12055,CUST-1442,ST-25,,2024-11-04,closed,8752
ORD-12056,CUST-2195,ST-15,CP-21,2026-10-05,active,10693
ORD-12057,CUST-3182,ST-19,,04/19/2025,ACTIVE,"$3,490.00"
ORD-12058,CUST-1904,ST-22,CP-117,2025-11-23,active,"8,028.00"
ORD-12059,CUST-2844,ST-10,,2024-01-10,closed,"$19,295.00"
ORD-12060,CUST-1013,ST-1,CP-163,12/24/2024,ACTIVE,17661
ORD-12061,CUST-4474,ST-22,,11-01-2025,PENDING,2904
ORD-12062,CUST-4510,ST-23,,12/11/2024,PENDING,17044
ORD-12063,CUST-3497,ST-17,,2026-04-13,CLOSED,2439
ORD-12064,CUST-2984,ST-24,,16-11-2024,CLOSED,"2,493.00"
ORD-12065,CUST-2217,ST-14,,02/28/2026,closed,17242
ORD-12066,CUST-2603,ST-23,,01/16/2025,pending,"$19,423.00"
ORD-12067,CUST-74,ST-25,,06/19/2025,closed,"14,505.00"
ORD-12068,CUST-3989,ST-14,CP-62,2026-10-08,closed,"4,742.00"
ORD-12069,CUST-3743,ST-17,CP-48,06/10/2024,CLOSED,9431
ORD-12070,CUST-4903,ST-6,,22-05-2024,closed,"$2,745.00"
ORD-12071,CUST-2070,ST-8,,2025-02-12,pending,"$2,547.00"
ORD-12072,CUST-4363,ST-6,,2024-02-11,PENDING,18976
ORD-12073,CUST-1546,ST-15,,2024-03-25,active,"$18,373.00"
ORD-12074,CUST-4971,ST-16,,2024-05-27,PENDING,16183
ORD-12075,CUST-944,ST-22,,01/20/2026,pending,"14,290.00"
ORD-12076,CUST-4886,ST-23,,2024-06-12,PENDING,3212
ORD-12077,CUST-983,ST-12,CP-129,2026-08-23,pending,"$4,568.00"
ORD-12078,CUST-1118,ST-7,,2025-06-22,ACTIVE,"19,719.00"
ORD-12079,CUST-4667,ST-7,,2026-02-22,PENDING,"1,045.00"
ORD-12080,CUST-2466,ST-6,CP-97,27-12-2026,ACTIVE,"17,477.00"
ORD-12081,CUST-3551,ST-10,,2024-10-02,PENDING,"$4,788.00"
ORD-12082,CUST-184,ST-19,,2024-11-03,CLOSED,17583
ORD-12083,CUST-4169,ST-5,,09/15/2024,pending,7772
ORD-12084,CUST-3462,ST-7,,12/18/2025,pending,18901
ORD-12085,CUST-1139,ST-24,CP-156,13-03-2024, Active ,15053
ORD-12086,CUST-14,ST-24,CP-94,06/02/2025,closed,"$11,490.00"
ORD-12087,CUST-1260,ST-10,CP-161,2024-12-05,PENDING,"7,130.00"
ORD-12088,CUST-760,ST-9,,01/22/2024, Active ,19895
ORD-12089,CUST-2694,ST-16,CP-29,2026-12-28, Active ,4382
ORD-12090,CUST-1101,ST-13,,01/22/2024,active,3083
ORD-12091,CUST-2726,ST-21,,2025-01-16,PENDING,3458
ORD-12092,CUST-2110,ST-1,,2026-04-18,CLOSED,"$19,327.00"
ORD-12093,CUST-4583,ST-23,,22-11-2025,closed,"13,025.00"
ORD-12094,CUST-3281,ST-7,,09/13/2026, Active ,3099
ORD-12095,CUST-2766,ST-22,,2026-09-27,pending,"1,516.00"
ORD-12096,CUST-3184,ST-4,CP-29,10/20/2025,ACTIVE,14952
ORD-12097,CUST-3358,ST-6,CP-144,2026-02-17,CLOSED,"$17,879.00"
ORD-12098,CUST-101,ST-2,CP-104,2024-03-05,pending,11688
ORD-12099,CUST-4286,ST-7,,2025-02-16,ACTIVE,"6,766.00"
ORD-12100,CUST-1480,ST-25,,11/11/2026,CLOSED,"$14,617.00"
ORD-12101,CUST-3025,ST-12,CP-174,03/09/2025,closed,7446
ORD-12102,CUST-567,ST-2,,2026-11-07,pending,"6,117.00"
ORD-12103,CUST-2687,ST-23,CP-138,06/12/2025,PENDING,"4,126.00"
ORD-12104,CUST-4493,ST-22,,2024-10-17,active,"$17,353.00"
ORD-12105,CUST-1633,ST-13,,06/28/2025,ACTIVE,"$4,257.00"
ORD-12106,CUST-2396,ST-4,,03/22/2026,PENDING,"$2,483.00"
ORD-12107,CUST-3032,ST-6,CP-151,04/23/2024, Active ,"$15,728.00"
ORD-12108,CUST-1185,ST-6,,2026-05-09,ACTIVE,19547
ORD-12109,CUST-2369,ST-13,,2025-01-11,ACTIVE,"17,741.00"
ORD-12110,CUST-3195,ST-19,,2026-06-06,ACTIVE,"3,674.00"
ORD-12111,CUST-658,ST-20,CP-144,12/25/2026,CLOSED,16585
ORD-12112,CUST-291,ST-24,,04/18/2026,ACTIVE,"16,741.00"
ORD-12113,CUST-1193,ST-3,CP-8,2026-09-17,closed,18160
ORD-12114,CUST-1275,ST-19,,03-06-2024, Active ,7143
ORD-12115,CUST-948,ST-16,,2024-07-13,ACTIVE,7602
ORD-12116,CUST-1501,ST-25,CP-176,05/12/2024,CLOSED,"$3,487.00"
ORD-12117,CUST-4854,ST-18,CP-91,12/17/2026,CLOSED,7587
ORD-12118,CUST-4722,ST-11,CP-48,2024-06-12,PENDING,"1,182.00"
ORD-12119,CUST-3538,ST-19,CP-116,12-11-2024,ACTIVE,"$10,915.00"
ORD-12120,CUST-3558,ST-13,,12-01-2024,CLOSED,$925.00
ORD-12121,CUST-1557,ST-4,CP-139,2024-04-10,closed,2002
ORD-12122,CUST-1120,ST-14,,2026-06-28, Active ,11113
ORD-12123,CUST-3289,ST-2,,12/03/2024,pending,"4,477.00"
ORD-12124,CUST-1130,ST-14,,20-04-2024,active,"$5,459.00"
ORD-12125,CUST-4065,ST-11,CP-184,04/07/2024,PENDING,6388
ORD-12126,CUST-884,ST-11,,2025-08-01,CLOSED,"$11,007.00"
ORD-12127,CUST-448,ST-21,,2026-12-09,CLOSED,"14,388.00"
ORD-12128,CUST-365,ST-19,CP-55,2026-03-22,pending,"$6,620.00"
ORD-12129,CUST-2192,ST-6,CP-43,2025-06-28, Active ,5791
ORD-12130,CUST-4256,ST-12,,11/15/2025,active,12497
ORD-12131,CUST-3196,ST-7,CP-25,19-08-2026,active,10377
ORD-12132,CUST-2645,ST-11,,2025-04-04,closed,5751
ORD-12133,CUST-4084,ST-12,,20-07-2025,PENDING,"9,335.00"
ORD-12134,CUST-4794,ST-24,,28-04-2026,CLOSED,2085
ORD-12135,CUST-3347,ST-12,CP-56,24-01-2026,CLOSED,14583
ORD-12136,CUST-33,ST-13,CP-22,10/05/2024, Active ,11106
ORD-12137,CUST-3657,ST-15,,2024-10-02,active,"$10,531.00"
ORD-12138,CUST-3234,ST-12,CP-86,2024-02-23,ACTIVE,"15,075.00"
ORD-12139,CUST-552,ST-17,,09/12/2025,pending,5478
ORD-12140,CUST-3214,ST-23,CP-17,2026-02-04,pending,6485
ORD-12141,CUST-4556,ST-3,,24-09-2026,ACTIVE,1514
ORD-12142,CUST-2636,ST-13,,2025-01-22, Active ,10940
ORD-12143,CUST-443,ST-18,,06/06/2026, Active ,10982
ORD-12144,CUST-4321,ST-1,,08/26/2025,CLOSED,3331
ORD-12145,CUST-4,ST-14,,2025-08-07,CLOSED,19912
ORD-12146,CUST-5,ST-13,,04/03/2024,closed,11253
ORD-12147,CUST-534,ST-6,CP-4,2026-04-10, Active ,15904
ORD-12148,CUST-4122,ST-24,,06/17/2024,pending,11922
ORD-12149,CUST-1060,ST-5,,2025-07-14,PENDING,479
ORD-12150,CUST-1437,ST-15,,05/16/2025,closed,15801
ORD-12151,CUST-1732,ST-3,,2024-04-05,active,15172
ORD-12152,CUST-917,ST-21,,2025-12-04,active,"$2,647.00"
ORD-12153,CUST-813,ST-8,,09-06-2026,ACTIVE,"$12,215.00"
ORD-12154,CUST-1140,ST-11,,08/08/2024,active,19197
ORD-12155,CUST-3046,ST-6,,12/19/2024,active,"$10,162.00"
ORD-12156,CUST-3643,ST-4,,2024-10-10,closed,"10,765.00"
ORD-12157,CUST-1817,ST-20,,04/04/2025,active,5683
ORD-12158,CUST-2032,ST-4,,2024-12-17,active,"$1,011.00"
ORD-12159,CUST-658,ST-15,CP-18,2024-01-24,pending,"$6,881.00"
ORD-12160,CUST-410,ST-10,,05/26/2026,pending,1007
ORD-12161,CUST-1918,ST-13,,20-08-2026,closed,"4,767.00"
ORD-12162,CUST-2932,ST-2,,2025-05-04,PENDING,"$5,835.00"
ORD-12163,CUST-904,ST-2,CP-193,2025-07-04,pending,"$5,159.00"
ORD-12164,CUST-4478,ST-7,CP-35,20-01-2025,active,11778
ORD-12165,CUST-3842,ST-20,,2025-11-13,active,4839
ORD-12166,CUST-1039,ST-13,,05/13/2024,CLOSED,11822
ORD-12167,CUST-4321,ST-11,,06/28/2024,active,"18,445.00"
ORD-12168,CUST-4028,ST-22,,2026-11-10,ACTIVE,"1,715.00"
ORD-12169,CUST-4436,ST-16,CP-199,02/06/2025,pending,12941
ORD-12170,CUST-1004,ST-7,,2026-07-15,PENDING,"$9,793.00"
ORD-12171,CUST-305,ST-20,CP-71,2026-12-23,PENDING,"3,719.00"
ORD-12172,CUST-3562,ST-2,CP-14,2026-08-10,PENDING,8201
ORD-12173,CUST-2034,ST-2,,2025-11-01,ACTIVE,7721
ORD-12174,CUST-4800,ST-9,,2024-04-18, Active ,"$14,202.00"
ORD-12175,CUST-86,ST-1,CP-116,11/27/2024,pending,12273
ORD-12176,CUST-598,ST-5,,08-02-2026,closed,"6,736.00"
ORD-12177,CUST-869,ST-17,,2026-03-01,active,3155
ORD-12178,CUST-2733,ST-14,CP-164,17-03-2024, Active ,"9,459.00"
ORD-12179,CUST-3631,ST-18,CP-13,2026-01-19, Active ,"$8,383.00"
ORD-12180,CUST-4334,ST-19,,2024-08-13,closed,"7,420.00"
ORD-12181,CUST-2336,ST-1,,2025-11-21,pending,5490
ORD-12182,CUST-2893,ST-19,CP-152,03-02-2026,ACTIVE,"1,929.00"
ORD-12183,CUST-62,ST-17,CP-62,2025-01-13,closed,"17,681.00"
ORD-12184,CUST-2944,ST-18,CP-119,2025-08-05,pending,"13,927.00"
ORD-12185,CUST-3091,ST-23,,20-03-2026,closed,"14,222.00"
ORD-12186,CUST-4452,ST-2,,17-01-2024, Active ,10878
ORD-12187,CUST-42,ST-4,CP-17,07/19/2026,ACTIVE,12171
ORD-12188,CUST-3083,ST-19,CP-23,18-02-2024,CLOSED,"$18,785.00"
ORD-12189,CUST-1386,ST-23,CP-121,21-09-2026,ACTIVE,7622
ORD-12190,CUST-169,ST-25,,2025-02-15, Active ,6413
ORD-12191,CUST-3038,ST-8,,2024-10-04,closed,"4,233.00"
ORD-12192,CUST-1886,ST-3,,2026-01-09,CLOSED,"$15,875.00"
ORD-12193,CUST-2330,ST-4,CP-91,2024-07-25,pending,"$13,205.00"
ORD-12194,CUST-1120,ST-6,,2024-02-28,PENDING,17753
ORD-12195,CUST-2173,ST-4,,27-03-2026, Active ,1469
ORD-12196,CUST-4592,ST-7,,2024-08-18,CLOSED,"1,139.00"
ORD-12197,CUST-3289,ST-5,,10/12/2025,pending,"$15,099.00"
ORD-12198,CUST-4897,ST-6,,2025-02-09,closed,9886
ORD-12199,CUST-3192,ST-14,CP-78,2026-09-03,CLOSED,13511
ORD-12200,CUST-4177,ST-9,,2026-08-26,active,1510
ORD-12201,CUST-1621,ST-9,,2024-02-22,active,8724
ORD-12202,CUST-3239,ST-5,,2025-08-18,CLOSED,7508
ORD-12203,CUST-4291,ST-24,CP-200,2026-08-28,ACTIVE,19306
ORD-12204,CUST-1252,ST-18,,2025-12-26,CLOSED,8861
ORD-12205,CUST-4004,ST-17,CP-28,12/20/2026,ACTIVE,"9,392.00"
ORD-12206,CUST-3104,ST-14,CP-138,2024-01-15,PENDING,864
ORD-12207,CUST-3993,ST-14,CP-26,2024-07-08,pending,"$19,175.00"
ORD-12208,CUST-1997,ST-5,,2025-05-12,ACTIVE,15806
ORD-12209,CUST-3025,ST-21,,04/11/2026,PENDING,4168
ORD-12210,CUST-1084,ST-24,,06/24/2024, Active ,"18,261.00"
ORD-12211,CUST-4650,ST-15,,2024-06-20,ACTIVE,"$6,513.00"
ORD-12212,CUST-4275,ST-3,,2024-10-12,ACTIVE,7693
ORD-12213,CUST-4761,ST-4,,01-01-2025,CLOSED,"17,188.00"
ORD-12214,CUST-2921,ST-15,,20-06-2025,closed,3201
ORD-12215,CUST-4754,ST-18,,16-12-2026,ACTIVE,"$13,078.00"
ORD-12216,CUST-836,ST-24,,04/08/2024,pending,104
ORD-12217,CUST-4406,ST-6,CP-24,05/07/2025,closed,"$7,451.00"
ORD-12218,CUST-3323,ST-19,,2025-12-21,PENDING,2962
ORD-12219,CUST-4534,ST-23,,2025-03-11,ACTIVE,10795
ORD-12220,CUST-473,ST-19,,2025-04-26,PENDING,6370
ORD-12221,CUST-2045,ST-23,CP-198,2025-03-03,closed,"2,806.00"
ORD-12222,CUST-1117,ST-5,,2026-05-14,PENDING,"10,911.00"
ORD-12223,CUST-3019,ST-7,CP-181,10/01/2026,CLOSED,5211
ORD-12224,CUST-2738,ST-4,CP-41,11/10/2025,closed,7444
ORD-12225,CUST-4852,ST-15,CP-144,2026-02-02,PENDING,"$1,193.00"
ORD-12226,CUST-1872,ST-3,,2025-08-06,ACTIVE,"$11,409.00"
ORD-12227,CUST-2243,ST-4,CP-51,2026-11-10,CLOSED,"$3,760.00"
ORD-12228,CUST-456,ST-17,,2024-08-02,CLOSED,"$8,409.00"
ORD-12229,CUST-3464,ST-21,,2026-12-09,pending,"$4,606.00"
ORD-12230,CUST-672,ST-6,,2025-07-01,CLOSED,13862
ORD-12231,CUST-4516,ST-2,,2025-01-10,closed,11258
ORD-12232,CUST-1568,ST-21,,04/13/2025,pending,18471
ORD-12233,CUST-3381,ST-6,,10/06/2025, Active ,18560
ORD-12234,CUST-773,ST-3,CP-172,07/22/2026,CLOSED,"16,226.00"
ORD-12235,CUST-4090,ST-13,,2025-05-08,active,11827
ORD-12236,CUST-1228,ST-1,,2026-07-27,active,"$18,029.00"
ORD-12237,CUST-4064,ST-22,,2025-08-07,ACTIVE,"$8,896.00"
ORD-12238,CUST-908,ST-12,,2024-10-13,ACTIVE,248
ORD-12239,CUST-854,ST-25,CP-111,2024-02-04,closed,"5,488.00"
ORD-12240,CUST-2849,ST-7,,2026-05-09,CLOSED,"5,348.00"
ORD-12241,CUST-3035,ST-11,,2026-08-04,active,3691
ORD-12242,CUST-953,ST-5,,06/16/2026,CLOSED,7307
ORD-12243,CUST-3395,ST-14,,2024-06-15,closed,"$11,130.00"
ORD-12244,CUST-3163,ST-5,CP-131,2024-04-24,CLOSED,15124
ORD-12245,CUST-2849,ST-6,,2025-06-05,closed,3346
ORD-12246,CUST-2395,ST-12,,02/17/2026,active,"9,804.00"
ORD-12247,CUST-3251,ST-3,,2024-10-14,ACTIVE,15519
ORD-12248,CUST-3481,ST-16,CP-28,2024-10-14,CLOSED,2545
ORD-12249,CUST-1177,ST-4,,17-05-2024, Active ,8958
ORD-12250,CUST-1076,ST-21,,2026-06-01,CLOSED,"$7,658.00"
ORD-12251,CUST-403,ST-12,,02-01-2026,closed,14377
ORD-12252,CUST-2134,ST-19,CP-105,2025-04-24,ACTIVE,6791
ORD-12253,CUST-402,ST-12,CP-152,17-02-2025,CLOSED,14778
ORD-12254,CUST-1448,ST-5,,2026-06-18, Active ,"$12,787.00"
ORD-12255,CUST-3282,ST-22,CP-22,2026-04-14, Active ,3477
ORD-12256,CUST-3801,ST-12,,27-02-2025,active,"8,048.00"
ORD-12257,CUST-4291,ST-15,,2024-03-22,pending,"$14,651.00"
ORD-12258,CUST-2111,ST-8,,04/04/2026,pending,"$1,730.00"
ORD-12259,CUST-2330,ST-24,,28-01-2026,CLOSED,"17,222.00"
ORD-12260,CUST-3190,ST-9,,10/01/2026, Active ,18317
ORD-12261,CUST-3223,ST-23,,01/02/2026, Active ,"8,611.00"
ORD-12262,CUST-4818,ST-20,CP-113,01/06/2025,active,"4,425.00"
ORD-12263,CUST-2041,ST-6,,2026-08-21,ACTIVE,2691
ORD-12264,CUST-4846,ST-17,,2025-06-02,pending,11198
ORD-12265,CUST-90,ST-24,CP-115,05/07/2026,active,$337.00
ORD-12266,CUST-3539,ST-20,,12/20/2026,active,15096
ORD-12267,CUST-2088,ST-23,CP-113,2026-03-05,pending,6969
ORD-12268,CUST-3089,ST-12,,12-12-2025,closed,16383
ORD-12269,CUST-1994,ST-22,,2026-12-11,ACTIVE,15862
ORD-12270,CUST-1861,ST-17,CP-196,2024-04-02,active,10970
ORD-12271,CUST-2878,ST-14,,08/28/2025,CLOSED,693.00
ORD-12272,CUST-4562,ST-10,,2024-04-05,closed,8431
ORD-12273,CUST-4375,ST-21,,26-02-2024,CLOSED,"$5,807.00"
ORD-12274,CUST-4026,ST-22,,2026-08-14,active,19331
ORD-12275,CUST-2911,ST-24,CP-198,14-07-2025,closed,13207
ORD-12276,CUST-1343,ST-16,,20-04-2025,ACTIVE,19688
ORD-12277,CUST-991,ST-10,,11/07/2025,active,17970
ORD-12278,CUST-4502,ST-11,,2026-01-05,closed,2271
ORD-12279,CUST-2545,ST-6,CP-23,24-08-2025,PENDING,6037
ORD-12280,CUST-2275,ST-10,,2026-04-22,CLOSED,"8,612.00"
ORD-12281,CUST-3030,ST-17,,06/02/2024,CLOSED,"5,144.00"
ORD-12282,CUST-2109,ST-18,,2024-07-13,PENDING,3884
ORD-12283,CUST-512,ST-9,CP-192,24-01-2024,PENDING,"9,705.00"
ORD-12284,CUST-1236,ST-14,,2026-08-03,ACTIVE,4045
ORD-12285,CUST-2511,ST-2,CP-57,2024-02-18,active,1587
ORD-12286,CUST-2795,ST-11,,15-05-2025,PENDING,4193
ORD-12287,CUST-3120,ST-20,,10/11/2026, Active ,"10,834.00"
ORD-12288,CUST-4108,ST-24,,2024-05-03,ACTIVE,4005
ORD-12289,CUST-1348,ST-13,,2026-04-24,active,3809
ORD-12290,CUST-3349,ST-8,,14-10-2026,CLOSED,10770
ORD-12291,CUST-3588,ST-22,,2025-01-02,pending,2943
ORD-12292,CUST-232,ST-10,,2025-09-11, Active ,9527
ORD-12293,CUST-2296,ST-15,,2026-04-26,PENDING,2309
ORD-12294,CUST-4640,ST-15,,2024-12-06,closed,$625.00
ORD-12295,CUST-378,ST-21,,03-07-2024,active,"$9,577.00"
ORD-12296,CUST-3976,ST-5,,2026-10-02,ACTIVE,2121
ORD-12297,CUST-65,ST-16,CP-170,02-05-2025,CLOSED,"2,813.00"
ORD-12298,CUST-3272,ST-15,,06/15/2026,ACTIVE,"1,041.00"
ORD-12299,CUST-73,ST-22,,2025-02-12,active,"$17,956.00"
ORD-12300,CUST-1338,ST-16,,2026-06-20,ACTIVE,10300
ORD-12301,CUST-4969,ST-1,,01/27/2026,ACTIVE,"$14,999.00"
ORD-12302,CUST-2843,ST-2,,02/14/2025,closed,7192
ORD-12303,CUST-1643,ST-15,CP-4,2026-05-28,CLOSED,15002
ORD-12304,CUST-450,ST-23,,09/17/2025,active,1547
ORD-12305,CUST-1324,ST-6,CP-92,11/11/2026,CLOSED,"$5,026.00"
ORD-12306,CUST-4915,ST-22,,2024-01-03,CLOSED,16499
ORD-12307,CUST-2694,ST-13,CP-53,2025-11-22,PENDING,2843
ORD-12308,CUST-3237,ST-15,,09/14/2024, Active ,"8,650.00"
ORD-12309,CUST-3304,ST-6,,2024-01-28,PENDING,5159
ORD-12310,CUST-1111,ST-25,,2024-08-24,pending,"3,450.00"
ORD-12311,CUST-4540,ST-12,,02/10/2024,PENDING,"$1,553.00"
ORD-12312,CUST-2243,ST-10,CP-27,2026-09-09,pending,14948
ORD-12313,CUST-1965,ST-20,CP-46,09/04/2024,pending,$195.00
ORD-12314,CUST-2287,ST-11,CP-200,09/14/2026,closed,"16,425.00"
ORD-12315,CUST-3652,ST-15,,06-07-2024, Active ,14845
ORD-12316,CUST-695,ST-25,,2026-11-22,ACTIVE,"$11,036.00"
ORD-12317,CUST-1491,ST-11,,2024-02-23,ACTIVE,17876
ORD-12318,CUST-948,ST-17,,2025-08-23,closed,"$9,181.00"
ORD-12319,CUST-4864,ST-20,,2026-02-22,CLOSED,"$7,313.00"
ORD-12320,CUST-303,ST-18,CP-61,2025-08-14,active,1055
ORD-12321,CUST-513,ST-2,,2025-03-20,active,"14,615.00"
ORD-12322,CUST-1834,ST-8,CP-33,2024-12-23,active,4971
ORD-12323,CUST-397,ST-20,CP-151,2025-09-08,CLOSED,17955
ORD-12324,CUST-1087,ST-10,CP-122,2025-11-19,CLOSED,"$12,512.00"
ORD-12325,CUST-729,ST-25,CP-195,20-07-2026,ACTIVE,"$2,653.00"
ORD-12326,CUST-645,ST-6,CP-30,2026-12-26,PENDING,19328
ORD-12327,CUST-919,ST-1,,09/06/2024, Active ,1971
ORD-12328,CUST-3701,ST-19,CP-157,06/07/2024, Active ,"$15,735.00"
ORD-12329,CUST-610,ST-21,,06/02/2026,active,"$8,441.00"
ORD-12330,CUST-554,ST-25,,07-10-2024,closed,11534
ORD-12331,CUST-2344,ST-11,,14-05-2024,ACTIVE,"$7,706.00"
ORD-12332,CUST-3954,ST-3,,2025-06-10,closed,13757
ORD-12333,CUST-2747,ST-22,,2024-01-25,CLOSED,9269
ORD-12334,CUST-1917,ST-19,CP-70,03/21/2024,closed,607
ORD-12335,CUST-1730,ST-3,CP-18,22-12-2024,pending,15620
ORD-12336,CUST-3073,ST-25,,2025-01-11,CLOSED,"14,289.00"
ORD-12337,CUST-4093,ST-21,,2026-08-05, Active ,"$5,595.00"
ORD-12338,CUST-2607,ST-12,,03/02/2025,pending,"6,364.00"
ORD-12339,CUST-2398,ST-19,,01/05/2024,CLOSED,"$6,524.00"
ORD-12340,CUST-494,ST-18,,05/07/2025,CLOSED,"$7,512.00"
ORD-12341,CUST-1238,ST-24,,08/27/2024,CLOSED,15721
ORD-12342,CUST-1670,ST-16,,2024-04-06,PENDING,7156
ORD-12343,CUST-4450,ST-6,,04/24/2024, Active ,14105
ORD-12344,CUST-3123,ST-8,CP-190,08/16/2025,pending,"$10,504.00"
ORD-12345,CUST-4958,ST-11,CP-97,23-07-2024,pending,5795
ORD-12346,CUST-4737,ST-24,CP-114,2024-10-24,ACTIVE,$917.00
ORD-12347,CUST-820,ST-8,,2026-07-05,CLOSED,6300
ORD-12348,CUST-493,ST-10,,2024-04-01,closed,6670
ORD-12349,CUST-493,ST-8,,08/23/2026,closed,"$10,388.00"
ORD-12350,CUST-3677,ST-1,,2025-03-21,PENDING,"12,673.00"
ORD-12351,CUST-1585,ST-18,,03-09-2024,ACTIVE,17598
ORD-12352,CUST-3525,ST-5,,05-12-2026,CLOSED,19747
ORD-12353,CUST-2292,ST-20,,11/20/2025,active,238.00
ORD-12354,CUST-3326,ST-14,CP-5,09/26/2026,ACTIVE,3590
ORD-12355,CUST-117,ST-25,CP-85,03-08-2025,pending,5493
ORD-12356,CUST-1122,ST-4,,2024-04-12,pending,"2,741.00"
ORD-12357,CUST-723,ST-3,,2024-03-23,CLOSED,8530
ORD-12358,CUST-4845,ST-9,,09/17/2025,PENDING,10412
ORD-12359,CUST-3608,ST-15,,2026-03-15,pending,"$10,718.00"
ORD-12360,CUST-2084,ST-25,,2024-04-02,closed,"14,299.00"
ORD-12361,CUST-3404,ST-23,CP-180,24-08-2024,CLOSED,16874
ORD-12362,CUST-1627,ST-10,,2024-08-15,CLOSED,"$11,204.00"
ORD-12363,CUST-3068,ST-24,,2025-01-07,active,17271
ORD-12364,CUST-143,ST-6,,2026-02-02,pending,12152
ORD-12365,CUST-4441,ST-16,,06/28/2026, Active ,2357
ORD-12366,CUST-927,ST-1,CP-143,02/14/2026,closed,4720
ORD-12367,CUST-1997,ST-21,,2026-06-13,active,"5,831.00"
ORD-12368,CUST-2726,ST-11,,2024-01-02,active,19976
ORD-12369,CUST-3041,ST-6,,19-09-2025,active,12340
ORD-12370,CUST-2837,ST-11,,12/01/2026,PENDING,"11,276.00"
ORD-12371,CUST-2070,ST-23,CP-77,2024-03-12,pending,18172
ORD-12372,CUST-1967,ST-9,,22-04-2024, Active ,"3,764.00"
ORD-12373,CUST-2559,ST-1,,03/01/2024,ACTIVE,12278
ORD-12374,CUST-3782,ST-16,,11/06/2024,pending,"8,859.00"
ORD-12375,CUST-4797,ST-4,,2024-06-23,closed,2935
ORD-12376,CUST-4141,ST-14,,2026-10-24,active,19422
ORD-12377,CUST-4048,ST-18,,03/13/2026,active,"9,422.00"
ORD-12378,CUST-3455,ST-7,,2026-05-25, Active ,585
ORD-12379,CUST-4049,ST-9,CP-127,2025-05-14, Active ,17978
ORD-12380,CUST-1199,ST-6,CP-4,12/17/2024,pending,"$8,137.00"
ORD-12381,CUST-4340,ST-11,CP-159,18-09-2024,active,"16,720.00"
ORD-12382,CUST-685,ST-4,,2026-06-01,ACTIVE,"6,906.00"
ORD-12383,CUST-1451,ST-9,CP-108,2025-10-28,closed,8496
ORD-12384,CUST-2424,ST-24,,2025-05-23,closed,18484
ORD-12385,CUST-3406,ST-24,,10/01/2026,active,10171
ORD-12386,CUST-3096,ST-1,,26-01-2024, Active ,"$2,259.00"
ORD-12387,CUST-250,ST-15,,2026-11-20, Active ,"$1,260.00"
ORD-12388,CUST-4661,ST-25,CP-125,2025-12-22,CLOSED,18223
ORD-12389,CUST-3784,ST-24,,2025-08-27,PENDING,"4,313.00"
ORD-12390,CUST-112,ST-1,CP-196,13-09-2025,active,"$8,333.00"
ORD-12391,CUST-4170,ST-13,CP-136,2026-03-11, Active ,5996
ORD-12392,CUST-351,ST-14,,2025-03-05,CLOSED,14286
ORD-12393,CUST-2070,ST-15,CP-2,07/12/2025,ACTIVE,"13,007.00"
ORD-12394,CUST-3879,ST-21,,2024-06-18,closed,7553
ORD-12395,CUST-1709,ST-18,CP-33,08/09/2024, Active ,"7,931.00"
ORD-12396,CUST-4549,ST-10,,2026-04-10,pending,9701
ORD-12397,CUST-2827,ST-11,,23-08-2024,pending,"$8,327.00"
ORD-12398,CUST-1315,ST-4,,2026-03-22, Active ,9632
ORD-12399,CUST-2974,ST-7,CP-10,2026-04-07, Active ,"11,764.00"
ORD-12400,CUST-4601,ST-18,,2024-11-21,closed,"$6,018.00"
ORD-12401,CUST-774,ST-15,,10/10/2024,active,2840
ORD-12402,CUST-2163,ST-25,,06/16/2026,ACTIVE,"$12,847.00"
ORD-12403,CUST-1542,ST-11,,2025-08-14,CLOSED,"17,841.00"
ORD-12404,CUST-670,ST-23,,2025-04-06,closed,16857
ORD-12405,CUST-4964,ST-13,,11-12-2024,CLOSED,"$11,504.00"
ORD-12406,CUST-2733,ST-1,,08-07-2025,ACTIVE,4030
ORD-12407,CUST-2543,ST-20,,08-11-2026,active,8358
ORD-12408,CUST-1186,ST-10,,12/08/2024, Active ,"1,165.00"
ORD-12409,CUST-2190,ST-17,CP-109,2026-12-25,PENDING,5537
ORD-12410,CUST-4010,ST-22,,2026-08-07,ACTIVE,"$15,675.00"
ORD-12411,CUST-2540,ST-6,,25-03-2025,closed,8868
ORD-12412,CUST-4796,ST-15,CP-46,2026-10-26,closed,1722
ORD-12413,CUST-1467,ST-3,CP-17,2025-07-20,pending,10623
ORD-12414,CUST-1902,ST-11,,2025-02-21,closed,9129
ORD-12415,CUST-1731,ST-5,CP-98,09-07-2025,pending,299.00
ORD-12416,CUST-2307,ST-13,CP-115,12/26/2026, Active ,"$14,894.00"
ORD-12417,CUST-3608,ST-15,,2024-08-07,PENDING,18728
ORD-12418,CUST-4539,ST-22,,12-10-2026, Active ,6412
ORD-12419,CUST-612,ST-3,,07-09-2024,PENDING,"14,654.00"
ORD-12420,CUST-4748,ST-11,,2024-04-03,PENDING,"17,680.00"
ORD-12421,CUST-4454,ST-14,,11/01/2026,active,"$7,355.00"
ORD-12422,CUST-263,ST-11,CP-130,2024-06-21,ACTIVE,12688
ORD-12423,CUST-4329,ST-6,CP-47,2025-08-09,closed,9596
ORD-12424,CUST-1594,ST-3,,2024-05-22,pending,"$8,112.00"
ORD-12425,CUST-4319,ST-11,CP-176,07-09-2024,pending,"$15,642.00"
ORD-12426,CUST-4467,ST-14,,04/12/2024, Active ,7235
ORD-12427,CUST-999,ST-1,,06-04-2025,pending,7965
ORD-12428,CUST-1449,ST-23,,2025-06-01,active,17983
ORD-12429,CUST-3870,ST-5,,06/19/2025,active,316.00
ORD-12430,CUST-3955,ST-11,CP-90,2025-02-12,pending,7020
ORD-12431,CUST-1610,ST-22,,04/22/2025,closed,"$9,357.00"
ORD-12432,CUST-901,ST-25,,2024-08-03, Active ,"10,524.00"
ORD-12433,CUST-1638,ST-11,CP-70,06/14/2024,CLOSED,17249
ORD-12434,CUST-3474,ST-4,CP-147,2025-07-26,PENDING,15631
ORD-12435,CUST-3994,ST-9,,2025-11-08,active,14345
ORD-12436,CUST-570,ST-18,,09-04-2024,active,1096
ORD-12437,CUST-113,ST-20,,24-08-2024, Active ,"$4,203.00"
ORD-12438,CUST-2517,ST-22,CP-48,2025-06-06, Active ,$115.00
ORD-12439,CUST-687,ST-16,CP-176,2026-12-18,pending,5520
ORD-12440,CUST-560,ST-11,,06/17/2024,CLOSED,11385
ORD-12441,CUST-2635,ST-5,CP-124,08/16/2025,ACTIVE,"$2,580.00"
ORD-12442,CUST-225,ST-8,CP-29,2026-05-07,active,"13,050.00"
ORD-12443,CUST-4539,ST-5,,2025-09-21,pending,19790
ORD-12444,CUST-2656,ST-18,,2024-08-26,CLOSED,972.00
ORD-12445,CUST-2020,ST-14,,2025-10-23,CLOSED,"$4,678.00"
ORD-12446,CUST-3360,ST-2,,12/23/2025,CLOSED,13320
ORD-12447,CUST-280,ST-15,,03/02/2025,ACTIVE,14164
ORD-12448,CUST-1800,ST-15,,02/08/2026,closed,"9,889.00"
ORD-12449,CUST-4422,ST-24,CP-57,04/19/2026,PENDING,4929
ORD-12450,CUST-3269,ST-25,CP-57,10-04-2025,active,14945
ORD-12451,CUST-1686,ST-25,,2025-09-19,CLOSED,10079
ORD-12452,CUST-3297,ST-3,,22-11-2025,ACTIVE,"2,037.00"
ORD-12453,CUST-1582,ST-14,CP-172,10/05/2026,ACTIVE,"8,322.00"
ORD-12454,CUST-3947,ST-6,,2025-04-19,CLOSED,"$12,802.00"
ORD-12455,CUST-3883,ST-13,CP-177,08-09-2025,PENDING,8111
ORD-12456,CUST-3258,ST-7,CP-159,2024-11-06,PENDING,7550
ORD-12457,CUST-2678,ST-3,CP-57,2024-11-28,closed,6539
ORD-12458,CUST-2065,ST-5,,2025-09-26,CLOSED,1246
ORD-12459,CUST-4048,ST-13,,10-05-2025,active,6215
ORD-12460,CUST-3450,ST-24,,05/04/2025,CLOSED,"19,920.00"
ORD-12461,CUST-2080,ST-5,CP-159,2025-01-13,CLOSED,"$3,765.00"
ORD-12462,CUST-1046,ST-25,,2024-05-10,ACTIVE,10889
ORD-12463,CUST-3687,ST-17,,14-11-2024,PENDING,"$12,789.00"
ORD-12464,CUST-4071,ST-10,,2024-06-16,CLOSED,15526
ORD-12465,CUST-3808,ST-1,,2024-08-15, Active ,2490
ORD-12466,CUST-4861,ST-14,,2026-10-06,ACTIVE,12644
ORD-12467,CUST-1153,ST-19,,11-10-2025,ACTIVE,12544
ORD-12468,CUST-2801,ST-7,,11/23/2024,CLOSED,"$5,449.00"
ORD-12469,CUST-1268,ST-16,,15-05-2026,closed,15334
ORD-12470,CUST-138,ST-2,CP-36,2024-11-16,CLOSED,"4,344.00"
ORD-12471,CUST-2749,ST-24,CP-24,05-10-2026, Active ,"12,144.00"
ORD-12472,CUST-3586,ST-11,,11/23/2025,pending,7999
ORD-12473,CUST-4291,ST-22,,01/14/2024,pending,1832
ORD-12474,CUST-891,ST-8,,2024-10-06,CLOSED,"$14,906.00"
ORD-12475,CUST-2860,ST-12,,2024-08-04,ACTIVE,1131
ORD-12476,CUST-2927,ST-23,CP-73,10-01-2026,pending,19839
ORD-12477,CUST-2220,ST-20,,2026-06-13,ACTIVE,"$8,244.00"
ORD-12478,CUST-4251,ST-12,CP-103,2024-01-03,pending,"$1,875.00"
ORD-12479,CUST-2728,ST-15,CP-31,2024-05-23,CLOSED,8108
ORD-12480,CUST-4361,ST-4,CP-33,04/07/2026,pending,12741
ORD-12481,CUST-3920,ST-4,CP-3,2024-12-04,CLOSED,3796
ORD-12482,CUST-3243,ST-2,CP-2,01-12-2025,closed,"$9,724.00"
ORD-12483,CUST-772,ST-13,CP-37,2026-02-20,ACTIVE,"$2,311.00"
ORD-12484,CUST-815,ST-11,CP-93,23-12-2024, Active ,4844
ORD-12485,CUST-861,ST-19,,2026-08-14,pending,"7,598.00"
ORD-12486,CUST-3745,ST-18,,2026-04-23,pending,14870
ORD-12487,CUST-4437,ST-13,,04/21/2024,active,11469
ORD-12488,CUST-1257,ST-14,CP-71,11/18/2025,pending,3969
ORD-12489,CUST-234,ST-7,,02/03/2025,CLOSED,3935
ORD-12490,CUST-1853,ST-19,,2024-04-16,active,"$9,087.00"
ORD-12491,CUST-11,ST-23,CP-159,02/26/2024,closed,6299
ORD-12492,CUST-1852,ST-19,CP-120,12/05/2026,PENDING,572
ORD-12493,CUST-3622,ST-18,,06-05-2026,CLOSED,7121
ORD-12494,CUST-1290,ST-12,,25-07-2024,closed,$319.00
ORD-12495,CUST-4661,ST-10,,09/10/2024,closed,18020
ORD-12496,CUST-3150,ST-3,,11/10/2025, Active ,11120
ORD-12497,CUST-3225,ST-21,,2026-08-21,pending,"13,234.00"
ORD-12498,CUST-2177,ST-24,,01-03-2025,pending,"$5,352.00"
ORD-12499,CUST-716,ST-17,,2025-06-28,pending,"$5,992.00"
ORD-12500,CUST-1602,ST-4,,07/06/2025,CLOSED,1642
ORD-12501,CUST-4619,ST-25,CP-134,09/06/2025,PENDING,15092
ORD-12502,CUST-1383,ST-16,CP-33,2026-01-13,CLOSED,10909
ORD-12503,CUST-188,ST-22,,2024-12-02,pending,17497
ORD-12504,CUST-4060,ST-2,,08-06-2026,active,12191
ORD-12505,CUST-3386,ST-1,,09/07/2026,ACTIVE,9847
ORD-12506,CUST-2723,ST-24,,05-04-2025,active,2969
ORD-12507,CUST-3632,ST-13,,04-10-2025, Active ,10466
ORD-12508,CUST-3617,ST-5,,2025-04-27,active,"$1,733.00"
ORD-12509,CUST-4122,ST-3,,2024-05-06,pending,"5,702.00"
ORD-12510,CUST-1964,ST-12,,09-02-2025,pending,"12,248.00"
ORD-12511,CUST-1941,ST-14,,2024-08-11,PENDING,"$16,347.00"
ORD-12512,CUST-4832,ST-6,,2026-10-09,PENDING,"$10,150.00"
ORD-12513,CUST-3237,ST-6,,2026-05-06,closed,"16,104.00"
ORD-12514,CUST-2320,ST-21,,2024-09-19,pending,"$18,971.00"
ORD-12515,CUST-276,ST-1,,2024-05-09,PENDING,12815
ORD-12516,CUST-187,ST-2,,02/28/2025,CLOSED,597
ORD-12517,CUST-3016,ST-13,,07/01/2024,CLOSED,"$6,658.00"
ORD-12518,CUST-3774,ST-20,,2026-02-28,ACTIVE,"$17,622.00"
ORD-12519,CUST-2382,ST-1,,02-07-2025,CLOSED,4521
ORD-12520,CUST-4123,ST-20,,2025-02-12,active,7904
ORD-12521,CUST-1965,ST-20,,23-04-2024, Active ,"19,750.00"
ORD-12522,CUST-4173,ST-25,,03/07/2025,PENDING,10413
ORD-12523,CUST-2089,ST-14,,12/28/2026,closed,13452
ORD-12524,CUST-4605,ST-5,,2025-03-06,pending,8538
ORD-12525,CUST-3504,ST-18,CP-45,2024-11-24,active,"$13,353.00"
ORD-12526,CUST-587,ST-5,,11/16/2025,PENDING,4133
ORD-12527,CUST-366,ST-13,,02-02-2026,closed,"5,358.00"
ORD-12528,CUST-2639,ST-20,CP-118,08/26/2024,PENDING,"$18,527.00"
ORD-12529,CUST-2065,ST-16,CP-168,06/13/2026,PENDING,"$1,431.00"
ORD-12530,CUST-1544,ST-2,CP-182,2026-07-11,PENDING,16038
ORD-12531,CUST-3911,ST-1,CP-54,2024-10-05,ACTIVE,2872
ORD-12532,CUST-2369,ST-22,,2024-12-19,PENDING,12479
ORD-12533,CUST-1948,ST-12,,05/02/2026,closed,"9,614.00"
ORD-12534,CUST-3406,ST-6,,11/11/2024, Active ,6467
ORD-12535,CUST-1383,ST-21,,10/04/2024, Active ,"13,230.00"
ORD-12536,CUST-1879,ST-8,,2024-08-01,PENDING,2200
ORD-12537,CUST-403,ST-5,,2025-07-23,CLOSED,"$16,698.00"
ORD-12538,CUST-2136,ST-15,,2025-05-27,closed,361.00
ORD-12539,CUST-3694,ST-18,,2026-07-28,ACTIVE,10151
ORD-12540,CUST-658,ST-6,,07/07/2024,closed,"$15,974.00"
ORD-12541,CUST-863,ST-19,,2025-03-22,closed,11760
ORD-12542,CUST-738,ST-5,CP-86,08/07/2024, Active ,"12,968.00"
ORD-12543,CUST-3077,ST-15,,18-08-2026,active,13787
ORD-12544,CUST-2590,ST-17,CP-195,10-03-2026,pending,12229
ORD-12545,CUST-4671,ST-4,,2025-07-18,active,"$2,982.00"
ORD-12546,CUST-2878,ST-13,CP-7,02/06/2025, Active ,5315
ORD-12547,CUST-4347,ST-20,CP-31,2026-11-18,pending,1415
ORD-12548,CUST-988,ST-11,,2025-08-22,ACTIVE,8878
ORD-12549,CUST-4531,ST-6,,2025-07-23,ACTIVE,8320
ORD-12550,CUST-4673,ST-21,,2025-06-01,PENDING,1880
ORD-12551,CUST-1524,ST-9,,18-10-2025,active,"16,990.00"
ORD-12552,CUST-2266,ST-4,CP-107,01/27/2026,CLOSED,"$15,178.00"
ORD-12553,CUST-645,ST-11,,06/10/2024,active,"8,755.00"
ORD-12554,CUST-4248,ST-23,,2025-06-13, Active ,9011
ORD-12555,CUST-2433,ST-10,CP-124,26-08-2024,active,"$3,159.00"
ORD-12556,CUST-1088,ST-8,,2026-04-13,PENDING,"$17,723.00"
ORD-12557,CUST-724,ST-18,,2024-10-17,active,"$3,340.00"
ORD-12558,CUST-3128,ST-23,,2025-04-01,closed,"16,995.00"
ORD-12559,CUST-401,ST-3,CP-69,2024-11-21,CLOSED,"1,120.00"
ORD-12560,CUST-1090,ST-5,CP-80,2026-02-25,PENDING,"$15,013.00"
ORD-12561,CUST-348,ST-20,CP-58,15-10-2025, Active ,9379
ORD-12562,CUST-2194,ST-11,,07-06-2024,CLOSED,2393
ORD-12563,CUST-984,ST-12,,2024-03-10,active,"$15,446.00"
ORD-12564,CUST-3274,ST-5,CP-15,10/18/2024,ACTIVE,14218
ORD-12565,CUST-2675,ST-15,,10/02/2025,PENDING,"$19,353.00"
ORD-12566,CUST-3252,ST-14,,23-06-2025,PENDING,17211
ORD-12567,CUST-3462,ST-23,CP-97,2026-01-23,active,15699
ORD-12568,CUST-1491,ST-8,,20-04-2025,PENDING,14121
ORD-12569,CUST-67,ST-14,,07/24/2026,active,"$7,751.00"
ORD-12570,CUST-3117,ST-16,,17-06-2024,closed,"4,596.00"
ORD-12571,CUST-1936,ST-7,CP-196,2024-06-25,closed,12800
ORD-12572,CUST-1027,ST-24,CP-181,02/28/2024,PENDING,"$14,721.00"
ORD-12573,CUST-2434,ST-9,CP-184,14-07-2025,ACTIVE,12708
ORD-12574,CUST-3664,ST-8,,2024-10-18,pending,"$10,136.00"
ORD-12575,CUST-2150,ST-7,,26-02-2025,pending,"$2,194.00"
ORD-12576,CUST-3616,ST-11,,02/05/2025,PENDING,412
ORD-12577,CUST-3878,ST-22,,28-02-2025,closed,8384
ORD-12578,CUST-1581,ST-23,,04/16/2025,active,4966
ORD-12579,CUST-2965,ST-4,CP-181,03/01/2025,closed,"$12,633.00"
ORD-12580,CUST-1115,ST-18,CP-138,01-06-2025,PENDING,"6,563.00"
ORD-12581,CUST-1257,ST-22,,01/23/2024,pending,"6,664.00"
ORD-12582,CUST-4854,ST-21,,2026-11-07,ACTIVE,6886
ORD-12583,CUST-4832,ST-12,,2024-05-02,ACTIVE,4042
ORD-12584,CUST-866,ST-5,CP-30,2026-09-06,CLOSED,334.00
ORD-12585,CUST-4101,ST-22,CP-127,2026-01-24,closed,10125
ORD-12586,CUST-1330,ST-19,CP-66,06/09/2026,active,"17,566.00"
ORD-12587,CUST-542,ST-11,CP-54,06/23/2026,closed,"$18,162.00"
ORD-12588,CUST-1959,ST-4,CP-88,03/02/2025,active,3636
ORD-12589,CUST-603,ST-21,,2025-08-06,active,17388
ORD-12590,CUST-2125,ST-6,,2025-12-09,PENDING,"$14,178.00"
ORD-12591,CUST-4267,ST-12,CP-162,13-05-2026,pending,5251
ORD-12592,CUST-3970,ST-2,,09/25/2024,closed,746.00
ORD-12593,CUST-2331,ST-19,,06-12-2026,CLOSED,1065
ORD-12594,CUST-2959,ST-13,CP-100,01/23/2026,PENDING,"13,158.00"
ORD-12595,CUST-539,ST-11,CP-48,2026-02-25,pending,13884
ORD-12596,CUST-204,ST-14,,2024-04-12,active,"17,688.00"
ORD-12597,CUST-60,ST-13,,2024-01-04,active,18349
ORD-12598,CUST-2517,ST-8,,11-02-2025,active,9246
ORD-12599,CUST-932,ST-1,,2024-12-25,PENDING,6723
ORD-12600,CUST-2332,ST-20,,2025-09-16,PENDING,"6,215.00"
ORD-12601,CUST-4322,ST-4,,13-01-2025,PENDING,"2,666.00"
ORD-12602,CUST-1183,ST-8,,11/28/2025,PENDING,17574
ORD-12603,CUST-4184,ST-15,,03/11/2024,ACTIVE,"$10,058.00"
ORD-12604,CUST-2998,ST-7,,04/08/2026,active,"14,102.00"
ORD-12605,CUST-1775,ST-1,,15-05-2025,closed,"$11,705.00"
ORD-12606,CUST-2945,ST-9,,2024-01-11,closed,"$10,805.00"
ORD-12607,CUST-3097,ST-23,,09-04-2026,CLOSED,"9,414.00"
ORD-12608,CUST-2198,ST-24,,2026-09-09, Active ,8605
ORD-12609,CUST-3128,ST-14,CP-37,2024-01-17,PENDING,"6,173.00"
ORD-12610,CUST-4327,ST-25,,08/23/2024,ACTIVE,17451
ORD-12611,CUST-2727,ST-17,,26-12-2024,ACTIVE,"$15,581.00"
ORD-12612,CUST-1770,ST-22,,07/24/2024, Active ,7894
ORD-12613,CUST-440,ST-15,,2024-07-13, Active ,"12,778.00"
ORD-12614,CUST-3414,ST-8,CP-35,2026-04-07,CLOSED,15550
ORD-12615,CUST-2126,ST-19,,2025-07-22,closed,16678
ORD-12616,CUST-4937,ST-12,,10/03/2026,PENDING,"3,421.00"
ORD-12617,CUST-4618,ST-24,,11/27/2025,ACTIVE,"$15,459.00"
ORD-12618,CUST-4466,ST-14,,2026-08-07,PENDING,$686.00
ORD-12619,CUST-4024,ST-20,CP-172,06/26/2026,active,"8,232.00"
ORD-12620,CUST-2073,ST-11,,2025-10-01,ACTIVE,15820
ORD-12621,CUST-2342,ST-22,,2024-09-23,ACTIVE,12005
ORD-12622,CUST-3819,ST-25,,2025-08-15,active,"15,213.00"
ORD-12623,CUST-1601,ST-16,,01/13/2024,pending,"10,443.00"
ORD-12624,CUST-2438,ST-10,,07-11-2024, Active ,11238
ORD-12625,CUST-3249,ST-2,,15-08-2026,active,13280
ORD-12626,CUST-3744,ST-7,,2025-07-18,CLOSED,17136
ORD-12627,CUST-4582,ST-22,CP-84,2025-05-13,active,"19,974.00"
ORD-12628,CUST-589,ST-6,CP-194,07-11-2026,CLOSED,13051
ORD-12629,CUST-4768,ST-17,CP-131,01/10/2026,pending,"$1,970.00"
ORD-12630,CUST-1983,ST-2,,07/04/2025,PENDING,13578
ORD-12631,CUST-1243,ST-14,,2025-11-04,ACTIVE,10640
ORD-12632,CUST-3668,ST-4,,2026-03-26,ACTIVE,"3,519.00"
ORD-12633,CUST-797,ST-11,CP-153,2026-04-02,ACTIVE,1504
ORD-12634,CUST-3247,ST-9,CP-8,11/12/2024, Active ,"$4,705.00"
ORD-12635,CUST-1931,ST-23,CP-154,09/06/2026,PENDING,"5,886.00"
ORD-12636,CUST-2083,ST-2,,2025-11-05, Active ,15648
ORD-12637,CUST-4684,ST-1,,04-12-2026,active,7715
ORD-12638,CUST-463,ST-18,,2025-05-10,PENDING,8382
ORD-12639,CUST-4109,ST-7,,2024-05-16,closed,10675
ORD-12640,CUST-238,ST-21,,02/01/2024,closed,19236
ORD-12641,CUST-365,ST-14,,09/11/2026,PENDING,"3,167.00"
ORD-12642,CUST-1205,ST-4,,10/10/2026,active,"19,205.00"
ORD-12643,CUST-3546,ST-18,,2026-02-28,CLOSED,"$1,172.00"
ORD-12644,CUST-4482,ST-4,,05/26/2025, Active ,550
ORD-12645,CUST-1179,ST-7,CP-151,02/28/2024,CLOSED,5977
ORD-12646,CUST-3009,ST-23,,05/24/2026, Active ,6084
ORD-12647,CUST-3845,ST-22,,2024-07-02,closed,4359
ORD-12648,CUST-4608,ST-23,,03/16/2025,closed,"18,479.00"
ORD-12649,CUST-83,ST-19,,2024-08-08, Active ,14131
ORD-12650,CUST-1494,ST-18,,06/26/2026,closed,"19,364.00"
ORD-12651,CUST-104,ST-7,,2024-12-04, Active ,"17,598.00"
ORD-12652,CUST-4512,ST-20,,10/25/2025,closed,17575
ORD-12653,CUST-1202,ST-24,,03/19/2025,active,"$6,958.00"
ORD-12654,CUST-1041,ST-10,,12/09/2024,PENDING,"9,004.00"
ORD-12655,CUST-4763,ST-15,CP-196,2026-06-10,ACTIVE,3999
ORD-12656,CUST-2536,ST-5,CP-40,01/18/2024,closed,6580
ORD-12657,CUST-137,ST-18,,15-01-2024,active,"15,382.00"
ORD-12658,CUST-2301,ST-21,,2024-06-22,pending,10687
ORD-12659,CUST-990,ST-5,CP-157,09/11/2026, Active ,"9,014.00"
ORD-12660,CUST-1918,ST-8,CP-121,2024-10-26,ACTIVE,16999
ORD-12661,CUST-2194,ST-19,,25-05-2025,ACTIVE,2461
ORD-12662,CUST-2748,ST-23,CP-108,2025-09-20,PENDING,9617
ORD-12663,CUST-1959,ST-22,,2026-04-16,PENDING,"$16,719.00"
ORD-12664,CUST-292,ST-22,,2024-01-18,CLOSED,4364
ORD-12665,CUST-2677,ST-20,,20-08-2024,closed,"$1,631.00"
ORD-12666,CUST-3892,ST-17,CP-177,04/28/2024,pending,12438
ORD-12667,CUST-1626,ST-5,,05/07/2024,closed,"$6,117.00"
ORD-12668,CUST-1878,ST-7,,10/10/2024,CLOSED,"4,849.00"
ORD-12669,CUST-2213,ST-2,,2025-12-23,active,16838
ORD-12670,CUST-1486,ST-24,CP-187,2024-07-19,PENDING,"3,619.00"
ORD-12671,CUST-1859,ST-23,,16-07-2025, Active ,"13,301.00"
ORD-12672,CUST-3921,ST-2,CP-144,2026-06-05, Active ,9730
ORD-12673,CUST-2305,ST-13,,05-08-2024,ACTIVE,2190
ORD-12674,CUST-4387,ST-3,,2025-02-07,ACTIVE,18783
ORD-12675,CUST-999,ST-15,,15-01-2025,closed,12442
ORD-12676,CUST-1509,ST-21,CP-58,01-01-2026,CLOSED,11270
ORD-12677,CUST-3109,ST-22,CP-126,2024-01-05,ACTIVE,"11,895.00"
ORD-12678,CUST-3470,ST-18,,2026-08-24, Active ,"$3,512.00"
ORD-12679,CUST-1612,ST-3,CP-122,24-05-2025,closed,19762
ORD-12680,CUST-2830,ST-21,CP-192,04/04/2025, Active ,1652
ORD-12681,CUST-842,ST-2,,11/22/2026,active,16770
ORD-12682,CUST-2879,ST-3,,2024-03-07,PENDING,3677
ORD-12683,CUST-4154,ST-7,,17-06-2024,ACTIVE,"18,519.00"
ORD-12684,CUST-2150,ST-14,,01-02-2025,ACTIVE,"$12,133.00"
ORD-12685,CUST-19,ST-23,,2025-08-10, Active ,"$2,366.00"
ORD-12686,CUST-920,ST-1,,2026-07-24,closed,"$18,447.00"
ORD-12687,CUST-1933,ST-23,CP-16,09/09/2026, Active ,3224
ORD-12688,CUST-1366,ST-5,CP-24,10/06/2026,active,17649
ORD-12689,CUST-834,ST-21,,05/03/2025,CLOSED,11663
ORD-12690,CUST-4719,ST-5,,16-11-2025,ACTIVE,"$17,899.00"
ORD-12691,CUST-957,ST-20,,2026-11-24,CLOSED,12469
ORD-12692,CUST-4066,ST-3,,2024-06-22,pending,"$14,678.00"
ORD-12693,CUST-2501,ST-5,CP-52,12/04/2026,active,9065
ORD-12694,CUST-3222,ST-1,,01-05-2024,closed,"$7,835.00"
ORD-12695,CUST-4438,ST-13,,2024-03-26,closed,"$17,749.00"
ORD-12696,CUST-4775,ST-10,,2026-09-16,CLOSED,13647
ORD-12697,CUST-291,ST-7,,2026-02-20,pending,17908
ORD-12698,CUST-2325,ST-1,CP-169,05/13/2025,closed,"$5,366.00"
ORD-12699,CUST-2632,ST-18,,12/04/2024,pending,"$10,212.00"
ORD-12700,CUST-2399,ST-1,CP-144,2024-03-01,active,"$11,564.00"
ORD-12701,CUST-1024,ST-16,,2025-01-23, Active ,"$7,832.00"
ORD-12702,CUST-1612,ST-6,,2025-07-03,closed,"14,643.00"
ORD-12703,CUST-1983,ST-9,,2025-08-17,PENDING,"15,716.00"
ORD-12704,CUST-4539,ST-9,,2026-02-13,active,"17,215.00"
ORD-12705,CUST-3022,ST-18,CP-193,09/18/2026,active,"6,577.00"
ORD-12706,CUST-4690,ST-8,,2026-12-10,ACTIVE,"$15,547.00"
ORD-12707,CUST-432,ST-9,,04/27/2026,active,"14,858.00"
ORD-12708,CUST-4800,ST-23,CP-91,2025-04-23,ACTIVE,"19,225.00"
ORD-12709,CUST-2674,ST-15,CP-143,2024-04-12,PENDING,"12,497.00"
ORD-12710,CUST-3497,ST-20,,2024-01-25,active,"$12,022.00"
ORD-12711,CUST-1738,ST-22,,01/24/2024,pending,8804
ORD-12712,CUST-3523,ST-11,,2025-01-02,pending,5347
ORD-12713,CUST-972,ST-8,,10/04/2026,pending,16990
ORD-12714,CUST-2029,ST-12,CP-134,2024-01-14,closed,17545
ORD-12715,CUST-2764,ST-20,,28-12-2025,PENDING,12053
ORD-12716,CUST-4519,ST-2,,09/08/2024,ACTIVE,3957
ORD-12717,CUST-4452,ST-20,,08/10/2026,ACTIVE,16462
ORD-12718,CUST-2598,ST-24,CP-70,2025-08-05,pending,"$14,367.00"
ORD-12719,CUST-2167,ST-2,,23-05-2024, Active ,"$5,734.00"
ORD-12720,CUST-2066,ST-2,,03/09/2025,closed,15006
ORD-12721,CUST-4485,ST-20,,2025-08-08,closed,12364
ORD-12722,CUST-4466,ST-24,CP-111,04-08-2024,CLOSED,5976
ORD-12723,CUST-3015,ST-8,,06-06-2025,PENDING,8361
ORD-12724,CUST-1256,ST-13,,10/19/2024,active,3094
ORD-12725,CUST-3727,ST-8,CP-124,02/13/2025,active,"$7,895.00"
ORD-12726,CUST-882,ST-7,,2025-06-24, Active ,7699
ORD-12727,CUST-4699,ST-12,,13-03-2024,PENDING,"$18,489.00"
ORD-12728,CUST-4411,ST-9,,01/06/2024,pending,17231
ORD-12729,CUST-2840,ST-4,,2025-03-03,pending,"$17,223.00"
ORD-12730,CUST-4850,ST-9,CP-122,2024-09-16,CLOSED,12394
ORD-12731,CUST-198,ST-11,,18-01-2026,closed,"$12,825.00"
ORD-12732,CUST-2164,ST-8,,06-10-2026,pending,2120
ORD-12733,CUST-4999,ST-1,,2025-03-23,active,"$4,895.00"
ORD-12734,CUST-3883,ST-23,,12/11/2025,PENDING,16361
ORD-12735,CUST-858,ST-1,CP-59,01/24/2025,active,"$12,757.00"
ORD-12736,CUST-466,ST-12,,09-07-2025,PENDING,"12,034.00"
ORD-12737,CUST-3808,ST-3,,12/12/2024,ACTIVE,"$10,169.00"
ORD-12738,CUST-712,ST-21,,2025-08-22,CLOSED,$156.00
ORD-12739,CUST-3117,ST-11,,2026-03-17,CLOSED,6256
ORD-12740,CUST-2720,ST-23,,2025-09-23,closed,"7,220.00"
ORD-12741,CUST-4020,ST-9,CP-49,02/21/2025,closed,"19,052.00"
ORD-12742,CUST-1623,ST-15,CP-123,2025-08-03, Active ,"$5,868.00"
ORD-12743,CUST-2772,ST-16,CP-25,2025-11-03,PENDING,16370
ORD-12744,CUST-4347,ST-10,,14-02-2024,ACTIVE,5523
ORD-12745,CUST-3578,ST-18,,09/02/2024,active,19753
ORD-12746,CUST-3082,ST-19,CP-43,2024-06-28, Active ,"$16,935.00"
ORD-12747,CUST-4019,ST-1,,2026-07-16,closed,5359
ORD-12748,CUST-2042,ST-5,,02-11-2025,pending,9555
ORD-12749,CUST-4662,ST-4,CP-195,11/03/2025,closed,"$16,289.00"
ORD-12750,CUST-994,ST-3,CP-173,2025-01-10,PENDING,"$9,153.00"
ORD-12751,CUST-2453,ST-17,,08/16/2026,active,12243
ORD-12752,CUST-4516,ST-17,,09/13/2024,CLOSED,"8,122.00"
ORD-12753,CUST-1543,ST-6,,2024-09-21,ACTIVE,14887
ORD-12754,CUST-3801,ST-23,,2025-04-24,ACTIVE,"$2,143.00"
ORD-12755,CUST-659,ST-14,CP-145,2025-02-15,active,"6,526.00"
ORD-12756,CUST-3507,ST-7,,07/04/2025,closed,13144
ORD-12757,CUST-746,ST-1,,27-11-2024, Active ,"$11,399.00"
ORD-12758,CUST-983,ST-4,,09/08/2026,ACTIVE,"$17,339.00"
ORD-12759,CUST-2617,ST-17,CP-113,2025-07-25,pending,"12,657.00"
ORD-12760,CUST-4256,ST-14,,06/06/2024, Active ,"7,066.00"
ORD-12761,CUST-291,ST-4,,2025-11-17,pending,14177
ORD-12762,CUST-4353,ST-18,,01/18/2025,pending,"5,345.00"
ORD-12763,CUST-811,ST-13,CP-98,2026-02-28,PENDING,"$6,519.00"
ORD-12764,CUST-4909,ST-1,,2025-08-16, Active ,19168
ORD-12765,CUST-940,ST-17,CP-149,23-08-2024,pending,12033
ORD-12766,CUST-4746,ST-10,CP-46,02/19/2026,ACTIVE,"$15,940.00"
ORD-12767,CUST-3823,ST-6,,06/02/2024,PENDING,"$18,019.00"
ORD-12768,CUST-3375,ST-7,,10/23/2025,PENDING,"8,186.00"
ORD-12769,CUST-4223,ST-1,,10/26/2026,active,"$4,727.00"
ORD-12770,CUST-1841,ST-14,CP-111,02/23/2024,active,7680
ORD-12771,CUST-978,ST-22,,12/21/2025,active,"$8,382.00"
ORD-12772,CUST-1457,ST-19,,20-05-2024,CLOSED,15360
ORD-12773,CUST-2227,ST-22,,05/27/2026,ACTIVE,2161
ORD-12774,CUST-1201,ST-24,CP-168,2025-04-01,closed,"1,579.00"
ORD-12775,CUST-1516,ST-16,CP-7,12/17/2026,closed,"$16,009.00"
ORD-12776,CUST-1415,ST-1,,13-03-2026,ACTIVE,"19,556.00"
ORD-12777,CUST-1291,ST-14,,2026-11-03, Active ,520
ORD-12778,CUST-4770,ST-19,,2025-07-26,ACTIVE,112.00
ORD-12779,CUST-3936,ST-6,CP-180,02-06-2025,closed,"11,501.00"
ORD-12780,CUST-1246,ST-22,,06-01-2026, Active ,2890
ORD-12781,CUST-2018,ST-13,,2025-10-18,ACTIVE,"$19,599.00"
ORD-12782,CUST-2586,ST-8,,04-05-2026,CLOSED,10875
ORD-12783,CUST-778,ST-11,,2024-05-12,closed,9454
ORD-12784,CUST-4245,ST-5,,2026-02-14,ACTIVE,15604
ORD-12785,CUST-808,ST-1,,2024-08-12,active,"9,821.00"
ORD-12786,CUST-1089,ST-15,,2024-04-19, Active ,"$14,907.00"
ORD-12787,CUST-108,ST-1,,02-02-2026,active,903
ORD-12788,CUST-319,ST-4,CP-110,2024-06-03,pending,"13,976.00"
ORD-12789,CUST-1229,ST-24,CP-16,03/24/2024,pending,17888
ORD-12790,CUST-2526,ST-16,,04/18/2026,CLOSED,7571
ORD-12791,CUST-1591,ST-20,,07/08/2025,PENDING,914.00
ORD-12792,CUST-1592,ST-2,,2026-10-24,active,"$8,806.00"
ORD-12793,CUST-2469,ST-21,,2026-01-28,closed,"$15,065.00"
ORD-12794,CUST-3059,ST-19,,07/15/2026,active,"$17,506.00"
ORD-12795,CUST-4449,ST-2,,08/07/2026, Active ,"$6,312.00"
ORD-12796,CUST-2639,ST-11,,03-02-2026, Active ,"$9,069.00"
ORD-12797,CUST-2749,ST-19,,02/21/2026,CLOSED,12842
ORD-12798,CUST-4916,ST-1,,2024-11-07,ACTIVE,"$7,383.00"
ORD-12799,CUST-387,ST-2,,04/05/2025,closed,7347
ORD-12800,CUST-2383,ST-14,,2026-12-17,PENDING,"$7,624.00"
ORD-12801,CUST-886,ST-16,,05/27/2025,CLOSED,14277
ORD-12802,CUST-5,ST-3,,2025-12-16,ACTIVE,19316
ORD-12803,CUST-3,ST-22,,2025-01-06,active,14856
ORD-12804,CUST-1481,ST-5,,11-04-2025,CLOSED,162
ORD-12805,CUST-41,ST-7,CP-92,07/04/2025,closed,"7,475.00"
ORD-12806,CUST-4881,ST-25,,01-12-2024,PENDING,"16,639.00"
ORD-12807,CUST-1025,ST-9,,10-09-2026,closed,5150
ORD-12808,CUST-2852,ST-8,,2024-06-10,pending,"16,651.00"
ORD-12809,CUST-1166,ST-3,CP-181,28-10-2026,ACTIVE,"$4,075.00"
ORD-12810,CUST-2257,ST-17,,08-04-2024,CLOSED,15696
ORD-12811,CUST-3500,ST-18,,2025-12-22,pending,"$17,103.00"
ORD-12812,CUST-2601,ST-23,,17-11-2025,ACTIVE,"$11,724.00"
ORD-12813,CUST-4564,ST-9,,2026-08-21,pending,"5,749.00"
ORD-12814,CUST-1395,ST-16,CP-197,03-04-2024,PENDING,"$6,359.00"
ORD-12815,CUST-4149,ST-16,CP-53,2025-03-01,pending,"8,109.00"
ORD-12816,CUST-4360,ST-1,CP-6,2025-01-20,ACTIVE,12766
ORD-12817,CUST-1469,ST-5,,02/23/2024,ACTIVE,"$10,963.00"
ORD-12818,CUST-2967,ST-24,,2024-04-20, Active ,"$11,823.00"
ORD-12819,CUST-1696,ST-1,,2026-05-25,ACTIVE,12590
ORD-12820,CUST-961,ST-17,,08/20/2024,active,1974
ORD-12821,CUST-3664,ST-1,,16-04-2026, Active ,"9,626.00"
ORD-12822,CUST-9,ST-11,,23-11-2026,closed,1484
ORD-12823,CUST-3900,ST-3,,04/07/2026,ACTIVE,"$12,236.00"
ORD-12824,CUST-3007,ST-3,,06/09/2025,closed,16148
ORD-12825,CUST-2318,ST-22,,06/05/2025,pending,4425
ORD-12826,CUST-1386,ST-2,CP-122,2025-10-15,CLOSED,"5,428.00"
ORD-12827,CUST-94,ST-10,,2026-02-05, Active ,"$18,210.00"
ORD-12828,CUST-1042,ST-14,CP-43,03/24/2026,ACTIVE,"$6,383.00"
ORD-12829,CUST-1991,ST-2,,2025-01-22,pending,4681
ORD-12830,CUST-920,ST-14,CP-108,2026-10-19, Active ,"18,562.00"
ORD-12831,CUST-2417,ST-8,,2026-10-07,pending,"$11,293.00"
ORD-12832,CUST-467,ST-6,CP-52,08/28/2024,closed,"18,167.00"
ORD-12833,CUST-1641,ST-17,CP-99,10/13/2026,CLOSED,"$8,843.00"
ORD-12834,CUST-1439,ST-11,,2026-10-10,active,"$12,375.00"
ORD-12835,CUST-138,ST-20,,2024-06-13,CLOSED,"$3,552.00"
ORD-12836,CUST-4737,ST-9,,10-08-2024, Active ,9411
ORD-12837,CUST-1633,ST-11,,2025-02-17,ACTIVE,"$4,205.00"
ORD-12838,CUST-1048,ST-22,,09-04-2024,pending,8040
ORD-12839,CUST-4896,ST-14,,02/07/2025,closed,"$18,618.00"
ORD-12840,CUST-4640,ST-23,CP-50,06/07/2025,pending,5868
ORD-12841,CUST-2887,ST-15,,25-03-2025,CLOSED,"12,029.00"
ORD-12842,CUST-4775,ST-4,CP-104,2026-01-01,CLOSED,19730
ORD-12843,CUST-1675,ST-6,,21-01-2026,PENDING,11537
ORD-12844,CUST-4731,ST-12,,08/07/2024,active,3667
ORD-12845,CUST-4684,ST-3,,08/12/2026,pending,"$1,151.00"
ORD-12846,CUST-1271,ST-18,,11/19/2026,active,"18,110.00"
ORD-12847,CUST-79,ST-2,,03/03/2024, Active ,10326
ORD-12848,CUST-1439,ST-3,,2026-01-13,active,14048
ORD-12849,CUST-290,ST-18,,2024-12-04,CLOSED,$101.00
ORD-12850,CUST-80,ST-4,CP-147,2025-01-06,closed,"$18,621.00"
ORD-12851,CUST-102,ST-9,,2026-09-06,ACTIVE,333
ORD-12852,CUST-53,ST-24,,15-02-2026,closed,5338
ORD-12853,CUST-777,ST-3,,07/19/2025,PENDING,3205
ORD-12854,CUST-2945,ST-8,,2026-12-01,PENDING,"$7,032.00"
ORD-12855,CUST-1601,ST-19,,11-12-2025,pending,"2,662.00"
ORD-12856,CUST-1809,ST-6,,2026-10-23,pending,"14,010.00"
ORD-12857,CUST-1765,ST-10,CP-133,2024-08-22,active,13942
ORD-12858,CUST-3906,ST-10,,2024-02-28,closed,3422
ORD-12859,CUST-4358,ST-7,CP-14,04/10/2024,CLOSED,"$2,753.00"
ORD-12860,CUST-4936,ST-20,,05-04-2024,closed,"$2,441.00"
ORD-12861,CUST-4635,ST-3,,05-09-2026,ACTIVE,6735
ORD-12862,CUST-4741,ST-18,CP-93,02/21/2026,pending,18016
ORD-12863,CUST-3983,ST-24,,2026-07-12,CLOSED,"$18,098.00"
ORD-12864,CUST-1051,ST-15,CP-154,10/26/2024,pending,"$6,136.00"
ORD-12865,CUST-1798,ST-8,,2026-03-16,active,3705
ORD-12866,CUST-1691,ST-20,,06/24/2024,active,11978
ORD-12867,CUST-2883,ST-24,,07/06/2025,active,"13,783.00"
ORD-12868,CUST-585,ST-18,CP-170,2024-02-13,pending,17744
ORD-12869,CUST-3089,ST-16,CP-103,2026-07-12,ACTIVE,750
ORD-12870,CUST-2850,ST-3,,2024-10-02,ACTIVE,16761
ORD-12871,CUST-44,ST-10,,10/20/2024,CLOSED,"8,048.00"
ORD-12872,CUST-1980,ST-23,CP-195,2026-07-02,ACTIVE,7322
ORD-12873,CUST-3972,ST-11,,05/18/2025,ACTIVE,"19,279.00"
ORD-12874,CUST-3733,ST-7,,07/23/2025,pending,"$4,587.00"
ORD-12875,CUST-3343,ST-3,,2026-04-08,pending,"$4,114.00"
ORD-12876,CUST-151,ST-18,,08-09-2024,ACTIVE,5131
ORD-12877,CUST-396,ST-19,,09/15/2024, Active ,"$16,974.00"
ORD-12878,CUST-951,ST-11,,2025-07-15,ACTIVE,"12,594.00"
ORD-12879,CUST-4055,ST-9,,2025-06-05,pending,11260
ORD-12880,CUST-3024,ST-20,CP-55,2024-09-13,pending,"$1,143.00"
ORD-12881,CUST-2208,ST-13,,2024-08-24,CLOSED,8524
ORD-12882,CUST-4691,ST-22,,11/06/2025,closed,11966
ORD-12883,CUST-2688,ST-21,CP-163,07/28/2024,pending,5146
ORD-12884,CUST-2228,ST-22,,03/09/2026,closed,1584
ORD-12885,CUST-3034,ST-8,CP-135,2026-05-06,ACTIVE,"15,505.00"
ORD-12886,CUST-4056,ST-24,,2026-07-14,CLOSED,"8,142.00"
ORD-12887,CUST-3553,ST-7,,11/10/2024,closed,13201
ORD-12888,CUST-3264,ST-19,,05/06/2026,closed,1685
ORD-12889,CUST-3776,ST-5,,2025-02-14,ACTIVE,12280
ORD-12890,CUST-2377,ST-7,CP-194,2025-04-23,CLOSED,15449
ORD-12891,CUST-1138,ST-16,,19-09-2025,ACTIVE,"10,414.00"
ORD-12892,CUST-4948,ST-12,CP-61,2025-02-26,pending,13259
ORD-12893,CUST-3368,ST-18,,2024-11-27,CLOSED,"10,200.00"
ORD-12894,CUST-3823,ST-12,CP-86,2024-02-09,pending,"6,295.00"
ORD-12895,CUST-1794,ST-9,CP-190,2026-01-15,CLOSED,"$8,084.00"
ORD-12896,CUST-1799,ST-13,,12/25/2024,CLOSED,1865
ORD-12897,CUST-1566,ST-6,,2024-12-27,CLOSED,10014
ORD-12898,CUST-1732,ST-24,,2024-05-18,ACTIVE,$216.00
ORD-12899,CUST-1262,ST-25,,2026-01-25,pending,$859.00
ORD-12900,CUST-652,ST-18,,01/11/2026,active,"5,843.00"
ORD-12901,CUST-2414,ST-4,,2026-03-24,PENDING,10314
ORD-12902,CUST-3493,ST-6,,2026-08-21,CLOSED,2579
ORD-12903,CUST-3208,ST-3,,2025-12-05,closed,"$15,045.00"
ORD-12904,CUST-1465,ST-18,,2025-01-04,ACTIVE,9781
ORD-12905,CUST-2763,ST-4,,03/19/2025, Active ,"$18,369.00"
ORD-12906,CUST-3549,ST-18,,17-11-2025, Active ,11243
ORD-12907,CUST-1914,ST-10,,12-04-2025,ACTIVE,"$19,443.00"
ORD-12908,CUST-2439,ST-1,,09/06/2024,pending,9238
ORD-12909,CUST-3552,ST-14,,2026-09-12,closed,"$10,759.00"
ORD-12910,CUST-1211,ST-2,CP-24,12/25/2024,PENDING,"$14,032.00"
ORD-12911,CUST-4752,ST-17,,2025-12-08,active,"18,584.00"
ORD-12912,CUST-724,ST-8,,16-10-2025,ACTIVE,14245
ORD-12913,CUST-811,ST-6,CP-80,2025-09-20,ACTIVE,600
ORD-12914,CUST-4135,ST-25,CP-56,2025-03-17,ACTIVE,"$1,198.00"
ORD-12915,CUST-2254,ST-4,,01/16/2026,closed,9960
ORD-12916,CUST-236,ST-25,CP-114,13-01-2026,PENDING,12199
ORD-12917,CUST-4769,ST-8,,11/26/2026,ACTIVE,3153
ORD-12918,CUST-1021,ST-24,CP-113,2025-04-09,active,13087
ORD-12919,CUST-3895,ST-2,CP-82,2024-12-22, Active ,"7,919.00"
ORD-12920,CUST-2083,ST-12,,02-12-2026,PENDING,"$14,975.00"
ORD-12921,CUST-2931,ST-2,,2025-09-12,pending,"$14,500.00"
ORD-12922,CUST-156,ST-15,,18-05-2024, Active ,12474
ORD-12923,CUST-2169,ST-4,,2024-11-25,active,"14,983.00"
ORD-12924,CUST-2660,ST-13,CP-104,12/23/2025,pending,9769
ORD-12925,CUST-3048,ST-21,,2026-12-17, Active ,"13,333.00"
ORD-12926,CUST-979,ST-25,,06/25/2026, Active ,"$1,856.00"
ORD-12927,CUST-4090,ST-10,CP-99,2024-07-23,pending,"$18,750.00"
ORD-12928,CUST-3999,ST-5,,2025-09-17,active,"16,467.00"
ORD-12929,CUST-750,ST-12,,05/06/2025,ACTIVE,"7,087.00"
ORD-12930,CUST-2044,ST-6,,2026-09-06,active,"$5,828.00"
ORD-12931,CUST-238,ST-20,,11-12-2026, Active ,14278
ORD-12932,CUST-2566,ST-12,,2025-12-28,CLOSED,"$3,291.00"
ORD-12933,CUST-920,ST-23,,2024-04-26, Active ,"$8,611.00"
ORD-12934,CUST-4538,ST-7,,08-07-2024,CLOSED,6795
ORD-12935,CUST-1581,ST-8,,08/19/2025,ACTIVE,11443
ORD-12936,CUST-3505,ST-4,,09/05/2026,ACTIVE,"$5,203.00"
ORD-12937,CUST-3927,ST-20,,12-12-2025,pending,9379
ORD-12938,CUST-986,ST-24,,2026-01-23,PENDING,"12,547.00"
ORD-12939,CUST-2871,ST-24,CP-165,02/07/2024,PENDING,$190.00
ORD-12940,CUST-1025,ST-11,,12/05/2026, Active ,"$8,965.00"
ORD-12941,CUST-843,ST-3,,2025-01-22,ACTIVE,215
ORD-12942,CUST-3525,ST-10,,2026-05-05,ACTIVE,$690.00
ORD-12943,CUST-1329,ST-1,,2026-06-08,pending,"19,042.00"
ORD-12944,CUST-3095,ST-18,,07/23/2024,ACTIVE,9820
ORD-12945,CUST-2776,ST-8,,02/22/2024,PENDING,12869
ORD-12946,CUST-1774,ST-14,CP-94,2026-05-09,PENDING,"$11,364.00"
ORD-12947,CUST-2104,ST-5,,25-05-2026,active,"$5,128.00"
ORD-12948,CUST-2140,ST-19,,11/12/2026,PENDING,"$4,627.00"
ORD-12949,CUST-760,ST-19,CP-161,04/04/2026,CLOSED,7955
ORD-12950,CUST-801,ST-17,CP-114,2026-05-11,active,17934
ORD-12951,CUST-4704,ST-5,,2026-05-07,closed,19751
ORD-12952,CUST-2054,ST-24,,21-12-2026,pending,7725
ORD-12953,CUST-1612,ST-19,,2026-11-12,pending,"$2,198.00"
ORD-12954,CUST-4229,ST-2,,2024-11-15,active,"$9,037.00"
ORD-12955,CUST-3632,ST-5,,02-08-2024,CLOSED,9128
ORD-12956,CUST-1194,ST-14,,07/27/2024, Active ,589.00
ORD-12957,CUST-243,ST-11,,2024-02-28,closed,6288
ORD-12958,CUST-773,ST-19,,2026-12-27, Active ,17014
ORD-12959,CUST-1465,ST-9,,07/23/2026,ACTIVE,3674
ORD-12960,CUST-4960,ST-5,CP-128,2025-10-17,ACTIVE,14676
ORD-12961,CUST-3333,ST-11,,09/15/2025,closed,6562
ORD-12962,CUST-4472,ST-9,,13-08-2025,ACTIVE,585.00
ORD-12963,CUST-1233,ST-10,,02/02/2024,closed,"2,167.00"
ORD-12964,CUST-3522,ST-19,CP-152,2026-09-17,closed,5222
ORD-12965,CUST-72,ST-3,CP-187,01/19/2024,ACTIVE,"$16,094.00"
ORD-12966,CUST-4474,ST-19,,2024-01-25,CLOSED,"1,782.00"
ORD-12967,CUST-1669,ST-5,,2025-03-11,PENDING,9290
ORD-12968,CUST-42,ST-20,CP-76,08/18/2026,CLOSED,"3,207.00"
ORD-12969,CUST-2012,ST-21,CP-147,05/04/2026, Active ,5013
ORD-12970,CUST-4000,ST-4,,03/12/2026, Active ,8738
ORD-12971,CUST-3617,ST-4,CP-147,11/16/2026,CLOSED,"$12,910.00"
ORD-12972,CUST-480,ST-13,,2026-06-13,pending,17468
ORD-12973,CUST-4003,ST-18,,23-07-2026,ACTIVE,"$5,780.00"
ORD-12974,CUST-2688,ST-22,,2024-01-28,CLOSED,11797
ORD-12975,CUST-702,ST-11,,2024-09-07,PENDING,3732
ORD-12976,CUST-531,ST-9,,2024-08-09,CLOSED,8679
ORD-12977,CUST-613,ST-3,,22-12-2026,closed,"16,483.00"
ORD-12978,CUST-1090,ST-24,,01-09-2025,PENDING,"$9,835.00"
ORD-12979,CUST-4839,ST-3,,2024-12-24,PENDING,"$3,241.00"
ORD-12980,CUST-4733,ST-6,,2026-03-03, Active ,478
ORD-12981,CUST-813,ST-21,,2026-07-19,closed,5383
ORD-12982,CUST-2388,ST-12,,08/28/2026,PENDING,10213
ORD-12983,CUST-3222,ST-13,,2025-07-12,ACTIVE,13947
ORD-12984,CUST-231,ST-19,,04/13/2024,pending,"16,189.00"
ORD-12985,CUST-2557,ST-23,,16-03-2025, Active ,"$7,855.00"
ORD-12986,CUST-4776,ST-3,CP-70,04/22/2025,ACTIVE,1556
ORD-12987,CUST-4499,ST-21,,06-02-2025, Active ,18032
ORD-12988,CUST-4204,ST-22,,17-03-2024,PENDING,1411
ORD-12989,CUST-4166,ST-17,,2026-10-16,PENDING,16065
ORD-12990,CUST-4273,ST-16,,2025-01-25, Active ,7332
ORD-12991,CUST-1611,ST-11,,2024-05-03,ACTIVE,"$6,691.00"
ORD-12992,CUST-4087,ST-9,,2024-02-23,PENDING,"$14,483.00"
ORD-12993,CUST-3892,ST-9,CP-21,2024-08-19,PENDING,10934
ORD-12994,CUST-2764,ST-22,,10/13/2024,CLOSED,2431
ORD-12995,CUST-803,ST-14,,2024-11-20,ACTIVE,4390
ORD-12996,CUST-1724,ST-11,CP-33,10/13/2024,closed,"$2,897.00"
ORD-12997,CUST-3225,ST-17,,18-02-2024,ACTIVE,"2,266.00"
ORD-12998,CUST-1007,ST-19,,2025-10-10,CLOSED,7382
ORD-12999,CUST-2828,ST-25,,2025-07-10,CLOSED,9403
ORD-13000,CUST-1078,ST-16,,09-11-2026,closed,5267
ORD-13001,CUST-2049,ST-2,,2024-06-17,PENDING,"$16,223.00"
ORD-13002,CUST-276,ST-3,CP-187,2024-05-27,CLOSED,"14,183.00"
ORD-13003,CUST-1785,ST-3,,2024-10-20,ACTIVE,"3,261.00"
ORD-13004,CUST-4194,ST-13,,2026-05-06,active,"$4,569.00"
ORD-13005,CUST-4942,ST-12,CP-49,2026-09-13,active,227
ORD-13006,CUST-4686,ST-25,CP-62,2024-02-18,pending,9602
ORD-13007,CUST-3605,ST-23,CP-22,01/08/2026,pending,"$10,265.00"
ORD-13008,CUST-230,ST-24,,2026-04-03, Active ,6993
ORD-13009,CUST-2880,ST-7,,2025-02-04,ACTIVE,"$16,251.00"
ORD-13010,CUST-4708,ST-10,,2024-05-22,closed,11866
ORD-13011,CUST-1472,ST-8,,2025-07-08,active,10716
ORD-13012,CUST-2120,ST-1,,07/03/2026,closed,7785
ORD-13013,CUST-558,ST-3,,07/09/2025,CLOSED,"$6,793.00"
ORD-13014,CUST-2471,ST-4,,2024-09-11,closed,"$2,968.00"
ORD-13015,CUST-3731,ST-9,CP-161,2025-05-03,CLOSED,"$11,820.00"
ORD-13016,CUST-4307,ST-12,CP-121,2025-11-16, Active ,4173
ORD-13017,CUST-425,ST-9,,16-06-2026, Active ,"$17,193.00"
ORD-13018,CUST-2749,ST-10,,04-10-2024, Active ,"19,737.00"
ORD-13019,CUST-3852,ST-8,,2026-03-10,pending,"17,332.00"
ORD-13020,CUST-3458,ST-14,,2025-02-28,pending,$370.00
ORD-13021,CUST-1258,ST-20,,18-11-2025,active,"$12,828.00"
ORD-13022,CUST-4180,ST-14,,06/21/2025,closed,4538
ORD-13023,CUST-130,ST-21,CP-161,09/06/2026,ACTIVE,7233
ORD-13024,CUST-4373,ST-16,CP-161,16-07-2025,PENDING,807
ORD-13025,CUST-395,ST-1,,07/18/2026,PENDING,"14,210.00"
ORD-13026,CUST-4866,ST-21,,2024-08-24,PENDING,6454
ORD-13027,CUST-1185,ST-24,,2025-05-07,active,2867
ORD-13028,CUST-1370,ST-21,,2026-04-02,ACTIVE,412.00
ORD-13029,CUST-4864,ST-2,CP-156,01-09-2024,PENDING,"$13,775.00"
ORD-13030,CUST-4744,ST-4,CP-181,04/12/2025,PENDING,2306
ORD-13031,CUST-120,ST-10,,10-01-2026,PENDING,"$10,006.00"
ORD-13032,CUST-662,ST-22,,05/05/2025,CLOSED,4083
ORD-13033,CUST-1733,ST-3,,2026-02-18,pending,17769
ORD-13034,CUST-3161,ST-19,,01/14/2026,closed,6565
ORD-13035,CUST-3393,ST-8,CP-53,04-01-2025,closed,4993
ORD-13036,CUST-4177,ST-12,CP-119,17-07-2024,pending,4313
ORD-13037,CUST-1116,ST-9,CP-37,2024-10-01,closed,14309
ORD-13038,CUST-1204,ST-24,,2025-05-25,closed,10239
ORD-13039,CUST-2944,ST-17,CP-11,2026-01-23,CLOSED,1579
ORD-13040,CUST-4080,ST-17,CP-46,13-11-2024,pending,15617
ORD-13041,CUST-1665,ST-16,CP-41,08/14/2026,active,8951
ORD-13042,CUST-1977,ST-13,,2024-03-03,CLOSED,16255
ORD-13043,CUST-4869,ST-14,,2025-01-13,pending,2253
ORD-13044,CUST-2923,ST-5,,11-08-2026,CLOSED,"$16,000.00"
ORD-13045,CUST-3330,ST-23,,01/16/2025,pending,19896
ORD-13046,CUST-603,ST-1,,2025-10-15,closed,"6,985.00"
ORD-13047,CUST-1930,ST-17,CP-110,2025-03-22,pending,"9,476.00"
ORD-13048,CUST-4576,ST-18,,2024-07-13,CLOSED,"5,430.00"
ORD-13049,CUST-1436,ST-1,CP-175,2024-06-09,CLOSED,"$16,488.00"
ORD-13050,CUST-2724,ST-22,CP-1,2026-10-18,pending,"9,818.00"
ORD-13051,CUST-1576,ST-23,,2025-07-03,CLOSED,"9,482.00"
ORD-13052,CUST-3118,ST-18,,25-11-2024,CLOSED,"$17,338.00"
ORD-13053,CUST-3532,ST-1,,2024-02-16,ACTIVE,537
ORD-13054,CUST-304,ST-25,,2026-09-12, Active ,"$13,408.00"
ORD-13055,CUST-2739,ST-16,,2025-08-12,pending,165
ORD-13056,CUST-4614,ST-22,,2025-08-26,active,4395
ORD-13057,CUST-2341,ST-7,,2025-10-27,active,"18,579.00"
ORD-13058,CUST-3854,ST-2,,11/06/2024,CLOSED,3395
ORD-13059,CUST-1222,ST-24,,2026-03-03,ACTIVE,"$16,241.00"
ORD-13060,CUST-1415,ST-10,CP-110,01-10-2025,active,4018
ORD-13061,CUST-4631,ST-11,,2025-11-23,active,"$15,137.00"
ORD-13062,CUST-1508,ST-4,,2025-09-21,closed,"$8,429.00"
ORD-13063,CUST-3607,ST-19,,05/20/2024,ACTIVE,"$8,704.00"
ORD-13064,CUST-1844,ST-23,CP-142,10/17/2026,CLOSED,11824
ORD-13065,CUST-360,ST-19,,06/10/2026,active,"14,628.00"
ORD-13066,CUST-4492,ST-22,CP-168,05/19/2026,CLOSED,"11,279.00"
ORD-13067,CUST-4984,ST-10,,2026-11-25,CLOSED,"$9,498.00"
ORD-13068,CUST-3877,ST-20,,2025-03-08,pending,"16,109.00"
ORD-13069,CUST-3150,ST-14,,02-10-2026, Active ,"6,754.00"
ORD-13070,CUST-3906,ST-17,CP-116,08/01/2026,closed,11309
ORD-13071,CUST-4754,ST-6,,02-10-2025,PENDING,11249
ORD-13072,CUST-2797,ST-9,CP-6,11/24/2024,closed,7041
ORD-13073,CUST-3259,ST-11,,08/09/2024,closed,"$15,666.00"
ORD-13074,CUST-2041,ST-4,,04/12/2026, Active ,"8,401.00"
ORD-13075,CUST-1052,ST-2,,2026-10-13,PENDING,5833
ORD-13076,CUST-148,ST-21,,2024-10-23,active,15144
ORD-13077,CUST-2612,ST-15,,14-08-2024,closed,11274
ORD-13078,CUST-1450,ST-19,,2026-10-05,active,"12,395.00"
ORD-13079,CUST-1099,ST-15,CP-23,2025-03-12,CLOSED,7612
ORD-13080,CUST-2391,ST-18,,2024-05-11,ACTIVE,"$7,725.00"
ORD-13081,CUST-1422,ST-3,CP-135,06/22/2025,pending,8516
ORD-13082,CUST-2040,ST-5,CP-75,2026-09-06, Active ,6086
ORD-13083,CUST-464,ST-1,,2024-09-08,ACTIVE,"$14,021.00"
ORD-13084,CUST-3547,ST-14,,13-01-2024,ACTIVE,"$8,069.00"
ORD-13085,CUST-312,ST-20,,12-10-2025,closed,2002
ORD-13086,CUST-759,ST-16,CP-52,02/15/2025, Active ,"$14,620.00"
ORD-13087,CUST-541,ST-5,,04/14/2024,PENDING,6761
ORD-13088,CUST-2721,ST-21,CP-71,2025-12-08,PENDING,"$8,466.00"
ORD-13089,CUST-1250,ST-19,CP-11,2024-08-11,PENDING,8682
ORD-13090,CUST-1687,ST-9,CP-133,2026-06-11,closed,7002
ORD-13091,CUST-2786,ST-13,CP-197,06/21/2026,pending,"$7,787.00"
ORD-13092,CUST-3222,ST-13,,14-04-2026,PENDING,"$16,392.00"
ORD-13093,CUST-2076,ST-10,CP-165,2024-06-25,active,6012
ORD-13094,CUST-2271,ST-11,CP-164,11/15/2024,ACTIVE,7996
ORD-13095,CUST-3856,ST-17,,10/16/2025,CLOSED,"$5,872.00"
ORD-13096,CUST-3732,ST-10,,2024-05-02,pending,16611
ORD-13097,CUST-844,ST-5,,2025-12-04,ACTIVE,17603
ORD-13098,CUST-3377,ST-25,,2025-10-18,pending,"$12,828.00"
ORD-13099,CUST-1537,ST-5,,12/12/2025,CLOSED,672
ORD-13100,CUST-3129,ST-12,,2026-05-24,active,"$19,886.00"
ORD-13101,CUST-1534,ST-25,,2026-04-07,pending,18933
ORD-13102,CUST-3672,ST-13,CP-20,2024-08-04,active,4417
ORD-13103,CUST-4169,ST-17,,05/17/2024,CLOSED,"11,921.00"
ORD-13104,CUST-3909,ST-23,,2026-10-05,pending,$805.00
ORD-13105,CUST-1004,ST-21,,2025-09-11,ACTIVE,"13,553.00"
ORD-13106,CUST-2134,ST-18,,17-09-2025,closed,"$12,804.00"
ORD-13107,CUST-1385,ST-2,CP-59,09/06/2024,closed,4331
ORD-13108,CUST-1458,ST-14,,2024-03-05,CLOSED,14713
ORD-13109,CUST-4432,ST-12,CP-170,2026-01-16, Active ,"$15,325.00"
ORD-13110,CUST-304,ST-16,,2026-10-28,active,"17,959.00"
ORD-13111,CUST-1468,ST-14,CP-70,02-03-2025,closed,3142
ORD-13112,CUST-4433,ST-17,,2024-06-23,CLOSED,"$3,983.00"
ORD-13113,CUST-3321,ST-11,,09/17/2024,CLOSED,"$4,610.00"
ORD-13114,CUST-1480,ST-11,CP-67,2025-08-14,active,"19,697.00"
ORD-13115,CUST-457,ST-8,,2024-04-21,PENDING,"11,510.00"
ORD-13116,CUST-2328,ST-12,,07/11/2024,pending,"$8,790.00"
ORD-13117,CUST-418,ST-3,,2024-04-16,closed,5126
ORD-13118,CUST-2902,ST-7,,2026-10-06,active,"$19,503.00"
ORD-13119,CUST-2889,ST-9,,2024-05-19, Active ,"6,774.00"
ORD-13120,CUST-3856,ST-20,,2024-12-27, Active ,"1,682.00"
ORD-13121,CUST-1635,ST-18,CP-52,02/03/2025, Active ,"$3,364.00"
ORD-13122,CUST-1409,ST-23,,03-01-2026,CLOSED,10354
ORD-13123,CUST-971,ST-7,,09/02/2025,PENDING,"19,216.00"
ORD-13124,CUST-1227,ST-10,CP-199,2026-03-05,pending,9979
ORD-13125,CUST-1070,ST-16,,2026-04-05,PENDING,"$2,961.00"
ORD-13126,CUST-2387,ST-1,,09-12-2026,CLOSED,17375
ORD-13127,CUST-4722,ST-13,,13-03-2024,CLOSED,11379
ORD-13128,CUST-4296,ST-7,CP-146,16-08-2024,ACTIVE,19344
ORD-13129,CUST-3742,ST-18,CP-67,12/21/2025, Active ,"$14,269.00"
ORD-13130,CUST-954,ST-4,,06/25/2025,CLOSED,1492
ORD-13131,CUST-3491,ST-21,,07/05/2024,active,5027
ORD-13132,CUST-764,ST-16,,2024-03-14,active,"$4,271.00"
ORD-13133,CUST-3058,ST-5,CP-42,11/18/2026, Active ,6525
ORD-13134,CUST-4870,ST-2,,2025-08-09, Active ,"$19,718.00"
ORD-13135,CUST-2878,ST-1,CP-57,07-12-2026,pending,"$13,152.00"
ORD-13136,CUST-699,ST-14,,04/01/2026,ACTIVE,14941
ORD-13137,CUST-2531,ST-19,,02/20/2026, Active ,11499
ORD-13138,CUST-3868,ST-20,,28-09-2026,ACTIVE,9185
ORD-13139,CUST-4121,ST-22,CP-200,09/05/2026, Active ,5132
ORD-13140,CUST-2359,ST-20,,2025-01-02,closed,19913
ORD-13141,CUST-2160,ST-5,,11-06-2025,CLOSED,12830
ORD-13142,CUST-2663,ST-2,,28-11-2026,ACTIVE,"$10,387.00"
ORD-13143,CUST-3250,ST-25,,06/26/2025,ACTIVE,13839
ORD-13144,CUST-2251,ST-23,,2026-11-16,ACTIVE,"$3,316.00"
ORD-13145,CUST-3193,ST-5,,2024-07-15,closed,"$14,230.00"
ORD-13146,CUST-196,ST-23,CP-164,09/18/2026,CLOSED,"$16,910.00"
ORD-13147,CUST-2652,ST-24,,2025-02-20,closed,11850
ORD-13148,CUST-1444,ST-24,,03/20/2025, Active ,"$7,141.00"
ORD-13149,CUST-4621,ST-11,CP-151,12-06-2026,active,7847
ORD-13150,CUST-1295,ST-1,CP-14,2025-12-09,active,"$12,479.00"
ORD-13151,CUST-226,ST-13,,2026-04-25,ACTIVE,"$15,403.00"
ORD-13152,CUST-1297,ST-8,,08-03-2025,CLOSED,18584
ORD-13153,CUST-936,ST-2,CP-95,12/18/2024,closed,17294
ORD-13154,CUST-4764,ST-14,,2026-11-17,active,2449
ORD-13155,CUST-3055,ST-11,,2024-03-02,closed,"$19,783.00"
ORD-13156,CUST-1335,ST-5,CP-178,2025-07-24,CLOSED,"$11,023.00"
ORD-13157,CUST-4872,ST-25,,10/07/2026,active,$528.00
ORD-13158,CUST-640,ST-11,,05/24/2024,CLOSED,"$4,301.00"
ORD-13159,CUST-2535,ST-21,CP-23,2026-07-13,ACTIVE,9350
ORD-13160,CUST-2111,ST-2,CP-51,22-05-2024,closed,"$5,840.00"
ORD-13161,CUST-2582,ST-3,,2024-08-19,CLOSED,"16,935.00"
ORD-13162,CUST-4227,ST-7,,2025-03-17,CLOSED,8930
ORD-13163,CUST-3310,ST-21,,02/14/2024,CLOSED,"19,424.00"
ORD-13164,CUST-4630,ST-24,,01-07-2024,ACTIVE,"14,997.00"
ORD-13165,CUST-4104,ST-1,,07/15/2026,pending,"16,019.00"
ORD-13166,CUST-3496,ST-19,,2026-08-01, Active ,"3,124.00"
ORD-13167,CUST-3949,ST-22,,21-02-2025, Active ,"19,190.00"
ORD-13168,CUST-4766,ST-1,,06/09/2025,CLOSED,9926
ORD-13169,CUST-3633,ST-23,,05-03-2025,closed,5028
ORD-13170,CUST-1361,ST-17,,2026-09-13, Active ,8094
ORD-13171,CUST-2206,ST-4,CP-184,2026-04-06,PENDING,492
ORD-13172,CUST-1338,ST-23,,2025-05-07,active,"14,544.00"
ORD-13173,CUST-2596,ST-19,,05/23/2026, Active ,"9,992.00"
ORD-13174,CUST-948,ST-1,,01/21/2026,closed,2776
ORD-13175,CUST-2362,ST-8,,02/08/2025,closed,"6,116.00"
ORD-13176,CUST-4155,ST-10,,15-07-2026,pending,"$5,223.00"
ORD-13177,CUST-1960,ST-15,CP-25,2024-09-28, Active ,"$6,335.00"
ORD-13178,CUST-4778,ST-22,,03/03/2025,PENDING,"2,870.00"
ORD-13179,CUST-1920,ST-10,,2026-11-24,closed,"$11,092.00"
ORD-13180,CUST-755,ST-3,CP-195,19-08-2026, Active ,"$2,942.00"
ORD-13181,CUST-320,ST-9,,03-10-2024, Active ,7183
ORD-13182,CUST-4251,ST-8,,03-11-2025,PENDING,8832
ORD-13183,CUST-206,ST-24,,14-08-2024,closed,"$19,227.00"
ORD-13184,CUST-3024,ST-17,CP-51,2024-11-17,PENDING,"15,018.00"
ORD-13185,CUST-4562,ST-1,,04-06-2024,PENDING,"$4,687.00"
ORD-13186,CUST-1118,ST-13,,2024-09-01,CLOSED,2764
ORD-13187,CUST-4632,ST-10,,05/02/2026,closed,"$16,362.00"
ORD-13188,CUST-2286,ST-3,,05/06/2024,active,"$7,214.00"
ORD-13189,CUST-1047,ST-16,,2026-01-02,active,9349
ORD-13190,CUST-3035,ST-11,CP-47,2026-07-01,pending,"$11,799.00"
ORD-13191,CUST-3954,ST-1,,15-12-2025,PENDING,14527
ORD-13192,CUST-3571,ST-21,CP-61,2025-07-28,CLOSED,6405
ORD-13193,CUST-2023,ST-13,CP-51,2024-08-18,ACTIVE,"11,497.00"
ORD-13194,CUST-1307,ST-15,,2024-01-14,CLOSED,4672
ORD-13195,CUST-2999,ST-13,,28-09-2025,active,6230
ORD-13196,CUST-3566,ST-19,,2026-09-14,PENDING,3487
ORD-13197,CUST-3692,ST-1,CP-180,2024-10-12,ACTIVE,"$17,606.00"
ORD-13198,CUST-4696,ST-22,,12-05-2026,ACTIVE,"$10,246.00"
ORD-13199,CUST-1958,ST-11,,2024-03-06,pending,19875
ORD-13200,CUST-3864,ST-7,,2024-09-24,closed,261.00
ORD-13201,CUST-3016,ST-15,,2025-05-17,CLOSED,8646
ORD-13202,CUST-1824,ST-23,,2025-03-05,ACTIVE,13709
ORD-13203,CUST-2414,ST-2,CP-142,2025-11-14,CLOSED,1755
ORD-13204,CUST-3571,ST-21,CP-146,08/27/2024,ACTIVE,17934
ORD-13205,CUST-1029,ST-11,,2024-07-24,PENDING,3140
ORD-13206,CUST-1432,ST-9,,2025-08-21,closed,4966
ORD-13207,CUST-1188,ST-15,,20-12-2025,pending,"15,458.00"
ORD-13208,CUST-3410,ST-14,,11-11-2026,closed,18226
ORD-13209,CUST-1215,ST-19,,2026-10-24,PENDING,17044
ORD-13210,CUST-4054,ST-24,,2025-10-13,active,"$19,924.00"
ORD-13211,CUST-2233,ST-9,CP-144,27-03-2025, Active ,$613.00
ORD-13212,CUST-73,ST-13,,12/02/2026, Active ,"4,065.00"
ORD-13213,CUST-1904,ST-15,CP-170,2025-11-16,PENDING,946.00
ORD-13214,CUST-4796,ST-22,,2025-05-28,active,5090
ORD-13215,CUST-217,ST-25,,07/27/2026,CLOSED,14879
ORD-13216,CUST-61,ST-21,CP-76,24-04-2024,ACTIVE,"$11,342.00"
ORD-13217,CUST-690,ST-1,,27-09-2024,closed,"$5,276.00"
ORD-13218,CUST-4399,ST-23,CP-149,13-07-2026,closed,7022
ORD-13219,CUST-3479,ST-4,,04/12/2026,PENDING,"$8,801.00"
ORD-13220,CUST-2441,ST-12,,2025-06-25,ACTIVE,11400
ORD-13221,CUST-3788,ST-22,,2025-10-08,PENDING,3129
ORD-13222,CUST-4422,ST-18,,09-04-2025,closed,15098
ORD-13223,CUST-603,ST-5,,2026-05-22, Active ,"2,556.00"
ORD-13224,CUST-3066,ST-6,CP-102,24-07-2026,ACTIVE,11433
ORD-13225,CUST-1581,ST-8,CP-145,2024-12-12,PENDING,"17,998.00"
ORD-13226,CUST-2933,ST-3,,2024-09-16, Active ,"3,429.00"
ORD-13227,CUST-732,ST-18,,2026-05-04,active,11200
ORD-13228,CUST-2542,ST-9,,2025-03-06,ACTIVE,3750
ORD-13229,CUST-484,ST-12,CP-13,2025-10-13,PENDING,"13,979.00"
ORD-13230,CUST-2596,ST-14,,07-04-2026, Active ,"$15,975.00"
ORD-13231,CUST-1583,ST-8,,2024-12-17,active,9865
ORD-13232,CUST-4159,ST-7,,2026-05-23,ACTIVE,15800
ORD-13233,CUST-3886,ST-14,,2024-10-26, Active ,1927
ORD-13234,CUST-3884,ST-14,CP-71,09-05-2025,closed,"5,829.00"
ORD-13235,CUST-3258,ST-18,,06-05-2026, Active ,"13,794.00"
ORD-13236,CUST-4766,ST-24,,2024-10-14,active,17342
ORD-13237,CUST-4485,ST-22,,2026-01-05,CLOSED,"$8,864.00"
ORD-13238,CUST-1155,ST-22,,13-12-2026,ACTIVE,"$3,702.00"
ORD-13239,CUST-4140,ST-1,CP-34,02/03/2026,ACTIVE,4995
ORD-13240,CUST-1677,ST-12,CP-62,2025-04-11,CLOSED,18551
ORD-13241,CUST-3694,ST-3,CP-13,2025-02-14, Active ,13567
ORD-13242,CUST-1218,ST-25,CP-151,2024-09-24,pending,6818
ORD-13243,CUST-4500,ST-16,,2025-05-11, Active ,"$18,134.00"
ORD-13244,CUST-4461,ST-3,CP-137,2024-10-16,CLOSED,1737
ORD-13245,CUST-4845,ST-8,,18-09-2026,pending,13114
ORD-13246,CUST-3127,ST-17,,2026-10-21,PENDING,16456
ORD-13247,CUST-1723,ST-11,,2026-10-23, Active ,"$11,883.00"
ORD-13248,CUST-1146,ST-15,CP-27,2026-01-26,CLOSED,"3,532.00"
ORD-13249,CUST-386,ST-11,,2026-01-09,closed,16792
ORD-13250,CUST-4416,ST-21,,08/17/2025,closed,"$5,111.00"
ORD-13251,CUST-4317,ST-20,CP-64,03/04/2026,CLOSED,11731
ORD-13252,CUST-486,ST-6,,2025-09-21,PENDING,"10,271.00"
ORD-13253,CUST-2909,ST-15,,12-11-2026, Active ,"$7,672.00"
ORD-13254,CUST-2080,ST-4,,05/07/2024, Active ,4971
ORD-13255,CUST-3582,ST-24,CP-184,15-05-2025,CLOSED,7432
ORD-13256,CUST-408,ST-18,,2026-12-12,ACTIVE,"14,294.00"
ORD-13257,CUST-2777,ST-11,CP-52,2024-08-19,PENDING,"$1,502.00"
ORD-13258,CUST-2450,ST-8,,2026-07-04,PENDING,10365
ORD-13259,CUST-499,ST-23,CP-2,08/08/2025,closed,6611
ORD-13260,CUST-4091,ST-6,,2024-09-22,CLOSED,5933
ORD-13261,CUST-1456,ST-5,CP-69,2026-12-01,CLOSED,816
ORD-13262,CUST-2169,ST-11,,02/10/2025,CLOSED,"$1,399.00"
ORD-13263,CUST-1718,ST-5,CP-138,10/15/2024, Active ,10133
ORD-13264,CUST-3760,ST-8,CP-197,03-09-2025,CLOSED,"$5,422.00"
ORD-13265,CUST-4529,ST-17,,2024-10-11,closed,6707
ORD-13266,CUST-2027,ST-3,,2024-11-01,ACTIVE,"$9,575.00"
ORD-13267,CUST-1116,ST-16,,11/27/2025,PENDING,14837
ORD-13268,CUST-1469,ST-22,,17-05-2026,ACTIVE,"16,812.00"
ORD-13269,CUST-4976,ST-15,CP-121,2026-03-23,closed,"$4,168.00"
ORD-13270,CUST-4810,ST-16,,2025-07-23,PENDING,1061
ORD-13271,CUST-4001,ST-9,,2025-07-18,ACTIVE,2056
ORD-13272,CUST-3333,ST-11,CP-179,11/24/2024,closed,4776
ORD-13273,CUST-1843,ST-9,,2026-09-17,active,1317
ORD-13274,CUST-2951,ST-14,CP-57,2026-10-20,closed,"$6,703.00"
ORD-13275,CUST-3170,ST-14,,13-02-2024,active,10511
ORD-13276,CUST-3001,ST-19,,2025-08-09,active,19554
ORD-13277,CUST-4035,ST-5,,19-09-2025,pending,"19,787.00"
ORD-13278,CUST-3293,ST-22,,2024-07-20,ACTIVE,"15,339.00"
ORD-13279,CUST-909,ST-22,,10/08/2024, Active ,3934
ORD-13280,CUST-857,ST-14,,04/24/2024,closed,"$14,153.00"
ORD-13281,CUST-2740,ST-14,,06/10/2026,pending,17661
ORD-13282,CUST-4076,ST-11,,2025-12-02,PENDING,9736
ORD-13283,CUST-2811,ST-7,,2025-05-15,CLOSED,"$9,973.00"
ORD-13284,CUST-3001,ST-25,,22-10-2024,active,8094
ORD-13285,CUST-238,ST-16,,17-10-2024,ACTIVE,2909
ORD-13286,CUST-3958,ST-19,CP-118,28-07-2026,ACTIVE,"$17,208.00"
ORD-13287,CUST-201,ST-5,,2024-02-15,closed,9043
ORD-13288,CUST-4100,ST-1,,2024-04-02,closed,"$7,814.00"
ORD-13289,CUST-1656,ST-1,,09/16/2026,ACTIVE,15324
ORD-13290,CUST-3181,ST-8,,07/26/2025,pending,"5,363.00"
ORD-13291,CUST-3929,ST-18,,10/09/2025, Active ,"$6,055.00"
ORD-13292,CUST-2942,ST-21,,2025-12-28,pending,"$18,326.00"
ORD-13293,CUST-2395,ST-2,,2026-04-05, Active ,"$12,504.00"
ORD-13294,CUST-2284,ST-24,,2026-08-10,pending,13474
ORD-13295,CUST-1191,ST-18,,2026-11-02,pending,"1,041.00"
ORD-13296,CUST-2641,ST-3,,02/05/2024,pending,9940
ORD-13297,CUST-3415,ST-21,,2025-12-13,pending,"$17,334.00"
ORD-13298,CUST-312,ST-11,CP-25,08/07/2025,PENDING,"$15,993.00"
ORD-13299,CUST-1347,ST-21,,2025-02-01,pending,"5,974.00"
ORD-13300,CUST-274,ST-22,CP-182,05/13/2026,closed,"$15,140.00"
ORD-13301,CUST-862,ST-17,,27-06-2025,ACTIVE,"1,307.00"
ORD-13302,CUST-1483,ST-7,CP-116,18-11-2024, Active ,"$12,501.00"
ORD-13303,CUST-1148,ST-9,,2026-05-01,closed,"$16,561.00"
ORD-13304,CUST-2192,ST-5,,2026-03-21,closed,543
ORD-13305,CUST-400,ST-5,CP-161,2026-05-08, Active ,3478
ORD-13306,CUST-453,ST-23,CP-20,2025-10-07,closed,"$1,020.00"
ORD-13307,CUST-4442,ST-16,,2024-11-04,active,1865
ORD-13308,CUST-659,ST-9,,2026-09-09,PENDING,"$8,393.00"
ORD-13309,CUST-4057,ST-12,,02-06-2024,closed,"4,930.00"
ORD-13310,CUST-4949,ST-2,CP-39,2026-11-10,PENDING,"$13,760.00"
ORD-13311,CUST-3095,ST-2,,02/26/2025,PENDING,270
ORD-13312,CUST-637,ST-11,,26-04-2025,PENDING,"$2,063.00"
ORD-13313,CUST-2035,ST-7,,2025-05-14,closed,"18,870.00"
ORD-13314,CUST-3784,ST-13,CP-10,03-02-2026,ACTIVE,10107
ORD-13315,CUST-3586,ST-18,CP-20,2026-11-28, Active ,"$11,197.00"
ORD-13316,CUST-4033,ST-11,,07/14/2024,CLOSED,"2,963.00"
ORD-13317,CUST-4255,ST-6,,05/27/2024,pending,"$2,379.00"
ORD-13318,CUST-3655,ST-13,,2025-05-06,active,"$10,317.00"
ORD-13319,CUST-2143,ST-25,CP-16,2026-01-20,active,"18,116.00"
ORD-13320,CUST-344,ST-24,,03/09/2026,CLOSED,7886
ORD-13321,CUST-3975,ST-16,,2024-03-27,pending,2496
ORD-13322,CUST-2528,ST-16,,2025-12-04,PENDING,18286
ORD-13323,CUST-3404,ST-8,,2026-10-07, Active ,"$2,407.00"
ORD-13324,CUST-2559,ST-2,,2024-06-20, Active ,"$14,910.00"
ORD-13325,CUST-4253,ST-19,,08/01/2025,ACTIVE,906
ORD-13326,CUST-1311,ST-10,CP-148,01/18/2024,CLOSED,2301
ORD-13327,CUST-4657,ST-22,,01/08/2025,pending,"4,066.00"
ORD-13328,CUST-1203,ST-5,,03/17/2026,pending,"8,258.00"
ORD-13329,CUST-1575,ST-24,,2024-09-17,closed,10888
ORD-13330,CUST-756,ST-9,,2025-10-04,active,"$8,624.00"
ORD-13331,CUST-4410,ST-6,,15-08-2024,ACTIVE,"$9,868.00"
ORD-13332,CUST-1533,ST-18,CP-188,2024-09-27,PENDING,7396
ORD-13333,CUST-508,ST-11,,09/04/2026,ACTIVE,"$5,506.00"
ORD-13334,CUST-654,ST-14,,08/09/2024,CLOSED,1104
ORD-13335,CUST-4540,ST-11,,2024-05-02,CLOSED,"$19,812.00"
ORD-13336,CUST-4252,ST-13,,14-06-2024,closed,"$7,616.00"
ORD-13337,CUST-798,ST-20,,07/26/2025,PENDING,"19,144.00"
ORD-13338,CUST-71,ST-24,CP-173,2024-04-01,pending,11227
ORD-13339,CUST-1801,ST-14,,11/04/2024,closed,19845
ORD-13340,CUST-3772,ST-20,CP-70,07/14/2026,active,"$18,905.00"
ORD-13341,CUST-2110,ST-14,,08/08/2024,closed,3596
ORD-13342,CUST-655,ST-19,,2024-10-11,ACTIVE,17602
ORD-13343,CUST-732,ST-15,,07/09/2024,ACTIVE,16140
ORD-13344,CUST-4027,ST-19,,11/13/2026,PENDING,"$14,857.00"
ORD-13345,CUST-1903,ST-16,,2025-02-12,CLOSED,"$18,419.00"
ORD-13346,CUST-706,ST-5,,2026-07-01,PENDING,13411
ORD-13347,CUST-177,ST-4,,06-10-2026, Active ,10369
ORD-13348,CUST-3333,ST-6,CP-79,2026-01-23, Active ,"12,455.00"
ORD-13349,CUST-2728,ST-1,CP-106,2025-03-26, Active ,14742
ORD-13350,CUST-537,ST-14,,2024-02-12,ACTIVE,6954
ORD-13351,CUST-3214,ST-20,CP-102,09/27/2026, Active ,18825
ORD-13352,CUST-1339,ST-1,CP-89,05/17/2026,active,"5,011.00"
ORD-13353,CUST-2392,ST-21,,2024-07-17,active,2657
ORD-13354,CUST-3163,ST-12,,2026-04-08,active,14524
ORD-13355,CUST-3700,ST-24,,07/05/2025,closed,"1,225.00"
ORD-13356,CUST-4397,ST-3,,07/04/2024,PENDING,19365
ORD-13357,CUST-3651,ST-24,,07/22/2026, Active ,2042
ORD-13358,CUST-2974,ST-5,CP-15,2025-11-18,active,"$11,792.00"
ORD-13359,CUST-2016,ST-15,,2024-05-05,pending,1024
ORD-13360,CUST-3893,ST-17,,12/12/2024,closed,"$14,468.00"
ORD-13361,CUST-235,ST-10,,2026-05-25,ACTIVE,6919
ORD-13362,CUST-2720,ST-10,CP-101,2024-08-25, Active ,11090
ORD-13363,CUST-278,ST-11,CP-170,2024-08-27,pending,"19,159.00"
ORD-13364,CUST-1739,ST-18,,04-04-2026,closed,"11,696.00"
ORD-13365,CUST-3003,ST-7,,04-10-2025, Active ,"$11,707.00"
ORD-13366,CUST-4580,ST-25,CP-149,2024-09-10,PENDING,1741
ORD-13367,CUST-4854,ST-7,CP-132,2024-01-19,CLOSED,"$11,986.00"
ORD-13368,CUST-226,ST-23,,08/17/2024,pending,7489
ORD-13369,CUST-4146,ST-12,,08/13/2025,pending,17696
ORD-13370,CUST-228,ST-11,,02/15/2024,pending,6959
ORD-13371,CUST-4992,ST-19,,05/28/2024,active,"$19,005.00"
ORD-13372,CUST-4786,ST-8,CP-25,13-06-2026,PENDING,717.00
ORD-13373,CUST-871,ST-5,,12/15/2024,PENDING,"$10,466.00"
ORD-13374,CUST-732,ST-24,CP-172,23-10-2026,closed,10306
ORD-13375,CUST-4254,ST-7,,2025-05-15, Active ,5858
ORD-13376,CUST-3799,ST-5,,08/22/2025,CLOSED,"8,458.00"
ORD-13377,CUST-3538,ST-10,,11/20/2026,active,"9,676.00"
ORD-13378,CUST-1490,ST-11,,05/06/2024,CLOSED,13936
ORD-13379,CUST-796,ST-21,,2024-07-20,PENDING,1935
ORD-13380,CUST-634,ST-14,CP-15,2026-10-20,PENDING,"$4,001.00"
ORD-13381,CUST-639,ST-7,CP-188,2026-06-26,ACTIVE,"$3,770.00"
ORD-13382,CUST-2907,ST-4,,04/12/2024,CLOSED,"4,847.00"
ORD-13383,CUST-1318,ST-22,,2024-10-03, Active ,"$18,454.00"
ORD-13384,CUST-2002,ST-25,CP-90,08/22/2026,PENDING,17089
ORD-13385,CUST-1536,ST-17,,11/25/2025,pending,7044
ORD-13386,CUST-2157,ST-21,,08/03/2025,PENDING,"$9,462.00"
ORD-13387,CUST-4563,ST-23,,11/09/2025, Active ,19954
ORD-13388,CUST-4947,ST-4,,01-05-2025,pending,18663
ORD-13389,CUST-413,ST-15,,2026-08-07,closed,16157
ORD-13390,CUST-844,ST-9,,2024-04-07, Active ,8928
ORD-13391,CUST-3437,ST-15,,2025-01-05, Active ,3800
ORD-13392,CUST-4419,ST-12,CP-164,01/02/2024, Active ,19716
ORD-13393,CUST-4547,ST-11,CP-114,2024-08-15,active,"$19,756.00"
ORD-13394,CUST-2161,ST-1,,07-10-2026,pending,8464
ORD-13395,CUST-36,ST-18,CP-163,02/12/2024,PENDING,"$13,337.00"
ORD-13396,CUST-4101,ST-11,,08/21/2026,closed,15966
ORD-13397,CUST-1912,ST-6,CP-190,2026-12-25,active,13859
ORD-13398,CUST-581,ST-15,,2024-12-03,active,14435
ORD-13399,CUST-2337,ST-13,,02/17/2024,PENDING,15090
ORD-13400,CUST-3775,ST-11,,2025-05-02,active,19685
ORD-13401,CUST-1750,ST-19,CP-43,2026-08-06,ACTIVE,6926
ORD-13402,CUST-2330,ST-14,,15-12-2025,active,1173
ORD-13403,CUST-4066,ST-11,CP-78,23-01-2024,PENDING,8935
ORD-13404,CUST-1655,ST-20,CP-190,2024-07-24,CLOSED,10714
ORD-13405,CUST-4476,ST-6,,2024-01-01,active,17989
ORD-13406,CUST-2525,ST-4,,2025-10-22, Active ,4317
ORD-13407,CUST-81,ST-16,,2026-01-08,active,"$6,193.00"
ORD-13408,CUST-4608,ST-21,,14-08-2025,PENDING,18514
ORD-13409,CUST-100,ST-20,CP-25,2025-05-26,closed,7347
ORD-13410,CUST-4113,ST-22,,2024-03-01,ACTIVE,"$11,645.00"
ORD-13411,CUST-2079,ST-4,,2025-11-08,pending,331
ORD-13412,CUST-3516,ST-11,,23-07-2025,active,"18,639.00"
ORD-13413,CUST-2935,ST-24,,2024-09-04, Active ,18176
ORD-13414,CUST-25,ST-22,,2025-02-16, Active ,2191
ORD-13415,CUST-2542,ST-4,,2025-11-02,CLOSED,"1,266.00"
ORD-13416,CUST-1051,ST-3,CP-109,06/07/2026,pending,"$17,170.00"
ORD-13417,CUST-3297,ST-10,CP-53,08/07/2024,active,7972
ORD-13418,CUST-1975,ST-12,CP-27,08/20/2024,closed,11388
ORD-13419,CUST-3355,ST-4,,2025-10-03,PENDING,"19,407.00"
ORD-13420,CUST-1853,ST-18,,12/07/2026,pending,4691
ORD-13421,CUST-1808,ST-7,CP-35,2025-02-15,CLOSED,6388
ORD-13422,CUST-1608,ST-3,,2024-04-03,pending,15101
ORD-13423,CUST-3612,ST-4,CP-200,27-10-2025,PENDING,538
ORD-13424,CUST-4825,ST-10,,20-01-2026,PENDING,"$7,491.00"
ORD-13425,CUST-2594,ST-4,,2025-02-08,closed,"5,239.00"
ORD-13426,CUST-2529,ST-3,,2026-05-19,PENDING,18185
ORD-13427,CUST-2439,ST-17,,2024-06-05,ACTIVE,"$1,428.00"
ORD-13428,CUST-2403,ST-10,,2025-07-15,PENDING,626
ORD-13429,CUST-3801,ST-19,CP-146,12-11-2026,CLOSED,"$9,891.00"
ORD-13430,CUST-2561,ST-20,CP-98,2025-10-12,PENDING,16973
ORD-13431,CUST-3763,ST-12,,13-09-2026, Active ,"13,501.00"
ORD-13432,CUST-2070,ST-20,,10/26/2024,PENDING,"8,998.00"
ORD-13433,CUST-3736,ST-11,CP-111,2025-03-18, Active ,10410
ORD-13434,CUST-3276,ST-22,,2025-04-27,PENDING,8520
ORD-13435,CUST-957,ST-25,,2026-02-10,PENDING,1315
ORD-13436,CUST-1182,ST-3,,2025-01-05,active,783
ORD-13437,CUST-2628,ST-7,,2025-03-18,PENDING,12342
ORD-13438,CUST-533,ST-20,CP-31,2026-08-14,active,"$2,393.00"
ORD-13439,CUST-4880,ST-24,,12/27/2024,CLOSED,"$15,737.00"
ORD-13440,CUST-4764,ST-7,,11/10/2024,closed,10638
ORD-13441,CUST-3130,ST-6,,05/20/2024,closed,"12,579.00"
ORD-13442,CUST-2917,ST-5,CP-144,2024-05-20,ACTIVE,"$10,954.00"
ORD-13443,CUST-3625,ST-24,,02/12/2026,CLOSED,7507
ORD-13444,CUST-796,ST-23,CP-182,2025-07-11, Active ,19130
ORD-13445,CUST-564,ST-6,,2024-04-21,ACTIVE,"15,759.00"
ORD-13446,CUST-2628,ST-11,,09/05/2025,CLOSED,"18,886.00"
ORD-13447,CUST-2160,ST-25,CP-163,09/05/2025,ACTIVE,959
ORD-13448,CUST-3446,ST-2,,07-01-2026,CLOSED,"$18,039.00"
ORD-13449,CUST-3283,ST-22,CP-157,2025-12-24,pending,"4,847.00"
ORD-13450,CUST-2335,ST-22,,05/25/2026,closed,"17,973.00"
ORD-13451,CUST-738,ST-11,,2025-02-25,pending,"$6,186.00"
ORD-13452,CUST-1584,ST-12,,12-01-2024,pending,3730
ORD-13453,CUST-2799,ST-22,,04/03/2026,pending,8853
ORD-13454,CUST-2252,ST-8,,2025-10-11,closed,"$10,237.00"
ORD-13455,CUST-3070,ST-19,,03/04/2025,active,393
ORD-13456,CUST-2076,ST-14,,2025-12-03,pending,"19,565.00"
ORD-13457,CUST-2190,ST-19,,19-10-2026,active,6922
ORD-13458,CUST-3193,ST-24,,2024-08-06,pending,16043
ORD-13459,CUST-4500,ST-11,,10/02/2026, Active ,"5,186.00"
ORD-13460,CUST-310,ST-8,,23-09-2025,PENDING,1428
ORD-13461,CUST-3616,ST-25,,2024-01-07, Active ,2260
ORD-13462,CUST-4645,ST-13,,2026-06-01, Active ,14704
ORD-13463,CUST-1948,ST-24,,2024-03-21,PENDING,"$15,961.00"
ORD-13464,CUST-1792,ST-1,CP-188,01-09-2026, Active ,"$9,221.00"
ORD-13465,CUST-1960,ST-25,CP-32,04/08/2026,PENDING,2002
ORD-13466,CUST-2742,ST-14,,04/18/2025,closed,"$10,530.00"
ORD-13467,CUST-4829,ST-1,,2026-07-04,pending,"2,507.00"
ORD-13468,CUST-3798,ST-3,,11/07/2026, Active ,"18,968.00"
ORD-13469,CUST-2929,ST-25,,2026-07-08,CLOSED,19409
ORD-13470,CUST-4672,ST-6,,07/27/2024,pending,17356
ORD-13471,CUST-745,ST-1,,07/08/2024,active,1429
ORD-13472,CUST-4175,ST-15,,02/07/2024,CLOSED,"8,673.00"
ORD-13473,CUST-4730,ST-15,,11/17/2025,active,2996
ORD-13474,CUST-3382,ST-11,CP-119,2025-01-22,CLOSED,"$11,170.00"
ORD-13475,CUST-2538,ST-10,,2025-01-24,pending,729
ORD-13476,CUST-91,ST-6,,2026-06-15,ACTIVE,"6,352.00"
ORD-13477,CUST-2467,ST-7,CP-97,08/11/2024,pending,"2,942.00"
ORD-13478,CUST-4272,ST-25,,24-03-2024,CLOSED,6809
ORD-13479,CUST-3834,ST-17,,07/11/2025,PENDING,"$6,268.00"
ORD-13480,CUST-1911,ST-17,,06-06-2026,active,"11,451.00"
ORD-13481,CUST-4849,ST-19,,22-09-2024,ACTIVE,13520
ORD-13482,CUST-323,ST-4,,11/18/2026,PENDING,14029
ORD-13483,CUST-3250,ST-21,,2026-08-02, Active ,12830
ORD-13484,CUST-3682,ST-5,,10/09/2024,ACTIVE,4097
ORD-13485,CUST-2223,ST-24,CP-181,06/27/2026,pending,"$4,303.00"
ORD-13486,CUST-2820,ST-16,,2026-12-25,CLOSED,$383.00
ORD-13487,CUST-4993,ST-18,CP-27,01/10/2024,closed,18972
ORD-13488,CUST-3285,ST-21,,01-11-2026,ACTIVE,3202
ORD-13489,CUST-4639,ST-6,,02/27/2025, Active ,5138
ORD-13490,CUST-2564,ST-18,,2026-03-15, Active ,"$2,581.00"
ORD-13491,CUST-1124,ST-15,CP-193,03/14/2025,pending,"13,530.00"
ORD-13492,CUST-3150,ST-15,CP-129,03-02-2024,ACTIVE,"$12,336.00"
ORD-13493,CUST-4835,ST-2,,10/04/2026,active,5635
ORD-13494,CUST-2034,ST-3,,2026-03-14, Active ,4437
ORD-13495,CUST-885,ST-3,,05/05/2025, Active ,"$5,527.00"
ORD-13496,CUST-811,ST-15,,2024-11-11,ACTIVE,15785
ORD-13497,CUST-1026,ST-19,,07/12/2025,closed,"$13,940.00"
ORD-13498,CUST-4147,ST-16,,2026-08-06,active,"$1,558.00"
ORD-13499,CUST-3814,ST-12,CP-90,06-03-2025,closed,"$12,713.00"
ORD-13500,CUST-3136,ST-18,CP-123,2025-02-26,closed,"$18,474.00"
ORD-13501,CUST-2605,ST-11,,2024-04-24,ACTIVE,"6,874.00"
ORD-13502,CUST-3779,ST-22,,2024-09-06,closed,1787
ORD-13503,CUST-1178,ST-7,,2024-04-23,ACTIVE,3376
ORD-13504,CUST-2654,ST-25,,10-04-2026,active,12530
ORD-13505,CUST-272,ST-8,,09-12-2026,CLOSED,"15,529.00"
ORD-13506,CUST-4535,ST-4,,2026-07-15,closed,9439
ORD-13507,CUST-2120,ST-8,,2026-08-19,PENDING,"11,714.00"
ORD-13508,CUST-2197,ST-6,,2024-12-12,PENDING,12630
ORD-13509,CUST-1400,ST-19,CP-145,2025-12-23,PENDING,9111
ORD-13510,CUST-2864,ST-23,,2025-05-08,ACTIVE,2480
ORD-13511,CUST-2356,ST-21,,2026-08-17,closed,13128
ORD-13512,CUST-3402,ST-5,CP-126,26-03-2026,active,9545
ORD-13513,CUST-2718,ST-4,CP-183,02-02-2025,closed,"$14,548.00"
ORD-13514,CUST-1447,ST-22,CP-96,05/21/2026,CLOSED,12603
ORD-13515,CUST-959,ST-6,,02/07/2026,active,"4,727.00"
ORD-13516,CUST-3828,ST-12,,10/20/2026, Active ,16507
ORD-13517,CUST-2503,ST-25,CP-130,2025-10-15,CLOSED,"$7,818.00"
ORD-13518,CUST-450,ST-17,,09/15/2025,CLOSED,3952
ORD-13519,CUST-455,ST-4,,12/25/2025,CLOSED,1328
ORD-13520,CUST-3577,ST-2,,2026-08-26,closed,"$14,803.00"
ORD-13521,CUST-858,ST-24,,2024-05-03,CLOSED,"9,862.00"
ORD-13522,CUST-3041,ST-7,CP-79,2024-12-08,closed,$578.00
ORD-13523,CUST-3899,ST-3,,2026-01-14,CLOSED,141
ORD-13524,CUST-2416,ST-13,CP-102,12/15/2024,pending,16173
ORD-13525,CUST-1306,ST-18,,06/01/2026,closed,"12,914.00"
ORD-13526,CUST-1313,ST-10,,16-01-2026,active,7173
ORD-13527,CUST-1980,ST-16,CP-45,2025-04-15,closed,15618
ORD-13528,CUST-4817,ST-5,,27-06-2025,ACTIVE,7729
ORD-13529,CUST-511,ST-12,,04-07-2024,active,8894
ORD-13530,CUST-329,ST-15,CP-5,02/14/2026,CLOSED,5646
ORD-13531,CUST-4379,ST-1,,2025-10-28,pending,"17,537.00"
ORD-13532,CUST-135,ST-11,CP-68,07/27/2025,CLOSED,"$5,870.00"
ORD-13533,CUST-4269,ST-22,,2025-07-05,active,"3,908.00"
ORD-13534,CUST-1555,ST-24,CP-27,18-10-2024,active,"11,940.00"
ORD-13535,CUST-1771,ST-14,CP-195,02/01/2025, Active ,11342
ORD-13536,CUST-818,ST-8,CP-53,2024-02-27,closed,12081
ORD-13537,CUST-4628,ST-16,,2026-02-04, Active ,"8,819.00"
ORD-13538,CUST-961,ST-17,CP-118,2024-12-14,PENDING,"$11,434.00"
ORD-13539,CUST-3733,ST-1,,2025-04-10,closed,"$3,479.00"
ORD-13540,CUST-2198,ST-5,,06-08-2025,ACTIVE,3660
ORD-13541,CUST-4085,ST-22,,2026-05-05,pending,13816
ORD-13542,CUST-2354,ST-23,,2024-12-14,pending,17461
ORD-13543,CUST-1299,ST-10,,2025-02-02,active,18162
ORD-13544,CUST-2890,ST-2,CP-177,2024-11-24, Active ,$839.00
ORD-13545,CUST-806,ST-24,,01/24/2025,active,"$14,751.00"
ORD-13546,CUST-1739,ST-11,CP-147,2025-06-27,CLOSED,"$6,013.00"
ORD-13547,CUST-4174,ST-11,,2026-09-27,PENDING,7096
ORD-13548,CUST-4825,ST-3,,2026-04-02,ACTIVE,2169
ORD-13549,CUST-2694,ST-6,,2025-07-10,PENDING,7088
ORD-13550,CUST-900,ST-21,,2024-11-05,CLOSED,"$19,907.00"
ORD-13551,CUST-1842,ST-20,,03/08/2025,pending,"$5,136.00"
ORD-13552,CUST-3125,ST-11,,2025-11-11,closed,"$7,530.00"
ORD-13553,CUST-350,ST-14,,2024-04-25,CLOSED,"13,894.00"
ORD-13554,CUST-600,ST-4,CP-146,2025-06-01,closed,17244
ORD-13555,CUST-1208,ST-24,,02/20/2025,pending,"19,910.00"
ORD-13556,CUST-2058,ST-22,,2026-05-07,PENDING,5416
ORD-13557,CUST-1432,ST-4,,2024-06-07,pending,11732
ORD-13558,CUST-1148,ST-2,,05/04/2025,closed,5189
ORD-13559,CUST-1513,ST-5,,13-10-2025,closed,"$3,199.00"
ORD-13560,CUST-2484,ST-20,,12-03-2026,ACTIVE,"$3,892.00"
ORD-13561,CUST-1834,ST-24,CP-52,2024-03-22,ACTIVE,"$17,068.00"
ORD-13562,CUST-3341,ST-16,,2026-02-20,ACTIVE,19062
ORD-13563,CUST-1921,ST-3,CP-34,06/11/2026,CLOSED,"12,129.00"
ORD-13564,CUST-1078,ST-1,,2025-11-11,active,9336
ORD-13565,CUST-4870,ST-8,CP-36,26-10-2025,CLOSED,7635
ORD-13566,CUST-2460,ST-6,,2024-09-08,active,14316
ORD-13567,CUST-2651,ST-9,,04/25/2026,PENDING,"6,501.00"
ORD-13568,CUST-1855,ST-22,,2024-06-02, Active ,8629
ORD-13569,CUST-3262,ST-22,,08/28/2026,ACTIVE,17674
ORD-13570,CUST-1972,ST-19,,2024-07-02,CLOSED,17328
ORD-13571,CUST-1679,ST-14,,2024-05-13,ACTIVE,3121
ORD-13572,CUST-1194,ST-3,,2024-07-06,CLOSED,6056
ORD-13573,CUST-3874,ST-3,,08/27/2025,CLOSED,"$16,704.00"
ORD-13574,CUST-3243,ST-25,,12/28/2024, Active ,"$1,721.00"
ORD-13575,CUST-9,ST-3,,07/07/2025,CLOSED,"$13,446.00"
ORD-13576,CUST-2033,ST-17,CP-85,2026-01-14,ACTIVE,5776
ORD-13577,CUST-2926,ST-5,,2026-02-13,ACTIVE,18888
ORD-13578,CUST-2586,ST-20,,2024-10-13,CLOSED,18913
ORD-13579,CUST-4687,ST-8,,2025-12-01,active,"9,040.00"
ORD-13580,CUST-392,ST-23,CP-18,2025-05-09, Active ,"12,475.00"
ORD-13581,CUST-692,ST-11,,2026-11-16,ACTIVE,"4,622.00"
ORD-13582,CUST-968,ST-17,,07-06-2024,PENDING,"$10,492.00"
ORD-13583,CUST-831,ST-6,,2026-01-17,CLOSED,"$13,217.00"
ORD-13584,CUST-3200,ST-21,CP-136,2025-06-09,PENDING,"$16,374.00"
ORD-13585,CUST-4291,ST-3,CP-60,02/14/2025,PENDING,"$19,647.00"
ORD-13586,CUST-203,ST-17,CP-8,10/19/2025,ACTIVE,4338
ORD-13587,CUST-1819,ST-5,,14-07-2025,ACTIVE,9279
ORD-13588,CUST-3849,ST-2,,2025-01-15,closed,1671
ORD-13589,CUST-3978,ST-25,,11-02-2026,closed,"$16,843.00"
ORD-13590,CUST-3464,ST-13,,2024-08-19,PENDING,17462
ORD-13591,CUST-820,ST-17,,09/15/2025,active,"$6,485.00"
ORD-13592,CUST-3018,ST-25,,01/14/2026,closed,$700.00
ORD-13593,CUST-1321,ST-15,,04-01-2025,pending,"$13,349.00"
ORD-13594,CUST-252,ST-6,,2025-06-22,CLOSED,19732
ORD-13595,CUST-3853,ST-14,,2025-07-12,active,15636
ORD-13596,CUST-4475,ST-14,CP-74,2024-09-14,ACTIVE,"$7,971.00"
ORD-13597,CUST-1760,ST-3,,2025-05-16,CLOSED,"$2,519.00"
ORD-13598,CUST-529,ST-25,CP-119,2026-04-01,CLOSED,"7,746.00"
ORD-13599,CUST-3269,ST-25,,2024-08-15,active,17023
ORD-13600,CUST-3344,ST-20,CP-181,2025-01-28,PENDING,"$17,205.00"
ORD-13601,CUST-2936,ST-14,CP-105,24-07-2026,active,"$1,737.00"
ORD-13602,CUST-1664,ST-7,,01/26/2024,closed,"12,554.00"
ORD-13603,CUST-1121,ST-21,CP-184,2025-09-16,active,5534
ORD-13604,CUST-3285,ST-23,,2024-07-13, Active ,"4,342.00"
ORD-13605,CUST-545,ST-18,,05-01-2024,PENDING,11195
ORD-13606,CUST-1450,ST-13,CP-103,2024-02-20,active,"$9,587.00"
ORD-13607,CUST-247,ST-4,CP-146,08/04/2026, Active ,"$1,149.00"
ORD-13608,CUST-4264,ST-4,CP-15,2026-02-11, Active ,17200
ORD-13609,CUST-886,ST-11,,09-12-2025,active,"4,993.00"
ORD-13610,CUST-3683,ST-21,,2024-05-04,ACTIVE,"$18,305.00"
ORD-13611,CUST-2544,ST-22,,03/09/2025, Active ,"$7,192.00"
ORD-13612,CUST-1326,ST-10,CP-106,2026-11-25,pending,"8,144.00"
ORD-13613,CUST-1485,ST-2,CP-154,01-03-2025,PENDING,10759
ORD-13614,CUST-4205,ST-20,CP-4,2026-09-26,pending,18105
ORD-13615,CUST-521,ST-7,CP-34,2026-09-23,ACTIVE,"9,052.00"
ORD-13616,CUST-628,ST-6,,2024-03-04,active,13684
ORD-13617,CUST-1088,ST-25,CP-114,10/10/2024,active,"16,124.00"
ORD-13618,CUST-4721,ST-4,CP-170,02/05/2025,closed,"$8,922.00"
ORD-13619,CUST-1130,ST-16,CP-71,04-03-2024,PENDING,1890
ORD-13620,CUST-793,ST-7,,2025-09-14,pending,3528
ORD-13621,CUST-2901,ST-23,,07/14/2025,PENDING,19170
ORD-13622,CUST-1524,ST-17,,09/14/2025,closed,13758
ORD-13623,CUST-4102,ST-16,,2026-09-03,closed,"$1,771.00"
ORD-13624,CUST-2696,ST-25,,2025-04-27,ACTIVE,"1,352.00"
ORD-13625,CUST-1572,ST-19,,2024-02-25,CLOSED,"$12,809.00"
ORD-13626,CUST-952,ST-25,,09/05/2025,active,"$6,478.00"
ORD-13627,CUST-1160,ST-20,CP-178,15-05-2025,closed,4090
ORD-13628,CUST-2143,ST-7,,2025-11-11,closed,"$2,561.00"
ORD-13629,CUST-4592,ST-22,,2026-05-15,closed,4052
ORD-13630,CUST-1502,ST-16,CP-65,2024-04-10,active,"15,736.00"
ORD-13631,CUST-3337,ST-10,,09-12-2025,CLOSED,"10,261.00"
ORD-13632,CUST-4513,ST-21,CP-30,2025-05-07,CLOSED,5885
ORD-13633,CUST-1232,ST-24,CP-102,01/21/2026, Active ,13519
ORD-13634,CUST-1412,ST-2,CP-154,2026-04-11,active,17370
ORD-13635,CUST-40,ST-17,,2026-09-15,closed,10294
ORD-13636,CUST-734,ST-4,CP-123,2025-10-22,active,"7,351.00"
ORD-13637,CUST-1364,ST-20,,03-12-2024,active,3802
ORD-13638,CUST-2181,ST-25,,12/24/2025,PENDING,"$14,674.00"
ORD-13639,CUST-2053,ST-25,,23-08-2026,CLOSED,19027
ORD-13640,CUST-182,ST-15,,04/17/2026,active,"4,455.00"
ORD-13641,CUST-2065,ST-11,,07-04-2026,active,4893
ORD-13642,CUST-3944,ST-9,,2026-02-12,active,"$8,710.00"
ORD-13643,CUST-2680,ST-10,,2025-12-08,active,19684
ORD-13644,CUST-3465,ST-18,,2025-06-26,CLOSED,2743
ORD-13645,CUST-3448,ST-13,,2024-09-22,ACTIVE,"14,924.00"
ORD-13646,CUST-140,ST-18,CP-185,2024-04-17,ACTIVE,"$3,638.00"
ORD-13647,CUST-3138,ST-12,,11/03/2024,PENDING,"$3,728.00"
ORD-13648,CUST-2367,ST-17,,2024-01-06,ACTIVE,12311
ORD-13649,CUST-2076,ST-7,,06-12-2026,ACTIVE,"$7,943.00"
ORD-13650,CUST-3552,ST-5,CP-58,20-08-2026,CLOSED,9126
ORD-13651,CUST-4767,ST-20,CP-16,2025-01-04,pending,"11,229.00"
ORD-13652,CUST-410,ST-18,,03/11/2025,pending,"$17,178.00"
ORD-13653,CUST-1141,ST-11,CP-165,02/19/2025,closed,"$16,637.00"
ORD-13654,CUST-4033,ST-7,,2025-05-14,active,"$5,675.00"
ORD-13655,CUST-2641,ST-13,,2026-06-14, Active ,14646
ORD-13656,CUST-2553,ST-4,,02/20/2025,pending,4718
ORD-13657,CUST-3007,ST-20,CP-161,22-02-2024,ACTIVE,"18,732.00"
ORD-13658,CUST-4961,ST-14,,2025-01-03,PENDING,13715
ORD-13659,CUST-1306,ST-18,,11-09-2024,pending,628.00
ORD-13660,CUST-4937,ST-17,,2025-07-28, Active ,2661
ORD-13661,CUST-3240,ST-12,,2026-12-22,closed,$784.00
ORD-13662,CUST-2532,ST-23,,06/07/2025,CLOSED,1811
ORD-13663,CUST-2718,ST-6,,21-01-2025,active,"$18,068.00"
ORD-13664,CUST-4943,ST-25,,05/07/2025,ACTIVE,"$6,821.00"
ORD-13665,CUST-2358,ST-25,,2026-05-28, Active ,"$11,342.00"
ORD-13666,CUST-588,ST-20,CP-61,03/18/2026,closed,"10,899.00"
ORD-13667,CUST-3388,ST-2,CP-34,09/20/2024,PENDING,1639
ORD-13668,CUST-1062,ST-5,,2025-08-11,PENDING,"8,748.00"
ORD-13669,CUST-938,ST-23,CP-136,2026-08-12,active,15565
ORD-13670,CUST-575,ST-10,CP-145,2026-07-04, Active ,"17,463.00"
ORD-13671,CUST-4210,ST-7,,11/21/2024,active,19461
ORD-13672,CUST-4829,ST-18,,13-02-2026,ACTIVE,236
ORD-13673,CUST-2995,ST-10,,2025-12-12,closed,2787
ORD-13674,CUST-2256,ST-15,CP-98,2026-02-27,pending,875
ORD-13675,CUST-959,ST-13,,2024-04-14,closed,"4,296.00"
ORD-13676,CUST-51,ST-1,,04-01-2024,pending,"$6,383.00"
ORD-13677,CUST-903,ST-8,,06/08/2026,pending,"$12,666.00"
ORD-13678,CUST-1132,ST-12,,03-09-2024,CLOSED,4384
ORD-13679,CUST-221,ST-10,,07-07-2026,closed,885
ORD-13680,CUST-4810,ST-18,,14-04-2025,active,"1,521.00"
ORD-13681,CUST-2208,ST-5,,2024-01-17,pending,"$11,021.00"
ORD-13682,CUST-1738,ST-16,,12/07/2026,active,"$19,234.00"
ORD-13683,CUST-4639,ST-12,,2026-09-27,closed,711.00
ORD-13684,CUST-3894,ST-22,,2025-05-27, Active ,"$9,091.00"
ORD-13685,CUST-3074,ST-10,CP-15,2024-12-17, Active ,"1,743.00"
ORD-13686,CUST-3057,ST-4,,04/10/2026,pending,16903
ORD-13687,CUST-1708,ST-2,CP-69,08-03-2025, Active ,15668
ORD-13688,CUST-510,ST-7,,2025-05-17,ACTIVE,"$4,435.00"
ORD-13689,CUST-4983,ST-24,,2026-04-26, Active ,1712
ORD-13690,CUST-1230,ST-11,,24-07-2025,ACTIVE,"5,592.00"
ORD-13691,CUST-1613,ST-21,,2026-01-21,CLOSED,12484
ORD-13692,CUST-4701,ST-24,,2024-03-17,CLOSED,9161
ORD-13693,CUST-4669,ST-4,CP-40,01/19/2026,active,"$4,038.00"
ORD-13694,CUST-4547,ST-13,,05/17/2025,PENDING,"15,333.00"
ORD-13695,CUST-1713,ST-13,,14-09-2026,active,7231
ORD-13696,CUST-2390,ST-7,,2024-04-22,active,19879
ORD-13697,CUST-213,ST-14,,2025-12-17,closed,17006
ORD-13698,CUST-2991,ST-16,,09-02-2025,ACTIVE,"$7,943.00"
ORD-13699,CUST-1201,ST-12,CP-58,10/22/2024, Active ,11579
ORD-13700,CUST-4828,ST-25,CP-182,2026-11-14,closed,8962
ORD-13701,CUST-1215,ST-2,,21-07-2024,closed,"$6,320.00"
ORD-13702,CUST-3661,ST-18,CP-104,2024-08-12,CLOSED,12258
ORD-13703,CUST-2974,ST-5,CP-84,2026-07-28,CLOSED,8914
ORD-13704,CUST-210,ST-16,,2024-05-17,ACTIVE,1920
ORD-13705,CUST-288,ST-6,CP-28,2024-02-08,CLOSED,"13,436.00"
ORD-13706,CUST-2372,ST-18,CP-114,2026-01-15,PENDING,"3,071.00"
ORD-13707,CUST-4831,ST-10,CP-32,2025-11-27,CLOSED,7438
ORD-13708,CUST-3987,ST-6,,2025-09-25,CLOSED,"$17,585.00"
ORD-13709,CUST-52,ST-10,,05-08-2024,active,16296
ORD-13710,CUST-4003,ST-21,CP-142,09/04/2026,CLOSED,6290
ORD-13711,CUST-157,ST-13,,2026-08-23,CLOSED,"$6,906.00"
ORD-13712,CUST-3056,ST-20,CP-49,11/04/2025,ACTIVE,"$13,346.00"
ORD-13713,CUST-2372,ST-4,,2024-06-02,closed,"$1,734.00"
ORD-13714,CUST-4314,ST-9,,04/26/2026, Active ,10805
ORD-13715,CUST-4508,ST-25,,2026-12-03,active,"$3,872.00"
ORD-13716,CUST-2151,ST-2,,01/26/2025,pending,18027
ORD-13717,CUST-2411,ST-10,,2026-07-17,ACTIVE,6938
ORD-13718,CUST-2101,ST-3,,2024-07-20,closed,"$12,054.00"
ORD-13719,CUST-1029,ST-12,CP-151,2025-04-17,active,3456
ORD-13720,CUST-3219,ST-2,,02/18/2024,CLOSED,"$6,296.00"
ORD-13721,CUST-3037,ST-22,,03/17/2026,active,2339
ORD-13722,CUST-3527,ST-24,,2024-08-05,CLOSED,"7,316.00"
ORD-13723,CUST-2340,ST-15,CP-145,07-11-2026,pending,479
ORD-13724,CUST-197,ST-6,,2026-12-27, Active ,"14,089.00"
ORD-13725,CUST-2323,ST-20,,2025-09-16,closed,"12,715.00"
ORD-13726,CUST-1745,ST-16,,10-01-2025,PENDING,8140
ORD-13727,CUST-504,ST-14,,2024-05-04,ACTIVE,"18,416.00"
ORD-13728,CUST-1406,ST-4,CP-160,11/26/2025, Active ,5607
ORD-13729,CUST-3499,ST-13,,05/12/2025,ACTIVE,"$15,763.00"
ORD-13730,CUST-4116,ST-21,CP-97,2026-11-25,pending,"$10,501.00"
ORD-13731,CUST-1131,ST-20,,2025-06-16,ACTIVE,"$13,022.00"
ORD-13732,CUST-2529,ST-11,,2025-08-08,closed,"3,183.00"
ORD-13733,CUST-3849,ST-8,,2025-01-07,CLOSED,"$2,265.00"
ORD-13734,CUST-3899,ST-1,,2025-06-17,active,"$13,812.00"
ORD-13735,CUST-4815,ST-15,,01-03-2025,PENDING,17857
ORD-13736,CUST-3919,ST-22,CP-62,2026-08-22,active,11012
ORD-13737,CUST-3709,ST-10,,02/25/2026,pending,"18,806.00"
ORD-13738,CUST-2785,ST-20,,2026-07-04,closed,15550
ORD-13739,CUST-2208,ST-25,,2024-07-22,CLOSED,16589
ORD-13740,CUST-1994,ST-12,CP-119,2026-10-22,pending,6948
ORD-13741,CUST-2842,ST-25,,12/05/2024,ACTIVE,"$19,834.00"
ORD-13742,CUST-2733,ST-13,CP-121,26-12-2024, Active ,"$16,284.00"
ORD-13743,CUST-4258,ST-21,CP-130,05-10-2026,ACTIVE,"18,652.00"
ORD-13744,CUST-3579,ST-4,,2025-05-23,CLOSED,16144
ORD-13745,CUST-3908,ST-10,,2025-03-01,PENDING,13767
ORD-13746,CUST-4229,ST-20,,15-12-2025,PENDING,8970
ORD-13747,CUST-4704,ST-15,,2024-04-07,PENDING,16871
ORD-13748,CUST-2027,ST-21,,13-08-2025,active,"$10,176.00"
ORD-13749,CUST-2735,ST-18,CP-172,2024-05-20,pending,2927
ORD-13750,CUST-2150,ST-23,,04/27/2025,pending,"$8,563.00"
ORD-13751,CUST-2109,ST-19,,2024-03-17,active,"6,483.00"
ORD-13752,CUST-100,ST-15,CP-155,11/13/2025,closed,4056
ORD-13753,CUST-3380,ST-20,,03-04-2026,pending,"16,025.00"
ORD-13754,CUST-1123,ST-5,,2024-09-14,pending,4046
ORD-13755,CUST-983,ST-24,CP-90,04/28/2025,closed,"4,929.00"
ORD-13756,CUST-4854,ST-11,CP-88,04-03-2025,CLOSED,2980
ORD-13757,CUST-4591,ST-14,,04-03-2026,active,"$3,008.00"
ORD-13758,CUST-4856,ST-21,,2026-01-23,PENDING,"3,038.00"
ORD-13759,CUST-3186,ST-24,,11/06/2024,ACTIVE,"6,727.00"
ORD-13760,CUST-854,ST-11,,2025-03-02,pending,$713.00
ORD-13761,CUST-1150,ST-17,,22-02-2024,pending,"15,803.00"
ORD-13762,CUST-3339,ST-25,,2025-02-27,closed,17725
ORD-13763,CUST-19,ST-17,CP-116,2024-10-23,CLOSED,16993
ORD-13764,CUST-2966,ST-12,,04/09/2025,active,"$17,283.00"
ORD-13765,CUST-2795,ST-24,,06/01/2025, Active ,11350
ORD-13766,CUST-3767,ST-11,,02-04-2024,ACTIVE,1581
ORD-13767,CUST-2915,ST-17,,07/25/2025,closed,16923
ORD-13768,CUST-3744,ST-1,,06/23/2026,CLOSED,"$17,667.00"
ORD-13769,CUST-2151,ST-23,CP-133,2026-09-26,closed,"$8,677.00"
ORD-13770,CUST-1978,ST-13,,2026-08-09, Active ,"$3,412.00"
ORD-13771,CUST-3643,ST-3,CP-188,2024-08-07,pending,6497
ORD-13772,CUST-2392,ST-13,,2025-05-08,pending,"$6,349.00"
ORD-13773,CUST-3682,ST-3,,27-11-2026,PENDING,"$15,631.00"
ORD-13774,CUST-3925,ST-5,,08/24/2026,pending,"19,472.00"
ORD-13775,CUST-1282,ST-11,,2024-04-19,pending,19743
ORD-13776,CUST-4383,ST-7,CP-156,2024-06-12, Active ,3159
ORD-13777,CUST-4103,ST-1,CP-184,2025-05-18,pending,"10,957.00"
ORD-13778,CUST-1666,ST-1,,2024-01-01,PENDING,"$7,934.00"
ORD-13779,CUST-3426,ST-1,,2026-03-21,closed,679
ORD-13780,CUST-3282,ST-7,,11/28/2025,ACTIVE,11205
ORD-13781,CUST-3370,ST-6,,2026-11-01,CLOSED,3480
ORD-13782,CUST-3033,ST-12,CP-55,11/20/2024,pending,"$6,817.00"
ORD-13783,CUST-2596,ST-17,CP-49,2025-05-04,PENDING,3413
ORD-13784,CUST-4323,ST-4,CP-119,2024-08-17,ACTIVE,5038
ORD-13785,CUST-2179,ST-12,,2024-12-19,closed,2253
ORD-13786,CUST-2395,ST-9,,2025-03-11, Active ,"1,742.00"
ORD-13787,CUST-191,ST-2,CP-32,28-07-2025,ACTIVE,"$8,825.00"
ORD-13788,CUST-2161,ST-9,CP-50,12/18/2025,CLOSED,"4,679.00"
ORD-13789,CUST-201,ST-14,CP-107,2026-06-02,ACTIVE,$968.00
ORD-13790,CUST-3022,ST-20,,24-07-2024,ACTIVE,13502
ORD-13791,CUST-4751,ST-17,,2024-09-23,pending,"$9,306.00"
ORD-13792,CUST-4330,ST-16,,2025-08-12, Active ,1291
ORD-13793,CUST-608,ST-24,CP-83,08/01/2025,closed,"$9,868.00"
ORD-13794,CUST-3213,ST-16,,2024-06-27,ACTIVE,$639.00
ORD-13795,CUST-4557,ST-15,,09/14/2024,pending,16251
ORD-13796,CUST-1228,ST-21,,2025-11-18,pending,6123
ORD-13797,CUST-3668,ST-5,,04-09-2026,active,"8,243.00"
ORD-13798,CUST-2084,ST-20,,14-10-2025,closed,"$19,861.00"
ORD-13799,CUST-4939,ST-20,,2024-08-27,active,1533
ORD-13800,CUST-1255,ST-6,,2024-05-26,active,"9,802.00"
ORD-13801,CUST-3953,ST-20,,2024-07-10,pending,538
ORD-13802,CUST-2830,ST-15,,2024-05-12, Active ,1933
ORD-13803,CUST-2164,ST-20,,02/02/2026,PENDING,783
ORD-13804,CUST-248,ST-1,CP-26,01/03/2024,PENDING,14076
ORD-13805,CUST-470,ST-14,CP-186,2024-05-25,pending,"$16,780.00"
ORD-13806,CUST-4650,ST-9,,2024-11-12,CLOSED,16412
ORD-13807,CUST-3029,ST-8,CP-99,2025-08-13,pending,"$14,773.00"
ORD-13808,CUST-2141,ST-22,CP-166,09/26/2024,closed,18241
ORD-13809,CUST-4340,ST-12,,11/13/2026,active,"$11,085.00"
ORD-13810,CUST-4823,ST-12,,11/21/2025,active,5026
ORD-13811,CUST-3318,ST-13,CP-44,2025-05-18,PENDING,"2,691.00"
ORD-13812,CUST-1782,ST-16,,03/10/2024,closed,"14,475.00"
ORD-13813,CUST-3699,ST-9,CP-50,2025-06-06,CLOSED,1717
ORD-13814,CUST-3192,ST-20,,2024-03-04,ACTIVE,"$15,400.00"
ORD-13815,CUST-1031,ST-1,,10/18/2026,ACTIVE,$233.00
ORD-13816,CUST-2749,ST-7,,01/03/2025,PENDING,"$4,274.00"
ORD-13817,CUST-3672,ST-10,,2024-01-26,pending,2023
ORD-13818,CUST-2432,ST-10,CP-36,2025-06-24,ACTIVE,"$6,240.00"
ORD-13819,CUST-2789,ST-22,,2026-10-27,pending,"$15,096.00"
ORD-13820,CUST-2014,ST-5,,2024-05-17,CLOSED,"5,680.00"
ORD-13821,CUST-3652,ST-11,,02/14/2024,closed,4185
ORD-13822,CUST-4425,ST-19,,2024-03-27,ACTIVE,2625
ORD-13823,CUST-4620,ST-14,CP-173,2024-12-19,active,19926
ORD-13824,CUST-3369,ST-12,CP-46,04-02-2025,closed,"6,597.00"
ORD-13825,CUST-3125,ST-23,,2024-08-24,PENDING,1191
ORD-13826,CUST-1833,ST-4,,09/18/2024,ACTIVE,"$9,672.00"
ORD-13827,CUST-3651,ST-4,,06/27/2024,ACTIVE,"$5,621.00"
ORD-13828,CUST-2816,ST-19,,2024-06-22,PENDING,"$9,856.00"
ORD-13829,CUST-2744,ST-24,,2024-06-15,active,17541
ORD-13830,CUST-1161,ST-14,,2025-06-15,PENDING,14698
ORD-13831,CUST-4384,ST-9,CP-123,2025-05-11,pending,"7,185.00"
ORD-13832,CUST-4421,ST-24,CP-198,2026-02-03,active,3769
ORD-13833,CUST-902,ST-2,,2025-07-07,closed,15273
ORD-13834,CUST-3253,ST-14,CP-174,2024-03-23,pending,4337
ORD-13835,CUST-3843,ST-11,,2025-07-25,PENDING,1193
ORD-13836,CUST-2667,ST-16,,12/23/2025, Active ,11748
ORD-13837,CUST-1756,ST-19,CP-80,2026-12-04,CLOSED,"$2,754.00"
ORD-13838,CUST-3268,ST-14,,03/16/2026,closed,"$18,157.00"
ORD-13839,CUST-2887,ST-3,,09/15/2026,PENDING,6616
ORD-13840,CUST-3759,ST-25,,2026-10-10,CLOSED,12755
ORD-13841,CUST-1991,ST-16,CP-148,2026-12-10,PENDING,"$12,619.00"
ORD-13842,CUST-965,ST-2,,08-09-2026,closed,11640
ORD-13843,CUST-3986,ST-18,,2025-05-01,active,"$19,652.00"
ORD-13844,CUST-4672,ST-14,,2026-12-28,PENDING,"3,307.00"
ORD-13845,CUST-932,ST-4,CP-61,2025-04-19,active,4244
ORD-13846,CUST-1726,ST-21,,2025-02-04, Active ,19835
ORD-13847,CUST-550,ST-23,,2024-12-19,PENDING,"$10,250.00"
ORD-13848,CUST-1296,ST-9,,02/23/2025,ACTIVE,"$11,986.00"
ORD-13849,CUST-2685,ST-8,,02/01/2025,CLOSED,16199
ORD-13850,CUST-3383,ST-22,,16-02-2026,ACTIVE,"10,021.00"
ORD-13851,CUST-1738,ST-24,,27-08-2026,pending,17491
ORD-13852,CUST-1541,ST-22,,10/04/2025,pending,"$16,991.00"
ORD-13853,CUST-1050,ST-1,CP-19,2024-08-03,active,6847
ORD-13854,CUST-1547,ST-13,,01/20/2025,closed,1442
ORD-13855,CUST-1070,ST-2,,09/28/2024,closed,1759
ORD-13856,CUST-1742,ST-8,,2026-05-20,active,12206
ORD-13857,CUST-4782,ST-20,,08/18/2025,active,10856
ORD-13858,CUST-1667,ST-22,,06/22/2026,closed,"18,031.00"
ORD-13859,CUST-4739,ST-19,CP-94,2026-07-02,active,6456
ORD-13860,CUST-3174,ST-24,CP-193,2025-07-04,PENDING,10472
ORD-13861,CUST-4677,ST-25,,08/17/2024,PENDING,"$6,312.00"
ORD-13862,CUST-2166,ST-5,,2026-02-20,closed,7511
ORD-13863,CUST-3813,ST-1,,2025-10-25,PENDING,"$10,995.00"
ORD-13864,CUST-3365,ST-13,,2025-01-23,PENDING,"9,802.00"
ORD-13865,CUST-480,ST-23,,11/27/2025,ACTIVE,"15,353.00"
ORD-13866,CUST-1790,ST-8,CP-126,2024-01-16,active,13342
ORD-13867,CUST-3485,ST-20,,2025-09-26,CLOSED,14527
ORD-13868,CUST-1990,ST-19,,12/18/2024,ACTIVE,2249
ORD-13869,CUST-2889,ST-15,,22-09-2024,CLOSED,"$5,283.00"
ORD-13870,CUST-277,ST-19,,07/05/2024,ACTIVE,"3,895.00"
ORD-13871,CUST-1447,ST-22,CP-74,23-12-2026,pending,13808
ORD-13872,CUST-800,ST-14,,05/27/2026,PENDING,"15,512.00"
ORD-13873,CUST-4814,ST-1,,01/17/2024,ACTIVE,1233
ORD-13874,CUST-229,ST-22,,2026-05-04,CLOSED,"11,008.00"
ORD-13875,CUST-4500,ST-20,CP-197,12-02-2024,active,"$11,482.00"
ORD-13876,CUST-1314,ST-8,CP-96,12/18/2024,closed,6755
ORD-13877,CUST-1446,ST-3,CP-145,06/24/2026,PENDING,16128
ORD-13878,CUST-2226,ST-9,CP-174,06/15/2025,active,"$16,386.00"
ORD-13879,CUST-4303,ST-5,CP-136,2024-07-03,CLOSED,16654
ORD-13880,CUST-3393,ST-17,,02/12/2024,PENDING,3683
ORD-13881,CUST-4171,ST-11,,07-10-2026,pending,9950
ORD-13882,CUST-988,ST-7,,27-07-2026, Active ,"$6,053.00"
ORD-13883,CUST-1333,ST-3,CP-146,11-06-2024, Active ,"$8,734.00"
ORD-13884,CUST-2809,ST-20,,2026-10-15,closed,9423
ORD-13885,CUST-2959,ST-9,,2026-02-04, Active ,13476
ORD-13886,CUST-1241,ST-20,CP-73,02/09/2024,CLOSED,17377
ORD-13887,CUST-4453,ST-20,,18-03-2025,CLOSED,3586
ORD-13888,CUST-1139,ST-20,,2025-04-27,pending,"$18,384.00"
ORD-13889,CUST-4159,ST-15,CP-51,2024-09-02,pending,"$4,181.00"
ORD-13890,CUST-1410,ST-10,,2025-09-11, Active ,"$4,228.00"
ORD-13891,CUST-4198,ST-18,,04/11/2025,closed,"$3,509.00"
ORD-13892,CUST-1340,ST-17,,2025-07-12,CLOSED,12371
ORD-13893,CUST-3889,ST-19,,2025-01-03,pending,"$8,013.00"
ORD-13894,CUST-2162,ST-11,,04/25/2024,CLOSED,"$5,792.00"
ORD-13895,CUST-2328,ST-10,,2026-05-17,active,19564
ORD-13896,CUST-2760,ST-7,,2025-04-26, Active ,2506
ORD-13897,CUST-886,ST-7,,18-10-2024, Active ,9681
ORD-13898,CUST-4256,ST-22,,2024-11-02,ACTIVE,"$15,664.00"
ORD-13899,CUST-467,ST-24,CP-11,2026-02-03,CLOSED,13617
ORD-13900,CUST-3947,ST-8,CP-101,03/27/2026,closed,"$4,521.00"
ORD-13901,CUST-3631,ST-20,,03/07/2024,PENDING,14388
ORD-13902,CUST-1644,ST-6,,2026-10-03,ACTIVE,"16,665.00"
ORD-13903,CUST-1264,ST-24,,2026-03-08,ACTIVE,"5,022.00"
ORD-13904,CUST-1125,ST-2,,2025-06-05,CLOSED,"$17,649.00"
ORD-13905,CUST-793,ST-19,,2025-11-18,CLOSED,4579
ORD-13906,CUST-2056,ST-8,,07/28/2026,ACTIVE,1263
ORD-13907,CUST-2486,ST-6,,06/25/2024,PENDING,"7,788.00"
ORD-13908,CUST-2624,ST-20,,2026-03-02,pending,"$11,264.00"
ORD-13909,CUST-3009,ST-23,,08/18/2024, Active ,403
ORD-13910,CUST-349,ST-24,CP-45,2024-10-13,CLOSED,14442
ORD-13911,CUST-2730,ST-9,CP-76,24-05-2024,ACTIVE,2511
ORD-13912,CUST-3847,ST-3,CP-130,2024-07-28,active,"17,794.00"
ORD-13913,CUST-3744,ST-17,,2024-07-06,CLOSED,10401
ORD-13914,CUST-1249,ST-1,,09/19/2026,closed,19566
ORD-13915,CUST-2384,ST-15,,24-06-2026,PENDING,"$5,585.00"
ORD-13916,CUST-1773,ST-12,,2026-08-13, Active ,"$11,731.00"
ORD-13917,CUST-3502,ST-22,,2026-05-26,closed,8399
ORD-13918,CUST-2704,ST-19,,2026-03-28,PENDING,"8,887.00"
ORD-13919,CUST-2767,ST-19,CP-49,2026-03-01,pending,"$6,232.00"
ORD-13920,CUST-332,ST-20,,2024-10-03,closed,3978
ORD-13921,CUST-1330,ST-9,,07-03-2026,pending,"19,387.00"
ORD-13922,CUST-2928,ST-22,,01/14/2024, Active ,8633
ORD-13923,CUST-2687,ST-2,,2026-06-10,PENDING,"$18,210.00"
ORD-13924,CUST-2202,ST-3,,2026-08-07,active,19742
ORD-13925,CUST-1489,ST-2,,11/08/2025,active,1985
ORD-13926,CUST-155,ST-13,CP-82,21-11-2024,active,"10,916.00"
ORD-13927,CUST-2856,ST-22,,2026-01-25,CLOSED,1066
ORD-13928,CUST-1129,ST-2,CP-94,2025-09-27, Active ,"3,062.00"
ORD-13929,CUST-2182,ST-5,,12/16/2024,CLOSED,9392
ORD-13930,CUST-863,ST-1,,01-02-2026,CLOSED,15259
ORD-13931,CUST-3792,ST-20,CP-81,2024-11-22,PENDING,634.00
ORD-13932,CUST-2956,ST-15,CP-170,2026-01-14,PENDING,2304
ORD-13933,CUST-4542,ST-24,CP-139,05-10-2026,PENDING,1543
ORD-13934,CUST-1031,ST-20,CP-177,09/08/2026,CLOSED,17820
ORD-13935,CUST-1968,ST-23,,2025-01-21, Active ,15504
ORD-13936,CUST-3421,ST-11,CP-95,01-11-2026,CLOSED,10909
ORD-13937,CUST-907,ST-3,,06/10/2024,pending,10998
ORD-13938,CUST-2314,ST-5,,09/15/2025,pending,1957
ORD-13939,CUST-3939,ST-22,,2026-04-14,ACTIVE,"$15,173.00"
ORD-13940,CUST-2962,ST-12,,2025-04-12, Active ,"8,897.00"
ORD-13941,CUST-4669,ST-23,,11/23/2024,closed,"$2,978.00"
ORD-13942,CUST-4837,ST-11,CP-26,16-05-2024,PENDING,19381
ORD-13943,CUST-3902,ST-6,,04/27/2025,ACTIVE,"19,631.00"
ORD-13944,CUST-4620,ST-13,,2026-12-06,closed,"12,078.00"
ORD-13945,CUST-2641,ST-21,,10/09/2026,CLOSED,"$11,415.00"
ORD-13946,CUST-4841,ST-1,,2026-07-04,active,"19,312.00"
ORD-13947,CUST-4444,ST-6,,2025-01-08,PENDING,"$6,874.00"
ORD-13948,CUST-1686,ST-7,,13-07-2026,pending,14394
ORD-13949,CUST-1299,ST-23,,10-07-2024,ACTIVE,"$9,483.00"
ORD-13950,CUST-4474,ST-20,,2025-05-14,active,3388
ORD-13951,CUST-2290,ST-18,CP-121,2026-11-28,ACTIVE,"$1,500.00"
ORD-13952,CUST-4937,ST-21,CP-95,2026-11-13,CLOSED,"$19,185.00"
ORD-13953,CUST-4277,ST-8,CP-194,08/26/2026,pending,13023
ORD-13954,CUST-4945,ST-25,CP-86,07-01-2026,closed,15488
ORD-13955,CUST-4073,ST-7,CP-39,11/06/2025,CLOSED,"$19,969.00"
ORD-13956,CUST-862,ST-15,CP-199,12/26/2026,closed,14302
ORD-13957,CUST-2925,ST-11,,2024-12-26,ACTIVE,"18,125.00"
ORD-13958,CUST-3003,ST-11,,2025-06-27,closed,"$13,712.00"
ORD-13959,CUST-4344,ST-20,,2024-02-11, Active ,5552
ORD-13960,CUST-1384,ST-18,CP-131,2025-09-04,active,14760
ORD-13961,CUST-1501,ST-9,,2025-02-19,active,1365
ORD-13962,CUST-3295,ST-5,CP-132,19-09-2024,closed,"$3,840.00"
ORD-13963,CUST-2703,ST-8,,04/02/2024,pending,$972.00
ORD-13964,CUST-3167,ST-10,,09-12-2025, Active ,"$3,387.00"
ORD-13965,CUST-3750,ST-13,,03/13/2026,pending,"$13,860.00"
ORD-13966,CUST-840,ST-7,,07/23/2024,PENDING,"$1,317.00"
ORD-13967,CUST-1723,ST-4,CP-157,2025-01-18,CLOSED,"4,804.00"
ORD-13968,CUST-591,ST-13,,03/05/2025,CLOSED,10176
ORD-13969,CUST-1534,ST-14,,2026-02-13,PENDING,"$1,179.00"
ORD-13970,CUST-1941,ST-9,,11/09/2025,pending,"17,443.00"
ORD-13971,CUST-263,ST-25,CP-66,2024-08-04,ACTIVE,"$3,168.00"
ORD-13972,CUST-3709,ST-16,,2025-01-23,closed,19690
ORD-13973,CUST-3697,ST-22,CP-67,01/11/2024,pending,"$13,120.00"
ORD-13974,CUST-4748,ST-10,CP-198,2024-03-24, Active ,"$19,668.00"
ORD-13975,CUST-4798,ST-23,,2024-02-19,closed,3658
ORD-13976,CUST-4848,ST-2,,01-02-2024,pending,3328
ORD-13977,CUST-2774,ST-2,,16-02-2026, Active ,"17,156.00"
ORD-13978,CUST-3691,ST-21,,2026-09-18, Active ,"8,469.00"
ORD-13979,CUST-74,ST-9,,2025-06-28,closed,11583
ORD-13980,CUST-98,ST-14,CP-152,2025-08-18,active,"13,046.00"
ORD-13981,CUST-816,ST-11,CP-171,05/02/2026,closed,"$2,392.00"
ORD-13982,CUST-2311,ST-15,CP-36,2025-10-15,pending,"13,913.00"
ORD-13983,CUST-4162,ST-12,CP-116,2024-11-26, Active ,"10,941.00"
ORD-13984,CUST-4879,ST-10,CP-127,2026-08-22,ACTIVE,15775
ORD-13985,CUST-1781,ST-4,,2026-08-25,CLOSED,"$11,721.00"
ORD-13986,CUST-4725,ST-25,,2024-09-19,closed,9242
ORD-13987,CUST-1085,ST-9,CP-196,07-05-2026,closed,14386
ORD-13988,CUST-3999,ST-9,CP-47,2026-08-16, Active ,"$11,456.00"
ORD-13989,CUST-4433,ST-3,CP-178,2024-02-06,CLOSED,"19,511.00"
ORD-13990,CUST-3181,ST-13,CP-19,2026-11-10, Active ,4719
ORD-13991,CUST-2730,ST-10,CP-142,2024-04-04,ACTIVE,17278
ORD-13992,CUST-4278,ST-24,,23-12-2026,ACTIVE,"$14,225.00"
ORD-13993,CUST-3271,ST-25,,2026-03-11,pending,12011
ORD-13994,CUST-3570,ST-1,,08/12/2024,closed,4857
ORD-13995,CUST-1941,ST-8,,10/28/2026,PENDING,3398
ORD-13996,CUST-681,ST-1,,02/02/2024,ACTIVE,13542
ORD-13997,CUST-4806,ST-5,CP-180,2025-05-01,ACTIVE,"$12,081.00"
ORD-13998,CUST-1787,ST-21,CP-32,01/20/2026,CLOSED,7419
ORD-13999,CUST-332,ST-3,,07/09/2026,PENDING,8414
ORD-14000,CUST-4955,ST-16,,05/07/2024, Active ,"$17,523.00"
ORD-14001,CUST-3760,ST-11,,07/18/2026,PENDING,2319
ORD-14002,CUST-1071,ST-1,,2026-09-24,active,"$12,000.00"
ORD-14003,CUST-3851,ST-19,,2025-01-28,PENDING,3778
ORD-14004,CUST-4987,ST-8,,09/15/2025, Active ,"$3,885.00"
ORD-14005,CUST-1254,ST-4,,04/21/2024,pending,"$6,441.00"
ORD-14006,CUST-4036,ST-2,,2026-01-21,active,"$19,816.00"
ORD-14007,CUST-2332,ST-23,,02/27/2024,ACTIVE,"$4,256.00"
ORD-14008,CUST-503,ST-6,CP-116,2025-10-07,pending,2861
ORD-14009,CUST-414,ST-1,,2026-05-24, Active ,"2,861.00"
ORD-14010,CUST-12,ST-10,,2025-06-21,CLOSED,3113
ORD-14011,CUST-4557,ST-5,,2025-03-01, Active ,17918
ORD-14012,CUST-1976,ST-22,CP-118,2024-03-11,closed,"12,461.00"
ORD-14013,CUST-4350,ST-20,,2024-03-08,closed,19377
ORD-14014,CUST-941,ST-19,,2025-10-04,pending,3510
ORD-14015,CUST-1102,ST-10,,2026-06-06,CLOSED,"13,829.00"
ORD-14016,CUST-4811,ST-19,CP-147,2024-12-27, Active ,"$9,319.00"
ORD-14017,CUST-838,ST-24,,2026-06-20,ACTIVE,"$16,274.00"
ORD-14018,CUST-3421,ST-20,,03/25/2024,ACTIVE,"$2,009.00"
ORD-14019,CUST-2927,ST-12,CP-75,2026-08-20,PENDING,"12,933.00"
ORD-14020,CUST-3057,ST-17,,2024-02-19,pending,3988
ORD-14021,CUST-2878,ST-12,,05/15/2025,pending,"10,274.00"
ORD-14022,CUST-1584,ST-23,,2026-06-02, Active ,"$11,589.00"
ORD-14023,CUST-191,ST-24,CP-76,2025-10-07,closed,"6,538.00"
ORD-14024,CUST-476,ST-13,,11-01-2024,active,"14,073.00"
ORD-14025,CUST-4486,ST-16,,2026-11-08,ACTIVE,"$8,635.00"
ORD-14026,CUST-4799,ST-19,CP-51,22-11-2024,CLOSED,798
ORD-14027,CUST-4905,ST-10,CP-49,10-07-2026,pending,"$1,965.00"
ORD-14028,CUST-655,ST-4,,16-08-2026,active,"18,540.00"
ORD-14029,CUST-3268,ST-23,,2025-09-13,CLOSED,8658
ORD-14030,CUST-460,ST-5,,07/13/2024,PENDING,"17,130.00"
ORD-14031,CUST-4821,ST-8,,2024-08-23,CLOSED,2523
ORD-14032,CUST-3453,ST-20,,2024-06-18,ACTIVE,"15,010.00"
ORD-14033,CUST-3998,ST-10,,12/16/2025,CLOSED,"9,536.00"
ORD-14034,CUST-3531,ST-5,,03/24/2024,pending,"3,639.00"
ORD-14035,CUST-2598,ST-5,,2025-06-13,CLOSED,11824
ORD-14036,CUST-3877,ST-14,,2024-12-12, Active ,10053
ORD-14037,CUST-714,ST-11,,2024-11-14,ACTIVE,10759
ORD-14038,CUST-4102,ST-24,,2025-01-25, Active ,1384
ORD-14039,CUST-645,ST-5,,02-03-2025,PENDING,"2,596.00"
ORD-14040,CUST-74,ST-4,,23-07-2025,PENDING,"$13,564.00"
ORD-14041,CUST-1831,ST-15,,2025-11-14,PENDING,2444
ORD-14042,CUST-4979,ST-25,,2025-02-07,ACTIVE,"5,145.00"
ORD-14043,CUST-628,ST-25,,2026-06-26,ACTIVE,3796
ORD-14044,CUST-3286,ST-10,,18-07-2024,active,"17,463.00"
ORD-14045,CUST-2315,ST-16,CP-162,2026-01-25,pending,17669
ORD-14046,CUST-2661,ST-1,CP-155,2026-06-26,active,2314
ORD-14047,CUST-1366,ST-2,,04/25/2026, Active ,$804.00
ORD-14048,CUST-581,ST-1,,2025-01-14, Active ,8307
ORD-14049,CUST-3527,ST-4,,2025-06-05, Active ,"4,098.00"
ORD-14050,CUST-1020,ST-13,CP-177,06-06-2024,ACTIVE,"$15,306.00"
ORD-14051,CUST-4068,ST-17,,2024-05-11,PENDING,11907
ORD-14052,CUST-11,ST-23,,20-11-2026, Active ,7186
ORD-14053,CUST-4482,ST-17,,10/24/2025,active,12126
ORD-14054,CUST-457,ST-2,,2024-04-16,pending,3219
ORD-14055,CUST-2263,ST-20,,2025-01-09,CLOSED,"$9,924.00"
ORD-14056,CUST-377,ST-17,CP-31,2024-11-28,ACTIVE,"16,505.00"
ORD-14057,CUST-1195,ST-2,,2026-02-26,ACTIVE,$629.00
ORD-14058,CUST-928,ST-15,,2024-05-03,CLOSED,"$19,807.00"
ORD-14059,CUST-2970,ST-20,,2026-04-14,active,11553
ORD-14060,CUST-1176,ST-25,CP-120,28-11-2024, Active ,15481
ORD-14061,CUST-1490,ST-1,,2025-03-12,active,7968
ORD-14062,CUST-4789,ST-4,,2025-11-18,ACTIVE,18951
ORD-14063,CUST-102,ST-19,,06/22/2026,active,17522
ORD-14064,CUST-4780,ST-17,,2025-11-23,ACTIVE,"$18,944.00"
ORD-14065,CUST-1633,ST-16,,2026-04-16, Active ,3008
ORD-14066,CUST-4016,ST-15,,09/18/2024,pending,"4,262.00"
ORD-14067,CUST-4751,ST-25,CP-17,2025-12-14,CLOSED,"18,720.00"
ORD-14068,CUST-2728,ST-5,CP-199,10/11/2025,active,1604
ORD-14069,CUST-1209,ST-25,CP-7,21-06-2024,active,"$15,085.00"
ORD-14070,CUST-1283,ST-16,CP-101,05/23/2025,ACTIVE,3684
ORD-14071,CUST-4017,ST-23,,11-10-2024,CLOSED,"$7,750.00"
ORD-14072,CUST-3265,ST-5,CP-59,02/03/2025,CLOSED,"$10,104.00"
ORD-14073,CUST-3556,ST-2,,2024-07-22,CLOSED,6623
ORD-14074,CUST-4788,ST-17,CP-147,08/08/2024,ACTIVE,12172
ORD-14075,CUST-4336,ST-9,,03/17/2025,CLOSED,"$10,088.00"
ORD-14076,CUST-1924,ST-4,,2025-04-01,ACTIVE,7166
ORD-14077,CUST-4706,ST-19,,2025-12-11, Active ,"$6,307.00"
ORD-14078,CUST-4718,ST-4,CP-67,10/26/2025,PENDING,7265
ORD-14079,CUST-4697,ST-23,,11/09/2026,ACTIVE,16480
ORD-14080,CUST-1006,ST-24,,09/24/2026,closed,"$3,745.00"
ORD-14081,CUST-2450,ST-16,,02/03/2025,ACTIVE,"13,321.00"
ORD-14082,CUST-2119,ST-4,,05/05/2024,PENDING,"17,473.00"
ORD-14083,CUST-4661,ST-15,CP-134,11-04-2026,ACTIVE,"10,945.00"
ORD-14084,CUST-340,ST-20,,01/24/2025,pending,"13,803.00"
ORD-14085,CUST-755,ST-12,,01/21/2025,PENDING,"8,406.00"
ORD-14086,CUST-4920,ST-24,CP-151,04/25/2024,closed,6912
ORD-14087,CUST-4112,ST-23,,2026-03-21,CLOSED,"8,995.00"
ORD-14088,CUST-1565,ST-8,CP-29,2024-06-15,closed,2587
ORD-14089,CUST-4103,ST-18,,04/27/2025,PENDING,4535
ORD-14090,CUST-4633,ST-2,,08-03-2025,closed,"14,340.00"
ORD-14091,CUST-3860,ST-7,CP-55,2025-08-27,active,"$6,253.00"
ORD-14092,CUST-604,ST-15,,2026-01-15,ACTIVE,14457
ORD-14093,CUST-4857,ST-21,,12/08/2024,CLOSED,4563
ORD-14094,CUST-2457,ST-21,CP-34,2024-02-20,pending,6887
ORD-14095,CUST-2908,ST-11,,2026-05-20,CLOSED,"10,903.00"
ORD-14096,CUST-4295,ST-7,,03/05/2025,CLOSED,19902
ORD-14097,CUST-4005,ST-7,,10/28/2024,ACTIVE,4585
ORD-14098,CUST-693,ST-15,,02/06/2025, Active ,13660
ORD-14099,CUST-1535,ST-3,CP-142,03-02-2024,pending,"$15,369.00"
ORD-14100,CUST-1459,ST-22,,2024-11-14,PENDING,"9,623.00"
ORD-14101,CUST-1036,ST-1,,02/14/2024,active,"9,821.00"
ORD-14102,CUST-1080,ST-1,,2026-04-09, Active ,13089
ORD-14103,CUST-2666,ST-3,,14-11-2025,active,"$8,698.00"
ORD-14104,CUST-2868,ST-7,CP-117,2026-04-15,CLOSED,17081
ORD-14105,CUST-1038,ST-22,,05/11/2025,ACTIVE,9239
ORD-14106,CUST-4871,ST-14,,08/24/2025,closed,"$3,432.00"
ORD-14107,CUST-2719,ST-23,,2025-11-15,CLOSED,4862
ORD-14108,CUST-632,ST-23,,2026-09-08,PENDING,3105
ORD-14109,CUST-3758,ST-18,,10/08/2024,active,"15,420.00"
ORD-14110,CUST-2213,ST-17,CP-152,12/09/2024,PENDING,"$10,791.00"
ORD-14111,CUST-3790,ST-1,,07/16/2026,ACTIVE,1244
ORD-14112,CUST-4190,ST-24,CP-105,09-07-2026,active,9385
ORD-14113,CUST-668,ST-25,,2024-03-01,pending,4213
ORD-14114,CUST-4190,ST-3,,2024-01-17, Active ,"$1,160.00"
ORD-14115,CUST-2042,ST-24,,2024-12-13, Active ,"13,260.00"
ORD-14116,CUST-264,ST-1,,27-08-2026, Active ,"$18,517.00"
ORD-14117,CUST-4955,ST-9,,05/15/2024,pending,"$1,921.00"
ORD-14118,CUST-3433,ST-9,,07/11/2025,pending,323.00
ORD-14119,CUST-2862,ST-15,,02-01-2026,PENDING,17288
ORD-14120,CUST-4517,ST-23,,2024-07-07,closed,"$19,631.00"
ORD-14121,CUST-4377,ST-10,CP-120,2026-06-06,closed,7359
ORD-14122,CUST-4009,ST-12,CP-196,2026-11-04,ACTIVE,"14,056.00"
ORD-14123,CUST-92,ST-20,CP-45,19-02-2024,PENDING,19734
ORD-14124,CUST-3652,ST-14,,2025-11-16,pending,"$4,822.00"
ORD-14125,CUST-3900,ST-3,,25-09-2025,CLOSED,6433
ORD-14126,CUST-1699,ST-16,CP-67,14-11-2025,PENDING,"10,042.00"
ORD-14127,CUST-1070,ST-5,,11/12/2025,active,645
ORD-14128,CUST-984,ST-13,,05/18/2024,active,19367
ORD-14129,CUST-4007,ST-7,,2024-11-10,PENDING,8345
ORD-14130,CUST-3343,ST-9,CP-13,2026-10-23,PENDING,"$7,587.00"
ORD-14131,CUST-2451,ST-7,,2024-12-28,active,"$1,756.00"
ORD-14132,CUST-3342,ST-3,CP-195,01/13/2025,ACTIVE,17415
ORD-14133,CUST-117,ST-6,,27-03-2025,ACTIVE,"$1,086.00"
ORD-14134,CUST-1066,ST-19,,2024-12-18,CLOSED,18150
ORD-14135,CUST-1565,ST-9,CP-122,2026-10-11,closed,"1,969.00"
ORD-14136,CUST-4426,ST-12,,2024-06-04,CLOSED,"19,095.00"
ORD-14137,CUST-4963,ST-21,,2026-05-24,ACTIVE,19524
ORD-14138,CUST-4851,ST-10,,2026-06-16,ACTIVE,"$18,184.00"
ORD-14139,CUST-4006,ST-10,,2024-03-15,closed,"$16,788.00"
ORD-14140,CUST-943,ST-19,,09/02/2025,CLOSED,"$7,920.00"
ORD-14141,CUST-1988,ST-9,,2025-04-25, Active ,14270
ORD-14142,CUST-2150,ST-25,CP-85,05-06-2025,closed,13775
ORD-14143,CUST-2031,ST-2,,14-01-2024,PENDING,8938
ORD-14144,CUST-2888,ST-25,,07/08/2026,closed,2984
ORD-14145,CUST-1066,ST-4,,10/11/2024,closed,"19,673.00"
ORD-14146,CUST-3666,ST-14,,02/10/2025,active,"$13,505.00"
ORD-14147,CUST-4035,ST-16,,19-08-2024,active,"$4,382.00"
ORD-14148,CUST-763,ST-11,,05/17/2025,PENDING,11700
ORD-14149,CUST-4985,ST-4,,04-05-2026,ACTIVE,9930
ORD-14150,CUST-1400,ST-4,,02/13/2024, Active ,3880
ORD-14151,CUST-3632,ST-23,,24-10-2025,active,"$3,138.00"
ORD-14152,CUST-497,ST-4,,2026-08-20,PENDING,8522
ORD-14153,CUST-4465,ST-20,,2026-08-10,active,6843
ORD-14154,CUST-2876,ST-24,,2024-09-07,closed,"$8,617.00"
ORD-14155,CUST-2031,ST-15,,2026-09-28,active,"5,814.00"
ORD-14156,CUST-721,ST-25,,2026-10-07,closed,15207
ORD-14157,CUST-2081,ST-21,CP-53,2026-07-19,active,"$14,378.00"
ORD-14158,CUST-4341,ST-8,CP-49,09/27/2026,pending,"$19,650.00"
ORD-14159,CUST-2607,ST-5,,2025-09-11,PENDING,$365.00
ORD-14160,CUST-1834,ST-13,,09/25/2026,CLOSED,"$2,083.00"
ORD-14161,CUST-3195,ST-10,CP-46,2026-06-02,ACTIVE,1918
ORD-14162,CUST-3403,ST-14,CP-60,2025-01-27,PENDING,890
ORD-14163,CUST-4626,ST-15,,15-08-2026,pending,1466
ORD-14164,CUST-1588,ST-8,CP-64,20-04-2026,active,14002
ORD-14165,CUST-261,ST-10,,2025-04-19, Active ,"$4,024.00"
ORD-14166,CUST-1878,ST-17,,20-12-2025,active,17419
ORD-14167,CUST-1564,ST-25,,2026-10-23,CLOSED,3255
ORD-14168,CUST-4442,ST-19,,2026-05-26,closed,14313
ORD-14169,CUST-3922,ST-13,,06-04-2025, Active ,18618
ORD-14170,CUST-2783,ST-1,,01/08/2025,pending,13179
ORD-14171,CUST-4337,ST-23,,09/17/2025, Active ,"11,677.00"
ORD-14172,CUST-4553,ST-6,CP-140,2024-07-23,CLOSED,"$7,389.00"
ORD-14173,CUST-4142,ST-13,CP-40,2025-04-24,PENDING,"2,009.00"
ORD-14174,CUST-256,ST-8,CP-178,04-12-2026,active,"9,412.00"
ORD-14175,CUST-1804,ST-12,CP-85,01-11-2025,pending,"$3,052.00"
ORD-14176,CUST-4426,ST-21,CP-89,2025-10-25,CLOSED,10963
ORD-14177,CUST-4932,ST-22,,2026-11-22,CLOSED,12311
ORD-14178,CUST-4019,ST-22,,2025-11-27, Active ,"16,142.00"
ORD-14179,CUST-714,ST-17,,2024-04-27,PENDING,"$11,825.00"
ORD-14180,CUST-2283,ST-19,CP-29,21-10-2025,active,5667
ORD-14181,CUST-2701,ST-25,CP-71,2026-04-17, Active ,"$10,532.00"
ORD-14182,CUST-574,ST-1,,06/03/2026,closed,"$11,224.00"
ORD-14183,CUST-1113,ST-7,,2024-07-25,PENDING,"$8,112.00"
ORD-14184,CUST-1650,ST-18,,2024-01-12,pending,12063
ORD-14185,CUST-1235,ST-5,,08/28/2024,CLOSED,2778
ORD-14186,CUST-805,ST-23,,2026-12-18,ACTIVE,9738
ORD-14187,CUST-2084,ST-25,,2026-10-19,closed,4581
ORD-14188,CUST-129,ST-4,,12-02-2024,CLOSED,"$19,894.00"
ORD-14189,CUST-3626,ST-10,CP-101,2026-01-18, Active ,11616
ORD-14190,CUST-3044,ST-17,CP-106,19-02-2025, Active ,1121
ORD-14191,CUST-4116,ST-1,CP-193,2026-08-11,closed,"$2,457.00"
ORD-14192,CUST-2819,ST-5,CP-85,02-11-2026,active,19207
ORD-14193,CUST-4005,ST-3,,2024-05-07,closed,"$1,450.00"
ORD-14194,CUST-2786,ST-19,,2024-08-28,CLOSED,"$18,061.00"
ORD-14195,CUST-295,ST-21,,03/04/2025,pending,"17,934.00"
ORD-14196,CUST-1457,ST-13,,2026-01-05,ACTIVE,11538
ORD-14197,CUST-22,ST-6,,25-03-2024,ACTIVE,9485
ORD-14198,CUST-24,ST-18,,2024-10-18,ACTIVE,4595
ORD-14199,CUST-664,ST-14,CP-42,20-06-2024,ACTIVE,"$7,766.00"
ORD-14200,CUST-4307,ST-20,,2026-05-01,active,9578
ORD-14201,CUST-3698,ST-15,,2026-04-27, Active ,18567
ORD-14202,CUST-4062,ST-20,,02-05-2025, Active ,"$6,209.00"
ORD-14203,CUST-2821,ST-7,,2025-02-01,closed,"5,024.00"
ORD-14204,CUST-469,ST-5,,2025-02-23,ACTIVE,415
ORD-14205,CUST-3592,ST-22,CP-195,2025-03-02,active,"$1,776.00"
ORD-14206,CUST-3717,ST-21,,09/21/2025,closed,18010
ORD-14207,CUST-4092,ST-18,,2026-03-21,CLOSED,"$18,071.00"
ORD-14208,CUST-4110,ST-24,CP-17,2025-08-22,ACTIVE,10661
ORD-14209,CUST-3462,ST-4,,01/26/2025,CLOSED,6843
ORD-14210,CUST-3144,ST-16,CP-67,2025-04-19, Active ,13643
ORD-14211,CUST-765,ST-14,CP-26,04/28/2025,CLOSED,16771
ORD-14212,CUST-3207,ST-23,,02/09/2025,CLOSED,"16,829.00"
ORD-14213,CUST-4946,ST-12,CP-153,11/28/2025, Active ,"$1,913.00"
ORD-14214,CUST-912,ST-16,,13-10-2026,pending,9913
ORD-14215,CUST-126,ST-1,CP-19,27-10-2024,active,"$19,748.00"
ORD-14216,CUST-1624,ST-9,,11/07/2026,active,"$12,767.00"
ORD-14217,CUST-318,ST-5,,2026-12-04, Active ,"$7,275.00"
ORD-14218,CUST-1334,ST-15,,10/15/2024, Active ,1427
ORD-14219,CUST-4838,ST-9,CP-35,2024-08-02,PENDING,"4,992.00"
ORD-14220,CUST-2980,ST-21,,04/20/2025,PENDING,"$8,651.00"
ORD-14221,CUST-2509,ST-12,,04/06/2024, Active ,14007
ORD-14222,CUST-4172,ST-18,,07/27/2026,ACTIVE,"$5,340.00"
ORD-14223,CUST-1149,ST-25,,28-02-2025,PENDING,"$17,126.00"
ORD-14224,CUST-3356,ST-14,,2026-11-26,closed,"12,407.00"
ORD-14225,CUST-2589,ST-1,CP-38,25-01-2024,CLOSED,"$17,390.00"
ORD-14226,CUST-4757,ST-8,CP-117,01-01-2024,closed,"$13,178.00"
ORD-14227,CUST-55,ST-14,,2024-10-06,ACTIVE,2856
ORD-14228,CUST-1627,ST-22,,08-09-2024,active,12297
ORD-14229,CUST-18,ST-11,,03-10-2025,ACTIVE,"1,294.00"
ORD-14230,CUST-829,ST-11,,01/03/2025,active,"9,855.00"
ORD-14231,CUST-4265,ST-8,CP-51,10-01-2026,active,15934
ORD-14232,CUST-4251,ST-10,,2024-11-16,pending,5220
ORD-14233,CUST-564,ST-24,CP-35,08/28/2025,ACTIVE,2589
ORD-14234,CUST-1371,ST-5,,02/18/2025,ACTIVE,16131
ORD-14235,CUST-1033,ST-12,,2026-03-06,pending,7100
ORD-14236,CUST-572,ST-8,,03-12-2025,closed,3669
ORD-14237,CUST-1103,ST-23,,2025-03-22,CLOSED,634.00
ORD-14238,CUST-2505,ST-17,,06/08/2026, Active ,"$10,556.00"
ORD-14239,CUST-4100,ST-17,CP-105,2024-01-07,ACTIVE,12814
ORD-14240,CUST-4196,ST-24,CP-46,05/18/2026,ACTIVE,"16,967.00"
ORD-14241,CUST-1953,ST-21,,2025-08-17,PENDING,"17,243.00"
ORD-14242,CUST-4096,ST-20,CP-57,2026-01-09,ACTIVE,"$8,659.00"
ORD-14243,CUST-2102,ST-12,,01/26/2026,pending,"19,469.00"
ORD-14244,CUST-1024,ST-23,,2025-01-25,ACTIVE,15044
ORD-14245,CUST-2651,ST-5,,07/25/2025, Active ,13433
ORD-14246,CUST-4917,ST-23,,04/12/2025,CLOSED,7209
ORD-14247,CUST-2903,ST-12,,08/23/2025,closed,"$12,090.00"
ORD-14248,CUST-4157,ST-24,CP-64,2024-08-10,PENDING,"$17,177.00"
ORD-14249,CUST-1503,ST-22,CP-197,2025-06-06,ACTIVE,"$14,999.00"
ORD-14250,CUST-2540,ST-11,CP-35,2026-03-15,PENDING,2795
ORD-14251,CUST-926,ST-19,,2026-11-12,CLOSED,503
ORD-14252,CUST-1322,ST-2,,03-07-2025,PENDING,14936
ORD-14253,CUST-1259,ST-25,CP-70,2024-11-09,PENDING,7747
ORD-14254,CUST-2454,ST-4,,02/11/2025,CLOSED,15931
ORD-14255,CUST-1318,ST-4,CP-92,2024-11-01,PENDING,"9,883.00"
ORD-14256,CUST-2270,ST-5,CP-159,10/08/2025,CLOSED,"$7,155.00"
ORD-14257,CUST-4547,ST-25,,2026-08-01,pending,4938
ORD-14258,CUST-4258,ST-3,CP-30,2024-05-11, Active ,4149
ORD-14259,CUST-125,ST-24,,2025-02-20,CLOSED,10185
ORD-14260,CUST-1836,ST-25,,24-10-2024,PENDING,"$6,717.00"
ORD-14261,CUST-285,ST-22,,09-07-2024,ACTIVE,"$13,974.00"
ORD-14262,CUST-1856,ST-15,,2025-01-07,active,"$4,246.00"
ORD-14263,CUST-1296,ST-7,,09-09-2024,pending,"$12,216.00"
ORD-14264,CUST-3919,ST-24,,2024-05-27,closed,"4,562.00"
ORD-14265,CUST-2171,ST-2,CP-151,06/23/2025,closed,16303
ORD-14266,CUST-1212,ST-12,CP-120,27-04-2025,ACTIVE,3431
ORD-14267,CUST-3099,ST-22,CP-26,2025-02-18,closed,"$2,279.00"
ORD-14268,CUST-2552,ST-22,CP-83,01/12/2024,ACTIVE,6553
ORD-14269,CUST-271,ST-5,CP-199,2024-06-23, Active ,797.00
ORD-14270,CUST-4058,ST-21,,17-10-2026,closed,16927
ORD-14271,CUST-4705,ST-4,,14-03-2026,pending,961
ORD-14272,CUST-4772,ST-2,CP-74,01/21/2026,CLOSED,"$5,766.00"
ORD-14273,CUST-1849,ST-21,,01-05-2025, Active ,6334
ORD-14274,CUST-443,ST-14,,12/07/2026,ACTIVE,"16,095.00"
ORD-14275,CUST-4291,ST-7,,27-06-2024,PENDING,19059
ORD-14276,CUST-1537,ST-6,,08/22/2024,CLOSED,"17,985.00"
ORD-14277,CUST-1621,ST-5,,22-12-2025,pending,"9,375.00"
ORD-14278,CUST-3694,ST-11,CP-182,2025-12-27,active,"16,271.00"
ORD-14279,CUST-4133,ST-9,,2024-12-01,closed,"$3,930.00"
ORD-14280,CUST-2919,ST-17,,11/11/2024,CLOSED,"$11,691.00"
ORD-14281,CUST-3538,ST-15,,07/14/2025,active,4856
ORD-14282,CUST-2864,ST-18,,2024-11-15,active,15807
ORD-14283,CUST-3804,ST-25,,2025-06-27,PENDING,"7,129.00"
ORD-14284,CUST-978,ST-8,,2026-06-13,active,"4,276.00"
ORD-14285,CUST-4924,ST-21,,2024-02-16, Active ,18647
ORD-14286,CUST-4010,ST-18,,02/06/2025,pending,3497
ORD-14287,CUST-591,ST-18,,06-01-2024,PENDING,"$15,964.00"
ORD-14288,CUST-3736,ST-12,,2026-03-12,CLOSED,"$9,234.00"
ORD-14289,CUST-3651,ST-22,,2026-09-09, Active ,19295
ORD-14290,CUST-2179,ST-16,,13-11-2024,CLOSED,287.00
ORD-14291,CUST-2872,ST-7,,01/04/2025,PENDING,"18,576.00"
ORD-14292,CUST-186,ST-6,CP-91,03-02-2024,pending,1092
ORD-14293,CUST-2870,ST-19,CP-12,11-10-2024,pending,83
ORD-14294,CUST-3988,ST-1,,19-01-2026, Active ,"$2,738.00"
ORD-14295,CUST-1230,ST-1,,2026-06-03, Active ,10053
ORD-14296,CUST-3909,ST-1,,02/19/2024,CLOSED,1145
ORD-14297,CUST-2756,ST-16,,2026-03-23,closed,3237
ORD-14298,CUST-635,ST-7,,07/20/2026,PENDING,"$2,490.00"
ORD-14299,CUST-1337,ST-5,,02/17/2025,ACTIVE,11781
ORD-14300,CUST-2889,ST-25,,2024-09-05,CLOSED,4810
ORD-14301,CUST-2512,ST-3,,01-04-2025,ACTIVE,"$3,747.00"
ORD-14302,CUST-2793,ST-2,,2024-11-11,ACTIVE,"10,305.00"
ORD-14303,CUST-2555,ST-22,,03/04/2024, Active ,13917
ORD-14304,CUST-1017,ST-10,,2024-08-12,ACTIVE,9824
ORD-14305,CUST-3743,ST-14,,2026-06-27,active,"12,359.00"
ORD-14306,CUST-4168,ST-24,,2024-04-06,pending,8549
ORD-14307,CUST-4447,ST-4,,2025-11-24,PENDING,"4,460.00"
ORD-14308,CUST-3681,ST-12,CP-35,2026-10-02, Active ,15610
ORD-14309,CUST-537,ST-2,,02/19/2024,pending,15532
ORD-14310,CUST-2598,ST-21,,08-08-2025, Active ,"$18,357.00"
ORD-14311,CUST-3309,ST-22,,10/15/2025, Active ,19858
ORD-14312,CUST-3237,ST-5,,09/11/2025,pending,2970
ORD-14313,CUST-1312,ST-25,CP-106,11/11/2025,pending,18109
ORD-14314,CUST-3438,ST-20,,08/28/2025,pending,16204
ORD-14315,CUST-4814,ST-4,,2025-05-19,ACTIVE,1760
ORD-14316,CUST-1208,ST-21,,27-03-2025,pending,1162
ORD-14317,CUST-4163,ST-20,,08/28/2026,active,"9,561.00"
ORD-14318,CUST-898,ST-1,,27-01-2026, Active ,11688
ORD-14319,CUST-3366,ST-1,CP-132,12/13/2025,CLOSED,"1,192.00"
ORD-14320,CUST-3704,ST-9,CP-54,2025-07-18,closed,1494
ORD-14321,CUST-2659,ST-24,,26-02-2025,closed,"$13,516.00"
ORD-14322,CUST-3356,ST-16,,11/24/2026,PENDING,18792
ORD-14323,CUST-4389,ST-8,CP-159,19-04-2024,closed,14869
ORD-14324,CUST-408,ST-2,,27-03-2026,CLOSED,14848
ORD-14325,CUST-3991,ST-15,CP-189,27-12-2026,active,$345.00
ORD-14326,CUST-388,ST-7,,10-11-2024,pending,"$10,664.00"
ORD-14327,CUST-222,ST-13,,05/15/2024,active,"$8,544.00"
ORD-14328,CUST-2597,ST-9,CP-77,2024-09-16,active,12894
ORD-14329,CUST-4047,ST-17,CP-161,24-02-2025,pending,5509
ORD-14330,CUST-705,ST-6,CP-192,04/13/2025,ACTIVE,17384
ORD-14331,CUST-4887,ST-7,CP-186,2024-01-20,ACTIVE,"5,303.00"
ORD-14332,CUST-777,ST-14,,27-07-2024,closed,546.00
ORD-14333,CUST-2226,ST-3,,02/11/2026,active,9133
ORD-14334,CUST-4053,ST-6,,2025-08-21,ACTIVE,15243
ORD-14335,CUST-127,ST-4,CP-15,09/14/2024,closed,5904
ORD-14336,CUST-1663,ST-4,,2025-06-17,ACTIVE,"$15,116.00"
ORD-14337,CUST-3493,ST-14,,20-07-2025, Active ,"12,686.00"
ORD-14338,CUST-736,ST-6,,20-11-2026, Active ,12443
ORD-14339,CUST-3762,ST-2,,07/07/2026,pending,4958
ORD-14340,CUST-4084,ST-24,,2026-04-24, Active ,"$16,743.00"
ORD-14341,CUST-3065,ST-4,,12/04/2025,PENDING,4749
ORD-14342,CUST-4161,ST-9,,08/06/2026,ACTIVE,"$4,396.00"
ORD-14343,CUST-1339,ST-23,CP-54,2025-08-20, Active ,"$11,518.00"
ORD-14344,CUST-1278,ST-20,,2024-09-20,active,6756
ORD-14345,CUST-2291,ST-13,CP-167,01/10/2024,PENDING,"3,397.00"
ORD-14346,CUST-2613,ST-11,,17-06-2026, Active ,"19,400.00"
ORD-14347,CUST-2551,ST-14,,2026-06-26,CLOSED,"$17,313.00"
ORD-14348,CUST-1694,ST-23,CP-18,2024-04-23,ACTIVE,8309
ORD-14349,CUST-16,ST-12,,11/17/2026,closed,"$1,659.00"
ORD-14350,CUST-1555,ST-16,,28-03-2026, Active ,17753
ORD-14351,CUST-3674,ST-15,,2024-05-10,PENDING,"14,485.00"
ORD-14352,CUST-3006,ST-21,CP-151,2025-12-08,pending,"10,539.00"
ORD-14353,CUST-3293,ST-4,,09/06/2025,CLOSED,"12,386.00"
ORD-14354,CUST-4488,ST-10,,10/02/2026,closed,7588
ORD-14355,CUST-2371,ST-22,CP-93,2025-09-25,pending,"2,182.00"
ORD-14356,CUST-363,ST-21,,2026-10-11,active,19519
ORD-14357,CUST-4383,ST-1,,2026-02-08,active,19918
ORD-14358,CUST-2214,ST-15,CP-199,2024-12-13, Active ,18670
ORD-14359,CUST-3897,ST-19,,10/12/2025,PENDING,19822
ORD-14360,CUST-2233,ST-2,CP-94,08/21/2024,CLOSED,"$7,650.00"
ORD-14361,CUST-2208,ST-24,CP-92,2026-12-01,ACTIVE,1575
ORD-14362,CUST-2146,ST-23,CP-80,2024-11-17,active,"$5,573.00"
ORD-14363,CUST-367,ST-19,CP-143,09-11-2026,active,7097
ORD-14364,CUST-59,ST-15,,03-09-2024,ACTIVE,"6,270.00"
ORD-14365,CUST-1768,ST-20,,06/01/2024,PENDING,"11,902.00"
ORD-14366,CUST-2849,ST-23,CP-89,2025-08-26,closed,18718
ORD-14367,CUST-2066,ST-2,CP-138,08/21/2025,CLOSED,15933
ORD-14368,CUST-4898,ST-20,,2024-04-17,ACTIVE,4466
ORD-14369,CUST-1970,ST-15,,2026-10-09,closed,18481
ORD-14370,CUST-2745,ST-18,CP-122,2026-11-07,PENDING,3636
ORD-14371,CUST-1754,ST-12,CP-40,08/09/2024,PENDING,13301
ORD-14372,CUST-4530,ST-8,,2026-01-08,active,"$14,852.00"
ORD-14373,CUST-1278,ST-20,,12-09-2025,pending,18272
ORD-14374,CUST-3605,ST-23,CP-61,07/05/2025,ACTIVE,"$12,730.00"
ORD-14375,CUST-1526,ST-1,,2026-02-03,active,13182
ORD-14376,CUST-3294,ST-3,,13-04-2024,pending,7869
ORD-14377,CUST-2394,ST-4,CP-14,19-07-2026, Active ,"16,851.00"
ORD-14378,CUST-4142,ST-20,CP-64,03/27/2024,CLOSED,"$6,966.00"
ORD-14379,CUST-2585,ST-2,,23-08-2026,CLOSED,13110
ORD-14380,CUST-2947,ST-11,,07/13/2024,active,10752
ORD-14381,CUST-3042,ST-4,,2025-11-04,ACTIVE,19529
ORD-14382,CUST-124,ST-9,CP-108,2026-03-10,pending,"$9,935.00"
ORD-14383,CUST-3008,ST-23,CP-99,2025-05-07,CLOSED,3464
ORD-14384,CUST-3517,ST-5,,2026-02-09,pending,595
ORD-14385,CUST-1783,ST-5,,03/11/2025,closed,"$3,650.00"
ORD-14386,CUST-4704,ST-19,,2026-07-19,pending,"$1,919.00"
ORD-14387,CUST-2758,ST-18,,06/27/2025,closed,"$5,660.00"
ORD-14388,CUST-3713,ST-12,,2024-11-01,PENDING,"$1,496.00"
ORD-14389,CUST-2705,ST-12,,2025-02-24,PENDING,2034
ORD-14390,CUST-2561,ST-9,,06/17/2024,PENDING,"$16,818.00"
ORD-14391,CUST-3912,ST-6,,2024-10-22,pending,10435
ORD-14392,CUST-2222,ST-21,,05/15/2025,active,9677
ORD-14393,CUST-1407,ST-9,,07/08/2025,PENDING,"$15,450.00"
ORD-14394,CUST-554,ST-1,,2026-02-17, Active ,16544
ORD-14395,CUST-4310,ST-25,,19-08-2024,CLOSED,"16,246.00"
ORD-14396,CUST-1102,ST-12,,03/24/2026,PENDING,"$17,617.00"
ORD-14397,CUST-4189,ST-24,,06-09-2024, Active ,"$9,190.00"
ORD-14398,CUST-3425,ST-10,,2024-04-16,PENDING,"17,817.00"
ORD-14399,CUST-2360,ST-14,CP-89,2024-01-10,PENDING,19413
ORD-14400,CUST-4538,ST-16,CP-38,2025-03-25,CLOSED,"$13,079.00"
ORD-14401,CUST-1870,ST-18,,2026-08-07,PENDING,"$3,583.00"
ORD-14402,CUST-4578,ST-23,,2026-01-01,closed,"13,017.00"
ORD-14403,CUST-4463,ST-13,,24-01-2025, Active ,18813
ORD-14404,CUST-3629,ST-15,CP-85,03/21/2025,PENDING,8573
ORD-14405,CUST-136,ST-10,CP-26,25-08-2024,active,17503
ORD-14406,CUST-648,ST-13,CP-135,12/09/2025,ACTIVE,14941
ORD-14407,CUST-4584,ST-23,,03-05-2025,PENDING,"8,442.00"
ORD-14408,CUST-3263,ST-8,,2025-07-15,closed,6011
ORD-14409,CUST-4072,ST-3,CP-166,03/08/2025,ACTIVE,2397
ORD-14410,CUST-3668,ST-17,,2025-08-20,active,"18,179.00"
ORD-14411,CUST-841,ST-4,,2026-02-20,PENDING,3451
ORD-14412,CUST-2693,ST-22,,07/27/2026, Active ,636
ORD-14413,CUST-2180,ST-24,,15-10-2026, Active ,"15,773.00"
ORD-14414,CUST-2869,ST-4,,04/02/2024,active,17415
ORD-14415,CUST-500,ST-7,,2026-03-25, Active ,"$15,981.00"
ORD-14416,CUST-3524,ST-3,,2025-03-24,closed,"$16,561.00"
ORD-14417,CUST-2586,ST-25,,2026-03-21,CLOSED,"$9,463.00"
ORD-14418,CUST-774,ST-21,,2026-02-05,pending,"$13,757.00"
ORD-14419,CUST-1519,ST-17,,2024-12-16,CLOSED,18575
ORD-14420,CUST-4833,ST-13,,2024-09-20,closed,"$9,407.00"
ORD-14421,CUST-326,ST-10,,2026-03-01, Active ,1297
ORD-14422,CUST-1160,ST-25,CP-192,2026-05-10,PENDING,"$4,546.00"
ORD-14423,CUST-2378,ST-3,,08-06-2024,PENDING,"$1,945.00"
ORD-14424,CUST-2483,ST-20,,09/01/2025, Active ,2438
ORD-14425,CUST-2885,ST-7,,2025-04-02,PENDING,17817
ORD-14426,CUST-1620,ST-23,CP-180,16-06-2026, Active ,"$3,570.00"
ORD-14427,CUST-1656,ST-22,CP-43,08/07/2026,PENDING,"15,707.00"
ORD-14428,CUST-2614,ST-7,,2026-03-19,pending,7321
ORD-14429,CUST-3372,ST-5,,2024-09-25,closed,11514
ORD-14430,CUST-1770,ST-6,,12/18/2026,ACTIVE,"$4,775.00"
ORD-14431,CUST-1540,ST-23,CP-69,2025-04-09, Active ,"$1,521.00"
ORD-14432,CUST-470,ST-4,,2025-01-23,PENDING,4227
ORD-14433,CUST-478,ST-18,,2024-06-17,closed,"16,478.00"
ORD-14434,CUST-232,ST-17,CP-151,24-10-2025,closed,"14,539.00"
ORD-14435,CUST-1383,ST-6,,2024-05-16,ACTIVE,"3,594.00"
ORD-14436,CUST-697,ST-15,,22-08-2024,closed,11768
ORD-14437,CUST-405,ST-23,,06-01-2026,active,"$2,402.00"
ORD-14438,CUST-4991,ST-21,CP-158,10/14/2026,closed,$985.00
ORD-14439,CUST-265,ST-11,,2026-07-16,active,"$11,464.00"
ORD-14440,CUST-4550,ST-21,,2024-01-18,pending,"6,429.00"
ORD-14441,CUST-1785,ST-15,,05/13/2024,pending,"$18,338.00"
ORD-14442,CUST-4898,ST-4,,2024-06-26,closed,"3,718.00"
ORD-14443,CUST-89,ST-11,,04/01/2026, Active ,6118
ORD-14444,CUST-459,ST-6,,04/15/2026,ACTIVE,7035
ORD-14445,CUST-363,ST-20,,2026-06-26,CLOSED,"$4,258.00"
ORD-14446,CUST-1268,ST-24,CP-43,2025-08-10,PENDING,"$7,881.00"
ORD-14447,CUST-1231,ST-22,CP-175,2024-06-12,pending,19864
ORD-14448,CUST-3282,ST-1,,04/05/2026,pending,11032
ORD-14449,CUST-1733,ST-2,,2025-02-02,CLOSED,17336
ORD-14450,CUST-2840,ST-10,CP-185,2025-01-15,pending,14280
ORD-14451,CUST-4268,ST-9,CP-114,2024-06-26, Active ,12368
ORD-14452,CUST-1135,ST-23,,2026-11-08,PENDING,"$8,123.00"
ORD-14453,CUST-1169,ST-3,CP-114,09/10/2026,pending,7536
ORD-14454,CUST-3342,ST-12,,02/04/2025,active,"$12,873.00"
ORD-14455,CUST-991,ST-2,,2024-08-02,closed,4178
ORD-14456,CUST-2017,ST-25,CP-80,2024-01-15,pending,10695
ORD-14457,CUST-2620,ST-21,CP-128,2025-08-23,CLOSED,"$6,988.00"
ORD-14458,CUST-2384,ST-16,,2026-01-26,active,"19,440.00"
ORD-14459,CUST-1184,ST-15,,2024-01-04,PENDING,"18,441.00"
ORD-14460,CUST-164,ST-14,,03/03/2024,PENDING,12959
ORD-14461,CUST-1509,ST-2,,2024-10-04,PENDING,"4,890.00"
ORD-14462,CUST-1546,ST-11,CP-115,10/03/2024, Active ,"$18,977.00"
ORD-14463,CUST-3512,ST-9,,20-08-2024,CLOSED,"13,711.00"
ORD-14464,CUST-4281,ST-20,CP-121,2025-04-01,CLOSED,"$1,900.00"
ORD-14465,CUST-850,ST-24,,11/16/2026,PENDING,"$16,624.00"
ORD-14466,CUST-2552,ST-12,,2026-03-23, Active ,"7,582.00"
ORD-14467,CUST-2767,ST-21,,2025-09-12,active,4426
ORD-14468,CUST-4011,ST-6,CP-129,12/10/2025,PENDING,"18,636.00"
ORD-14469,CUST-2143,ST-16,CP-59,06/17/2026,CLOSED,"3,098.00"
ORD-14470,CUST-4327,ST-6,CP-2,2026-05-11,PENDING,"18,780.00"
ORD-14471,CUST-31,ST-23,,2024-07-14, Active ,"$6,323.00"
ORD-14472,CUST-1465,ST-10,,02-11-2025,pending,16553
ORD-14473,CUST-4367,ST-4,CP-52,20-06-2026,ACTIVE,"$11,767.00"
ORD-14474,CUST-2398,ST-20,,01-02-2024, Active ,9901
ORD-14475,CUST-1495,ST-4,,07/12/2024,ACTIVE,"6,573.00"
ORD-14476,CUST-187,ST-10,,2026-11-04,PENDING,1425
ORD-14477,CUST-1175,ST-3,CP-109,04/18/2025,ACTIVE,"16,806.00"
ORD-14478,CUST-264,ST-6,,12-03-2026, Active ,7649
ORD-14479,CUST-1701,ST-6,,2025-10-23,pending,"$16,120.00"
ORD-14480,CUST-2239,ST-24,,2025-08-21,closed,"18,304.00"
ORD-14481,CUST-561,ST-25,,04-06-2024, Active ,"11,319.00"
ORD-14482,CUST-3401,ST-25,,16-01-2026,pending,"$10,937.00"
ORD-14483,CUST-2571,ST-9,,2024-06-03,PENDING,9616
ORD-14484,CUST-1228,ST-19,CP-49,2024-11-10, Active ,11029
ORD-14485,CUST-4985,ST-21,,02/13/2024,pending,"3,784.00"
ORD-14486,CUST-4228,ST-6,,26-11-2024,closed,"13,314.00"
ORD-14487,CUST-2987,ST-16,,04/14/2025,pending,"$18,360.00"
ORD-14488,CUST-3145,ST-24,,2026-09-23,PENDING,7107
ORD-14489,CUST-974,ST-7,CP-194,05-11-2026,active,"11,659.00"
ORD-14490,CUST-3692,ST-20,CP-186,10-08-2025,CLOSED,"19,376.00"
ORD-14491,CUST-2005,ST-16,,08/13/2024, Active ,1738
ORD-14492,CUST-1882,ST-16,CP-191,2024-04-02,ACTIVE,13309
ORD-14493,CUST-27,ST-1,CP-83,04/01/2025,closed,3498
ORD-14494,CUST-1542,ST-5,,23-04-2024,PENDING,"$16,278.00"
ORD-14495,CUST-4172,ST-24,,2026-02-07,closed,11363
ORD-14496,CUST-4747,ST-19,,12-01-2025,CLOSED,"$8,615.00"
ORD-14497,CUST-1886,ST-12,,2026-10-23,active,7184
ORD-14498,CUST-4527,ST-6,,10/04/2025,PENDING,"$6,993.00"
ORD-14499,CUST-4009,ST-3,,2026-03-09,pending,"8,088.00"
ORD-14500,CUST-3941,ST-25,,12-10-2025,CLOSED,18431
ORD-14501,CUST-4363,ST-4,,23-08-2024,ACTIVE,"7,230.00"
ORD-14502,CUST-3213,ST-18,,2024-04-15,closed,"$7,005.00"
ORD-14503,CUST-2970,ST-5,,2026-01-25, Active ,15058
ORD-14504,CUST-949,ST-1,,08/06/2025,pending,14159
ORD-14505,CUST-1115,ST-2,CP-160,2024-12-11,PENDING,"$9,237.00"
ORD-14506,CUST-3773,ST-20,,2024-11-12,closed,"$8,779.00"
ORD-14507,CUST-2700,ST-5,,2026-03-19,CLOSED,"5,545.00"
ORD-14508,CUST-2605,ST-15,CP-163,2025-08-16,CLOSED,"$7,847.00"
ORD-14509,CUST-295,ST-17,,09/24/2026,ACTIVE,11660
ORD-14510,CUST-4620,ST-23,CP-144,2026-10-01,ACTIVE,11548
ORD-14511,CUST-4794,ST-6,CP-121,06/02/2024,active,"$8,759.00"
ORD-14512,CUST-4535,ST-14,,2025-01-20,PENDING,"$19,612.00"
ORD-14513,CUST-1008,ST-25,,13-03-2024,ACTIVE,17192
ORD-14514,CUST-2057,ST-20,,20-01-2026,PENDING,14153
ORD-14515,CUST-930,ST-14,,2025-10-19,PENDING,"2,910.00"
ORD-14516,CUST-1501,ST-2,CP-66,24-02-2024,CLOSED,"3,388.00"
ORD-14517,CUST-1627,ST-22,CP-160,11/16/2025, Active ,"$16,111.00"
ORD-14518,CUST-870,ST-24,,07-07-2024,CLOSED,"3,017.00"
ORD-14519,CUST-3506,ST-6,,2024-12-27, Active ,14133
ORD-14520,CUST-2765,ST-7,,11/24/2025,pending,"12,764.00"
ORD-14521,CUST-3956,ST-20,,2026-06-19,ACTIVE,"$13,563.00"
ORD-14522,CUST-4965,ST-15,,06/02/2024,CLOSED,2189
ORD-14523,CUST-2300,ST-21,CP-61,2025-08-01,ACTIVE,"$13,682.00"
ORD-14524,CUST-2896,ST-11,,01/18/2024,CLOSED,19526
ORD-14525,CUST-2220,ST-23,,2025-01-22,closed,16107
ORD-14526,CUST-334,ST-9,,2025-03-05,CLOSED,16146
ORD-14527,CUST-3680,ST-11,,12-06-2026,pending,"$16,074.00"
ORD-14528,CUST-3283,ST-10,,2026-11-06,PENDING,1110
ORD-14529,CUST-4818,ST-7,CP-142,2025-09-04,closed,16824
ORD-14530,CUST-3145,ST-15,CP-139,2024-06-20,CLOSED,12842
ORD-14531,CUST-2333,ST-6,,18-09-2025,CLOSED,"$17,849.00"
ORD-14532,CUST-3940,ST-19,,21-06-2025, Active ,2265
ORD-14533,CUST-17,ST-10,,05/08/2024,CLOSED,7575
ORD-14534,CUST-1637,ST-2,,2024-04-18,CLOSED,"$9,675.00"
ORD-14535,CUST-4815,ST-13,,2024-04-08,CLOSED,"9,208.00"
ORD-14536,CUST-3057,ST-17,CP-184,2025-04-04,ACTIVE,"2,861.00"
ORD-14537,CUST-505,ST-2,CP-100,2024-04-22, Active ,"4,053.00"
ORD-14538,CUST-3435,ST-10,,2024-06-02,CLOSED,"$9,084.00"
ORD-14539,CUST-3888,ST-8,,06/03/2025,closed,13870
ORD-14540,CUST-2479,ST-5,CP-173,02/19/2026, Active ,990.00
ORD-14541,CUST-2130,ST-14,,2024-09-09, Active ,"18,781.00"
ORD-14542,CUST-2262,ST-14,,10/10/2026,closed,"$11,289.00"
ORD-14543,CUST-4443,ST-20,CP-126,25-09-2025, Active ,"2,562.00"
ORD-14544,CUST-4487,ST-15,,2026-01-11,closed,"$2,912.00"
ORD-14545,CUST-4241,ST-19,,2026-12-10,active,"17,996.00"
ORD-14546,CUST-4952,ST-4,,02/01/2025, Active ,11066
ORD-14547,CUST-3037,ST-6,CP-157,06/25/2025, Active ,4152
ORD-14548,CUST-403,ST-19,,02/23/2025,CLOSED,"$2,608.00"
ORD-14549,CUST-3257,ST-16,,09/17/2025,CLOSED,14184
ORD-14550,CUST-1263,ST-24,,2026-06-16,pending,"$11,625.00"
ORD-14551,CUST-2381,ST-24,CP-129,04-05-2024,CLOSED,"5,902.00"
ORD-14552,CUST-371,ST-9,CP-141,07-12-2026,active,"17,584.00"
ORD-14553,CUST-858,ST-4,,19-09-2024,pending,"15,900.00"
ORD-14554,CUST-4516,ST-17,,2026-11-23,active,10017
ORD-14555,CUST-1965,ST-24,CP-187,16-01-2024, Active ,"$10,876.00"
ORD-14556,CUST-148,ST-3,,2024-07-14,PENDING,8811
ORD-14557,CUST-4615,ST-21,,07/20/2024,CLOSED,"$12,762.00"
ORD-14558,CUST-4452,ST-10,,2024-12-22,PENDING,9067
ORD-14559,CUST-2851,ST-1,,2026-08-14,PENDING,4206
ORD-14560,CUST-4230,ST-14,,2025-11-27,active,13732
ORD-14561,CUST-1073,ST-14,CP-92,2026-10-07,PENDING,14380
ORD-14562,CUST-1942,ST-2,CP-169,2026-10-01,active,18447
ORD-14563,CUST-699,ST-3,,20-08-2024, Active ,18947
ORD-14564,CUST-4191,ST-2,CP-49,2026-03-11,closed,4965
ORD-14565,CUST-4485,ST-11,,2025-03-16,CLOSED,14268
ORD-14566,CUST-4558,ST-7,,05/22/2025,PENDING,19029
ORD-14567,CUST-905,ST-1,CP-75,19-07-2024, Active ,"$5,072.00"
ORD-14568,CUST-3687,ST-6,,2026-11-05,active,"$4,476.00"
ORD-14569,CUST-1007,ST-6,,18-02-2026,pending,"8,053.00"
ORD-14570,CUST-3099,ST-7,,2026-06-27,PENDING,"$16,502.00"
ORD-14571,CUST-4322,ST-9,CP-44,13-12-2025,active,"7,121.00"
ORD-14572,CUST-4982,ST-18,CP-23,05/10/2024,CLOSED,"$3,262.00"
ORD-14573,CUST-2140,ST-3,,2026-03-26,pending,204
ORD-14574,CUST-2911,ST-23,,09/03/2026,PENDING,1760
ORD-14575,CUST-2553,ST-10,,2025-09-18,active,4969
ORD-14576,CUST-1522,ST-2,,2024-11-22,active,1803
ORD-14577,CUST-4493,ST-10,CP-22,08/26/2025,ACTIVE,"7,594.00"
ORD-14578,CUST-1626,ST-5,CP-9,24-12-2024,PENDING,614.00
ORD-14579,CUST-4078,ST-7,,03/09/2024,CLOSED,"$15,819.00"
ORD-14580,CUST-3507,ST-4,,2025-02-20, Active ,"4,933.00"
ORD-14581,CUST-3052,ST-22,,2026-03-06, Active ,"$17,029.00"
ORD-14582,CUST-966,ST-12,,2026-02-06,CLOSED,4604
ORD-14583,CUST-1511,ST-4,CP-114,23-09-2026,PENDING,$990.00
ORD-14584,CUST-4502,ST-16,CP-194,2024-02-14,CLOSED,"$17,411.00"
ORD-14585,CUST-2951,ST-19,,07/24/2025,pending,18746
ORD-14586,CUST-3990,ST-8,,25-03-2024,CLOSED,"19,169.00"
ORD-14587,CUST-4763,ST-18,,2025-09-08,CLOSED,"13,076.00"
ORD-14588,CUST-124,ST-14,,2025-07-24, Active ,12900
ORD-14589,CUST-1921,ST-10,CP-122,10-04-2025, Active ,19056
ORD-14590,CUST-4173,ST-17,CP-90,25-03-2026,PENDING,"$14,625.00"
ORD-14591,CUST-938,ST-6,,03/27/2026,closed,"$13,860.00"
ORD-14592,CUST-2343,ST-4,CP-163,2026-01-11,ACTIVE,"$17,805.00"
ORD-14593,CUST-3782,ST-13,,2025-02-16,CLOSED,12702
ORD-14594,CUST-1754,ST-10,,19-07-2025,closed,15319
ORD-14595,CUST-2588,ST-19,,2026-11-02,ACTIVE,"11,708.00"
ORD-14596,CUST-4667,ST-9,,02-04-2025,closed,19082
ORD-14597,CUST-4886,ST-21,CP-68,03/07/2025,CLOSED,"5,653.00"
ORD-14598,CUST-3247,ST-20,,2025-01-03,active,15331
ORD-14599,CUST-1675,ST-21,,02/25/2024,ACTIVE,14117
ORD-14600,CUST-600,ST-11,CP-14,05/24/2026, Active ,"8,591.00"
ORD-14601,CUST-4881,ST-7,CP-134,05/24/2024,ACTIVE,"$13,300.00"
ORD-14602,CUST-3441,ST-10,CP-56,03/05/2024,ACTIVE,"3,509.00"
ORD-14603,CUST-2778,ST-19,,08/20/2025,ACTIVE,4043
ORD-14604,CUST-4223,ST-10,CP-17,2024-05-01, Active ,"1,417.00"
ORD-14605,CUST-4547,ST-10,CP-137,16-03-2026,PENDING,19424
ORD-14606,CUST-2948,ST-9,,2026-01-15, Active ,602
ORD-14607,CUST-2367,ST-17,,07/04/2024,active,"$9,803.00"
ORD-14608,CUST-2187,ST-12,,2024-09-26,active,6926
ORD-14609,CUST-2894,ST-13,,2024-10-15, Active ,"$19,950.00"
ORD-14610,CUST-4444,ST-18,CP-149,2026-08-09,active,"$7,555.00"
ORD-14611,CUST-896,ST-7,,03-07-2024,closed,17072
ORD-14612,CUST-3826,ST-17,,2026-03-08,PENDING,14792
ORD-14613,CUST-501,ST-2,,2024-07-11, Active ,"$2,001.00"
ORD-14614,CUST-3434,ST-1,CP-137,2025-09-08,pending,"2,799.00"
ORD-14615,CUST-87,ST-5,CP-110,04/17/2026, Active ,"11,391.00"
ORD-14616,CUST-1159,ST-6,,12/21/2026,CLOSED,"$9,177.00"
ORD-14617,CUST-2174,ST-8,,2026-12-01,active,6667
ORD-14618,CUST-1524,ST-24,CP-120,2024-03-23,pending,8666
ORD-14619,CUST-4028,ST-18,CP-77,2026-05-06,CLOSED,"$15,339.00"
ORD-14620,CUST-4793,ST-25,CP-132,12/28/2026,closed,11644
ORD-14621,CUST-2987,ST-13,CP-146,2024-08-22,closed,"6,232.00"
ORD-14622,CUST-2828,ST-4,,05/26/2026, Active ,9309
ORD-14623,CUST-1093,ST-18,CP-132,2026-09-25,PENDING,10080
ORD-14624,CUST-490,ST-22,CP-197,2024-11-18,closed,14160
ORD-14625,CUST-769,ST-17,CP-90,27-06-2026,pending,5363
ORD-14626,CUST-1781,ST-16,,17-07-2026,closed,15790
ORD-14627,CUST-3909,ST-15,,2026-01-11,active,18568
ORD-14628,CUST-4734,ST-13,,11/02/2024,closed,"16,161.00"
ORD-14629,CUST-250,ST-7,,04/26/2024,closed,"$9,986.00"
ORD-14630,CUST-63,ST-9,,04-07-2026,pending,6398
ORD-14631,CUST-38,ST-2,,2026-10-04,ACTIVE,5983
ORD-14632,CUST-1598,ST-9,,2026-10-28,PENDING,4308
ORD-14633,CUST-1205,ST-20,,06/05/2025, Active ,9842
ORD-14634,CUST-4476,ST-25,,25-04-2025,CLOSED,15967
ORD-14635,CUST-4253,ST-15,,2026-07-12,active,15972
ORD-14636,CUST-551,ST-21,,01/18/2025,active,"4,647.00"
ORD-14637,CUST-2402,ST-8,,12/28/2026,pending,"$4,884.00"
ORD-14638,CUST-4651,ST-14,CP-102,2024-11-01,ACTIVE,"$10,802.00"
ORD-14639,CUST-3061,ST-24,,07/12/2025,ACTIVE,"16,235.00"
ORD-14640,CUST-430,ST-14,CP-38,09-12-2026,closed,"10,160.00"
ORD-14641,CUST-4900,ST-20,,03/16/2026,active,"$3,294.00"
ORD-14642,CUST-740,ST-12,,09-10-2024,CLOSED,13028
ORD-14643,CUST-3139,ST-17,,05/13/2026, Active ,"$12,460.00"
ORD-14644,CUST-965,ST-3,,2024-11-13,closed,6526
ORD-14645,CUST-1382,ST-7,,2026-07-01,ACTIVE,"1,353.00"
ORD-14646,CUST-2539,ST-20,,2026-08-19,CLOSED,7363
ORD-14647,CUST-210,ST-21,,2025-04-25,PENDING,"$12,548.00"
ORD-14648,CUST-4445,ST-23,,03/15/2026, Active ,8964
ORD-14649,CUST-3712,ST-23,,2024-08-04, Active ,16420
ORD-14650,CUST-1512,ST-5,,01-06-2026,ACTIVE,19549
ORD-14651,CUST-4793,ST-13,,2026-10-09,closed,"12,905.00"
ORD-14652,CUST-3341,ST-13,,2025-04-11,active,7109
ORD-14653,CUST-1019,ST-13,,05/28/2026,PENDING,12524
ORD-14654,CUST-2845,ST-21,,2026-07-22, Active ,"$9,341.00"
ORD-14655,CUST-4268,ST-19,,2024-07-05,ACTIVE,"9,198.00"
ORD-14656,CUST-942,ST-21,,2025-08-27,ACTIVE,"4,989.00"
ORD-14657,CUST-2574,ST-19,,10/27/2026,closed,1202
ORD-14658,CUST-1366,ST-3,,06/09/2026,PENDING,12026
ORD-14659,CUST-1301,ST-23,CP-168,07/15/2026,closed,7278
ORD-14660,CUST-884,ST-22,CP-131,2026-10-20, Active ,1679
ORD-14661,CUST-2512,ST-19,CP-105,05/05/2025, Active ,14048
ORD-14662,CUST-2498,ST-14,,07/04/2025,closed,15329
ORD-14663,CUST-1485,ST-13,,09/05/2026,closed,"$10,040.00"
ORD-14664,CUST-3931,ST-7,,09-09-2026,CLOSED,964
ORD-14665,CUST-1219,ST-15,,06/04/2026,active,"$4,414.00"
ORD-14666,CUST-138,ST-12,CP-181,2026-09-04,pending,18662
ORD-14667,CUST-4096,ST-1,CP-60,2025-01-14, Active ,11107
ORD-14668,CUST-4400,ST-17,CP-22,26-11-2026,CLOSED,12705
ORD-14669,CUST-495,ST-6,,03/10/2024,ACTIVE,"10,433.00"
ORD-14670,CUST-3742,ST-25,,2025-02-20,pending,3058
ORD-14671,CUST-3353,ST-23,,05/13/2026, Active ,"11,713.00"
ORD-14672,CUST-3567,ST-21,CP-189,2024-07-05,closed,"$18,805.00"
ORD-14673,CUST-3852,ST-10,,11/22/2026,pending,19620
ORD-14674,CUST-4432,ST-14,,2026-10-28,CLOSED,17945
ORD-14675,CUST-4063,ST-13,CP-107,2026-07-15,active,"$15,935.00"
ORD-14676,CUST-474,ST-21,CP-82,04/13/2026,closed,1205
ORD-14677,CUST-834,ST-20,,2024-02-09,closed,14851
ORD-14678,CUST-4146,ST-8,,02/17/2025,ACTIVE,8609
ORD-14679,CUST-1828,ST-10,,2026-09-16,active,1745
ORD-14680,CUST-1756,ST-3,CP-34,07/19/2024,pending,9065
ORD-14681,CUST-3622,ST-22,CP-38,27-04-2026,ACTIVE,10528
ORD-14682,CUST-4668,ST-24,,2026-04-08,closed,2172
ORD-14683,CUST-209,ST-23,,2026-05-04, Active ,967
ORD-14684,CUST-641,ST-7,CP-40,2024-11-20, Active ,"$11,778.00"
ORD-14685,CUST-2151,ST-7,CP-6,11/09/2026,CLOSED,8596
ORD-14686,CUST-4821,ST-10,,2026-05-11,CLOSED,516.00
ORD-14687,CUST-4564,ST-2,,2025-03-05,ACTIVE,10096
ORD-14688,CUST-3980,ST-19,CP-184,03/15/2026,CLOSED,"$19,467.00"
ORD-14689,CUST-1965,ST-18,,2026-06-20,PENDING,9333
ORD-14690,CUST-1045,ST-5,,08/10/2026,PENDING,9385
ORD-14691,CUST-3047,ST-21,,09/04/2024, Active ,"$6,092.00"
ORD-14692,CUST-2966,ST-14,,18-09-2026, Active ,"5,071.00"
ORD-14693,CUST-3293,ST-19,,2025-10-22,closed,10186
ORD-14694,CUST-1892,ST-20,,2024-12-10,CLOSED,"9,310.00"
ORD-14695,CUST-241,ST-24,,2024-12-15,ACTIVE,"12,110.00"
ORD-14696,CUST-4904,ST-5,,2025-12-19, Active ,"$15,997.00"
ORD-14697,CUST-4539,ST-9,CP-99,05/03/2026,active,$173.00
ORD-14698,CUST-3179,ST-24,,27-01-2024,closed,"$1,159.00"
ORD-14699,CUST-4599,ST-23,,2026-09-21,PENDING,"6,486.00"
ORD-14700,CUST-2004,ST-7,CP-55,09/07/2026,closed,"$7,640.00"
ORD-14701,CUST-2419,ST-1,,2024-07-23,PENDING,6244
ORD-14702,CUST-3001,ST-12,,26-05-2026,pending,"18,249.00"
ORD-14703,CUST-4571,ST-8,,2026-08-01,ACTIVE,"8,890.00"
ORD-14704,CUST-2616,ST-15,,12/21/2026,pending,19801
ORD-14705,CUST-3418,ST-21,,2024-05-08,closed,2817
ORD-14706,CUST-4444,ST-5,,2025-08-24,active,8990
ORD-14707,CUST-1091,ST-20,,02/12/2025,CLOSED,1654
ORD-14708,CUST-1575,ST-14,CP-145,2024-04-20,CLOSED,"$7,897.00"
ORD-14709,CUST-3180,ST-20,CP-167,2025-12-05,active,9370
ORD-14710,CUST-4884,ST-8,,2024-03-01,active,859
ORD-14711,CUST-3871,ST-16,CP-41,07/18/2026,CLOSED,"$17,257.00"
ORD-14712,CUST-305,ST-24,,02/14/2025, Active ,"19,652.00"
ORD-14713,CUST-37,ST-8,,25-09-2026,closed,"$17,405.00"
ORD-14714,CUST-955,ST-20,,2024-02-06, Active ,"$2,705.00"
ORD-14715,CUST-4248,ST-25,CP-94,11/10/2025,active,"$7,873.00"
ORD-14716,CUST-4833,ST-17,,01-10-2026,CLOSED,"$4,723.00"
ORD-14717,CUST-1995,ST-4,CP-183,2025-08-18,closed,3235
ORD-14718,CUST-4155,ST-25,,10/04/2024,pending,16908
ORD-14719,CUST-1958,ST-7,,2024-04-08,PENDING,"12,095.00"
ORD-14720,CUST-2326,ST-15,,2024-05-05,CLOSED,8338
ORD-14721,CUST-2758,ST-4,,03-09-2025,closed,665
ORD-14722,CUST-1028,ST-25,,04-11-2024,CLOSED,4588
ORD-14723,CUST-4561,ST-4,,2025-09-11,closed,$223.00
ORD-14724,CUST-235,ST-23,,05/13/2025,CLOSED,19473
ORD-14725,CUST-2246,ST-21,CP-101,06/16/2024,pending,"$9,187.00"
ORD-14726,CUST-1323,ST-1,,2025-09-21,PENDING,6806
ORD-14727,CUST-4235,ST-11,,05/28/2024,closed,"1,257.00"
ORD-14728,CUST-2289,ST-16,,2024-07-08,closed,888
ORD-14729,CUST-3279,ST-7,,2026-08-04,active,6099
ORD-14730,CUST-57,ST-6,CP-135,05/25/2025,PENDING,10167
ORD-14731,CUST-4238,ST-5,,2026-02-07,active,"$12,710.00"
ORD-14732,CUST-2981,ST-2,,16-12-2024,active,"$14,795.00"
ORD-14733,CUST-1879,ST-22,,2024-06-09,ACTIVE,"4,004.00"
ORD-14734,CUST-4101,ST-25,,06/05/2026,CLOSED,7436
ORD-14735,CUST-1148,ST-15,,2026-12-16, Active ,"$16,554.00"
ORD-14736,CUST-2357,ST-23,,10-07-2025,PENDING,13143
ORD-14737,CUST-500,ST-11,CP-125,25-08-2025,ACTIVE,10933
ORD-14738,CUST-4379,ST-20,,2024-04-22,closed,"$15,165.00"
ORD-14739,CUST-3554,ST-25,,2025-12-01,pending,14472
ORD-14740,CUST-4073,ST-11,,2024-12-21,closed,358
ORD-14741,CUST-3407,ST-1,,2026-01-11,closed,19843
ORD-14742,CUST-1263,ST-8,CP-124,03/11/2025,active,"1,167.00"
ORD-14743,CUST-106,ST-14,,2026-11-12, Active ,8702
ORD-14744,CUST-1516,ST-16,,19-12-2025,ACTIVE,"$13,172.00"
ORD-14745,CUST-3509,ST-5,,2025-09-09,active,15323
ORD-14746,CUST-3226,ST-21,CP-110,08/06/2025,closed,6988
ORD-14747,CUST-4433,ST-17,,09/01/2024,active,"$9,640.00"
ORD-14748,CUST-2215,ST-19,,07/14/2026,closed,"$17,074.00"
ORD-14749,CUST-1724,ST-10,,2025-12-27,closed,"$2,152.00"
ORD-14750,CUST-3135,ST-8,,2025-05-09,ACTIVE,5845
ORD-14751,CUST-2115,ST-16,CP-160,22-01-2026,pending,1970
ORD-14752,CUST-4922,ST-8,,2026-05-18,ACTIVE,"9,811.00"
ORD-14753,CUST-3092,ST-15,,2026-07-26,closed,1239
ORD-14754,CUST-1238,ST-11,CP-48,2025-05-12,active,14590
ORD-14755,CUST-819,ST-2,,11/08/2025,closed,17895
ORD-14756,CUST-3930,ST-16,,02/28/2024, Active ,"$2,186.00"
ORD-14757,CUST-2417,ST-18,,10/18/2024,pending,"$10,107.00"
ORD-14758,CUST-3366,ST-2,,2025-09-13,ACTIVE,"7,107.00"
ORD-14759,CUST-3582,ST-20,,2024-05-11, Active ,"$6,280.00"
ORD-14760,CUST-3451,ST-8,,2024-12-27,CLOSED,"$19,773.00"
ORD-14761,CUST-3045,ST-21,,05/28/2024,active,12475
ORD-14762,CUST-3586,ST-4,,06/17/2026,active,5697
ORD-14763,CUST-3918,ST-15,,06/06/2026,ACTIVE,14618
ORD-14764,CUST-856,ST-25,CP-24,2024-04-07,PENDING,"$6,680.00"
ORD-14765,CUST-3009,ST-11,CP-35,2025-01-07,ACTIVE,"2,493.00"
ORD-14766,CUST-4900,ST-1,CP-197,07/04/2026, Active ,"$18,616.00"
ORD-14767,CUST-4487,ST-25,CP-141,2025-04-12,ACTIVE,512
ORD-14768,CUST-2708,ST-8,CP-187,2024-04-18, Active ,"$12,306.00"
ORD-14769,CUST-4364,ST-10,,2026-04-14,ACTIVE,16189
ORD-14770,CUST-4881,ST-16,CP-2,2026-01-07,active,"14,039.00"
ORD-14771,CUST-4535,ST-3,CP-52,02-09-2025,active,7309
ORD-14772,CUST-695,ST-18,,2026-12-05, Active ,14392
ORD-14773,CUST-3868,ST-17,,2026-08-23,ACTIVE,$891.00
ORD-14774,CUST-2535,ST-24,,2026-09-05,CLOSED,"16,623.00"
ORD-14775,CUST-1525,ST-17,,2025-07-17,pending,16449
ORD-14776,CUST-1110,ST-15,,2024-11-10,closed,6163
ORD-14777,CUST-976,ST-18,,11/02/2024,CLOSED,"15,694.00"
ORD-14778,CUST-3666,ST-18,,09/08/2024,CLOSED,5963
ORD-14779,CUST-714,ST-2,,18-03-2025,closed,"$8,424.00"
ORD-14780,CUST-4996,ST-19,CP-167,2024-03-12,PENDING,3715
ORD-14781,CUST-1681,ST-20,,2024-06-16,PENDING,"$12,453.00"
ORD-14782,CUST-4160,ST-11,,2025-05-02,PENDING,$478.00
ORD-14783,CUST-3733,ST-4,,10/27/2026,pending,"$8,885.00"
ORD-14784,CUST-2088,ST-9,,2024-05-19,CLOSED,"$11,070.00"
ORD-14785,CUST-4574,ST-7,CP-195,05/14/2026,closed,"13,479.00"
ORD-14786,CUST-3775,ST-15,,02/17/2025,CLOSED,16958
ORD-14787,CUST-2787,ST-8,,2026-06-19,PENDING,"$6,155.00"
ORD-14788,CUST-3784,ST-17,,21-09-2024,PENDING,10644
ORD-14789,CUST-378,ST-14,,11/02/2026,pending,"$4,713.00"
ORD-14790,CUST-1,ST-5,,2026-05-05,closed,$61.00
ORD-14791,CUST-2459,ST-8,,2025-11-02,pending,"$19,812.00"
ORD-14792,CUST-1234,ST-4,,2026-12-02,PENDING,18934
ORD-14793,CUST-2552,ST-17,CP-25,25-03-2026,closed,"15,648.00"
ORD-14794,CUST-2205,ST-12,,09/26/2025, Active ,"11,872.00"
ORD-14795,CUST-3770,ST-18,,2025-08-15,closed,13503
ORD-14796,CUST-1291,ST-21,,18-10-2024,active,1224
ORD-14797,CUST-1375,ST-2,,2026-12-07,CLOSED,19179
ORD-14798,CUST-2586,ST-17,CP-98,2026-11-08,ACTIVE,"$5,977.00"
ORD-14799,CUST-1085,ST-21,CP-29,2025-08-17,PENDING,"$9,076.00"
ORD-14800,CUST-2992,ST-13,,09/24/2026,closed,"7,012.00"
ORD-14801,CUST-4614,ST-22,,15-01-2025,active,1755
ORD-14802,CUST-2444,ST-14,CP-56,2026-05-10,PENDING,18775
ORD-14803,CUST-1423,ST-4,,10/27/2025,pending,8000
ORD-14804,CUST-170,ST-9,,2026-08-28,CLOSED,"13,273.00"
ORD-14805,CUST-3732,ST-16,,2026-03-16,PENDING,13078
ORD-14806,CUST-3461,ST-13,CP-86,20-07-2024,closed,4122
ORD-14807,CUST-712,ST-1,CP-131,06-11-2025, Active ,"$18,881.00"
ORD-14808,CUST-518,ST-4,,2024-07-16,PENDING,"9,306.00"
ORD-14809,CUST-3709,ST-23,CP-96,2024-11-14,CLOSED,"15,075.00"
ORD-14810,CUST-135,ST-14,CP-63,2024-04-14,pending,19204
ORD-14811,CUST-4208,ST-12,CP-77,2025-05-20,CLOSED,"$2,292.00"
ORD-14812,CUST-1659,ST-1,,2026-02-14,closed,11196
ORD-14813,CUST-4665,ST-22,CP-196,2025-07-19,closed,"6,925.00"
ORD-14814,CUST-1291,ST-12,,07/20/2026,closed,1972
ORD-14815,CUST-970,ST-5,,09/22/2025,closed,13069
ORD-14816,CUST-3091,ST-13,CP-49,2025-04-13,CLOSED,"$9,556.00"
ORD-14817,CUST-3846,ST-5,CP-187,2026-04-07,closed,"$3,128.00"
ORD-14818,CUST-4638,ST-11,,2025-03-24, Active ,13130
ORD-14819,CUST-740,ST-21,,2024-02-11,closed,"$16,356.00"
ORD-14820,CUST-2388,ST-21,,12/07/2024, Active ,2211
ORD-14821,CUST-958,ST-14,,2024-05-20,active,19031
ORD-14822,CUST-3085,ST-11,,06/16/2024,PENDING,17644
ORD-14823,CUST-4122,ST-2,,2026-10-10,PENDING,2950
ORD-14824,CUST-615,ST-20,,04/01/2025,active,19083
ORD-14825,CUST-3678,ST-2,CP-189,02/06/2025, Active ,"$19,114.00"
ORD-14826,CUST-1618,ST-24,,07/08/2026, Active ,"8,503.00"
ORD-14827,CUST-405,ST-16,,2026-07-17,active,"4,653.00"
ORD-14828,CUST-874,ST-14,,2026-05-14,closed,3485
ORD-14829,CUST-4617,ST-19,CP-189,10-02-2026,pending,11058
ORD-14830,CUST-3112,ST-16,,2025-11-01,active,"$16,475.00"
ORD-14831,CUST-3451,ST-3,,15-04-2026, Active ,"8,746.00"
ORD-14832,CUST-3233,ST-13,,2026-06-23,PENDING,17826
ORD-14833,CUST-1672,ST-4,,2025-06-05,PENDING,1671
ORD-14834,CUST-3673,ST-15,,08/22/2024,closed,13641
ORD-14835,CUST-3696,ST-21,,02/28/2024,PENDING,"$8,554.00"
ORD-14836,CUST-1521,ST-20,,2026-11-26, Active ,17847
ORD-14837,CUST-2780,ST-11,,2025-04-15, Active ,4368
ORD-14838,CUST-1266,ST-4,,10-01-2025,active,"12,829.00"
ORD-14839,CUST-148,ST-15,,12-08-2025,closed,"8,670.00"
ORD-14840,CUST-628,ST-6,CP-156,28-05-2025, Active ,8876
ORD-14841,CUST-3745,ST-7,CP-156,2024-10-10,closed,"8,823.00"
ORD-14842,CUST-835,ST-19,,03-05-2024, Active ,"9,755.00"
ORD-14843,CUST-3154,ST-12,,13-08-2024,CLOSED,"13,213.00"
ORD-14844,CUST-147,ST-9,,08/15/2026,active,2214
ORD-14845,CUST-1097,ST-11,,2026-09-13,active,6178
ORD-14846,CUST-609,ST-20,,2026-03-02,PENDING,17416
ORD-14847,CUST-1794,ST-3,,11/05/2024,active,"$15,311.00"
ORD-14848,CUST-256,ST-24,,01/03/2024,PENDING,1152
ORD-14849,CUST-326,ST-2,CP-188,26-06-2025,CLOSED,"$9,975.00"
ORD-14850,CUST-4208,ST-14,,2026-02-10,CLOSED,9103
ORD-14851,CUST-2068,ST-13,,2026-05-13,active,11034
ORD-14852,CUST-855,ST-4,CP-180,2024-05-16,PENDING,"$6,226.00"
ORD-14853,CUST-760,ST-14,,2024-01-19,CLOSED,"8,252.00"
ORD-14854,CUST-3952,ST-15,CP-78,2024-12-07, Active ,3584
ORD-14855,CUST-6,ST-1,,06/11/2024, Active ,"$4,747.00"
ORD-14856,CUST-1012,ST-7,,13-02-2026,closed,"$18,919.00"
ORD-14857,CUST-3234,ST-24,,2025-04-14, Active ,3052
ORD-14858,CUST-742,ST-18,,2025-06-18,active,8030
ORD-14859,CUST-4538,ST-10,CP-148,2026-01-22,closed,"$11,204.00"
ORD-14860,CUST-3725,ST-18,,05-10-2026,active,17941
ORD-14861,CUST-1112,ST-10,,2024-02-01,PENDING,"18,508.00"
ORD-14862,CUST-212,ST-1,,2025-11-17,CLOSED,"$8,154.00"
ORD-14863,CUST-912,ST-6,,03/28/2026,CLOSED,"$7,388.00"
ORD-14864,CUST-1559,ST-15,CP-188,2025-10-22,pending,6026
ORD-14865,CUST-4012,ST-13,,2025-12-06, Active ,13121
ORD-14866,CUST-871,ST-23,,2025-07-09,PENDING,"9,149.00"
ORD-14867,CUST-3997,ST-1,,2024-02-10,active,13905
ORD-14868,CUST-1294,ST-22,,11/11/2026,active,"13,798.00"
ORD-14869,CUST-4292,ST-21,,2025-08-12,PENDING,19214
ORD-14870,CUST-678,ST-5,CP-91,08/26/2026,active,13373
ORD-14871,CUST-473,ST-5,,09/01/2025,CLOSED,2438
ORD-14872,CUST-1769,ST-8,,19-08-2025,CLOSED,14349
ORD-14873,CUST-3790,ST-2,,04/26/2026,active,9885
ORD-14874,CUST-1051,ST-9,,2026-09-24,CLOSED,1939
ORD-14875,CUST-4921,ST-16,,2026-11-26,closed,4965
ORD-14876,CUST-2409,ST-24,,2026-04-09,pending,"$10,938.00"
ORD-14877,CUST-4499,ST-14,CP-73,01-05-2026,ACTIVE,4254
ORD-14878,CUST-227,ST-11,CP-168,07/08/2025,ACTIVE,16691
ORD-14879,CUST-2925,ST-2,CP-51,2026-02-17, Active ,1871
ORD-14880,CUST-4706,ST-9,CP-175,2025-01-13, Active ,"$9,822.00"
ORD-14881,CUST-3520,ST-6,CP-66,16-12-2024, Active ,9907
ORD-14882,CUST-3424,ST-6,,2026-03-03,pending,"$4,770.00"
ORD-14883,CUST-4841,ST-2,CP-186,01/19/2024,pending,$848.00
ORD-14884,CUST-4977,ST-14,,2025-12-22,active,"$14,668.00"
ORD-14885,CUST-2312,ST-14,,12/21/2025, Active ,11609
ORD-14886,CUST-3282,ST-11,,2026-12-03,PENDING,8635
ORD-14887,CUST-3578,ST-21,CP-30,10/05/2025,ACTIVE,"6,433.00"
ORD-14888,CUST-3147,ST-25,,28-06-2026,PENDING,"10,181.00"
ORD-14889,CUST-1709,ST-10,,10/12/2026,PENDING,"$11,309.00"
ORD-14890,CUST-3395,ST-20,,2025-03-06,PENDING,"$11,481.00"
ORD-14891,CUST-59,ST-20,CP-186,13-09-2025,ACTIVE,888.00
ORD-14892,CUST-1542,ST-17,,03/25/2026,PENDING,"7,060.00"
ORD-14893,CUST-2544,ST-1,,17-01-2026,ACTIVE,10180
ORD-14894,CUST-1546,ST-17,,06-02-2024, Active ,11228
ORD-14895,CUST-2425,ST-12,,2025-02-19,ACTIVE,716
ORD-14896,CUST-805,ST-19,,2026-03-03,CLOSED,16992
ORD-14897,CUST-4200,ST-23,CP-55,27-08-2024,PENDING,17514
ORD-14898,CUST-2618,ST-15,CP-33,27-04-2025,pending,17356
ORD-14899,CUST-2691,ST-1,,02-09-2024,PENDING,10770
ORD-14900,CUST-2146,ST-23,,03/27/2026,PENDING,"$14,126.00"
ORD-14901,CUST-540,ST-13,CP-79,2024-08-20,PENDING,"17,252.00"
ORD-14902,CUST-1898,ST-4,CP-12,28-03-2025, Active ,6735
ORD-14903,CUST-910,ST-24,CP-179,2025-03-09,closed,"$13,837.00"
ORD-14904,CUST-3444,ST-20,,2026-12-21,ACTIVE,10861
ORD-14905,CUST-1517,ST-16,,01/28/2026,closed,"$9,696.00"
ORD-14906,CUST-4405,ST-20,CP-194,2025-11-07, Active ,"19,449.00"
ORD-14907,CUST-2725,ST-25,CP-137,2025-07-03,pending,5631
ORD-14908,CUST-3246,ST-10,CP-161,2026-03-20,active,"$6,816.00"
ORD-14909,CUST-3938,ST-11,CP-14,17-09-2024,pending,11100
ORD-14910,CUST-2458,ST-8,,13-11-2024,pending,"$4,361.00"
ORD-14911,CUST-2655,ST-24,CP-56,06/14/2024,PENDING,10665
ORD-14912,CUST-979,ST-24,,04-01-2026,PENDING,3314
ORD-14913,CUST-2681,ST-24,CP-32,2024-09-22,active,"9,554.00"
ORD-14914,CUST-1812,ST-24,,2026-02-17, Active ,9317
ORD-14915,CUST-3148,ST-6,,07/26/2025,ACTIVE,"3,190.00"
ORD-14916,CUST-1986,ST-18,CP-106,08-12-2026, Active ,9995
ORD-14917,CUST-2161,ST-24,CP-187,2026-06-18,CLOSED,14530
ORD-14918,CUST-1609,ST-20,CP-39,14-09-2026,active,635
ORD-14919,CUST-406,ST-21,,01/13/2026,PENDING,1608
ORD-14920,CUST-3850,ST-23,,07-09-2024,pending,8512
ORD-14921,CUST-4727,ST-2,,09-06-2026,PENDING,"$13,795.00"
ORD-14922,CUST-4674,ST-19,,2024-07-10,CLOSED,11740
ORD-14923,CUST-3007,ST-24,,2025-05-02,closed,"5,571.00"
ORD-14924,CUST-1221,ST-22,CP-109,2026-09-12,closed,12280
ORD-14925,CUST-336,ST-4,,2024-08-11,closed,"$13,043.00"
ORD-14926,CUST-561,ST-20,CP-105,12/23/2024,closed,19844
ORD-14927,CUST-4091,ST-3,,01/15/2025,pending,"$9,762.00"
ORD-14928,CUST-3106,ST-16,,2025-10-06,ACTIVE,"10,465.00"
ORD-14929,CUST-179,ST-6,,04/19/2024,active,2216
ORD-14930,CUST-3273,ST-4,CP-64,12/03/2024,PENDING,"10,726.00"
ORD-14931,CUST-2163,ST-19,,2024-07-10,CLOSED,"$13,625.00"
ORD-14932,CUST-4808,ST-23,,12/03/2025, Active ,"13,301.00"
ORD-14933,CUST-2708,ST-24,,2026-07-04,ACTIVE,"$10,714.00"
ORD-14934,CUST-4820,ST-6,,2024-07-20, Active ,15485
ORD-14935,CUST-78,ST-18,,2024-08-03, Active ,9248
ORD-14936,CUST-3739,ST-15,,02/22/2026,PENDING,19784
ORD-14937,CUST-4285,ST-24,,03/11/2026,CLOSED,"7,831.00"
ORD-14938,CUST-4336,ST-15,,2026-09-05,pending,200
ORD-14939,CUST-3700,ST-20,,2025-11-07,pending,15871
ORD-14940,CUST-4575,ST-15,,12/14/2024,PENDING,8278
ORD-14941,CUST-4545,ST-2,,2026-02-06,active,12561
ORD-14942,CUST-2573,ST-4,CP-64,2026-01-08,active,"8,631.00"
ORD-14943,CUST-370,ST-8,,12/17/2024,CLOSED,"3,177.00"
ORD-14944,CUST-2973,ST-25,CP-186,2024-06-01, Active ,"$16,672.00"
ORD-14945,CUST-1199,ST-7,,11/23/2026,CLOSED,"$18,696.00"
ORD-14946,CUST-3694,ST-11,,05/16/2024,active,8674
ORD-14947,CUST-4943,ST-11,,2025-10-21,pending,7593
ORD-14948,CUST-1666,ST-25,,25-10-2024, Active ,10261
ORD-14949,CUST-2912,ST-20,,23-09-2024,CLOSED,"$16,444.00"
ORD-14950,CUST-1346,ST-12,,2025-04-03,active,"17,322.00"
ORD-14951,CUST-198,ST-11,,2024-01-24, Active ,"$3,289.00"
ORD-14952,CUST-1430,ST-13,CP-82,2025-03-19,CLOSED,"14,115.00"
ORD-14953,CUST-343,ST-19,CP-68,05-11-2024,active,9659
ORD-14954,CUST-1016,ST-16,,21-06-2024,ACTIVE,14735
ORD-14955,CUST-3901,ST-21,,2026-08-28,closed,"$2,570.00"
ORD-14956,CUST-4637,ST-22,,04/26/2025,pending,2271
ORD-14957,CUST-3060,ST-3,CP-2,07/17/2024, Active ,8012
ORD-14958,CUST-618,ST-20,CP-16,09-11-2024,PENDING,"8,233.00"
ORD-14959,CUST-1916,ST-3,,2026-02-25, Active ,364.00
ORD-14960,CUST-3734,ST-2,,01/07/2024,PENDING,"17,989.00"
ORD-14961,CUST-3586,ST-17,,2026-09-20, Active ,"$7,204.00"
ORD-14962,CUST-2298,ST-6,CP-63,04/10/2026,CLOSED,"$11,435.00"
ORD-14963,CUST-4690,ST-20,,2025-04-10,active,"$12,122.00"
ORD-14964,CUST-4229,ST-21,CP-143,04-09-2026,CLOSED,"17,157.00"
ORD-14965,CUST-4574,ST-2,,22-04-2026,PENDING,18299
ORD-14966,CUST-4963,ST-15,,2026-04-19,pending,4036
ORD-14967,CUST-4008,ST-19,,04/03/2024,PENDING,"15,500.00"
ORD-14968,CUST-1764,ST-24,,2024-04-13,ACTIVE,11278
ORD-14969,CUST-120,ST-8,,2026-07-20,closed,"$10,682.00"
ORD-14970,CUST-950,ST-3,,17-01-2024,pending,19654
ORD-14971,CUST-674,ST-19,,04/16/2026,ACTIVE,363
ORD-14972,CUST-3818,ST-22,CP-118,26-11-2026,PENDING,"$16,751.00"
ORD-14973,CUST-3451,ST-19,,2024-02-10,ACTIVE,"$1,699.00"
ORD-14974,CUST-2021,ST-16,,2026-10-20, Active ,15959
ORD-14975,CUST-1286,ST-18,,2024-05-16,closed,4394
ORD-14976,CUST-4136,ST-22,,23-01-2024,PENDING,6803
ORD-14977,CUST-3496,ST-1,,2026-11-02,CLOSED,12969
ORD-14978,CUST-23,ST-4,CP-99,2026-10-24,active,14359
ORD-14979,CUST-4941,ST-3,,11/05/2024, Active ,702
ORD-14980,CUST-4280,ST-8,CP-103,2025-08-20,CLOSED,"$7,827.00"
ORD-14981,CUST-4980,ST-7,CP-3,2024-07-09,pending,$650.00
ORD-14982,CUST-1089,ST-7,,2026-04-15,closed,19990
ORD-14983,CUST-3467,ST-15,,11/06/2025,CLOSED,"$19,840.00"
ORD-14984,CUST-3698,ST-25,,19-12-2026,active,3891
ORD-14985,CUST-485,ST-22,,2026-01-01,ACTIVE,11224
ORD-14986,CUST-419,ST-11,CP-37,13-03-2026, Active ,7926
ORD-14987,CUST-2480,ST-6,,21-09-2025,pending,11237
ORD-14988,CUST-3289,ST-1,CP-25,2026-02-13,PENDING,"19,266.00"
ORD-14989,CUST-1293,ST-2,,2024-11-01,active,12204
ORD-14990,CUST-2273,ST-6,CP-5,06/18/2025,active,19980
ORD-14991,CUST-3634,ST-17,,05/27/2024,ACTIVE,8991
ORD-14992,CUST-2438,ST-3,,07/13/2024,closed,9342
ORD-14993,CUST-2824,ST-23,CP-138,01-04-2025, Active ,10694
ORD-14994,CUST-2874,ST-25,,10/06/2025,active,14422
ORD-14995,CUST-2253,ST-17,,2026-06-17,ACTIVE,"$12,491.00"
ORD-14996,CUST-3827,ST-5,,02/16/2024,ACTIVE,"$13,605.00"
ORD-14997,CUST-4024,ST-18,,06/22/2025,CLOSED,8931
ORD-14998,CUST-3213,ST-5,,2026-12-03,active,"$14,120.00"
ORD-14999,CUST-4607,ST-13,,2026-08-19,PENDING,"$16,414.00"
ORD-15000,CUST-3204,ST-13,,10/04/2024,closed,10514
