payment_id,order_id,amount,method,status,paid_date
PAY-1,ORD-3798,3472,COD,SUCCESS,04-02-2026
PAY-2,ORD-5098,15737,card,pending,2025-12-19
PAY-3,ORD-13425,16 470,card,success,18-10-2026
PAY-4,ORD-8287,5056,alipay,success,07/02/2025
PAY-5,ORD-7980,14728,alipay,success,04/20/2025
PAY-6,ORD-1094,4351,COD,SUCCESS,06/03/2025
PAY-7,ORD-13449,"$1,203.00",alipay,pending,08/23/2026
PAY-8,ORD-1092,"9 445,00",wechat,pending,02-03-2025
PAY-9,ORD-10497,8688,alipay,success,2026-10-22
PAY-10,ORD-13274,15696,COD,pending,2026-06-01
PAY-11,ORD-6378,11702,alipay,pending,2026-05-09
PAY-12,ORD-2666,"10 467,00",card,SUCCESS,2024-09-12
PAY-13,ORD-7645,"$3,733.00",alipay,pending,2025-02-09
PAY-14,ORD-10871,11002,COD,pending,03-07-2026
PAY-15,ORD-1936,6670,alipay,success,2026-08-19
PAY-16,ORD-10433,"2 198,00",COD,SUCCESS,09/11/2024
PAY-17,ORD-2844,5080,COD,SUCCESS,08/10/2026
PAY-18,ORD-8085,8566,wechat,pending,2026-01-06
PAY-19,ORD-3631,"$1,256.00",card,success,2024-08-01
PAY-20,ORD-9261,16 520,alipay,SUCCESS,18-10-2026
PAY-21,ORD-12382,"$2,277.00",alipay,success,2025-03-17
PAY-22,ORD-12854,16 954,COD,success,2026-01-17
PAY-23,ORD-11850,"$9,549.00",card,pending,22-07-2024
PAY-24,ORD-6519,"12 012,00",alipay,success,05/19/2025
PAY-25,ORD-9576,5 965,alipay,pending,10/12/2026
PAY-26,ORD-11638,"1 090,00",alipay,pending,2024-10-18
PAY-27,ORD-11079,"$12,112.00",alipay,success,2026-09-21
PAY-28,ORD-6576,"$12,715.00",wechat,pending,01/06/2026
PAY-29,ORD-11958,13386,card,pending,08/18/2026
PAY-30,ORD-6982,3923,COD,SUCCESS,2024-06-07
PAY-31,ORD-12426,"$12,020.00",card,pending,2024-12-06
PAY-32,ORD-12601,"$17,767.00",wechat,success,2024-04-10
PAY-33,ORD-9512,3325,wechat,pending,2026-11-22
PAY-34,ORD-7683,"$10,701.00",card,SUCCESS,07/26/2024
PAY-35,ORD-13844,"$7,246.00",wechat,pending,2026-04-22
PAY-36,ORD-11320,5202,alipay,pending,2024-11-24
PAY-37,ORD-14514,"19 901,00",card,failed,2024-10-06
PAY-38,ORD-5314,11174,alipay,success,24-10-2025
PAY-39,ORD-10790,"$7,880.00",card,SUCCESS,10-06-2025
PAY-40,ORD-11457,5760,COD,pending,2025-10-19
PAY-41,ORD-6225,"$15,361.00",COD,success,2024-12-27
PAY-42,ORD-7128,"$13,839.00",alipay,pending,2024-12-28
PAY-43,ORD-11177,"9 578,00",COD,pending,2025-08-08
PAY-44,ORD-13535,18495,alipay,pending,10/14/2026
PAY-45,ORD-383,1201,alipay,pending,23-01-2025
PAY-46,ORD-7021,"3 283,00",alipay,pending,09/25/2026
PAY-47,ORD-4682,"$5,711.00",COD,success,2025-05-12
PAY-48,ORD-8213,"$17,145.00",wechat,pending,2024-06-03
PAY-49,ORD-11627,"$3,581.00",alipay,pending,2025-02-20
PAY-50,ORD-10600,6088,wechat,success,2026-05-26
PAY-51,ORD-7910,1693,COD,success,2024-11-06
PAY-52,ORD-14179,"$16,842.00",COD,SUCCESS,07/22/2024
PAY-53,ORD-5046,2204,card,pending,2026-05-12
PAY-54,ORD-4983,19383,alipay,SUCCESS,2024-09-06
PAY-55,ORD-10508,"11 315,00",wechat,success,2025-11-22
PAY-56,ORD-479,"$18,244.00",wechat,SUCCESS,19-11-2026
PAY-57,ORD-283,$365.00,wechat,success,11-08-2026
PAY-58,ORD-4025,5178,alipay,pending,05/17/2026
PAY-59,ORD-8370,1558,alipay,failed,2026-03-08
PAY-60,ORD-7112,9872,card,failed,2024-04-05
PAY-61,ORD-13860,"$17,639.00",alipay,success,09/04/2025
PAY-62,ORD-10396,"$5,932.00",wechat,pending,2025-10-26
PAY-63,ORD-7109,"$6,876.00",wechat,success,11/20/2026
PAY-64,ORD-14236,"$14,082.00",alipay,success,2024-09-19
PAY-65,ORD-2074,15375,card,SUCCESS,14-07-2025
PAY-66,ORD-7926,13121,COD,pending,2024-05-09
PAY-67,ORD-11905,4072,alipay,failed,10/27/2025
PAY-68,ORD-622,9265,alipay,pending,2025-04-07
PAY-69,ORD-3791,650,alipay,success,04-12-2024
PAY-70,ORD-2848,18455,card,SUCCESS,2026-03-24
PAY-71,ORD-14037,6401,COD,SUCCESS,2024-03-27
PAY-72,ORD-9638,9681,card,pending,2026-12-19
PAY-73,ORD-9313,4183,alipay,pending,2026-11-09
PAY-74,ORD-8549,12172,wechat,success,12/04/2025
PAY-75,ORD-4295,"$6,817.00",card,success,2024-04-27
PAY-76,ORD-5450,19726,COD,success,19-02-2024
PAY-77,ORD-5327,2233,alipay,SUCCESS,01-08-2025
PAY-78,ORD-14094,"$11,393.00",card,SUCCESS,12/26/2025
PAY-79,ORD-4737,11669,alipay,SUCCESS,2026-06-20
PAY-80,ORD-8994,8337,wechat,pending,2024-05-15
PAY-81,ORD-12301,3466,card,SUCCESS,2026-01-18
PAY-82,ORD-13182,16774,COD,SUCCESS,2024-11-25
PAY-83,ORD-14771,15546,COD,pending,03-11-2025
PAY-84,ORD-2595,10689,COD,pending,2026-08-02
PAY-85,ORD-8649,15429,alipay,pending,2026-11-28
PAY-86,ORD-14134,"$14,611.00",card,SUCCESS,06/16/2025
PAY-87,ORD-1728,10 711,card,SUCCESS,2024-06-04
PAY-88,ORD-6317,"$3,531.00",COD,success,10/24/2025
PAY-89,ORD-10869,4434,alipay,SUCCESS,2025-06-27
PAY-90,ORD-118,5659,alipay,success,05/08/2024
PAY-91,ORD-10507,"$3,859.00",card,pending,2026-02-03
PAY-92,ORD-9149,"$11,840.00",card,success,2024-05-24
PAY-93,ORD-2123,6019,COD,SUCCESS,20-04-2024
PAY-94,ORD-10660,"$15,726.00",card,pending,28-11-2025
PAY-95,ORD-6910,3490,COD,SUCCESS,03/13/2024
PAY-96,ORD-9185,"$7,298.00",wechat,SUCCESS,08/10/2024
PAY-97,ORD-9309,12950,COD,pending,04-08-2025
PAY-98,ORD-13410,"$16,011.00",alipay,pending,11/26/2025
PAY-99,ORD-7554,"14 762,00",alipay,pending,2026-10-17
PAY-100,ORD-11049,6 129,card,SUCCESS,2025-04-18
PAY-101,ORD-14851,1586,COD,success,2026-08-03
PAY-102,ORD-2480,14 829,alipay,SUCCESS,2024-03-18
PAY-103,ORD-12519,"10 847,00",card,SUCCESS,26-07-2025
PAY-104,ORD-13184,14 316,alipay,success,08/27/2026
PAY-105,ORD-14158,$82.00,wechat,pending,01-12-2025
PAY-106,ORD-10470,18116,card,success,2024-08-13
PAY-107,ORD-14,"769,00",COD,SUCCESS,23-06-2024
PAY-108,ORD-1796,"9 632,00",COD,pending,2024-04-10
PAY-109,ORD-5837,"$12,700.00",wechat,failed,2024-07-24
PAY-110,ORD-1027,12488,wechat,pending,2025-10-21
PAY-111,ORD-4218,14378,card,success,2026-12-01
PAY-112,ORD-4618,9458,wechat,SUCCESS,28-10-2024
PAY-113,ORD-1076,"$17,349.00",wechat,success,2024-11-10
PAY-114,ORD-3128,738,COD,success,11/03/2024
PAY-115,ORD-14681,18242,card,pending,2026-07-17
PAY-116,ORD-11318,12 011,COD,success,2025-07-12
PAY-117,ORD-14355,7443,alipay,pending,09/26/2025
PAY-118,ORD-968,17600,wechat,pending,10-04-2024
PAY-119,ORD-6924,"$14,193.00",card,success,23-01-2026
PAY-120,ORD-10385,2363,alipay,pending,2024-02-17
PAY-121,ORD-1347,"19 763,00",alipay,SUCCESS,03/11/2026
PAY-122,ORD-11310,3 790,COD,pending,07/22/2025
PAY-123,ORD-1528,"$12,167.00",COD,pending,09/25/2025
PAY-124,ORD-14864,7288,COD,failed,2025-06-11
PAY-125,ORD-7972,"$5,727.00",COD,SUCCESS,2025-05-19
PAY-126,ORD-1530,"9 661,00",card,pending,10/09/2026
PAY-127,ORD-14457,"11 375,00",card,success,01-02-2024
PAY-128,ORD-14379,7514,wechat,SUCCESS,12-05-2024
PAY-129,ORD-1303,9138,card,success,2024-01-17
PAY-130,ORD-12116,"$11,937.00",wechat,SUCCESS,2025-07-14
PAY-131,ORD-13098,581,card,pending,04-12-2024
PAY-132,ORD-1729,"16 182,00",alipay,SUCCESS,2026-06-01
PAY-133,ORD-2602,8725,COD,pending,2025-10-01
PAY-134,ORD-7643,11673,COD,SUCCESS,12/27/2026
PAY-135,ORD-4030,14523,COD,success,05-11-2025
PAY-136,ORD-2242,"$7,542.00",card,SUCCESS,2025-11-10
PAY-137,ORD-5978,8 635,alipay,pending,2024-04-13
PAY-138,ORD-1518,16797,card,pending,04/05/2024
PAY-139,ORD-13618,8581,alipay,SUCCESS,12/13/2025
PAY-140,ORD-12833,"11 639,00",COD,success,2024-07-13
PAY-141,ORD-148,6957,wechat,failed,2025-08-27
PAY-142,ORD-6869,"$13,314.00",alipay,success,2024-01-11
PAY-143,ORD-7119,16163,alipay,pending,2025-12-16
PAY-144,ORD-3286,1 563,card,pending,2025-08-11
PAY-145,ORD-580,"$4,358.00",card,SUCCESS,2024-07-25
PAY-146,ORD-9930,8834,COD,SUCCESS,10/14/2025
PAY-147,ORD-5810,"$10,708.00",COD,success,12/05/2024
PAY-148,ORD-6921,"9 024,00",card,pending,10/28/2026
PAY-149,ORD-4024,13434,card,SUCCESS,2024-01-03
PAY-150,ORD-14224,"6 136,00",COD,success,20-08-2024
PAY-151,ORD-11425,"$6,144.00",COD,success,07/06/2024
PAY-152,ORD-7669,9738,card,SUCCESS,2024-01-03
PAY-153,ORD-3112,13 232,alipay,pending,2025-05-28
PAY-154,ORD-5400,"8 747,00",card,pending,03-12-2026
PAY-155,ORD-14790,"$9,545.00",alipay,SUCCESS,2024-12-15
PAY-156,ORD-9546,3982,COD,success,07/17/2024
PAY-157,ORD-7618,"5 168,00",card,SUCCESS,2025-12-20
PAY-158,ORD-2672,5 411,COD,success,2024-05-17
PAY-159,ORD-2890,12149,wechat,pending,2024-07-11
PAY-160,ORD-13735,18 535,alipay,success,2025-10-03
PAY-161,ORD-8765,3194,COD,failed,2024-03-02
PAY-162,ORD-1642,12683,card,success,05/12/2024
PAY-163,ORD-14924,16968,wechat,success,2026-11-04
PAY-164,ORD-10812,"12 325,00",wechat,failed,2026-02-15
PAY-165,ORD-8828,"$14,462.00",alipay,SUCCESS,14-02-2024
PAY-166,ORD-11933,"$5,620.00",card,success,05/06/2025
PAY-167,ORD-6895,7893,alipay,SUCCESS,2026-04-23
PAY-168,ORD-1434,"$16,279.00",wechat,SUCCESS,2024-06-04
PAY-169,ORD-12688,"$13,620.00",alipay,pending,2025-07-18
PAY-170,ORD-14102,17480,wechat,success,2025-10-03
PAY-171,ORD-11482,17144,card,success,07/08/2025
PAY-172,ORD-11515,"$9,462.00",wechat,SUCCESS,2024-05-04
PAY-173,ORD-8818,"$15,698.00",alipay,SUCCESS,14-12-2024
PAY-174,ORD-9770,17169,card,failed,01/15/2024
PAY-175,ORD-10254,"$12,997.00",COD,pending,2024-08-11
PAY-176,ORD-11730,16366,wechat,success,2024-09-01
PAY-177,ORD-5378,$526.00,wechat,SUCCESS,08/05/2025
PAY-178,ORD-95,"$17,920.00",COD,success,27-07-2024
PAY-179,ORD-3956,783,card,SUCCESS,2026-08-12
PAY-180,ORD-7147,9 786,card,failed,12/10/2025
PAY-181,ORD-622,"18 589,00",wechat,SUCCESS,2024-05-21
PAY-182,ORD-12108,"$7,984.00",COD,SUCCESS,2026-11-22
PAY-183,ORD-11331,8056,card,SUCCESS,2024-09-11
PAY-184,ORD-7264,13899,COD,success,2026-12-16
PAY-185,ORD-6212,"6 418,00",alipay,SUCCESS,2024-11-21
PAY-186,ORD-10780,"$18,312.00",card,SUCCESS,2025-10-04
PAY-187,ORD-5999,$313.00,wechat,SUCCESS,2024-02-08
PAY-188,ORD-14437,19890,wechat,failed,2025-05-24
PAY-189,ORD-1424,"12 767,00",alipay,failed,14-02-2024
PAY-190,ORD-6271,"$15,315.00",alipay,SUCCESS,07/18/2025
PAY-191,ORD-2189,18113,wechat,pending,01/16/2024
PAY-192,ORD-1918,"6 502,00",COD,pending,02/02/2025
PAY-193,ORD-13376,14035,alipay,SUCCESS,2026-06-25
PAY-194,ORD-833,8565,COD,pending,2026-08-14
PAY-195,ORD-6901,"7 206,00",wechat,success,09/21/2025
PAY-196,ORD-5693,14360,card,success,15-10-2026
PAY-197,ORD-993,10813,card,SUCCESS,24-10-2026
PAY-198,ORD-9268,5 950,COD,success,19-07-2024
PAY-199,ORD-14200,9266,wechat,SUCCESS,11/24/2025
PAY-200,ORD-770,"$2,782.00",COD,success,2026-03-16
PAY-201,ORD-5377,7502,card,failed,2025-01-10
PAY-202,ORD-10741,"17 987,00",COD,SUCCESS,2026-05-28
PAY-203,ORD-1011,17226,COD,pending,08/02/2024
PAY-204,ORD-5177,905,COD,pending,2025-05-11
PAY-205,ORD-4206,15940,COD,SUCCESS,12-11-2025
PAY-206,ORD-10742,13004,wechat,success,2026-02-17
PAY-207,ORD-1653,17057,card,success,2026-08-01
PAY-208,ORD-7821,12 271,alipay,pending,2025-03-14
PAY-209,ORD-14284,2291,card,pending,2024-07-17
PAY-210,ORD-3744,4334,COD,pending,09-02-2024
PAY-211,ORD-7022,2091,wechat,success,2024-01-15
PAY-212,ORD-13496,"$2,674.00",wechat,success,2025-12-01
PAY-213,ORD-10275,17013,wechat,failed,14-05-2025
PAY-214,ORD-3279,"$19,769.00",card,pending,2025-05-18
PAY-215,ORD-8450,16357,COD,SUCCESS,2025-05-25
PAY-216,ORD-544,5394,card,SUCCESS,13-03-2024
PAY-217,ORD-1735,11977,COD,pending,12/26/2024
PAY-218,ORD-7498,9880,COD,SUCCESS,03/22/2024
PAY-219,ORD-4199,"$18,649.00",card,pending,2026-11-10
PAY-220,ORD-12404,6408,COD,pending,12/22/2026
PAY-221,ORD-12726,6606,alipay,pending,02/13/2026
PAY-222,ORD-14533,7837,card,pending,2024-01-21
PAY-223,ORD-9323,18 689,alipay,SUCCESS,2024-05-15
PAY-224,ORD-13735,"$3,230.00",alipay,pending,12/25/2025
PAY-225,ORD-12531,6223,card,success,2026-06-14
PAY-226,ORD-12102,2807,card,SUCCESS,13-07-2026
PAY-227,ORD-10743,16814,alipay,pending,20-08-2026
PAY-228,ORD-6908,"$8,081.00",wechat,success,22-09-2024
PAY-229,ORD-8535,"$8,322.00",wechat,SUCCESS,2026-08-11
PAY-230,ORD-2519,"$6,371.00",wechat,pending,2025-11-06
PAY-231,ORD-13616,"$1,132.00",wechat,success,2026-08-28
PAY-232,ORD-1294,1569,alipay,SUCCESS,2025-07-03
PAY-233,ORD-6279,17331,COD,SUCCESS,11/10/2024
PAY-234,ORD-12551,"$15,763.00",wechat,pending,2024-07-13
PAY-235,ORD-7188,"$19,890.00",wechat,success,10-10-2026
PAY-236,ORD-9060,19962,card,success,09-06-2025
PAY-237,ORD-14635,4354,alipay,SUCCESS,2024-10-26
PAY-238,ORD-5840,"$11,927.00",card,success,2025-11-01
PAY-239,ORD-13912,9382,COD,pending,03/11/2026
PAY-240,ORD-13023,19 610,wechat,pending,02-08-2025
PAY-241,ORD-14381,"16 982,00",wechat,SUCCESS,2026-10-08
PAY-242,ORD-7515,15774,wechat,SUCCESS,2026-01-14
PAY-243,ORD-10855,"$12,530.00",COD,SUCCESS,06/01/2026
PAY-244,ORD-12077,2448,wechat,pending,10-06-2025
PAY-245,ORD-6820,13047,COD,success,10/08/2025
PAY-246,ORD-4648,1 324,COD,SUCCESS,04-10-2025
PAY-247,ORD-11355,3708,alipay,pending,2024-06-22
PAY-248,ORD-11502,894,alipay,SUCCESS,2025-07-06
PAY-249,ORD-10024,5780,card,SUCCESS,26-05-2024
PAY-250,ORD-11064,"$12,465.00",card,pending,2026-10-22
PAY-251,ORD-10122,11 594,card,SUCCESS,09/15/2026
PAY-252,ORD-14626,16943,COD,SUCCESS,2024-04-04
PAY-253,ORD-14375,3949,card,pending,18-03-2025
PAY-254,ORD-6161,"$3,138.00",wechat,pending,2024-05-27
PAY-255,ORD-291,8631,COD,pending,2025-10-20
PAY-256,ORD-301,"$5,737.00",alipay,success,2024-05-20
PAY-257,ORD-5177,"$1,814.00",card,pending,2025-08-02
PAY-258,ORD-9489,2171,card,SUCCESS,2024-07-03
PAY-259,ORD-6013,3420,card,SUCCESS,07-10-2026
PAY-260,ORD-1163,"$11,454.00",COD,pending,2025-08-26
PAY-261,ORD-4286,"5 594,00",COD,pending,11-10-2026
PAY-262,ORD-6343,"$8,798.00",wechat,pending,2026-07-13
PAY-263,ORD-5026,"$17,457.00",alipay,pending,04/07/2024
PAY-264,ORD-13614,"$5,478.00",wechat,SUCCESS,2026-08-12
PAY-265,ORD-9790,13255,alipay,success,02-01-2025
PAY-266,ORD-5947,"$10,783.00",card,SUCCESS,12/26/2026
PAY-267,ORD-14320,"13 420,00",wechat,SUCCESS,06/22/2025
PAY-268,ORD-8253,10267,card,pending,03/07/2024
PAY-269,ORD-7289,"$8,618.00",alipay,pending,2025-02-17
PAY-270,ORD-9564,"$4,473.00",wechat,SUCCESS,2025-09-18
PAY-271,ORD-3800,"$17,947.00",wechat,success,10-08-2024
PAY-272,ORD-6477,"$11,627.00",wechat,success,2024-02-20
PAY-273,ORD-5370,"$17,832.00",COD,failed,2025-01-14
PAY-274,ORD-3119,"$10,181.00",COD,success,2024-12-19
PAY-275,ORD-13963,12 630,wechat,success,23-05-2025
PAY-276,ORD-8664,1 994,card,success,06-08-2025
PAY-277,ORD-341,"$10,602.00",wechat,failed,02/13/2024
PAY-278,ORD-3665,1513,alipay,SUCCESS,2024-04-21
PAY-279,ORD-3984,4 503,alipay,success,25-04-2025
PAY-280,ORD-2552,"$5,408.00",alipay,pending,2026-12-24
PAY-281,ORD-4521,11315,COD,SUCCESS,12/26/2026
PAY-282,ORD-4763,14321,alipay,SUCCESS,06/04/2024
PAY-283,ORD-8673,6 134,COD,success,2024-04-16
PAY-284,ORD-8055,1186,COD,pending,10/10/2025
PAY-285,ORD-2766,6 953,alipay,success,2024-02-04
PAY-286,ORD-8539,"$3,721.00",alipay,pending,2024-03-04
PAY-287,ORD-14240,19433,card,pending,07/23/2026
PAY-288,ORD-8047,"$6,796.00",card,SUCCESS,08/13/2024
PAY-289,ORD-7766,2720,alipay,SUCCESS,27-08-2025
PAY-290,ORD-1361,6166,card,success,2026-07-20
PAY-291,ORD-10399,14901,wechat,success,10-08-2026
PAY-292,ORD-8654,"$9,296.00",alipay,pending,15-08-2025
PAY-293,ORD-5110,18103,card,success,04/03/2024
PAY-294,ORD-9067,"$10,903.00",wechat,success,2024-01-25
PAY-295,ORD-14525,3 391,card,SUCCESS,05/04/2026
PAY-296,ORD-14655,3092,wechat,pending,2024-01-10
PAY-297,ORD-3192,14805,COD,SUCCESS,03/16/2026
PAY-298,ORD-8453,13067,wechat,SUCCESS,2024-04-17
PAY-299,ORD-3394,4293,card,SUCCESS,07/09/2024
PAY-300,ORD-9380,$926.00,COD,success,2025-06-21
PAY-301,ORD-10098,"$9,929.00",alipay,SUCCESS,04/09/2025
PAY-302,ORD-10429,5678,COD,success,2026-05-09
PAY-303,ORD-2286,"$4,470.00",wechat,pending,10-09-2026
PAY-304,ORD-783,18 781,COD,failed,2026-12-18
PAY-305,ORD-7868,2154,COD,success,04/11/2026
PAY-306,ORD-9868,"$7,222.00",COD,pending,2026-07-23
PAY-307,ORD-3100,8782,COD,SUCCESS,2024-07-02
PAY-308,ORD-10212,6849,COD,SUCCESS,2025-12-20
PAY-309,ORD-9701,11388,COD,success,24-04-2026
PAY-310,ORD-9920,"1 164,00",wechat,pending,09/17/2024
PAY-311,ORD-362,10541,COD,pending,2024-04-17
PAY-312,ORD-7623,19878,wechat,SUCCESS,2024-02-07
PAY-313,ORD-3137,"$2,637.00",wechat,SUCCESS,2024-01-09
PAY-314,ORD-10076,"$2,084.00",alipay,SUCCESS,2026-12-23
PAY-315,ORD-6827,474,alipay,pending,09/13/2025
PAY-316,ORD-13990,"$1,988.00",alipay,success,2024-02-25
PAY-317,ORD-2128,9901,alipay,SUCCESS,2024-09-22
PAY-318,ORD-3408,4588,alipay,pending,01/26/2026
PAY-319,ORD-140,"$9,750.00",alipay,SUCCESS,2024-02-11
PAY-320,ORD-11996,17466,card,success,2026-03-07
PAY-321,ORD-4092,5507,wechat,SUCCESS,2025-12-17
PAY-322,ORD-150,19323,wechat,success,05/08/2026
PAY-323,ORD-3990,18504,COD,SUCCESS,2025-12-03
PAY-324,ORD-13286,"$3,064.00",COD,failed,02-01-2025
PAY-325,ORD-5917,14496,wechat,success,06/19/2024
PAY-326,ORD-1213,"$10,152.00",card,SUCCESS,04-12-2024
PAY-327,ORD-13369,"$15,250.00",COD,success,2024-04-13
PAY-328,ORD-9878,19 127,wechat,SUCCESS,2026-03-06
PAY-329,ORD-3383,"$15,527.00",card,pending,2026-12-24
PAY-330,ORD-5668,14814,COD,pending,09-06-2024
PAY-331,ORD-1724,17815,COD,success,2025-03-07
PAY-332,ORD-919,15381,COD,pending,2024-11-19
PAY-333,ORD-654,"$10,936.00",card,SUCCESS,05-02-2026
PAY-334,ORD-9116,13090,wechat,SUCCESS,04-12-2026
PAY-335,ORD-1377,"$19,737.00",wechat,pending,04/03/2025
PAY-336,ORD-9962,"7 995,00",alipay,success,17-01-2024
PAY-337,ORD-6938,"14 975,00",wechat,SUCCESS,09/26/2025
PAY-338,ORD-3631,2640,alipay,success,2024-01-05
PAY-339,ORD-2218,"$19,272.00",alipay,SUCCESS,07/22/2026
PAY-340,ORD-1405,"$14,376.00",COD,failed,12/22/2025
PAY-341,ORD-11628,12063,alipay,pending,2024-08-14
PAY-342,ORD-13971,"$4,707.00",COD,success,02/13/2024
PAY-343,ORD-3751,15930,card,success,2024-02-12
PAY-344,ORD-1838,13051,alipay,success,2026-12-15
PAY-345,ORD-1938,354,wechat,pending,02/20/2025
PAY-346,ORD-12770,11336,COD,success,2024-10-09
PAY-347,ORD-11002,"$14,662.00",wechat,failed,03-11-2024
PAY-348,ORD-7394,7831,card,success,2024-09-22
PAY-349,ORD-9538,9252,COD,pending,04/24/2024
PAY-350,ORD-8857,7 646,card,pending,10-06-2024
PAY-351,ORD-2059,3320,COD,success,08/14/2025
PAY-352,ORD-3989,"6 127,00",COD,success,2024-08-19
PAY-353,ORD-12105,"6 939,00",COD,success,2026-06-24
PAY-354,ORD-11844,"$1,181.00",wechat,success,12/25/2026
PAY-355,ORD-9506,10719,card,pending,09/04/2026
PAY-356,ORD-4052,15032,alipay,pending,01-12-2024
PAY-357,ORD-1093,"$19,165.00",wechat,SUCCESS,26-02-2026
PAY-358,ORD-2129,4 592,alipay,SUCCESS,2025-10-04
PAY-359,ORD-9495,15 296,card,pending,2024-07-13
PAY-360,ORD-4028,6727,wechat,success,2024-10-22
PAY-361,ORD-3542,14 815,alipay,success,2025-11-09
PAY-362,ORD-7086,10983,card,SUCCESS,2026-12-10
PAY-363,ORD-3195,"11 955,00",wechat,SUCCESS,10/14/2024
PAY-364,ORD-11883,"$8,544.00",wechat,success,27-12-2025
PAY-365,ORD-3114,"$12,278.00",card,pending,20-05-2024
PAY-366,ORD-6359,"$10,859.00",card,success,02/13/2026
PAY-367,ORD-5092,"$1,656.00",COD,SUCCESS,04/18/2026
PAY-368,ORD-10205,10602,alipay,SUCCESS,2024-03-03
PAY-369,ORD-2835,"$9,194.00",card,SUCCESS,2026-02-25
PAY-370,ORD-8256,5388,card,success,2024-01-28
PAY-371,ORD-470,"$10,901.00",wechat,success,2026-11-26
PAY-372,ORD-7834,9207,wechat,SUCCESS,04/21/2026
PAY-373,ORD-12583,8 583,card,pending,05/01/2025
PAY-374,ORD-8782,7302,card,success,2025-08-17
PAY-375,ORD-2045,$920.00,card,SUCCESS,2026-04-09
PAY-376,ORD-7639,13490,COD,pending,2026-11-20
PAY-377,ORD-14297,973,card,pending,2026-01-02
PAY-378,ORD-450,6593,wechat,pending,09-05-2026
PAY-379,ORD-7398,"$18,925.00",wechat,pending,15-01-2024
PAY-380,ORD-2446,"$16,073.00",COD,pending,2024-06-16
PAY-381,ORD-855,2587,wechat,pending,2025-09-13
PAY-382,ORD-10421,4377,alipay,pending,10/02/2026
PAY-383,ORD-12208,340,alipay,pending,08/05/2024
PAY-384,ORD-12256,15116,card,pending,19-12-2025
PAY-385,ORD-3735,3842,alipay,pending,13-07-2026
PAY-386,ORD-5497,17106,COD,SUCCESS,2024-06-27
PAY-387,ORD-14422,"$10,290.00",card,pending,01/27/2025
PAY-388,ORD-12818,8818,wechat,SUCCESS,08/08/2026
PAY-389,ORD-11280,15963,card,success,09-03-2026
PAY-390,ORD-5241,8795,alipay,SUCCESS,23-12-2025
PAY-391,ORD-9662,16501,COD,success,2025-08-18
PAY-392,ORD-10014,3609,card,success,2025-10-16
PAY-393,ORD-10925,"$8,255.00",COD,success,2025-06-03
PAY-394,ORD-1337,"948,00",COD,SUCCESS,2024-03-05
PAY-395,ORD-12052,6727,COD,success,2024-07-16
PAY-396,ORD-11126,2 279,alipay,success,2024-11-09
PAY-397,ORD-6017,3624,card,SUCCESS,2024-04-16
PAY-398,ORD-4705,4321,alipay,success,16-07-2026
PAY-399,ORD-8102,"$19,922.00",wechat,success,2024-12-17
PAY-400,ORD-14058,771,alipay,pending,2024-02-14
PAY-401,ORD-7454,"$1,233.00",card,pending,2024-01-15
PAY-402,ORD-3656,"8 257,00",COD,SUCCESS,08/09/2025
PAY-403,ORD-4264,"4 400,00",wechat,SUCCESS,09/18/2025
PAY-404,ORD-6136,"19 512,00",alipay,failed,10/28/2026
PAY-405,ORD-3885,5548,wechat,success,07/13/2026
PAY-406,ORD-669,393,card,SUCCESS,2026-10-16
PAY-407,ORD-5575,15360,wechat,SUCCESS,22-03-2026
PAY-408,ORD-10662,13734,COD,success,16-07-2026
PAY-409,ORD-125,"$2,058.00",COD,success,01/10/2026
PAY-410,ORD-8203,"$18,032.00",card,SUCCESS,2026-09-01
PAY-411,ORD-5832,"$17,763.00",card,success,02/24/2025
PAY-412,ORD-3694,"$11,795.00",alipay,success,2025-02-09
PAY-413,ORD-14967,8 866,alipay,SUCCESS,13-08-2026
PAY-414,ORD-8637,11984,wechat,success,2024-11-14
PAY-415,ORD-13518,"$2,369.00",card,pending,2025-07-14
PAY-416,ORD-2383,6496,alipay,SUCCESS,2025-05-09
PAY-417,ORD-5746,7959,alipay,success,23-10-2026
PAY-418,ORD-10589,9141,COD,pending,2026-10-22
PAY-419,ORD-5837,16853,alipay,pending,2024-12-08
PAY-420,ORD-14160,"$10,136.00",wechat,success,05/07/2026
PAY-421,ORD-3868,7635,wechat,SUCCESS,19-08-2024
PAY-422,ORD-4859,11515,alipay,pending,2024-07-08
PAY-423,ORD-2220,14898,alipay,pending,2024-09-16
PAY-424,ORD-10450,12 022,wechat,success,2025-09-09
PAY-425,ORD-8509,6953,alipay,SUCCESS,2026-08-21
PAY-426,ORD-1392,"$8,829.00",COD,SUCCESS,05/17/2026
PAY-427,ORD-13657,13 428,alipay,pending,2025-11-17
PAY-428,ORD-5063,"$19,237.00",card,SUCCESS,20-04-2024
PAY-429,ORD-5781,"4 282,00",alipay,success,2026-11-07
PAY-430,ORD-3883,10 589,COD,SUCCESS,2026-04-19
PAY-431,ORD-7479,17663,wechat,success,08/01/2024
PAY-432,ORD-6582,11388,card,success,2025-02-05
PAY-433,ORD-13315,13105,COD,SUCCESS,2024-10-28
PAY-434,ORD-5282,6887,COD,pending,2024-07-04
PAY-435,ORD-3626,"$11,654.00",card,SUCCESS,23-06-2025
PAY-436,ORD-2443,4 379,COD,SUCCESS,08/25/2025
PAY-437,ORD-5547,"$15,052.00",COD,SUCCESS,2025-11-12
PAY-438,ORD-8113,"$7,210.00",alipay,SUCCESS,2025-10-25
PAY-439,ORD-9333,4712,wechat,pending,08/09/2025
PAY-440,ORD-2930,"$19,241.00",COD,success,18-10-2025
PAY-441,ORD-3242,9098,alipay,SUCCESS,2025-09-12
PAY-442,ORD-4243,2269,COD,SUCCESS,21-02-2024
PAY-443,ORD-1212,6 668,COD,success,2024-06-17
PAY-444,ORD-14289,"3 035,00",alipay,pending,05/24/2026
PAY-445,ORD-12528,"$15,202.00",alipay,SUCCESS,07/19/2024
PAY-446,ORD-4952,"18 465,00",card,pending,27-06-2025
PAY-447,ORD-1981,15236,alipay,success,03/21/2026
PAY-448,ORD-4651,13131,alipay,success,2026-10-09
PAY-449,ORD-9039,"$19,199.00",wechat,success,2026-10-08
PAY-450,ORD-14416,13818,wechat,success,02-10-2026
PAY-451,ORD-9168,"$6,370.00",alipay,pending,2025-05-07
PAY-452,ORD-4308,373,wechat,success,2025-11-01
PAY-453,ORD-7493,14 851,COD,success,2025-11-25
PAY-454,ORD-12950,5669,card,SUCCESS,18-07-2025
PAY-455,ORD-11090,"$7,501.00",alipay,success,2024-08-19
PAY-456,ORD-10874,18 057,card,pending,2024-08-21
PAY-457,ORD-751,5307,wechat,SUCCESS,08-08-2024
PAY-458,ORD-14094,"12 722,00",wechat,SUCCESS,04/01/2026
PAY-459,ORD-1930,3025,COD,failed,2026-11-16
PAY-460,ORD-7083,4623,wechat,success,2025-09-22
PAY-461,ORD-13981,15 807,alipay,success,2025-01-19
PAY-462,ORD-11781,"$7,106.00",alipay,SUCCESS,2025-01-19
PAY-463,ORD-6570,"$14,309.00",alipay,SUCCESS,2024-03-26
PAY-464,ORD-11427,"7 921,00",alipay,SUCCESS,22-07-2025
PAY-465,ORD-522,"$13,232.00",COD,success,18-06-2025
PAY-466,ORD-3110,6560,card,SUCCESS,09-09-2024
PAY-467,ORD-9712,9967,card,SUCCESS,2024-10-17
PAY-468,ORD-4366,3865,COD,SUCCESS,12/16/2025
PAY-469,ORD-4543,"6 418,00",card,SUCCESS,06/28/2026
PAY-470,ORD-13816,15577,COD,success,02-06-2026
PAY-471,ORD-10622,"3 689,00",wechat,pending,09/09/2026
PAY-472,ORD-13870,15832,wechat,SUCCESS,2025-09-04
PAY-473,ORD-640,1807,wechat,SUCCESS,2024-02-17
PAY-474,ORD-7053,14083,alipay,SUCCESS,04/26/2026
PAY-475,ORD-2621,2265,card,failed,2026-10-04
PAY-476,ORD-2410,10623,alipay,SUCCESS,07/09/2025
PAY-477,ORD-13097,19622,card,pending,03/19/2024
PAY-478,ORD-2189,10621,card,failed,2026-08-10
PAY-479,ORD-5205,$719.00,COD,SUCCESS,2025-05-18
PAY-480,ORD-350,5988,COD,SUCCESS,07/26/2026
PAY-481,ORD-6325,17841,COD,pending,02/14/2026
PAY-482,ORD-8902,13707,card,success,01-09-2026
PAY-483,ORD-4893,3008,wechat,success,08/10/2024
PAY-484,ORD-9742,"$4,485.00",COD,pending,2026-09-10
PAY-485,ORD-381,18235,alipay,SUCCESS,11-01-2024
PAY-486,ORD-4174,6297,alipay,success,01/01/2026
PAY-487,ORD-9276,"$3,651.00",alipay,SUCCESS,2025-05-18
PAY-488,ORD-4912,17 755,wechat,success,23-12-2026
PAY-489,ORD-14975,11335,COD,SUCCESS,20-10-2025
PAY-490,ORD-516,"$18,643.00",alipay,success,2025-01-25
PAY-491,ORD-12123,5341,COD,SUCCESS,2025-01-25
PAY-492,ORD-14566,"8 873,00",alipay,success,2026-02-19
PAY-493,ORD-12421,"$17,574.00",wechat,failed,08-12-2026
PAY-494,ORD-14413,2232,wechat,SUCCESS,2026-01-10
PAY-495,ORD-7870,"4 078,00",COD,success,2024-01-09
PAY-496,ORD-4957,10 041,card,SUCCESS,11/16/2025
PAY-497,ORD-14529,14636,alipay,SUCCESS,2024-05-02
PAY-498,ORD-6631,"$7,674.00",alipay,success,01/03/2025
PAY-499,ORD-9701,2512,wechat,SUCCESS,03-03-2025
PAY-500,ORD-6181,12344,card,success,06/05/2026
PAY-501,ORD-4449,15572,COD,SUCCESS,09-08-2025
PAY-502,ORD-10367,13925,card,pending,2025-01-18
PAY-503,ORD-6718,12922,COD,pending,2026-03-22
PAY-504,ORD-8948,"2 167,00",wechat,success,2024-04-23
PAY-505,ORD-7627,2377,COD,SUCCESS,08/04/2024
PAY-506,ORD-8016,12851,alipay,SUCCESS,28-10-2024
PAY-507,ORD-9742,6492,wechat,success,05/04/2026
PAY-508,ORD-12027,6944,COD,SUCCESS,12/02/2026
PAY-509,ORD-4027,11 223,wechat,success,2025-03-10
PAY-510,ORD-12150,4086,alipay,success,11/02/2024
PAY-511,ORD-9816,"$12,110.00",alipay,success,24-03-2026
PAY-512,ORD-12167,14916,COD,success,02/20/2025
PAY-513,ORD-6952,14976,COD,SUCCESS,08-06-2025
PAY-514,ORD-11842,"$5,665.00",wechat,SUCCESS,2024-09-07
PAY-515,ORD-6468,"2 873,00",alipay,SUCCESS,2026-11-14
PAY-516,ORD-5449,13 652,card,pending,2025-01-12
PAY-517,ORD-11460,7495,card,pending,09-11-2024
PAY-518,ORD-991,7 023,wechat,success,04/25/2025
PAY-519,ORD-3731,8662,alipay,success,07/18/2024
PAY-520,ORD-11043,10631,alipay,pending,28-10-2025
PAY-521,ORD-1515,18066,wechat,SUCCESS,19-09-2026
PAY-522,ORD-13210,3292,COD,pending,2024-05-17
PAY-523,ORD-9192,"13 855,00",card,SUCCESS,2026-09-07
PAY-524,ORD-7071,16514,wechat,pending,2024-08-17
PAY-525,ORD-2353,"$19,688.00",wechat,SUCCESS,2026-10-21
PAY-526,ORD-6826,"$1,168.00",alipay,pending,16-06-2025
PAY-527,ORD-3548,3234,card,SUCCESS,2024-10-22
PAY-528,ORD-8445,16 970,COD,success,2024-02-21
PAY-529,ORD-55,1 052,card,pending,27-06-2026
PAY-530,ORD-3835,4079,alipay,pending,2026-11-24
PAY-531,ORD-644,"$17,137.00",card,SUCCESS,03/01/2025
PAY-532,ORD-10088,6401,COD,success,02-02-2026
PAY-533,ORD-10357,6825,wechat,pending,2024-06-27
PAY-534,ORD-1874,346,card,success,2025-06-12
PAY-535,ORD-5820,1305,COD,pending,2026-08-16
PAY-536,ORD-10177,"$16,029.00",alipay,success,12/18/2024
PAY-537,ORD-6725,13565,alipay,success,2024-07-04
PAY-538,ORD-9281,"$12,374.00",alipay,pending,01-07-2025
PAY-539,ORD-14509,13 784,alipay,pending,2026-07-17
PAY-540,ORD-12037,6 859,wechat,SUCCESS,2026-12-28
PAY-541,ORD-11014,3791,wechat,pending,2024-03-17
PAY-542,ORD-5873,6627,alipay,SUCCESS,06/26/2025
PAY-543,ORD-10839,10538,wechat,failed,2024-09-03
PAY-544,ORD-10197,7216,alipay,success,11/15/2024
PAY-545,ORD-11496,12351,wechat,failed,2025-03-08
PAY-546,ORD-10118,"11 578,00",card,pending,2025-12-28
PAY-547,ORD-12836,2657,wechat,success,2024-01-04
PAY-548,ORD-2835,9035,card,pending,2024-08-26
PAY-549,ORD-3450,19807,card,pending,2026-12-15
PAY-550,ORD-9855,7912,card,success,2025-11-07
PAY-551,ORD-13591,584,alipay,SUCCESS,04/19/2026
PAY-552,ORD-14175,"$6,172.00",card,success,01/28/2025
PAY-553,ORD-11784,16709,COD,failed,04/02/2024
PAY-554,ORD-470,18636,wechat,success,01/08/2025
PAY-555,ORD-3178,"$1,840.00",wechat,SUCCESS,01/14/2026
PAY-556,ORD-4073,12539,COD,pending,04/21/2024
PAY-557,ORD-12933,5270,card,SUCCESS,2026-12-18
PAY-558,ORD-14603,5632,wechat,SUCCESS,15-11-2025
PAY-559,ORD-9108,5711,alipay,SUCCESS,2025-06-21
PAY-560,ORD-3846,3187,alipay,pending,2025-01-14
PAY-561,ORD-2272,14396,card,SUCCESS,03/03/2024
PAY-562,ORD-6240,9858,wechat,success,2024-04-26
PAY-563,ORD-13726,8309,card,success,21-01-2026
PAY-564,ORD-7295,8113,alipay,SUCCESS,10/06/2025
PAY-565,ORD-13371,6535,card,SUCCESS,27-08-2024
PAY-566,ORD-14318,2668,alipay,SUCCESS,2024-05-03
PAY-567,ORD-11671,11825,card,SUCCESS,2026-12-23
PAY-568,ORD-9811,14163,card,SUCCESS,12-12-2025
PAY-569,ORD-10263,12414,wechat,success,2026-08-06
PAY-570,ORD-1994,7574,alipay,failed,26-02-2024
PAY-571,ORD-2035,13 276,card,SUCCESS,2026-09-07
PAY-572,ORD-5687,1101,card,pending,08/25/2024
PAY-573,ORD-5618,"$15,179.00",card,SUCCESS,03-01-2025
PAY-574,ORD-11078,17697,alipay,SUCCESS,2024-12-14
PAY-575,ORD-548,"$10,859.00",alipay,SUCCESS,02/17/2026
PAY-576,ORD-185,7 344,wechat,SUCCESS,02-03-2026
PAY-577,ORD-7481,14791,COD,pending,19-02-2025
PAY-578,ORD-4872,5687,alipay,success,10/23/2026
PAY-579,ORD-12070,3 162,COD,SUCCESS,2026-10-18
PAY-580,ORD-4836,"18 195,00",alipay,success,2024-11-28
PAY-581,ORD-12712,15455,wechat,pending,2026-05-25
PAY-582,ORD-11681,3 157,COD,pending,2026-02-20
PAY-583,ORD-6846,6 210,COD,SUCCESS,24-04-2026
PAY-584,ORD-13404,329,card,failed,27-01-2024
PAY-585,ORD-5427,14452,COD,SUCCESS,2026-04-18
PAY-586,ORD-13664,"$4,825.00",COD,SUCCESS,2025-07-03
PAY-587,ORD-13804,9577,wechat,SUCCESS,02-10-2024
PAY-588,ORD-12894,"$4,255.00",card,pending,10/20/2024
PAY-589,ORD-3439,6343,alipay,success,15-11-2024
PAY-590,ORD-482,14491,COD,success,2024-06-15
PAY-591,ORD-9849,"$7,754.00",COD,SUCCESS,2024-06-09
PAY-592,ORD-756,"17 627,00",wechat,success,10/06/2026
PAY-593,ORD-8885,"$19,753.00",card,success,2024-11-13
PAY-594,ORD-14123,10 351,wechat,success,2024-11-22
PAY-595,ORD-9183,"$4,908.00",wechat,SUCCESS,2025-01-07
PAY-596,ORD-7282,713,alipay,success,2024-08-07
PAY-597,ORD-4463,"$7,582.00",COD,pending,12/27/2024
PAY-598,ORD-9548,"$18,696.00",alipay,SUCCESS,19-01-2024
PAY-599,ORD-1239,198,COD,SUCCESS,02-04-2024
PAY-600,ORD-7572,"$9,603.00",wechat,SUCCESS,12/09/2026
PAY-601,ORD-13945,"$19,366.00",COD,pending,03/19/2026
PAY-602,ORD-3326,12409,COD,success,09/13/2024
PAY-603,ORD-8584,8362,COD,SUCCESS,02/16/2025
PAY-604,ORD-10661,2246,card,SUCCESS,2026-11-01
PAY-605,ORD-1966,8258,wechat,SUCCESS,17-01-2024
PAY-606,ORD-5541,2 459,alipay,success,04-04-2024
PAY-607,ORD-5532,$853.00,wechat,success,2025-10-09
PAY-608,ORD-801,5175,alipay,SUCCESS,2025-07-02
PAY-609,ORD-5731,"$14,826.00",COD,success,2026-08-11
PAY-610,ORD-3762,5478,COD,failed,04-01-2026
PAY-611,ORD-6727,16 711,wechat,success,04/22/2026
PAY-612,ORD-1038,"$4,427.00",COD,pending,2024-12-12
PAY-613,ORD-154,58,alipay,SUCCESS,06/15/2024
PAY-614,ORD-6981,"$15,550.00",card,pending,2025-03-22
PAY-615,ORD-10554,"2 539,00",alipay,pending,2025-04-08
PAY-616,ORD-14985,337,COD,success,2026-02-23
PAY-617,ORD-9844,"$8,029.00",wechat,success,2025-05-24
PAY-618,ORD-4458,8037,alipay,success,2026-06-28
PAY-619,ORD-5177,"$2,762.00",alipay,pending,2024-08-08
PAY-620,ORD-5591,13774,alipay,SUCCESS,21-12-2026
PAY-621,ORD-9862,11703,wechat,SUCCESS,2024-03-13
PAY-622,ORD-9053,"$18,551.00",wechat,success,2026-03-14
PAY-623,ORD-4601,5160,COD,SUCCESS,2025-02-10
PAY-624,ORD-14134,10505,COD,pending,04-04-2024
PAY-625,ORD-5097,3269,COD,pending,08-07-2026
PAY-626,ORD-13646,9790,card,pending,09/24/2025
PAY-627,ORD-12176,6318,card,SUCCESS,2026-02-09
PAY-628,ORD-11854,12 238,card,pending,24-04-2026
PAY-629,ORD-13910,"$12,112.00",alipay,success,12/10/2024
PAY-630,ORD-4632,14930,COD,pending,2026-12-23
PAY-631,ORD-13336,13 281,wechat,SUCCESS,03/08/2024
PAY-632,ORD-13194,"$15,809.00",card,success,09/14/2025
PAY-633,ORD-7089,"16 357,00",card,pending,2025-07-28
PAY-634,ORD-9855,4419,COD,pending,2025-03-17
PAY-635,ORD-5641,"15 182,00",alipay,SUCCESS,02/02/2024
PAY-636,ORD-5144,"$3,518.00",card,success,16-08-2026
PAY-637,ORD-9550,"$7,022.00",alipay,SUCCESS,22-05-2024
PAY-638,ORD-2654,7619,card,pending,07/10/2026
PAY-639,ORD-9710,11041,alipay,success,2025-07-12
PAY-640,ORD-1729,16177,card,SUCCESS,03/01/2026
PAY-641,ORD-3692,12 236,COD,SUCCESS,01/07/2026
PAY-642,ORD-4584,18491,alipay,SUCCESS,2025-04-26
PAY-643,ORD-1327,12886,wechat,pending,07/04/2024
PAY-644,ORD-13933,11127,card,success,01/06/2025
PAY-645,ORD-1242,14993,COD,pending,09/26/2024
PAY-646,ORD-9539,1 209,wechat,SUCCESS,2026-12-14
PAY-647,ORD-3708,5155,card,SUCCESS,07/24/2026
PAY-648,ORD-13711,6313,card,pending,2025-01-02
PAY-649,ORD-9095,7845,card,success,02-08-2026
PAY-650,ORD-3429,3214,alipay,pending,2024-08-19
PAY-651,ORD-752,1099,alipay,SUCCESS,2024-04-13
PAY-652,ORD-9831,14 422,wechat,success,09/01/2024
PAY-653,ORD-5764,15539,wechat,success,2025-10-14
PAY-654,ORD-11787,117,alipay,SUCCESS,03/06/2026
PAY-655,ORD-7420,"18 312,00",card,success,2026-03-01
PAY-656,ORD-9384,776,alipay,success,2026-06-07
PAY-657,ORD-5274,16868,wechat,success,14-08-2025
PAY-658,ORD-1584,16646,wechat,success,2026-12-09
PAY-659,ORD-5208,12210,alipay,SUCCESS,12/25/2025
PAY-660,ORD-10530,"$7,836.00",wechat,success,2026-09-23
PAY-661,ORD-9247,"$14,942.00",card,SUCCESS,2026-11-26
PAY-662,ORD-9098,"$5,388.00",COD,pending,08-04-2026
PAY-663,ORD-1168,"$19,549.00",wechat,pending,11-10-2025
PAY-664,ORD-8523,"$13,105.00",wechat,pending,2026-05-26
PAY-665,ORD-9099,14608,wechat,pending,2024-09-18
PAY-666,ORD-2309,3906,wechat,failed,19-02-2026
PAY-667,ORD-9210,"$15,994.00",alipay,success,12-03-2025
PAY-668,ORD-4792,14202,card,SUCCESS,05-10-2025
PAY-669,ORD-6612,5 105,card,success,24-01-2024
PAY-670,ORD-12172,"$3,190.00",COD,success,13-04-2026
PAY-671,ORD-8658,"9 116,00",COD,success,2024-10-06
PAY-672,ORD-11352,754,COD,success,2025-05-22
PAY-673,ORD-7017,10551,COD,success,07/09/2024
PAY-674,ORD-1463,10146,COD,SUCCESS,11/27/2025
PAY-675,ORD-12250,7998,alipay,failed,2024-09-26
PAY-676,ORD-1191,"$19,566.00",card,success,2025-06-05
PAY-677,ORD-10959,"$18,891.00",wechat,SUCCESS,11/13/2024
PAY-678,ORD-13687,1315,COD,SUCCESS,2024-12-05
PAY-679,ORD-5032,18 988,COD,pending,2026-11-05
PAY-680,ORD-7992,"$6,244.00",COD,SUCCESS,06-05-2026
PAY-681,ORD-7048,15 135,wechat,SUCCESS,2026-05-10
PAY-682,ORD-10476,"$6,238.00",card,SUCCESS,08/17/2024
PAY-683,ORD-12817,"$12,189.00",alipay,pending,2026-12-09
PAY-684,ORD-11792,8223,wechat,SUCCESS,2024-06-23
PAY-685,ORD-5811,1198,COD,SUCCESS,11/28/2025
PAY-686,ORD-10136,329,COD,SUCCESS,06/21/2025
PAY-687,ORD-3035,12304,card,SUCCESS,2024-05-09
PAY-688,ORD-1773,3 302,wechat,pending,2025-08-15
PAY-689,ORD-4231,1923,alipay,success,2024-07-03
PAY-690,ORD-14318,"$14,754.00",card,pending,2026-01-19
PAY-691,ORD-2394,"$3,103.00",alipay,SUCCESS,2026-01-07
PAY-692,ORD-10321,3219,wechat,SUCCESS,2026-12-07
PAY-693,ORD-8436,"$17,804.00",card,SUCCESS,2026-12-18
PAY-694,ORD-10364,13715,COD,pending,2026-02-03
PAY-695,ORD-5447,17051,COD,SUCCESS,2026-03-10
PAY-696,ORD-8435,"$7,625.00",alipay,pending,2025-11-05
PAY-697,ORD-3085,"$17,815.00",card,SUCCESS,08/27/2024
PAY-698,ORD-743,17153,wechat,SUCCESS,2026-04-12
PAY-699,ORD-7054,"18 611,00",alipay,pending,04/17/2024
PAY-700,ORD-13587,"11 210,00",alipay,SUCCESS,06/20/2025
PAY-701,ORD-1890,"$1,330.00",alipay,success,04/21/2024
PAY-702,ORD-4735,9681,wechat,pending,2026-09-07
PAY-703,ORD-6798,950,card,pending,12/15/2024
PAY-704,ORD-2534,"8 556,00",COD,pending,2025-12-15
PAY-705,ORD-5864,"1 728,00",COD,success,2024-06-06
PAY-706,ORD-1304,2 530,alipay,success,11/19/2026
PAY-707,ORD-11495,8384,wechat,SUCCESS,12/14/2026
PAY-708,ORD-4106,8239,card,SUCCESS,09/06/2026
PAY-709,ORD-9812,15637,wechat,pending,05/18/2025
PAY-710,ORD-2939,4279,alipay,SUCCESS,2026-10-23
PAY-711,ORD-1742,18 783,card,SUCCESS,2025-05-12
PAY-712,ORD-12806,$937.00,COD,pending,2024-02-23
PAY-713,ORD-5649,2 089,wechat,SUCCESS,17-07-2025
PAY-714,ORD-2190,6143,alipay,SUCCESS,2024-03-26
PAY-715,ORD-12406,19992,alipay,pending,2026-04-20
PAY-716,ORD-318,14 866,wechat,success,06-05-2025
PAY-717,ORD-8642,"$10,573.00",wechat,success,15-02-2024
PAY-718,ORD-1316,"$11,027.00",alipay,success,2026-07-20
PAY-719,ORD-7251,"$7,782.00",COD,SUCCESS,07/28/2025
PAY-720,ORD-9784,"11 551,00",alipay,SUCCESS,15-05-2026
PAY-721,ORD-14397,16 112,wechat,SUCCESS,06/10/2026
PAY-722,ORD-12526,14186,card,SUCCESS,01/08/2024
PAY-723,ORD-6912,11635,card,SUCCESS,2026-07-19
PAY-724,ORD-7922,"$18,352.00",card,SUCCESS,06-02-2024
PAY-725,ORD-12145,19028,wechat,pending,09/26/2024
PAY-726,ORD-7921,13 937,COD,failed,25-12-2026
PAY-727,ORD-6381,19580,card,SUCCESS,20-11-2026
PAY-728,ORD-3953,"15 655,00",card,pending,23-10-2024
PAY-729,ORD-6754,15706,card,pending,01/04/2025
PAY-730,ORD-3723,"16 791,00",wechat,pending,04/13/2024
PAY-731,ORD-3999,526,alipay,SUCCESS,2025-11-10
PAY-732,ORD-1699,"$2,494.00",COD,pending,2025-03-10
PAY-733,ORD-11263,"$4,503.00",card,failed,2025-09-19
PAY-734,ORD-7146,"147,00",COD,pending,2024-08-19
PAY-735,ORD-12751,"$17,688.00",COD,pending,10/04/2026
PAY-736,ORD-9343,"$11,781.00",COD,SUCCESS,08/06/2025
PAY-737,ORD-14666,14726,alipay,success,2025-08-06
PAY-738,ORD-4767,2471,wechat,SUCCESS,2025-01-02
PAY-739,ORD-871,1 555,wechat,success,2025-04-18
PAY-740,ORD-3650,"$13,088.00",card,success,22-05-2026
PAY-741,ORD-11437,"$1,656.00",COD,success,2024-08-17
PAY-742,ORD-512,5910,card,pending,04/21/2024
PAY-743,ORD-13886,8525,COD,pending,04/08/2025
PAY-744,ORD-9660,17402,wechat,success,2026-11-22
PAY-745,ORD-3442,10215,wechat,SUCCESS,2024-03-16
PAY-746,ORD-3251,"$11,288.00",card,SUCCESS,2026-12-24
PAY-747,ORD-8867,4661,wechat,pending,2026-01-19
PAY-748,ORD-9265,"$9,040.00",COD,success,01/10/2024
PAY-749,ORD-11650,"$7,165.00",wechat,SUCCESS,2025-12-03
PAY-750,ORD-14479,3201,card,SUCCESS,2025-07-19
PAY-751,ORD-3935,"$10,473.00",COD,success,2026-04-19
PAY-752,ORD-6644,"$15,930.00",wechat,success,2024-05-14
PAY-753,ORD-7639,19778,wechat,SUCCESS,02-12-2025
PAY-754,ORD-6451,"$12,214.00",COD,pending,08/08/2025
PAY-755,ORD-91,"2 611,00",wechat,pending,06/21/2026
PAY-756,ORD-8764,7560,COD,pending,2024-06-16
PAY-757,ORD-8381,"$3,143.00",wechat,SUCCESS,2026-02-11
PAY-758,ORD-11799,$192.00,alipay,pending,2026-10-16
PAY-759,ORD-14077,"$11,698.00",COD,pending,08-03-2026
PAY-760,ORD-10953,15175,COD,pending,2024-06-07
PAY-761,ORD-10789,11535,card,pending,2024-07-28
PAY-762,ORD-1273,"$14,183.00",COD,pending,03-02-2025
PAY-763,ORD-8860,5229,card,SUCCESS,12/16/2026
PAY-764,ORD-14733,12274,card,pending,2026-02-26
PAY-765,ORD-12171,"$18,402.00",card,success,2024-05-01
PAY-766,ORD-7671,9494,wechat,success,2025-07-08
PAY-767,ORD-3278,"5 869,00",card,SUCCESS,12/21/2025
PAY-768,ORD-2368,"$18,211.00",wechat,SUCCESS,10/16/2025
PAY-769,ORD-9179,19293,alipay,pending,2025-02-01
PAY-770,ORD-4057,"$8,185.00",card,SUCCESS,2024-02-03
PAY-771,ORD-11586,"17 699,00",COD,pending,11-11-2025
PAY-772,ORD-12989,2759,COD,success,2025-07-08
PAY-773,ORD-328,8420,wechat,pending,12/17/2026
PAY-774,ORD-10768,18643,COD,SUCCESS,02-07-2025
PAY-775,ORD-1030,13059,wechat,failed,27-05-2024
PAY-776,ORD-1867,"$12,665.00",COD,pending,2024-01-18
PAY-777,ORD-10384,1735,COD,SUCCESS,2026-08-05
PAY-778,ORD-2241,"$11,983.00",card,pending,2026-11-07
PAY-779,ORD-10094,"2 874,00",alipay,pending,2026-10-07
PAY-780,ORD-5876,11667,COD,pending,02/27/2025
PAY-781,ORD-2561,2 318,card,pending,2026-12-19
PAY-782,ORD-4861,18 467,COD,SUCCESS,04/26/2024
PAY-783,ORD-4804,"15 882,00",alipay,pending,2026-03-04
PAY-784,ORD-3278,10062,COD,SUCCESS,2025-03-10
PAY-785,ORD-6512,4 044,COD,success,10/08/2025
PAY-786,ORD-1229,15 707,COD,SUCCESS,04/26/2025
PAY-787,ORD-11912,"1 744,00",card,SUCCESS,2024-06-21
PAY-788,ORD-14543,17665,wechat,success,2025-05-19
PAY-789,ORD-2056,3495,alipay,SUCCESS,2025-09-25
PAY-790,ORD-6276,7388,alipay,success,2026-12-17
PAY-791,ORD-8161,7747,COD,success,25-08-2024
PAY-792,ORD-5741,15767,wechat,success,2024-02-12
PAY-793,ORD-11595,916,card,pending,03-09-2024
PAY-794,ORD-9342,"$18,985.00",wechat,success,19-08-2026
PAY-795,ORD-1442,9798,wechat,success,2026-11-02
PAY-796,ORD-8532,12462,alipay,pending,2026-05-21
PAY-797,ORD-8449,4731,wechat,success,2024-12-10
PAY-798,ORD-151,"10 167,00",alipay,success,2026-07-01
PAY-799,ORD-7445,4147,COD,success,08/26/2026
PAY-800,ORD-10517,"$14,669.00",COD,success,2025-07-26
PAY-801,ORD-14235,"$16,547.00",alipay,success,21-01-2025
PAY-802,ORD-3226,12042,COD,SUCCESS,2025-08-22
PAY-803,ORD-6481,13270,card,success,04-12-2025
PAY-804,ORD-4298,"19 850,00",wechat,pending,10/25/2024
PAY-805,ORD-5261,"15 527,00",COD,SUCCESS,2026-04-13
PAY-806,ORD-4021,"$19,026.00",wechat,pending,05/08/2024
PAY-807,ORD-14682,5665,wechat,SUCCESS,06/18/2025
PAY-808,ORD-2036,17 320,COD,success,19-10-2026
PAY-809,ORD-7197,2410,COD,success,08/05/2026
PAY-810,ORD-11923,9084,COD,success,02/15/2024
PAY-811,ORD-3258,17 872,alipay,pending,2025-11-01
PAY-812,ORD-11027,3130,wechat,pending,2025-10-02
PAY-813,ORD-5752,"17 840,00",COD,success,2025-09-23
PAY-814,ORD-13898,6836,card,SUCCESS,04-10-2026
PAY-815,ORD-4134,14419,alipay,SUCCESS,05/05/2025
PAY-816,ORD-11653,3449,wechat,SUCCESS,06/18/2024
PAY-817,ORD-284,8638,alipay,success,2026-12-09
PAY-818,ORD-14302,"507,00",COD,pending,05/20/2025
PAY-819,ORD-14339,3336,card,success,04-07-2026
PAY-820,ORD-1303,4 728,wechat,SUCCESS,01/26/2025
PAY-821,ORD-7457,12712,card,pending,2026-06-01
PAY-822,ORD-626,16320,card,SUCCESS,11/24/2025
PAY-823,ORD-1232,3738,wechat,SUCCESS,02/05/2026
PAY-824,ORD-14598,240,wechat,pending,16-07-2025
PAY-825,ORD-14860,"$19,402.00",wechat,pending,2024-06-10
PAY-826,ORD-12533,"$4,502.00",COD,pending,2026-08-16
PAY-827,ORD-4251,9 166,COD,pending,2024-04-15
PAY-828,ORD-12476,12347,card,SUCCESS,2025-06-22
PAY-829,ORD-2392,"$10,013.00",COD,success,04-06-2026
PAY-830,ORD-13475,"11 114,00",wechat,success,2025-08-15
PAY-831,ORD-11958,"10 869,00",alipay,SUCCESS,10-03-2026
PAY-832,ORD-14896,16196,COD,success,11-07-2024
PAY-833,ORD-8768,"$15,762.00",alipay,success,08-04-2026
PAY-834,ORD-14719,15569,alipay,SUCCESS,2024-12-09
PAY-835,ORD-14382,"$17,505.00",COD,success,2026-07-22
PAY-836,ORD-2627,"$12,705.00",wechat,pending,01/11/2026
PAY-837,ORD-4334,4840,alipay,pending,12/21/2026
PAY-838,ORD-10599,"$19,534.00",card,SUCCESS,2024-11-05
PAY-839,ORD-11037,19688,card,success,14-04-2025
PAY-840,ORD-10191,1581,COD,SUCCESS,2024-02-06
PAY-841,ORD-672,"10 054,00",alipay,pending,24-07-2026
PAY-842,ORD-1038,12 571,COD,SUCCESS,08/23/2025
PAY-843,ORD-1488,1190,wechat,SUCCESS,2024-02-24
PAY-844,ORD-3102,5 123,wechat,pending,07/11/2025
PAY-845,ORD-4769,18077,card,SUCCESS,2026-09-12
PAY-846,ORD-2177,"19 982,00",alipay,SUCCESS,2024-09-16
PAY-847,ORD-4683,"$6,350.00",card,pending,2024-02-14
PAY-848,ORD-14057,11170,card,success,01/10/2025
PAY-849,ORD-329,5911,card,SUCCESS,13-04-2025
PAY-850,ORD-12429,"$15,841.00",alipay,pending,2024-04-23
PAY-851,ORD-9587,"$11,803.00",card,success,2025-05-10
PAY-852,ORD-3485,19198,wechat,success,2026-01-15
PAY-853,ORD-1015,"$10,361.00",alipay,SUCCESS,2026-09-03
PAY-854,ORD-5295,"$14,992.00",alipay,pending,2025-10-06
PAY-855,ORD-1645,8004,wechat,pending,2026-02-28
PAY-856,ORD-9613,"$8,466.00",alipay,success,08/19/2024
PAY-857,ORD-14912,"4 542,00",card,pending,11/12/2025
PAY-858,ORD-1066,"8 362,00",card,SUCCESS,2024-11-05
PAY-859,ORD-12324,5270,wechat,SUCCESS,21-10-2025
PAY-860,ORD-13646,3413,COD,SUCCESS,23-03-2025
PAY-861,ORD-13640,19870,alipay,failed,02/05/2026
PAY-862,ORD-2413,"$16,326.00",wechat,SUCCESS,10/09/2025
PAY-863,ORD-13461,5812,alipay,SUCCESS,2024-09-16
PAY-864,ORD-2909,"11 085,00",alipay,SUCCESS,2025-06-19
PAY-865,ORD-5937,1572,alipay,pending,20-05-2026
PAY-866,ORD-9074,13 354,COD,SUCCESS,2025-11-27
PAY-867,ORD-2160,6694,wechat,success,2026-07-23
PAY-868,ORD-8152,"$9,272.00",wechat,SUCCESS,06/28/2025
PAY-869,ORD-8127,18229,COD,SUCCESS,2026-09-08
PAY-870,ORD-7335,18474,COD,pending,2024-03-06
PAY-871,ORD-6464,"$1,039.00",COD,pending,2025-04-19
PAY-872,ORD-11361,10531,COD,pending,2025-11-22
PAY-873,ORD-1519,3722,card,pending,08/15/2024
PAY-874,ORD-13534,"10 273,00",COD,SUCCESS,2026-01-11
PAY-875,ORD-7839,14977,wechat,success,2024-10-03
PAY-876,ORD-9250,17366,card,SUCCESS,2025-03-20
PAY-877,ORD-11446,"$19,979.00",COD,success,2025-02-09
PAY-878,ORD-5158,8370,COD,success,07/02/2025
PAY-879,ORD-7377,9851,alipay,SUCCESS,08/28/2024
PAY-880,ORD-395,"8 484,00",card,pending,12/01/2026
PAY-881,ORD-5115,16309,alipay,pending,01/26/2026
PAY-882,ORD-7970,17946,COD,success,04/28/2024
PAY-883,ORD-10842,"$9,172.00",wechat,pending,2025-10-19
PAY-884,ORD-210,12877,card,pending,10/11/2026
PAY-885,ORD-3735,1002,alipay,success,24-12-2025
PAY-886,ORD-6598,16 510,wechat,pending,02/14/2026
PAY-887,ORD-2617,12937,wechat,SUCCESS,09/14/2025
PAY-888,ORD-3759,17 737,wechat,SUCCESS,2025-02-27
PAY-889,ORD-7589,"10 950,00",COD,SUCCESS,10/10/2026
PAY-890,ORD-6159,"$14,076.00",alipay,SUCCESS,09/10/2024
PAY-891,ORD-5693,"15 539,00",alipay,success,11/15/2026
PAY-892,ORD-3596,9099,wechat,pending,2025-01-03
PAY-893,ORD-3669,7117,alipay,SUCCESS,03/26/2026
PAY-894,ORD-7776,6830,alipay,SUCCESS,02/20/2025
PAY-895,ORD-6143,135,alipay,success,2024-01-03
PAY-896,ORD-2451,7589,card,pending,2024-09-02
PAY-897,ORD-12255,"14 834,00",alipay,pending,03/27/2025
PAY-898,ORD-1678,17288,wechat,pending,09/24/2024
PAY-899,ORD-3921,"$3,575.00",card,success,2024-07-03
PAY-900,ORD-13806,1958,COD,pending,2026-09-06
PAY-901,ORD-14920,11195,alipay,pending,09/26/2025
PAY-902,ORD-10740,"$9,618.00",COD,success,10/17/2024
PAY-903,ORD-7829,16820,COD,pending,28-07-2026
PAY-904,ORD-12527,16831,wechat,success,2025-02-24
PAY-905,ORD-1495,17635,alipay,SUCCESS,08/22/2024
PAY-906,ORD-8510,"$2,175.00",card,SUCCESS,06/10/2026
PAY-907,ORD-6914,"$12,854.00",COD,pending,2026-01-12
PAY-908,ORD-873,"17 474,00",card,SUCCESS,12-02-2025
PAY-909,ORD-4801,4241,wechat,SUCCESS,18-02-2025
PAY-910,ORD-10612,"$16,552.00",alipay,success,05-08-2026
PAY-911,ORD-10650,"$4,194.00",COD,SUCCESS,12-03-2026
PAY-912,ORD-9859,700,alipay,success,2024-11-03
PAY-913,ORD-1986,15678,alipay,success,2024-09-16
PAY-914,ORD-1455,"$8,050.00",card,SUCCESS,2024-09-25
PAY-915,ORD-843,"$12,430.00",card,SUCCESS,07/12/2024
PAY-916,ORD-7062,"10 756,00",card,SUCCESS,12-02-2024
PAY-917,ORD-7254,"$3,468.00",alipay,pending,11-11-2026
PAY-918,ORD-13343,4383,card,pending,11/14/2024
PAY-919,ORD-7986,15707,COD,pending,06-03-2026
PAY-920,ORD-3866,14129,alipay,success,2026-02-03
PAY-921,ORD-11235,"$17,392.00",alipay,success,06/21/2024
PAY-922,ORD-12367,8406,alipay,pending,11/07/2025
PAY-923,ORD-6542,19 550,wechat,success,04/03/2025
PAY-924,ORD-7161,"$19,126.00",wechat,pending,2026-09-14
PAY-925,ORD-12364,18114,alipay,pending,16-09-2024
PAY-926,ORD-6985,15854,wechat,pending,2025-02-20
PAY-927,ORD-5661,"$14,153.00",wechat,pending,23-12-2026
PAY-928,ORD-7251,9207,alipay,success,2025-02-11
PAY-929,ORD-10756,18920,COD,SUCCESS,2026-05-26
PAY-930,ORD-14990,3723,card,SUCCESS,2025-04-28
PAY-931,ORD-6266,11115,COD,SUCCESS,26-12-2024
PAY-932,ORD-8059,5845,card,pending,06-03-2026
PAY-933,ORD-11636,12238,card,SUCCESS,20-02-2026
PAY-934,ORD-1983,"$17,172.00",alipay,SUCCESS,01-09-2026
PAY-935,ORD-2534,887,wechat,pending,2025-02-06
PAY-936,ORD-13104,4377,card,SUCCESS,2026-02-27
PAY-937,ORD-2606,1476,COD,success,2025-03-14
PAY-938,ORD-3271,11063,card,SUCCESS,18-12-2024
PAY-939,ORD-10897,18 268,alipay,SUCCESS,2026-08-20
PAY-940,ORD-148,7675,wechat,success,04-01-2026
PAY-941,ORD-9891,8433,card,SUCCESS,01/06/2024
PAY-942,ORD-13525,"$6,082.00",COD,pending,2024-07-20
PAY-943,ORD-8088,4566,COD,success,10/19/2025
PAY-944,ORD-8025,18239,wechat,success,2025-04-26
PAY-945,ORD-13018,1597,card,SUCCESS,04/06/2024
PAY-946,ORD-3973,9 538,alipay,pending,09/15/2024
PAY-947,ORD-8419,8837,card,pending,2025-10-09
PAY-948,ORD-8659,"$5,975.00",COD,pending,2024-07-10
PAY-949,ORD-9065,18319,card,success,03/28/2025
PAY-950,ORD-10132,12906,card,success,2025-02-23
PAY-951,ORD-14147,11270,card,pending,2026-07-27
PAY-952,ORD-14967,"$1,126.00",card,SUCCESS,2026-06-19
PAY-953,ORD-2378,"$16,167.00",COD,SUCCESS,2025-09-12
PAY-954,ORD-3747,4558,wechat,success,06/19/2025
PAY-955,ORD-14484,5 755,wechat,pending,07/17/2026
PAY-956,ORD-1975,"$16,359.00",COD,SUCCESS,25-03-2026
PAY-957,ORD-1029,"$7,749.00",COD,success,17-02-2026
PAY-958,ORD-6705,5767,COD,SUCCESS,05/07/2026
PAY-959,ORD-8891,15946,COD,SUCCESS,2024-04-22
PAY-960,ORD-7043,"$18,684.00",alipay,pending,10-12-2024
PAY-961,ORD-11680,"$3,573.00",alipay,SUCCESS,2025-12-13
PAY-962,ORD-2179,18560,wechat,success,2025-12-03
PAY-963,ORD-4632,"$15,853.00",card,success,2025-10-25
PAY-964,ORD-3850,13626,wechat,success,08-04-2024
PAY-965,ORD-5336,"$5,038.00",alipay,success,03-03-2026
PAY-966,ORD-5780,18 266,wechat,success,24-05-2024
PAY-967,ORD-3268,10642,card,SUCCESS,2024-11-02
PAY-968,ORD-9928,17866,card,pending,02/20/2024
PAY-969,ORD-2356,"$18,182.00",wechat,pending,2025-12-18
PAY-970,ORD-1711,18087,card,pending,2025-11-05
PAY-971,ORD-5383,12892,alipay,pending,05-01-2024
PAY-972,ORD-7792,14091,card,pending,2025-06-15
PAY-973,ORD-2853,11399,card,pending,2024-03-28
PAY-974,ORD-3841,14964,card,success,2026-08-04
PAY-975,ORD-6075,"11 210,00",alipay,pending,2025-03-20
PAY-976,ORD-9092,14948,card,SUCCESS,2025-12-14
PAY-977,ORD-11134,3070,wechat,pending,08-05-2025
PAY-978,ORD-14239,"$11,334.00",wechat,pending,10/19/2025
PAY-979,ORD-13458,"$11,618.00",COD,pending,2025-10-02
PAY-980,ORD-4583,12656,card,pending,2026-12-04
PAY-981,ORD-14661,14710,card,SUCCESS,24-10-2024
PAY-982,ORD-12646,1011,alipay,SUCCESS,2024-03-17
PAY-983,ORD-13746,"13 758,00",COD,pending,05-10-2026
PAY-984,ORD-2487,18071,alipay,failed,14-01-2024
PAY-985,ORD-8640,13494,alipay,success,10/05/2025
PAY-986,ORD-3832,16485,alipay,SUCCESS,15-08-2025
PAY-987,ORD-7286,"$16,156.00",COD,success,04/22/2025
PAY-988,ORD-3891,827,card,pending,2026-07-22
PAY-989,ORD-8529,"$11,413.00",wechat,success,2024-01-11
PAY-990,ORD-7983,11121,wechat,SUCCESS,2026-12-13
PAY-991,ORD-7833,"$9,668.00",alipay,success,2026-02-27
PAY-992,ORD-14787,2259,wechat,pending,23-04-2025
PAY-993,ORD-3349,12 079,COD,pending,11-08-2026
PAY-994,ORD-2688,6631,wechat,SUCCESS,2026-04-03
PAY-995,ORD-13801,12802,card,success,13-07-2025
PAY-996,ORD-3509,1525,COD,success,2024-11-10
PAY-997,ORD-12302,"7 586,00",card,pending,2024-10-10
PAY-998,ORD-7718,10839,COD,success,12/04/2024
PAY-999,ORD-691,"$5,017.00",card,SUCCESS,2025-01-10
PAY-1000,ORD-12606,"$14,382.00",card,success,2026-08-27
PAY-1001,ORD-9501,7297,wechat,success,2024-10-19
PAY-1002,ORD-2574,2727,alipay,success,2025-06-26
PAY-1003,ORD-8527,11 288,alipay,pending,2024-11-15
PAY-1004,ORD-13501,17746,alipay,failed,12/07/2024
PAY-1005,ORD-14474,16 967,card,success,20-12-2026
PAY-1006,ORD-7241,"$15,235.00",card,pending,2026-10-06
PAY-1007,ORD-13204,18 625,card,success,2026-04-07
PAY-1008,ORD-12187,17425,wechat,SUCCESS,2025-07-16
PAY-1009,ORD-12455,"$8,829.00",COD,pending,2025-03-03
PAY-1010,ORD-6382,13311,card,success,04/19/2025
PAY-1011,ORD-5981,"$12,506.00",COD,SUCCESS,2025-10-24
PAY-1012,ORD-436,"$3,290.00",alipay,pending,09-02-2024
PAY-1013,ORD-5853,"$17,896.00",wechat,SUCCESS,06/05/2025
PAY-1014,ORD-7495,9224,COD,pending,2024-01-19
PAY-1015,ORD-13409,"$1,251.00",alipay,SUCCESS,08-05-2025
PAY-1016,ORD-14662,$780.00,card,SUCCESS,01/14/2024
PAY-1017,ORD-3940,7581,wechat,success,2026-02-01
PAY-1018,ORD-4397,"$17,886.00",card,success,2025-04-07
PAY-1019,ORD-10935,12969,COD,SUCCESS,2026-12-28
PAY-1020,ORD-10549,"$18,636.00",COD,pending,2024-09-02
PAY-1021,ORD-2389,"$3,309.00",COD,SUCCESS,2025-05-20
PAY-1022,ORD-9164,7 179,card,success,16-06-2025
PAY-1023,ORD-11195,"$4,967.00",card,pending,2024-05-14
PAY-1024,ORD-6148,"3 982,00",alipay,failed,07/17/2026
PAY-1025,ORD-9565,19252,wechat,pending,2024-06-28
PAY-1026,ORD-7700,15340,alipay,SUCCESS,10/17/2024
PAY-1027,ORD-1191,6409,alipay,SUCCESS,2024-10-06
PAY-1028,ORD-5636,3212,card,SUCCESS,04/01/2025
PAY-1029,ORD-1307,381,wechat,SUCCESS,10/16/2025
PAY-1030,ORD-3392,"$12,258.00",wechat,success,01/02/2026
PAY-1031,ORD-1990,"17 346,00",alipay,SUCCESS,10/04/2026
PAY-1032,ORD-11124,"$4,093.00",alipay,pending,02-12-2025
PAY-1033,ORD-11231,1657,alipay,SUCCESS,08/14/2025
PAY-1034,ORD-1931,"$9,970.00",card,SUCCESS,2024-05-19
PAY-1035,ORD-11194,"$3,871.00",alipay,success,01-09-2024
PAY-1036,ORD-10068,"$10,985.00",card,SUCCESS,2025-07-16
PAY-1037,ORD-4300,12 466,COD,success,2025-11-02
PAY-1038,ORD-14293,"14 613,00",COD,success,2026-08-17
PAY-1039,ORD-5621,"$4,941.00",COD,SUCCESS,2026-06-04
PAY-1040,ORD-1768,18267,wechat,success,2024-02-26
PAY-1041,ORD-2661,"$15,784.00",wechat,SUCCESS,14-04-2025
PAY-1042,ORD-3409,15114,alipay,SUCCESS,08-06-2026
PAY-1043,ORD-12394,9299,wechat,failed,01/23/2026
PAY-1044,ORD-13971,3819,COD,pending,06/21/2026
PAY-1045,ORD-7431,$656.00,card,pending,28-04-2026
PAY-1046,ORD-14877,6496,card,pending,01/26/2024
PAY-1047,ORD-6035,"16 637,00",card,SUCCESS,2024-07-15
PAY-1048,ORD-1671,"$18,997.00",COD,pending,2026-12-20
PAY-1049,ORD-2378,"4 750,00",card,SUCCESS,2025-10-16
PAY-1050,ORD-11629,5369,COD,pending,2026-08-21
PAY-1051,ORD-14708,2997,COD,success,2025-06-05
PAY-1052,ORD-8192,"$17,994.00",card,success,2026-06-16
PAY-1053,ORD-5946,"$7,941.00",wechat,success,2024-09-14
PAY-1054,ORD-8556,"5 437,00",alipay,success,03/06/2025
PAY-1055,ORD-2757,16342,COD,success,2026-02-19
PAY-1056,ORD-7140,3321,alipay,SUCCESS,05/03/2026
PAY-1057,ORD-9575,"$18,212.00",wechat,pending,2026-05-13
PAY-1058,ORD-1152,9504,alipay,pending,03/14/2024
PAY-1059,ORD-14688,4703,alipay,success,2025-08-05
PAY-1060,ORD-4357,"$9,483.00",COD,SUCCESS,15-09-2024
PAY-1061,ORD-5804,16782,wechat,pending,2025-03-09
PAY-1062,ORD-7884,"17 965,00",card,pending,23-09-2024
PAY-1063,ORD-12631,"$15,335.00",COD,SUCCESS,2024-07-18
PAY-1064,ORD-14690,"$8,880.00",COD,pending,2025-07-08
PAY-1065,ORD-7210,"$15,413.00",wechat,success,2025-10-08
PAY-1066,ORD-4163,"$18,511.00",card,success,11/19/2024
PAY-1067,ORD-7323,"14 559,00",COD,success,05/22/2026
PAY-1068,ORD-8024,"$8,298.00",COD,SUCCESS,08/22/2025
PAY-1069,ORD-3249,1185,card,SUCCESS,10-02-2026
PAY-1070,ORD-8163,"$9,545.00",wechat,success,18-03-2026
PAY-1071,ORD-6464,17159,card,pending,2026-03-25
PAY-1072,ORD-6522,11163,wechat,success,2025-07-28
PAY-1073,ORD-6885,7311,COD,SUCCESS,2024-04-28
PAY-1074,ORD-12165,"$12,258.00",COD,pending,10-07-2024
PAY-1075,ORD-11360,"7 384,00",wechat,success,2024-11-12
PAY-1076,ORD-4128,634,alipay,success,04/06/2024
PAY-1077,ORD-10187,"2 091,00",COD,SUCCESS,2024-12-02
PAY-1078,ORD-12206,18965,alipay,pending,07/02/2026
PAY-1079,ORD-9634,9 676,COD,SUCCESS,2025-05-08
PAY-1080,ORD-8628,18207,card,success,06/26/2025
PAY-1081,ORD-6515,"1 177,00",COD,success,08/02/2026
PAY-1082,ORD-5975,"$18,245.00",card,SUCCESS,05/25/2026
PAY-1083,ORD-8063,11490,wechat,success,08/10/2024
PAY-1084,ORD-8118,16376,COD,success,11/27/2026
PAY-1085,ORD-13640,"16 519,00",card,success,2025-09-20
PAY-1086,ORD-4168,"$2,775.00",card,pending,25-04-2025
PAY-1087,ORD-12203,6511,card,pending,2026-06-07
PAY-1088,ORD-10386,19912,wechat,pending,2026-09-16
PAY-1089,ORD-7426,"$18,191.00",COD,success,2024-02-26
PAY-1090,ORD-4651,5057,card,SUCCESS,2025-06-20
PAY-1091,ORD-4754,5734,wechat,SUCCESS,23-08-2024
PAY-1092,ORD-4348,7514,alipay,success,2024-02-19
PAY-1093,ORD-14514,19154,wechat,pending,11/21/2025
PAY-1094,ORD-5961,"14 086,00",COD,failed,05-09-2025
PAY-1095,ORD-10198,19890,card,pending,2024-06-17
PAY-1096,ORD-10469,"17 983,00",alipay,pending,02-05-2025
PAY-1097,ORD-7387,"1 810,00",wechat,pending,11/22/2024
PAY-1098,ORD-12428,3441,alipay,success,2024-02-11
PAY-1099,ORD-2247,"15 964,00",card,SUCCESS,2025-11-26
PAY-1100,ORD-10147,"$16,332.00",wechat,SUCCESS,28-01-2025
PAY-1101,ORD-1568,10713,COD,failed,05/19/2025
PAY-1102,ORD-11691,"$12,190.00",alipay,pending,2025-03-09
PAY-1103,ORD-14044,"$8,702.00",card,success,07/04/2025
PAY-1104,ORD-5614,15878,alipay,SUCCESS,14-01-2026
PAY-1105,ORD-14496,5354,COD,pending,06/11/2026
PAY-1106,ORD-1200,"$11,056.00",card,SUCCESS,03-02-2026
PAY-1107,ORD-9047,13472,alipay,success,28-05-2025
PAY-1108,ORD-6820,8099,card,SUCCESS,2024-11-01
PAY-1109,ORD-4371,17 777,alipay,pending,2025-08-22
PAY-1110,ORD-4823,11314,COD,pending,2025-11-02
PAY-1111,ORD-6929,"$17,338.00",COD,pending,03/26/2024
PAY-1112,ORD-11229,17 915,wechat,pending,2025-01-15
PAY-1113,ORD-9755,"$2,845.00",COD,pending,2025-09-27
PAY-1114,ORD-9862,"$18,905.00",card,failed,22-08-2024
PAY-1115,ORD-11057,2041,COD,success,02/16/2025
PAY-1116,ORD-7565,13767,card,SUCCESS,08/26/2026
PAY-1117,ORD-11624,8078,card,pending,2024-10-21
PAY-1118,ORD-6263,17 873,COD,SUCCESS,2025-05-09
PAY-1119,ORD-14224,6389,wechat,SUCCESS,12/20/2025
PAY-1120,ORD-2352,1310,card,SUCCESS,02/12/2024
PAY-1121,ORD-12446,"16 165,00",card,pending,01/16/2024
PAY-1122,ORD-14894,18618,alipay,SUCCESS,2025-09-08
PAY-1123,ORD-9449,6998,wechat,pending,2025-10-10
PAY-1124,ORD-12602,"$11,340.00",COD,SUCCESS,2025-12-16
PAY-1125,ORD-8632,12876,COD,success,2026-05-13
PAY-1126,ORD-3450,6307,COD,SUCCESS,09/22/2025
PAY-1127,ORD-10186,"16 828,00",card,SUCCESS,2024-12-04
PAY-1128,ORD-9952,7605,card,pending,07-05-2025
PAY-1129,ORD-2797,13 686,card,pending,2025-04-01
PAY-1130,ORD-11999,"19 850,00",COD,success,2024-01-18
PAY-1131,ORD-10269,19158,COD,SUCCESS,2024-06-25
PAY-1132,ORD-3721,19366,COD,pending,12/21/2026
PAY-1133,ORD-10964,"$19,189.00",card,success,2024-06-12
PAY-1134,ORD-8174,12543,wechat,pending,11-01-2024
PAY-1135,ORD-12071,"$6,504.00",card,failed,2024-05-13
PAY-1136,ORD-9391,17 738,alipay,pending,03-03-2024
PAY-1137,ORD-11008,"2 300,00",alipay,success,03/25/2025
PAY-1138,ORD-2456,9262,wechat,pending,2024-11-06
PAY-1139,ORD-7890,9554,alipay,success,2025-11-24
PAY-1140,ORD-3710,"$12,413.00",alipay,SUCCESS,2026-10-21
PAY-1141,ORD-4831,"$17,694.00",wechat,SUCCESS,2025-09-06
PAY-1142,ORD-12105,"$1,630.00",card,success,2026-06-06
PAY-1143,ORD-4488,"17 692,00",wechat,pending,23-11-2026
PAY-1144,ORD-9802,$333.00,wechat,pending,07-05-2024
PAY-1145,ORD-4948,11812,wechat,pending,07/15/2024
PAY-1146,ORD-13847,10 115,COD,success,25-12-2026
PAY-1147,ORD-6805,6066,card,SUCCESS,11/01/2026
PAY-1148,ORD-8672,9385,COD,success,20-01-2026
PAY-1149,ORD-7321,"$9,394.00",wechat,pending,2024-05-11
PAY-1150,ORD-309,"$11,607.00",card,SUCCESS,08/26/2026
PAY-1151,ORD-2073,66,COD,failed,17-07-2026
PAY-1152,ORD-2772,"$4,874.00",card,pending,2025-08-26
PAY-1153,ORD-7952,17166,card,SUCCESS,2025-05-25
PAY-1154,ORD-2262,5836,card,pending,2025-06-01
PAY-1155,ORD-12680,16438,alipay,pending,2024-01-28
PAY-1156,ORD-1756,6816,COD,SUCCESS,2025-08-25
PAY-1157,ORD-9893,2204,COD,pending,05/18/2024
PAY-1158,ORD-1701,"$14,420.00",wechat,success,06/05/2026
PAY-1159,ORD-13091,"$19,836.00",wechat,pending,28-06-2024
PAY-1160,ORD-7311,10361,card,pending,2024-05-23
PAY-1161,ORD-13036,"$8,447.00",wechat,success,16-10-2024
PAY-1162,ORD-6583,6446,wechat,success,09/06/2024
PAY-1163,ORD-5846,415,card,success,06/13/2025
PAY-1164,ORD-13013,"$13,775.00",COD,pending,21-10-2024
PAY-1165,ORD-5755,18275,alipay,success,22-02-2024
PAY-1166,ORD-3780,2158,COD,SUCCESS,2025-07-07
PAY-1167,ORD-7480,15664,wechat,SUCCESS,02-05-2025
PAY-1168,ORD-9663,5 524,wechat,success,2025-07-04
PAY-1169,ORD-7435,10413,wechat,failed,05-08-2025
PAY-1170,ORD-1905,11 481,alipay,pending,24-03-2025
PAY-1171,ORD-4263,"$10,687.00",alipay,failed,2024-07-09
PAY-1172,ORD-1032,"$10,749.00",card,pending,2026-11-26
PAY-1173,ORD-6191,"$16,084.00",alipay,pending,12/27/2026
PAY-1174,ORD-9352,13776,card,pending,12/09/2024
PAY-1175,ORD-4416,11995,card,success,2026-11-18
PAY-1176,ORD-1848,5661,wechat,pending,2026-09-08
PAY-1177,ORD-1761,"2 639,00",alipay,success,2024-10-11
PAY-1178,ORD-3080,"14 223,00",wechat,SUCCESS,2024-06-04
PAY-1179,ORD-13420,17998,alipay,pending,2025-11-10
PAY-1180,ORD-6484,14749,alipay,success,06/03/2025
PAY-1181,ORD-8442,14238,alipay,pending,02-02-2026
PAY-1182,ORD-4799,"$15,920.00",card,SUCCESS,05/23/2025
PAY-1183,ORD-12711,18879,alipay,SUCCESS,04/05/2025
PAY-1184,ORD-9277,10218,wechat,SUCCESS,2024-06-02
PAY-1185,ORD-153,"$19,122.00",wechat,success,2025-05-07
PAY-1186,ORD-3552,10113,COD,success,2025-03-12
PAY-1187,ORD-10535,"$17,818.00",card,pending,07/28/2026
PAY-1188,ORD-11327,"$19,527.00",alipay,SUCCESS,11-12-2025
PAY-1189,ORD-8590,9016,alipay,success,12-01-2026
PAY-1190,ORD-11208,"$13,909.00",wechat,success,2024-05-27
PAY-1191,ORD-13260,16668,alipay,pending,07/13/2024
PAY-1192,ORD-403,1294,COD,SUCCESS,2025-01-09
PAY-1193,ORD-12725,6 798,alipay,success,2025-10-15
PAY-1194,ORD-2696,5684,COD,SUCCESS,06-01-2024
PAY-1195,ORD-8601,"4 656,00",alipay,SUCCESS,2026-06-12
PAY-1196,ORD-8215,17939,card,SUCCESS,2025-10-23
PAY-1197,ORD-2818,"7 372,00",COD,failed,12/09/2024
PAY-1198,ORD-14556,"$14,969.00",alipay,SUCCESS,07/17/2026
PAY-1199,ORD-10485,"$3,700.00",COD,SUCCESS,2024-11-05
PAY-1200,ORD-12777,8 572,wechat,success,2025-07-18
PAY-1201,ORD-8434,"9 054,00",COD,success,2026-05-12
PAY-1202,ORD-9840,17 673,alipay,success,05-11-2026
PAY-1203,ORD-8431,9673,wechat,pending,21-10-2024
PAY-1204,ORD-5653,"$6,151.00",card,pending,2026-11-24
PAY-1205,ORD-5842,"$16,017.00",card,success,2025-06-06
PAY-1206,ORD-11149,5917,card,failed,08/08/2026
PAY-1207,ORD-5614,"5 581,00",card,SUCCESS,18-02-2026
PAY-1208,ORD-2082,16866,wechat,pending,2025-03-04
PAY-1209,ORD-13793,15198,alipay,failed,10/27/2025
PAY-1210,ORD-2828,5794,alipay,SUCCESS,06/09/2026
PAY-1211,ORD-12823,17964,wechat,pending,01/14/2026
PAY-1212,ORD-13859,15728,alipay,success,2025-04-22
PAY-1213,ORD-10048,16 442,wechat,failed,2026-01-08
PAY-1214,ORD-14485,"$4,330.00",card,success,10/18/2024
PAY-1215,ORD-6877,"10 265,00",COD,pending,23-03-2024
PAY-1216,ORD-11206,"$10,014.00",COD,SUCCESS,2026-12-15
PAY-1217,ORD-8756,"$10,920.00",COD,success,2026-03-06
PAY-1218,ORD-9620,7184,COD,SUCCESS,07/22/2024
PAY-1219,ORD-4071,"$15,363.00",wechat,SUCCESS,2024-02-06
PAY-1220,ORD-980,5518,wechat,success,11/20/2024
PAY-1221,ORD-3128,11661,wechat,SUCCESS,2026-04-14
PAY-1222,ORD-12357,13837,COD,pending,2025-08-19
PAY-1223,ORD-4439,"$7,158.00",card,pending,2024-02-22
PAY-1224,ORD-7866,13936,wechat,success,06/13/2025
PAY-1225,ORD-1786,13054,alipay,success,05/16/2024
PAY-1226,ORD-7258,"5 443,00",wechat,pending,11/24/2026
PAY-1227,ORD-9344,18685,card,SUCCESS,26-07-2025
PAY-1228,ORD-12254,18620,alipay,SUCCESS,11/11/2025
PAY-1229,ORD-7624,6667,card,pending,2024-04-22
PAY-1230,ORD-4549,17413,wechat,SUCCESS,21-03-2024
PAY-1231,ORD-2097,"$5,560.00",wechat,success,2025-05-25
PAY-1232,ORD-1153,10724,alipay,failed,01/28/2025
PAY-1233,ORD-12371,17323,wechat,pending,2026-11-12
PAY-1234,ORD-2533,"$12,933.00",card,SUCCESS,2024-11-22
PAY-1235,ORD-12527,"17 509,00",alipay,SUCCESS,2026-11-17
PAY-1236,ORD-7216,"12 820,00",COD,success,06/09/2026
PAY-1237,ORD-1475,5985,COD,success,2025-09-22
PAY-1238,ORD-10224,"4 595,00",wechat,failed,05/20/2025
PAY-1239,ORD-12933,2 927,card,success,2026-04-19
PAY-1240,ORD-9020,12087,card,failed,2024-07-07
PAY-1241,ORD-13594,"$17,889.00",wechat,SUCCESS,2024-07-16
PAY-1242,ORD-5496,"$7,837.00",card,pending,2024-03-28
PAY-1243,ORD-2489,11008,wechat,success,22-10-2025
PAY-1244,ORD-4111,"19 542,00",card,SUCCESS,19-09-2026
PAY-1245,ORD-11084,"$1,844.00",wechat,success,2025-06-26
PAY-1246,ORD-13950,1992,wechat,success,01-03-2025
PAY-1247,ORD-2552,17925,COD,pending,13-09-2024
PAY-1248,ORD-11536,203,wechat,SUCCESS,24-10-2024
PAY-1249,ORD-7768,"$1,253.00",alipay,success,2026-07-22
PAY-1250,ORD-13112,"1 634,00",card,SUCCESS,2026-02-19
PAY-1251,ORD-8273,6224,card,pending,11/21/2026
PAY-1252,ORD-3737,"$17,937.00",wechat,success,05-02-2025
PAY-1253,ORD-7694,"$1,354.00",card,success,2026-06-05
PAY-1254,ORD-14130,12904,alipay,SUCCESS,2026-03-21
PAY-1255,ORD-13954,"$8,705.00",alipay,success,04-03-2026
PAY-1256,ORD-6329,"$5,762.00",alipay,success,03/11/2026
PAY-1257,ORD-1392,"$12,418.00",card,SUCCESS,08/15/2026
PAY-1258,ORD-4543,"$3,669.00",wechat,success,2024-01-15
PAY-1259,ORD-13071,"5 046,00",alipay,success,2024-02-10
PAY-1260,ORD-6385,"$9,827.00",alipay,success,10/12/2026
PAY-1261,ORD-1687,15 440,wechat,failed,2024-05-19
PAY-1262,ORD-13152,13285,wechat,SUCCESS,07/22/2025
PAY-1263,ORD-5597,14080,card,pending,2025-11-19
PAY-1264,ORD-6960,3722,wechat,success,10/12/2026
PAY-1265,ORD-13960,"$3,871.00",card,SUCCESS,2026-10-16
PAY-1266,ORD-12852,$971.00,wechat,pending,08-09-2025
PAY-1267,ORD-11162,7909,card,success,2026-05-21
PAY-1268,ORD-8934,"$5,826.00",COD,SUCCESS,07/10/2024
PAY-1269,ORD-4939,13335,wechat,pending,16-09-2026
PAY-1270,ORD-14894,18 404,alipay,SUCCESS,05/24/2024
PAY-1271,ORD-4184,"$11,899.00",wechat,SUCCESS,2026-07-26
PAY-1272,ORD-12320,17 803,wechat,failed,27-10-2026
PAY-1273,ORD-2988,"$12,050.00",COD,pending,2026-06-02
PAY-1274,ORD-2775,"$4,005.00",COD,success,2025-11-13
PAY-1275,ORD-11646,"$12,420.00",wechat,pending,2025-03-18
PAY-1276,ORD-5837,13217,card,SUCCESS,2026-01-06
PAY-1277,ORD-1897,"$12,273.00",card,pending,07/23/2025
PAY-1278,ORD-8851,$848.00,card,success,2024-05-04
PAY-1279,ORD-13065,7 720,card,pending,2026-02-21
PAY-1280,ORD-11114,11492,wechat,SUCCESS,2026-01-18
PAY-1281,ORD-12482,5077,card,success,2024-03-14
PAY-1282,ORD-11300,"7 003,00",card,success,2025-11-18
PAY-1283,ORD-1521,"$7,764.00",wechat,pending,2026-12-08
PAY-1284,ORD-9979,"$6,331.00",wechat,success,2024-02-02
PAY-1285,ORD-8042,10289,wechat,success,2025-04-08
PAY-1286,ORD-10402,"$2,774.00",alipay,pending,2024-04-08
PAY-1287,ORD-11314,1632,COD,success,2024-02-17
PAY-1288,ORD-4451,"11 019,00",COD,SUCCESS,14-04-2026
PAY-1289,ORD-9145,11225,COD,pending,2024-05-27
PAY-1290,ORD-84,"4 230,00",alipay,success,11/22/2024
PAY-1291,ORD-1176,$301.00,wechat,SUCCESS,03/13/2026
PAY-1292,ORD-8442,"$13,544.00",wechat,success,04/04/2024
PAY-1293,ORD-10713,13327,alipay,success,2025-08-13
PAY-1294,ORD-12021,"$7,818.00",wechat,success,18-05-2026
PAY-1295,ORD-2385,15138,wechat,failed,09/26/2025
PAY-1296,ORD-4706,1718,card,SUCCESS,12/11/2024
PAY-1297,ORD-96,19540,alipay,success,2026-04-09
PAY-1298,ORD-10535,4571,card,SUCCESS,09/09/2024
PAY-1299,ORD-14879,"$2,702.00",alipay,SUCCESS,2026-11-06
PAY-1300,ORD-1866,"11 245,00",alipay,success,08/12/2026
PAY-1301,ORD-12186,2449,wechat,pending,2026-05-19
PAY-1302,ORD-7258,649,alipay,pending,15-03-2025
PAY-1303,ORD-2727,10 707,alipay,success,12/22/2024
PAY-1304,ORD-7356,17683,COD,pending,09/25/2026
PAY-1305,ORD-8524,7779,wechat,pending,2026-11-21
PAY-1306,ORD-10660,"17 467,00",COD,pending,02/26/2026
PAY-1307,ORD-10379,4726,card,success,2025-06-05
PAY-1308,ORD-5113,"$11,499.00",alipay,pending,2024-11-16
PAY-1309,ORD-10069,"$15,583.00",COD,pending,2025-06-19
PAY-1310,ORD-9788,"$14,178.00",alipay,pending,03/19/2025
PAY-1311,ORD-12848,18904,alipay,SUCCESS,07/10/2026
PAY-1312,ORD-1704,4583,card,pending,2026-11-21
PAY-1313,ORD-6332,1594,card,success,22-12-2025
PAY-1314,ORD-4624,10213,card,pending,2025-02-16
PAY-1315,ORD-10924,"$1,808.00",COD,SUCCESS,23-03-2026
PAY-1316,ORD-4620,14632,COD,pending,10/03/2024
PAY-1317,ORD-1995,"$15,283.00",alipay,success,06/20/2026
PAY-1318,ORD-14875,1158,alipay,success,11/28/2026
PAY-1319,ORD-1070,"$7,283.00",alipay,SUCCESS,03/13/2025
PAY-1320,ORD-3643,2773,card,SUCCESS,2026-06-23
PAY-1321,ORD-12787,4669,alipay,success,2024-05-15
PAY-1322,ORD-3003,"$2,924.00",COD,pending,2025-11-02
PAY-1323,ORD-11963,2 057,wechat,pending,09-04-2026
PAY-1324,ORD-7752,6508,alipay,pending,28-08-2026
PAY-1325,ORD-2541,7922,card,pending,21-04-2024
PAY-1326,ORD-1049,8853,COD,success,08/27/2024
PAY-1327,ORD-10100,"4 598,00",alipay,success,07/26/2025
PAY-1328,ORD-11597,18 807,alipay,success,2025-03-25
PAY-1329,ORD-13079,13342,wechat,success,18-05-2026
PAY-1330,ORD-9060,2750,COD,pending,07/09/2025
PAY-1331,ORD-11254,13 118,card,SUCCESS,06/04/2026
PAY-1332,ORD-166,"$2,971.00",alipay,pending,2024-11-10
PAY-1333,ORD-3033,"$4,305.00",alipay,SUCCESS,2026-08-05
PAY-1334,ORD-11175,"$15,292.00",wechat,SUCCESS,2024-08-24
PAY-1335,ORD-7172,6671,card,pending,06-04-2025
PAY-1336,ORD-4078,"$2,276.00",alipay,success,22-01-2024
PAY-1337,ORD-4226,7362,card,success,23-09-2024
PAY-1338,ORD-10662,14562,COD,SUCCESS,02/02/2025
PAY-1339,ORD-6471,6074,COD,success,2025-02-26
PAY-1340,ORD-12217,12 805,card,SUCCESS,09/11/2025
PAY-1341,ORD-2687,"$13,975.00",wechat,pending,2024-01-09
PAY-1342,ORD-14786,16 660,alipay,failed,2026-07-14
PAY-1343,ORD-259,7326,COD,success,2025-07-28
PAY-1344,ORD-11412,56,alipay,SUCCESS,01/14/2026
PAY-1345,ORD-9069,17689,alipay,SUCCESS,24-04-2025
PAY-1346,ORD-6788,"312,00",COD,SUCCESS,07-12-2024
PAY-1347,ORD-6841,"3 233,00",card,pending,05/20/2026
PAY-1348,ORD-8040,"$16,130.00",card,success,07-10-2026
PAY-1349,ORD-11434,"$8,986.00",COD,SUCCESS,2026-02-11
PAY-1350,ORD-2123,9 423,card,success,2026-01-21
PAY-1351,ORD-89,"15 008,00",alipay,success,2024-02-21
PAY-1352,ORD-4870,"$5,986.00",wechat,pending,04-02-2025
PAY-1353,ORD-12933,11 172,card,pending,2025-07-17
PAY-1354,ORD-2081,"9 781,00",alipay,success,04/15/2024
PAY-1355,ORD-2912,"7 672,00",card,pending,2025-04-01
PAY-1356,ORD-10834,19431,card,pending,2024-11-07
PAY-1357,ORD-14971,7803,wechat,pending,2026-10-02
PAY-1358,ORD-12143,"$15,430.00",wechat,success,2026-05-13
PAY-1359,ORD-3615,"13 327,00",COD,pending,10/25/2026
PAY-1360,ORD-3874,17378,wechat,SUCCESS,2025-07-11
PAY-1361,ORD-9035,18797,wechat,pending,2025-10-28
PAY-1362,ORD-4748,5552,COD,pending,04-08-2024
PAY-1363,ORD-10301,8 937,card,pending,08/10/2025
PAY-1364,ORD-7622,"$14,631.00",COD,pending,2026-12-07
PAY-1365,ORD-6362,"$9,860.00",wechat,success,12-05-2026
PAY-1366,ORD-7616,14814,alipay,failed,2026-05-07
PAY-1367,ORD-8503,"$19,099.00",alipay,success,2024-12-27
PAY-1368,ORD-1911,"$2,304.00",alipay,pending,2025-01-26
PAY-1369,ORD-11283,"$7,342.00",card,pending,06/05/2025
PAY-1370,ORD-10583,"3 605,00",card,success,04/21/2025
PAY-1371,ORD-14018,9881,COD,pending,07/26/2024
PAY-1372,ORD-4637,7432,wechat,pending,02-12-2026
PAY-1373,ORD-9281,17244,wechat,pending,05/17/2026
PAY-1374,ORD-606,"11 163,00",alipay,failed,11/07/2024
PAY-1375,ORD-3536,14 178,alipay,SUCCESS,2026-09-05
PAY-1376,ORD-14028,15381,COD,success,08/12/2025
PAY-1377,ORD-10325,"$7,960.00",wechat,success,2024-01-21
PAY-1378,ORD-12928,7295,COD,SUCCESS,2025-01-20
PAY-1379,ORD-13471,"$17,965.00",card,SUCCESS,21-07-2025
PAY-1380,ORD-12733,5180,alipay,pending,08/13/2024
PAY-1381,ORD-3770,12678,wechat,SUCCESS,2026-06-17
PAY-1382,ORD-4640,"$18,657.00",COD,SUCCESS,2025-01-04
PAY-1383,ORD-1942,2688,card,SUCCESS,2026-07-15
PAY-1384,ORD-1344,17202,COD,success,2024-03-01
PAY-1385,ORD-4360,7006,card,failed,05/07/2025
PAY-1386,ORD-5908,8578,wechat,SUCCESS,2026-01-06
PAY-1387,ORD-6567,"$4,187.00",wechat,pending,2026-02-25
PAY-1388,ORD-5824,10885,alipay,SUCCESS,04-11-2026
PAY-1389,ORD-13306,"$16,960.00",COD,SUCCESS,2024-04-18
PAY-1390,ORD-9997,12560,wechat,pending,2026-10-26
PAY-1391,ORD-14277,2278,alipay,success,11/20/2026
PAY-1392,ORD-7388,15739,COD,success,2026-10-07
PAY-1393,ORD-13863,2346,alipay,pending,21-03-2024
PAY-1394,ORD-12192,"$10,536.00",wechat,SUCCESS,08/10/2025
PAY-1395,ORD-14950,"$16,222.00",COD,SUCCESS,07/12/2025
PAY-1396,ORD-14340,"9 960,00",card,SUCCESS,2026-01-04
PAY-1397,ORD-250,1556,COD,SUCCESS,21-05-2025
PAY-1398,ORD-8107,"$19,584.00",COD,success,2024-10-28
PAY-1399,ORD-13279,"18 476,00",COD,success,20-05-2024
PAY-1400,ORD-14073,3343,wechat,pending,2026-07-21
PAY-1401,ORD-8587,19132,COD,pending,12/02/2025
PAY-1402,ORD-868,"3 805,00",alipay,pending,10/07/2024
PAY-1403,ORD-8893,15102,card,SUCCESS,01-03-2024
PAY-1404,ORD-6850,"$6,903.00",alipay,pending,27-05-2026
PAY-1405,ORD-840,"2 180,00",wechat,success,2024-06-06
PAY-1406,ORD-12230,1871,card,SUCCESS,06/20/2024
PAY-1407,ORD-5752,105,COD,SUCCESS,18-02-2025
PAY-1408,ORD-12814,5 762,card,pending,2024-10-27
PAY-1409,ORD-3224,"$11,116.00",alipay,pending,08-10-2026
PAY-1410,ORD-7768,1721,COD,success,02/13/2025
PAY-1411,ORD-9152,"$13,056.00",COD,pending,09/16/2024
PAY-1412,ORD-4174,6062,COD,pending,26-02-2024
PAY-1413,ORD-4688,15690,wechat,failed,05/07/2024
PAY-1414,ORD-2280,3029,COD,pending,08-08-2026
PAY-1415,ORD-1271,"$11,122.00",COD,pending,05/28/2025
PAY-1416,ORD-2484,"$15,509.00",wechat,success,05/02/2024
PAY-1417,ORD-978,14857,alipay,success,2026-09-27
PAY-1418,ORD-7474,11599,card,SUCCESS,12/04/2026
PAY-1419,ORD-5132,"17 095,00",alipay,SUCCESS,2024-02-27
PAY-1420,ORD-14684,18 009,wechat,pending,2024-11-04
PAY-1421,ORD-863,9163,card,failed,2026-11-16
PAY-1422,ORD-5825,10736,wechat,pending,08/26/2025
PAY-1423,ORD-7507,"$11,871.00",wechat,success,2026-09-19
PAY-1424,ORD-1306,"$3,098.00",wechat,success,11/04/2026
PAY-1425,ORD-14522,"16 993,00",alipay,failed,02/23/2024
PAY-1426,ORD-598,14025,card,pending,01/13/2025
PAY-1427,ORD-14727,19559,COD,success,2025-10-28
PAY-1428,ORD-10079,12522,COD,SUCCESS,11/24/2024
PAY-1429,ORD-7410,9280,wechat,success,12/10/2024
PAY-1430,ORD-11054,"$3,956.00",card,pending,01/16/2025
PAY-1431,ORD-11230,$324.00,card,pending,03/23/2024
PAY-1432,ORD-821,"$15,930.00",alipay,SUCCESS,22-08-2025
PAY-1433,ORD-1929,3116,COD,SUCCESS,09/22/2025
PAY-1434,ORD-4909,16884,alipay,success,04/15/2024
PAY-1435,ORD-10616,"$4,971.00",wechat,pending,2026-04-03
PAY-1436,ORD-3532,2770,COD,SUCCESS,06-05-2025
PAY-1437,ORD-1752,16367,COD,SUCCESS,2025-07-03
PAY-1438,ORD-8081,"$9,643.00",COD,success,12-01-2026
PAY-1439,ORD-2302,11834,alipay,success,2025-08-13
PAY-1440,ORD-6832,"$14,559.00",wechat,SUCCESS,2024-03-23
PAY-1441,ORD-8986,"$14,650.00",card,SUCCESS,2025-07-05
PAY-1442,ORD-7762,"$9,030.00",card,success,2025-04-10
PAY-1443,ORD-14409,10286,wechat,SUCCESS,2024-02-27
PAY-1444,ORD-3248,18930,card,SUCCESS,2025-03-14
PAY-1445,ORD-5696,"6 236,00",card,SUCCESS,20-11-2025
PAY-1446,ORD-5612,"$6,253.00",card,pending,2024-01-22
PAY-1447,ORD-3677,"$16,987.00",card,success,07/17/2025
PAY-1448,ORD-6544,2316,alipay,SUCCESS,2026-03-09
PAY-1449,ORD-288,8906,card,SUCCESS,05/04/2026
PAY-1450,ORD-10637,"$7,610.00",card,SUCCESS,09/22/2025
PAY-1451,ORD-4284,4 869,COD,success,04/11/2024
PAY-1452,ORD-2660,1 966,alipay,success,01/17/2024
PAY-1453,ORD-12277,"$8,181.00",wechat,SUCCESS,2026-02-09
PAY-1454,ORD-1096,"$10,967.00",card,success,2025-01-04
PAY-1455,ORD-7966,14309,card,success,16-06-2026
PAY-1456,ORD-897,16440,alipay,SUCCESS,06/09/2026
PAY-1457,ORD-3306,10653,card,pending,2025-12-22
PAY-1458,ORD-8033,"$19,262.00",card,pending,2026-12-25
PAY-1459,ORD-2586,1563,COD,SUCCESS,09/28/2026
PAY-1460,ORD-472,"884,00",alipay,success,2025-01-09
PAY-1461,ORD-4574,"$2,366.00",wechat,pending,18-09-2025
PAY-1462,ORD-1388,6248,card,SUCCESS,01-03-2024
PAY-1463,ORD-4203,"$14,017.00",wechat,success,08/23/2025
PAY-1464,ORD-1784,6601,alipay,pending,09/13/2026
PAY-1465,ORD-5612,"$11,758.00",COD,SUCCESS,2026-12-09
PAY-1466,ORD-11779,"$12,994.00",wechat,success,05-09-2026
PAY-1467,ORD-8610,"1 950,00",wechat,success,2024-08-09
PAY-1468,ORD-5357,"$14,581.00",alipay,pending,2025-09-26
PAY-1469,ORD-14272,6284,card,SUCCESS,2026-09-11
PAY-1470,ORD-4205,19296,alipay,SUCCESS,01/05/2024
PAY-1471,ORD-941,19827,alipay,failed,2024-01-01
PAY-1472,ORD-252,"$2,923.00",wechat,pending,2026-03-12
PAY-1473,ORD-7789,"1 368,00",wechat,pending,2025-05-02
PAY-1474,ORD-6689,3892,card,pending,01/08/2024
PAY-1475,ORD-7559,6256,wechat,SUCCESS,2024-10-06
PAY-1476,ORD-14256,18414,wechat,SUCCESS,12/01/2025
PAY-1477,ORD-13751,10139,COD,SUCCESS,12/27/2024
PAY-1478,ORD-13896,262,alipay,success,09/03/2024
PAY-1479,ORD-7166,3132,alipay,SUCCESS,2025-02-28
PAY-1480,ORD-14608,"$19,415.00",wechat,pending,2024-10-20
PAY-1481,ORD-8712,4292,card,success,01/14/2026
PAY-1482,ORD-4109,"$14,864.00",alipay,success,2024-09-01
PAY-1483,ORD-3816,17935,card,success,2025-07-07
PAY-1484,ORD-7427,16541,COD,pending,2025-09-18
PAY-1485,ORD-6844,17166,alipay,SUCCESS,19-04-2025
PAY-1486,ORD-3758,"$15,592.00",card,pending,2025-08-12
PAY-1487,ORD-3699,5579,COD,success,03/17/2026
PAY-1488,ORD-12726,"$8,284.00",wechat,pending,08/21/2026
PAY-1489,ORD-8859,15104,alipay,pending,2024-03-25
PAY-1490,ORD-5672,"$2,368.00",wechat,SUCCESS,06/03/2025
PAY-1491,ORD-10677,10190,alipay,success,08/19/2024
PAY-1492,ORD-9701,3632,wechat,success,2025-06-22
PAY-1493,ORD-656,17876,alipay,SUCCESS,07/11/2025
PAY-1494,ORD-10169,"$8,965.00",wechat,success,2025-01-02
PAY-1495,ORD-7437,11841,card,pending,02/26/2026
PAY-1496,ORD-4084,"6 975,00",wechat,SUCCESS,2025-12-01
PAY-1497,ORD-2519,17647,wechat,SUCCESS,05/22/2025
PAY-1498,ORD-446,12 647,wechat,success,2025-03-01
PAY-1499,ORD-12672,"$10,347.00",alipay,SUCCESS,03/15/2025
PAY-1500,ORD-10096,7 685,card,success,11/07/2026
PAY-1501,ORD-12784,14634,alipay,pending,07/15/2026
PAY-1502,ORD-13405,12417,alipay,SUCCESS,02/24/2026
PAY-1503,ORD-13981,12055,COD,SUCCESS,19-05-2025
PAY-1504,ORD-13719,16834,alipay,failed,09/15/2024
PAY-1505,ORD-8319,"$4,557.00",card,SUCCESS,04/05/2025
PAY-1506,ORD-4869,18 755,wechat,SUCCESS,2025-08-22
PAY-1507,ORD-9850,"339,00",COD,SUCCESS,2024-11-18
PAY-1508,ORD-10615,16274,wechat,success,06/21/2024
PAY-1509,ORD-1311,8 428,alipay,success,09-10-2024
PAY-1510,ORD-4929,"19 827,00",card,pending,15-03-2024
PAY-1511,ORD-13193,8 588,wechat,pending,2025-11-24
PAY-1512,ORD-4671,5918,wechat,success,2025-05-23
PAY-1513,ORD-2053,1094,wechat,pending,09/16/2025
PAY-1514,ORD-14385,"$4,924.00",COD,failed,09-06-2024
PAY-1515,ORD-3441,15349,card,success,01/25/2026
PAY-1516,ORD-1731,492,COD,success,16-02-2024
PAY-1517,ORD-13326,1425,alipay,pending,2024-03-07
PAY-1518,ORD-4205,510,wechat,SUCCESS,2025-05-03
PAY-1519,ORD-1657,11 895,COD,SUCCESS,2025-12-25
PAY-1520,ORD-8501,6081,card,success,03/10/2025
PAY-1521,ORD-11192,5749,card,success,02-03-2024
PAY-1522,ORD-2786,17619,wechat,success,2025-07-07
PAY-1523,ORD-1163,"$19,709.00",card,pending,01/01/2025
PAY-1524,ORD-12192,2797,COD,success,2024-03-14
PAY-1525,ORD-12070,"$13,858.00",wechat,success,2024-07-27
PAY-1526,ORD-8322,"$19,039.00",alipay,pending,2026-12-24
PAY-1527,ORD-13339,9 373,wechat,pending,2026-11-26
PAY-1528,ORD-12555,14699,COD,SUCCESS,03/08/2026
PAY-1529,ORD-12094,"$3,477.00",COD,success,12-04-2024
PAY-1530,ORD-7024,12603,card,failed,10/20/2024
PAY-1531,ORD-10671,"19 646,00",alipay,success,08-03-2025
PAY-1532,ORD-12363,"$15,568.00",COD,success,2026-10-03
PAY-1533,ORD-2066,3109,wechat,pending,2025-10-17
PAY-1534,ORD-14292,6508,alipay,success,2025-08-01
PAY-1535,ORD-14534,10839,COD,failed,10-03-2024
PAY-1536,ORD-10711,7912,COD,success,09/05/2025
PAY-1537,ORD-8314,19098,COD,SUCCESS,17-11-2026
PAY-1538,ORD-13234,12298,wechat,success,01/22/2024
PAY-1539,ORD-14486,5 285,alipay,SUCCESS,11/01/2026
PAY-1540,ORD-6230,"$5,008.00",card,pending,11/25/2024
PAY-1541,ORD-7671,9907,card,pending,01/24/2024
PAY-1542,ORD-3339,965,alipay,pending,2026-04-19
PAY-1543,ORD-11478,"$6,379.00",wechat,success,20-04-2026
PAY-1544,ORD-12462,19 251,wechat,success,28-02-2024
PAY-1545,ORD-11221,"$19,066.00",alipay,SUCCESS,2024-09-27
PAY-1546,ORD-4699,4742,wechat,failed,11/15/2024
PAY-1547,ORD-5504,15808,alipay,SUCCESS,23-10-2026
PAY-1548,ORD-8821,"$5,343.00",COD,SUCCESS,2025-02-15
PAY-1549,ORD-12570,16820,card,pending,2024-05-23
PAY-1550,ORD-7017,"938,00",COD,failed,02/26/2025
PAY-1551,ORD-11651,1164,wechat,failed,2025-12-22
PAY-1552,ORD-1657,7620,card,failed,2025-05-16
PAY-1553,ORD-9785,8062,card,SUCCESS,2025-12-20
PAY-1554,ORD-7274,17 395,wechat,SUCCESS,01-07-2024
PAY-1555,ORD-11033,"$2,210.00",wechat,SUCCESS,2026-08-17
PAY-1556,ORD-2587,"19 142,00",wechat,SUCCESS,07/27/2024
PAY-1557,ORD-4513,3757,card,SUCCESS,06/03/2024
PAY-1558,ORD-14117,"$7,992.00",alipay,success,26-03-2025
PAY-1559,ORD-13111,"18 538,00",alipay,success,07/15/2025
PAY-1560,ORD-4957,1582,COD,pending,2024-01-15
PAY-1561,ORD-4447,5830,alipay,pending,2024-07-06
PAY-1562,ORD-1456,6801,alipay,success,2025-02-01
PAY-1563,ORD-4738,"$2,461.00",card,pending,2026-07-05
PAY-1564,ORD-98,3782,alipay,SUCCESS,2026-09-11
PAY-1565,ORD-10556,"$8,598.00",COD,pending,2025-12-01
PAY-1566,ORD-9573,"2 033,00",card,SUCCESS,10/17/2025
PAY-1567,ORD-2030,2183,wechat,pending,14-04-2024
PAY-1568,ORD-6965,7174,wechat,failed,26-10-2026
PAY-1569,ORD-14750,"$15,812.00",wechat,success,2026-11-28
PAY-1570,ORD-2867,8693,alipay,pending,2024-03-13
PAY-1571,ORD-12989,12909,alipay,success,2024-05-28
PAY-1572,ORD-2810,"$12,604.00",wechat,SUCCESS,10/11/2025
PAY-1573,ORD-6535,13405,card,failed,2024-02-28
PAY-1574,ORD-5456,7082,COD,success,06/26/2024
PAY-1575,ORD-8560,3817,wechat,success,02/11/2024
PAY-1576,ORD-5191,"$18,906.00",alipay,success,2024-04-07
PAY-1577,ORD-4599,9652,COD,SUCCESS,02-02-2024
PAY-1578,ORD-856,"$13,083.00",wechat,pending,2025-02-10
PAY-1579,ORD-6320,18320,wechat,success,2025-02-06
PAY-1580,ORD-187,"12 697,00",card,SUCCESS,2024-12-10
PAY-1581,ORD-840,14242,wechat,pending,2024-08-23
PAY-1582,ORD-9801,"$3,396.00",card,SUCCESS,10/05/2026
PAY-1583,ORD-3283,"$14,634.00",COD,pending,11-12-2025
PAY-1584,ORD-5413,13449,COD,pending,03/12/2026
PAY-1585,ORD-4567,12 524,card,pending,2026-07-18
PAY-1586,ORD-1946,9873,alipay,pending,08/26/2025
PAY-1587,ORD-10413,"$1,175.00",card,SUCCESS,12/25/2025
PAY-1588,ORD-5648,"$12,537.00",alipay,pending,01/25/2025
PAY-1589,ORD-4036,"$3,588.00",COD,pending,2026-12-13
PAY-1590,ORD-12889,13369,card,success,2024-03-02
PAY-1591,ORD-3813,"$13,090.00",COD,pending,04/09/2025
PAY-1592,ORD-5139,9911,alipay,pending,09/02/2026
PAY-1593,ORD-1374,108,alipay,failed,15-05-2026
PAY-1594,ORD-3511,2772,COD,success,28-11-2024
PAY-1595,ORD-2861,2660,card,success,09/18/2024
PAY-1596,ORD-3374,16870,card,success,09/13/2026
PAY-1597,ORD-9823,9576,alipay,SUCCESS,10/24/2026
PAY-1598,ORD-5920,"$9,286.00",card,SUCCESS,02/07/2026
PAY-1599,ORD-11578,"$9,629.00",COD,success,05/05/2024
PAY-1600,ORD-12849,"2 965,00",wechat,SUCCESS,2026-02-05
PAY-1601,ORD-12335,14313,COD,success,2025-08-26
PAY-1602,ORD-12972,8986,wechat,success,2026-10-22
PAY-1603,ORD-7024,7 950,COD,pending,02/13/2026
PAY-1604,ORD-3155,6626,wechat,success,17-11-2024
PAY-1605,ORD-6007,"$16,887.00",alipay,pending,07/27/2026
PAY-1606,ORD-3638,2013,COD,pending,03/01/2026
PAY-1607,ORD-2566,5 714,COD,pending,2026-04-14
PAY-1608,ORD-804,"$7,273.00",wechat,pending,07/05/2026
PAY-1609,ORD-8640,"$18,025.00",COD,SUCCESS,02/15/2024
PAY-1610,ORD-14600,12055,alipay,SUCCESS,10/19/2024
PAY-1611,ORD-5363,5290,alipay,pending,12/06/2026
PAY-1612,ORD-3049,17531,alipay,success,18-01-2024
PAY-1613,ORD-9282,11571,card,SUCCESS,2024-08-24
PAY-1614,ORD-1116,9 134,wechat,SUCCESS,2026-06-26
PAY-1615,ORD-7443,"$4,913.00",card,pending,06/26/2025
PAY-1616,ORD-3083,"$8,344.00",COD,SUCCESS,04/16/2026
PAY-1617,ORD-1938,1913,wechat,pending,12/09/2025
PAY-1618,ORD-1451,15464,alipay,pending,2026-10-10
PAY-1619,ORD-10854,6357,card,failed,2026-03-01
PAY-1620,ORD-5685,"12 939,00",COD,SUCCESS,2024-10-03
PAY-1621,ORD-8467,"$3,825.00",wechat,SUCCESS,2024-05-26
PAY-1622,ORD-2268,8582,wechat,pending,05/21/2024
PAY-1623,ORD-10546,5405,COD,pending,2024-02-04
PAY-1624,ORD-7734,8 568,alipay,SUCCESS,11/26/2024
PAY-1625,ORD-11213,3303,wechat,failed,03-08-2025
PAY-1626,ORD-5731,"10 763,00",wechat,pending,2026-02-22
PAY-1627,ORD-13977,15276,wechat,SUCCESS,07/28/2026
PAY-1628,ORD-6969,9584,COD,SUCCESS,19-04-2025
PAY-1629,ORD-7840,"8 986,00",COD,success,01/02/2026
PAY-1630,ORD-1144,7947,card,SUCCESS,01/05/2025
PAY-1631,ORD-6982,10448,COD,pending,2024-06-23
PAY-1632,ORD-13020,12727,wechat,success,2025-07-16
PAY-1633,ORD-8657,10972,wechat,SUCCESS,2026-11-14
PAY-1634,ORD-1064,$596.00,COD,success,06/06/2024
PAY-1635,ORD-12397,10938,alipay,success,2025-02-14
PAY-1636,ORD-3130,2420,card,success,11/25/2025
PAY-1637,ORD-13048,"$12,843.00",alipay,SUCCESS,12/28/2026
PAY-1638,ORD-5349,10463,wechat,success,2026-08-03
PAY-1639,ORD-8972,11292,alipay,SUCCESS,2026-09-16
PAY-1640,ORD-9826,"18 837,00",alipay,pending,02/06/2026
PAY-1641,ORD-13634,4474,wechat,failed,2024-01-27
PAY-1642,ORD-7788,"$14,991.00",wechat,failed,02/27/2024
PAY-1643,ORD-8863,11476,wechat,SUCCESS,2025-02-24
PAY-1644,ORD-2200,839,alipay,pending,2025-05-25
PAY-1645,ORD-9365,"949,00",COD,failed,2025-10-10
PAY-1646,ORD-10576,"$14,963.00",wechat,SUCCESS,2026-02-03
PAY-1647,ORD-3736,15309,alipay,failed,02-01-2024
PAY-1648,ORD-4848,19003,card,success,23-06-2024
PAY-1649,ORD-12386,11685,alipay,SUCCESS,12/20/2025
PAY-1650,ORD-2834,18285,COD,pending,01/19/2024
PAY-1651,ORD-8091,"14 463,00",COD,pending,07/21/2026
PAY-1652,ORD-5241,14277,wechat,success,2026-11-26
PAY-1653,ORD-8252,"$6,747.00",wechat,success,08/04/2025
PAY-1654,ORD-12164,2549,wechat,SUCCESS,2025-11-24
PAY-1655,ORD-7762,6660,card,SUCCESS,2025-12-23
PAY-1656,ORD-11883,"$2,084.00",wechat,success,08/01/2025
PAY-1657,ORD-3921,2945,wechat,pending,03/17/2024
PAY-1658,ORD-4688,"$3,751.00",alipay,SUCCESS,2026-04-28
PAY-1659,ORD-1729,12 048,card,SUCCESS,09-04-2026
PAY-1660,ORD-9961,13584,COD,failed,2025-05-07
PAY-1661,ORD-12624,14409,COD,pending,2026-01-24
PAY-1662,ORD-12089,"$17,459.00",COD,success,2024-07-21
PAY-1663,ORD-13611,"$8,887.00",card,success,2025-03-11
PAY-1664,ORD-10470,"$8,396.00",COD,success,2024-08-09
PAY-1665,ORD-1309,"$10,759.00",card,success,2024-12-08
PAY-1666,ORD-1732,1772,alipay,failed,09/18/2024
PAY-1667,ORD-1198,748,card,pending,2025-02-03
PAY-1668,ORD-10211,15154,wechat,SUCCESS,18-11-2024
PAY-1669,ORD-8622,"10 474,00",card,pending,05/20/2024
PAY-1670,ORD-10614,6779,COD,pending,14-10-2025
PAY-1671,ORD-6576,3418,COD,pending,2025-06-24
PAY-1672,ORD-7251,13348,wechat,success,2024-03-01
PAY-1673,ORD-9799,914,card,pending,07/05/2025
PAY-1674,ORD-14778,14799,wechat,success,2025-12-15
PAY-1675,ORD-9295,"$1,408.00",card,success,08/07/2025
PAY-1676,ORD-8363,2985,card,pending,26-08-2025
PAY-1677,ORD-14815,10 343,COD,pending,2026-11-05
PAY-1678,ORD-12530,18215,alipay,success,2026-03-13
PAY-1679,ORD-12556,"17 265,00",COD,success,19-02-2024
PAY-1680,ORD-10193,"7 680,00",COD,SUCCESS,12/09/2025
PAY-1681,ORD-2129,"$11,141.00",COD,SUCCESS,2026-07-25
PAY-1682,ORD-2736,"7 889,00",alipay,success,12/06/2024
PAY-1683,ORD-11335,"$14,370.00",alipay,SUCCESS,2026-12-13
PAY-1684,ORD-13138,"$2,344.00",wechat,success,2026-12-04
PAY-1685,ORD-765,"$13,229.00",COD,pending,09/17/2024
PAY-1686,ORD-10404,8667,alipay,pending,2025-06-20
PAY-1687,ORD-9419,"$3,056.00",wechat,success,2026-06-05
PAY-1688,ORD-12337,19561,alipay,pending,01/28/2026
PAY-1689,ORD-3185,17316,card,success,2025-01-26
PAY-1690,ORD-12311,11519,wechat,SUCCESS,2024-04-25
PAY-1691,ORD-9183,6 348,wechat,success,10/21/2024
PAY-1692,ORD-12757,12658,COD,success,10-03-2024
PAY-1693,ORD-272,"7 003,00",card,pending,07/05/2024
PAY-1694,ORD-2215,4601,wechat,SUCCESS,2026-03-09
PAY-1695,ORD-923,4070,alipay,SUCCESS,07/16/2024
PAY-1696,ORD-4350,19018,wechat,success,12/12/2026
PAY-1697,ORD-9907,"$18,453.00",card,SUCCESS,05/27/2026
PAY-1698,ORD-9865,"$12,115.00",alipay,SUCCESS,28-06-2025
PAY-1699,ORD-5522,9 808,alipay,success,16-12-2024
PAY-1700,ORD-7139,4927,alipay,SUCCESS,2024-02-14
PAY-1701,ORD-401,6882,alipay,SUCCESS,08/15/2025
PAY-1702,ORD-138,12594,alipay,pending,2024-09-08
PAY-1703,ORD-10017,11419,card,pending,04/08/2024
PAY-1704,ORD-13287,8691,COD,success,2024-03-12
PAY-1705,ORD-13155,"$8,834.00",wechat,success,05/26/2024
PAY-1706,ORD-14690,15121,COD,SUCCESS,2024-02-14
PAY-1707,ORD-4350,3930,wechat,success,03/08/2025
PAY-1708,ORD-13007,"8 239,00",card,pending,2024-02-13
PAY-1709,ORD-11949,12911,card,pending,2025-07-20
PAY-1710,ORD-11877,10966,wechat,SUCCESS,04/17/2026
PAY-1711,ORD-369,"$11,208.00",card,success,2025-11-03
PAY-1712,ORD-13096,5584,COD,SUCCESS,08/16/2024
PAY-1713,ORD-1358,"$10,113.00",card,SUCCESS,08/13/2024
PAY-1714,ORD-7354,17752,alipay,SUCCESS,04/13/2026
PAY-1715,ORD-4518,13639,card,SUCCESS,01/10/2026
PAY-1716,ORD-11408,9432,alipay,SUCCESS,06-08-2025
PAY-1717,ORD-442,"15 415,00",alipay,SUCCESS,21-02-2026
PAY-1718,ORD-1542,"$6,990.00",alipay,success,2026-11-18
PAY-1719,ORD-1404,"5 108,00",wechat,pending,2026-02-26
PAY-1720,ORD-92,10953,wechat,SUCCESS,24-08-2024
PAY-1721,ORD-6442,"$5,567.00",COD,success,02-12-2024
PAY-1722,ORD-12150,1141,card,success,03/27/2026
PAY-1723,ORD-2637,19841,wechat,success,07-07-2026
PAY-1724,ORD-8405,4570,card,SUCCESS,2025-07-21
PAY-1725,ORD-1369,17 786,alipay,success,2026-12-15
PAY-1726,ORD-10041,18804,card,pending,2026-07-07
PAY-1727,ORD-652,19000,alipay,success,2025-10-11
PAY-1728,ORD-9876,1071,wechat,SUCCESS,10/04/2026
PAY-1729,ORD-11113,1321,COD,SUCCESS,12/26/2025
PAY-1730,ORD-4505,12222,COD,SUCCESS,2026-01-27
PAY-1731,ORD-11686,"925,00",card,SUCCESS,08/03/2024
PAY-1732,ORD-8051,13036,COD,success,2026-06-13
PAY-1733,ORD-1579,"$12,209.00",wechat,pending,2024-06-22
PAY-1734,ORD-9676,10138,COD,failed,06/12/2024
PAY-1735,ORD-9485,"$9,151.00",card,pending,06/25/2024
PAY-1736,ORD-518,12 412,alipay,pending,12/09/2026
PAY-1737,ORD-1799,1005,alipay,success,2026-07-19
PAY-1738,ORD-9662,"$10,256.00",wechat,pending,01-06-2025
PAY-1739,ORD-5978,"$19,925.00",wechat,pending,2025-01-22
PAY-1740,ORD-2726,"$6,709.00",COD,SUCCESS,2026-08-17
PAY-1741,ORD-11505,"$8,060.00",alipay,success,16-11-2024
PAY-1742,ORD-13628,5945,COD,success,24-04-2024
PAY-1743,ORD-12440,"$2,532.00",wechat,SUCCESS,11-09-2025
PAY-1744,ORD-3390,3048,card,pending,2026-11-18
PAY-1745,ORD-12780,"$16,946.00",alipay,SUCCESS,02/13/2026
PAY-1746,ORD-5167,"$5,368.00",card,SUCCESS,2024-01-15
PAY-1747,ORD-8494,"$13,457.00",wechat,success,28-08-2024
PAY-1748,ORD-5741,"$8,163.00",wechat,SUCCESS,2026-12-04
PAY-1749,ORD-7370,"$11,849.00",card,success,21-08-2025
PAY-1750,ORD-13901,14501,COD,SUCCESS,16-01-2025
PAY-1751,ORD-24,1 605,COD,success,2024-06-01
PAY-1752,ORD-13873,"$19,235.00",COD,pending,09/15/2026
PAY-1753,ORD-5903,16373,card,pending,2025-01-02
PAY-1754,ORD-4361,"17 121,00",COD,SUCCESS,2026-01-25
PAY-1755,ORD-10946,13254,wechat,SUCCESS,2024-01-06
PAY-1756,ORD-9795,11057,COD,success,05/20/2024
PAY-1757,ORD-9171,"$14,533.00",COD,success,02/05/2026
PAY-1758,ORD-12196,"$7,918.00",alipay,pending,08/18/2025
PAY-1759,ORD-7721,5359,alipay,success,2024-03-04
PAY-1760,ORD-11755,"$4,597.00",COD,SUCCESS,01/06/2025
PAY-1761,ORD-14414,16387,COD,pending,21-10-2025
PAY-1762,ORD-9661,"$1,760.00",wechat,success,2026-09-27
PAY-1763,ORD-12114,"13 639,00",wechat,SUCCESS,2026-04-02
PAY-1764,ORD-11227,"$4,473.00",COD,success,2024-10-19
PAY-1765,ORD-3297,151,alipay,pending,2024-03-15
PAY-1766,ORD-13420,"$12,773.00",COD,SUCCESS,2024-02-22
PAY-1767,ORD-3025,"$19,931.00",COD,success,2025-08-22
PAY-1768,ORD-13392,"$5,867.00",wechat,success,04/16/2025
PAY-1769,ORD-4604,"$10,117.00",wechat,SUCCESS,04/07/2024
PAY-1770,ORD-13943,3239,card,SUCCESS,2024-12-04
PAY-1771,ORD-8065,"$1,832.00",COD,pending,02/18/2025
PAY-1772,ORD-5727,8916,wechat,SUCCESS,2025-04-15
PAY-1773,ORD-3505,"$10,742.00",wechat,SUCCESS,03/15/2026
PAY-1774,ORD-13695,635,wechat,pending,2025-02-07
PAY-1775,ORD-507,"$12,304.00",card,success,2025-04-03
PAY-1776,ORD-12371,"$10,521.00",card,success,2024-05-05
PAY-1777,ORD-10612,16004,alipay,SUCCESS,2024-01-12
PAY-1778,ORD-4088,17769,card,SUCCESS,2025-05-13
PAY-1779,ORD-1589,18866,card,success,11/24/2024
PAY-1780,ORD-13919,4334,alipay,success,2025-03-11
PAY-1781,ORD-1408,11442,card,success,2024-11-17
PAY-1782,ORD-11228,7 680,COD,pending,08/09/2024
PAY-1783,ORD-10593,"$13,658.00",wechat,pending,2024-06-18
PAY-1784,ORD-12529,16199,card,success,07-05-2026
PAY-1785,ORD-9970,19197,card,pending,2024-04-26
PAY-1786,ORD-6310,17 008,card,SUCCESS,28-08-2026
PAY-1787,ORD-12759,2495,alipay,success,06/15/2024
PAY-1788,ORD-14220,16576,wechat,SUCCESS,06/05/2024
PAY-1789,ORD-588,6127,wechat,success,2025-11-15
PAY-1790,ORD-13001,14740,alipay,success,10/27/2025
PAY-1791,ORD-3948,"$13,992.00",alipay,success,2025-03-25
PAY-1792,ORD-544,"$7,206.00",wechat,SUCCESS,2024-03-07
PAY-1793,ORD-11162,3429,COD,pending,2024-04-05
PAY-1794,ORD-8085,"$19,687.00",wechat,success,2025-12-18
PAY-1795,ORD-10651,5114,card,pending,2024-11-07
PAY-1796,ORD-6128,17 980,alipay,success,05-08-2026
PAY-1797,ORD-13405,"9 530,00",alipay,pending,2026-06-15
PAY-1798,ORD-8167,$655.00,alipay,success,2025-03-08
PAY-1799,ORD-14458,14349,wechat,SUCCESS,2024-05-07
PAY-1800,ORD-13284,"479,00",wechat,success,2025-07-23
PAY-1801,ORD-12117,"$16,709.00",alipay,success,01/21/2025
PAY-1802,ORD-10325,18276,COD,pending,2025-07-02
PAY-1803,ORD-4852,"$14,014.00",alipay,success,21-02-2026
PAY-1804,ORD-1139,14769,card,success,14-02-2026
PAY-1805,ORD-14870,12265,card,pending,08/28/2026
PAY-1806,ORD-5300,13200,card,SUCCESS,2024-07-13
PAY-1807,ORD-12783,"$8,698.00",alipay,pending,08/13/2025
PAY-1808,ORD-5551,"$17,353.00",card,pending,2025-07-26
PAY-1809,ORD-13496,17624,wechat,pending,2025-12-01
PAY-1810,ORD-6584,6146,COD,success,2026-11-26
PAY-1811,ORD-9720,19 016,COD,pending,08/09/2025
PAY-1812,ORD-3947,18713,COD,pending,03/02/2024
PAY-1813,ORD-9365,"18 990,00",card,SUCCESS,03/06/2026
PAY-1814,ORD-87,1608,wechat,failed,06/16/2026
PAY-1815,ORD-105,"$3,987.00",wechat,success,2024-10-19
PAY-1816,ORD-14813,12220,wechat,success,02-04-2024
PAY-1817,ORD-350,"$15,686.00",COD,SUCCESS,2026-05-05
PAY-1818,ORD-8802,"$16,268.00",COD,success,2025-11-12
PAY-1819,ORD-2470,4212,COD,pending,03-12-2026
PAY-1820,ORD-9447,9463,COD,SUCCESS,05/08/2025
PAY-1821,ORD-8900,12095,card,SUCCESS,2024-09-20
PAY-1822,ORD-12784,11436,COD,success,12-08-2024
PAY-1823,ORD-10766,9881,COD,success,06-07-2025
PAY-1824,ORD-8235,"$8,295.00",card,SUCCESS,2024-10-16
PAY-1825,ORD-8306,"$5,004.00",alipay,SUCCESS,2025-02-21
PAY-1826,ORD-1939,9 772,COD,success,2025-04-16
PAY-1827,ORD-9401,10734,COD,SUCCESS,2024-07-18
PAY-1828,ORD-11302,3324,alipay,success,16-04-2024
PAY-1829,ORD-7165,1434,COD,SUCCESS,05/14/2025
PAY-1830,ORD-2766,"$7,081.00",COD,failed,04-11-2024
PAY-1831,ORD-1642,2993,wechat,pending,2026-10-02
PAY-1832,ORD-763,4787,wechat,success,2026-12-17
PAY-1833,ORD-2821,"$10,344.00",card,pending,09/02/2025
PAY-1834,ORD-2156,1431,COD,failed,2025-08-01
PAY-1835,ORD-3861,"$19,822.00",card,success,2024-09-20
PAY-1836,ORD-7093,12 118,card,SUCCESS,02/03/2026
PAY-1837,ORD-7262,14432,COD,success,2024-08-18
PAY-1838,ORD-3099,7713,wechat,SUCCESS,04/28/2026
PAY-1839,ORD-8347,4372,alipay,SUCCESS,2024-04-22
PAY-1840,ORD-5918,19131,COD,SUCCESS,2025-02-12
PAY-1841,ORD-2944,"$4,176.00",wechat,success,2026-03-18
PAY-1842,ORD-12178,14256,COD,success,09-12-2026
PAY-1843,ORD-6073,1816,alipay,success,2024-03-26
PAY-1844,ORD-8055,5882,COD,success,2026-11-17
PAY-1845,ORD-4913,3757,wechat,failed,09/20/2025
PAY-1846,ORD-12013,3559,COD,success,2025-01-17
PAY-1847,ORD-8398,16 668,COD,success,2025-06-10
PAY-1848,ORD-6515,2678,COD,success,2025-06-12
PAY-1849,ORD-3977,9242,card,success,2026-12-12
PAY-1850,ORD-898,10364,COD,success,2026-12-08
PAY-1851,ORD-275,"$18,852.00",COD,success,2026-03-06
PAY-1852,ORD-2387,3722,card,SUCCESS,04/21/2026
PAY-1853,ORD-2890,"$4,753.00",COD,success,2025-03-21
PAY-1854,ORD-13730,"$7,000.00",wechat,pending,2026-10-04
PAY-1855,ORD-10793,8 437,alipay,pending,07/03/2024
PAY-1856,ORD-7541,18574,COD,success,2026-07-24
PAY-1857,ORD-172,"10 988,00",wechat,success,2025-05-12
PAY-1858,ORD-6917,19797,wechat,success,2026-08-06
PAY-1859,ORD-3911,"$7,881.00",wechat,SUCCESS,26-08-2026
PAY-1860,ORD-477,5151,wechat,success,2024-02-08
PAY-1861,ORD-4756,2 222,alipay,pending,22-12-2025
PAY-1862,ORD-2618,7758,alipay,failed,26-11-2026
PAY-1863,ORD-6539,"$2,470.00",card,pending,01-06-2025
PAY-1864,ORD-4514,7233,card,SUCCESS,20-11-2026
PAY-1865,ORD-2951,17121,COD,SUCCESS,14-04-2024
PAY-1866,ORD-39,14253,card,success,2024-02-13
PAY-1867,ORD-10054,"3 603,00",alipay,success,2026-05-14
PAY-1868,ORD-2241,16733,wechat,failed,12/20/2026
PAY-1869,ORD-13313,18 959,alipay,pending,27-09-2024
PAY-1870,ORD-4601,8539,COD,pending,2025-05-16
PAY-1871,ORD-13168,"8 315,00",COD,success,05/25/2025
PAY-1872,ORD-14589,16628,card,SUCCESS,2025-11-14
PAY-1873,ORD-5124,"5 370,00",wechat,pending,02-04-2026
PAY-1874,ORD-8676,3194,alipay,SUCCESS,14-07-2026
PAY-1875,ORD-9598,"$5,993.00",alipay,pending,02/26/2025
PAY-1876,ORD-13183,10254,COD,pending,2026-05-06
PAY-1877,ORD-7430,"5 533,00",alipay,SUCCESS,15-08-2024
PAY-1878,ORD-9960,3582,card,success,03/08/2025
PAY-1879,ORD-3933,5630,wechat,SUCCESS,14-01-2025
PAY-1880,ORD-3924,"$18,324.00",COD,success,07/19/2026
PAY-1881,ORD-4840,"$11,955.00",COD,SUCCESS,11/14/2025
PAY-1882,ORD-10026,19119,wechat,pending,2024-09-13
PAY-1883,ORD-5664,19498,card,pending,04/09/2026
PAY-1884,ORD-14622,$871.00,alipay,SUCCESS,2026-12-10
PAY-1885,ORD-8637,"$15,782.00",wechat,SUCCESS,13-08-2025
PAY-1886,ORD-4646,"$4,669.00",COD,success,08/16/2025
PAY-1887,ORD-10334,13516,alipay,pending,2024-03-10
PAY-1888,ORD-5550,19260,card,pending,10-11-2025
PAY-1889,ORD-12953,"10 139,00",wechat,success,26-04-2024
PAY-1890,ORD-11659,12233,card,success,2024-04-15
PAY-1891,ORD-988,"$6,450.00",card,success,2024-02-21
PAY-1892,ORD-1065,13529,alipay,pending,24-03-2025
PAY-1893,ORD-9412,"$3,519.00",card,SUCCESS,09/21/2026
PAY-1894,ORD-12925,8579,COD,SUCCESS,2024-04-10
PAY-1895,ORD-8602,"$6,865.00",card,success,11-01-2024
PAY-1896,ORD-8947,"139,00",alipay,SUCCESS,2024-07-25
PAY-1897,ORD-9298,9376,COD,success,2025-07-17
PAY-1898,ORD-13603,14526,wechat,SUCCESS,2025-09-17
PAY-1899,ORD-6218,"15 781,00",wechat,SUCCESS,12/08/2025
PAY-1900,ORD-9777,2515,card,SUCCESS,2026-04-26
PAY-1901,ORD-5055,3232,wechat,pending,11/23/2026
PAY-1902,ORD-2518,13 566,COD,pending,23-11-2026
PAY-1903,ORD-12161,"2 329,00",COD,SUCCESS,2024-03-24
PAY-1904,ORD-4909,12496,COD,failed,13-09-2024
PAY-1905,ORD-7042,"$7,921.00",card,failed,2024-11-06
PAY-1906,ORD-4180,6216,COD,SUCCESS,23-11-2025
PAY-1907,ORD-3199,"$4,496.00",wechat,pending,06/20/2026
PAY-1908,ORD-6922,3345,COD,success,2025-01-27
PAY-1909,ORD-12401,"$14,192.00",card,failed,2026-12-07
PAY-1910,ORD-6141,9654,alipay,SUCCESS,10/08/2026
PAY-1911,ORD-12618,11161,COD,pending,01/12/2024
PAY-1912,ORD-1884,16532,COD,failed,2025-02-08
PAY-1913,ORD-4731,1658,wechat,SUCCESS,2024-09-07
PAY-1914,ORD-7078,16839,COD,SUCCESS,2025-01-21
PAY-1915,ORD-1319,1698,alipay,SUCCESS,2026-11-08
PAY-1916,ORD-455,13 194,card,SUCCESS,05/04/2026
PAY-1917,ORD-2975,"$5,557.00",alipay,SUCCESS,2026-05-13
PAY-1918,ORD-1279,"$10,714.00",COD,success,03/12/2024
PAY-1919,ORD-5518,18623,card,SUCCESS,2024-11-11
PAY-1920,ORD-5877,"$9,357.00",wechat,pending,2024-01-25
PAY-1921,ORD-8352,16 887,wechat,pending,01/24/2025
PAY-1922,ORD-4715,"$9,431.00",wechat,SUCCESS,08/07/2024
PAY-1923,ORD-4331,3193,COD,SUCCESS,2024-04-24
PAY-1924,ORD-11556,14215,alipay,SUCCESS,2026-04-14
PAY-1925,ORD-9972,6672,wechat,SUCCESS,2026-12-10
PAY-1926,ORD-14072,"$3,084.00",card,SUCCESS,04-02-2025
PAY-1927,ORD-9262,19538,wechat,SUCCESS,2024-05-28
PAY-1928,ORD-4047,"2 797,00",alipay,success,2025-12-10
PAY-1929,ORD-1128,7510,card,success,2024-01-18
PAY-1930,ORD-2455,"$1,442.00",alipay,pending,12-12-2026
PAY-1931,ORD-1539,"$10,973.00",wechat,success,2024-05-08
PAY-1932,ORD-12180,7564,alipay,pending,2024-11-24
PAY-1933,ORD-10838,$674.00,wechat,pending,10-10-2026
PAY-1934,ORD-14883,10636,alipay,pending,01/11/2025
PAY-1935,ORD-11109,19374,alipay,SUCCESS,2024-04-22
PAY-1936,ORD-6580,11759,COD,SUCCESS,2025-08-28
PAY-1937,ORD-9471,9963,alipay,success,2026-04-14
PAY-1938,ORD-7210,8599,alipay,SUCCESS,17-09-2024
PAY-1939,ORD-10091,9 701,alipay,SUCCESS,2024-11-06
PAY-1940,ORD-8669,"$16,916.00",card,SUCCESS,2026-05-19
PAY-1941,ORD-2872,487,alipay,pending,02/09/2026
PAY-1942,ORD-7117,6391,card,success,14-05-2026
PAY-1943,ORD-5480,11961,card,success,2026-11-02
PAY-1944,ORD-1087,7650,wechat,SUCCESS,2024-11-02
PAY-1945,ORD-2370,"$5,909.00",COD,success,10-10-2024
PAY-1946,ORD-11499,15423,alipay,success,19-08-2024
PAY-1947,ORD-8204,19687,alipay,SUCCESS,2026-08-19
PAY-1948,ORD-10907,$483.00,alipay,pending,09/03/2025
PAY-1949,ORD-11205,3860,wechat,success,10-02-2025
PAY-1950,ORD-11445,13867,wechat,SUCCESS,2025-03-19
PAY-1951,ORD-12551,"2 053,00",alipay,success,16-10-2026
PAY-1952,ORD-3556,11013,alipay,success,27-08-2025
PAY-1953,ORD-11458,10090,alipay,pending,01-12-2026
PAY-1954,ORD-5790,"10 132,00",COD,success,2024-03-04
PAY-1955,ORD-2028,"$3,950.00",card,success,01/22/2025
PAY-1956,ORD-5251,"9 955,00",card,pending,2025-08-01
PAY-1957,ORD-13918,6654,wechat,pending,11/28/2024
PAY-1958,ORD-9505,8351,alipay,pending,12/10/2026
PAY-1959,ORD-7925,11104,wechat,success,2026-08-21
PAY-1960,ORD-9817,12477,alipay,success,21-09-2025
PAY-1961,ORD-3481,10206,COD,failed,2024-11-17
PAY-1962,ORD-7080,6 206,card,pending,2024-03-15
PAY-1963,ORD-1650,"$13,312.00",wechat,SUCCESS,2026-01-07
PAY-1964,ORD-7884,12161,wechat,pending,2024-04-26
PAY-1965,ORD-12971,7438,COD,pending,12/06/2024
PAY-1966,ORD-7379,"$16,335.00",COD,success,2025-12-04
PAY-1967,ORD-6082,19947,alipay,SUCCESS,17-12-2024
PAY-1968,ORD-9459,7018,wechat,failed,2026-06-20
PAY-1969,ORD-8888,"$19,095.00",card,success,2025-03-08
PAY-1970,ORD-11966,3046,wechat,pending,2024-10-03
PAY-1971,ORD-12999,"$15,099.00",card,pending,04/23/2026
PAY-1972,ORD-4008,$97.00,alipay,pending,2024-04-03
PAY-1973,ORD-2370,"$13,184.00",wechat,pending,2024-07-22
PAY-1974,ORD-11733,"$17,029.00",alipay,success,2026-01-10
PAY-1975,ORD-13025,"$11,197.00",card,success,05/06/2024
PAY-1976,ORD-3439,19211,COD,success,2025-02-02
PAY-1977,ORD-8227,"9 001,00",card,SUCCESS,14-09-2024
PAY-1978,ORD-11350,14298,card,SUCCESS,2024-07-28
PAY-1979,ORD-8112,"18 826,00",alipay,success,01/18/2026
PAY-1980,ORD-11479,"1 697,00",wechat,success,2025-02-26
PAY-1981,ORD-8013,"10 549,00",wechat,failed,07/10/2026
PAY-1982,ORD-3108,12520,card,SUCCESS,11-08-2025
PAY-1983,ORD-5069,2215,card,SUCCESS,2026-12-08
PAY-1984,ORD-4456,"$2,331.00",COD,success,2026-12-21
PAY-1985,ORD-1632,11 745,card,SUCCESS,2024-03-07
PAY-1986,ORD-4152,17 798,COD,success,2025-03-09
PAY-1987,ORD-1484,"646,00",card,pending,2025-02-04
PAY-1988,ORD-8902,"$15,301.00",COD,SUCCESS,2026-07-05
PAY-1989,ORD-6231,"$13,012.00",card,pending,02/21/2024
PAY-1990,ORD-4515,"$3,977.00",card,SUCCESS,2026-08-24
PAY-1991,ORD-2031,"$8,723.00",alipay,pending,12/02/2025
PAY-1992,ORD-6155,"$17,420.00",wechat,SUCCESS,2026-10-11
PAY-1993,ORD-14108,15841,COD,SUCCESS,2025-03-11
PAY-1994,ORD-14699,14879,wechat,pending,04-09-2024
PAY-1995,ORD-12087,12124,alipay,SUCCESS,15-02-2025
PAY-1996,ORD-4595,"$10,749.00",card,pending,2026-03-13
PAY-1997,ORD-14529,12 063,alipay,success,25-10-2026
PAY-1998,ORD-6642,"$4,162.00",COD,SUCCESS,2024-07-12
PAY-1999,ORD-14566,"$8,836.00",alipay,pending,2024-05-28
PAY-2000,ORD-2909,19607,card,success,2024-03-14
PAY-2001,ORD-7648,"$7,896.00",card,pending,2026-08-23
PAY-2002,ORD-14027,"$19,361.00",COD,pending,2024-03-22
PAY-2003,ORD-6380,7065,COD,pending,03/24/2025
PAY-2004,ORD-4554,"$1,500.00",card,SUCCESS,2025-06-20
PAY-2005,ORD-4247,5705,alipay,pending,2026-06-20
PAY-2006,ORD-10808,10603,alipay,SUCCESS,05/10/2025
PAY-2007,ORD-12515,13817,card,SUCCESS,05/24/2026
PAY-2008,ORD-1284,18 360,wechat,pending,2024-06-15
PAY-2009,ORD-5895,12 686,card,success,2025-03-28
PAY-2010,ORD-11115,"$7,644.00",COD,success,2024-10-12
PAY-2011,ORD-11039,13995,wechat,success,2025-05-10
PAY-2012,ORD-11385,"3 993,00",alipay,success,04-05-2025
PAY-2013,ORD-14807,17884,card,pending,09/10/2025
PAY-2014,ORD-10800,"$4,041.00",COD,pending,2025-04-05
PAY-2015,ORD-12141,14 283,COD,success,28-03-2026
PAY-2016,ORD-1394,12188,wechat,success,05/05/2025
PAY-2017,ORD-9043,"2 783,00",alipay,pending,2026-09-25
PAY-2018,ORD-5311,"$6,274.00",COD,success,07/15/2025
PAY-2019,ORD-14980,7062,alipay,pending,2024-04-16
PAY-2020,ORD-1949,"8 074,00",wechat,pending,2025-09-08
PAY-2021,ORD-14719,17925,card,success,2024-05-07
PAY-2022,ORD-1995,"$1,307.00",alipay,success,2025-03-05
PAY-2023,ORD-1969,17847,alipay,success,22-07-2024
PAY-2024,ORD-3697,9122,card,SUCCESS,2025-08-01
PAY-2025,ORD-12194,"$13,060.00",wechat,success,2024-10-26
PAY-2026,ORD-4341,3909,alipay,SUCCESS,12-04-2025
PAY-2027,ORD-14593,4 217,alipay,success,26-11-2026
PAY-2028,ORD-5360,"11 395,00",alipay,success,11/20/2024
PAY-2029,ORD-8941,4887,alipay,pending,21-08-2025
PAY-2030,ORD-12919,6089,card,success,08/03/2025
PAY-2031,ORD-6704,"$10,679.00",card,pending,2025-03-20
PAY-2032,ORD-11510,6 330,wechat,pending,2026-05-27
PAY-2033,ORD-6236,9548,alipay,pending,2026-11-08
PAY-2034,ORD-12221,"3 143,00",COD,SUCCESS,2026-06-03
PAY-2035,ORD-13860,"$1,184.00",alipay,success,2025-04-18
PAY-2036,ORD-12437,"$3,101.00",alipay,SUCCESS,11-11-2025
PAY-2037,ORD-7677,6144,alipay,SUCCESS,2026-11-08
PAY-2038,ORD-13122,"$12,008.00",wechat,SUCCESS,2026-01-10
PAY-2039,ORD-12864,"$12,628.00",card,success,2024-04-22
PAY-2040,ORD-1368,18185,card,success,2026-12-10
PAY-2041,ORD-13124,14106,card,success,2025-06-01
PAY-2042,ORD-13293,10079,alipay,success,2024-03-09
PAY-2043,ORD-701,"$5,129.00",wechat,success,12/01/2025
PAY-2044,ORD-9446,6725,alipay,failed,2025-01-18
PAY-2045,ORD-13159,11987,wechat,pending,22-01-2025
PAY-2046,ORD-4368,"$14,655.00",alipay,pending,06/10/2026
PAY-2047,ORD-5533,"$8,024.00",alipay,SUCCESS,2025-06-04
PAY-2048,ORD-317,"$19,986.00",card,SUCCESS,2026-04-06
PAY-2049,ORD-4478,17740,COD,success,2026-06-20
PAY-2050,ORD-3249,1444,alipay,pending,2024-03-22
PAY-2051,ORD-805,17073,COD,success,2024-07-16
PAY-2052,ORD-7143,"$11,311.00",wechat,success,2025-02-19
PAY-2053,ORD-2800,15716,card,pending,2025-11-05
PAY-2054,ORD-6736,"$15,981.00",card,SUCCESS,2024-01-26
PAY-2055,ORD-3394,"$12,967.00",alipay,pending,05/23/2026
PAY-2056,ORD-7081,"$14,504.00",card,pending,2026-11-15
PAY-2057,ORD-7199,8024,COD,SUCCESS,2024-10-21
PAY-2058,ORD-14714,"14 087,00",wechat,success,28-11-2025
PAY-2059,ORD-3153,19633,alipay,success,09-05-2026
PAY-2060,ORD-4849,15381,COD,success,2024-07-03
PAY-2061,ORD-10768,"9 489,00",alipay,success,11-05-2024
PAY-2062,ORD-13404,"$11,027.00",COD,pending,06/21/2026
PAY-2063,ORD-3936,"$9,686.00",COD,pending,09-11-2026
PAY-2064,ORD-10916,18 471,alipay,success,2024-09-09
PAY-2065,ORD-7560,"$10,432.00",wechat,SUCCESS,28-06-2024
PAY-2066,ORD-4695,"$17,912.00",COD,failed,11-04-2024
PAY-2067,ORD-12639,"2 052,00",COD,pending,03/14/2024
PAY-2068,ORD-4241,"$10,535.00",alipay,pending,2026-03-11
PAY-2069,ORD-2098,"$16,462.00",alipay,success,06/23/2025
PAY-2070,ORD-13514,13268,COD,pending,2025-12-19
PAY-2071,ORD-5636,17 325,wechat,success,2024-02-01
PAY-2072,ORD-3909,9610,card,SUCCESS,09/17/2025
PAY-2073,ORD-12182,"15 705,00",card,SUCCESS,2026-04-20
PAY-2074,ORD-6772,19457,COD,success,08/11/2025
PAY-2075,ORD-10160,"$8,034.00",COD,pending,2024-01-24
PAY-2076,ORD-12284,12337,alipay,SUCCESS,05-09-2026
PAY-2077,ORD-10541,16878,alipay,SUCCESS,08/26/2026
PAY-2078,ORD-10372,"$1,785.00",alipay,success,20-01-2025
PAY-2079,ORD-10990,"$10,110.00",COD,success,02/16/2026
PAY-2080,ORD-3906,7988,alipay,success,2024-02-24
PAY-2081,ORD-554,"18 469,00",alipay,pending,17-06-2025
PAY-2082,ORD-4684,"$6,548.00",wechat,SUCCESS,2026-09-14
PAY-2083,ORD-506,15 170,COD,SUCCESS,2026-11-23
PAY-2084,ORD-6484,18185,COD,pending,08-06-2024
PAY-2085,ORD-7527,"$9,966.00",COD,SUCCESS,13-04-2026
PAY-2086,ORD-5089,11 464,wechat,success,2025-05-25
PAY-2087,ORD-14577,17553,alipay,pending,06/17/2026
PAY-2088,ORD-14402,"6 614,00",wechat,pending,06/25/2025
PAY-2089,ORD-7044,10817,COD,pending,23-11-2025
PAY-2090,ORD-3368,19433,alipay,pending,12/27/2026
PAY-2091,ORD-4088,12323,COD,SUCCESS,05/09/2025
PAY-2092,ORD-14580,"$16,187.00",card,pending,2026-10-26
PAY-2093,ORD-10542,1276,alipay,pending,2024-01-27
PAY-2094,ORD-12449,3281,wechat,SUCCESS,2026-01-08
PAY-2095,ORD-13301,13201,wechat,SUCCESS,12/16/2025
PAY-2096,ORD-1936,18295,alipay,pending,2026-11-12
PAY-2097,ORD-3944,"$10,792.00",COD,success,16-02-2026
PAY-2098,ORD-4295,17316,alipay,SUCCESS,22-09-2024
PAY-2099,ORD-978,14549,card,success,2026-08-26
PAY-2100,ORD-13617,15410,alipay,success,10/04/2026
PAY-2101,ORD-10163,"$18,050.00",COD,SUCCESS,09/13/2025
PAY-2102,ORD-7443,2318,wechat,pending,08/10/2025
PAY-2103,ORD-7591,772,wechat,SUCCESS,2025-07-11
PAY-2104,ORD-2275,4591,alipay,pending,2025-03-21
PAY-2105,ORD-2510,2012,COD,SUCCESS,2024-05-08
PAY-2106,ORD-14759,$384.00,COD,SUCCESS,14-02-2025
PAY-2107,ORD-8203,"$17,524.00",wechat,SUCCESS,08/13/2025
PAY-2108,ORD-14914,"$7,105.00",alipay,success,09/07/2024
PAY-2109,ORD-499,"5 767,00",card,pending,2024-04-02
PAY-2110,ORD-14905,"$5,859.00",COD,success,07/20/2026
PAY-2111,ORD-697,7078,wechat,success,2024-11-25
PAY-2112,ORD-376,"$7,667.00",alipay,pending,03-10-2025
PAY-2113,ORD-14401,10087,COD,success,2026-06-05
PAY-2114,ORD-4546,4 186,COD,pending,2024-02-19
PAY-2115,ORD-12860,"7 738,00",wechat,SUCCESS,03/15/2026
PAY-2116,ORD-11574,"10 129,00",alipay,success,05/19/2024
PAY-2117,ORD-13674,"$1,809.00",wechat,pending,2024-12-05
PAY-2118,ORD-10640,11204,wechat,success,2026-12-04
PAY-2119,ORD-3003,802,alipay,pending,05/17/2024
PAY-2120,ORD-5230,16 440,wechat,success,09/08/2026
PAY-2121,ORD-10807,7204,COD,SUCCESS,10-01-2024
PAY-2122,ORD-14096,"$6,139.00",card,SUCCESS,2025-09-01
PAY-2123,ORD-8266,5310,COD,success,2026-10-15
PAY-2124,ORD-8377,4 339,card,success,07-01-2024
PAY-2125,ORD-6415,2406,card,pending,2025-01-01
PAY-2126,ORD-13453,"$6,693.00",card,SUCCESS,05/04/2025
PAY-2127,ORD-4420,"$11,897.00",wechat,success,05/13/2025
PAY-2128,ORD-5208,12902,COD,success,18-09-2025
PAY-2129,ORD-14964,15856,card,pending,2024-05-16
PAY-2130,ORD-6480,11708,wechat,pending,09/06/2026
PAY-2131,ORD-7510,"1 009,00",card,SUCCESS,04-11-2025
PAY-2132,ORD-11582,11356,alipay,pending,2024-11-18
PAY-2133,ORD-13817,11256,COD,success,2024-12-05
PAY-2134,ORD-4650,"$12,796.00",alipay,success,25-09-2024
PAY-2135,ORD-6247,"1 333,00",alipay,success,11/02/2026
PAY-2136,ORD-1858,"2 815,00",COD,pending,18-06-2025
PAY-2137,ORD-7274,1840,alipay,pending,06-01-2024
PAY-2138,ORD-12031,1 415,COD,SUCCESS,2025-12-06
PAY-2139,ORD-5170,"$1,245.00",card,success,10/13/2026
PAY-2140,ORD-5440,9932,wechat,success,2024-07-06
PAY-2141,ORD-12528,10 010,wechat,SUCCESS,2025-02-05
PAY-2142,ORD-954,"$19,994.00",COD,SUCCESS,02/02/2024
PAY-2143,ORD-14359,11003,COD,SUCCESS,2024-09-08
PAY-2144,ORD-3936,"$17,607.00",card,success,2026-10-13
PAY-2145,ORD-14975,"$19,444.00",card,SUCCESS,2024-06-09
PAY-2146,ORD-4335,13920,card,pending,12-01-2025
PAY-2147,ORD-1910,12179,COD,SUCCESS,07/19/2024
PAY-2148,ORD-725,17035,COD,pending,2024-10-03
PAY-2149,ORD-9971,$868.00,wechat,SUCCESS,01-07-2026
PAY-2150,ORD-6633,"$4,820.00",COD,SUCCESS,2024-06-25
PAY-2151,ORD-558,13090,alipay,success,2025-10-18
PAY-2152,ORD-68,17830,wechat,success,2026-08-02
PAY-2153,ORD-1970,12987,wechat,success,07/16/2025
PAY-2154,ORD-6293,"$13,848.00",COD,success,2026-06-09
PAY-2155,ORD-4491,"$12,274.00",alipay,pending,02-11-2024
PAY-2156,ORD-14996,"$6,799.00",card,pending,05-02-2024
PAY-2157,ORD-10933,13935,wechat,failed,01/18/2024
PAY-2158,ORD-14370,"$17,771.00",COD,success,2026-04-09
PAY-2159,ORD-10751,"$16,389.00",COD,failed,2026-11-01
PAY-2160,ORD-8140,"13 854,00",wechat,success,25-12-2024
PAY-2161,ORD-12740,"$13,053.00",wechat,SUCCESS,2025-01-03
PAY-2162,ORD-10154,"12 180,00",wechat,pending,2025-10-19
PAY-2163,ORD-341,"$18,518.00",wechat,pending,2024-04-13
PAY-2164,ORD-13688,14 038,card,pending,09/10/2025
PAY-2165,ORD-14987,5 015,COD,success,09/04/2024
PAY-2166,ORD-13714,1708,card,failed,2026-11-14
PAY-2167,ORD-13602,10433,COD,pending,2025-03-26
PAY-2168,ORD-990,12180,card,pending,11/10/2026
PAY-2169,ORD-3687,2420,wechat,pending,07/01/2024
PAY-2170,ORD-10636,12992,wechat,pending,2026-05-01
PAY-2171,ORD-9511,220,COD,pending,2026-03-13
PAY-2172,ORD-5511,"19 471,00",alipay,SUCCESS,07/21/2025
PAY-2173,ORD-479,"18 307,00",COD,SUCCESS,2024-03-02
PAY-2174,ORD-7606,"$18,929.00",wechat,pending,2026-01-25
PAY-2175,ORD-7489,7 287,wechat,SUCCESS,24-05-2024
PAY-2176,ORD-1181,"16 912,00",card,pending,2026-09-11
PAY-2177,ORD-14290,"$18,175.00",wechat,SUCCESS,2024-03-24
PAY-2178,ORD-10703,7135,wechat,success,05/03/2025
PAY-2179,ORD-1593,"$3,234.00",alipay,success,08-06-2024
PAY-2180,ORD-6815,3309,COD,success,12-07-2024
PAY-2181,ORD-11917,15781,card,failed,2025-10-13
PAY-2182,ORD-2604,9 926,wechat,pending,03/18/2024
PAY-2183,ORD-3527,7 534,card,success,2026-10-20
PAY-2184,ORD-4075,"$19,605.00",alipay,SUCCESS,2025-01-15
PAY-2185,ORD-8140,"$11,586.00",wechat,SUCCESS,2024-05-13
PAY-2186,ORD-9097,15332,COD,pending,07/14/2026
PAY-2187,ORD-2912,13139,COD,pending,12-10-2024
PAY-2188,ORD-3890,"8 600,00",alipay,SUCCESS,2026-09-23
PAY-2189,ORD-4579,12280,COD,success,2026-11-02
PAY-2190,ORD-4916,"$4,951.00",alipay,SUCCESS,2024-11-04
PAY-2191,ORD-7393,11772,alipay,SUCCESS,07/21/2024
PAY-2192,ORD-8312,5118,wechat,success,04/17/2026
PAY-2193,ORD-4804,19 450,wechat,SUCCESS,19-01-2024
PAY-2194,ORD-4697,3420,alipay,SUCCESS,11/16/2026
PAY-2195,ORD-6258,3949,COD,success,2026-04-03
PAY-2196,ORD-5865,9023,alipay,SUCCESS,12/13/2026
PAY-2197,ORD-14032,"17 767,00",wechat,failed,12/16/2025
PAY-2198,ORD-7365,8578,COD,success,2025-06-24
PAY-2199,ORD-5223,"$18,826.00",wechat,success,2024-07-02
PAY-2200,ORD-2605,"$17,128.00",wechat,success,10/17/2024
PAY-2201,ORD-6260,11571,card,SUCCESS,11-06-2026
PAY-2202,ORD-10920,16386,card,SUCCESS,14-05-2026
PAY-2203,ORD-5843,1282,card,pending,03-07-2025
PAY-2204,ORD-7876,"9 563,00",COD,SUCCESS,10/27/2025
PAY-2205,ORD-10611,14301,card,pending,03-08-2026
PAY-2206,ORD-1010,1 931,COD,SUCCESS,2026-09-02
PAY-2207,ORD-4844,3464,wechat,SUCCESS,2026-08-17
PAY-2208,ORD-11423,13 364,COD,failed,25-11-2025
PAY-2209,ORD-10572,7771,wechat,SUCCESS,14-05-2025
PAY-2210,ORD-8902,"17 993,00",card,pending,12/09/2024
PAY-2211,ORD-3295,3150,alipay,pending,18-01-2026
PAY-2212,ORD-2447,2425,card,failed,07/10/2024
PAY-2213,ORD-1189,19469,card,SUCCESS,11/06/2025
PAY-2214,ORD-2555,"$1,551.00",alipay,success,15-04-2024
PAY-2215,ORD-12548,9 407,alipay,success,12-08-2025
PAY-2216,ORD-8241,"$15,326.00",wechat,success,04/20/2024
PAY-2217,ORD-8086,15101,wechat,pending,2026-02-10
PAY-2218,ORD-3771,287,wechat,success,15-11-2026
PAY-2219,ORD-305,10445,COD,SUCCESS,2025-10-06
PAY-2220,ORD-6529,"$15,881.00",card,pending,18-03-2024
PAY-2221,ORD-4553,"$12,206.00",alipay,pending,2026-02-04
PAY-2222,ORD-6258,"$4,397.00",alipay,success,12/06/2026
PAY-2223,ORD-9135,"$8,212.00",wechat,pending,2024-05-09
PAY-2224,ORD-14655,"$9,309.00",wechat,success,08-01-2025
PAY-2225,ORD-4461,13 859,COD,success,2025-04-26
PAY-2226,ORD-5206,"$16,762.00",card,success,27-05-2025
PAY-2227,ORD-6230,8061,wechat,SUCCESS,17-06-2025
PAY-2228,ORD-9538,3605,COD,success,2024-01-01
PAY-2229,ORD-13696,16667,card,pending,03/13/2025
PAY-2230,ORD-3765,5045,alipay,SUCCESS,2026-04-09
PAY-2231,ORD-1886,14143,COD,pending,2024-02-13
PAY-2232,ORD-13186,"$7,472.00",COD,success,2026-02-16
PAY-2233,ORD-8311,13191,COD,SUCCESS,2024-03-13
PAY-2234,ORD-4020,$881.00,alipay,SUCCESS,2026-09-20
PAY-2235,ORD-11181,"$10,826.00",alipay,SUCCESS,09/06/2026
PAY-2236,ORD-8141,10600,wechat,SUCCESS,2026-04-26
PAY-2237,ORD-3250,10286,card,pending,05/15/2025
PAY-2238,ORD-5579,"15 458,00",wechat,pending,2026-09-27
PAY-2239,ORD-649,"15 487,00",card,pending,2025-08-01
PAY-2240,ORD-9608,1125,COD,success,02/14/2024
PAY-2241,ORD-12023,17 387,alipay,SUCCESS,2026-09-01
PAY-2242,ORD-6409,16859,COD,SUCCESS,06/17/2026
PAY-2243,ORD-8402,12196,alipay,SUCCESS,02/25/2025
PAY-2244,ORD-3232,15953,card,SUCCESS,08-06-2025
PAY-2245,ORD-5944,1224,wechat,SUCCESS,11/10/2026
PAY-2246,ORD-5448,6013,COD,success,27-04-2025
PAY-2247,ORD-9087,"$6,598.00",alipay,SUCCESS,08-07-2025
PAY-2248,ORD-2284,5982,wechat,success,2025-07-08
PAY-2249,ORD-14904,4315,COD,success,07/18/2025
PAY-2250,ORD-1258,"$14,856.00",COD,success,2024-04-15
PAY-2251,ORD-13230,19119,alipay,SUCCESS,16-01-2024
PAY-2252,ORD-6897,17031,COD,pending,2025-07-13
PAY-2253,ORD-8250,7020,wechat,pending,2025-08-25
PAY-2254,ORD-5635,9070,card,SUCCESS,2026-09-10
PAY-2255,ORD-474,"$6,309.00",wechat,SUCCESS,10/08/2026
PAY-2256,ORD-12034,19960,alipay,success,2026-08-04
PAY-2257,ORD-7113,9 341,COD,pending,02/24/2024
PAY-2258,ORD-2326,7 789,wechat,SUCCESS,2025-07-07
PAY-2259,ORD-7880,12128,COD,SUCCESS,2024-01-03
PAY-2260,ORD-733,1838,card,pending,03-09-2026
PAY-2261,ORD-3648,"$14,334.00",card,success,2026-09-24
PAY-2262,ORD-12965,"$4,220.00",COD,SUCCESS,2026-09-27
PAY-2263,ORD-12528,9160,alipay,SUCCESS,2026-08-16
PAY-2264,ORD-2533,"6 552,00",wechat,success,2026-08-13
PAY-2265,ORD-1842,5595,card,pending,13-07-2026
PAY-2266,ORD-7517,5885,alipay,success,2026-01-03
PAY-2267,ORD-3067,"$16,477.00",card,SUCCESS,2026-09-08
PAY-2268,ORD-6683,383,wechat,pending,2026-01-14
PAY-2269,ORD-2826,12447,COD,success,01/05/2025
PAY-2270,ORD-879,15 009,alipay,success,2025-11-22
PAY-2271,ORD-11841,9 432,card,pending,06/08/2025
PAY-2272,ORD-12256,"$18,400.00",wechat,pending,2026-10-06
PAY-2273,ORD-5457,11616,card,SUCCESS,2025-03-27
PAY-2274,ORD-1935,4354,wechat,pending,03/10/2026
PAY-2275,ORD-17,14230,wechat,success,16-01-2026
PAY-2276,ORD-13558,7192,wechat,success,10-02-2024
PAY-2277,ORD-6681,"$7,733.00",wechat,SUCCESS,2024-08-04
PAY-2278,ORD-14256,17324,alipay,SUCCESS,2024-02-22
PAY-2279,ORD-10042,10238,alipay,SUCCESS,2026-04-01
PAY-2280,ORD-6444,"$3,851.00",wechat,pending,11/18/2024
PAY-2281,ORD-1624,"$3,008.00",alipay,pending,11/27/2025
PAY-2282,ORD-8899,"1 094,00",alipay,pending,03/27/2025
PAY-2283,ORD-4982,8428,alipay,SUCCESS,2024-12-18
PAY-2284,ORD-10938,17409,card,pending,10/02/2025
PAY-2285,ORD-9095,"$8,246.00",card,SUCCESS,2024-05-16
PAY-2286,ORD-9697,7612,card,success,2024-04-21
PAY-2287,ORD-4622,8505,COD,SUCCESS,05/13/2024
PAY-2288,ORD-2127,19726,wechat,success,06-10-2026
PAY-2289,ORD-2392,2 651,wechat,success,04/08/2026
PAY-2290,ORD-1308,"$11,759.00",card,pending,05/26/2025
PAY-2291,ORD-9182,"$6,787.00",COD,success,06-10-2026
PAY-2292,ORD-6992,"$6,146.00",card,pending,2025-04-19
PAY-2293,ORD-351,"$13,415.00",COD,SUCCESS,2026-02-02
PAY-2294,ORD-6536,9097,card,success,2026-08-16
PAY-2295,ORD-7804,16 732,alipay,success,03/27/2026
PAY-2296,ORD-5255,"$18,110.00",card,SUCCESS,2024-06-12
PAY-2297,ORD-12581,4286,COD,pending,2025-07-23
PAY-2298,ORD-11548,"$3,667.00",COD,pending,27-02-2024
PAY-2299,ORD-9301,802,alipay,SUCCESS,28-01-2025
PAY-2300,ORD-4290,7852,COD,SUCCESS,06/15/2024
PAY-2301,ORD-5623,"$14,826.00",wechat,pending,2025-03-13
PAY-2302,ORD-11645,6697,wechat,SUCCESS,05/09/2026
PAY-2303,ORD-10368,"$19,826.00",alipay,success,07/21/2026
PAY-2304,ORD-6652,2534,wechat,SUCCESS,2025-05-13
PAY-2305,ORD-7029,18002,card,success,12/04/2024
PAY-2306,ORD-2599,8919,card,pending,2024-10-09
PAY-2307,ORD-7665,"$12,440.00",card,pending,2025-04-22
PAY-2308,ORD-13321,"7 459,00",card,SUCCESS,2024-12-06
PAY-2309,ORD-10481,"$8,818.00",card,SUCCESS,2026-08-08
PAY-2310,ORD-2120,11004,alipay,failed,04/23/2025
PAY-2311,ORD-13490,15 045,alipay,SUCCESS,11/23/2025
PAY-2312,ORD-1076,17035,COD,SUCCESS,2025-05-21
PAY-2313,ORD-1216,"$5,418.00",wechat,success,13-05-2024
PAY-2314,ORD-5040,"$11,613.00",card,success,27-05-2026
PAY-2315,ORD-5636,10224,COD,SUCCESS,2026-11-06
PAY-2316,ORD-7713,16 377,alipay,success,2025-02-05
PAY-2317,ORD-6611,4507,wechat,pending,2024-10-20
PAY-2318,ORD-14907,"$15,710.00",alipay,SUCCESS,05/05/2025
PAY-2319,ORD-5074,"18 292,00",COD,pending,2026-01-08
PAY-2320,ORD-11051,15799,COD,pending,2026-04-17
PAY-2321,ORD-8625,"$2,144.00",card,success,2025-03-14
PAY-2322,ORD-2227,15170,COD,pending,11/14/2026
PAY-2323,ORD-5356,"$12,635.00",alipay,SUCCESS,12/16/2024
PAY-2324,ORD-9569,"$17,087.00",alipay,success,2025-02-12
PAY-2325,ORD-9317,10427,wechat,pending,2024-03-19
PAY-2326,ORD-9699,13078,card,pending,2024-05-18
PAY-2327,ORD-796,7762,COD,success,2026-07-06
PAY-2328,ORD-6760,7 743,card,SUCCESS,2026-02-02
PAY-2329,ORD-1950,15365,COD,pending,04/26/2026
PAY-2330,ORD-606,9988,COD,SUCCESS,2025-01-27
PAY-2331,ORD-12182,856,card,pending,22-11-2026
PAY-2332,ORD-682,842,card,pending,2024-07-28
PAY-2333,ORD-13896,19470,alipay,success,07/12/2024
PAY-2334,ORD-11851,1164,card,pending,10-04-2026
PAY-2335,ORD-1437,7374,alipay,pending,2025-11-20
PAY-2336,ORD-3262,"9 912,00",wechat,SUCCESS,2024-10-17
PAY-2337,ORD-5100,2378,card,success,2026-05-18
PAY-2338,ORD-4680,12107,alipay,pending,2024-04-13
PAY-2339,ORD-5719,2707,card,success,05-09-2024
PAY-2340,ORD-6551,361,alipay,pending,2024-05-10
PAY-2341,ORD-2827,"$8,301.00",card,SUCCESS,08/02/2024
PAY-2342,ORD-5233,"$13,441.00",alipay,success,2025-05-03
PAY-2343,ORD-7734,"$4,148.00",COD,pending,2024-12-10
PAY-2344,ORD-479,8932,card,success,2025-06-16
PAY-2345,ORD-10734,"$10,266.00",COD,SUCCESS,2026-04-22
PAY-2346,ORD-4637,"$8,559.00",card,SUCCESS,05/18/2025
PAY-2347,ORD-6026,9509,alipay,pending,14-06-2024
PAY-2348,ORD-9982,18392,wechat,SUCCESS,2025-06-19
PAY-2349,ORD-701,"8 233,00",card,pending,2024-09-08
PAY-2350,ORD-701,9784,wechat,success,07/28/2024
PAY-2351,ORD-3714,17923,wechat,pending,2025-10-08
PAY-2352,ORD-14646,2603,alipay,SUCCESS,2026-10-12
PAY-2353,ORD-4451,"$14,232.00",alipay,pending,2026-02-27
PAY-2354,ORD-3402,"2 079,00",alipay,pending,2026-02-13
PAY-2355,ORD-11961,"$19,418.00",alipay,SUCCESS,01/20/2025
PAY-2356,ORD-11533,14262,card,SUCCESS,2025-12-11
PAY-2357,ORD-5416,16144,COD,SUCCESS,09/21/2024
PAY-2358,ORD-8424,"$8,229.00",wechat,pending,11/16/2024
PAY-2359,ORD-12119,2 097,wechat,SUCCESS,07/16/2026
PAY-2360,ORD-1940,9 450,COD,SUCCESS,09-12-2025
PAY-2361,ORD-7369,8826,COD,SUCCESS,01/12/2024
PAY-2362,ORD-3080,14 846,COD,SUCCESS,2024-08-19
PAY-2363,ORD-3008,"12 032,00",wechat,success,22-07-2024
PAY-2364,ORD-7311,12075,alipay,pending,03/05/2025
PAY-2365,ORD-12149,17945,COD,pending,2024-04-28
PAY-2366,ORD-836,$615.00,wechat,success,17-04-2026
PAY-2367,ORD-13234,2 940,card,SUCCESS,07/04/2024
PAY-2368,ORD-3650,"$8,059.00",COD,success,15-03-2024
PAY-2369,ORD-12900,11 852,wechat,failed,2024-03-23
PAY-2370,ORD-6222,"9 846,00",alipay,success,11/28/2026
PAY-2371,ORD-8121,17407,wechat,SUCCESS,2024-02-21
PAY-2372,ORD-13670,"$3,639.00",wechat,success,2024-08-05
PAY-2373,ORD-4260,14 612,wechat,SUCCESS,26-04-2025
PAY-2374,ORD-14263,$505.00,COD,pending,02/19/2025
PAY-2375,ORD-6678,"$10,619.00",card,pending,2025-12-12
PAY-2376,ORD-14956,3290,COD,SUCCESS,2024-05-23
PAY-2377,ORD-7142,771,alipay,success,02-02-2024
PAY-2378,ORD-10028,10372,COD,SUCCESS,2025-03-08
PAY-2379,ORD-7902,3683,card,success,2024-09-05
PAY-2380,ORD-1613,"$14,099.00",COD,SUCCESS,2026-11-20
PAY-2381,ORD-5825,"$3,153.00",card,success,08/17/2025
PAY-2382,ORD-8941,12451,wechat,success,2024-07-24
PAY-2383,ORD-219,"3 400,00",card,success,2024-05-02
PAY-2384,ORD-12011,8386,COD,failed,2026-06-12
PAY-2385,ORD-7794,"$6,935.00",COD,failed,05/01/2026
PAY-2386,ORD-11546,"$3,185.00",card,pending,2026-01-25
PAY-2387,ORD-1517,8088,COD,success,2026-04-01
PAY-2388,ORD-10497,"$2,498.00",alipay,success,14-08-2026
PAY-2389,ORD-8055,3504,card,pending,01-09-2025
PAY-2390,ORD-6404,"11 305,00",wechat,pending,2025-06-23
PAY-2391,ORD-7988,9564,COD,pending,2026-01-20
PAY-2392,ORD-14759,8115,COD,pending,2024-10-22
PAY-2393,ORD-5510,14494,alipay,success,2026-10-19
PAY-2394,ORD-2761,16947,COD,success,2024-02-02
PAY-2395,ORD-2925,18813,wechat,pending,2025-12-25
PAY-2396,ORD-6392,10952,wechat,success,12-04-2026
PAY-2397,ORD-10606,17708,wechat,pending,13-05-2026
PAY-2398,ORD-2071,1065,card,SUCCESS,12-02-2025
PAY-2399,ORD-6713,6544,alipay,success,2024-08-03
PAY-2400,ORD-11821,"$10,857.00",card,SUCCESS,2024-03-06
PAY-2401,ORD-13030,5 671,card,pending,10/12/2024
PAY-2402,ORD-12896,6580,card,success,2026-03-23
PAY-2403,ORD-833,13402,alipay,failed,2024-08-07
PAY-2404,ORD-6892,7166,card,pending,2024-03-18
PAY-2405,ORD-7201,5185,alipay,SUCCESS,2026-01-27
PAY-2406,ORD-5296,11785,wechat,success,01-01-2025
PAY-2407,ORD-12596,19677,COD,success,2026-01-10
PAY-2408,ORD-13556,"$4,018.00",card,pending,01/21/2025
PAY-2409,ORD-3396,12215,alipay,SUCCESS,2026-10-28
PAY-2410,ORD-13374,15651,alipay,success,02/11/2025
PAY-2411,ORD-8873,5339,card,pending,22-02-2024
PAY-2412,ORD-10359,6370,COD,pending,03/01/2024
PAY-2413,ORD-11739,"6 508,00",card,pending,11/10/2024
PAY-2414,ORD-9515,"$18,059.00",card,success,2026-12-16
PAY-2415,ORD-4974,16012,alipay,pending,26-04-2026
PAY-2416,ORD-6722,18390,alipay,pending,18-11-2026
PAY-2417,ORD-4007,6122,alipay,failed,26-03-2026
PAY-2418,ORD-938,"$12,749.00",COD,pending,2024-01-24
PAY-2419,ORD-837,9 566,wechat,SUCCESS,2024-11-15
PAY-2420,ORD-1656,11 973,alipay,SUCCESS,2025-11-09
PAY-2421,ORD-9674,"10 792,00",alipay,success,2026-09-20
PAY-2422,ORD-5545,3227,COD,SUCCESS,2025-08-10
PAY-2423,ORD-8671,18135,card,success,2026-03-18
PAY-2424,ORD-3804,17547,card,SUCCESS,07/12/2024
PAY-2425,ORD-3991,321,wechat,success,08/03/2026
PAY-2426,ORD-12275,"$15,860.00",wechat,SUCCESS,11/25/2024
PAY-2427,ORD-13485,6485,alipay,success,03-01-2024
PAY-2428,ORD-6599,15238,alipay,pending,2025-10-21
PAY-2429,ORD-8922,7954,wechat,pending,2025-12-03
PAY-2430,ORD-4348,"$11,353.00",card,SUCCESS,20-09-2025
PAY-2431,ORD-2599,11 917,COD,SUCCESS,2026-12-20
PAY-2432,ORD-10955,10829,alipay,pending,2024-02-27
PAY-2433,ORD-991,13842,COD,SUCCESS,09/15/2024
PAY-2434,ORD-9101,14407,card,success,06/07/2025
PAY-2435,ORD-14620,$66.00,wechat,SUCCESS,05/04/2025
PAY-2436,ORD-2028,"$5,733.00",alipay,pending,2024-03-16
PAY-2437,ORD-13273,"$12,695.00",card,SUCCESS,2024-07-08
PAY-2438,ORD-1923,"19 135,00",card,SUCCESS,07/10/2026
PAY-2439,ORD-10821,1967,wechat,SUCCESS,2026-03-15
PAY-2440,ORD-14974,5792,wechat,success,2025-09-07
PAY-2441,ORD-14158,"$6,365.00",card,SUCCESS,2024-10-27
PAY-2442,ORD-7226,"9 885,00",card,pending,2026-09-28
PAY-2443,ORD-12615,14311,alipay,success,2024-07-20
PAY-2444,ORD-4933,"$1,982.00",COD,SUCCESS,2026-10-17
PAY-2445,ORD-3104,8308,card,SUCCESS,2026-05-20
PAY-2446,ORD-13318,3685,card,pending,2025-12-21
PAY-2447,ORD-3330,17853,COD,success,2025-04-25
PAY-2448,ORD-208,"$9,248.00",card,success,11/16/2026
PAY-2449,ORD-5379,"3 239,00",wechat,pending,09/13/2025
PAY-2450,ORD-12208,12676,COD,pending,07/04/2026
PAY-2451,ORD-4793,"$1,247.00",COD,success,08/20/2024
PAY-2452,ORD-8450,"$19,795.00",COD,SUCCESS,04-04-2026
PAY-2453,ORD-285,16485,alipay,pending,07/24/2026
PAY-2454,ORD-6623,1524,COD,SUCCESS,2025-11-09
PAY-2455,ORD-5242,"$5,919.00",card,failed,2026-06-17
PAY-2456,ORD-5940,"$12,431.00",COD,success,2024-02-14
PAY-2457,ORD-8212,6606,COD,success,2026-07-27
PAY-2458,ORD-7466,17832,card,pending,2024-11-05
PAY-2459,ORD-2325,"$15,896.00",COD,success,2026-01-01
PAY-2460,ORD-10022,4352,COD,SUCCESS,2024-10-06
PAY-2461,ORD-156,10015,card,failed,2026-09-02
PAY-2462,ORD-9814,12728,card,success,06/15/2026
PAY-2463,ORD-8143,10154,wechat,success,08/18/2024
PAY-2464,ORD-5079,3214,wechat,success,11-05-2026
PAY-2465,ORD-11011,7870,alipay,pending,19-09-2024
PAY-2466,ORD-12186,6720,COD,success,11-11-2026
PAY-2467,ORD-9089,4052,alipay,SUCCESS,09/23/2025
PAY-2468,ORD-2810,17526,card,pending,10-03-2026
PAY-2469,ORD-9684,10879,wechat,SUCCESS,2025-05-05
PAY-2470,ORD-6344,"$17,869.00",COD,success,2026-07-10
PAY-2471,ORD-10554,2134,COD,success,04/01/2025
PAY-2472,ORD-7485,"$10,784.00",alipay,pending,2025-10-03
PAY-2473,ORD-13465,"15 161,00",alipay,success,2025-05-21
PAY-2474,ORD-13760,14670,card,SUCCESS,08/23/2024
PAY-2475,ORD-13092,"$1,867.00",COD,success,11/18/2024
PAY-2476,ORD-11585,"$6,379.00",card,success,2025-01-21
PAY-2477,ORD-9730,18545,card,SUCCESS,2024-02-28
PAY-2478,ORD-6767,"$6,573.00",alipay,SUCCESS,2024-04-03
PAY-2479,ORD-9602,"$19,107.00",COD,pending,2025-07-17
PAY-2480,ORD-10046,"$5,112.00",alipay,SUCCESS,20-05-2024
PAY-2481,ORD-11697,"$3,410.00",alipay,SUCCESS,03/20/2025
PAY-2482,ORD-11983,11484,card,SUCCESS,24-01-2026
PAY-2483,ORD-908,4859,wechat,success,2024-07-11
PAY-2484,ORD-141,14594,alipay,SUCCESS,2024-04-16
PAY-2485,ORD-14369,"$4,969.00",wechat,SUCCESS,2025-09-25
PAY-2486,ORD-3850,"$6,669.00",wechat,SUCCESS,02-05-2026
PAY-2487,ORD-3037,2735,alipay,SUCCESS,09-02-2025
PAY-2488,ORD-5937,6170,card,success,2026-08-02
PAY-2489,ORD-6810,"$1,878.00",alipay,pending,05/03/2024
PAY-2490,ORD-314,6362,wechat,SUCCESS,12/02/2026
PAY-2491,ORD-7513,17 336,card,pending,2025-04-27
PAY-2492,ORD-1341,"7 186,00",COD,SUCCESS,10/23/2026
PAY-2493,ORD-14494,"$17,590.00",card,SUCCESS,2024-05-08
PAY-2494,ORD-6283,7145,COD,SUCCESS,03-01-2026
PAY-2495,ORD-1838,10 365,wechat,SUCCESS,05/26/2026
PAY-2496,ORD-3242,2838,alipay,SUCCESS,04/26/2024
PAY-2497,ORD-1544,4901,card,SUCCESS,01/18/2025
PAY-2498,ORD-5469,"$18,674.00",wechat,success,2026-02-21
PAY-2499,ORD-7745,6 026,wechat,pending,12/11/2026
PAY-2500,ORD-7817,"$9,770.00",alipay,pending,03-06-2024
PAY-2501,ORD-5465,12086,card,SUCCESS,2026-07-25
PAY-2502,ORD-9546,8425,alipay,success,2024-08-04
PAY-2503,ORD-5461,10046,wechat,pending,03/15/2026
PAY-2504,ORD-6363,10589,wechat,SUCCESS,2025-04-14
PAY-2505,ORD-9307,3904,wechat,pending,2026-11-16
PAY-2506,ORD-4973,14283,alipay,SUCCESS,07/16/2024
PAY-2507,ORD-9151,12495,COD,success,12/12/2024
PAY-2508,ORD-7512,111,wechat,SUCCESS,10/03/2026
PAY-2509,ORD-1583,"$12,640.00",wechat,SUCCESS,03/02/2024
PAY-2510,ORD-9811,"$4,305.00",wechat,success,04/16/2025
PAY-2511,ORD-9012,"$4,216.00",wechat,SUCCESS,2025-07-12
PAY-2512,ORD-950,4016,COD,SUCCESS,05/10/2024
PAY-2513,ORD-4301,"$3,192.00",alipay,pending,03/11/2025
PAY-2514,ORD-5876,5 264,alipay,SUCCESS,06/07/2024
PAY-2515,ORD-4764,"$5,385.00",wechat,pending,06/13/2024
PAY-2516,ORD-5119,17790,card,pending,2024-08-16
PAY-2517,ORD-6134,"6 093,00",card,success,2024-10-05
PAY-2518,ORD-2567,"11 345,00",COD,SUCCESS,2026-08-11
PAY-2519,ORD-1211,9442,alipay,success,09/14/2024
PAY-2520,ORD-3469,6 607,wechat,success,04/15/2025
PAY-2521,ORD-10698,19 448,wechat,pending,12/24/2025
PAY-2522,ORD-11911,5629,card,pending,2026-08-07
PAY-2523,ORD-5408,"16 065,00",COD,success,2026-05-02
PAY-2524,ORD-2249,15998,card,success,2025-11-17
PAY-2525,ORD-3368,13355,card,SUCCESS,2024-03-26
PAY-2526,ORD-10453,"8 321,00",card,pending,2026-03-05
PAY-2527,ORD-6281,846,alipay,SUCCESS,2025-10-12
PAY-2528,ORD-9177,"18 478,00",wechat,pending,04/12/2026
PAY-2529,ORD-7317,"$3,414.00",COD,SUCCESS,12-08-2026
PAY-2530,ORD-300,12577,wechat,pending,2026-05-28
PAY-2531,ORD-6729,7552,COD,SUCCESS,2025-11-18
PAY-2532,ORD-2380,14772,COD,pending,01/19/2024
PAY-2533,ORD-2566,17335,wechat,SUCCESS,04/28/2026
PAY-2534,ORD-14858,"$17,694.00",alipay,pending,2025-05-24
PAY-2535,ORD-12080,1 135,wechat,pending,2026-08-03
PAY-2536,ORD-5950,"$5,838.00",alipay,SUCCESS,2024-08-14
PAY-2537,ORD-9505,14891,wechat,SUCCESS,11/21/2026
PAY-2538,ORD-6875,16218,card,success,2025-03-24
PAY-2539,ORD-13361,362,wechat,SUCCESS,2025-08-24
PAY-2540,ORD-9678,"$17,343.00",wechat,pending,2026-07-26
PAY-2541,ORD-1262,"$12,281.00",wechat,SUCCESS,2024-10-22
PAY-2542,ORD-8154,8 802,wechat,SUCCESS,2024-10-01
PAY-2543,ORD-3969,6188,card,pending,2025-05-23
PAY-2544,ORD-1711,7878,COD,pending,10/20/2026
PAY-2545,ORD-7434,2709,card,SUCCESS,24-08-2024
PAY-2546,ORD-4726,6736,wechat,success,27-09-2025
PAY-2547,ORD-10779,"9 489,00",wechat,success,2024-08-21
PAY-2548,ORD-9006,18561,card,pending,10/06/2025
PAY-2549,ORD-1946,6174,card,SUCCESS,12/21/2024
PAY-2550,ORD-11043,12388,COD,SUCCESS,2025-07-23
PAY-2551,ORD-14322,19553,wechat,SUCCESS,03/26/2025
PAY-2552,ORD-8300,8437,COD,SUCCESS,12/03/2025
PAY-2553,ORD-7488,4418,card,success,2025-10-18
PAY-2554,ORD-9737,4401,alipay,SUCCESS,12/01/2025
PAY-2555,ORD-10541,19530,wechat,SUCCESS,09/18/2026
PAY-2556,ORD-3090,$625.00,alipay,pending,2024-12-16
PAY-2557,ORD-12188,"$16,218.00",alipay,pending,2026-06-02
PAY-2558,ORD-2595,5941,COD,SUCCESS,2025-04-06
PAY-2559,ORD-8868,"$12,646.00",wechat,success,2025-07-28
PAY-2560,ORD-5228,11506,COD,SUCCESS,2024-01-16
PAY-2561,ORD-2984,18980,COD,SUCCESS,11/14/2024
PAY-2562,ORD-11240,10221,COD,SUCCESS,08/09/2025
PAY-2563,ORD-687,7619,COD,success,01/27/2025
PAY-2564,ORD-9358,"13 256,00",wechat,success,2026-10-06
PAY-2565,ORD-4942,7797,card,success,2026-07-05
PAY-2566,ORD-4481,12863,card,pending,2024-06-18
PAY-2567,ORD-11529,"$9,848.00",card,SUCCESS,2024-01-26
PAY-2568,ORD-7683,13547,alipay,pending,14-09-2026
PAY-2569,ORD-987,14580,card,SUCCESS,2024-05-26
PAY-2570,ORD-7487,14682,COD,pending,2025-04-15
PAY-2571,ORD-1068,2041,wechat,SUCCESS,25-11-2026
PAY-2572,ORD-5935,"$11,506.00",wechat,success,2024-04-05
PAY-2573,ORD-1822,18711,wechat,success,2025-11-10
PAY-2574,ORD-9033,9 168,COD,success,12/01/2024
PAY-2575,ORD-7333,7180,card,success,10-04-2024
PAY-2576,ORD-13409,13499,alipay,SUCCESS,2026-04-18
PAY-2577,ORD-2318,19983,alipay,SUCCESS,2026-11-21
PAY-2578,ORD-7145,13114,alipay,success,06/07/2026
PAY-2579,ORD-4410,"$10,174.00",COD,pending,11/24/2025
PAY-2580,ORD-946,617,card,pending,2024-11-14
PAY-2581,ORD-3659,18830,card,success,12/02/2025
PAY-2582,ORD-14193,"$6,230.00",wechat,SUCCESS,05/21/2026
PAY-2583,ORD-10021,10793,wechat,SUCCESS,11-05-2024
PAY-2584,ORD-7036,"$10,365.00",alipay,failed,2024-06-03
PAY-2585,ORD-3233,14521,card,SUCCESS,27-09-2026
PAY-2586,ORD-14326,"$6,965.00",alipay,SUCCESS,04/13/2025
PAY-2587,ORD-10100,"11 140,00",card,SUCCESS,2024-01-23
PAY-2588,ORD-13977,$994.00,alipay,SUCCESS,11-02-2024
PAY-2589,ORD-5077,"$4,485.00",wechat,pending,2025-05-08
PAY-2590,ORD-383,10699,COD,SUCCESS,2026-08-23
PAY-2591,ORD-7764,12562,COD,SUCCESS,13-12-2024
PAY-2592,ORD-5281,"8 701,00",wechat,pending,07/18/2026
PAY-2593,ORD-522,"$8,372.00",card,success,01/25/2025
PAY-2594,ORD-1597,15409,alipay,pending,2025-12-01
PAY-2595,ORD-4594,17734,card,SUCCESS,2024-01-01
PAY-2596,ORD-4705,6936,wechat,success,15-01-2026
PAY-2597,ORD-3530,"$16,540.00",wechat,pending,10/12/2024
PAY-2598,ORD-5398,"$15,036.00",wechat,pending,10/16/2025
PAY-2599,ORD-3362,1 887,card,SUCCESS,01/23/2025
PAY-2600,ORD-9685,4059,alipay,pending,2024-05-10
PAY-2601,ORD-13198,18860,alipay,success,09/20/2026
PAY-2602,ORD-322,1539,wechat,SUCCESS,07/23/2025
PAY-2603,ORD-10217,"$19,091.00",card,pending,04/01/2025
PAY-2604,ORD-11693,15774,card,failed,05/11/2025
PAY-2605,ORD-7935,397,alipay,SUCCESS,2026-07-02
PAY-2606,ORD-3506,13055,wechat,success,2025-04-03
PAY-2607,ORD-8613,2382,wechat,pending,23-05-2025
PAY-2608,ORD-6709,8 658,alipay,SUCCESS,2025-09-02
PAY-2609,ORD-1979,"17 046,00",COD,SUCCESS,2026-03-16
PAY-2610,ORD-13541,78,COD,pending,2026-09-21
PAY-2611,ORD-2956,14996,COD,pending,2025-04-07
PAY-2612,ORD-12642,11464,COD,pending,2026-05-11
PAY-2613,ORD-11566,"11 622,00",wechat,pending,10/25/2024
PAY-2614,ORD-5493,16460,COD,SUCCESS,12/02/2025
PAY-2615,ORD-8895,$695.00,card,SUCCESS,02/17/2026
PAY-2616,ORD-7304,2103,card,SUCCESS,2024-10-10
PAY-2617,ORD-14877,5528,wechat,SUCCESS,12/02/2026
PAY-2618,ORD-14790,"$13,167.00",card,SUCCESS,2024-11-01
PAY-2619,ORD-10426,12254,card,SUCCESS,12/05/2024
PAY-2620,ORD-7466,9433,alipay,SUCCESS,2026-02-27
PAY-2621,ORD-5145,1144,card,pending,07/24/2024
PAY-2622,ORD-7656,18 930,COD,success,05/18/2025
PAY-2623,ORD-12872,"10 398,00",COD,success,2025-01-05
PAY-2624,ORD-670,12602,wechat,success,19-01-2024
PAY-2625,ORD-9663,"4 154,00",alipay,SUCCESS,11/09/2025
PAY-2626,ORD-459,"14 742,00",wechat,pending,06/07/2024
PAY-2627,ORD-10301,7202,wechat,pending,2025-05-20
PAY-2628,ORD-11867,"$14,922.00",card,pending,2026-04-22
PAY-2629,ORD-14477,7439,COD,success,02/25/2025
PAY-2630,ORD-9938,17198,card,success,2025-09-10
PAY-2631,ORD-12877,11546,alipay,failed,05/03/2026
PAY-2632,ORD-10846,1817,COD,pending,11-03-2025
PAY-2633,ORD-14240,"$9,940.00",card,SUCCESS,22-01-2024
PAY-2634,ORD-5490,"$16,689.00",card,SUCCESS,02/07/2026
PAY-2635,ORD-1008,2198,COD,SUCCESS,2024-08-27
PAY-2636,ORD-4749,"14 319,00",wechat,SUCCESS,2024-01-20
PAY-2637,ORD-7193,9735,card,pending,28-02-2024
PAY-2638,ORD-14368,19362,alipay,SUCCESS,2024-09-21
PAY-2639,ORD-9992,"$6,375.00",card,success,2026-04-26
PAY-2640,ORD-10895,15459,alipay,failed,2026-12-09
PAY-2641,ORD-13658,"$16,289.00",card,success,17-09-2024
PAY-2642,ORD-6250,14802,alipay,success,2025-10-18
PAY-2643,ORD-14129,"$18,478.00",wechat,pending,2026-10-27
PAY-2644,ORD-4132,3012,wechat,SUCCESS,12-04-2024
PAY-2645,ORD-4988,4600,card,SUCCESS,11-05-2024
PAY-2646,ORD-9920,2762,card,pending,2025-11-23
PAY-2647,ORD-10135,"6 138,00",alipay,success,03/11/2025
PAY-2648,ORD-6109,15659,wechat,pending,24-04-2026
PAY-2649,ORD-996,"$10,342.00",card,pending,02/11/2026
PAY-2650,ORD-6658,"$3,423.00",alipay,success,2026-02-08
PAY-2651,ORD-3157,198,COD,pending,09/18/2025
PAY-2652,ORD-11677,"$14,221.00",alipay,SUCCESS,06/21/2025
PAY-2653,ORD-13550,"17 794,00",alipay,SUCCESS,06-09-2024
PAY-2654,ORD-7234,"$16,319.00",card,success,2024-09-18
PAY-2655,ORD-13880,"4 519,00",wechat,success,2026-08-03
PAY-2656,ORD-12626,12239,card,success,10/22/2024
PAY-2657,ORD-6183,1840,card,SUCCESS,2024-02-20
PAY-2658,ORD-14379,13209,alipay,success,08/01/2026
PAY-2659,ORD-5241,17552,card,pending,02-07-2025
PAY-2660,ORD-8723,18594,COD,SUCCESS,2024-06-09
PAY-2661,ORD-9861,8825,alipay,success,10/22/2026
PAY-2662,ORD-1006,"$4,217.00",card,pending,20-01-2025
PAY-2663,ORD-978,16829,alipay,pending,09/22/2024
PAY-2664,ORD-475,"$8,052.00",card,success,2026-10-06
PAY-2665,ORD-6574,11663,alipay,pending,26-08-2026
PAY-2666,ORD-13157,1 765,COD,pending,2025-06-27
PAY-2667,ORD-8577,"$17,146.00",alipay,SUCCESS,2025-04-17
PAY-2668,ORD-11069,5013,card,SUCCESS,2025-05-08
PAY-2669,ORD-14163,15325,card,success,27-12-2024
PAY-2670,ORD-9572,6075,alipay,pending,11/06/2026
PAY-2671,ORD-8235,15120,alipay,pending,18-10-2026
PAY-2672,ORD-7203,"$6,414.00",COD,pending,10/25/2026
PAY-2673,ORD-9848,"$11,621.00",card,SUCCESS,07/23/2024
PAY-2674,ORD-6611,"$11,861.00",COD,pending,02/21/2026
PAY-2675,ORD-14437,"$17,270.00",wechat,success,08-06-2026
PAY-2676,ORD-8191,1176,COD,success,03/03/2024
PAY-2677,ORD-13686,19085,COD,SUCCESS,03/23/2025
PAY-2678,ORD-6655,13877,COD,SUCCESS,2026-12-19
PAY-2679,ORD-8062,"$19,767.00",card,SUCCESS,2026-04-06
PAY-2680,ORD-2441,"$4,267.00",alipay,failed,2025-12-13
PAY-2681,ORD-953,10621,wechat,pending,2025-12-12
PAY-2682,ORD-13098,4086,wechat,success,23-05-2025
PAY-2683,ORD-11793,7654,wechat,success,07/14/2026
PAY-2684,ORD-13184,"$16,379.00",alipay,SUCCESS,2026-12-19
PAY-2685,ORD-9165,14676,wechat,success,17-06-2025
PAY-2686,ORD-14602,"$3,383.00",COD,success,2026-12-08
PAY-2687,ORD-8120,10844,COD,SUCCESS,11/01/2025
PAY-2688,ORD-6273,"$18,416.00",card,success,11/06/2025
PAY-2689,ORD-12521,17288,card,SUCCESS,01-06-2024
PAY-2690,ORD-8047,4675,wechat,SUCCESS,05-06-2024
PAY-2691,ORD-7171,"$2,159.00",wechat,SUCCESS,22-07-2026
PAY-2692,ORD-2804,787,card,success,2024-12-21
PAY-2693,ORD-13145,"$15,959.00",alipay,success,04/10/2024
PAY-2694,ORD-7321,"7 426,00",card,success,05/12/2024
PAY-2695,ORD-8117,16721,wechat,pending,2024-02-20
PAY-2696,ORD-7072,"16 645,00",COD,success,2024-03-14
PAY-2697,ORD-10115,"$7,076.00",alipay,SUCCESS,24-10-2025
PAY-2698,ORD-4960,10811,card,success,04/27/2026
PAY-2699,ORD-13268,"$5,772.00",wechat,pending,2025-04-16
PAY-2700,ORD-9291,2187,alipay,SUCCESS,2026-12-15
PAY-2701,ORD-2293,"$15,757.00",alipay,SUCCESS,07/27/2025
PAY-2702,ORD-9398,15684,card,SUCCESS,17-08-2026
PAY-2703,ORD-11154,13732,alipay,success,05/05/2024
PAY-2704,ORD-14218,"$1,967.00",card,success,2026-07-27
PAY-2705,ORD-8274,"$3,935.00",wechat,success,12/10/2026
PAY-2706,ORD-13333,19552,alipay,success,12/08/2026
PAY-2707,ORD-13286,"$3,670.00",COD,SUCCESS,27-07-2024
PAY-2708,ORD-6394,7952,COD,pending,10/19/2026
PAY-2709,ORD-14147,12245,COD,SUCCESS,2024-11-13
PAY-2710,ORD-5838,14763,card,success,2025-07-18
PAY-2711,ORD-3386,18141,wechat,pending,2025-12-20
PAY-2712,ORD-10806,3010,alipay,success,09/16/2024
PAY-2713,ORD-10369,9910,wechat,success,22-10-2026
PAY-2714,ORD-7665,"$3,508.00",COD,pending,11/20/2026
PAY-2715,ORD-11490,"$8,725.00",card,SUCCESS,23-11-2026
PAY-2716,ORD-11103,19930,COD,SUCCESS,04/06/2024
PAY-2717,ORD-6315,"$14,113.00",alipay,success,2025-02-20
PAY-2718,ORD-3891,10968,COD,success,2026-11-02
PAY-2719,ORD-13657,13180,alipay,pending,2025-03-13
PAY-2720,ORD-1597,8889,alipay,SUCCESS,10/10/2025
PAY-2721,ORD-7408,15519,alipay,success,2026-03-28
PAY-2722,ORD-2852,18700,wechat,success,2026-02-21
PAY-2723,ORD-6332,"$15,791.00",card,success,2024-11-13
PAY-2724,ORD-1351,10631,alipay,SUCCESS,13-01-2024
PAY-2725,ORD-1045,7 840,alipay,pending,07/25/2024
PAY-2726,ORD-4072,"$8,927.00",alipay,pending,08/15/2026
PAY-2727,ORD-14043,8181,COD,SUCCESS,2024-06-27
PAY-2728,ORD-11575,4275,card,SUCCESS,08/01/2024
PAY-2729,ORD-3236,"$5,736.00",alipay,success,2025-03-07
PAY-2730,ORD-13238,"$13,252.00",alipay,SUCCESS,2026-04-13
PAY-2731,ORD-12475,10920,wechat,success,2024-03-15
PAY-2732,ORD-8569,"10 869,00",card,pending,2026-12-08
PAY-2733,ORD-2969,4519,wechat,SUCCESS,21-05-2024
PAY-2734,ORD-2721,"$1,311.00",alipay,SUCCESS,12/20/2025
PAY-2735,ORD-3920,"$10,826.00",wechat,SUCCESS,2025-03-23
PAY-2736,ORD-10928,"$3,521.00",COD,SUCCESS,10/16/2025
PAY-2737,ORD-12828,8138,alipay,failed,03/07/2024
PAY-2738,ORD-11800,16489,card,SUCCESS,2025-12-22
PAY-2739,ORD-9215,$375.00,card,SUCCESS,2024-02-10
PAY-2740,ORD-9825,17569,card,success,17-03-2024
PAY-2741,ORD-4179,"$19,715.00",COD,SUCCESS,2024-01-02
PAY-2742,ORD-4232,16581,alipay,success,2024-08-28
PAY-2743,ORD-5557,19 936,wechat,pending,2025-06-04
PAY-2744,ORD-14015,17825,alipay,pending,03/23/2026
PAY-2745,ORD-4456,4968,COD,failed,08/22/2026
PAY-2746,ORD-12625,11 002,card,SUCCESS,2026-07-09
PAY-2747,ORD-14487,"$9,131.00",alipay,pending,01/27/2024
PAY-2748,ORD-6202,13260,alipay,SUCCESS,09/15/2026
PAY-2749,ORD-10497,17108,COD,success,02/22/2024
PAY-2750,ORD-1900,2424,COD,success,06/12/2025
PAY-2751,ORD-3507,$737.00,COD,pending,2024-05-16
PAY-2752,ORD-14088,9995,wechat,SUCCESS,19-01-2026
PAY-2753,ORD-11672,"$19,684.00",card,SUCCESS,2024-08-23
PAY-2754,ORD-12027,344,alipay,success,12/20/2026
PAY-2755,ORD-3740,13681,wechat,pending,2026-06-04
PAY-2756,ORD-9043,18094,card,SUCCESS,01-05-2026
PAY-2757,ORD-9773,2621,card,success,03/26/2026
PAY-2758,ORD-8842,17625,card,success,09/15/2026
PAY-2759,ORD-6536,8342,COD,SUCCESS,06/27/2026
PAY-2760,ORD-5773,14545,card,success,07/18/2024
PAY-2761,ORD-8638,722,card,pending,2026-07-03
PAY-2762,ORD-2720,11020,card,success,06-09-2024
PAY-2763,ORD-12405,256,wechat,failed,2024-07-22
PAY-2764,ORD-5810,"7 587,00",COD,success,2024-09-19
PAY-2765,ORD-7471,16639,alipay,SUCCESS,2025-05-18
PAY-2766,ORD-852,4198,card,SUCCESS,2026-06-07
PAY-2767,ORD-11291,"16 968,00",alipay,success,11/06/2026
PAY-2768,ORD-2919,191,card,SUCCESS,09/01/2024
PAY-2769,ORD-2115,"$15,314.00",COD,pending,2024-04-26
PAY-2770,ORD-13313,"9 248,00",alipay,SUCCESS,2026-11-17
PAY-2771,ORD-12405,17095,wechat,pending,2026-12-16
PAY-2772,ORD-11129,2848,COD,success,02/24/2024
PAY-2773,ORD-320,"$5,084.00",card,SUCCESS,12-07-2026
PAY-2774,ORD-11229,$620.00,card,SUCCESS,2026-03-16
PAY-2775,ORD-5086,11733,COD,success,2024-11-20
PAY-2776,ORD-9856,11756,wechat,pending,10/15/2024
PAY-2777,ORD-1720,"$16,826.00",COD,SUCCESS,05/05/2026
PAY-2778,ORD-9117,"$11,233.00",card,pending,08/02/2025
PAY-2779,ORD-7322,"1 373,00",wechat,pending,03/02/2025
PAY-2780,ORD-13457,19022,card,success,2026-03-05
PAY-2781,ORD-3541,9588,COD,pending,01/12/2026
PAY-2782,ORD-9387,9083,alipay,SUCCESS,2024-10-13
PAY-2783,ORD-9971,2922,wechat,success,25-12-2024
PAY-2784,ORD-528,13407,alipay,failed,2026-08-18
PAY-2785,ORD-12816,"$3,011.00",wechat,pending,09-04-2024
PAY-2786,ORD-3312,5163,alipay,success,22-12-2026
PAY-2787,ORD-3363,4498,alipay,pending,07/09/2024
PAY-2788,ORD-8224,"$4,652.00",card,SUCCESS,2024-06-19
PAY-2789,ORD-9216,13 397,wechat,pending,01-01-2025
PAY-2790,ORD-14321,3213,alipay,failed,2025-07-12
PAY-2791,ORD-7217,"$13,155.00",alipay,pending,06/19/2024
PAY-2792,ORD-9014,4983,wechat,success,12/12/2025
PAY-2793,ORD-4825,2844,alipay,pending,2024-03-25
PAY-2794,ORD-9990,2 290,wechat,pending,10/02/2025
PAY-2795,ORD-14409,"6 849,00",wechat,success,02/26/2025
PAY-2796,ORD-3171,"$2,616.00",alipay,success,2024-05-13
PAY-2797,ORD-490,"8 050,00",card,SUCCESS,2025-05-07
PAY-2798,ORD-3904,10806,wechat,success,2025-02-17
PAY-2799,ORD-9278,16611,wechat,SUCCESS,2024-03-15
PAY-2800,ORD-6297,19 461,alipay,failed,2025-03-15
PAY-2801,ORD-3320,"17 234,00",alipay,success,11-04-2024
PAY-2802,ORD-4847,3 387,wechat,SUCCESS,2026-03-08
PAY-2803,ORD-11184,"$14,644.00",wechat,success,10/14/2024
PAY-2804,ORD-8805,"16 182,00",COD,success,2025-05-23
PAY-2805,ORD-4897,"$1,083.00",COD,SUCCESS,2025-03-03
PAY-2806,ORD-528,"$4,075.00",card,success,2026-11-10
PAY-2807,ORD-1784,1547,COD,SUCCESS,07/03/2026
PAY-2808,ORD-8888,18462,wechat,success,2026-08-12
PAY-2809,ORD-4099,1370,card,pending,12/28/2024
PAY-2810,ORD-860,13399,COD,pending,2025-02-13
PAY-2811,ORD-10835,"$2,321.00",card,SUCCESS,2024-12-26
PAY-2812,ORD-5242,7964,wechat,success,2025-04-04
PAY-2813,ORD-4055,19413,wechat,pending,2026-04-25
PAY-2814,ORD-9166,"$12,623.00",COD,pending,2025-07-09
PAY-2815,ORD-9797,15053,wechat,SUCCESS,06/23/2026
PAY-2816,ORD-546,"$18,954.00",alipay,SUCCESS,11/06/2025
PAY-2817,ORD-5402,9109,wechat,SUCCESS,2025-03-16
PAY-2818,ORD-4918,7493,card,success,2026-09-04
PAY-2819,ORD-10127,"8 611,00",COD,SUCCESS,2026-05-23
PAY-2820,ORD-14739,328,COD,SUCCESS,06/10/2024
PAY-2821,ORD-2932,6097,wechat,SUCCESS,2025-08-13
PAY-2822,ORD-13491,"1 356,00",card,pending,2026-09-06
PAY-2823,ORD-3586,12882,card,success,2026-09-14
PAY-2824,ORD-4040,"$5,081.00",alipay,pending,2025-07-17
PAY-2825,ORD-6013,"$1,705.00",COD,failed,09/10/2026
PAY-2826,ORD-12985,5049,alipay,pending,2026-02-18
PAY-2827,ORD-1117,19747,alipay,SUCCESS,16-02-2026
PAY-2828,ORD-1665,4247,wechat,success,08-09-2026
PAY-2829,ORD-12847,"$1,195.00",alipay,pending,2024-05-19
PAY-2830,ORD-8285,"19 655,00",wechat,pending,2026-01-14
PAY-2831,ORD-9558,"4 400,00",alipay,success,10/28/2026
PAY-2832,ORD-9233,4694,COD,success,2026-09-27
PAY-2833,ORD-12165,10006,COD,failed,12/15/2025
PAY-2834,ORD-8452,"$6,741.00",wechat,SUCCESS,06/06/2024
PAY-2835,ORD-14545,16877,COD,success,10/25/2025
PAY-2836,ORD-2145,18271,card,pending,2025-03-21
PAY-2837,ORD-9950,"$16,859.00",wechat,pending,2024-07-01
PAY-2838,ORD-8229,"$10,027.00",card,success,2024-12-03
PAY-2839,ORD-6932,16312,alipay,pending,2025-03-08
PAY-2840,ORD-2371,"$6,059.00",alipay,success,2025-02-19
PAY-2841,ORD-13772,13727,wechat,failed,2025-01-20
PAY-2842,ORD-605,"$3,242.00",COD,pending,07/04/2025
PAY-2843,ORD-12353,"9 158,00",card,SUCCESS,22-10-2024
PAY-2844,ORD-7730,"$10,668.00",COD,SUCCESS,07/22/2025
PAY-2845,ORD-14813,7233,COD,SUCCESS,10/19/2024
PAY-2846,ORD-12339,7432,card,SUCCESS,2024-11-04
PAY-2847,ORD-13720,"$4,045.00",alipay,pending,2024-01-26
PAY-2848,ORD-11268,"$11,298.00",alipay,SUCCESS,05/07/2025
PAY-2849,ORD-3805,18168,card,success,2024-04-02
PAY-2850,ORD-13310,"$12,245.00",wechat,pending,2025-06-07
PAY-2851,ORD-7477,$715.00,card,SUCCESS,10/15/2026
PAY-2852,ORD-2612,13969,COD,pending,10/05/2026
PAY-2853,ORD-12134,"$6,682.00",alipay,SUCCESS,03/14/2026
PAY-2854,ORD-10107,4 491,alipay,success,2024-02-06
PAY-2855,ORD-7895,"$14,763.00",alipay,SUCCESS,2024-08-27
PAY-2856,ORD-5142,2982,COD,SUCCESS,04-06-2024
PAY-2857,ORD-5320,"3 966,00",COD,failed,2025-12-10
PAY-2858,ORD-8430,"$17,266.00",card,SUCCESS,14-06-2026
PAY-2859,ORD-1504,"$7,773.00",card,success,18-12-2024
PAY-2860,ORD-1969,7185,wechat,pending,07-08-2024
PAY-2861,ORD-12549,"$1,832.00",card,pending,2024-09-25
PAY-2862,ORD-4061,16989,COD,failed,05/14/2024
PAY-2863,ORD-3259,11637,COD,pending,2026-10-08
PAY-2864,ORD-2840,9795,alipay,pending,2026-08-28
PAY-2865,ORD-14173,11989,COD,success,2024-02-13
PAY-2866,ORD-6271,2639,COD,success,2026-05-08
PAY-2867,ORD-10237,"$5,567.00",wechat,pending,2025-06-26
PAY-2868,ORD-7703,"$19,375.00",card,pending,2025-02-21
PAY-2869,ORD-2344,"$6,748.00",alipay,failed,2024-09-18
PAY-2870,ORD-2340,"$7,070.00",alipay,pending,2024-07-05
PAY-2871,ORD-8435,18232,wechat,SUCCESS,2025-01-02
PAY-2872,ORD-9129,715,wechat,success,2026-08-03
PAY-2873,ORD-9495,8601,card,pending,2025-01-24
PAY-2874,ORD-4131,4891,alipay,SUCCESS,11/05/2024
PAY-2875,ORD-14302,5283,COD,success,27-01-2024
PAY-2876,ORD-3960,"$8,815.00",alipay,SUCCESS,08-06-2025
PAY-2877,ORD-6280,"$10,954.00",wechat,SUCCESS,2025-01-28
PAY-2878,ORD-9641,16627,alipay,pending,04/01/2025
PAY-2879,ORD-10856,13 116,COD,SUCCESS,2026-07-14
PAY-2880,ORD-186,937,alipay,SUCCESS,05-01-2026
PAY-2881,ORD-125,14662,COD,success,2026-09-24
PAY-2882,ORD-14305,"1 234,00",card,success,2026-03-05
PAY-2883,ORD-4036,8 697,card,success,12/09/2025
PAY-2884,ORD-7821,"$15,852.00",wechat,pending,02-09-2025
PAY-2885,ORD-7612,18114,alipay,success,2024-01-06
PAY-2886,ORD-10190,"$4,896.00",card,success,11/23/2025
PAY-2887,ORD-10759,15166,wechat,SUCCESS,2024-10-21
PAY-2888,ORD-12097,"9 407,00",COD,success,02/24/2026
PAY-2889,ORD-14070,9680,alipay,pending,24-03-2024
PAY-2890,ORD-11716,"10 507,00",card,SUCCESS,2026-07-06
PAY-2891,ORD-12238,195,COD,pending,2026-02-05
PAY-2892,ORD-3487,"$15,024.00",COD,pending,2025-02-23
PAY-2893,ORD-7004,4975,card,success,08/17/2025
PAY-2894,ORD-2897,18332,card,success,07/02/2026
PAY-2895,ORD-8416,$816.00,alipay,success,10/01/2024
PAY-2896,ORD-12358,9379,card,pending,05-10-2025
PAY-2897,ORD-14878,"$1,120.00",wechat,success,2024-04-06
PAY-2898,ORD-1382,6977,COD,pending,01/02/2024
PAY-2899,ORD-5542,"13 078,00",COD,pending,2026-11-09
PAY-2900,ORD-7732,6523,card,failed,10/22/2024
PAY-2901,ORD-12549,"17 253,00",wechat,success,04/23/2026
PAY-2902,ORD-9942,14 213,COD,success,03-06-2024
PAY-2903,ORD-2002,1206,alipay,pending,2024-01-06
PAY-2904,ORD-10069,11 039,alipay,SUCCESS,02-10-2025
PAY-2905,ORD-3889,18734,alipay,SUCCESS,2024-08-05
PAY-2906,ORD-12162,10 661,alipay,pending,2026-10-27
PAY-2907,ORD-4054,2423,card,pending,2025-10-27
PAY-2908,ORD-9750,"$1,392.00",alipay,pending,11/28/2026
PAY-2909,ORD-11294,"15 612,00",card,SUCCESS,06/10/2026
PAY-2910,ORD-10424,6799,COD,SUCCESS,09-03-2026
PAY-2911,ORD-13431,"$10,340.00",card,pending,2024-02-11
PAY-2912,ORD-6541,"14 682,00",wechat,success,2025-04-21
PAY-2913,ORD-196,"$1,664.00",alipay,pending,06/13/2026
PAY-2914,ORD-11083,19375,wechat,pending,05-11-2026
PAY-2915,ORD-3788,"$7,897.00",wechat,SUCCESS,2025-04-12
PAY-2916,ORD-1874,"6 624,00",card,SUCCESS,08-06-2024
PAY-2917,ORD-1983,11065,wechat,success,28-08-2024
PAY-2918,ORD-4582,11778,card,pending,08/19/2026
PAY-2919,ORD-4291,6135,alipay,SUCCESS,2024-03-20
PAY-2920,ORD-985,12429,card,success,2025-02-11
PAY-2921,ORD-13414,13606,wechat,success,2026-02-24
PAY-2922,ORD-11095,$878.00,COD,pending,2026-07-08
PAY-2923,ORD-858,13577,wechat,success,17-09-2026
PAY-2924,ORD-11704,16980,card,success,26-08-2026
PAY-2925,ORD-13565,16709,card,SUCCESS,2024-02-06
PAY-2926,ORD-9184,"$7,975.00",COD,SUCCESS,09/01/2025
PAY-2927,ORD-4240,2 107,COD,success,08/17/2025
PAY-2928,ORD-9746,"13 939,00",alipay,success,04/16/2025
PAY-2929,ORD-6000,5249,wechat,pending,10/06/2024
PAY-2930,ORD-4412,"$18,098.00",card,success,2026-06-01
PAY-2931,ORD-13862,4463,alipay,success,2026-08-20
PAY-2932,ORD-5399,"$6,662.00",alipay,pending,13-07-2025
PAY-2933,ORD-9548,"$3,700.00",COD,pending,28-06-2024
PAY-2934,ORD-4756,17017,card,success,05/06/2025
PAY-2935,ORD-2751,"$3,202.00",alipay,success,2024-10-20
PAY-2936,ORD-11881,"$8,076.00",alipay,pending,2025-09-07
PAY-2937,ORD-931,12834,wechat,SUCCESS,09/05/2026
PAY-2938,ORD-14992,4920,wechat,success,2026-10-08
PAY-2939,ORD-10119,15764,wechat,SUCCESS,2026-12-08
PAY-2940,ORD-9798,10885,alipay,success,2025-06-22
PAY-2941,ORD-12089,14471,card,pending,09/23/2026
PAY-2942,ORD-12688,13 020,card,pending,2026-02-04
PAY-2943,ORD-5371,12736,card,success,05/12/2025
PAY-2944,ORD-9592,"$1,246.00",card,success,01/26/2026
PAY-2945,ORD-1171,"8 806,00",wechat,success,2024-06-27
PAY-2946,ORD-14148,6121,card,pending,11-06-2025
PAY-2947,ORD-12521,8370,wechat,SUCCESS,02/15/2026
PAY-2948,ORD-3446,"$9,172.00",card,success,18-01-2024
PAY-2949,ORD-6893,2461,alipay,pending,05-05-2025
PAY-2950,ORD-11001,9585,alipay,pending,18-10-2024
PAY-2951,ORD-4252,18510,alipay,pending,2024-01-19
PAY-2952,ORD-559,6435,wechat,pending,06/07/2026
PAY-2953,ORD-12888,18 030,COD,success,2026-02-16
PAY-2954,ORD-964,"12 743,00",wechat,success,2026-02-10
PAY-2955,ORD-8330,"16 249,00",COD,pending,2024-11-26
PAY-2956,ORD-4726,5632,card,success,2025-07-18
PAY-2957,ORD-11375,852,card,success,05-04-2024
PAY-2958,ORD-9333,3623,alipay,SUCCESS,01-01-2026
PAY-2959,ORD-8237,"$12,932.00",card,SUCCESS,09/24/2024
PAY-2960,ORD-8790,7793,COD,SUCCESS,2026-07-15
PAY-2961,ORD-11635,"$11,194.00",card,pending,21-12-2024
PAY-2962,ORD-9192,3102,card,success,2024-04-21
PAY-2963,ORD-3605,"$3,087.00",alipay,pending,2024-05-12
PAY-2964,ORD-12110,"$15,315.00",COD,success,2024-03-22
PAY-2965,ORD-10016,"$18,695.00",COD,success,2026-05-22
PAY-2966,ORD-9473,"$8,246.00",COD,success,2026-12-28
PAY-2967,ORD-8762,16 843,COD,success,2024-01-06
PAY-2968,ORD-4935,2254,COD,success,08/23/2025
PAY-2969,ORD-2660,16309,card,SUCCESS,09-11-2025
PAY-2970,ORD-6457,11021,wechat,success,2024-01-02
PAY-2971,ORD-13665,19267,COD,success,12/18/2024
PAY-2972,ORD-12783,"$9,974.00",COD,pending,07/07/2024
PAY-2973,ORD-11546,9508,alipay,pending,07/10/2024
PAY-2974,ORD-10321,"11 804,00",COD,SUCCESS,2025-03-07
PAY-2975,ORD-4706,9 708,COD,SUCCESS,2024-02-16
PAY-2976,ORD-10944,12 427,wechat,pending,10/17/2025
PAY-2977,ORD-29,"$2,350.00",COD,pending,2025-04-05
PAY-2978,ORD-1248,"10 114,00",card,SUCCESS,06/13/2026
PAY-2979,ORD-11766,16606,wechat,pending,09/18/2024
PAY-2980,ORD-2942,6 595,card,pending,2024-06-06
PAY-2981,ORD-5060,"$2,302.00",alipay,pending,2024-08-24
PAY-2982,ORD-1645,"$13,905.00",wechat,SUCCESS,2024-02-16
PAY-2983,ORD-14045,10605,wechat,success,06/24/2024
PAY-2984,ORD-13924,6221,alipay,SUCCESS,09/08/2026
PAY-2985,ORD-9023,8674,COD,pending,2025-09-14
PAY-2986,ORD-1986,$623.00,card,pending,06/27/2026
PAY-2987,ORD-4759,7 549,card,pending,2024-07-21
PAY-2988,ORD-6116,11056,COD,SUCCESS,2025-07-27
PAY-2989,ORD-8241,"$2,455.00",card,pending,2026-08-03
PAY-2990,ORD-14076,7 985,alipay,pending,04-10-2025
PAY-2991,ORD-4346,"$8,072.00",COD,SUCCESS,2025-04-26
PAY-2992,ORD-11879,"$8,402.00",card,SUCCESS,04/13/2025
PAY-2993,ORD-5094,12756,COD,SUCCESS,2025-10-25
PAY-2994,ORD-8190,12800,card,success,04/26/2026
PAY-2995,ORD-4934,3209,wechat,success,12/28/2024
PAY-2996,ORD-5833,6908,COD,SUCCESS,07/14/2025
PAY-2997,ORD-2086,18 250,alipay,SUCCESS,2024-04-25
PAY-2998,ORD-2745,243,alipay,success,03/27/2025
PAY-2999,ORD-874,6358,card,success,2025-12-20
PAY-3000,ORD-223,16065,card,pending,05/12/2026
PAY-3001,ORD-429,1617,wechat,SUCCESS,03/03/2024
PAY-3002,ORD-6594,3684,alipay,SUCCESS,2025-03-07
PAY-3003,ORD-5295,"1 182,00",wechat,pending,04-12-2024
PAY-3004,ORD-8969,"$18,463.00",COD,success,11-12-2025
PAY-3005,ORD-1601,17567,alipay,pending,2024-10-28
PAY-3006,ORD-5776,4808,COD,failed,2026-02-03
PAY-3007,ORD-12755,"$15,994.00",wechat,pending,2024-08-05
PAY-3008,ORD-9488,10869,card,pending,2026-12-23
PAY-3009,ORD-4557,"$7,344.00",alipay,success,2026-01-10
PAY-3010,ORD-3978,3899,alipay,success,16-04-2024
PAY-3011,ORD-6967,"$13,954.00",alipay,success,2025-01-19
PAY-3012,ORD-4982,"$16,819.00",wechat,SUCCESS,01/09/2026
PAY-3013,ORD-4187,17582,wechat,pending,2024-05-12
PAY-3014,ORD-4833,"$11,743.00",card,SUCCESS,22-03-2025
PAY-3015,ORD-8987,"$7,999.00",alipay,success,2024-10-12
PAY-3016,ORD-5740,8827,wechat,success,11/12/2025
PAY-3017,ORD-1351,"$18,878.00",alipay,SUCCESS,03/09/2025
PAY-3018,ORD-156,"$4,411.00",card,SUCCESS,2025-10-20
PAY-3019,ORD-973,19868,COD,success,2025-02-24
PAY-3020,ORD-14802,8356,card,pending,2024-11-15
PAY-3021,ORD-11771,"$11,513.00",wechat,SUCCESS,2026-12-24
PAY-3022,ORD-2351,"$8,416.00",card,SUCCESS,12/03/2026
PAY-3023,ORD-490,10 852,COD,success,2025-02-20
PAY-3024,ORD-7228,2008,alipay,success,2025-05-12
PAY-3025,ORD-13481,3618,wechat,failed,01/07/2025
PAY-3026,ORD-3845,"12 126,00",card,pending,2025-06-06
PAY-3027,ORD-7472,11 001,card,pending,2024-03-02
PAY-3028,ORD-11365,"$4,169.00",card,SUCCESS,2024-09-22
PAY-3029,ORD-12218,3373,wechat,SUCCESS,02/13/2025
PAY-3030,ORD-7836,"$14,622.00",wechat,success,2026-04-16
PAY-3031,ORD-12182,9140,card,SUCCESS,20-05-2026
PAY-3032,ORD-13834,1 040,COD,pending,2024-02-17
PAY-3033,ORD-4281,11 044,alipay,pending,2024-03-06
PAY-3034,ORD-5220,17156,alipay,pending,08/14/2026
PAY-3035,ORD-7653,2191,COD,success,09-05-2026
PAY-3036,ORD-7299,17600,COD,SUCCESS,2026-06-04
PAY-3037,ORD-14654,19054,wechat,pending,2025-02-06
PAY-3038,ORD-10768,"$11,191.00",COD,SUCCESS,2026-09-17
PAY-3039,ORD-9417,"$1,667.00",alipay,SUCCESS,08/28/2026
PAY-3040,ORD-5395,"$9,231.00",card,success,14-08-2025
PAY-3041,ORD-9904,8219,alipay,success,2024-09-01
PAY-3042,ORD-13462,"$8,557.00",COD,SUCCESS,02/06/2026
PAY-3043,ORD-1620,14878,wechat,SUCCESS,01/04/2025
PAY-3044,ORD-646,5858,COD,success,2024-01-10
PAY-3045,ORD-1755,8879,card,success,2025-01-15
PAY-3046,ORD-4467,3334,card,SUCCESS,2024-07-21
PAY-3047,ORD-3491,"14 804,00",card,success,16-09-2025
PAY-3048,ORD-8505,17366,alipay,success,2026-11-28
PAY-3049,ORD-5683,14242,card,pending,2026-12-28
PAY-3050,ORD-4899,4112,card,SUCCESS,2025-01-09
PAY-3051,ORD-10464,11449,wechat,success,02/13/2024
PAY-3052,ORD-13443,8506,wechat,success,2026-03-27
PAY-3053,ORD-3118,16090,card,failed,2025-03-21
PAY-3054,ORD-6336,2782,card,pending,2025-12-15
PAY-3055,ORD-9487,13769,alipay,SUCCESS,2026-04-12
PAY-3056,ORD-4134,18 898,alipay,pending,01/14/2026
PAY-3057,ORD-10370,"$17,364.00",COD,SUCCESS,2024-03-01
PAY-3058,ORD-7853,12176,COD,success,09/28/2025
PAY-3059,ORD-7146,11741,COD,failed,2024-09-06
PAY-3060,ORD-14922,"$5,476.00",card,pending,08/05/2026
PAY-3061,ORD-14278,10398,alipay,pending,13-06-2026
PAY-3062,ORD-10470,4795,alipay,SUCCESS,2026-03-08
PAY-3063,ORD-1820,"$19,594.00",COD,SUCCESS,2024-11-01
PAY-3064,ORD-11688,"$12,872.00",wechat,success,2026-09-12
PAY-3065,ORD-206,"$3,943.00",card,pending,11/11/2026
PAY-3066,ORD-12872,16483,wechat,success,2025-06-03
PAY-3067,ORD-746,"$7,164.00",wechat,pending,06-09-2025
PAY-3068,ORD-11428,"$13,047.00",card,pending,2025-06-26
PAY-3069,ORD-10931,16090,wechat,pending,08/21/2024
PAY-3070,ORD-868,15615,card,success,2026-12-27
PAY-3071,ORD-9911,7312,alipay,SUCCESS,2025-03-26
PAY-3072,ORD-4701,"$5,709.00",card,pending,10/17/2025
PAY-3073,ORD-14268,"$11,412.00",alipay,pending,24-01-2026
PAY-3074,ORD-11257,"$17,773.00",alipay,SUCCESS,2025-06-21
PAY-3075,ORD-14744,15086,COD,SUCCESS,04/07/2024
PAY-3076,ORD-5514,3331,alipay,SUCCESS,2024-07-03
PAY-3077,ORD-6053,"11 968,00",wechat,SUCCESS,2025-07-11
PAY-3078,ORD-407,169,wechat,success,2026-11-12
PAY-3079,ORD-6687,12 268,alipay,success,10-08-2026
PAY-3080,ORD-10264,11994,COD,pending,2025-08-14
PAY-3081,ORD-7134,"7 240,00",alipay,pending,2026-04-02
PAY-3082,ORD-14447,19787,alipay,pending,16-10-2024
PAY-3083,ORD-48,19059,COD,pending,2024-09-25
PAY-3084,ORD-12648,17714,COD,success,02/08/2024
PAY-3085,ORD-12784,92,COD,success,10/19/2025
PAY-3086,ORD-13566,"$19,794.00",wechat,SUCCESS,01-12-2026
PAY-3087,ORD-13096,1829,alipay,success,2025-03-14
PAY-3088,ORD-6190,12262,alipay,success,05/13/2026
PAY-3089,ORD-6648,11971,card,pending,10/28/2024
PAY-3090,ORD-11340,17382,COD,success,13-09-2025
PAY-3091,ORD-12534,"$7,244.00",alipay,failed,2026-12-28
PAY-3092,ORD-5407,4591,wechat,SUCCESS,04/15/2025
PAY-3093,ORD-10822,4587,wechat,SUCCESS,2024-12-18
PAY-3094,ORD-5236,"2 791,00",alipay,pending,2024-08-25
PAY-3095,ORD-2600,19108,COD,SUCCESS,2025-06-09
PAY-3096,ORD-14213,3262,wechat,pending,2025-09-05
PAY-3097,ORD-13641,18837,alipay,SUCCESS,08/27/2026
PAY-3098,ORD-13258,"$9,134.00",card,SUCCESS,11-03-2025
PAY-3099,ORD-355,10 688,wechat,pending,2025-09-25
PAY-3100,ORD-233,"$11,856.00",alipay,success,06/06/2025
PAY-3101,ORD-12854,9071,card,pending,2025-02-26
PAY-3102,ORD-5152,2930,alipay,pending,2026-05-25
PAY-3103,ORD-61,4483,alipay,success,19-09-2024
PAY-3104,ORD-2309,4907,wechat,failed,07/04/2025
PAY-3105,ORD-8955,2533,wechat,success,10/03/2026
PAY-3106,ORD-1328,"17 069,00",COD,success,2025-05-20
PAY-3107,ORD-14220,"$18,463.00",card,pending,2026-03-26
PAY-3108,ORD-7715,11299,card,success,12/12/2025
PAY-3109,ORD-3614,8784,COD,SUCCESS,05-09-2026
PAY-3110,ORD-6792,12143,COD,success,04-09-2025
PAY-3111,ORD-8299,"$18,153.00",card,success,09/11/2026
PAY-3112,ORD-8008,"$6,451.00",card,success,13-04-2024
PAY-3113,ORD-2392,"$16,746.00",alipay,SUCCESS,12/01/2025
PAY-3114,ORD-13728,"$7,598.00",card,success,2024-02-13
PAY-3115,ORD-6403,"$5,046.00",card,success,07/05/2026
PAY-3116,ORD-2503,16019,wechat,pending,2025-03-05
PAY-3117,ORD-12273,16263,COD,pending,2025-05-02
PAY-3118,ORD-14209,"$14,223.00",wechat,pending,2026-01-04
PAY-3119,ORD-2209,"$19,413.00",COD,SUCCESS,2026-02-24
PAY-3120,ORD-640,17365,wechat,pending,2026-04-18
PAY-3121,ORD-12314,18892,card,SUCCESS,02/08/2024
PAY-3122,ORD-5627,"$19,826.00",alipay,success,11/18/2026
PAY-3123,ORD-7562,13876,wechat,SUCCESS,10/16/2024
PAY-3124,ORD-4449,"$8,593.00",alipay,SUCCESS,07/27/2025
PAY-3125,ORD-1976,9047,COD,pending,2026-06-03
PAY-3126,ORD-10783,"12 144,00",wechat,success,21-10-2024
PAY-3127,ORD-9178,8 745,COD,pending,05-04-2026
PAY-3128,ORD-7375,"$12,227.00",alipay,SUCCESS,07/07/2024
PAY-3129,ORD-5243,"$5,761.00",alipay,pending,2026-11-20
PAY-3130,ORD-9834,10233,wechat,success,20-03-2024
PAY-3131,ORD-7206,3476,alipay,success,03/20/2024
PAY-3132,ORD-2599,"12 110,00",alipay,SUCCESS,2026-03-08
PAY-3133,ORD-11887,"12 817,00",card,success,2024-12-10
PAY-3134,ORD-816,10837,card,pending,08/23/2024
PAY-3135,ORD-9561,"$9,573.00",alipay,success,2025-01-04
PAY-3136,ORD-6033,"$1,008.00",alipay,failed,2024-02-20
PAY-3137,ORD-11298,"$19,782.00",wechat,success,01/13/2025
PAY-3138,ORD-3431,12904,COD,SUCCESS,02/01/2024
PAY-3139,ORD-4792,"$3,670.00",alipay,SUCCESS,2025-11-04
PAY-3140,ORD-8787,"$10,356.00",COD,failed,2026-08-08
PAY-3141,ORD-8477,1717,card,SUCCESS,2026-08-24
PAY-3142,ORD-3073,10652,card,failed,2026-03-15
PAY-3143,ORD-14548,1 353,alipay,pending,25-08-2025
PAY-3144,ORD-12213,16223,card,SUCCESS,06/25/2025
PAY-3145,ORD-3540,2028,wechat,SUCCESS,06/16/2025
PAY-3146,ORD-3648,3 823,alipay,success,2024-11-15
PAY-3147,ORD-99,7223,alipay,success,2024-12-15
PAY-3148,ORD-11412,6453,alipay,SUCCESS,2026-07-14
PAY-3149,ORD-3932,2186,alipay,success,2026-11-16
PAY-3150,ORD-12224,16 037,alipay,pending,2024-06-01
PAY-3151,ORD-8419,"$9,549.00",alipay,success,06/09/2026
PAY-3152,ORD-8601,13229,COD,pending,10/20/2026
PAY-3153,ORD-596,13888,alipay,pending,02/25/2024
PAY-3154,ORD-4110,16 539,wechat,pending,2025-04-28
PAY-3155,ORD-368,"$14,698.00",alipay,SUCCESS,2026-05-08
PAY-3156,ORD-1566,18016,wechat,SUCCESS,28-02-2025
PAY-3157,ORD-8442,3031,card,success,05/11/2024
PAY-3158,ORD-12472,2062,card,success,11/01/2024
PAY-3159,ORD-9740,17330,wechat,SUCCESS,17-12-2025
PAY-3160,ORD-13315,17186,card,pending,2025-02-16
PAY-3161,ORD-4391,"$9,677.00",COD,failed,2025-04-07
PAY-3162,ORD-6033,"$17,646.00",card,pending,28-07-2025
PAY-3163,ORD-6502,17244,card,success,04/23/2025
PAY-3164,ORD-12674,10063,COD,SUCCESS,06/27/2024
PAY-3165,ORD-6095,"$8,372.00",wechat,SUCCESS,2026-01-03
PAY-3166,ORD-8131,"$16,164.00",wechat,success,02/09/2026
PAY-3167,ORD-8772,5620,card,failed,19-08-2024
PAY-3168,ORD-6959,"$19,138.00",alipay,success,11/15/2025
PAY-3169,ORD-14106,"$14,091.00",card,success,22-09-2026
PAY-3170,ORD-4722,"$19,343.00",COD,SUCCESS,2025-04-19
PAY-3171,ORD-14696,"9 945,00",wechat,success,2025-12-22
PAY-3172,ORD-11755,10864,card,success,2026-12-21
PAY-3173,ORD-11052,17 688,wechat,pending,2026-02-20
PAY-3174,ORD-8889,5259,COD,success,09/28/2026
PAY-3175,ORD-12358,3076,COD,failed,07/01/2026
PAY-3176,ORD-6039,14883,alipay,SUCCESS,11/23/2026
PAY-3177,ORD-12641,6432,alipay,SUCCESS,08-02-2026
PAY-3178,ORD-2861,"$19,816.00",wechat,pending,05/22/2025
PAY-3179,ORD-12931,"$15,608.00",card,pending,12/04/2025
PAY-3180,ORD-12350,"$17,239.00",alipay,pending,2026-04-09
PAY-3181,ORD-12441,"2 210,00",alipay,pending,2024-07-15
PAY-3182,ORD-1098,$286.00,COD,SUCCESS,23-08-2024
PAY-3183,ORD-11392,"$18,142.00",card,pending,03/26/2024
PAY-3184,ORD-24,"7 830,00",alipay,success,18-06-2024
PAY-3185,ORD-9077,"19 479,00",COD,pending,24-08-2024
PAY-3186,ORD-2545,"$18,976.00",alipay,SUCCESS,2024-06-19
PAY-3187,ORD-7772,"$2,491.00",alipay,SUCCESS,2025-06-11
PAY-3188,ORD-14314,"$1,851.00",wechat,SUCCESS,2025-01-20
PAY-3189,ORD-4932,17899,COD,pending,2024-10-03
PAY-3190,ORD-7132,723,wechat,pending,20-05-2026
PAY-3191,ORD-6902,3630,card,SUCCESS,2025-01-10
PAY-3192,ORD-5312,"$18,253.00",COD,pending,13-12-2025
PAY-3193,ORD-14893,1 889,card,success,04/09/2026
PAY-3194,ORD-10797,11087,alipay,success,07/18/2025
PAY-3195,ORD-8744,371,wechat,success,2026-09-16
PAY-3196,ORD-3076,2878,card,pending,25-06-2024
PAY-3197,ORD-687,"$18,928.00",COD,pending,2026-05-04
PAY-3198,ORD-12389,8852,COD,success,2026-12-28
PAY-3199,ORD-10526,5646,wechat,pending,2026-03-03
PAY-3200,ORD-13447,9 204,alipay,SUCCESS,2024-10-13
PAY-3201,ORD-2445,17218,alipay,success,09-10-2024
PAY-3202,ORD-10766,"$3,470.00",alipay,failed,2026-11-26
PAY-3203,ORD-7811,"$11,952.00",COD,pending,2024-09-07
PAY-3204,ORD-4561,16432,wechat,failed,2026-04-20
PAY-3205,ORD-7727,"16 530,00",COD,SUCCESS,2024-10-01
PAY-3206,ORD-13955,"$8,687.00",card,pending,2024-10-04
PAY-3207,ORD-1378,13975,wechat,success,17-12-2026
PAY-3208,ORD-6125,4525,card,success,2024-03-13
PAY-3209,ORD-2765,480,wechat,success,07/12/2024
PAY-3210,ORD-310,10 163,alipay,success,2025-07-20
PAY-3211,ORD-6212,17923,card,SUCCESS,12/06/2026
PAY-3212,ORD-11918,14423,alipay,SUCCESS,17-05-2026
PAY-3213,ORD-5786,"$17,794.00",card,SUCCESS,08-01-2025
PAY-3214,ORD-4993,"$4,632.00",alipay,SUCCESS,07/14/2024
PAY-3215,ORD-9766,4797,wechat,SUCCESS,02-06-2026
PAY-3216,ORD-9394,12427,card,SUCCESS,11/15/2026
PAY-3217,ORD-6047,8339,wechat,success,2024-08-12
PAY-3218,ORD-10076,"$6,073.00",alipay,success,2025-01-18
PAY-3219,ORD-13424,7632,alipay,failed,2025-02-16
PAY-3220,ORD-12037,"7 809,00",wechat,pending,11/03/2025
PAY-3221,ORD-14669,14022,card,pending,2024-10-17
PAY-3222,ORD-3500,10438,COD,SUCCESS,2026-12-22
PAY-3223,ORD-4487,"$6,156.00",alipay,success,20-12-2026
PAY-3224,ORD-14488,"$12,783.00",card,success,27-06-2024
PAY-3225,ORD-9536,9 161,card,pending,2025-03-23
PAY-3226,ORD-8742,"$6,217.00",COD,success,03-03-2024
PAY-3227,ORD-9461,712,wechat,pending,2025-09-11
PAY-3228,ORD-3460,18175,wechat,pending,2026-04-08
PAY-3229,ORD-6218,14584,alipay,success,2024-11-08
PAY-3230,ORD-8693,6 125,alipay,SUCCESS,2024-02-06
PAY-3231,ORD-6531,$252.00,COD,SUCCESS,2025-05-07
PAY-3232,ORD-4062,"$10,015.00",COD,pending,11/12/2025
PAY-3233,ORD-8137,9 322,COD,SUCCESS,06/15/2026
PAY-3234,ORD-2209,"$15,481.00",card,SUCCESS,06/22/2024
PAY-3235,ORD-8989,9400,COD,SUCCESS,07/21/2026
PAY-3236,ORD-4762,14131,wechat,success,07/18/2025
PAY-3237,ORD-2056,12487,card,SUCCESS,08-10-2024
PAY-3238,ORD-13354,18829,card,pending,11/08/2025
PAY-3239,ORD-4130,17156,card,pending,2025-02-18
PAY-3240,ORD-2528,8542,alipay,pending,08/21/2025
PAY-3241,ORD-1446,10240,wechat,success,2026-06-12
PAY-3242,ORD-7424,12613,COD,success,2025-06-12
PAY-3243,ORD-6822,14775,wechat,SUCCESS,2025-06-05
PAY-3244,ORD-1052,"$3,098.00",COD,success,2024-02-14
PAY-3245,ORD-4420,17466,alipay,success,27-02-2026
PAY-3246,ORD-4231,10744,wechat,pending,07/07/2026
PAY-3247,ORD-13728,7669,COD,pending,2026-01-17
PAY-3248,ORD-9593,"19 578,00",wechat,SUCCESS,12/14/2026
PAY-3249,ORD-6226,9629,COD,SUCCESS,01/21/2026
PAY-3250,ORD-7264,"$14,943.00",COD,success,02/24/2025
PAY-3251,ORD-7414,"15 663,00",wechat,SUCCESS,09/04/2026
PAY-3252,ORD-147,"$13,637.00",card,success,2025-09-24
PAY-3253,ORD-7105,4 240,wechat,success,2025-06-02
PAY-3254,ORD-3852,9390,wechat,pending,2025-03-01
PAY-3255,ORD-9242,"$14,658.00",alipay,SUCCESS,28-01-2026
PAY-3256,ORD-8791,"$19,232.00",card,SUCCESS,09/28/2026
PAY-3257,ORD-3332,"$17,664.00",card,success,2026-12-16
PAY-3258,ORD-8620,5256,COD,SUCCESS,12-08-2026
PAY-3259,ORD-3107,"$5,007.00",wechat,success,06/08/2024
PAY-3260,ORD-12543,4643,alipay,SUCCESS,2026-03-09
PAY-3261,ORD-744,6122,alipay,success,11/19/2026
PAY-3262,ORD-6838,"$14,763.00",card,pending,04/03/2024
PAY-3263,ORD-2638,"$8,313.00",wechat,pending,09/05/2025
PAY-3264,ORD-6380,$900.00,wechat,SUCCESS,19-06-2025
PAY-3265,ORD-2600,18 925,wechat,SUCCESS,2026-11-12
PAY-3266,ORD-6677,11664,wechat,success,11/16/2024
PAY-3267,ORD-2555,"$9,857.00",card,success,11/02/2025
PAY-3268,ORD-6803,13536,wechat,SUCCESS,10/02/2025
PAY-3269,ORD-4015,5313,alipay,pending,02/08/2025
PAY-3270,ORD-13249,9 722,alipay,success,2025-01-17
PAY-3271,ORD-4309,13523,card,SUCCESS,2024-09-23
PAY-3272,ORD-1776,5557,card,SUCCESS,06/20/2026
PAY-3273,ORD-11407,"$5,063.00",alipay,SUCCESS,12/08/2025
PAY-3274,ORD-7575,8 587,wechat,success,02/10/2025
PAY-3275,ORD-10573,"$6,026.00",alipay,success,07/12/2026
PAY-3276,ORD-6994,19308,wechat,pending,08/20/2025
PAY-3277,ORD-10903,14773,wechat,SUCCESS,03/16/2024
PAY-3278,ORD-10936,17309,COD,pending,27-06-2024
PAY-3279,ORD-10824,1 944,COD,success,2025-12-01
PAY-3280,ORD-12514,17175,card,success,2025-07-21
PAY-3281,ORD-6221,"137,00",wechat,SUCCESS,08/18/2025
PAY-3282,ORD-9563,15050,wechat,success,08-04-2025
PAY-3283,ORD-6173,1911,card,pending,2026-12-19
PAY-3284,ORD-10332,"$9,243.00",alipay,SUCCESS,2025-01-20
PAY-3285,ORD-12427,"$16,371.00",card,pending,2024-07-18
PAY-3286,ORD-9361,7511,card,pending,03-03-2025
PAY-3287,ORD-11868,15243,alipay,pending,07-02-2026
PAY-3288,ORD-12462,1328,wechat,SUCCESS,2024-11-27
PAY-3289,ORD-5319,16587,COD,success,2026-04-07
PAY-3290,ORD-8343,"$13,294.00",COD,pending,2025-10-28
PAY-3291,ORD-14745,11548,wechat,SUCCESS,2024-09-11
PAY-3292,ORD-5286,3951,card,success,08/24/2026
PAY-3293,ORD-3459,11769,alipay,pending,2026-12-23
PAY-3294,ORD-8047,6815,wechat,success,2026-12-21
PAY-3295,ORD-2296,13430,COD,success,2024-12-03
PAY-3296,ORD-3015,"$8,866.00",card,success,2026-12-01
PAY-3297,ORD-5227,3804,card,success,2025-08-09
PAY-3298,ORD-8048,7796,COD,pending,2025-04-24
PAY-3299,ORD-7121,6178,alipay,success,03/22/2024
PAY-3300,ORD-359,"$11,331.00",wechat,success,16-08-2026
PAY-3301,ORD-12257,11814,wechat,pending,2024-02-23
PAY-3302,ORD-903,15831,alipay,pending,03/13/2026
PAY-3303,ORD-9666,1589,alipay,success,2025-05-21
PAY-3304,ORD-13743,"$3,975.00",card,SUCCESS,2026-11-27
PAY-3305,ORD-13008,5190,alipay,SUCCESS,2024-07-03
PAY-3306,ORD-14465,"$12,721.00",wechat,pending,12/03/2024
PAY-3307,ORD-9407,19256,card,pending,10/16/2025
PAY-3308,ORD-14674,7827,card,SUCCESS,2025-08-15
PAY-3309,ORD-13418,17317,wechat,success,2026-05-02
PAY-3310,ORD-10159,"$2,106.00",card,pending,2024-08-11
PAY-3311,ORD-1434,5548,alipay,SUCCESS,16-05-2024
PAY-3312,ORD-4854,"$19,680.00",wechat,failed,20-10-2025
PAY-3313,ORD-9329,17557,wechat,pending,2025-01-08
PAY-3314,ORD-11590,1936,card,pending,04/27/2024
PAY-3315,ORD-5552,12830,alipay,pending,05/05/2026
PAY-3316,ORD-2716,7173,alipay,success,23-03-2025
PAY-3317,ORD-4409,"$6,172.00",COD,success,2024-05-08
PAY-3318,ORD-13774,889,wechat,SUCCESS,2026-10-23
PAY-3319,ORD-7705,"$2,008.00",card,pending,2024-12-12
PAY-3320,ORD-453,447,COD,success,2026-03-22
PAY-3321,ORD-6236,1426,wechat,pending,2025-08-23
PAY-3322,ORD-12950,4243,wechat,SUCCESS,2024-09-20
PAY-3323,ORD-11423,7508,card,SUCCESS,01/26/2025
PAY-3324,ORD-533,5444,wechat,pending,2026-06-16
PAY-3325,ORD-11303,8209,alipay,pending,05/11/2024
PAY-3326,ORD-9048,10141,wechat,success,2024-04-13
PAY-3327,ORD-8968,"$3,475.00",alipay,SUCCESS,11/07/2026
PAY-3328,ORD-13688,16092,COD,SUCCESS,28-02-2025
PAY-3329,ORD-3339,"$19,941.00",card,success,2025-08-04
PAY-3330,ORD-2729,2615,wechat,success,08-02-2024
PAY-3331,ORD-6316,5452,alipay,SUCCESS,05/18/2024
PAY-3332,ORD-9258,3607,COD,success,28-06-2025
PAY-3333,ORD-1020,4034,card,success,01/09/2025
PAY-3334,ORD-7941,12 477,wechat,success,07-12-2026
PAY-3335,ORD-2750,"$2,051.00",wechat,SUCCESS,2024-04-02
PAY-3336,ORD-13416,18 900,wechat,SUCCESS,2026-05-03
PAY-3337,ORD-10210,"$5,462.00",wechat,SUCCESS,06/16/2025
PAY-3338,ORD-9168,"19 127,00",wechat,success,03/18/2026
PAY-3339,ORD-11235,17952,card,pending,2024-11-09
PAY-3340,ORD-9192,18136,card,pending,2024-01-01
PAY-3341,ORD-3846,2353,card,pending,12-04-2024
PAY-3342,ORD-11446,"$14,439.00",card,success,01-05-2024
PAY-3343,ORD-11910,17134,card,SUCCESS,16-09-2025
PAY-3344,ORD-14559,11874,wechat,pending,12/16/2026
PAY-3345,ORD-244,3158,alipay,SUCCESS,2026-05-08
PAY-3346,ORD-3667,1 790,COD,SUCCESS,10/08/2025
PAY-3347,ORD-4734,"$13,928.00",COD,success,2025-01-23
PAY-3348,ORD-8006,"1 836,00",card,SUCCESS,2025-06-01
PAY-3349,ORD-14578,"6 899,00",card,pending,2024-06-07
PAY-3350,ORD-9228,10823,wechat,success,2025-02-25
PAY-3351,ORD-5891,12793,card,success,2024-04-17
PAY-3352,ORD-3053,5988,card,success,2024-07-26
PAY-3353,ORD-6100,13137,wechat,SUCCESS,2026-06-19
PAY-3354,ORD-3808,"$18,332.00",wechat,pending,19-12-2024
PAY-3355,ORD-1526,"$8,144.00",wechat,success,2026-10-12
PAY-3356,ORD-6401,"$15,788.00",alipay,success,2024-08-10
PAY-3357,ORD-903,17386,card,pending,07/04/2025
PAY-3358,ORD-9003,"$10,119.00",COD,pending,07-11-2026
PAY-3359,ORD-8147,4039,alipay,success,2025-09-27
PAY-3360,ORD-10471,6389,COD,SUCCESS,10-04-2026
PAY-3361,ORD-232,1 297,COD,SUCCESS,12/06/2026
PAY-3362,ORD-4822,"$16,629.00",COD,SUCCESS,2024-05-07
PAY-3363,ORD-14253,16579,wechat,pending,09/03/2026
PAY-3364,ORD-12930,9593,alipay,pending,2026-08-08
PAY-3365,ORD-9456,$972.00,wechat,pending,07/23/2025
PAY-3366,ORD-9036,16827,alipay,success,2026-08-19
PAY-3367,ORD-11947,11517,COD,pending,2025-10-17
PAY-3368,ORD-3162,18310,card,SUCCESS,12/25/2024
PAY-3369,ORD-5524,"$13,979.00",alipay,pending,2025-04-12
PAY-3370,ORD-12076,"$6,724.00",card,pending,15-01-2026
PAY-3371,ORD-13635,"$12,787.00",card,SUCCESS,2026-02-08
PAY-3372,ORD-9735,"$4,466.00",card,SUCCESS,24-04-2024
PAY-3373,ORD-8288,"$18,433.00",alipay,success,2026-06-18
PAY-3374,ORD-14997,16060,wechat,SUCCESS,07/22/2026
PAY-3375,ORD-911,8254,alipay,success,01/03/2026
PAY-3376,ORD-3761,16536,alipay,success,15-07-2025
PAY-3377,ORD-621,"$12,846.00",COD,pending,2025-05-16
PAY-3378,ORD-2739,12827,wechat,pending,04/19/2025
PAY-3379,ORD-10708,10254,alipay,SUCCESS,10-05-2025
PAY-3380,ORD-6620,"$8,769.00",wechat,success,08/06/2024
PAY-3381,ORD-1017,8465,wechat,pending,2025-09-20
PAY-3382,ORD-3146,"$11,655.00",COD,success,2026-06-25
PAY-3383,ORD-7941,11071,wechat,failed,2026-10-17
PAY-3384,ORD-13489,"$13,029.00",card,SUCCESS,2025-07-09
PAY-3385,ORD-4632,6576,COD,pending,2024-09-03
PAY-3386,ORD-3053,19641,alipay,SUCCESS,02/15/2024
PAY-3387,ORD-6845,10289,wechat,SUCCESS,2026-02-27
PAY-3388,ORD-5724,$958.00,card,success,2026-07-20
PAY-3389,ORD-1247,6667,wechat,SUCCESS,03/12/2024
PAY-3390,ORD-4284,4946,alipay,SUCCESS,2024-03-03
PAY-3391,ORD-11048,10141,wechat,SUCCESS,03/20/2025
PAY-3392,ORD-9365,3217,card,success,13-09-2025
PAY-3393,ORD-11103,225,wechat,success,2026-08-24
PAY-3394,ORD-13034,"$3,178.00",card,success,02-09-2025
PAY-3395,ORD-5328,5436,alipay,failed,26-06-2025
PAY-3396,ORD-11436,"$9,410.00",COD,pending,2026-04-25
PAY-3397,ORD-4898,19799,alipay,failed,2024-02-12
PAY-3398,ORD-13409,5025,alipay,success,2024-05-13
PAY-3399,ORD-1639,669,card,pending,2026-10-27
PAY-3400,ORD-11380,"$14,297.00",card,SUCCESS,05/02/2024
PAY-3401,ORD-10807,6494,card,pending,03/07/2024
PAY-3402,ORD-1143,7638,card,success,08/04/2024
PAY-3403,ORD-6092,"$13,323.00",card,SUCCESS,2025-02-28
PAY-3404,ORD-1612,"$12,966.00",COD,pending,14-05-2024
PAY-3405,ORD-236,17964,alipay,pending,2024-06-13
PAY-3406,ORD-3543,1276,card,success,2026-06-03
PAY-3407,ORD-11867,6691,wechat,success,12/01/2026
PAY-3408,ORD-7861,"$9,614.00",COD,success,01/23/2026
PAY-3409,ORD-14665,"$5,787.00",alipay,pending,15-11-2025
PAY-3410,ORD-9325,5 042,wechat,pending,05/11/2024
PAY-3411,ORD-5207,12946,alipay,pending,07-01-2026
PAY-3412,ORD-7603,476,COD,pending,2026-01-20
PAY-3413,ORD-13324,9523,wechat,success,2025-02-02
PAY-3414,ORD-14323,4 709,alipay,SUCCESS,11-04-2026
PAY-3415,ORD-791,"$7,587.00",card,success,22-01-2026
PAY-3416,ORD-3982,9310,COD,SUCCESS,2025-11-27
PAY-3417,ORD-1685,18636,card,success,24-09-2025
PAY-3418,ORD-12312,3980,card,pending,2026-07-13
PAY-3419,ORD-7175,10951,wechat,success,2026-03-04
PAY-3420,ORD-5389,"$9,676.00",alipay,failed,2025-11-07
PAY-3421,ORD-718,"$6,581.00",COD,SUCCESS,2025-06-19
PAY-3422,ORD-7437,16168,alipay,SUCCESS,2026-08-06
PAY-3423,ORD-1701,5879,card,SUCCESS,2024-05-13
PAY-3424,ORD-10360,11 397,COD,success,12/04/2026
PAY-3425,ORD-14509,17286,card,SUCCESS,03-01-2025
PAY-3426,ORD-5602,3100,card,success,2025-09-14
PAY-3427,ORD-5832,8 328,card,SUCCESS,2026-05-01
PAY-3428,ORD-2143,16142,COD,pending,24-07-2024
PAY-3429,ORD-6499,"$1,549.00",wechat,success,2024-09-28
PAY-3430,ORD-659,"$16,936.00",COD,pending,08-07-2026
PAY-3431,ORD-11359,13766,wechat,pending,2026-08-19
PAY-3432,ORD-10018,"$16,650.00",card,failed,22-05-2025
PAY-3433,ORD-12660,"13 015,00",COD,pending,17-06-2026
PAY-3434,ORD-13361,"$10,366.00",COD,pending,2025-11-21
PAY-3435,ORD-9896,"18 053,00",COD,success,06-02-2025
PAY-3436,ORD-192,9 513,card,SUCCESS,12/03/2024
PAY-3437,ORD-14205,11221,card,success,09/01/2025
PAY-3438,ORD-5179,3715,COD,success,07/03/2026
PAY-3439,ORD-8452,"$19,285.00",card,pending,09-11-2025
PAY-3440,ORD-638,"$17,342.00",wechat,pending,2025-09-08
PAY-3441,ORD-1929,"7 748,00",alipay,pending,2025-08-05
PAY-3442,ORD-11834,12413,alipay,success,07/19/2024
PAY-3443,ORD-4499,"$10,084.00",card,success,05/11/2025
PAY-3444,ORD-2388,3571,COD,pending,2026-06-02
PAY-3445,ORD-9189,12206,alipay,SUCCESS,2026-06-17
PAY-3446,ORD-14473,1 466,alipay,pending,2026-07-26
PAY-3447,ORD-5985,7199,card,success,2024-08-27
PAY-3448,ORD-10065,4451,wechat,SUCCESS,2026-06-15
PAY-3449,ORD-6883,"$1,030.00",alipay,SUCCESS,09/20/2024
PAY-3450,ORD-5024,"$2,459.00",COD,pending,2024-12-27
PAY-3451,ORD-9887,3474,card,pending,12/06/2026
PAY-3452,ORD-3644,19312,card,SUCCESS,12/22/2025
PAY-3453,ORD-1735,15071,card,success,04/10/2026
PAY-3454,ORD-11092,"$9,444.00",card,pending,2025-02-22
PAY-3455,ORD-11749,6631,card,SUCCESS,2025-03-10
PAY-3456,ORD-5580,12103,card,pending,2025-01-11
PAY-3457,ORD-9917,"$10,593.00",alipay,SUCCESS,2026-01-21
PAY-3458,ORD-8272,"$11,476.00",wechat,failed,15-04-2024
PAY-3459,ORD-11833,"$10,163.00",alipay,pending,2026-04-02
PAY-3460,ORD-1048,529,alipay,pending,2024-08-08
PAY-3461,ORD-4214,"6 759,00",alipay,failed,2024-02-15
PAY-3462,ORD-3209,$392.00,wechat,SUCCESS,06/08/2025
PAY-3463,ORD-3909,257,card,pending,2026-07-07
PAY-3464,ORD-9109,3716,COD,success,19-05-2024
PAY-3465,ORD-13877,"$15,198.00",wechat,SUCCESS,2024-12-19
PAY-3466,ORD-8711,"$11,637.00",wechat,pending,03/07/2025
PAY-3467,ORD-4871,18499,alipay,success,05/08/2025
PAY-3468,ORD-8349,7878,COD,success,05-04-2025
PAY-3469,ORD-10184,2683,card,success,2025-03-19
PAY-3470,ORD-8171,"$18,454.00",card,pending,07/17/2024
PAY-3471,ORD-3199,1 486,wechat,success,07-03-2025
PAY-3472,ORD-7884,17790,wechat,success,08/26/2024
PAY-3473,ORD-12489,1119,card,pending,2025-02-22
PAY-3474,ORD-6833,11384,alipay,success,2026-05-08
PAY-3475,ORD-803,9088,card,pending,05-01-2024
PAY-3476,ORD-5155,13183,wechat,failed,2026-07-19
PAY-3477,ORD-9518,5435,COD,pending,09/04/2026
PAY-3478,ORD-9414,947,COD,success,2025-02-27
PAY-3479,ORD-1500,13590,alipay,pending,04/21/2024
PAY-3480,ORD-7014,$176.00,wechat,SUCCESS,21-08-2025
PAY-3481,ORD-10415,5281,card,success,2025-08-26
PAY-3482,ORD-8456,"19 144,00",wechat,pending,2026-02-08
PAY-3483,ORD-328,"$15,827.00",wechat,success,2026-02-12
PAY-3484,ORD-8434,"9 734,00",alipay,pending,2026-06-01
PAY-3485,ORD-1650,"$10,158.00",wechat,success,2025-08-28
PAY-3486,ORD-4035,13464,alipay,pending,07/15/2024
PAY-3487,ORD-13836,2702,wechat,failed,02/25/2026
PAY-3488,ORD-4198,"$9,709.00",wechat,pending,2025-03-15
PAY-3489,ORD-4413,"$13,553.00",alipay,success,2025-12-20
PAY-3490,ORD-7132,"8 727,00",COD,SUCCESS,2025-09-21
PAY-3491,ORD-9330,"1 057,00",alipay,pending,02/04/2025
PAY-3492,ORD-2887,13408,card,success,03-08-2026
PAY-3493,ORD-10944,3102,card,success,09/14/2024
PAY-3494,ORD-4177,"$4,521.00",wechat,success,2026-02-03
PAY-3495,ORD-978,11229,wechat,success,24-08-2024
PAY-3496,ORD-10574,4 383,alipay,failed,09/16/2024
PAY-3497,ORD-14964,"6 052,00",card,SUCCESS,17-08-2025
PAY-3498,ORD-2172,4887,alipay,failed,02/23/2026
PAY-3499,ORD-13628,"$18,939.00",COD,success,2025-10-14
PAY-3500,ORD-14115,16 200,card,pending,01/11/2025
PAY-3501,ORD-5278,18 543,COD,success,11/23/2026
PAY-3502,ORD-7604,"$9,916.00",alipay,success,2025-11-14
PAY-3503,ORD-12094,"$12,905.00",wechat,pending,2025-12-06
PAY-3504,ORD-3928,16793,wechat,SUCCESS,2024-07-15
PAY-3505,ORD-9096,3680,wechat,pending,2025-05-14
PAY-3506,ORD-4716,17251,COD,SUCCESS,05/11/2024
PAY-3507,ORD-3106,"$11,471.00",COD,failed,26-02-2026
PAY-3508,ORD-14601,"12 888,00",alipay,pending,2025-07-23
PAY-3509,ORD-8543,4 297,card,success,2026-06-16
PAY-3510,ORD-14307,5592,alipay,success,08/21/2026
PAY-3511,ORD-5257,"$13,217.00",card,success,01/16/2025
PAY-3512,ORD-2490,4507,wechat,pending,01/06/2026
PAY-3513,ORD-5193,4700,alipay,success,01/20/2026
PAY-3514,ORD-10298,"$10,553.00",COD,pending,04/24/2026
PAY-3515,ORD-3716,5493,wechat,success,04/23/2026
PAY-3516,ORD-3935,"$11,403.00",COD,success,2025-05-18
PAY-3517,ORD-12053,$436.00,card,pending,11/11/2026
PAY-3518,ORD-7267,"9 297,00",wechat,SUCCESS,2025-05-26
PAY-3519,ORD-8537,11041,alipay,SUCCESS,2025-08-10
PAY-3520,ORD-14293,8039,COD,pending,2026-02-22
PAY-3521,ORD-4387,8733,wechat,success,2026-07-01
PAY-3522,ORD-13661,7105,card,pending,2026-02-22
PAY-3523,ORD-4316,16504,alipay,pending,2024-07-05
PAY-3524,ORD-11711,11523,alipay,pending,2024-06-20
PAY-3525,ORD-14437,8717,wechat,SUCCESS,25-12-2026
PAY-3526,ORD-11426,"1 677,00",card,SUCCESS,04-06-2024
PAY-3527,ORD-14430,"$17,160.00",COD,failed,2024-03-22
PAY-3528,ORD-2269,"$11,927.00",COD,success,05/24/2024
PAY-3529,ORD-4609,"$18,234.00",COD,pending,08-11-2025
PAY-3530,ORD-10485,19 136,card,failed,2026-02-25
PAY-3531,ORD-5174,1 066,wechat,pending,08/21/2026
PAY-3532,ORD-13516,6126,COD,SUCCESS,2026-04-05
PAY-3533,ORD-176,"6 882,00",alipay,SUCCESS,2025-11-07
PAY-3534,ORD-3794,9452,alipay,failed,2025-07-26
PAY-3535,ORD-10841,"$14,466.00",COD,success,01/24/2025
PAY-3536,ORD-14996,2849,card,success,2024-01-27
PAY-3537,ORD-870,"$9,400.00",card,success,2024-02-23
PAY-3538,ORD-6457,"17 296,00",wechat,SUCCESS,2025-02-07
PAY-3539,ORD-3992,"$8,828.00",card,SUCCESS,08-05-2025
PAY-3540,ORD-8263,"$3,903.00",wechat,success,2026-01-28
PAY-3541,ORD-4712,"$16,964.00",COD,failed,2025-08-06
PAY-3542,ORD-12777,15891,alipay,success,14-09-2025
PAY-3543,ORD-3201,10040,alipay,pending,02-02-2024
PAY-3544,ORD-11148,"$13,040.00",alipay,failed,2025-02-02
PAY-3545,ORD-10630,"$10,587.00",card,SUCCESS,2026-12-16
PAY-3546,ORD-14720,"$9,623.00",alipay,success,2024-05-01
PAY-3547,ORD-4549,"$3,231.00",alipay,SUCCESS,11/13/2026
PAY-3548,ORD-6356,$248.00,COD,pending,2025-11-06
PAY-3549,ORD-12009,8837,wechat,pending,2024-09-09
PAY-3550,ORD-13378,19904,alipay,success,08/08/2024
PAY-3551,ORD-2452,"19 327,00",card,success,06/06/2026
PAY-3552,ORD-1524,"$16,785.00",alipay,SUCCESS,05-02-2024
PAY-3553,ORD-1866,"2 129,00",COD,SUCCESS,01/14/2026
PAY-3554,ORD-6603,11600,card,SUCCESS,05/02/2026
PAY-3555,ORD-5178,"$17,277.00",COD,success,03-03-2025
PAY-3556,ORD-54,"18 275,00",COD,success,2025-06-24
PAY-3557,ORD-13392,19173,card,success,2026-01-02
PAY-3558,ORD-1958,"$2,408.00",card,SUCCESS,2024-10-22
PAY-3559,ORD-6279,7 310,COD,success,2025-12-28
PAY-3560,ORD-992,"$16,707.00",alipay,pending,07/28/2024
PAY-3561,ORD-5541,4115,card,pending,05/02/2026
PAY-3562,ORD-13648,10752,wechat,SUCCESS,03/02/2024
PAY-3563,ORD-14438,16 276,wechat,SUCCESS,2026-06-22
PAY-3564,ORD-9198,"$8,726.00",alipay,success,26-02-2024
PAY-3565,ORD-14210,15945,COD,failed,2025-07-25
PAY-3566,ORD-14778,"$3,658.00",alipay,SUCCESS,10/22/2026
PAY-3567,ORD-5086,"$9,048.00",COD,pending,04-10-2025
PAY-3568,ORD-12241,8413,wechat,SUCCESS,05/19/2025
PAY-3569,ORD-13415,"5 268,00",card,pending,02/26/2026
PAY-3570,ORD-8825,18967,wechat,pending,2025-06-13
PAY-3571,ORD-1433,10116,COD,SUCCESS,01-01-2024
PAY-3572,ORD-232,13 249,COD,success,21-03-2024
PAY-3573,ORD-5280,"$17,532.00",card,SUCCESS,2025-10-13
PAY-3574,ORD-9380,1 671,alipay,pending,2026-10-05
PAY-3575,ORD-2569,"6 663,00",card,success,16-03-2025
PAY-3576,ORD-2566,15316,alipay,success,15-12-2026
PAY-3577,ORD-8323,14697,wechat,pending,2025-05-22
PAY-3578,ORD-12948,4 283,alipay,success,2026-04-05
PAY-3579,ORD-3970,"9 827,00",card,success,2026-03-28
PAY-3580,ORD-13596,"$6,573.00",wechat,pending,2026-06-04
PAY-3581,ORD-3870,9449,wechat,failed,2026-10-18
PAY-3582,ORD-149,7108,alipay,SUCCESS,2025-09-04
PAY-3583,ORD-10958,11950,wechat,SUCCESS,2025-10-04
PAY-3584,ORD-12169,"3 215,00",alipay,SUCCESS,2026-08-17
PAY-3585,ORD-441,"$15,791.00",COD,pending,01-04-2024
PAY-3586,ORD-9460,327,COD,SUCCESS,2024-11-25
PAY-3587,ORD-11354,"$8,915.00",card,success,2026-01-19
PAY-3588,ORD-10271,18384,wechat,success,23-07-2025
PAY-3589,ORD-530,4 457,COD,SUCCESS,2026-06-14
PAY-3590,ORD-2363,250,card,pending,2026-01-03
PAY-3591,ORD-4328,13 047,alipay,success,06/05/2024
PAY-3592,ORD-4471,8919,wechat,success,08/16/2024
PAY-3593,ORD-9699,"$5,068.00",wechat,failed,2025-07-13
PAY-3594,ORD-10594,5213,alipay,pending,13-02-2025
PAY-3595,ORD-4096,"$19,898.00",COD,success,07/09/2025
PAY-3596,ORD-1469,4 255,wechat,pending,03/25/2024
PAY-3597,ORD-13664,"$13,633.00",card,success,2024-10-03
PAY-3598,ORD-13409,"17 088,00",alipay,SUCCESS,05/27/2025
PAY-3599,ORD-11241,17 793,wechat,SUCCESS,2026-10-18
PAY-3600,ORD-9927,"$19,357.00",wechat,SUCCESS,2026-08-24
PAY-3601,ORD-10667,"$13,731.00",alipay,failed,05/25/2026
PAY-3602,ORD-13081,"$16,649.00",COD,SUCCESS,07/08/2024
PAY-3603,ORD-8822,"$9,955.00",card,SUCCESS,26-02-2024
PAY-3604,ORD-10003,2547,COD,pending,2026-03-18
PAY-3605,ORD-9781,12153,wechat,success,2024-03-27
PAY-3606,ORD-7585,9041,card,success,2026-12-11
PAY-3607,ORD-2978,8 177,wechat,pending,18-02-2025
PAY-3608,ORD-10709,"$12,825.00",COD,success,08/23/2024
PAY-3609,ORD-11722,9893,alipay,SUCCESS,2024-04-01
PAY-3610,ORD-3067,19423,COD,success,09/06/2025
PAY-3611,ORD-1124,"$10,699.00",COD,pending,2024-08-22
PAY-3612,ORD-8571,9602,alipay,SUCCESS,09/26/2024
PAY-3613,ORD-13779,6882,COD,success,02/04/2026
PAY-3614,ORD-10388,"$16,015.00",card,pending,2025-07-07
PAY-3615,ORD-5034,130,card,pending,2026-11-20
PAY-3616,ORD-13313,"$7,424.00",COD,SUCCESS,10/11/2026
PAY-3617,ORD-6586,2857,wechat,SUCCESS,2026-11-10
PAY-3618,ORD-4464,"$10,228.00",wechat,pending,2025-09-17
PAY-3619,ORD-2365,7 701,wechat,success,2024-05-23
PAY-3620,ORD-9955,17784,COD,pending,22-04-2024
PAY-3621,ORD-13003,"$16,647.00",alipay,pending,01/10/2024
PAY-3622,ORD-10707,9354,wechat,SUCCESS,2025-10-24
PAY-3623,ORD-2609,1680,alipay,SUCCESS,2024-01-01
PAY-3624,ORD-12837,6211,alipay,success,2025-04-09
PAY-3625,ORD-8585,"$6,498.00",card,SUCCESS,08/22/2024
PAY-3626,ORD-14972,6032,alipay,SUCCESS,02/23/2025
PAY-3627,ORD-8711,7233,card,SUCCESS,07/25/2026
PAY-3628,ORD-3991,1501,alipay,success,2026-05-14
PAY-3629,ORD-5661,"$17,772.00",COD,success,06/04/2024
PAY-3630,ORD-1627,9 468,card,success,10/12/2024
PAY-3631,ORD-702,2 112,wechat,SUCCESS,2024-02-26
PAY-3632,ORD-5877,"14 714,00",card,SUCCESS,2026-01-20
PAY-3633,ORD-10460,17449,wechat,SUCCESS,2024-07-22
PAY-3634,ORD-3005,15429,card,success,04/20/2024
PAY-3635,ORD-1765,"$15,118.00",COD,SUCCESS,04/10/2026
PAY-3636,ORD-4794,13719,wechat,SUCCESS,2025-09-27
PAY-3637,ORD-1089,12452,COD,SUCCESS,2025-01-07
PAY-3638,ORD-12333,3628,wechat,failed,02/09/2024
PAY-3639,ORD-546,9282,COD,pending,2025-03-28
PAY-3640,ORD-1099,"$14,880.00",card,pending,03/04/2026
PAY-3641,ORD-11583,"$15,624.00",card,pending,09-01-2024
PAY-3642,ORD-544,16954,card,SUCCESS,02/08/2026
PAY-3643,ORD-7885,10584,alipay,failed,2024-07-22
PAY-3644,ORD-10901,1526,alipay,SUCCESS,2024-10-19
PAY-3645,ORD-887,16954,wechat,success,15-02-2024
PAY-3646,ORD-13227,14733,alipay,SUCCESS,2025-12-06
PAY-3647,ORD-6694,6172,card,pending,2024-11-17
PAY-3648,ORD-8964,7 323,wechat,SUCCESS,03/25/2026
PAY-3649,ORD-1643,14 089,alipay,failed,11/10/2025
PAY-3650,ORD-11423,"$8,838.00",alipay,failed,07/02/2025
PAY-3651,ORD-8401,"$2,250.00",COD,success,2026-08-06
PAY-3652,ORD-9278,7248,wechat,success,2026-09-12
PAY-3653,ORD-4177,13817,card,success,20-06-2026
PAY-3654,ORD-12092,1456,COD,success,24-03-2026
PAY-3655,ORD-1271,6805,alipay,failed,2026-03-01
PAY-3656,ORD-5555,"$16,157.00",card,SUCCESS,2026-02-04
PAY-3657,ORD-722,"12 280,00",card,success,2026-02-05
PAY-3658,ORD-13,$788.00,card,SUCCESS,2025-05-08
PAY-3659,ORD-11599,7298,alipay,success,2025-12-19
PAY-3660,ORD-13360,"5 518,00",wechat,success,2024-01-16
PAY-3661,ORD-13579,"12 262,00",alipay,success,04/25/2026
PAY-3662,ORD-348,"$19,276.00",wechat,pending,2026-01-19
PAY-3663,ORD-8234,"$19,165.00",alipay,pending,09-11-2026
PAY-3664,ORD-2908,15122,wechat,success,05/18/2025
PAY-3665,ORD-3768,6785,card,SUCCESS,2024-01-12
PAY-3666,ORD-12715,"$10,003.00",COD,pending,17-05-2026
PAY-3667,ORD-2470,"$18,719.00",alipay,pending,08-08-2024
PAY-3668,ORD-9085,16492,card,pending,2025-02-15
PAY-3669,ORD-14685,9 870,wechat,success,10/11/2026
PAY-3670,ORD-8071,"8 517,00",COD,success,2025-07-18
PAY-3671,ORD-9495,2958,alipay,success,02/17/2024
PAY-3672,ORD-9898,13925,wechat,SUCCESS,2026-03-06
PAY-3673,ORD-5658,16253,card,success,12/16/2026
PAY-3674,ORD-8119,2 440,wechat,pending,2026-05-03
PAY-3675,ORD-12393,"$11,789.00",COD,success,2025-04-08
PAY-3676,ORD-13244,17623,card,failed,03/14/2025
PAY-3677,ORD-2151,"$18,981.00",alipay,SUCCESS,2025-10-24
PAY-3678,ORD-14595,"$2,339.00",COD,pending,2024-03-27
PAY-3679,ORD-13577,1631,wechat,failed,06/19/2025
PAY-3680,ORD-9805,8 651,COD,SUCCESS,2025-04-06
PAY-3681,ORD-2482,"$14,759.00",card,success,2024-10-21
PAY-3682,ORD-13746,"18 846,00",COD,success,06/11/2025
PAY-3683,ORD-2881,11406,wechat,SUCCESS,08/18/2024
PAY-3684,ORD-10849,1415,wechat,success,15-11-2026
PAY-3685,ORD-937,11279,COD,pending,02-08-2024
PAY-3686,ORD-14331,15197,COD,pending,15-06-2025
PAY-3687,ORD-1568,"$1,678.00",wechat,SUCCESS,25-10-2025
PAY-3688,ORD-12260,15513,card,SUCCESS,25-01-2025
PAY-3689,ORD-703,"$16,184.00",wechat,success,2024-10-18
PAY-3690,ORD-3741,3761,COD,pending,08-04-2024
PAY-3691,ORD-3285,"$10,830.00",card,success,22-10-2025
PAY-3692,ORD-7490,4404,COD,success,2026-02-02
PAY-3693,ORD-1850,12 258,wechat,SUCCESS,2026-04-22
PAY-3694,ORD-2576,"$11,418.00",wechat,SUCCESS,21-10-2026
PAY-3695,ORD-11058,"2 468,00",wechat,pending,01/13/2026
PAY-3696,ORD-1354,"$4,749.00",wechat,pending,2025-09-16
PAY-3697,ORD-11137,"14 279,00",COD,SUCCESS,05/05/2026
PAY-3698,ORD-14314,4454,card,SUCCESS,2025-08-13
PAY-3699,ORD-3514,5937,wechat,SUCCESS,12/06/2025
PAY-3700,ORD-14489,"$1,591.00",COD,pending,08/15/2025
PAY-3701,ORD-7055,2 580,wechat,pending,2024-05-10
PAY-3702,ORD-5464,15269,COD,pending,08/28/2024
PAY-3703,ORD-6702,"$8,259.00",alipay,SUCCESS,2025-09-26
PAY-3704,ORD-12739,10340,card,SUCCESS,2024-08-07
PAY-3705,ORD-3583,9228,alipay,success,01/03/2025
PAY-3706,ORD-3547,"$3,305.00",card,success,04-06-2024
PAY-3707,ORD-9480,"$4,998.00",card,pending,03/05/2026
PAY-3708,ORD-2326,"17 167,00",alipay,success,2024-12-04
PAY-3709,ORD-13280,"7 269,00",wechat,success,2024-01-15
PAY-3710,ORD-11011,6797,card,pending,27-05-2025
PAY-3711,ORD-11592,8008,wechat,pending,2024-09-19
PAY-3712,ORD-9307,14072,COD,SUCCESS,26-10-2026
PAY-3713,ORD-14599,3084,alipay,success,2026-03-08
PAY-3714,ORD-5198,6946,COD,SUCCESS,2024-09-22
PAY-3715,ORD-5683,18 935,wechat,success,19-03-2024
PAY-3716,ORD-3032,"$14,053.00",card,success,14-06-2024
PAY-3717,ORD-10018,19571,wechat,success,08-09-2024
PAY-3718,ORD-13347,10816,wechat,success,11/20/2024
PAY-3719,ORD-4689,10575,wechat,SUCCESS,2025-11-18
PAY-3720,ORD-14690,"$8,102.00",alipay,pending,01-04-2024
PAY-3721,ORD-6193,15048,card,SUCCESS,10-08-2025
PAY-3722,ORD-2923,4420,card,success,2024-04-13
PAY-3723,ORD-4272,18 553,alipay,SUCCESS,10-12-2026
PAY-3724,ORD-1695,"1 122,00",COD,success,2024-01-12
PAY-3725,ORD-9651,5 967,alipay,success,01/09/2026
PAY-3726,ORD-2038,11462,alipay,pending,2024-04-27
PAY-3727,ORD-10360,14830,alipay,pending,05/20/2025
PAY-3728,ORD-6606,15 383,wechat,success,07/13/2026
PAY-3729,ORD-5006,"6 197,00",card,pending,2024-06-13
PAY-3730,ORD-4525,"$2,694.00",alipay,success,07-11-2025
PAY-3731,ORD-13445,"$13,342.00",card,pending,06/01/2026
PAY-3732,ORD-10817,"14 959,00",COD,SUCCESS,2024-07-25
PAY-3733,ORD-8425,4104,COD,SUCCESS,02-12-2026
PAY-3734,ORD-7485,"$19,732.00",alipay,success,2026-11-22
PAY-3735,ORD-1242,18605,COD,SUCCESS,02-09-2025
PAY-3736,ORD-1847,"3 616,00",COD,success,2026-08-11
PAY-3737,ORD-8464,$258.00,card,pending,2024-10-25
PAY-3738,ORD-8702,10893,card,success,2026-12-18
PAY-3739,ORD-747,6 272,card,pending,2025-03-16
PAY-3740,ORD-4487,3841,wechat,success,03/11/2025
PAY-3741,ORD-11938,12071,wechat,success,2024-04-15
PAY-3742,ORD-2362,18398,card,SUCCESS,2024-01-25
PAY-3743,ORD-10835,"$11,979.00",card,success,15-02-2024
PAY-3744,ORD-13234,3927,COD,SUCCESS,03/10/2024
PAY-3745,ORD-11092,18957,card,pending,09/13/2024
PAY-3746,ORD-1646,"13 200,00",card,SUCCESS,12/10/2025
PAY-3747,ORD-8165,"$16,376.00",wechat,SUCCESS,18-04-2024
PAY-3748,ORD-6622,13219,COD,pending,12/21/2026
PAY-3749,ORD-3824,19106,alipay,success,21-03-2024
PAY-3750,ORD-1043,8206,wechat,pending,2024-03-09
PAY-3751,ORD-5610,"$9,608.00",alipay,SUCCESS,02/12/2024
PAY-3752,ORD-8122,"$18,280.00",alipay,SUCCESS,12/20/2024
PAY-3753,ORD-4424,"$5,745.00",card,SUCCESS,03/13/2025
PAY-3754,ORD-6676,447,COD,success,01/15/2026
PAY-3755,ORD-11838,"$5,136.00",alipay,success,2024-06-16
PAY-3756,ORD-559,"$3,367.00",card,SUCCESS,06-06-2026
PAY-3757,ORD-1500,1922,card,pending,07/03/2026
PAY-3758,ORD-7852,10002,alipay,success,2025-01-16
PAY-3759,ORD-13382,"$11,430.00",alipay,success,2024-12-01
PAY-3760,ORD-1873,9660,alipay,success,2024-12-06
PAY-3761,ORD-9927,"$12,078.00",wechat,success,16-02-2025
PAY-3762,ORD-13796,17725,alipay,failed,05-09-2026
PAY-3763,ORD-9783,18679,COD,SUCCESS,10-12-2026
PAY-3764,ORD-2548,"$5,787.00",COD,pending,2025-06-22
PAY-3765,ORD-4676,6816,wechat,pending,2025-06-08
PAY-3766,ORD-6772,"$9,298.00",wechat,failed,2026-03-07
PAY-3767,ORD-10375,"1 287,00",wechat,success,10-08-2025
PAY-3768,ORD-10540,3098,card,pending,2026-08-15
PAY-3769,ORD-3005,"4 799,00",alipay,success,2024-01-17
PAY-3770,ORD-8995,"$6,019.00",wechat,SUCCESS,27-02-2024
PAY-3771,ORD-5850,"6 339,00",wechat,SUCCESS,01-12-2026
PAY-3772,ORD-7823,8 226,COD,success,2025-05-24
PAY-3773,ORD-5946,1100,wechat,failed,2025-02-05
PAY-3774,ORD-8146,"$2,880.00",COD,SUCCESS,2026-09-25
PAY-3775,ORD-926,"$5,429.00",wechat,pending,2024-03-15
PAY-3776,ORD-9282,"$7,968.00",wechat,success,2025-08-13
PAY-3777,ORD-4195,8655,card,SUCCESS,2025-07-01
PAY-3778,ORD-4087,10775,COD,pending,04/25/2024
PAY-3779,ORD-283,"2 254,00",card,SUCCESS,08/27/2025
PAY-3780,ORD-5901,4851,card,success,05/08/2024
PAY-3781,ORD-10374,"8 102,00",COD,SUCCESS,2026-11-02
PAY-3782,ORD-4640,11415,card,success,01/20/2024
PAY-3783,ORD-6202,"8 748,00",card,pending,23-11-2024
PAY-3784,ORD-8466,15295,COD,SUCCESS,2026-03-20
PAY-3785,ORD-14309,10379,COD,SUCCESS,25-02-2024
PAY-3786,ORD-6758,12664,alipay,failed,23-06-2024
PAY-3787,ORD-10904,19867,alipay,SUCCESS,22-07-2024
PAY-3788,ORD-14753,5541,alipay,pending,15-05-2026
PAY-3789,ORD-6343,15 267,wechat,success,2024-06-14
PAY-3790,ORD-14640,1090,alipay,success,2025-09-05
PAY-3791,ORD-3914,873,card,pending,2026-09-08
PAY-3792,ORD-5769,"$12,551.00",alipay,SUCCESS,03/21/2025
PAY-3793,ORD-14783,$764.00,COD,success,2025-08-10
PAY-3794,ORD-1810,3956,COD,pending,09/07/2024
PAY-3795,ORD-14271,"$3,395.00",card,SUCCESS,13-10-2024
PAY-3796,ORD-5239,"$15,173.00",card,failed,14-01-2024
PAY-3797,ORD-12131,8822,wechat,success,2026-08-01
PAY-3798,ORD-427,2488,COD,success,20-12-2024
PAY-3799,ORD-8710,"8 343,00",card,success,2026-12-22
PAY-3800,ORD-175,15873,COD,pending,12/26/2025
PAY-3801,ORD-12652,"$8,077.00",wechat,success,2024-10-24
PAY-3802,ORD-4907,1 339,COD,SUCCESS,01/15/2026
PAY-3803,ORD-8132,"$2,455.00",COD,failed,2026-04-05
PAY-3804,ORD-7929,"$10,132.00",alipay,SUCCESS,13-11-2025
PAY-3805,ORD-4825,12 305,alipay,pending,26-07-2025
PAY-3806,ORD-13535,3645,alipay,pending,2026-02-08
PAY-3807,ORD-12118,$647.00,wechat,pending,2024-05-03
PAY-3808,ORD-2197,"$10,016.00",COD,pending,01/04/2024
PAY-3809,ORD-5205,9 241,COD,SUCCESS,06/07/2024
PAY-3810,ORD-11784,15138,alipay,failed,01/16/2025
PAY-3811,ORD-13629,11755,alipay,SUCCESS,2025-03-22
PAY-3812,ORD-14663,"$5,523.00",alipay,pending,2024-01-24
PAY-3813,ORD-10413,"$7,785.00",alipay,SUCCESS,22-01-2024
PAY-3814,ORD-573,16697,alipay,pending,2026-04-17
PAY-3815,ORD-8313,"7 559,00",wechat,success,12/25/2026
PAY-3816,ORD-1017,"3 674,00",alipay,success,02/23/2026
PAY-3817,ORD-3579,"$14,729.00",COD,SUCCESS,12/21/2026
PAY-3818,ORD-9288,"$8,763.00",card,pending,2025-02-05
PAY-3819,ORD-6554,"$10,835.00",card,pending,02/17/2024
PAY-3820,ORD-12412,6592,alipay,pending,2024-05-22
PAY-3821,ORD-4221,15003,alipay,pending,2025-01-16
PAY-3822,ORD-3573,5045,alipay,SUCCESS,05-12-2025
PAY-3823,ORD-8914,"$5,281.00",alipay,success,2025-08-14
PAY-3824,ORD-7877,3 514,wechat,SUCCESS,10/05/2026
PAY-3825,ORD-6083,7 730,COD,success,2025-03-04
PAY-3826,ORD-745,"$17,448.00",card,SUCCESS,22-10-2024
PAY-3827,ORD-2263,"$5,553.00",alipay,success,2024-12-28
PAY-3828,ORD-14641,4358,card,success,09/01/2024
PAY-3829,ORD-11935,"$17,441.00",wechat,pending,16-07-2026
PAY-3830,ORD-14526,"$16,234.00",alipay,success,06/10/2026
PAY-3831,ORD-14675,"$8,006.00",card,success,13-02-2024
PAY-3832,ORD-13556,"$10,252.00",alipay,pending,2025-04-11
PAY-3833,ORD-10999,19136,card,SUCCESS,2024-06-28
PAY-3834,ORD-9076,11978,card,success,2026-07-28
PAY-3835,ORD-1785,"$12,668.00",alipay,pending,2024-11-11
PAY-3836,ORD-2518,18498,COD,SUCCESS,02/18/2026
PAY-3837,ORD-9849,14661,card,SUCCESS,2026-07-05
PAY-3838,ORD-364,"$3,011.00",card,success,2026-07-21
PAY-3839,ORD-11256,"15 307,00",COD,SUCCESS,18-03-2024
PAY-3840,ORD-6851,3433,alipay,SUCCESS,05/17/2025
PAY-3841,ORD-11063,18336,card,success,06/05/2026
PAY-3842,ORD-13575,"$14,548.00",alipay,success,2026-12-18
PAY-3843,ORD-8409,12 181,wechat,pending,2026-12-21
PAY-3844,ORD-1733,1 093,alipay,success,2026-08-19
PAY-3845,ORD-12436,14776,COD,SUCCESS,2025-08-18
PAY-3846,ORD-2496,12893,COD,SUCCESS,2026-01-22
PAY-3847,ORD-6242,"$5,501.00",COD,pending,04/05/2026
PAY-3848,ORD-2776,18742,card,pending,05-11-2025
PAY-3849,ORD-316,1983,card,success,09/01/2024
PAY-3850,ORD-13958,"$6,638.00",wechat,success,12/19/2024
PAY-3851,ORD-293,15021,COD,SUCCESS,22-02-2026
PAY-3852,ORD-901,"$17,813.00",wechat,success,2024-07-17
PAY-3853,ORD-142,289,COD,pending,2026-10-01
PAY-3854,ORD-12554,169,wechat,pending,17-05-2025
PAY-3855,ORD-3469,"$2,225.00",alipay,success,2024-12-04
PAY-3856,ORD-833,"$11,168.00",wechat,SUCCESS,2026-05-26
PAY-3857,ORD-8362,"$18,550.00",alipay,success,2024-09-28
PAY-3858,ORD-9866,2967,alipay,SUCCESS,2025-02-07
PAY-3859,ORD-9811,14978,card,success,12/10/2025
PAY-3860,ORD-4583,10285,alipay,pending,2026-12-06
PAY-3861,ORD-13165,4514,wechat,success,10/26/2026
PAY-3862,ORD-11732,"$5,322.00",card,success,05/17/2024
PAY-3863,ORD-7839,7378,wechat,SUCCESS,2025-02-01
PAY-3864,ORD-9731,7945,alipay,success,08/01/2025
PAY-3865,ORD-5785,1292,alipay,pending,2025-02-06
PAY-3866,ORD-6831,2534,wechat,success,2024-04-10
PAY-3867,ORD-8044,1725,card,pending,2024-09-18
PAY-3868,ORD-7426,5256,card,failed,25-05-2026
PAY-3869,ORD-10208,16317,card,success,03/18/2025
PAY-3870,ORD-8057,7326,card,pending,12/26/2024
PAY-3871,ORD-6613,12913,wechat,SUCCESS,05/03/2026
PAY-3872,ORD-5193,"11 831,00",card,success,2024-07-08
PAY-3873,ORD-8622,"$5,429.00",wechat,pending,06/02/2026
PAY-3874,ORD-10125,19948,alipay,pending,10/27/2026
PAY-3875,ORD-13333,"$19,662.00",wechat,success,07/02/2026
PAY-3876,ORD-7127,"$9,191.00",alipay,failed,2024-02-09
PAY-3877,ORD-317,"17 457,00",card,pending,12/12/2026
PAY-3878,ORD-4695,"$14,847.00",card,success,2025-12-07
PAY-3879,ORD-2435,"5 107,00",wechat,pending,2025-11-14
PAY-3880,ORD-1313,"$7,322.00",alipay,success,02/15/2025
PAY-3881,ORD-2045,12865,wechat,SUCCESS,21-07-2024
PAY-3882,ORD-6493,"$3,076.00",COD,success,2026-05-19
PAY-3883,ORD-4946,"$5,703.00",wechat,SUCCESS,18-08-2025
PAY-3884,ORD-12048,9232,alipay,pending,2026-07-10
PAY-3885,ORD-1332,"6 973,00",wechat,success,18-11-2025
PAY-3886,ORD-8377,"$1,367.00",card,failed,2024-10-01
PAY-3887,ORD-14239,"6 232,00",alipay,success,2026-06-19
PAY-3888,ORD-6749,4297,COD,success,2025-09-11
PAY-3889,ORD-9894,4 698,card,SUCCESS,02-04-2025
PAY-3890,ORD-5504,8173,COD,SUCCESS,2026-02-14
PAY-3891,ORD-13459,11055,wechat,success,2026-07-04
PAY-3892,ORD-200,16979,wechat,success,24-09-2026
PAY-3893,ORD-14621,"$12,759.00",COD,pending,05/13/2026
PAY-3894,ORD-11142,10076,alipay,pending,2025-12-11
PAY-3895,ORD-12702,"$11,791.00",alipay,success,2025-01-26
PAY-3896,ORD-10413,"$13,935.00",wechat,SUCCESS,03/07/2024
PAY-3897,ORD-1778,14143,COD,pending,2025-02-12
PAY-3898,ORD-1993,5485,COD,success,05/19/2024
PAY-3899,ORD-25,5439,wechat,pending,2026-12-20
PAY-3900,ORD-2895,"$15,749.00",wechat,SUCCESS,04-02-2024
PAY-3901,ORD-4260,"8 473,00",wechat,pending,09/01/2026
PAY-3902,ORD-7059,17339,card,success,2024-11-21
PAY-3903,ORD-2411,4434,alipay,SUCCESS,2024-02-14
PAY-3904,ORD-8499,5101,COD,SUCCESS,2026-07-20
PAY-3905,ORD-12567,"$12,938.00",COD,success,11/09/2026
PAY-3906,ORD-9067,7330,alipay,success,09/24/2026
PAY-3907,ORD-13621,15754,wechat,failed,04-11-2024
PAY-3908,ORD-9002,7054,alipay,success,2026-11-27
PAY-3909,ORD-13482,"$2,656.00",alipay,success,23-08-2025
PAY-3910,ORD-2663,13965,alipay,SUCCESS,01/15/2025
PAY-3911,ORD-6438,13 268,card,success,01/11/2026
PAY-3912,ORD-14469,"$1,118.00",alipay,pending,2025-11-11
PAY-3913,ORD-4252,17126,COD,pending,2026-11-14
PAY-3914,ORD-8824,7575,alipay,SUCCESS,02/11/2024
PAY-3915,ORD-14985,14277,wechat,pending,07/04/2025
PAY-3916,ORD-8359,4600,wechat,success,25-01-2025
PAY-3917,ORD-10550,4330,card,SUCCESS,02/10/2025
PAY-3918,ORD-9846,"$1,337.00",card,failed,2024-06-15
PAY-3919,ORD-11720,"$13,802.00",alipay,SUCCESS,01/28/2025
PAY-3920,ORD-7770,"6 990,00",card,success,2026-01-23
PAY-3921,ORD-2644,"$13,272.00",COD,failed,2026-07-01
PAY-3922,ORD-7977,"$16,143.00",card,success,12-01-2024
PAY-3923,ORD-13218,18325,alipay,success,2026-10-14
PAY-3924,ORD-14680,2568,alipay,SUCCESS,02/17/2024
PAY-3925,ORD-9628,17113,card,SUCCESS,2024-05-07
PAY-3926,ORD-14517,"3 431,00",wechat,pending,05/05/2026
PAY-3927,ORD-2460,13206,wechat,SUCCESS,2024-08-08
PAY-3928,ORD-6723,"$6,969.00",card,SUCCESS,2026-12-02
PAY-3929,ORD-4155,18635,alipay,success,11/08/2026
PAY-3930,ORD-1031,"$10,702.00",COD,success,2026-11-23
PAY-3931,ORD-12621,18 929,card,success,2026-09-21
PAY-3932,ORD-13494,1880,alipay,failed,11/01/2025
PAY-3933,ORD-342,13 260,wechat,pending,10/10/2025
PAY-3934,ORD-6237,"$5,820.00",wechat,pending,2025-05-26
PAY-3935,ORD-12703,16 721,card,success,11/26/2025
PAY-3936,ORD-7665,"$19,277.00",wechat,pending,2024-07-01
PAY-3937,ORD-12740,"$12,733.00",wechat,SUCCESS,2025-07-20
PAY-3938,ORD-11096,19118,COD,pending,2024-11-21
PAY-3939,ORD-1291,"18 119,00",wechat,pending,2026-12-09
PAY-3940,ORD-12822,"$11,015.00",wechat,success,2025-08-10
PAY-3941,ORD-1696,13389,COD,pending,05/18/2026
PAY-3942,ORD-8478,15970,alipay,SUCCESS,2025-02-25
PAY-3943,ORD-13971,"$14,799.00",COD,success,12/18/2025
PAY-3944,ORD-6268,11 535,wechat,SUCCESS,18-11-2025
PAY-3945,ORD-8435,"$10,974.00",wechat,pending,19-07-2025
PAY-3946,ORD-1238,3579,COD,success,10/26/2024
PAY-3947,ORD-1078,10 647,COD,pending,2025-09-11
PAY-3948,ORD-12148,4571,COD,pending,12-06-2026
PAY-3949,ORD-9173,508,wechat,SUCCESS,21-03-2025
PAY-3950,ORD-6497,4531,alipay,success,2025-12-20
PAY-3951,ORD-10461,"$12,813.00",COD,pending,16-10-2024
PAY-3952,ORD-14532,14626,COD,pending,2024-12-28
PAY-3953,ORD-6829,11141,wechat,SUCCESS,02-08-2026
PAY-3954,ORD-11760,"13 535,00",alipay,SUCCESS,10/07/2024
PAY-3955,ORD-10825,10696,wechat,pending,01/09/2025
PAY-3956,ORD-8818,4712,wechat,pending,2025-04-10
PAY-3957,ORD-6338,13078,COD,success,2026-10-16
PAY-3958,ORD-13301,3253,wechat,SUCCESS,2025-07-28
PAY-3959,ORD-12498,13599,wechat,SUCCESS,2024-01-16
PAY-3960,ORD-13944,9295,COD,SUCCESS,2024-08-15
PAY-3961,ORD-4571,"$6,968.00",alipay,SUCCESS,2025-02-12
PAY-3962,ORD-3475,10231,card,pending,07/11/2025
PAY-3963,ORD-13889,"$10,341.00",wechat,pending,12/21/2025
PAY-3964,ORD-7984,18738,alipay,pending,06-02-2025
PAY-3965,ORD-12311,14046,card,pending,12/26/2025
PAY-3966,ORD-8043,15 135,card,success,03/04/2025
PAY-3967,ORD-719,"8 228,00",card,SUCCESS,2024-01-18
PAY-3968,ORD-10955,17688,wechat,SUCCESS,06-09-2024
PAY-3969,ORD-2333,11438,wechat,failed,2024-05-05
PAY-3970,ORD-13828,7621,card,success,2026-05-14
PAY-3971,ORD-10838,"3 780,00",card,failed,06/19/2024
PAY-3972,ORD-10906,"8 934,00",alipay,success,05/09/2025
PAY-3973,ORD-6248,"13 223,00",wechat,pending,07/03/2026
PAY-3974,ORD-11486,"$13,258.00",COD,failed,2024-01-15
PAY-3975,ORD-3768,"$7,120.00",wechat,SUCCESS,2025-09-05
PAY-3976,ORD-10617,"$12,468.00",COD,pending,2025-01-23
PAY-3977,ORD-2292,"6 169,00",COD,success,2024-05-13
PAY-3978,ORD-8205,8 559,wechat,success,06/18/2025
PAY-3979,ORD-1302,7021,card,pending,08/13/2025
PAY-3980,ORD-5759,"$10,764.00",COD,failed,2025-10-19
PAY-3981,ORD-2469,"$16,666.00",COD,pending,12/10/2026
PAY-3982,ORD-12600,"$14,392.00",alipay,pending,2026-09-21
PAY-3983,ORD-5249,"10 780,00",card,SUCCESS,2025-08-20
PAY-3984,ORD-5751,"$8,063.00",card,SUCCESS,02/22/2026
PAY-3985,ORD-11148,17367,COD,pending,11/17/2024
PAY-3986,ORD-2022,"$14,702.00",COD,SUCCESS,09/11/2024
PAY-3987,ORD-10051,4 580,COD,pending,2024-08-03
PAY-3988,ORD-6407,"$15,039.00",COD,SUCCESS,2025-05-22
PAY-3989,ORD-2926,4 996,alipay,pending,2026-07-11
PAY-3990,ORD-13402,6629,wechat,pending,2026-09-18
PAY-3991,ORD-8558,"7 885,00",wechat,SUCCESS,27-02-2025
PAY-3992,ORD-8397,"5 181,00",COD,success,02/09/2026
PAY-3993,ORD-4303,"$17,444.00",wechat,pending,2026-12-22
PAY-3994,ORD-5093,"$16,197.00",card,SUCCESS,2025-05-25
PAY-3995,ORD-11779,6 229,card,SUCCESS,02/22/2026
PAY-3996,ORD-11259,19 946,wechat,pending,06-12-2026
PAY-3997,ORD-3805,"$17,435.00",card,pending,08/05/2026
PAY-3998,ORD-12555,6054,COD,success,10/13/2024
PAY-3999,ORD-6157,"$4,388.00",alipay,pending,19-06-2024
PAY-4000,ORD-8111,4800,card,pending,02-07-2026
PAY-4001,ORD-13045,11163,alipay,SUCCESS,2025-04-11
PAY-4002,ORD-3082,18108,wechat,SUCCESS,12/14/2024
PAY-4003,ORD-8755,16356,card,pending,2026-07-06
PAY-4004,ORD-7641,"$9,976.00",wechat,SUCCESS,06/24/2025
PAY-4005,ORD-6781,$418.00,card,SUCCESS,2024-06-22
PAY-4006,ORD-3461,2293,card,pending,2025-12-09
PAY-4007,ORD-684,12 648,alipay,SUCCESS,2024-01-25
PAY-4008,ORD-4891,"$15,436.00",COD,SUCCESS,2024-08-11
PAY-4009,ORD-6954,"$5,272.00",card,success,2024-06-26
PAY-4010,ORD-5386,4 608,COD,SUCCESS,03/24/2025
PAY-4011,ORD-2866,4939,COD,success,2025-01-15
PAY-4012,ORD-4178,"8 268,00",card,pending,12/22/2024
PAY-4013,ORD-7589,"$1,404.00",wechat,SUCCESS,2024-02-21
PAY-4014,ORD-10118,16213,COD,pending,2025-06-02
PAY-4015,ORD-14014,10157,card,success,12/24/2026
PAY-4016,ORD-7969,2550,wechat,pending,03/10/2026
PAY-4017,ORD-11918,11378,wechat,SUCCESS,2025-09-07
PAY-4018,ORD-12001,8050,COD,SUCCESS,01/19/2024
PAY-4019,ORD-14162,"$6,983.00",alipay,pending,08/16/2026
PAY-4020,ORD-2887,"8 473,00",wechat,success,2026-07-01
PAY-4021,ORD-8452,11756,COD,failed,2024-07-18
PAY-4022,ORD-12164,11956,COD,SUCCESS,08/14/2025
PAY-4023,ORD-2402,"$9,903.00",wechat,failed,2024-03-12
PAY-4024,ORD-4447,388,COD,pending,09/01/2026
PAY-4025,ORD-12566,17596,COD,SUCCESS,05-05-2026
PAY-4026,ORD-10252,18 210,alipay,SUCCESS,06/06/2024
PAY-4027,ORD-51,8318,wechat,success,04/13/2024
PAY-4028,ORD-4491,16069,wechat,pending,06-01-2026
PAY-4029,ORD-14102,"$9,618.00",COD,SUCCESS,2025-05-27
PAY-4030,ORD-14442,"673,00",card,success,2024-09-23
PAY-4031,ORD-2038,4671,COD,pending,2024-04-15
PAY-4032,ORD-409,12326,card,pending,2025-07-02
PAY-4033,ORD-3158,"$7,785.00",wechat,pending,2024-09-19
PAY-4034,ORD-11335,17348,COD,SUCCESS,2026-03-08
PAY-4035,ORD-6786,3779,COD,failed,02/03/2025
PAY-4036,ORD-8934,6160,wechat,pending,07/19/2024
PAY-4037,ORD-4954,11291,alipay,SUCCESS,20-03-2024
PAY-4038,ORD-4145,18 387,card,success,05-11-2024
PAY-4039,ORD-4631,"$3,658.00",alipay,pending,2024-06-11
PAY-4040,ORD-6517,15 755,COD,pending,01/01/2025
PAY-4041,ORD-4563,1205,COD,pending,11/11/2024
PAY-4042,ORD-4625,"$9,240.00",alipay,success,03/10/2026
PAY-4043,ORD-13247,"$5,530.00",COD,success,2025-06-07
PAY-4044,ORD-10158,10502,wechat,pending,12/06/2024
PAY-4045,ORD-9049,"$11,201.00",alipay,pending,2024-08-20
PAY-4046,ORD-5902,2085,COD,pending,08/02/2026
PAY-4047,ORD-12584,"7 647,00",alipay,pending,04/05/2025
PAY-4048,ORD-2324,14911,wechat,pending,2026-07-05
PAY-4049,ORD-1905,11 987,alipay,success,2025-01-21
PAY-4050,ORD-2206,"$15,982.00",wechat,SUCCESS,2024-07-21
PAY-4051,ORD-5774,9 235,COD,success,05/11/2026
PAY-4052,ORD-2439,9 645,wechat,failed,10-05-2024
PAY-4053,ORD-586,17399,COD,SUCCESS,2025-05-04
PAY-4054,ORD-9439,"19 066,00",card,SUCCESS,2026-12-21
PAY-4055,ORD-8915,13840,card,pending,2026-04-10
PAY-4056,ORD-4451,13 832,card,success,07/17/2026
PAY-4057,ORD-6751,"$7,334.00",card,success,2024-09-19
PAY-4058,ORD-13098,14983,card,pending,20-06-2024
PAY-4059,ORD-6398,6258,wechat,SUCCESS,2025-08-21
PAY-4060,ORD-2519,"$18,472.00",alipay,success,07/14/2024
PAY-4061,ORD-11262,$655.00,wechat,success,2025-03-27
PAY-4062,ORD-13014,8228,wechat,SUCCESS,24-08-2025
PAY-4063,ORD-3877,"$9,769.00",wechat,pending,01/06/2026
PAY-4064,ORD-1671,5508,card,SUCCESS,11/28/2024
PAY-4065,ORD-2920,13361,wechat,success,2026-02-04
PAY-4066,ORD-5283,"$11,238.00",alipay,pending,2024-06-15
PAY-4067,ORD-3772,10364,card,success,05/25/2026
PAY-4068,ORD-492,2230,wechat,success,2024-09-11
PAY-4069,ORD-4335,13713,alipay,pending,2025-04-26
PAY-4070,ORD-7970,5866,COD,SUCCESS,2024-07-15
PAY-4071,ORD-13987,12898,COD,SUCCESS,01-12-2025
PAY-4072,ORD-1428,"$6,632.00",COD,success,2024-03-28
PAY-4073,ORD-5488,7049,alipay,pending,2024-02-04
PAY-4074,ORD-12261,"$9,029.00",wechat,pending,05/02/2024
PAY-4075,ORD-4349,"1 231,00",card,pending,10/11/2024
PAY-4076,ORD-3330,"14 469,00",COD,SUCCESS,04/24/2025
PAY-4077,ORD-6420,"3 146,00",card,success,2026-08-22
PAY-4078,ORD-12735,16854,COD,failed,18-01-2024
PAY-4079,ORD-2794,"$11,760.00",COD,SUCCESS,2024-09-10
PAY-4080,ORD-12073,"19 369,00",card,SUCCESS,2024-10-18
PAY-4081,ORD-14771,17738,alipay,success,23-03-2026
PAY-4082,ORD-8537,"$19,363.00",alipay,pending,2025-06-27
PAY-4083,ORD-11888,10654,wechat,success,14-02-2026
PAY-4084,ORD-9235,$103.00,card,pending,20-05-2026
PAY-4085,ORD-12757,"$15,282.00",alipay,SUCCESS,2025-02-07
PAY-4086,ORD-112,5377,card,SUCCESS,2024-02-01
PAY-4087,ORD-11850,282,wechat,success,01-01-2026
PAY-4088,ORD-9617,4395,wechat,pending,09-04-2025
PAY-4089,ORD-770,1774,wechat,SUCCESS,2024-08-11
PAY-4090,ORD-725,"$2,242.00",COD,SUCCESS,05-02-2026
PAY-4091,ORD-13365,"$10,932.00",COD,SUCCESS,10-04-2024
PAY-4092,ORD-6218,8239,card,pending,04/14/2024
PAY-4093,ORD-14706,"$18,910.00",alipay,success,2025-07-11
PAY-4094,ORD-975,15508,wechat,pending,02/09/2025
PAY-4095,ORD-9987,11557,card,SUCCESS,26-04-2024
PAY-4096,ORD-834,"$7,968.00",alipay,failed,2025-12-24
PAY-4097,ORD-11299,11654,wechat,success,12-06-2024
PAY-4098,ORD-8105,17984,wechat,SUCCESS,2025-07-09
PAY-4099,ORD-11172,"$15,224.00",COD,success,2024-11-10
PAY-4100,ORD-14097,5 809,card,SUCCESS,2026-03-11
PAY-4101,ORD-14494,"$5,996.00",card,SUCCESS,04/08/2025
PAY-4102,ORD-697,"$12,965.00",card,success,2024-06-05
PAY-4103,ORD-6484,3854,COD,pending,28-05-2025
PAY-4104,ORD-5431,"$6,872.00",alipay,SUCCESS,27-07-2026
PAY-4105,ORD-14343,19613,card,success,05/18/2026
PAY-4106,ORD-13104,"$12,490.00",wechat,SUCCESS,2025-02-20
PAY-4107,ORD-9373,11277,wechat,pending,2024-10-09
PAY-4108,ORD-6526,"13 570,00",alipay,SUCCESS,2024-07-12
PAY-4109,ORD-10403,"$19,262.00",card,success,25-01-2026
PAY-4110,ORD-3826,288,card,SUCCESS,2026-09-26
PAY-4111,ORD-3790,3652,alipay,SUCCESS,11/14/2025
PAY-4112,ORD-11185,"$3,203.00",wechat,SUCCESS,2024-02-14
PAY-4113,ORD-11496,10310,wechat,SUCCESS,2024-07-14
PAY-4114,ORD-9482,15371,card,pending,12/07/2026
PAY-4115,ORD-968,"$7,345.00",alipay,pending,10-09-2025
PAY-4116,ORD-13811,"$16,190.00",wechat,pending,2025-08-26
PAY-4117,ORD-6527,19645,wechat,pending,02/15/2024
PAY-4118,ORD-1672,"3 451,00",card,SUCCESS,2025-05-25
PAY-4119,ORD-12994,239,alipay,SUCCESS,10/23/2024
PAY-4120,ORD-5342,$80.00,wechat,SUCCESS,2025-02-01
PAY-4121,ORD-7747,10512,wechat,pending,2026-11-22
PAY-4122,ORD-13637,"$3,922.00",card,success,2026-03-21
PAY-4123,ORD-9454,"$15,364.00",alipay,pending,2026-04-26
PAY-4124,ORD-3745,18357,COD,pending,02/22/2025
PAY-4125,ORD-13549,18003,wechat,pending,27-02-2024
PAY-4126,ORD-7733,12750,alipay,SUCCESS,2025-01-12
PAY-4127,ORD-12255,"$3,692.00",wechat,success,08/08/2024
PAY-4128,ORD-376,5149,COD,SUCCESS,2026-09-14
PAY-4129,ORD-11004,5374,card,success,2024-03-09
PAY-4130,ORD-333,4 211,card,SUCCESS,2026-05-08
PAY-4131,ORD-5262,$383.00,wechat,pending,2025-08-27
PAY-4132,ORD-13037,1403,COD,success,2024-09-16
PAY-4133,ORD-14966,527,wechat,pending,02-07-2026
PAY-4134,ORD-10086,"$16,047.00",card,pending,05/20/2026
PAY-4135,ORD-11045,4723,wechat,pending,24-02-2025
PAY-4136,ORD-3742,1252,COD,pending,07-12-2024
PAY-4137,ORD-10095,3170,card,success,2026-09-20
PAY-4138,ORD-3203,9863,wechat,success,2025-02-23
PAY-4139,ORD-10560,18070,alipay,SUCCESS,2025-06-01
PAY-4140,ORD-6773,"$15,875.00",alipay,SUCCESS,06-04-2025
PAY-4141,ORD-10982,"$15,190.00",alipay,pending,2024-02-11
PAY-4142,ORD-10130,18 016,COD,success,2024-06-12
PAY-4143,ORD-2925,6073,alipay,success,06/03/2025
PAY-4144,ORD-7295,"15 870,00",alipay,success,2026-08-11
PAY-4145,ORD-2882,7194,card,failed,02/24/2025
PAY-4146,ORD-11836,8829,card,success,08/11/2025
PAY-4147,ORD-5434,14584,card,success,09/04/2024
PAY-4148,ORD-3650,5483,alipay,pending,2024-11-08
PAY-4149,ORD-1041,2571,wechat,success,2026-06-02
PAY-4150,ORD-12483,15519,COD,success,2024-02-07
PAY-4151,ORD-3163,19 796,COD,pending,2025-07-19
PAY-4152,ORD-2342,2263,COD,success,2026-01-24
PAY-4153,ORD-4452,19496,wechat,pending,2026-03-03
PAY-4154,ORD-2400,13 201,alipay,SUCCESS,2024-11-03
PAY-4155,ORD-14815,"$9,898.00",card,SUCCESS,22-10-2025
PAY-4156,ORD-1235,17122,wechat,SUCCESS,2025-02-09
PAY-4157,ORD-12532,4873,COD,success,2026-02-24
PAY-4158,ORD-7427,8 169,card,pending,2024-07-08
PAY-4159,ORD-10036,5 846,alipay,success,05/14/2024
PAY-4160,ORD-9630,12 810,alipay,success,2025-12-17
PAY-4161,ORD-4247,3545,wechat,pending,03/03/2026
PAY-4162,ORD-11197,"17 327,00",alipay,SUCCESS,22-02-2025
PAY-4163,ORD-6364,5664,COD,success,12-05-2026
PAY-4164,ORD-7326,"$7,575.00",alipay,success,2025-03-12
PAY-4165,ORD-8860,11076,card,pending,07/05/2025
PAY-4166,ORD-3218,10330,COD,SUCCESS,12/10/2026
PAY-4167,ORD-3103,10 943,alipay,pending,01/05/2024
PAY-4168,ORD-12161,"4 117,00",alipay,pending,10/03/2025
PAY-4169,ORD-11494,"6 189,00",COD,pending,04/07/2026
PAY-4170,ORD-14438,16433,alipay,SUCCESS,2025-06-24
PAY-4171,ORD-3504,9050,COD,success,2025-03-14
PAY-4172,ORD-7677,1627,card,SUCCESS,2025-11-04
PAY-4173,ORD-10214,"$1,203.00",wechat,pending,2024-11-17
PAY-4174,ORD-9820,19692,wechat,success,2025-03-11
PAY-4175,ORD-12017,11227,alipay,pending,2024-04-25
PAY-4176,ORD-12737,374,wechat,success,2025-04-23
PAY-4177,ORD-4282,13912,alipay,pending,26-02-2026
PAY-4178,ORD-1184,"$17,934.00",alipay,success,22-02-2024
PAY-4179,ORD-67,"16 614,00",alipay,success,2026-09-19
PAY-4180,ORD-1454,18465,alipay,failed,07/16/2026
PAY-4181,ORD-7176,166,COD,pending,2026-10-20
PAY-4182,ORD-6699,"$5,245.00",card,pending,11/19/2025
PAY-4183,ORD-1154,7179,COD,failed,2026-12-26
PAY-4184,ORD-10819,151,wechat,SUCCESS,13-10-2026
PAY-4185,ORD-4180,"10 613,00",wechat,success,2024-03-06
PAY-4186,ORD-1365,8142,wechat,pending,02/22/2026
PAY-4187,ORD-512,12001,alipay,success,2025-08-26
PAY-4188,ORD-12510,14189,COD,success,02/08/2024
PAY-4189,ORD-9774,2803,wechat,success,28-01-2024
PAY-4190,ORD-14771,"$12,334.00",card,success,2026-11-22
PAY-4191,ORD-13950,1331,wechat,SUCCESS,2025-04-08
PAY-4192,ORD-6807,"8 969,00",COD,pending,2024-01-03
PAY-4193,ORD-5878,5182,COD,success,20-03-2026
PAY-4194,ORD-8339,"14 661,00",wechat,SUCCESS,2025-10-20
PAY-4195,ORD-5351,13 829,COD,pending,2026-08-21
PAY-4196,ORD-8713,18619,alipay,failed,2024-11-15
PAY-4197,ORD-9614,5312,wechat,success,02/10/2024
PAY-4198,ORD-6922,6 277,wechat,SUCCESS,2026-01-21
PAY-4199,ORD-2538,"2 514,00",alipay,SUCCESS,17-10-2025
PAY-4200,ORD-4532,"16 421,00",COD,success,2026-01-25
PAY-4201,ORD-3601,15831,COD,SUCCESS,2026-11-13
PAY-4202,ORD-2695,"15 590,00",card,success,2024-07-04
PAY-4203,ORD-14510,16142,COD,pending,2026-09-26
PAY-4204,ORD-3570,"$15,219.00",card,SUCCESS,12/05/2024
PAY-4205,ORD-12993,5297,card,SUCCESS,12-06-2024
PAY-4206,ORD-825,15961,wechat,pending,02/01/2024
PAY-4207,ORD-10251,18340,alipay,SUCCESS,05/21/2024
PAY-4208,ORD-11550,6965,COD,pending,2025-01-06
PAY-4209,ORD-13755,13922,alipay,pending,07/12/2026
PAY-4210,ORD-10891,202,wechat,success,2025-11-27
PAY-4211,ORD-10278,8833,COD,success,2025-05-06
PAY-4212,ORD-10426,"$5,207.00",card,success,2025-11-22
PAY-4213,ORD-9658,13825,COD,pending,12/14/2025
PAY-4214,ORD-706,6 465,card,SUCCESS,2026-04-02
PAY-4215,ORD-4258,11110,wechat,success,2026-08-06
PAY-4216,ORD-11774,"$8,191.00",alipay,SUCCESS,07-12-2026
PAY-4217,ORD-8042,7550,wechat,success,07/18/2025
PAY-4218,ORD-14862,12552,COD,SUCCESS,2026-05-18
PAY-4219,ORD-4634,"$16,361.00",COD,pending,08/26/2026
PAY-4220,ORD-6697,9 247,COD,SUCCESS,12/26/2025
PAY-4221,ORD-412,3619,COD,SUCCESS,2026-06-01
PAY-4222,ORD-5325,"$3,278.00",wechat,success,08-02-2026
PAY-4223,ORD-13737,"1 723,00",card,pending,11/24/2026
PAY-4224,ORD-13843,6 944,COD,success,2025-07-01
PAY-4225,ORD-7225,797,card,success,2024-04-22
PAY-4226,ORD-5365,17321,alipay,success,2025-02-01
PAY-4227,ORD-2018,4068,wechat,success,04/17/2026
PAY-4228,ORD-8044,14650,wechat,SUCCESS,2024-01-06
PAY-4229,ORD-1395,"$11,396.00",wechat,success,12/11/2026
PAY-4230,ORD-10997,"$18,056.00",COD,pending,04-02-2025
PAY-4231,ORD-13084,"$8,836.00",alipay,SUCCESS,2026-09-04
PAY-4232,ORD-11617,11868,wechat,failed,2026-06-28
PAY-4233,ORD-7366,16458,card,success,2025-09-26
PAY-4234,ORD-5918,"$2,847.00",COD,SUCCESS,2024-11-01
PAY-4235,ORD-11219,13281,card,SUCCESS,06-06-2026
PAY-4236,ORD-3514,8653,wechat,failed,2025-11-14
PAY-4237,ORD-13344,1658,COD,success,11/08/2024
PAY-4238,ORD-5498,"8 923,00",wechat,pending,07/12/2026
PAY-4239,ORD-12300,"11 748,00",alipay,pending,07/06/2024
PAY-4240,ORD-3117,4048,wechat,pending,2024-12-19
PAY-4241,ORD-14242,4303,COD,pending,28-09-2026
PAY-4242,ORD-3670,2488,card,success,2026-04-20
PAY-4243,ORD-3687,"11 530,00",card,pending,2025-03-15
PAY-4244,ORD-1953,"$16,306.00",wechat,success,04-08-2024
PAY-4245,ORD-3719,"$15,204.00",alipay,SUCCESS,2025-10-08
PAY-4246,ORD-2488,8159,card,pending,17-08-2025
PAY-4247,ORD-13817,"$4,317.00",alipay,SUCCESS,02/22/2025
PAY-4248,ORD-4607,"$7,172.00",alipay,SUCCESS,2026-05-04
PAY-4249,ORD-278,3733,card,success,2025-07-13
PAY-4250,ORD-4271,6795,COD,success,2026-02-22
PAY-4251,ORD-2419,"$8,407.00",card,pending,2025-01-12
PAY-4252,ORD-8430,2273,card,success,2026-01-20
PAY-4253,ORD-691,"$9,746.00",alipay,success,10-11-2026
PAY-4254,ORD-10922,"$1,458.00",alipay,pending,01/17/2025
PAY-4255,ORD-8772,3377,wechat,pending,2024-09-10
PAY-4256,ORD-14377,10816,COD,SUCCESS,2024-09-22
PAY-4257,ORD-7153,"18 540,00",card,failed,2024-02-20
PAY-4258,ORD-22,11846,card,pending,2025-05-28
PAY-4259,ORD-14474,"$2,453.00",alipay,success,2026-09-09
PAY-4260,ORD-3683,13098,alipay,pending,02/22/2026
PAY-4261,ORD-10658,7425,alipay,success,08/15/2025
PAY-4262,ORD-12403,12546,card,SUCCESS,28-03-2025
PAY-4263,ORD-12659,5583,card,success,2026-04-03
PAY-4264,ORD-245,14 048,card,pending,2026-08-23
PAY-4265,ORD-134,"$9,669.00",wechat,success,12/13/2026
PAY-4266,ORD-4732,9925,card,SUCCESS,2025-03-01
PAY-4267,ORD-14084,18854,alipay,success,2024-04-21
PAY-4268,ORD-1450,242,card,SUCCESS,2025-12-28
PAY-4269,ORD-622,15186,COD,success,04/05/2026
PAY-4270,ORD-677,16700,wechat,success,2024-05-23
PAY-4271,ORD-9933,"$6,563.00",card,SUCCESS,2026-06-21
PAY-4272,ORD-4384,16170,card,success,10/08/2025
PAY-4273,ORD-13761,"$19,887.00",card,success,01/11/2025
PAY-4274,ORD-2904,5738,alipay,failed,2026-03-17
PAY-4275,ORD-14574,"17 763,00",card,success,2025-04-09
PAY-4276,ORD-9950,"$10,974.00",alipay,SUCCESS,2024-12-05
PAY-4277,ORD-9300,10281,card,success,2026-09-05
PAY-4278,ORD-2532,7060,alipay,success,2026-09-22
PAY-4279,ORD-8932,9220,COD,success,13-08-2025
PAY-4280,ORD-11369,"$5,668.00",wechat,success,06/16/2024
PAY-4281,ORD-11502,8312,COD,SUCCESS,2026-01-19
PAY-4282,ORD-4433,"$13,314.00",COD,SUCCESS,07/22/2024
PAY-4283,ORD-4485,7701,COD,pending,05/27/2026
PAY-4284,ORD-5444,1959,alipay,pending,04-11-2024
PAY-4285,ORD-1620,"$1,593.00",alipay,success,2025-06-11
PAY-4286,ORD-4967,19 921,alipay,success,2024-08-21
PAY-4287,ORD-14238,14469,wechat,SUCCESS,08-09-2025
PAY-4288,ORD-5251,"$10,936.00",card,success,07-10-2025
PAY-4289,ORD-14726,13168,card,pending,2025-04-03
PAY-4290,ORD-13340,4758,COD,pending,05/21/2026
PAY-4291,ORD-14549,18309,wechat,success,12/08/2025
PAY-4292,ORD-8704,6480,card,failed,2025-09-25
PAY-4293,ORD-11761,"$1,421.00",wechat,pending,2026-08-10
PAY-4294,ORD-4656,"$3,943.00",alipay,pending,2026-11-04
PAY-4295,ORD-8275,"$4,961.00",COD,SUCCESS,2025-07-14
PAY-4296,ORD-14449,"$9,347.00",card,success,2025-09-09
PAY-4297,ORD-6983,$383.00,card,success,2026-09-01
PAY-4298,ORD-7834,"16 743,00",alipay,SUCCESS,07/06/2026
PAY-4299,ORD-3052,14087,COD,success,2024-11-18
PAY-4300,ORD-10978,"$15,161.00",alipay,pending,2025-10-09
PAY-4301,ORD-6814,795,card,pending,2026-09-17
PAY-4302,ORD-4445,"$10,947.00",wechat,success,2024-06-14
PAY-4303,ORD-2987,14795,card,pending,2024-02-16
PAY-4304,ORD-2448,8249,COD,SUCCESS,01/16/2026
PAY-4305,ORD-9821,4 248,wechat,success,2026-02-15
PAY-4306,ORD-10529,"11 827,00",wechat,success,07/05/2026
PAY-4307,ORD-810,17 279,card,success,09/03/2026
PAY-4308,ORD-14886,19063,card,success,2024-05-08
PAY-4309,ORD-13223,18561,COD,failed,2026-11-18
PAY-4310,ORD-6385,10515,wechat,pending,2024-12-10
PAY-4311,ORD-2289,"5 242,00",alipay,pending,11/25/2026
PAY-4312,ORD-7421,7237,alipay,SUCCESS,26-10-2025
PAY-4313,ORD-10367,9946,card,success,2024-04-23
PAY-4314,ORD-41,"10 964,00",card,success,2024-03-16
PAY-4315,ORD-7448,"$14,755.00",alipay,success,2024-08-25
PAY-4316,ORD-8958,"$6,113.00",card,pending,2024-11-23
PAY-4317,ORD-6523,14142,card,pending,01/08/2026
PAY-4318,ORD-2071,"$17,986.00",COD,SUCCESS,2024-11-08
PAY-4319,ORD-13355,6209,wechat,success,2026-06-05
PAY-4320,ORD-7414,6251,wechat,success,06/01/2024
PAY-4321,ORD-4674,"$17,593.00",card,success,2025-03-08
PAY-4322,ORD-1015,15 973,card,SUCCESS,2024-05-18
PAY-4323,ORD-6244,11 509,wechat,pending,01-02-2026
PAY-4324,ORD-7917,$144.00,COD,pending,2026-05-11
PAY-4325,ORD-578,736,alipay,pending,26-09-2024
PAY-4326,ORD-5249,"$12,017.00",alipay,SUCCESS,2025-08-16
PAY-4327,ORD-11856,492,wechat,success,05/17/2024
PAY-4328,ORD-7058,"$11,793.00",wechat,success,08/26/2025
PAY-4329,ORD-993,"$14,469.00",wechat,SUCCESS,06/05/2025
PAY-4330,ORD-8751,"$3,499.00",wechat,failed,02/11/2026
PAY-4331,ORD-14457,"$4,931.00",card,pending,2026-02-28
PAY-4332,ORD-10946,12 598,COD,pending,2025-03-17
PAY-4333,ORD-6075,"13 646,00",alipay,SUCCESS,06/24/2025
PAY-4334,ORD-3164,7891,COD,pending,2024-08-04
PAY-4335,ORD-3803,1867,alipay,pending,2026-02-24
PAY-4336,ORD-7076,"$15,034.00",alipay,success,08/06/2024
PAY-4337,ORD-6285,"$3,119.00",wechat,pending,03/08/2024
PAY-4338,ORD-12359,12352,COD,SUCCESS,09/24/2024
PAY-4339,ORD-2442,16 296,alipay,pending,18-04-2025
PAY-4340,ORD-12128,"$7,730.00",alipay,pending,03/07/2024
PAY-4341,ORD-11240,$241.00,alipay,pending,2025-01-21
PAY-4342,ORD-10567,"$5,275.00",COD,success,12/09/2024
PAY-4343,ORD-9302,"$9,531.00",wechat,success,2025-04-02
PAY-4344,ORD-4274,13939,alipay,pending,06/25/2025
PAY-4345,ORD-7864,15297,card,success,04/06/2025
PAY-4346,ORD-8462,"$9,778.00",wechat,pending,2025-09-10
PAY-4347,ORD-10586,10728,wechat,SUCCESS,10/14/2026
PAY-4348,ORD-9597,5 115,alipay,success,27-11-2024
PAY-4349,ORD-14675,12113,alipay,success,2026-10-02
PAY-4350,ORD-8276,17957,wechat,SUCCESS,2024-07-17
PAY-4351,ORD-12236,13087,alipay,pending,03/04/2024
PAY-4352,ORD-12473,1999,card,SUCCESS,2026-07-09
PAY-4353,ORD-11612,5866,alipay,success,2025-09-05
PAY-4354,ORD-10349,11 800,alipay,SUCCESS,11/21/2025
PAY-4355,ORD-2583,14748,COD,success,2024-02-06
PAY-4356,ORD-555,15598,wechat,success,14-07-2026
PAY-4357,ORD-3753,"$4,127.00",card,success,2025-11-21
PAY-4358,ORD-7675,8780,card,pending,08/19/2026
PAY-4359,ORD-7965,"$13,061.00",alipay,SUCCESS,07/07/2026
PAY-4360,ORD-9341,149,COD,SUCCESS,2026-05-08
PAY-4361,ORD-2159,"14 795,00",alipay,success,2026-02-02
PAY-4362,ORD-7610,"$4,473.00",alipay,success,2025-02-10
PAY-4363,ORD-8936,1156,card,SUCCESS,2026-04-17
PAY-4364,ORD-7625,15727,wechat,success,07/12/2026
PAY-4365,ORD-11052,7233,wechat,pending,2024-10-08
PAY-4366,ORD-1343,"$12,400.00",alipay,SUCCESS,2025-01-20
PAY-4367,ORD-12173,6309,wechat,SUCCESS,2026-10-16
PAY-4368,ORD-9149,7622,wechat,failed,2026-01-15
PAY-4369,ORD-13504,"$13,909.00",alipay,success,2025-07-17
PAY-4370,ORD-6407,15903,COD,SUCCESS,08/28/2024
PAY-4371,ORD-4773,10766,alipay,success,2026-08-17
PAY-4372,ORD-11612,14931,alipay,pending,2025-06-17
PAY-4373,ORD-10729,10 406,COD,SUCCESS,08/13/2026
PAY-4374,ORD-2342,16068,card,pending,2025-01-11
PAY-4375,ORD-9531,8 274,card,SUCCESS,05-03-2025
PAY-4376,ORD-14679,"13 345,00",alipay,SUCCESS,15-02-2026
PAY-4377,ORD-3307,13957,alipay,pending,24-02-2026
PAY-4378,ORD-6755,19016,wechat,pending,2026-02-23
PAY-4379,ORD-7163,985,card,SUCCESS,06-10-2025
PAY-4380,ORD-12834,18458,card,success,01/11/2025
PAY-4381,ORD-3808,13690,COD,pending,03/20/2025
PAY-4382,ORD-13150,14078,card,SUCCESS,2024-03-09
PAY-4383,ORD-12522,"$1,542.00",alipay,failed,2024-08-02
PAY-4384,ORD-6925,"$1,565.00",card,pending,06-06-2025
PAY-4385,ORD-5962,"$17,709.00",alipay,pending,2026-08-11
PAY-4386,ORD-13269,"$16,239.00",COD,SUCCESS,2025-07-21
PAY-4387,ORD-12289,2148,card,pending,2026-03-27
PAY-4388,ORD-5906,6962,COD,SUCCESS,03/18/2024
PAY-4389,ORD-14924,16976,COD,pending,2024-11-23
PAY-4390,ORD-12587,"$5,369.00",alipay,SUCCESS,04/14/2026
PAY-4391,ORD-6509,7442,COD,success,07/28/2026
PAY-4392,ORD-921,17715,wechat,success,2026-02-10
PAY-4393,ORD-14226,859,alipay,success,11-07-2026
PAY-4394,ORD-4469,18331,card,pending,2026-10-08
PAY-4395,ORD-13336,5549,COD,SUCCESS,2026-07-12
PAY-4396,ORD-14127,13680,wechat,pending,07/05/2026
PAY-4397,ORD-11712,"$7,820.00",wechat,pending,04-08-2025
PAY-4398,ORD-7186,14955,wechat,SUCCESS,2025-04-04
PAY-4399,ORD-13801,4 661,card,pending,2024-09-07
PAY-4400,ORD-6602,"$17,327.00",wechat,success,2025-10-05
PAY-4401,ORD-8705,2467,alipay,success,01-06-2026
PAY-4402,ORD-9010,9 175,wechat,success,03/06/2026
PAY-4403,ORD-8245,"$16,605.00",COD,pending,2024-07-15
PAY-4404,ORD-1098,$207.00,COD,pending,2026-05-05
PAY-4405,ORD-4653,"$9,134.00",card,SUCCESS,09/18/2026
PAY-4406,ORD-13857,18323,alipay,pending,07/22/2024
PAY-4407,ORD-14282,12127,wechat,success,2024-06-17
PAY-4408,ORD-6149,9906,COD,SUCCESS,2025-11-25
PAY-4409,ORD-10155,423,COD,SUCCESS,10/13/2026
PAY-4410,ORD-11570,"$3,283.00",card,SUCCESS,08-12-2025
PAY-4411,ORD-1427,418,COD,pending,09/13/2025
PAY-4412,ORD-12542,16619,card,SUCCESS,09/10/2025
PAY-4413,ORD-13586,1719,alipay,SUCCESS,27-07-2026
PAY-4414,ORD-11964,1245,alipay,success,2026-05-22
PAY-4415,ORD-7653,"$17,027.00",card,success,2024-10-04
PAY-4416,ORD-6885,16415,alipay,SUCCESS,21-12-2025
PAY-4417,ORD-13769,11 456,wechat,pending,2025-01-27
PAY-4418,ORD-11250,1780,wechat,pending,2024-11-05
PAY-4419,ORD-12730,"7 259,00",alipay,success,2025-08-10
PAY-4420,ORD-14694,18290,wechat,pending,2024-03-22
PAY-4421,ORD-8493,1667,alipay,SUCCESS,2025-02-25
PAY-4422,ORD-14631,15287,COD,success,05/22/2025
PAY-4423,ORD-5790,"$8,944.00",card,success,2025-06-03
PAY-4424,ORD-8429,"18 860,00",wechat,success,14-11-2026
PAY-4425,ORD-14138,8774,wechat,success,2025-07-16
PAY-4426,ORD-738,"$17,569.00",COD,success,14-04-2026
PAY-4427,ORD-1707,"$16,532.00",alipay,pending,2025-04-25
PAY-4428,ORD-14108,"$18,705.00",alipay,pending,22-10-2025
PAY-4429,ORD-2777,"$18,750.00",COD,pending,01/22/2025
PAY-4430,ORD-6673,1013,card,SUCCESS,09/22/2024
PAY-4431,ORD-7748,"$1,063.00",alipay,success,22-09-2024
PAY-4432,ORD-9549,627,COD,success,2026-09-02
PAY-4433,ORD-11377,8346,COD,success,2024-10-10
PAY-4434,ORD-7047,18 216,alipay,success,11/03/2026
PAY-4435,ORD-5547,"575,00",card,SUCCESS,2024-06-09
PAY-4436,ORD-6655,"4 506,00",wechat,success,2024-11-09
PAY-4437,ORD-14413,2 162,card,SUCCESS,07-11-2025
PAY-4438,ORD-9050,"19 820,00",wechat,success,2024-05-03
PAY-4439,ORD-10931,8 925,COD,success,08/05/2024
PAY-4440,ORD-9059,17068,card,pending,16-05-2024
PAY-4441,ORD-7704,16722,wechat,success,08/21/2025
PAY-4442,ORD-175,6 111,card,SUCCESS,2024-02-08
PAY-4443,ORD-10314,4982,card,success,2026-12-17
PAY-4444,ORD-14921,"2 756,00",alipay,failed,08/22/2024
PAY-4445,ORD-4633,7451,alipay,failed,2026-03-21
PAY-4446,ORD-3947,14252,COD,success,19-02-2025
PAY-4447,ORD-1677,"$5,563.00",COD,SUCCESS,2025-02-09
PAY-4448,ORD-2209,7606,alipay,pending,10-09-2024
PAY-4449,ORD-7818,4799,alipay,SUCCESS,18-10-2025
PAY-4450,ORD-11098,"1 936,00",alipay,success,2024-08-02
PAY-4451,ORD-12408,"$1,210.00",card,SUCCESS,2024-09-12
PAY-4452,ORD-9797,820,alipay,SUCCESS,03-11-2026
PAY-4453,ORD-5631,1616,card,success,08-02-2024
PAY-4454,ORD-7391,13399,card,success,2024-01-04
PAY-4455,ORD-13734,"18 629,00",alipay,SUCCESS,2026-10-16
PAY-4456,ORD-10753,12 109,card,SUCCESS,2024-05-22
PAY-4457,ORD-11875,"$3,484.00",COD,pending,01/14/2024
PAY-4458,ORD-1605,6454,wechat,success,20-07-2025
PAY-4459,ORD-12474,4029,card,SUCCESS,21-09-2026
PAY-4460,ORD-9536,"$11,242.00",wechat,SUCCESS,2024-07-13
PAY-4461,ORD-14337,3583,COD,success,2026-02-17
PAY-4462,ORD-12980,19 758,alipay,SUCCESS,2025-02-10
PAY-4463,ORD-8686,3631,COD,SUCCESS,2024-09-19
PAY-4464,ORD-252,18 242,COD,success,11/17/2025
PAY-4465,ORD-3156,10 824,alipay,SUCCESS,2025-10-07
PAY-4466,ORD-11434,10482,alipay,failed,2026-12-23
PAY-4467,ORD-4396,19602,COD,pending,01/16/2025
PAY-4468,ORD-8052,"4 477,00",card,success,12/02/2026
PAY-4469,ORD-6583,427,alipay,SUCCESS,2025-01-07
PAY-4470,ORD-6625,"17 105,00",alipay,SUCCESS,08/05/2025
PAY-4471,ORD-14315,5414,card,success,2025-08-21
PAY-4472,ORD-3630,15831,wechat,success,14-11-2024
PAY-4473,ORD-10804,"12 951,00",COD,SUCCESS,2025-07-02
PAY-4474,ORD-9677,4919,wechat,success,2026-12-18
PAY-4475,ORD-11391,"4 044,00",card,pending,2025-10-14
PAY-4476,ORD-5403,7184,alipay,SUCCESS,2024-03-13
PAY-4477,ORD-3566,"$1,730.00",COD,SUCCESS,2026-08-09
PAY-4478,ORD-9999,"$19,459.00",COD,SUCCESS,2024-07-03
PAY-4479,ORD-14889,8044,COD,success,2025-02-22
PAY-4480,ORD-14187,10972,alipay,pending,2025-08-22
PAY-4481,ORD-3147,"$14,951.00",wechat,pending,08/14/2024
PAY-4482,ORD-7812,15 520,wechat,success,09-08-2026
PAY-4483,ORD-3617,1704,card,success,06-07-2024
PAY-4484,ORD-4284,13 297,card,SUCCESS,2025-11-27
PAY-4485,ORD-3174,"$1,038.00",alipay,pending,02/01/2025
PAY-4486,ORD-13629,13 673,COD,SUCCESS,2026-02-17
PAY-4487,ORD-1774,"3 745,00",card,SUCCESS,13-04-2026
PAY-4488,ORD-12954,"4 891,00",wechat,pending,2024-11-17
PAY-4489,ORD-13491,6824,COD,pending,04-08-2024
PAY-4490,ORD-11006,"$4,412.00",alipay,success,08/18/2024
PAY-4491,ORD-11378,"3 736,00",COD,pending,10/05/2025
PAY-4492,ORD-6623,"4 557,00",wechat,success,13-09-2026
PAY-4493,ORD-5744,"993,00",wechat,success,2025-04-14
PAY-4494,ORD-10844,"$9,037.00",COD,pending,09/19/2025
PAY-4495,ORD-8529,"18 384,00",card,SUCCESS,01/19/2025
PAY-4496,ORD-13442,"$3,355.00",card,SUCCESS,2024-08-16
PAY-4497,ORD-2078,8627,alipay,success,2024-04-22
PAY-4498,ORD-1711,"$2,094.00",wechat,pending,01/08/2024
PAY-4499,ORD-1469,12 311,alipay,SUCCESS,01/24/2025
PAY-4500,ORD-10764,$404.00,card,SUCCESS,2026-08-22
PAY-4501,ORD-8964,"5 130,00",wechat,pending,2025-02-14
PAY-4502,ORD-12583,16219,COD,pending,2024-02-16
PAY-4503,ORD-262,3709,wechat,SUCCESS,2024-01-17
PAY-4504,ORD-3486,"$18,001.00",COD,pending,04/01/2024
PAY-4505,ORD-7626,3327,alipay,pending,11/09/2025
PAY-4506,ORD-11225,"$4,276.00",card,failed,2024-08-17
PAY-4507,ORD-9750,"12 253,00",wechat,SUCCESS,09-01-2024
PAY-4508,ORD-933,"$17,517.00",alipay,success,2025-12-27
PAY-4509,ORD-2920,"$17,211.00",COD,success,03/06/2024
PAY-4510,ORD-12812,9896,COD,SUCCESS,2024-03-25
PAY-4511,ORD-2158,"$7,061.00",card,success,2025-02-08
PAY-4512,ORD-4088,2 120,wechat,success,07/18/2025
PAY-4513,ORD-10171,"$10,953.00",COD,SUCCESS,2026-01-12
PAY-4514,ORD-13602,"$10,951.00",card,pending,21-04-2025
PAY-4515,ORD-14346,4383,card,pending,01/05/2024
PAY-4516,ORD-12159,"$4,989.00",COD,success,09-11-2026
PAY-4517,ORD-12715,9524,wechat,pending,2025-04-02
PAY-4518,ORD-8122,942,COD,success,05/13/2024
PAY-4519,ORD-9261,4742,COD,success,2025-01-14
PAY-4520,ORD-11506,15615,alipay,success,2024-08-14
PAY-4521,ORD-11525,"$5,371.00",wechat,pending,2024-12-12
PAY-4522,ORD-6037,"2 695,00",COD,success,01-09-2026
PAY-4523,ORD-7326,"$16,323.00",card,SUCCESS,2025-05-28
PAY-4524,ORD-9587,"$1,603.00",card,success,21-07-2024
PAY-4525,ORD-5169,"$15,558.00",alipay,SUCCESS,2026-01-15
PAY-4526,ORD-3769,18 600,alipay,SUCCESS,18-12-2026
PAY-4527,ORD-7085,7856,wechat,pending,05-02-2024
PAY-4528,ORD-14310,19961,wechat,SUCCESS,2025-07-25
PAY-4529,ORD-13502,16606,card,success,08/03/2025
PAY-4530,ORD-7928,15943,alipay,SUCCESS,10-03-2026
PAY-4531,ORD-7615,14981,alipay,success,26-08-2025
PAY-4532,ORD-5569,"$16,148.00",COD,success,2024-04-01
PAY-4533,ORD-13643,8814,alipay,pending,2025-12-15
PAY-4534,ORD-13762,"$8,080.00",wechat,success,2025-01-02
PAY-4535,ORD-357,"$12,322.00",COD,SUCCESS,26-03-2024
PAY-4536,ORD-9239,6280,card,SUCCESS,2025-10-05
PAY-4537,ORD-5972,"10 909,00",card,SUCCESS,06/16/2026
PAY-4538,ORD-7896,15113,wechat,pending,10/08/2026
PAY-4539,ORD-13156,16497,COD,success,2026-02-22
PAY-4540,ORD-5938,8806,card,success,25-02-2024
PAY-4541,ORD-12566,787,card,success,2026-03-23
PAY-4542,ORD-8952,8 730,wechat,success,07/26/2026
PAY-4543,ORD-2422,"11 676,00",wechat,pending,2025-08-17
PAY-4544,ORD-2913,"$7,688.00",alipay,SUCCESS,2025-12-16
PAY-4545,ORD-10905,18900,COD,SUCCESS,08/25/2024
PAY-4546,ORD-2927,11373,COD,pending,03/12/2024
PAY-4547,ORD-5001,"$10,582.00",card,failed,07/06/2026
PAY-4548,ORD-9388,16630,alipay,success,10/04/2024
PAY-4549,ORD-4471,6613,wechat,success,07/27/2024
PAY-4550,ORD-2068,"$6,577.00",COD,pending,03/26/2026
PAY-4551,ORD-3063,3935,alipay,SUCCESS,2026-11-04
PAY-4552,ORD-3681,$827.00,COD,SUCCESS,08/04/2024
PAY-4553,ORD-11684,2696,wechat,pending,2025-10-24
PAY-4554,ORD-8516,9861,alipay,success,2025-02-13
PAY-4555,ORD-13146,"$15,741.00",wechat,SUCCESS,2025-04-07
PAY-4556,ORD-5186,"$10,319.00",card,pending,2024-05-24
PAY-4557,ORD-11021,19631,COD,success,23-11-2025
PAY-4558,ORD-7355,6626,alipay,SUCCESS,2025-10-09
PAY-4559,ORD-12945,"$14,055.00",alipay,pending,2025-11-16
PAY-4560,ORD-1857,19124,COD,SUCCESS,2026-09-22
PAY-4561,ORD-3580,2848,COD,pending,2026-11-11
PAY-4562,ORD-4649,"$8,973.00",wechat,pending,02/04/2024
PAY-4563,ORD-12595,"$13,370.00",COD,pending,09/28/2026
PAY-4564,ORD-10831,18490,card,success,2024-11-28
PAY-4565,ORD-3968,"$14,822.00",card,success,2025-11-27
PAY-4566,ORD-8861,15349,COD,pending,04/19/2024
PAY-4567,ORD-790,7031,card,pending,08-04-2025
PAY-4568,ORD-107,9583,COD,SUCCESS,2025-11-15
PAY-4569,ORD-10109,14833,wechat,SUCCESS,01-04-2025
PAY-4570,ORD-1344,"4 256,00",COD,SUCCESS,10/09/2024
PAY-4571,ORD-8875,"15 414,00",alipay,pending,24-10-2026
PAY-4572,ORD-13090,14 472,COD,success,09-01-2026
PAY-4573,ORD-815,"$11,293.00",wechat,SUCCESS,08-07-2026
PAY-4574,ORD-1389,16198,card,pending,2026-09-03
PAY-4575,ORD-8277,"$6,881.00",card,pending,13-08-2025
PAY-4576,ORD-13738,18729,wechat,success,11/25/2026
PAY-4577,ORD-13618,4212,alipay,pending,2025-05-04
PAY-4578,ORD-4767,12796,card,SUCCESS,06/23/2026
PAY-4579,ORD-2941,1529,wechat,pending,10/05/2025
PAY-4580,ORD-11455,8412,COD,pending,05/07/2026
PAY-4581,ORD-5046,4 313,COD,pending,11/21/2024
PAY-4582,ORD-6325,"18 780,00",alipay,pending,2024-06-16
PAY-4583,ORD-2014,7 663,card,pending,02-10-2024
PAY-4584,ORD-9766,3694,wechat,success,2025-02-23
PAY-4585,ORD-6131,18813,COD,SUCCESS,01/04/2026
PAY-4586,ORD-11667,"18 528,00",card,pending,2025-02-22
PAY-4587,ORD-3050,"18 649,00",wechat,failed,2026-11-16
PAY-4588,ORD-7921,"$7,693.00",wechat,SUCCESS,25-08-2026
PAY-4589,ORD-5891,1167,wechat,SUCCESS,2025-11-26
PAY-4590,ORD-263,10911,COD,success,08/08/2026
PAY-4591,ORD-838,"$19,349.00",card,pending,26-04-2026
PAY-4592,ORD-9102,"1 720,00",card,pending,16-01-2026
PAY-4593,ORD-9989,8544,wechat,pending,2026-02-27
PAY-4594,ORD-994,3 040,wechat,pending,2025-01-22
PAY-4595,ORD-14901,18752,card,pending,2026-02-02
PAY-4596,ORD-13238,4630,alipay,success,10/17/2026
PAY-4597,ORD-12310,7625,card,success,2026-03-18
PAY-4598,ORD-1460,"8 489,00",COD,SUCCESS,12-05-2025
PAY-4599,ORD-13649,7062,wechat,pending,2024-05-07
PAY-4600,ORD-781,"$1,855.00",wechat,SUCCESS,2025-08-22
PAY-4601,ORD-7571,19561,card,pending,2026-01-13
PAY-4602,ORD-291,171,wechat,SUCCESS,02/12/2026
PAY-4603,ORD-12202,3231,COD,SUCCESS,09/08/2024
PAY-4604,ORD-4378,14614,alipay,success,2026-01-28
PAY-4605,ORD-2234,16 045,card,SUCCESS,05/08/2024
PAY-4606,ORD-7974,6063,wechat,success,03/11/2026
PAY-4607,ORD-13259,9159,alipay,SUCCESS,22-08-2024
PAY-4608,ORD-7245,"11 728,00",card,success,2025-03-18
PAY-4609,ORD-12336,"$16,929.00",alipay,pending,2025-03-28
PAY-4610,ORD-4231,"$11,223.00",alipay,pending,22-11-2025
PAY-4611,ORD-1638,170,alipay,pending,2025-05-14
PAY-4612,ORD-9295,4768,alipay,pending,01-07-2026
PAY-4613,ORD-11690,14713,card,SUCCESS,10-03-2026
PAY-4614,ORD-6912,"13 966,00",COD,pending,2024-12-11
PAY-4615,ORD-14318,1818,COD,SUCCESS,09/10/2026
PAY-4616,ORD-6279,18 584,alipay,SUCCESS,26-08-2026
PAY-4617,ORD-926,10665,COD,success,2026-07-19
PAY-4618,ORD-8149,11441,alipay,SUCCESS,2025-12-26
PAY-4619,ORD-8679,11640,alipay,SUCCESS,2024-06-21
PAY-4620,ORD-12851,16946,COD,success,16-09-2025
PAY-4621,ORD-12384,13 264,card,success,03/05/2025
PAY-4622,ORD-10431,"$19,762.00",COD,pending,11/05/2026
PAY-4623,ORD-1837,7466,alipay,SUCCESS,05/27/2024
PAY-4624,ORD-14399,"8 290,00",card,success,07-10-2026
PAY-4625,ORD-6682,285,wechat,pending,2026-01-07
PAY-4626,ORD-7215,9 914,card,success,2025-02-03
PAY-4627,ORD-7637,"$17,913.00",alipay,pending,2026-07-27
PAY-4628,ORD-10156,"$18,469.00",COD,pending,2026-08-16
PAY-4629,ORD-960,5973,COD,pending,01/09/2024
PAY-4630,ORD-7594,16063,wechat,success,05/13/2026
PAY-4631,ORD-1341,"$10,808.00",card,pending,06/05/2024
PAY-4632,ORD-2848,"$1,269.00",wechat,failed,2026-06-05
PAY-4633,ORD-11768,18850,COD,success,2024-11-14
PAY-4634,ORD-5335,19574,card,SUCCESS,09/24/2024
PAY-4635,ORD-11616,"$8,473.00",alipay,success,07/25/2024
PAY-4636,ORD-11971,"$10,180.00",wechat,success,04-03-2025
PAY-4637,ORD-4761,"$18,094.00",wechat,pending,11/22/2026
PAY-4638,ORD-11419,"19 566,00",wechat,SUCCESS,06/12/2024
PAY-4639,ORD-6063,"$18,931.00",wechat,pending,26-10-2024
PAY-4640,ORD-7439,"$1,511.00",wechat,success,04/20/2024
PAY-4641,ORD-4746,"$6,096.00",card,success,2026-12-28
PAY-4642,ORD-353,"$15,898.00",COD,success,2025-02-24
PAY-4643,ORD-23,14 084,alipay,success,04-06-2026
PAY-4644,ORD-6702,56,card,success,2026-08-09
PAY-4645,ORD-5550,"$5,490.00",card,pending,12/15/2025
PAY-4646,ORD-3815,"14 052,00",alipay,SUCCESS,09/21/2025
PAY-4647,ORD-9084,10 620,card,SUCCESS,19-10-2025
PAY-4648,ORD-2404,"$17,360.00",card,SUCCESS,12-04-2026
PAY-4649,ORD-7841,13856,card,success,05/04/2024
PAY-4650,ORD-11540,"$7,461.00",alipay,success,2025-09-10
PAY-4651,ORD-4050,"$3,210.00",card,SUCCESS,2025-08-23
PAY-4652,ORD-13787,1378,COD,success,2025-06-26
PAY-4653,ORD-242,11 629,COD,success,24-11-2024
PAY-4654,ORD-13808,10139,wechat,pending,08/15/2026
PAY-4655,ORD-5056,10710,card,SUCCESS,28-04-2026
PAY-4656,ORD-11433,"$12,307.00",COD,SUCCESS,11-10-2026
PAY-4657,ORD-8821,18238,wechat,success,08/08/2025
PAY-4658,ORD-10223,"10 355,00",wechat,pending,05/09/2024
PAY-4659,ORD-2967,"$17,125.00",card,success,03/18/2025
PAY-4660,ORD-13314,443,wechat,success,06/16/2024
PAY-4661,ORD-1232,"$3,600.00",COD,success,08/11/2025
PAY-4662,ORD-11667,$84.00,card,SUCCESS,22-05-2024
PAY-4663,ORD-5504,13912,card,success,2026-09-06
PAY-4664,ORD-6815,"$11,377.00",COD,pending,09-09-2025
PAY-4665,ORD-14173,19096,wechat,SUCCESS,2024-05-01
PAY-4666,ORD-14643,1303,COD,pending,2024-10-10
PAY-4667,ORD-3723,17496,alipay,pending,2026-10-02
PAY-4668,ORD-6586,18 090,card,pending,2024-07-24
PAY-4669,ORD-8509,14221,card,SUCCESS,2024-03-11
PAY-4670,ORD-13151,7851,COD,success,05/08/2026
PAY-4671,ORD-14517,"$4,668.00",COD,SUCCESS,2025-08-23
PAY-4672,ORD-1987,5038,wechat,SUCCESS,04/25/2024
PAY-4673,ORD-14344,"$15,706.00",COD,success,2024-11-13
PAY-4674,ORD-9960,6637,card,success,2026-10-08
PAY-4675,ORD-10851,"14 129,00",COD,success,03/05/2025
PAY-4676,ORD-2308,4 364,COD,success,24-06-2024
PAY-4677,ORD-3374,14722,alipay,pending,2024-09-22
PAY-4678,ORD-7233,"$9,314.00",alipay,SUCCESS,04/28/2024
PAY-4679,ORD-3852,"$19,463.00",card,SUCCESS,2025-12-23
PAY-4680,ORD-13056,13841,wechat,pending,11/23/2024
PAY-4681,ORD-9654,"7 119,00",wechat,pending,12/15/2026
PAY-4682,ORD-2636,16 116,card,success,2025-08-20
PAY-4683,ORD-7052,7 001,wechat,SUCCESS,2026-11-28
PAY-4684,ORD-3287,1373,wechat,SUCCESS,10/10/2026
PAY-4685,ORD-3512,17363,wechat,success,2025-07-04
PAY-4686,ORD-4025,13762,alipay,pending,22-04-2026
PAY-4687,ORD-14042,"$17,123.00",card,SUCCESS,22-01-2024
PAY-4688,ORD-10251,11588,card,pending,12-10-2026
PAY-4689,ORD-3787,2237,card,pending,06-03-2025
PAY-4690,ORD-13812,"8 747,00",wechat,SUCCESS,11/19/2025
PAY-4691,ORD-712,5023,card,success,2026-02-07
PAY-4692,ORD-1201,"$4,390.00",card,success,11/14/2024
PAY-4693,ORD-8989,"$19,782.00",card,pending,2025-09-13
PAY-4694,ORD-9241,18410,wechat,pending,15-11-2025
PAY-4695,ORD-1471,874,card,SUCCESS,2026-11-27
PAY-4696,ORD-5616,842,COD,success,2024-05-09
PAY-4697,ORD-7594,"$14,885.00",card,success,2024-07-18
PAY-4698,ORD-10414,13650,alipay,SUCCESS,12/08/2026
PAY-4699,ORD-10080,17485,wechat,SUCCESS,2025-01-12
PAY-4700,ORD-8575,"$12,120.00",COD,SUCCESS,2026-07-03
PAY-4701,ORD-1032,"$17,565.00",alipay,pending,10/07/2026
PAY-4702,ORD-8502,18348,alipay,SUCCESS,23-03-2026
PAY-4703,ORD-7061,5734,card,success,2025-07-14
PAY-4704,ORD-14583,"$11,465.00",card,success,2024-11-06
PAY-4705,ORD-14237,"$1,954.00",COD,success,2026-08-21
PAY-4706,ORD-3433,6078,card,success,2025-07-07
PAY-4707,ORD-1796,352,card,SUCCESS,28-12-2026
PAY-4708,ORD-11704,"$18,145.00",card,pending,2024-05-21
PAY-4709,ORD-3530,"$19,921.00",card,success,09-03-2025
PAY-4710,ORD-11246,4620,card,success,11/09/2024
PAY-4711,ORD-14203,"$18,114.00",COD,success,2025-01-11
PAY-4712,ORD-2794,12761,alipay,pending,08/28/2024
PAY-4713,ORD-4104,"$4,755.00",COD,SUCCESS,2024-11-15
PAY-4714,ORD-3102,1765,card,SUCCESS,2024-12-10
PAY-4715,ORD-9805,"4 514,00",card,pending,2024-07-09
PAY-4716,ORD-10161,17984,COD,SUCCESS,17-05-2026
PAY-4717,ORD-14238,"$17,280.00",wechat,success,2024-05-25
PAY-4718,ORD-3109,3 950,card,success,05/26/2025
PAY-4719,ORD-12561,"$3,918.00",wechat,SUCCESS,12/22/2024
PAY-4720,ORD-8053,"14 286,00",wechat,success,2025-06-25
PAY-4721,ORD-6445,417,COD,failed,04/17/2026
PAY-4722,ORD-11022,19818,wechat,failed,12/21/2026
PAY-4723,ORD-10184,"$13,861.00",COD,SUCCESS,06-04-2026
PAY-4724,ORD-7798,19 870,wechat,SUCCESS,2025-07-08
PAY-4725,ORD-5861,"$19,930.00",card,failed,2024-11-12
PAY-4726,ORD-4495,13973,alipay,pending,12-11-2025
PAY-4727,ORD-13832,"13 582,00",card,pending,11/01/2026
PAY-4728,ORD-10573,17 174,card,pending,04/01/2026
PAY-4729,ORD-8108,14938,alipay,pending,02/14/2025
PAY-4730,ORD-2288,"$1,580.00",card,success,12/20/2024
PAY-4731,ORD-1498,10410,wechat,SUCCESS,2026-12-09
PAY-4732,ORD-11852,14068,alipay,SUCCESS,22-04-2026
PAY-4733,ORD-3633,17963,alipay,success,2024-11-28
PAY-4734,ORD-2814,2251,wechat,SUCCESS,11-10-2025
PAY-4735,ORD-4670,1491,COD,SUCCESS,16-01-2025
PAY-4736,ORD-8394,2118,wechat,pending,2025-09-28
PAY-4737,ORD-11643,"$13,423.00",alipay,SUCCESS,2026-11-01
PAY-4738,ORD-12617,14205,alipay,success,2024-02-05
PAY-4739,ORD-146,18635,alipay,success,2025-12-07
PAY-4740,ORD-2080,10694,card,success,2025-09-11
PAY-4741,ORD-3911,15873,alipay,success,08/27/2024
PAY-4742,ORD-6984,7446,COD,pending,05/19/2026
PAY-4743,ORD-7252,"$4,239.00",card,success,09/01/2026
PAY-4744,ORD-5178,18389,card,pending,2026-02-11
PAY-4745,ORD-4839,13 565,wechat,SUCCESS,02/02/2026
PAY-4746,ORD-14867,"$3,021.00",card,success,2024-03-15
PAY-4747,ORD-3613,13868,wechat,pending,09-02-2025
PAY-4748,ORD-14562,"17 752,00",wechat,success,2025-01-10
PAY-4749,ORD-834,1488,wechat,pending,2025-08-02
PAY-4750,ORD-13030,"$12,558.00",card,success,19-04-2025
PAY-4751,ORD-1641,"$12,486.00",alipay,success,03/17/2024
PAY-4752,ORD-14820,"13 658,00",alipay,pending,2025-09-07
PAY-4753,ORD-9328,12995,card,success,2026-11-18
PAY-4754,ORD-14475,4536,alipay,pending,02/14/2025
PAY-4755,ORD-4057,12740,wechat,pending,12/06/2024
PAY-4756,ORD-8438,4739,wechat,SUCCESS,01/24/2025
PAY-4757,ORD-6164,10162,wechat,success,2025-01-01
PAY-4758,ORD-10876,"$5,203.00",alipay,SUCCESS,11/19/2026
PAY-4759,ORD-3556,3542,alipay,success,11/14/2026
PAY-4760,ORD-6334,"148,00",wechat,SUCCESS,09/13/2024
PAY-4761,ORD-12347,"$3,732.00",wechat,pending,2026-08-03
PAY-4762,ORD-10764,16934,COD,SUCCESS,12/03/2025
PAY-4763,ORD-14456,1827,COD,pending,10/23/2026
PAY-4764,ORD-11143,1919,card,success,2024-09-25
PAY-4765,ORD-261,6007,COD,pending,09/16/2024
PAY-4766,ORD-6669,"12 782,00",card,success,06/09/2025
PAY-4767,ORD-4827,2265,card,pending,2026-07-11
PAY-4768,ORD-11345,"14 722,00",card,SUCCESS,06/22/2025
PAY-4769,ORD-1941,14019,card,success,2025-09-24
PAY-4770,ORD-8375,5117,alipay,success,2024-02-22
PAY-4771,ORD-1698,"12 564,00",alipay,pending,01/07/2026
PAY-4772,ORD-1600,16617,alipay,SUCCESS,02/02/2025
PAY-4773,ORD-1033,16023,wechat,SUCCESS,2024-08-15
PAY-4774,ORD-3561,10058,alipay,pending,2025-10-02
PAY-4775,ORD-11295,15606,alipay,SUCCESS,2024-03-25
PAY-4776,ORD-903,10551,card,success,04/15/2024
PAY-4777,ORD-1625,19881,card,pending,23-05-2026
PAY-4778,ORD-12008,"$3,259.00",card,success,09/26/2025
PAY-4779,ORD-8430,"$14,804.00",card,pending,01/09/2025
PAY-4780,ORD-11616,"$11,861.00",alipay,failed,2024-11-15
PAY-4781,ORD-9422,"$9,839.00",wechat,SUCCESS,20-02-2024
PAY-4782,ORD-889,9494,COD,success,2026-03-09
PAY-4783,ORD-1048,"$14,323.00",alipay,success,02/14/2024
PAY-4784,ORD-4032,12948,card,pending,03-05-2025
PAY-4785,ORD-14222,5713,wechat,failed,2026-04-23
PAY-4786,ORD-8046,4 055,wechat,SUCCESS,03/08/2025
PAY-4787,ORD-4030,4172,COD,success,2025-11-03
PAY-4788,ORD-3042,4909,COD,pending,2024-09-15
PAY-4789,ORD-2687,3391,wechat,SUCCESS,2025-10-25
PAY-4790,ORD-3966,12075,wechat,failed,2025-03-23
PAY-4791,ORD-10480,10198,COD,pending,2024-02-26
PAY-4792,ORD-2836,"14 419,00",alipay,success,01/10/2024
PAY-4793,ORD-12057,"$19,227.00",wechat,success,05/25/2025
PAY-4794,ORD-12317,"$19,327.00",alipay,success,2025-04-19
PAY-4795,ORD-3696,8001,wechat,SUCCESS,02/01/2025
PAY-4796,ORD-3688,"$12,535.00",card,SUCCESS,06/14/2026
PAY-4797,ORD-9651,926,COD,SUCCESS,2026-06-05
PAY-4798,ORD-2162,"$4,526.00",wechat,SUCCESS,2026-08-04
PAY-4799,ORD-586,8560,card,SUCCESS,11/14/2024
PAY-4800,ORD-9445,703,COD,pending,2026-08-10
PAY-4801,ORD-9069,7700,wechat,pending,2025-01-24
PAY-4802,ORD-1242,9466,wechat,success,23-12-2024
PAY-4803,ORD-6416,12035,card,success,2024-11-16
PAY-4804,ORD-1420,6406,card,pending,11-05-2024
PAY-4805,ORD-10719,12 073,wechat,success,2024-04-16
PAY-4806,ORD-11972,14979,wechat,SUCCESS,24-01-2025
PAY-4807,ORD-12627,3826,COD,success,13-07-2025
PAY-4808,ORD-9291,"$4,847.00",COD,failed,2026-08-22
PAY-4809,ORD-2244,"$3,690.00",COD,pending,05/14/2025
PAY-4810,ORD-729,10676,wechat,pending,04/25/2024
PAY-4811,ORD-11710,"$4,557.00",wechat,SUCCESS,2026-01-15
PAY-4812,ORD-13496,19357,wechat,SUCCESS,03/12/2024
PAY-4813,ORD-14584,"$17,726.00",COD,SUCCESS,26-01-2025
PAY-4814,ORD-2149,"$3,749.00",card,failed,17-10-2025
PAY-4815,ORD-4852,11877,COD,SUCCESS,2024-11-05
PAY-4816,ORD-6758,"$2,165.00",COD,SUCCESS,2025-04-18
PAY-4817,ORD-8578,"$13,664.00",COD,success,11/23/2024
PAY-4818,ORD-14928,"$2,204.00",COD,SUCCESS,2024-11-28
PAY-4819,ORD-13630,"10 732,00",card,SUCCESS,2026-09-14
PAY-4820,ORD-8870,11480,alipay,SUCCESS,2024-04-05
PAY-4821,ORD-2135,11746,wechat,pending,10/26/2025
PAY-4822,ORD-9944,"10 723,00",COD,success,24-04-2026
PAY-4823,ORD-7995,"$2,175.00",COD,pending,2025-12-11
PAY-4824,ORD-3503,6935,COD,SUCCESS,07/11/2025
PAY-4825,ORD-9947,6783,alipay,pending,04/21/2026
PAY-4826,ORD-2681,3838,card,SUCCESS,07/09/2026
PAY-4827,ORD-13008,3881,card,SUCCESS,2025-05-03
PAY-4828,ORD-10111,10 868,card,success,10/05/2025
PAY-4829,ORD-9946,"7 213,00",COD,success,08/08/2026
PAY-4830,ORD-12970,3619,alipay,success,01/13/2025
PAY-4831,ORD-11781,"$13,659.00",COD,pending,03/17/2025
PAY-4832,ORD-12469,12629,wechat,success,2024-02-24
PAY-4833,ORD-3393,"$4,617.00",card,success,2025-03-28
PAY-4834,ORD-10302,5 393,alipay,SUCCESS,06/17/2024
PAY-4835,ORD-11036,12551,wechat,success,2025-09-15
PAY-4836,ORD-11441,"18 332,00",COD,pending,03-02-2025
PAY-4837,ORD-10707,17604,wechat,success,2024-04-15
PAY-4838,ORD-1295,"19 815,00",alipay,success,05/09/2024
PAY-4839,ORD-14140,"$16,223.00",card,success,15-07-2025
PAY-4840,ORD-12359,11675,card,pending,07/06/2025
PAY-4841,ORD-13035,18907,COD,pending,2025-12-18
PAY-4842,ORD-9896,"$12,893.00",card,success,2025-12-26
PAY-4843,ORD-7453,13687,wechat,pending,2024-05-20
PAY-4844,ORD-12222,7082,COD,success,2025-05-18
PAY-4845,ORD-2709,18068,wechat,SUCCESS,06/25/2026
PAY-4846,ORD-5456,543,alipay,success,2026-09-16
PAY-4847,ORD-6509,11 904,wechat,pending,10/03/2025
PAY-4848,ORD-6695,"$4,520.00",card,SUCCESS,03/01/2026
PAY-4849,ORD-4763,"$7,935.00",COD,SUCCESS,09/10/2026
PAY-4850,ORD-10249,"3 609,00",wechat,SUCCESS,07/10/2025
PAY-4851,ORD-9638,17 673,card,pending,2026-05-18
PAY-4852,ORD-8849,17440,card,pending,2024-11-28
PAY-4853,ORD-14591,"16 427,00",COD,pending,2025-11-27
PAY-4854,ORD-2101,9827,wechat,pending,27-03-2026
PAY-4855,ORD-14111,8894,alipay,pending,2025-02-12
PAY-4856,ORD-6457,17 059,alipay,pending,11/09/2024
PAY-4857,ORD-2582,9474,alipay,success,12-12-2024
PAY-4858,ORD-13140,18464,card,success,2024-01-16
PAY-4859,ORD-3590,8890,card,SUCCESS,2024-12-12
PAY-4860,ORD-1124,10449,alipay,success,2025-02-05
PAY-4861,ORD-2682,3773,COD,SUCCESS,21-03-2025
PAY-4862,ORD-6262,8932,alipay,success,20-06-2024
PAY-4863,ORD-11377,3867,wechat,pending,05/05/2026
PAY-4864,ORD-14238,"$4,002.00",COD,SUCCESS,06/19/2024
PAY-4865,ORD-6464,"$14,140.00",card,pending,2026-09-09
PAY-4866,ORD-9607,"$15,914.00",alipay,pending,21-10-2025
PAY-4867,ORD-14761,"$11,649.00",alipay,success,10/27/2025
PAY-4868,ORD-8336,1769,COD,success,2026-04-11
PAY-4869,ORD-6256,8571,alipay,pending,13-08-2024
PAY-4870,ORD-2473,12414,alipay,success,21-07-2024
PAY-4871,ORD-2553,2548,COD,success,2024-04-22
PAY-4872,ORD-5717,"863,00",card,success,08/04/2026
PAY-4873,ORD-10930,802,card,success,04/24/2025
PAY-4874,ORD-1809,8667,alipay,pending,2024-11-09
PAY-4875,ORD-2431,"18 921,00",COD,success,03/13/2024
PAY-4876,ORD-7160,"$6,119.00",wechat,SUCCESS,19-08-2024
PAY-4877,ORD-7799,"$18,225.00",COD,success,23-06-2024
PAY-4878,ORD-11324,"$13,424.00",wechat,SUCCESS,03/12/2024
PAY-4879,ORD-5979,"$6,264.00",wechat,pending,2026-12-21
PAY-4880,ORD-2029,"$1,034.00",wechat,pending,16-05-2025
PAY-4881,ORD-13681,4225,card,success,2026-07-14
PAY-4882,ORD-13938,2 029,alipay,success,2026-04-06
PAY-4883,ORD-12721,5884,COD,failed,05/06/2024
PAY-4884,ORD-7618,"$6,728.00",wechat,SUCCESS,10/02/2026
PAY-4885,ORD-8192,19836,alipay,SUCCESS,2024-02-07
PAY-4886,ORD-14631,"$2,463.00",card,pending,11/07/2026
PAY-4887,ORD-3187,"$11,160.00",wechat,success,2024-02-09
PAY-4888,ORD-7800,9399,wechat,pending,2024-10-01
PAY-4889,ORD-6966,"$12,580.00",card,pending,2026-02-21
PAY-4890,ORD-971,"$4,975.00",wechat,failed,27-08-2026
PAY-4891,ORD-2251,12256,COD,success,2024-01-07
PAY-4892,ORD-5386,3120,COD,success,11/23/2025
PAY-4893,ORD-3387,"$5,571.00",alipay,pending,2026-04-17
PAY-4894,ORD-980,$380.00,alipay,SUCCESS,2024-04-26
PAY-4895,ORD-10628,"52,00",wechat,SUCCESS,2024-09-28
PAY-4896,ORD-1323,1731,alipay,pending,09/10/2025
PAY-4897,ORD-918,"$17,575.00",COD,SUCCESS,05/15/2024
PAY-4898,ORD-4182,9694,wechat,success,2025-10-28
PAY-4899,ORD-1055,8634,card,success,2025-07-25
PAY-4900,ORD-14284,"$15,023.00",COD,SUCCESS,2026-08-12
PAY-4901,ORD-2934,2945,COD,success,09/21/2025
PAY-4902,ORD-8631,"6 042,00",wechat,SUCCESS,01-09-2026
PAY-4903,ORD-13449,9 331,wechat,pending,09/02/2026
PAY-4904,ORD-5506,970,COD,SUCCESS,2025-01-04
PAY-4905,ORD-7115,16446,COD,success,04-03-2025
PAY-4906,ORD-2134,2232,wechat,pending,2025-12-13
PAY-4907,ORD-14432,15967,alipay,SUCCESS,11/17/2026
PAY-4908,ORD-9583,5 793,card,success,2025-07-16
PAY-4909,ORD-7762,14559,wechat,pending,03/11/2024
PAY-4910,ORD-5794,16158,alipay,success,11/06/2026
PAY-4911,ORD-4164,"4 772,00",alipay,success,01/04/2026
PAY-4912,ORD-7963,3528,COD,SUCCESS,23-04-2024
PAY-4913,ORD-7733,16303,wechat,success,02-11-2026
PAY-4914,ORD-10607,"13 503,00",wechat,pending,06/08/2025
PAY-4915,ORD-7257,"$1,640.00",card,success,2025-09-22
PAY-4916,ORD-10282,"$1,157.00",card,SUCCESS,06-04-2025
PAY-4917,ORD-3931,5875,COD,failed,03/02/2025
PAY-4918,ORD-1365,"$6,960.00",COD,success,2025-04-09
PAY-4919,ORD-14664,17976,COD,SUCCESS,2026-01-14
PAY-4920,ORD-6917,"$9,356.00",COD,SUCCESS,2026-11-19
PAY-4921,ORD-14460,"$7,472.00",wechat,success,2026-08-10
PAY-4922,ORD-1271,18599,wechat,success,2024-02-07
PAY-4923,ORD-6474,"$15,441.00",alipay,success,12/14/2026
PAY-4924,ORD-4180,"$1,369.00",alipay,success,2026-07-08
PAY-4925,ORD-3210,"$6,811.00",card,success,12/26/2026
PAY-4926,ORD-12582,9805,alipay,pending,01/08/2025
PAY-4927,ORD-1086,17429,card,success,06/15/2026
PAY-4928,ORD-2451,15849,alipay,pending,11/28/2025
PAY-4929,ORD-12354,10217,alipay,pending,10/18/2025
PAY-4930,ORD-5433,4357,card,pending,2025-09-09
PAY-4931,ORD-567,"$5,342.00",wechat,pending,2024-08-08
PAY-4932,ORD-5035,"$14,379.00",alipay,pending,2024-07-18
PAY-4933,ORD-9089,3150,card,pending,2026-03-09
PAY-4934,ORD-4332,7374,card,success,02/26/2024
PAY-4935,ORD-14026,10172,COD,failed,2024-05-08
PAY-4936,ORD-10301,"15 472,00",card,success,2026-12-05
PAY-4937,ORD-14874,"$5,866.00",COD,success,03-12-2025
PAY-4938,ORD-7843,11573,wechat,SUCCESS,06-08-2026
PAY-4939,ORD-1966,"$5,704.00",wechat,pending,28-11-2024
PAY-4940,ORD-1166,18385,card,SUCCESS,06/01/2026
PAY-4941,ORD-1285,7893,COD,pending,2026-02-02
PAY-4942,ORD-1405,8818,alipay,success,2025-05-11
PAY-4943,ORD-7987,"$12,593.00",alipay,success,20-05-2026
PAY-4944,ORD-9432,2937,alipay,pending,2024-02-25
PAY-4945,ORD-1347,5141,COD,pending,2026-08-08
PAY-4946,ORD-4120,"$14,922.00",wechat,success,2026-01-25
PAY-4947,ORD-287,13997,wechat,pending,2025-02-17
PAY-4948,ORD-11739,"19 998,00",card,success,09/07/2025
PAY-4949,ORD-2459,9523,card,success,2026-05-10
PAY-4950,ORD-559,"$16,182.00",alipay,SUCCESS,2026-05-23
PAY-4951,ORD-12788,"$13,343.00",COD,SUCCESS,05/06/2024
PAY-4952,ORD-12615,"$17,537.00",card,pending,2024-02-08
PAY-4953,ORD-5892,8188,wechat,success,02/28/2026
PAY-4954,ORD-11825,449,alipay,pending,21-05-2025
PAY-4955,ORD-4150,15713,alipay,success,2026-07-11
PAY-4956,ORD-5903,"4 665,00",card,SUCCESS,10-07-2025
PAY-4957,ORD-9581,13116,alipay,failed,2024-07-22
PAY-4958,ORD-14851,11 351,wechat,success,2024-12-14
PAY-4959,ORD-7021,"14 101,00",alipay,success,2026-11-19
PAY-4960,ORD-907,1 182,alipay,success,08-01-2025
PAY-4961,ORD-6032,"$17,091.00",wechat,success,27-05-2025
PAY-4962,ORD-10544,"3 787,00",alipay,failed,2024-10-09
PAY-4963,ORD-13478,593,wechat,success,2026-07-15
PAY-4964,ORD-8835,"$5,972.00",COD,pending,2026-02-16
PAY-4965,ORD-14249,"$6,497.00",alipay,SUCCESS,08/03/2024
PAY-4966,ORD-7716,8523,COD,pending,08/27/2026
PAY-4967,ORD-13434,1585,wechat,success,2025-07-26
PAY-4968,ORD-10361,"$13,692.00",COD,SUCCESS,04/15/2026
PAY-4969,ORD-1342,13408,card,success,26-08-2026
PAY-4970,ORD-5858,2030,wechat,success,2025-09-18
PAY-4971,ORD-4755,9 850,COD,SUCCESS,04/03/2025
PAY-4972,ORD-14896,"$7,934.00",card,SUCCESS,2026-06-26
PAY-4973,ORD-7334,"$5,353.00",alipay,pending,09-02-2024
PAY-4974,ORD-3897,19759,alipay,pending,01/05/2024
PAY-4975,ORD-6610,8303,wechat,SUCCESS,03/12/2024
PAY-4976,ORD-9755,"11 878,00",alipay,SUCCESS,01-07-2024
PAY-4977,ORD-5590,"$4,505.00",COD,failed,27-10-2025
PAY-4978,ORD-3066,702,alipay,pending,2026-01-16
PAY-4979,ORD-7092,"5 662,00",wechat,pending,02/25/2026
PAY-4980,ORD-10199,"5 604,00",wechat,SUCCESS,2024-11-02
PAY-4981,ORD-10103,19283,card,pending,05/01/2024
PAY-4982,ORD-11249,"$12,117.00",alipay,success,06/25/2024
PAY-4983,ORD-5078,3123,alipay,SUCCESS,11/04/2024
PAY-4984,ORD-4001,4648,wechat,pending,2025-04-10
PAY-4985,ORD-14898,7806,wechat,success,10/11/2025
PAY-4986,ORD-4790,"$16,807.00",wechat,SUCCESS,2026-11-08
PAY-4987,ORD-10179,9614,alipay,failed,2025-05-24
PAY-4988,ORD-4712,18903,COD,pending,2024-08-11
PAY-4989,ORD-4645,18 358,alipay,success,2026-03-09
PAY-4990,ORD-14705,"$3,976.00",alipay,failed,27-04-2024
PAY-4991,ORD-14337,"$13,364.00",wechat,success,2026-08-03
PAY-4992,ORD-1632,"$4,409.00",alipay,pending,2026-10-23
PAY-4993,ORD-12103,15277,card,SUCCESS,2024-10-20
PAY-4994,ORD-9433,11 649,card,pending,02/17/2025
PAY-4995,ORD-9829,16689,alipay,SUCCESS,26-10-2025
PAY-4996,ORD-6648,"$1,022.00",wechat,pending,10/19/2026
PAY-4997,ORD-6497,5269,alipay,success,2026-05-01
PAY-4998,ORD-1030,18995,wechat,SUCCESS,2026-08-26
PAY-4999,ORD-11414,3301,alipay,success,03-03-2024
PAY-5000,ORD-4381,15 350,alipay,pending,2026-11-13
PAY-5001,ORD-11709,19616,COD,success,06-06-2024
PAY-5002,ORD-2147,14273,COD,success,2025-07-15
PAY-5003,ORD-1773,"$9,581.00",wechat,success,2024-09-15
PAY-5004,ORD-12621,9 510,COD,pending,2025-01-18
PAY-5005,ORD-14715,19073,wechat,success,2024-07-06
PAY-5006,ORD-11085,5024,alipay,failed,2026-09-12
PAY-5007,ORD-9770,8604,alipay,success,2024-10-17
PAY-5008,ORD-2878,5850,wechat,SUCCESS,2026-04-21
PAY-5009,ORD-8200,4893,card,pending,2025-09-10
PAY-5010,ORD-1856,"4 357,00",card,pending,2025-10-14
PAY-5011,ORD-12919,5741,alipay,SUCCESS,2024-01-15
PAY-5012,ORD-5589,11497,alipay,success,2024-02-28
PAY-5013,ORD-8987,17343,card,failed,2026-02-27
PAY-5014,ORD-6158,"$14,770.00",COD,pending,2026-12-14
PAY-5015,ORD-115,"902,00",wechat,success,2024-12-02
PAY-5016,ORD-11203,$464.00,alipay,SUCCESS,2024-01-21
PAY-5017,ORD-3667,7144,card,success,24-03-2024
PAY-5018,ORD-9482,"$3,075.00",alipay,SUCCESS,21-02-2024
PAY-5019,ORD-13351,18811,wechat,pending,13-03-2024
PAY-5020,ORD-5437,12 699,wechat,SUCCESS,2025-09-14
PAY-5021,ORD-12789,5529,COD,success,05/20/2026
PAY-5022,ORD-7672,"$4,224.00",alipay,success,06/13/2026
PAY-5023,ORD-1603,"$9,207.00",alipay,SUCCESS,2026-11-09
PAY-5024,ORD-459,186,alipay,SUCCESS,27-04-2024
PAY-5025,ORD-10526,5 630,alipay,pending,2024-02-22
PAY-5026,ORD-4367,"$16,193.00",wechat,SUCCESS,2024-01-28
PAY-5027,ORD-7313,8394,wechat,pending,10/22/2025
PAY-5028,ORD-14954,"$2,020.00",alipay,SUCCESS,04/23/2026
PAY-5029,ORD-9446,4 679,alipay,pending,2024-10-10
PAY-5030,ORD-9045,"17 826,00",alipay,SUCCESS,08/27/2024
PAY-5031,ORD-4080,19504,wechat,pending,07/02/2026
PAY-5032,ORD-816,6803,wechat,pending,17-01-2025
PAY-5033,ORD-4022,11107,card,pending,2026-09-03
PAY-5034,ORD-6080,14950,card,success,2024-11-23
PAY-5035,ORD-4029,9433,alipay,pending,2024-04-05
PAY-5036,ORD-8160,11009,alipay,SUCCESS,06/22/2026
PAY-5037,ORD-13414,6667,alipay,pending,2026-07-20
PAY-5038,ORD-4433,"$6,374.00",wechat,success,27-07-2025
PAY-5039,ORD-6561,8299,alipay,success,09/01/2026
PAY-5040,ORD-6365,9552,alipay,SUCCESS,2025-04-12
PAY-5041,ORD-10637,"$2,059.00",COD,SUCCESS,2025-09-17
PAY-5042,ORD-1777,19791,wechat,success,2024-05-27
PAY-5043,ORD-10189,6999,wechat,success,2024-03-23
PAY-5044,ORD-1061,"$17,382.00",COD,pending,11/21/2026
PAY-5045,ORD-6773,"17 026,00",wechat,success,07-03-2025
PAY-5046,ORD-6163,"$19,722.00",alipay,success,2024-03-18
PAY-5047,ORD-1368,"$16,387.00",alipay,SUCCESS,2025-08-26
PAY-5048,ORD-3319,13 373,card,SUCCESS,2024-04-22
PAY-5049,ORD-8489,14335,COD,success,2025-03-21
PAY-5050,ORD-9809,"$5,573.00",COD,success,2024-07-08
PAY-5051,ORD-6452,16913,alipay,pending,04/07/2026
PAY-5052,ORD-1577,4480,card,success,10/14/2025
PAY-5053,ORD-12873,8069,alipay,pending,01-05-2025
PAY-5054,ORD-5396,12 056,card,SUCCESS,04/10/2024
PAY-5055,ORD-6439,15261,COD,success,17-04-2024
PAY-5056,ORD-9876,"$10,690.00",card,success,05/15/2025
PAY-5057,ORD-10767,"$4,096.00",alipay,failed,07/16/2026
PAY-5058,ORD-7929,9864,wechat,pending,2025-09-27
PAY-5059,ORD-3505,$485.00,wechat,success,2024-09-07
PAY-5060,ORD-14683,"6 611,00",card,pending,2026-05-19
PAY-5061,ORD-13755,1590,alipay,failed,2024-08-17
PAY-5062,ORD-7524,3720,wechat,success,15-03-2025
PAY-5063,ORD-1776,"$9,016.00",wechat,SUCCESS,13-11-2025
PAY-5064,ORD-1906,"$15,020.00",alipay,SUCCESS,2025-01-25
PAY-5065,ORD-4848,"$14,173.00",wechat,SUCCESS,2025-03-20
PAY-5066,ORD-8090,"751,00",COD,pending,2026-01-07
PAY-5067,ORD-5311,"19 664,00",COD,success,2025-07-12
PAY-5068,ORD-8302,3329,COD,SUCCESS,09/16/2026
PAY-5069,ORD-7561,"9 628,00",COD,success,05/23/2025
PAY-5070,ORD-8598,"16 290,00",COD,SUCCESS,06/16/2026
PAY-5071,ORD-6398,5 046,card,SUCCESS,2024-09-20
PAY-5072,ORD-7368,1153,COD,SUCCESS,07/21/2024
PAY-5073,ORD-10470,"$17,681.00",card,pending,2024-11-14
PAY-5074,ORD-1099,14412,card,pending,2024-06-06
PAY-5075,ORD-9704,10856,COD,SUCCESS,06/08/2024
PAY-5076,ORD-4085,847,wechat,success,2026-05-15
PAY-5077,ORD-9920,15557,wechat,success,2025-05-07
PAY-5078,ORD-6557,"$10,007.00",alipay,SUCCESS,2025-12-11
PAY-5079,ORD-3795,17524,COD,pending,17-04-2026
PAY-5080,ORD-3364,15954,card,SUCCESS,19-07-2025
PAY-5081,ORD-8202,11564,wechat,success,2026-06-20
PAY-5082,ORD-2157,12006,card,SUCCESS,08/02/2026
PAY-5083,ORD-1210,7046,COD,success,2026-12-05
PAY-5084,ORD-7126,8585,COD,success,25-08-2024
PAY-5085,ORD-3942,"$1,912.00",wechat,pending,01/12/2024
PAY-5086,ORD-13879,"9 566,00",card,pending,10/06/2026
PAY-5087,ORD-12587,"$15,946.00",wechat,success,05/26/2026
PAY-5088,ORD-4690,10095,wechat,success,01/25/2024
PAY-5089,ORD-3062,3053,alipay,pending,05/18/2025
PAY-5090,ORD-7056,6382,COD,success,2024-09-06
PAY-5091,ORD-7682,16539,alipay,success,2024-01-15
PAY-5092,ORD-13182,16388,COD,pending,24-02-2024
PAY-5093,ORD-11914,"11 917,00",wechat,pending,2026-07-09
PAY-5094,ORD-10365,12943,COD,success,15-09-2025
PAY-5095,ORD-3019,"$18,511.00",alipay,success,2024-01-12
PAY-5096,ORD-11403,15006,alipay,SUCCESS,2025-05-19
PAY-5097,ORD-2365,9 645,alipay,success,2024-07-20
PAY-5098,ORD-1250,"$10,322.00",wechat,success,10-08-2025
PAY-5099,ORD-2390,"$5,402.00",card,SUCCESS,12/12/2025
PAY-5100,ORD-5798,12395,card,success,03/24/2025
PAY-5101,ORD-11213,17063,wechat,success,17-09-2025
PAY-5102,ORD-3933,6953,COD,pending,2025-02-19
PAY-5103,ORD-11468,"$15,799.00",COD,pending,12/06/2025
PAY-5104,ORD-12011,"$5,806.00",COD,SUCCESS,09-06-2024
PAY-5105,ORD-8929,19 417,card,failed,2025-08-24
PAY-5106,ORD-5261,"$14,556.00",wechat,SUCCESS,2025-01-24
PAY-5107,ORD-13420,"$1,161.00",alipay,pending,2024-04-26
PAY-5108,ORD-2799,16460,card,failed,06/09/2025
PAY-5109,ORD-3389,7709,wechat,success,2026-11-01
PAY-5110,ORD-6941,"$16,493.00",wechat,pending,20-05-2024
PAY-5111,ORD-11511,18185,card,SUCCESS,2024-05-06
PAY-5112,ORD-10142,11702,wechat,failed,2024-02-23
PAY-5113,ORD-4070,7756,COD,success,2025-08-19
PAY-5114,ORD-9344,613,card,success,2024-06-05
PAY-5115,ORD-1166,14110,COD,pending,2025-06-19
PAY-5116,ORD-11722,4910,COD,SUCCESS,2025-03-02
PAY-5117,ORD-2853,1952,wechat,pending,2025-06-20
PAY-5118,ORD-551,6064,COD,SUCCESS,01/21/2026
PAY-5119,ORD-4424,7822,COD,SUCCESS,2026-11-06
PAY-5120,ORD-11095,"18 256,00",card,SUCCESS,11/05/2026
PAY-5121,ORD-4239,"$14,430.00",alipay,success,2024-05-17
PAY-5122,ORD-743,4328,card,failed,2026-01-04
PAY-5123,ORD-12507,4001,wechat,pending,24-06-2026
PAY-5124,ORD-1844,8639,COD,pending,2025-04-19
PAY-5125,ORD-5061,9 030,wechat,SUCCESS,11/08/2024
PAY-5126,ORD-10568,"$3,765.00",wechat,SUCCESS,03-08-2025
PAY-5127,ORD-11370,$774.00,alipay,success,2025-02-14
PAY-5128,ORD-5239,"$8,769.00",alipay,pending,05/20/2024
PAY-5129,ORD-6781,"$11,022.00",COD,success,2024-07-27
PAY-5130,ORD-6522,"19 913,00",card,pending,2024-03-04
PAY-5131,ORD-13811,"$9,556.00",COD,SUCCESS,06/04/2026
PAY-5132,ORD-363,"$7,531.00",alipay,success,06/05/2025
PAY-5133,ORD-14639,"9 972,00",card,pending,19-03-2026
PAY-5134,ORD-2254,11570,alipay,SUCCESS,12/19/2026
PAY-5135,ORD-14275,"$8,593.00",wechat,SUCCESS,06/15/2024
PAY-5136,ORD-11386,"$11,055.00",alipay,success,2024-12-22
PAY-5137,ORD-4687,6882,COD,pending,13-03-2025
PAY-5138,ORD-10017,7720,card,failed,23-03-2026
PAY-5139,ORD-14424,"$2,606.00",wechat,SUCCESS,2024-01-15
PAY-5140,ORD-6951,"5 937,00",wechat,pending,11/10/2024
PAY-5141,ORD-3404,"$8,018.00",card,success,2025-10-01
PAY-5142,ORD-11530,1596,alipay,success,2024-07-17
PAY-5143,ORD-11773,1424,COD,pending,02-12-2024
PAY-5144,ORD-1856,15504,COD,pending,01-08-2026
PAY-5145,ORD-5102,18706,card,pending,06/04/2024
PAY-5146,ORD-9170,$353.00,wechat,pending,2025-11-04
PAY-5147,ORD-12126,"$16,293.00",COD,SUCCESS,2024-09-19
PAY-5148,ORD-9695,14527,card,success,2025-09-02
PAY-5149,ORD-7034,"$18,069.00",COD,pending,2024-09-08
PAY-5150,ORD-10515,"$5,595.00",COD,success,10/11/2026
PAY-5151,ORD-4958,7918,wechat,SUCCESS,2026-07-10
PAY-5152,ORD-12066,4044,COD,SUCCESS,07/07/2026
PAY-5153,ORD-10163,12107,wechat,pending,2024-11-23
PAY-5154,ORD-4157,"$12,579.00",COD,pending,2025-02-13
PAY-5155,ORD-10748,7392,COD,pending,2024-08-22
PAY-5156,ORD-12140,16730,card,SUCCESS,05/08/2025
PAY-5157,ORD-7835,"$5,927.00",COD,SUCCESS,2024-08-05
PAY-5158,ORD-12058,8892,alipay,success,2024-06-26
PAY-5159,ORD-3046,16262,card,success,11/15/2026
PAY-5160,ORD-12491,11078,alipay,SUCCESS,2026-03-14
PAY-5161,ORD-11416,12092,COD,pending,2026-03-25
PAY-5162,ORD-7352,10081,alipay,success,08/16/2025
PAY-5163,ORD-7142,12274,wechat,failed,2024-10-12
PAY-5164,ORD-1233,18 763,COD,pending,04/08/2026
PAY-5165,ORD-5078,"$8,454.00",card,pending,05/06/2025
PAY-5166,ORD-7252,"$16,244.00",alipay,SUCCESS,23-04-2025
PAY-5167,ORD-3373,"$19,072.00",alipay,success,26-12-2024
PAY-5168,ORD-6934,"$6,114.00",wechat,pending,2025-08-05
PAY-5169,ORD-10365,16141,wechat,pending,2024-05-12
PAY-5170,ORD-4444,"$9,145.00",card,pending,14-09-2025
PAY-5171,ORD-2277,14 755,COD,SUCCESS,02/13/2025
PAY-5172,ORD-8220,12853,alipay,success,2024-06-19
PAY-5173,ORD-5882,10211,wechat,pending,03/20/2026
PAY-5174,ORD-8221,"$11,192.00",COD,pending,05/18/2024
PAY-5175,ORD-5306,273,COD,SUCCESS,2025-09-08
PAY-5176,ORD-8623,"2 216,00",alipay,success,10/14/2025
PAY-5177,ORD-11462,15 629,alipay,pending,2024-12-11
PAY-5178,ORD-14538,10313,alipay,SUCCESS,28-02-2025
PAY-5179,ORD-3388,"$3,262.00",COD,pending,12/24/2026
PAY-5180,ORD-9165,"3 867,00",wechat,pending,2026-01-22
PAY-5181,ORD-12023,"$16,877.00",card,SUCCESS,10/13/2024
PAY-5182,ORD-6831,"2 659,00",alipay,pending,2025-02-10
PAY-5183,ORD-3146,"8 497,00",card,pending,10/03/2026
PAY-5184,ORD-12300,"$8,528.00",alipay,success,09/09/2025
PAY-5185,ORD-4848,"16 817,00",wechat,pending,2025-07-19
PAY-5186,ORD-6855,19148,card,success,04/20/2024
PAY-5187,ORD-10084,"4 119,00",card,SUCCESS,03/26/2024
PAY-5188,ORD-9341,"$17,755.00",wechat,pending,04-03-2024
PAY-5189,ORD-8398,"$6,450.00",alipay,success,05/25/2024
PAY-5190,ORD-11784,"$1,423.00",wechat,success,03/03/2025
PAY-5191,ORD-13132,11887,alipay,pending,2024-03-05
PAY-5192,ORD-12004,9331,alipay,pending,2026-09-11
PAY-5193,ORD-11877,8090,COD,success,2026-01-05
PAY-5194,ORD-11760,10402,card,SUCCESS,2026-02-18
PAY-5195,ORD-5211,9492,COD,SUCCESS,11/07/2025
PAY-5196,ORD-7246,"$9,494.00",COD,success,22-09-2026
PAY-5197,ORD-4842,11 484,wechat,pending,2024-11-13
PAY-5198,ORD-14754,5310,card,SUCCESS,2024-03-25
PAY-5199,ORD-4109,"$5,491.00",wechat,pending,05-11-2025
PAY-5200,ORD-2737,"$8,803.00",COD,pending,2025-06-08
PAY-5201,ORD-8997,15895,wechat,failed,2024-08-07
PAY-5202,ORD-2331,"$1,266.00",alipay,SUCCESS,2025-07-15
PAY-5203,ORD-5320,"6 789,00",card,SUCCESS,2026-11-04
PAY-5204,ORD-3094,"$2,833.00",card,pending,2024-08-07
PAY-5205,ORD-14122,12162,alipay,success,05/20/2026
PAY-5206,ORD-7136,3261,COD,pending,08-01-2024
PAY-5207,ORD-4290,"$19,386.00",alipay,pending,07/13/2025
PAY-5208,ORD-11798,"$11,833.00",COD,pending,2025-02-04
PAY-5209,ORD-11031,1875,COD,success,2026-06-21
PAY-5210,ORD-4989,"3 835,00",wechat,success,2026-07-07
PAY-5211,ORD-4377,"$18,538.00",wechat,pending,02/08/2024
PAY-5212,ORD-14810,3006,alipay,failed,10/22/2025
PAY-5213,ORD-11462,"11 055,00",card,pending,2025-03-02
PAY-5214,ORD-8675,11388,COD,SUCCESS,25-06-2025
PAY-5215,ORD-2043,13527,alipay,pending,02-07-2026
PAY-5216,ORD-14809,19774,wechat,pending,2025-02-05
PAY-5217,ORD-7489,"$4,756.00",card,pending,2026-10-11
PAY-5218,ORD-3561,"$13,385.00",COD,SUCCESS,13-03-2024
PAY-5219,ORD-4342,19569,wechat,SUCCESS,2026-10-25
PAY-5220,ORD-2264,986,card,pending,09/20/2024
PAY-5221,ORD-14485,"$3,660.00",alipay,success,2026-02-17
PAY-5222,ORD-7136,"$16,759.00",card,failed,09-01-2026
PAY-5223,ORD-14403,"$4,995.00",COD,pending,2024-08-23
PAY-5224,ORD-9132,6306,wechat,SUCCESS,02/21/2026
PAY-5225,ORD-11325,"$9,792.00",alipay,SUCCESS,2024-02-16
PAY-5226,ORD-7597,14118,alipay,success,2026-03-12
PAY-5227,ORD-4580,"$10,664.00",card,SUCCESS,08/07/2025
PAY-5228,ORD-13892,1 994,alipay,SUCCESS,2025-07-04
PAY-5229,ORD-12006,"$12,185.00",card,success,2024-02-19
PAY-5230,ORD-14881,"$1,614.00",alipay,SUCCESS,10/18/2026
PAY-5231,ORD-5760,15 919,wechat,SUCCESS,08/21/2025
PAY-5232,ORD-1950,3229,COD,failed,2026-01-22
PAY-5233,ORD-13914,"$8,877.00",COD,pending,04/07/2025
PAY-5234,ORD-2802,12613,card,success,2025-04-18
PAY-5235,ORD-5508,15541,wechat,success,2024-10-27
PAY-5236,ORD-471,1 015,alipay,pending,28-11-2026
PAY-5237,ORD-11999,14901,COD,success,2024-08-25
PAY-5238,ORD-10616,"$2,482.00",alipay,SUCCESS,10/07/2024
PAY-5239,ORD-1442,7301,card,success,2026-11-23
PAY-5240,ORD-5739,2362,wechat,SUCCESS,2026-07-18
PAY-5241,ORD-8514,6024,wechat,pending,25-10-2024
PAY-5242,ORD-5887,1634,wechat,pending,22-10-2026
PAY-5243,ORD-11945,766,wechat,SUCCESS,2025-02-04
PAY-5244,ORD-6361,"$17,897.00",COD,success,2026-11-23
PAY-5245,ORD-14442,"$10,075.00",COD,success,2025-05-16
PAY-5246,ORD-2005,15 611,wechat,SUCCESS,2024-04-11
PAY-5247,ORD-7735,17927,alipay,success,10/10/2024
PAY-5248,ORD-14836,"$10,404.00",COD,SUCCESS,2024-07-27
PAY-5249,ORD-11828,12166,COD,failed,2024-06-22
PAY-5250,ORD-7496,14106,wechat,SUCCESS,20-10-2025
PAY-5251,ORD-1429,"443,00",alipay,SUCCESS,11/10/2024
PAY-5252,ORD-12593,13307,COD,SUCCESS,07-06-2026
PAY-5253,ORD-6734,2103,card,failed,2025-09-10
PAY-5254,ORD-11462,"13 784,00",COD,SUCCESS,2025-11-16
PAY-5255,ORD-4500,"7 940,00",alipay,SUCCESS,12-11-2025
PAY-5256,ORD-7946,11111,card,pending,02/14/2026
PAY-5257,ORD-4621,9994,alipay,success,2024-12-17
PAY-5258,ORD-6791,12374,alipay,SUCCESS,03/20/2026
PAY-5259,ORD-3564,$138.00,alipay,success,12/07/2025
PAY-5260,ORD-4062,9794,wechat,SUCCESS,2024-02-03
PAY-5261,ORD-6913,"13 757,00",alipay,pending,2024-02-14
PAY-5262,ORD-9552,$988.00,COD,pending,01/22/2025
PAY-5263,ORD-6838,"$11,605.00",card,pending,2025-07-01
PAY-5264,ORD-14123,17842,card,SUCCESS,2024-06-19
PAY-5265,ORD-4996,14938,wechat,pending,2024-12-12
PAY-5266,ORD-14447,"$3,078.00",alipay,pending,2025-08-16
PAY-5267,ORD-335,5613,card,success,12-08-2024
PAY-5268,ORD-11138,"$15,996.00",wechat,SUCCESS,2026-12-03
PAY-5269,ORD-10580,11305,wechat,pending,09/09/2025
PAY-5270,ORD-209,"$4,420.00",card,success,01/06/2024
PAY-5271,ORD-6029,5828,card,pending,01-12-2026
PAY-5272,ORD-7879,"$3,877.00",card,SUCCESS,05/25/2025
PAY-5273,ORD-5951,"$10,402.00",COD,success,10/13/2024
PAY-5274,ORD-8502,"$5,367.00",card,SUCCESS,2025-06-03
PAY-5275,ORD-11465,19078,wechat,SUCCESS,27-09-2026
PAY-5276,ORD-10777,"$17,454.00",card,pending,05-05-2025
PAY-5277,ORD-2766,"$4,271.00",wechat,SUCCESS,08/06/2024
PAY-5278,ORD-5568,"$9,047.00",card,pending,2025-04-11
PAY-5279,ORD-9716,"$11,012.00",alipay,SUCCESS,2025-03-07
PAY-5280,ORD-5888,13079,wechat,pending,2025-07-17
PAY-5281,ORD-12702,"$7,994.00",COD,pending,08/17/2026
PAY-5282,ORD-2717,"$4,431.00",wechat,success,2025-05-15
PAY-5283,ORD-7778,6210,COD,failed,2024-10-13
PAY-5284,ORD-2369,"$1,555.00",alipay,SUCCESS,2024-07-13
PAY-5285,ORD-6136,"6 326,00",wechat,pending,12/11/2024
PAY-5286,ORD-1271,"17 912,00",wechat,pending,2026-05-10
PAY-5287,ORD-5730,12447,card,success,2024-10-28
PAY-5288,ORD-419,"15 780,00",card,pending,10/06/2025
PAY-5289,ORD-6848,15302,COD,pending,2025-07-04
PAY-5290,ORD-5954,5830,wechat,pending,2025-12-28
PAY-5291,ORD-980,18635,card,success,07/10/2025
PAY-5292,ORD-1391,2 382,wechat,SUCCESS,2024-02-08
PAY-5293,ORD-1073,300,alipay,pending,2026-08-18
PAY-5294,ORD-12427,"$10,875.00",alipay,failed,2026-06-26
PAY-5295,ORD-2194,"$7,700.00",wechat,pending,2024-07-05
PAY-5296,ORD-7910,"6 609,00",wechat,SUCCESS,06/09/2024
PAY-5297,ORD-13285,"$11,904.00",COD,SUCCESS,11-09-2024
PAY-5298,ORD-6930,10646,wechat,pending,12-10-2025
PAY-5299,ORD-10774,"$7,734.00",wechat,pending,12/24/2025
PAY-5300,ORD-1013,10587,card,pending,2024-02-18
PAY-5301,ORD-11957,12524,wechat,SUCCESS,2024-07-25
PAY-5302,ORD-8581,16741,card,pending,03/13/2024
PAY-5303,ORD-7647,4 703,card,pending,2026-06-13
PAY-5304,ORD-3373,"$13,443.00",wechat,pending,04/07/2026
PAY-5305,ORD-1467,11399,card,SUCCESS,28-09-2024
PAY-5306,ORD-11424,"$8,818.00",COD,pending,09/24/2024
PAY-5307,ORD-12415,8644,card,pending,07/28/2024
PAY-5308,ORD-14825,"272,00",card,SUCCESS,2026-04-19
PAY-5309,ORD-13592,"$18,679.00",COD,success,10/26/2025
PAY-5310,ORD-5076,1 545,wechat,failed,2026-10-19
PAY-5311,ORD-13647,750,COD,success,05/19/2025
PAY-5312,ORD-5545,12 112,alipay,pending,2026-04-10
PAY-5313,ORD-1835,6 648,alipay,success,2026-08-16
PAY-5314,ORD-2831,"$15,339.00",wechat,success,2025-05-27
PAY-5315,ORD-12869,"$9,098.00",COD,SUCCESS,20-02-2024
PAY-5316,ORD-11135,"$1,512.00",alipay,pending,2025-07-08
PAY-5317,ORD-8449,14 467,wechat,success,2024-03-09
PAY-5318,ORD-8336,"$10,019.00",alipay,SUCCESS,2025-05-20
PAY-5319,ORD-8401,13927,alipay,success,20-01-2024
PAY-5320,ORD-5875,15333,COD,pending,2024-12-04
PAY-5321,ORD-2168,6998,wechat,pending,07/01/2024
PAY-5322,ORD-13466,"$3,114.00",wechat,pending,22-10-2025
PAY-5323,ORD-8558,"$10,855.00",COD,success,2025-03-24
PAY-5324,ORD-14200,"$15,758.00",card,SUCCESS,10/04/2024
PAY-5325,ORD-3670,228,card,success,04-08-2026
PAY-5326,ORD-7788,13443,COD,success,10/21/2024
PAY-5327,ORD-2639,"$10,815.00",wechat,success,08/03/2025
PAY-5328,ORD-10338,"$18,696.00",card,failed,12/25/2024
PAY-5329,ORD-13312,653,wechat,pending,06/19/2025
PAY-5330,ORD-8855,17780,wechat,pending,11/10/2024
PAY-5331,ORD-3453,"$5,537.00",COD,pending,2025-07-25
PAY-5332,ORD-10715,17744,wechat,pending,11/23/2025
PAY-5333,ORD-2925,14 463,alipay,success,02/28/2024
PAY-5334,ORD-81,9170,wechat,success,2025-04-15
PAY-5335,ORD-8271,"2 989,00",COD,success,01-09-2025
PAY-5336,ORD-7045,"6 248,00",COD,pending,2026-07-27
PAY-5337,ORD-5818,16578,card,success,2026-09-11
PAY-5338,ORD-11799,"$17,209.00",alipay,pending,2026-08-16
PAY-5339,ORD-3972,"11 891,00",wechat,pending,26-03-2024
PAY-5340,ORD-3174,7792,alipay,pending,16-11-2025
PAY-5341,ORD-12376,19008,wechat,SUCCESS,2026-06-28
PAY-5342,ORD-3282,"$18,394.00",COD,SUCCESS,2024-06-25
PAY-5343,ORD-915,13231,wechat,pending,10-10-2026
PAY-5344,ORD-10884,3079,COD,SUCCESS,2024-09-26
PAY-5345,ORD-8829,9138,COD,SUCCESS,10/07/2026
PAY-5346,ORD-5980,"$7,858.00",COD,success,2026-12-17
PAY-5347,ORD-14901,"$3,467.00",wechat,SUCCESS,02/09/2025
PAY-5348,ORD-10950,5349,card,SUCCESS,2025-12-15
PAY-5349,ORD-7800,"$12,073.00",wechat,failed,2026-10-27
PAY-5350,ORD-11408,5362,card,pending,13-10-2026
PAY-5351,ORD-8138,10072,COD,failed,12/12/2025
PAY-5352,ORD-7165,"$8,972.00",alipay,pending,2024-04-17
PAY-5353,ORD-5636,6740,COD,success,2026-01-03
PAY-5354,ORD-4608,14427,COD,pending,2026-02-18
PAY-5355,ORD-7512,1 154,card,success,2025-10-06
PAY-5356,ORD-7928,"$11,888.00",wechat,pending,03/13/2026
PAY-5357,ORD-7191,"$13,080.00",wechat,pending,05/26/2026
PAY-5358,ORD-12894,4518,wechat,pending,2024-10-13
PAY-5359,ORD-5509,18479,COD,pending,2026-01-20
PAY-5360,ORD-13248,15301,wechat,pending,2026-06-07
PAY-5361,ORD-6677,"4 744,00",COD,SUCCESS,2026-06-24
PAY-5362,ORD-9577,14053,COD,SUCCESS,11-04-2026
PAY-5363,ORD-5631,"10 482,00",card,SUCCESS,2024-04-28
PAY-5364,ORD-5576,5521,card,pending,05/15/2025
PAY-5365,ORD-4104,3742,alipay,success,02/16/2025
PAY-5366,ORD-5661,8605,card,pending,11/12/2024
PAY-5367,ORD-736,"$14,853.00",alipay,pending,08/22/2025
PAY-5368,ORD-6683,"17 365,00",wechat,pending,2024-04-15
PAY-5369,ORD-2292,10152,card,SUCCESS,2024-12-13
PAY-5370,ORD-716,1017,card,pending,06-08-2025
PAY-5371,ORD-12085,"10 159,00",COD,SUCCESS,04-11-2024
PAY-5372,ORD-3774,7928,card,pending,01/26/2025
PAY-5373,ORD-1954,10370,card,pending,2024-09-06
PAY-5374,ORD-605,"$17,156.00",card,pending,12/17/2026
PAY-5375,ORD-5606,"$15,732.00",alipay,SUCCESS,04/19/2025
PAY-5376,ORD-10531,8025,COD,pending,2025-09-11
PAY-5377,ORD-483,"$4,281.00",alipay,pending,2026-04-20
PAY-5378,ORD-5831,16325,alipay,SUCCESS,2024-02-08
PAY-5379,ORD-4172,9 679,wechat,pending,14-03-2025
PAY-5380,ORD-13685,"$12,885.00",wechat,failed,2025-06-19
PAY-5381,ORD-8377,11480,alipay,success,2025-12-01
PAY-5382,ORD-14113,14636,wechat,failed,2024-01-28
PAY-5383,ORD-7057,"$2,976.00",wechat,success,2025-07-17
PAY-5384,ORD-6425,8363,wechat,success,11/03/2025
PAY-5385,ORD-8302,11412,COD,success,2026-07-09
PAY-5386,ORD-13748,11067,COD,success,11/18/2026
PAY-5387,ORD-10782,2 217,alipay,pending,08-05-2024
PAY-5388,ORD-4471,19209,wechat,pending,14-12-2026
PAY-5389,ORD-10610,10 047,card,pending,2024-02-04
PAY-5390,ORD-7633,"11 003,00",wechat,SUCCESS,05-02-2024
PAY-5391,ORD-259,9354,alipay,SUCCESS,22-11-2026
PAY-5392,ORD-8501,12613,card,success,08-10-2026
PAY-5393,ORD-4769,14 136,wechat,success,11/27/2026
PAY-5394,ORD-7186,"$4,261.00",card,SUCCESS,2024-11-21
PAY-5395,ORD-8581,"$19,580.00",card,success,2026-06-09
PAY-5396,ORD-4626,"$19,864.00",card,success,01-08-2024
PAY-5397,ORD-3328,496,wechat,pending,01/07/2025
PAY-5398,ORD-6715,"18 840,00",alipay,pending,03-10-2026
PAY-5399,ORD-11194,18934,wechat,success,2026-08-06
PAY-5400,ORD-6932,13819,wechat,SUCCESS,13-08-2024
PAY-5401,ORD-5973,14983,COD,pending,11/28/2026
PAY-5402,ORD-14770,3 253,COD,pending,2026-08-06
PAY-5403,ORD-13925,1940,COD,success,2026-10-08
PAY-5404,ORD-12481,16 193,card,success,12/14/2024
PAY-5405,ORD-5760,"$11,606.00",alipay,SUCCESS,2024-04-02
PAY-5406,ORD-13274,"$4,867.00",wechat,pending,2026-12-22
PAY-5407,ORD-5814,799,alipay,success,2024-10-20
PAY-5408,ORD-3762,13354,COD,SUCCESS,09/26/2024
PAY-5409,ORD-5998,4642,alipay,success,11-03-2025
PAY-5410,ORD-1753,838,COD,SUCCESS,2024-12-13
PAY-5411,ORD-3717,11874,wechat,success,2024-02-05
PAY-5412,ORD-8712,"13 278,00",card,success,18-11-2025
PAY-5413,ORD-952,"$13,947.00",card,pending,2025-07-12
PAY-5414,ORD-5326,4751,COD,success,03/25/2025
PAY-5415,ORD-6301,"$1,786.00",card,pending,09/20/2025
PAY-5416,ORD-5465,7198,COD,pending,09/18/2025
PAY-5417,ORD-1112,"$17,496.00",COD,pending,2025-10-02
PAY-5418,ORD-14341,"$15,240.00",card,success,01/28/2024
PAY-5419,ORD-7452,8 113,wechat,pending,2024-05-23
PAY-5420,ORD-11229,"$11,228.00",alipay,pending,03-12-2024
PAY-5421,ORD-7223,"$15,952.00",COD,SUCCESS,02-06-2025
PAY-5422,ORD-12574,5349,wechat,success,12/22/2024
PAY-5423,ORD-5784,7 324,COD,SUCCESS,2026-02-19
PAY-5424,ORD-11843,"12 005,00",card,pending,03/22/2026
PAY-5425,ORD-14752,15 018,card,SUCCESS,06/18/2024
PAY-5426,ORD-13241,5293,COD,SUCCESS,09-03-2026
PAY-5427,ORD-8491,7510,wechat,SUCCESS,16-06-2026
PAY-5428,ORD-11077,"14 110,00",alipay,SUCCESS,20-10-2025
PAY-5429,ORD-661,17 632,alipay,success,2024-08-16
PAY-5430,ORD-5424,17752,card,failed,06/04/2025
PAY-5431,ORD-14250,12296,card,SUCCESS,2024-05-23
PAY-5432,ORD-13068,"$15,765.00",wechat,pending,18-10-2026
PAY-5433,ORD-6455,19 989,alipay,SUCCESS,2026-10-02
PAY-5434,ORD-13072,6386,wechat,SUCCESS,2026-04-27
PAY-5435,ORD-4522,"$3,197.00",alipay,SUCCESS,2026-11-22
PAY-5436,ORD-12578,"$7,338.00",wechat,success,2025-04-05
PAY-5437,ORD-2601,16015,card,pending,2026-03-08
PAY-5438,ORD-12027,19392,wechat,SUCCESS,2026-10-03
PAY-5439,ORD-11582,"$9,300.00",COD,SUCCESS,02/28/2025
PAY-5440,ORD-3388,"$2,855.00",wechat,SUCCESS,2024-02-05
PAY-5441,ORD-4761,4786,alipay,success,2025-03-23
PAY-5442,ORD-8587,10121,card,SUCCESS,2024-06-01
PAY-5443,ORD-5226,2245,card,pending,12/22/2025
PAY-5444,ORD-10045,"$17,780.00",alipay,success,10/19/2026
PAY-5445,ORD-5524,"$19,502.00",card,pending,2026-11-02
PAY-5446,ORD-3691,15133,COD,pending,11/12/2026
PAY-5447,ORD-11655,"12 545,00",wechat,pending,2024-08-01
PAY-5448,ORD-128,8267,wechat,pending,2026-04-05
PAY-5449,ORD-1213,"$13,947.00",alipay,pending,2025-02-03
PAY-5450,ORD-11617,5 851,alipay,pending,20-11-2025
PAY-5451,ORD-14285,7469,alipay,pending,2024-10-15
PAY-5452,ORD-13215,2691,COD,success,2025-02-21
PAY-5453,ORD-7436,"$18,363.00",card,pending,2026-03-18
PAY-5454,ORD-11422,"$3,424.00",wechat,pending,2024-10-06
PAY-5455,ORD-12283,17 393,COD,SUCCESS,2024-07-02
PAY-5456,ORD-12164,"$14,601.00",card,success,08/19/2025
PAY-5457,ORD-9813,7464,alipay,pending,12-10-2026
PAY-5458,ORD-8972,"$11,726.00",alipay,failed,05-10-2025
PAY-5459,ORD-7391,"$16,236.00",wechat,SUCCESS,2024-03-20
PAY-5460,ORD-3750,"10 229,00",alipay,success,03/26/2026
PAY-5461,ORD-2891,"12 310,00",wechat,SUCCESS,23-04-2024
PAY-5462,ORD-14475,16046,wechat,SUCCESS,06/20/2025
PAY-5463,ORD-10023,"8 981,00",wechat,SUCCESS,2024-02-19
PAY-5464,ORD-11451,"$10,132.00",alipay,success,2025-07-08
PAY-5465,ORD-7382,$333.00,COD,success,2024-07-04
PAY-5466,ORD-2726,"$3,158.00",wechat,failed,12/06/2025
PAY-5467,ORD-3668,15625,card,success,23-05-2026
PAY-5468,ORD-7754,"$6,040.00",wechat,SUCCESS,05/07/2024
PAY-5469,ORD-9005,14 493,alipay,SUCCESS,2026-12-12
PAY-5470,ORD-13005,"$9,874.00",COD,SUCCESS,2026-11-11
PAY-5471,ORD-9031,16327,wechat,pending,11/07/2024
PAY-5472,ORD-7947,"$5,082.00",wechat,SUCCESS,2025-05-01
PAY-5473,ORD-11746,8365,alipay,SUCCESS,10/22/2025
PAY-5474,ORD-6371,"$6,831.00",card,pending,2024-05-08
PAY-5475,ORD-4446,19807,alipay,success,12/05/2025
PAY-5476,ORD-10775,"15 164,00",card,pending,2026-10-01
PAY-5477,ORD-13406,11756,wechat,SUCCESS,03-05-2026
PAY-5478,ORD-3874,"$7,352.00",alipay,SUCCESS,2026-07-27
PAY-5479,ORD-6776,7603,COD,success,2026-03-15
PAY-5480,ORD-6138,10957,wechat,SUCCESS,2025-08-07
PAY-5481,ORD-2658,10 929,card,SUCCESS,2026-11-17
PAY-5482,ORD-3964,6090,card,SUCCESS,11/19/2024
PAY-5483,ORD-12731,9045,card,SUCCESS,2024-03-09
PAY-5484,ORD-14031,19481,card,SUCCESS,2025-01-20
PAY-5485,ORD-1827,"$2,977.00",wechat,pending,19-11-2026
PAY-5486,ORD-11237,372,COD,pending,02/24/2024
PAY-5487,ORD-10165,"$11,526.00",COD,pending,10-05-2025
PAY-5488,ORD-10506,14 581,wechat,success,2026-08-19
PAY-5489,ORD-6841,3556,card,success,27-07-2026
PAY-5490,ORD-4780,"$14,303.00",card,failed,02/22/2026
PAY-5491,ORD-12823,4070,card,SUCCESS,2024-09-23
PAY-5492,ORD-2785,7750,card,SUCCESS,2026-10-21
PAY-5493,ORD-488,1623,COD,success,05/10/2024
PAY-5494,ORD-7331,"1 258,00",COD,SUCCESS,2026-11-17
PAY-5495,ORD-11689,"$8,481.00",wechat,success,06/02/2025
PAY-5496,ORD-11209,7883,card,pending,07/21/2026
PAY-5497,ORD-8199,13104,card,success,2024-12-27
PAY-5498,ORD-4116,6 873,card,pending,04/28/2024
PAY-5499,ORD-929,19496,card,SUCCESS,2024-08-24
PAY-5500,ORD-8239,18938,wechat,pending,2024-01-27
PAY-5501,ORD-7791,"$1,230.00",card,success,2024-04-21
PAY-5502,ORD-10651,8516,alipay,pending,2026-03-18
PAY-5503,ORD-14057,15265,COD,SUCCESS,14-02-2025
PAY-5504,ORD-10987,10 950,alipay,pending,2024-06-06
PAY-5505,ORD-8860,14 286,wechat,pending,2026-09-21
PAY-5506,ORD-14581,9 298,card,pending,2024-01-14
PAY-5507,ORD-1196,"$8,450.00",card,success,2025-10-20
PAY-5508,ORD-4777,"13 235,00",alipay,SUCCESS,07/25/2024
PAY-5509,ORD-2040,4296,card,success,18-11-2025
PAY-5510,ORD-6698,"5 456,00",alipay,SUCCESS,2025-04-16
PAY-5511,ORD-14562,14 241,COD,SUCCESS,2024-05-09
PAY-5512,ORD-4964,9307,alipay,success,2026-02-12
PAY-5513,ORD-1894,9656,wechat,SUCCESS,20-10-2025
PAY-5514,ORD-12666,2 581,alipay,SUCCESS,2026-04-05
PAY-5515,ORD-10475,"$5,127.00",alipay,pending,23-12-2024
PAY-5516,ORD-14400,"$16,713.00",wechat,SUCCESS,2025-11-21
PAY-5517,ORD-9799,6148,alipay,SUCCESS,2026-04-03
PAY-5518,ORD-15,13 761,wechat,SUCCESS,2026-03-11
PAY-5519,ORD-188,19836,alipay,pending,2024-07-26
PAY-5520,ORD-8416,2076,COD,SUCCESS,2025-06-08
PAY-5521,ORD-6441,18327,alipay,success,24-10-2024
PAY-5522,ORD-8806,6946,card,failed,2026-01-22
PAY-5523,ORD-10036,6832,wechat,SUCCESS,23-07-2025
PAY-5524,ORD-14499,9262,card,success,08/12/2026
PAY-5525,ORD-10277,14 331,card,pending,03/15/2026
PAY-5526,ORD-1802,"$19,247.00",card,success,2024-10-24
PAY-5527,ORD-4766,"$4,585.00",COD,SUCCESS,2026-10-03
PAY-5528,ORD-9202,13668,card,success,04/07/2024
PAY-5529,ORD-8641,"$8,123.00",alipay,SUCCESS,05/22/2025
PAY-5530,ORD-3045,7637,alipay,pending,23-03-2025
PAY-5531,ORD-12216,"$5,880.00",alipay,SUCCESS,2026-10-11
PAY-5532,ORD-9958,"$16,156.00",card,SUCCESS,27-07-2026
PAY-5533,ORD-14357,14905,card,pending,2026-11-22
PAY-5534,ORD-9931,11340,COD,pending,2024-10-18
PAY-5535,ORD-11982,11 669,alipay,SUCCESS,01-03-2025
PAY-5536,ORD-14509,8868,COD,pending,2025-02-21
PAY-5537,ORD-20,"7 037,00",alipay,SUCCESS,03/14/2024
PAY-5538,ORD-7562,"$8,499.00",wechat,SUCCESS,2025-07-27
PAY-5539,ORD-7136,"$1,077.00",card,pending,07/06/2025
PAY-5540,ORD-14700,"$19,443.00",card,pending,12/25/2025
PAY-5541,ORD-13982,6115,card,SUCCESS,14-04-2024
PAY-5542,ORD-14649,4 246,alipay,SUCCESS,01/12/2025
PAY-5543,ORD-6370,5714,COD,success,2024-09-22
PAY-5544,ORD-12039,"$7,454.00",COD,failed,11/07/2025
PAY-5545,ORD-11354,10626,alipay,SUCCESS,2025-02-10
PAY-5546,ORD-4923,3 786,COD,pending,04/20/2026
PAY-5547,ORD-7664,"$15,145.00",alipay,success,11-01-2025
PAY-5548,ORD-11054,12405,wechat,success,2025-11-01
PAY-5549,ORD-6547,17 591,wechat,SUCCESS,07/17/2025
PAY-5550,ORD-10338,5214,card,success,02/24/2026
PAY-5551,ORD-1994,18933,card,failed,2025-12-11
PAY-5552,ORD-12868,10 697,wechat,success,2025-10-03
PAY-5553,ORD-664,"$14,662.00",wechat,pending,02/18/2024
PAY-5554,ORD-9173,"7 036,00",card,success,12/17/2025
PAY-5555,ORD-2755,$62.00,card,pending,08-06-2025
PAY-5556,ORD-12151,10813,alipay,SUCCESS,2025-04-09
PAY-5557,ORD-3410,5259,COD,failed,2026-11-20
PAY-5558,ORD-1496,12 075,COD,success,2026-10-09
PAY-5559,ORD-7760,"$5,236.00",card,pending,25-07-2025
PAY-5560,ORD-1569,"1 893,00",alipay,success,2025-03-05
PAY-5561,ORD-8045,"$2,003.00",card,success,01/15/2024
PAY-5562,ORD-8270,"$9,627.00",COD,SUCCESS,07/04/2025
PAY-5563,ORD-14042,15911,card,success,04/06/2025
PAY-5564,ORD-4373,"$8,230.00",alipay,pending,2024-01-02
PAY-5565,ORD-9385,12 855,COD,pending,19-06-2025
PAY-5566,ORD-8125,"$5,439.00",card,pending,11/05/2025
PAY-5567,ORD-2154,15853,alipay,success,2026-12-26
PAY-5568,ORD-8380,17894,card,pending,10-12-2026
PAY-5569,ORD-4182,2694,alipay,pending,09/20/2026
PAY-5570,ORD-3740,6956,wechat,success,2025-05-08
PAY-5571,ORD-3873,3445,wechat,SUCCESS,2026-12-01
PAY-5572,ORD-4977,16527,card,success,2024-10-06
PAY-5573,ORD-13750,"$7,539.00",alipay,pending,11/15/2024
PAY-5574,ORD-6713,"$9,156.00",COD,success,04/14/2024
PAY-5575,ORD-5338,6115,wechat,success,05-01-2024
PAY-5576,ORD-6467,18170,card,success,2026-01-02
PAY-5577,ORD-9937,14 968,alipay,success,20-08-2024
PAY-5578,ORD-4793,7164,wechat,success,2025-08-06
PAY-5579,ORD-2696,5343,wechat,failed,2024-02-28
PAY-5580,ORD-12886,13488,COD,pending,2026-11-03
PAY-5581,ORD-13159,"$7,126.00",wechat,pending,2025-03-13
PAY-5582,ORD-4125,640,alipay,success,03/13/2026
PAY-5583,ORD-8184,"$2,436.00",COD,SUCCESS,07/02/2024
PAY-5584,ORD-5147,"16 555,00",alipay,pending,2025-07-01
PAY-5585,ORD-6194,"9 451,00",COD,success,15-11-2026
PAY-5586,ORD-3419,418,wechat,SUCCESS,2024-12-03
PAY-5587,ORD-7278,"$9,458.00",wechat,success,22-03-2024
PAY-5588,ORD-8010,"$1,451.00",card,success,2024-04-13
PAY-5589,ORD-2595,"$10,895.00",COD,pending,2026-06-20
PAY-5590,ORD-3706,324,card,SUCCESS,01-03-2025
PAY-5591,ORD-7412,"$13,232.00",COD,success,2025-05-06
PAY-5592,ORD-351,17781,COD,failed,04/01/2026
PAY-5593,ORD-8980,10 620,wechat,success,06/19/2025
PAY-5594,ORD-4299,"$17,319.00",COD,SUCCESS,2026-08-05
PAY-5595,ORD-4182,17 394,wechat,failed,2026-11-05
PAY-5596,ORD-14336,2425,card,pending,07/04/2024
PAY-5597,ORD-5688,17623,card,success,19-07-2025
PAY-5598,ORD-7150,"$11,738.00",alipay,success,05/09/2025
PAY-5599,ORD-8526,"$8,893.00",COD,success,14-06-2024
PAY-5600,ORD-4234,"$1,341.00",COD,SUCCESS,2024-09-16
PAY-5601,ORD-14050,8643,alipay,pending,02/01/2024
PAY-5602,ORD-11701,18843,wechat,pending,2026-10-25
PAY-5603,ORD-4905,3423,COD,pending,09/06/2025
PAY-5604,ORD-13668,"13 782,00",wechat,pending,2026-01-01
PAY-5605,ORD-6854,2813,card,success,2024-05-23
PAY-5606,ORD-6286,425,card,SUCCESS,09/13/2024
PAY-5607,ORD-14329,4680,alipay,failed,2026-08-23
PAY-5608,ORD-7891,"$1,737.00",alipay,SUCCESS,2026-07-08
PAY-5609,ORD-6675,"$12,298.00",wechat,success,17-09-2025
PAY-5610,ORD-259,"$14,957.00",wechat,failed,2024-05-03
PAY-5611,ORD-14087,10446,card,success,2025-03-22
PAY-5612,ORD-2393,"14 106,00",card,SUCCESS,05/21/2026
PAY-5613,ORD-13046,11230,card,success,2025-11-18
PAY-5614,ORD-14094,19 684,alipay,success,2025-11-26
PAY-5615,ORD-5254,14234,COD,SUCCESS,2025-03-17
PAY-5616,ORD-12218,11583,card,failed,2025-01-04
PAY-5617,ORD-13112,6991,COD,pending,18-02-2026
PAY-5618,ORD-3312,1326,wechat,SUCCESS,12-10-2026
PAY-5619,ORD-12476,"$3,846.00",card,pending,19-08-2025
PAY-5620,ORD-6284,"5 808,00",wechat,pending,2025-02-14
PAY-5621,ORD-7707,9024,COD,success,02/16/2026
PAY-5622,ORD-3806,"$17,235.00",alipay,success,12/15/2025
PAY-5623,ORD-8885,14858,alipay,pending,08-09-2025
PAY-5624,ORD-4648,"$17,117.00",COD,pending,15-02-2025
PAY-5625,ORD-5880,10 870,wechat,success,10/12/2026
PAY-5626,ORD-5528,"$12,646.00",alipay,success,2024-04-23
PAY-5627,ORD-5967,5881,alipay,SUCCESS,2024-06-21
PAY-5628,ORD-12579,"14 994,00",alipay,success,12/27/2026
PAY-5629,ORD-10156,6 993,alipay,SUCCESS,2026-06-27
PAY-5630,ORD-3985,"$2,398.00",alipay,pending,2024-09-26
PAY-5631,ORD-5524,18211,wechat,success,11/17/2025
PAY-5632,ORD-14597,19456,card,pending,2024-10-11
PAY-5633,ORD-5685,"$5,934.00",alipay,SUCCESS,2025-12-17
PAY-5634,ORD-7156,535,alipay,success,07/07/2024
PAY-5635,ORD-13197,"$6,165.00",alipay,SUCCESS,11/03/2024
PAY-5636,ORD-9559,13 571,card,success,2025-03-01
PAY-5637,ORD-6945,"$7,208.00",card,failed,2025-03-16
PAY-5638,ORD-7587,4339,COD,pending,06/23/2025
PAY-5639,ORD-324,"1 814,00",alipay,pending,2026-01-10
PAY-5640,ORD-13011,18821,alipay,SUCCESS,2026-03-06
PAY-5641,ORD-9346,"$8,629.00",wechat,SUCCESS,2025-05-16
PAY-5642,ORD-10286,4 063,COD,SUCCESS,08/13/2025
PAY-5643,ORD-4538,9981,card,success,06/01/2026
PAY-5644,ORD-3256,7803,wechat,pending,05/21/2026
PAY-5645,ORD-9065,19143,wechat,success,2026-03-25
PAY-5646,ORD-12422,12 287,COD,success,22-11-2024
PAY-5647,ORD-10331,6098,wechat,SUCCESS,2024-04-28
PAY-5648,ORD-688,"$10,586.00",COD,success,2024-09-10
PAY-5649,ORD-9355,"$7,984.00",COD,SUCCESS,02-11-2026
PAY-5650,ORD-3331,5640,card,SUCCESS,02/27/2025
PAY-5651,ORD-12189,"$3,625.00",wechat,SUCCESS,06/13/2026
PAY-5652,ORD-520,"$4,266.00",card,pending,2026-02-08
PAY-5653,ORD-11100,"$4,693.00",card,pending,2025-05-01
PAY-5654,ORD-5272,"19 532,00",wechat,SUCCESS,2024-04-07
PAY-5655,ORD-12535,10806,alipay,pending,22-12-2024
PAY-5656,ORD-4607,"$3,969.00",COD,success,02/06/2025
PAY-5657,ORD-1169,15653,COD,pending,10/27/2024
PAY-5658,ORD-2949,9825,wechat,success,02/20/2024
PAY-5659,ORD-6712,11672,COD,success,10/12/2026
PAY-5660,ORD-2934,6 824,COD,success,2024-01-28
PAY-5661,ORD-3481,16722,COD,pending,2025-07-20
PAY-5662,ORD-7056,5134,COD,success,2026-04-17
PAY-5663,ORD-12971,"852,00",wechat,SUCCESS,02/27/2024
PAY-5664,ORD-6945,15632,COD,pending,2025-12-16
PAY-5665,ORD-34,6151,card,success,2025-04-07
PAY-5666,ORD-1977,11 857,wechat,pending,08/02/2026
PAY-5667,ORD-11831,"$19,388.00",wechat,failed,06-11-2025
PAY-5668,ORD-13336,7 118,COD,success,04/27/2026
PAY-5669,ORD-12509,17561,alipay,pending,11/10/2024
PAY-5670,ORD-9047,"$4,937.00",wechat,failed,2024-08-21
PAY-5671,ORD-9907,4274,COD,failed,2024-06-20
PAY-5672,ORD-14404,"$3,636.00",alipay,pending,2025-06-08
PAY-5673,ORD-6470,"$14,266.00",wechat,failed,28-06-2025
PAY-5674,ORD-8979,"$3,872.00",card,success,2026-02-20
PAY-5675,ORD-3573,"$14,047.00",wechat,SUCCESS,12/18/2026
PAY-5676,ORD-11909,8973,card,pending,2026-07-24
PAY-5677,ORD-13024,17314,card,pending,2026-12-04
PAY-5678,ORD-1254,16592,COD,pending,24-04-2026
PAY-5679,ORD-986,5286,wechat,pending,2025-07-27
PAY-5680,ORD-1232,"$8,509.00",card,SUCCESS,10/20/2024
PAY-5681,ORD-8651,16 485,COD,success,10/06/2024
PAY-5682,ORD-2182,"$19,300.00",wechat,SUCCESS,2024-02-28
PAY-5683,ORD-11884,13 634,wechat,failed,07/19/2024
PAY-5684,ORD-1346,"$17,451.00",wechat,success,2025-07-21
PAY-5685,ORD-5454,"16 027,00",COD,success,02/18/2026
PAY-5686,ORD-8267,"1 486,00",COD,SUCCESS,2024-05-03
PAY-5687,ORD-4488,3249,COD,SUCCESS,2025-08-27
PAY-5688,ORD-10192,10267,wechat,SUCCESS,2026-03-24
PAY-5689,ORD-2809,"$6,489.00",card,pending,26-03-2024
PAY-5690,ORD-1369,"$7,103.00",wechat,pending,17-09-2026
PAY-5691,ORD-3390,"$2,739.00",COD,pending,2025-06-17
PAY-5692,ORD-10723,"$8,552.00",alipay,success,09/18/2026
PAY-5693,ORD-13415,7995,COD,failed,09-12-2026
PAY-5694,ORD-12624,"$18,982.00",card,success,24-10-2026
PAY-5695,ORD-1007,"$19,374.00",card,SUCCESS,01/16/2026
PAY-5696,ORD-7208,"$7,217.00",COD,SUCCESS,2024-06-27
PAY-5697,ORD-7847,17399,COD,success,2024-06-06
PAY-5698,ORD-4845,5643,card,success,2026-05-08
PAY-5699,ORD-4393,"$4,228.00",wechat,success,01/01/2026
PAY-5700,ORD-11573,"16 939,00",COD,pending,2025-10-13
PAY-5701,ORD-3509,6838,COD,pending,04/08/2026
PAY-5702,ORD-13673,"$1,687.00",alipay,SUCCESS,04-10-2025
PAY-5703,ORD-7425,7083,wechat,pending,11/01/2024
PAY-5704,ORD-13782,"15 376,00",alipay,pending,07-09-2024
PAY-5705,ORD-10952,"$14,291.00",COD,success,10/02/2025
PAY-5706,ORD-7522,"$7,203.00",card,pending,10/05/2025
PAY-5707,ORD-997,"$18,244.00",COD,success,2024-06-07
PAY-5708,ORD-14207,16865,card,pending,2025-02-22
PAY-5709,ORD-278,3698,alipay,SUCCESS,12/09/2024
PAY-5710,ORD-8012,11980,card,SUCCESS,02/08/2025
PAY-5711,ORD-825,5 317,alipay,SUCCESS,2025-07-07
PAY-5712,ORD-12955,3 651,alipay,success,10/24/2025
PAY-5713,ORD-10538,19562,COD,success,16-12-2026
PAY-5714,ORD-9978,"$19,954.00",alipay,success,12/23/2024
PAY-5715,ORD-7116,"$14,054.00",alipay,pending,01/03/2025
PAY-5716,ORD-5156,10153,card,success,01/08/2025
PAY-5717,ORD-7387,7 589,card,success,2025-12-02
PAY-5718,ORD-12639,"18 820,00",card,SUCCESS,07/26/2024
PAY-5719,ORD-11122,"4 394,00",card,SUCCESS,2024-07-18
PAY-5720,ORD-4974,"$16,893.00",alipay,success,04/17/2026
PAY-5721,ORD-12676,14398,COD,pending,05/15/2026
PAY-5722,ORD-8785,"$14,766.00",COD,SUCCESS,22-01-2026
PAY-5723,ORD-9127,17798,COD,failed,11-11-2025
PAY-5724,ORD-2477,"$1,702.00",COD,success,2026-10-14
PAY-5725,ORD-6952,9011,wechat,success,2024-03-28
PAY-5726,ORD-10661,"$14,192.00",COD,SUCCESS,11/05/2026
PAY-5727,ORD-6387,16356,wechat,success,12-11-2024
PAY-5728,ORD-2268,11408,alipay,SUCCESS,2025-09-19
PAY-5729,ORD-12552,"$3,320.00",alipay,pending,2024-08-15
PAY-5730,ORD-11029,2104,card,pending,2024-11-28
PAY-5731,ORD-8567,10614,COD,pending,06/16/2026
PAY-5732,ORD-12283,2430,wechat,success,2026-09-01
PAY-5733,ORD-12069,12718,COD,SUCCESS,11/19/2025
PAY-5734,ORD-4170,"$10,341.00",alipay,pending,2024-09-12
PAY-5735,ORD-8283,19 356,COD,SUCCESS,24-09-2026
PAY-5736,ORD-5882,4209,COD,SUCCESS,02/07/2024
PAY-5737,ORD-4066,16072,card,success,08/17/2024
PAY-5738,ORD-3387,"18 573,00",COD,success,01/27/2024
PAY-5739,ORD-10067,"10 705,00",card,SUCCESS,2024-09-22
PAY-5740,ORD-12657,17876,alipay,SUCCESS,05-01-2025
PAY-5741,ORD-2738,6459,wechat,success,2025-07-08
PAY-5742,ORD-4402,8893,card,success,2026-02-12
PAY-5743,ORD-10095,16370,COD,SUCCESS,2025-10-21
PAY-5744,ORD-7515,7 227,COD,success,2026-03-10
PAY-5745,ORD-9770,11018,COD,success,2025-03-08
PAY-5746,ORD-335,8 783,COD,SUCCESS,04-11-2024
PAY-5747,ORD-8851,"18 055,00",wechat,success,2024-12-07
PAY-5748,ORD-9389,10 660,card,pending,05/28/2024
PAY-5749,ORD-13135,"$11,662.00",alipay,SUCCESS,18-05-2024
PAY-5750,ORD-3537,"$9,220.00",COD,SUCCESS,05/13/2025
PAY-5751,ORD-4847,2945,wechat,success,02-08-2024
PAY-5752,ORD-14438,"$6,853.00",card,pending,01-09-2024
PAY-5753,ORD-9652,16573,COD,SUCCESS,09/28/2025
PAY-5754,ORD-10492,17 034,card,failed,11/03/2024
PAY-5755,ORD-2820,"$14,688.00",wechat,success,11/15/2026
PAY-5756,ORD-3127,12 495,card,pending,08-01-2026
PAY-5757,ORD-7449,8 650,wechat,success,2026-02-10
PAY-5758,ORD-6486,17003,card,success,2025-01-08
PAY-5759,ORD-7053,9207,COD,SUCCESS,23-01-2026
PAY-5760,ORD-4080,"$2,179.00",alipay,pending,05/24/2026
PAY-5761,ORD-11248,12 467,COD,pending,2025-08-21
PAY-5762,ORD-10455,"$3,669.00",card,pending,06-01-2025
PAY-5763,ORD-7387,972,COD,SUCCESS,11-01-2024
PAY-5764,ORD-1346,4537,card,SUCCESS,03-04-2025
PAY-5765,ORD-19,1112,alipay,SUCCESS,2025-06-08
PAY-5766,ORD-1976,19215,wechat,success,2024-07-26
PAY-5767,ORD-6824,"$16,540.00",alipay,SUCCESS,2026-11-14
PAY-5768,ORD-5648,"$5,157.00",wechat,SUCCESS,2025-03-14
PAY-5769,ORD-1943,986,wechat,SUCCESS,2024-05-26
PAY-5770,ORD-5453,13 464,card,success,2025-12-20
PAY-5771,ORD-14340,"14 906,00",wechat,failed,2024-12-25
PAY-5772,ORD-9719,8576,wechat,pending,2026-06-25
PAY-5773,ORD-4695,18348,alipay,success,02/04/2024
PAY-5774,ORD-470,12837,card,SUCCESS,27-07-2026
PAY-5775,ORD-8534,"$7,539.00",card,failed,04/15/2025
PAY-5776,ORD-10108,15453,wechat,SUCCESS,27-04-2026
PAY-5777,ORD-5785,6993,alipay,success,12/13/2025
PAY-5778,ORD-7995,"$18,009.00",alipay,success,2025-10-24
PAY-5779,ORD-11579,141,card,SUCCESS,2025-12-24
PAY-5780,ORD-14146,2 565,COD,pending,2026-08-25
PAY-5781,ORD-3352,5171,card,pending,2025-08-20
PAY-5782,ORD-11485,"$3,688.00",alipay,SUCCESS,26-11-2026
PAY-5783,ORD-14855,19768,card,success,2026-09-21
PAY-5784,ORD-8996,4076,wechat,SUCCESS,2024-02-01
PAY-5785,ORD-10710,"$12,079.00",COD,SUCCESS,17-09-2025
PAY-5786,ORD-7913,18220,wechat,success,2024-02-05
PAY-5787,ORD-10170,"$4,027.00",wechat,failed,2025-07-19
PAY-5788,ORD-12912,5129,card,SUCCESS,17-03-2024
PAY-5789,ORD-3976,2 039,card,success,11/10/2026
PAY-5790,ORD-6733,"$15,753.00",alipay,SUCCESS,2025-08-14
PAY-5791,ORD-647,"$10,843.00",card,failed,03/27/2025
PAY-5792,ORD-5623,"$15,796.00",card,SUCCESS,2026-11-11
PAY-5793,ORD-10200,4619,alipay,success,23-12-2025
PAY-5794,ORD-14716,"12 782,00",alipay,pending,2025-11-25
PAY-5795,ORD-6941,10284,alipay,SUCCESS,2024-10-25
PAY-5796,ORD-4700,5307,COD,success,2024-03-15
PAY-5797,ORD-7694,"$10,535.00",card,success,20-07-2025
PAY-5798,ORD-2509,"3 333,00",wechat,SUCCESS,2026-06-21
PAY-5799,ORD-6398,10381,COD,SUCCESS,05/21/2025
PAY-5800,ORD-3255,"$13,515.00",COD,pending,2026-11-28
PAY-5801,ORD-4815,6507,wechat,pending,2024-01-02
PAY-5802,ORD-8238,1278,card,pending,09-08-2024
PAY-5803,ORD-13565,"$13,150.00",COD,success,10/12/2024
PAY-5804,ORD-11141,"$6,478.00",alipay,pending,2025-07-17
PAY-5805,ORD-5101,6690,card,success,10/14/2024
PAY-5806,ORD-6045,"6 587,00",card,SUCCESS,2024-08-10
PAY-5807,ORD-1905,"3 369,00",card,pending,2025-10-06
PAY-5808,ORD-10696,5700,COD,success,28-08-2024
PAY-5809,ORD-10441,7023,wechat,SUCCESS,09/09/2024
PAY-5810,ORD-9398,10527,alipay,SUCCESS,04/11/2025
PAY-5811,ORD-1244,5313,wechat,success,2024-03-11
PAY-5812,ORD-2977,2938,alipay,pending,2025-04-22
PAY-5813,ORD-1667,"$6,443.00",COD,pending,05/06/2025
PAY-5814,ORD-1145,"$17,259.00",card,pending,12/14/2025
PAY-5815,ORD-3398,7500,card,success,2025-01-22
PAY-5816,ORD-11138,"$14,861.00",card,success,09/07/2025
PAY-5817,ORD-13056,17322,wechat,success,2025-01-02
PAY-5818,ORD-10059,"$14,024.00",alipay,success,03/26/2026
PAY-5819,ORD-8532,664,card,SUCCESS,2026-03-22
PAY-5820,ORD-11657,10 963,wechat,pending,17-09-2026
PAY-5821,ORD-11092,3999,card,pending,08-10-2026
PAY-5822,ORD-4127,"$4,214.00",alipay,SUCCESS,2024-03-04
PAY-5823,ORD-1914,13621,card,pending,10/23/2024
PAY-5824,ORD-3233,13114,wechat,success,04/11/2024
PAY-5825,ORD-11292,3878,alipay,pending,2026-01-01
PAY-5826,ORD-13510,1915,card,SUCCESS,2026-05-19
PAY-5827,ORD-1193,14238,card,SUCCESS,22-03-2025
PAY-5828,ORD-5163,"$14,754.00",COD,SUCCESS,27-11-2025
PAY-5829,ORD-3003,10296,card,success,21-08-2025
PAY-5830,ORD-405,7731,card,success,2024-12-10
PAY-5831,ORD-7973,"$9,222.00",card,SUCCESS,12/28/2026
PAY-5832,ORD-14587,11337,wechat,success,08/26/2025
PAY-5833,ORD-8260,17658,alipay,SUCCESS,04/28/2025
PAY-5834,ORD-10695,"$16,455.00",wechat,pending,01/09/2024
PAY-5835,ORD-8550,5 334,card,SUCCESS,02-06-2024
PAY-5836,ORD-4730,3286,wechat,success,2025-01-07
PAY-5837,ORD-13794,15306,alipay,pending,2026-01-25
PAY-5838,ORD-5174,"12 446,00",alipay,success,07-10-2026
PAY-5839,ORD-11994,3177,wechat,pending,2025-11-17
PAY-5840,ORD-12317,"9 392,00",wechat,SUCCESS,06/04/2026
PAY-5841,ORD-1324,17016,COD,SUCCESS,06/01/2024
PAY-5842,ORD-5702,7 955,alipay,SUCCESS,2025-02-27
PAY-5843,ORD-9938,18 538,COD,SUCCESS,18-03-2025
PAY-5844,ORD-13417,10 797,wechat,success,2026-08-23
PAY-5845,ORD-578,17 283,wechat,success,07/08/2026
PAY-5846,ORD-803,4444,alipay,success,04/02/2024
PAY-5847,ORD-460,12351,card,pending,24-06-2025
PAY-5848,ORD-11640,3218,wechat,SUCCESS,08/04/2026
PAY-5849,ORD-3077,"10 936,00",wechat,pending,2025-07-07
PAY-5850,ORD-4705,9057,wechat,success,16-07-2026
PAY-5851,ORD-929,1633,wechat,pending,13-04-2026
PAY-5852,ORD-8325,382,card,SUCCESS,2024-05-26
PAY-5853,ORD-1901,$582.00,wechat,success,12/22/2024
PAY-5854,ORD-1812,1277,wechat,success,27-07-2026
PAY-5855,ORD-8474,"$5,646.00",wechat,SUCCESS,2026-06-06
PAY-5856,ORD-5968,5727,wechat,success,2025-02-26
PAY-5857,ORD-113,1461,COD,success,15-03-2025
PAY-5858,ORD-492,12632,COD,SUCCESS,21-03-2026
PAY-5859,ORD-2185,10317,alipay,pending,08-08-2026
PAY-5860,ORD-2529,4 662,COD,success,2025-03-10
PAY-5861,ORD-13928,"$17,693.00",wechat,success,2026-07-07
PAY-5862,ORD-11810,4201,card,pending,14-08-2025
PAY-5863,ORD-1529,"$8,021.00",wechat,pending,17-04-2024
PAY-5864,ORD-7529,"$1,529.00",COD,pending,2025-07-25
PAY-5865,ORD-7267,"$9,934.00",COD,SUCCESS,24-12-2024
PAY-5866,ORD-9667,6731,alipay,SUCCESS,12/15/2026
PAY-5867,ORD-12111,"18 801,00",COD,success,2025-01-05
PAY-5868,ORD-2562,2381,alipay,failed,2024-11-08
PAY-5869,ORD-506,"$10,876.00",wechat,pending,04/13/2025
PAY-5870,ORD-3834,"$7,709.00",COD,SUCCESS,21-12-2025
PAY-5871,ORD-6809,18379,COD,pending,2024-09-10
PAY-5872,ORD-5461,1520,COD,success,2024-11-11
PAY-5873,ORD-607,"$2,243.00",COD,success,2026-08-05
PAY-5874,ORD-11196,$868.00,card,pending,04-04-2025
PAY-5875,ORD-4548,"$14,764.00",wechat,SUCCESS,04/17/2025
PAY-5876,ORD-11749,18466,COD,success,04/14/2024
PAY-5877,ORD-2809,10541,card,SUCCESS,2024-03-22
PAY-5878,ORD-8001,10 410,card,SUCCESS,2026-04-18
PAY-5879,ORD-7618,5 468,COD,success,10/26/2024
PAY-5880,ORD-968,17093,alipay,SUCCESS,2026-09-13
PAY-5881,ORD-8792,18468,COD,success,05-05-2024
PAY-5882,ORD-11,18866,wechat,SUCCESS,14-12-2026
PAY-5883,ORD-12703,14406,alipay,failed,02/04/2025
PAY-5884,ORD-5184,18914,alipay,failed,2026-09-13
PAY-5885,ORD-6216,6096,COD,SUCCESS,2024-04-18
PAY-5886,ORD-4148,"$6,106.00",COD,SUCCESS,2024-10-23
PAY-5887,ORD-10584,"$15,038.00",alipay,SUCCESS,2024-01-08
PAY-5888,ORD-6366,2 168,card,success,10-12-2026
PAY-5889,ORD-14089,627,alipay,pending,2026-08-10
PAY-5890,ORD-6272,"$3,554.00",card,SUCCESS,04-03-2026
PAY-5891,ORD-5646,2179,COD,success,2025-05-26
PAY-5892,ORD-12780,2369,card,success,2024-05-02
PAY-5893,ORD-9230,"$14,607.00",card,failed,2025-07-26
PAY-5894,ORD-8931,6745,COD,failed,04/21/2024
PAY-5895,ORD-14047,"$4,856.00",card,failed,03/27/2026
PAY-5896,ORD-9611,"$17,799.00",COD,success,06-09-2026
PAY-5897,ORD-4966,19459,wechat,pending,01/05/2024
PAY-5898,ORD-12023,2176,alipay,SUCCESS,2024-05-10
PAY-5899,ORD-5219,"17 265,00",COD,success,2024-05-08
PAY-5900,ORD-13902,"$10,856.00",alipay,success,2026-04-19
PAY-5901,ORD-11618,"$19,804.00",alipay,success,2026-01-10
PAY-5902,ORD-849,"$17,813.00",COD,pending,2024-05-02
PAY-5903,ORD-12596,8819,alipay,success,2026-03-25
PAY-5904,ORD-7005,5567,card,SUCCESS,08/18/2025
PAY-5905,ORD-5484,15529,wechat,failed,2024-09-12
PAY-5906,ORD-11731,55,wechat,success,07/18/2026
PAY-5907,ORD-12471,18784,wechat,success,2024-06-13
PAY-5908,ORD-14114,18139,COD,pending,2026-05-22
PAY-5909,ORD-5801,$521.00,COD,SUCCESS,04-11-2024
PAY-5910,ORD-5367,1558,wechat,SUCCESS,01/22/2026
PAY-5911,ORD-14552,6 726,alipay,pending,2025-07-03
PAY-5912,ORD-7002,8705,COD,pending,10/01/2024
PAY-5913,ORD-6282,"11 840,00",card,pending,05-07-2025
PAY-5914,ORD-6810,15482,alipay,pending,2026-02-22
PAY-5915,ORD-5681,"$13,918.00",wechat,pending,02-11-2025
PAY-5916,ORD-11626,15832,card,pending,07/24/2024
PAY-5917,ORD-14256,"$16,975.00",alipay,SUCCESS,28-01-2026
PAY-5918,ORD-14170,16 453,COD,SUCCESS,2025-12-19
PAY-5919,ORD-2226,2465,wechat,SUCCESS,07/24/2025
PAY-5920,ORD-6239,"$1,159.00",COD,SUCCESS,27-04-2024
PAY-5921,ORD-3179,"$12,437.00",alipay,SUCCESS,2026-12-02
PAY-5922,ORD-7164,2 703,wechat,success,2024-01-27
PAY-5923,ORD-4340,"$14,562.00",card,SUCCESS,2024-06-23
PAY-5924,ORD-11264,6 639,card,success,18-12-2024
PAY-5925,ORD-8036,4021,alipay,pending,2026-01-06
PAY-5926,ORD-7797,6 370,wechat,pending,2025-05-27
PAY-5927,ORD-10450,"17 100,00",card,pending,2025-12-04
PAY-5928,ORD-2904,"$16,206.00",card,success,2024-11-25
PAY-5929,ORD-3747,"$14,633.00",COD,success,10/17/2025
PAY-5930,ORD-13700,"$11,948.00",COD,success,2026-09-26
PAY-5931,ORD-11252,16954,card,success,12/26/2025
PAY-5932,ORD-8814,13778,wechat,SUCCESS,2024-06-12
PAY-5933,ORD-501,7249,alipay,pending,2024-01-15
PAY-5934,ORD-13880,1186,alipay,success,2024-10-01
PAY-5935,ORD-12932,5625,wechat,success,06/25/2026
PAY-5936,ORD-8773,16957,alipay,success,11/09/2024
PAY-5937,ORD-143,2936,COD,SUCCESS,09/08/2025
PAY-5938,ORD-8659,"$17,264.00",COD,success,2026-03-07
PAY-5939,ORD-6797,"$10,787.00",wechat,success,27-12-2024
PAY-5940,ORD-3349,"5 283,00",alipay,success,09-02-2026
PAY-5941,ORD-3280,9639,COD,SUCCESS,2026-04-28
PAY-5942,ORD-10927,1298,card,pending,13-11-2025
PAY-5943,ORD-9248,10365,card,failed,2026-07-07
PAY-5944,ORD-1771,1 100,alipay,SUCCESS,2025-04-25
PAY-5945,ORD-8557,"$15,251.00",alipay,pending,04-05-2024
PAY-5946,ORD-12478,11437,card,SUCCESS,02/02/2026
PAY-5947,ORD-5754,"$9,784.00",alipay,SUCCESS,2026-03-17
PAY-5948,ORD-12456,"$2,538.00",COD,success,2025-08-28
PAY-5949,ORD-10213,18115,wechat,pending,12/15/2026
PAY-5950,ORD-14912,12708,alipay,failed,2026-07-25
PAY-5951,ORD-7494,7879,alipay,pending,2024-03-27
PAY-5952,ORD-305,"$9,775.00",alipay,pending,2025-08-12
PAY-5953,ORD-10918,"$15,506.00",alipay,pending,2025-11-12
PAY-5954,ORD-1965,4390,card,SUCCESS,2025-12-12
PAY-5955,ORD-12940,6 325,wechat,success,05/11/2025
PAY-5956,ORD-5694,3484,wechat,success,19-11-2025
PAY-5957,ORD-10416,"$5,962.00",COD,success,12/22/2025
PAY-5958,ORD-8746,13184,COD,SUCCESS,2025-12-22
PAY-5959,ORD-8036,12857,wechat,pending,2024-06-25
PAY-5960,ORD-3256,"$16,213.00",alipay,success,2024-04-25
PAY-5961,ORD-1124,"$11,206.00",alipay,SUCCESS,2025-01-08
PAY-5962,ORD-13363,5887,wechat,pending,08/16/2024
PAY-5963,ORD-8181,6711,alipay,success,2024-12-25
PAY-5964,ORD-11472,7 603,card,pending,01/13/2026
PAY-5965,ORD-11335,4 291,wechat,pending,2024-12-12
PAY-5966,ORD-1019,"$10,527.00",alipay,success,08/01/2024
PAY-5967,ORD-11343,"7 871,00",alipay,SUCCESS,2025-02-10
PAY-5968,ORD-6033,"$16,801.00",alipay,success,02-08-2025
PAY-5969,ORD-10281,"$14,933.00",COD,failed,2026-08-01
PAY-5970,ORD-6707,2629,card,pending,06/11/2025
PAY-5971,ORD-4720,10 172,wechat,success,15-11-2024
PAY-5972,ORD-13091,"$6,309.00",card,pending,2025-09-28
PAY-5973,ORD-4897,4514,wechat,success,18-08-2026
PAY-5974,ORD-11593,436,wechat,success,2025-11-28
PAY-5975,ORD-2074,18051,wechat,SUCCESS,03/09/2024
PAY-5976,ORD-13,"11 798,00",alipay,SUCCESS,2024-01-11
PAY-5977,ORD-5033,"2 684,00",COD,success,2025-08-08
PAY-5978,ORD-1848,"$14,149.00",card,pending,08/13/2024
PAY-5979,ORD-13432,11446,wechat,pending,2024-07-09
PAY-5980,ORD-11820,12 478,COD,success,2024-03-19
PAY-5981,ORD-10051,16870,COD,success,17-07-2024
PAY-5982,ORD-1772,16273,alipay,success,07/08/2026
PAY-5983,ORD-4736,11808,wechat,SUCCESS,08/17/2024
PAY-5984,ORD-1048,235,COD,pending,2026-06-05
PAY-5985,ORD-10623,719,wechat,SUCCESS,12/02/2024
PAY-5986,ORD-7054,"$18,288.00",alipay,SUCCESS,2025-05-26
PAY-5987,ORD-13948,7833,alipay,pending,2024-10-14
PAY-5988,ORD-113,16351,alipay,failed,2025-06-25
PAY-5989,ORD-13914,8896,card,pending,2024-09-28
PAY-5990,ORD-6705,13846,card,pending,16-05-2026
PAY-5991,ORD-12712,"$16,381.00",alipay,SUCCESS,2024-04-03
PAY-5992,ORD-12845,3 208,wechat,success,07/01/2024
PAY-5993,ORD-9543,"14 233,00",COD,success,03/24/2024
PAY-5994,ORD-3026,19474,alipay,success,09/27/2026
PAY-5995,ORD-1849,"$13,948.00",COD,SUCCESS,06/05/2025
PAY-5996,ORD-8647,10256,alipay,SUCCESS,28-01-2025
PAY-5997,ORD-3657,"$2,195.00",alipay,success,04-09-2026
PAY-5998,ORD-8088,"3 873,00",alipay,success,2026-10-05
PAY-5999,ORD-10825,"7 514,00",card,success,08/18/2024
PAY-6000,ORD-11123,"12 709,00",alipay,success,2025-06-26
PAY-6001,ORD-13361,"$3,116.00",wechat,pending,2024-02-18
PAY-6002,ORD-962,$554.00,wechat,SUCCESS,12/05/2025
PAY-6003,ORD-845,"16 755,00",COD,pending,27-07-2025
PAY-6004,ORD-7520,"$11,303.00",COD,SUCCESS,07/10/2024
PAY-6005,ORD-10262,"$2,158.00",alipay,SUCCESS,10/15/2026
PAY-6006,ORD-6116,6483,COD,success,10/01/2024
PAY-6007,ORD-7037,1573,wechat,success,11/13/2024
PAY-6008,ORD-12632,16644,card,success,04/17/2024
PAY-6009,ORD-1615,"$16,969.00",alipay,pending,10/06/2026
PAY-6010,ORD-10805,"$9,113.00",card,SUCCESS,10-05-2025
PAY-6011,ORD-11832,$69.00,card,success,2025-06-14
PAY-6012,ORD-9504,"$10,809.00",card,pending,2024-09-20
PAY-6013,ORD-11516,3796,wechat,success,2025-06-09
PAY-6014,ORD-12238,"18 921,00",alipay,SUCCESS,2024-01-13
PAY-6015,ORD-12447,14120,alipay,pending,2024-08-26
PAY-6016,ORD-9484,16975,card,SUCCESS,12/18/2025
PAY-6017,ORD-10748,$604.00,COD,pending,2025-10-01
PAY-6018,ORD-172,6467,wechat,pending,2024-09-20
PAY-6019,ORD-5752,"17 690,00",alipay,SUCCESS,15-11-2025
PAY-6020,ORD-8420,"$10,324.00",COD,success,06/06/2026
PAY-6021,ORD-10225,"6 115,00",card,success,2026-04-10
PAY-6022,ORD-5189,19888,wechat,success,2024-05-01
PAY-6023,ORD-2185,19862,alipay,pending,01/02/2024
PAY-6024,ORD-6044,4166,card,SUCCESS,2025-07-13
PAY-6025,ORD-1366,$616.00,alipay,success,2025-08-12
PAY-6026,ORD-10797,"18 402,00",alipay,pending,2026-03-26
PAY-6027,ORD-8433,"535,00",wechat,pending,2026-01-07
PAY-6028,ORD-13312,2763,alipay,SUCCESS,2025-07-06
PAY-6029,ORD-5485,16231,card,SUCCESS,05/27/2026
PAY-6030,ORD-3604,16804,card,pending,2024-07-06
PAY-6031,ORD-1872,17 420,COD,pending,06/25/2024
PAY-6032,ORD-9333,11286,COD,pending,05/15/2025
PAY-6033,ORD-10497,"14 947,00",card,failed,16-02-2024
PAY-6034,ORD-9433,372,wechat,success,2026-03-09
PAY-6035,ORD-7070,14786,COD,success,01/04/2025
PAY-6036,ORD-9419,13308,alipay,pending,25-09-2026
PAY-6037,ORD-10443,2377,wechat,failed,2025-10-02
PAY-6038,ORD-7792,15 729,wechat,pending,2025-10-18
PAY-6039,ORD-271,"4 169,00",COD,failed,2026-02-01
PAY-6040,ORD-4554,5 677,wechat,SUCCESS,2025-10-11
PAY-6041,ORD-2778,6962,COD,success,2025-08-07
PAY-6042,ORD-11957,17993,alipay,pending,2026-08-08
PAY-6043,ORD-13600,10 032,wechat,pending,2026-08-28
PAY-6044,ORD-10606,7151,card,success,20-03-2024
PAY-6045,ORD-1225,"$13,571.00",alipay,pending,2026-07-02
PAY-6046,ORD-1062,1658,alipay,SUCCESS,2025-11-02
PAY-6047,ORD-3915,4606,alipay,success,2025-09-24
PAY-6048,ORD-14370,2201,COD,success,2026-11-01
PAY-6049,ORD-11901,5693,alipay,pending,2025-03-10
PAY-6050,ORD-12242,11990,wechat,success,06/25/2025
PAY-6051,ORD-6482,"$16,487.00",alipay,SUCCESS,2024-12-04
PAY-6052,ORD-6678,7808,card,pending,2024-07-26
PAY-6053,ORD-12652,"$1,184.00",COD,pending,2026-07-03
PAY-6054,ORD-9217,13252,COD,success,01/13/2025
PAY-6055,ORD-709,11823,wechat,pending,12/21/2024
PAY-6056,ORD-7056,"$11,857.00",alipay,success,2024-03-19
PAY-6057,ORD-7594,3041,alipay,success,08/02/2026
PAY-6058,ORD-909,14476,wechat,pending,2026-01-02
PAY-6059,ORD-8391,4695,COD,SUCCESS,10/06/2026
PAY-6060,ORD-5963,4882,alipay,SUCCESS,2024-09-04
PAY-6061,ORD-3504,16206,card,success,2024-04-15
PAY-6062,ORD-9561,9292,alipay,success,2026-01-04
PAY-6063,ORD-1218,"$6,538.00",card,pending,2025-05-12
PAY-6064,ORD-520,17449,wechat,failed,25-04-2024
PAY-6065,ORD-7068,19153,wechat,SUCCESS,2025-05-25
PAY-6066,ORD-12293,2684,alipay,success,2026-05-15
PAY-6067,ORD-11528,8690,card,pending,04/10/2026
PAY-6068,ORD-13729,5896,alipay,SUCCESS,05/17/2024
PAY-6069,ORD-5609,"$16,642.00",card,SUCCESS,12/18/2025
PAY-6070,ORD-775,5922,COD,success,2026-05-02
PAY-6071,ORD-7956,5474,card,SUCCESS,2024-06-25
PAY-6072,ORD-3707,16165,alipay,SUCCESS,2026-02-15
PAY-6073,ORD-3863,"$8,729.00",COD,success,25-03-2025
PAY-6074,ORD-9870,4895,alipay,SUCCESS,2026-01-26
PAY-6075,ORD-13751,1412,alipay,SUCCESS,2024-01-17
PAY-6076,ORD-3194,"$5,083.00",alipay,pending,19-06-2025
PAY-6077,ORD-2818,784,COD,success,2024-11-09
PAY-6078,ORD-6590,"$16,317.00",alipay,SUCCESS,2026-12-09
PAY-6079,ORD-4638,3980,card,SUCCESS,02/02/2024
PAY-6080,ORD-12574,"$9,836.00",card,SUCCESS,2026-11-19
PAY-6081,ORD-7717,$597.00,wechat,SUCCESS,2026-04-12
PAY-6082,ORD-3987,8 904,alipay,pending,02/16/2025
PAY-6083,ORD-9647,"$3,818.00",card,success,2024-10-18
PAY-6084,ORD-6302,12 161,alipay,success,2026-01-17
PAY-6085,ORD-11708,14639,COD,success,28-12-2024
PAY-6086,ORD-11465,19128,card,success,2024-07-09
PAY-6087,ORD-9288,11444,wechat,pending,2024-06-27
PAY-6088,ORD-2475,10621,card,pending,07-01-2025
PAY-6089,ORD-3315,9749,wechat,failed,08/03/2026
PAY-6090,ORD-4675,15628,wechat,success,05/02/2025
PAY-6091,ORD-5192,"$13,400.00",alipay,success,2024-12-13
PAY-6092,ORD-3589,"19 937,00",COD,success,08-05-2026
PAY-6093,ORD-3591,4292,COD,pending,2026-04-25
PAY-6094,ORD-3312,"$6,838.00",COD,failed,2025-05-06
PAY-6095,ORD-106,9 090,wechat,success,04/28/2025
PAY-6096,ORD-11097,11161,COD,SUCCESS,2025-12-25
PAY-6097,ORD-13992,5842,wechat,SUCCESS,2025-09-15
PAY-6098,ORD-1177,"$11,305.00",wechat,success,12-08-2025
PAY-6099,ORD-2127,18 225,alipay,success,2025-10-11
PAY-6100,ORD-3039,15163,COD,SUCCESS,06/26/2025
PAY-6101,ORD-2158,7537,COD,success,2024-07-08
PAY-6102,ORD-14663,12961,wechat,pending,22-04-2025
PAY-6103,ORD-3805,"$18,133.00",alipay,pending,07/02/2024
PAY-6104,ORD-1449,"$19,136.00",COD,SUCCESS,04/22/2024
PAY-6105,ORD-7150,"$16,506.00",wechat,pending,2024-10-04
PAY-6106,ORD-2664,17729,COD,success,2025-05-06
PAY-6107,ORD-6441,5772,wechat,success,26-08-2026
PAY-6108,ORD-1283,"$12,379.00",wechat,SUCCESS,12/15/2025
PAY-6109,ORD-8146,11505,COD,SUCCESS,06/16/2024
PAY-6110,ORD-220,"$7,846.00",alipay,pending,05/18/2024
PAY-6111,ORD-4889,18307,card,success,2025-01-02
PAY-6112,ORD-3802,1270,alipay,SUCCESS,22-06-2024
PAY-6113,ORD-13422,4573,COD,pending,08-06-2025
PAY-6114,ORD-10474,1151,COD,success,12-05-2024
PAY-6115,ORD-2057,18 140,card,success,02/13/2026
PAY-6116,ORD-6755,19829,alipay,success,2025-11-24
PAY-6117,ORD-7578,"6 673,00",card,pending,21-05-2025
PAY-6118,ORD-13700,15046,alipay,success,2026-01-23
PAY-6119,ORD-13163,2423,wechat,pending,06/01/2025
PAY-6120,ORD-14376,"13 397,00",card,success,04/01/2026
PAY-6121,ORD-4755,"$11,608.00",card,success,12/24/2025
PAY-6122,ORD-9360,"$4,145.00",alipay,success,2026-09-16
PAY-6123,ORD-3927,"$13,558.00",alipay,pending,24-07-2025
PAY-6124,ORD-8551,6683,card,success,2026-05-19
PAY-6125,ORD-3321,"$8,943.00",card,pending,12/27/2024
PAY-6126,ORD-1258,"$14,507.00",wechat,pending,2026-08-24
PAY-6127,ORD-1986,"$16,509.00",card,pending,2024-04-03
PAY-6128,ORD-4020,"$7,878.00",card,success,2024-06-17
PAY-6129,ORD-473,10364,COD,pending,11-08-2026
PAY-6130,ORD-1722,7 186,card,SUCCESS,05/26/2026
PAY-6131,ORD-5482,14201,COD,success,04-01-2026
PAY-6132,ORD-7471,17069,card,SUCCESS,2024-06-09
PAY-6133,ORD-7712,"$6,717.00",card,success,2024-03-24
PAY-6134,ORD-4307,"$19,753.00",wechat,failed,01-02-2025
PAY-6135,ORD-6627,"$7,174.00",wechat,SUCCESS,2024-08-15
PAY-6136,ORD-245,19968,alipay,pending,05/23/2024
PAY-6137,ORD-12215,15859,alipay,success,2024-09-07
PAY-6138,ORD-10211,16055,COD,pending,18-11-2024
PAY-6139,ORD-10632,"$12,216.00",card,SUCCESS,08/01/2025
PAY-6140,ORD-9330,"$14,975.00",COD,pending,2024-06-12
PAY-6141,ORD-10961,14552,alipay,SUCCESS,2026-05-06
PAY-6142,ORD-6354,15873,card,pending,2025-02-23
PAY-6143,ORD-14003,"$1,490.00",alipay,pending,04/06/2026
PAY-6144,ORD-4243,"$14,361.00",card,success,11-09-2026
PAY-6145,ORD-3844,"$11,560.00",COD,SUCCESS,08/08/2026
PAY-6146,ORD-11295,"$17,244.00",alipay,SUCCESS,2024-02-01
PAY-6147,ORD-11094,"$16,107.00",alipay,pending,2024-09-20
PAY-6148,ORD-3169,3874,COD,pending,2024-03-01
PAY-6149,ORD-1276,$932.00,alipay,success,23-02-2025
PAY-6150,ORD-3159,"15 788,00",card,success,02/13/2026
PAY-6151,ORD-6452,"$18,902.00",alipay,SUCCESS,20-10-2025
PAY-6152,ORD-4590,12783,card,success,12/16/2025
PAY-6153,ORD-7665,5886,alipay,success,02/27/2026
PAY-6154,ORD-8091,"8 213,00",COD,success,2026-11-28
PAY-6155,ORD-10508,715,alipay,pending,2026-02-14
PAY-6156,ORD-9075,4391,alipay,success,2024-05-03
PAY-6157,ORD-6478,11622,alipay,SUCCESS,2024-02-19
PAY-6158,ORD-1738,18900,wechat,SUCCESS,05/04/2025
PAY-6159,ORD-5194,2272,wechat,success,24-01-2025
PAY-6160,ORD-14253,"$3,387.00",COD,success,2025-06-06
PAY-6161,ORD-3725,3895,alipay,pending,01/19/2025
PAY-6162,ORD-12793,11592,COD,SUCCESS,2025-03-19
PAY-6163,ORD-1745,"$14,975.00",COD,pending,2024-12-22
PAY-6164,ORD-7430,19734,alipay,success,25-04-2025
PAY-6165,ORD-12939,18249,wechat,pending,08/01/2024
PAY-6166,ORD-11468,12636,wechat,pending,2026-05-01
PAY-6167,ORD-7884,"$1,844.00",alipay,SUCCESS,2026-02-16
PAY-6168,ORD-5947,15150,alipay,pending,2025-10-25
PAY-6169,ORD-11819,6103,COD,SUCCESS,11/26/2025
PAY-6170,ORD-8951,"$9,028.00",card,pending,2024-01-27
PAY-6171,ORD-7321,622,wechat,pending,2024-02-04
PAY-6172,ORD-12163,16 423,wechat,pending,2024-12-09
PAY-6173,ORD-13284,391,wechat,pending,2024-09-27
PAY-6174,ORD-3754,"$5,181.00",wechat,SUCCESS,05/26/2024
PAY-6175,ORD-8218,815,card,SUCCESS,2024-12-21
PAY-6176,ORD-11933,19758,wechat,success,2024-04-02
PAY-6177,ORD-6269,"$6,484.00",wechat,success,17-05-2024
PAY-6178,ORD-13561,"623,00",card,SUCCESS,2025-05-03
PAY-6179,ORD-7876,"18 441,00",COD,failed,2025-04-08
PAY-6180,ORD-4822,4648,COD,SUCCESS,2025-02-03
PAY-6181,ORD-13260,12383,card,pending,10/17/2025
PAY-6182,ORD-10110,"13 725,00",card,success,2024-04-12
PAY-6183,ORD-3047,9989,card,pending,2025-04-21
PAY-6184,ORD-4744,1466,card,pending,08/04/2025
PAY-6185,ORD-821,"$4,897.00",card,pending,01/11/2024
PAY-6186,ORD-5161,6838,wechat,SUCCESS,26-04-2025
PAY-6187,ORD-6208,7635,COD,success,2026-02-26
PAY-6188,ORD-5943,"2 670,00",COD,SUCCESS,2025-02-18
PAY-6189,ORD-14877,"$14,057.00",card,success,26-01-2025
PAY-6190,ORD-13969,6475,wechat,success,10/08/2026
PAY-6191,ORD-1004,11822,wechat,success,2024-01-24
PAY-6192,ORD-8765,7460,COD,pending,02/12/2024
PAY-6193,ORD-13380,3450,COD,pending,2026-12-22
PAY-6194,ORD-2384,"4 742,00",card,pending,17-04-2026
PAY-6195,ORD-6998,"$7,810.00",COD,SUCCESS,05/06/2026
PAY-6196,ORD-4275,3162,wechat,SUCCESS,2026-02-23
PAY-6197,ORD-3399,"$7,761.00",card,success,22-04-2024
PAY-6198,ORD-14770,11457,COD,SUCCESS,16-05-2026
PAY-6199,ORD-7800,7964,COD,success,2025-01-15
PAY-6200,ORD-11547,12225,wechat,success,06/23/2026
PAY-6201,ORD-4013,87,COD,pending,20-09-2024
PAY-6202,ORD-9098,13151,card,pending,2026-08-17
PAY-6203,ORD-13394,"$9,978.00",wechat,pending,02/08/2024
PAY-6204,ORD-12273,5179,card,success,2026-02-02
PAY-6205,ORD-14977,"$3,266.00",alipay,pending,2025-08-09
PAY-6206,ORD-2423,"15 845,00",card,pending,04-09-2026
PAY-6207,ORD-4857,17891,alipay,success,2025-06-26
PAY-6208,ORD-8136,3269,wechat,success,2026-07-25
PAY-6209,ORD-11292,17506,wechat,failed,24-08-2026
PAY-6210,ORD-7203,14702,COD,SUCCESS,2025-08-25
PAY-6211,ORD-8559,5 068,COD,success,01-12-2025
PAY-6212,ORD-2181,"$14,431.00",COD,success,23-07-2026
PAY-6213,ORD-8839,14275,alipay,SUCCESS,01/04/2025
PAY-6214,ORD-2873,"$4,045.00",COD,SUCCESS,2026-12-13
PAY-6215,ORD-3033,2818,wechat,pending,2026-12-12
PAY-6216,ORD-10225,"15 542,00",alipay,SUCCESS,2026-11-11
PAY-6217,ORD-4011,16730,card,SUCCESS,06/15/2025
PAY-6218,ORD-9486,3 656,wechat,pending,04/02/2024
PAY-6219,ORD-8975,9929,alipay,success,11/18/2026
PAY-6220,ORD-984,19 155,card,success,01/09/2025
PAY-6221,ORD-14181,5479,COD,pending,2026-09-25
PAY-6222,ORD-1904,"15 836,00",alipay,pending,21-08-2025
PAY-6223,ORD-13977,"3 867,00",card,success,2026-10-05
PAY-6224,ORD-310,"$6,678.00",alipay,failed,21-12-2026
PAY-6225,ORD-6476,13 873,wechat,success,05/09/2024
PAY-6226,ORD-8168,3048,wechat,pending,04-04-2024
PAY-6227,ORD-14439,"$18,725.00",alipay,pending,2026-09-04
PAY-6228,ORD-7583,2826,COD,success,2024-08-23
PAY-6229,ORD-7360,"$11,232.00",alipay,pending,02/17/2026
PAY-6230,ORD-7873,"$4,370.00",card,success,15-12-2026
PAY-6231,ORD-2421,16637,alipay,pending,2024-04-06
PAY-6232,ORD-14502,"$10,792.00",wechat,pending,2025-02-09
PAY-6233,ORD-12310,19341,COD,success,2025-09-19
PAY-6234,ORD-6602,8340,COD,SUCCESS,2025-01-12
PAY-6235,ORD-5929,"$17,202.00",COD,SUCCESS,2026-10-23
PAY-6236,ORD-7870,14697,card,pending,08/04/2025
PAY-6237,ORD-4020,"17 944,00",alipay,failed,2025-12-18
PAY-6238,ORD-13750,341,card,SUCCESS,2026-02-14
PAY-6239,ORD-5171,16521,COD,pending,01/22/2024
PAY-6240,ORD-7936,17894,card,success,2025-03-05
PAY-6241,ORD-13466,"$5,691.00",COD,SUCCESS,10/04/2026
PAY-6242,ORD-7594,11586,alipay,pending,02/12/2024
PAY-6243,ORD-8405,"17 866,00",COD,pending,2024-11-26
PAY-6244,ORD-113,"$12,111.00",wechat,SUCCESS,2024-08-21
PAY-6245,ORD-7638,770,alipay,SUCCESS,09/05/2026
PAY-6246,ORD-374,$240.00,wechat,pending,2026-03-03
PAY-6247,ORD-13921,17001,card,SUCCESS,2025-12-09
PAY-6248,ORD-4277,7 243,alipay,pending,06/17/2024
PAY-6249,ORD-9335,"$3,286.00",card,success,10/22/2026
PAY-6250,ORD-3774,15226,card,success,25-01-2026
PAY-6251,ORD-11732,471,card,success,2025-01-02
PAY-6252,ORD-14337,"$1,978.00",COD,SUCCESS,09-04-2026
PAY-6253,ORD-7818,7481,wechat,success,05/12/2025
PAY-6254,ORD-3914,15941,wechat,success,2026-09-16
PAY-6255,ORD-9925,"19 540,00",card,pending,01/13/2024
PAY-6256,ORD-1880,"$6,640.00",card,pending,12/13/2026
PAY-6257,ORD-8253,"$4,969.00",card,failed,2026-04-16
PAY-6258,ORD-8453,17472,COD,pending,2026-10-13
PAY-6259,ORD-7167,"$16,605.00",COD,failed,12-11-2025
PAY-6260,ORD-13662,"19 769,00",COD,success,2024-03-16
PAY-6261,ORD-2459,18386,COD,pending,08/12/2026
PAY-6262,ORD-9530,19526,wechat,success,2025-05-09
PAY-6263,ORD-14078,6936,card,SUCCESS,12/02/2024
PAY-6264,ORD-3990,"$18,253.00",card,SUCCESS,2025-05-25
PAY-6265,ORD-3614,17659,alipay,SUCCESS,2024-12-12
PAY-6266,ORD-12854,19672,alipay,success,2026-04-17
PAY-6267,ORD-6340,13617,wechat,SUCCESS,2025-10-22
PAY-6268,ORD-8228,"$11,808.00",COD,pending,23-11-2025
PAY-6269,ORD-2712,5849,wechat,pending,04/07/2024
PAY-6270,ORD-11464,10 999,card,success,2025-06-03
PAY-6271,ORD-9193,6145,card,SUCCESS,12/09/2024
PAY-6272,ORD-10141,19423,COD,pending,27-07-2026
PAY-6273,ORD-6592,12584,wechat,success,08-06-2024
PAY-6274,ORD-5751,11424,COD,failed,21-01-2025
PAY-6275,ORD-10571,1048,alipay,SUCCESS,05-12-2025
PAY-6276,ORD-5431,9908,card,failed,2025-07-02
PAY-6277,ORD-217,"1 078,00",wechat,success,10-02-2025
PAY-6278,ORD-9124,"$9,344.00",wechat,success,2025-03-03
PAY-6279,ORD-14598,18835,COD,SUCCESS,10/14/2024
PAY-6280,ORD-5133,10507,card,SUCCESS,2024-12-11
PAY-6281,ORD-5119,3614,wechat,SUCCESS,05-05-2025
PAY-6282,ORD-11575,11272,alipay,SUCCESS,2026-06-17
PAY-6283,ORD-4875,"$14,463.00",wechat,SUCCESS,02/10/2025
PAY-6284,ORD-8587,9754,alipay,pending,08-01-2025
PAY-6285,ORD-6512,"$3,251.00",alipay,pending,08/16/2026
PAY-6286,ORD-13601,"17 433,00",alipay,pending,2025-09-21
PAY-6287,ORD-8424,8560,COD,pending,2026-12-26
PAY-6288,ORD-856,19278,COD,success,10/15/2026
PAY-6289,ORD-14091,6562,wechat,pending,2026-11-02
PAY-6290,ORD-9279,7488,COD,success,11-01-2024
PAY-6291,ORD-11073,573,COD,success,2024-11-26
PAY-6292,ORD-14343,10598,wechat,pending,07/02/2024
PAY-6293,ORD-6108,4696,wechat,SUCCESS,12-03-2025
PAY-6294,ORD-9534,"17 385,00",COD,SUCCESS,2025-03-16
PAY-6295,ORD-8468,"$9,476.00",alipay,success,10-10-2025
PAY-6296,ORD-13749,8897,COD,pending,23-04-2026
PAY-6297,ORD-9464,2 642,alipay,pending,2024-03-12
PAY-6298,ORD-5536,$755.00,wechat,pending,2025-08-25
PAY-6299,ORD-3227,"$15,634.00",alipay,SUCCESS,25-09-2025
PAY-6300,ORD-8146,3388,alipay,success,06/26/2024
PAY-6301,ORD-445,1278,COD,SUCCESS,2025-02-10
PAY-6302,ORD-12137,10 845,wechat,failed,2026-10-04
PAY-6303,ORD-11956,"4 188,00",wechat,pending,07-11-2025
PAY-6304,ORD-12812,18593,card,SUCCESS,2025-11-10
PAY-6305,ORD-2239,7507,alipay,pending,21-06-2024
PAY-6306,ORD-14158,6 267,wechat,success,08/15/2025
PAY-6307,ORD-11618,"$12,827.00",wechat,success,2026-07-05
PAY-6308,ORD-9384,"$19,101.00",alipay,pending,2024-02-13
PAY-6309,ORD-7905,6 146,card,success,10/16/2025
PAY-6310,ORD-5582,"$17,368.00",wechat,success,2026-01-14
PAY-6311,ORD-12119,"15 938,00",wechat,pending,2025-01-13
PAY-6312,ORD-9549,186,card,success,2025-06-07
PAY-6313,ORD-12902,"$9,435.00",card,pending,15-03-2025
PAY-6314,ORD-13917,"7 677,00",wechat,SUCCESS,2026-06-27
PAY-6315,ORD-939,9182,COD,success,2025-12-18
PAY-6316,ORD-10801,2621,COD,SUCCESS,2026-02-04
PAY-6317,ORD-7879,"$11,203.00",COD,pending,08/12/2024
PAY-6318,ORD-5417,"$7,419.00",alipay,pending,2026-09-18
PAY-6319,ORD-8758,"$13,523.00",card,success,2026-03-14
PAY-6320,ORD-7859,"$10,398.00",COD,SUCCESS,2026-12-09
PAY-6321,ORD-9509,11494,card,success,28-06-2025
PAY-6322,ORD-469,10428,alipay,SUCCESS,2026-04-16
PAY-6323,ORD-9517,1741,alipay,SUCCESS,19-12-2026
PAY-6324,ORD-10780,11398,alipay,SUCCESS,08-03-2024
PAY-6325,ORD-13589,8046,alipay,pending,2026-03-06
PAY-6326,ORD-14147,18676,wechat,SUCCESS,2024-05-20
PAY-6327,ORD-14735,2650,alipay,pending,2026-01-16
PAY-6328,ORD-5872,"17 651,00",card,pending,04/24/2026
PAY-6329,ORD-3447,1917,card,pending,2025-08-06
PAY-6330,ORD-2283,1290,wechat,SUCCESS,2025-07-23
PAY-6331,ORD-1666,"$6,809.00",alipay,SUCCESS,11/27/2024
PAY-6332,ORD-1051,7800,alipay,pending,2025-10-21
PAY-6333,ORD-13978,61,card,success,03/23/2026
PAY-6334,ORD-970,$135.00,card,success,09/28/2026
PAY-6335,ORD-5033,14844,card,success,03/23/2024
PAY-6336,ORD-14447,8762,card,pending,2024-03-18
PAY-6337,ORD-8088,"$12,295.00",alipay,success,2026-10-02
PAY-6338,ORD-7400,"$10,810.00",card,success,2026-11-11
PAY-6339,ORD-1041,18 476,alipay,success,05/22/2025
PAY-6340,ORD-5949,"$5,245.00",COD,pending,04/07/2025
PAY-6341,ORD-14562,8088,card,success,2024-09-12
PAY-6342,ORD-6405,"$10,426.00",card,success,2025-12-11
PAY-6343,ORD-1735,13021,card,success,2024-02-14
PAY-6344,ORD-6040,12322,wechat,success,2025-05-27
PAY-6345,ORD-5576,9844,card,failed,07-05-2025
PAY-6346,ORD-6692,6095,wechat,pending,2024-08-15
PAY-6347,ORD-9718,5481,alipay,success,2024-11-09
PAY-6348,ORD-3534,"$17,451.00",wechat,pending,2026-12-03
PAY-6349,ORD-13912,13734,COD,SUCCESS,16-12-2024
PAY-6350,ORD-4665,"$3,535.00",wechat,pending,11/16/2025
PAY-6351,ORD-7273,1948,card,SUCCESS,10-09-2024
PAY-6352,ORD-13888,"$15,438.00",wechat,SUCCESS,09/23/2025
PAY-6353,ORD-7562,7785,alipay,SUCCESS,09/01/2026
PAY-6354,ORD-6459,"4 537,00",COD,success,2024-06-28
PAY-6355,ORD-14167,16488,COD,SUCCESS,27-04-2026
PAY-6356,ORD-425,17019,COD,SUCCESS,2024-05-09
PAY-6357,ORD-13376,12279,COD,pending,2024-05-27
PAY-6358,ORD-6480,"$14,213.00",COD,success,03/03/2024
PAY-6359,ORD-11326,1627,alipay,SUCCESS,2025-03-25
PAY-6360,ORD-3109,"$19,203.00",COD,failed,2025-08-15
PAY-6361,ORD-13859,2 832,alipay,success,09/16/2025
PAY-6362,ORD-12036,"$2,937.00",COD,SUCCESS,18-03-2024
PAY-6363,ORD-3906,"$19,369.00",card,success,2026-04-14
PAY-6364,ORD-10410,"17 769,00",alipay,success,2025-10-12
PAY-6365,ORD-12789,3 542,alipay,pending,2026-09-22
PAY-6366,ORD-1326,19322,card,SUCCESS,2026-07-22
PAY-6367,ORD-4695,"$16,655.00",COD,success,07/09/2026
PAY-6368,ORD-4916,"5 543,00",alipay,pending,2024-05-24
PAY-6369,ORD-3057,11948,card,SUCCESS,04/11/2025
PAY-6370,ORD-9609,17128,alipay,SUCCESS,09/26/2026
PAY-6371,ORD-2269,14197,alipay,SUCCESS,2026-01-21
PAY-6372,ORD-13446,9708,alipay,SUCCESS,2025-11-19
PAY-6373,ORD-12346,"$15,204.00",alipay,success,07/07/2026
PAY-6374,ORD-4990,1792,wechat,success,2024-03-24
PAY-6375,ORD-9413,5355,alipay,success,22-08-2024
PAY-6376,ORD-2400,"6 403,00",alipay,failed,08/17/2024
PAY-6377,ORD-7650,18 952,card,failed,09/17/2024
PAY-6378,ORD-413,14104,wechat,SUCCESS,2026-06-11
PAY-6379,ORD-13612,"12 325,00",wechat,SUCCESS,2024-01-22
PAY-6380,ORD-7127,18510,alipay,pending,2026-12-06
PAY-6381,ORD-11283,"$14,067.00",COD,success,03-02-2026
PAY-6382,ORD-3565,5891,COD,pending,2026-04-02
PAY-6383,ORD-259,5517,card,pending,2025-04-23
PAY-6384,ORD-4660,16730,card,pending,02/04/2026
PAY-6385,ORD-9876,10553,alipay,pending,06-02-2026
PAY-6386,ORD-12303,13 423,COD,pending,12/05/2026
PAY-6387,ORD-853,"$11,691.00",alipay,pending,21-09-2025
PAY-6388,ORD-14749,"$5,845.00",COD,success,2024-09-05
PAY-6389,ORD-8180,7506,card,SUCCESS,2025-11-24
PAY-6390,ORD-5421,"$7,456.00",wechat,success,02/21/2024
PAY-6391,ORD-2087,$241.00,COD,SUCCESS,09/26/2024
PAY-6392,ORD-5877,9257,COD,failed,2025-12-16
PAY-6393,ORD-8499,"$1,476.00",COD,SUCCESS,11/11/2024
PAY-6394,ORD-9466,13885,alipay,pending,2024-12-01
PAY-6395,ORD-10311,"19 040,00",wechat,success,2025-12-21
PAY-6396,ORD-189,"$18,317.00",card,failed,04-10-2026
PAY-6397,ORD-4547,"$6,075.00",wechat,success,2026-10-13
PAY-6398,ORD-11904,18290,COD,pending,10-03-2024
PAY-6399,ORD-14187,"$14,570.00",COD,success,2025-08-17
PAY-6400,ORD-3361,19816,COD,success,2026-08-07
PAY-6401,ORD-14113,8 201,wechat,pending,2026-07-05
PAY-6402,ORD-435,11772,card,SUCCESS,2025-07-13
PAY-6403,ORD-6497,10837,COD,SUCCESS,2024-09-04
PAY-6404,ORD-6107,2575,COD,success,2026-10-01
PAY-6405,ORD-10328,"6 908,00",COD,success,22-09-2025
PAY-6406,ORD-8546,194,card,SUCCESS,2025-03-17
PAY-6407,ORD-2805,3177,COD,SUCCESS,2025-07-11
PAY-6408,ORD-12057,2012,card,success,2026-12-15
PAY-6409,ORD-6560,5671,COD,success,2026-06-21
PAY-6410,ORD-3998,15 736,wechat,SUCCESS,02/15/2026
PAY-6411,ORD-2027,"$14,228.00",alipay,success,2024-07-27
PAY-6412,ORD-13899,17 401,COD,SUCCESS,06/13/2025
PAY-6413,ORD-3376,9030,card,pending,2024-08-22
PAY-6414,ORD-10343,"$16,419.00",wechat,success,08/28/2025
PAY-6415,ORD-3161,19632,alipay,SUCCESS,02/20/2026
PAY-6416,ORD-5619,$641.00,wechat,success,2025-01-11
PAY-6417,ORD-8166,10 135,card,pending,12/06/2025
PAY-6418,ORD-3453,"6 748,00",alipay,SUCCESS,04-08-2026
PAY-6419,ORD-920,"57,00",COD,success,2026-12-10
PAY-6420,ORD-7993,"$15,237.00",COD,pending,15-12-2024
PAY-6421,ORD-2627,15440,card,SUCCESS,2024-06-12
PAY-6422,ORD-8709,14774,COD,success,2024-05-23
PAY-6423,ORD-8196,17599,wechat,success,2024-12-24
PAY-6424,ORD-7160,11901,wechat,pending,2025-04-05
PAY-6425,ORD-2602,14045,COD,pending,2026-07-16
PAY-6426,ORD-7863,18438,alipay,success,2026-05-23
PAY-6427,ORD-4273,6 806,wechat,pending,2026-06-14
PAY-6428,ORD-1185,"$10,268.00",COD,success,23-12-2025
PAY-6429,ORD-665,11723,alipay,pending,07/07/2026
PAY-6430,ORD-8750,18933,wechat,SUCCESS,16-07-2025
PAY-6431,ORD-7355,6990,alipay,success,2025-08-02
PAY-6432,ORD-8959,11707,COD,SUCCESS,07/25/2026
PAY-6433,ORD-9817,"19 301,00",card,success,05/06/2026
PAY-6434,ORD-2935,"$13,884.00",card,pending,06/27/2024
PAY-6435,ORD-8764,766,alipay,SUCCESS,2024-06-20
PAY-6436,ORD-7611,11488,COD,SUCCESS,2026-07-15
PAY-6437,ORD-4026,5426,wechat,SUCCESS,2026-01-27
PAY-6438,ORD-9409,1633,wechat,pending,10-02-2026
PAY-6439,ORD-8427,1585,card,success,08/08/2025
PAY-6440,ORD-1489,"2 743,00",card,SUCCESS,2025-10-03
PAY-6441,ORD-14490,"$9,787.00",wechat,pending,2024-08-16
PAY-6442,ORD-8294,7274,card,SUCCESS,15-06-2024
PAY-6443,ORD-9218,13580,COD,SUCCESS,04/08/2025
PAY-6444,ORD-7721,8539,alipay,pending,20-08-2024
PAY-6445,ORD-4931,"12 649,00",card,success,05/28/2024
PAY-6446,ORD-10898,"$11,539.00",alipay,SUCCESS,05/24/2024
PAY-6447,ORD-5530,"$5,004.00",wechat,pending,2026-11-25
PAY-6448,ORD-13046,3331,alipay,pending,27-08-2024
PAY-6449,ORD-12015,$949.00,alipay,success,04/19/2025
PAY-6450,ORD-11212,17462,alipay,success,2024-08-18
PAY-6451,ORD-6861,6990,COD,failed,09/05/2026
PAY-6452,ORD-8273,"17 134,00",card,pending,2026-01-10
PAY-6453,ORD-5923,9904,alipay,success,2024-10-27
PAY-6454,ORD-12847,16285,card,SUCCESS,2024-01-03
PAY-6455,ORD-12057,"$15,903.00",wechat,SUCCESS,2025-02-20
PAY-6456,ORD-11107,"$9,675.00",alipay,pending,26-09-2025
PAY-6457,ORD-1179,5015,COD,failed,2025-04-17
PAY-6458,ORD-6386,"13 886,00",alipay,success,03/21/2026
PAY-6459,ORD-9294,16493,COD,success,2026-09-28
PAY-6460,ORD-10137,"19 167,00",wechat,pending,05/12/2025
PAY-6461,ORD-12887,"2 115,00",COD,success,2024-06-03
PAY-6462,ORD-4925,19 143,alipay,failed,2026-12-05
PAY-6463,ORD-5947,19 312,COD,pending,16-05-2026
PAY-6464,ORD-4885,5809,wechat,SUCCESS,07/16/2025
PAY-6465,ORD-712,"6 126,00",card,success,07/26/2025
PAY-6466,ORD-1322,"$10,874.00",card,SUCCESS,19-07-2025
PAY-6467,ORD-8154,6774,wechat,pending,04/22/2026
PAY-6468,ORD-9408,"$9,651.00",card,pending,09/04/2026
PAY-6469,ORD-12160,"$12,981.00",alipay,failed,2025-03-13
PAY-6470,ORD-13724,15461,alipay,SUCCESS,26-02-2026
PAY-6471,ORD-680,13853,wechat,SUCCESS,2026-09-23
PAY-6472,ORD-7012,11426,COD,success,2026-12-17
PAY-6473,ORD-2108,19888,card,success,2024-04-15
PAY-6474,ORD-724,12 943,alipay,SUCCESS,11/06/2024
PAY-6475,ORD-12940,5982,card,SUCCESS,2024-11-14
PAY-6476,ORD-12082,1576,COD,SUCCESS,25-09-2024
PAY-6477,ORD-7535,"$15,279.00",card,pending,08/22/2025
PAY-6478,ORD-9918,"9 090,00",alipay,pending,10-03-2024
PAY-6479,ORD-6619,"$9,155.00",wechat,pending,2025-12-27
PAY-6480,ORD-14028,"16 673,00",alipay,SUCCESS,2025-03-15
PAY-6481,ORD-1577,"$14,711.00",alipay,pending,18-07-2026
PAY-6482,ORD-5160,5162,alipay,success,08/27/2026
PAY-6483,ORD-6320,14 726,wechat,SUCCESS,2024-09-27
PAY-6484,ORD-2694,10134,card,success,2026-08-20
PAY-6485,ORD-4487,11082,wechat,SUCCESS,2024-03-17
PAY-6486,ORD-38,18519,alipay,success,2026-03-05
PAY-6487,ORD-14617,5301,wechat,SUCCESS,2026-06-06
PAY-6488,ORD-6467,"$15,690.00",card,pending,2025-02-22
PAY-6489,ORD-6289,8220,card,failed,2026-05-13
PAY-6490,ORD-12182,19 896,card,pending,01/17/2026
PAY-6491,ORD-12918,2492,wechat,SUCCESS,2024-04-11
PAY-6492,ORD-6989,"5 759,00",COD,success,28-04-2025
PAY-6493,ORD-5812,"$16,165.00",card,pending,2026-11-16
PAY-6494,ORD-4449,12511,COD,success,2026-09-10
PAY-6495,ORD-3619,19114,card,success,01/28/2024
PAY-6496,ORD-7389,5589,COD,pending,2024-02-01
PAY-6497,ORD-1221,"$6,681.00",card,pending,10/05/2024
PAY-6498,ORD-3382,"$14,647.00",card,pending,16-03-2026
PAY-6499,ORD-2904,"$12,083.00",COD,SUCCESS,09/25/2024
PAY-6500,ORD-9123,"$1,812.00",COD,pending,04/28/2025
PAY-6501,ORD-5678,11273,alipay,SUCCESS,2024-01-25
PAY-6502,ORD-3592,9 646,wechat,failed,2025-04-27
PAY-6503,ORD-5874,13332,alipay,success,03/05/2024
PAY-6504,ORD-3890,12754,wechat,pending,2025-10-16
PAY-6505,ORD-7255,18 852,card,SUCCESS,2024-01-11
PAY-6506,ORD-4634,18293,COD,SUCCESS,2026-03-09
PAY-6507,ORD-1904,"8 292,00",alipay,failed,05/03/2024
PAY-6508,ORD-4333,"13 705,00",card,success,25-04-2026
PAY-6509,ORD-14811,4859,COD,failed,01-10-2024
PAY-6510,ORD-3978,16782,card,pending,02/20/2026
PAY-6511,ORD-12828,19046,wechat,pending,2026-06-09
PAY-6512,ORD-1435,9 179,wechat,SUCCESS,2025-05-17
PAY-6513,ORD-8249,"$7,565.00",alipay,pending,2026-08-06
PAY-6514,ORD-3383,17 575,card,success,19-11-2026
PAY-6515,ORD-14828,"$10,784.00",COD,pending,2025-11-15
PAY-6516,ORD-10064,"$14,571.00",alipay,pending,2026-05-19
PAY-6517,ORD-14186,6288,wechat,SUCCESS,2025-06-09
PAY-6518,ORD-14959,15623,card,success,2025-09-12
PAY-6519,ORD-8250,"$13,756.00",wechat,success,2024-06-19
PAY-6520,ORD-14597,"$7,493.00",wechat,success,2026-06-13
PAY-6521,ORD-1286,11508,alipay,pending,23-08-2025
PAY-6522,ORD-14877,16219,wechat,SUCCESS,2025-03-10
PAY-6523,ORD-1014,"$5,458.00",card,SUCCESS,2026-03-09
PAY-6524,ORD-11681,"$14,117.00",COD,SUCCESS,10/12/2026
PAY-6525,ORD-133,$872.00,alipay,SUCCESS,04/07/2026
PAY-6526,ORD-1531,975,COD,success,12/17/2026
PAY-6527,ORD-8652,"17 650,00",COD,success,2025-03-19
PAY-6528,ORD-1715,968,COD,failed,2025-10-13
PAY-6529,ORD-14992,3220,COD,SUCCESS,06/23/2024
PAY-6530,ORD-10890,9815,alipay,SUCCESS,04/09/2026
PAY-6531,ORD-14268,"$3,190.00",COD,success,2024-10-23
PAY-6532,ORD-7722,9759,card,SUCCESS,2026-11-15
PAY-6533,ORD-111,"$5,162.00",card,pending,2025-12-15
PAY-6534,ORD-5635,1906,alipay,pending,07/23/2024
PAY-6535,ORD-11315,15 083,alipay,pending,03/14/2025
PAY-6536,ORD-1855,12201,COD,success,2024-04-15
PAY-6537,ORD-8299,19324,wechat,pending,2025-07-18
PAY-6538,ORD-7855,"$14,347.00",wechat,SUCCESS,08/08/2025
PAY-6539,ORD-70,"$2,869.00",wechat,pending,2024-08-28
PAY-6540,ORD-8276,"$8,868.00",card,success,2025-05-05
PAY-6541,ORD-11917,13 239,COD,SUCCESS,2026-08-10
PAY-6542,ORD-6507,7209,COD,SUCCESS,01/25/2026
PAY-6543,ORD-10035,"3 805,00",card,success,2024-12-02
PAY-6544,ORD-5059,11949,alipay,failed,18-10-2025
PAY-6545,ORD-14181,13376,card,failed,04/25/2024
PAY-6546,ORD-1112,6862,alipay,SUCCESS,19-10-2024
PAY-6547,ORD-51,"6 332,00",COD,success,09/28/2024
PAY-6548,ORD-14989,8 434,alipay,SUCCESS,2024-11-28
PAY-6549,ORD-12821,"$19,340.00",card,success,2024-05-27
PAY-6550,ORD-11545,18576,COD,pending,2026-09-25
PAY-6551,ORD-11442,10357,COD,pending,2026-11-13
PAY-6552,ORD-8983,10913,wechat,pending,02/23/2025
PAY-6553,ORD-6691,1279,COD,success,2025-06-17
PAY-6554,ORD-474,7610,wechat,pending,21-10-2025
PAY-6555,ORD-5601,"$4,604.00",card,success,05/05/2025
PAY-6556,ORD-8416,"15 040,00",wechat,pending,2025-04-18
PAY-6557,ORD-5200,12397,card,success,03-07-2026
PAY-6558,ORD-12744,17 507,COD,success,02/05/2025
PAY-6559,ORD-14007,4201,COD,failed,03/15/2026
PAY-6560,ORD-3400,6363,alipay,SUCCESS,02/07/2024
PAY-6561,ORD-14173,"$7,252.00",card,success,05/11/2024
PAY-6562,ORD-7608,15355,wechat,SUCCESS,2026-05-03
PAY-6563,ORD-6895,4011,card,success,2026-08-20
PAY-6564,ORD-11942,"$14,611.00",alipay,failed,2025-11-10
PAY-6565,ORD-4513,1 195,alipay,SUCCESS,2026-08-11
PAY-6566,ORD-1202,4114,alipay,SUCCESS,08/22/2024
PAY-6567,ORD-1380,"$5,670.00",alipay,SUCCESS,24-03-2026
PAY-6568,ORD-12626,"$18,436.00",alipay,SUCCESS,06/12/2025
PAY-6569,ORD-868,3991,COD,SUCCESS,25-01-2025
PAY-6570,ORD-8443,"$10,624.00",alipay,success,07/17/2024
PAY-6571,ORD-1859,"$5,765.00",card,SUCCESS,2025-09-14
PAY-6572,ORD-10136,9 549,alipay,SUCCESS,28-03-2025
PAY-6573,ORD-576,17843,card,failed,2025-10-12
PAY-6574,ORD-392,"$15,817.00",COD,pending,2024-10-07
PAY-6575,ORD-14072,6202,wechat,SUCCESS,2025-03-23
PAY-6576,ORD-5372,"$19,697.00",alipay,pending,2025-04-17
PAY-6577,ORD-6435,791,card,SUCCESS,2026-11-09
PAY-6578,ORD-1510,5 626,card,SUCCESS,05-09-2025
PAY-6579,ORD-1363,570,card,success,09/15/2026
PAY-6580,ORD-11595,12 003,alipay,pending,2025-09-27
PAY-6581,ORD-11345,2442,COD,SUCCESS,2025-09-06
PAY-6582,ORD-2053,"$18,978.00",alipay,pending,2026-01-15
PAY-6583,ORD-11130,15925,alipay,success,15-11-2025
PAY-6584,ORD-11421,11765,wechat,failed,07/24/2024
PAY-6585,ORD-11201,11961,wechat,SUCCESS,2026-01-09
PAY-6586,ORD-11862,13070,wechat,success,12/08/2024
PAY-6587,ORD-11230,18063,card,success,27-07-2025
PAY-6588,ORD-9227,"$4,739.00",wechat,pending,2024-01-15
PAY-6589,ORD-9104,5522,wechat,pending,03-07-2025
PAY-6590,ORD-14336,"$13,318.00",wechat,success,21-08-2024
PAY-6591,ORD-6026,10134,card,pending,09/03/2026
PAY-6592,ORD-13872,2463,alipay,SUCCESS,2026-01-28
PAY-6593,ORD-6778,19528,COD,success,2024-08-10
PAY-6594,ORD-8325,12220,card,SUCCESS,12/15/2024
PAY-6595,ORD-6799,14703,COD,pending,06/18/2024
PAY-6596,ORD-5112,18845,card,success,2024-12-17
PAY-6597,ORD-3771,"$10,980.00",wechat,SUCCESS,2024-07-23
PAY-6598,ORD-11171,12538,COD,success,09/09/2025
PAY-6599,ORD-3686,15288,alipay,success,2024-01-25
PAY-6600,ORD-5249,"$10,264.00",card,success,2025-09-26
PAY-6601,ORD-8471,4982,COD,SUCCESS,03-10-2024
PAY-6602,ORD-9498,1 342,wechat,success,06/22/2024
PAY-6603,ORD-3713,1293,alipay,SUCCESS,19-09-2024
PAY-6604,ORD-9125,18 558,alipay,SUCCESS,01/04/2026
PAY-6605,ORD-10460,"$17,516.00",card,SUCCESS,2026-07-11
PAY-6606,ORD-3481,5834,wechat,pending,2024-04-22
PAY-6607,ORD-14730,7634,card,pending,2026-02-10
PAY-6608,ORD-13434,"$15,925.00",COD,pending,2025-04-28
PAY-6609,ORD-11633,"$15,252.00",wechat,SUCCESS,2024-12-26
PAY-6610,ORD-5160,11 075,card,pending,05/09/2026
PAY-6611,ORD-14399,"$17,027.00",COD,success,01/09/2025
PAY-6612,ORD-1463,16045,card,success,2025-02-07
PAY-6613,ORD-7394,6054,alipay,success,2024-12-23
PAY-6614,ORD-7241,"$9,613.00",alipay,SUCCESS,2025-01-02
PAY-6615,ORD-8072,"19 916,00",wechat,pending,2026-01-22
PAY-6616,ORD-5743,15670,COD,SUCCESS,2025-04-19
PAY-6617,ORD-5587,17297,wechat,SUCCESS,2024-10-16
PAY-6618,ORD-3482,17363,COD,success,24-10-2024
PAY-6619,ORD-14264,"14 640,00",wechat,success,16-08-2026
PAY-6620,ORD-5016,"$4,042.00",alipay,SUCCESS,01/06/2026
PAY-6621,ORD-5212,"$4,252.00",alipay,success,2025-08-05
PAY-6622,ORD-12600,11861,card,pending,13-12-2024
PAY-6623,ORD-6738,11486,wechat,pending,2024-12-24
PAY-6624,ORD-3577,13187,alipay,SUCCESS,04/27/2025
PAY-6625,ORD-14008,19 552,COD,pending,03/04/2025
PAY-6626,ORD-11129,1 468,card,pending,2026-07-16
PAY-6627,ORD-6653,15 615,COD,pending,02/23/2025
PAY-6628,ORD-10344,"$18,369.00",COD,success,2026-12-05
PAY-6629,ORD-10434,13046,COD,pending,2024-02-14
PAY-6630,ORD-12248,18173,wechat,pending,24-07-2026
PAY-6631,ORD-11220,18226,wechat,success,02/13/2024
PAY-6632,ORD-9428,19515,alipay,pending,10/25/2024
PAY-6633,ORD-2977,18049,alipay,SUCCESS,2026-12-12
PAY-6634,ORD-11083,"17 581,00",COD,pending,2025-03-08
PAY-6635,ORD-1409,6635,card,SUCCESS,2026-04-02
PAY-6636,ORD-10584,"$5,100.00",COD,SUCCESS,02/16/2025
PAY-6637,ORD-716,"$9,105.00",alipay,pending,23-12-2024
PAY-6638,ORD-14491,18462,COD,pending,13-07-2024
PAY-6639,ORD-5432,17400,alipay,success,2026-04-08
PAY-6640,ORD-3246,17906,alipay,pending,25-10-2026
PAY-6641,ORD-7843,17732,wechat,pending,06/02/2026
PAY-6642,ORD-9851,8515,COD,SUCCESS,2025-12-11
PAY-6643,ORD-6401,"3 390,00",alipay,failed,2024-05-27
PAY-6644,ORD-8416,"$16,197.00",COD,SUCCESS,2026-07-26
PAY-6645,ORD-14520,3093,wechat,failed,09-04-2026
PAY-6646,ORD-3263,"$1,867.00",COD,success,2026-05-20
PAY-6647,ORD-6557,"$4,182.00",alipay,pending,2025-11-09
PAY-6648,ORD-7629,124,card,pending,2025-05-20
PAY-6649,ORD-6440,"$11,474.00",alipay,SUCCESS,2024-07-03
PAY-6650,ORD-7003,"10 229,00",COD,success,2025-01-02
PAY-6651,ORD-143,"18 081,00",wechat,success,2026-09-26
PAY-6652,ORD-10287,"$6,359.00",card,pending,2025-07-12
PAY-6653,ORD-12726,7336,alipay,pending,2026-05-10
PAY-6654,ORD-5283,"10 354,00",alipay,pending,08/05/2026
PAY-6655,ORD-12688,4623,alipay,pending,2025-03-08
PAY-6656,ORD-4180,17586,alipay,SUCCESS,06-09-2025
PAY-6657,ORD-11941,"12 508,00",wechat,success,05-10-2024
PAY-6658,ORD-6476,11082,card,success,04/12/2024
PAY-6659,ORD-14493,7650,alipay,SUCCESS,2024-02-24
PAY-6660,ORD-230,6122,wechat,success,2025-11-26
PAY-6661,ORD-4465,16995,wechat,SUCCESS,2024-03-25
PAY-6662,ORD-12303,12621,COD,success,2024-12-23
PAY-6663,ORD-4004,7802,alipay,success,08-03-2026
PAY-6664,ORD-2081,17319,alipay,success,02/23/2026
PAY-6665,ORD-1876,19068,COD,pending,2025-02-10
PAY-6666,ORD-716,"$14,798.00",COD,pending,2024-07-17
PAY-6667,ORD-6435,2298,COD,SUCCESS,2024-03-21
PAY-6668,ORD-3026,"$4,782.00",COD,failed,02/28/2025
PAY-6669,ORD-2801,19841,wechat,pending,08/23/2024
PAY-6670,ORD-6211,9794,alipay,SUCCESS,11/13/2026
PAY-6671,ORD-1419,"$19,539.00",COD,success,2024-12-28
PAY-6672,ORD-2559,"$6,069.00",COD,success,03/15/2024
PAY-6673,ORD-9659,"16 312,00",wechat,SUCCESS,12/11/2026
PAY-6674,ORD-7684,"$15,683.00",COD,success,2024-06-13
PAY-6675,ORD-14388,$691.00,card,pending,2024-07-18
PAY-6676,ORD-11967,"$9,463.00",card,pending,2026-07-12
PAY-6677,ORD-3215,8590,wechat,success,2026-08-06
PAY-6678,ORD-2843,"$8,723.00",alipay,pending,2024-05-03
PAY-6679,ORD-3236,9998,alipay,success,2025-07-01
PAY-6680,ORD-8948,1233,card,success,2024-10-19
PAY-6681,ORD-13180,"12 710,00",alipay,success,28-12-2024
PAY-6682,ORD-9697,9758,wechat,success,2026-02-05
PAY-6683,ORD-2688,2236,card,pending,2025-02-26
PAY-6684,ORD-2087,16864,alipay,pending,06/02/2026
PAY-6685,ORD-2181,10838,wechat,SUCCESS,15-06-2025
PAY-6686,ORD-1349,19917,COD,failed,2026-02-25
PAY-6687,ORD-4833,1379,COD,SUCCESS,12/15/2026
PAY-6688,ORD-10625,4 173,alipay,SUCCESS,15-07-2025
PAY-6689,ORD-9357,18834,COD,success,12/27/2025
PAY-6690,ORD-2696,19723,alipay,pending,05/06/2026
PAY-6691,ORD-5875,11519,alipay,success,2026-08-06
PAY-6692,ORD-7465,"$6,327.00",COD,success,2024-07-06
PAY-6693,ORD-4161,16886,card,SUCCESS,12/25/2025
PAY-6694,ORD-10283,"9 930,00",card,success,2026-09-20
PAY-6695,ORD-9807,17070,alipay,pending,08-01-2024
PAY-6696,ORD-11001,6447,wechat,pending,2024-02-04
PAY-6697,ORD-11255,"$15,718.00",wechat,failed,2026-05-08
PAY-6698,ORD-14993,2639,wechat,SUCCESS,2025-08-11
PAY-6699,ORD-13935,17132,wechat,success,2024-06-05
PAY-6700,ORD-6654,"14 667,00",card,SUCCESS,09/12/2025
PAY-6701,ORD-14457,"$4,557.00",alipay,SUCCESS,2024-11-03
PAY-6702,ORD-11213,"$4,577.00",COD,success,2026-09-20
PAY-6703,ORD-262,19707,COD,success,2025-10-14
PAY-6704,ORD-14987,"$6,940.00",COD,failed,2025-03-05
PAY-6705,ORD-10335,"$9,578.00",wechat,success,05/04/2025
PAY-6706,ORD-7305,12636,card,pending,28-03-2025
PAY-6707,ORD-2841,1822,wechat,success,09/20/2026
PAY-6708,ORD-618,8774,card,success,2025-10-23
PAY-6709,ORD-1355,"$17,671.00",card,pending,2025-10-19
PAY-6710,ORD-12177,5 656,wechat,success,17-06-2024
PAY-6711,ORD-2716,16 565,wechat,SUCCESS,01/04/2024
PAY-6712,ORD-290,4388,alipay,success,2024-05-10
PAY-6713,ORD-8216,18476,alipay,success,07/27/2025
PAY-6714,ORD-91,17 451,alipay,success,14-09-2025
PAY-6715,ORD-9459,"$14,599.00",wechat,pending,2025-11-12
PAY-6716,ORD-11340,"$16,707.00",card,pending,2025-03-28
PAY-6717,ORD-6083,"1 419,00",card,pending,09/14/2024
PAY-6718,ORD-12,"$3,162.00",COD,SUCCESS,08/23/2026
PAY-6719,ORD-113,"17 033,00",COD,SUCCESS,2025-08-02
PAY-6720,ORD-14579,"19 533,00",card,SUCCESS,2025-05-23
PAY-6721,ORD-13400,16 360,COD,success,04-07-2024
PAY-6722,ORD-1949,"$7,029.00",COD,success,2024-07-03
PAY-6723,ORD-2824,"$4,129.00",COD,pending,07/08/2024
PAY-6724,ORD-11697,"$8,766.00",COD,pending,10/25/2024
PAY-6725,ORD-7746,$876.00,card,pending,03/24/2026
PAY-6726,ORD-11772,"$3,368.00",alipay,pending,07/14/2025
PAY-6727,ORD-14627,"$16,505.00",wechat,success,06/21/2025
PAY-6728,ORD-7886,"12 566,00",card,success,2025-10-10
PAY-6729,ORD-9818,15032,wechat,success,05-05-2025
PAY-6730,ORD-2416,"17 185,00",wechat,SUCCESS,2025-09-23
PAY-6731,ORD-6811,3746,wechat,pending,2026-03-16
PAY-6732,ORD-4438,2922,wechat,pending,2025-09-01
PAY-6733,ORD-2697,"$12,157.00",card,pending,2026-08-22
PAY-6734,ORD-8438,12310,wechat,SUCCESS,2024-09-06
PAY-6735,ORD-10283,17397,card,SUCCESS,2026-03-14
PAY-6736,ORD-14173,"$2,246.00",wechat,pending,2026-02-15
PAY-6737,ORD-11782,$306.00,alipay,success,2024-10-15
PAY-6738,ORD-1791,7487,alipay,pending,08/27/2024
PAY-6739,ORD-7146,3306,card,success,2026-12-11
PAY-6740,ORD-6439,"2 653,00",COD,SUCCESS,2025-08-26
PAY-6741,ORD-9709,1977,alipay,SUCCESS,2024-09-04
PAY-6742,ORD-12326,19277,alipay,success,26-07-2024
PAY-6743,ORD-11558,"$7,009.00",COD,SUCCESS,2024-03-16
PAY-6744,ORD-1991,1547,card,SUCCESS,2024-06-02
PAY-6745,ORD-10748,"$10,917.00",COD,failed,07/28/2026
PAY-6746,ORD-2926,18 573,card,success,03/20/2026
PAY-6747,ORD-8806,115,card,pending,2025-06-06
PAY-6748,ORD-785,1835,COD,success,03/04/2024
PAY-6749,ORD-1446,"$2,394.00",alipay,success,07-12-2025
PAY-6750,ORD-2553,"$12,554.00",card,pending,02/13/2025
PAY-6751,ORD-11674,15283,alipay,SUCCESS,03/24/2026
PAY-6752,ORD-13513,13006,COD,failed,2025-03-17
PAY-6753,ORD-9509,4 248,alipay,pending,2026-02-05
PAY-6754,ORD-10274,11 061,card,SUCCESS,24-08-2025
PAY-6755,ORD-7827,"$6,938.00",card,success,2024-10-26
PAY-6756,ORD-14087,7306,card,success,08/19/2025
PAY-6757,ORD-2366,"$18,359.00",wechat,pending,2026-03-04
PAY-6758,ORD-7189,6 368,wechat,SUCCESS,2025-06-09
PAY-6759,ORD-9291,3 138,card,success,2025-12-23
PAY-6760,ORD-12550,9720,COD,SUCCESS,02-08-2025
PAY-6761,ORD-4750,11435,card,SUCCESS,2025-12-20
PAY-6762,ORD-14004,13619,COD,success,2026-11-26
PAY-6763,ORD-2187,11 064,alipay,SUCCESS,21-08-2026
PAY-6764,ORD-158,7680,card,success,2024-04-21
PAY-6765,ORD-4763,"$3,738.00",COD,SUCCESS,2025-07-23
PAY-6766,ORD-3236,14451,COD,success,06/15/2025
PAY-6767,ORD-12036,11741,card,pending,09/26/2025
PAY-6768,ORD-11665,11283,alipay,pending,2025-03-27
PAY-6769,ORD-14145,1001,card,pending,18-08-2026
PAY-6770,ORD-3350,163,alipay,success,2024-02-11
PAY-6771,ORD-1214,11713,COD,pending,2025-11-08
PAY-6772,ORD-10522,"$12,299.00",alipay,pending,2026-10-07
PAY-6773,ORD-241,19997,COD,pending,2026-06-22
PAY-6774,ORD-3595,"$18,366.00",wechat,success,04/18/2024
PAY-6775,ORD-11093,17929,alipay,pending,2025-03-26
PAY-6776,ORD-10686,"$18,881.00",card,SUCCESS,2025-02-20
PAY-6777,ORD-5248,6118,wechat,failed,2026-11-24
PAY-6778,ORD-11849,"14 472,00",wechat,success,25-09-2025
PAY-6779,ORD-6723,17612,wechat,success,07-01-2025
PAY-6780,ORD-9248,"$17,240.00",card,SUCCESS,11/02/2024
PAY-6781,ORD-11829,"$5,375.00",wechat,success,11/18/2026
PAY-6782,ORD-750,"$10,874.00",alipay,pending,2024-04-28
PAY-6783,ORD-2513,"$14,736.00",alipay,pending,02/07/2025
PAY-6784,ORD-13072,"$7,001.00",alipay,failed,02-07-2024
PAY-6785,ORD-13616,8707,wechat,success,03/18/2024
PAY-6786,ORD-3652,"$12,915.00",COD,success,2025-05-05
PAY-6787,ORD-2607,11 713,card,SUCCESS,10/13/2025
PAY-6788,ORD-5884,15 656,alipay,SUCCESS,2026-04-05
PAY-6789,ORD-3846,16860,card,success,12-09-2025
PAY-6790,ORD-7496,4852,COD,pending,2024-10-21
PAY-6791,ORD-9133,7871,card,success,2025-01-12
PAY-6792,ORD-3245,13 399,alipay,failed,22-08-2025
PAY-6793,ORD-570,"12 141,00",alipay,success,09/02/2026
PAY-6794,ORD-2346,7641,alipay,SUCCESS,2026-04-19
PAY-6795,ORD-9044,1868,card,success,2025-11-14
PAY-6796,ORD-12778,"$10,422.00",card,pending,04/01/2026
PAY-6797,ORD-228,1353,wechat,success,03/13/2024
PAY-6798,ORD-4882,19942,COD,pending,09-07-2025
PAY-6799,ORD-14958,"$3,951.00",wechat,pending,16-02-2025
PAY-6800,ORD-11821,9712,card,SUCCESS,06/21/2026
PAY-6801,ORD-1,"$10,254.00",card,success,08-02-2026
PAY-6802,ORD-8831,337,COD,SUCCESS,2026-09-02
PAY-6803,ORD-4469,"$19,618.00",wechat,pending,07/26/2024
PAY-6804,ORD-1552,12388,wechat,success,03-07-2026
PAY-6805,ORD-13320,17433,wechat,pending,2025-05-08
PAY-6806,ORD-9759,8346,alipay,pending,02-06-2026
PAY-6807,ORD-6383,2306,card,pending,14-09-2024
PAY-6808,ORD-11402,4112,wechat,SUCCESS,05/07/2026
PAY-6809,ORD-12604,14378,alipay,success,2026-02-21
PAY-6810,ORD-3131,16929,COD,pending,2026-05-20
PAY-6811,ORD-3965,14785,alipay,pending,05/25/2026
PAY-6812,ORD-14043,5695,card,pending,22-09-2026
PAY-6813,ORD-5151,5747,wechat,SUCCESS,2024-10-25
PAY-6814,ORD-10754,3792,wechat,failed,08/19/2025
PAY-6815,ORD-13125,"637,00",card,pending,06/27/2026
PAY-6816,ORD-3035,"$14,292.00",wechat,failed,2024-03-11
PAY-6817,ORD-2719,7 395,card,pending,12-04-2025
PAY-6818,ORD-7530,"$10,966.00",alipay,pending,05-03-2024
PAY-6819,ORD-7830,11 650,wechat,success,20-05-2024
PAY-6820,ORD-3241,15378,COD,success,03/26/2025
PAY-6821,ORD-2939,739,alipay,SUCCESS,05/24/2026
PAY-6822,ORD-7130,"$1,817.00",alipay,success,2025-07-03
PAY-6823,ORD-5111,17813,COD,SUCCESS,2024-05-14
PAY-6824,ORD-11944,"$12,671.00",wechat,SUCCESS,2025-02-13
PAY-6825,ORD-13423,1909,alipay,SUCCESS,2026-02-18
PAY-6826,ORD-11387,"$1,692.00",COD,SUCCESS,2026-04-20
PAY-6827,ORD-13787,"$19,715.00",card,SUCCESS,16-11-2025
PAY-6828,ORD-8368,963,COD,success,12/11/2026
PAY-6829,ORD-13144,"$9,711.00",wechat,pending,07/17/2025
PAY-6830,ORD-9274,"$17,413.00",COD,SUCCESS,2026-07-18
PAY-6831,ORD-364,19506,wechat,SUCCESS,05/20/2026
PAY-6832,ORD-392,$996.00,card,pending,2025-08-13
PAY-6833,ORD-10840,11270,wechat,failed,02/10/2026
PAY-6834,ORD-8340,14840,alipay,success,2026-10-17
PAY-6835,ORD-10320,16662,alipay,SUCCESS,07/28/2025
PAY-6836,ORD-5077,8452,wechat,success,09-08-2024
PAY-6837,ORD-462,"$2,148.00",card,failed,11/02/2025
PAY-6838,ORD-8443,4467,wechat,pending,03/28/2026
PAY-6839,ORD-3498,9756,COD,SUCCESS,05/17/2025
PAY-6840,ORD-10681,"$8,607.00",card,success,22-12-2024
PAY-6841,ORD-4490,"12 001,00",card,SUCCESS,2026-05-22
PAY-6842,ORD-2381,2158,card,success,10/18/2026
PAY-6843,ORD-5123,"$8,791.00",COD,success,2024-07-08
PAY-6844,ORD-83,2618,wechat,pending,2025-05-15
PAY-6845,ORD-6378,16521,card,SUCCESS,2026-01-13
PAY-6846,ORD-4611,"$1,656.00",COD,SUCCESS,06/13/2026
PAY-6847,ORD-966,"5 690,00",wechat,failed,22-08-2025
PAY-6848,ORD-11026,7933,alipay,pending,2024-10-02
PAY-6849,ORD-1829,5 871,COD,pending,04-10-2026
PAY-6850,ORD-10517,"$9,881.00",alipay,SUCCESS,02/13/2026
PAY-6851,ORD-6351,8614,card,SUCCESS,2024-03-12
PAY-6852,ORD-3262,6155,wechat,pending,23-02-2024
PAY-6853,ORD-7038,8253,card,SUCCESS,2025-07-28
PAY-6854,ORD-12792,7879,wechat,pending,06/18/2024
PAY-6855,ORD-4177,"$15,305.00",alipay,success,09/03/2025
PAY-6856,ORD-10130,"$6,536.00",alipay,pending,27-06-2024
PAY-6857,ORD-1480,"17 640,00",COD,success,02/05/2025
PAY-6858,ORD-9492,9153,card,success,27-05-2025
PAY-6859,ORD-7455,10965,alipay,SUCCESS,2025-04-18
PAY-6860,ORD-9622,16285,COD,SUCCESS,2024-04-04
PAY-6861,ORD-14611,16 133,COD,success,06/04/2024
PAY-6862,ORD-7860,6753,COD,SUCCESS,01/10/2026
PAY-6863,ORD-4224,"2 261,00",alipay,success,28-03-2026
PAY-6864,ORD-10635,13172,alipay,SUCCESS,06/09/2024
PAY-6865,ORD-8691,"$8,308.00",wechat,success,2025-10-23
PAY-6866,ORD-7381,11958,card,SUCCESS,02/02/2025
PAY-6867,ORD-13273,14658,COD,SUCCESS,06/24/2026
PAY-6868,ORD-7886,12057,COD,failed,10-04-2024
PAY-6869,ORD-2500,"$5,058.00",COD,success,2024-02-11
PAY-6870,ORD-4496,419,wechat,SUCCESS,2026-05-16
PAY-6871,ORD-1180,16722,COD,success,2025-06-14
PAY-6872,ORD-6388,14300,alipay,pending,2026-04-25
PAY-6873,ORD-5222,"$14,191.00",card,pending,2024-10-10
PAY-6874,ORD-2483,18373,card,pending,07/28/2026
PAY-6875,ORD-9432,10451,alipay,pending,23-04-2025
PAY-6876,ORD-1227,"$1,339.00",alipay,pending,2026-04-24
PAY-6877,ORD-13387,10588,COD,pending,2026-05-22
PAY-6878,ORD-4521,"$18,676.00",wechat,SUCCESS,2024-06-10
PAY-6879,ORD-12966,4182,alipay,failed,2024-10-14
PAY-6880,ORD-307,260,card,SUCCESS,2024-11-14
PAY-6881,ORD-12975,8 947,alipay,pending,2024-04-25
PAY-6882,ORD-2140,10364,wechat,success,03/04/2025
PAY-6883,ORD-9589,9 513,alipay,pending,06/06/2025
PAY-6884,ORD-9990,3788,wechat,SUCCESS,2024-08-05
PAY-6885,ORD-2686,"$5,858.00",alipay,SUCCESS,02/03/2026
PAY-6886,ORD-14562,"$14,783.00",card,failed,06/17/2026
PAY-6887,ORD-6231,16387,COD,SUCCESS,04/20/2025
PAY-6888,ORD-13436,"$2,915.00",COD,success,2025-09-19
PAY-6889,ORD-11631,"$1,813.00",COD,pending,10/13/2025
PAY-6890,ORD-3513,14724,card,pending,07/27/2025
PAY-6891,ORD-4843,$664.00,COD,pending,2026-08-16
PAY-6892,ORD-890,"$19,860.00",COD,SUCCESS,25-03-2024
PAY-6893,ORD-1150,"$6,054.00",alipay,success,02/19/2024
PAY-6894,ORD-2780,11955,card,success,17-11-2026
PAY-6895,ORD-811,18532,wechat,SUCCESS,02-03-2024
PAY-6896,ORD-6911,9939,COD,SUCCESS,2025-05-23
PAY-6897,ORD-6895,$855.00,COD,pending,2025-06-22
PAY-6898,ORD-1284,2942,COD,SUCCESS,2026-12-11
PAY-6899,ORD-10167,5045,COD,pending,06-02-2024
PAY-6900,ORD-12310,"4 660,00",wechat,success,08-05-2024
PAY-6901,ORD-156,"$3,415.00",wechat,success,2026-04-08
PAY-6902,ORD-1429,15393,wechat,pending,08-12-2026
PAY-6903,ORD-3759,"$6,285.00",card,success,2025-05-07
PAY-6904,ORD-12608,10626,alipay,pending,05/06/2026
PAY-6905,ORD-8323,11475,alipay,pending,2026-05-12
PAY-6906,ORD-4074,11444,COD,failed,04/20/2026
PAY-6907,ORD-2261,"$5,255.00",wechat,success,01/07/2026
PAY-6908,ORD-14317,6452,card,pending,2024-03-24
PAY-6909,ORD-12833,"$8,064.00",wechat,success,2024-01-02
PAY-6910,ORD-11829,9336,card,pending,06/03/2026
PAY-6911,ORD-6098,"$15,209.00",card,pending,2025-11-04
PAY-6912,ORD-9689,14 577,alipay,SUCCESS,2026-02-07
PAY-6913,ORD-8280,3780,COD,SUCCESS,2025-03-22
PAY-6914,ORD-8592,"5 114,00",alipay,success,25-04-2026
PAY-6915,ORD-418,15413,wechat,SUCCESS,2024-09-18
PAY-6916,ORD-7618,8 673,COD,pending,2026-08-08
PAY-6917,ORD-587,16606,wechat,SUCCESS,2026-10-05
PAY-6918,ORD-4852,8160,wechat,SUCCESS,02/21/2026
PAY-6919,ORD-6209,2579,COD,success,2024-10-16
PAY-6920,ORD-12812,"$16,578.00",wechat,success,2025-01-09
PAY-6921,ORD-13383,14246,alipay,SUCCESS,27-06-2026
PAY-6922,ORD-4783,19321,COD,pending,07/02/2024
PAY-6923,ORD-11312,14913,alipay,SUCCESS,2026-08-05
PAY-6924,ORD-3926,14489,card,pending,2026-03-04
PAY-6925,ORD-8541,3374,card,pending,2026-06-19
PAY-6926,ORD-2457,"$15,596.00",card,success,2025-01-22
PAY-6927,ORD-12337,"$16,719.00",alipay,SUCCESS,2025-02-10
PAY-6928,ORD-2531,3 545,card,SUCCESS,2026-03-03
PAY-6929,ORD-14558,"8 500,00",alipay,SUCCESS,03/09/2025
PAY-6930,ORD-9097,"$2,578.00",alipay,SUCCESS,2024-07-26
PAY-6931,ORD-12680,"$15,332.00",wechat,success,01-03-2025
PAY-6932,ORD-11855,3 747,COD,success,05/12/2024
PAY-6933,ORD-4074,13 053,alipay,pending,01-08-2026
PAY-6934,ORD-5222,16919,COD,SUCCESS,07/02/2025
PAY-6935,ORD-7360,1057,alipay,SUCCESS,10/09/2026
PAY-6936,ORD-1504,11706,wechat,success,04/06/2025
PAY-6937,ORD-9195,5954,alipay,success,2026-04-03
PAY-6938,ORD-13298,19 370,alipay,success,2026-02-20
PAY-6939,ORD-7764,"16 362,00",COD,pending,11/15/2026
PAY-6940,ORD-9279,9281,COD,success,09/01/2024
PAY-6941,ORD-8730,4 133,card,SUCCESS,07/01/2024
PAY-6942,ORD-3531,19210,alipay,success,03/03/2024
PAY-6943,ORD-1274,"$14,954.00",COD,SUCCESS,12/14/2026
PAY-6944,ORD-13529,2782,wechat,pending,2024-03-05
PAY-6945,ORD-5885,11974,COD,SUCCESS,10/23/2024
PAY-6946,ORD-1386,1326,alipay,success,09/22/2026
PAY-6947,ORD-4856,"$2,014.00",wechat,pending,02/07/2024
PAY-6948,ORD-7972,"$7,061.00",wechat,failed,2025-09-28
PAY-6949,ORD-14849,"$10,965.00",alipay,failed,09/16/2026
PAY-6950,ORD-3946,"$3,344.00",card,success,2025-06-03
PAY-6951,ORD-7449,"$14,170.00",alipay,SUCCESS,09/07/2026
PAY-6952,ORD-9568,"$17,514.00",alipay,SUCCESS,2024-01-25
PAY-6953,ORD-7007,10618,alipay,success,05/14/2024
PAY-6954,ORD-6546,"$14,725.00",card,success,04-07-2026
PAY-6955,ORD-5131,19585,wechat,success,2026-09-22
PAY-6956,ORD-5298,"$15,788.00",wechat,SUCCESS,27-11-2024
PAY-6957,ORD-3399,19675,alipay,success,05/14/2026
PAY-6958,ORD-1402,"14 564,00",alipay,success,07/22/2024
PAY-6959,ORD-8030,"$16,304.00",COD,success,2024-06-05
PAY-6960,ORD-612,18286,alipay,SUCCESS,02/09/2026
PAY-6961,ORD-9492,8418,wechat,pending,02/06/2026
PAY-6962,ORD-234,15483,card,failed,27-01-2024
PAY-6963,ORD-6734,16 918,alipay,success,2025-10-01
PAY-6964,ORD-3094,3220,wechat,pending,22-03-2026
PAY-6965,ORD-11362,546,wechat,pending,19-10-2025
PAY-6966,ORD-367,705,alipay,success,2024-03-19
PAY-6967,ORD-13621,"$15,329.00",alipay,SUCCESS,2025-11-01
PAY-6968,ORD-14613,5774,alipay,pending,10/22/2026
PAY-6969,ORD-9176,9 243,alipay,success,2026-06-07
PAY-6970,ORD-4417,11878,card,success,08-08-2024
PAY-6971,ORD-12022,"$5,644.00",alipay,SUCCESS,2025-09-23
PAY-6972,ORD-8918,3 887,card,SUCCESS,05-06-2025
PAY-6973,ORD-154,"$8,548.00",wechat,failed,15-06-2024
PAY-6974,ORD-8346,"$16,867.00",card,pending,07/14/2025
PAY-6975,ORD-8953,7721,wechat,SUCCESS,11/24/2026
PAY-6976,ORD-11378,5583,COD,success,03-06-2025
PAY-6977,ORD-4093,"$16,062.00",wechat,SUCCESS,2024-03-12
PAY-6978,ORD-12281,"$9,438.00",alipay,SUCCESS,08/08/2025
PAY-6979,ORD-1402,3 753,alipay,pending,2025-02-11
PAY-6980,ORD-14620,17138,COD,success,2025-08-01
PAY-6981,ORD-13766,"$19,008.00",alipay,SUCCESS,2024-08-21
PAY-6982,ORD-12054,"19 526,00",wechat,success,2024-04-25
PAY-6983,ORD-3875,"6 229,00",card,SUCCESS,07-07-2024
PAY-6984,ORD-5584,4852,COD,SUCCESS,2025-08-22
PAY-6985,ORD-4200,6478,wechat,success,2024-01-24
PAY-6986,ORD-5169,"19 374,00",alipay,pending,12/26/2024
PAY-6987,ORD-9170,16744,COD,pending,2026-09-16
PAY-6988,ORD-12802,12960,alipay,SUCCESS,2024-09-15
PAY-6989,ORD-7573,4258,card,success,09/22/2024
PAY-6990,ORD-1699,10816,card,success,08/02/2026
PAY-6991,ORD-12828,"$6,083.00",alipay,pending,2025-11-27
PAY-6992,ORD-9933,"18 117,00",alipay,success,2024-11-02
PAY-6993,ORD-12574,"$12,618.00",COD,pending,2026-08-12
PAY-6994,ORD-9862,"10 898,00",card,SUCCESS,02/08/2024
PAY-6995,ORD-5432,4664,card,success,09/22/2025
PAY-6996,ORD-2789,3206,alipay,pending,2026-07-14
PAY-6997,ORD-10686,6 502,COD,failed,18-01-2024
PAY-6998,ORD-13501,4040,alipay,pending,2025-04-02
PAY-6999,ORD-12484,"6 538,00",alipay,success,2024-06-25
PAY-7000,ORD-4332,14289,alipay,pending,12/06/2025
PAY-7001,ORD-10431,"$14,074.00",alipay,pending,2025-06-21
PAY-7002,ORD-9907,"$2,738.00",wechat,SUCCESS,2024-09-12
PAY-7003,ORD-12473,"$7,047.00",card,pending,2024-08-27
PAY-7004,ORD-12270,"$11,491.00",wechat,failed,08/05/2024
PAY-7005,ORD-413,"$19,677.00",wechat,success,04/23/2026
PAY-7006,ORD-7365,"$4,018.00",wechat,success,08-05-2024
PAY-7007,ORD-11530,12728,COD,success,26-12-2026
PAY-7008,ORD-1583,19902,alipay,pending,2025-09-12
PAY-7009,ORD-13988,15227,card,success,2026-06-10
PAY-7010,ORD-3136,1003,card,SUCCESS,19-01-2024
PAY-7011,ORD-5815,"5 836,00",COD,pending,24-09-2026
PAY-7012,ORD-10888,17 073,alipay,failed,11/18/2026
PAY-7013,ORD-2045,8 115,card,success,03/20/2026
PAY-7014,ORD-4121,12 131,alipay,pending,2024-09-06
PAY-7015,ORD-2302,$324.00,wechat,pending,2026-06-22
PAY-7016,ORD-5073,"$12,621.00",alipay,success,18-02-2025
PAY-7017,ORD-5796,606,alipay,SUCCESS,2025-04-06
PAY-7018,ORD-1647,10674,card,SUCCESS,2026-08-21
PAY-7019,ORD-12214,"$17,993.00",wechat,SUCCESS,25-09-2024
PAY-7020,ORD-4802,15 926,alipay,success,2026-04-19
PAY-7021,ORD-10505,223,COD,success,10-08-2026
PAY-7022,ORD-7383,5182,alipay,pending,02/07/2025
PAY-7023,ORD-11482,"$11,880.00",card,SUCCESS,03/02/2024
PAY-7024,ORD-343,"$6,333.00",wechat,failed,26-11-2025
PAY-7025,ORD-5230,"$16,696.00",COD,success,02/06/2025
PAY-7026,ORD-12536,$793.00,wechat,pending,19-08-2026
PAY-7027,ORD-5198,3271,card,pending,2026-07-07
PAY-7028,ORD-6451,4136,COD,SUCCESS,2025-04-07
PAY-7029,ORD-6319,"$16,834.00",card,SUCCESS,08/20/2025
PAY-7030,ORD-13653,2 338,card,success,11/20/2025
PAY-7031,ORD-9861,"$17,498.00",card,success,20-12-2026
PAY-7032,ORD-13483,13 934,card,SUCCESS,07/11/2024
PAY-7033,ORD-133,"$4,043.00",alipay,pending,10/07/2024
PAY-7034,ORD-1948,"$6,547.00",card,pending,2026-01-21
PAY-7035,ORD-12605,10023,card,pending,2024-07-26
PAY-7036,ORD-9619,$784.00,alipay,success,25-09-2025
PAY-7037,ORD-10287,12 877,COD,failed,08/13/2026
PAY-7038,ORD-9423,"$2,572.00",COD,success,2025-04-01
PAY-7039,ORD-4599,18213,COD,success,2026-07-23
PAY-7040,ORD-8858,18315,wechat,failed,2026-01-09
PAY-7041,ORD-5886,5907,wechat,SUCCESS,2026-07-11
PAY-7042,ORD-2818,"$10,565.00",wechat,failed,2024-06-23
PAY-7043,ORD-3188,"$6,938.00",alipay,SUCCESS,09/17/2025
PAY-7044,ORD-697,"4 554,00",card,SUCCESS,05-07-2025
PAY-7045,ORD-9482,"$10,307.00",card,pending,01/20/2026
PAY-7046,ORD-4941,17581,wechat,pending,2026-03-02
PAY-7047,ORD-13570,9884,alipay,pending,22-08-2024
PAY-7048,ORD-11347,"4 557,00",wechat,SUCCESS,2024-07-14
PAY-7049,ORD-3199,11961,COD,pending,16-02-2025
PAY-7050,ORD-5148,"$18,462.00",card,success,03/04/2024
PAY-7051,ORD-14349,857,COD,pending,2026-04-08
PAY-7052,ORD-13948,5310,COD,SUCCESS,24-06-2026
PAY-7053,ORD-3486,8403,COD,pending,2024-09-11
PAY-7054,ORD-1133,852,wechat,success,2026-06-22
PAY-7055,ORD-12291,"$14,071.00",card,SUCCESS,01/24/2024
PAY-7056,ORD-4076,"$1,348.00",COD,success,25-09-2026
PAY-7057,ORD-2595,"2 496,00",wechat,SUCCESS,07/23/2025
PAY-7058,ORD-6088,"$13,759.00",card,pending,22-06-2024
PAY-7059,ORD-12032,8950,alipay,SUCCESS,2024-08-09
PAY-7060,ORD-6016,1676,COD,success,06/02/2025
PAY-7061,ORD-2297,19588,wechat,success,2024-12-17
PAY-7062,ORD-3697,"$12,277.00",card,success,2025-06-13
PAY-7063,ORD-10432,3888,COD,success,2026-10-12
PAY-7064,ORD-1316,12191,wechat,SUCCESS,21-07-2026
PAY-7065,ORD-4533,15483,wechat,success,12/21/2025
PAY-7066,ORD-13802,17733,COD,SUCCESS,2025-10-10
PAY-7067,ORD-6191,5169,COD,success,2026-03-22
PAY-7068,ORD-8873,9367,alipay,pending,2026-08-21
PAY-7069,ORD-9965,"$5,826.00",COD,SUCCESS,08-03-2026
PAY-7070,ORD-6882,12106,card,success,2024-10-13
PAY-7071,ORD-1762,7455,alipay,SUCCESS,09/26/2024
PAY-7072,ORD-1294,"14 506,00",card,success,2025-09-14
PAY-7073,ORD-5813,"$16,418.00",alipay,SUCCESS,10-02-2026
PAY-7074,ORD-1215,3705,wechat,success,03/22/2025
PAY-7075,ORD-3807,"$5,284.00",card,success,2025-03-07
PAY-7076,ORD-5563,9097,wechat,success,07/18/2025
PAY-7077,ORD-8977,17059,alipay,SUCCESS,11-11-2026
PAY-7078,ORD-7592,3944,alipay,success,2025-08-13
PAY-7079,ORD-8368,7967,alipay,pending,2026-03-23
PAY-7080,ORD-14961,"$1,684.00",COD,success,08-10-2026
PAY-7081,ORD-9912,10117,alipay,SUCCESS,04/17/2024
PAY-7082,ORD-4505,4375,COD,success,09-10-2024
PAY-7083,ORD-4710,689,COD,success,08/25/2025
PAY-7084,ORD-10576,"$2,712.00",card,SUCCESS,2025-12-08
PAY-7085,ORD-14203,"$16,252.00",alipay,success,21-03-2026
PAY-7086,ORD-392,16339,alipay,success,24-07-2026
PAY-7087,ORD-1048,"$2,948.00",card,success,2025-06-07
PAY-7088,ORD-883,18369,wechat,pending,01/10/2025
PAY-7089,ORD-12783,"$10,519.00",alipay,success,2025-07-22
PAY-7090,ORD-8359,"$11,281.00",card,pending,07/03/2025
PAY-7091,ORD-2364,"14 005,00",card,pending,2025-04-25
PAY-7092,ORD-1977,16202,COD,SUCCESS,06/08/2026
PAY-7093,ORD-2800,"$12,560.00",alipay,success,2024-03-07
PAY-7094,ORD-10923,7921,COD,success,2026-09-05
PAY-7095,ORD-7002,"10 593,00",COD,SUCCESS,06/28/2025
PAY-7096,ORD-436,"$12,752.00",card,success,01-12-2026
PAY-7097,ORD-12415,"$16,002.00",card,pending,11-07-2026
PAY-7098,ORD-14935,"$4,274.00",COD,SUCCESS,2026-01-09
PAY-7099,ORD-3207,15 466,COD,pending,2025-02-20
PAY-7100,ORD-10853,"$7,296.00",COD,SUCCESS,2025-06-26
PAY-7101,ORD-6059,8737,alipay,success,2024-01-06
PAY-7102,ORD-7258,655,COD,SUCCESS,06/05/2026
PAY-7103,ORD-3614,3242,wechat,success,11-12-2024
PAY-7104,ORD-12325,"$19,633.00",wechat,success,16-06-2026
PAY-7105,ORD-7588,10615,COD,SUCCESS,10/10/2025
PAY-7106,ORD-10063,12265,COD,SUCCESS,03/23/2026
PAY-7107,ORD-10181,"2 304,00",wechat,SUCCESS,08-08-2025
PAY-7108,ORD-13121,"5 829,00",card,SUCCESS,06/10/2026
PAY-7109,ORD-8257,"$17,693.00",COD,success,2026-06-22
PAY-7110,ORD-11286,14593,alipay,pending,12/27/2024
PAY-7111,ORD-14765,"$19,937.00",card,pending,03-06-2025
PAY-7112,ORD-11413,10247,wechat,SUCCESS,06/17/2026
PAY-7113,ORD-2582,10622,wechat,pending,02-06-2026
PAY-7114,ORD-2029,"$17,366.00",card,success,2025-09-25
PAY-7115,ORD-14425,5915,card,SUCCESS,2024-12-19
PAY-7116,ORD-5674,504,wechat,SUCCESS,06-08-2025
PAY-7117,ORD-6948,16816,COD,SUCCESS,17-08-2024
PAY-7118,ORD-9591,2600,alipay,SUCCESS,02/04/2026
PAY-7119,ORD-11868,18 536,COD,pending,2025-09-07
PAY-7120,ORD-3188,"$9,902.00",card,pending,2026-08-20
PAY-7121,ORD-3180,4399,wechat,pending,2025-06-17
PAY-7122,ORD-5388,18470,card,SUCCESS,2026-12-11
PAY-7123,ORD-4438,17648,COD,pending,2025-09-28
PAY-7124,ORD-12097,11789,COD,SUCCESS,2026-08-12
PAY-7125,ORD-4624,"$15,057.00",wechat,success,2025-04-07
PAY-7126,ORD-1331,6829,wechat,pending,01-06-2025
PAY-7127,ORD-8906,8445,card,SUCCESS,04/16/2026
PAY-7128,ORD-8994,105,card,success,2026-08-22
PAY-7129,ORD-7331,3237,card,success,2024-10-13
PAY-7130,ORD-13882,19102,alipay,SUCCESS,08/25/2026
PAY-7131,ORD-2133,13893,COD,SUCCESS,2024-01-02
PAY-7132,ORD-3389,263,alipay,success,2026-12-27
PAY-7133,ORD-13235,17793,wechat,pending,15-12-2025
PAY-7134,ORD-8042,8293,alipay,success,08/20/2024
PAY-7135,ORD-1130,6838,COD,success,02/22/2026
PAY-7136,ORD-11387,"$13,752.00",card,SUCCESS,2024-01-27
PAY-7137,ORD-5179,14611,COD,SUCCESS,02/24/2026
PAY-7138,ORD-11163,12854,card,SUCCESS,01/04/2024
PAY-7139,ORD-13151,"$8,117.00",COD,pending,12-12-2024
PAY-7140,ORD-329,"$19,335.00",card,SUCCESS,11/04/2024
PAY-7141,ORD-3016,"7 215,00",card,pending,2025-06-27
PAY-7142,ORD-1736,"10 794,00",COD,pending,2024-11-07
PAY-7143,ORD-14746,"$5,183.00",alipay,pending,2024-11-05
PAY-7144,ORD-1547,778,card,success,2024-05-02
PAY-7145,ORD-8511,9 702,wechat,success,2024-09-09
PAY-7146,ORD-10382,16545,card,success,06/26/2024
PAY-7147,ORD-6489,18 749,alipay,pending,25-02-2026
PAY-7148,ORD-12051,13 725,COD,SUCCESS,12/22/2024
PAY-7149,ORD-14014,16510,alipay,success,05/20/2024
PAY-7150,ORD-550,13869,COD,pending,09/17/2024
PAY-7151,ORD-14461,"$1,774.00",alipay,SUCCESS,11/16/2026
PAY-7152,ORD-8093,2 832,card,success,14-12-2026
PAY-7153,ORD-12041,"9 288,00",card,success,04/23/2024
PAY-7154,ORD-5850,"6 581,00",card,SUCCESS,05/20/2024
PAY-7155,ORD-4814,$735.00,wechat,success,2024-09-12
PAY-7156,ORD-8524,18486,wechat,pending,2026-04-26
PAY-7157,ORD-14886,"$7,533.00",COD,SUCCESS,2024-06-19
PAY-7158,ORD-14964,"$9,089.00",card,success,2024-04-20
PAY-7159,ORD-12270,"$6,946.00",alipay,pending,2024-07-04
PAY-7160,ORD-6529,"$3,953.00",COD,SUCCESS,2026-06-28
PAY-7161,ORD-12014,4621,alipay,pending,2025-05-12
PAY-7162,ORD-2682,16460,COD,pending,05/26/2025
PAY-7163,ORD-11059,15792,alipay,success,2024-02-18
PAY-7164,ORD-4395,"3 265,00",card,success,2024-09-17
PAY-7165,ORD-14299,9010,card,success,11-11-2024
PAY-7166,ORD-1461,903,wechat,pending,08/17/2026
PAY-7167,ORD-13405,15834,COD,success,12/14/2025
PAY-7168,ORD-4065,"$14,200.00",COD,SUCCESS,11/16/2026
PAY-7169,ORD-1881,5148,alipay,failed,07/27/2025
PAY-7170,ORD-918,"$13,394.00",card,SUCCESS,12/10/2026
PAY-7171,ORD-5959,"$6,780.00",COD,pending,05/22/2024
PAY-7172,ORD-7141,6 715,alipay,success,04-06-2026
PAY-7173,ORD-8908,11757,alipay,SUCCESS,28-04-2025
PAY-7174,ORD-5002,2021,alipay,SUCCESS,18-12-2025
PAY-7175,ORD-2345,2143,alipay,SUCCESS,06/10/2026
PAY-7176,ORD-5195,13007,alipay,success,2026-05-26
PAY-7177,ORD-6879,"$14,519.00",card,SUCCESS,2025-04-02
PAY-7178,ORD-12355,12961,alipay,failed,2025-11-27
PAY-7179,ORD-14226,"$10,023.00",card,SUCCESS,2026-02-13
PAY-7180,ORD-4928,19563,COD,pending,04/01/2026
PAY-7181,ORD-12420,"$3,669.00",alipay,SUCCESS,12/16/2024
PAY-7182,ORD-14605,234,alipay,success,25-01-2024
PAY-7183,ORD-3391,"$3,840.00",alipay,SUCCESS,09/28/2024
PAY-7184,ORD-1353,5271,alipay,SUCCESS,08-04-2026
PAY-7185,ORD-10137,"2 563,00",alipay,success,16-05-2024
PAY-7186,ORD-320,3 835,card,pending,09/23/2025
PAY-7187,ORD-14773,14 049,card,pending,22-06-2025
PAY-7188,ORD-7443,14668,wechat,SUCCESS,2026-08-14
PAY-7189,ORD-162,"$17,212.00",wechat,pending,2024-11-20
PAY-7190,ORD-12414,5984,alipay,success,22-06-2026
PAY-7191,ORD-11148,8906,card,SUCCESS,2024-06-20
PAY-7192,ORD-10006,59,COD,pending,05/10/2024
PAY-7193,ORD-296,19709,card,success,2025-09-08
PAY-7194,ORD-7236,"$8,322.00",alipay,success,03/23/2026
PAY-7195,ORD-9778,"$12,112.00",wechat,pending,2026-03-25
PAY-7196,ORD-7447,12013,card,pending,2024-04-12
PAY-7197,ORD-2919,"$1,825.00",card,pending,05/19/2025
PAY-7198,ORD-11097,7 462,wechat,pending,02/10/2024
PAY-7199,ORD-9438,13561,COD,pending,2024-09-05
PAY-7200,ORD-8595,447,alipay,SUCCESS,01/25/2026
PAY-7201,ORD-11053,6316,wechat,SUCCESS,09/05/2024
PAY-7202,ORD-2658,"$9,811.00",alipay,success,2024-11-09
PAY-7203,ORD-4593,$753.00,wechat,pending,06/15/2025
PAY-7204,ORD-6591,16293,wechat,success,07/06/2026
PAY-7205,ORD-2956,3 278,wechat,pending,05/14/2024
PAY-7206,ORD-3968,6678,wechat,SUCCESS,13-05-2024
PAY-7207,ORD-4859,6411,card,SUCCESS,23-01-2025
PAY-7208,ORD-13863,8 915,alipay,failed,2025-10-25
PAY-7209,ORD-2744,8584,alipay,SUCCESS,2026-01-19
PAY-7210,ORD-6637,13776,alipay,SUCCESS,18-09-2024
PAY-7211,ORD-7584,"6 215,00",COD,SUCCESS,02-12-2024
PAY-7212,ORD-2537,3255,COD,success,12/11/2026
PAY-7213,ORD-12639,18751,card,SUCCESS,11/11/2024
PAY-7214,ORD-4712,4866,COD,failed,2025-11-02
PAY-7215,ORD-10175,"$6,333.00",alipay,success,13-07-2025
PAY-7216,ORD-2450,7665,card,pending,11/18/2025
PAY-7217,ORD-1468,14789,wechat,SUCCESS,2025-08-03
PAY-7218,ORD-10943,$696.00,COD,success,14-09-2025
PAY-7219,ORD-12410,"$10,166.00",card,success,2024-10-17
PAY-7220,ORD-8311,15065,COD,success,03/08/2026
PAY-7221,ORD-5693,"$13,888.00",COD,SUCCESS,2024-11-13
PAY-7222,ORD-11877,7579,card,pending,2026-06-19
PAY-7223,ORD-5343,12778,alipay,SUCCESS,08/21/2026
PAY-7224,ORD-11342,"$16,629.00",card,success,01/25/2025
PAY-7225,ORD-10992,10271,wechat,SUCCESS,2024-11-18
PAY-7226,ORD-7861,"$14,428.00",wechat,SUCCESS,08/10/2025
PAY-7227,ORD-12361,4 356,alipay,success,13-10-2024
PAY-7228,ORD-10491,4584,wechat,success,2026-02-16
PAY-7229,ORD-6665,"$5,139.00",card,SUCCESS,2025-04-17
PAY-7230,ORD-3991,13 721,card,SUCCESS,03-06-2024
PAY-7231,ORD-9963,"$5,074.00",wechat,success,2024-06-13
PAY-7232,ORD-6501,"$2,204.00",alipay,SUCCESS,03/03/2025
PAY-7233,ORD-2436,5350,COD,success,2024-08-16
PAY-7234,ORD-14821,16547,alipay,SUCCESS,05/08/2026
PAY-7235,ORD-11554,"$2,311.00",wechat,success,14-05-2025
PAY-7236,ORD-1655,"$11,062.00",COD,SUCCESS,05/15/2024
PAY-7237,ORD-1161,"19 058,00",wechat,pending,10/24/2024
PAY-7238,ORD-9629,"$6,575.00",wechat,failed,2025-12-13
PAY-7239,ORD-1593,"$10,771.00",card,success,13-01-2024
PAY-7240,ORD-14066,"$5,276.00",alipay,pending,2025-12-27
PAY-7241,ORD-10661,"$4,382.00",alipay,pending,11/16/2024
PAY-7242,ORD-452,"16 754,00",card,SUCCESS,2024-12-27
PAY-7243,ORD-13206,10303,wechat,SUCCESS,2026-11-05
PAY-7244,ORD-4944,19533,alipay,success,2025-06-02
PAY-7245,ORD-13972,16221,wechat,SUCCESS,2024-08-10
PAY-7246,ORD-9744,"$19,379.00",COD,pending,2024-11-08
PAY-7247,ORD-10752,"$19,431.00",COD,success,2024-05-07
PAY-7248,ORD-7285,16619,card,SUCCESS,07/05/2024
PAY-7249,ORD-508,7683,alipay,success,2025-01-08
PAY-7250,ORD-8266,9914,alipay,success,06/18/2024
PAY-7251,ORD-13648,7 301,card,pending,2026-05-21
PAY-7252,ORD-10460,"$3,054.00",wechat,pending,07/27/2024
PAY-7253,ORD-6240,17636,COD,pending,2025-07-26
PAY-7254,ORD-3576,2845,card,SUCCESS,2026-10-13
PAY-7255,ORD-8103,"$10,232.00",alipay,success,2024-02-21
PAY-7256,ORD-1096,9358,COD,pending,18-05-2024
PAY-7257,ORD-11609,"$14,186.00",card,success,19-12-2026
PAY-7258,ORD-10743,"$18,075.00",wechat,failed,2024-04-03
PAY-7259,ORD-14215,"$13,634.00",wechat,SUCCESS,07/20/2026
PAY-7260,ORD-3851,"$18,732.00",wechat,SUCCESS,17-12-2024
PAY-7261,ORD-2762,3 315,card,pending,2025-10-20
PAY-7262,ORD-10382,1367,card,SUCCESS,12/11/2025
PAY-7263,ORD-693,"$8,985.00",card,pending,01/25/2024
PAY-7264,ORD-772,11477,wechat,success,08/15/2024
PAY-7265,ORD-4802,"$18,222.00",card,SUCCESS,09/08/2024
PAY-7266,ORD-2178,3335,wechat,SUCCESS,05/09/2025
PAY-7267,ORD-3880,13 697,alipay,success,05/28/2025
PAY-7268,ORD-7144,12245,wechat,SUCCESS,2024-02-02
PAY-7269,ORD-9586,176,card,SUCCESS,2026-07-16
PAY-7270,ORD-14127,4 229,alipay,success,2025-10-06
PAY-7271,ORD-12193,9117,card,SUCCESS,12/28/2024
PAY-7272,ORD-1962,8601,wechat,success,04/22/2024
PAY-7273,ORD-8115,10330,alipay,pending,02/28/2026
PAY-7274,ORD-10101,5209,card,pending,04/13/2024
PAY-7275,ORD-295,9856,card,success,15-02-2024
PAY-7276,ORD-9813,18149,wechat,success,2025-02-24
PAY-7277,ORD-8179,1385,alipay,success,01-06-2024
PAY-7278,ORD-3740,1055,wechat,SUCCESS,2025-02-11
PAY-7279,ORD-13247,13 276,card,SUCCESS,2024-10-10
PAY-7280,ORD-9274,11502,alipay,success,2024-05-26
PAY-7281,ORD-7808,3187,alipay,pending,2025-03-24
PAY-7282,ORD-8367,7699,card,success,2026-01-23
PAY-7283,ORD-10989,6140,wechat,SUCCESS,11-07-2026
PAY-7284,ORD-10312,13887,alipay,pending,2026-11-12
PAY-7285,ORD-1362,19153,wechat,success,2025-08-06
PAY-7286,ORD-12567,"$16,335.00",alipay,success,2024-06-05
PAY-7287,ORD-2218,19684,wechat,SUCCESS,03/26/2024
PAY-7288,ORD-3804,1394,COD,pending,2026-04-09
PAY-7289,ORD-2976,9192,wechat,pending,10/18/2026
PAY-7290,ORD-1881,"2 893,00",wechat,success,2024-02-14
PAY-7291,ORD-3583,13829,COD,SUCCESS,03/08/2026
PAY-7292,ORD-462,"$9,813.00",COD,pending,2024-08-06
PAY-7293,ORD-12837,16690,card,pending,2024-04-11
PAY-7294,ORD-10499,2776,alipay,SUCCESS,2025-11-03
PAY-7295,ORD-10467,18533,COD,SUCCESS,2025-12-27
PAY-7296,ORD-14645,"$14,174.00",card,SUCCESS,21-01-2025
PAY-7297,ORD-7499,5154,COD,SUCCESS,09/06/2026
PAY-7298,ORD-7746,"3 618,00",COD,success,06/06/2025
PAY-7299,ORD-8284,"$18,129.00",card,pending,2026-07-08
PAY-7300,ORD-6427,3 552,COD,pending,06/27/2026
PAY-7301,ORD-6276,16 462,alipay,success,18-06-2026
PAY-7302,ORD-10946,"$7,214.00",COD,success,02-02-2026
PAY-7303,ORD-14389,13469,alipay,success,06/05/2026
PAY-7304,ORD-1194,270,card,success,11-04-2026
PAY-7305,ORD-1658,3803,card,SUCCESS,2026-10-19
PAY-7306,ORD-11038,"$3,721.00",card,success,13-06-2025
PAY-7307,ORD-12606,17064,COD,pending,10/13/2024
PAY-7308,ORD-4687,18767,alipay,SUCCESS,10/08/2025
PAY-7309,ORD-1450,"$8,877.00",COD,pending,10/11/2026
PAY-7310,ORD-1024,2512,card,success,2026-01-06
PAY-7311,ORD-12092,10126,COD,failed,01-10-2025
PAY-7312,ORD-9853,14341,alipay,SUCCESS,11/15/2025
PAY-7313,ORD-4422,"$11,964.00",card,pending,26-11-2024
PAY-7314,ORD-6975,2712,card,pending,09/21/2024
PAY-7315,ORD-8331,"$16,967.00",COD,SUCCESS,02/14/2024
PAY-7316,ORD-2035,"14 896,00",wechat,success,01/15/2025
PAY-7317,ORD-14357,"$16,415.00",card,success,08/12/2026
PAY-7318,ORD-4958,"10 338,00",COD,pending,16-09-2026
PAY-7319,ORD-10784,12368,COD,pending,06/25/2025
PAY-7320,ORD-878,"$11,917.00",card,success,04/24/2024
PAY-7321,ORD-1874,"$15,806.00",COD,pending,2026-10-04
PAY-7322,ORD-269,16 466,COD,SUCCESS,20-02-2024
PAY-7323,ORD-6371,290,COD,SUCCESS,2026-05-11
PAY-7324,ORD-4976,18547,wechat,SUCCESS,11/23/2025
PAY-7325,ORD-264,8418,card,pending,2024-01-24
PAY-7326,ORD-8327,3901,card,pending,20-12-2026
PAY-7327,ORD-13720,"13 237,00",wechat,pending,02/04/2024
PAY-7328,ORD-4740,887,COD,pending,2026-03-16
PAY-7329,ORD-14829,"$9,952.00",COD,pending,2026-03-22
PAY-7330,ORD-1361,"13 139,00",alipay,success,08/13/2024
PAY-7331,ORD-5599,5629,COD,pending,2026-01-03
PAY-7332,ORD-4086,"$11,403.00",card,pending,15-08-2024
PAY-7333,ORD-3053,13026,wechat,SUCCESS,2025-09-27
PAY-7334,ORD-8680,"$7,712.00",wechat,SUCCESS,2024-11-01
PAY-7335,ORD-8964,14311,wechat,success,2025-12-25
PAY-7336,ORD-207,12559,COD,pending,2024-09-18
PAY-7337,ORD-14481,"$9,725.00",COD,pending,2024-07-04
PAY-7338,ORD-4739,8131,wechat,success,2025-04-06
PAY-7339,ORD-12127,"2 053,00",alipay,pending,06/26/2026
PAY-7340,ORD-247,"$6,225.00",COD,SUCCESS,13-11-2025
PAY-7341,ORD-595,"$10,370.00",alipay,failed,2026-03-04
PAY-7342,ORD-5944,9568,COD,SUCCESS,2024-10-24
PAY-7343,ORD-13244,19316,card,SUCCESS,27-02-2025
PAY-7344,ORD-6079,"$9,580.00",wechat,pending,06/27/2026
PAY-7345,ORD-531,"$2,057.00",card,SUCCESS,2024-06-08
PAY-7346,ORD-13353,17032,wechat,success,2026-09-01
PAY-7347,ORD-3265,17987,alipay,SUCCESS,2026-03-08
PAY-7348,ORD-511,19 073,COD,SUCCESS,06/08/2026
PAY-7349,ORD-1705,10859,COD,SUCCESS,2026-08-10
PAY-7350,ORD-8693,13682,alipay,SUCCESS,05/28/2026
PAY-7351,ORD-11157,11495,wechat,SUCCESS,19-11-2024
PAY-7352,ORD-13157,3915,alipay,SUCCESS,2024-04-25
PAY-7353,ORD-5314,3079,alipay,pending,2024-10-08
PAY-7354,ORD-9088,"$3,103.00",alipay,pending,02/16/2024
PAY-7355,ORD-1747,8257,wechat,pending,01/07/2025
PAY-7356,ORD-11061,7470,alipay,success,2024-12-20
PAY-7357,ORD-5716,17 289,COD,success,11/10/2026
PAY-7358,ORD-763,2547,wechat,success,2026-01-03
PAY-7359,ORD-6710,"$1,267.00",alipay,success,02/11/2026
PAY-7360,ORD-1178,16 147,alipay,success,04/20/2024
PAY-7361,ORD-11092,11765,card,success,25-03-2025
PAY-7362,ORD-1321,6903,alipay,SUCCESS,02/15/2025
PAY-7363,ORD-4631,12102,alipay,SUCCESS,08/22/2025
PAY-7364,ORD-4259,5689,wechat,pending,22-01-2025
PAY-7365,ORD-12511,"1 262,00",card,SUCCESS,09/02/2025
PAY-7366,ORD-11738,"$17,860.00",wechat,SUCCESS,18-12-2026
PAY-7367,ORD-2189,741,wechat,pending,2026-11-16
PAY-7368,ORD-4031,"$10,934.00",card,success,06/24/2025
PAY-7369,ORD-2982,7240,alipay,success,08/24/2025
PAY-7370,ORD-8101,10688,alipay,SUCCESS,2024-10-23
PAY-7371,ORD-7717,19730,alipay,SUCCESS,03/22/2025
PAY-7372,ORD-4589,709,alipay,pending,2025-02-11
PAY-7373,ORD-4419,"4 501,00",wechat,SUCCESS,2025-09-09
PAY-7374,ORD-13277,"$2,798.00",card,SUCCESS,2026-01-28
PAY-7375,ORD-12524,10 595,wechat,pending,2025-12-17
PAY-7376,ORD-12521,"$13,489.00",wechat,success,10/19/2026
PAY-7377,ORD-5072,2309,alipay,success,2026-12-17
PAY-7378,ORD-7235,"$7,457.00",COD,SUCCESS,14-06-2026
PAY-7379,ORD-1972,17521,alipay,SUCCESS,2026-12-18
PAY-7380,ORD-6496,14 388,COD,SUCCESS,10/16/2024
PAY-7381,ORD-13368,"$4,848.00",wechat,success,2024-12-05
PAY-7382,ORD-8913,19694,alipay,pending,2024-03-24
PAY-7383,ORD-14241,"$7,744.00",wechat,success,2026-11-15
PAY-7384,ORD-10339,18561,wechat,success,16-04-2024
PAY-7385,ORD-4737,"$19,078.00",card,pending,14-06-2026
PAY-7386,ORD-14433,"$6,776.00",wechat,success,03/01/2026
PAY-7387,ORD-550,1274,card,success,08/12/2025
PAY-7388,ORD-4848,1839,COD,pending,2025-10-06
PAY-7389,ORD-10656,"$6,579.00",alipay,success,2026-12-21
PAY-7390,ORD-4449,6545,card,SUCCESS,12/21/2024
PAY-7391,ORD-14173,"$3,576.00",wechat,SUCCESS,04/20/2026
PAY-7392,ORD-11699,14 569,wechat,failed,2024-05-13
PAY-7393,ORD-1713,"$10,128.00",alipay,success,10/20/2026
PAY-7394,ORD-7256,18207,card,success,2026-11-24
PAY-7395,ORD-9298,13935,alipay,pending,2025-02-18
PAY-7396,ORD-10930,9599,COD,pending,09-01-2025
PAY-7397,ORD-14791,"$10,022.00",alipay,pending,2026-05-16
PAY-7398,ORD-1731,16366,card,pending,2025-02-15
PAY-7399,ORD-4757,12 662,card,SUCCESS,2026-04-08
PAY-7400,ORD-13524,8952,wechat,SUCCESS,2024-09-08
PAY-7401,ORD-4311,"$15,793.00",card,SUCCESS,08/02/2024
PAY-7402,ORD-6517,7 991,COD,SUCCESS,2025-08-04
PAY-7403,ORD-13196,7649,COD,success,2026-08-03
PAY-7404,ORD-12800,"$6,943.00",alipay,pending,28-09-2024
PAY-7405,ORD-4087,13910,card,SUCCESS,2025-12-24
PAY-7406,ORD-3653,"2 789,00",COD,pending,07/17/2026
PAY-7407,ORD-8798,"$9,157.00",alipay,pending,08/16/2025
PAY-7408,ORD-3057,19850,card,SUCCESS,2024-02-21
PAY-7409,ORD-6501,"$13,704.00",wechat,SUCCESS,2024-02-22
PAY-7410,ORD-625,7100,card,SUCCESS,2025-02-02
PAY-7411,ORD-14497,7735,alipay,pending,27-10-2026
PAY-7412,ORD-399,"$16,146.00",wechat,success,24-06-2024
PAY-7413,ORD-12995,"$2,058.00",wechat,SUCCESS,02/13/2024
PAY-7414,ORD-7664,16 797,wechat,SUCCESS,2026-07-08
PAY-7415,ORD-848,17962,alipay,success,2024-06-11
PAY-7416,ORD-2788,628,COD,SUCCESS,2024-08-16
PAY-7417,ORD-6850,19 427,alipay,success,2026-03-07
PAY-7418,ORD-1923,"$4,049.00",wechat,success,2026-06-21
PAY-7419,ORD-14789,6085,card,success,04/03/2026
PAY-7420,ORD-13146,"$12,249.00",alipay,pending,2025-05-07
PAY-7421,ORD-4758,849,wechat,pending,11-03-2025
PAY-7422,ORD-11446,18609,wechat,pending,2024-04-22
PAY-7423,ORD-4535,"$19,801.00",wechat,success,06/05/2026
PAY-7424,ORD-5018,2 263,COD,success,01/09/2026
PAY-7425,ORD-11331,"$18,310.00",alipay,success,01/13/2026
PAY-7426,ORD-12447,"$5,263.00",COD,SUCCESS,2025-07-15
PAY-7427,ORD-1403,8355,COD,SUCCESS,04/14/2026
PAY-7428,ORD-6685,"$14,757.00",card,SUCCESS,10/20/2026
PAY-7429,ORD-14720,"$3,084.00",wechat,pending,2024-08-09
PAY-7430,ORD-5964,"$3,392.00",alipay,SUCCESS,2024-11-04
PAY-7431,ORD-5047,"$7,161.00",COD,SUCCESS,2025-01-23
PAY-7432,ORD-13531,1 674,COD,pending,24-07-2024
PAY-7433,ORD-359,3 684,wechat,SUCCESS,2026-07-23
PAY-7434,ORD-9662,3515,COD,failed,22-08-2026
PAY-7435,ORD-10807,19 937,wechat,success,2025-03-20
PAY-7436,ORD-8011,8259,COD,success,2024-01-04
PAY-7437,ORD-1266,14243,alipay,SUCCESS,13-09-2024
PAY-7438,ORD-102,"$9,215.00",alipay,pending,2025-12-25
PAY-7439,ORD-13259,"$6,530.00",wechat,failed,2024-08-01
PAY-7440,ORD-6256,421,alipay,SUCCESS,02/24/2026
PAY-7441,ORD-4169,7850,card,SUCCESS,2025-01-17
PAY-7442,ORD-14197,6692,alipay,pending,2025-11-16
PAY-7443,ORD-3647,"$5,965.00",alipay,SUCCESS,2026-06-24
PAY-7444,ORD-3309,"$6,202.00",COD,success,17-11-2024
PAY-7445,ORD-8300,19 337,wechat,SUCCESS,24-01-2026
PAY-7446,ORD-9735,8556,card,success,2025-06-27
PAY-7447,ORD-3888,17900,COD,pending,2024-04-14
PAY-7448,ORD-10783,14714,card,SUCCESS,04/14/2024
PAY-7449,ORD-6649,18 780,COD,SUCCESS,2026-04-19
PAY-7450,ORD-4340,"5 104,00",COD,failed,08-05-2024
PAY-7451,ORD-2309,12387,COD,SUCCESS,08/10/2026
PAY-7452,ORD-13261,"$12,613.00",wechat,SUCCESS,2024-09-05
PAY-7453,ORD-3439,2794,COD,SUCCESS,2026-11-23
PAY-7454,ORD-1792,4 398,card,success,12/27/2026
PAY-7455,ORD-8530,10013,COD,SUCCESS,2024-04-02
PAY-7456,ORD-652,14810,wechat,SUCCESS,05/14/2024
PAY-7457,ORD-6869,2939,COD,SUCCESS,10/03/2025
PAY-7458,ORD-10725,7301,alipay,SUCCESS,2026-06-02
PAY-7459,ORD-8941,"10 577,00",card,SUCCESS,2024-02-10
PAY-7460,ORD-3529,"$4,356.00",card,pending,07/03/2026
PAY-7461,ORD-7961,4410,card,success,17-03-2025
PAY-7462,ORD-9292,17978,COD,pending,11/10/2026
PAY-7463,ORD-13269,10834,wechat,success,01/12/2024
PAY-7464,ORD-1590,"14 481,00",card,SUCCESS,23-12-2024
PAY-7465,ORD-7305,17 822,card,pending,2025-10-06
PAY-7466,ORD-3063,"$9,717.00",COD,success,2026-03-03
PAY-7467,ORD-1465,726,card,success,02-01-2024
PAY-7468,ORD-12051,4045,wechat,success,2024-08-18
PAY-7469,ORD-2828,16756,wechat,SUCCESS,10/10/2025
PAY-7470,ORD-14963,6313,card,success,2026-12-04
PAY-7471,ORD-4321,"$2,521.00",card,pending,04/23/2024
PAY-7472,ORD-3179,5669,alipay,pending,03/05/2026
PAY-7473,ORD-5424,"$18,391.00",COD,success,2025-06-13
PAY-7474,ORD-2791,12168,card,SUCCESS,2024-08-19
PAY-7475,ORD-6109,"3 432,00",alipay,pending,06/23/2026
PAY-7476,ORD-13919,$389.00,alipay,SUCCESS,2025-06-04
PAY-7477,ORD-1718,"$16,509.00",alipay,SUCCESS,12-03-2025
PAY-7478,ORD-11740,14826,alipay,SUCCESS,04-09-2025
PAY-7479,ORD-9006,11545,alipay,success,2026-09-26
PAY-7480,ORD-3895,"7 132,00",card,pending,2025-02-21
PAY-7481,ORD-13097,"$19,902.00",COD,success,2024-02-03
PAY-7482,ORD-5949,16482,card,SUCCESS,2025-09-09
PAY-7483,ORD-4213,"$2,312.00",COD,success,2025-01-03
PAY-7484,ORD-5191,"12 040,00",card,success,2025-09-23
PAY-7485,ORD-13870,4135,wechat,SUCCESS,2025-06-20
PAY-7486,ORD-13047,7182,wechat,SUCCESS,2026-08-24
PAY-7487,ORD-393,11046,COD,SUCCESS,2026-04-17
PAY-7488,ORD-10373,3740,alipay,SUCCESS,04/10/2026
PAY-7489,ORD-13627,10056,card,pending,2025-05-12
PAY-7490,ORD-8718,9285,card,pending,16-09-2026
PAY-7491,ORD-6684,1 522,card,pending,2025-02-18
PAY-7492,ORD-5035,6292,card,success,12/18/2025
PAY-7493,ORD-5905,"$16,406.00",card,SUCCESS,03/25/2024
PAY-7494,ORD-3909,"$14,723.00",wechat,success,11-11-2025
PAY-7495,ORD-2809,$833.00,wechat,SUCCESS,2025-04-25
PAY-7496,ORD-10307,"$1,735.00",card,pending,2026-02-25
PAY-7497,ORD-698,"$3,994.00",alipay,pending,2026-10-16
PAY-7498,ORD-14413,15932,COD,SUCCESS,10/24/2025
PAY-7499,ORD-4932,4492,alipay,SUCCESS,06/15/2024
PAY-7500,ORD-9972,19841,card,pending,2025-12-06
PAY-7501,ORD-537,"$17,839.00",card,success,06/28/2024
PAY-7502,ORD-1312,"$2,677.00",COD,pending,11/06/2024
PAY-7503,ORD-137,9746,alipay,SUCCESS,04-09-2024
PAY-7504,ORD-13822,18438,COD,SUCCESS,2024-07-01
PAY-7505,ORD-5985,7443,wechat,SUCCESS,2024-11-25
PAY-7506,ORD-14098,16304,wechat,SUCCESS,2026-07-20
PAY-7507,ORD-1781,12 151,card,success,11-10-2025
PAY-7508,ORD-3798,1048,alipay,pending,06/07/2025
PAY-7509,ORD-9643,$300.00,alipay,failed,07-01-2025
PAY-7510,ORD-11315,6343,COD,success,2026-01-20
PAY-7511,ORD-10869,"$3,140.00",card,SUCCESS,15-07-2026
PAY-7512,ORD-10264,13511,wechat,SUCCESS,09/28/2024
PAY-7513,ORD-4270,"14 535,00",COD,pending,2024-05-14
PAY-7514,ORD-9689,4620,wechat,success,2024-04-05
PAY-7515,ORD-1854,"7 794,00",alipay,success,06/10/2024
PAY-7516,ORD-14569,12278,wechat,pending,26-02-2026
PAY-7517,ORD-12174,14083,alipay,success,01/20/2025
PAY-7518,ORD-1021,"1 428,00",wechat,pending,2024-02-07
PAY-7519,ORD-10060,"$2,251.00",alipay,success,14-07-2024
PAY-7520,ORD-7457,"5 289,00",card,SUCCESS,2024-05-15
PAY-7521,ORD-8805,3821,COD,SUCCESS,01/13/2026
PAY-7522,ORD-7608,13078,wechat,pending,2026-04-24
PAY-7523,ORD-5115,"4 270,00",alipay,success,2025-02-15
PAY-7524,ORD-9042,"$2,635.00",wechat,SUCCESS,06/18/2026
PAY-7525,ORD-9296,8954,alipay,SUCCESS,2024-06-08
PAY-7526,ORD-2758,16695,card,failed,04-10-2025
PAY-7527,ORD-3688,18 866,card,success,2024-03-15
PAY-7528,ORD-5448,9615,card,success,2026-04-25
PAY-7529,ORD-2736,18122,COD,success,2026-02-09
PAY-7530,ORD-2976,827,alipay,SUCCESS,20-11-2026
PAY-7531,ORD-7476,10141,alipay,failed,2025-10-07
PAY-7532,ORD-5186,"11 470,00",wechat,SUCCESS,2025-06-02
PAY-7533,ORD-14474,"$13,676.00",COD,SUCCESS,09/04/2026
PAY-7534,ORD-13919,"$14,522.00",wechat,success,2026-02-14
PAY-7535,ORD-8943,7990,card,pending,23-11-2024
PAY-7536,ORD-13635,"$18,430.00",COD,failed,2025-05-16
PAY-7537,ORD-7887,18552,COD,SUCCESS,02/02/2025
PAY-7538,ORD-3552,945,alipay,success,2024-10-13
PAY-7539,ORD-4915,"$19,306.00",wechat,SUCCESS,2024-02-18
PAY-7540,ORD-14123,11 847,wechat,SUCCESS,12/11/2025
PAY-7541,ORD-11247,17231,card,SUCCESS,01/26/2025
PAY-7542,ORD-3882,10 662,alipay,success,08-02-2026
PAY-7543,ORD-12729,"$7,790.00",wechat,pending,2024-10-06
PAY-7544,ORD-12417,11835,wechat,SUCCESS,2024-01-04
PAY-7545,ORD-11965,"$2,239.00",alipay,pending,2025-01-15
PAY-7546,ORD-4987,13139,wechat,success,2024-07-16
PAY-7547,ORD-3259,14992,alipay,pending,2025-06-25
PAY-7548,ORD-5934,"$6,749.00",COD,pending,05/20/2026
PAY-7549,ORD-2577,"$17,723.00",COD,success,2024-02-12
PAY-7550,ORD-998,19642,alipay,success,25-03-2024
PAY-7551,ORD-5726,"$17,089.00",alipay,pending,2024-04-03
PAY-7552,ORD-13007,"$9,466.00",COD,success,2026-05-15
PAY-7553,ORD-4726,8353,card,success,28-12-2024
PAY-7554,ORD-222,3296,wechat,pending,2026-05-20
PAY-7555,ORD-11950,6897,alipay,failed,09-03-2025
PAY-7556,ORD-4164,6291,card,SUCCESS,21-02-2026
PAY-7557,ORD-12507,"$8,465.00",wechat,pending,26-10-2025
PAY-7558,ORD-7620,12013,alipay,success,2024-04-27
PAY-7559,ORD-13161,14967,COD,success,03/05/2025
PAY-7560,ORD-2899,626,wechat,SUCCESS,2025-02-23
PAY-7561,ORD-1749,"4 248,00",COD,SUCCESS,2024-06-07
PAY-7562,ORD-11522,$827.00,card,pending,2024-05-26
PAY-7563,ORD-8764,14838,wechat,success,08/18/2026
PAY-7564,ORD-9327,18893,COD,success,2024-06-11
PAY-7565,ORD-7685,"$10,293.00",alipay,success,2025-10-26
PAY-7566,ORD-14149,1283,card,SUCCESS,11/15/2025
PAY-7567,ORD-14545,6 324,card,pending,2026-01-17
PAY-7568,ORD-925,"$10,524.00",COD,SUCCESS,2026-08-21
PAY-7569,ORD-6200,17568,COD,SUCCESS,03/09/2025
PAY-7570,ORD-10473,"$10,808.00",wechat,SUCCESS,2025-08-09
PAY-7571,ORD-13154,4060,alipay,SUCCESS,07/03/2026
PAY-7572,ORD-14854,11959,alipay,success,07-01-2026
PAY-7573,ORD-6117,9 756,COD,SUCCESS,08-01-2024
PAY-7574,ORD-12954,"15 961,00",card,SUCCESS,28-08-2025
PAY-7575,ORD-5732,6773,card,success,17-04-2024
PAY-7576,ORD-11221,"$8,836.00",alipay,success,27-11-2025
PAY-7577,ORD-9402,8914,COD,SUCCESS,02/24/2024
PAY-7578,ORD-423,"$2,312.00",card,pending,05-10-2024
PAY-7579,ORD-7027,"$16,228.00",card,pending,2024-06-16
PAY-7580,ORD-4873,6348,wechat,SUCCESS,28-10-2024
PAY-7581,ORD-2504,7390,alipay,SUCCESS,11/21/2024
PAY-7582,ORD-11560,16994,COD,SUCCESS,2024-07-10
PAY-7583,ORD-279,16 513,COD,SUCCESS,10/21/2026
PAY-7584,ORD-12929,"$4,512.00",alipay,success,2024-10-21
PAY-7585,ORD-14432,10609,card,success,2025-08-15
PAY-7586,ORD-14623,4 609,COD,SUCCESS,2026-02-25
PAY-7587,ORD-12908,3607,wechat,SUCCESS,14-01-2025
PAY-7588,ORD-3536,"13 227,00",wechat,pending,21-09-2024
PAY-7589,ORD-11269,6664,card,SUCCESS,06/05/2025
PAY-7590,ORD-9969,12235,wechat,pending,2024-10-22
PAY-7591,ORD-1557,9 194,card,success,05/08/2026
PAY-7592,ORD-6870,18613,alipay,success,2024-05-10
PAY-7593,ORD-2044,6 910,card,SUCCESS,2026-01-05
PAY-7594,ORD-1996,13234,card,pending,21-09-2026
PAY-7595,ORD-9162,10426,wechat,SUCCESS,12/19/2024
PAY-7596,ORD-3050,15970,wechat,success,2025-07-01
PAY-7597,ORD-12036,19507,card,SUCCESS,2025-07-17
PAY-7598,ORD-2828,"$18,786.00",card,success,2025-07-06
PAY-7599,ORD-2214,18004,COD,SUCCESS,09/25/2025
PAY-7600,ORD-5440,4230,alipay,success,2024-01-18
PAY-7601,ORD-12998,"2 580,00",card,success,2025-07-03
PAY-7602,ORD-10652,8758,card,SUCCESS,21-08-2025
PAY-7603,ORD-4579,3717,wechat,pending,05/26/2025
PAY-7604,ORD-2053,19027,wechat,pending,2025-04-02
PAY-7605,ORD-11889,15243,card,SUCCESS,2025-06-21
PAY-7606,ORD-14182,9785,alipay,success,16-06-2026
PAY-7607,ORD-1344,13451,alipay,SUCCESS,2024-03-06
PAY-7608,ORD-7666,14402,wechat,pending,15-09-2024
PAY-7609,ORD-5188,"$16,530.00",COD,SUCCESS,2024-12-26
PAY-7610,ORD-9491,14 558,alipay,pending,2026-01-19
PAY-7611,ORD-3392,14 400,COD,success,2026-06-13
PAY-7612,ORD-7672,18327,COD,SUCCESS,16-08-2025
PAY-7613,ORD-15,3659,alipay,pending,11/21/2025
PAY-7614,ORD-8670,"$17,710.00",card,success,2024-04-16
PAY-7615,ORD-6416,9889,wechat,pending,2025-02-09
PAY-7616,ORD-7532,"12 009,00",card,SUCCESS,2025-12-16
PAY-7617,ORD-1572,"$12,877.00",card,SUCCESS,2026-04-11
PAY-7618,ORD-3896,13 115,wechat,SUCCESS,2026-11-13
PAY-7619,ORD-10186,9 999,wechat,pending,2026-02-24
PAY-7620,ORD-8184,15833,COD,success,01/10/2025
PAY-7621,ORD-11106,878,alipay,success,05/09/2025
PAY-7622,ORD-8643,"6 056,00",card,success,07-02-2024
PAY-7623,ORD-3701,"$7,805.00",alipay,SUCCESS,2024-08-01
PAY-7624,ORD-11532,13 398,card,success,2026-12-19
PAY-7625,ORD-8266,19778,card,success,2026-05-19
PAY-7626,ORD-5673,12058,alipay,SUCCESS,26-08-2024
PAY-7627,ORD-9821,9974,wechat,SUCCESS,06-10-2026
PAY-7628,ORD-280,18 044,COD,success,2025-09-24
PAY-7629,ORD-6781,7 074,wechat,SUCCESS,2024-03-27
PAY-7630,ORD-1556,6 858,wechat,pending,03-10-2024
PAY-7631,ORD-9289,2383,card,success,09/12/2026
PAY-7632,ORD-2440,5348,COD,success,2026-03-04
PAY-7633,ORD-906,15568,wechat,pending,2025-09-09
PAY-7634,ORD-13781,11497,wechat,SUCCESS,2026-12-23
PAY-7635,ORD-4882,$924.00,card,pending,11/16/2024
PAY-7636,ORD-14661,"$4,887.00",COD,SUCCESS,16-08-2025
PAY-7637,ORD-1286,13742,COD,failed,11/22/2024
PAY-7638,ORD-8349,18441,card,SUCCESS,08/03/2024
PAY-7639,ORD-14376,6603,card,pending,20-03-2026
PAY-7640,ORD-8015,"$1,976.00",card,SUCCESS,2026-02-22
PAY-7641,ORD-9018,10593,wechat,success,2026-09-03
PAY-7642,ORD-11030,7357,wechat,SUCCESS,07/07/2024
PAY-7643,ORD-3160,19709,card,success,06/15/2024
PAY-7644,ORD-10551,9908,COD,SUCCESS,09/25/2026
PAY-7645,ORD-12859,"14 468,00",COD,pending,11-01-2026
PAY-7646,ORD-6587,12272,card,SUCCESS,2025-05-22
PAY-7647,ORD-9252,1 122,wechat,SUCCESS,2026-11-20
PAY-7648,ORD-6346,14056,wechat,success,19-01-2024
PAY-7649,ORD-3276,5906,alipay,success,02/08/2025
PAY-7650,ORD-4252,"$16,124.00",COD,SUCCESS,02-05-2025
PAY-7651,ORD-4108,17017,COD,success,09/20/2025
PAY-7652,ORD-660,"7 623,00",alipay,success,2024-10-27
PAY-7653,ORD-13297,"3 541,00",wechat,SUCCESS,01/08/2025
PAY-7654,ORD-14948,7936,card,SUCCESS,02/27/2025
PAY-7655,ORD-5867,19583,COD,success,18-10-2025
PAY-7656,ORD-12747,"$4,997.00",COD,success,2025-05-16
PAY-7657,ORD-14822,3456,wechat,success,2026-11-12
PAY-7658,ORD-3803,"$19,269.00",card,success,09-05-2024
PAY-7659,ORD-6621,4 408,wechat,SUCCESS,2024-05-09
PAY-7660,ORD-11414,14320,alipay,SUCCESS,06/18/2025
PAY-7661,ORD-7699,$667.00,wechat,success,2025-06-04
PAY-7662,ORD-11480,"$15,011.00",COD,SUCCESS,2025-08-10
PAY-7663,ORD-14252,8469,COD,success,2025-04-20
PAY-7664,ORD-6525,6883,alipay,SUCCESS,2025-02-18
PAY-7665,ORD-2086,7 253,COD,pending,2026-10-02
PAY-7666,ORD-13743,"$15,928.00",COD,pending,2026-09-06
PAY-7667,ORD-10888,14645,alipay,pending,08/23/2026
PAY-7668,ORD-5817,3423,alipay,SUCCESS,03/27/2025
PAY-7669,ORD-6743,16225,card,success,2024-11-02
PAY-7670,ORD-7382,10629,COD,SUCCESS,2026-08-14
PAY-7671,ORD-896,1545,card,SUCCESS,2026-04-28
PAY-7672,ORD-12553,162,COD,success,2025-03-18
PAY-7673,ORD-5882,7907,card,SUCCESS,03-07-2026
PAY-7674,ORD-400,3001,alipay,SUCCESS,12/28/2025
PAY-7675,ORD-11539,13671,COD,pending,04/17/2024
PAY-7676,ORD-5242,2748,card,SUCCESS,06/13/2025
PAY-7677,ORD-12297,"7 728,00",alipay,success,01/16/2026
PAY-7678,ORD-7467,9907,card,SUCCESS,2025-11-27
PAY-7679,ORD-2265,7988,alipay,success,19-08-2025
PAY-7680,ORD-6426,16623,wechat,SUCCESS,2025-10-10
PAY-7681,ORD-7743,12 004,COD,SUCCESS,15-04-2024
PAY-7682,ORD-4325,"$10,986.00",alipay,SUCCESS,05/11/2024
PAY-7683,ORD-800,8398,COD,pending,04/18/2024
PAY-7684,ORD-4581,14246,wechat,SUCCESS,10/12/2025
PAY-7685,ORD-12375,2203,card,success,05/23/2025
PAY-7686,ORD-5298,8432,wechat,success,08-11-2025
PAY-7687,ORD-5376,2652,COD,SUCCESS,24-12-2024
PAY-7688,ORD-4160,307,card,success,07/14/2024
PAY-7689,ORD-5171,"7 675,00",card,success,2025-05-01
PAY-7690,ORD-13087,12820,alipay,success,23-10-2025
PAY-7691,ORD-8958,"$5,522.00",card,pending,2024-06-16
PAY-7692,ORD-4157,11056,wechat,pending,2026-04-04
PAY-7693,ORD-2468,"$10,182.00",card,success,2025-09-08
PAY-7694,ORD-1268,921,wechat,SUCCESS,2025-07-10
PAY-7695,ORD-62,11429,alipay,success,12/02/2026
PAY-7696,ORD-9477,458,alipay,pending,01/21/2024
PAY-7697,ORD-14679,"$1,848.00",alipay,SUCCESS,2026-12-13
PAY-7698,ORD-5172,"$2,786.00",card,success,2026-07-11
PAY-7699,ORD-10102,12 887,COD,success,03/16/2024
PAY-7700,ORD-11447,8 800,COD,pending,12-01-2025
PAY-7701,ORD-3562,13859,wechat,pending,02/19/2026
PAY-7702,ORD-5136,"12 608,00",alipay,success,09-07-2025
PAY-7703,ORD-6514,3904,card,pending,03/25/2026
PAY-7704,ORD-4590,7412,alipay,pending,2024-02-11
PAY-7705,ORD-6409,5946,COD,success,2025-03-16
PAY-7706,ORD-13636,"$12,284.00",wechat,pending,2026-03-04
PAY-7707,ORD-9656,10442,COD,success,2025-12-27
PAY-7708,ORD-12017,"$18,635.00",alipay,SUCCESS,04/01/2024
PAY-7709,ORD-260,10871,card,pending,2025-04-24
PAY-7710,ORD-14756,"$5,857.00",COD,success,05-02-2024
PAY-7711,ORD-10539,11 164,COD,SUCCESS,2024-04-13
PAY-7712,ORD-3849,8684,wechat,pending,2024-12-03
PAY-7713,ORD-12969,"$18,388.00",alipay,SUCCESS,23-04-2026
PAY-7714,ORD-3290,15881,COD,pending,2025-11-09
PAY-7715,ORD-9916,4500,alipay,pending,2025-12-18
PAY-7716,ORD-551,"12 579,00",COD,failed,22-08-2026
PAY-7717,ORD-12866,16059,alipay,pending,2026-07-05
PAY-7718,ORD-3660,2035,wechat,success,2025-12-02
PAY-7719,ORD-529,"$1,754.00",COD,SUCCESS,24-04-2026
PAY-7720,ORD-4534,6228,wechat,pending,2026-01-09
PAY-7721,ORD-9333,"9 733,00",COD,success,2025-08-21
PAY-7722,ORD-432,13531,card,pending,03-01-2025
PAY-7723,ORD-12517,"$16,711.00",wechat,success,10/02/2026
PAY-7724,ORD-2609,2040,alipay,pending,2026-12-26
PAY-7725,ORD-8943,7195,wechat,success,2024-12-12
PAY-7726,ORD-3083,19214,card,SUCCESS,07/13/2025
PAY-7727,ORD-11192,13554,wechat,pending,2026-10-04
PAY-7728,ORD-303,"8 198,00",alipay,SUCCESS,2025-02-08
PAY-7729,ORD-4035,9946,COD,pending,02/18/2026
PAY-7730,ORD-13227,12486,alipay,success,12-11-2024
PAY-7731,ORD-3531,14 080,card,success,06/16/2026
PAY-7732,ORD-8966,"$16,708.00",card,SUCCESS,05-04-2025
PAY-7733,ORD-3606,$624.00,alipay,pending,2024-07-16
PAY-7734,ORD-14223,"$14,817.00",card,SUCCESS,2025-01-04
PAY-7735,ORD-12670,"$5,010.00",card,pending,08/03/2026
PAY-7736,ORD-5331,9807,COD,success,2024-07-14
PAY-7737,ORD-4706,11407,COD,failed,05/18/2025
PAY-7738,ORD-12995,14166,COD,failed,2025-02-17
PAY-7739,ORD-14002,8633,alipay,pending,11/13/2025
PAY-7740,ORD-11227,"$15,382.00",COD,SUCCESS,12/12/2026
PAY-7741,ORD-10713,"$5,615.00",wechat,success,10-11-2026
PAY-7742,ORD-12013,"$2,881.00",COD,pending,06/22/2026
PAY-7743,ORD-11375,$896.00,wechat,SUCCESS,05/13/2026
PAY-7744,ORD-10839,7218,card,SUCCESS,2025-07-25
PAY-7745,ORD-6343,937,card,pending,05/20/2025
PAY-7746,ORD-3004,"$15,636.00",card,SUCCESS,2026-05-03
PAY-7747,ORD-277,13996,wechat,success,2026-04-25
PAY-7748,ORD-4344,"18 345,00",card,success,2026-01-02
PAY-7749,ORD-7515,17104,COD,pending,06/14/2026
PAY-7750,ORD-4383,2351,card,failed,12/08/2025
PAY-7751,ORD-3336,11 452,alipay,pending,08/23/2025
PAY-7752,ORD-10978,"$18,524.00",card,success,12/23/2025
PAY-7753,ORD-14786,14684,card,success,10/03/2024
PAY-7754,ORD-6078,7 620,alipay,pending,2025-07-21
PAY-7755,ORD-3926,19251,COD,pending,04/22/2024
PAY-7756,ORD-12916,"$10,526.00",COD,SUCCESS,10/18/2025
PAY-7757,ORD-4158,"15 778,00",wechat,success,17-01-2024
PAY-7758,ORD-6952,5891,wechat,pending,10/27/2026
PAY-7759,ORD-13596,15753,alipay,SUCCESS,06/28/2026
PAY-7760,ORD-5602,4833,card,success,08/12/2025
PAY-7761,ORD-1100,"$3,233.00",COD,pending,2026-07-11
PAY-7762,ORD-8908,"$13,406.00",wechat,SUCCESS,2024-04-15
PAY-7763,ORD-2402,"$8,024.00",alipay,SUCCESS,2026-09-05
PAY-7764,ORD-7928,"$9,030.00",wechat,pending,2026-03-16
PAY-7765,ORD-2378,"2 836,00",alipay,SUCCESS,11-09-2025
PAY-7766,ORD-1814,6141,alipay,success,2026-05-26
PAY-7767,ORD-14017,10133,COD,success,10/12/2024
PAY-7768,ORD-11114,"991,00",COD,SUCCESS,2024-08-12
PAY-7769,ORD-5227,"11 349,00",wechat,pending,09/21/2024
PAY-7770,ORD-9455,"$17,241.00",card,SUCCESS,01/08/2025
PAY-7771,ORD-6809,13110,alipay,pending,2025-01-07
PAY-7772,ORD-12744,4887,wechat,pending,2026-08-25
PAY-7773,ORD-3151,1717,COD,success,12/15/2024
PAY-7774,ORD-9043,13635,wechat,SUCCESS,2026-02-09
PAY-7775,ORD-11477,4627,card,pending,2024-05-27
PAY-7776,ORD-7842,15889,wechat,SUCCESS,2025-07-04
PAY-7777,ORD-3201,10531,COD,pending,12/25/2024
PAY-7778,ORD-4379,"$5,283.00",wechat,success,2026-01-09
PAY-7779,ORD-4081,"$13,998.00",card,SUCCESS,2026-04-16
PAY-7780,ORD-4727,"16 074,00",COD,SUCCESS,11/16/2025
PAY-7781,ORD-2323,4996,card,SUCCESS,11-01-2024
PAY-7782,ORD-14791,14443,alipay,success,2025-05-24
PAY-7783,ORD-9360,2556,card,SUCCESS,2025-08-18
PAY-7784,ORD-13960,5551,wechat,pending,08/04/2026
PAY-7785,ORD-5117,"$6,334.00",alipay,success,2024-01-28
PAY-7786,ORD-3928,8347,card,success,08-01-2026
PAY-7787,ORD-10055,2 365,COD,pending,11/09/2025
PAY-7788,ORD-13656,3304,COD,success,02/02/2025
PAY-7789,ORD-9411,11079,card,failed,02/18/2025
PAY-7790,ORD-11071,10147,wechat,SUCCESS,04/24/2026
PAY-7791,ORD-11629,"$10,687.00",COD,pending,01/19/2026
PAY-7792,ORD-12319,9367,wechat,SUCCESS,04/27/2025
PAY-7793,ORD-3495,8338,wechat,SUCCESS,02-06-2024
PAY-7794,ORD-6593,10 462,alipay,SUCCESS,02/11/2025
PAY-7795,ORD-7070,854,card,success,2026-01-07
PAY-7796,ORD-11151,14665,COD,pending,2024-02-20
PAY-7797,ORD-1889,5953,COD,SUCCESS,2026-07-20
PAY-7798,ORD-14784,"$4,421.00",card,pending,06/14/2026
PAY-7799,ORD-13029,"$3,483.00",COD,success,13-05-2026
PAY-7800,ORD-9288,1 111,card,SUCCESS,19-03-2025
PAY-7801,ORD-7716,"$15,294.00",COD,SUCCESS,02-01-2025
PAY-7802,ORD-5709,1977,alipay,success,2025-12-11
PAY-7803,ORD-14156,"$4,941.00",alipay,pending,01/04/2025
PAY-7804,ORD-2798,3223,alipay,pending,08/14/2025
PAY-7805,ORD-2679,11408,alipay,SUCCESS,03/08/2025
PAY-7806,ORD-11063,4968,card,success,10/06/2025
PAY-7807,ORD-1925,8640,wechat,SUCCESS,2025-08-06
PAY-7808,ORD-2905,10 060,wechat,success,2026-01-05
PAY-7809,ORD-10964,"$15,422.00",card,failed,01/01/2026
PAY-7810,ORD-173,"$4,497.00",wechat,SUCCESS,2025-01-23
PAY-7811,ORD-1335,4971,alipay,success,06/27/2025
PAY-7812,ORD-1061,4544,COD,pending,08/06/2026
PAY-7813,ORD-10887,"$16,450.00",wechat,SUCCESS,14-06-2025
PAY-7814,ORD-4956,"16 557,00",alipay,failed,20-07-2025
PAY-7815,ORD-11409,"$2,862.00",COD,pending,02/09/2025
PAY-7816,ORD-7825,"$10,606.00",card,success,02/14/2026
PAY-7817,ORD-9961,8098,card,pending,21-06-2025
PAY-7818,ORD-9205,"$15,303.00",wechat,pending,09/02/2024
PAY-7819,ORD-1528,10261,COD,pending,2025-05-01
PAY-7820,ORD-11232,14480,COD,SUCCESS,08/24/2025
PAY-7821,ORD-12223,"17 008,00",wechat,SUCCESS,20-09-2025
PAY-7822,ORD-13681,"$14,688.00",COD,SUCCESS,01/01/2025
PAY-7823,ORD-6115,"$13,819.00",COD,pending,2026-02-12
PAY-7824,ORD-14903,"11 909,00",COD,success,11/11/2025
PAY-7825,ORD-9894,17029,wechat,success,07/05/2026
PAY-7826,ORD-3197,14965,wechat,SUCCESS,2025-03-23
PAY-7827,ORD-12894,"$13,291.00",alipay,pending,2026-03-28
PAY-7828,ORD-11065,"$6,557.00",card,success,2026-07-06
PAY-7829,ORD-7996,"$12,408.00",COD,success,05-08-2024
PAY-7830,ORD-11303,15797,card,pending,2024-09-07
PAY-7831,ORD-6661,6543,wechat,pending,2024-11-18
PAY-7832,ORD-7023,17485,wechat,pending,2025-07-19
PAY-7833,ORD-13391,"$2,624.00",COD,SUCCESS,15-11-2024
PAY-7834,ORD-4123,"$8,920.00",card,SUCCESS,01-01-2025
PAY-7835,ORD-116,11655,wechat,pending,05/26/2024
PAY-7836,ORD-10021,18498,card,pending,07/07/2025
PAY-7837,ORD-13245,17211,card,success,2026-08-20
PAY-7838,ORD-11196,"18 668,00",COD,SUCCESS,2025-12-14
PAY-7839,ORD-9636,10007,COD,success,10/18/2025
PAY-7840,ORD-9589,213,alipay,SUCCESS,2025-07-27
PAY-7841,ORD-3206,13790,COD,success,2024-05-25
PAY-7842,ORD-47,8484,alipay,failed,02/12/2026
PAY-7843,ORD-11460,5941,wechat,failed,02/19/2024
PAY-7844,ORD-10889,10818,alipay,failed,09-10-2025
PAY-7845,ORD-14174,18671,alipay,pending,2024-03-18
PAY-7846,ORD-14348,14855,alipay,failed,2026-10-04
PAY-7847,ORD-6730,5905,card,SUCCESS,2024-12-27
PAY-7848,ORD-7140,"$16,256.00",card,success,2024-03-12
PAY-7849,ORD-6498,10446,COD,SUCCESS,16-09-2025
PAY-7850,ORD-5300,"$15,051.00",alipay,SUCCESS,02/15/2024
PAY-7851,ORD-4856,"3 119,00",wechat,pending,2024-12-06
PAY-7852,ORD-6302,"$4,210.00",wechat,SUCCESS,2025-06-09
PAY-7853,ORD-8825,9022,wechat,success,2026-01-26
PAY-7854,ORD-14129,"8 049,00",COD,success,2024-05-14
PAY-7855,ORD-9303,4232,card,SUCCESS,2024-08-11
PAY-7856,ORD-1478,970,alipay,SUCCESS,2025-06-27
PAY-7857,ORD-2383,5706,card,SUCCESS,02/18/2025
PAY-7858,ORD-5782,13117,COD,SUCCESS,2025-04-23
PAY-7859,ORD-6362,7940,card,SUCCESS,12/21/2024
PAY-7860,ORD-4638,"$12,044.00",card,success,04-02-2024
PAY-7861,ORD-9600,"$2,570.00",alipay,SUCCESS,08-10-2026
PAY-7862,ORD-7819,"$10,925.00",COD,pending,2024-01-20
PAY-7863,ORD-4059,"$9,712.00",wechat,pending,2025-10-19
PAY-7864,ORD-4230,"13 493,00",wechat,pending,2026-03-14
PAY-7865,ORD-13242,4612,card,success,11/28/2026
PAY-7866,ORD-12267,8650,card,SUCCESS,2024-02-01
PAY-7867,ORD-5905,16 749,card,success,05-04-2026
PAY-7868,ORD-12308,"$14,520.00",COD,SUCCESS,08/15/2025
PAY-7869,ORD-6721,337,card,success,10/26/2026
PAY-7870,ORD-13072,13026,card,success,02/01/2024
PAY-7871,ORD-11407,"$11,653.00",card,pending,2026-05-13
PAY-7872,ORD-1954,2204,alipay,pending,2024-09-21
PAY-7873,ORD-2525,"14 418,00",COD,success,2025-10-11
PAY-7874,ORD-1872,"14 590,00",COD,success,01/16/2025
PAY-7875,ORD-12731,875,alipay,SUCCESS,2024-02-11
PAY-7876,ORD-501,5450,wechat,success,02/07/2024
PAY-7877,ORD-4392,"4 725,00",card,success,2025-04-15
PAY-7878,ORD-6069,"$1,119.00",card,failed,05/15/2026
PAY-7879,ORD-3492,7200,alipay,SUCCESS,11/14/2025
PAY-7880,ORD-3493,12763,card,pending,2026-07-18
PAY-7881,ORD-1374,8367,wechat,pending,2024-07-13
PAY-7882,ORD-10305,17633,COD,success,10-11-2024
PAY-7883,ORD-3491,6244,wechat,pending,08/11/2026
PAY-7884,ORD-13631,"$4,061.00",card,SUCCESS,2025-07-22
PAY-7885,ORD-6251,4477,wechat,SUCCESS,01/01/2024
PAY-7886,ORD-6038,10962,alipay,pending,2024-05-03
PAY-7887,ORD-12981,12653,COD,success,2026-08-19
PAY-7888,ORD-8915,"$4,710.00",alipay,pending,07-06-2025
PAY-7889,ORD-3457,7570,COD,success,01/02/2026
PAY-7890,ORD-13840,"$11,320.00",alipay,SUCCESS,2026-01-17
PAY-7891,ORD-6224,13777,COD,pending,01/28/2025
PAY-7892,ORD-356,19277,wechat,pending,02/10/2024
PAY-7893,ORD-9067,11407,COD,SUCCESS,2024-04-25
PAY-7894,ORD-7671,4562,COD,failed,2024-03-20
PAY-7895,ORD-4094,19 387,wechat,success,13-08-2025
PAY-7896,ORD-2730,8233,card,pending,08-09-2024
PAY-7897,ORD-10626,2610,alipay,pending,07/02/2026
PAY-7898,ORD-14749,15 087,wechat,SUCCESS,11/24/2025
PAY-7899,ORD-11055,"3 481,00",card,success,25-01-2024
PAY-7900,ORD-13325,"$8,138.00",COD,pending,05/01/2026
PAY-7901,ORD-3654,19 829,card,success,12/18/2025
PAY-7902,ORD-5678,11254,COD,pending,05/21/2024
PAY-7903,ORD-7750,8450,wechat,pending,2025-05-14
PAY-7904,ORD-8984,18235,wechat,pending,08/16/2026
PAY-7905,ORD-6956,15947,alipay,SUCCESS,04/13/2025
PAY-7906,ORD-14975,"$9,143.00",card,SUCCESS,2025-11-21
PAY-7907,ORD-6362,17 125,wechat,success,10/18/2024
PAY-7908,ORD-9093,1655,alipay,pending,2024-01-09
PAY-7909,ORD-10181,"3 253,00",wechat,success,07-05-2025
PAY-7910,ORD-10229,1543,alipay,success,2026-04-23
PAY-7911,ORD-13371,"14 804,00",COD,SUCCESS,06/14/2026
PAY-7912,ORD-14533,"12 507,00",COD,SUCCESS,12/11/2025
PAY-7913,ORD-5128,1094,card,success,2026-12-22
PAY-7914,ORD-14191,5637,card,pending,17-11-2026
PAY-7915,ORD-5694,17990,alipay,SUCCESS,24-05-2025
PAY-7916,ORD-7881,"$1,959.00",alipay,SUCCESS,2025-05-18
PAY-7917,ORD-11242,7 533,alipay,pending,06-11-2024
PAY-7918,ORD-13018,16325,alipay,success,25-03-2025
PAY-7919,ORD-9758,2675,wechat,pending,2026-08-23
PAY-7920,ORD-13478,4367,card,pending,2025-12-13
PAY-7921,ORD-12276,"$14,882.00",card,pending,11/02/2026
PAY-7922,ORD-5820,"$10,241.00",alipay,success,2025-06-19
PAY-7923,ORD-2275,2108,alipay,SUCCESS,04/26/2024
PAY-7924,ORD-1818,"12 464,00",wechat,success,04-04-2024
PAY-7925,ORD-11481,"$14,913.00",wechat,pending,23-04-2024
PAY-7926,ORD-10434,6176,wechat,SUCCESS,2026-04-17
PAY-7927,ORD-6066,"$5,200.00",wechat,success,06/28/2025
PAY-7928,ORD-8351,"18 969,00",alipay,pending,13-07-2026
PAY-7929,ORD-1416,5634,COD,SUCCESS,19-07-2024
PAY-7930,ORD-7442,"$18,465.00",wechat,success,2024-07-24
PAY-7931,ORD-895,7181,alipay,SUCCESS,2024-09-11
PAY-7932,ORD-1434,"$9,046.00",wechat,pending,03/01/2024
PAY-7933,ORD-1578,"$6,754.00",card,SUCCESS,10/08/2026
PAY-7934,ORD-12189,"7 392,00",wechat,SUCCESS,2025-08-24
PAY-7935,ORD-1976,17541,alipay,success,16-11-2026
PAY-7936,ORD-14322,"$19,833.00",COD,pending,2026-03-09
PAY-7937,ORD-13053,7817,alipay,pending,03/18/2026
PAY-7938,ORD-3954,"$19,993.00",COD,SUCCESS,2024-12-07
PAY-7939,ORD-5383,"11 823,00",card,pending,2025-01-13
PAY-7940,ORD-6214,"$19,594.00",wechat,SUCCESS,2025-08-17
PAY-7941,ORD-6640,$282.00,COD,SUCCESS,2025-11-13
PAY-7942,ORD-5047,"6 976,00",wechat,failed,2026-08-19
PAY-7943,ORD-2536,5829,COD,success,12/02/2026
PAY-7944,ORD-12257,6563,wechat,pending,2024-09-24
PAY-7945,ORD-10977,"$4,638.00",wechat,success,03/07/2025
PAY-7946,ORD-4859,19384,card,success,14-09-2026
PAY-7947,ORD-6057,$318.00,COD,success,08-07-2026
PAY-7948,ORD-11254,6214,wechat,SUCCESS,04/22/2026
PAY-7949,ORD-13796,13612,wechat,pending,2025-04-01
PAY-7950,ORD-5234,"$9,149.00",alipay,pending,07/04/2025
PAY-7951,ORD-14475,9794,card,pending,01/13/2026
PAY-7952,ORD-9640,8835,card,pending,2025-01-27
PAY-7953,ORD-14976,13142,card,SUCCESS,2026-09-20
PAY-7954,ORD-3165,11243,card,SUCCESS,2025-10-02
PAY-7955,ORD-7361,"$3,721.00",alipay,failed,2026-04-24
PAY-7956,ORD-13623,2943,alipay,pending,23-06-2025
PAY-7957,ORD-14183,"$14,068.00",wechat,pending,12/16/2026
PAY-7958,ORD-11326,15242,wechat,success,08/05/2026
PAY-7959,ORD-9930,19877,alipay,success,2026-04-26
PAY-7960,ORD-11325,1691,wechat,success,2026-01-23
PAY-7961,ORD-6856,17881,COD,success,25-02-2025
PAY-7962,ORD-4430,8046,alipay,pending,05/12/2024
PAY-7963,ORD-2426,"3 681,00",alipay,SUCCESS,2024-11-18
PAY-7964,ORD-9619,"$8,398.00",COD,pending,2025-12-10
PAY-7965,ORD-11976,"$18,114.00",card,pending,03/20/2025
PAY-7966,ORD-6177,"$14,995.00",COD,pending,11/12/2025
PAY-7967,ORD-4139,"$17,561.00",card,SUCCESS,2025-09-07
PAY-7968,ORD-13681,"$19,266.00",wechat,failed,2026-02-03
PAY-7969,ORD-11387,"$17,800.00",card,success,06/25/2024
PAY-7970,ORD-9070,17073,alipay,pending,26-02-2026
PAY-7971,ORD-2290,"$12,181.00",wechat,pending,08/18/2024
PAY-7972,ORD-2443,"$10,692.00",card,success,2025-05-12
PAY-7973,ORD-11368,19733,card,pending,2026-06-03
PAY-7974,ORD-4427,16362,wechat,success,2026-06-06
PAY-7975,ORD-14641,"$8,964.00",card,failed,24-01-2024
PAY-7976,ORD-852,"5 381,00",alipay,pending,2026-12-13
PAY-7977,ORD-2858,"$16,169.00",alipay,pending,2025-06-17
PAY-7978,ORD-10806,"$2,025.00",COD,SUCCESS,02/18/2026
PAY-7979,ORD-9594,"$3,258.00",COD,SUCCESS,04/05/2025
PAY-7980,ORD-2667,"$3,672.00",card,success,2025-10-03
PAY-7981,ORD-6649,"$7,100.00",alipay,success,05/24/2024
PAY-7982,ORD-207,1 645,alipay,success,22-08-2026
PAY-7983,ORD-13693,19 503,card,success,21-05-2024
PAY-7984,ORD-8727,18 395,wechat,SUCCESS,21-06-2025
PAY-7985,ORD-9748,2438,alipay,success,25-06-2024
PAY-7986,ORD-1536,16 247,COD,SUCCESS,02-07-2025
PAY-7987,ORD-840,$150.00,COD,success,2024-06-05
PAY-7988,ORD-13428,"$4,273.00",alipay,pending,2024-09-18
PAY-7989,ORD-13485,410,COD,success,11/14/2025
PAY-7990,ORD-10651,1221,alipay,success,04/25/2024
PAY-7991,ORD-75,227,COD,SUCCESS,10-02-2025
PAY-7992,ORD-13477,8352,alipay,pending,2026-07-19
PAY-7993,ORD-9439,9076,card,failed,10-01-2026
PAY-7994,ORD-9031,"$10,052.00",wechat,failed,03-01-2025
PAY-7995,ORD-4301,"$11,149.00",alipay,pending,2025-12-03
PAY-7996,ORD-3245,13027,alipay,success,2025-03-20
PAY-7997,ORD-467,7897,card,success,03/27/2025
PAY-7998,ORD-9038,"1 901,00",alipay,pending,12/23/2026
PAY-7999,ORD-6894,5842,COD,SUCCESS,2026-03-11
PAY-8000,ORD-5074,133,COD,SUCCESS,06-06-2026
PAY-8001,ORD-1166,15859,wechat,SUCCESS,06/27/2025
PAY-8002,ORD-2797,"$11,180.00",card,success,03/25/2026
PAY-8003,ORD-7468,6964,wechat,pending,2026-08-22
PAY-8004,ORD-4115,287,card,SUCCESS,02-06-2025
PAY-8005,ORD-6309,10419,alipay,success,2025-09-12
PAY-8006,ORD-7537,9946,alipay,pending,20-01-2024
PAY-8007,ORD-13352,"8 215,00",card,SUCCESS,2024-02-18
PAY-8008,ORD-276,6 021,COD,pending,09/10/2025
PAY-8009,ORD-9383,11627,card,pending,07/05/2025
PAY-8010,ORD-11579,"$5,936.00",COD,SUCCESS,02/13/2024
PAY-8011,ORD-10161,10170,wechat,SUCCESS,2025-06-17
PAY-8012,ORD-4249,13278,card,SUCCESS,2025-10-19
PAY-8013,ORD-10581,"$4,696.00",COD,pending,12/24/2024
PAY-8014,ORD-3912,8646,COD,failed,06-07-2025
PAY-8015,ORD-297,14291,card,SUCCESS,2024-09-07
PAY-8016,ORD-5436,$208.00,card,pending,01-08-2024
PAY-8017,ORD-38,1647,alipay,pending,2024-11-04
PAY-8018,ORD-14096,"$12,918.00",wechat,pending,05/20/2026
PAY-8019,ORD-14213,3004,wechat,success,01/18/2025
PAY-8020,ORD-3654,1332,card,success,17-04-2024
PAY-8021,ORD-13961,2998,COD,pending,01/09/2024
PAY-8022,ORD-8168,6961,card,pending,2025-01-10
PAY-8023,ORD-11508,17 251,COD,pending,2025-06-24
PAY-8024,ORD-8675,$290.00,alipay,SUCCESS,04/18/2024
PAY-8025,ORD-8718,"$18,114.00",card,pending,25-11-2024
PAY-8026,ORD-2617,8917,wechat,success,2025-02-05
PAY-8027,ORD-4996,3173,wechat,success,2025-01-27
PAY-8028,ORD-10196,8656,alipay,SUCCESS,06/11/2024
PAY-8029,ORD-10878,14628,card,pending,2026-08-20
PAY-8030,ORD-3567,15009,card,pending,09/07/2025
PAY-8031,ORD-4899,3235,COD,pending,2026-08-18
PAY-8032,ORD-11966,4 475,COD,pending,2026-10-14
PAY-8033,ORD-4028,18433,alipay,SUCCESS,2026-04-05
PAY-8034,ORD-8044,18996,alipay,success,2025-01-01
PAY-8035,ORD-8004,"$15,295.00",alipay,SUCCESS,04/01/2025
PAY-8036,ORD-7098,"11 199,00",COD,success,10-02-2026
PAY-8037,ORD-13090,18087,card,SUCCESS,2026-10-23
PAY-8038,ORD-3455,4 118,card,SUCCESS,02/05/2024
PAY-8039,ORD-6896,7 066,COD,failed,09-05-2025
PAY-8040,ORD-13756,5 183,card,success,2025-03-06
PAY-8041,ORD-1014,"$13,665.00",alipay,success,2025-04-08
PAY-8042,ORD-12070,"$2,067.00",wechat,success,03/01/2026
PAY-8043,ORD-3253,19138,alipay,SUCCESS,09/12/2025
PAY-8044,ORD-13217,"$7,544.00",COD,success,2025-08-11
PAY-8045,ORD-885,15 786,wechat,pending,26-12-2026
PAY-8046,ORD-4900,10020,card,success,2026-02-16
PAY-8047,ORD-565,8632,card,success,2025-12-08
PAY-8048,ORD-2393,"12 749,00",COD,success,23-11-2025
PAY-8049,ORD-2780,11918,alipay,SUCCESS,06/08/2024
PAY-8050,ORD-4569,157,wechat,pending,08/14/2024
PAY-8051,ORD-10069,"203,00",wechat,success,26-03-2025
PAY-8052,ORD-7678,"$2,998.00",wechat,success,2026-07-15
PAY-8053,ORD-14573,16981,card,pending,08/19/2024
PAY-8054,ORD-5445,7623,wechat,pending,2025-10-06
PAY-8055,ORD-309,"$18,866.00",card,pending,2025-05-14
PAY-8056,ORD-11858,"13 670,00",wechat,SUCCESS,11-11-2026
PAY-8057,ORD-6026,11562,alipay,SUCCESS,09-06-2026
PAY-8058,ORD-9583,"$11,280.00",alipay,success,07/12/2024
PAY-8059,ORD-3105,16020,COD,success,07/25/2026
PAY-8060,ORD-5060,4816,alipay,SUCCESS,2024-07-04
PAY-8061,ORD-5436,17 529,alipay,SUCCESS,05/18/2026
PAY-8062,ORD-6313,"17 143,00",COD,pending,22-08-2025
PAY-8063,ORD-10803,13210,COD,failed,06/19/2024
PAY-8064,ORD-9655,4688,wechat,failed,2026-10-15
PAY-8065,ORD-10207,6807,alipay,SUCCESS,22-06-2024
PAY-8066,ORD-12252,"$16,608.00",card,success,2025-02-19
PAY-8067,ORD-4337,4139,alipay,success,10/23/2024
PAY-8068,ORD-9721,9254,card,SUCCESS,2024-01-01
PAY-8069,ORD-8810,$193.00,alipay,success,2024-05-01
PAY-8070,ORD-4652,5941,alipay,pending,2024-11-13
PAY-8071,ORD-2880,"12 557,00",alipay,success,2026-06-07
PAY-8072,ORD-4622,11 061,alipay,failed,2025-01-15
PAY-8073,ORD-14876,7 598,alipay,pending,2025-10-16
PAY-8074,ORD-7632,14296,COD,success,2025-03-12
PAY-8075,ORD-2879,"820,00",wechat,SUCCESS,09/23/2026
PAY-8076,ORD-13731,1933,COD,SUCCESS,2025-09-12
PAY-8077,ORD-11934,8164,card,success,05/15/2025
PAY-8078,ORD-488,11092,alipay,success,2026-10-07
PAY-8079,ORD-7714,"13 691,00",card,pending,01-07-2026
PAY-8080,ORD-6214,"$7,993.00",card,success,2026-01-28
PAY-8081,ORD-10544,507,wechat,success,2026-07-23
PAY-8082,ORD-6214,6282,card,pending,07/06/2026
PAY-8083,ORD-4609,$686.00,alipay,SUCCESS,2024-04-23
PAY-8084,ORD-9414,"$4,181.00",wechat,success,2024-05-16
PAY-8085,ORD-7803,"$19,483.00",wechat,success,10/02/2024
PAY-8086,ORD-11455,15160,wechat,success,2025-11-21
PAY-8087,ORD-8938,416,COD,SUCCESS,2026-01-08
PAY-8088,ORD-2973,6 240,wechat,failed,2024-11-25
PAY-8089,ORD-5028,7532,wechat,SUCCESS,05-03-2026
PAY-8090,ORD-12649,"301,00",alipay,SUCCESS,2026-07-20
PAY-8091,ORD-11045,"$16,033.00",wechat,SUCCESS,2025-12-17
PAY-8092,ORD-3168,13 927,COD,SUCCESS,2024-12-09
PAY-8093,ORD-3138,13478,COD,success,2026-02-22
PAY-8094,ORD-9237,13 474,COD,SUCCESS,05/17/2026
PAY-8095,ORD-2041,14 503,COD,success,2026-06-25
PAY-8096,ORD-7274,2720,wechat,success,2025-08-08
PAY-8097,ORD-12913,"$14,717.00",card,success,02/02/2025
PAY-8098,ORD-5553,18964,card,pending,2026-05-06
PAY-8099,ORD-6796,"10 661,00",wechat,pending,20-08-2026
PAY-8100,ORD-824,$719.00,alipay,pending,03/14/2026
PAY-8101,ORD-3861,"$16,831.00",COD,pending,2025-12-14
PAY-8102,ORD-8888,1094,wechat,success,10-10-2024
PAY-8103,ORD-93,"$12,405.00",card,SUCCESS,17-01-2024
PAY-8104,ORD-14452,4822,wechat,SUCCESS,13-08-2026
PAY-8105,ORD-9697,"$16,655.00",wechat,success,2026-05-19
PAY-8106,ORD-1775,16 477,wechat,pending,07-04-2025
PAY-8107,ORD-6677,"$16,684.00",COD,success,2024-07-09
PAY-8108,ORD-10052,"$3,217.00",alipay,pending,2025-06-22
PAY-8109,ORD-6935,"$3,235.00",wechat,success,04/14/2026
PAY-8110,ORD-8369,3702,wechat,failed,2025-11-15
PAY-8111,ORD-12277,2697,alipay,SUCCESS,2024-05-16
PAY-8112,ORD-11698,7 114,card,SUCCESS,2026-03-14
PAY-8113,ORD-11449,15 406,COD,SUCCESS,2025-04-11
PAY-8114,ORD-2538,14048,COD,pending,2025-10-09
PAY-8115,ORD-5660,3049,card,pending,2026-04-06
PAY-8116,ORD-14932,"$4,515.00",card,success,2026-11-25
PAY-8117,ORD-2357,"$8,878.00",COD,success,2025-07-09
PAY-8118,ORD-3486,18898,COD,success,2025-04-24
PAY-8119,ORD-2418,"$3,460.00",COD,success,02/04/2026
PAY-8120,ORD-10527,13784,alipay,pending,07/15/2025
PAY-8121,ORD-6073,11534,wechat,success,18-09-2026
PAY-8122,ORD-6539,9428,COD,success,2024-06-13
PAY-8123,ORD-6903,16 885,COD,success,2024-02-25
PAY-8124,ORD-8177,13089,COD,success,2026-07-27
PAY-8125,ORD-3010,"$8,054.00",wechat,SUCCESS,12/11/2026
PAY-8126,ORD-4771,"$9,488.00",card,pending,01-09-2026
PAY-8127,ORD-7710,10955,alipay,SUCCESS,07/11/2025
PAY-8128,ORD-11458,4962,card,pending,10/23/2024
PAY-8129,ORD-5448,4 864,alipay,SUCCESS,09/17/2024
PAY-8130,ORD-3064,5916,alipay,SUCCESS,08/26/2026
PAY-8131,ORD-952,7662,COD,pending,09/08/2024
PAY-8132,ORD-12801,5480,COD,SUCCESS,2024-11-10
PAY-8133,ORD-11353,4655,wechat,SUCCESS,2025-12-27
PAY-8134,ORD-11338,4772,wechat,success,2024-06-07
PAY-8135,ORD-14479,"$15,631.00",COD,failed,2024-02-28
PAY-8136,ORD-13661,6 357,COD,pending,2026-12-23
PAY-8137,ORD-317,7 295,alipay,SUCCESS,2024-06-22
PAY-8138,ORD-12979,4289,COD,SUCCESS,06/23/2024
PAY-8139,ORD-14697,"3 629,00",card,SUCCESS,2026-02-21
PAY-8140,ORD-5728,5251,card,SUCCESS,2024-09-25
PAY-8141,ORD-3651,19695,COD,success,13-03-2026
PAY-8142,ORD-2365,"$3,776.00",card,success,2026-10-08
PAY-8143,ORD-5063,"$9,419.00",wechat,success,2024-01-03
PAY-8144,ORD-8749,"12 585,00",card,pending,2025-09-19
PAY-8145,ORD-628,7565,COD,pending,2025-03-10
PAY-8146,ORD-4392,"$14,537.00",wechat,pending,2024-07-05
PAY-8147,ORD-5530,131,COD,success,2024-05-24
PAY-8148,ORD-7688,14939,wechat,SUCCESS,11/11/2025
PAY-8149,ORD-5498,"$16,391.00",COD,SUCCESS,2025-02-11
PAY-8150,ORD-10281,19550,card,SUCCESS,22-09-2026
PAY-8151,ORD-156,"$3,294.00",alipay,pending,2026-05-17
PAY-8152,ORD-9458,"$2,476.00",wechat,SUCCESS,08/27/2024
PAY-8153,ORD-2043,3349,COD,SUCCESS,2025-05-13
PAY-8154,ORD-4059,11414,alipay,pending,05/04/2025
PAY-8155,ORD-5105,11391,alipay,success,2024-11-24
PAY-8156,ORD-1966,11 188,card,failed,09/05/2024
PAY-8157,ORD-9667,19675,alipay,SUCCESS,2025-05-12
PAY-8158,ORD-8923,826,wechat,success,13-12-2025
PAY-8159,ORD-14847,"$14,282.00",alipay,SUCCESS,12/16/2025
PAY-8160,ORD-6849,74,COD,failed,07/09/2026
PAY-8161,ORD-4907,1253,card,failed,2024-02-25
PAY-8162,ORD-7616,11 358,alipay,success,2025-06-14
PAY-8163,ORD-14246,17886,COD,pending,2024-12-01
PAY-8164,ORD-3521,10101,COD,SUCCESS,07/03/2026
PAY-8165,ORD-13243,4741,COD,success,07/18/2025
PAY-8166,ORD-7015,"$6,583.00",COD,success,2025-05-18
PAY-8167,ORD-5355,"$2,563.00",wechat,success,2026-10-08
PAY-8168,ORD-9487,"$13,569.00",COD,success,2026-02-13
PAY-8169,ORD-10268,"$6,486.00",COD,failed,2024-04-27
PAY-8170,ORD-6451,8613,wechat,pending,2024-08-02
PAY-8171,ORD-12103,11594,alipay,SUCCESS,2025-03-07
PAY-8172,ORD-2094,18303,alipay,SUCCESS,2024-03-18
PAY-8173,ORD-1857,7 105,alipay,SUCCESS,08/12/2024
PAY-8174,ORD-14131,14486,card,pending,2024-02-20
PAY-8175,ORD-3315,18192,COD,pending,2024-08-04
PAY-8176,ORD-12962,"$15,280.00",wechat,pending,23-02-2024
PAY-8177,ORD-6258,646,wechat,success,2025-01-05
PAY-8178,ORD-4941,6530,alipay,success,11/28/2025
PAY-8179,ORD-9207,11371,wechat,pending,06/13/2025
PAY-8180,ORD-4096,3399,COD,failed,2025-06-09
PAY-8181,ORD-8429,8732,COD,pending,2024-06-05
PAY-8182,ORD-14707,16273,wechat,success,21-07-2025
PAY-8183,ORD-2063,10566,card,success,2025-03-23
PAY-8184,ORD-6133,9612,card,pending,2024-06-23
PAY-8185,ORD-5605,"$9,245.00",wechat,SUCCESS,2024-04-27
PAY-8186,ORD-8850,15820,alipay,SUCCESS,2025-01-08
PAY-8187,ORD-6543,9861,COD,SUCCESS,2025-08-13
PAY-8188,ORD-9299,"$11,883.00",wechat,pending,2026-02-15
PAY-8189,ORD-8884,5508,alipay,pending,12/28/2026
PAY-8190,ORD-13958,1884,alipay,success,2025-09-07
PAY-8191,ORD-8805,"$10,156.00",card,failed,2026-07-19
PAY-8192,ORD-6210,15293,card,success,02/15/2024
PAY-8193,ORD-7401,7433,wechat,pending,2026-10-06
PAY-8194,ORD-9843,8613,wechat,SUCCESS,2025-06-14
PAY-8195,ORD-3954,16625,card,pending,12-11-2024
PAY-8196,ORD-7590,6424,COD,SUCCESS,23-08-2025
PAY-8197,ORD-12572,"$3,836.00",card,failed,11/12/2026
PAY-8198,ORD-2413,"$17,412.00",alipay,success,2025-12-02
PAY-8199,ORD-3737,19017,wechat,success,2025-05-19
PAY-8200,ORD-4339,"19 958,00",COD,pending,2024-12-21
PAY-8201,ORD-12465,3949,card,pending,11/25/2026
PAY-8202,ORD-14776,8092,wechat,pending,07/17/2024
PAY-8203,ORD-1911,5939,wechat,pending,2025-08-19
PAY-8204,ORD-2255,1690,alipay,SUCCESS,04-10-2024
PAY-8205,ORD-2380,15956,card,SUCCESS,09-01-2025
PAY-8206,ORD-3353,11 057,COD,success,12/28/2025
PAY-8207,ORD-9031,"$4,596.00",alipay,pending,2024-01-07
PAY-8208,ORD-13668,"$19,407.00",card,success,05/20/2024
PAY-8209,ORD-5611,19370,wechat,SUCCESS,2024-10-07
PAY-8210,ORD-8901,8367,card,SUCCESS,02/01/2024
PAY-8211,ORD-1459,3105,COD,pending,2025-06-06
PAY-8212,ORD-1173,3632,COD,success,06-07-2026
PAY-8213,ORD-11021,7727,wechat,pending,13-02-2024
PAY-8214,ORD-392,"$11,538.00",wechat,pending,2026-08-16
PAY-8215,ORD-639,"$8,396.00",card,success,2025-12-15
PAY-8216,ORD-14500,18 266,COD,success,2026-09-15
PAY-8217,ORD-130,17546,wechat,pending,2025-03-07
PAY-8218,ORD-10708,"$7,985.00",alipay,SUCCESS,20-09-2025
PAY-8219,ORD-8991,"$8,606.00",wechat,pending,02/27/2024
PAY-8220,ORD-14042,15 694,card,pending,2024-06-12
PAY-8221,ORD-14102,9326,card,pending,2026-05-26
PAY-8222,ORD-12107,4 678,card,pending,2024-09-27
PAY-8223,ORD-1573,12838,alipay,success,2026-10-16
PAY-8224,ORD-10079,"15 251,00",alipay,pending,10-12-2024
PAY-8225,ORD-3535,"$15,967.00",COD,failed,2025-07-06
PAY-8226,ORD-9572,4590,COD,success,2025-11-11
PAY-8227,ORD-3483,"9 047,00",COD,success,26-01-2024
PAY-8228,ORD-1830,"$14,334.00",COD,success,06/25/2026
PAY-8229,ORD-678,16865,alipay,success,02/10/2025
PAY-8230,ORD-10136,11856,COD,success,06/06/2026
PAY-8231,ORD-14015,17624,card,SUCCESS,2026-08-20
PAY-8232,ORD-9141,16996,alipay,SUCCESS,2026-12-13
PAY-8233,ORD-9758,"4 958,00",COD,success,2025-05-18
PAY-8234,ORD-7913,1738,alipay,success,01/28/2024
PAY-8235,ORD-13414,"$6,943.00",wechat,success,02/08/2026
PAY-8236,ORD-4118,15 543,card,pending,09-04-2024
PAY-8237,ORD-9289,"9 816,00",alipay,success,20-01-2025
PAY-8238,ORD-11818,12169,COD,pending,10/26/2025
PAY-8239,ORD-1164,"$9,281.00",card,pending,2026-04-04
PAY-8240,ORD-1455,"11 281,00",alipay,SUCCESS,28-04-2024
PAY-8241,ORD-6419,"3 290,00",COD,pending,28-05-2026
PAY-8242,ORD-7766,4726,card,success,01/08/2026
PAY-8243,ORD-4022,19807,alipay,pending,09/01/2024
PAY-8244,ORD-1920,"$11,041.00",alipay,pending,03/04/2024
PAY-8245,ORD-4403,7150,COD,SUCCESS,2025-04-16
PAY-8246,ORD-3925,"$4,144.00",wechat,success,03/05/2025
PAY-8247,ORD-14664,15118,wechat,success,15-11-2026
PAY-8248,ORD-13658,5913,card,success,11/22/2025
PAY-8249,ORD-7565,$279.00,wechat,SUCCESS,2026-06-09
PAY-8250,ORD-9028,"$4,260.00",COD,success,2025-10-26
PAY-8251,ORD-14812,12634,wechat,SUCCESS,01/08/2025
PAY-8252,ORD-9118,"6 082,00",card,success,2024-07-08
PAY-8253,ORD-6181,13 712,alipay,SUCCESS,2024-09-16
PAY-8254,ORD-7878,"$18,083.00",wechat,SUCCESS,2025-07-16
PAY-8255,ORD-13903,5 908,wechat,success,2025-01-17
PAY-8256,ORD-11837,11953,wechat,pending,02/14/2024
PAY-8257,ORD-9281,8111,COD,pending,07-10-2026
PAY-8258,ORD-14778,19 109,card,success,2026-02-10
PAY-8259,ORD-7613,11560,wechat,SUCCESS,10/02/2026
PAY-8260,ORD-7290,"$13,244.00",alipay,pending,06/05/2026
PAY-8261,ORD-9549,17948,alipay,failed,10/18/2026
PAY-8262,ORD-590,"15 526,00",wechat,SUCCESS,07/19/2026
PAY-8263,ORD-2524,"$12,771.00",alipay,SUCCESS,2026-05-19
PAY-8264,ORD-14351,"$8,841.00",card,SUCCESS,2025-03-21
PAY-8265,ORD-7970,15539,card,success,2024-06-18
PAY-8266,ORD-11245,"$11,950.00",card,SUCCESS,24-09-2026
PAY-8267,ORD-9940,9 375,COD,success,2025-06-18
PAY-8268,ORD-13425,18786,card,success,2024-05-20
PAY-8269,ORD-2534,$432.00,wechat,success,01/16/2025
PAY-8270,ORD-2184,"$12,498.00",alipay,success,06/27/2025
PAY-8271,ORD-8013,"18 930,00",alipay,pending,2024-01-05
PAY-8272,ORD-7491,16941,wechat,pending,2026-06-11
PAY-8273,ORD-3696,11549,card,success,11/09/2025
PAY-8274,ORD-9287,2639,alipay,SUCCESS,2025-01-12
PAY-8275,ORD-11711,3492,card,pending,01/19/2025
PAY-8276,ORD-10662,"$2,165.00",card,success,2026-03-10
PAY-8277,ORD-6694,13 035,COD,SUCCESS,2025-01-18
PAY-8278,ORD-6779,"$16,304.00",card,SUCCESS,2024-07-03
PAY-8279,ORD-8091,8763,COD,SUCCESS,22-02-2024
PAY-8280,ORD-11902,19 127,alipay,success,2024-01-13
PAY-8281,ORD-6360,15455,card,SUCCESS,2026-12-27
PAY-8282,ORD-14765,"14 161,00",COD,SUCCESS,05/27/2026
PAY-8283,ORD-10078,2228,card,pending,2026-05-06
PAY-8284,ORD-12084,"$15,819.00",card,pending,2026-04-05
PAY-8285,ORD-10995,"1 024,00",alipay,SUCCESS,2024-12-28
PAY-8286,ORD-14028,2123,alipay,pending,12/04/2025
PAY-8287,ORD-1443,"15 576,00",alipay,success,2024-09-02
PAY-8288,ORD-9695,"$4,115.00",alipay,pending,11/14/2026
PAY-8289,ORD-11472,5342,alipay,success,2026-11-11
PAY-8290,ORD-2515,15 495,wechat,failed,2025-01-04
PAY-8291,ORD-10348,"12 089,00",COD,pending,2026-10-16
PAY-8292,ORD-3081,1723,alipay,success,2024-08-22
PAY-8293,ORD-9446,12351,COD,SUCCESS,2024-08-03
PAY-8294,ORD-4797,18 237,alipay,pending,01-03-2025
PAY-8295,ORD-8011,"$16,384.00",alipay,SUCCESS,2026-12-09
PAY-8296,ORD-13573,"2 893,00",wechat,SUCCESS,03/03/2025
PAY-8297,ORD-9738,"$6,620.00",card,SUCCESS,2024-12-01
PAY-8298,ORD-14990,12604,card,pending,2026-12-06
PAY-8299,ORD-2002,17456,wechat,pending,13-01-2025
PAY-8300,ORD-8848,14997,wechat,success,2026-03-27
PAY-8301,ORD-9097,"$8,186.00",COD,pending,01/16/2024
PAY-8302,ORD-4915,19849,card,SUCCESS,2024-03-17
PAY-8303,ORD-1716,12688,card,SUCCESS,16-02-2024
PAY-8304,ORD-640,"$16,443.00",alipay,pending,04/10/2026
PAY-8305,ORD-10744,"$3,690.00",wechat,success,2026-12-28
PAY-8306,ORD-5881,"$11,276.00",card,SUCCESS,2024-10-17
PAY-8307,ORD-9202,2116,alipay,success,05/11/2025
PAY-8308,ORD-10154,10706,alipay,failed,05-06-2025
PAY-8309,ORD-11868,9764,wechat,success,2025-08-13
PAY-8310,ORD-2968,3296,wechat,SUCCESS,2026-07-24
PAY-8311,ORD-6107,1085,alipay,success,10/11/2026
PAY-8312,ORD-4888,5106,COD,pending,2026-12-10
PAY-8313,ORD-4936,12115,COD,pending,09/05/2025
PAY-8314,ORD-9186,11697,wechat,pending,2026-10-24
PAY-8315,ORD-258,"$11,579.00",wechat,pending,2024-12-06
PAY-8316,ORD-8072,"15 051,00",wechat,failed,09/22/2026
PAY-8317,ORD-11371,540,wechat,SUCCESS,2026-08-22
PAY-8318,ORD-12563,6952,alipay,pending,10/10/2026
PAY-8319,ORD-2569,9138,alipay,failed,13-02-2025
PAY-8320,ORD-11067,"15 167,00",alipay,pending,09-07-2024
PAY-8321,ORD-13016,"$2,297.00",COD,pending,2026-11-14
PAY-8322,ORD-10230,19196,card,pending,05-04-2026
PAY-8323,ORD-1834,2325,COD,pending,10/06/2026
PAY-8324,ORD-83,"$10,692.00",alipay,pending,2026-05-01
PAY-8325,ORD-11157,15478,card,SUCCESS,01/07/2025
PAY-8326,ORD-6164,"$5,676.00",wechat,SUCCESS,2024-09-03
PAY-8327,ORD-11411,13 666,wechat,SUCCESS,02/14/2026
PAY-8328,ORD-7006,7 703,card,SUCCESS,2025-12-04
PAY-8329,ORD-6814,"18 109,00",alipay,pending,2025-08-22
PAY-8330,ORD-5094,11636,alipay,success,2025-07-11
PAY-8331,ORD-4383,"$2,266.00",wechat,success,2025-12-04
PAY-8332,ORD-8405,13 544,COD,SUCCESS,04/22/2025
PAY-8333,ORD-11578,14930,card,SUCCESS,2024-08-05
PAY-8334,ORD-6722,4 670,card,SUCCESS,2024-01-04
PAY-8335,ORD-10608,10002,alipay,pending,16-06-2024
PAY-8336,ORD-520,19644,COD,failed,2026-12-22
PAY-8337,ORD-3382,6761,wechat,success,12/12/2026
PAY-8338,ORD-10694,"$8,659.00",card,SUCCESS,2024-03-22
PAY-8339,ORD-11997,18113,wechat,pending,2026-07-28
PAY-8340,ORD-7770,"$13,163.00",COD,pending,04/27/2026
PAY-8341,ORD-8085,303,alipay,success,02/21/2025
PAY-8342,ORD-7112,5478,card,pending,2024-02-28
PAY-8343,ORD-8172,10018,wechat,pending,2024-08-07
PAY-8344,ORD-13115,5143,COD,pending,02-12-2026
PAY-8345,ORD-13326,"$7,895.00",wechat,success,2025-04-27
PAY-8346,ORD-5694,18028,alipay,pending,06/19/2024
PAY-8347,ORD-13514,9998,alipay,SUCCESS,07/07/2026
PAY-8348,ORD-4573,5811,alipay,failed,2024-04-19
PAY-8349,ORD-14636,7035,card,pending,23-02-2024
PAY-8350,ORD-11362,"$13,465.00",card,SUCCESS,2026-11-25
PAY-8351,ORD-8111,"$8,984.00",COD,SUCCESS,2026-11-13
PAY-8352,ORD-11441,18634,card,success,2025-10-15
PAY-8353,ORD-1161,6885,COD,SUCCESS,2026-04-19
PAY-8354,ORD-10062,6421,wechat,SUCCESS,06/07/2026
PAY-8355,ORD-13337,17597,card,SUCCESS,19-12-2025
PAY-8356,ORD-8694,"$2,640.00",COD,pending,2025-03-10
PAY-8357,ORD-13641,4135,card,pending,2025-07-27
PAY-8358,ORD-2357,9359,alipay,pending,21-05-2024
PAY-8359,ORD-11668,12814,COD,success,2026-02-07
PAY-8360,ORD-1205,"$15,896.00",alipay,failed,2024-09-06
PAY-8361,ORD-2197,931,card,SUCCESS,01/27/2025
PAY-8362,ORD-10578,15894,alipay,SUCCESS,08-12-2025
PAY-8363,ORD-420,5649,COD,SUCCESS,2026-06-25
PAY-8364,ORD-2875,6848,COD,success,02/18/2026
PAY-8365,ORD-3550,889,wechat,success,11/05/2026
PAY-8366,ORD-11862,12226,wechat,failed,2024-05-02
PAY-8367,ORD-1401,"18 979,00",alipay,pending,08-05-2024
PAY-8368,ORD-2063,"13 562,00",wechat,pending,07/09/2024
PAY-8369,ORD-9648,"$11,561.00",card,SUCCESS,2024-04-21
PAY-8370,ORD-8103,2 582,card,pending,2024-04-17
PAY-8371,ORD-7834,3348,card,SUCCESS,10/20/2026
PAY-8372,ORD-8558,7 977,COD,pending,2025-09-09
PAY-8373,ORD-3116,16 347,COD,SUCCESS,2025-08-16
PAY-8374,ORD-25,16361,COD,success,2025-08-13
PAY-8375,ORD-12249,"15 346,00",card,SUCCESS,09-07-2024
PAY-8376,ORD-2498,"5 686,00",COD,SUCCESS,03-02-2024
PAY-8377,ORD-14057,"12 996,00",alipay,success,2025-05-06
PAY-8378,ORD-7382,2984,card,success,2025-09-25
PAY-8379,ORD-5903,502,wechat,pending,01/17/2024
PAY-8380,ORD-2888,"$13,507.00",COD,SUCCESS,2024-07-24
PAY-8381,ORD-8666,"$2,639.00",COD,pending,12/08/2026
PAY-8382,ORD-9452,18062,wechat,success,2025-12-27
PAY-8383,ORD-12880,"$3,321.00",wechat,pending,20-11-2025
PAY-8384,ORD-9784,$570.00,wechat,success,2026-08-15
PAY-8385,ORD-12339,"$18,059.00",alipay,success,08/28/2026
PAY-8386,ORD-10810,"17 964,00",card,SUCCESS,07/20/2025
PAY-8387,ORD-2490,2 806,card,success,2026-01-26
PAY-8388,ORD-5582,957,card,success,21-04-2024
PAY-8389,ORD-12617,4116,COD,SUCCESS,2024-07-26
PAY-8390,ORD-13318,"$7,012.00",wechat,pending,2025-06-07
PAY-8391,ORD-5970,13719,COD,SUCCESS,2025-01-15
PAY-8392,ORD-14289,"$5,484.00",COD,pending,27-12-2026
PAY-8393,ORD-7023,"17 662,00",alipay,pending,07/24/2026
PAY-8394,ORD-12029,"$15,344.00",COD,success,2025-06-03
PAY-8395,ORD-6383,"17 365,00",card,SUCCESS,06/09/2026
PAY-8396,ORD-651,14 700,COD,pending,23-02-2026
PAY-8397,ORD-4465,10801,card,success,11/22/2026
PAY-8398,ORD-9220,2015,COD,success,02/15/2024
PAY-8399,ORD-6553,4241,alipay,failed,2024-07-23
PAY-8400,ORD-10960,8131,card,pending,2025-06-28
PAY-8401,ORD-10735,"$3,548.00",card,success,2025-06-13
PAY-8402,ORD-1767,"$1,564.00",alipay,success,02-12-2026
PAY-8403,ORD-4850,"$7,841.00",COD,success,2024-08-14
PAY-8404,ORD-3518,"$9,976.00",card,pending,2025-09-15
PAY-8405,ORD-12112,19463,COD,pending,2024-10-25
PAY-8406,ORD-3719,"$14,878.00",alipay,pending,25-11-2026
PAY-8407,ORD-11219,"$8,248.00",wechat,SUCCESS,2026-02-22
PAY-8408,ORD-13102,13 536,alipay,SUCCESS,2025-09-17
PAY-8409,ORD-1924,5089,COD,pending,2026-09-05
PAY-8410,ORD-1719,3382,card,pending,06/14/2024
PAY-8411,ORD-11122,2 613,COD,success,2024-01-06
PAY-8412,ORD-12940,"$17,377.00",COD,SUCCESS,2026-05-21
PAY-8413,ORD-13225,"$14,974.00",card,failed,08/28/2024
PAY-8414,ORD-3686,8 170,card,pending,06-10-2024
PAY-8415,ORD-6659,"19 057,00",COD,success,03/01/2025
PAY-8416,ORD-6171,19 009,wechat,pending,2026-12-25
PAY-8417,ORD-2206,$535.00,wechat,pending,2025-11-16
PAY-8418,ORD-263,"$12,461.00",alipay,pending,07/07/2025
PAY-8419,ORD-7699,4527,wechat,success,2026-11-18
PAY-8420,ORD-2522,2537,COD,SUCCESS,2025-10-15
PAY-8421,ORD-10609,"8 700,00",wechat,pending,12/27/2024
PAY-8422,ORD-13062,"$17,081.00",wechat,SUCCESS,2026-03-23
PAY-8423,ORD-5388,2948,wechat,pending,01/09/2025
PAY-8424,ORD-14506,9 429,alipay,pending,23-06-2026
PAY-8425,ORD-10167,14475,card,success,2026-02-09
PAY-8426,ORD-882,7063,COD,success,2026-08-16
PAY-8427,ORD-985,"$6,249.00",card,pending,2024-08-23
PAY-8428,ORD-14396,15661,alipay,pending,2025-06-24
PAY-8429,ORD-13155,"$13,456.00",card,success,09/21/2026
PAY-8430,ORD-1793,11324,wechat,success,06/19/2025
PAY-8431,ORD-1496,"$14,853.00",wechat,SUCCESS,03/11/2026
PAY-8432,ORD-12064,2260,wechat,failed,2024-12-06
PAY-8433,ORD-10088,15424,COD,success,2024-09-12
PAY-8434,ORD-6320,"$11,564.00",wechat,success,02-09-2026
PAY-8435,ORD-1331,4 062,wechat,SUCCESS,06/21/2026
PAY-8436,ORD-13843,"$12,857.00",wechat,pending,07/07/2026
PAY-8437,ORD-11781,11108,alipay,pending,04/26/2025
PAY-8438,ORD-1804,10859,alipay,success,2025-06-02
PAY-8439,ORD-1853,"$17,303.00",COD,success,10/11/2026
PAY-8440,ORD-9875,2358,wechat,pending,2024-07-15
PAY-8441,ORD-5101,"$15,514.00",wechat,success,19-04-2024
PAY-8442,ORD-9696,14990,COD,SUCCESS,14-03-2025
PAY-8443,ORD-5072,11097,card,pending,2026-03-01
PAY-8444,ORD-9581,15287,card,pending,06/02/2024
PAY-8445,ORD-2512,13 118,COD,success,2026-12-25
PAY-8446,ORD-10174,12 395,card,SUCCESS,2025-07-03
PAY-8447,ORD-5383,6914,alipay,success,09/23/2026
PAY-8448,ORD-7559,18730,COD,pending,2025-01-24
PAY-8449,ORD-5543,"$14,287.00",alipay,pending,2025-12-11
PAY-8450,ORD-5364,17008,alipay,success,2026-06-22
PAY-8451,ORD-7590,12946,COD,pending,2025-01-23
PAY-8452,ORD-6745,"$18,291.00",alipay,success,2026-01-06
PAY-8453,ORD-7626,"$1,106.00",COD,SUCCESS,2025-01-28
PAY-8454,ORD-11216,"8 272,00",card,pending,11/14/2025
PAY-8455,ORD-9942,3471,wechat,success,2024-05-06
PAY-8456,ORD-3359,$613.00,card,success,2025-07-07
PAY-8457,ORD-2547,"$16,518.00",alipay,success,01-09-2025
PAY-8458,ORD-1661,"$1,050.00",card,SUCCESS,2025-05-06
PAY-8459,ORD-735,"$8,017.00",wechat,pending,2025-05-20
PAY-8460,ORD-8496,"$3,063.00",card,SUCCESS,2024-06-18
PAY-8461,ORD-4920,19316,card,success,03/15/2024
PAY-8462,ORD-5476,5802,alipay,pending,01/06/2025
PAY-8463,ORD-8862,4871,card,SUCCESS,2025-11-25
PAY-8464,ORD-8592,691,alipay,success,08/19/2025
PAY-8465,ORD-7620,1979,COD,pending,2026-10-08
PAY-8466,ORD-1180,778,card,pending,06/27/2025
PAY-8467,ORD-6947,3902,wechat,failed,08/09/2025
PAY-8468,ORD-5783,18650,card,success,10/05/2025
PAY-8469,ORD-6621,"$8,001.00",alipay,success,11-06-2025
PAY-8470,ORD-14590,"14 854,00",COD,SUCCESS,2025-08-01
PAY-8471,ORD-5264,"17 235,00",alipay,SUCCESS,2024-05-10
PAY-8472,ORD-11487,10 468,COD,SUCCESS,02-05-2024
PAY-8473,ORD-4787,19807,wechat,success,2024-03-14
PAY-8474,ORD-5119,5937,alipay,failed,2025-05-27
PAY-8475,ORD-5644,"9 182,00",alipay,success,05/02/2025
PAY-8476,ORD-8295,$255.00,wechat,SUCCESS,2024-08-01
PAY-8477,ORD-2939,15003,wechat,SUCCESS,2024-06-04
PAY-8478,ORD-3802,9043,alipay,pending,01-10-2025
PAY-8479,ORD-11338,6664,wechat,success,16-02-2024
PAY-8480,ORD-13678,"19 472,00",wechat,failed,2026-12-04
PAY-8481,ORD-6308,"$17,424.00",card,failed,10-03-2024
PAY-8482,ORD-13995,761,COD,success,2026-03-27
PAY-8483,ORD-3202,"17 762,00",wechat,success,2024-04-04
PAY-8484,ORD-11907,"$15,746.00",wechat,success,03/23/2025
PAY-8485,ORD-5311,3 115,wechat,SUCCESS,2026-06-23
PAY-8486,ORD-1153,6484,alipay,success,2025-02-17
PAY-8487,ORD-721,"$9,598.00",COD,success,22-12-2024
PAY-8488,ORD-10454,19789,wechat,success,2025-01-01
PAY-8489,ORD-2401,"$1,825.00",alipay,SUCCESS,03/08/2025
PAY-8490,ORD-3549,12 675,wechat,pending,06/23/2025
PAY-8491,ORD-1623,14 962,COD,pending,2024-04-13
PAY-8492,ORD-7832,17034,COD,SUCCESS,2024-03-24
PAY-8493,ORD-10388,16275,alipay,success,2024-09-25
PAY-8494,ORD-6590,10642,alipay,SUCCESS,2024-11-02
PAY-8495,ORD-7868,6677,card,SUCCESS,2024-07-28
PAY-8496,ORD-12882,1579,card,success,13-10-2026
PAY-8497,ORD-14845,17098,alipay,failed,2026-11-12
PAY-8498,ORD-13029,7021,COD,failed,2025-01-28
PAY-8499,ORD-4178,"$5,900.00",wechat,success,2024-05-10
PAY-8500,ORD-10067,718,card,failed,24-10-2025
PAY-8501,ORD-4252,17814,wechat,failed,2026-06-20
PAY-8502,ORD-6079,"8 232,00",COD,SUCCESS,2026-01-11
PAY-8503,ORD-14112,15403,alipay,success,21-09-2024
PAY-8504,ORD-243,3 278,COD,success,16-02-2025
PAY-8505,ORD-13962,561,card,SUCCESS,01-10-2026
PAY-8506,ORD-1705,11109,wechat,SUCCESS,2025-08-21
PAY-8507,ORD-8711,"11 604,00",card,pending,09-08-2025
PAY-8508,ORD-13012,$226.00,alipay,failed,2024-11-08
PAY-8509,ORD-12890,4360,COD,success,08/23/2025
PAY-8510,ORD-105,10 558,card,SUCCESS,2024-06-22
PAY-8511,ORD-8955,"$13,063.00",alipay,success,06/20/2025
PAY-8512,ORD-11706,16533,alipay,success,07/04/2024
PAY-8513,ORD-7806,"$4,748.00",card,SUCCESS,2026-08-23
PAY-8514,ORD-13219,2 375,alipay,SUCCESS,2025-04-15
PAY-8515,ORD-8771,"$9,657.00",COD,pending,2025-07-14
PAY-8516,ORD-3902,"17 517,00",COD,pending,2026-11-13
PAY-8517,ORD-12948,2122,COD,pending,2025-02-18
PAY-8518,ORD-7153,"$10,383.00",alipay,success,2025-07-14
PAY-8519,ORD-6204,13273,wechat,pending,2024-11-24
PAY-8520,ORD-6843,"924,00",wechat,SUCCESS,02/24/2026
PAY-8521,ORD-7875,"5 713,00",wechat,failed,12/26/2025
PAY-8522,ORD-2425,"$8,504.00",wechat,SUCCESS,22-03-2025
PAY-8523,ORD-14749,7904,alipay,success,2025-02-08
PAY-8524,ORD-5970,18 845,wechat,SUCCESS,07/23/2026
PAY-8525,ORD-8476,387,wechat,SUCCESS,2024-10-22
PAY-8526,ORD-10902,14154,wechat,success,2026-12-03
PAY-8527,ORD-14469,"$14,408.00",wechat,SUCCESS,28-11-2025
PAY-8528,ORD-9300,"$19,303.00",COD,success,01/06/2024
PAY-8529,ORD-6572,"$15,347.00",COD,success,07/22/2025
PAY-8530,ORD-11342,2596,card,SUCCESS,15-03-2024
PAY-8531,ORD-10067,9494,alipay,success,2024-08-08
PAY-8532,ORD-13440,3356,card,pending,2025-09-04
PAY-8533,ORD-12284,"$15,872.00",card,SUCCESS,03/26/2026
PAY-8534,ORD-2003,19349,COD,success,2024-05-27
PAY-8535,ORD-13715,6 633,wechat,SUCCESS,14-11-2024
PAY-8536,ORD-10169,"$11,680.00",wechat,success,2024-08-01
PAY-8537,ORD-13338,4079,COD,success,2024-09-10
PAY-8538,ORD-13366,8 363,wechat,pending,11/06/2026
PAY-8539,ORD-5802,"$10,736.00",COD,success,2024-07-23
PAY-8540,ORD-12682,10655,alipay,pending,2025-12-23
PAY-8541,ORD-7545,16352,card,success,2025-06-27
PAY-8542,ORD-12283,2895,COD,SUCCESS,09/21/2025
PAY-8543,ORD-7264,"$15,121.00",alipay,failed,03/12/2024
PAY-8544,ORD-6500,7088,alipay,pending,2025-11-23
PAY-8545,ORD-9763,"$19,296.00",COD,pending,2026-09-10
PAY-8546,ORD-3614,"$15,306.00",alipay,SUCCESS,02/19/2026
PAY-8547,ORD-11323,17967,alipay,SUCCESS,02/27/2024
PAY-8548,ORD-10461,9516,wechat,pending,2024-04-16
PAY-8549,ORD-56,6608,alipay,success,05/14/2024
PAY-8550,ORD-1970,3193,card,SUCCESS,20-02-2025
PAY-8551,ORD-2089,17179,wechat,SUCCESS,03/23/2024
PAY-8552,ORD-2285,"$19,465.00",COD,SUCCESS,2025-03-23
PAY-8553,ORD-12480,"$4,722.00",alipay,SUCCESS,2025-04-28
PAY-8554,ORD-8423,16508,alipay,SUCCESS,2024-09-26
PAY-8555,ORD-1987,"$18,153.00",wechat,failed,25-02-2024
PAY-8556,ORD-9721,3199,wechat,SUCCESS,28-08-2026
PAY-8557,ORD-8417,1340,card,success,25-02-2026
PAY-8558,ORD-12905,19144,wechat,pending,07-06-2024
PAY-8559,ORD-363,8 069,wechat,success,2024-11-08
PAY-8560,ORD-10737,15786,wechat,pending,04/09/2024
PAY-8561,ORD-11532,655,COD,success,07/04/2025
PAY-8562,ORD-338,10701,alipay,SUCCESS,2026-09-10
PAY-8563,ORD-6464,"$13,248.00",wechat,pending,2026-01-24
PAY-8564,ORD-211,"$4,162.00",card,SUCCESS,08/22/2026
PAY-8565,ORD-10158,4222,COD,SUCCESS,08/02/2025
PAY-8566,ORD-12861,19865,card,success,26-02-2024
PAY-8567,ORD-14261,15 947,wechat,pending,2025-01-11
PAY-8568,ORD-14184,16262,COD,pending,11/08/2025
PAY-8569,ORD-11184,16030,card,success,2026-08-11
PAY-8570,ORD-10072,13584,COD,pending,2025-04-10
PAY-8571,ORD-2081,"$4,509.00",card,SUCCESS,2024-08-11
PAY-8572,ORD-3256,15810,alipay,SUCCESS,2025-01-24
PAY-8573,ORD-10727,8605,COD,success,2024-04-12
PAY-8574,ORD-10396,10007,wechat,failed,17-07-2025
PAY-8575,ORD-5419,6559,card,SUCCESS,2024-07-24
PAY-8576,ORD-13876,10168,wechat,success,2024-12-05
PAY-8577,ORD-13910,11768,wechat,success,2025-11-28
PAY-8578,ORD-14223,15014,wechat,SUCCESS,2026-04-03
PAY-8579,ORD-14730,"$8,654.00",wechat,SUCCESS,06/18/2025
PAY-8580,ORD-11899,11058,card,SUCCESS,09/17/2026
PAY-8581,ORD-8276,12755,wechat,success,06/09/2025
PAY-8582,ORD-12594,5340,wechat,pending,15-02-2024
PAY-8583,ORD-14332,10537,alipay,pending,01/16/2026
PAY-8584,ORD-9929,2347,COD,success,07-12-2025
PAY-8585,ORD-12809,5381,card,success,2024-04-07
PAY-8586,ORD-10497,4734,COD,success,2026-01-14
PAY-8587,ORD-13262,3 658,COD,pending,2026-08-24
PAY-8588,ORD-3768,2406,wechat,pending,11/14/2024
PAY-8589,ORD-14143,13208,alipay,pending,05/12/2025
PAY-8590,ORD-5192,9837,alipay,pending,04/13/2026
PAY-8591,ORD-7130,"$12,348.00",COD,success,03-10-2025
PAY-8592,ORD-7776,3455,COD,SUCCESS,2026-01-07
PAY-8593,ORD-3210,"$7,371.00",wechat,SUCCESS,01/03/2026
PAY-8594,ORD-14206,"1 615,00",card,SUCCESS,09/28/2024
PAY-8595,ORD-12710,15344,wechat,pending,2026-05-24
PAY-8596,ORD-8063,"$19,322.00",wechat,success,2024-05-24
PAY-8597,ORD-1925,18428,card,success,01/23/2024
PAY-8598,ORD-8741,12 315,alipay,pending,2025-01-28
PAY-8599,ORD-1381,"$2,700.00",wechat,failed,2024-11-24
PAY-8600,ORD-634,1747,COD,SUCCESS,2024-01-12
PAY-8601,ORD-6790,"$10,103.00",wechat,SUCCESS,09-08-2026
PAY-8602,ORD-4182,6 709,card,SUCCESS,2025-04-24
PAY-8603,ORD-4076,"5 655,00",wechat,SUCCESS,2024-11-20
PAY-8604,ORD-1949,17944,COD,SUCCESS,2025-05-01
PAY-8605,ORD-1604,15643,wechat,pending,09/14/2025
PAY-8606,ORD-14455,11563,card,SUCCESS,05/14/2025
PAY-8607,ORD-13876,18876,card,pending,2024-09-10
PAY-8608,ORD-4671,12484,wechat,SUCCESS,06/07/2025
PAY-8609,ORD-58,"$19,062.00",COD,pending,09/02/2025
PAY-8610,ORD-5262,14496,alipay,success,2026-05-27
PAY-8611,ORD-2252,894,wechat,success,2025-05-12
PAY-8612,ORD-1266,4292,alipay,pending,08/17/2025
PAY-8613,ORD-4628,"$7,555.00",COD,SUCCESS,02/02/2024
PAY-8614,ORD-1480,"$3,554.00",alipay,SUCCESS,2026-10-24
PAY-8615,ORD-12962,1873,COD,SUCCESS,2026-12-10
PAY-8616,ORD-10931,"$18,900.00",wechat,SUCCESS,2024-07-02
PAY-8617,ORD-5396,"3 819,00",alipay,success,2024-01-27
PAY-8618,ORD-7930,8 031,card,pending,04/10/2026
PAY-8619,ORD-5806,9957,card,success,2026-09-21
PAY-8620,ORD-6266,"$5,681.00",wechat,SUCCESS,2024-10-01
PAY-8621,ORD-12590,15714,COD,SUCCESS,2024-08-01
PAY-8622,ORD-977,13243,wechat,success,26-07-2026
PAY-8623,ORD-8232,5826,alipay,SUCCESS,07/11/2025
PAY-8624,ORD-4534,5321,COD,pending,25-11-2025
PAY-8625,ORD-11639,"$11,813.00",wechat,SUCCESS,04/01/2025
PAY-8626,ORD-12634,4070,card,pending,02/28/2024
PAY-8627,ORD-13429,"$13,128.00",alipay,pending,13-10-2025
PAY-8628,ORD-9655,8283,wechat,pending,10/11/2024
PAY-8629,ORD-561,"$5,848.00",wechat,success,2024-05-17
PAY-8630,ORD-1878,96,wechat,success,2025-04-13
PAY-8631,ORD-12502,7399,COD,success,11-03-2024
PAY-8632,ORD-351,9 409,alipay,pending,06-02-2024
PAY-8633,ORD-13712,1514,alipay,success,12/02/2026
PAY-8634,ORD-9753,18876,wechat,success,08/16/2024
PAY-8635,ORD-2653,1050,wechat,SUCCESS,2026-12-21
PAY-8636,ORD-13482,"$7,212.00",wechat,pending,25-02-2026
PAY-8637,ORD-10983,"$13,726.00",card,pending,08/25/2026
PAY-8638,ORD-11684,"$9,367.00",COD,pending,08/07/2024
PAY-8639,ORD-9593,"$6,221.00",COD,success,2026-12-09
PAY-8640,ORD-6336,16862,card,pending,11-02-2026
PAY-8641,ORD-9781,18514,wechat,SUCCESS,12/02/2024
PAY-8642,ORD-5495,9605,wechat,pending,04/23/2024
PAY-8643,ORD-2169,19678,card,pending,2024-08-26
PAY-8644,ORD-3189,13352,COD,success,04/13/2025
PAY-8645,ORD-6220,16235,wechat,SUCCESS,09/15/2024
PAY-8646,ORD-5916,17421,alipay,success,03/15/2025
PAY-8647,ORD-7019,"18 597,00",COD,pending,22-08-2026
PAY-8648,ORD-4147,8483,alipay,SUCCESS,2025-09-27
PAY-8649,ORD-4280,"6 180,00",card,SUCCESS,25-11-2024
PAY-8650,ORD-2806,"$12,963.00",alipay,failed,08-01-2025
PAY-8651,ORD-13519,17426,COD,SUCCESS,10/13/2025
PAY-8652,ORD-11714,12880,COD,SUCCESS,2026-11-06
PAY-8653,ORD-1983,15249,COD,SUCCESS,07-05-2024
PAY-8654,ORD-14649,"302,00",alipay,success,2025-04-05
PAY-8655,ORD-13830,8264,card,failed,04/08/2024
PAY-8656,ORD-4360,13970,COD,SUCCESS,04-01-2026
PAY-8657,ORD-8794,"13 509,00",card,SUCCESS,12/17/2024
PAY-8658,ORD-7881,"$14,781.00",card,SUCCESS,19-12-2025
PAY-8659,ORD-715,9440,alipay,pending,2024-08-21
PAY-8660,ORD-13110,"$8,047.00",wechat,SUCCESS,10-08-2026
PAY-8661,ORD-10651,19477,COD,pending,22-12-2025
PAY-8662,ORD-14759,7604,wechat,SUCCESS,2026-06-20
PAY-8663,ORD-5569,11 799,wechat,pending,2024-07-26
PAY-8664,ORD-6138,4386,wechat,failed,2025-04-11
PAY-8665,ORD-5822,"12 958,00",alipay,pending,08/28/2026
PAY-8666,ORD-2792,"$2,046.00",wechat,SUCCESS,2024-07-23
PAY-8667,ORD-14864,2141,alipay,success,23-08-2025
PAY-8668,ORD-2231,2 607,wechat,success,26-08-2026
PAY-8669,ORD-4980,"$14,620.00",alipay,pending,08/09/2026
PAY-8670,ORD-2154,"$5,151.00",card,success,01/21/2026
PAY-8671,ORD-7121,12984,alipay,SUCCESS,25-03-2024
PAY-8672,ORD-7402,"$2,008.00",card,success,2025-07-19
PAY-8673,ORD-4493,17355,wechat,success,16-04-2026
PAY-8674,ORD-4399,17778,card,success,2025-06-12
PAY-8675,ORD-4891,2646,alipay,success,2025-10-05
PAY-8676,ORD-5826,"15 856,00",alipay,pending,2026-11-04
PAY-8677,ORD-12878,2461,wechat,SUCCESS,06/24/2025
PAY-8678,ORD-5392,8386,alipay,success,2026-12-08
PAY-8679,ORD-12472,"$16,016.00",card,pending,2026-08-20
PAY-8680,ORD-3601,1992,COD,pending,2026-04-10
PAY-8681,ORD-14234,5945,alipay,success,2024-01-23
PAY-8682,ORD-10238,2925,card,SUCCESS,2026-03-11
PAY-8683,ORD-11269,11382,COD,failed,03-02-2026
PAY-8684,ORD-2737,2 140,COD,SUCCESS,22-07-2026
PAY-8685,ORD-5512,4193,card,SUCCESS,04/03/2026
PAY-8686,ORD-13121,19 911,COD,failed,2025-09-07
PAY-8687,ORD-3011,"$16,619.00",alipay,success,06-07-2025
PAY-8688,ORD-10308,8383,alipay,pending,11-11-2026
PAY-8689,ORD-2604,8489,COD,SUCCESS,01/08/2026
PAY-8690,ORD-1275,6124,card,pending,11/06/2025
PAY-8691,ORD-8309,"15 816,00",wechat,pending,2026-03-24
PAY-8692,ORD-6206,7772,alipay,SUCCESS,01/01/2024
PAY-8693,ORD-10243,"$15,405.00",card,SUCCESS,2024-04-17
PAY-8694,ORD-13765,10425,wechat,SUCCESS,10/13/2025
PAY-8695,ORD-14747,12206,wechat,success,2025-10-15
PAY-8696,ORD-11159,3 492,COD,SUCCESS,28-02-2026
PAY-8697,ORD-14435,3097,wechat,pending,2026-01-14
PAY-8698,ORD-12229,19391,wechat,pending,2026-09-09
PAY-8699,ORD-12684,"11 300,00",card,SUCCESS,11-03-2026
PAY-8700,ORD-13671,"$13,564.00",COD,failed,2025-05-24
PAY-8701,ORD-12346,11894,COD,success,13-12-2024
PAY-8702,ORD-2436,"$8,782.00",wechat,success,15-06-2024
PAY-8703,ORD-4920,"$7,235.00",wechat,pending,2024-02-11
PAY-8704,ORD-6862,14015,wechat,SUCCESS,01/14/2025
PAY-8705,ORD-13184,9112,wechat,pending,2025-07-01
PAY-8706,ORD-5179,1471,COD,pending,2024-12-28
PAY-8707,ORD-1735,"$13,570.00",alipay,success,2025-04-16
PAY-8708,ORD-6408,"$13,654.00",wechat,success,2026-08-14
PAY-8709,ORD-3405,19911,COD,success,2024-12-20
PAY-8710,ORD-9245,670,wechat,success,2025-02-22
PAY-8711,ORD-3533,"$17,903.00",COD,failed,08/25/2026
PAY-8712,ORD-14421,13747,card,SUCCESS,04-03-2024
PAY-8713,ORD-7758,10725,alipay,SUCCESS,03/16/2026
PAY-8714,ORD-1193,16017,COD,pending,2025-09-11
PAY-8715,ORD-10715,"$15,778.00",COD,success,2026-09-17
PAY-8716,ORD-11736,19897,card,failed,2026-11-18
PAY-8717,ORD-12064,379,COD,success,04-09-2025
PAY-8718,ORD-9500,10826,card,pending,08/23/2024
PAY-8719,ORD-1389,5680,wechat,SUCCESS,07/09/2026
PAY-8720,ORD-5493,3738,alipay,pending,2025-10-09
PAY-8721,ORD-5889,"$6,818.00",card,success,06/21/2026
PAY-8722,ORD-4586,18 332,alipay,failed,2026-10-21
PAY-8723,ORD-9754,5459,wechat,pending,02/06/2024
PAY-8724,ORD-2729,"$19,123.00",alipay,success,2024-12-28
PAY-8725,ORD-3976,14550,alipay,SUCCESS,14-11-2024
PAY-8726,ORD-14149,8583,COD,SUCCESS,07/22/2024
PAY-8727,ORD-11516,3 069,wechat,SUCCESS,2025-04-10
PAY-8728,ORD-13591,17655,COD,SUCCESS,05/15/2026
PAY-8729,ORD-6412,18385,card,pending,23-11-2025
PAY-8730,ORD-3248,"$12,399.00",alipay,success,2025-01-08
PAY-8731,ORD-10664,19416,card,pending,2025-06-06
PAY-8732,ORD-8532,17 709,COD,failed,2024-02-21
PAY-8733,ORD-2581,"$19,609.00",wechat,success,12/15/2025
PAY-8734,ORD-5396,11 762,COD,SUCCESS,06/16/2025
PAY-8735,ORD-11448,14698,card,SUCCESS,07/01/2025
PAY-8736,ORD-367,"$12,110.00",wechat,SUCCESS,22-06-2025
PAY-8737,ORD-12475,"$10,364.00",COD,SUCCESS,2025-04-25
PAY-8738,ORD-8781,"$14,860.00",alipay,pending,05-03-2025
PAY-8739,ORD-10120,14982,COD,pending,2026-01-10
PAY-8740,ORD-8155,"$2,599.00",card,SUCCESS,12/10/2025
PAY-8741,ORD-2924,"9 695,00",COD,pending,08/01/2025
PAY-8742,ORD-3761,19064,wechat,pending,2025-12-05
PAY-8743,ORD-4854,$433.00,wechat,pending,11/16/2025
PAY-8744,ORD-13843,14 628,card,success,25-07-2026
PAY-8745,ORD-4783,7279,COD,pending,12/10/2025
PAY-8746,ORD-3653,6742,alipay,pending,08/17/2026
PAY-8747,ORD-548,2681,card,success,2024-09-13
PAY-8748,ORD-3277,"6 101,00",card,SUCCESS,2024-08-12
PAY-8749,ORD-3955,15644,wechat,success,2025-03-28
PAY-8750,ORD-2633,2 120,COD,success,2024-10-10
PAY-8751,ORD-7663,"933,00",COD,success,04/24/2024
PAY-8752,ORD-3443,8 739,card,success,2026-11-23
PAY-8753,ORD-1435,"$3,395.00",wechat,success,27-09-2026
PAY-8754,ORD-13730,16798,COD,pending,08/28/2026
PAY-8755,ORD-11290,"$18,432.00",alipay,success,05/10/2024
PAY-8756,ORD-1577,"$5,666.00",card,SUCCESS,13-09-2026
PAY-8757,ORD-6638,16253,alipay,SUCCESS,08/19/2025
PAY-8758,ORD-6489,12460,card,success,05/16/2024
PAY-8759,ORD-12504,"2 007,00",wechat,SUCCESS,27-06-2024
PAY-8760,ORD-6899,13 247,alipay,SUCCESS,2024-10-02
PAY-8761,ORD-11333,14415,alipay,success,08/28/2026
PAY-8762,ORD-9381,15783,COD,pending,11/04/2024
PAY-8763,ORD-4107,"$19,743.00",wechat,failed,2026-04-12
PAY-8764,ORD-12863,"$16,441.00",wechat,SUCCESS,2026-09-10
PAY-8765,ORD-3830,12 112,alipay,success,2025-01-10
PAY-8766,ORD-8679,17236,card,success,18-10-2025
PAY-8767,ORD-8549,16871,wechat,SUCCESS,2025-03-19
PAY-8768,ORD-4466,5717,wechat,SUCCESS,10/02/2024
PAY-8769,ORD-14996,"$12,711.00",wechat,success,05/28/2024
PAY-8770,ORD-13522,"3 165,00",wechat,SUCCESS,2024-07-28
PAY-8771,ORD-5645,5 533,card,success,2025-07-12
PAY-8772,ORD-9898,16696,COD,success,03-08-2025
PAY-8773,ORD-1708,"$19,392.00",wechat,pending,2025-07-02
PAY-8774,ORD-9142,"$12,452.00",wechat,SUCCESS,12/11/2024
PAY-8775,ORD-1836,8 751,alipay,failed,01-06-2026
PAY-8776,ORD-12370,"$6,176.00",COD,SUCCESS,01/18/2026
PAY-8777,ORD-4956,"$6,334.00",alipay,success,2026-02-14
PAY-8778,ORD-12032,"$17,430.00",COD,pending,2025-06-03
PAY-8779,ORD-6730,15477,alipay,pending,2024-04-19
PAY-8780,ORD-11457,17250,card,success,09/09/2025
PAY-8781,ORD-1309,3823,alipay,success,03-09-2025
PAY-8782,ORD-18,12 323,alipay,SUCCESS,2025-01-16
PAY-8783,ORD-13858,"$1,400.00",alipay,success,12-07-2026
PAY-8784,ORD-6250,7110,alipay,SUCCESS,2026-07-25
PAY-8785,ORD-1650,"6 281,00",wechat,pending,2024-07-02
PAY-8786,ORD-11869,12350,alipay,pending,2025-05-02
PAY-8787,ORD-10747,6450,COD,success,08/13/2025
PAY-8788,ORD-608,"$5,472.00",card,pending,2024-03-18
PAY-8789,ORD-13018,11033,card,success,2024-02-26
PAY-8790,ORD-8603,"$12,365.00",card,pending,2026-09-09
PAY-8791,ORD-2527,5077,alipay,SUCCESS,2026-12-15
PAY-8792,ORD-1483,9703,alipay,SUCCESS,23-04-2026
PAY-8793,ORD-6926,528,alipay,success,2024-01-22
PAY-8794,ORD-9277,"$3,054.00",card,SUCCESS,2025-11-04
PAY-8795,ORD-4439,"$18,002.00",alipay,pending,2026-11-27
PAY-8796,ORD-14884,13077,alipay,pending,2024-01-07
PAY-8797,ORD-6046,8057,card,pending,2026-03-10
PAY-8798,ORD-4428,"11 309,00",wechat,pending,09/04/2025
PAY-8799,ORD-8733,"1 828,00",wechat,success,04/26/2026
PAY-8800,ORD-3996,"$19,230.00",wechat,success,2026-07-08
PAY-8801,ORD-12848,4296,alipay,success,07/01/2024
PAY-8802,ORD-10539,15950,card,SUCCESS,2024-08-01
PAY-8803,ORD-504,17900,COD,success,02-09-2024
PAY-8804,ORD-12280,19729,alipay,success,2025-12-25
PAY-8805,ORD-11000,"$13,762.00",wechat,pending,03/28/2026
PAY-8806,ORD-8372,329,wechat,pending,26-10-2024
PAY-8807,ORD-8420,8829,card,pending,01/19/2025
PAY-8808,ORD-9275,4 671,alipay,SUCCESS,01/26/2026
PAY-8809,ORD-4440,7883,alipay,SUCCESS,2026-10-16
PAY-8810,ORD-11327,4837,card,success,02/20/2024
PAY-8811,ORD-3142,"$13,169.00",wechat,pending,03/01/2026
PAY-8812,ORD-10760,18188,COD,success,2025-07-04
PAY-8813,ORD-1036,"$10,787.00",wechat,success,2026-06-19
PAY-8814,ORD-4993,10945,COD,success,27-05-2024
PAY-8815,ORD-8306,344,wechat,failed,21-01-2025
PAY-8816,ORD-12916,19653,COD,success,12/16/2024
PAY-8817,ORD-8919,"$1,878.00",card,pending,08/11/2026
PAY-8818,ORD-63,"14 990,00",COD,SUCCESS,10/03/2026
PAY-8819,ORD-7561,12815,card,SUCCESS,11-05-2025
PAY-8820,ORD-1363,7 197,COD,SUCCESS,2025-02-20
PAY-8821,ORD-5395,7958,wechat,SUCCESS,2024-03-03
PAY-8822,ORD-13566,19343,card,success,2026-01-27
PAY-8823,ORD-7123,1084,alipay,SUCCESS,11/01/2024
PAY-8824,ORD-9242,15658,COD,pending,12-04-2026
PAY-8825,ORD-429,15 569,wechat,success,15-03-2026
PAY-8826,ORD-10413,"11 896,00",card,pending,05-03-2024
PAY-8827,ORD-1571,"$8,247.00",COD,SUCCESS,2025-12-12
PAY-8828,ORD-7733,"$11,642.00",COD,pending,07-02-2026
PAY-8829,ORD-8287,16990,card,pending,12-11-2025
PAY-8830,ORD-4248,15053,wechat,failed,02/23/2026
PAY-8831,ORD-7982,6483,wechat,SUCCESS,2025-01-12
PAY-8832,ORD-4884,15929,COD,failed,2024-11-26
PAY-8833,ORD-14634,347,COD,SUCCESS,2026-07-18
PAY-8834,ORD-5695,16 400,alipay,SUCCESS,06/12/2025
PAY-8835,ORD-9509,13162,wechat,pending,2026-10-18
PAY-8836,ORD-12534,"$5,688.00",COD,success,2025-04-22
PAY-8837,ORD-8177,"$5,794.00",wechat,success,04/04/2025
PAY-8838,ORD-6671,"$8,299.00",card,SUCCESS,04/02/2025
PAY-8839,ORD-10079,10194,card,SUCCESS,2025-08-27
PAY-8840,ORD-4741,17024,card,pending,2026-11-03
PAY-8841,ORD-9980,"$13,869.00",alipay,pending,2024-07-03
PAY-8842,ORD-5112,1 484,card,pending,2026-04-18
PAY-8843,ORD-12112,16280,wechat,SUCCESS,2025-07-09
PAY-8844,ORD-14116,10106,COD,pending,2024-11-26
PAY-8845,ORD-14280,1207,alipay,SUCCESS,2025-01-18
PAY-8846,ORD-4287,14461,card,SUCCESS,2024-08-25
PAY-8847,ORD-2983,"11 238,00",alipay,SUCCESS,19-12-2024
PAY-8848,ORD-14135,"$10,612.00",card,SUCCESS,04/12/2026
PAY-8849,ORD-3392,6915,COD,pending,2025-05-19
PAY-8850,ORD-13629,2716,card,pending,08-05-2024
PAY-8851,ORD-6904,12 826,card,SUCCESS,01-11-2025
PAY-8852,ORD-7683,9916,card,success,25-04-2024
PAY-8853,ORD-3553,185,card,success,2025-09-11
PAY-8854,ORD-14219,5837,alipay,pending,2025-09-02
PAY-8855,ORD-2666,3679,card,success,07/22/2024
PAY-8856,ORD-2879,"$1,815.00",card,success,27-04-2024
PAY-8857,ORD-2703,"$8,566.00",wechat,SUCCESS,15-04-2025
PAY-8858,ORD-13968,2114,wechat,success,02/27/2026
PAY-8859,ORD-10285,13606,wechat,success,11/24/2024
PAY-8860,ORD-13439,"$8,512.00",card,success,2026-04-11
PAY-8861,ORD-9942,"11 655,00",wechat,pending,17-03-2024
PAY-8862,ORD-10079,5773,alipay,pending,2026-07-16
PAY-8863,ORD-1066,"$4,824.00",wechat,SUCCESS,2024-07-23
PAY-8864,ORD-9528,13493,wechat,success,2024-07-25
PAY-8865,ORD-14881,"$1,653.00",wechat,pending,2026-05-06
PAY-8866,ORD-5838,"$4,083.00",alipay,pending,23-01-2024
PAY-8867,ORD-11564,2728,wechat,pending,02/15/2024
PAY-8868,ORD-9132,"970,00",wechat,pending,15-08-2025
PAY-8869,ORD-2013,8146,COD,failed,2024-03-10
PAY-8870,ORD-14010,"$7,322.00",card,failed,2024-03-17
PAY-8871,ORD-3609,"$15,051.00",card,SUCCESS,2025-04-25
PAY-8872,ORD-5305,"$2,978.00",wechat,pending,2026-05-19
PAY-8873,ORD-14080,1878,alipay,SUCCESS,28-07-2024
PAY-8874,ORD-11331,4478,wechat,pending,10/06/2024
PAY-8875,ORD-11937,3776,card,SUCCESS,22-08-2026
PAY-8876,ORD-3639,19191,COD,pending,02/04/2025
PAY-8877,ORD-13999,3396,card,SUCCESS,07/12/2025
PAY-8878,ORD-8695,4230,COD,success,2025-08-17
PAY-8879,ORD-12568,"$19,918.00",alipay,success,2026-07-16
PAY-8880,ORD-12436,"$12,440.00",alipay,pending,06/17/2025
PAY-8881,ORD-6663,17 041,card,pending,06/19/2024
PAY-8882,ORD-1630,"$2,103.00",COD,pending,2025-11-19
PAY-8883,ORD-11144,5007,COD,SUCCESS,2025-02-01
PAY-8884,ORD-9418,148,COD,SUCCESS,15-05-2024
PAY-8885,ORD-10624,19176,card,pending,02/02/2026
PAY-8886,ORD-11163,2719,card,pending,04/22/2025
PAY-8887,ORD-1083,"$15,962.00",alipay,SUCCESS,23-06-2026
PAY-8888,ORD-11691,"$17,798.00",wechat,failed,2024-11-13
PAY-8889,ORD-6148,8746,wechat,SUCCESS,2025-04-15
PAY-8890,ORD-6476,"$5,920.00",COD,SUCCESS,2026-04-18
PAY-8891,ORD-149,17319,alipay,success,12-06-2026
PAY-8892,ORD-3608,12715,COD,SUCCESS,2024-11-13
PAY-8893,ORD-1401,"13 101,00",wechat,SUCCESS,28-02-2025
PAY-8894,ORD-12766,"$17,724.00",card,pending,2024-09-15
PAY-8895,ORD-11356,"$4,103.00",wechat,failed,2025-06-07
PAY-8896,ORD-7750,"$8,049.00",card,success,2024-11-04
PAY-8897,ORD-4438,15 052,COD,pending,04/04/2026
PAY-8898,ORD-10949,16579,alipay,SUCCESS,15-04-2025
PAY-8899,ORD-2410,"$16,478.00",card,SUCCESS,21-12-2025
PAY-8900,ORD-12073,"$3,598.00",card,SUCCESS,2025-08-20
PAY-8901,ORD-9810,"$8,014.00",card,SUCCESS,08/15/2026
PAY-8902,ORD-7472,"$17,733.00",card,pending,2025-03-11
PAY-8903,ORD-5880,"$17,384.00",alipay,pending,07/15/2024
PAY-8904,ORD-6190,4294,wechat,pending,07-07-2026
PAY-8905,ORD-4711,16 596,COD,SUCCESS,06/17/2024
PAY-8906,ORD-11892,"$18,514.00",COD,SUCCESS,09/14/2024
PAY-8907,ORD-9757,"$13,403.00",alipay,SUCCESS,2026-06-15
PAY-8908,ORD-14440,8 739,COD,pending,15-03-2026
PAY-8909,ORD-10538,5117,COD,failed,2024-03-01
PAY-8910,ORD-1744,"$10,472.00",wechat,SUCCESS,06/11/2026
PAY-8911,ORD-11293,14 234,card,SUCCESS,08-01-2025
PAY-8912,ORD-14952,13987,card,success,02/13/2025
PAY-8913,ORD-571,3539,COD,success,12/27/2026
PAY-8914,ORD-3622,11000,COD,SUCCESS,04/20/2024
PAY-8915,ORD-6294,947,COD,SUCCESS,2024-12-13
PAY-8916,ORD-11403,"$4,656.00",alipay,success,2025-11-28
PAY-8917,ORD-9839,6667,wechat,pending,12-07-2026
PAY-8918,ORD-10100,"$6,886.00",COD,success,10/24/2026
PAY-8919,ORD-3183,"9 210,00",alipay,SUCCESS,16-05-2025
PAY-8920,ORD-8381,"13 257,00",wechat,pending,01/09/2024
PAY-8921,ORD-1226,"$18,005.00",COD,success,12-04-2026
PAY-8922,ORD-8457,1 251,alipay,success,2024-12-07
PAY-8923,ORD-13608,14539,wechat,failed,06/02/2026
PAY-8924,ORD-5233,"$19,962.00",alipay,success,2026-03-21
PAY-8925,ORD-8201,"$10,743.00",alipay,success,01/14/2026
PAY-8926,ORD-3021,"$17,479.00",alipay,success,2024-05-26
PAY-8927,ORD-4764,"$4,158.00",card,success,2026-07-02
PAY-8928,ORD-10557,"18 235,00",COD,pending,12/20/2024
PAY-8929,ORD-4169,8314,alipay,SUCCESS,08/02/2024
PAY-8930,ORD-7316,11480,COD,success,2024-11-05
PAY-8931,ORD-13071,7065,wechat,pending,03-06-2024
PAY-8932,ORD-8485,5 546,wechat,failed,2026-10-21
PAY-8933,ORD-4149,"$19,390.00",COD,pending,2026-02-16
PAY-8934,ORD-7163,"$11,643.00",COD,SUCCESS,2025-06-01
PAY-8935,ORD-8594,18 789,alipay,SUCCESS,2026-10-16
PAY-8936,ORD-14648,"$17,529.00",wechat,SUCCESS,05/27/2025
PAY-8937,ORD-11987,3715,COD,pending,02/09/2025
PAY-8938,ORD-12182,"$13,796.00",card,pending,08/13/2025
PAY-8939,ORD-5144,8386,card,success,10/15/2024
PAY-8940,ORD-12127,2 234,wechat,success,07/28/2025
PAY-8941,ORD-10841,"$16,119.00",COD,SUCCESS,2025-08-23
PAY-8942,ORD-11565,"$4,287.00",COD,success,2026-06-09
PAY-8943,ORD-1130,4042,alipay,SUCCESS,01-06-2026
PAY-8944,ORD-9514,863,card,pending,2025-08-24
PAY-8945,ORD-10204,"18 629,00",card,SUCCESS,09/27/2024
PAY-8946,ORD-418,"$19,540.00",COD,success,11/06/2025
PAY-8947,ORD-3086,1 020,wechat,SUCCESS,06/05/2026
PAY-8948,ORD-1101,13753,wechat,SUCCESS,2025-07-12
PAY-8949,ORD-8044,"4 663,00",card,SUCCESS,2024-08-03
PAY-8950,ORD-1809,467,COD,success,11/07/2026
PAY-8951,ORD-5216,"16 234,00",card,pending,10/21/2026
PAY-8952,ORD-4150,10098,alipay,success,2026-06-09
PAY-8953,ORD-9518,2527,COD,pending,2024-11-10
PAY-8954,ORD-13618,3645,COD,SUCCESS,03/10/2025
PAY-8955,ORD-13038,"$9,694.00",card,pending,2026-02-08
PAY-8956,ORD-5992,4657,card,SUCCESS,2025-01-23
PAY-8957,ORD-1570,7 248,COD,SUCCESS,2025-03-21
PAY-8958,ORD-1774,"$9,083.00",COD,SUCCESS,2026-05-19
PAY-8959,ORD-12855,11 876,COD,success,2024-02-22
PAY-8960,ORD-247,"$15,101.00",card,SUCCESS,2024-11-10
PAY-8961,ORD-9695,"$15,291.00",wechat,SUCCESS,2024-02-23
PAY-8962,ORD-4641,5189,wechat,SUCCESS,01/23/2024
PAY-8963,ORD-7520,"$7,509.00",card,success,2025-05-17
PAY-8964,ORD-13509,"13 431,00",COD,success,2024-05-02
PAY-8965,ORD-2010,13038,alipay,pending,2024-01-24
PAY-8966,ORD-9755,6105,wechat,pending,01/23/2026
PAY-8967,ORD-7111,6831,card,success,11/01/2024
PAY-8968,ORD-14931,19475,COD,success,05/24/2024
PAY-8969,ORD-14282,"$16,934.00",wechat,success,2024-03-18
PAY-8970,ORD-3966,7716,wechat,SUCCESS,2026-03-25
PAY-8971,ORD-4487,2403,alipay,success,17-03-2025
PAY-8972,ORD-3662,"$12,405.00",alipay,success,07/21/2026
PAY-8973,ORD-14879,"12 845,00",card,success,2026-01-13
PAY-8974,ORD-7646,10625,COD,success,01-12-2025
PAY-8975,ORD-1848,13712,COD,success,11/10/2024
PAY-8976,ORD-10355,17 914,card,success,06/26/2024
PAY-8977,ORD-7926,"$4,304.00",alipay,success,2025-03-19
PAY-8978,ORD-10091,14 590,alipay,pending,01/07/2026
PAY-8979,ORD-5494,15767,alipay,success,2026-08-06
PAY-8980,ORD-836,"$16,077.00",wechat,success,2026-12-07
PAY-8981,ORD-7179,"$4,125.00",COD,SUCCESS,08/01/2025
PAY-8982,ORD-12178,5302,alipay,pending,2024-04-17
PAY-8983,ORD-11602,14832,COD,success,14-06-2026
PAY-8984,ORD-14202,"$13,673.00",alipay,pending,2025-07-27
PAY-8985,ORD-3906,18695,wechat,pending,2026-11-10
PAY-8986,ORD-4748,7668,wechat,pending,05/01/2024
PAY-8987,ORD-9949,9853,COD,pending,2024-07-13
PAY-8988,ORD-8853,9589,wechat,SUCCESS,08/25/2026
PAY-8989,ORD-1148,17279,alipay,SUCCESS,2025-03-19
PAY-8990,ORD-12546,19 608,alipay,success,07/23/2025
PAY-8991,ORD-7780,14049,alipay,pending,2026-08-03
PAY-8992,ORD-13989,"$13,014.00",alipay,success,25-06-2026
PAY-8993,ORD-14522,13914,COD,pending,2026-09-19
PAY-8994,ORD-10532,"$9,933.00",COD,success,2024-05-26
PAY-8995,ORD-2720,"$9,895.00",wechat,success,2026-10-24
PAY-8996,ORD-13506,"$17,339.00",card,success,10/12/2024
PAY-8997,ORD-45,934,card,success,2025-02-28
PAY-8998,ORD-13636,"$14,560.00",wechat,SUCCESS,2025-09-13
PAY-8999,ORD-14647,13670,card,success,05/26/2025
PAY-9000,ORD-956,6080,alipay,pending,05/03/2024
PAY-9001,ORD-7234,7478,COD,pending,2024-03-25
PAY-9002,ORD-8392,12011,alipay,success,2024-02-09
PAY-9003,ORD-7136,16890,alipay,success,01/21/2024
PAY-9004,ORD-8186,"$8,384.00",wechat,SUCCESS,07/08/2025
PAY-9005,ORD-10953,17177,COD,pending,09/03/2025
PAY-9006,ORD-571,"$9,468.00",alipay,pending,2025-06-18
PAY-9007,ORD-5395,7 971,COD,SUCCESS,05-03-2026
PAY-9008,ORD-12367,11 393,wechat,SUCCESS,22-01-2025
PAY-9009,ORD-12444,5525,wechat,success,23-05-2024
PAY-9010,ORD-1843,"$10,753.00",wechat,pending,01/24/2024
PAY-9011,ORD-13178,"$18,388.00",alipay,success,2024-02-21
PAY-9012,ORD-12522,11739,card,success,2025-06-22
PAY-9013,ORD-7188,"$4,422.00",COD,success,2026-06-14
PAY-9014,ORD-2641,"$10,920.00",COD,SUCCESS,27-10-2024
PAY-9015,ORD-4141,15796,card,SUCCESS,23-08-2024
PAY-9016,ORD-3151,"$7,617.00",alipay,pending,25-09-2026
PAY-9017,ORD-4316,"$1,946.00",card,pending,2026-09-08
PAY-9018,ORD-6275,19437,wechat,SUCCESS,01/21/2026
PAY-9019,ORD-7,"$18,185.00",wechat,pending,25-11-2025
PAY-9020,ORD-8461,$642.00,wechat,success,12/07/2026
PAY-9021,ORD-12495,3011,alipay,success,2026-04-02
PAY-9022,ORD-9826,8877,alipay,success,03/13/2026
PAY-9023,ORD-12760,5997,card,SUCCESS,2025-11-18
PAY-9024,ORD-5654,10 747,wechat,pending,2024-04-04
PAY-9025,ORD-9445,3264,alipay,SUCCESS,19-02-2025
PAY-9026,ORD-10828,"3 981,00",COD,success,06/07/2026
PAY-9027,ORD-14680,18606,COD,SUCCESS,2026-12-07
PAY-9028,ORD-2427,"$13,554.00",COD,pending,05/13/2025
PAY-9029,ORD-12412,839,alipay,success,08-04-2026
PAY-9030,ORD-11366,495,COD,pending,2024-02-05
PAY-9031,ORD-2475,17658,alipay,pending,2026-07-13
PAY-9032,ORD-39,"8 479,00",wechat,success,21-01-2026
PAY-9033,ORD-4299,"11 374,00",COD,SUCCESS,06-12-2026
PAY-9034,ORD-11653,$742.00,wechat,pending,2026-12-17
PAY-9035,ORD-4562,2948,card,SUCCESS,2026-08-22
PAY-9036,ORD-11867,"$4,118.00",alipay,SUCCESS,2025-12-15
PAY-9037,ORD-11306,"$10,722.00",COD,success,2025-09-07
PAY-9038,ORD-5903,"7 298,00",alipay,pending,2026-03-13
PAY-9039,ORD-12654,11277,wechat,pending,19-01-2025
PAY-9040,ORD-14587,"10 002,00",COD,success,05/23/2026
PAY-9041,ORD-10490,3007,wechat,pending,2026-12-01
PAY-9042,ORD-12986,14 634,card,success,2024-03-13
PAY-9043,ORD-14676,1452,alipay,pending,2026-09-26
PAY-9044,ORD-3653,"$3,796.00",alipay,success,08/11/2024
PAY-9045,ORD-6242,"$17,430.00",wechat,pending,2025-06-26
PAY-9046,ORD-4401,16781,wechat,pending,04-07-2026
PAY-9047,ORD-10443,7060,card,success,2026-07-28
PAY-9048,ORD-9082,"$8,823.00",alipay,pending,2025-10-13
PAY-9049,ORD-1588,"$14,922.00",card,success,14-05-2026
PAY-9050,ORD-10855,"$9,386.00",alipay,SUCCESS,21-08-2026
PAY-9051,ORD-2839,"12 893,00",COD,pending,18-09-2024
PAY-9052,ORD-3714,11229,card,success,2026-11-06
PAY-9053,ORD-14409,13679,card,pending,10/09/2024
PAY-9054,ORD-7460,11469,alipay,pending,06/11/2025
PAY-9055,ORD-10072,18997,wechat,pending,19-03-2024
PAY-9056,ORD-12910,9244,wechat,SUCCESS,07/08/2026
PAY-9057,ORD-4250,"4 304,00",card,SUCCESS,2026-07-17
PAY-9058,ORD-8191,15 095,wechat,success,2026-03-26
PAY-9059,ORD-2089,"$18,253.00",alipay,pending,12/17/2026
PAY-9060,ORD-8663,18 390,COD,SUCCESS,2025-11-01
PAY-9061,ORD-4584,"$11,925.00",wechat,failed,10-03-2026
PAY-9062,ORD-1164,8 533,alipay,SUCCESS,2025-04-27
PAY-9063,ORD-5086,"5 133,00",card,SUCCESS,09-05-2024
PAY-9064,ORD-11998,2206,alipay,success,2025-03-15
PAY-9065,ORD-5442,4772,alipay,pending,09/04/2026
PAY-9066,ORD-9843,8623,alipay,SUCCESS,12/24/2026
PAY-9067,ORD-6608,8612,card,pending,2025-01-14
PAY-9068,ORD-18,10551,wechat,SUCCESS,2026-08-12
PAY-9069,ORD-1429,"$15,111.00",card,SUCCESS,2024-02-06
PAY-9070,ORD-8764,3844,card,pending,08/14/2025
PAY-9071,ORD-14791,1 261,card,pending,2025-12-08
PAY-9072,ORD-9767,17066,alipay,SUCCESS,22-10-2024
PAY-9073,ORD-2121,15311,COD,success,09-02-2024
PAY-9074,ORD-6739,10 650,wechat,pending,2025-05-21
PAY-9075,ORD-10810,15973,COD,success,2024-09-17
PAY-9076,ORD-6782,6457,wechat,pending,14-11-2024
PAY-9077,ORD-2303,10651,COD,success,10/26/2024
PAY-9078,ORD-1557,"$1,602.00",card,pending,2024-09-04
PAY-9079,ORD-13155,"12 388,00",COD,pending,2024-08-25
PAY-9080,ORD-14210,"16 627,00",wechat,SUCCESS,2026-07-11
PAY-9081,ORD-10118,898,wechat,success,2025-10-28
PAY-9082,ORD-8997,2400,card,SUCCESS,2026-05-26
PAY-9083,ORD-8880,419,wechat,SUCCESS,2024-06-03
PAY-9084,ORD-5048,3440,card,pending,07/18/2026
PAY-9085,ORD-1314,"$7,585.00",COD,SUCCESS,2026-06-08
PAY-9086,ORD-4913,"1 425,00",card,SUCCESS,2024-10-19
PAY-9087,ORD-1637,9 202,card,SUCCESS,2026-01-19
PAY-9088,ORD-4974,"$19,420.00",card,pending,21-07-2024
PAY-9089,ORD-8567,14559,card,success,12/16/2024
PAY-9090,ORD-14910,10899,COD,success,2024-04-27
PAY-9091,ORD-9763,1599,alipay,success,2024-04-11
PAY-9092,ORD-2848,"$6,602.00",wechat,failed,2024-10-10
PAY-9093,ORD-501,11716,card,failed,2025-04-25
PAY-9094,ORD-14526,"$18,022.00",COD,pending,2024-11-06
PAY-9095,ORD-7419,7430,alipay,SUCCESS,2026-12-17
PAY-9096,ORD-244,19092,COD,pending,09/10/2026
PAY-9097,ORD-12009,"17 069,00",COD,SUCCESS,11/27/2024
PAY-9098,ORD-5824,6064,COD,SUCCESS,2026-09-05
PAY-9099,ORD-8982,19877,COD,SUCCESS,01/16/2024
PAY-9100,ORD-12938,"$2,040.00",wechat,success,07/12/2026
PAY-9101,ORD-9452,"$3,418.00",card,success,11/27/2025
PAY-9102,ORD-9777,5644,wechat,failed,16-12-2024
PAY-9103,ORD-9274,8934,COD,pending,2026-12-08
PAY-9104,ORD-14011,15883,wechat,SUCCESS,2026-10-09
PAY-9105,ORD-2263,13006,alipay,SUCCESS,2025-08-12
PAY-9106,ORD-11048,17518,alipay,success,2026-11-14
PAY-9107,ORD-7146,11071,wechat,success,06-06-2026
PAY-9108,ORD-11920,2 736,alipay,SUCCESS,07/18/2025
PAY-9109,ORD-13545,9129,wechat,SUCCESS,04/01/2024
PAY-9110,ORD-4639,7160,wechat,success,2025-11-06
PAY-9111,ORD-14348,16422,alipay,SUCCESS,2024-11-05
PAY-9112,ORD-2062,4300,card,pending,2024-06-22
PAY-9113,ORD-966,"$12,044.00",card,SUCCESS,16-10-2025
PAY-9114,ORD-5394,15845,alipay,SUCCESS,2024-10-13
PAY-9115,ORD-13566,3879,alipay,pending,2025-04-10
PAY-9116,ORD-10442,8054,wechat,SUCCESS,2025-02-04
PAY-9117,ORD-14680,5977,alipay,success,2024-06-28
PAY-9118,ORD-3634,13385,wechat,success,17-02-2025
PAY-9119,ORD-1657,169,wechat,failed,09/13/2024
PAY-9120,ORD-6355,15023,alipay,SUCCESS,05/17/2026
PAY-9121,ORD-383,3688,wechat,success,09/06/2026
PAY-9122,ORD-3719,7660,COD,pending,08/23/2026
PAY-9123,ORD-9085,15463,wechat,pending,2024-04-17
PAY-9124,ORD-3433,9145,COD,pending,01/07/2025
PAY-9125,ORD-6601,6144,alipay,SUCCESS,06/02/2024
PAY-9126,ORD-8828,10 645,wechat,SUCCESS,01/20/2026
PAY-9127,ORD-11551,17899,alipay,pending,2024-02-25
PAY-9128,ORD-2237,9267,wechat,SUCCESS,2024-08-19
PAY-9129,ORD-3730,"$15,067.00",alipay,success,2025-05-11
PAY-9130,ORD-4889,8 692,COD,pending,01-06-2024
PAY-9131,ORD-6012,13984,alipay,SUCCESS,2024-01-19
PAY-9132,ORD-10837,14698,wechat,SUCCESS,25-03-2025
PAY-9133,ORD-7557,19875,alipay,pending,2025-11-03
PAY-9134,ORD-6386,"$18,963.00",wechat,SUCCESS,15-07-2026
PAY-9135,ORD-14940,314,wechat,pending,2024-06-19
PAY-9136,ORD-9017,"$12,622.00",wechat,success,2026-07-26
PAY-9137,ORD-137,"5 185,00",alipay,pending,2025-09-19
PAY-9138,ORD-7865,1609,alipay,SUCCESS,07/15/2025
PAY-9139,ORD-7275,9607,card,SUCCESS,11/01/2025
PAY-9140,ORD-8431,"$18,307.00",wechat,success,2024-10-24
PAY-9141,ORD-5101,6256,card,pending,07/10/2026
PAY-9142,ORD-14417,"8 416,00",COD,pending,17-04-2024
PAY-9143,ORD-14423,"$12,451.00",COD,pending,08/28/2025
PAY-9144,ORD-11921,13284,card,success,12-12-2026
PAY-9145,ORD-4333,9780,COD,pending,2026-11-22
PAY-9146,ORD-10912,7887,card,pending,08-12-2026
PAY-9147,ORD-1679,11131,COD,pending,16-11-2025
PAY-9148,ORD-8630,"$2,852.00",card,SUCCESS,07/07/2024
PAY-9149,ORD-9450,11572,COD,pending,18-02-2025
PAY-9150,ORD-9641,15119,COD,SUCCESS,2025-02-20
PAY-9151,ORD-5122,"$8,199.00",alipay,pending,03/14/2026
PAY-9152,ORD-199,"$4,374.00",card,pending,12-01-2025
PAY-9153,ORD-6027,4312,card,success,2026-05-19
PAY-9154,ORD-12534,711,alipay,success,01/12/2026
PAY-9155,ORD-2587,"12 181,00",card,pending,2025-02-05
PAY-9156,ORD-1249,14105,alipay,pending,2024-05-14
PAY-9157,ORD-2903,"$17,993.00",wechat,pending,06/24/2024
PAY-9158,ORD-13121,6556,COD,pending,03/08/2026
PAY-9159,ORD-2218,"$11,426.00",wechat,success,28-02-2024
PAY-9160,ORD-13287,"$15,173.00",alipay,pending,2026-09-21
PAY-9161,ORD-11493,13 679,wechat,success,05-07-2026
PAY-9162,ORD-13084,"4 406,00",card,pending,11/02/2026
PAY-9163,ORD-3503,5751,wechat,SUCCESS,2026-02-26
PAY-9164,ORD-2181,2695,wechat,SUCCESS,2024-10-09
PAY-9165,ORD-4296,"$17,524.00",alipay,success,2024-05-13
PAY-9166,ORD-13340,"$17,100.00",card,pending,2025-06-24
PAY-9167,ORD-8135,5693,card,SUCCESS,12/06/2024
PAY-9168,ORD-14955,"$3,882.00",card,SUCCESS,2026-04-17
PAY-9169,ORD-10281,15223,card,success,2024-04-17
PAY-9170,ORD-8931,"$6,404.00",wechat,pending,03/10/2026
PAY-9171,ORD-7906,"12 238,00",alipay,failed,14-01-2025
PAY-9172,ORD-2816,10875,card,pending,09/14/2026
PAY-9173,ORD-5275,4456,COD,pending,02/17/2026
PAY-9174,ORD-5864,18442,alipay,success,06/22/2026
PAY-9175,ORD-3215,"$15,887.00",card,pending,2026-09-13
PAY-9176,ORD-1584,"$7,542.00",card,success,2025-04-25
PAY-9177,ORD-4366,18154,COD,pending,2025-03-09
PAY-9178,ORD-505,"$10,984.00",COD,success,2024-11-16
PAY-9179,ORD-214,"16 848,00",wechat,success,2026-09-26
PAY-9180,ORD-1084,"$15,946.00",alipay,pending,2024-08-25
PAY-9181,ORD-3878,"$7,627.00",card,success,2024-01-26
PAY-9182,ORD-5891,4828,wechat,success,21-08-2024
PAY-9183,ORD-8939,8 141,card,SUCCESS,2026-05-06
PAY-9184,ORD-3897,78,card,SUCCESS,28-01-2024
PAY-9185,ORD-6513,19543,alipay,failed,01/26/2026
PAY-9186,ORD-8826,"$1,353.00",wechat,success,2026-04-25
PAY-9187,ORD-8830,"$3,490.00",alipay,SUCCESS,12/26/2024
PAY-9188,ORD-2395,"7 987,00",card,pending,2024-05-20
PAY-9189,ORD-5483,"$19,104.00",card,SUCCESS,2025-10-19
PAY-9190,ORD-14642,19079,wechat,success,2025-09-24
PAY-9191,ORD-13669,"$8,854.00",alipay,pending,09/19/2025
PAY-9192,ORD-2175,3931,COD,failed,2025-08-23
PAY-9193,ORD-3533,3 393,COD,success,2025-01-11
PAY-9194,ORD-12744,"$19,143.00",alipay,success,14-07-2026
PAY-9195,ORD-14037,"$5,688.00",COD,success,03/02/2026
PAY-9196,ORD-10366,"7 813,00",alipay,success,10/09/2025
PAY-9197,ORD-3621,14 702,alipay,success,11/18/2025
PAY-9198,ORD-9961,16730,alipay,success,02/12/2026
PAY-9199,ORD-1599,"$16,808.00",COD,success,2025-02-28
PAY-9200,ORD-3130,4137,alipay,failed,2026-03-24
PAY-9201,ORD-7989,5366,card,pending,2026-05-27
PAY-9202,ORD-8864,10 931,alipay,success,14-06-2026
PAY-9203,ORD-11700,"$15,635.00",wechat,success,09/03/2026
PAY-9204,ORD-9308,15572,alipay,pending,2024-10-20
PAY-9205,ORD-3624,"$9,120.00",wechat,SUCCESS,17-07-2024
PAY-9206,ORD-1655,"$5,154.00",card,SUCCESS,01/23/2026
PAY-9207,ORD-6662,7777,alipay,SUCCESS,06/10/2025
PAY-9208,ORD-5617,"$6,684.00",card,pending,2025-11-20
PAY-9209,ORD-3615,"$2,251.00",COD,failed,04-03-2024
PAY-9210,ORD-6734,"$18,995.00",card,pending,2024-12-10
PAY-9211,ORD-5067,3911,COD,success,07/10/2026
PAY-9212,ORD-499,"$1,091.00",COD,pending,2024-06-28
PAY-9213,ORD-10505,"$5,006.00",card,pending,16-11-2024
PAY-9214,ORD-14501,2259,wechat,SUCCESS,27-07-2026
PAY-9215,ORD-461,18220,card,SUCCESS,26-12-2024
PAY-9216,ORD-8374,6710,COD,failed,04-07-2025
PAY-9217,ORD-13681,"$14,863.00",COD,success,2025-04-08
PAY-9218,ORD-12368,"7 968,00",card,success,08/16/2024
PAY-9219,ORD-3718,5005,COD,pending,2026-05-24
PAY-9220,ORD-7636,7 035,card,failed,2024-10-26
PAY-9221,ORD-2474,"16 572,00",wechat,SUCCESS,2025-04-05
PAY-9222,ORD-1844,4710,COD,SUCCESS,2025-04-02
PAY-9223,ORD-13987,"$19,851.00",card,pending,05/09/2025
PAY-9224,ORD-5533,"$5,318.00",alipay,success,10/01/2025
PAY-9225,ORD-7107,3956,card,SUCCESS,24-12-2026
PAY-9226,ORD-9675,"$7,495.00",card,SUCCESS,27-11-2025
PAY-9227,ORD-2810,11248,card,pending,17-11-2024
PAY-9228,ORD-1624,5916,COD,SUCCESS,12-09-2024
PAY-9229,ORD-4857,"$18,149.00",COD,SUCCESS,01/16/2024
PAY-9230,ORD-11559,869,wechat,pending,2024-03-14
PAY-9231,ORD-8608,"6 154,00",COD,SUCCESS,2024-01-17
PAY-9232,ORD-6972,"$10,227.00",COD,pending,2026-02-21
PAY-9233,ORD-2033,1 430,wechat,success,03/22/2024
PAY-9234,ORD-11879,"6 401,00",card,SUCCESS,06/12/2024
PAY-9235,ORD-8758,6 524,wechat,success,18-11-2025
PAY-9236,ORD-14262,8003,COD,SUCCESS,2024-01-11
PAY-9237,ORD-7182,"1 352,00",COD,SUCCESS,08/08/2026
PAY-9238,ORD-9680,18231,wechat,success,06/08/2026
PAY-9239,ORD-10986,17681,COD,pending,03/08/2025
PAY-9240,ORD-13057,"$15,912.00",alipay,pending,2025-05-21
PAY-9241,ORD-13133,"$18,441.00",alipay,success,2024-06-11
PAY-9242,ORD-14761,"$9,444.00",wechat,pending,12/19/2025
PAY-9243,ORD-8227,"12 090,00",alipay,success,2024-04-28
PAY-9244,ORD-12062,"15 727,00",wechat,success,2026-07-19
PAY-9245,ORD-5738,"3 800,00",COD,success,2026-09-17
PAY-9246,ORD-7001,"$5,151.00",COD,success,10-01-2024
PAY-9247,ORD-14402,"$4,694.00",card,SUCCESS,2026-10-25
PAY-9248,ORD-807,14926,alipay,pending,27-01-2026
PAY-9249,ORD-6346,12094,wechat,SUCCESS,2024-09-13
PAY-9250,ORD-733,"$17,596.00",alipay,pending,2024-03-01
PAY-9251,ORD-577,4308,COD,pending,2025-05-24
PAY-9252,ORD-7256,"$11,001.00",card,success,2026-09-04
PAY-9253,ORD-2481,9 764,alipay,pending,10/20/2024
PAY-9254,ORD-4182,2372,card,SUCCESS,01-12-2025
PAY-9255,ORD-10343,15822,wechat,pending,19-08-2025
PAY-9256,ORD-6982,3 371,wechat,success,24-01-2024
PAY-9257,ORD-225,5417,wechat,pending,2026-12-08
PAY-9258,ORD-3626,3634,alipay,success,08/16/2025
PAY-9259,ORD-905,971,wechat,success,07-10-2026
PAY-9260,ORD-14798,17160,COD,success,2025-02-27
PAY-9261,ORD-5629,19491,alipay,SUCCESS,2026-07-25
PAY-9262,ORD-3993,18774,COD,SUCCESS,2025-02-23
PAY-9263,ORD-9754,18508,wechat,pending,07/13/2024
PAY-9264,ORD-14382,5498,card,success,17-01-2025
PAY-9265,ORD-9972,2 628,alipay,SUCCESS,2025-06-18
PAY-9266,ORD-5095,17165,wechat,success,10/04/2024
PAY-9267,ORD-5386,14308,wechat,pending,2025-03-06
PAY-9268,ORD-13647,19340,COD,SUCCESS,03-03-2025
PAY-9269,ORD-7324,6985,COD,success,2025-03-07
PAY-9270,ORD-13138,"17 912,00",card,success,10/24/2024
PAY-9271,ORD-14166,"9 796,00",wechat,SUCCESS,2024-01-22
PAY-9272,ORD-5444,"$8,466.00",wechat,success,2026-09-02
PAY-9273,ORD-857,"$7,926.00",card,success,04/02/2024
PAY-9274,ORD-8760,"17 507,00",card,SUCCESS,24-01-2026
PAY-9275,ORD-8115,17312,wechat,success,2024-07-07
PAY-9276,ORD-11462,"$12,416.00",COD,SUCCESS,10/21/2024
PAY-9277,ORD-5412,"$6,771.00",wechat,success,04/02/2024
PAY-9278,ORD-2687,3278,COD,pending,2025-01-18
PAY-9279,ORD-9231,16744,wechat,pending,10/03/2025
PAY-9280,ORD-2085,"$5,853.00",card,success,2025-02-09
PAY-9281,ORD-3578,643,alipay,pending,08/16/2024
PAY-9282,ORD-11441,"15 384,00",COD,SUCCESS,2024-01-26
PAY-9283,ORD-11548,9095,card,pending,2026-02-20
PAY-9284,ORD-5016,17665,card,SUCCESS,01-01-2025
PAY-9285,ORD-12596,"$16,300.00",alipay,success,24-12-2026
PAY-9286,ORD-7181,14778,alipay,pending,2026-03-14
PAY-9287,ORD-8156,17133,card,success,07/02/2025
PAY-9288,ORD-3266,8982,alipay,pending,02/11/2025
PAY-9289,ORD-1575,9466,COD,SUCCESS,2025-12-09
PAY-9290,ORD-12630,"$17,258.00",alipay,pending,07/04/2025
PAY-9291,ORD-4093,9941,COD,pending,2026-08-17
PAY-9292,ORD-12091,3605,wechat,SUCCESS,22-05-2025
PAY-9293,ORD-9272,$185.00,COD,SUCCESS,09/08/2024
PAY-9294,ORD-3021,19310,card,success,2026-02-10
PAY-9295,ORD-9360,"$10,224.00",COD,success,2024-08-16
PAY-9296,ORD-4191,"16 830,00",COD,success,07/01/2025
PAY-9297,ORD-8971,"$2,473.00",COD,success,2024-09-02
PAY-9298,ORD-13905,16549,alipay,pending,02/03/2025
PAY-9299,ORD-11761,17105,alipay,pending,25-01-2024
PAY-9300,ORD-2463,"$16,981.00",wechat,SUCCESS,08/08/2024
PAY-9301,ORD-6535,14105,alipay,pending,04/13/2025
PAY-9302,ORD-2805,1868,card,pending,2025-04-22
PAY-9303,ORD-10057,18 736,COD,pending,2025-02-03
PAY-9304,ORD-6971,14923,wechat,SUCCESS,07/15/2024
PAY-9305,ORD-4476,7233,COD,success,01/07/2024
PAY-9306,ORD-14674,8127,card,pending,04/08/2026
PAY-9307,ORD-2137,2203,card,success,2026-01-20
PAY-9308,ORD-1818,19717,wechat,SUCCESS,05/21/2026
PAY-9309,ORD-2095,18834,COD,SUCCESS,2026-11-16
PAY-9310,ORD-5585,5733,alipay,SUCCESS,2026-06-05
PAY-9311,ORD-3862,11 624,COD,SUCCESS,2026-04-09
PAY-9312,ORD-14815,9686,card,pending,2025-09-10
PAY-9313,ORD-269,"6 429,00",alipay,pending,2024-04-08
PAY-9314,ORD-2291,15694,card,pending,2026-02-22
PAY-9315,ORD-526,13078,wechat,SUCCESS,2024-03-12
PAY-9316,ORD-1055,"$19,682.00",alipay,pending,04/12/2024
PAY-9317,ORD-5052,431,card,success,10/25/2025
PAY-9318,ORD-7846,12176,wechat,success,22-06-2025
PAY-9319,ORD-4733,16021,alipay,SUCCESS,2025-06-06
PAY-9320,ORD-10879,"$13,112.00",card,SUCCESS,2025-08-22
PAY-9321,ORD-347,"$4,207.00",card,success,2025-10-26
PAY-9322,ORD-7665,"$15,823.00",card,pending,2025-02-18
PAY-9323,ORD-9412,4051,wechat,pending,2026-08-10
PAY-9324,ORD-14915,"$11,088.00",alipay,success,03-12-2024
PAY-9325,ORD-3539,2390,alipay,pending,2024-03-14
PAY-9326,ORD-9727,"$5,615.00",wechat,success,2024-12-01
PAY-9327,ORD-2449,4 039,COD,success,2025-01-02
PAY-9328,ORD-5974,5452,wechat,SUCCESS,01/08/2024
PAY-9329,ORD-3587,"3 784,00",wechat,success,2026-06-10
PAY-9330,ORD-10851,10959,alipay,SUCCESS,2026-07-25
PAY-9331,ORD-12032,1539,COD,pending,23-07-2024
PAY-9332,ORD-13949,"8 334,00",card,pending,03/08/2025
PAY-9333,ORD-703,11564,wechat,success,2024-11-03
PAY-9334,ORD-12909,"$2,395.00",wechat,SUCCESS,19-03-2025
PAY-9335,ORD-7070,14373,wechat,pending,2025-12-03
PAY-9336,ORD-5633,7155,wechat,success,2024-07-14
PAY-9337,ORD-9949,7533,card,pending,2024-10-22
PAY-9338,ORD-1876,3171,COD,success,25-07-2026
PAY-9339,ORD-10672,528,wechat,pending,05/11/2025
PAY-9340,ORD-5597,7 245,alipay,SUCCESS,2024-11-01
PAY-9341,ORD-5846,3392,alipay,success,07/10/2026
PAY-9342,ORD-5179,"$2,100.00",alipay,success,12/18/2025
PAY-9343,ORD-9317,5196,COD,pending,2026-01-12
PAY-9344,ORD-2995,12154,alipay,success,10/24/2026
PAY-9345,ORD-10868,6142,wechat,success,08/28/2024
PAY-9346,ORD-2831,6 223,card,SUCCESS,11/07/2026
PAY-9347,ORD-7245,3150,alipay,SUCCESS,04/01/2026
PAY-9348,ORD-5932,5966,alipay,SUCCESS,2025-08-23
PAY-9349,ORD-2223,18647,card,SUCCESS,2026-07-27
PAY-9350,ORD-1247,527,wechat,pending,2025-09-11
PAY-9351,ORD-14314,"$9,302.00",card,pending,08/24/2025
PAY-9352,ORD-13979,"$8,220.00",card,success,13-08-2024
PAY-9353,ORD-1291,"8 020,00",wechat,pending,2026-11-19
PAY-9354,ORD-11979,18517,wechat,SUCCESS,2024-02-17
PAY-9355,ORD-4623,4 028,alipay,SUCCESS,2024-12-09
PAY-9356,ORD-1643,"8 104,00",card,pending,05/18/2025
PAY-9357,ORD-1405,3861,COD,pending,2025-03-21
PAY-9358,ORD-416,19 874,wechat,success,10-06-2025
PAY-9359,ORD-2825,7498,wechat,pending,2024-04-08
PAY-9360,ORD-9325,"$18,173.00",card,pending,2026-04-28
PAY-9361,ORD-13566,13825,wechat,failed,12/07/2024
PAY-9362,ORD-13312,"$17,951.00",card,SUCCESS,2024-08-27
PAY-9363,ORD-3441,13506,alipay,pending,04/02/2024
PAY-9364,ORD-8175,4567,alipay,pending,2025-01-18
PAY-9365,ORD-9093,17823,wechat,SUCCESS,2026-03-24
PAY-9366,ORD-1110,"$11,469.00",wechat,pending,07/05/2026
PAY-9367,ORD-6824,"$16,289.00",alipay,success,2025-04-26
PAY-9368,ORD-10645,7121,wechat,success,2026-05-09
PAY-9369,ORD-12251,"$3,296.00",alipay,SUCCESS,09-11-2024
PAY-9370,ORD-139,16906,alipay,SUCCESS,03/09/2026
PAY-9371,ORD-6040,8035,COD,SUCCESS,06/05/2024
PAY-9372,ORD-3782,18431,card,SUCCESS,2024-08-14
PAY-9373,ORD-7429,17 704,COD,pending,04/16/2025
PAY-9374,ORD-11379,"$1,346.00",COD,success,09/10/2026
PAY-9375,ORD-582,"$17,923.00",alipay,success,10/16/2026
PAY-9376,ORD-286,6142,wechat,pending,03/06/2026
PAY-9377,ORD-3363,"$1,583.00",COD,pending,05/02/2025
PAY-9378,ORD-1097,2221,alipay,success,04/28/2026
PAY-9379,ORD-7990,"$10,363.00",card,SUCCESS,02/13/2026
PAY-9380,ORD-3812,"$16,712.00",alipay,pending,09/01/2025
PAY-9381,ORD-12419,10245,alipay,pending,18-05-2024
PAY-9382,ORD-12111,"$3,032.00",COD,SUCCESS,2026-12-28
PAY-9383,ORD-9536,"18 400,00",wechat,SUCCESS,2026-09-09
PAY-9384,ORD-7284,19252,card,SUCCESS,10/06/2024
PAY-9385,ORD-4387,$576.00,card,success,02-07-2024
PAY-9386,ORD-13639,10418,COD,pending,2025-10-07
PAY-9387,ORD-10249,"$15,977.00",card,SUCCESS,2026-02-18
PAY-9388,ORD-1175,4240,card,SUCCESS,2024-04-28
PAY-9389,ORD-5908,4317,COD,success,21-02-2025
PAY-9390,ORD-2221,"14 292,00",alipay,failed,2025-07-28
PAY-9391,ORD-8004,"$11,350.00",card,pending,02/26/2025
PAY-9392,ORD-7662,15666,wechat,success,2026-01-01
PAY-9393,ORD-4440,12048,wechat,pending,2026-08-10
PAY-9394,ORD-2461,"$14,099.00",wechat,pending,03/10/2024
PAY-9395,ORD-8235,2449,COD,pending,2026-11-27
PAY-9396,ORD-11974,13548,wechat,SUCCESS,12-07-2026
PAY-9397,ORD-10264,15086,card,SUCCESS,2025-05-25
PAY-9398,ORD-9180,"$11,610.00",wechat,success,11-05-2025
PAY-9399,ORD-10912,19 933,wechat,SUCCESS,2025-08-05
PAY-9400,ORD-12952,2542,alipay,pending,23-10-2024
PAY-9401,ORD-1195,10 910,wechat,SUCCESS,12/26/2024
PAY-9402,ORD-4982,2279,alipay,success,01/27/2025
PAY-9403,ORD-3102,17254,card,SUCCESS,26-04-2026
PAY-9404,ORD-452,13732,wechat,SUCCESS,08/20/2025
PAY-9405,ORD-10583,"$19,472.00",wechat,SUCCESS,20-09-2026
PAY-9406,ORD-7958,16 590,COD,SUCCESS,2025-05-18
PAY-9407,ORD-3173,"7 871,00",alipay,pending,03/20/2024
PAY-9408,ORD-11463,11240,alipay,success,10/09/2026
PAY-9409,ORD-14247,"$17,572.00",COD,pending,11/13/2025
PAY-9410,ORD-14504,6 989,alipay,success,2026-03-25
PAY-9411,ORD-1455,"$5,866.00",wechat,pending,01-11-2025
PAY-9412,ORD-6688,"729,00",wechat,pending,04-08-2024
PAY-9413,ORD-5852,522,card,SUCCESS,09-06-2025
PAY-9414,ORD-4975,"$5,235.00",card,success,04/15/2025
PAY-9415,ORD-13216,"$4,624.00",alipay,success,2026-09-14
PAY-9416,ORD-4742,10208,card,success,22-11-2026
PAY-9417,ORD-2637,"$1,395.00",COD,success,01/19/2024
PAY-9418,ORD-11630,436,alipay,failed,12/18/2026
PAY-9419,ORD-564,"$19,175.00",wechat,success,2024-12-13
PAY-9420,ORD-197,"$15,049.00",card,pending,2025-08-18
PAY-9421,ORD-8825,3206,wechat,SUCCESS,05-04-2024
PAY-9422,ORD-5796,"$1,148.00",alipay,success,2024-04-07
PAY-9423,ORD-7180,12113,card,success,10/27/2026
PAY-9424,ORD-13459,"$14,993.00",wechat,pending,05/26/2024
PAY-9425,ORD-10915,13835,COD,pending,23-09-2025
PAY-9426,ORD-6386,5321,alipay,SUCCESS,2024-03-17
PAY-9427,ORD-1548,17674,COD,SUCCESS,2025-12-01
PAY-9428,ORD-2272,6822,wechat,failed,09-01-2026
PAY-9429,ORD-1396,7261,COD,SUCCESS,04/24/2025
PAY-9430,ORD-9504,3 305,COD,failed,26-11-2024
PAY-9431,ORD-12460,"$2,281.00",wechat,SUCCESS,12/04/2024
PAY-9432,ORD-6959,10123,wechat,SUCCESS,2026-01-06
PAY-9433,ORD-14135,3204,wechat,pending,2025-09-12
PAY-9434,ORD-12753,19417,alipay,pending,12/20/2024
PAY-9435,ORD-440,17 427,wechat,pending,07-06-2024
PAY-9436,ORD-792,15701,alipay,SUCCESS,2026-06-21
PAY-9437,ORD-14367,11 510,card,success,2024-09-23
PAY-9438,ORD-5995,2396,COD,SUCCESS,2024-11-20
PAY-9439,ORD-7251,"7 929,00",COD,SUCCESS,2025-08-24
PAY-9440,ORD-5585,"$2,212.00",COD,SUCCESS,03-05-2025
PAY-9441,ORD-10690,2 994,COD,SUCCESS,2026-11-16
PAY-9442,ORD-3100,12994,card,SUCCESS,05/28/2026
PAY-9443,ORD-5315,"15 350,00",wechat,success,2026-12-21
PAY-9444,ORD-11336,6510,alipay,success,2026-04-10
PAY-9445,ORD-4051,1247,wechat,success,2024-02-21
PAY-9446,ORD-3991,12 672,card,pending,05-12-2025
PAY-9447,ORD-7287,10755,alipay,success,06/26/2025
PAY-9448,ORD-3894,6 358,wechat,success,08/12/2026
PAY-9449,ORD-6234,10239,COD,SUCCESS,07-12-2026
PAY-9450,ORD-6260,14230,alipay,SUCCESS,02/02/2025
PAY-9451,ORD-2339,1549,card,pending,2026-04-02
PAY-9452,ORD-14464,9757,COD,success,2025-11-18
PAY-9453,ORD-5471,1201,card,pending,03-08-2025
PAY-9454,ORD-6431,8 013,alipay,success,2025-02-15
PAY-9455,ORD-1470,11032,COD,success,11/25/2026
PAY-9456,ORD-2748,11 630,card,pending,07/12/2025
PAY-9457,ORD-13205,"$5,436.00",alipay,success,2024-04-28
PAY-9458,ORD-11443,1687,COD,pending,2024-09-10
PAY-9459,ORD-11447,10 061,alipay,pending,03-11-2026
PAY-9460,ORD-1418,1 122,wechat,SUCCESS,05/05/2026
PAY-9461,ORD-2801,394,COD,pending,2025-09-20
PAY-9462,ORD-3172,11390,COD,SUCCESS,07/27/2024
PAY-9463,ORD-12206,"$5,578.00",COD,pending,12/22/2024
PAY-9464,ORD-1655,5 930,COD,success,27-11-2024
PAY-9465,ORD-7414,14290,wechat,SUCCESS,07/16/2024
PAY-9466,ORD-5668,12 967,alipay,SUCCESS,2024-05-15
PAY-9467,ORD-1341,11675,wechat,pending,2025-12-01
PAY-9468,ORD-11743,"$8,934.00",COD,success,2025-09-13
PAY-9469,ORD-10655,17738,COD,success,2024-11-09
PAY-9470,ORD-5174,"$1,086.00",alipay,success,05/24/2025
PAY-9471,ORD-8577,11487,wechat,pending,13-09-2024
PAY-9472,ORD-13072,"$10,375.00",alipay,SUCCESS,08/04/2026
PAY-9473,ORD-6371,17275,wechat,success,2024-12-11
PAY-9474,ORD-612,"14 585,00",COD,SUCCESS,05/15/2026
PAY-9475,ORD-14390,4664,wechat,SUCCESS,2024-09-10
PAY-9476,ORD-13573,"17 635,00",alipay,SUCCESS,02/20/2026
PAY-9477,ORD-2344,"$15,814.00",wechat,success,2024-07-16
PAY-9478,ORD-11078,13089,COD,failed,03/02/2025
PAY-9479,ORD-11840,"$10,214.00",alipay,success,2026-09-27
PAY-9480,ORD-1003,7862,COD,pending,06/18/2025
PAY-9481,ORD-4697,14870,alipay,success,2025-04-01
PAY-9482,ORD-13356,10287,COD,pending,08-04-2025
PAY-9483,ORD-9538,$631.00,alipay,pending,2026-10-06
PAY-9484,ORD-10557,16800,wechat,success,08/22/2026
PAY-9485,ORD-8297,9939,card,success,05/22/2026
PAY-9486,ORD-3922,11 197,wechat,success,2026-04-05
PAY-9487,ORD-7890,15352,wechat,success,03/03/2024
PAY-9488,ORD-2516,9 524,wechat,success,20-12-2026
PAY-9489,ORD-410,"$11,112.00",alipay,success,2024-06-12
PAY-9490,ORD-4674,"$6,024.00",COD,SUCCESS,2025-12-20
PAY-9491,ORD-13228,19251,COD,SUCCESS,04/19/2025
PAY-9492,ORD-9957,8166,wechat,SUCCESS,02-06-2024
PAY-9493,ORD-4016,11574,alipay,success,10/23/2025
PAY-9494,ORD-988,"$5,875.00",alipay,success,18-02-2026
PAY-9495,ORD-2173,"949,00",COD,pending,2025-08-10
PAY-9496,ORD-3658,"$6,054.00",card,SUCCESS,2026-01-14
PAY-9497,ORD-6029,8013,alipay,SUCCESS,2026-01-14
PAY-9498,ORD-1919,15864,COD,SUCCESS,03/13/2024
PAY-9499,ORD-13820,2979,alipay,SUCCESS,27-07-2025
PAY-9500,ORD-2493,6 394,card,success,12/26/2024
PAY-9501,ORD-13046,8 802,alipay,pending,2026-07-14
PAY-9502,ORD-1385,"$19,331.00",alipay,SUCCESS,2025-10-09
PAY-9503,ORD-2729,2745,alipay,success,2024-12-24
PAY-9504,ORD-13800,13 970,COD,pending,20-09-2026
PAY-9505,ORD-4686,18804,COD,pending,2025-09-25
PAY-9506,ORD-10010,"18 018,00",alipay,success,07/02/2024
PAY-9507,ORD-6530,"$13,962.00",card,success,2025-12-10
PAY-9508,ORD-3708,4064,wechat,success,16-12-2025
PAY-9509,ORD-1372,5295,card,SUCCESS,08/28/2026
PAY-9510,ORD-12092,"18 992,00",wechat,success,2026-09-14
PAY-9511,ORD-1554,7104,card,SUCCESS,2026-11-18
PAY-9512,ORD-11411,6008,wechat,pending,2025-09-18
PAY-9513,ORD-5524,"$15,737.00",alipay,success,07/15/2025
PAY-9514,ORD-13443,"$18,035.00",wechat,success,2024-04-02
PAY-9515,ORD-11855,19058,wechat,failed,2025-11-15
PAY-9516,ORD-6561,2380,card,SUCCESS,2024-06-19
PAY-9517,ORD-683,10167,COD,SUCCESS,2025-09-06
PAY-9518,ORD-4951,18678,wechat,success,2025-09-25
PAY-9519,ORD-6720,11652,card,SUCCESS,2026-01-09
PAY-9520,ORD-10616,"$17,077.00",COD,pending,06/10/2026
PAY-9521,ORD-831,"17 847,00",alipay,success,2025-10-22
PAY-9522,ORD-5233,"14 169,00",alipay,pending,2025-02-26
PAY-9523,ORD-911,5527,COD,success,2024-09-27
PAY-9524,ORD-763,"$13,981.00",COD,SUCCESS,07/05/2024
PAY-9525,ORD-8004,"$16,542.00",card,success,10-08-2024
PAY-9526,ORD-3873,8061,COD,pending,10-10-2024
PAY-9527,ORD-13293,8680,alipay,SUCCESS,01/20/2025
PAY-9528,ORD-7582,"$5,845.00",COD,SUCCESS,08/06/2025
PAY-9529,ORD-9182,12392,card,SUCCESS,2026-09-14
PAY-9530,ORD-14630,18100,card,pending,10/10/2025
PAY-9531,ORD-6230,"$9,412.00",card,pending,2024-07-05
PAY-9532,ORD-5706,11559,COD,pending,09/12/2025
PAY-9533,ORD-11991,"18 300,00",card,success,2025-05-16
PAY-9534,ORD-546,"$7,778.00",COD,pending,10/19/2024
PAY-9535,ORD-13201,7 635,wechat,success,01/23/2025
PAY-9536,ORD-1833,"$8,019.00",card,success,2024-08-17
PAY-9537,ORD-3881,"$16,109.00",card,success,2024-11-21
PAY-9538,ORD-918,19442,alipay,pending,01/26/2026
PAY-9539,ORD-9619,"3 120,00",alipay,failed,2024-12-11
PAY-9540,ORD-1492,"$10,629.00",wechat,SUCCESS,2025-11-02
PAY-9541,ORD-5755,10949,wechat,success,2025-07-17
PAY-9542,ORD-5287,"$13,568.00",card,success,2025-02-24
PAY-9543,ORD-3383,1 705,alipay,success,08/24/2025
PAY-9544,ORD-11091,18118,card,pending,2026-07-15
PAY-9545,ORD-7989,415,card,success,2026-02-22
PAY-9546,ORD-308,13375,COD,SUCCESS,2026-11-10
PAY-9547,ORD-7834,"$9,182.00",COD,failed,2024-11-05
PAY-9548,ORD-3418,15348,card,pending,06/18/2026
PAY-9549,ORD-2186,13839,card,success,2026-09-04
PAY-9550,ORD-6964,16574,wechat,pending,11/14/2024
PAY-9551,ORD-5007,16297,wechat,pending,28-10-2024
PAY-9552,ORD-12836,5875,COD,SUCCESS,09-10-2024
PAY-9553,ORD-14466,14751,COD,SUCCESS,05/12/2024
PAY-9554,ORD-13492,6328,COD,SUCCESS,2026-05-22
PAY-9555,ORD-12074,266,COD,pending,19-10-2025
PAY-9556,ORD-9785,1885,COD,SUCCESS,2024-03-09
PAY-9557,ORD-4756,18977,alipay,failed,12-08-2026
PAY-9558,ORD-12215,"$11,676.00",card,success,2024-07-06
PAY-9559,ORD-1692,"$13,792.00",alipay,SUCCESS,17-09-2024
PAY-9560,ORD-12857,13539,alipay,success,2024-11-07
PAY-9561,ORD-1777,1387,wechat,SUCCESS,07/17/2026
PAY-9562,ORD-1810,3208,COD,pending,16-10-2026
PAY-9563,ORD-8149,"$12,019.00",alipay,success,05/04/2025
PAY-9564,ORD-2017,8984,wechat,SUCCESS,04/01/2024
PAY-9565,ORD-5017,"$4,821.00",COD,SUCCESS,03/28/2024
PAY-9566,ORD-14670,"$19,879.00",alipay,SUCCESS,2024-06-21
PAY-9567,ORD-11853,"$15,973.00",COD,pending,2025-03-03
PAY-9568,ORD-1569,"$13,914.00",alipay,pending,09-02-2026
PAY-9569,ORD-13312,12214,wechat,SUCCESS,04/09/2024
PAY-9570,ORD-6431,"$2,968.00",card,success,08/26/2024
PAY-9571,ORD-13790,"800,00",wechat,success,2026-10-16
PAY-9572,ORD-3200,8 980,card,SUCCESS,2025-11-25
PAY-9573,ORD-6506,13 131,card,pending,03/07/2025
PAY-9574,ORD-5043,4402,alipay,SUCCESS,07-09-2026
PAY-9575,ORD-3326,13421,card,SUCCESS,2024-12-07
PAY-9576,ORD-11162,531,COD,SUCCESS,01/09/2025
PAY-9577,ORD-1593,"$18,229.00",COD,pending,02-01-2025
PAY-9578,ORD-2607,8030,card,success,04/28/2026
PAY-9579,ORD-3767,"3 841,00",COD,success,2024-09-20
PAY-9580,ORD-943,7508,alipay,pending,2024-05-13
PAY-9581,ORD-1743,11992,card,success,11/11/2026
PAY-9582,ORD-5294,"$9,418.00",card,success,04/21/2026
PAY-9583,ORD-1373,"$4,674.00",COD,SUCCESS,2024-04-21
PAY-9584,ORD-6670,"$6,212.00",card,pending,2026-04-17
PAY-9585,ORD-4054,15745,card,pending,2025-02-13
PAY-9586,ORD-9831,6 983,wechat,pending,11-10-2026
PAY-9587,ORD-3446,"18 075,00",wechat,SUCCESS,09/27/2024
PAY-9588,ORD-7334,1223,COD,SUCCESS,08-07-2025
PAY-9589,ORD-4362,1293,COD,success,2026-09-25
PAY-9590,ORD-12287,14480,card,SUCCESS,22-01-2024
PAY-9591,ORD-9662,8240,card,success,12-12-2024
PAY-9592,ORD-1388,$981.00,COD,pending,2026-03-04
PAY-9593,ORD-14571,16 295,wechat,success,2025-02-27
PAY-9594,ORD-479,18 546,COD,SUCCESS,2024-03-24
PAY-9595,ORD-6814,1 929,card,pending,07/02/2025
PAY-9596,ORD-7681,7436,alipay,success,2026-02-18
PAY-9597,ORD-7954,"$16,729.00",alipay,success,08/27/2024
PAY-9598,ORD-4992,"11 440,00",card,failed,06/07/2026
PAY-9599,ORD-9727,9584,wechat,pending,2025-11-05
PAY-9600,ORD-9633,"$8,693.00",COD,SUCCESS,2024-03-12
PAY-9601,ORD-8297,16049,wechat,SUCCESS,2024-04-18
PAY-9602,ORD-8606,13927,alipay,success,2024-03-25
PAY-9603,ORD-11263,6585,alipay,pending,05/22/2025
PAY-9604,ORD-3082,8258,wechat,SUCCESS,2026-09-19
PAY-9605,ORD-4504,"871,00",alipay,success,06/06/2026
PAY-9606,ORD-10595,7745,card,SUCCESS,2024-12-27
PAY-9607,ORD-13796,"$1,143.00",card,pending,2024-04-03
PAY-9608,ORD-11670,18693,COD,SUCCESS,05/16/2024
PAY-9609,ORD-6694,$881.00,COD,success,2026-05-05
PAY-9610,ORD-6888,"$8,781.00",card,success,08/25/2026
PAY-9611,ORD-12161,8303,COD,failed,2025-10-14
PAY-9612,ORD-7845,7470,COD,SUCCESS,2024-01-28
PAY-9613,ORD-9589,6033,alipay,SUCCESS,2026-01-10
PAY-9614,ORD-10982,19420,COD,success,2026-11-26
PAY-9615,ORD-4568,15 527,COD,SUCCESS,2025-09-19
PAY-9616,ORD-12080,"$6,307.00",alipay,SUCCESS,04/03/2025
PAY-9617,ORD-10315,13883,card,pending,08/18/2025
PAY-9618,ORD-11627,9565,wechat,SUCCESS,09/20/2025
PAY-9619,ORD-10637,6837,alipay,SUCCESS,2026-07-22
PAY-9620,ORD-6350,12577,card,SUCCESS,2025-03-09
PAY-9621,ORD-559,"$13,718.00",alipay,success,06-10-2024
PAY-9622,ORD-11065,293,alipay,SUCCESS,17-02-2026
PAY-9623,ORD-3416,5 400,COD,failed,2025-12-03
PAY-9624,ORD-5271,"$9,761.00",alipay,pending,2024-11-17
PAY-9625,ORD-9015,"$4,617.00",alipay,SUCCESS,2024-10-02
PAY-9626,ORD-5638,"$8,984.00",wechat,failed,17-09-2025
PAY-9627,ORD-945,"$4,673.00",card,pending,2025-03-24
PAY-9628,ORD-10686,"$12,204.00",COD,SUCCESS,05/13/2024
PAY-9629,ORD-4634,$413.00,card,SUCCESS,2026-07-18
PAY-9630,ORD-12565,18514,alipay,SUCCESS,2024-02-08
PAY-9631,ORD-11420,11065,alipay,success,2025-11-03
PAY-9632,ORD-6952,2795,wechat,pending,2025-01-01
PAY-9633,ORD-13998,2428,COD,SUCCESS,08/19/2025
PAY-9634,ORD-13806,5020,COD,pending,2026-10-19
PAY-9635,ORD-14153,2632,wechat,pending,23-03-2025
PAY-9636,ORD-7251,14718,card,pending,06/26/2025
PAY-9637,ORD-7832,12625,COD,SUCCESS,09/12/2024
PAY-9638,ORD-7062,17061,wechat,pending,2025-08-01
PAY-9639,ORD-7904,11013,card,pending,28-06-2024
PAY-9640,ORD-10934,597,card,pending,11/15/2026
PAY-9641,ORD-12039,11552,wechat,success,13-12-2024
PAY-9642,ORD-6445,1789,wechat,SUCCESS,2024-02-05
PAY-9643,ORD-2543,"4 379,00",card,pending,2024-11-02
PAY-9644,ORD-9338,"$6,701.00",COD,pending,2026-07-03
PAY-9645,ORD-10893,"$10,369.00",card,pending,2025-08-10
PAY-9646,ORD-13819,"$17,517.00",wechat,SUCCESS,05/01/2024
PAY-9647,ORD-12487,"$9,334.00",wechat,success,2026-12-15
PAY-9648,ORD-2150,"$4,181.00",wechat,success,2026-04-03
PAY-9649,ORD-86,17802,COD,pending,21-01-2026
PAY-9650,ORD-9503,17445,COD,pending,03/24/2025
PAY-9651,ORD-14641,"$1,029.00",wechat,SUCCESS,28-08-2025
PAY-9652,ORD-1709,3270,COD,success,15-06-2025
PAY-9653,ORD-1627,"18 114,00",card,pending,01/15/2026
PAY-9654,ORD-13137,"$3,719.00",alipay,SUCCESS,07-09-2026
PAY-9655,ORD-5119,16846,alipay,success,2025-06-08
PAY-9656,ORD-10971,"17 675,00",COD,success,12/08/2025
PAY-9657,ORD-14606,"2 366,00",alipay,SUCCESS,12-07-2025
PAY-9658,ORD-11414,19466,card,SUCCESS,10-12-2025
PAY-9659,ORD-7433,15119,alipay,success,2026-09-26
PAY-9660,ORD-5937,"$5,179.00",wechat,success,2026-11-02
PAY-9661,ORD-2814,"$18,463.00",alipay,success,2025-03-08
PAY-9662,ORD-12972,"8 788,00",alipay,pending,2026-01-27
PAY-9663,ORD-4185,"$14,709.00",card,success,2024-03-15
PAY-9664,ORD-14986,15 668,wechat,success,2025-12-24
PAY-9665,ORD-11926,187,alipay,SUCCESS,10/03/2025
PAY-9666,ORD-14655,"$3,174.00",wechat,success,2024-10-17
PAY-9667,ORD-14327,"11 219,00",alipay,pending,2025-02-01
PAY-9668,ORD-6891,"$8,890.00",alipay,SUCCESS,16-01-2024
PAY-9669,ORD-11888,2273,wechat,pending,2026-04-28
PAY-9670,ORD-5514,"10 233,00",wechat,success,05/25/2026
PAY-9671,ORD-4040,4 294,COD,pending,02/17/2024
PAY-9672,ORD-9909,14678,COD,SUCCESS,2025-04-06
PAY-9673,ORD-1741,"3 056,00",wechat,success,09/14/2026
PAY-9674,ORD-313,"11 329,00",wechat,pending,2024-07-17
PAY-9675,ORD-1851,1 170,COD,pending,2026-12-04
PAY-9676,ORD-8768,18 835,card,success,2025-04-16
PAY-9677,ORD-63,3769,alipay,success,02/16/2025
PAY-9678,ORD-10647,"$18,853.00",alipay,SUCCESS,2026-11-03
PAY-9679,ORD-6535,"$2,893.00",card,success,2024-10-18
PAY-9680,ORD-6079,"$17,601.00",alipay,success,11/12/2026
PAY-9681,ORD-7470,"$1,071.00",alipay,SUCCESS,2025-03-04
PAY-9682,ORD-10765,"$17,848.00",wechat,pending,2025-03-04
PAY-9683,ORD-10282,10 034,wechat,pending,2024-06-01
PAY-9684,ORD-13732,"$13,898.00",wechat,success,21-08-2024
PAY-9685,ORD-1170,"$8,155.00",card,SUCCESS,2026-02-09
PAY-9686,ORD-9996,"$9,015.00",wechat,success,02/06/2025
PAY-9687,ORD-10232,6467,card,success,01/22/2025
PAY-9688,ORD-961,"$12,891.00",wechat,pending,2026-02-28
PAY-9689,ORD-14443,4802,wechat,success,03-10-2026
PAY-9690,ORD-14452,"$4,462.00",alipay,success,2026-04-24
PAY-9691,ORD-10469,"$9,740.00",alipay,success,2024-07-25
PAY-9692,ORD-14799,18478,alipay,success,02/01/2025
PAY-9693,ORD-10218,"566,00",card,SUCCESS,20-09-2026
PAY-9694,ORD-7459,10260,COD,pending,2025-05-20
PAY-9695,ORD-3671,"$19,387.00",alipay,pending,28-10-2025
PAY-9696,ORD-8958,"$17,207.00",alipay,success,02/14/2024
PAY-9697,ORD-12558,18744,card,SUCCESS,12/09/2025
PAY-9698,ORD-5305,7915,COD,pending,15-03-2025
PAY-9699,ORD-2973,"$11,874.00",wechat,SUCCESS,06-01-2026
PAY-9700,ORD-7601,10116,wechat,success,2025-05-06
PAY-9701,ORD-14117,"1 667,00",COD,pending,26-04-2024
PAY-9702,ORD-14792,"2 641,00",wechat,SUCCESS,09-05-2026
PAY-9703,ORD-13925,"4 630,00",COD,success,04-02-2024
PAY-9704,ORD-11657,"14 604,00",COD,SUCCESS,2026-03-15
PAY-9705,ORD-14702,"$15,755.00",COD,pending,2026-08-06
PAY-9706,ORD-2935,"$12,791.00",alipay,failed,07/04/2026
PAY-9707,ORD-208,"$18,902.00",card,SUCCESS,02/27/2025
PAY-9708,ORD-14553,9199,wechat,success,04/20/2026
PAY-9709,ORD-5341,19 213,COD,success,08/23/2026
PAY-9710,ORD-13427,"$17,509.00",alipay,success,01/27/2024
PAY-9711,ORD-302,"$15,437.00",alipay,SUCCESS,07/13/2025
PAY-9712,ORD-1329,"7 275,00",card,pending,2025-06-10
PAY-9713,ORD-4577,"$9,556.00",alipay,success,2025-04-02
PAY-9714,ORD-14049,208,card,pending,2026-09-13
PAY-9715,ORD-7050,"$6,565.00",wechat,failed,2026-06-14
PAY-9716,ORD-464,17609,COD,pending,27-11-2026
PAY-9717,ORD-13537,"$2,210.00",wechat,SUCCESS,2024-06-07
PAY-9718,ORD-13198,9963,wechat,SUCCESS,2025-10-12
PAY-9719,ORD-14087,1320,card,SUCCESS,05-06-2024
PAY-9720,ORD-7566,10532,wechat,SUCCESS,05-05-2025
PAY-9721,ORD-9059,1688,card,pending,2024-06-24
PAY-9722,ORD-3997,19342,wechat,success,12/02/2024
PAY-9723,ORD-11751,16109,alipay,success,2026-11-02
PAY-9724,ORD-2333,"$17,042.00",card,failed,2024-10-14
PAY-9725,ORD-13914,6173,card,success,2024-03-24
PAY-9726,ORD-7416,14201,card,SUCCESS,20-10-2025
PAY-9727,ORD-11599,4 295,COD,pending,2026-03-12
PAY-9728,ORD-14050,$317.00,card,pending,2025-05-11
PAY-9729,ORD-12799,5896,COD,SUCCESS,01/22/2026
PAY-9730,ORD-9266,19809,alipay,success,2026-01-28
PAY-9731,ORD-11001,"4 310,00",card,success,09/20/2026
PAY-9732,ORD-12716,15987,card,success,05/01/2026
PAY-9733,ORD-10873,6 941,COD,failed,2025-01-21
PAY-9734,ORD-790,3083,wechat,SUCCESS,2025-10-15
PAY-9735,ORD-10069,"$13,575.00",wechat,pending,2024-07-04
PAY-9736,ORD-11130,"$6,715.00",card,success,2024-09-26
PAY-9737,ORD-1364,12042,alipay,pending,10/25/2025
PAY-9738,ORD-5464,"$14,433.00",COD,success,2024-12-23
PAY-9739,ORD-13405,3108,card,pending,01-08-2025
PAY-9740,ORD-6695,"$18,531.00",card,success,12/06/2026
PAY-9741,ORD-1858,11611,alipay,success,2024-01-12
PAY-9742,ORD-1680,13489,alipay,SUCCESS,18-05-2025
PAY-9743,ORD-10326,"$19,107.00",wechat,pending,2026-01-05
PAY-9744,ORD-2909,11 458,wechat,SUCCESS,06/24/2026
PAY-9745,ORD-6473,5263,card,pending,2026-09-11
PAY-9746,ORD-8866,4050,alipay,SUCCESS,2026-11-14
PAY-9747,ORD-5117,15 944,wechat,SUCCESS,2024-08-20
PAY-9748,ORD-1190,"$15,365.00",alipay,success,2025-03-11
PAY-9749,ORD-4099,16790,wechat,success,03/09/2024
PAY-9750,ORD-14915,6246,card,pending,2026-06-28
PAY-9751,ORD-14928,1117,alipay,pending,02/20/2024
PAY-9752,ORD-13762,$742.00,COD,success,10/14/2026
PAY-9753,ORD-4503,"$4,254.00",card,pending,2026-10-09
PAY-9754,ORD-5980,1953,wechat,pending,13-09-2024
PAY-9755,ORD-5096,"$19,261.00",COD,success,2025-03-13
PAY-9756,ORD-3515,"$14,698.00",COD,pending,2026-05-20
PAY-9757,ORD-10307,17 134,COD,success,2025-08-02
PAY-9758,ORD-11714,"$13,365.00",card,pending,20-06-2025
PAY-9759,ORD-14536,18563,alipay,success,20-05-2026
PAY-9760,ORD-14511,"$18,194.00",card,success,01-07-2025
PAY-9761,ORD-4806,"$19,873.00",card,SUCCESS,2024-11-03
PAY-9762,ORD-4951,"10 476,00",wechat,success,23-12-2026
PAY-9763,ORD-1403,"$17,765.00",card,success,2024-06-09
PAY-9764,ORD-8819,10597,card,SUCCESS,08/20/2025
PAY-9765,ORD-4197,13899,wechat,SUCCESS,2024-09-23
PAY-9766,ORD-782,15 957,COD,pending,07/25/2024
PAY-9767,ORD-6572,$505.00,wechat,pending,2024-01-14
PAY-9768,ORD-2301,7422,COD,SUCCESS,19-06-2024
PAY-9769,ORD-12168,17083,alipay,success,03/23/2024
PAY-9770,ORD-6022,"$17,762.00",card,success,2025-11-12
PAY-9771,ORD-10376,"6 791,00",wechat,success,2024-03-04
PAY-9772,ORD-3880,5231,alipay,failed,2026-11-06
PAY-9773,ORD-14152,"$2,059.00",card,pending,11-01-2026
PAY-9774,ORD-6227,"$16,712.00",wechat,success,2026-02-06
PAY-9775,ORD-2366,18516,wechat,SUCCESS,2025-12-27
PAY-9776,ORD-3451,"$15,152.00",wechat,failed,2026-04-17
PAY-9777,ORD-3500,"$14,332.00",wechat,pending,27-05-2025
PAY-9778,ORD-9702,"$8,646.00",card,SUCCESS,2026-02-23
PAY-9779,ORD-2781,3342,COD,pending,2024-10-16
PAY-9780,ORD-5699,6354,alipay,success,2024-12-01
PAY-9781,ORD-2117,3 860,COD,success,04/18/2025
PAY-9782,ORD-10583,13391,wechat,success,06/09/2024
PAY-9783,ORD-5557,9 911,alipay,SUCCESS,2026-04-03
PAY-9784,ORD-9926,"$1,078.00",card,SUCCESS,2024-02-02
PAY-9785,ORD-9327,16 864,COD,SUCCESS,2025-02-02
PAY-9786,ORD-6205,"$18,138.00",alipay,pending,08/04/2026
PAY-9787,ORD-2579,"$14,529.00",card,SUCCESS,09-04-2024
PAY-9788,ORD-4644,2 756,card,success,11/28/2025
PAY-9789,ORD-3065,11322,COD,success,04/10/2025
PAY-9790,ORD-5203,"$9,708.00",alipay,SUCCESS,2025-01-28
PAY-9791,ORD-13415,"$7,886.00",wechat,pending,2024-07-28
PAY-9792,ORD-1658,11933,card,failed,28-03-2026
PAY-9793,ORD-7524,9235,card,pending,2024-01-04
PAY-9794,ORD-11526,"$1,234.00",COD,SUCCESS,27-05-2025
PAY-9795,ORD-9346,14534,COD,success,2025-07-10
PAY-9796,ORD-8801,14948,alipay,success,2024-03-24
PAY-9797,ORD-3103,17364,card,pending,2025-05-23
PAY-9798,ORD-5543,"$3,510.00",card,success,07-04-2026
PAY-9799,ORD-8420,8468,card,SUCCESS,2026-09-08
PAY-9800,ORD-10044,"$11,333.00",card,pending,05/12/2024
PAY-9801,ORD-4853,16 407,alipay,SUCCESS,2026-10-11
PAY-9802,ORD-169,"$5,993.00",alipay,pending,2026-12-24
PAY-9803,ORD-13364,"19 576,00",alipay,SUCCESS,04/05/2025
PAY-9804,ORD-13745,10320,COD,pending,10-02-2025
PAY-9805,ORD-6043,2 375,alipay,pending,05-04-2026
PAY-9806,ORD-12470,3437,alipay,success,2024-11-20
PAY-9807,ORD-13213,8229,alipay,success,2024-07-04
PAY-9808,ORD-13111,"$1,840.00",COD,SUCCESS,2026-11-09
PAY-9809,ORD-5042,"$14,590.00",alipay,success,2025-09-08
PAY-9810,ORD-7377,"$14,417.00",wechat,success,2025-12-12
PAY-9811,ORD-262,"$9,183.00",card,failed,16-01-2026
PAY-9812,ORD-4118,5857,COD,failed,2024-10-10
PAY-9813,ORD-6991,"$15,550.00",alipay,pending,2024-06-20
PAY-9814,ORD-13116,14292,card,success,05/21/2026
PAY-9815,ORD-9934,17257,card,pending,17-11-2026
PAY-9816,ORD-11857,18789,alipay,success,2026-05-13
PAY-9817,ORD-13975,"$9,891.00",card,success,03/16/2025
PAY-9818,ORD-8617,10999,alipay,success,10/01/2025
PAY-9819,ORD-14830,15793,card,pending,2026-12-01
PAY-9820,ORD-7066,7324,alipay,success,2026-06-17
PAY-9821,ORD-3941,"$3,284.00",wechat,SUCCESS,19-05-2025
PAY-9822,ORD-12439,14 541,COD,pending,14-01-2024
PAY-9823,ORD-3950,14101,wechat,success,05-03-2025
PAY-9824,ORD-13101,3398,alipay,pending,12/14/2025
PAY-9825,ORD-9638,5427,alipay,SUCCESS,04/22/2026
PAY-9826,ORD-7456,"$3,955.00",wechat,pending,2024-12-17
PAY-9827,ORD-2381,15554,card,SUCCESS,22-12-2025
PAY-9828,ORD-12319,12645,COD,SUCCESS,2025-03-08
PAY-9829,ORD-13823,13606,wechat,success,11/03/2026
PAY-9830,ORD-4327,15527,card,SUCCESS,25-08-2025
PAY-9831,ORD-3123,"$18,665.00",COD,SUCCESS,08/03/2026
PAY-9832,ORD-6762,"$8,012.00",wechat,success,01/17/2024
PAY-9833,ORD-12458,3452,alipay,success,2026-07-10
PAY-9834,ORD-13335,12 316,alipay,pending,18-06-2026
PAY-9835,ORD-13572,4945,wechat,pending,2024-12-01
PAY-9836,ORD-12902,"$2,885.00",card,pending,06/02/2026
PAY-9837,ORD-8394,"3 677,00",alipay,SUCCESS,2026-04-17
PAY-9838,ORD-13239,"104,00",card,SUCCESS,2024-08-09
PAY-9839,ORD-10589,16985,wechat,pending,10-08-2024
PAY-9840,ORD-9114,16 950,alipay,SUCCESS,2024-09-04
PAY-9841,ORD-25,3 069,alipay,SUCCESS,02/05/2025
PAY-9842,ORD-4769,"$12,040.00",alipay,pending,08-10-2025
PAY-9843,ORD-8445,"$18,161.00",alipay,success,2024-10-04
PAY-9844,ORD-11126,2410,alipay,success,2026-11-23
PAY-9845,ORD-6890,3934,wechat,pending,16-12-2026
PAY-9846,ORD-2369,"$13,099.00",card,success,26-06-2026
PAY-9847,ORD-7344,"$7,766.00",card,success,2025-06-10
PAY-9848,ORD-9044,4892,alipay,pending,2024-05-24
PAY-9849,ORD-13767,"$17,482.00",COD,SUCCESS,04/18/2024
PAY-9850,ORD-5481,"7 879,00",wechat,success,2024-12-13
PAY-9851,ORD-12501,"$19,503.00",wechat,success,2026-11-21
PAY-9852,ORD-9186,"$11,067.00",alipay,SUCCESS,2024-06-18
PAY-9853,ORD-14260,5096,COD,SUCCESS,2024-12-25
PAY-9854,ORD-5951,"$7,686.00",alipay,pending,2026-05-01
PAY-9855,ORD-6316,10996,alipay,success,2026-06-02
PAY-9856,ORD-13002,10323,card,SUCCESS,2024-07-17
PAY-9857,ORD-543,5672,card,pending,2026-05-24
PAY-9858,ORD-1506,19 481,alipay,SUCCESS,27-04-2024
PAY-9859,ORD-14068,"$14,918.00",COD,success,2026-04-21
PAY-9860,ORD-4127,10534,wechat,pending,05-02-2024
PAY-9861,ORD-3032,12757,card,pending,03-03-2026
PAY-9862,ORD-14174,13935,alipay,SUCCESS,2025-02-16
PAY-9863,ORD-11469,"$5,890.00",COD,pending,06/21/2025
PAY-9864,ORD-13882,"$4,125.00",alipay,pending,02/16/2024
PAY-9865,ORD-13801,"16 314,00",card,SUCCESS,16-09-2025
PAY-9866,ORD-14252,"$17,296.00",wechat,success,2024-04-26
PAY-9867,ORD-1980,"7 667,00",COD,pending,04-04-2026
PAY-9868,ORD-11694,"$8,523.00",alipay,failed,16-05-2024
PAY-9869,ORD-9970,"19 958,00",wechat,pending,08-06-2024
PAY-9870,ORD-8071,$144.00,alipay,pending,2025-10-21
PAY-9871,ORD-9937,18 838,card,failed,2024-08-05
PAY-9872,ORD-14120,"$13,368.00",wechat,pending,05/26/2025
PAY-9873,ORD-975,"$2,918.00",wechat,failed,2025-09-27
PAY-9874,ORD-9183,"$7,812.00",wechat,success,2026-07-01
PAY-9875,ORD-11331,7593,wechat,pending,2024-06-03
PAY-9876,ORD-14460,7207,wechat,success,2025-04-03
PAY-9877,ORD-9130,4687,card,failed,2026-03-15
PAY-9878,ORD-12863,17843,COD,failed,2024-04-07
PAY-9879,ORD-4772,971,card,success,2026-05-20
PAY-9880,ORD-7256,437,alipay,pending,10/06/2025
PAY-9881,ORD-7347,5754,wechat,SUCCESS,27-02-2026
PAY-9882,ORD-1072,"$2,922.00",wechat,pending,2026-11-18
PAY-9883,ORD-12076,5375,alipay,SUCCESS,2024-06-26
PAY-9884,ORD-7404,849,COD,success,2025-05-01
PAY-9885,ORD-183,"18 757,00",alipay,success,06-01-2025
PAY-9886,ORD-8461,"17 589,00",COD,failed,2025-05-10
PAY-9887,ORD-2867,3272,COD,SUCCESS,2025-11-17
PAY-9888,ORD-14916,1481,wechat,SUCCESS,2025-02-23
PAY-9889,ORD-11895,"$9,489.00",COD,pending,27-02-2025
PAY-9890,ORD-2082,2127,wechat,pending,2025-04-10
PAY-9891,ORD-3533,8612,wechat,success,2026-11-10
PAY-9892,ORD-3962,9553,alipay,pending,2024-11-22
PAY-9893,ORD-8139,19514,card,success,2026-08-10
PAY-9894,ORD-5146,"$1,409.00",card,pending,2026-12-20
PAY-9895,ORD-6815,6316,alipay,pending,08/14/2024
PAY-9896,ORD-4700,"$15,776.00",COD,pending,2025-08-01
PAY-9897,ORD-6063,"12 206,00",card,success,2025-11-14
PAY-9898,ORD-4196,"19 227,00",alipay,success,2025-03-11
PAY-9899,ORD-14730,16050,wechat,pending,2024-08-14
PAY-9900,ORD-6539,"$3,676.00",card,success,2024-03-18
PAY-9901,ORD-4761,"10 817,00",alipay,success,01/19/2026
PAY-9902,ORD-4677,"$3,472.00",COD,SUCCESS,05/13/2024
PAY-9903,ORD-2200,"12 373,00",wechat,pending,2026-04-23
PAY-9904,ORD-1057,$991.00,COD,success,12-02-2024
PAY-9905,ORD-9950,9237,COD,pending,2026-01-25
PAY-9906,ORD-4202,14204,card,SUCCESS,2026-01-20
PAY-9907,ORD-6357,7139,wechat,pending,2025-05-20
PAY-9908,ORD-12198,"$2,389.00",wechat,pending,2026-08-22
PAY-9909,ORD-7189,16 638,wechat,SUCCESS,22-04-2026
PAY-9910,ORD-13874,6128,wechat,success,11/20/2024
PAY-9911,ORD-8932,15678,card,SUCCESS,2026-07-22
PAY-9912,ORD-13898,"$4,991.00",alipay,pending,2025-09-06
PAY-9913,ORD-14899,1978,alipay,pending,2025-10-11
PAY-9914,ORD-2135,"7 046,00",alipay,SUCCESS,03/11/2024
PAY-9915,ORD-268,"$19,098.00",COD,SUCCESS,2026-12-24
PAY-9916,ORD-6404,8689,alipay,success,25-06-2024
PAY-9917,ORD-3296,"$18,842.00",wechat,pending,2025-03-11
PAY-9918,ORD-11387,2907,wechat,success,2024-07-19
PAY-9919,ORD-9195,7 473,COD,success,15-12-2026
PAY-9920,ORD-2632,3541,wechat,success,2025-11-06
PAY-9921,ORD-5758,"$13,830.00",wechat,SUCCESS,2026-05-27
PAY-9922,ORD-14025,19346,COD,SUCCESS,2024-07-05
PAY-9923,ORD-6495,14441,card,success,2024-02-18
PAY-9924,ORD-262,17523,COD,success,20-05-2025
PAY-9925,ORD-393,"$1,230.00",COD,success,2025-03-28
PAY-9926,ORD-2585,3561,wechat,success,05/11/2024
PAY-9927,ORD-4161,758,wechat,success,2026-10-27
PAY-9928,ORD-2602,10940,wechat,pending,2025-06-14
PAY-9929,ORD-13374,9 994,COD,pending,05/08/2025
PAY-9930,ORD-12079,18422,COD,success,08-08-2024
PAY-9931,ORD-12828,12843,card,SUCCESS,2025-12-21
PAY-9932,ORD-14246,376,alipay,failed,2025-05-16
PAY-9933,ORD-600,"$19,833.00",card,success,2025-11-26
PAY-9934,ORD-5965,"$19,681.00",card,pending,03-11-2025
PAY-9935,ORD-1229,$711.00,alipay,success,2026-06-18
PAY-9936,ORD-13257,4 783,wechat,success,01/07/2024
PAY-9937,ORD-1282,5 740,card,SUCCESS,10/25/2026
PAY-9938,ORD-13733,"$12,286.00",alipay,success,05/15/2024
PAY-9939,ORD-10988,5701,COD,pending,09/10/2026
PAY-9940,ORD-6568,19966,card,pending,2026-08-08
PAY-9941,ORD-12841,"$9,017.00",COD,success,09/23/2026
PAY-9942,ORD-5727,12592,COD,success,2026-07-08
PAY-9943,ORD-7097,"5 526,00",wechat,SUCCESS,09-04-2026
PAY-9944,ORD-12710,15003,COD,SUCCESS,2026-04-11
PAY-9945,ORD-11408,"903,00",wechat,SUCCESS,01-07-2025
PAY-9946,ORD-8262,"$12,049.00",COD,success,2025-09-08
PAY-9947,ORD-10935,"$17,363.00",COD,SUCCESS,08/09/2026
PAY-9948,ORD-11135,"$19,532.00",COD,SUCCESS,28-09-2025
PAY-9949,ORD-4178,"$12,527.00",wechat,SUCCESS,24-03-2026
PAY-9950,ORD-84,14491,card,SUCCESS,07/19/2025
PAY-9951,ORD-953,"$2,611.00",card,success,05/26/2025
PAY-9952,ORD-9847,"$15,218.00",alipay,success,06/04/2026
PAY-9953,ORD-3804,"$19,358.00",card,SUCCESS,2026-06-28
PAY-9954,ORD-11839,"$5,888.00",alipay,success,2024-04-25
PAY-9955,ORD-4006,"8 361,00",COD,success,2024-02-10
PAY-9956,ORD-1729,14603,card,pending,03/20/2026
PAY-9957,ORD-7804,$857.00,alipay,SUCCESS,06/25/2026
PAY-9958,ORD-8948,1873,card,SUCCESS,07-09-2025
PAY-9959,ORD-14792,"12 475,00",wechat,success,2026-06-22
PAY-9960,ORD-8782,"$5,114.00",card,success,05/24/2025
PAY-9961,ORD-9243,15933,alipay,success,2024-02-10
PAY-9962,ORD-3971,"15 206,00",COD,success,2026-06-15
PAY-9963,ORD-2238,18 533,alipay,pending,11/15/2024
PAY-9964,ORD-609,"$1,036.00",alipay,success,2025-04-26
PAY-9965,ORD-186,14966,wechat,success,2024-05-23
PAY-9966,ORD-12404,3005,COD,failed,2026-03-08
PAY-9967,ORD-11864,1602,wechat,pending,11/09/2024
PAY-9968,ORD-7218,10376,COD,success,03/16/2025
PAY-9969,ORD-5531,19042,card,pending,2024-02-21
PAY-9970,ORD-3297,"14 121,00",wechat,success,10-07-2026
PAY-9971,ORD-3347,$118.00,card,success,2026-03-08
PAY-9972,ORD-7572,17346,card,success,2025-03-25
PAY-9973,ORD-8082,"$4,724.00",alipay,pending,16-10-2026
PAY-9974,ORD-14386,"$16,450.00",alipay,SUCCESS,04/21/2025
PAY-9975,ORD-9484,$292.00,wechat,failed,10/24/2024
PAY-9976,ORD-12478,"8 578,00",wechat,success,11/02/2026
PAY-9977,ORD-14686,3814,alipay,pending,27-01-2024
PAY-9978,ORD-11422,"$18,271.00",COD,SUCCESS,25-02-2024
PAY-9979,ORD-7772,980,wechat,pending,2026-11-19
PAY-9980,ORD-8098,1944,COD,pending,09/26/2025
PAY-9981,ORD-11503,"$13,527.00",card,success,2026-06-08
PAY-9982,ORD-2852,"$9,545.00",alipay,pending,09/16/2025
PAY-9983,ORD-1388,4271,wechat,success,04/24/2024
PAY-9984,ORD-10321,5442,alipay,success,2025-06-13
PAY-9985,ORD-7704,3257,COD,SUCCESS,2024-03-26
PAY-9986,ORD-9695,"$16,009.00",wechat,SUCCESS,09/11/2026
PAY-9987,ORD-5841,2602,alipay,failed,2024-09-16
PAY-9988,ORD-6000,4 606,alipay,pending,10/10/2025
PAY-9989,ORD-2601,17468,COD,pending,2026-04-10
PAY-9990,ORD-844,14615,card,SUCCESS,24-04-2025
PAY-9991,ORD-1653,18520,alipay,pending,2024-06-06
PAY-9992,ORD-3856,15969,card,failed,2026-10-13
PAY-9993,ORD-571,4433,wechat,SUCCESS,15-05-2025
PAY-9994,ORD-585,"$16,063.00",wechat,SUCCESS,2024-01-13
PAY-9995,ORD-10326,4997,alipay,SUCCESS,02/19/2025
PAY-9996,ORD-10204,16 260,COD,success,12-07-2026
PAY-9997,ORD-1558,8 668,card,success,2025-08-05
PAY-9998,ORD-3143,9883,card,SUCCESS,09/11/2024
PAY-9999,ORD-8235,592,card,SUCCESS,22-11-2025
PAY-10000,ORD-9609,6302,alipay,success,11-07-2025
PAY-10001,ORD-13602,5636,wechat,pending,2024-12-01
PAY-10002,ORD-12487,"5 706,00",COD,SUCCESS,09/12/2024
PAY-10003,ORD-2133,"$15,519.00",card,pending,05-07-2025
PAY-10004,ORD-4495,"$13,222.00",alipay,SUCCESS,08/20/2025
PAY-10005,ORD-8037,16086,wechat,success,2026-01-11
PAY-10006,ORD-3790,11921,COD,SUCCESS,01/13/2025
PAY-10007,ORD-14745,"$10,812.00",wechat,pending,08-07-2025
PAY-10008,ORD-6381,"$8,947.00",alipay,pending,2026-10-24
PAY-10009,ORD-11614,"$6,000.00",alipay,SUCCESS,10-04-2026
PAY-10010,ORD-9145,6 158,card,pending,12/01/2026
PAY-10011,ORD-10471,"1 023,00",alipay,success,2026-08-18
PAY-10012,ORD-682,4936,card,pending,2026-06-26
PAY-10013,ORD-9838,"13 461,00",alipay,SUCCESS,2025-05-03
PAY-10014,ORD-5406,15138,alipay,SUCCESS,2025-04-28
PAY-10015,ORD-6163,"17 890,00",alipay,pending,12/02/2026
PAY-10016,ORD-12112,"2 227,00",COD,SUCCESS,02/07/2026
PAY-10017,ORD-767,"$9,745.00",wechat,SUCCESS,2025-09-12
PAY-10018,ORD-14760,8867,COD,success,2025-05-24
PAY-10019,ORD-2051,11207,COD,pending,21-07-2025
PAY-10020,ORD-1098,"$3,693.00",card,success,2024-03-28
PAY-10021,ORD-1646,8428,COD,success,2025-09-26
PAY-10022,ORD-2894,"$12,381.00",COD,SUCCESS,2025-06-09
PAY-10023,ORD-1625,19973,card,pending,2024-08-23
PAY-10024,ORD-11118,15369,card,SUCCESS,2026-12-20
PAY-10025,ORD-9884,"3 696,00",alipay,pending,2025-08-25
PAY-10026,ORD-9,"$13,012.00",wechat,success,2024-10-01
PAY-10027,ORD-11659,9423,alipay,success,21-06-2025
PAY-10028,ORD-6478,15 270,wechat,success,01-02-2025
PAY-10029,ORD-9989,4037,card,success,2025-12-17
PAY-10030,ORD-8495,"$5,730.00",COD,pending,03/17/2026
PAY-10031,ORD-11186,$733.00,alipay,SUCCESS,2025-11-01
PAY-10032,ORD-123,17952,COD,success,06/23/2024
PAY-10033,ORD-11505,"$2,929.00",wechat,success,12/09/2026
PAY-10034,ORD-13822,"$3,712.00",alipay,pending,06-11-2025
PAY-10035,ORD-14874,19655,wechat,SUCCESS,13-05-2024
PAY-10036,ORD-14784,12952,alipay,failed,06/27/2026
PAY-10037,ORD-6205,14875,COD,pending,07/23/2025
PAY-10038,ORD-13614,"$4,597.00",COD,pending,02/02/2025
PAY-10039,ORD-14269,852,COD,SUCCESS,2024-07-07
PAY-10040,ORD-2652,"$6,281.00",COD,pending,2025-09-12
PAY-10041,ORD-9360,14720,wechat,SUCCESS,02/21/2025
PAY-10042,ORD-6386,500,wechat,SUCCESS,08/09/2024
PAY-10043,ORD-4822,"$19,466.00",wechat,SUCCESS,2025-06-14
PAY-10044,ORD-13590,12211,card,SUCCESS,2025-02-09
PAY-10045,ORD-9643,11166,card,success,2024-08-06
PAY-10046,ORD-6885,15519,wechat,failed,2026-01-06
PAY-10047,ORD-6149,1053,wechat,pending,2026-02-25
PAY-10048,ORD-992,"8 684,00",wechat,SUCCESS,2026-04-08
PAY-10049,ORD-4697,14941,COD,pending,04-11-2025
PAY-10050,ORD-13853,14 801,card,success,2025-06-26
PAY-10051,ORD-6014,"$14,993.00",COD,SUCCESS,10-07-2026
PAY-10052,ORD-10674,"$3,900.00",alipay,pending,2025-09-26
PAY-10053,ORD-9683,11535,wechat,SUCCESS,2024-04-27
PAY-10054,ORD-1967,13881,alipay,SUCCESS,2026-03-06
PAY-10055,ORD-3550,5320,wechat,success,10/13/2026
PAY-10056,ORD-172,"$6,555.00",COD,pending,2025-10-18
PAY-10057,ORD-7192,1 715,wechat,SUCCESS,2026-08-07
PAY-10058,ORD-3247,6657,COD,pending,05-11-2026
PAY-10059,ORD-5244,14814,wechat,SUCCESS,12-11-2026
PAY-10060,ORD-9793,11157,alipay,success,03/12/2026
PAY-10061,ORD-1977,9362,card,success,03/25/2024
PAY-10062,ORD-6250,11903,card,success,2026-04-11
PAY-10063,ORD-1112,"$18,582.00",COD,success,07/04/2026
PAY-10064,ORD-8345,"$15,801.00",wechat,SUCCESS,2024-05-25
PAY-10065,ORD-14212,18801,COD,SUCCESS,2026-02-02
PAY-10066,ORD-3229,"$13,816.00",wechat,SUCCESS,2024-08-13
PAY-10067,ORD-145,"$10,846.00",card,SUCCESS,04/18/2024
PAY-10068,ORD-12356,1790,card,success,03/27/2026
PAY-10069,ORD-7465,"$5,154.00",wechat,SUCCESS,2024-06-27
PAY-10070,ORD-5721,16 273,alipay,pending,05/03/2025
PAY-10071,ORD-2044,15 987,alipay,SUCCESS,08-07-2024
PAY-10072,ORD-2511,1245,alipay,SUCCESS,12/28/2026
PAY-10073,ORD-9564,"$13,386.00",alipay,success,2026-12-09
PAY-10074,ORD-4802,11514,alipay,failed,2025-02-07
PAY-10075,ORD-4545,18260,wechat,SUCCESS,10/10/2024
PAY-10076,ORD-12749,"$2,274.00",card,SUCCESS,01-07-2026
PAY-10077,ORD-9310,11864,COD,SUCCESS,2024-07-17
PAY-10078,ORD-6543,"$16,222.00",alipay,SUCCESS,01/03/2024
PAY-10079,ORD-12703,16645,card,SUCCESS,2024-07-05
PAY-10080,ORD-7167,"$17,232.00",wechat,SUCCESS,01/07/2026
PAY-10081,ORD-12333,12935,wechat,pending,2024-04-15
PAY-10082,ORD-6170,10722,card,SUCCESS,04/15/2024
PAY-10083,ORD-8294,"18 443,00",card,SUCCESS,2024-06-27
PAY-10084,ORD-14900,"$9,136.00",wechat,pending,2025-04-02
PAY-10085,ORD-12640,"12 223,00",COD,success,09/02/2026
PAY-10086,ORD-6274,"16 775,00",card,success,2025-12-11
PAY-10087,ORD-614,17992,COD,success,2025-03-17
PAY-10088,ORD-4285,14 789,wechat,pending,2024-10-22
PAY-10089,ORD-2626,"5 008,00",alipay,success,02/11/2025
PAY-10090,ORD-4777,19863,COD,SUCCESS,11/25/2025
PAY-10091,ORD-1594,16374,wechat,pending,05-11-2025
PAY-10092,ORD-11454,"$1,546.00",alipay,pending,07/13/2025
PAY-10093,ORD-13187,588,alipay,pending,22-12-2026
PAY-10094,ORD-5726,17883,card,SUCCESS,2024-04-19
PAY-10095,ORD-10210,3590,wechat,pending,09-05-2026
PAY-10096,ORD-6999,5435,alipay,SUCCESS,2026-12-09
PAY-10097,ORD-5453,4457,card,pending,04/28/2024
PAY-10098,ORD-2343,2490,card,success,2024-01-11
PAY-10099,ORD-11850,"$8,379.00",alipay,SUCCESS,2024-04-02
PAY-10100,ORD-2047,$237.00,alipay,SUCCESS,02/27/2024
PAY-10101,ORD-11836,10118,COD,success,2026-02-14
PAY-10102,ORD-13237,"$7,332.00",alipay,pending,07/24/2024
PAY-10103,ORD-12883,19052,card,SUCCESS,2024-05-21
PAY-10104,ORD-2896,"$12,432.00",COD,success,05-09-2025
PAY-10105,ORD-12443,19402,COD,pending,07/08/2026
PAY-10106,ORD-12593,16297,alipay,pending,11-07-2025
PAY-10107,ORD-2202,3 929,COD,success,09-11-2025
PAY-10108,ORD-2097,"$14,411.00",alipay,pending,04/13/2026
PAY-10109,ORD-4706,19913,card,pending,18-04-2024
PAY-10110,ORD-11009,"12 856,00",alipay,SUCCESS,02-08-2024
PAY-10111,ORD-4686,6013,wechat,success,06-01-2024
PAY-10112,ORD-13340,"$11,675.00",COD,success,05/06/2024
PAY-10113,ORD-7931,12443,card,success,09/27/2024
PAY-10114,ORD-13365,"$7,996.00",alipay,success,2025-08-09
PAY-10115,ORD-6292,"6 448,00",COD,success,17-02-2025
PAY-10116,ORD-12393,"19 200,00",card,SUCCESS,2025-08-10
PAY-10117,ORD-8366,3752,COD,SUCCESS,10-10-2026
PAY-10118,ORD-10408,"$11,881.00",wechat,SUCCESS,2025-03-09
PAY-10119,ORD-13851,16797,card,pending,2025-02-20
PAY-10120,ORD-4871,16222,alipay,failed,22-01-2026
PAY-10121,ORD-10678,13912,COD,SUCCESS,2026-06-26
PAY-10122,ORD-7234,8437,alipay,pending,2024-05-28
PAY-10123,ORD-5840,2845,COD,success,03/25/2026
PAY-10124,ORD-3366,10267,wechat,pending,2025-04-22
PAY-10125,ORD-10543,"$10,890.00",COD,SUCCESS,2024-06-27
PAY-10126,ORD-1372,"$19,581.00",card,pending,2026-07-08
PAY-10127,ORD-13012,11834,card,SUCCESS,08/13/2026
PAY-10128,ORD-11866,"899,00",COD,failed,2024-09-03
PAY-10129,ORD-3202,"$17,773.00",wechat,SUCCESS,28-10-2025
PAY-10130,ORD-5097,8 323,alipay,success,2025-06-28
PAY-10131,ORD-3040,13523,wechat,SUCCESS,06/15/2026
PAY-10132,ORD-4071,12407,alipay,SUCCESS,2024-08-11
PAY-10133,ORD-838,17847,COD,SUCCESS,2024-11-24
PAY-10134,ORD-5786,13280,card,success,01/17/2025
PAY-10135,ORD-3761,8442,card,success,17-07-2024
PAY-10136,ORD-2288,8150,COD,pending,03/14/2024
PAY-10137,ORD-7384,"$8,162.00",wechat,pending,06-07-2025
PAY-10138,ORD-460,7900,COD,SUCCESS,09/07/2025
PAY-10139,ORD-4422,3074,card,success,05/26/2025
PAY-10140,ORD-35,"$8,551.00",COD,SUCCESS,2024-01-12
PAY-10141,ORD-1139,"11 995,00",alipay,pending,03/01/2026
PAY-10142,ORD-11606,"5 804,00",card,SUCCESS,07/19/2025
PAY-10143,ORD-7299,5210,alipay,SUCCESS,09/12/2026
PAY-10144,ORD-4803,"$1,228.00",card,SUCCESS,21-05-2026
PAY-10145,ORD-12207,19209,alipay,pending,2024-12-16
PAY-10146,ORD-2024,19468,wechat,success,12/27/2026
PAY-10147,ORD-10711,13822,card,SUCCESS,12/13/2026
PAY-10148,ORD-6523,1219,wechat,SUCCESS,2024-05-14
PAY-10149,ORD-8131,2 524,wechat,SUCCESS,2025-10-06
PAY-10150,ORD-13598,10428,COD,pending,09/01/2026
PAY-10151,ORD-10909,14 139,alipay,success,05/22/2025
PAY-10152,ORD-14366,"$17,597.00",alipay,success,2024-11-01
PAY-10153,ORD-6614,"$14,790.00",card,SUCCESS,15-09-2026
PAY-10154,ORD-363,"13 632,00",alipay,success,13-08-2026
PAY-10155,ORD-11387,175,wechat,pending,09/26/2026
PAY-10156,ORD-10341,"$14,431.00",COD,pending,2025-01-17
PAY-10157,ORD-734,10468,COD,pending,05/01/2025
PAY-10158,ORD-14316,19606,wechat,pending,02/03/2024
PAY-10159,ORD-14125,8 887,COD,success,2025-05-14
PAY-10160,ORD-1839,14360,alipay,pending,03-06-2025
PAY-10161,ORD-12728,3688,card,SUCCESS,18-07-2024
PAY-10162,ORD-4243,13 615,wechat,SUCCESS,04-12-2024
PAY-10163,ORD-1405,14660,card,SUCCESS,04/06/2025
PAY-10164,ORD-9292,8143,card,failed,2024-06-21
PAY-10165,ORD-10118,11526,alipay,SUCCESS,12/23/2026
PAY-10166,ORD-3277,2816,alipay,SUCCESS,2025-01-03
PAY-10167,ORD-7089,10080,card,success,2025-07-14
PAY-10168,ORD-14659,"$8,164.00",card,success,2025-11-22
PAY-10169,ORD-1680,"$10,497.00",COD,SUCCESS,12/15/2025
PAY-10170,ORD-5876,12348,COD,success,01/13/2026
PAY-10171,ORD-564,19903,alipay,SUCCESS,11/14/2025
PAY-10172,ORD-10040,6072,COD,success,2024-08-24
PAY-10173,ORD-14543,"$9,896.00",alipay,success,2026-09-04
PAY-10174,ORD-4332,19175,COD,success,2025-03-01
PAY-10175,ORD-17,6941,card,success,2025-03-15
PAY-10176,ORD-3473,19468,wechat,pending,03/09/2026
PAY-10177,ORD-9439,17 916,card,SUCCESS,2025-06-20
PAY-10178,ORD-7035,967,wechat,SUCCESS,03/21/2025
PAY-10179,ORD-8145,10 903,COD,success,2026-02-18
PAY-10180,ORD-7303,2447,COD,pending,11-09-2024
PAY-10181,ORD-13211,15485,wechat,success,21-07-2024
PAY-10182,ORD-4885,6819,card,pending,11/26/2026
PAY-10183,ORD-4973,1956,card,SUCCESS,2026-09-22
PAY-10184,ORD-10953,$695.00,alipay,success,2025-07-01
PAY-10185,ORD-12823,"$10,798.00",wechat,SUCCESS,2024-12-22
PAY-10186,ORD-14605,"$16,566.00",alipay,pending,2026-02-07
PAY-10187,ORD-7339,"13 539,00",alipay,pending,01/24/2024
PAY-10188,ORD-851,"$2,270.00",wechat,SUCCESS,2025-11-03
PAY-10189,ORD-7077,6 471,card,SUCCESS,2025-06-19
PAY-10190,ORD-4928,19142,alipay,success,06/07/2025
PAY-10191,ORD-610,"9 744,00",card,success,04/11/2025
PAY-10192,ORD-11618,18478,wechat,success,2024-07-13
PAY-10193,ORD-14262,"$18,626.00",wechat,success,03/11/2025
PAY-10194,ORD-7013,7826,alipay,pending,10/14/2024
PAY-10195,ORD-14956,"$9,465.00",alipay,pending,2026-06-19
PAY-10196,ORD-8567,18 489,alipay,failed,07/25/2024
PAY-10197,ORD-7789,17762,card,success,12/13/2025
PAY-10198,ORD-745,1 829,card,pending,2024-01-08
PAY-10199,ORD-8294,"$12,605.00",COD,pending,01/09/2026
PAY-10200,ORD-14111,4246,COD,SUCCESS,08/25/2026
PAY-10201,ORD-14913,15235,alipay,SUCCESS,2025-06-18
PAY-10202,ORD-10908,"$2,961.00",alipay,pending,05/10/2026
PAY-10203,ORD-2533,3390,COD,SUCCESS,2025-11-10
PAY-10204,ORD-7443,"18 668,00",alipay,SUCCESS,13-06-2026
PAY-10205,ORD-1251,"$1,766.00",alipay,success,2025-10-05
PAY-10206,ORD-2884,$324.00,COD,SUCCESS,03/16/2025
PAY-10207,ORD-7132,"16 432,00",alipay,success,02/10/2024
PAY-10208,ORD-10568,"$13,221.00",card,success,2026-09-10
PAY-10209,ORD-3368,12 832,COD,SUCCESS,2026-11-26
PAY-10210,ORD-6979,"$5,811.00",alipay,SUCCESS,23-04-2024
PAY-10211,ORD-7763,"670,00",wechat,success,02/04/2024
PAY-10212,ORD-12168,5382,COD,SUCCESS,2026-05-03
PAY-10213,ORD-9070,"$19,604.00",alipay,SUCCESS,2024-02-26
PAY-10214,ORD-9555,"16 654,00",alipay,failed,05-04-2024
PAY-10215,ORD-3230,"$13,542.00",card,success,2025-07-01
PAY-10216,ORD-3086,"$12,738.00",card,success,2025-07-22
PAY-10217,ORD-3482,15833,card,failed,16-01-2026
PAY-10218,ORD-760,11 503,alipay,pending,2026-05-15
PAY-10219,ORD-10120,4074,alipay,success,08/23/2024
PAY-10220,ORD-10083,12031,alipay,success,2025-11-27
PAY-10221,ORD-6148,4296,wechat,SUCCESS,2025-04-04
PAY-10222,ORD-3321,"$12,287.00",COD,success,2024-05-25
PAY-10223,ORD-12072,"$15,118.00",card,pending,12/22/2024
PAY-10224,ORD-12254,"$17,760.00",COD,pending,2025-02-17
PAY-10225,ORD-14249,14355,card,SUCCESS,26-02-2024
PAY-10226,ORD-10072,"3 550,00",card,success,2025-03-25
PAY-10227,ORD-5826,"$8,791.00",alipay,success,2026-11-05
PAY-10228,ORD-13606,18976,card,SUCCESS,2026-01-09
PAY-10229,ORD-14505,17 817,COD,success,2024-08-04
PAY-10230,ORD-10957,1980,COD,pending,01/11/2024
PAY-10231,ORD-8257,"$2,707.00",alipay,success,08-08-2026
PAY-10232,ORD-5184,"$5,701.00",wechat,SUCCESS,03/21/2026
PAY-10233,ORD-12894,15403,wechat,SUCCESS,02/18/2024
PAY-10234,ORD-9478,17 139,COD,SUCCESS,08/01/2025
PAY-10235,ORD-6983,9141,COD,success,2025-06-05
PAY-10236,ORD-9535,12704,alipay,pending,2024-12-10
PAY-10237,ORD-7254,5359,COD,pending,01-01-2024
PAY-10238,ORD-941,8159,alipay,pending,03/16/2024
PAY-10239,ORD-7348,"1 648,00",card,SUCCESS,2024-01-18
PAY-10240,ORD-3039,6106,alipay,pending,2024-10-13
PAY-10241,ORD-4913,14284,wechat,SUCCESS,11/21/2024
PAY-10242,ORD-7887,12904,wechat,pending,2024-05-17
PAY-10243,ORD-6448,"$14,044.00",alipay,pending,2025-08-21
PAY-10244,ORD-4582,"19 600,00",card,pending,16-04-2026
PAY-10245,ORD-12459,$865.00,card,SUCCESS,2024-10-28
PAY-10246,ORD-6020,9970,card,SUCCESS,12/17/2026
PAY-10247,ORD-6065,"18 441,00",wechat,SUCCESS,13-02-2024
PAY-10248,ORD-6637,"$2,158.00",wechat,pending,2026-01-09
PAY-10249,ORD-6530,4246,card,success,02-01-2025
PAY-10250,ORD-6897,"6 946,00",card,failed,2026-08-01
PAY-10251,ORD-2497,19813,card,success,2025-10-11
PAY-10252,ORD-10805,10145,alipay,pending,2024-06-09
PAY-10253,ORD-6702,"$2,258.00",alipay,pending,2024-09-04
PAY-10254,ORD-5788,"$11,537.00",alipay,success,2025-03-04
PAY-10255,ORD-14766,975,wechat,pending,2026-05-17
PAY-10256,ORD-5972,"3 521,00",COD,pending,2025-01-20
PAY-10257,ORD-14948,1627,alipay,SUCCESS,2026-07-11
PAY-10258,ORD-11335,5933,COD,SUCCESS,08/20/2025
PAY-10259,ORD-14423,"$5,466.00",COD,pending,06/10/2024
PAY-10260,ORD-6560,12310,COD,failed,02-11-2026
PAY-10261,ORD-3925,"$12,794.00",wechat,pending,2024-07-17
PAY-10262,ORD-7154,"$13,584.00",COD,pending,21-08-2025
PAY-10263,ORD-7588,6641,wechat,pending,11/05/2025
PAY-10264,ORD-2438,"$11,777.00",alipay,failed,2026-12-20
PAY-10265,ORD-8395,"$10,542.00",alipay,pending,2025-03-21
PAY-10266,ORD-9374,12640,alipay,success,2024-07-26
PAY-10267,ORD-4435,10380,wechat,failed,2025-01-08
PAY-10268,ORD-8386,15772,card,SUCCESS,2026-08-16
PAY-10269,ORD-8521,"6 464,00",COD,SUCCESS,2024-12-25
PAY-10270,ORD-1992,9667,wechat,success,2026-10-05
PAY-10271,ORD-2602,9066,card,pending,07/26/2025
PAY-10272,ORD-7633,"$3,969.00",alipay,pending,2026-06-09
PAY-10273,ORD-6029,"13 279,00",card,pending,2025-02-19
PAY-10274,ORD-10035,"6 507,00",alipay,success,04/03/2026
PAY-10275,ORD-9559,672,card,pending,2025-09-20
PAY-10276,ORD-11947,14 585,wechat,pending,05/19/2024
PAY-10277,ORD-10336,5 905,wechat,failed,2024-09-26
PAY-10278,ORD-11931,"$7,843.00",COD,SUCCESS,2025-09-04
PAY-10279,ORD-6467,"$15,705.00",COD,SUCCESS,2024-02-02
PAY-10280,ORD-14886,7 971,alipay,SUCCESS,2025-06-20
PAY-10281,ORD-10320,7262,COD,pending,10/21/2024
PAY-10282,ORD-9514,15294,card,success,2025-07-25
PAY-10283,ORD-6147,"$7,554.00",alipay,pending,15-08-2024
PAY-10284,ORD-12315,"16 667,00",COD,pending,2024-08-28
PAY-10285,ORD-1489,913,card,pending,2024-06-19
PAY-10286,ORD-1602,10670,card,success,09/20/2024
PAY-10287,ORD-14889,10138,COD,SUCCESS,2024-09-15
PAY-10288,ORD-4565,5225,card,pending,2024-06-26
PAY-10289,ORD-1933,7265,COD,pending,2026-01-04
PAY-10290,ORD-2301,4138,wechat,SUCCESS,2026-12-22
PAY-10291,ORD-9253,9732,alipay,success,16-10-2025
PAY-10292,ORD-2505,"10 865,00",COD,failed,2026-05-10
PAY-10293,ORD-7111,"$15,112.00",alipay,pending,02/28/2024
PAY-10294,ORD-8497,"$11,674.00",alipay,success,2024-01-15
PAY-10295,ORD-10286,18750,wechat,pending,02-09-2024
PAY-10296,ORD-1341,"15 594,00",wechat,success,2025-02-07
PAY-10297,ORD-10144,3739,COD,success,25-06-2024
PAY-10298,ORD-4102,"$10,021.00",card,SUCCESS,07/25/2024
PAY-10299,ORD-14640,3433,alipay,SUCCESS,06/19/2025
PAY-10300,ORD-8622,14771,COD,success,12/17/2024
PAY-10301,ORD-7681,9 543,card,SUCCESS,2026-09-12
PAY-10302,ORD-11181,17602,card,pending,2025-12-12
PAY-10303,ORD-12977,16 933,COD,success,10-08-2025
PAY-10304,ORD-2557,12698,COD,pending,16-08-2024
PAY-10305,ORD-8565,"$1,631.00",card,SUCCESS,2026-09-02
PAY-10306,ORD-8156,"$11,603.00",card,SUCCESS,2025-07-26
PAY-10307,ORD-4262,13031,card,pending,2026-12-01
PAY-10308,ORD-3207,14715,wechat,pending,2025-06-02
PAY-10309,ORD-12925,2896,alipay,pending,11/11/2024
PAY-10310,ORD-815,3644,alipay,SUCCESS,03/16/2025
PAY-10311,ORD-1806,"$1,758.00",alipay,SUCCESS,2026-01-06
PAY-10312,ORD-5029,4316,card,pending,23-05-2024
PAY-10313,ORD-4315,19054,card,failed,11-07-2026
PAY-10314,ORD-6051,185,COD,SUCCESS,2024-05-15
PAY-10315,ORD-12534,$530.00,wechat,SUCCESS,2024-12-21
PAY-10316,ORD-13331,145,card,SUCCESS,12-11-2026
PAY-10317,ORD-4886,"12 363,00",wechat,pending,2025-10-04
PAY-10318,ORD-550,4151,card,SUCCESS,09/02/2026
PAY-10319,ORD-14781,2009,COD,success,2024-01-09
PAY-10320,ORD-9267,"$11,048.00",wechat,success,2025-12-02
PAY-10321,ORD-755,"$10,586.00",COD,success,2025-11-01
PAY-10322,ORD-1908,"$15,987.00",wechat,success,23-11-2025
PAY-10323,ORD-7832,"$6,730.00",wechat,pending,14-10-2026
PAY-10324,ORD-4011,11427,COD,success,10-12-2025
PAY-10325,ORD-11123,"$1,501.00",wechat,pending,07/11/2024
PAY-10326,ORD-12652,11796,alipay,SUCCESS,2026-07-19
PAY-10327,ORD-2439,18 545,COD,pending,04/18/2024
PAY-10328,ORD-3134,16517,card,success,10/14/2025
PAY-10329,ORD-14449,11129,alipay,SUCCESS,2025-07-16
PAY-10330,ORD-10289,15373,card,success,08/07/2025
PAY-10331,ORD-4237,"16 757,00",wechat,success,2024-10-12
PAY-10332,ORD-6529,"$17,663.00",COD,pending,2025-08-23
PAY-10333,ORD-12439,18069,alipay,SUCCESS,02/02/2026
PAY-10334,ORD-613,8665,alipay,SUCCESS,27-10-2026
PAY-10335,ORD-7802,7805,wechat,success,2025-01-22
PAY-10336,ORD-2324,"$12,264.00",wechat,success,2024-03-16
PAY-10337,ORD-6099,18728,wechat,pending,04-10-2026
PAY-10338,ORD-5838,18944,wechat,success,2024-05-01
PAY-10339,ORD-3463,12959,COD,SUCCESS,09/20/2026
PAY-10340,ORD-4993,19701,wechat,failed,2024-04-23
PAY-10341,ORD-9170,"$18,888.00",alipay,pending,2024-12-21
PAY-10342,ORD-6361,17831,card,success,06-04-2025
PAY-10343,ORD-10033,16567,wechat,pending,2024-04-17
PAY-10344,ORD-85,12714,alipay,SUCCESS,10-10-2026
PAY-10345,ORD-1603,3159,COD,success,14-10-2024
PAY-10346,ORD-12679,"$11,138.00",alipay,pending,02/13/2024
PAY-10347,ORD-2847,"4 416,00",COD,pending,05/21/2024
PAY-10348,ORD-10744,3299,alipay,failed,04/03/2025
PAY-10349,ORD-3684,"$1,722.00",alipay,SUCCESS,05-08-2026
PAY-10350,ORD-8211,10730,wechat,pending,02/16/2025
PAY-10351,ORD-5400,12061,alipay,SUCCESS,2024-03-21
PAY-10352,ORD-2609,"$4,459.00",alipay,success,07/22/2026
PAY-10353,ORD-44,1386,wechat,success,2024-07-03
PAY-10354,ORD-1070,"$19,323.00",wechat,SUCCESS,2026-05-13
PAY-10355,ORD-751,19427,card,SUCCESS,25-09-2024
PAY-10356,ORD-4357,6015,card,SUCCESS,2024-10-03
PAY-10357,ORD-3580,8665,COD,success,2025-05-26
PAY-10358,ORD-13760,4642,card,SUCCESS,2025-10-12
PAY-10359,ORD-12846,$211.00,COD,SUCCESS,2026-04-11
PAY-10360,ORD-9515,"$13,542.00",wechat,success,2025-09-28
PAY-10361,ORD-3096,18495,card,SUCCESS,01-03-2024
PAY-10362,ORD-7180,"$13,871.00",alipay,pending,2026-04-16
PAY-10363,ORD-7847,5918,COD,SUCCESS,2025-10-14
PAY-10364,ORD-5887,16245,COD,SUCCESS,15-08-2025
PAY-10365,ORD-3411,1128,COD,success,2025-07-07
PAY-10366,ORD-2557,17778,alipay,pending,10/25/2025
PAY-10367,ORD-1990,4688,COD,pending,2024-02-24
PAY-10368,ORD-6215,"$13,441.00",card,success,19-04-2025
PAY-10369,ORD-3278,10753,card,SUCCESS,25-12-2025
PAY-10370,ORD-14372,"$16,815.00",card,pending,2025-04-16
PAY-10371,ORD-2355,11455,card,pending,07-11-2026
PAY-10372,ORD-2450,1372,alipay,pending,02/06/2025
PAY-10373,ORD-10933,14325,COD,SUCCESS,2026-10-22
PAY-10374,ORD-4604,"$8,509.00",COD,SUCCESS,17-03-2026
PAY-10375,ORD-12465,5877,card,pending,11/01/2026
PAY-10376,ORD-13284,"$19,636.00",alipay,SUCCESS,25-04-2025
PAY-10377,ORD-3392,"$1,579.00",card,pending,02/19/2025
PAY-10378,ORD-11935,914,wechat,success,12-11-2025
PAY-10379,ORD-12644,9 000,wechat,success,2025-02-18
PAY-10380,ORD-14626,8303,COD,success,2025-03-04
PAY-10381,ORD-5653,"$4,459.00",card,success,12/12/2024
PAY-10382,ORD-8847,"919,00",card,SUCCESS,2025-04-13
PAY-10383,ORD-8317,"$1,862.00",COD,pending,2025-12-15
PAY-10384,ORD-14788,"18 668,00",alipay,success,03/04/2025
PAY-10385,ORD-960,"$14,284.00",card,SUCCESS,25-06-2024
PAY-10386,ORD-13583,7549,wechat,pending,2026-10-19
PAY-10387,ORD-8196,5 706,card,SUCCESS,09/03/2025
PAY-10388,ORD-11355,403,wechat,SUCCESS,2024-05-04
PAY-10389,ORD-10726,5319,alipay,SUCCESS,05/20/2025
PAY-10390,ORD-13765,"$3,104.00",alipay,SUCCESS,2026-08-25
PAY-10391,ORD-9204,18371,alipay,SUCCESS,2024-02-22
PAY-10392,ORD-1200,"$17,802.00",COD,pending,12-03-2025
PAY-10393,ORD-6102,"$2,513.00",alipay,pending,05-07-2025
PAY-10394,ORD-5913,4753,alipay,success,12/27/2025
PAY-10395,ORD-7941,"$4,227.00",card,pending,2025-01-17
PAY-10396,ORD-6087,9831,alipay,SUCCESS,02-11-2026
PAY-10397,ORD-410,"$7,436.00",COD,SUCCESS,18-06-2024
PAY-10398,ORD-11190,"$3,338.00",COD,pending,04/07/2026
PAY-10399,ORD-2550,8 938,card,success,07/12/2026
PAY-10400,ORD-2641,"$18,759.00",card,SUCCESS,2024-10-08
PAY-10401,ORD-3576,14040,COD,SUCCESS,10-12-2024
PAY-10402,ORD-105,13299,COD,SUCCESS,2026-05-10
PAY-10403,ORD-11221,"$19,878.00",COD,SUCCESS,2024-11-02
PAY-10404,ORD-9584,"$4,990.00",card,success,2025-05-17
PAY-10405,ORD-10511,5343,card,success,04-10-2024
PAY-10406,ORD-2287,19875,card,success,2025-03-26
PAY-10407,ORD-11173,349,COD,success,2026-08-01
PAY-10408,ORD-12045,2429,card,pending,01-02-2025
PAY-10409,ORD-5391,"$14,507.00",card,success,2026-09-11
PAY-10410,ORD-14988,"$15,471.00",alipay,SUCCESS,2026-08-26
PAY-10411,ORD-1437,8016,wechat,SUCCESS,2026-05-02
PAY-10412,ORD-5814,"$16,367.00",card,SUCCESS,2025-02-06
PAY-10413,ORD-12937,"$2,105.00",wechat,pending,2026-06-05
PAY-10414,ORD-14373,"$18,414.00",card,success,11/08/2024
PAY-10415,ORD-5620,3 212,alipay,success,11/19/2026
PAY-10416,ORD-2722,"$7,142.00",COD,success,2025-02-20
PAY-10417,ORD-14294,880,alipay,SUCCESS,05/28/2025
PAY-10418,ORD-6489,"$19,679.00",wechat,SUCCESS,28-05-2025
PAY-10419,ORD-4695,"$8,919.00",wechat,SUCCESS,2025-06-28
PAY-10420,ORD-7439,"$15,261.00",alipay,success,07/09/2025
PAY-10421,ORD-3765,8 859,wechat,success,12/25/2024
PAY-10422,ORD-12796,"$8,485.00",card,SUCCESS,2025-06-20
PAY-10423,ORD-2118,"$5,006.00",card,success,2026-11-14
PAY-10424,ORD-7890,"14 299,00",card,pending,28-07-2025
PAY-10425,ORD-12058,8551,card,pending,2024-12-05
PAY-10426,ORD-5056,19358,card,SUCCESS,2026-11-02
PAY-10427,ORD-7223,"$13,602.00",card,success,2026-07-23
PAY-10428,ORD-5946,"$1,667.00",alipay,SUCCESS,2024-01-07
PAY-10429,ORD-14571,17077,card,success,2026-01-07
PAY-10430,ORD-9748,"$7,960.00",COD,SUCCESS,10/19/2024
PAY-10431,ORD-10424,2511,alipay,pending,03/11/2025
PAY-10432,ORD-11510,11904,COD,pending,01/27/2026
PAY-10433,ORD-12740,"$4,280.00",wechat,success,2025-02-10
PAY-10434,ORD-8417,"4 660,00",card,success,2024-02-12
PAY-10435,ORD-4074,10465,alipay,SUCCESS,2024-08-01
PAY-10436,ORD-795,"4 285,00",card,success,07-03-2025
PAY-10437,ORD-10464,12936,alipay,SUCCESS,14-06-2025
PAY-10438,ORD-5117,3936,wechat,success,09/22/2025
PAY-10439,ORD-3095,14498,wechat,success,2026-11-02
PAY-10440,ORD-6969,"$1,907.00",card,SUCCESS,2024-07-23
PAY-10441,ORD-5365,4902,wechat,pending,2025-03-17
PAY-10442,ORD-6835,11019,wechat,pending,2025-01-23
PAY-10443,ORD-1744,"1 894,00",card,pending,16-02-2026
PAY-10444,ORD-12604,16935,COD,SUCCESS,2026-04-22
PAY-10445,ORD-8224,8540,alipay,SUCCESS,20-04-2026
PAY-10446,ORD-4123,"$10,798.00",alipay,success,10/10/2024
PAY-10447,ORD-12950,"$10,322.00",wechat,pending,07/20/2026
PAY-10448,ORD-9767,"$18,615.00",COD,success,12/12/2024
PAY-10449,ORD-3495,8777,COD,SUCCESS,2024-11-01
PAY-10450,ORD-4618,17883,card,pending,05/14/2024
PAY-10451,ORD-5884,"$14,975.00",wechat,pending,04/09/2025
PAY-10452,ORD-14599,18089,alipay,pending,2025-02-04
PAY-10453,ORD-10836,"$8,499.00",COD,pending,2026-05-27
PAY-10454,ORD-4909,10737,card,SUCCESS,2025-11-15
PAY-10455,ORD-1177,"$1,482.00",wechat,success,27-09-2025
PAY-10456,ORD-5198,16797,wechat,SUCCESS,05-11-2026
PAY-10457,ORD-13892,11254,card,pending,2024-12-13
PAY-10458,ORD-4828,4950,card,success,07-08-2025
PAY-10459,ORD-11368,"$2,653.00",COD,failed,2024-03-23
PAY-10460,ORD-8609,14534,COD,SUCCESS,13-02-2025
PAY-10461,ORD-14002,3 700,card,SUCCESS,11/04/2024
PAY-10462,ORD-5355,"$13,135.00",wechat,pending,25-09-2025
PAY-10463,ORD-12780,18960,alipay,SUCCESS,19-10-2025
PAY-10464,ORD-7754,18 080,COD,pending,2026-10-23
PAY-10465,ORD-6602,13560,COD,success,02/06/2026
PAY-10466,ORD-5420,5 262,alipay,success,12/23/2025
PAY-10467,ORD-11163,3 425,wechat,pending,09/03/2024
PAY-10468,ORD-4557,3033,alipay,SUCCESS,2025-02-20
PAY-10469,ORD-2878,"$18,315.00",COD,failed,2024-12-04
PAY-10470,ORD-8339,"13 354,00",card,pending,09/05/2025
PAY-10471,ORD-6335,"11 962,00",alipay,success,28-01-2026
PAY-10472,ORD-2130,12443,card,pending,06-09-2025
PAY-10473,ORD-10124,9911,COD,failed,07/10/2024
PAY-10474,ORD-3657,"$16,262.00",card,pending,11/04/2024
PAY-10475,ORD-701,13192,alipay,success,05/19/2024
PAY-10476,ORD-3607,3178,wechat,pending,2024-01-12
PAY-10477,ORD-984,3646,alipay,SUCCESS,06-07-2025
PAY-10478,ORD-13168,8 329,card,success,2026-04-12
PAY-10479,ORD-2931,8742,card,pending,2025-10-11
PAY-10480,ORD-12410,9344,COD,SUCCESS,12/04/2026
PAY-10481,ORD-11511,7692,card,SUCCESS,09/10/2024
PAY-10482,ORD-5619,"$14,835.00",wechat,success,2026-10-24
PAY-10483,ORD-4257,4129,card,pending,12-11-2026
PAY-10484,ORD-1571,9 326,card,success,2024-12-09
PAY-10485,ORD-12615,"$2,825.00",wechat,SUCCESS,09-02-2026
PAY-10486,ORD-12695,13513,alipay,pending,08-08-2026
PAY-10487,ORD-2466,"$16,994.00",card,pending,04/25/2025
PAY-10488,ORD-6048,"$11,396.00",wechat,success,2025-09-08
PAY-10489,ORD-2891,4 681,card,SUCCESS,2026-08-16
PAY-10490,ORD-14409,14438,alipay,success,2025-06-25
PAY-10491,ORD-12400,7172,wechat,SUCCESS,2024-04-27
PAY-10492,ORD-558,470,wechat,success,2026-05-05
PAY-10493,ORD-7484,"$15,223.00",wechat,success,2024-03-28
PAY-10494,ORD-11063,6766,alipay,failed,02-12-2024
PAY-10495,ORD-12642,14968,wechat,success,11/02/2026
PAY-10496,ORD-7366,"$12,151.00",alipay,SUCCESS,01-10-2025
PAY-10497,ORD-1438,1992,wechat,SUCCESS,04-12-2024
PAY-10498,ORD-14245,14604,card,pending,2025-03-09
PAY-10499,ORD-5362,682,COD,success,2024-04-16
PAY-10500,ORD-4072,17147,wechat,SUCCESS,04/01/2026
PAY-10501,ORD-4755,12151,COD,SUCCESS,04/14/2025
PAY-10502,ORD-5603,18 847,wechat,pending,16-07-2024
PAY-10503,ORD-12326,"$18,905.00",wechat,pending,2025-08-04
PAY-10504,ORD-9801,"$9,907.00",alipay,pending,2024-10-07
PAY-10505,ORD-4251,3368,wechat,SUCCESS,07/05/2024
PAY-10506,ORD-14524,4188,card,success,27-09-2026
PAY-10507,ORD-9928,7402,alipay,pending,19-09-2024
PAY-10508,ORD-11440,580,wechat,pending,2026-02-05
PAY-10509,ORD-2048,320,wechat,SUCCESS,2024-09-08
PAY-10510,ORD-9337,9253,COD,pending,2024-01-23
PAY-10511,ORD-13468,"$8,925.00",COD,pending,11-08-2024
PAY-10512,ORD-11094,10532,wechat,success,2024-03-09
PAY-10513,ORD-8007,4163,alipay,SUCCESS,01/11/2026
PAY-10514,ORD-12204,16052,card,success,2025-10-21
PAY-10515,ORD-14495,2169,card,pending,28-01-2025
PAY-10516,ORD-6321,19776,alipay,pending,04-11-2024
PAY-10517,ORD-10892,"$2,287.00",wechat,success,05/19/2025
PAY-10518,ORD-1300,14 597,COD,pending,12-02-2026
PAY-10519,ORD-11445,4726,wechat,pending,2026-04-25
PAY-10520,ORD-2984,2149,wechat,pending,2026-06-15
PAY-10521,ORD-11607,"$14,917.00",card,success,2024-01-06
PAY-10522,ORD-3051,"$4,223.00",alipay,success,15-01-2024
PAY-10523,ORD-13415,19 445,COD,pending,2025-07-09
PAY-10524,ORD-96,"4 212,00",alipay,SUCCESS,04/15/2024
PAY-10525,ORD-7322,3737,COD,SUCCESS,09/17/2025
PAY-10526,ORD-12680,"$16,860.00",alipay,pending,11/21/2026
PAY-10527,ORD-1840,6517,wechat,pending,2026-08-03
PAY-10528,ORD-2212,"$18,004.00",alipay,pending,2026-02-10
PAY-10529,ORD-669,2330,COD,pending,15-07-2026
PAY-10530,ORD-4365,"$11,260.00",card,pending,04-01-2024
PAY-10531,ORD-12608,13454,alipay,pending,08/19/2026
PAY-10532,ORD-9001,"17 647,00",wechat,SUCCESS,10/09/2024
PAY-10533,ORD-3257,"$1,845.00",wechat,failed,2025-06-02
PAY-10534,ORD-775,7542,wechat,success,2026-03-16
PAY-10535,ORD-5475,19747,alipay,SUCCESS,2026-03-19
PAY-10536,ORD-13730,"7 957,00",alipay,pending,2026-09-07
PAY-10537,ORD-8116,9 044,alipay,success,26-04-2025
PAY-10538,ORD-12144,8739,wechat,SUCCESS,2026-09-18
PAY-10539,ORD-9301,"$16,944.00",alipay,SUCCESS,04/16/2024
PAY-10540,ORD-2918,11452,alipay,SUCCESS,2025-04-15
PAY-10541,ORD-2395,14 865,wechat,SUCCESS,2026-09-27
PAY-10542,ORD-10148,11636,alipay,success,2026-07-11
PAY-10543,ORD-8545,4 025,wechat,SUCCESS,2025-09-10
PAY-10544,ORD-1239,18987,card,SUCCESS,2024-06-13
PAY-10545,ORD-6047,"1 063,00",wechat,SUCCESS,10/13/2024
PAY-10546,ORD-5259,"$13,523.00",card,success,2024-04-12
PAY-10547,ORD-11308,17136,wechat,success,2025-01-23
PAY-10548,ORD-10589,16936,alipay,success,05/01/2026
PAY-10549,ORD-960,3666,COD,success,11/07/2025
PAY-10550,ORD-14687,10 642,alipay,SUCCESS,2024-04-20
PAY-10551,ORD-9294,1973,COD,success,01/23/2025
PAY-10552,ORD-13367,16890,wechat,failed,2026-07-04
PAY-10553,ORD-9493,12791,alipay,pending,2024-06-11
PAY-10554,ORD-6347,85,card,pending,06/26/2024
PAY-10555,ORD-14625,6087,wechat,success,2026-04-27
PAY-10556,ORD-6500,"3 562,00",card,success,07/22/2025
PAY-10557,ORD-13393,"$3,245.00",COD,pending,2024-11-21
PAY-10558,ORD-10627,10371,card,success,08/01/2026
PAY-10559,ORD-9439,"$11,487.00",COD,success,2025-05-22
PAY-10560,ORD-12685,"10 251,00",COD,SUCCESS,22-01-2026
PAY-10561,ORD-2942,11185,COD,pending,2024-08-02
PAY-10562,ORD-14144,10545,card,pending,03/10/2025
PAY-10563,ORD-13269,19292,wechat,SUCCESS,01/13/2025
PAY-10564,ORD-13527,"4 107,00",COD,SUCCESS,18-04-2024
PAY-10565,ORD-12583,10266,wechat,failed,04/06/2024
PAY-10566,ORD-11375,1977,wechat,pending,2026-08-11
PAY-10567,ORD-12042,17572,alipay,SUCCESS,2024-12-28
PAY-10568,ORD-9407,1750,card,pending,2026-07-22
PAY-10569,ORD-12354,"$14,928.00",card,success,03-12-2024
PAY-10570,ORD-14819,13058,wechat,SUCCESS,12/22/2026
PAY-10571,ORD-11937,"11 308,00",COD,success,2024-04-12
PAY-10572,ORD-8712,12123,COD,success,2024-10-07
PAY-10573,ORD-11918,"$15,102.00",wechat,success,2026-03-28
PAY-10574,ORD-13775,13268,card,failed,2024-11-13
PAY-10575,ORD-13361,"11 079,00",alipay,SUCCESS,25-01-2025
PAY-10576,ORD-7363,5610,alipay,success,08-02-2026
PAY-10577,ORD-6276,12885,wechat,pending,2026-11-11
PAY-10578,ORD-3172,16678,COD,pending,2026-08-07
PAY-10579,ORD-13085,6708,card,pending,2025-07-12
PAY-10580,ORD-13914,14 062,card,success,2025-09-28
PAY-10581,ORD-5637,"$14,205.00",alipay,pending,12/02/2026
PAY-10582,ORD-8862,16143,wechat,pending,2025-09-26
PAY-10583,ORD-12609,7546,card,pending,09/16/2026
PAY-10584,ORD-11134,"$17,120.00",card,SUCCESS,2024-12-03
PAY-10585,ORD-1495,"$2,771.00",COD,SUCCESS,2026-11-02
PAY-10586,ORD-7454,11134,wechat,pending,2024-12-07
PAY-10587,ORD-5747,"$18,815.00",COD,SUCCESS,08-05-2024
PAY-10588,ORD-5082,12966,card,SUCCESS,02/26/2025
PAY-10589,ORD-11137,"268,00",alipay,pending,2024-08-11
PAY-10590,ORD-7118,"7 954,00",alipay,success,04-02-2025
PAY-10591,ORD-10315,5141,wechat,success,2025-02-02
PAY-10592,ORD-11747,"$5,798.00",COD,pending,2024-11-27
PAY-10593,ORD-8905,10822,alipay,success,05/13/2024
PAY-10594,ORD-4310,13126,wechat,success,05/01/2024
PAY-10595,ORD-10269,5434,wechat,success,04-10-2025
PAY-10596,ORD-9159,11962,COD,SUCCESS,12/17/2024
PAY-10597,ORD-7216,9642,card,SUCCESS,2025-08-11
PAY-10598,ORD-4020,"$16,498.00",alipay,success,08/14/2024
PAY-10599,ORD-7139,"$13,182.00",alipay,SUCCESS,03/09/2026
PAY-10600,ORD-1968,13592,card,success,03/03/2024
PAY-10601,ORD-12107,6256,wechat,SUCCESS,09/27/2025
PAY-10602,ORD-13220,16873,COD,success,2025-11-14
PAY-10603,ORD-5836,17772,COD,success,09-01-2024
PAY-10604,ORD-7208,17752,card,pending,2024-04-07
PAY-10605,ORD-10393,15070,card,SUCCESS,01-04-2024
PAY-10606,ORD-475,"7 494,00",COD,success,11/12/2024
PAY-10607,ORD-14783,554,wechat,pending,06/19/2025
PAY-10608,ORD-7770,18308,COD,success,2024-03-28
PAY-10609,ORD-13246,"$1,258.00",COD,SUCCESS,12/01/2025
PAY-10610,ORD-2765,15919,alipay,SUCCESS,2026-01-04
PAY-10611,ORD-12661,14 731,card,pending,2025-06-01
PAY-10612,ORD-8940,9960,COD,pending,2024-11-28
PAY-10613,ORD-11291,18181,wechat,pending,2026-08-09
PAY-10614,ORD-1269,10821,alipay,pending,15-07-2024
PAY-10615,ORD-10448,6147,COD,pending,2026-03-25
PAY-10616,ORD-9299,12898,wechat,failed,18-08-2025
PAY-10617,ORD-9920,6916,alipay,SUCCESS,2025-06-05
PAY-10618,ORD-3341,4 690,alipay,failed,09-11-2024
PAY-10619,ORD-5153,"$1,770.00",alipay,SUCCESS,2026-09-16
PAY-10620,ORD-3317,"$18,776.00",wechat,success,2026-12-14
PAY-10621,ORD-8920,3897,alipay,SUCCESS,28-05-2025
PAY-10622,ORD-11482,18589,card,SUCCESS,2025-05-18
PAY-10623,ORD-1260,"$16,506.00",COD,pending,2024-08-16
PAY-10624,ORD-7665,"$7,459.00",wechat,SUCCESS,12/01/2026
PAY-10625,ORD-1962,3570,alipay,success,15-12-2025
PAY-10626,ORD-1842,"17 057,00",COD,pending,2026-08-21
PAY-10627,ORD-449,"$2,855.00",alipay,SUCCESS,08/11/2026
PAY-10628,ORD-4114,18882,card,SUCCESS,12/23/2025
PAY-10629,ORD-6560,"$15,156.00",COD,success,11-02-2025
PAY-10630,ORD-1332,6164,wechat,SUCCESS,2025-03-15
PAY-10631,ORD-11265,"8 414,00",wechat,SUCCESS,06-04-2026
PAY-10632,ORD-10570,2187,alipay,pending,2025-10-04
PAY-10633,ORD-13964,"16 399,00",alipay,SUCCESS,20-08-2025
PAY-10634,ORD-14730,"$4,844.00",card,pending,02/14/2026
PAY-10635,ORD-10050,12272,wechat,success,02-02-2026
PAY-10636,ORD-7961,3 140,card,success,04-01-2025
PAY-10637,ORD-13634,9031,card,success,2025-06-17
PAY-10638,ORD-3981,"$7,479.00",card,pending,20-12-2025
PAY-10639,ORD-10249,7586,COD,success,2024-08-13
PAY-10640,ORD-754,18 756,card,success,02-11-2025
PAY-10641,ORD-3607,2 172,alipay,pending,2025-04-24
PAY-10642,ORD-5638,"18 828,00",alipay,pending,2024-04-15
PAY-10643,ORD-4623,19840,wechat,success,2025-02-01
PAY-10644,ORD-8886,8753,card,SUCCESS,13-05-2025
PAY-10645,ORD-2904,"$9,567.00",wechat,success,23-06-2025
PAY-10646,ORD-8677,"$13,985.00",wechat,SUCCESS,20-07-2024
PAY-10647,ORD-13060,"$12,655.00",wechat,success,16-09-2024
PAY-10648,ORD-1874,"$8,305.00",alipay,success,2025-06-01
PAY-10649,ORD-4110,6098,alipay,success,2026-05-20
PAY-10650,ORD-14110,"4 718,00",COD,success,07/03/2025
PAY-10651,ORD-57,17 404,COD,success,21-01-2025
PAY-10652,ORD-10193,15927,card,SUCCESS,19-08-2026
PAY-10653,ORD-1415,"$14,556.00",card,pending,12-06-2024
PAY-10654,ORD-8660,1067,alipay,pending,2025-05-17
PAY-10655,ORD-1323,"$14,276.00",alipay,failed,08/07/2025
PAY-10656,ORD-1686,"14 764,00",alipay,pending,2026-12-15
PAY-10657,ORD-2828,1 236,alipay,SUCCESS,2024-06-21
PAY-10658,ORD-2106,11 397,card,success,12/15/2024
PAY-10659,ORD-13107,11756,card,success,2025-04-17
PAY-10660,ORD-427,"15 838,00",wechat,SUCCESS,03/12/2024
PAY-10661,ORD-2749,5991,card,SUCCESS,06/18/2025
PAY-10662,ORD-7991,"8 016,00",wechat,success,2024-09-17
PAY-10663,ORD-3758,1803,COD,pending,02/23/2025
PAY-10664,ORD-3131,17011,wechat,success,18-09-2024
PAY-10665,ORD-10740,15861,card,pending,2025-07-25
PAY-10666,ORD-3569,"14 326,00",COD,SUCCESS,2024-04-15
PAY-10667,ORD-11582,17226,wechat,SUCCESS,04/15/2026
PAY-10668,ORD-958,12520,COD,pending,08/11/2026
PAY-10669,ORD-6065,6396,COD,pending,09/07/2024
PAY-10670,ORD-4134,"$9,601.00",wechat,pending,2024-07-20
PAY-10671,ORD-13791,16588,COD,pending,08-09-2026
PAY-10672,ORD-10189,6699,alipay,success,17-07-2025
PAY-10673,ORD-1688,"6 630,00",COD,SUCCESS,10-01-2026
PAY-10674,ORD-1337,"1 587,00",alipay,failed,2024-01-19
PAY-10675,ORD-2344,634,wechat,success,2026-07-16
PAY-10676,ORD-13991,11171,alipay,SUCCESS,2026-04-18
PAY-10677,ORD-6770,"$2,065.00",COD,pending,02/15/2024
PAY-10678,ORD-3441,17870,COD,SUCCESS,2025-07-16
PAY-10679,ORD-1301,1464,card,success,03/10/2024
PAY-10680,ORD-5947,14509,wechat,pending,07/16/2024
PAY-10681,ORD-7164,"$5,925.00",alipay,pending,12/15/2025
PAY-10682,ORD-272,"$4,861.00",card,SUCCESS,2025-06-27
PAY-10683,ORD-956,"$4,878.00",COD,success,2024-09-17
PAY-10684,ORD-1349,17623,wechat,success,10/26/2024
PAY-10685,ORD-10631,"$10,737.00",alipay,SUCCESS,2026-02-24
PAY-10686,ORD-9869,8858,card,success,2025-04-01
PAY-10687,ORD-13571,"$12,872.00",wechat,SUCCESS,2025-09-21
PAY-10688,ORD-8332,"$19,593.00",wechat,pending,2026-04-11
PAY-10689,ORD-10504,10997,COD,pending,13-10-2025
PAY-10690,ORD-14287,16 828,alipay,success,2025-05-07
PAY-10691,ORD-9117,"5 612,00",card,success,07/08/2026
PAY-10692,ORD-5382,2379,wechat,pending,12/08/2024
PAY-10693,ORD-3642,"$2,727.00",alipay,pending,2025-06-15
PAY-10694,ORD-7491,7174,alipay,pending,2024-02-17
PAY-10695,ORD-3233,15 251,wechat,SUCCESS,04/27/2024
PAY-10696,ORD-11077,12 723,COD,SUCCESS,2026-03-01
PAY-10697,ORD-555,9975,card,success,10/20/2025
PAY-10698,ORD-8700,"$6,692.00",alipay,success,2026-01-04
PAY-10699,ORD-12114,318,alipay,SUCCESS,2024-12-15
PAY-10700,ORD-8979,745,card,SUCCESS,07/16/2024
PAY-10701,ORD-7632,"$2,480.00",card,SUCCESS,25-07-2026
PAY-10702,ORD-14337,"$15,396.00",COD,success,28-01-2025
PAY-10703,ORD-3262,17035,card,pending,27-04-2026
PAY-10704,ORD-12024,$370.00,alipay,SUCCESS,2025-05-01
PAY-10705,ORD-6808,4851,alipay,pending,17-01-2024
PAY-10706,ORD-61,11 861,COD,pending,17-01-2024
PAY-10707,ORD-10138,"$18,079.00",wechat,success,2025-02-04
PAY-10708,ORD-9313,9 613,card,SUCCESS,09/13/2024
PAY-10709,ORD-1242,"17 518,00",alipay,pending,2024-04-23
PAY-10710,ORD-1833,1131,wechat,success,09-05-2025
PAY-10711,ORD-5144,"$4,437.00",card,pending,2025-09-28
PAY-10712,ORD-6156,"$3,528.00",card,SUCCESS,2026-03-04
PAY-10713,ORD-7519,4995,COD,SUCCESS,2025-02-07
PAY-10714,ORD-6139,1282,COD,pending,2025-02-11
PAY-10715,ORD-1468,17977,wechat,success,2024-09-23
PAY-10716,ORD-11000,18643,alipay,failed,2025-02-16
PAY-10717,ORD-7488,10352,alipay,success,2024-06-13
PAY-10718,ORD-7257,"9 541,00",COD,success,2025-07-16
PAY-10719,ORD-2978,15895,COD,success,08/07/2025
PAY-10720,ORD-8159,15855,COD,success,12/14/2026
PAY-10721,ORD-10620,"$12,263.00",COD,failed,2026-01-04
PAY-10722,ORD-13319,8142,wechat,success,12-09-2025
PAY-10723,ORD-3123,16 862,wechat,success,2026-04-09
PAY-10724,ORD-14432,"$12,528.00",alipay,success,2025-06-05
PAY-10725,ORD-5800,2011,wechat,failed,2025-01-28
PAY-10726,ORD-6896,"$8,064.00",card,success,07/22/2026
PAY-10727,ORD-2102,"$7,682.00",COD,success,2026-06-23
PAY-10728,ORD-8544,14209,alipay,SUCCESS,2025-08-05
PAY-10729,ORD-1480,17462,alipay,success,2025-03-18
PAY-10730,ORD-9182,18961,alipay,pending,18-05-2026
PAY-10731,ORD-6819,3061,card,pending,02/25/2024
PAY-10732,ORD-8744,11654,COD,SUCCESS,2024-10-23
PAY-10733,ORD-3472,"$5,147.00",COD,success,2025-08-11
PAY-10734,ORD-5899,19265,card,SUCCESS,02-07-2024
PAY-10735,ORD-13908,"9 973,00",wechat,pending,2025-10-03
PAY-10736,ORD-33,"$9,101.00",card,pending,2026-06-01
PAY-10737,ORD-6774,15591,alipay,pending,2025-12-05
PAY-10738,ORD-185,"15 787,00",wechat,pending,2026-12-26
PAY-10739,ORD-12068,"$8,130.00",COD,success,08/05/2024
PAY-10740,ORD-2977,12136,COD,pending,2025-05-14
PAY-10741,ORD-10706,9975,wechat,SUCCESS,28-12-2025
PAY-10742,ORD-6016,"$6,585.00",card,pending,2024-08-23
PAY-10743,ORD-11676,9983,COD,SUCCESS,09/25/2025
PAY-10744,ORD-14587,8480,card,pending,08/12/2025
PAY-10745,ORD-13140,15935,alipay,success,24-01-2024
PAY-10746,ORD-12123,"13 242,00",alipay,SUCCESS,2026-08-11
PAY-10747,ORD-7711,"9 956,00",card,failed,2026-02-01
PAY-10748,ORD-10903,7969,COD,success,07/27/2024
PAY-10749,ORD-4254,"$5,699.00",card,pending,12/12/2024
PAY-10750,ORD-5285,"$19,298.00",card,SUCCESS,10/27/2025
PAY-10751,ORD-3318,2556,COD,success,2024-02-14
PAY-10752,ORD-1180,"$6,176.00",wechat,failed,01/24/2024
PAY-10753,ORD-3304,"$8,115.00",card,success,02/19/2024
PAY-10754,ORD-4255,"$17,714.00",alipay,SUCCESS,08/14/2026
PAY-10755,ORD-13204,"17 806,00",card,success,2024-05-17
PAY-10756,ORD-2882,"10 972,00",card,failed,17-11-2025
PAY-10757,ORD-1636,"$19,640.00",COD,success,11/08/2026
PAY-10758,ORD-4030,14041,wechat,SUCCESS,2024-12-05
PAY-10759,ORD-502,"$3,455.00",alipay,pending,2026-11-16
PAY-10760,ORD-7919,"$19,753.00",alipay,success,06/24/2024
PAY-10761,ORD-8757,18012,COD,SUCCESS,09/12/2024
PAY-10762,ORD-3539,11724,wechat,pending,05/16/2025
PAY-10763,ORD-7186,"$14,212.00",wechat,pending,01-06-2024
PAY-10764,ORD-3177,957,COD,SUCCESS,2026-11-16
PAY-10765,ORD-6980,2765,alipay,success,2025-04-09
PAY-10766,ORD-7372,"9 057,00",COD,success,03/11/2024
PAY-10767,ORD-6660,$375.00,alipay,success,2026-07-03
PAY-10768,ORD-12578,"$7,239.00",wechat,pending,2026-08-13
PAY-10769,ORD-13922,"$6,716.00",alipay,pending,05/13/2026
PAY-10770,ORD-13002,"$17,372.00",wechat,success,2024-04-02
PAY-10771,ORD-7851,3580,alipay,SUCCESS,2024-09-03
PAY-10772,ORD-5285,7399,COD,SUCCESS,2026-04-03
PAY-10773,ORD-9542,14960,alipay,pending,2025-02-09
PAY-10774,ORD-4842,"$9,243.00",card,SUCCESS,09/23/2026
PAY-10775,ORD-4075,5 532,alipay,SUCCESS,09/28/2024
PAY-10776,ORD-100,9001,alipay,pending,07/06/2025
PAY-10777,ORD-2728,"5 249,00",card,pending,12-05-2025
PAY-10778,ORD-10886,17654,card,SUCCESS,2024-11-27
PAY-10779,ORD-2856,3802,alipay,SUCCESS,07/10/2025
PAY-10780,ORD-4824,"$15,183.00",wechat,success,02-05-2024
PAY-10781,ORD-10593,15837,COD,pending,2025-08-27
PAY-10782,ORD-5887,16470,card,success,25-10-2024
PAY-10783,ORD-11763,"17 931,00",card,success,11/02/2024
PAY-10784,ORD-8951,12849,alipay,success,17-08-2026
PAY-10785,ORD-7872,751,wechat,pending,06-12-2025
PAY-10786,ORD-5746,18179,card,pending,2024-02-20
PAY-10787,ORD-6492,8098,wechat,success,2024-07-02
PAY-10788,ORD-12177,"2 485,00",COD,success,2026-04-13
PAY-10789,ORD-4125,14736,COD,pending,2024-12-18
PAY-10790,ORD-7869,"$6,770.00",wechat,success,23-05-2025
PAY-10791,ORD-14948,"$10,013.00",COD,pending,2024-09-04
PAY-10792,ORD-13418,12009,COD,SUCCESS,01/05/2024
PAY-10793,ORD-2686,18015,alipay,SUCCESS,09/09/2026
PAY-10794,ORD-443,12957,wechat,SUCCESS,2026-08-12
PAY-10795,ORD-13218,"$8,031.00",alipay,success,2026-05-28
PAY-10796,ORD-14758,1217,card,SUCCESS,12/17/2024
PAY-10797,ORD-8252,2449,wechat,SUCCESS,2026-07-17
PAY-10798,ORD-11594,17 908,wechat,pending,2024-02-02
PAY-10799,ORD-7172,"$19,274.00",card,success,05/09/2026
PAY-10800,ORD-14191,"$1,838.00",alipay,pending,2024-12-03
PAY-10801,ORD-1296,15555,alipay,success,09-10-2025
PAY-10802,ORD-9555,"$14,834.00",wechat,pending,26-06-2025
PAY-10803,ORD-10692,"18 091,00",card,pending,2024-10-11
PAY-10804,ORD-3025,248,alipay,success,2026-12-04
PAY-10805,ORD-7170,9708,card,SUCCESS,11/07/2026
PAY-10806,ORD-5357,8012,alipay,SUCCESS,11-09-2026
PAY-10807,ORD-2708,"$16,472.00",card,failed,07-11-2025
PAY-10808,ORD-8737,"$5,926.00",wechat,success,12-12-2026
PAY-10809,ORD-8122,"$2,884.00",wechat,success,2025-01-01
PAY-10810,ORD-13192,6184,alipay,SUCCESS,11/02/2025
PAY-10811,ORD-7293,"8 031,00",alipay,SUCCESS,01/07/2024
PAY-10812,ORD-13648,3155,card,SUCCESS,10/27/2024
PAY-10813,ORD-7739,"$8,071.00",wechat,SUCCESS,04/05/2024
PAY-10814,ORD-8171,19 070,wechat,failed,09/27/2026
PAY-10815,ORD-5446,"6 065,00",card,pending,09-05-2025
PAY-10816,ORD-857,5475,COD,success,12/10/2024
PAY-10817,ORD-8176,"$5,849.00",alipay,success,12-05-2025
PAY-10818,ORD-9660,"$18,317.00",card,SUCCESS,2026-10-03
PAY-10819,ORD-12197,3060,wechat,pending,10-01-2026
PAY-10820,ORD-9222,8 446,card,pending,2024-02-07
PAY-10821,ORD-9491,17724,wechat,pending,10/04/2024
PAY-10822,ORD-11694,10436,COD,SUCCESS,2026-09-01
PAY-10823,ORD-11913,13875,COD,SUCCESS,2025-04-06
PAY-10824,ORD-1413,"$19,008.00",card,SUCCESS,2024-04-15
PAY-10825,ORD-14416,"12 906,00",card,pending,2025-06-09
PAY-10826,ORD-1779,11833,card,SUCCESS,26-11-2025
PAY-10827,ORD-10709,"$8,949.00",wechat,success,2024-06-04
PAY-10828,ORD-3950,11962,wechat,pending,09/08/2025
PAY-10829,ORD-9534,$956.00,COD,success,08-04-2025
PAY-10830,ORD-3807,4595,card,success,2026-10-26
PAY-10831,ORD-6457,11425,card,success,2024-07-24
PAY-10832,ORD-8279,"$2,061.00",card,SUCCESS,2024-04-20
PAY-10833,ORD-5285,"$15,504.00",card,success,2026-02-07
PAY-10834,ORD-14864,"$16,548.00",alipay,SUCCESS,06/27/2024
PAY-10835,ORD-5461,"$12,385.00",alipay,SUCCESS,2026-12-28
PAY-10836,ORD-222,13114,alipay,pending,2024-05-10
PAY-10837,ORD-7326,"$10,539.00",card,success,07/17/2025
PAY-10838,ORD-7154,"$2,491.00",COD,pending,05-10-2024
PAY-10839,ORD-5877,19284,wechat,failed,08/06/2025
PAY-10840,ORD-3908,"$16,836.00",alipay,pending,2026-01-25
PAY-10841,ORD-14695,"385,00",alipay,success,2024-08-24
PAY-10842,ORD-9478,"$10,980.00",wechat,SUCCESS,2024-09-26
PAY-10843,ORD-11795,6 848,alipay,SUCCESS,2026-12-02
PAY-10844,ORD-6892,"$11,997.00",COD,pending,07-06-2026
PAY-10845,ORD-13101,15567,card,SUCCESS,2025-12-23
PAY-10846,ORD-11080,"$16,059.00",card,success,11/06/2026
PAY-10847,ORD-13125,9881,wechat,SUCCESS,2024-05-05
PAY-10848,ORD-12126,3050,alipay,SUCCESS,06/16/2025
PAY-10849,ORD-12431,11110,COD,success,25-12-2024
PAY-10850,ORD-2150,18429,alipay,SUCCESS,2025-10-10
PAY-10851,ORD-4741,2967,alipay,SUCCESS,03-12-2024
PAY-10852,ORD-14870,12403,wechat,SUCCESS,2025-05-25
PAY-10853,ORD-8899,"$1,840.00",card,success,25-06-2024
PAY-10854,ORD-4397,14864,card,pending,02-04-2025
PAY-10855,ORD-11359,"8 781,00",COD,failed,11/16/2025
PAY-10856,ORD-10722,"5 719,00",card,success,05/27/2024
PAY-10857,ORD-794,14441,wechat,SUCCESS,05/01/2026
PAY-10858,ORD-2972,"$11,921.00",wechat,pending,2025-12-04
PAY-10859,ORD-8966,"2 513,00",COD,success,14-09-2025
PAY-10860,ORD-12759,6201,card,SUCCESS,07/24/2025
PAY-10861,ORD-6726,1 572,card,success,2026-12-05
PAY-10862,ORD-4772,"$11,523.00",COD,pending,03-12-2024
PAY-10863,ORD-3612,12710,COD,success,07/25/2024
PAY-10864,ORD-12641,"11 192,00",card,success,2024-08-14
PAY-10865,ORD-11773,"10 268,00",alipay,SUCCESS,03/16/2024
PAY-10866,ORD-11364,"$19,285.00",COD,SUCCESS,08/13/2024
PAY-10867,ORD-10746,902,COD,pending,12/04/2024
PAY-10868,ORD-12049,"$17,274.00",alipay,SUCCESS,2024-06-14
PAY-10869,ORD-12935,16576,wechat,failed,2025-04-20
PAY-10870,ORD-9734,6267,alipay,success,2025-04-03
PAY-10871,ORD-11274,"976,00",COD,success,2026-03-20
PAY-10872,ORD-429,"$19,408.00",alipay,SUCCESS,2025-01-10
PAY-10873,ORD-2185,9242,wechat,success,2025-12-24
PAY-10874,ORD-13575,"9 583,00",card,success,04/09/2025
PAY-10875,ORD-13883,"$1,846.00",card,pending,09/25/2025
PAY-10876,ORD-199,10595,COD,success,2026-07-18
PAY-10877,ORD-7445,"$11,591.00",card,pending,2024-07-04
PAY-10878,ORD-3949,1 574,COD,success,06/24/2026
PAY-10879,ORD-12034,4881,wechat,success,09/01/2026
PAY-10880,ORD-7671,11377,wechat,SUCCESS,09/17/2026
PAY-10881,ORD-13022,13583,wechat,pending,2026-11-10
PAY-10882,ORD-10880,4 001,alipay,SUCCESS,07/13/2026
PAY-10883,ORD-2451,"$18,464.00",wechat,pending,2025-03-28
PAY-10884,ORD-7666,1526,wechat,SUCCESS,2026-07-20
PAY-10885,ORD-14796,1 795,alipay,success,2026-07-01
PAY-10886,ORD-6982,"18 441,00",alipay,success,12/11/2024
PAY-10887,ORD-4761,"$13,548.00",alipay,success,23-09-2026
PAY-10888,ORD-892,"$2,172.00",card,SUCCESS,11/12/2026
PAY-10889,ORD-4328,"$1,836.00",wechat,success,2025-03-07
PAY-10890,ORD-13408,"$19,938.00",card,pending,03-01-2024
PAY-10891,ORD-13164,"$16,919.00",wechat,pending,2025-05-02
PAY-10892,ORD-440,16851,COD,success,03/18/2026
PAY-10893,ORD-10372,"$14,785.00",card,pending,10/01/2024
PAY-10894,ORD-713,4577,wechat,failed,04/26/2025
PAY-10895,ORD-13945,6318,COD,SUCCESS,08-08-2024
PAY-10896,ORD-5116,1293,card,success,2026-04-14
PAY-10897,ORD-12446,15600,wechat,success,2024-05-24
PAY-10898,ORD-14708,5153,wechat,success,02/02/2026
PAY-10899,ORD-6918,10843,card,SUCCESS,2024-12-02
PAY-10900,ORD-9994,7561,wechat,SUCCESS,2025-06-12
PAY-10901,ORD-12159,19695,wechat,success,2024-03-28
PAY-10902,ORD-9861,"$11,090.00",COD,success,2026-07-25
PAY-10903,ORD-10510,"$10,530.00",alipay,pending,2026-08-04
PAY-10904,ORD-1857,7859,alipay,pending,2024-02-18
PAY-10905,ORD-11601,7956,alipay,SUCCESS,12-03-2025
PAY-10906,ORD-8616,"$19,981.00",card,SUCCESS,2024-04-21
PAY-10907,ORD-11166,12373,card,success,2026-01-01
PAY-10908,ORD-10308,4286,card,success,28-05-2024
PAY-10909,ORD-10559,7 473,alipay,SUCCESS,12/22/2026
PAY-10910,ORD-14191,150,card,pending,12/03/2025
PAY-10911,ORD-7425,"$6,130.00",wechat,SUCCESS,01-06-2026
PAY-10912,ORD-6952,16234,COD,pending,2024-06-18
PAY-10913,ORD-10017,"$17,325.00",wechat,pending,09/05/2025
PAY-10914,ORD-2148,9997,alipay,success,01/15/2025
PAY-10915,ORD-1999,"$13,416.00",COD,pending,01/03/2024
PAY-10916,ORD-14294,"$8,757.00",alipay,pending,2026-08-27
PAY-10917,ORD-4949,"$5,032.00",COD,SUCCESS,06/24/2025
PAY-10918,ORD-14047,15539,COD,success,14-11-2026
PAY-10919,ORD-13836,"$4,966.00",card,SUCCESS,08/11/2025
PAY-10920,ORD-5435,14 115,alipay,pending,2025-11-11
PAY-10921,ORD-9987,6850,alipay,pending,12/02/2024
PAY-10922,ORD-10043,"$3,191.00",COD,SUCCESS,2024-09-16
PAY-10923,ORD-5624,"$7,782.00",alipay,SUCCESS,07/26/2024
PAY-10924,ORD-5650,13 861,alipay,success,10/20/2026
PAY-10925,ORD-14825,"19 621,00",alipay,SUCCESS,15-07-2024
PAY-10926,ORD-4666,"$10,246.00",COD,SUCCESS,01/03/2025
PAY-10927,ORD-3084,18 305,wechat,success,07/26/2026
PAY-10928,ORD-10022,5036,alipay,failed,2026-02-18
PAY-10929,ORD-525,8314,COD,pending,2025-04-09
PAY-10930,ORD-12484,17480,card,SUCCESS,12/17/2026
PAY-10931,ORD-4665,8650,COD,SUCCESS,08/18/2024
PAY-10932,ORD-366,13497,card,success,11/21/2024
PAY-10933,ORD-13637,"8 343,00",wechat,SUCCESS,2024-03-09
PAY-10934,ORD-231,"10 084,00",card,pending,2025-04-01
PAY-10935,ORD-3252,15690,COD,pending,2025-01-27
PAY-10936,ORD-7480,18866,alipay,pending,01/01/2026
PAY-10937,ORD-13091,12829,alipay,success,19-09-2026
PAY-10938,ORD-10150,19497,wechat,pending,25-08-2024
PAY-10939,ORD-7469,"$3,933.00",alipay,success,2025-04-17
PAY-10940,ORD-7697,3373,COD,SUCCESS,01/07/2024
PAY-10941,ORD-4619,17000,COD,pending,2026-07-24
PAY-10942,ORD-298,1881,card,SUCCESS,20-06-2024
PAY-10943,ORD-4001,9731,wechat,pending,04/23/2025
PAY-10944,ORD-10334,6013,card,pending,2026-04-14
PAY-10945,ORD-4033,"$17,002.00",COD,success,03/22/2026
PAY-10946,ORD-6581,13638,COD,pending,2024-09-02
PAY-10947,ORD-10700,1 294,card,SUCCESS,2026-07-05
PAY-10948,ORD-11407,"$6,355.00",alipay,pending,2024-08-13
PAY-10949,ORD-7671,"$1,688.00",alipay,pending,12-07-2026
PAY-10950,ORD-3425,3305,alipay,success,03-06-2025
PAY-10951,ORD-3356,13 107,COD,SUCCESS,2025-11-10
PAY-10952,ORD-9283,2431,card,pending,02/24/2026
PAY-10953,ORD-7963,19775,wechat,SUCCESS,2026-12-14
PAY-10954,ORD-12419,"$3,257.00",wechat,pending,16-02-2026
PAY-10955,ORD-6988,"$4,962.00",COD,SUCCESS,01-06-2024
PAY-10956,ORD-8956,506,alipay,SUCCESS,08/10/2024
PAY-10957,ORD-7869,1260,wechat,pending,03/15/2026
PAY-10958,ORD-9598,10087,wechat,pending,10-09-2026
PAY-10959,ORD-7647,19631,alipay,SUCCESS,2025-09-06
PAY-10960,ORD-6502,11683,wechat,pending,2026-08-11
PAY-10961,ORD-3381,14342,alipay,success,24-06-2026
PAY-10962,ORD-7810,3487,alipay,success,2024-12-26
PAY-10963,ORD-11386,"$1,983.00",alipay,SUCCESS,06/02/2024
PAY-10964,ORD-2843,19741,card,success,10/17/2024
PAY-10965,ORD-12829,9138,wechat,SUCCESS,26-10-2025
PAY-10966,ORD-7227,9420,wechat,pending,13-08-2025
PAY-10967,ORD-13492,16 407,card,success,2025-06-06
PAY-10968,ORD-775,"10 847,00",wechat,failed,04-11-2026
PAY-10969,ORD-8978,"$14,619.00",COD,SUCCESS,2024-03-21
PAY-10970,ORD-4535,4 046,COD,pending,15-06-2024
PAY-10971,ORD-310,5506,alipay,SUCCESS,11/06/2025
PAY-10972,ORD-4815,"12 742,00",COD,SUCCESS,2026-09-02
PAY-10973,ORD-12214,"650,00",COD,pending,01/10/2024
PAY-10974,ORD-4374,"$15,015.00",alipay,success,16-11-2026
PAY-10975,ORD-4433,1096,wechat,SUCCESS,2025-09-23
PAY-10976,ORD-1495,12324,wechat,success,2025-01-19
PAY-10977,ORD-11450,15923,alipay,success,2025-08-15
PAY-10978,ORD-2489,6 605,card,pending,06/08/2026
PAY-10979,ORD-5778,"9 839,00",wechat,SUCCESS,2024-03-03
PAY-10980,ORD-11789,"14 478,00",wechat,pending,08-02-2026
PAY-10981,ORD-12717,16179,COD,success,2026-05-16
PAY-10982,ORD-6550,1793,wechat,success,2024-05-10
PAY-10983,ORD-5673,"$14,571.00",wechat,pending,18-05-2026
PAY-10984,ORD-345,14740,COD,pending,2024-10-13
PAY-10985,ORD-10766,3668,wechat,failed,01/26/2026
PAY-10986,ORD-6709,18291,COD,SUCCESS,01/28/2025
PAY-10987,ORD-1383,7470,wechat,SUCCESS,2025-02-09
PAY-10988,ORD-1336,"17 661,00",wechat,success,2024-06-23
PAY-10989,ORD-11957,"$13,622.00",COD,pending,05/17/2026
PAY-10990,ORD-2102,2728,COD,success,02/10/2026
PAY-10991,ORD-3127,15 283,alipay,pending,2024-06-07
PAY-10992,ORD-12124,"$13,050.00",card,pending,02/28/2025
PAY-10993,ORD-9458,11932,COD,success,04/01/2025
PAY-10994,ORD-13193,"17 575,00",COD,pending,05/18/2026
PAY-10995,ORD-6130,18590,wechat,SUCCESS,2024-06-26
PAY-10996,ORD-6050,3937,alipay,success,01/06/2025
PAY-10997,ORD-12152,6646,wechat,pending,04-05-2025
PAY-10998,ORD-14410,2363,COD,success,2024-07-11
PAY-10999,ORD-5379,7559,COD,success,07/18/2026
PAY-11000,ORD-11291,8488,COD,SUCCESS,2024-02-28
PAY-11001,ORD-3566,7174,card,SUCCESS,11/24/2026
PAY-11002,ORD-4925,10 992,alipay,SUCCESS,17-07-2024
PAY-11003,ORD-3801,"$18,311.00",alipay,SUCCESS,2024-03-04
PAY-11004,ORD-10645,472,alipay,SUCCESS,03/16/2024
PAY-11005,ORD-11073,"$6,534.00",COD,success,05/20/2025
PAY-11006,ORD-9071,15857,card,SUCCESS,2026-01-07
PAY-11007,ORD-834,5744,card,SUCCESS,2026-05-03
PAY-11008,ORD-8657,17548,card,SUCCESS,26-12-2025
PAY-11009,ORD-9872,11647,alipay,failed,11/05/2026
PAY-11010,ORD-14175,"$4,443.00",wechat,success,2026-04-16
PAY-11011,ORD-12506,9859,COD,SUCCESS,2025-06-25
PAY-11012,ORD-8725,"$16,583.00",card,SUCCESS,22-12-2026
PAY-11013,ORD-11227,6189,card,success,2026-04-09
PAY-11014,ORD-1618,9860,COD,SUCCESS,28-02-2026
PAY-11015,ORD-13720,10314,COD,pending,2024-05-12
PAY-11016,ORD-11487,"$9,729.00",wechat,SUCCESS,09/08/2024
PAY-11017,ORD-2818,625,COD,success,2026-11-06
PAY-11018,ORD-14360,16762,card,SUCCESS,10/19/2024
PAY-11019,ORD-10647,529,COD,pending,2026-08-16
PAY-11020,ORD-4174,"8 080,00",alipay,SUCCESS,2024-05-12
PAY-11021,ORD-13329,"$4,735.00",wechat,SUCCESS,2024-10-26
PAY-11022,ORD-1885,13023,wechat,success,2026-11-05
PAY-11023,ORD-2904,4772,wechat,pending,2025-11-18
PAY-11024,ORD-3716,9361,wechat,success,2026-04-22
PAY-11025,ORD-1743,12571,COD,SUCCESS,2025-04-13
PAY-11026,ORD-5479,19633,COD,success,2025-11-27
PAY-11027,ORD-5607,51,COD,success,2026-07-27
PAY-11028,ORD-12015,11696,alipay,success,11-05-2025
PAY-11029,ORD-10824,17 274,wechat,pending,18-01-2024
PAY-11030,ORD-12597,"18 462,00",card,SUCCESS,10/28/2024
PAY-11031,ORD-1575,9821,wechat,success,2024-09-23
PAY-11032,ORD-2858,4496,card,success,2026-03-24
PAY-11033,ORD-11937,8797,alipay,SUCCESS,10/12/2026
PAY-11034,ORD-6510,12863,alipay,SUCCESS,04/26/2026
PAY-11035,ORD-7002,13411,wechat,success,27-12-2024
PAY-11036,ORD-449,8 135,alipay,success,2025-11-20
PAY-11037,ORD-14154,"17 519,00",alipay,SUCCESS,03-08-2025
PAY-11038,ORD-7484,672,alipay,success,01/04/2024
PAY-11039,ORD-11764,19771,COD,pending,2025-08-12
PAY-11040,ORD-9719,16559,COD,success,07/10/2025
PAY-11041,ORD-7364,"18 741,00",alipay,success,02/09/2025
PAY-11042,ORD-5278,10483,alipay,pending,2025-01-06
PAY-11043,ORD-7109,"$9,404.00",card,SUCCESS,2025-09-18
PAY-11044,ORD-1669,7 654,wechat,success,2026-02-19
PAY-11045,ORD-10198,"$2,753.00",COD,pending,02-03-2025
PAY-11046,ORD-7058,16388,COD,SUCCESS,25-11-2025
PAY-11047,ORD-8682,6723,wechat,pending,11/10/2026
PAY-11048,ORD-8363,16205,COD,SUCCESS,05/04/2024
PAY-11049,ORD-13266,4499,COD,success,2025-10-05
PAY-11050,ORD-10790,6079,alipay,SUCCESS,2026-01-11
PAY-11051,ORD-6509,11 337,COD,SUCCESS,13-12-2026
PAY-11052,ORD-1944,4413,COD,success,10-08-2025
PAY-11053,ORD-11516,7974,wechat,SUCCESS,06-06-2025
PAY-11054,ORD-5709,"$9,911.00",COD,SUCCESS,07/20/2024
PAY-11055,ORD-274,$451.00,wechat,SUCCESS,2024-06-24
PAY-11056,ORD-573,9341,COD,SUCCESS,2024-10-09
PAY-11057,ORD-10371,3093,alipay,pending,2026-04-05
PAY-11058,ORD-7294,10 569,alipay,pending,2024-06-20
PAY-11059,ORD-1646,9414,wechat,pending,18-10-2025
PAY-11060,ORD-4821,10656,wechat,success,01/19/2024
PAY-11061,ORD-14431,16 016,COD,pending,02/17/2026
PAY-11062,ORD-12440,"14 013,00",wechat,pending,2024-08-07
PAY-11063,ORD-2528,"$17,648.00",COD,SUCCESS,2026-06-26
PAY-11064,ORD-1453,"$3,817.00",wechat,SUCCESS,11/15/2024
PAY-11065,ORD-13711,14828,card,pending,2024-08-23
PAY-11066,ORD-3809,19372,wechat,SUCCESS,2026-06-25
PAY-11067,ORD-13166,14544,alipay,pending,09-07-2024
PAY-11068,ORD-9141,"4 548,00",card,pending,2025-11-14
PAY-11069,ORD-5248,6530,alipay,success,04/06/2025
PAY-11070,ORD-7936,2554,card,SUCCESS,05/23/2024
PAY-11071,ORD-1049,7663,card,pending,21-09-2024
PAY-11072,ORD-5555,"$3,516.00",card,success,2026-04-05
PAY-11073,ORD-6832,8266,alipay,pending,14-10-2024
PAY-11074,ORD-7625,7070,COD,SUCCESS,2024-02-03
PAY-11075,ORD-8941,"$13,667.00",card,SUCCESS,2024-02-03
PAY-11076,ORD-14797,9130,COD,pending,2025-10-24
PAY-11077,ORD-2297,640,COD,success,20-12-2025
PAY-11078,ORD-2875,19 388,alipay,success,2026-03-26
PAY-11079,ORD-1517,"13 932,00",card,SUCCESS,16-07-2024
PAY-11080,ORD-6680,"$9,320.00",COD,success,09-01-2025
PAY-11081,ORD-2550,176,wechat,failed,24-10-2026
PAY-11082,ORD-6921,"1 134,00",card,SUCCESS,09/03/2024
PAY-11083,ORD-8456,"$4,590.00",card,pending,2026-05-21
PAY-11084,ORD-13993,12 745,alipay,success,08-10-2025
PAY-11085,ORD-13763,2054,alipay,success,2024-03-23
PAY-11086,ORD-6603,6262,card,success,04/04/2025
PAY-11087,ORD-5527,"$7,832.00",wechat,pending,2026-04-17
PAY-11088,ORD-10904,"$3,936.00",card,SUCCESS,05/16/2024
PAY-11089,ORD-2021,"$19,333.00",alipay,SUCCESS,2024-08-22
PAY-11090,ORD-14788,"$12,427.00",wechat,SUCCESS,05/17/2024
PAY-11091,ORD-6030,18871,wechat,success,02/28/2024
PAY-11092,ORD-12233,$814.00,alipay,SUCCESS,04/17/2026
PAY-11093,ORD-9780,5001,wechat,SUCCESS,07/08/2024
PAY-11094,ORD-8901,19015,alipay,SUCCESS,12/12/2024
PAY-11095,ORD-2186,"$2,721.00",COD,failed,2024-06-17
PAY-11096,ORD-11015,"$13,586.00",COD,failed,02-03-2024
PAY-11097,ORD-10049,6734,wechat,SUCCESS,2024-12-15
PAY-11098,ORD-9142,3853,card,success,2024-06-22
PAY-11099,ORD-14484,"11 527,00",card,success,2025-03-11
PAY-11100,ORD-8191,14751,card,pending,2024-06-15
PAY-11101,ORD-4274,13996,wechat,success,05/05/2024
PAY-11102,ORD-138,18298,alipay,SUCCESS,2026-09-04
PAY-11103,ORD-6795,18167,wechat,failed,10-02-2024
PAY-11104,ORD-8710,"$4,195.00",card,success,07-06-2024
PAY-11105,ORD-6348,13592,card,pending,2024-01-24
PAY-11106,ORD-8466,10452,COD,failed,2025-07-25
PAY-11107,ORD-4084,18040,COD,success,2026-11-03
PAY-11108,ORD-6328,12102,card,success,2024-05-01
PAY-11109,ORD-10260,"10 969,00",alipay,success,06/09/2024
PAY-11110,ORD-5787,"14 748,00",alipay,failed,12/06/2026
PAY-11111,ORD-10371,19494,card,pending,2024-11-09
PAY-11112,ORD-10643,11444,card,SUCCESS,2024-03-13
PAY-11113,ORD-12953,"$14,628.00",card,failed,2024-03-08
PAY-11114,ORD-1524,14719,alipay,SUCCESS,2026-02-13
PAY-11115,ORD-2313,6410,alipay,SUCCESS,2025-06-08
PAY-11116,ORD-9852,19 224,wechat,pending,2025-06-20
PAY-11117,ORD-7674,4359,wechat,success,2025-07-05
PAY-11118,ORD-3467,3521,COD,success,2025-02-17
PAY-11119,ORD-80,4130,alipay,SUCCESS,2025-01-07
PAY-11120,ORD-9023,11502,alipay,pending,2025-03-05
PAY-11121,ORD-2050,"$18,291.00",wechat,success,2025-08-02
PAY-11122,ORD-9765,4962,card,pending,2024-08-08
PAY-11123,ORD-2305,9535,wechat,success,15-05-2024
PAY-11124,ORD-6693,"15 884,00",wechat,failed,05/09/2024
PAY-11125,ORD-5258,"$1,077.00",wechat,pending,02/11/2026
PAY-11126,ORD-10632,11735,alipay,success,2024-11-09
PAY-11127,ORD-2020,11395,card,success,21-10-2024
PAY-11128,ORD-6669,"$14,082.00",COD,pending,2025-03-27
PAY-11129,ORD-4747,"4 061,00",card,success,2026-08-05
PAY-11130,ORD-9282,10 057,alipay,SUCCESS,2025-07-18
PAY-11131,ORD-11846,2455,card,success,2024-11-04
PAY-11132,ORD-8154,12376,COD,SUCCESS,2025-01-27
PAY-11133,ORD-12003,"$6,439.00",COD,success,28-03-2024
PAY-11134,ORD-3601,"$16,418.00",card,pending,2024-04-13
PAY-11135,ORD-3985,17742,wechat,failed,2026-03-05
PAY-11136,ORD-4568,"$9,713.00",COD,success,05/26/2024
PAY-11137,ORD-6326,19410,wechat,success,09/01/2026
PAY-11138,ORD-1887,"$6,393.00",card,success,08-12-2026
PAY-11139,ORD-10310,"$8,198.00",COD,SUCCESS,01-02-2024
PAY-11140,ORD-2675,12352,card,pending,2026-04-15
PAY-11141,ORD-12090,17868,wechat,SUCCESS,04-05-2026
PAY-11142,ORD-10521,5041,COD,pending,2026-10-28
PAY-11143,ORD-5196,18130,alipay,success,2025-03-08
PAY-11144,ORD-9582,"4 093,00",wechat,pending,10/07/2024
PAY-11145,ORD-2020,1681,alipay,success,2025-06-02
PAY-11146,ORD-3244,438,wechat,success,23-09-2025
PAY-11147,ORD-14648,3511,wechat,success,2024-12-07
PAY-11148,ORD-6770,62,card,success,2024-12-02
PAY-11149,ORD-10850,6484,alipay,pending,06/23/2026
PAY-11150,ORD-9525,3 367,card,SUCCESS,2024-02-14
PAY-11151,ORD-1088,16852,alipay,failed,2025-07-11
PAY-11152,ORD-6502,13972,wechat,success,11/24/2024
PAY-11153,ORD-11976,16426,alipay,pending,2024-09-04
PAY-11154,ORD-12187,8522,COD,SUCCESS,2026-10-05
PAY-11155,ORD-6394,6978,alipay,SUCCESS,2026-08-12
PAY-11156,ORD-330,361,wechat,success,07/22/2026
PAY-11157,ORD-13653,10732,wechat,pending,08/01/2024
PAY-11158,ORD-10669,15524,COD,SUCCESS,2025-11-28
PAY-11159,ORD-9612,11646,alipay,pending,15-01-2024
PAY-11160,ORD-2437,5892,alipay,success,09/21/2026
PAY-11161,ORD-11867,2111,card,SUCCESS,06-06-2026
PAY-11162,ORD-11358,15173,alipay,SUCCESS,11/19/2026
PAY-11163,ORD-8359,10062,COD,pending,2025-12-12
PAY-11164,ORD-3395,9 684,wechat,SUCCESS,27-02-2026
PAY-11165,ORD-13000,10452,COD,pending,01/17/2024
PAY-11166,ORD-12410,11584,alipay,success,08/16/2026
PAY-11167,ORD-6359,1537,COD,success,2026-06-03
PAY-11168,ORD-13648,2 609,COD,success,12/01/2026
PAY-11169,ORD-4084,3 605,card,SUCCESS,2025-04-07
PAY-11170,ORD-6531,9993,COD,SUCCESS,2025-03-07
PAY-11171,ORD-10670,17478,wechat,success,2024-11-17
PAY-11172,ORD-14990,14800,COD,SUCCESS,2026-12-23
PAY-11173,ORD-11253,5 922,card,pending,05-07-2025
PAY-11174,ORD-3899,"$4,479.00",alipay,pending,05/15/2024
PAY-11175,ORD-13741,552,wechat,pending,2024-11-28
PAY-11176,ORD-14223,"12 098,00",alipay,success,2024-06-06
PAY-11177,ORD-11854,4238,alipay,pending,2026-03-04
PAY-11178,ORD-8768,15268,alipay,pending,2024-06-14
PAY-11179,ORD-5418,"$19,151.00",COD,pending,2025-02-27
PAY-11180,ORD-9116,4993,wechat,pending,08/23/2025
PAY-11181,ORD-3206,7029,card,SUCCESS,05/09/2024
PAY-11182,ORD-6075,"$15,082.00",alipay,SUCCESS,19-12-2024
PAY-11183,ORD-14154,10 646,card,success,03/20/2024
PAY-11184,ORD-8058,"$15,150.00",card,pending,2026-12-22
PAY-11185,ORD-14252,5793,wechat,success,2024-04-09
PAY-11186,ORD-4832,"$4,287.00",card,pending,06/07/2025
PAY-11187,ORD-8398,"$18,331.00",alipay,SUCCESS,2024-10-17
PAY-11188,ORD-7387,18859,COD,success,10/12/2024
PAY-11189,ORD-3869,"$15,514.00",wechat,SUCCESS,2024-09-06
PAY-11190,ORD-12042,"$19,952.00",alipay,success,12-06-2025
PAY-11191,ORD-12420,3568,alipay,pending,2024-12-15
PAY-11192,ORD-10070,4516,COD,pending,01/03/2024
PAY-11193,ORD-6976,"$3,121.00",wechat,pending,09/03/2025
PAY-11194,ORD-156,16002,alipay,success,02/08/2025
PAY-11195,ORD-8501,"$3,615.00",COD,SUCCESS,05/23/2024
PAY-11196,ORD-3712,10282,alipay,SUCCESS,19-07-2026
PAY-11197,ORD-14339,13 615,alipay,success,10-08-2025
PAY-11198,ORD-8242,"$16,974.00",wechat,success,2024-06-07
PAY-11199,ORD-4291,"15 185,00",card,SUCCESS,10/26/2024
PAY-11200,ORD-13689,2698,alipay,SUCCESS,22-07-2024
PAY-11201,ORD-5211,18293,card,success,03/24/2024
PAY-11202,ORD-7408,"$15,567.00",wechat,pending,2026-09-09
PAY-11203,ORD-7755,17250,wechat,pending,2025-12-05
PAY-11204,ORD-2136,"$2,934.00",wechat,pending,05/03/2025
PAY-11205,ORD-24,18572,card,success,2025-01-11
PAY-11206,ORD-13495,5991,COD,SUCCESS,2025-01-26
PAY-11207,ORD-13806,2217,COD,success,2025-02-19
PAY-11208,ORD-14319,"$4,532.00",wechat,SUCCESS,2025-05-13
PAY-11209,ORD-14256,"$8,341.00",COD,pending,2024-09-04
PAY-11210,ORD-13111,"$9,326.00",alipay,pending,2026-04-24
PAY-11211,ORD-574,14677,card,pending,2024-04-28
PAY-11212,ORD-12599,5322,alipay,success,2025-10-28
PAY-11213,ORD-4178,4764,alipay,SUCCESS,10/12/2025
PAY-11214,ORD-12743,"6 777,00",alipay,pending,2026-06-23
PAY-11215,ORD-10201,19295,COD,pending,03/13/2024
PAY-11216,ORD-5725,7 286,COD,pending,05-02-2025
PAY-11217,ORD-5462,"14 944,00",COD,SUCCESS,05/23/2025
PAY-11218,ORD-8606,"11 461,00",wechat,SUCCESS,2026-02-06
PAY-11219,ORD-13905,7665,wechat,success,08-01-2026
PAY-11220,ORD-3431,16 753,wechat,success,2025-03-26
PAY-11221,ORD-10634,11595,card,SUCCESS,18-02-2024
PAY-11222,ORD-1876,"$6,839.00",card,success,04/24/2024
PAY-11223,ORD-12865,14478,card,success,2024-06-12
PAY-11224,ORD-7265,15710,card,pending,10/05/2024
PAY-11225,ORD-13430,"16 593,00",COD,SUCCESS,04/14/2026
PAY-11226,ORD-2100,"$17,155.00",alipay,success,2026-04-24
PAY-11227,ORD-7546,"$17,877.00",COD,pending,2026-02-28
PAY-11228,ORD-2610,"$18,185.00",wechat,pending,08/09/2024
PAY-11229,ORD-822,11004,COD,SUCCESS,2026-10-09
PAY-11230,ORD-7055,17481,wechat,success,02/16/2025
PAY-11231,ORD-13998,14494,wechat,pending,08/14/2025
PAY-11232,ORD-14362,"$8,849.00",alipay,success,08-06-2026
PAY-11233,ORD-9153,"8 175,00",wechat,pending,05/17/2024
PAY-11234,ORD-2825,5974,wechat,SUCCESS,04/01/2026
PAY-11235,ORD-445,5502,wechat,SUCCESS,2025-12-15
PAY-11236,ORD-13870,12446,card,success,08/16/2025
PAY-11237,ORD-6295,6 864,card,success,01/21/2025
PAY-11238,ORD-4493,5577,alipay,success,2026-09-09
PAY-11239,ORD-11383,12932,wechat,failed,2026-10-12
PAY-11240,ORD-3096,"$6,102.00",wechat,pending,2026-09-21
PAY-11241,ORD-8745,12192,wechat,pending,12/08/2025
PAY-11242,ORD-14300,17 185,wechat,pending,2026-10-14
PAY-11243,ORD-10287,"$4,802.00",alipay,success,07-08-2025
PAY-11244,ORD-14316,16 336,alipay,success,25-02-2024
PAY-11245,ORD-6080,3 203,alipay,pending,14-06-2024
PAY-11246,ORD-2640,"19 920,00",wechat,SUCCESS,04/20/2024
PAY-11247,ORD-13861,5883,card,SUCCESS,2025-09-17
PAY-11248,ORD-4959,8684,wechat,pending,2025-03-20
PAY-11249,ORD-6948,1929,COD,success,10/14/2025
PAY-11250,ORD-8041,"10 751,00",wechat,SUCCESS,2024-07-23
PAY-11251,ORD-1627,"8 732,00",alipay,SUCCESS,2024-10-20
PAY-11252,ORD-2987,2615,COD,SUCCESS,05-11-2026
PAY-11253,ORD-5515,"$1,809.00",wechat,SUCCESS,06/28/2024
PAY-11254,ORD-7809,11 526,COD,success,2026-06-08
PAY-11255,ORD-10868,4238,COD,pending,01/05/2024
PAY-11256,ORD-5235,15832,alipay,pending,03/25/2026
PAY-11257,ORD-1588,"$11,533.00",alipay,SUCCESS,01/14/2024
PAY-11258,ORD-3606,1417,alipay,success,2024-07-19
PAY-11259,ORD-14488,14 463,wechat,pending,01/20/2024
PAY-11260,ORD-12190,8758,COD,pending,04/10/2024
PAY-11261,ORD-9052,1177,COD,success,2026-04-28
PAY-11262,ORD-1858,9986,card,success,2025-08-09
PAY-11263,ORD-4034,15008,wechat,pending,2025-03-26
PAY-11264,ORD-11518,14 713,alipay,SUCCESS,09/23/2026
PAY-11265,ORD-2967,13146,wechat,success,06/02/2024
PAY-11266,ORD-7708,"$9,425.00",COD,success,2026-11-20
PAY-11267,ORD-6348,"$5,236.00",alipay,pending,06/05/2026
PAY-11268,ORD-9975,"$12,725.00",wechat,success,2024-04-04
PAY-11269,ORD-741,"$16,417.00",alipay,SUCCESS,2025-02-28
PAY-11270,ORD-4712,"$15,614.00",alipay,pending,2025-04-06
PAY-11271,ORD-8280,"$2,066.00",COD,SUCCESS,09/25/2026
PAY-11272,ORD-4072,"$6,276.00",COD,success,2024-01-16
PAY-11273,ORD-1634,"$3,402.00",card,SUCCESS,03-02-2025
PAY-11274,ORD-11835,"$19,824.00",COD,pending,2024-04-27
PAY-11275,ORD-5430,11985,COD,success,06-10-2026
PAY-11276,ORD-6710,18612,card,pending,2025-09-15
PAY-11277,ORD-10282,10864,card,pending,13-03-2026
PAY-11278,ORD-10424,9864,COD,success,2026-09-05
PAY-11279,ORD-8744,2300,card,success,03/16/2025
PAY-11280,ORD-9226,14383,COD,pending,10/16/2024
PAY-11281,ORD-11354,"$10,089.00",COD,SUCCESS,10/12/2026
PAY-11282,ORD-12822,142,wechat,pending,09-11-2026
PAY-11283,ORD-8369,5036,alipay,pending,06/09/2025
PAY-11284,ORD-13111,13773,card,success,2026-03-18
PAY-11285,ORD-8986,4456,COD,success,2024-11-19
PAY-11286,ORD-4839,3124,card,success,2026-06-04
PAY-11287,ORD-696,$557.00,COD,success,11/24/2025
PAY-11288,ORD-13143,"$1,962.00",wechat,pending,10/28/2024
PAY-11289,ORD-11536,$469.00,card,pending,2025-05-24
PAY-11290,ORD-1087,6432,card,success,2025-08-09
PAY-11291,ORD-6095,"$9,219.00",COD,pending,02/26/2024
PAY-11292,ORD-4052,19962,wechat,success,04/22/2025
PAY-11293,ORD-12169,"$14,830.00",wechat,pending,2026-12-25
PAY-11294,ORD-14056,13 631,COD,pending,2024-02-05
PAY-11295,ORD-3663,"8 448,00",alipay,success,2025-06-10
PAY-11296,ORD-7618,$93.00,alipay,SUCCESS,19-08-2026
PAY-11297,ORD-10362,18089,COD,pending,2025-07-19
PAY-11298,ORD-2060,8324,card,SUCCESS,04/23/2024
PAY-11299,ORD-14211,"16 682,00",alipay,SUCCESS,02/17/2025
PAY-11300,ORD-373,3897,wechat,success,2026-03-02
PAY-11301,ORD-10992,"$2,958.00",alipay,success,2024-01-14
PAY-11302,ORD-8908,19686,COD,pending,04/14/2024
PAY-11303,ORD-3980,"$12,619.00",card,SUCCESS,2026-09-23
PAY-11304,ORD-5245,"$1,414.00",card,pending,2024-12-25
PAY-11305,ORD-4120,$832.00,card,success,2026-05-22
PAY-11306,ORD-4291,"12 546,00",wechat,success,07/25/2024
PAY-11307,ORD-3089,"2 984,00",card,pending,2026-05-11
PAY-11308,ORD-7633,14072,alipay,failed,2024-01-07
PAY-11309,ORD-5742,"$10,670.00",wechat,pending,05/21/2025
PAY-11310,ORD-6467,1 804,card,pending,2026-10-05
PAY-11311,ORD-7594,10 570,card,SUCCESS,12/23/2024
PAY-11312,ORD-131,15 115,card,success,2025-12-21
PAY-11313,ORD-8357,6855,card,pending,2026-06-10
PAY-11314,ORD-1396,1017,card,pending,2025-07-06
PAY-11315,ORD-14017,"506,00",card,pending,2026-05-11
PAY-11316,ORD-10958,3715,alipay,pending,02/02/2025
PAY-11317,ORD-11054,"$15,163.00",alipay,pending,21-02-2025
PAY-11318,ORD-6669,16636,wechat,SUCCESS,08/28/2024
PAY-11319,ORD-14907,"$8,473.00",wechat,SUCCESS,2026-09-19
PAY-11320,ORD-3521,"$12,206.00",COD,SUCCESS,2026-11-06
PAY-11321,ORD-399,11867,alipay,SUCCESS,2026-10-28
PAY-11322,ORD-11751,14853,wechat,success,11/06/2025
PAY-11323,ORD-2782,9 548,COD,pending,20-03-2025
PAY-11324,ORD-5152,"17 992,00",card,failed,04/08/2026
PAY-11325,ORD-9068,"$7,843.00",COD,SUCCESS,02/26/2026
PAY-11326,ORD-54,12725,alipay,success,2024-12-18
PAY-11327,ORD-1246,7716,card,SUCCESS,2025-06-13
PAY-11328,ORD-2102,"$13,412.00",card,failed,2024-02-22
PAY-11329,ORD-2487,"$2,971.00",wechat,success,2025-03-20
PAY-11330,ORD-14899,12 359,COD,SUCCESS,04/26/2025
PAY-11331,ORD-5721,"7 968,00",wechat,SUCCESS,2024-05-02
PAY-11332,ORD-1177,18874,COD,pending,2024-05-06
PAY-11333,ORD-2698,343,COD,pending,2024-01-23
PAY-11334,ORD-4076,149,card,failed,18-08-2024
PAY-11335,ORD-11032,15364,wechat,success,2024-03-06
PAY-11336,ORD-11931,"$1,175.00",wechat,success,09/06/2024
PAY-11337,ORD-13282,12901,card,success,2025-01-14
PAY-11338,ORD-4314,19 744,card,SUCCESS,12/03/2026
PAY-11339,ORD-7642,18760,COD,pending,10/07/2024
PAY-11340,ORD-3724,2364,alipay,pending,10-02-2025
PAY-11341,ORD-306,15 634,wechat,success,2025-11-27
PAY-11342,ORD-14733,13442,alipay,success,2025-07-17
PAY-11343,ORD-11572,6905,COD,failed,2026-06-11
PAY-11344,ORD-3197,16341,COD,success,07/02/2024
PAY-11345,ORD-6606,"$13,783.00",wechat,SUCCESS,02/02/2026
PAY-11346,ORD-2035,"$19,491.00",alipay,success,08/17/2024
PAY-11347,ORD-14634,"$9,518.00",COD,SUCCESS,2026-04-03
PAY-11348,ORD-3782,"2 179,00",COD,success,01/07/2024
PAY-11349,ORD-8499,16236,COD,SUCCESS,2026-10-05
PAY-11350,ORD-2567,17 602,card,success,2026-10-09
PAY-11351,ORD-7791,17966,alipay,success,07/18/2025
PAY-11352,ORD-14460,"$6,103.00",COD,SUCCESS,13-08-2025
PAY-11353,ORD-13450,13 740,card,SUCCESS,2025-09-03
PAY-11354,ORD-10544,12630,card,pending,2025-09-14
PAY-11355,ORD-11108,13105,wechat,failed,2024-04-07
PAY-11356,ORD-12393,"$16,857.00",card,SUCCESS,2026-02-04
PAY-11357,ORD-7816,"$15,495.00",COD,pending,04/08/2024
PAY-11358,ORD-13122,$270.00,card,SUCCESS,2025-05-13
PAY-11359,ORD-14759,"3 234,00",card,success,2025-01-28
PAY-11360,ORD-5636,18082,alipay,pending,2025-12-05
PAY-11361,ORD-3905,"8 552,00",card,pending,2025-12-22
PAY-11362,ORD-14783,14 307,wechat,success,2025-03-14
PAY-11363,ORD-3269,5742,COD,SUCCESS,18-12-2025
PAY-11364,ORD-9133,"19 410,00",card,success,12/07/2024
PAY-11365,ORD-2387,19400,alipay,success,2025-09-13
PAY-11366,ORD-12451,"$7,081.00",card,pending,2024-04-12
PAY-11367,ORD-5254,11796,card,pending,2024-02-19
PAY-11368,ORD-10910,18941,wechat,success,19-11-2026
PAY-11369,ORD-7137,16647,card,failed,04-06-2025
PAY-11370,ORD-10245,17652,wechat,success,2025-10-21
PAY-11371,ORD-7427,"$13,628.00",COD,SUCCESS,09/23/2025
PAY-11372,ORD-5912,114,COD,pending,26-06-2025
PAY-11373,ORD-3766,2545,wechat,success,2025-02-14
PAY-11374,ORD-2549,7814,card,pending,2024-05-05
PAY-11375,ORD-2860,19932,card,pending,2026-02-08
PAY-11376,ORD-9622,"$13,518.00",wechat,success,2025-11-10
PAY-11377,ORD-2899,"4 898,00",alipay,success,2024-03-20
PAY-11378,ORD-11487,7337,wechat,pending,02-09-2024
PAY-11379,ORD-5858,"$19,862.00",card,failed,02/20/2025
PAY-11380,ORD-1459,"$3,335.00",alipay,SUCCESS,11-10-2025
PAY-11381,ORD-5436,4877,wechat,success,2025-03-26
PAY-11382,ORD-4382,"1 538,00",COD,failed,2025-10-08
PAY-11383,ORD-14605,13758,COD,SUCCESS,17-05-2025
PAY-11384,ORD-6953,16379,wechat,pending,2024-05-17
PAY-11385,ORD-11179,"$11,666.00",alipay,success,04/21/2026
PAY-11386,ORD-5970,8446,alipay,SUCCESS,23-12-2024
PAY-11387,ORD-8071,3 871,COD,success,2026-11-07
PAY-11388,ORD-3916,11125,alipay,SUCCESS,09/05/2024
PAY-11389,ORD-500,"$11,827.00",COD,pending,10/25/2025
PAY-11390,ORD-10682,18 775,card,pending,2026-11-16
PAY-11391,ORD-3326,"5 166,00",COD,pending,2026-02-08
PAY-11392,ORD-12928,"$15,087.00",alipay,SUCCESS,02/21/2025
PAY-11393,ORD-12750,18463,wechat,pending,2026-08-11
PAY-11394,ORD-4684,$782.00,wechat,SUCCESS,07/23/2025
PAY-11395,ORD-13605,"$17,818.00",card,pending,2026-01-14
PAY-11396,ORD-2293,"$11,473.00",COD,pending,2025-12-04
PAY-11397,ORD-13106,19018,card,pending,2025-11-12
PAY-11398,ORD-11857,"$1,179.00",COD,pending,2025-06-09
PAY-11399,ORD-5452,16 110,card,SUCCESS,22-05-2024
PAY-11400,ORD-13416,15530,card,success,08-07-2024
PAY-11401,ORD-7979,13168,alipay,pending,2024-03-05
PAY-11402,ORD-7031,"$1,428.00",COD,SUCCESS,2026-11-17
PAY-11403,ORD-10763,4079,wechat,pending,2025-09-14
PAY-11404,ORD-939,10 867,card,SUCCESS,07-10-2024
PAY-11405,ORD-1236,2392,COD,pending,16-03-2026
PAY-11406,ORD-9068,2107,card,pending,2026-08-12
PAY-11407,ORD-8025,"$16,049.00",alipay,pending,24-01-2025
PAY-11408,ORD-3282,17674,card,SUCCESS,2024-08-09
PAY-11409,ORD-13121,15 388,wechat,success,2024-02-05
PAY-11410,ORD-5314,12437,alipay,SUCCESS,2026-05-18
PAY-11411,ORD-7008,9102,wechat,failed,2024-02-13
PAY-11412,ORD-9993,"$17,049.00",wechat,success,2025-09-21
PAY-11413,ORD-10156,10090,card,SUCCESS,03/16/2025
PAY-11414,ORD-10220,17 587,alipay,success,05/14/2026
PAY-11415,ORD-9842,14855,wechat,success,2025-02-07
PAY-11416,ORD-4552,17792,wechat,pending,05/14/2025
PAY-11417,ORD-5211,15796,alipay,pending,2026-03-15
PAY-11418,ORD-10614,17292,card,success,2026-10-20
PAY-11419,ORD-6681,787,card,pending,11/18/2024
PAY-11420,ORD-5145,"16 435,00",wechat,SUCCESS,02-12-2026
PAY-11421,ORD-13064,3624,alipay,SUCCESS,02/15/2026
PAY-11422,ORD-12966,"$14,944.00",COD,SUCCESS,2025-07-20
PAY-11423,ORD-14681,11931,alipay,pending,2025-01-02
PAY-11424,ORD-5162,"12 297,00",wechat,success,03-01-2026
PAY-11425,ORD-14869,"$1,616.00",COD,success,2024-03-06
PAY-11426,ORD-6980,2896,COD,SUCCESS,25-03-2024
PAY-11427,ORD-4989,17 116,COD,failed,2026-10-14
PAY-11428,ORD-5545,"18 884,00",alipay,pending,03/27/2024
PAY-11429,ORD-11681,8 426,alipay,success,2025-10-17
PAY-11430,ORD-11242,3422,alipay,success,2026-01-04
PAY-11431,ORD-1216,17444,COD,SUCCESS,2024-09-10
PAY-11432,ORD-3323,6334,COD,success,2026-10-07
PAY-11433,ORD-11859,"$5,948.00",card,success,2026-07-18
PAY-11434,ORD-965,"$3,251.00",wechat,success,10/16/2025
PAY-11435,ORD-7917,"$10,470.00",card,pending,02/09/2024
PAY-11436,ORD-7531,16 709,wechat,pending,10/24/2024
PAY-11437,ORD-6415,"16 424,00",card,pending,2026-11-21
PAY-11438,ORD-4682,16954,card,pending,2026-11-14
PAY-11439,ORD-7805,14715,COD,pending,13-07-2026
PAY-11440,ORD-13168,8568,wechat,SUCCESS,2025-01-27
PAY-11441,ORD-6032,12798,COD,success,19-11-2024
PAY-11442,ORD-7090,8658,alipay,SUCCESS,2026-08-10
PAY-11443,ORD-4266,"3 741,00",wechat,success,2025-01-07
PAY-11444,ORD-14450,"$13,565.00",card,SUCCESS,2024-09-23
PAY-11445,ORD-9086,"1 428,00",wechat,pending,2025-02-28
PAY-11446,ORD-10333,"$15,527.00",COD,SUCCESS,16-05-2024
PAY-11447,ORD-10788,"$3,633.00",card,pending,11/16/2025
PAY-11448,ORD-7757,883,wechat,pending,02/10/2024
PAY-11449,ORD-13311,4649,card,pending,10-12-2025
PAY-11450,ORD-9784,9327,COD,SUCCESS,08/09/2026
PAY-11451,ORD-1306,"18 812,00",wechat,SUCCESS,2024-12-13
PAY-11452,ORD-6810,9771,COD,pending,11/07/2024
PAY-11453,ORD-12454,"$8,998.00",card,success,02/24/2024
PAY-11454,ORD-5362,3057,COD,SUCCESS,2025-10-16
PAY-11455,ORD-1638,19991,COD,SUCCESS,2024-11-02
PAY-11456,ORD-7151,10487,alipay,success,2025-08-21
PAY-11457,ORD-6816,"$17,442.00",wechat,pending,10/25/2025
PAY-11458,ORD-3877,17413,COD,SUCCESS,03/02/2025
PAY-11459,ORD-7773,"5 179,00",wechat,SUCCESS,05/27/2024
PAY-11460,ORD-8071,13 497,alipay,success,2024-11-17
PAY-11461,ORD-8351,555,card,SUCCESS,2026-06-20
PAY-11462,ORD-5517,"$17,640.00",alipay,SUCCESS,19-06-2024
PAY-11463,ORD-520,"$18,061.00",COD,SUCCESS,2024-09-28
PAY-11464,ORD-6192,"$2,160.00",COD,success,2026-09-09
PAY-11465,ORD-8310,"933,00",card,failed,03/09/2024
PAY-11466,ORD-13564,"2 962,00",COD,success,2025-07-17
PAY-11467,ORD-4998,"$6,429.00",wechat,success,18-10-2025
PAY-11468,ORD-2212,12310,alipay,pending,08/09/2024
PAY-11469,ORD-3813,1382,COD,SUCCESS,01/15/2024
PAY-11470,ORD-7260,7815,COD,pending,07/16/2026
PAY-11471,ORD-4299,12785,alipay,success,25-05-2024
PAY-11472,ORD-12316,"$7,379.00",card,pending,2025-07-08
PAY-11473,ORD-4006,13088,COD,pending,10/16/2025
PAY-11474,ORD-7584,6940,alipay,failed,07/23/2025
PAY-11475,ORD-2039,13272,COD,SUCCESS,09/26/2024
PAY-11476,ORD-11919,"$15,638.00",wechat,success,20-07-2026
PAY-11477,ORD-8771,7 961,alipay,success,17-03-2025
PAY-11478,ORD-9297,12541,alipay,pending,2024-03-10
PAY-11479,ORD-14887,"$9,006.00",COD,success,11/15/2026
PAY-11480,ORD-11860,10740,wechat,pending,2024-10-04
PAY-11481,ORD-8018,"$10,903.00",wechat,pending,2026-11-12
PAY-11482,ORD-6221,"$2,583.00",alipay,success,2024-04-21
PAY-11483,ORD-14797,14725,alipay,pending,07-03-2025
PAY-11484,ORD-1347,"$8,702.00",card,failed,07/14/2026
PAY-11485,ORD-7812,15657,alipay,pending,2024-03-19
PAY-11486,ORD-2600,"$8,148.00",alipay,success,2024-01-01
PAY-11487,ORD-11675,5702,alipay,SUCCESS,2025-04-19
PAY-11488,ORD-13316,"$8,756.00",wechat,success,12/18/2026
PAY-11489,ORD-4134,"3 059,00",card,SUCCESS,04/02/2024
PAY-11490,ORD-5781,"$6,727.00",alipay,SUCCESS,2026-07-02
PAY-11491,ORD-2073,11 933,COD,pending,19-10-2024
PAY-11492,ORD-8867,1512,COD,pending,2024-03-18
PAY-11493,ORD-8235,16027,COD,pending,2026-03-09
PAY-11494,ORD-1561,14497,wechat,pending,10/23/2026
PAY-11495,ORD-4664,3 323,wechat,success,2024-04-04
PAY-11496,ORD-6588,5902,alipay,SUCCESS,27-02-2025
PAY-11497,ORD-13976,8939,alipay,success,12/26/2025
PAY-11498,ORD-13605,"$9,900.00",wechat,pending,2025-10-07
PAY-11499,ORD-14050,11193,alipay,SUCCESS,2025-05-14
PAY-11500,ORD-3215,"9 216,00",COD,SUCCESS,2026-01-07
PAY-11501,ORD-8335,15 561,COD,success,2025-05-12
PAY-11502,ORD-5513,4 119,card,success,11/14/2026
PAY-11503,ORD-7576,10 103,COD,pending,2024-12-17
PAY-11504,ORD-9322,"10 269,00",alipay,success,01-05-2026
PAY-11505,ORD-7562,3526,wechat,success,18-02-2025
PAY-11506,ORD-5145,"$4,120.00",alipay,SUCCESS,16-08-2025
PAY-11507,ORD-665,15237,alipay,pending,2025-10-06
PAY-11508,ORD-5957,8353,alipay,pending,02/13/2026
PAY-11509,ORD-8561,2894,wechat,SUCCESS,2024-03-20
PAY-11510,ORD-13271,"11 319,00",COD,pending,2026-07-03
PAY-11511,ORD-12216,"17 874,00",COD,SUCCESS,2024-08-08
PAY-11512,ORD-9856,16568,wechat,success,2025-07-22
PAY-11513,ORD-5819,91,COD,pending,2025-11-21
PAY-11514,ORD-14964,"$12,889.00",alipay,pending,02/24/2026
PAY-11515,ORD-11216,"$3,808.00",COD,success,2026-08-28
PAY-11516,ORD-9529,5283,COD,failed,2024-08-11
PAY-11517,ORD-13515,13672,card,SUCCESS,05/10/2025
PAY-11518,ORD-277,17 605,card,pending,2025-05-15
PAY-11519,ORD-3030,"$15,708.00",card,success,20-08-2025
PAY-11520,ORD-13790,19907,COD,SUCCESS,03/06/2025
PAY-11521,ORD-12188,19310,COD,success,2025-07-02
PAY-11522,ORD-597,12 300,alipay,pending,15-07-2025
PAY-11523,ORD-2047,17231,wechat,pending,07/13/2025
PAY-11524,ORD-12781,16 283,card,SUCCESS,05/08/2026
PAY-11525,ORD-9976,7970,alipay,pending,15-08-2025
PAY-11526,ORD-1941,"$3,791.00",wechat,SUCCESS,2024-06-18
PAY-11527,ORD-11892,2195,alipay,pending,2024-05-14
PAY-11528,ORD-6285,"$12,886.00",card,pending,09-02-2024
PAY-11529,ORD-7523,15 097,card,success,2025-05-01
PAY-11530,ORD-7309,"$5,189.00",card,SUCCESS,2025-11-05
PAY-11531,ORD-10843,7268,card,pending,03-02-2025
PAY-11532,ORD-3789,"6 486,00",wechat,pending,26-04-2026
PAY-11533,ORD-12139,"$4,969.00",COD,pending,2024-06-13
PAY-11534,ORD-6746,"$11,612.00",alipay,success,2025-02-15
PAY-11535,ORD-775,4344,COD,SUCCESS,2025-04-23
PAY-11536,ORD-7951,"$6,669.00",alipay,pending,2026-07-10
PAY-11537,ORD-5331,"$10,326.00",wechat,pending,2024-01-15
PAY-11538,ORD-4264,4445,alipay,success,2026-07-22
PAY-11539,ORD-1448,"$13,609.00",wechat,SUCCESS,11/06/2026
PAY-11540,ORD-14800,9405,card,pending,07-03-2026
PAY-11541,ORD-9367,17246,wechat,pending,02/01/2025
PAY-11542,ORD-13969,"$16,731.00",wechat,success,2026-10-16
PAY-11543,ORD-2118,13898,COD,success,18-04-2026
PAY-11544,ORD-10837,5714,wechat,SUCCESS,20-01-2024
PAY-11545,ORD-13031,"$16,126.00",card,pending,17-12-2025
PAY-11546,ORD-13742,9952,wechat,pending,2025-10-23
PAY-11547,ORD-8333,14212,COD,SUCCESS,2024-04-02
PAY-11548,ORD-5270,2810,card,pending,06/24/2026
PAY-11549,ORD-11659,19212,alipay,SUCCESS,2024-11-02
PAY-11550,ORD-7394,14 056,alipay,failed,02/27/2026
PAY-11551,ORD-12170,5052,alipay,SUCCESS,09/06/2024
PAY-11552,ORD-7463,7415,COD,pending,10/12/2026
PAY-11553,ORD-6865,6050,wechat,success,13-03-2024
PAY-11554,ORD-7898,$478.00,wechat,success,2025-07-13
PAY-11555,ORD-7209,"16 014,00",card,SUCCESS,09/26/2025
PAY-11556,ORD-2782,1811,wechat,pending,01/17/2024
PAY-11557,ORD-5238,15621,card,success,2026-11-04
PAY-11558,ORD-14986,227,COD,success,12/26/2025
PAY-11559,ORD-10762,"$14,399.00",COD,pending,05/23/2025
PAY-11560,ORD-2984,10095,wechat,SUCCESS,2025-06-14
PAY-11561,ORD-499,11 116,alipay,success,12/25/2024
PAY-11562,ORD-9384,"15 015,00",card,SUCCESS,20-01-2024
PAY-11563,ORD-10498,4576,card,pending,2024-03-15
PAY-11564,ORD-842,10812,alipay,success,10/11/2024
PAY-11565,ORD-10368,16269,alipay,failed,11/01/2024
PAY-11566,ORD-13067,17696,card,pending,09/16/2026
PAY-11567,ORD-14015,"$10,133.00",COD,SUCCESS,2025-02-20
PAY-11568,ORD-9541,2 859,alipay,pending,2025-09-02
PAY-11569,ORD-7178,"6 974,00",COD,success,02-03-2026
PAY-11570,ORD-6353,"16 210,00",alipay,pending,06/18/2026
PAY-11571,ORD-7556,"$1,603.00",wechat,SUCCESS,21-04-2025
PAY-11572,ORD-6519,"12 481,00",COD,pending,2026-06-09
PAY-11573,ORD-3154,15541,card,SUCCESS,2026-11-26
PAY-11574,ORD-3054,"$1,778.00",card,pending,2025-07-06
PAY-11575,ORD-11087,14 218,alipay,SUCCESS,10-07-2025
PAY-11576,ORD-7280,15 370,COD,SUCCESS,2026-09-20
PAY-11577,ORD-10065,12741,wechat,SUCCESS,2025-01-10
PAY-11578,ORD-2066,8135,COD,pending,20-04-2026
PAY-11579,ORD-7417,"$8,229.00",COD,failed,2025-04-02
PAY-11580,ORD-12737,11773,card,success,02/02/2026
PAY-11581,ORD-6161,"$1,527.00",card,success,17-09-2026
PAY-11582,ORD-3031,"$6,982.00",COD,success,2026-07-23
PAY-11583,ORD-9593,"$18,042.00",COD,SUCCESS,2025-05-10
PAY-11584,ORD-14082,5249,COD,success,08/07/2026
PAY-11585,ORD-8778,8189,COD,success,2025-08-13
PAY-11586,ORD-2506,"$4,648.00",wechat,SUCCESS,12-08-2026
PAY-11587,ORD-13315,"$2,352.00",alipay,success,2024-03-23
PAY-11588,ORD-7813,1989,card,failed,2026-01-12
PAY-11589,ORD-3317,9 141,wechat,SUCCESS,2025-09-26
PAY-11590,ORD-2115,"3 970,00",wechat,pending,14-01-2026
PAY-11591,ORD-1303,11380,alipay,pending,2026-02-10
PAY-11592,ORD-7863,6061,alipay,SUCCESS,18-09-2026
PAY-11593,ORD-13740,12562,COD,pending,17-09-2026
PAY-11594,ORD-12481,16149,wechat,pending,2026-02-13
PAY-11595,ORD-1095,"$3,206.00",COD,pending,26-09-2024
PAY-11596,ORD-4318,"3 570,00",card,SUCCESS,10/13/2024
PAY-11597,ORD-5807,7150,wechat,success,2024-07-26
PAY-11598,ORD-4772,13458,wechat,failed,2024-09-25
PAY-11599,ORD-14448,"$17,608.00",card,pending,03/10/2026
PAY-11600,ORD-11097,9 651,alipay,success,05/11/2024
PAY-11601,ORD-10585,"8 779,00",card,success,2026-07-18
PAY-11602,ORD-11588,"$10,302.00",COD,pending,12/11/2026
PAY-11603,ORD-14247,"15 924,00",COD,success,2026-08-08
PAY-11604,ORD-12632,"$17,461.00",alipay,SUCCESS,04/26/2024
PAY-11605,ORD-3393,2462,COD,SUCCESS,2026-06-11
PAY-11606,ORD-1227,7673,card,success,04/14/2026
PAY-11607,ORD-1104,214,COD,SUCCESS,07-10-2024
PAY-11608,ORD-4677,3488,wechat,pending,03/01/2025
PAY-11609,ORD-9807,"16 115,00",card,pending,12/03/2024
PAY-11610,ORD-5607,"18 613,00",wechat,failed,2024-06-09
PAY-11611,ORD-6244,"$11,293.00",COD,pending,08/03/2024
PAY-11612,ORD-11587,17 711,COD,pending,2024-12-06
PAY-11613,ORD-1289,"$19,345.00",wechat,failed,2025-11-06
PAY-11614,ORD-13260,"$4,616.00",alipay,pending,2024-12-19
PAY-11615,ORD-1802,11875,alipay,pending,2026-11-13
PAY-11616,ORD-879,6122,alipay,SUCCESS,12/09/2024
PAY-11617,ORD-5107,"$7,392.00",alipay,SUCCESS,03/03/2025
PAY-11618,ORD-9672,"$9,808.00",card,success,2025-09-23
PAY-11619,ORD-1231,"$2,999.00",wechat,success,2024-08-26
PAY-11620,ORD-2907,"$7,423.00",card,success,07-12-2026
PAY-11621,ORD-6978,16598,card,SUCCESS,2025-02-17
PAY-11622,ORD-6609,"10 241,00",COD,pending,10-09-2026
PAY-11623,ORD-4859,17 151,wechat,success,08/05/2024
PAY-11624,ORD-10346,11417,COD,pending,01/18/2026
PAY-11625,ORD-14696,6935,card,pending,07/25/2024
PAY-11626,ORD-5507,9 377,card,pending,2024-02-07
PAY-11627,ORD-6954,17771,alipay,SUCCESS,2026-08-23
PAY-11628,ORD-5393,"$2,371.00",COD,pending,05/12/2025
PAY-11629,ORD-11551,7677,card,success,15-06-2024
PAY-11630,ORD-8628,"7 856,00",wechat,SUCCESS,2024-03-20
PAY-11631,ORD-2526,"$5,608.00",card,pending,2025-10-23
PAY-11632,ORD-13530,4454,alipay,success,2026-01-03
PAY-11633,ORD-689,"5 562,00",wechat,failed,2026-02-19
PAY-11634,ORD-3691,"$8,905.00",card,success,12-01-2024
PAY-11635,ORD-5268,10018,COD,pending,2025-11-25
PAY-11636,ORD-3714,"6 750,00",card,SUCCESS,2025-08-06
PAY-11637,ORD-8802,11829,COD,SUCCESS,2026-04-04
PAY-11638,ORD-9042,11287,alipay,SUCCESS,02/17/2024
PAY-11639,ORD-9167,15 779,alipay,SUCCESS,26-09-2025
PAY-11640,ORD-3130,"$10,852.00",card,pending,03/27/2024
PAY-11641,ORD-1588,"$5,697.00",alipay,failed,2024-10-09
PAY-11642,ORD-3272,"$7,784.00",card,pending,21-03-2024
PAY-11643,ORD-6581,10850,card,SUCCESS,2026-08-06
PAY-11644,ORD-10022,6524,COD,success,02/19/2026
PAY-11645,ORD-8023,17579,alipay,SUCCESS,15-12-2025
PAY-11646,ORD-9310,"12 384,00",COD,success,2026-07-27
PAY-11647,ORD-8679,1 059,alipay,SUCCESS,2026-10-09
PAY-11648,ORD-7087,"220,00",COD,success,2026-05-25
PAY-11649,ORD-4156,2807,wechat,pending,10/03/2024
PAY-11650,ORD-9032,18672,wechat,pending,2024-02-01
PAY-11651,ORD-4217,8802,wechat,success,2025-01-23
PAY-11652,ORD-1696,12917,wechat,SUCCESS,16-07-2024
PAY-11653,ORD-6373,"1 961,00",wechat,failed,2025-06-17
PAY-11654,ORD-3189,19 885,alipay,SUCCESS,2025-03-02
PAY-11655,ORD-10303,1869,wechat,pending,2026-02-28
PAY-11656,ORD-8167,$754.00,COD,success,01/07/2026
PAY-11657,ORD-11200,15 385,COD,success,2025-07-08
PAY-11658,ORD-1481,762,COD,pending,2025-06-12
PAY-11659,ORD-7158,"$4,677.00",COD,SUCCESS,2024-06-18
PAY-11660,ORD-14442,10 766,alipay,success,2025-09-17
PAY-11661,ORD-2501,19518,wechat,pending,27-10-2026
PAY-11662,ORD-14765,6885,card,pending,15-09-2026
PAY-11663,ORD-14316,18136,alipay,SUCCESS,10-06-2025
PAY-11664,ORD-5131,11407,card,pending,18-05-2026
PAY-11665,ORD-317,10105,card,pending,2024-08-20
PAY-11666,ORD-1397,2565,card,SUCCESS,2025-10-25
PAY-11667,ORD-9234,10121,wechat,success,2026-01-24
PAY-11668,ORD-12645,9908,wechat,success,08-08-2026
PAY-11669,ORD-1641,13625,alipay,failed,2026-02-09
PAY-11670,ORD-6691,3685,wechat,pending,2025-04-26
PAY-11671,ORD-4714,14 322,card,pending,2025-01-08
PAY-11672,ORD-3623,2651,COD,success,03/26/2026
PAY-11673,ORD-6885,"$6,245.00",alipay,SUCCESS,20-01-2026
PAY-11674,ORD-9894,6086,COD,success,10/26/2026
PAY-11675,ORD-8988,16771,alipay,SUCCESS,2025-01-28
PAY-11676,ORD-8488,8219,card,success,2026-06-10
PAY-11677,ORD-6238,"$11,346.00",COD,SUCCESS,09/03/2026
PAY-11678,ORD-2545,"$3,792.00",alipay,failed,2026-08-28
PAY-11679,ORD-14945,"13 211,00",alipay,SUCCESS,01/23/2026
PAY-11680,ORD-7787,"$9,623.00",card,pending,12/26/2025
PAY-11681,ORD-10338,"$1,741.00",wechat,pending,09/23/2025
PAY-11682,ORD-4242,18322,card,pending,2026-11-13
PAY-11683,ORD-11340,11973,card,pending,2026-09-20
PAY-11684,ORD-13753,15976,wechat,success,06-12-2024
PAY-11685,ORD-8426,"$17,536.00",COD,failed,09/26/2024
PAY-11686,ORD-11008,"$10,316.00",COD,failed,09-02-2024
PAY-11687,ORD-8372,2982,wechat,SUCCESS,2024-08-20
PAY-11688,ORD-6171,4002,card,success,2025-03-13
PAY-11689,ORD-12011,"$8,132.00",wechat,SUCCESS,2025-06-17
PAY-11690,ORD-9700,18 662,alipay,pending,2025-01-05
PAY-11691,ORD-1980,"6 285,00",COD,pending,2026-02-12
PAY-11692,ORD-14675,"2 307,00",alipay,SUCCESS,2024-09-15
PAY-11693,ORD-431,7003,wechat,SUCCESS,11/14/2026
PAY-11694,ORD-6326,"$8,584.00",alipay,pending,06/27/2024
PAY-11695,ORD-2224,"$9,661.00",card,success,20-12-2024
PAY-11696,ORD-5512,12243,card,SUCCESS,2024-05-23
PAY-11697,ORD-13909,1 218,alipay,success,04-05-2026
PAY-11698,ORD-10884,"$8,206.00",alipay,success,2026-10-22
PAY-11699,ORD-2439,13779,wechat,pending,16-02-2026
PAY-11700,ORD-7238,7384,COD,failed,2025-12-22
PAY-11701,ORD-14849,$721.00,card,SUCCESS,08/03/2024
PAY-11702,ORD-10070,11121,card,SUCCESS,12-06-2025
PAY-11703,ORD-7944,19146,card,pending,2024-10-27
PAY-11704,ORD-3053,4312,COD,pending,26-02-2024
PAY-11705,ORD-5380,5023,alipay,success,2026-12-05
PAY-11706,ORD-228,"$1,210.00",alipay,pending,2024-07-04
PAY-11707,ORD-3119,"$19,658.00",card,pending,07-08-2026
PAY-11708,ORD-7440,14994,wechat,success,03/06/2025
PAY-11709,ORD-1038,18316,alipay,success,03/01/2025
PAY-11710,ORD-11251,6 300,wechat,SUCCESS,2024-04-26
PAY-11711,ORD-13761,10245,wechat,SUCCESS,05/11/2024
PAY-11712,ORD-12539,"$3,338.00",wechat,pending,2026-10-17
PAY-11713,ORD-2269,6 187,COD,success,2025-05-21
PAY-11714,ORD-7950,"$15,951.00",alipay,pending,2025-01-25
PAY-11715,ORD-12051,"$4,717.00",alipay,SUCCESS,13-10-2026
PAY-11716,ORD-12203,18827,card,success,2024-12-17
PAY-11717,ORD-7876,"$4,878.00",card,success,2024-06-08
PAY-11718,ORD-8083,136,alipay,SUCCESS,12-01-2025
PAY-11719,ORD-13727,2200,alipay,pending,12/18/2025
PAY-11720,ORD-5279,"$8,107.00",wechat,pending,2026-10-16
PAY-11721,ORD-39,6274,COD,SUCCESS,10/19/2024
PAY-11722,ORD-6982,"4 206,00",wechat,SUCCESS,2026-05-28
PAY-11723,ORD-5341,5 670,alipay,success,08/07/2025
PAY-11724,ORD-13866,10419,alipay,SUCCESS,10/07/2024
PAY-11725,ORD-10681,"$9,983.00",card,pending,2024-05-28
PAY-11726,ORD-2411,15817,alipay,SUCCESS,08/25/2025
PAY-11727,ORD-1308,19998,COD,SUCCESS,06-05-2026
PAY-11728,ORD-14471,"18 633,00",wechat,SUCCESS,2026-04-17
PAY-11729,ORD-595,"14 836,00",wechat,pending,03/06/2025
PAY-11730,ORD-8955,"18 477,00",alipay,SUCCESS,01/28/2026
PAY-11731,ORD-5021,"15 761,00",COD,SUCCESS,03/07/2025
PAY-11732,ORD-9127,6378,wechat,SUCCESS,18-02-2025
PAY-11733,ORD-12025,9501,COD,pending,2024-12-21
PAY-11734,ORD-6861,640,wechat,SUCCESS,11/27/2026
PAY-11735,ORD-6092,"$18,364.00",alipay,SUCCESS,14-10-2025
PAY-11736,ORD-5730,233,COD,success,02/26/2025
PAY-11737,ORD-3110,17809,wechat,success,2026-06-24
PAY-11738,ORD-10378,"$11,981.00",wechat,success,2025-02-08
PAY-11739,ORD-7658,7492,card,SUCCESS,09-07-2024
PAY-11740,ORD-1649,402,card,success,03-04-2024
PAY-11741,ORD-2552,4998,wechat,SUCCESS,18-03-2025
PAY-11742,ORD-265,"$6,797.00",COD,success,05/27/2024
PAY-11743,ORD-9780,5438,alipay,pending,2026-09-21
PAY-11744,ORD-8779,14615,card,pending,15-12-2026
PAY-11745,ORD-8820,"12 031,00",COD,SUCCESS,12/14/2024
PAY-11746,ORD-9282,13 411,wechat,SUCCESS,19-07-2024
PAY-11747,ORD-10759,525,alipay,pending,08/08/2026
PAY-11748,ORD-1184,14483,card,SUCCESS,2024-07-08
PAY-11749,ORD-12899,"9 009,00",alipay,SUCCESS,2025-11-25
PAY-11750,ORD-10053,19882,COD,success,2025-06-07
PAY-11751,ORD-8695,"$14,303.00",COD,failed,05/14/2026
PAY-11752,ORD-11642,10792,wechat,SUCCESS,23-03-2024
PAY-11753,ORD-619,15 025,card,failed,2026-06-22
PAY-11754,ORD-12547,16683,card,pending,2024-08-04
PAY-11755,ORD-1388,9601,card,pending,2024-08-23
PAY-11756,ORD-5690,"$5,186.00",card,pending,2025-11-01
PAY-11757,ORD-7849,8325,wechat,SUCCESS,03/19/2026
PAY-11758,ORD-12726,13704,card,pending,07/17/2025
PAY-11759,ORD-10215,11 500,card,SUCCESS,03/06/2024
PAY-11760,ORD-8492,7523,alipay,SUCCESS,07-01-2026
PAY-11761,ORD-10872,"$7,873.00",COD,failed,03/12/2025
PAY-11762,ORD-4446,6848,COD,failed,2026-08-23
PAY-11763,ORD-660,4751,card,pending,10/25/2025
PAY-11764,ORD-12866,"6 111,00",COD,pending,2024-01-23
PAY-11765,ORD-9336,"$6,216.00",COD,success,04/24/2024
PAY-11766,ORD-1456,18559,COD,success,2026-10-09
PAY-11767,ORD-7856,16794,COD,SUCCESS,2025-03-27
PAY-11768,ORD-5236,2513,COD,success,2025-11-13
PAY-11769,ORD-12718,3554,alipay,pending,01/06/2024
PAY-11770,ORD-14862,"$9,214.00",alipay,success,2026-04-25
PAY-11771,ORD-12879,1662,wechat,success,2025-07-14
PAY-11772,ORD-4636,11102,alipay,pending,2024-05-09
PAY-11773,ORD-6504,6120,alipay,pending,2025-12-26
PAY-11774,ORD-11294,13567,COD,pending,2024-08-05
PAY-11775,ORD-11802,13207,COD,pending,2024-10-14
PAY-11776,ORD-9100,"$12,018.00",COD,pending,2026-12-16
PAY-11777,ORD-13404,19988,COD,success,2025-02-11
PAY-11778,ORD-8811,"16 251,00",wechat,pending,2026-08-07
PAY-11779,ORD-5345,17565,card,success,04/15/2024
PAY-11780,ORD-12413,$269.00,COD,pending,2026-10-24
PAY-11781,ORD-8329,"$2,681.00",COD,pending,2024-08-22
PAY-11782,ORD-8468,"$3,758.00",wechat,pending,2024-05-14
PAY-11783,ORD-13890,12683,alipay,success,10/21/2024
PAY-11784,ORD-2464,"$15,074.00",card,success,2024-03-24
PAY-11785,ORD-5923,19806,card,SUCCESS,19-03-2026
PAY-11786,ORD-1297,14225,COD,success,05-04-2026
PAY-11787,ORD-3951,12136,COD,SUCCESS,2025-05-27
PAY-11788,ORD-11971,"16 308,00",alipay,pending,2025-10-27
PAY-11789,ORD-149,2421,card,success,2026-05-10
PAY-11790,ORD-6605,"12 951,00",COD,pending,04/05/2026
PAY-11791,ORD-13837,19 657,wechat,pending,2026-08-26
PAY-11792,ORD-597,5303,wechat,pending,2025-04-08
PAY-11793,ORD-12511,"11 582,00",COD,pending,10/12/2024
PAY-11794,ORD-8676,5 600,wechat,SUCCESS,12/17/2025
PAY-11795,ORD-4584,"$19,337.00",COD,pending,2024-01-01
PAY-11796,ORD-2818,16 931,wechat,SUCCESS,2025-11-23
PAY-11797,ORD-9852,"$18,634.00",COD,success,2026-07-27
PAY-11798,ORD-5363,18292,COD,pending,18-10-2026
PAY-11799,ORD-2365,"$6,721.00",COD,SUCCESS,10/02/2026
PAY-11800,ORD-7360,7567,COD,SUCCESS,12/27/2024
PAY-11801,ORD-8511,14025,COD,pending,2024-02-27
PAY-11802,ORD-13641,3071,alipay,SUCCESS,2026-12-26
PAY-11803,ORD-2979,16 033,COD,pending,07/15/2026
PAY-11804,ORD-11953,121,alipay,pending,01/28/2024
PAY-11805,ORD-4324,"3 600,00",COD,pending,2026-10-02
PAY-11806,ORD-13540,"15 509,00",wechat,pending,10/08/2025
PAY-11807,ORD-1773,"$19,415.00",wechat,success,10/08/2026
PAY-11808,ORD-7519,1758,alipay,SUCCESS,2025-12-19
PAY-11809,ORD-12240,8260,card,success,01-10-2024
PAY-11810,ORD-14535,"$15,064.00",card,success,2026-03-03
PAY-11811,ORD-14933,"16 711,00",alipay,SUCCESS,2026-05-17
PAY-11812,ORD-6779,"547,00",card,SUCCESS,2026-05-13
PAY-11813,ORD-3962,"18 256,00",COD,pending,2025-09-03
PAY-11814,ORD-14606,"$16,720.00",card,SUCCESS,11/28/2024
PAY-11815,ORD-8524,18 745,card,pending,03/14/2025
PAY-11816,ORD-5423,4 840,alipay,SUCCESS,2026-02-01
PAY-11817,ORD-14058,18664,card,success,06/27/2025
PAY-11818,ORD-8274,8544,wechat,pending,02/28/2026
PAY-11819,ORD-7834,"12 526,00",alipay,pending,2024-11-15
PAY-11820,ORD-7794,13770,alipay,failed,06-06-2024
PAY-11821,ORD-9402,"5 131,00",alipay,success,2026-08-18
PAY-11822,ORD-2188,4771,card,pending,22-03-2025
PAY-11823,ORD-11066,"$14,779.00",alipay,success,2025-04-14
PAY-11824,ORD-2466,2843,card,pending,09/15/2026
PAY-11825,ORD-12125,"$17,622.00",card,pending,08/17/2026
PAY-11826,ORD-8178,"9 369,00",card,pending,2024-06-01
PAY-11827,ORD-9275,"$19,222.00",alipay,success,2025-01-15
PAY-11828,ORD-5237,12263,COD,failed,2026-04-24
PAY-11829,ORD-6649,"$19,022.00",card,success,2026-04-08
PAY-11830,ORD-10837,14847,alipay,success,2026-12-10
PAY-11831,ORD-5771,"17 911,00",wechat,pending,27-02-2025
PAY-11832,ORD-11480,7 620,card,success,08/19/2024
PAY-11833,ORD-8475,17598,alipay,pending,2026-02-03
PAY-11834,ORD-1609,"$15,941.00",card,SUCCESS,08/04/2026
PAY-11835,ORD-2283,$831.00,card,SUCCESS,2026-08-03
PAY-11836,ORD-7811,8662,card,success,08/16/2024
PAY-11837,ORD-10164,74,COD,success,03/06/2025
PAY-11838,ORD-2745,"18 786,00",alipay,SUCCESS,07-04-2025
PAY-11839,ORD-8851,13576,alipay,failed,11/06/2025
PAY-11840,ORD-14471,"16 904,00",alipay,success,2025-05-11
PAY-11841,ORD-9709,3287,COD,pending,2024-02-21
PAY-11842,ORD-6869,15044,card,success,12/25/2026
PAY-11843,ORD-14798,2046,card,pending,2025-08-01
PAY-11844,ORD-9198,13005,card,pending,02-02-2024
PAY-11845,ORD-12521,7348,COD,success,2026-03-16
PAY-11846,ORD-2179,"1 224,00",COD,pending,2025-04-09
PAY-11847,ORD-12049,"586,00",COD,SUCCESS,05/04/2026
PAY-11848,ORD-7051,"$3,867.00",card,success,16-11-2026
PAY-11849,ORD-6413,6896,COD,SUCCESS,13-08-2024
PAY-11850,ORD-4403,"$12,735.00",COD,SUCCESS,2026-01-15
PAY-11851,ORD-4212,15481,COD,pending,04/11/2024
PAY-11852,ORD-3747,13 044,COD,pending,2024-09-07
PAY-11853,ORD-1876,"$5,209.00",COD,success,11/14/2025
PAY-11854,ORD-68,"6 590,00",wechat,pending,02/24/2025
PAY-11855,ORD-9220,5115,card,success,01/01/2026
PAY-11856,ORD-4982,19 238,wechat,SUCCESS,2024-09-08
PAY-11857,ORD-2283,11 979,wechat,pending,04/05/2026
PAY-11858,ORD-11506,2350,COD,success,02-07-2025
PAY-11859,ORD-13868,12979,COD,success,11-12-2024
PAY-11860,ORD-4648,"3 571,00",wechat,pending,05/02/2024
PAY-11861,ORD-3586,16275,card,pending,2025-05-25
PAY-11862,ORD-837,"$3,627.00",COD,SUCCESS,02/04/2026
PAY-11863,ORD-8649,"2 856,00",wechat,success,07/21/2026
PAY-11864,ORD-14587,18851,wechat,success,28-05-2024
PAY-11865,ORD-4720,"$7,407.00",card,success,2026-08-27
PAY-11866,ORD-1173,18888,card,SUCCESS,10/25/2026
PAY-11867,ORD-12824,365,card,pending,04/16/2025
PAY-11868,ORD-6810,$320.00,alipay,SUCCESS,2024-01-21
PAY-11869,ORD-1375,4867,alipay,SUCCESS,11-11-2024
PAY-11870,ORD-2049,"$9,342.00",wechat,success,2025-01-26
PAY-11871,ORD-4319,"$4,140.00",card,success,2025-01-18
PAY-11872,ORD-2540,19434,COD,SUCCESS,24-05-2025
PAY-11873,ORD-4840,1860,wechat,pending,05/25/2026
PAY-11874,ORD-8626,"19 417,00",alipay,pending,04/16/2025
PAY-11875,ORD-1902,"$18,783.00",card,pending,2025-09-14
PAY-11876,ORD-627,12086,wechat,pending,2026-11-20
PAY-11877,ORD-2414,"3 543,00",wechat,SUCCESS,01-06-2026
PAY-11878,ORD-8151,"$6,891.00",card,SUCCESS,2026-03-28
PAY-11879,ORD-5882,"$7,249.00",card,failed,03/02/2024
PAY-11880,ORD-7069,"$19,073.00",wechat,pending,17-09-2025
PAY-11881,ORD-8048,"$8,156.00",alipay,success,22-07-2025
PAY-11882,ORD-14414,11918,alipay,SUCCESS,2025-06-16
PAY-11883,ORD-2913,"10 769,00",COD,SUCCESS,25-05-2026
PAY-11884,ORD-8871,5 220,wechat,SUCCESS,2025-06-12
PAY-11885,ORD-106,"$17,501.00",wechat,success,2026-11-27
PAY-11886,ORD-6230,816,card,SUCCESS,2025-08-15
PAY-11887,ORD-4546,3951,alipay,pending,02/20/2025
PAY-11888,ORD-12876,"15 353,00",COD,SUCCESS,2025-01-17
PAY-11889,ORD-9199,"11 995,00",COD,success,02/03/2025
PAY-11890,ORD-9687,14453,COD,SUCCESS,27-07-2024
PAY-11891,ORD-6071,7595,wechat,SUCCESS,11/22/2026
PAY-11892,ORD-6419,"1 065,00",card,success,2024-07-06
PAY-11893,ORD-13107,14 310,COD,SUCCESS,22-04-2025
PAY-11894,ORD-5664,"$16,138.00",COD,success,20-09-2025
PAY-11895,ORD-7607,2 416,wechat,SUCCESS,17-08-2025
PAY-11896,ORD-12871,"$11,305.00",COD,success,2025-05-17
PAY-11897,ORD-13845,13 675,COD,pending,2026-03-08
PAY-11898,ORD-13200,3108,COD,SUCCESS,11/14/2025
PAY-11899,ORD-13493,1916,COD,SUCCESS,10/14/2024
PAY-11900,ORD-4408,7 451,alipay,SUCCESS,2026-04-20
PAY-11901,ORD-555,12837,card,pending,05/28/2025
PAY-11902,ORD-88,"$12,164.00",card,SUCCESS,11/25/2026
PAY-11903,ORD-2043,"$14,198.00",alipay,SUCCESS,2025-12-08
PAY-11904,ORD-7833,10613,card,success,2025-02-25
PAY-11905,ORD-10359,"$7,868.00",card,SUCCESS,14-04-2025
PAY-11906,ORD-9652,"$13,140.00",COD,SUCCESS,06-02-2025
PAY-11907,ORD-6286,"4 371,00",alipay,success,2026-01-02
PAY-11908,ORD-8576,866,wechat,failed,04/17/2026
PAY-11909,ORD-7532,1 926,wechat,success,2024-06-03
PAY-11910,ORD-6889,"$6,308.00",wechat,SUCCESS,2025-11-22
PAY-11911,ORD-5948,2697,card,success,05-04-2024
PAY-11912,ORD-7744,"$3,085.00",wechat,SUCCESS,2024-06-03
PAY-11913,ORD-14663,"6 394,00",alipay,pending,2026-11-18
PAY-11914,ORD-10216,3398,alipay,SUCCESS,14-03-2025
PAY-11915,ORD-9131,10335,card,pending,2024-06-24
PAY-11916,ORD-14042,"$3,234.00",wechat,success,19-11-2024
PAY-11917,ORD-10439,8034,card,pending,07/28/2026
PAY-11918,ORD-2858,10591,card,SUCCESS,2024-11-05
PAY-11919,ORD-14275,18244,COD,SUCCESS,04/24/2026
PAY-11920,ORD-14128,"$14,223.00",wechat,success,2025-03-21
PAY-11921,ORD-11783,"$6,166.00",alipay,success,2026-11-09
PAY-11922,ORD-4981,1739,alipay,pending,2025-11-05
PAY-11923,ORD-1004,6385,card,SUCCESS,2026-12-05
PAY-11924,ORD-2906,13217,alipay,SUCCESS,08/08/2024
PAY-11925,ORD-3051,14711,card,success,2024-10-05
PAY-11926,ORD-6297,6683,alipay,success,2024-01-16
PAY-11927,ORD-855,15116,wechat,pending,10/06/2026
PAY-11928,ORD-11564,15727,card,failed,07-01-2024
PAY-11929,ORD-10280,3961,card,SUCCESS,2024-03-28
PAY-11930,ORD-11100,3890,wechat,pending,2025-11-23
PAY-11931,ORD-4755,8170,alipay,SUCCESS,06/09/2025
PAY-11932,ORD-14189,8337,wechat,pending,03/08/2026
PAY-11933,ORD-9042,"14 826,00",alipay,failed,2025-07-10
PAY-11934,ORD-14524,18833,card,success,2024-02-10
PAY-11935,ORD-1169,16 557,card,failed,2024-07-07
PAY-11936,ORD-11126,8170,wechat,success,18-02-2024
PAY-11937,ORD-13197,"$7,189.00",alipay,success,04-04-2026
PAY-11938,ORD-11579,17117,COD,success,2025-07-08
PAY-11939,ORD-14787,19022,card,failed,2026-04-22
PAY-11940,ORD-3359,"$10,052.00",COD,success,2024-04-20
PAY-11941,ORD-11459,13352,card,pending,2025-12-18
PAY-11942,ORD-9270,"$7,502.00",card,success,03/03/2026
PAY-11943,ORD-13256,8717,wechat,success,12-07-2024
PAY-11944,ORD-4415,13821,wechat,SUCCESS,10/26/2024
PAY-11945,ORD-11753,16684,alipay,SUCCESS,10/27/2024
PAY-11946,ORD-8782,"$6,632.00",alipay,SUCCESS,10/23/2025
PAY-11947,ORD-8749,4074,wechat,success,03/08/2024
PAY-11948,ORD-8597,14890,COD,success,02/02/2025
PAY-11949,ORD-7189,"$1,416.00",card,failed,15-07-2024
PAY-11950,ORD-12485,18516,alipay,SUCCESS,11/03/2025
PAY-11951,ORD-8438,12958,card,pending,2024-04-01
PAY-11952,ORD-14757,16584,card,SUCCESS,2024-08-03
PAY-11953,ORD-6281,"13 832,00",wechat,pending,2024-02-03
PAY-11954,ORD-7431,2408,alipay,SUCCESS,06/20/2025
PAY-11955,ORD-8846,"$10,137.00",COD,success,2025-02-28
PAY-11956,ORD-13696,"4 298,00",card,success,2026-09-20
PAY-11957,ORD-1720,3821,wechat,SUCCESS,2025-08-01
PAY-11958,ORD-5611,17292,COD,success,11/03/2024
PAY-11959,ORD-6232,12984,card,failed,04/03/2026
PAY-11960,ORD-11120,"$19,599.00",card,SUCCESS,2026-01-15
PAY-11961,ORD-14943,2592,COD,SUCCESS,10-03-2026
PAY-11962,ORD-12584,4173,COD,success,2025-03-19
PAY-11963,ORD-12246,"$7,553.00",COD,success,2025-08-25
PAY-11964,ORD-3686,13571,wechat,SUCCESS,07/13/2024
PAY-11965,ORD-7744,17183,COD,success,02/02/2025
PAY-11966,ORD-2429,"$1,547.00",wechat,pending,08/10/2024
PAY-11967,ORD-66,1098,card,pending,2024-04-09
PAY-11968,ORD-13632,"$5,186.00",card,pending,2025-01-22
PAY-11969,ORD-7144,9844,card,SUCCESS,03/21/2026
PAY-11970,ORD-861,12 159,wechat,pending,09-02-2025
PAY-11971,ORD-10157,1280,alipay,success,07/18/2024
PAY-11972,ORD-11411,"$13,691.00",alipay,SUCCESS,02-10-2025
PAY-11973,ORD-9962,1360,alipay,SUCCESS,2024-09-09
PAY-11974,ORD-9131,"$7,039.00",wechat,pending,16-05-2025
PAY-11975,ORD-13054,12094,alipay,pending,2025-10-25
PAY-11976,ORD-12910,5111,card,SUCCESS,23-08-2024
PAY-11977,ORD-523,19606,alipay,success,2026-12-14
PAY-11978,ORD-10911,19971,alipay,SUCCESS,2024-12-08
PAY-11979,ORD-4929,"$7,567.00",card,pending,2025-12-09
PAY-11980,ORD-6509,"$14,234.00",COD,SUCCESS,2026-06-16
PAY-11981,ORD-13547,5146,alipay,SUCCESS,17-08-2025
PAY-11982,ORD-10365,649,card,pending,2026-11-08
PAY-11983,ORD-7479,15645,card,SUCCESS,2026-09-03
PAY-11984,ORD-4449,"$8,447.00",alipay,pending,02/23/2025
PAY-11985,ORD-12519,"1 436,00",card,failed,2024-08-01
PAY-11986,ORD-1846,8287,alipay,pending,2025-04-12
PAY-11987,ORD-6857,8 417,COD,SUCCESS,2025-06-06
PAY-11988,ORD-9741,"$10,185.00",card,pending,2026-04-09
PAY-11989,ORD-13493,886,card,success,2026-08-24
PAY-11990,ORD-14628,16360,COD,pending,2024-03-11
PAY-11991,ORD-6459,"14 603,00",alipay,success,10/22/2025
PAY-11992,ORD-11104,"14 301,00",alipay,SUCCESS,2025-08-05
PAY-11993,ORD-7598,7177,COD,success,2025-01-12
PAY-11994,ORD-11291,6358,wechat,success,10/27/2025
PAY-11995,ORD-11999,4879,alipay,SUCCESS,2025-05-26
PAY-11996,ORD-13848,11416,card,pending,2024-05-19
PAY-11997,ORD-3174,"$15,496.00",COD,success,2026-05-23
PAY-11998,ORD-13157,6230,COD,pending,05/20/2024
PAY-11999,ORD-11570,3 934,wechat,success,05/20/2025
PAY-12000,ORD-1374,"15 871,00",card,pending,2026-06-25
PAY-12001,ORD-13559,11791,wechat,success,03/06/2025
PAY-12002,ORD-4778,11060,card,failed,2025-12-22
PAY-12003,ORD-2862,6210,alipay,SUCCESS,2026-07-16
PAY-12004,ORD-6355,19086,wechat,success,04/26/2026
PAY-12005,ORD-7558,5360,COD,SUCCESS,2026-10-17
PAY-12006,ORD-4002,5335,card,pending,2026-01-18
PAY-12007,ORD-10546,2767,COD,success,07-01-2025
PAY-12008,ORD-11785,"$15,067.00",COD,SUCCESS,11/04/2024
PAY-12009,ORD-3866,"$10,622.00",COD,success,10/27/2024
PAY-12010,ORD-5375,8648,alipay,success,2025-04-08
PAY-12011,ORD-103,2481,COD,SUCCESS,2026-12-07
PAY-12012,ORD-12996,7040,card,pending,2025-05-14
PAY-12013,ORD-3400,"$16,687.00",COD,pending,2026-08-12
PAY-12014,ORD-7609,"$13,312.00",wechat,pending,17-03-2026
PAY-12015,ORD-1691,"$2,582.00",card,SUCCESS,08/02/2026
PAY-12016,ORD-4525,14670,card,success,07-06-2024
PAY-12017,ORD-7767,11494,COD,SUCCESS,2024-09-24
PAY-12018,ORD-178,"$14,979.00",COD,pending,2025-03-14
PAY-12019,ORD-7635,5243,COD,SUCCESS,04/05/2024
PAY-12020,ORD-5346,15828,card,pending,09-02-2026
PAY-12021,ORD-7063,11411,COD,success,17-05-2025
PAY-12022,ORD-472,19133,COD,success,09/17/2024
PAY-12023,ORD-2429,"$2,678.00",COD,success,2026-08-05
PAY-12024,ORD-5595,11513,alipay,SUCCESS,2025-01-13
PAY-12025,ORD-5678,5061,wechat,failed,2026-12-04
PAY-12026,ORD-12053,"$18,628.00",card,success,2026-12-08
PAY-12027,ORD-2092,5337,COD,SUCCESS,2026-06-07
PAY-12028,ORD-13925,"$18,741.00",card,success,04/02/2024
PAY-12029,ORD-2813,"$16,536.00",wechat,pending,2024-03-12
PAY-12030,ORD-10499,"8 507,00",COD,SUCCESS,2026-11-16
PAY-12031,ORD-10970,"18 372,00",card,success,2025-10-05
PAY-12032,ORD-10158,1779,alipay,success,2026-04-28
PAY-12033,ORD-13291,"4 357,00",COD,SUCCESS,2026-07-11
PAY-12034,ORD-3951,5865,wechat,pending,12/21/2024
PAY-12035,ORD-11895,"$6,814.00",alipay,SUCCESS,2024-03-07
PAY-12036,ORD-11695,15515,wechat,pending,2026-12-12
PAY-12037,ORD-10373,"2 369,00",COD,pending,24-09-2025
PAY-12038,ORD-10485,17505,wechat,pending,11/22/2026
PAY-12039,ORD-9840,10516,card,SUCCESS,2024-05-23
PAY-12040,ORD-6131,1256,card,pending,2024-01-05
PAY-12041,ORD-530,16505,COD,pending,04/19/2025
PAY-12042,ORD-12029,9 109,card,SUCCESS,23-07-2024
PAY-12043,ORD-10831,"$7,567.00",COD,SUCCESS,11/26/2025
PAY-12044,ORD-4305,3195,alipay,pending,07/06/2024
PAY-12045,ORD-13357,"$15,414.00",wechat,success,02/17/2024
PAY-12046,ORD-809,2 371,COD,pending,2024-08-05
PAY-12047,ORD-4047,8238,alipay,pending,04/05/2024
PAY-12048,ORD-11897,3279,card,SUCCESS,11/20/2024
PAY-12049,ORD-9592,9 346,alipay,pending,22-07-2026
PAY-12050,ORD-13796,"$7,292.00",wechat,pending,12/25/2026
PAY-12051,ORD-9288,3686,COD,SUCCESS,2025-10-20
PAY-12052,ORD-11475,9 046,COD,pending,2026-06-09
PAY-12053,ORD-12862,"3 180,00",alipay,success,2026-12-10
PAY-12054,ORD-14122,17 288,alipay,SUCCESS,25-04-2025
PAY-12055,ORD-3827,16200,card,pending,2024-04-13
PAY-12056,ORD-13438,14618,card,SUCCESS,07/12/2024
PAY-12057,ORD-11257,"$15,974.00",COD,pending,15-06-2024
PAY-12058,ORD-7037,"12 468,00",wechat,SUCCESS,2024-07-20
PAY-12059,ORD-7442,5433,wechat,SUCCESS,2024-09-05
PAY-12060,ORD-13590,16829,alipay,SUCCESS,08/20/2024
PAY-12061,ORD-6321,"13 672,00",COD,SUCCESS,2025-02-17
PAY-12062,ORD-3244,13652,wechat,SUCCESS,2026-08-02
PAY-12063,ORD-11470,16144,COD,SUCCESS,12/28/2024
PAY-12064,ORD-4490,"$4,281.00",wechat,pending,2025-12-13
PAY-12065,ORD-12814,12583,card,pending,2025-11-08
PAY-12066,ORD-11069,2037,alipay,SUCCESS,11/05/2024
PAY-12067,ORD-3886,"13 408,00",alipay,success,2026-09-07
PAY-12068,ORD-1381,9229,card,pending,07/18/2026
PAY-12069,ORD-11194,3306,card,success,02-09-2024
PAY-12070,ORD-14459,4052,COD,SUCCESS,05/02/2025
PAY-12071,ORD-6660,17093,card,success,28-05-2025
PAY-12072,ORD-678,"$4,690.00",COD,SUCCESS,2025-08-20
PAY-12073,ORD-10043,13241,card,SUCCESS,19-09-2026
PAY-12074,ORD-3138,11670,wechat,pending,12/12/2026
PAY-12075,ORD-12967,"$1,632.00",wechat,SUCCESS,2024-09-15
PAY-12076,ORD-14444,8043,wechat,SUCCESS,08/18/2025
PAY-12077,ORD-4927,19503,COD,SUCCESS,25-01-2024
PAY-12078,ORD-10989,11035,wechat,success,02/09/2024
PAY-12079,ORD-6443,6567,alipay,SUCCESS,2024-11-05
PAY-12080,ORD-7724,"$14,130.00",card,success,2026-11-13
PAY-12081,ORD-9816,16476,COD,pending,11/12/2026
PAY-12082,ORD-6102,2 791,COD,success,04/24/2024
PAY-12083,ORD-8809,14 908,wechat,pending,2024-07-02
PAY-12084,ORD-14085,"$5,204.00",wechat,pending,13-07-2024
PAY-12085,ORD-6108,994,COD,pending,2024-11-06
PAY-12086,ORD-8696,9148,alipay,pending,19-10-2025
PAY-12087,ORD-6956,"$9,454.00",card,SUCCESS,05/22/2025
PAY-12088,ORD-12661,9880,COD,success,01/27/2026
PAY-12089,ORD-4232,"$15,845.00",card,SUCCESS,2026-07-14
PAY-12090,ORD-13676,2328,COD,SUCCESS,03/18/2025
PAY-12091,ORD-4260,"$11,466.00",alipay,success,2025-06-13
PAY-12092,ORD-12691,8824,COD,SUCCESS,01/22/2025
PAY-12093,ORD-13388,14 616,card,success,09-04-2025
PAY-12094,ORD-2217,12219,card,SUCCESS,11/24/2026
PAY-12095,ORD-14905,1893,alipay,SUCCESS,06-03-2026
PAY-12096,ORD-346,"6 661,00",alipay,success,10-01-2026
PAY-12097,ORD-6510,13076,COD,pending,2026-01-16
PAY-12098,ORD-13371,6584,alipay,SUCCESS,2026-08-10
PAY-12099,ORD-14329,2050,wechat,SUCCESS,27-03-2024
PAY-12100,ORD-10835,8 425,COD,SUCCESS,08/20/2025
PAY-12101,ORD-13983,1291,COD,SUCCESS,2026-02-09
PAY-12102,ORD-6922,8097,alipay,SUCCESS,02/12/2024
PAY-12103,ORD-6125,6 708,wechat,success,2026-11-24
PAY-12104,ORD-12559,17947,card,pending,05/15/2024
PAY-12105,ORD-3669,14773,wechat,SUCCESS,02/04/2025
PAY-12106,ORD-7408,11573,COD,success,04/23/2024
PAY-12107,ORD-3002,"$7,747.00",wechat,SUCCESS,2025-12-15
PAY-12108,ORD-4281,7547,COD,pending,2026-06-21
PAY-12109,ORD-5657,"$8,808.00",card,SUCCESS,2025-04-01
PAY-12110,ORD-6191,"$15,883.00",alipay,SUCCESS,2025-10-05
PAY-12111,ORD-4786,"12 298,00",wechat,pending,17-09-2025
PAY-12112,ORD-4298,1279,COD,pending,01-04-2024
PAY-12113,ORD-14087,13051,alipay,SUCCESS,12/12/2026
PAY-12114,ORD-4481,"$12,916.00",wechat,SUCCESS,2025-12-11
PAY-12115,ORD-2068,"$6,648.00",alipay,pending,2024-03-14
PAY-12116,ORD-7765,10227,card,pending,2025-04-14
PAY-12117,ORD-13326,"2 882,00",alipay,SUCCESS,09/17/2026
PAY-12118,ORD-11159,10995,alipay,SUCCESS,2025-11-27
PAY-12119,ORD-3881,8188,wechat,pending,2025-03-25
PAY-12120,ORD-444,8778,wechat,success,11/14/2025
PAY-12121,ORD-10643,"$12,418.00",card,SUCCESS,10/09/2026
PAY-12122,ORD-264,"18 260,00",wechat,success,2025-07-14
PAY-12123,ORD-6246,11 266,card,SUCCESS,2025-04-16
PAY-12124,ORD-8310,"6 274,00",alipay,SUCCESS,2024-05-24
PAY-12125,ORD-151,"$5,535.00",card,SUCCESS,01/02/2025
PAY-12126,ORD-3648,"18 503,00",card,SUCCESS,2024-12-18
PAY-12127,ORD-8786,6329,card,SUCCESS,07/22/2025
PAY-12128,ORD-13445,"$7,635.00",card,success,09/06/2025
PAY-12129,ORD-11080,"$19,415.00",card,SUCCESS,07/02/2024
PAY-12130,ORD-8596,"7 349,00",card,SUCCESS,2026-04-13
PAY-12131,ORD-13244,"$9,373.00",wechat,pending,10-05-2024
PAY-12132,ORD-8156,2 509,alipay,SUCCESS,17-03-2024
PAY-12133,ORD-2545,11958,COD,SUCCESS,11-05-2025
PAY-12134,ORD-8054,"$12,410.00",COD,SUCCESS,2026-04-23
PAY-12135,ORD-7220,13379,COD,success,2025-03-27
PAY-12136,ORD-14723,"$11,886.00",alipay,pending,03/27/2024
PAY-12137,ORD-14897,11643,COD,success,2024-08-01
PAY-12138,ORD-8132,"930,00",alipay,SUCCESS,08/05/2024
PAY-12139,ORD-7045,4641,alipay,success,2024-10-04
PAY-12140,ORD-13322,6943,alipay,SUCCESS,07/20/2025
PAY-12141,ORD-9356,12922,COD,pending,2025-12-15
PAY-12142,ORD-10081,"$5,828.00",wechat,pending,15-03-2025
PAY-12143,ORD-5498,"$13,110.00",COD,pending,02-06-2024
PAY-12144,ORD-4845,"$1,410.00",wechat,SUCCESS,2025-12-20
PAY-12145,ORD-9314,9 977,alipay,success,11/05/2024
PAY-12146,ORD-7941,"$1,016.00",COD,SUCCESS,2026-11-01
PAY-12147,ORD-5704,5644,COD,failed,2026-04-02
PAY-12148,ORD-986,14702,alipay,success,09/13/2026
PAY-12149,ORD-11579,"3 878,00",COD,pending,27-10-2025
PAY-12150,ORD-4265,"$11,987.00",alipay,success,05-09-2025
PAY-12151,ORD-4081,2 121,wechat,pending,03/18/2024
PAY-12152,ORD-1183,"$16,091.00",COD,SUCCESS,2026-05-28
PAY-12153,ORD-8147,"$3,571.00",COD,pending,2024-08-21
PAY-12154,ORD-842,14576,alipay,SUCCESS,2024-02-17
PAY-12155,ORD-7389,"$17,270.00",alipay,success,2026-07-02
PAY-12156,ORD-8645,"$5,058.00",card,failed,2026-06-28
PAY-12157,ORD-4955,15666,card,pending,10/09/2025
PAY-12158,ORD-151,"$15,564.00",COD,success,02/07/2026
PAY-12159,ORD-1027,17012,alipay,SUCCESS,11/26/2026
PAY-12160,ORD-3251,12341,card,success,2024-08-20
PAY-12161,ORD-12541,758,wechat,pending,2026-06-28
PAY-12162,ORD-14202,5646,COD,success,01-06-2025
PAY-12163,ORD-2275,"$13,191.00",wechat,pending,16-08-2026
PAY-12164,ORD-3363,11237,wechat,pending,05-03-2025
PAY-12165,ORD-890,"$9,713.00",wechat,SUCCESS,2026-03-21
PAY-12166,ORD-8822,"8 310,00",COD,success,08/18/2024
PAY-12167,ORD-12409,"16 117,00",card,SUCCESS,2026-05-02
PAY-12168,ORD-14647,1353,COD,failed,04/09/2026
PAY-12169,ORD-1987,693,wechat,success,2026-08-04
PAY-12170,ORD-5841,4550,alipay,pending,09/01/2025
PAY-12171,ORD-199,5806,COD,pending,15-07-2025
PAY-12172,ORD-13052,9 366,COD,SUCCESS,14-07-2024
PAY-12173,ORD-1845,13829,wechat,success,2025-11-01
PAY-12174,ORD-14581,14094,wechat,pending,2025-10-07
PAY-12175,ORD-14257,18047,COD,SUCCESS,2024-02-28
PAY-12176,ORD-14114,1378,COD,pending,2024-03-26
PAY-12177,ORD-4110,3454,wechat,SUCCESS,2026-11-10
PAY-12178,ORD-3911,"3 581,00",wechat,pending,2025-04-28
PAY-12179,ORD-5178,10 018,card,SUCCESS,2026-10-09
PAY-12180,ORD-9280,"$5,729.00",wechat,pending,12/11/2025
PAY-12181,ORD-11638,"$12,475.00",wechat,success,2024-12-03
PAY-12182,ORD-7746,4705,COD,SUCCESS,2024-04-11
PAY-12183,ORD-9036,"7 485,00",card,SUCCESS,2024-02-15
PAY-12184,ORD-4739,"$17,464.00",alipay,pending,2025-09-20
PAY-12185,ORD-6645,"$18,094.00",wechat,SUCCESS,05/09/2026
PAY-12186,ORD-10660,"$3,578.00",alipay,success,13-07-2024
PAY-12187,ORD-14891,10 271,card,success,2024-10-15
PAY-12188,ORD-4018,"$14,453.00",alipay,SUCCESS,2025-01-17
PAY-12189,ORD-1671,5286,wechat,pending,05/06/2024
PAY-12190,ORD-7964,5721,COD,SUCCESS,04-03-2026
PAY-12191,ORD-5200,10009,COD,success,2024-02-20
PAY-12192,ORD-8909,19259,COD,SUCCESS,02/27/2024
PAY-12193,ORD-3846,4515,COD,success,19-04-2026
PAY-12194,ORD-13794,"$16,543.00",COD,pending,2026-01-04
PAY-12195,ORD-12690,613,card,success,2024-02-06
PAY-12196,ORD-3918,15359,wechat,success,08/15/2025
PAY-12197,ORD-4028,5633,alipay,pending,2025-11-03
PAY-12198,ORD-5824,"$7,888.00",COD,success,2025-02-03
PAY-12199,ORD-6204,"$10,135.00",alipay,pending,03/03/2024
PAY-12200,ORD-9289,12880,wechat,success,2026-02-17
PAY-12201,ORD-3697,2 732,alipay,success,24-09-2024
PAY-12202,ORD-8650,"$3,042.00",wechat,SUCCESS,2026-02-03
PAY-12203,ORD-9794,"$10,566.00",card,success,2025-03-18
PAY-12204,ORD-8743,"$17,568.00",wechat,pending,02-10-2024
PAY-12205,ORD-7648,11451,alipay,pending,2026-07-01
PAY-12206,ORD-8942,8365,alipay,pending,2025-06-14
PAY-12207,ORD-7093,12320,card,SUCCESS,2026-08-13
PAY-12208,ORD-14621,15696,wechat,SUCCESS,13-03-2024
PAY-12209,ORD-7642,"$3,471.00",card,SUCCESS,16-01-2026
PAY-12210,ORD-2751,"$12,508.00",card,success,2024-11-16
PAY-12211,ORD-6073,"$7,396.00",alipay,pending,02-05-2024
PAY-12212,ORD-988,10036,wechat,SUCCESS,05/17/2025
PAY-12213,ORD-5731,"7 614,00",card,success,04-09-2026
PAY-12214,ORD-12096,3466,alipay,SUCCESS,04-11-2024
PAY-12215,ORD-14130,12 787,COD,success,2025-05-17
PAY-12216,ORD-8630,"$12,400.00",COD,pending,01/08/2024
PAY-12217,ORD-14909,11123,alipay,pending,2025-12-15
PAY-12218,ORD-2191,6248,COD,success,2024-04-23
PAY-12219,ORD-12950,5090,card,success,12/09/2025
PAY-12220,ORD-12112,1740,alipay,SUCCESS,2026-05-11
PAY-12221,ORD-5328,"6 694,00",alipay,success,2024-02-03
PAY-12222,ORD-8596,"$13,758.00",wechat,success,09/25/2024
PAY-12223,ORD-836,"$9,992.00",card,pending,07/16/2024
PAY-12224,ORD-9849,6384,wechat,success,2024-02-15
PAY-12225,ORD-13073,11979,wechat,success,2025-09-21
PAY-12226,ORD-11494,8438,wechat,pending,2025-11-10
PAY-12227,ORD-11829,13023,COD,success,2026-05-28
PAY-12228,ORD-1319,"$3,826.00",wechat,SUCCESS,2026-02-11
PAY-12229,ORD-743,15386,alipay,SUCCESS,10-02-2026
PAY-12230,ORD-12321,12339,alipay,success,2025-08-02
PAY-12231,ORD-1517,7217,wechat,SUCCESS,2025-11-13
PAY-12232,ORD-7878,7227,card,success,09-04-2026
PAY-12233,ORD-5687,636,card,success,14-03-2026
PAY-12234,ORD-12522,"$6,118.00",card,success,2025-03-13
PAY-12235,ORD-4244,10386,COD,success,10/18/2025
PAY-12236,ORD-2970,3795,wechat,success,2025-10-22
PAY-12237,ORD-5698,19 855,card,success,18-06-2025
PAY-12238,ORD-6933,"4 828,00",COD,SUCCESS,11/14/2025
PAY-12239,ORD-10814,8575,card,SUCCESS,15-10-2025
PAY-12240,ORD-3772,"$6,260.00",card,SUCCESS,12/17/2026
PAY-12241,ORD-13826,"$6,981.00",COD,pending,22-12-2025
PAY-12242,ORD-9315,5616,wechat,pending,11/06/2025
PAY-12243,ORD-8767,19 602,wechat,SUCCESS,12-11-2024
PAY-12244,ORD-6827,3976,alipay,SUCCESS,02-02-2025
PAY-12245,ORD-14178,"9 073,00",COD,success,02-08-2025
PAY-12246,ORD-8322,17626,wechat,success,2024-08-03
PAY-12247,ORD-10192,9222,COD,success,01-01-2024
PAY-12248,ORD-14125,"9 033,00",card,success,2026-04-03
PAY-12249,ORD-3369,12180,wechat,pending,02/12/2026
PAY-12250,ORD-11348,"$10,098.00",card,failed,17-09-2026
PAY-12251,ORD-8414,"$5,776.00",card,pending,12/06/2026
PAY-12252,ORD-785,"1 530,00",wechat,success,2024-01-02
PAY-12253,ORD-5824,5207,COD,success,2024-10-11
PAY-12254,ORD-14144,7071,alipay,SUCCESS,2026-06-12
PAY-12255,ORD-11182,15211,COD,success,2024-01-18
PAY-12256,ORD-11840,14 670,wechat,success,08-07-2026
PAY-12257,ORD-12906,"$7,517.00",COD,pending,11/28/2025
PAY-12258,ORD-8761,19421,alipay,SUCCESS,2024-09-18
PAY-12259,ORD-1834,4139,wechat,pending,2026-07-19
PAY-12260,ORD-11845,"$5,422.00",card,SUCCESS,10-02-2024
PAY-12261,ORD-11261,6186,COD,SUCCESS,09-03-2025
PAY-12262,ORD-6422,"$17,932.00",COD,failed,08-12-2024
PAY-12263,ORD-4,16093,card,SUCCESS,2026-10-02
PAY-12264,ORD-9450,2941,alipay,success,2025-04-01
PAY-12265,ORD-4057,$142.00,wechat,success,17-12-2024
PAY-12266,ORD-1859,11529,COD,pending,08-06-2025
PAY-12267,ORD-12769,"$19,359.00",wechat,success,2026-04-18
PAY-12268,ORD-2156,4 583,card,pending,2024-02-25
PAY-12269,ORD-1138,15077,card,pending,05/04/2025
PAY-12270,ORD-11909,16775,card,pending,2026-07-10
PAY-12271,ORD-14218,15339,alipay,failed,02/12/2024
PAY-12272,ORD-4082,"$11,237.00",wechat,pending,12/12/2024
PAY-12273,ORD-14827,$446.00,alipay,pending,2024-12-25
PAY-12274,ORD-5379,"$19,421.00",alipay,success,27-11-2025
PAY-12275,ORD-10266,4485,card,pending,13-07-2025
PAY-12276,ORD-7891,"$1,748.00",COD,success,10/27/2026
PAY-12277,ORD-9686,"$19,261.00",card,success,2025-01-26
PAY-12278,ORD-12420,"$8,315.00",COD,pending,05/23/2024
PAY-12279,ORD-11258,"8 779,00",card,SUCCESS,28-05-2025
PAY-12280,ORD-10028,"$10,496.00",card,pending,04/27/2025
PAY-12281,ORD-846,14 636,alipay,SUCCESS,09/28/2026
PAY-12282,ORD-9536,19 228,alipay,success,01/20/2025
PAY-12283,ORD-4995,4544,card,success,2024-11-25
PAY-12284,ORD-11746,18944,alipay,failed,2025-04-11
PAY-12285,ORD-10247,4931,wechat,failed,07/16/2025
PAY-12286,ORD-10108,"12 101,00",COD,success,01/21/2025
PAY-12287,ORD-14899,885,alipay,SUCCESS,2026-09-28
PAY-12288,ORD-14284,10 552,card,success,2025-10-26
PAY-12289,ORD-7410,"$4,714.00",COD,failed,2026-09-04
PAY-12290,ORD-710,7491,wechat,SUCCESS,11/17/2025
PAY-12291,ORD-8981,7 417,COD,SUCCESS,2024-03-06
PAY-12292,ORD-12010,"$19,336.00",wechat,success,2024-01-19
PAY-12293,ORD-7050,15225,card,pending,2024-01-18
PAY-12294,ORD-7878,"5 774,00",COD,SUCCESS,2024-03-13
PAY-12295,ORD-4729,"9 843,00",card,pending,06-11-2024
PAY-12296,ORD-3006,3009,wechat,pending,05-09-2024
PAY-12297,ORD-7936,"$3,829.00",wechat,success,03/06/2026
PAY-12298,ORD-3631,4749,COD,SUCCESS,01/12/2025
PAY-12299,ORD-13043,"$2,919.00",card,pending,2026-06-16
PAY-12300,ORD-11852,"15 091,00",COD,success,2025-04-11
PAY-12301,ORD-5123,10029,card,pending,09-01-2024
PAY-12302,ORD-10367,8 755,alipay,SUCCESS,07-01-2025
PAY-12303,ORD-7009,"14 835,00",alipay,pending,2026-03-11
PAY-12304,ORD-11588,"$12,176.00",COD,SUCCESS,11/21/2026
PAY-12305,ORD-14825,2703,card,SUCCESS,12/03/2024
PAY-12306,ORD-9622,2081,alipay,pending,2025-09-18
PAY-12307,ORD-2319,10663,wechat,pending,10/13/2024
PAY-12308,ORD-3650,12151,COD,pending,02/16/2026
PAY-12309,ORD-5817,3441,wechat,success,08/04/2024
PAY-12310,ORD-14080,2 815,card,pending,22-12-2026
PAY-12311,ORD-12590,19411,wechat,pending,2025-01-22
PAY-12312,ORD-13050,"$8,978.00",wechat,success,04/17/2026
PAY-12313,ORD-339,"$2,591.00",alipay,success,05/06/2026
PAY-12314,ORD-9868,"$5,240.00",alipay,failed,15-10-2024
PAY-12315,ORD-4644,11592,card,pending,2025-08-23
PAY-12316,ORD-969,"$14,899.00",COD,pending,2024-09-22
PAY-12317,ORD-14714,"1 379,00",alipay,pending,13-03-2024
PAY-12318,ORD-5749,7933,card,pending,2025-03-18
PAY-12319,ORD-850,9019,wechat,success,2026-08-09
PAY-12320,ORD-8750,10 158,COD,SUCCESS,2024-01-13
PAY-12321,ORD-7589,"$9,318.00",alipay,pending,2025-07-10
PAY-12322,ORD-2991,18820,wechat,pending,2024-05-18
PAY-12323,ORD-7127,16612,COD,SUCCESS,02-01-2024
PAY-12324,ORD-9273,"8 163,00",wechat,pending,2024-12-27
PAY-12325,ORD-5516,"8 549,00",card,pending,23-08-2024
PAY-12326,ORD-4765,17977,wechat,failed,2026-10-23
PAY-12327,ORD-714,"$9,203.00",COD,SUCCESS,10/25/2026
PAY-12328,ORD-3673,"19 266,00",COD,pending,2025-05-04
PAY-12329,ORD-8578,"$1,605.00",wechat,SUCCESS,05-05-2024
PAY-12330,ORD-10467,19 068,COD,SUCCESS,2024-05-01
PAY-12331,ORD-1653,910,wechat,SUCCESS,2024-04-25
PAY-12332,ORD-3739,18694,alipay,success,21-12-2025
PAY-12333,ORD-9725,598,card,SUCCESS,2024-08-05
PAY-12334,ORD-11274,6783,COD,pending,05-04-2026
PAY-12335,ORD-4003,"363,00",alipay,success,2025-02-19
PAY-12336,ORD-13486,12428,COD,success,2025-10-04
PAY-12337,ORD-13995,"$11,477.00",alipay,success,2025-12-03
PAY-12338,ORD-10364,"$16,501.00",COD,SUCCESS,23-02-2025
PAY-12339,ORD-4475,12623,card,SUCCESS,2025-10-13
PAY-12340,ORD-11929,821,card,pending,2025-06-22
PAY-12341,ORD-1855,"$7,720.00",alipay,SUCCESS,01/28/2025
PAY-12342,ORD-11701,19175,card,SUCCESS,2026-08-25
PAY-12343,ORD-11170,"$6,656.00",card,pending,14-06-2025
PAY-12344,ORD-11822,"$8,872.00",wechat,pending,06/01/2025
PAY-12345,ORD-1128,"$18,219.00",COD,SUCCESS,2026-07-20
PAY-12346,ORD-13180,"$10,793.00",alipay,pending,10/13/2025
PAY-12347,ORD-7330,"5 060,00",alipay,SUCCESS,2024-11-24
PAY-12348,ORD-8675,12950,COD,pending,2025-02-15
PAY-12349,ORD-12642,4969,alipay,success,03-10-2025
PAY-12350,ORD-11566,"1 622,00",alipay,SUCCESS,11/04/2026
PAY-12351,ORD-5318,12510,COD,success,09/12/2026
PAY-12352,ORD-5197,19747,alipay,pending,04-05-2024
PAY-12353,ORD-9967,19 998,alipay,SUCCESS,04/07/2025
PAY-12354,ORD-4853,"$15,838.00",COD,failed,2024-06-22
PAY-12355,ORD-8749,"$13,181.00",COD,success,18-03-2025
PAY-12356,ORD-8760,8429,card,success,22-11-2024
PAY-12357,ORD-7771,"5 073,00",COD,SUCCESS,2025-11-12
PAY-12358,ORD-7435,221,wechat,success,2024-12-26
PAY-12359,ORD-3754,19717,alipay,pending,2025-09-10
PAY-12360,ORD-3775,"$2,081.00",card,pending,2024-10-08
PAY-12361,ORD-11214,"$16,703.00",card,success,05/06/2025
PAY-12362,ORD-3110,8 775,alipay,pending,10/01/2025
PAY-12363,ORD-7060,12799,COD,success,05/23/2024
PAY-12364,ORD-2715,"$7,684.00",card,success,12/28/2024
PAY-12365,ORD-7232,"$13,236.00",wechat,pending,2024-11-27
PAY-12366,ORD-9729,10713,COD,pending,09/23/2024
PAY-12367,ORD-2801,"$9,787.00",card,SUCCESS,2025-10-22
PAY-12368,ORD-13215,"1 993,00",COD,success,2025-10-20
PAY-12369,ORD-6575,7033,alipay,success,16-05-2026
PAY-12370,ORD-14817,18 147,alipay,SUCCESS,08-11-2026
PAY-12371,ORD-4803,"10 502,00",COD,success,08-03-2024
PAY-12372,ORD-2109,1372,card,pending,07/21/2026
PAY-12373,ORD-1092,17049,COD,SUCCESS,21-05-2024
PAY-12374,ORD-10140,"$6,472.00",card,SUCCESS,02/05/2024
PAY-12375,ORD-7011,18013,alipay,pending,2024-07-08
PAY-12376,ORD-7557,"$18,909.00",card,pending,10/07/2026
PAY-12377,ORD-8942,10745,card,SUCCESS,2026-05-23
PAY-12378,ORD-10891,13931,card,success,26-09-2024
PAY-12379,ORD-240,5807,wechat,success,2026-04-24
PAY-12380,ORD-5388,18118,wechat,success,2026-04-22
PAY-12381,ORD-4969,4114,alipay,success,2024-04-22
PAY-12382,ORD-10319,"$8,358.00",COD,success,2025-01-22
PAY-12383,ORD-725,8553,card,pending,2026-05-17
PAY-12384,ORD-14627,14807,card,pending,2025-10-25
PAY-12385,ORD-11019,2 127,wechat,SUCCESS,04-04-2025
PAY-12386,ORD-10777,8086,wechat,success,2025-07-02
PAY-12387,ORD-9203,"$18,823.00",wechat,pending,05/28/2024
PAY-12388,ORD-4310,"$2,150.00",COD,pending,04/09/2025
PAY-12389,ORD-4864,"$18,521.00",COD,SUCCESS,2026-12-22
PAY-12390,ORD-13047,6829,alipay,pending,2026-03-21
PAY-12391,ORD-2419,18550,alipay,success,25-03-2026
PAY-12392,ORD-9163,"11 120,00",alipay,pending,2026-04-24
PAY-12393,ORD-4033,"$19,262.00",COD,failed,2026-02-12
PAY-12394,ORD-12165,18 798,wechat,success,15-05-2025
PAY-12395,ORD-14158,4778,alipay,pending,2026-03-27
PAY-12396,ORD-10265,10775,COD,success,05/19/2025
PAY-12397,ORD-6913,"$19,764.00",COD,pending,2024-04-01
PAY-12398,ORD-14344,6003,COD,pending,11/27/2025
PAY-12399,ORD-4508,11112,card,pending,02/21/2026
PAY-12400,ORD-14832,17875,card,success,2025-10-04
PAY-12401,ORD-3634,$883.00,wechat,success,02/12/2024
PAY-12402,ORD-12180,"13 617,00",card,failed,08/27/2026
PAY-12403,ORD-11789,"$10,610.00",COD,success,2024-12-06
PAY-12404,ORD-8743,10943,wechat,SUCCESS,01-03-2026
PAY-12405,ORD-14567,"$11,470.00",COD,pending,23-03-2024
PAY-12406,ORD-13502,4705,wechat,pending,23-12-2025
PAY-12407,ORD-9490,"$14,231.00",wechat,success,2025-11-14
PAY-12408,ORD-1434,16465,alipay,pending,23-10-2026
PAY-12409,ORD-14599,"$10,886.00",alipay,pending,16-02-2025
PAY-12410,ORD-2083,260,card,SUCCESS,2025-07-11
PAY-12411,ORD-14877,"$3,196.00",wechat,success,07-11-2024
PAY-12412,ORD-709,1131,COD,success,04-06-2024
PAY-12413,ORD-4809,7756,COD,pending,11/17/2024
PAY-12414,ORD-5090,13385,wechat,pending,2025-01-14
PAY-12415,ORD-404,"$8,887.00",wechat,success,02/07/2026
PAY-12416,ORD-751,$925.00,COD,success,14-09-2025
PAY-12417,ORD-12290,15924,alipay,success,2026-06-05
PAY-12418,ORD-237,14169,wechat,pending,02/14/2024
PAY-12419,ORD-1525,"$8,179.00",COD,pending,22-06-2024
PAY-12420,ORD-14634,5009,card,SUCCESS,2025-11-27
PAY-12421,ORD-1088,3063,wechat,SUCCESS,13-12-2024
PAY-12422,ORD-83,4573,wechat,success,2026-07-26
PAY-12423,ORD-10783,$761.00,wechat,pending,2024-10-25
PAY-12424,ORD-12817,5 488,alipay,success,07/02/2024
PAY-12425,ORD-6985,14 949,COD,pending,2025-06-15
PAY-12426,ORD-13480,13668,card,success,08/25/2025
PAY-12427,ORD-1714,"$10,739.00",card,failed,08/14/2026
PAY-12428,ORD-10959,6429,wechat,SUCCESS,07/22/2025
PAY-12429,ORD-12890,"$1,884.00",card,SUCCESS,05/01/2024
PAY-12430,ORD-4353,"$10,124.00",wechat,pending,07/18/2026
PAY-12431,ORD-5903,"$3,498.00",wechat,pending,2024-03-21
PAY-12432,ORD-9062,17282,COD,SUCCESS,09/13/2024
PAY-12433,ORD-10177,4995,alipay,SUCCESS,03/27/2025
PAY-12434,ORD-8510,18 969,card,pending,2025-11-22
PAY-12435,ORD-14842,9 823,alipay,SUCCESS,2025-04-11
PAY-12436,ORD-7413,"$16,356.00",alipay,pending,2026-12-22
PAY-12437,ORD-6079,"$9,939.00",wechat,SUCCESS,08/10/2024
PAY-12438,ORD-493,"$16,643.00",wechat,pending,2025-04-20
PAY-12439,ORD-6034,14219,wechat,SUCCESS,2025-11-26
PAY-12440,ORD-4103,5950,alipay,pending,2026-01-03
PAY-12441,ORD-2308,"$18,786.00",alipay,SUCCESS,2025-10-06
PAY-12442,ORD-5303,"$16,685.00",alipay,SUCCESS,2026-12-05
PAY-12443,ORD-13566,11 811,alipay,success,2024-05-10
PAY-12444,ORD-8669,16464,wechat,pending,08/04/2024
PAY-12445,ORD-2879,9575,wechat,SUCCESS,2024-09-10
PAY-12446,ORD-8316,3654,alipay,SUCCESS,08-02-2025
PAY-12447,ORD-11830,509,alipay,SUCCESS,2026-03-05
PAY-12448,ORD-10036,3 428,alipay,pending,12/24/2025
PAY-12449,ORD-10963,1743,card,SUCCESS,10/01/2025
PAY-12450,ORD-575,3466,alipay,SUCCESS,2024-08-25
PAY-12451,ORD-8781,12092,COD,success,26-05-2026
PAY-12452,ORD-12710,4899,alipay,success,2025-05-11
PAY-12453,ORD-7390,1 588,alipay,pending,2026-05-07
PAY-12454,ORD-6743,18689,alipay,success,2024-12-18
PAY-12455,ORD-10087,1 129,wechat,pending,2025-11-23
PAY-12456,ORD-4836,10183,alipay,success,2024-06-11
PAY-12457,ORD-7450,$748.00,alipay,success,09/03/2026
PAY-12458,ORD-13797,15556,alipay,pending,06/06/2026
PAY-12459,ORD-9664,"$17,180.00",alipay,success,2024-01-07
PAY-12460,ORD-14955,8 399,alipay,success,2025-08-01
PAY-12461,ORD-5037,$492.00,wechat,success,13-04-2025
PAY-12462,ORD-5807,546,alipay,pending,2024-05-18
PAY-12463,ORD-14353,2825,card,success,10/25/2024
PAY-12464,ORD-3160,"$7,109.00",COD,pending,2025-05-26
PAY-12465,ORD-8209,"$12,981.00",wechat,success,2026-03-04
PAY-12466,ORD-11793,17221,card,pending,03/19/2025
PAY-12467,ORD-11272,10708,COD,failed,2025-10-22
PAY-12468,ORD-13133,$956.00,alipay,pending,2025-02-02
PAY-12469,ORD-11455,19121,wechat,SUCCESS,2026-06-28
PAY-12470,ORD-14208,8346,alipay,failed,27-10-2025
PAY-12471,ORD-8331,"$3,618.00",card,SUCCESS,04/08/2024
PAY-12472,ORD-1496,10284,card,success,06-12-2026
PAY-12473,ORD-9623,"$8,628.00",alipay,success,11/15/2024
PAY-12474,ORD-13279,"$10,584.00",alipay,success,2026-08-27
PAY-12475,ORD-3662,13543,card,pending,08-06-2025
PAY-12476,ORD-1765,4104,alipay,pending,06/20/2024
PAY-12477,ORD-13955,13337,alipay,success,2024-12-12
PAY-12478,ORD-10224,16 425,alipay,failed,02/26/2026
PAY-12479,ORD-7390,"$13,112.00",wechat,SUCCESS,2024-06-12
PAY-12480,ORD-10933,"10 725,00",COD,pending,2024-08-01
PAY-12481,ORD-60,"$9,482.00",card,success,09/18/2026
PAY-12482,ORD-1291,4 252,COD,success,08/01/2025
PAY-12483,ORD-9799,10336,COD,SUCCESS,07/25/2026
PAY-12484,ORD-5652,3 536,COD,pending,10-09-2024
PAY-12485,ORD-10317,"$10,970.00",wechat,pending,11/01/2024
PAY-12486,ORD-13007,"$12,863.00",alipay,pending,06-07-2025
PAY-12487,ORD-6869,6504,card,success,2024-11-10
PAY-12488,ORD-8826,"$12,023.00",wechat,pending,15-02-2025
PAY-12489,ORD-1458,4322,alipay,success,01/06/2024
PAY-12490,ORD-1208,14655,wechat,success,22-11-2025
PAY-12491,ORD-8902,11390,wechat,failed,2026-01-01
PAY-12492,ORD-5489,"$7,251.00",wechat,SUCCESS,2025-06-06
PAY-12493,ORD-3448,15377,card,SUCCESS,2025-02-10
PAY-12494,ORD-11482,"$13,585.00",wechat,pending,11/11/2026
PAY-12495,ORD-9751,5400,card,success,2026-11-20
PAY-12496,ORD-7434,"$2,403.00",alipay,SUCCESS,05/12/2026
PAY-12497,ORD-7044,"$2,322.00",COD,pending,11/01/2024
PAY-12498,ORD-13902,4326,card,SUCCESS,2026-03-05
PAY-12499,ORD-10104,8034,card,pending,2026-02-16
PAY-12500,ORD-6161,19726,COD,success,10-08-2024
PAY-12501,ORD-14137,14614,alipay,success,2024-10-13
PAY-12502,ORD-4404,10795,wechat,SUCCESS,24-09-2025
PAY-12503,ORD-14196,19 984,wechat,SUCCESS,06/16/2025
PAY-12504,ORD-1286,9365,wechat,pending,26-12-2026
PAY-12505,ORD-8359,15637,COD,pending,2024-02-17
PAY-12506,ORD-14334,14581,card,failed,02/11/2024
PAY-12507,ORD-1540,"13 016,00",alipay,SUCCESS,07-08-2024
PAY-12508,ORD-5501,"346,00",wechat,failed,2025-02-13
PAY-12509,ORD-11145,"$6,046.00",card,pending,2024-01-25
PAY-12510,ORD-7359,"$3,488.00",wechat,pending,2025-04-04
PAY-12511,ORD-593,5518,wechat,pending,2024-02-18
PAY-12512,ORD-9242,14286,wechat,pending,28-07-2024
PAY-12513,ORD-14745,"12 100,00",wechat,pending,2024-05-11
PAY-12514,ORD-5462,15928,card,success,2024-02-01
PAY-12515,ORD-335,2003,card,success,2026-11-26
PAY-12516,ORD-11968,"1 641,00",COD,pending,08/01/2026
PAY-12517,ORD-2913,8727,card,SUCCESS,03/28/2026
PAY-12518,ORD-4401,18 075,card,SUCCESS,2025-12-16
PAY-12519,ORD-10584,8 180,wechat,success,2024-08-15
PAY-12520,ORD-11369,8645,alipay,SUCCESS,2025-01-19
PAY-12521,ORD-299,18083,card,pending,2025-12-01
PAY-12522,ORD-1688,18037,COD,success,2025-11-15
PAY-12523,ORD-891,7002,card,SUCCESS,2026-12-25
PAY-12524,ORD-9394,"$6,374.00",card,SUCCESS,2025-03-21
PAY-12525,ORD-2485,2831,wechat,SUCCESS,2025-04-09
PAY-12526,ORD-9001,"$14,737.00",COD,SUCCESS,2024-10-22
PAY-12527,ORD-11187,5200,alipay,success,2025-04-15
PAY-12528,ORD-11088,"419,00",wechat,SUCCESS,2025-01-10
PAY-12529,ORD-1962,10 434,card,pending,2026-09-09
PAY-12530,ORD-8606,"$16,300.00",COD,success,06/10/2026
PAY-12531,ORD-569,14434,wechat,pending,2024-11-11
PAY-12532,ORD-6482,4359,card,success,2026-12-09
PAY-12533,ORD-12451,"$11,980.00",card,pending,02-08-2024
PAY-12534,ORD-6591,5541,COD,success,15-09-2025
PAY-12535,ORD-7361,"16 591,00",alipay,success,2026-11-08
PAY-12536,ORD-7674,913,card,success,2024-09-05
PAY-12537,ORD-424,6527,alipay,SUCCESS,03/24/2026
PAY-12538,ORD-7874,"$11,660.00",COD,pending,03/15/2026
PAY-12539,ORD-10590,"$5,060.00",wechat,success,09/25/2026
PAY-12540,ORD-1915,"$10,820.00",card,SUCCESS,03/05/2025
PAY-12541,ORD-1792,"$12,019.00",card,pending,2025-01-04
PAY-12542,ORD-199,7210,COD,pending,2024-02-20
PAY-12543,ORD-852,14150,card,SUCCESS,08/22/2024
PAY-12544,ORD-6222,4884,alipay,SUCCESS,2024-06-11
PAY-12545,ORD-6266,"17 902,00",wechat,success,03/08/2026
PAY-12546,ORD-14264,"$11,412.00",alipay,success,2024-09-26
PAY-12547,ORD-11,"217,00",card,pending,21-03-2026
PAY-12548,ORD-9541,8779,card,SUCCESS,2026-02-13
PAY-12549,ORD-3475,1997,wechat,pending,08/20/2025
PAY-12550,ORD-8869,"$2,557.00",alipay,pending,2026-09-27
PAY-12551,ORD-7226,19078,card,SUCCESS,11/15/2024
PAY-12552,ORD-3017,15293,alipay,success,2024-06-01
PAY-12553,ORD-12709,"$18,455.00",COD,pending,2025-06-06
PAY-12554,ORD-3266,"$4,605.00",card,success,2024-04-04
PAY-12555,ORD-6857,"19 186,00",wechat,success,2025-04-06
PAY-12556,ORD-8392,13981,COD,success,12/27/2026
PAY-12557,ORD-8589,10090,card,SUCCESS,03/16/2024
PAY-12558,ORD-7063,18465,card,pending,2024-02-05
PAY-12559,ORD-9773,"$9,012.00",wechat,pending,2025-06-15
PAY-12560,ORD-4560,"$3,914.00",card,SUCCESS,02/26/2025
PAY-12561,ORD-13646,$490.00,COD,SUCCESS,10/06/2026
PAY-12562,ORD-9895,1256,alipay,pending,2026-11-14
PAY-12563,ORD-13208,12 374,alipay,failed,2024-05-19
PAY-12564,ORD-421,5055,card,success,04/02/2024
PAY-12565,ORD-3734,13 087,wechat,success,2025-10-27
PAY-12566,ORD-13171,"5 184,00",card,success,2025-09-13
PAY-12567,ORD-3895,17486,COD,pending,2024-10-01
PAY-12568,ORD-1290,"$16,943.00",COD,failed,2025-01-11
PAY-12569,ORD-1231,14334,COD,SUCCESS,2025-10-24
PAY-12570,ORD-2404,17932,wechat,success,10/18/2026
PAY-12571,ORD-12469,"$2,672.00",COD,pending,2024-10-06
PAY-12572,ORD-687,10650,wechat,success,2025-07-20
PAY-12573,ORD-402,16782,card,SUCCESS,2025-04-26
PAY-12574,ORD-12955,11913,card,pending,2026-12-26
PAY-12575,ORD-2192,8996,wechat,SUCCESS,02/05/2026
PAY-12576,ORD-1789,16222,card,pending,2025-08-14
PAY-12577,ORD-14372,15581,wechat,SUCCESS,12/12/2024
PAY-12578,ORD-13687,19870,card,success,2024-12-18
PAY-12579,ORD-8577,381,alipay,SUCCESS,08-05-2024
PAY-12580,ORD-12723,"358,00",COD,pending,2025-04-17
PAY-12581,ORD-14068,"$18,430.00",card,success,2024-03-07
PAY-12582,ORD-12383,18079,wechat,success,2024-03-28
PAY-12583,ORD-10348,4465,alipay,success,2024-11-06
PAY-12584,ORD-4372,3074,COD,SUCCESS,03/05/2024
PAY-12585,ORD-3693,"$15,772.00",wechat,success,2024-10-08
PAY-12586,ORD-4160,13726,COD,success,2025-02-09
PAY-12587,ORD-12531,"9 297,00",wechat,success,2026-06-01
PAY-12588,ORD-3243,"$6,811.00",COD,pending,12/15/2024
PAY-12589,ORD-4074,14634,COD,pending,11-12-2026
PAY-12590,ORD-2144,8408,card,failed,2024-01-10
PAY-12591,ORD-9348,"$5,265.00",wechat,success,03/20/2024
PAY-12592,ORD-972,9255,alipay,SUCCESS,2025-01-10
PAY-12593,ORD-9195,14495,COD,success,01/12/2025
PAY-12594,ORD-3740,10706,COD,success,2025-08-14
PAY-12595,ORD-9095,"$9,557.00",card,pending,2025-03-23
PAY-12596,ORD-12845,9328,COD,success,07/04/2024
PAY-12597,ORD-9438,$229.00,COD,SUCCESS,2024-07-05
PAY-12598,ORD-8433,3646,wechat,SUCCESS,09/26/2025
PAY-12599,ORD-9018,$69.00,alipay,pending,02/18/2026
PAY-12600,ORD-1196,15223,wechat,success,11/10/2025
PAY-12601,ORD-13966,"16 779,00",wechat,SUCCESS,05/09/2025
PAY-12602,ORD-846,19287,COD,SUCCESS,13-10-2024
PAY-12603,ORD-11077,10839,COD,SUCCESS,2025-08-12
PAY-12604,ORD-5054,13738,card,pending,02-01-2025
PAY-12605,ORD-12181,"3 159,00",COD,pending,2024-04-19
PAY-12606,ORD-8810,"$12,801.00",wechat,success,09/13/2024
PAY-12607,ORD-12406,11626,wechat,success,2024-10-23
PAY-12608,ORD-12570,"$11,391.00",COD,SUCCESS,2024-12-06
PAY-12609,ORD-1544,12260,card,success,2026-03-03
PAY-12610,ORD-14930,"17 458,00",wechat,pending,2024-02-17
PAY-12611,ORD-13955,"$11,660.00",card,SUCCESS,2025-08-26
PAY-12612,ORD-7665,1 927,card,SUCCESS,2024-07-18
PAY-12613,ORD-11477,"$4,861.00",wechat,success,11/02/2024
PAY-12614,ORD-13841,"$12,538.00",card,success,2024-01-01
PAY-12615,ORD-12965,2277,COD,success,05/21/2025
PAY-12616,ORD-3492,"$5,488.00",card,failed,2025-12-13
PAY-12617,ORD-4370,"3 353,00",alipay,pending,2024-03-16
PAY-12618,ORD-13282,8076,COD,success,01/14/2025
PAY-12619,ORD-1264,2642,COD,success,2024-01-04
PAY-12620,ORD-12544,4874,wechat,SUCCESS,01/24/2025
PAY-12621,ORD-14597,10368,card,SUCCESS,2025-08-17
PAY-12622,ORD-4055,"$12,574.00",wechat,SUCCESS,2026-06-13
PAY-12623,ORD-6297,4900,alipay,success,2025-10-05
PAY-12624,ORD-14542,"$6,122.00",COD,SUCCESS,08/10/2025
PAY-12625,ORD-11943,"$6,089.00",card,success,06/03/2026
PAY-12626,ORD-13927,16898,alipay,SUCCESS,2026-08-09
PAY-12627,ORD-14210,8251,COD,success,02/19/2025
PAY-12628,ORD-7748,"2 973,00",alipay,success,2026-12-12
PAY-12629,ORD-11439,16016,card,pending,2024-06-02
PAY-12630,ORD-13117,13413,COD,SUCCESS,2025-08-24
PAY-12631,ORD-4198,15894,COD,success,03/23/2024
PAY-12632,ORD-2916,10 369,card,pending,10/09/2025
PAY-12633,ORD-10275,"17 240,00",COD,success,01/20/2024
PAY-12634,ORD-14080,"$5,753.00",card,success,2024-02-19
PAY-12635,ORD-11265,17609,card,pending,2025-01-16
PAY-12636,ORD-193,19086,card,pending,28-05-2025
PAY-12637,ORD-8640,6 894,alipay,SUCCESS,08/26/2026
PAY-12638,ORD-7329,19866,COD,success,2024-07-04
PAY-12639,ORD-9372,"9 772,00",wechat,failed,04/21/2026
PAY-12640,ORD-8989,3424,card,SUCCESS,2026-04-24
PAY-12641,ORD-5693,"$6,020.00",wechat,success,2024-01-25
PAY-12642,ORD-8319,833,alipay,pending,07/08/2026
PAY-12643,ORD-6684,18895,card,SUCCESS,01/26/2026
PAY-12644,ORD-12249,3108,alipay,pending,05/17/2024
PAY-12645,ORD-10625,6004,alipay,pending,11-10-2026
PAY-12646,ORD-9670,5223,COD,SUCCESS,10/21/2024
PAY-12647,ORD-3402,"$17,441.00",card,SUCCESS,15-09-2025
PAY-12648,ORD-18,18549,wechat,pending,2024-07-19
PAY-12649,ORD-4397,"$14,450.00",COD,SUCCESS,07/18/2025
PAY-12650,ORD-1807,11 001,card,pending,11/02/2024
PAY-12651,ORD-10993,14189,wechat,success,2025-01-14
PAY-12652,ORD-6883,12081,COD,success,18-06-2024
PAY-12653,ORD-3107,6257,card,SUCCESS,2024-12-12
PAY-12654,ORD-9785,16706,COD,success,11/04/2024
PAY-12655,ORD-8495,16545,alipay,pending,2026-09-13
PAY-12656,ORD-1911,12520,wechat,SUCCESS,04-05-2024
PAY-12657,ORD-10165,"$11,052.00",wechat,success,11/04/2024
PAY-12658,ORD-9758,"8 374,00",card,pending,19-10-2025
PAY-12659,ORD-3598,699,wechat,failed,2025-07-12
PAY-12660,ORD-12204,3119,alipay,pending,2024-06-17
PAY-12661,ORD-12192,5889,COD,pending,12/20/2026
PAY-12662,ORD-11992,3459,wechat,pending,2026-09-20
PAY-12663,ORD-9314,"$17,687.00",wechat,success,06/10/2024
PAY-12664,ORD-14159,1316,card,success,2024-12-26
PAY-12665,ORD-1627,14810,wechat,pending,2026-06-13
PAY-12666,ORD-1940,8877,card,success,2024-02-01
PAY-12667,ORD-3330,"$6,090.00",card,pending,2024-10-16
PAY-12668,ORD-9941,12 929,wechat,SUCCESS,2026-02-06
PAY-12669,ORD-9547,"$8,273.00",card,success,11-02-2026
PAY-12670,ORD-1395,"3 704,00",card,success,10/16/2024
PAY-12671,ORD-7840,"$10,173.00",wechat,SUCCESS,02/24/2026
PAY-12672,ORD-2952,"$16,888.00",COD,SUCCESS,2026-06-02
PAY-12673,ORD-3024,"$17,457.00",COD,success,05/23/2026
PAY-12674,ORD-13495,3484,alipay,SUCCESS,17-12-2026
PAY-12675,ORD-12321,"$13,900.00",alipay,success,28-03-2025
PAY-12676,ORD-8263,"19 549,00",card,success,02/20/2024
PAY-12677,ORD-7016,2732,alipay,success,08/04/2025
PAY-12678,ORD-14284,"$6,113.00",alipay,SUCCESS,2025-07-08
PAY-12679,ORD-14842,"$16,399.00",alipay,SUCCESS,2026-02-18
PAY-12680,ORD-603,1792,alipay,pending,27-04-2024
PAY-12681,ORD-3629,10200,card,SUCCESS,2025-12-22
PAY-12682,ORD-4903,3222,wechat,pending,09-06-2026
PAY-12683,ORD-3411,"$12,317.00",card,SUCCESS,06/04/2024
PAY-12684,ORD-12175,"$3,466.00",card,success,2026-04-19
PAY-12685,ORD-9844,"$1,519.00",wechat,pending,28-03-2024
PAY-12686,ORD-3359,"$2,990.00",COD,pending,2026-07-01
PAY-12687,ORD-12482,"$17,780.00",card,success,07/06/2025
PAY-12688,ORD-6278,3161,alipay,success,19-06-2026
PAY-12689,ORD-1479,10886,alipay,SUCCESS,13-03-2026
PAY-12690,ORD-14209,7152,card,success,19-05-2025
PAY-12691,ORD-6425,"$16,349.00",wechat,SUCCESS,2026-12-16
PAY-12692,ORD-11104,17624,card,success,09-05-2025
PAY-12693,ORD-4751,6390,COD,pending,2024-12-16
PAY-12694,ORD-11651,7003,alipay,SUCCESS,02/20/2025
PAY-12695,ORD-6785,6702,alipay,success,2025-02-07
PAY-12696,ORD-13212,"$8,251.00",card,pending,08/18/2024
PAY-12697,ORD-11222,"$17,074.00",COD,pending,11/12/2026
PAY-12698,ORD-6754,"7 224,00",wechat,success,2025-12-13
PAY-12699,ORD-6637,1850,wechat,SUCCESS,25-06-2024
PAY-12700,ORD-8353,7098,card,SUCCESS,04/26/2025
PAY-12701,ORD-526,"10 457,00",alipay,SUCCESS,2026-09-06
PAY-12702,ORD-2511,13564,wechat,success,10-06-2026
PAY-12703,ORD-9404,1664,wechat,failed,2026-03-08
PAY-12704,ORD-8093,"$18,518.00",card,success,02-09-2025
PAY-12705,ORD-2829,4497,COD,SUCCESS,2026-08-11
PAY-12706,ORD-9302,"2 466,00",alipay,SUCCESS,2026-11-18
PAY-12707,ORD-10136,"$4,850.00",alipay,pending,2025-03-11
PAY-12708,ORD-718,"3 967,00",alipay,pending,09/21/2024
PAY-12709,ORD-3154,"$12,482.00",card,success,10/15/2026
PAY-12710,ORD-11510,"$3,558.00",COD,pending,2024-01-04
PAY-12711,ORD-11423,"$5,161.00",wechat,success,08/08/2026
PAY-12712,ORD-13813,3541,COD,SUCCESS,10-10-2026
PAY-12713,ORD-12546,3340,wechat,pending,2025-02-03
PAY-12714,ORD-8634,"16 012,00",alipay,pending,2025-03-06
PAY-12715,ORD-11250,12184,wechat,SUCCESS,2026-12-20
PAY-12716,ORD-12130,"$9,066.00",COD,SUCCESS,12-06-2026
PAY-12717,ORD-4962,"$4,180.00",alipay,success,2025-08-09
PAY-12718,ORD-10186,"$2,980.00",alipay,pending,08-12-2024
PAY-12719,ORD-9289,"$7,579.00",alipay,pending,2025-06-03
PAY-12720,ORD-12030,13843,COD,success,21-10-2025
PAY-12721,ORD-9729,18675,wechat,success,2024-03-24
PAY-12722,ORD-9517,$406.00,card,SUCCESS,19-07-2024
PAY-12723,ORD-2749,"$13,479.00",wechat,success,2025-12-03
PAY-12724,ORD-12603,"$13,319.00",COD,pending,2024-06-10
PAY-12725,ORD-10966,19726,card,success,2024-05-15
PAY-12726,ORD-7590,180,COD,SUCCESS,2026-08-20
PAY-12727,ORD-7555,12504,COD,SUCCESS,12/03/2026
PAY-12728,ORD-4583,"$1,897.00",wechat,success,2025-06-01
PAY-12729,ORD-332,5771,COD,pending,10/05/2024
PAY-12730,ORD-6688,"8 248,00",card,pending,22-05-2026
PAY-12731,ORD-4668,14016,alipay,pending,2025-11-05
PAY-12732,ORD-4653,3 829,alipay,success,21-08-2024
PAY-12733,ORD-2036,3492,card,SUCCESS,2024-01-17
PAY-12734,ORD-11788,"$12,498.00",wechat,SUCCESS,09-07-2026
PAY-12735,ORD-11806,8385,card,SUCCESS,2026-12-14
PAY-12736,ORD-8771,5943,alipay,SUCCESS,2024-06-05
PAY-12737,ORD-2872,10418,wechat,success,2025-08-28
PAY-12738,ORD-10948,3 538,card,success,07/18/2026
PAY-12739,ORD-9410,"17 888,00",card,success,07-08-2024
PAY-12740,ORD-5880,16299,COD,pending,23-06-2025
PAY-12741,ORD-2085,14220,COD,success,08/22/2026
PAY-12742,ORD-6687,16546,alipay,success,2026-06-28
PAY-12743,ORD-12875,18679,alipay,SUCCESS,2026-03-04
PAY-12744,ORD-1810,14 186,card,pending,2024-04-08
PAY-12745,ORD-13966,"2 699,00",wechat,pending,01/16/2024
PAY-12746,ORD-10699,6072,alipay,SUCCESS,2024-02-03
PAY-12747,ORD-4003,"$4,057.00",COD,SUCCESS,2025-10-24
PAY-12748,ORD-3153,14866,alipay,success,2024-11-23
PAY-12749,ORD-12760,15397,COD,SUCCESS,2025-12-17
PAY-12750,ORD-3924,16171,card,SUCCESS,2025-09-01
PAY-12751,ORD-732,17307,alipay,success,06/24/2026
PAY-12752,ORD-4894,"9 661,00",COD,success,2025-07-08
PAY-12753,ORD-1397,4 826,alipay,pending,2026-09-17
PAY-12754,ORD-11352,13140,card,pending,2026-06-01
PAY-12755,ORD-5396,9792,card,SUCCESS,2026-09-07
PAY-12756,ORD-3332,"$4,008.00",COD,pending,09/13/2026
PAY-12757,ORD-2645,9808,COD,SUCCESS,2024-10-28
PAY-12758,ORD-7146,"10 090,00",wechat,pending,11/06/2026
PAY-12759,ORD-10087,17 409,card,SUCCESS,2024-01-22
PAY-12760,ORD-2816,337,alipay,success,08/07/2025
PAY-12761,ORD-11191,"$16,217.00",card,success,2024-10-09
PAY-12762,ORD-14757,11 585,alipay,SUCCESS,2024-01-06
PAY-12763,ORD-11179,"$12,616.00",wechat,failed,27-01-2026
PAY-12764,ORD-5623,"$9,002.00",COD,pending,2026-01-20
PAY-12765,ORD-12678,14246,wechat,SUCCESS,2026-07-15
PAY-12766,ORD-7416,"$3,026.00",alipay,pending,2025-07-24
PAY-12767,ORD-12975,9584,COD,pending,08-10-2025
PAY-12768,ORD-4984,"$7,740.00",card,pending,11-03-2026
PAY-12769,ORD-607,"$19,877.00",card,pending,2026-01-18
PAY-12770,ORD-5087,"$12,699.00",wechat,SUCCESS,09/11/2024
PAY-12771,ORD-13761,19502,alipay,success,10-01-2024
PAY-12772,ORD-14476,"2 245,00",card,pending,2024-08-14
PAY-12773,ORD-8367,1581,card,SUCCESS,02/09/2026
PAY-12774,ORD-2704,"$19,335.00",wechat,failed,2025-01-24
PAY-12775,ORD-9178,1772,alipay,SUCCESS,2025-06-03
PAY-12776,ORD-3722,"$16,295.00",wechat,pending,09/24/2025
PAY-12777,ORD-6613,4620,wechat,success,10/14/2025
PAY-12778,ORD-13410,"$16,859.00",alipay,pending,2024-04-10
PAY-12779,ORD-13310,6730,alipay,SUCCESS,2024-12-21
PAY-12780,ORD-13980,2747,alipay,SUCCESS,01/02/2025
PAY-12781,ORD-12623,"$18,982.00",wechat,pending,10/21/2024
PAY-12782,ORD-10788,"$15,983.00",wechat,pending,10/16/2025
PAY-12783,ORD-5326,13 466,wechat,pending,12-02-2025
PAY-12784,ORD-11801,"$6,492.00",alipay,failed,10/27/2026
PAY-12785,ORD-8248,7825,alipay,success,2026-11-17
PAY-12786,ORD-5795,"$15,516.00",wechat,pending,16-05-2026
PAY-12787,ORD-8166,15690,card,pending,04/02/2024
PAY-12788,ORD-3369,1 405,card,SUCCESS,11/13/2024
PAY-12789,ORD-5650,"$15,867.00",wechat,SUCCESS,22-09-2024
PAY-12790,ORD-5349,1956,card,SUCCESS,2024-12-26
PAY-12791,ORD-9630,6862,COD,success,12-02-2026
PAY-12792,ORD-196,"$7,771.00",card,pending,11-05-2026
PAY-12793,ORD-492,"$7,832.00",alipay,pending,2025-12-16
PAY-12794,ORD-1530,17996,wechat,success,12/13/2026
PAY-12795,ORD-7298,3781,COD,SUCCESS,04/09/2024
PAY-12796,ORD-2088,17379,wechat,SUCCESS,2025-11-06
PAY-12797,ORD-9853,6530,COD,SUCCESS,08/17/2026
PAY-12798,ORD-9211,4195,COD,pending,06/02/2026
PAY-12799,ORD-4622,11745,COD,success,2024-04-05
PAY-12800,ORD-9194,17570,card,pending,09/06/2026
PAY-12801,ORD-10353,12382,alipay,SUCCESS,2025-07-15
PAY-12802,ORD-8923,18580,COD,success,2025-04-14
PAY-12803,ORD-5509,"16 528,00",card,pending,2024-08-07
PAY-12804,ORD-3639,9144,COD,pending,2024-08-17
PAY-12805,ORD-14891,7508,COD,success,08/27/2025
PAY-12806,ORD-5004,12758,wechat,success,05/13/2026
PAY-12807,ORD-12702,4735,wechat,SUCCESS,05-12-2024
PAY-12808,ORD-12644,19654,wechat,SUCCESS,2024-03-06
PAY-12809,ORD-839,7423,COD,pending,2024-01-28
PAY-12810,ORD-4006,6504,alipay,pending,12-06-2026
PAY-12811,ORD-8778,"13 353,00",wechat,SUCCESS,2024-10-02
PAY-12812,ORD-6999,8324,COD,pending,2026-12-20
PAY-12813,ORD-4505,"$12,402.00",card,pending,01/21/2024
PAY-12814,ORD-14487,12800,alipay,SUCCESS,27-01-2025
PAY-12815,ORD-2136,3182,wechat,pending,2024-11-01
PAY-12816,ORD-7057,"$6,422.00",wechat,SUCCESS,2025-01-21
PAY-12817,ORD-6105,"2 496,00",COD,SUCCESS,2026-07-14
PAY-12818,ORD-3216,17151,alipay,SUCCESS,11-06-2026
PAY-12819,ORD-3890,12089,COD,SUCCESS,27-10-2026
PAY-12820,ORD-4983,"$14,144.00",wechat,success,06/14/2025
PAY-12821,ORD-11315,"8 224,00",wechat,SUCCESS,08/22/2025
PAY-12822,ORD-8078,17048,wechat,success,2026-03-03
PAY-12823,ORD-9280,"7 878,00",wechat,pending,2025-12-21
PAY-12824,ORD-5146,6069,COD,failed,2026-05-11
PAY-12825,ORD-6287,"$10,958.00",alipay,pending,21-04-2024
PAY-12826,ORD-9705,19343,COD,pending,02/15/2025
PAY-12827,ORD-2696,11177,wechat,success,2024-04-15
PAY-12828,ORD-3850,7 892,card,success,2026-08-04
PAY-12829,ORD-4712,5492,wechat,success,11-01-2025
PAY-12830,ORD-45,"$18,759.00",wechat,SUCCESS,10/15/2026
PAY-12831,ORD-9310,"$16,674.00",card,SUCCESS,12/08/2026
PAY-12832,ORD-13030,19 570,wechat,success,10/10/2025
PAY-12833,ORD-2788,16904,wechat,pending,2026-09-15
PAY-12834,ORD-1262,17473,alipay,SUCCESS,08-01-2024
PAY-12835,ORD-14731,"$12,381.00",wechat,success,2025-01-22
PAY-12836,ORD-3151,"4 141,00",card,SUCCESS,2024-10-08
PAY-12837,ORD-11189,16072,card,SUCCESS,02-04-2024
PAY-12838,ORD-9145,"16 066,00",COD,pending,2025-09-28
PAY-12839,ORD-3127,8067,alipay,SUCCESS,2024-11-26
PAY-12840,ORD-6238,958,wechat,success,2024-03-25
PAY-12841,ORD-12068,13122,alipay,pending,07-12-2026
PAY-12842,ORD-866,7447,wechat,pending,09/10/2026
PAY-12843,ORD-1620,18048,wechat,pending,2026-07-17
PAY-12844,ORD-4667,8 245,COD,SUCCESS,06/28/2025
PAY-12845,ORD-1492,"10 582,00",wechat,success,2026-01-16
PAY-12846,ORD-6519,17759,wechat,pending,2026-02-18
PAY-12847,ORD-10621,17155,alipay,pending,2025-12-03
PAY-12848,ORD-1765,"$2,846.00",wechat,SUCCESS,07-05-2025
PAY-12849,ORD-10711,11185,alipay,pending,07-11-2024
PAY-12850,ORD-8464,"$1,785.00",wechat,SUCCESS,27-08-2025
PAY-12851,ORD-3816,5 182,alipay,SUCCESS,01/15/2025
PAY-12852,ORD-13980,1 734,wechat,failed,12/19/2026
PAY-12853,ORD-674,12579,COD,success,2024-06-03
PAY-12854,ORD-7871,"$17,681.00",card,pending,2025-09-11
PAY-12855,ORD-1859,3566,card,success,22-05-2026
PAY-12856,ORD-9061,"$1,935.00",wechat,success,05/05/2024
PAY-12857,ORD-14545,8207,COD,pending,03-03-2024
PAY-12858,ORD-8767,10 958,COD,pending,2025-02-12
PAY-12859,ORD-13053,1059,alipay,success,2024-03-08
PAY-12860,ORD-12191,"$2,533.00",COD,SUCCESS,2024-02-23
PAY-12861,ORD-5305,9712,card,SUCCESS,2025-01-06
PAY-12862,ORD-1649,"17 601,00",COD,pending,2024-03-21
PAY-12863,ORD-14750,8055,card,SUCCESS,2024-06-11
PAY-12864,ORD-6694,7335,card,success,06/11/2024
PAY-12865,ORD-950,5380,alipay,pending,09/28/2024
PAY-12866,ORD-9676,"$6,694.00",alipay,SUCCESS,2026-03-24
PAY-12867,ORD-4280,"$12,597.00",alipay,success,2025-07-20
PAY-12868,ORD-8733,2540,wechat,SUCCESS,2026-08-17
PAY-12869,ORD-3806,2528,alipay,SUCCESS,15-07-2024
PAY-12870,ORD-6707,"$19,218.00",card,success,11/18/2024
PAY-12871,ORD-8659,"6 316,00",card,success,02/13/2024
PAY-12872,ORD-11001,5155,COD,success,2026-02-15
PAY-12873,ORD-3961,3494,card,SUCCESS,2024-05-03
PAY-12874,ORD-5783,"8 860,00",card,pending,2026-08-15
PAY-12875,ORD-6023,"$5,315.00",alipay,success,01/23/2025
PAY-12876,ORD-1583,"7 463,00",wechat,SUCCESS,2024-01-23
PAY-12877,ORD-3340,18 159,card,pending,09/13/2025
PAY-12878,ORD-14578,"$13,086.00",COD,SUCCESS,26-02-2026
PAY-12879,ORD-14812,10 307,COD,pending,2025-07-10
PAY-12880,ORD-12354,16543,COD,SUCCESS,2026-03-24
PAY-12881,ORD-10858,13366,wechat,pending,2024-12-04
PAY-12882,ORD-5284,15185,COD,success,20-08-2026
PAY-12883,ORD-3159,"$8,109.00",alipay,success,2024-11-18
PAY-12884,ORD-7587,"$15,875.00",card,pending,2024-09-21
PAY-12885,ORD-5501,"$9,471.00",COD,SUCCESS,16-12-2024
PAY-12886,ORD-9263,9170,COD,success,2026-07-07
PAY-12887,ORD-2244,11195,card,pending,09/13/2026
PAY-12888,ORD-9541,"$10,715.00",COD,SUCCESS,15-05-2026
PAY-12889,ORD-10437,10 507,COD,SUCCESS,2024-09-04
PAY-12890,ORD-14068,4187,COD,pending,07/15/2025
PAY-12891,ORD-6587,10568,card,pending,03/17/2025
PAY-12892,ORD-9594,15544,COD,pending,2025-04-17
PAY-12893,ORD-9918,17133,wechat,SUCCESS,05/21/2024
PAY-12894,ORD-12279,"$2,405.00",COD,success,10/24/2025
PAY-12895,ORD-8231,"19 977,00",COD,success,2024-06-11
PAY-12896,ORD-13168,"$12,825.00",alipay,success,2025-11-18
PAY-12897,ORD-9463,$941.00,wechat,pending,2026-02-14
PAY-12898,ORD-5172,19833,alipay,pending,2025-05-08
PAY-12899,ORD-5060,12976,COD,SUCCESS,2024-08-26
PAY-12900,ORD-4361,"$11,813.00",alipay,SUCCESS,2025-08-03
PAY-12901,ORD-2220,18030,wechat,pending,2026-01-10
PAY-12902,ORD-3228,"$1,912.00",wechat,pending,2026-02-11
PAY-12903,ORD-1470,13761,alipay,pending,19-10-2026
PAY-12904,ORD-3589,18102,COD,SUCCESS,2025-09-06
PAY-12905,ORD-11145,"$14,101.00",COD,SUCCESS,2025-06-16
PAY-12906,ORD-25,"14 885,00",COD,SUCCESS,2025-11-24
PAY-12907,ORD-9380,5 903,wechat,pending,13-03-2025
PAY-12908,ORD-13524,4841,card,success,2024-09-11
PAY-12909,ORD-8276,707,COD,failed,10/28/2024
PAY-12910,ORD-5987,"$17,467.00",alipay,success,16-07-2025
PAY-12911,ORD-8436,"$18,789.00",card,success,02/05/2024
PAY-12912,ORD-7611,12 559,wechat,pending,2025-03-09
PAY-12913,ORD-2792,3970,alipay,pending,04/16/2026
PAY-12914,ORD-14725,"$7,101.00",alipay,pending,2024-12-07
PAY-12915,ORD-11029,"$1,605.00",COD,pending,12/01/2024
PAY-12916,ORD-10250,"$8,670.00",alipay,success,2024-07-10
PAY-12917,ORD-6611,15010,card,success,02/09/2024
PAY-12918,ORD-11735,7193,wechat,SUCCESS,2026-03-16
PAY-12919,ORD-1927,"$17,304.00",card,SUCCESS,2025-01-28
PAY-12920,ORD-5360,"$12,482.00",wechat,pending,2026-05-24
PAY-12921,ORD-5317,10 952,wechat,SUCCESS,2026-05-09
PAY-12922,ORD-14079,2111,COD,success,2024-06-04
PAY-12923,ORD-9092,8 450,wechat,success,2025-04-22
PAY-12924,ORD-125,558,wechat,SUCCESS,2025-04-16
PAY-12925,ORD-4489,10397,COD,pending,10/26/2024
PAY-12926,ORD-14883,"$13,564.00",card,pending,13-01-2024
PAY-12927,ORD-1901,1589,COD,pending,07/23/2024
PAY-12928,ORD-10504,3102,COD,failed,06/13/2026
PAY-12929,ORD-1871,5 012,alipay,SUCCESS,12-06-2026
PAY-12930,ORD-2555,6349,wechat,SUCCESS,2025-02-06
PAY-12931,ORD-4239,15 760,wechat,success,08/26/2024
PAY-12932,ORD-3844,"$6,970.00",alipay,SUCCESS,2024-04-28
PAY-12933,ORD-12768,17833,card,success,08/17/2024
PAY-12934,ORD-11045,"15 411,00",COD,SUCCESS,11/13/2026
PAY-12935,ORD-2535,9 579,alipay,pending,11-05-2024
PAY-12936,ORD-12192,17157,card,success,02/03/2026
PAY-12937,ORD-14300,15197,COD,pending,2024-02-12
PAY-12938,ORD-7927,"$19,585.00",COD,pending,06/25/2024
PAY-12939,ORD-5358,"$8,422.00",wechat,pending,19-09-2024
PAY-12940,ORD-1897,14216,wechat,SUCCESS,2024-07-03
PAY-12941,ORD-3997,"19 375,00",card,success,2024-09-24
PAY-12942,ORD-12431,"$13,881.00",COD,success,2024-10-20
PAY-12943,ORD-6652,5104,card,pending,03/07/2025
PAY-12944,ORD-1620,9086,wechat,pending,03/07/2025
PAY-12945,ORD-2701,"$9,318.00",wechat,pending,28-11-2025
PAY-12946,ORD-1054,9580,alipay,pending,12/15/2025
PAY-12947,ORD-13269,11988,COD,failed,2025-06-09
PAY-12948,ORD-12967,"$17,450.00",wechat,success,07/08/2024
PAY-12949,ORD-3832,"6 392,00",COD,pending,2026-06-03
PAY-12950,ORD-4072,8126,wechat,success,01/26/2025
PAY-12951,ORD-9456,3107,alipay,pending,2026-12-12
PAY-12952,ORD-10587,13156,card,SUCCESS,05/13/2026
PAY-12953,ORD-8292,"$5,913.00",card,success,2026-09-03
PAY-12954,ORD-1299,17709,COD,SUCCESS,07/27/2025
PAY-12955,ORD-1547,6521,card,success,2024-01-10
PAY-12956,ORD-13591,"$2,591.00",card,success,06-01-2024
PAY-12957,ORD-13351,"$13,879.00",COD,success,2025-04-26
PAY-12958,ORD-455,10214,wechat,SUCCESS,2026-07-11
PAY-12959,ORD-3195,"$18,017.00",card,success,2024-11-06
PAY-12960,ORD-8833,14648,card,success,2024-03-13
PAY-12961,ORD-2564,11894,COD,pending,06-09-2026
PAY-12962,ORD-2013,"18 380,00",card,success,03/10/2026
PAY-12963,ORD-11908,3214,wechat,SUCCESS,2025-01-23
PAY-12964,ORD-10710,"15 765,00",alipay,SUCCESS,2024-08-24
PAY-12965,ORD-8455,2613,wechat,failed,2025-08-28
PAY-12966,ORD-10049,$784.00,alipay,success,2026-05-13
PAY-12967,ORD-12534,"$7,563.00",COD,pending,10/13/2025
PAY-12968,ORD-1423,"$6,457.00",COD,success,07/17/2025
PAY-12969,ORD-4593,"$17,335.00",COD,SUCCESS,2026-08-04
PAY-12970,ORD-10658,"$10,065.00",card,SUCCESS,2025-12-04
PAY-12971,ORD-3412,"$7,045.00",wechat,pending,2026-11-21
PAY-12972,ORD-8717,"$16,736.00",wechat,SUCCESS,20-03-2025
PAY-12973,ORD-10951,16484,COD,SUCCESS,2026-12-10
PAY-12974,ORD-3410,"$17,798.00",alipay,SUCCESS,21-12-2025
PAY-12975,ORD-5650,19534,card,SUCCESS,2024-04-16
PAY-12976,ORD-14080,1 023,COD,pending,08/10/2024
PAY-12977,ORD-5890,13398,wechat,success,2024-07-04
PAY-12978,ORD-1836,"$10,382.00",alipay,SUCCESS,06/20/2025
PAY-12979,ORD-7740,"6 174,00",alipay,success,2025-05-09
PAY-12980,ORD-5039,"$15,400.00",wechat,success,24-07-2024
PAY-12981,ORD-12029,"$13,177.00",card,SUCCESS,12/17/2024
PAY-12982,ORD-5019,"10 503,00",wechat,SUCCESS,02-01-2024
PAY-12983,ORD-11533,12865,wechat,pending,2026-08-28
PAY-12984,ORD-13181,11 399,card,SUCCESS,2024-08-12
PAY-12985,ORD-4028,17 128,card,pending,08-08-2025
PAY-12986,ORD-12376,10057,COD,SUCCESS,2024-02-17
PAY-12987,ORD-8025,4721,COD,success,01/25/2024
PAY-12988,ORD-8987,1 183,wechat,pending,2024-08-08
PAY-12989,ORD-8186,7823,card,SUCCESS,2024-11-17
PAY-12990,ORD-13245,14973,card,SUCCESS,2026-06-08
PAY-12991,ORD-5654,"$1,110.00",card,SUCCESS,2026-03-10
PAY-12992,ORD-5476,12198,alipay,pending,2024-03-18
PAY-12993,ORD-10065,"$14,483.00",alipay,pending,14-04-2026
PAY-12994,ORD-9809,11716,alipay,SUCCESS,2024-09-27
PAY-12995,ORD-12798,12830,COD,pending,2025-10-27
PAY-12996,ORD-9975,3 465,card,SUCCESS,2025-02-17
PAY-12997,ORD-1230,"$5,472.00",card,pending,19-10-2024
PAY-12998,ORD-12748,"$11,473.00",COD,SUCCESS,28-04-2024
PAY-12999,ORD-6822,183,wechat,SUCCESS,05/20/2024
PAY-13000,ORD-2760,15583,alipay,SUCCESS,06/21/2024
PAY-13001,ORD-4382,11053,wechat,pending,12/07/2026
PAY-13002,ORD-1310,16161,alipay,failed,12-12-2025
PAY-13003,ORD-12982,3984,card,success,16-01-2024
PAY-13004,ORD-8572,"$9,919.00",COD,SUCCESS,2024-01-17
PAY-13005,ORD-13444,3036,COD,SUCCESS,06/14/2025
PAY-13006,ORD-11377,86,COD,success,02/08/2026
PAY-13007,ORD-5306,"17 347,00",wechat,success,2026-10-07
PAY-13008,ORD-13442,19 402,card,pending,08/22/2026
PAY-13009,ORD-3495,367,wechat,pending,14-10-2025
PAY-13010,ORD-4054,12787,wechat,SUCCESS,06/26/2024
PAY-13011,ORD-8462,"$9,313.00",card,pending,12/28/2025
PAY-13012,ORD-6009,"$14,751.00",alipay,SUCCESS,2024-01-23
PAY-13013,ORD-1810,2 014,COD,SUCCESS,2025-09-24
PAY-13014,ORD-12082,13979,card,success,2026-09-28
PAY-13015,ORD-14210,"$4,997.00",wechat,success,06-01-2026
PAY-13016,ORD-7481,"4 410,00",COD,SUCCESS,2025-06-04
PAY-13017,ORD-5855,19 148,card,success,24-02-2024
PAY-13018,ORD-13657,"$14,830.00",wechat,pending,03/15/2026
PAY-13019,ORD-4206,"$17,297.00",alipay,success,06/09/2026
PAY-13020,ORD-7637,"$7,079.00",wechat,SUCCESS,2025-03-14
PAY-13021,ORD-2520,"$4,945.00",card,SUCCESS,07/05/2026
PAY-13022,ORD-11224,18769,alipay,pending,2026-09-04
PAY-13023,ORD-5774,$117.00,COD,SUCCESS,2026-08-27
PAY-13024,ORD-10877,"$13,175.00",wechat,success,2025-06-11
PAY-13025,ORD-840,"5 474,00",wechat,success,16-10-2025
PAY-13026,ORD-123,9955,card,SUCCESS,02/08/2025
PAY-13027,ORD-8959,4865,COD,pending,02-06-2026
PAY-13028,ORD-11551,12597,wechat,success,11/07/2025
PAY-13029,ORD-886,6047,card,pending,27-02-2025
PAY-13030,ORD-5488,5 532,wechat,success,07/17/2026
PAY-13031,ORD-4981,"$16,062.00",alipay,SUCCESS,2025-02-23
PAY-13032,ORD-7865,6 295,COD,success,2024-12-11
PAY-13033,ORD-13167,19213,alipay,pending,01/13/2024
PAY-13034,ORD-11975,15981,wechat,SUCCESS,10/17/2024
PAY-13035,ORD-8935,9760,card,SUCCESS,06/17/2024
PAY-13036,ORD-687,1098,card,SUCCESS,10-07-2025
PAY-13037,ORD-9871,"$15,505.00",card,success,02/15/2025
PAY-13038,ORD-8100,731,wechat,success,18-12-2025
PAY-13039,ORD-7489,$700.00,alipay,SUCCESS,2025-06-25
PAY-13040,ORD-10030,204,COD,success,09/11/2024
PAY-13041,ORD-7015,13185,COD,pending,12/09/2026
PAY-13042,ORD-8486,"2 996,00",card,SUCCESS,2025-07-16
PAY-13043,ORD-148,"8 356,00",COD,SUCCESS,01/09/2025
PAY-13044,ORD-1182,11 903,card,pending,04/27/2025
PAY-13045,ORD-12366,"8 022,00",alipay,success,2024-11-24
PAY-13046,ORD-211,19480,COD,pending,2026-09-15
PAY-13047,ORD-4207,2399,card,pending,2025-12-17
PAY-13048,ORD-11371,"$7,259.00",alipay,success,03/28/2026
PAY-13049,ORD-4331,"$1,559.00",alipay,success,17-01-2025
PAY-13050,ORD-6315,"$16,089.00",alipay,SUCCESS,02/21/2024
PAY-13051,ORD-12539,"$7,386.00",alipay,SUCCESS,2024-09-10
PAY-13052,ORD-10597,7457,COD,success,07/06/2024
PAY-13053,ORD-2676,6574,wechat,success,11-04-2025
PAY-13054,ORD-14927,"9 103,00",card,SUCCESS,2024-06-03
PAY-13055,ORD-9861,"$13,601.00",wechat,success,15-04-2024
PAY-13056,ORD-10734,18144,wechat,pending,06-10-2024
PAY-13057,ORD-4165,18553,COD,pending,25-09-2024
PAY-13058,ORD-5872,5089,COD,failed,2024-12-24
PAY-13059,ORD-10015,13790,card,success,05-09-2024
PAY-13060,ORD-12994,10566,COD,success,01/27/2025
PAY-13061,ORD-658,"$7,792.00",COD,success,2025-10-05
PAY-13062,ORD-12100,19 034,wechat,success,2025-11-07
PAY-13063,ORD-5505,"$19,699.00",COD,pending,2025-04-06
PAY-13064,ORD-1066,429,wechat,SUCCESS,01-09-2026
PAY-13065,ORD-899,1092,COD,success,03/15/2026
PAY-13066,ORD-9803,"$16,131.00",alipay,failed,2024-01-22
PAY-13067,ORD-2525,"3 810,00",wechat,SUCCESS,06/28/2025
PAY-13068,ORD-10275,1180,card,SUCCESS,23-12-2025
PAY-13069,ORD-12896,"$9,093.00",COD,success,2024-08-21
PAY-13070,ORD-12325,"$18,287.00",COD,pending,2025-07-22
PAY-13071,ORD-10626,3682,alipay,success,2024-10-27
PAY-13072,ORD-4798,"$18,211.00",alipay,SUCCESS,05-06-2024
PAY-13073,ORD-8344,"$6,883.00",alipay,pending,2025-07-21
PAY-13074,ORD-257,"$12,924.00",COD,pending,2025-06-26
PAY-13075,ORD-10088,1 346,COD,SUCCESS,2025-04-03
PAY-13076,ORD-14372,15 383,card,SUCCESS,2025-02-05
PAY-13077,ORD-5743,"$3,845.00",card,pending,2024-02-06
PAY-13078,ORD-4877,17 761,COD,SUCCESS,2026-08-25
PAY-13079,ORD-2114,2573,COD,pending,10-06-2026
PAY-13080,ORD-7579,1322,alipay,SUCCESS,2025-12-28
PAY-13081,ORD-5606,"$12,166.00",COD,pending,12/23/2026
PAY-13082,ORD-13658,8959,card,SUCCESS,05/15/2024
PAY-13083,ORD-10240,5279,COD,pending,01/05/2025
PAY-13084,ORD-324,"$16,509.00",COD,SUCCESS,07/10/2024
PAY-13085,ORD-1459,9766,wechat,SUCCESS,06/11/2024
PAY-13086,ORD-1318,14249,card,success,01/06/2025
PAY-13087,ORD-964,19806,COD,success,2026-09-25
PAY-13088,ORD-5331,"2 301,00",card,pending,2025-03-04
PAY-13089,ORD-11526,"$8,603.00",wechat,success,09/22/2024
PAY-13090,ORD-7059,"335,00",COD,pending,01/10/2025
PAY-13091,ORD-14794,"$13,428.00",alipay,success,2024-05-04
PAY-13092,ORD-5075,"$11,043.00",COD,success,2025-12-23
PAY-13093,ORD-5036,9137,alipay,SUCCESS,15-09-2025
PAY-13094,ORD-351,1647,wechat,SUCCESS,12/19/2024
PAY-13095,ORD-14320,1372,card,pending,2024-12-12
PAY-13096,ORD-14555,6 857,wechat,failed,19-03-2026
PAY-13097,ORD-1750,19402,alipay,pending,06/07/2024
PAY-13098,ORD-13364,15740,card,SUCCESS,2025-06-09
PAY-13099,ORD-2843,15700,alipay,success,10/11/2024
PAY-13100,ORD-9632,"4 260,00",wechat,pending,08/12/2026
PAY-13101,ORD-5527,11021,COD,failed,2024-12-05
PAY-13102,ORD-2408,14627,wechat,pending,02/08/2025
PAY-13103,ORD-10754,7221,wechat,success,2024-07-07
PAY-13104,ORD-10710,4 050,COD,pending,03/12/2024
PAY-13105,ORD-678,"$7,261.00",card,SUCCESS,2024-08-08
PAY-13106,ORD-1881,18 013,wechat,pending,09/01/2024
PAY-13107,ORD-2646,11616,wechat,success,2026-04-18
PAY-13108,ORD-5400,"$4,839.00",COD,SUCCESS,2026-12-13
PAY-13109,ORD-3342,"$11,055.00",card,success,2024-02-25
PAY-13110,ORD-12713,16838,wechat,success,2025-10-20
PAY-13111,ORD-6911,"7 744,00",wechat,SUCCESS,07/18/2025
PAY-13112,ORD-13950,"$11,646.00",alipay,SUCCESS,11/05/2024
PAY-13113,ORD-9493,"$11,186.00",alipay,success,10-07-2026
PAY-13114,ORD-8731,"$6,639.00",wechat,success,2024-06-27
PAY-13115,ORD-8327,16430,COD,SUCCESS,2026-09-23
PAY-13116,ORD-12475,19171,wechat,success,2025-03-14
PAY-13117,ORD-7949,9275,alipay,success,07/18/2026
PAY-13118,ORD-1816,"10 193,00",card,success,09/18/2025
PAY-13119,ORD-12175,8 153,alipay,pending,2025-07-25
PAY-13120,ORD-11661,6825,alipay,success,10/13/2024
PAY-13121,ORD-389,11 375,card,SUCCESS,09/24/2024
PAY-13122,ORD-9116,"$15,138.00",wechat,failed,2026-08-01
PAY-13123,ORD-11540,3364,wechat,pending,26-09-2025
PAY-13124,ORD-9780,"$16,998.00",wechat,SUCCESS,04-10-2025
PAY-13125,ORD-9651,$263.00,card,SUCCESS,2026-10-08
PAY-13126,ORD-13316,10081,card,pending,02/14/2024
PAY-13127,ORD-1621,10536,COD,SUCCESS,2025-07-15
PAY-13128,ORD-14375,"4 176,00",wechat,pending,2026-05-05
PAY-13129,ORD-11106,13627,card,SUCCESS,13-04-2024
PAY-13130,ORD-7332,11694,COD,success,2026-04-09
PAY-13131,ORD-12136,18947,card,pending,2026-06-04
PAY-13132,ORD-1216,2028,alipay,SUCCESS,02-06-2024
PAY-13133,ORD-10570,"$6,064.00",COD,success,2024-04-18
PAY-13134,ORD-11510,9756,alipay,SUCCESS,2025-06-24
PAY-13135,ORD-10759,15777,card,SUCCESS,2024-09-23
PAY-13136,ORD-9306,19 920,wechat,success,2025-09-20
PAY-13137,ORD-8407,"$11,418.00",wechat,pending,10/23/2026
PAY-13138,ORD-30,"$5,343.00",alipay,success,2026-05-10
PAY-13139,ORD-1819,"2 135,00",wechat,SUCCESS,13-11-2024
PAY-13140,ORD-7150,12736,alipay,pending,2024-03-16
PAY-13141,ORD-13865,6 716,COD,failed,2024-05-05
PAY-13142,ORD-9807,2 461,wechat,SUCCESS,2024-11-22
PAY-13143,ORD-10377,"19 637,00",wechat,success,2026-07-04
PAY-13144,ORD-14435,"6 387,00",card,pending,2024-02-02
PAY-13145,ORD-7910,8495,alipay,pending,2026-05-19
PAY-13146,ORD-7290,"2 796,00",wechat,success,22-03-2024
PAY-13147,ORD-8922,"$13,469.00",COD,pending,2024-08-14
PAY-13148,ORD-13524,4407,alipay,success,2025-03-03
PAY-13149,ORD-4993,1867,alipay,SUCCESS,06/15/2025
PAY-13150,ORD-2618,6 591,wechat,SUCCESS,09/10/2024
PAY-13151,ORD-13925,9 347,card,SUCCESS,2026-10-04
PAY-13152,ORD-909,2163,wechat,success,02/01/2025
PAY-13153,ORD-12407,"$14,463.00",alipay,SUCCESS,2026-02-12
PAY-13154,ORD-9549,7834,wechat,success,2026-01-03
PAY-13155,ORD-7723,8862,wechat,success,2026-09-16
PAY-13156,ORD-10250,5153,card,failed,2026-08-01
PAY-13157,ORD-9390,"$14,144.00",alipay,SUCCESS,2026-01-15
PAY-13158,ORD-4020,5645,card,success,2026-05-15
PAY-13159,ORD-7835,"13 194,00",card,success,2025-05-17
PAY-13160,ORD-6694,12428,alipay,SUCCESS,04/10/2025
PAY-13161,ORD-6582,156,alipay,SUCCESS,10/05/2026
PAY-13162,ORD-7219,"$1,450.00",card,failed,07/27/2024
PAY-13163,ORD-7359,"$16,240.00",wechat,pending,2026-04-13
PAY-13164,ORD-8690,"$7,500.00",wechat,pending,2026-03-25
PAY-13165,ORD-5958,3642,alipay,success,2025-08-04
PAY-13166,ORD-12769,3150,COD,success,03/09/2024
PAY-13167,ORD-3481,9043,wechat,pending,2025-12-24
PAY-13168,ORD-9805,"$9,761.00",COD,SUCCESS,07/25/2025
PAY-13169,ORD-98,18 491,alipay,pending,11/11/2026
PAY-13170,ORD-14412,7661,card,SUCCESS,10-07-2026
PAY-13171,ORD-5904,8 597,wechat,SUCCESS,2025-12-24
PAY-13172,ORD-11099,17358,alipay,SUCCESS,2024-03-20
PAY-13173,ORD-8210,9968,wechat,pending,2024-12-21
PAY-13174,ORD-9799,"5 830,00",alipay,success,2025-11-05
PAY-13175,ORD-13609,"$9,107.00",alipay,success,2024-01-18
PAY-13176,ORD-7797,19001,card,pending,01/11/2026
PAY-13177,ORD-3484,17 407,card,success,09/11/2024
PAY-13178,ORD-14896,10973,card,success,24-11-2024
PAY-13179,ORD-13237,1045,card,success,03-11-2024
PAY-13180,ORD-5059,"$15,877.00",alipay,SUCCESS,2025-08-10
PAY-13181,ORD-1977,1472,alipay,SUCCESS,13-11-2025
PAY-13182,ORD-8916,18973,COD,pending,2026-07-09
PAY-13183,ORD-3264,8 590,COD,pending,2024-03-28
PAY-13184,ORD-8285,13959,alipay,success,2024-12-01
PAY-13185,ORD-11994,7497,COD,SUCCESS,2025-02-28
PAY-13186,ORD-13378,"$1,445.00",alipay,SUCCESS,01/18/2025
PAY-13187,ORD-4335,11327,card,SUCCESS,02-04-2024
PAY-13188,ORD-4176,"$11,844.00",wechat,SUCCESS,2025-06-19
PAY-13189,ORD-7537,"$15,753.00",alipay,success,2024-12-16
PAY-13190,ORD-1021,"$2,499.00",wechat,success,12/07/2025
PAY-13191,ORD-14279,"9 096,00",wechat,SUCCESS,22-05-2025
PAY-13192,ORD-14050,11874,card,SUCCESS,2024-11-25
PAY-13193,ORD-12915,18 119,wechat,SUCCESS,2025-06-28
PAY-13194,ORD-6571,2800,wechat,pending,2025-01-10
PAY-13195,ORD-7226,"$12,358.00",wechat,pending,2026-02-02
PAY-13196,ORD-9463,"$4,150.00",card,failed,2026-10-25
PAY-13197,ORD-11919,4833,COD,success,02/05/2025
PAY-13198,ORD-7702,370,wechat,pending,2026-11-21
PAY-13199,ORD-12357,"2 719,00",wechat,SUCCESS,2026-11-17
PAY-13200,ORD-10854,17613,wechat,pending,2025-05-14
PAY-13201,ORD-935,19204,card,pending,2025-09-15
PAY-13202,ORD-7044,"7 629,00",alipay,SUCCESS,2024-01-21
PAY-13203,ORD-10305,13757,card,SUCCESS,08/10/2024
PAY-13204,ORD-1733,18609,COD,pending,2024-07-20
PAY-13205,ORD-3126,"$10,670.00",wechat,success,10/08/2025
PAY-13206,ORD-14161,"$12,263.00",COD,success,2024-12-21
PAY-13207,ORD-5972,"$5,284.00",wechat,success,05-12-2026
PAY-13208,ORD-12650,6184,alipay,SUCCESS,2025-12-08
PAY-13209,ORD-4136,228,alipay,pending,2025-08-07
PAY-13210,ORD-2277,"$10,436.00",alipay,success,2024-09-11
PAY-13211,ORD-5821,18811,wechat,SUCCESS,2025-09-06
PAY-13212,ORD-10432,4054,card,success,01/23/2026
PAY-13213,ORD-13825,5936,COD,success,2024-03-08
PAY-13214,ORD-9018,"$16,911.00",alipay,failed,2025-08-13
PAY-13215,ORD-10708,8815,alipay,SUCCESS,2025-04-17
PAY-13216,ORD-9754,6247,wechat,SUCCESS,03/05/2025
PAY-13217,ORD-8400,"$19,131.00",alipay,pending,2024-09-14
PAY-13218,ORD-8488,"$6,786.00",card,pending,16-12-2026
PAY-13219,ORD-6984,"7 257,00",wechat,success,2026-09-13
PAY-13220,ORD-1938,"2 766,00",COD,success,2024-10-22
PAY-13221,ORD-8370,"$16,930.00",card,success,2025-03-10
PAY-13222,ORD-13578,2 135,COD,success,08/12/2024
PAY-13223,ORD-4283,6619,card,failed,2025-04-05
PAY-13224,ORD-9134,"$12,486.00",card,SUCCESS,2025-10-09
PAY-13225,ORD-5640,15357,COD,success,2024-03-10
PAY-13226,ORD-8458,7594,COD,SUCCESS,08/28/2024
PAY-13227,ORD-11641,1 614,wechat,success,12/18/2025
PAY-13228,ORD-5993,5803,card,success,2025-03-22
PAY-13229,ORD-5181,10808,COD,success,2024-09-13
PAY-13230,ORD-12008,8 791,wechat,success,08/18/2026
PAY-13231,ORD-13789,"$14,952.00",card,success,18-12-2025
PAY-13232,ORD-827,8441,wechat,pending,2026-12-16
PAY-13233,ORD-1009,"4 753,00",wechat,SUCCESS,17-05-2025
PAY-13234,ORD-10265,19619,card,pending,11/25/2024
PAY-13235,ORD-13499,"$3,365.00",alipay,success,10/01/2024
PAY-13236,ORD-8062,5422,COD,success,2026-07-13
PAY-13237,ORD-9818,"$5,036.00",COD,success,11/01/2025
PAY-13238,ORD-13406,17 040,card,SUCCESS,25-03-2024
PAY-13239,ORD-3880,3904,alipay,SUCCESS,2025-10-13
PAY-13240,ORD-10692,13262,card,success,2026-01-16
PAY-13241,ORD-10975,1284,alipay,SUCCESS,19-01-2025
PAY-13242,ORD-6521,"18 138,00",card,SUCCESS,11/18/2025
PAY-13243,ORD-14507,10214,COD,SUCCESS,15-12-2024
PAY-13244,ORD-3915,"$14,940.00",alipay,success,2024-02-13
PAY-13245,ORD-6642,9888,card,SUCCESS,2025-07-14
PAY-13246,ORD-10567,"17 599,00",wechat,pending,03/09/2025
PAY-13247,ORD-3032,"$11,757.00",alipay,SUCCESS,2025-09-07
PAY-13248,ORD-10968,5592,wechat,success,2026-11-08
PAY-13249,ORD-5283,8658,alipay,success,2025-10-16
PAY-13250,ORD-14321,"5 448,00",wechat,SUCCESS,06/27/2025
PAY-13251,ORD-7724,3472,COD,pending,13-01-2024
PAY-13252,ORD-12346,439,wechat,SUCCESS,2025-03-20
PAY-13253,ORD-7321,2228,COD,pending,07/13/2024
PAY-13254,ORD-9360,3957,COD,SUCCESS,11/20/2025
PAY-13255,ORD-13547,10180,alipay,pending,18-01-2024
PAY-13256,ORD-8523,"$17,882.00",alipay,failed,09/11/2025
PAY-13257,ORD-8201,"$9,276.00",COD,success,2026-04-09
PAY-13258,ORD-466,9243,COD,pending,01-08-2025
PAY-13259,ORD-14481,16299,alipay,success,20-10-2025
PAY-13260,ORD-11399,1379,wechat,success,2025-01-02
PAY-13261,ORD-1991,"$8,034.00",card,pending,2024-03-13
PAY-13262,ORD-5835,1316,wechat,pending,07/11/2026
PAY-13263,ORD-382,"$8,126.00",wechat,SUCCESS,2026-12-13
PAY-13264,ORD-2067,"$10,978.00",wechat,SUCCESS,02-07-2024
PAY-13265,ORD-549,14 828,COD,success,2025-05-26
PAY-13266,ORD-7983,15522,wechat,SUCCESS,2026-08-19
PAY-13267,ORD-9135,540,wechat,failed,2024-06-19
PAY-13268,ORD-7770,4570,card,pending,2024-12-25
PAY-13269,ORD-12577,"$3,042.00",card,SUCCESS,2026-11-02
PAY-13270,ORD-11237,8338,COD,pending,09/15/2024
PAY-13271,ORD-12506,17584,wechat,failed,2026-05-08
PAY-13272,ORD-1383,"$7,591.00",wechat,pending,2026-09-27
PAY-13273,ORD-1227,6051,wechat,pending,2025-01-02
PAY-13274,ORD-4930,303,COD,pending,2025-09-22
PAY-13275,ORD-13461,14784,wechat,success,01-04-2025
PAY-13276,ORD-9872,14614,wechat,success,2026-02-18
PAY-13277,ORD-6905,7 361,wechat,success,2024-06-22
PAY-13278,ORD-11402,"16 633,00",alipay,failed,10/27/2025
PAY-13279,ORD-3173,"$11,060.00",card,pending,2024-03-04
PAY-13280,ORD-14944,10725,card,pending,04/17/2025
PAY-13281,ORD-5831,14626,COD,SUCCESS,06/05/2024
PAY-13282,ORD-9934,"$1,640.00",card,pending,06/28/2024
PAY-13283,ORD-5973,"$12,335.00",COD,pending,2026-10-28
PAY-13284,ORD-4479,"$3,587.00",wechat,SUCCESS,2025-09-23
PAY-13285,ORD-1972,17492,COD,pending,2026-07-11
PAY-13286,ORD-10990,10239,wechat,SUCCESS,2026-10-17
PAY-13287,ORD-2198,354,wechat,SUCCESS,11-11-2024
PAY-13288,ORD-3841,4642,alipay,pending,2024-04-23
PAY-13289,ORD-2048,"$16,841.00",wechat,SUCCESS,2024-05-08
PAY-13290,ORD-4859,1331,wechat,SUCCESS,2024-10-20
PAY-13291,ORD-2685,4099,alipay,pending,12/20/2026
PAY-13292,ORD-11217,"$7,522.00",wechat,pending,05/10/2024
PAY-13293,ORD-12966,"12 409,00",alipay,success,01/14/2025
PAY-13294,ORD-3065,11 126,COD,success,2024-12-21
PAY-13295,ORD-1216,2 030,alipay,SUCCESS,2026-10-16
PAY-13296,ORD-4503,"$13,518.00",alipay,SUCCESS,03/23/2025
PAY-13297,ORD-5516,"$15,033.00",alipay,failed,2025-06-01
PAY-13298,ORD-10306,"$9,365.00",COD,success,08/20/2026
PAY-13299,ORD-1297,14977,wechat,pending,02/20/2026
PAY-13300,ORD-13278,7837,alipay,SUCCESS,2026-01-26
PAY-13301,ORD-4697,"$11,132.00",COD,pending,2024-01-20
PAY-13302,ORD-1747,"$16,119.00",alipay,pending,06/02/2024
PAY-13303,ORD-14256,2430,alipay,SUCCESS,2025-02-14
PAY-13304,ORD-1271,10294,wechat,success,2026-05-03
PAY-13305,ORD-14110,9 056,card,SUCCESS,2024-07-11
PAY-13306,ORD-5399,1250,COD,success,2026-02-16
PAY-13307,ORD-3315,"$5,115.00",alipay,SUCCESS,2024-06-05
PAY-13308,ORD-10629,11030,alipay,SUCCESS,2026-08-07
PAY-13309,ORD-1245,"17 676,00",COD,SUCCESS,07/13/2026
PAY-13310,ORD-5136,12951,COD,success,2025-08-02
PAY-13311,ORD-5364,18044,wechat,pending,2025-12-20
PAY-13312,ORD-9219,$663.00,alipay,success,08/18/2025
PAY-13313,ORD-192,4 364,wechat,failed,09/13/2026
PAY-13314,ORD-690,8456,COD,failed,2024-05-09
PAY-13315,ORD-10849,17 115,COD,success,02/17/2024
PAY-13316,ORD-12691,13747,wechat,success,2026-07-07
PAY-13317,ORD-10675,"8 080,00",wechat,SUCCESS,2025-07-09
PAY-13318,ORD-3508,$442.00,card,success,2026-11-22
PAY-13319,ORD-14767,6 364,wechat,success,2025-01-03
PAY-13320,ORD-9690,"8 403,00",COD,success,01/15/2024
PAY-13321,ORD-1514,5621,COD,success,07/07/2025
PAY-13322,ORD-1261,"$1,859.00",card,pending,2024-07-17
PAY-13323,ORD-13395,"$10,013.00",COD,pending,02/21/2024
PAY-13324,ORD-12177,712,wechat,success,14-03-2025
PAY-13325,ORD-6859,9608,card,success,01/04/2024
PAY-13326,ORD-10215,"12 744,00",COD,success,2025-06-26
PAY-13327,ORD-1011,"$14,616.00",COD,pending,24-03-2024
PAY-13328,ORD-3176,"$5,542.00",card,SUCCESS,2024-03-10
PAY-13329,ORD-12227,11094,alipay,SUCCESS,2024-08-07
PAY-13330,ORD-12263,"$9,252.00",card,pending,2025-07-08
PAY-13331,ORD-8585,2713,COD,success,12-02-2025
PAY-13332,ORD-911,"$11,504.00",wechat,SUCCESS,12/07/2025
PAY-13333,ORD-4801,12218,card,success,03/12/2025
PAY-13334,ORD-11015,"$1,905.00",COD,success,2025-07-05
PAY-13335,ORD-987,11 156,wechat,pending,01/21/2025
PAY-13336,ORD-6091,3658,alipay,success,06/14/2026
PAY-13337,ORD-14032,13736,alipay,success,2024-08-16
PAY-13338,ORD-4588,"7 385,00",wechat,success,11/16/2024
PAY-13339,ORD-9699,15 398,COD,pending,2025-04-03
PAY-13340,ORD-3839,2 097,card,success,2025-06-16
PAY-13341,ORD-7456,2477,COD,pending,2026-07-07
PAY-13342,ORD-31,683,alipay,success,01/13/2024
PAY-13343,ORD-10311,"$7,393.00",alipay,pending,2024-06-07
PAY-13344,ORD-12274,"$16,196.00",COD,success,2026-04-07
PAY-13345,ORD-7290,6583,wechat,SUCCESS,2024-09-03
PAY-13346,ORD-11539,5809,COD,success,08/28/2024
PAY-13347,ORD-6469,"$1,954.00",COD,success,28-06-2024
PAY-13348,ORD-13695,5530,COD,pending,2025-02-26
PAY-13349,ORD-9740,"$2,301.00",alipay,pending,2026-05-26
PAY-13350,ORD-12396,9 791,card,pending,2026-01-26
PAY-13351,ORD-11140,7756,COD,SUCCESS,07/17/2026
PAY-13352,ORD-6376,"9 923,00",card,SUCCESS,05-07-2024
PAY-13353,ORD-13564,"$10,714.00",alipay,pending,2026-02-03
PAY-13354,ORD-733,"$4,128.00",wechat,success,06/04/2025
PAY-13355,ORD-548,1056,card,pending,06/25/2024
PAY-13356,ORD-8278,13211,COD,pending,02/03/2024
PAY-13357,ORD-13595,12263,wechat,pending,02/14/2025
PAY-13358,ORD-1934,"11 897,00",alipay,SUCCESS,06-01-2025
PAY-13359,ORD-11550,$543.00,alipay,SUCCESS,07/19/2026
PAY-13360,ORD-10745,1891,alipay,pending,19-11-2025
PAY-13361,ORD-7720,19652,alipay,success,2025-04-19
PAY-13362,ORD-7099,7572,alipay,success,10/22/2025
PAY-13363,ORD-5213,12878,wechat,success,2026-04-20
PAY-13364,ORD-9003,9522,alipay,SUCCESS,2025-06-11
PAY-13365,ORD-2024,6 834,wechat,pending,2026-12-13
PAY-13366,ORD-12193,19560,alipay,success,12/02/2025
PAY-13367,ORD-11753,3095,wechat,success,12/04/2026
PAY-13368,ORD-9501,2252,alipay,success,09/22/2025
PAY-13369,ORD-1780,912,alipay,SUCCESS,20-08-2025
PAY-13370,ORD-10255,"$5,865.00",card,success,2025-09-12
PAY-13371,ORD-10425,"$13,084.00",card,pending,07/05/2026
PAY-13372,ORD-2458,3255,COD,failed,2025-10-03
PAY-13373,ORD-12917,"$6,730.00",COD,success,04/16/2025
PAY-13374,ORD-13000,8389,COD,pending,10/06/2026
PAY-13375,ORD-12412,10716,alipay,pending,2026-07-12
PAY-13376,ORD-6908,"$5,881.00",alipay,SUCCESS,2025-10-25
PAY-13377,ORD-9793,12420,card,pending,28-05-2024
PAY-13378,ORD-1809,2356,card,SUCCESS,11/15/2024
PAY-13379,ORD-10604,"$14,050.00",card,SUCCESS,16-01-2025
PAY-13380,ORD-3436,13 257,card,SUCCESS,2026-02-20
PAY-13381,ORD-9968,6206,wechat,pending,06/23/2025
PAY-13382,ORD-5348,225,COD,pending,2024-05-12
PAY-13383,ORD-5690,2 993,alipay,success,03-06-2025
PAY-13384,ORD-11755,19740,wechat,pending,2025-07-01
PAY-13385,ORD-6389,1 756,COD,pending,21-06-2026
PAY-13386,ORD-14354,7897,alipay,SUCCESS,04/17/2024
PAY-13387,ORD-7247,"$9,187.00",card,success,2025-03-08
PAY-13388,ORD-13087,"$10,606.00",card,SUCCESS,2026-02-28
PAY-13389,ORD-2838,19713,card,SUCCESS,2024-02-18
PAY-13390,ORD-7719,3063,alipay,pending,10/24/2025
PAY-13391,ORD-7403,18044,alipay,SUCCESS,12/18/2025
PAY-13392,ORD-3619,7149,card,success,2025-07-23
PAY-13393,ORD-5332,"$14,613.00",wechat,success,27-11-2026
PAY-13394,ORD-9694,2476,COD,failed,2026-08-13
PAY-13395,ORD-269,"$16,611.00",COD,SUCCESS,12/01/2025
PAY-13396,ORD-7597,"6 958,00",card,failed,2025-03-10
PAY-13397,ORD-12943,5 858,wechat,success,2026-04-25
PAY-13398,ORD-6346,8030,alipay,success,25-07-2026
PAY-13399,ORD-13061,"$3,909.00",wechat,pending,02/20/2026
PAY-13400,ORD-13626,9583,wechat,success,22-02-2024
PAY-13401,ORD-2729,17086,COD,pending,11/16/2024
PAY-13402,ORD-3907,$166.00,alipay,pending,01/26/2024
PAY-13403,ORD-1876,"$15,511.00",card,success,2025-08-25
PAY-13404,ORD-9713,"1 095,00",card,success,08/07/2025
PAY-13405,ORD-1719,16035,wechat,SUCCESS,12/18/2026
PAY-13406,ORD-11587,"$19,401.00",wechat,pending,2026-08-09
PAY-13407,ORD-13761,"$9,655.00",wechat,failed,07/04/2026
PAY-13408,ORD-14324,"$4,462.00",wechat,pending,09/21/2026
PAY-13409,ORD-3451,"9 760,00",wechat,SUCCESS,2024-07-18
PAY-13410,ORD-10469,8 741,alipay,pending,08-02-2024
PAY-13411,ORD-7255,9540,alipay,SUCCESS,2025-09-14
PAY-13412,ORD-10337,"$7,505.00",wechat,success,12/13/2026
PAY-13413,ORD-8933,13312,alipay,success,2026-05-17
PAY-13414,ORD-9200,9 806,alipay,success,2025-10-21
PAY-13415,ORD-5207,1933,COD,success,06/01/2025
PAY-13416,ORD-7294,4493,alipay,pending,2026-07-04
PAY-13417,ORD-12594,5726,card,success,08/26/2026
PAY-13418,ORD-11999,17498,card,pending,2025-09-13
PAY-13419,ORD-8706,18564,wechat,success,2026-01-11
PAY-13420,ORD-5177,"$1,365.00",COD,pending,10/19/2026
PAY-13421,ORD-243,917,alipay,pending,2025-10-18
PAY-13422,ORD-6657,11151,card,SUCCESS,16-12-2026
PAY-13423,ORD-7031,5387,card,pending,2024-11-09
PAY-13424,ORD-9216,15733,COD,SUCCESS,2025-04-07
PAY-13425,ORD-7611,"$5,965.00",COD,pending,2024-07-10
PAY-13426,ORD-14765,"14 536,00",wechat,success,2024-01-27
PAY-13427,ORD-6863,"$1,222.00",COD,success,2026-05-18
PAY-13428,ORD-6342,"$10,767.00",alipay,pending,2024-12-17
PAY-13429,ORD-2773,632,COD,SUCCESS,2024-08-06
PAY-13430,ORD-2854,12911,wechat,pending,15-11-2024
PAY-13431,ORD-12718,15857,wechat,SUCCESS,02/17/2026
PAY-13432,ORD-8546,"$15,363.00",alipay,SUCCESS,2026-10-20
PAY-13433,ORD-12081,14582,COD,SUCCESS,22-08-2024
PAY-13434,ORD-10088,6783,wechat,success,16-11-2025
PAY-13435,ORD-8094,5751,COD,SUCCESS,10/09/2026
PAY-13436,ORD-5348,"$18,343.00",card,pending,2025-04-01
PAY-13437,ORD-13898,3562,card,pending,19-01-2025
PAY-13438,ORD-10889,12617,card,success,2024-11-25
PAY-13439,ORD-2653,"$12,464.00",COD,pending,04/10/2025
PAY-13440,ORD-12423,"5 342,00",COD,success,2026-09-13
PAY-13441,ORD-549,15773,COD,SUCCESS,2024-10-17
PAY-13442,ORD-10712,14759,wechat,pending,06/13/2024
PAY-13443,ORD-5294,11544,card,SUCCESS,02/17/2024
PAY-13444,ORD-14410,16 292,card,success,09/06/2026
PAY-13445,ORD-5646,1911,alipay,pending,26-10-2024
PAY-13446,ORD-14235,"$6,274.00",alipay,SUCCESS,03/13/2026
PAY-13447,ORD-1557,15014,alipay,SUCCESS,2025-02-07
PAY-13448,ORD-2847,"$12,909.00",alipay,pending,2026-05-21
PAY-13449,ORD-9343,19606,alipay,SUCCESS,2025-01-08
PAY-13450,ORD-14850,"6 612,00",COD,SUCCESS,2024-04-11
PAY-13451,ORD-12286,"$19,112.00",wechat,pending,2026-05-11
PAY-13452,ORD-6206,17508,wechat,success,2026-02-14
PAY-13453,ORD-5897,"$3,710.00",alipay,success,2026-08-26
PAY-13454,ORD-12649,16530,wechat,pending,08-09-2026
PAY-13455,ORD-14562,4271,wechat,success,2026-07-11
PAY-13456,ORD-12576,1716,card,pending,10/11/2025
PAY-13457,ORD-5623,$350.00,wechat,pending,11/19/2025
PAY-13458,ORD-13041,8086,card,success,2026-01-13
PAY-13459,ORD-3374,2960,wechat,pending,2025-08-10
PAY-13460,ORD-1599,"$14,609.00",wechat,success,2025-09-03
PAY-13461,ORD-3639,14967,COD,failed,20-07-2025
PAY-13462,ORD-4478,17356,card,SUCCESS,2024-04-04
PAY-13463,ORD-14147,"756,00",COD,pending,10/05/2024
PAY-13464,ORD-9497,19 406,card,SUCCESS,09-07-2025
PAY-13465,ORD-9426,"$16,504.00",alipay,SUCCESS,10/11/2026
PAY-13466,ORD-3819,"$1,575.00",alipay,failed,2025-08-22
PAY-13467,ORD-7968,4563,wechat,SUCCESS,08/04/2026
PAY-13468,ORD-3678,8269,wechat,pending,2026-09-09
PAY-13469,ORD-6485,10191,card,SUCCESS,11/02/2026
PAY-13470,ORD-2023,"17 917,00",wechat,pending,02/13/2024
PAY-13471,ORD-9004,613,COD,SUCCESS,04/16/2025
PAY-13472,ORD-1397,8 131,alipay,success,2024-01-03
PAY-13473,ORD-6076,3369,alipay,success,01-05-2025
PAY-13474,ORD-12776,"1 505,00",COD,SUCCESS,2025-08-06
PAY-13475,ORD-13725,6962,wechat,success,2026-11-28
PAY-13476,ORD-7649,5555,alipay,success,05/11/2026
PAY-13477,ORD-7222,"$6,380.00",card,pending,10/07/2026
PAY-13478,ORD-11499,"$16,039.00",COD,pending,2026-03-27
PAY-13479,ORD-6555,"$3,591.00",card,pending,28-05-2026
PAY-13480,ORD-3997,"18 731,00",card,pending,02/02/2024
PAY-13481,ORD-7771,19639,wechat,pending,10/11/2026
PAY-13482,ORD-6096,18247,alipay,SUCCESS,13-02-2026
PAY-13483,ORD-13326,9624,wechat,success,12-06-2024
PAY-13484,ORD-5726,"$11,935.00",alipay,SUCCESS,09/18/2026
PAY-13485,ORD-13802,10373,wechat,success,25-03-2025
PAY-13486,ORD-9313,"$7,877.00",wechat,pending,2024-06-19
PAY-13487,ORD-9165,13463,wechat,success,22-11-2026
PAY-13488,ORD-1249,$146.00,wechat,success,11-01-2026
PAY-13489,ORD-1463,"$1,285.00",wechat,pending,2026-04-12
PAY-13490,ORD-6070,"$13,509.00",wechat,success,2024-01-11
PAY-13491,ORD-7926,"18 939,00",card,pending,2024-07-17
PAY-13492,ORD-5362,769,card,pending,2024-10-03
PAY-13493,ORD-6489,2671,wechat,pending,11/05/2024
PAY-13494,ORD-8330,4483,card,SUCCESS,2024-12-18
PAY-13495,ORD-9347,"$1,868.00",card,SUCCESS,07/01/2026
PAY-13496,ORD-14740,6982,alipay,success,2025-10-12
PAY-13497,ORD-4205,1 507,COD,SUCCESS,2025-10-09
PAY-13498,ORD-1339,16087,wechat,failed,14-09-2025
PAY-13499,ORD-12874,14 679,card,pending,05/13/2026
PAY-13500,ORD-1862,8091,alipay,success,08/22/2026
PAY-13501,ORD-4569,6073,card,pending,2025-09-01
PAY-13502,ORD-8123,14387,COD,success,08/01/2026
PAY-13503,ORD-13130,7 490,card,SUCCESS,2024-12-11
PAY-13504,ORD-9201,"$10,393.00",card,pending,2024-06-15
PAY-13505,ORD-9529,"$6,215.00",wechat,success,08-04-2026
PAY-13506,ORD-2662,5651,COD,success,01-01-2024
PAY-13507,ORD-11534,11654,wechat,pending,2024-05-05
PAY-13508,ORD-3740,12181,card,SUCCESS,2026-06-11
PAY-13509,ORD-8971,"$11,638.00",alipay,SUCCESS,2026-05-07
PAY-13510,ORD-144,"9 913,00",wechat,SUCCESS,2024-08-12
PAY-13511,ORD-11540,"$12,132.00",wechat,pending,2024-09-20
PAY-13512,ORD-12339,"3 471,00",alipay,SUCCESS,07/05/2024
PAY-13513,ORD-13554,"$8,627.00",alipay,failed,2024-02-20
PAY-13514,ORD-11989,"$10,276.00",card,SUCCESS,28-07-2024
PAY-13515,ORD-10751,"5 656,00",alipay,failed,05/26/2024
PAY-13516,ORD-6723,18 896,alipay,SUCCESS,2026-02-12
PAY-13517,ORD-10445,"15 401,00",alipay,failed,02/14/2025
PAY-13518,ORD-12428,14 686,COD,success,2026-10-12
PAY-13519,ORD-11644,7348,COD,pending,2026-01-22
PAY-13520,ORD-11144,18438,card,SUCCESS,08/28/2026
PAY-13521,ORD-10196,2650,COD,success,21-04-2026
PAY-13522,ORD-4570,612,card,SUCCESS,06-04-2025
PAY-13523,ORD-1108,591,COD,pending,19-08-2026
PAY-13524,ORD-11709,"$18,452.00",alipay,pending,11/12/2025
PAY-13525,ORD-11909,"$10,108.00",wechat,SUCCESS,2026-10-26
PAY-13526,ORD-6074,"$13,008.00",card,SUCCESS,2026-06-07
PAY-13527,ORD-10067,7 020,card,pending,12/11/2024
PAY-13528,ORD-11280,5 483,wechat,pending,2026-06-01
PAY-13529,ORD-3500,8424,card,SUCCESS,07/11/2026
PAY-13530,ORD-5414,"$6,704.00",alipay,pending,2025-09-11
PAY-13531,ORD-11889,"$14,526.00",alipay,SUCCESS,2026-11-11
PAY-13532,ORD-14720,14270,COD,pending,2026-10-23
PAY-13533,ORD-1439,5639,wechat,SUCCESS,25-02-2026
PAY-13534,ORD-691,10184,alipay,pending,21-11-2025
PAY-13535,ORD-9638,721,COD,pending,11-06-2024
PAY-13536,ORD-14497,"16 912,00",alipay,pending,2024-09-22
PAY-13537,ORD-757,16813,wechat,success,12/13/2026
PAY-13538,ORD-5822,5 375,COD,success,26-01-2026
PAY-13539,ORD-6757,10 786,wechat,success,02/08/2026
PAY-13540,ORD-14655,1734,COD,SUCCESS,06/12/2026
PAY-13541,ORD-7914,"$6,359.00",card,failed,2026-01-22
PAY-13542,ORD-537,13935,COD,pending,2024-05-09
PAY-13543,ORD-988,13707,alipay,pending,04/12/2025
PAY-13544,ORD-7763,7690,card,SUCCESS,22-01-2026
PAY-13545,ORD-2222,"$11,218.00",card,success,2026-06-15
PAY-13546,ORD-14941,1623,card,SUCCESS,2024-04-22
PAY-13547,ORD-9933,5320,COD,pending,2026-03-01
PAY-13548,ORD-12076,3025,card,pending,10/23/2026
PAY-13549,ORD-10517,"$10,989.00",alipay,success,2026-03-08
PAY-13550,ORD-11007,"8 934,00",card,pending,2026-01-21
PAY-13551,ORD-10846,11103,card,success,09-12-2024
PAY-13552,ORD-949,17 632,wechat,success,03/05/2025
PAY-13553,ORD-13365,17820,alipay,pending,2024-04-06
PAY-13554,ORD-10788,1450,wechat,success,05/05/2026
PAY-13555,ORD-2954,"18 449,00",alipay,pending,2025-08-11
PAY-13556,ORD-1205,18997,wechat,SUCCESS,02/16/2026
PAY-13557,ORD-11865,5 497,wechat,success,23-02-2025
PAY-13558,ORD-7289,"$17,842.00",wechat,success,17-11-2025
PAY-13559,ORD-841,15216,card,SUCCESS,2025-12-07
PAY-13560,ORD-9039,"1 972,00",alipay,SUCCESS,2026-11-11
PAY-13561,ORD-14054,"12 289,00",wechat,pending,06/16/2026
PAY-13562,ORD-8559,8789,alipay,success,12-09-2025
PAY-13563,ORD-5502,8409,alipay,SUCCESS,2026-08-26
PAY-13564,ORD-3398,4519,alipay,pending,11-12-2025
PAY-13565,ORD-12204,"$4,012.00",card,pending,12/07/2024
PAY-13566,ORD-4512,"16 038,00",COD,SUCCESS,2024-08-14
PAY-13567,ORD-13896,11502,alipay,failed,2025-09-06
PAY-13568,ORD-7375,"$6,929.00",COD,success,08/14/2025
PAY-13569,ORD-5122,17588,wechat,SUCCESS,2024-06-14
PAY-13570,ORD-5836,"17 406,00",card,SUCCESS,10-04-2025
PAY-13571,ORD-11572,"$2,158.00",wechat,SUCCESS,2024-09-09
PAY-13572,ORD-1121,"$15,009.00",wechat,pending,16-06-2025
PAY-13573,ORD-2327,"$9,202.00",COD,success,09-02-2026
PAY-13574,ORD-12775,1441,COD,SUCCESS,2025-09-04
PAY-13575,ORD-5718,"$2,360.00",alipay,pending,2025-12-13
PAY-13576,ORD-3716,"$18,801.00",card,SUCCESS,11/02/2025
PAY-13577,ORD-7623,16 801,wechat,success,12/10/2026
PAY-13578,ORD-5441,1688,wechat,success,2026-09-18
PAY-13579,ORD-2782,1313,COD,SUCCESS,20-11-2024
PAY-13580,ORD-424,"$10,054.00",wechat,pending,08/10/2026
PAY-13581,ORD-10348,5558,alipay,SUCCESS,26-08-2026
PAY-13582,ORD-12436,2 006,alipay,success,2026-03-25
PAY-13583,ORD-8496,6841,wechat,failed,2025-05-11
PAY-13584,ORD-5745,5269,alipay,success,2026-07-23
PAY-13585,ORD-8975,"13 593,00",card,pending,15-06-2026
PAY-13586,ORD-12265,"$7,917.00",alipay,pending,2024-01-09
PAY-13587,ORD-3488,8801,card,pending,23-06-2024
PAY-13588,ORD-11998,9214,COD,success,23-08-2026
PAY-13589,ORD-14686,12750,alipay,success,2024-10-01
PAY-13590,ORD-14185,2338,wechat,success,06/03/2026
PAY-13591,ORD-612,$986.00,wechat,pending,2026-11-21
PAY-13592,ORD-6677,$185.00,wechat,failed,02-02-2026
PAY-13593,ORD-3234,7356,alipay,failed,2026-04-08
PAY-13594,ORD-10273,17403,card,success,06/06/2024
PAY-13595,ORD-13768,"$4,192.00",alipay,pending,25-02-2025
PAY-13596,ORD-4426,10414,COD,success,2024-06-04
PAY-13597,ORD-13471,"$17,170.00",card,success,2025-11-19
PAY-13598,ORD-14827,19806,card,success,2025-10-01
PAY-13599,ORD-12772,"3 815,00",COD,pending,12/09/2026
PAY-13600,ORD-517,19 538,COD,pending,06/16/2024
PAY-13601,ORD-9725,"3 716,00",alipay,SUCCESS,2024-03-27
PAY-13602,ORD-3544,1156,COD,success,2026-08-17
PAY-13603,ORD-5144,17294,alipay,SUCCESS,2025-03-28
PAY-13604,ORD-4631,"$7,556.00",COD,pending,07/03/2025
PAY-13605,ORD-13135,8253,card,success,2025-11-25
PAY-13606,ORD-8896,13633,card,SUCCESS,12/10/2024
PAY-13607,ORD-2916,"13 674,00",alipay,pending,06-03-2025
PAY-13608,ORD-2462,743,card,pending,01-11-2025
PAY-13609,ORD-10134,8575,wechat,pending,2024-12-08
PAY-13610,ORD-1890,"$3,437.00",card,SUCCESS,2024-11-04
PAY-13611,ORD-9599,5166,card,pending,02/15/2026
PAY-13612,ORD-595,"$16,922.00",COD,SUCCESS,2025-02-10
PAY-13613,ORD-9087,"$15,324.00",alipay,pending,2026-03-02
PAY-13614,ORD-2399,15140,COD,success,01/26/2026
PAY-13615,ORD-2170,"5 571,00",card,pending,09/09/2025
PAY-13616,ORD-5150,"$19,666.00",wechat,SUCCESS,2025-08-23
PAY-13617,ORD-14405,"$5,431.00",COD,success,25-11-2025
PAY-13618,ORD-14988,8575,wechat,SUCCESS,07-12-2025
PAY-13619,ORD-7660,"$2,623.00",alipay,pending,2026-07-11
PAY-13620,ORD-11676,"$7,520.00",card,pending,2026-06-18
PAY-13621,ORD-4938,1845,alipay,SUCCESS,03/13/2026
PAY-13622,ORD-8098,"$17,873.00",alipay,pending,12/05/2026
PAY-13623,ORD-9102,10581,COD,pending,28-11-2025
PAY-13624,ORD-1059,19007,card,pending,01-08-2024
PAY-13625,ORD-12480,"$8,073.00",wechat,SUCCESS,19-03-2025
PAY-13626,ORD-3711,416,COD,pending,12/22/2024
PAY-13627,ORD-11591,1 436,COD,success,2026-10-09
PAY-13628,ORD-251,10869,alipay,SUCCESS,14-06-2026
PAY-13629,ORD-6828,"$10,236.00",card,pending,02-03-2024
PAY-13630,ORD-7053,"$12,012.00",alipay,success,01-08-2025
PAY-13631,ORD-9220,3789,COD,SUCCESS,11/03/2026
PAY-13632,ORD-3205,"$11,175.00",card,failed,2026-01-02
PAY-13633,ORD-13904,9 718,card,SUCCESS,11/09/2025
PAY-13634,ORD-6465,3127,wechat,SUCCESS,10/19/2025
PAY-13635,ORD-7120,15235,COD,success,2024-09-26
PAY-13636,ORD-3137,7432,COD,success,2025-06-09
PAY-13637,ORD-11485,17 026,card,SUCCESS,2025-03-12
PAY-13638,ORD-1371,"8 139,00",wechat,SUCCESS,12/13/2026
PAY-13639,ORD-13836,$904.00,wechat,pending,2026-03-22
PAY-13640,ORD-6420,3780,alipay,success,03-08-2024
PAY-13641,ORD-10048,7242,COD,success,2026-12-14
PAY-13642,ORD-2175,7 463,COD,success,2025-11-26
PAY-13643,ORD-8205,"$5,709.00",wechat,pending,2026-01-11
PAY-13644,ORD-5172,18725,COD,failed,2026-07-07
PAY-13645,ORD-7392,7101,alipay,SUCCESS,2024-11-05
PAY-13646,ORD-10754,4519,alipay,success,03-04-2026
PAY-13647,ORD-8243,16494,wechat,success,2024-05-16
PAY-13648,ORD-10091,"10 817,00",card,pending,2026-12-17
PAY-13649,ORD-7047,4915,COD,success,2024-04-20
PAY-13650,ORD-2157,3642,COD,success,2025-03-01
PAY-13651,ORD-1443,1558,alipay,SUCCESS,2026-01-13
PAY-13652,ORD-8935,12765,wechat,success,08/03/2025
PAY-13653,ORD-413,19588,card,pending,01/01/2025
PAY-13654,ORD-4876,19846,card,SUCCESS,2026-07-08
PAY-13655,ORD-4110,"$14,910.00",wechat,pending,09/28/2026
PAY-13656,ORD-1192,14651,card,success,2024-07-22
PAY-13657,ORD-1750,$434.00,alipay,failed,2025-04-19
PAY-13658,ORD-14664,"$15,802.00",COD,pending,11/06/2024
PAY-13659,ORD-3844,"$4,289.00",alipay,SUCCESS,12/17/2025
PAY-13660,ORD-10531,4675,alipay,success,02/26/2024
PAY-13661,ORD-299,9 547,alipay,SUCCESS,2025-03-21
PAY-13662,ORD-10927,11869,COD,success,25-06-2025
PAY-13663,ORD-9519,8756,wechat,success,2025-06-11
PAY-13664,ORD-9747,18 334,card,success,09/18/2025
PAY-13665,ORD-9837,12 670,card,pending,09-07-2024
PAY-13666,ORD-11366,12 262,card,success,12/02/2025
PAY-13667,ORD-11717,"$6,118.00",COD,pending,2026-05-19
PAY-13668,ORD-12202,6821,alipay,SUCCESS,14-09-2026
PAY-13669,ORD-2162,"$10,168.00",COD,SUCCESS,06-06-2025
PAY-13670,ORD-14154,19208,COD,pending,2025-06-24
PAY-13671,ORD-9153,10100,card,pending,04/08/2024
PAY-13672,ORD-1003,9432,COD,pending,2024-07-21
PAY-13673,ORD-13793,"$19,555.00",alipay,pending,10/20/2026
PAY-13674,ORD-13703,798,wechat,pending,2025-12-28
PAY-13675,ORD-7388,"4 589,00",card,pending,2024-08-09
PAY-13676,ORD-3255,11380,wechat,SUCCESS,2025-09-18
PAY-13677,ORD-2926,16806,alipay,pending,12/22/2026
PAY-13678,ORD-11964,"$17,263.00",wechat,SUCCESS,2024-04-11
PAY-13679,ORD-10488,14047,wechat,pending,11/23/2025
PAY-13680,ORD-14874,3259,wechat,SUCCESS,2025-03-20
PAY-13681,ORD-948,"534,00",card,pending,08-06-2026
PAY-13682,ORD-13393,19042,alipay,pending,19-01-2026
PAY-13683,ORD-90,7520,wechat,success,2025-02-03
PAY-13684,ORD-3611,11859,COD,failed,15-02-2024
PAY-13685,ORD-5786,6881,COD,pending,2025-03-18
PAY-13686,ORD-7501,8622,COD,failed,10-11-2025
PAY-13687,ORD-8331,1767,alipay,success,24-12-2026
PAY-13688,ORD-338,"$6,690.00",alipay,pending,04/01/2024
PAY-13689,ORD-14750,"$8,920.00",COD,pending,09/18/2026
PAY-13690,ORD-13921,13972,alipay,success,06/10/2024
PAY-13691,ORD-13061,"$9,383.00",COD,SUCCESS,04-04-2026
PAY-13692,ORD-12873,1040,wechat,pending,06/01/2026
PAY-13693,ORD-7618,7296,card,success,01/22/2024
PAY-13694,ORD-5970,9230,alipay,SUCCESS,2026-01-01
PAY-13695,ORD-6569,376,wechat,pending,06/09/2026
PAY-13696,ORD-4488,17 070,COD,success,2026-04-23
PAY-13697,ORD-3276,"$10,952.00",card,pending,2025-05-21
PAY-13698,ORD-6893,4625,wechat,pending,2025-07-03
PAY-13699,ORD-12097,8457,wechat,pending,2026-12-27
PAY-13700,ORD-11891,3864,COD,pending,2026-05-18
PAY-13701,ORD-3235,15441,alipay,pending,11/04/2025
PAY-13702,ORD-1695,"2 397,00",card,pending,11/10/2026
PAY-13703,ORD-12500,$487.00,alipay,success,10-06-2025
PAY-13704,ORD-13722,19595,COD,success,2024-04-05
PAY-13705,ORD-7561,"$19,555.00",wechat,pending,05/06/2025
PAY-13706,ORD-7637,4815,wechat,success,2025-08-19
PAY-13707,ORD-2560,12809,card,SUCCESS,2025-06-18
PAY-13708,ORD-1531,14952,COD,SUCCESS,2024-05-01
PAY-13709,ORD-6382,6497,card,SUCCESS,03-06-2024
PAY-13710,ORD-545,4108,wechat,pending,2026-09-07
PAY-13711,ORD-2680,8233,wechat,pending,18-06-2025
PAY-13712,ORD-14863,"$7,039.00",card,success,12/16/2025
PAY-13713,ORD-4069,9 526,COD,pending,2024-04-10
PAY-13714,ORD-13421,11 061,card,success,03/17/2026
PAY-13715,ORD-6108,16941,COD,SUCCESS,10/07/2025
PAY-13716,ORD-9461,15179,COD,pending,2024-05-07
PAY-13717,ORD-14389,"8 958,00",COD,SUCCESS,06/07/2026
PAY-13718,ORD-3277,12098,alipay,pending,28-08-2026
PAY-13719,ORD-2698,19344,alipay,SUCCESS,02/14/2026
PAY-13720,ORD-37,"$3,202.00",alipay,success,02/24/2026
PAY-13721,ORD-3592,6 613,alipay,success,10/07/2026
PAY-13722,ORD-1194,"$6,376.00",COD,success,03/07/2025
PAY-13723,ORD-2660,"$14,098.00",card,success,2024-10-12
PAY-13724,ORD-983,"$12,568.00",COD,pending,05/19/2026
PAY-13725,ORD-11942,8 529,card,SUCCESS,01/03/2026
PAY-13726,ORD-10848,"$13,678.00",alipay,SUCCESS,01-12-2025
PAY-13727,ORD-4910,6296,card,success,10-05-2025
PAY-13728,ORD-5523,$674.00,wechat,success,2025-05-16
PAY-13729,ORD-12894,13050,COD,SUCCESS,2025-10-15
PAY-13730,ORD-149,"$11,416.00",alipay,success,2024-11-23
PAY-13731,ORD-11847,6697,COD,success,28-02-2025
PAY-13732,ORD-1688,14881,COD,success,28-07-2024
PAY-13733,ORD-1563,"14 047,00",alipay,pending,2026-10-27
PAY-13734,ORD-11324,13172,alipay,SUCCESS,2025-02-08
PAY-13735,ORD-10473,"9 150,00",wechat,success,2024-06-28
PAY-13736,ORD-2077,18374,COD,pending,2025-11-15
PAY-13737,ORD-14452,"$8,269.00",wechat,SUCCESS,06/14/2026
PAY-13738,ORD-10431,17280,alipay,pending,17-12-2025
PAY-13739,ORD-8063,"$19,335.00",COD,SUCCESS,2025-11-23
PAY-13740,ORD-5962,"$1,117.00",COD,SUCCESS,2025-11-15
PAY-13741,ORD-14002,"$17,914.00",card,success,09-12-2026
PAY-13742,ORD-11580,19920,card,pending,22-05-2025
PAY-13743,ORD-14426,15257,alipay,pending,04/10/2025
PAY-13744,ORD-12188,10546,card,success,2025-10-05
PAY-13745,ORD-11188,"$16,908.00",alipay,success,10-02-2026
PAY-13746,ORD-7649,16801,alipay,success,09/26/2025
PAY-13747,ORD-6341,8421,wechat,pending,11-01-2025
PAY-13748,ORD-9845,4785,card,pending,2026-06-18
PAY-13749,ORD-1253,"$7,504.00",card,success,2024-09-13
PAY-13750,ORD-12851,13 839,COD,failed,10-01-2024
PAY-13751,ORD-3702,"$17,631.00",wechat,success,10/26/2024
PAY-13752,ORD-13951,"$19,144.00",wechat,pending,01/21/2025
PAY-13753,ORD-1218,781,alipay,SUCCESS,06-03-2024
PAY-13754,ORD-826,2178,wechat,pending,2025-06-25
PAY-13755,ORD-12852,15943,card,SUCCESS,2025-04-10
PAY-13756,ORD-6586,10060,alipay,success,11/05/2024
PAY-13757,ORD-7355,3449,alipay,SUCCESS,26-06-2025
PAY-13758,ORD-12950,4952,alipay,SUCCESS,06/11/2025
PAY-13759,ORD-4222,"$12,300.00",COD,success,05/12/2024
PAY-13760,ORD-5261,11705,COD,success,08-09-2026
PAY-13761,ORD-10427,10311,alipay,SUCCESS,2026-09-04
PAY-13762,ORD-10673,"$8,746.00",card,SUCCESS,2024-03-25
PAY-13763,ORD-6805,18666,COD,pending,03/03/2025
PAY-13764,ORD-9159,11724,wechat,SUCCESS,2024-03-01
PAY-13765,ORD-4033,18103,COD,pending,2026-11-25
PAY-13766,ORD-6031,"$10,368.00",alipay,SUCCESS,2026-08-17
PAY-13767,ORD-9640,15 627,card,pending,2026-04-24
PAY-13768,ORD-7019,"$18,803.00",wechat,success,10/17/2026
PAY-13769,ORD-2551,441,COD,success,21-10-2024
PAY-13770,ORD-7595,"5 127,00",COD,success,04-01-2024
PAY-13771,ORD-7338,17369,COD,success,2026-01-27
PAY-13772,ORD-2002,"$5,315.00",wechat,success,15-07-2024
PAY-13773,ORD-2167,"11 148,00",alipay,pending,08/24/2026
PAY-13774,ORD-1032,2961,wechat,pending,03/12/2025
PAY-13775,ORD-14951,6451,card,SUCCESS,09/02/2025
PAY-13776,ORD-8750,1730,alipay,pending,2025-07-02
PAY-13777,ORD-14261,15735,COD,SUCCESS,01/06/2024
PAY-13778,ORD-9652,12200,COD,SUCCESS,19-05-2024
PAY-13779,ORD-2462,901,COD,SUCCESS,22-10-2026
PAY-13780,ORD-10762,"4 413,00",card,pending,28-08-2026
PAY-13781,ORD-93,$780.00,alipay,SUCCESS,2025-07-07
PAY-13782,ORD-5078,18963,wechat,pending,2026-05-23
PAY-13783,ORD-5177,16049,COD,success,10/16/2024
PAY-13784,ORD-1822,"11 249,00",alipay,pending,2024-05-13
PAY-13785,ORD-5251,13702,COD,SUCCESS,10/15/2026
PAY-13786,ORD-10064,4012,alipay,SUCCESS,06-08-2026
PAY-13787,ORD-9667,"$9,024.00",alipay,pending,09/04/2025
PAY-13788,ORD-981,8248,COD,success,2024-02-15
PAY-13789,ORD-10135,"$13,919.00",card,success,2024-05-24
PAY-13790,ORD-10400,18658,alipay,SUCCESS,01/24/2025
PAY-13791,ORD-8972,1931,wechat,success,05/19/2025
PAY-13792,ORD-5496,"13 332,00",card,SUCCESS,2026-09-05
PAY-13793,ORD-6376,"$13,743.00",COD,SUCCESS,06/15/2026
PAY-13794,ORD-13695,19 204,alipay,success,2024-06-21
PAY-13795,ORD-11869,"$4,897.00",COD,pending,23-05-2024
PAY-13796,ORD-9081,889,COD,pending,2024-06-27
PAY-13797,ORD-11147,19065,alipay,SUCCESS,07/01/2025
PAY-13798,ORD-6982,13212,card,failed,11/27/2026
PAY-13799,ORD-5235,8 910,wechat,SUCCESS,2026-02-20
PAY-13800,ORD-14756,"759,00",COD,pending,2024-10-12
PAY-13801,ORD-13411,5705,wechat,success,2025-11-06
PAY-13802,ORD-13077,6837,wechat,pending,2025-03-02
PAY-13803,ORD-8029,1832,alipay,SUCCESS,06/12/2025
PAY-13804,ORD-6236,9943,wechat,pending,07/13/2024
PAY-13805,ORD-5214,9986,COD,SUCCESS,01/16/2026
PAY-13806,ORD-8184,11889,alipay,SUCCESS,2024-08-09
PAY-13807,ORD-12542,"9 161,00",COD,SUCCESS,13-11-2025
PAY-13808,ORD-7339,18 541,COD,pending,2025-04-13
PAY-13809,ORD-11874,8356,COD,success,01/20/2025
PAY-13810,ORD-12605,12697,alipay,SUCCESS,20-09-2024
PAY-13811,ORD-11126,"10 825,00",COD,SUCCESS,03/14/2026
PAY-13812,ORD-189,2 087,COD,pending,10/04/2026
PAY-13813,ORD-1847,13726,wechat,pending,2026-09-21
PAY-13814,ORD-3224,"$10,153.00",wechat,pending,2026-11-24
PAY-13815,ORD-13393,116,card,pending,2024-12-25
PAY-13816,ORD-13310,"$6,520.00",alipay,SUCCESS,2025-01-09
PAY-13817,ORD-4138,12884,COD,pending,07/21/2025
PAY-13818,ORD-6593,9289,COD,pending,2025-06-21
PAY-13819,ORD-7127,4793,COD,failed,2025-02-24
PAY-13820,ORD-14791,10810,COD,pending,05/21/2026
PAY-13821,ORD-10380,"$3,926.00",card,success,08-09-2026
PAY-13822,ORD-7636,3487,COD,SUCCESS,2026-03-19
PAY-13823,ORD-750,"$9,598.00",COD,SUCCESS,03/11/2025
PAY-13824,ORD-3250,"$14,948.00",alipay,pending,01-11-2025
PAY-13825,ORD-13311,11 611,wechat,SUCCESS,2024-09-28
PAY-13826,ORD-6910,"$17,018.00",alipay,pending,11-06-2024
PAY-13827,ORD-2954,8234,wechat,pending,07-02-2024
PAY-13828,ORD-6708,10307,alipay,success,2026-01-15
PAY-13829,ORD-14315,"$12,184.00",card,SUCCESS,02/12/2024
PAY-13830,ORD-7785,170,wechat,SUCCESS,2025-11-16
PAY-13831,ORD-2926,12923,COD,success,09-05-2026
PAY-13832,ORD-4665,"$4,513.00",alipay,pending,07/14/2024
PAY-13833,ORD-543,12296,card,success,2025-03-22
PAY-13834,ORD-13796,10755,wechat,pending,2026-05-11
PAY-13835,ORD-7290,7773,card,SUCCESS,2025-05-04
PAY-13836,ORD-13606,4439,wechat,success,2025-12-11
PAY-13837,ORD-10187,"$19,010.00",COD,success,04/08/2024
PAY-13838,ORD-14455,"$13,650.00",card,success,01/11/2026
PAY-13839,ORD-14984,"$19,008.00",alipay,pending,2026-10-09
PAY-13840,ORD-10244,12 834,wechat,success,01-11-2025
PAY-13841,ORD-11280,18 468,wechat,failed,04-11-2025
PAY-13842,ORD-14384,"$11,825.00",wechat,failed,02/22/2025
PAY-13843,ORD-14816,"$1,820.00",alipay,SUCCESS,07/07/2025
PAY-13844,ORD-13948,14 243,card,pending,2026-02-24
PAY-13845,ORD-12964,"$14,181.00",card,failed,03/09/2026
PAY-13846,ORD-12195,17 616,COD,success,2025-01-24
PAY-13847,ORD-9813,4925,alipay,success,05/28/2024
PAY-13848,ORD-1565,19 831,COD,failed,20-05-2024
PAY-13849,ORD-9007,4423,COD,pending,2025-08-04
PAY-13850,ORD-14526,5409,alipay,SUCCESS,2026-02-09
PAY-13851,ORD-14038,"$15,004.00",alipay,pending,2025-12-09
PAY-13852,ORD-1658,"10 467,00",wechat,pending,12/04/2025
PAY-13853,ORD-14815,"$8,262.00",card,pending,2026-09-23
PAY-13854,ORD-4802,"$3,626.00",COD,success,2025-02-17
PAY-13855,ORD-8102,8533,COD,SUCCESS,2026-11-22
PAY-13856,ORD-5347,13806,wechat,SUCCESS,2026-10-26
PAY-13857,ORD-12980,5 557,COD,pending,2025-01-12
PAY-13858,ORD-13131,18 022,alipay,SUCCESS,07-11-2024
PAY-13859,ORD-10546,12748,alipay,SUCCESS,08/14/2026
PAY-13860,ORD-12954,"$17,773.00",alipay,SUCCESS,08/22/2025
PAY-13861,ORD-14364,"$11,313.00",wechat,SUCCESS,03/09/2025
PAY-13862,ORD-5993,"$6,251.00",card,pending,2026-09-27
PAY-13863,ORD-4771,"$11,404.00",alipay,pending,2026-06-21
PAY-13864,ORD-5933,"3 015,00",wechat,success,2024-10-15
PAY-13865,ORD-12530,6124,wechat,SUCCESS,2024-12-27
PAY-13866,ORD-204,16254,alipay,SUCCESS,07/15/2024
PAY-13867,ORD-9278,"18 101,00",alipay,pending,2025-10-05
PAY-13868,ORD-4333,"$8,267.00",alipay,failed,2026-12-19
PAY-13869,ORD-1756,3142,wechat,success,08-11-2024
PAY-13870,ORD-8583,552,wechat,SUCCESS,09-03-2025
PAY-13871,ORD-2214,5164,card,success,2024-08-10
PAY-13872,ORD-2107,2 905,COD,pending,2025-08-02
PAY-13873,ORD-3089,"$17,974.00",COD,success,02-02-2025
PAY-13874,ORD-4147,"$12,489.00",wechat,failed,12-05-2024
PAY-13875,ORD-13553,"13 175,00",wechat,SUCCESS,08/25/2024
PAY-13876,ORD-8215,17 174,card,success,03/14/2025
PAY-13877,ORD-4514,"$14,520.00",card,pending,2025-06-16
PAY-13878,ORD-9769,9 724,COD,success,2024-05-08
PAY-13879,ORD-2017,"$1,962.00",card,SUCCESS,2026-07-02
PAY-13880,ORD-2032,6638,COD,SUCCESS,07/19/2026
PAY-13881,ORD-3768,11292,card,SUCCESS,05/28/2026
PAY-13882,ORD-6592,"12 694,00",COD,success,04/07/2025
PAY-13883,ORD-10675,10697,COD,success,22-07-2025
PAY-13884,ORD-2551,12010,COD,pending,2024-02-19
PAY-13885,ORD-11143,14823,alipay,SUCCESS,2026-09-02
PAY-13886,ORD-11130,"$16,037.00",COD,pending,2024-11-26
PAY-13887,ORD-5645,"$2,573.00",wechat,SUCCESS,09/11/2026
PAY-13888,ORD-2624,8440,card,failed,2025-06-21
PAY-13889,ORD-6948,13335,COD,success,03/28/2026
PAY-13890,ORD-6190,"$3,319.00",wechat,success,04-03-2024
PAY-13891,ORD-23,"$15,693.00",card,SUCCESS,23-04-2024
PAY-13892,ORD-8420,"$5,133.00",alipay,success,11/11/2025
PAY-13893,ORD-5097,513,wechat,SUCCESS,2024-02-15
PAY-13894,ORD-12059,5976,wechat,success,2024-02-19
PAY-13895,ORD-11150,15396,alipay,success,2024-04-22
PAY-13896,ORD-12043,396,wechat,pending,2025-12-20
PAY-13897,ORD-12710,"$3,358.00",COD,SUCCESS,2026-05-28
PAY-13898,ORD-13713,"$7,443.00",card,success,22-07-2025
PAY-13899,ORD-5415,"3 918,00",alipay,failed,2024-04-03
PAY-13900,ORD-3535,16416,alipay,failed,03/26/2025
PAY-13901,ORD-3073,"17 622,00",COD,success,14-04-2024
PAY-13902,ORD-3532,"$18,854.00",wechat,pending,2025-03-28
PAY-13903,ORD-7121,"$18,321.00",COD,success,2025-08-12
PAY-13904,ORD-11810,4214,alipay,SUCCESS,2024-09-11
PAY-13905,ORD-13412,11 128,COD,SUCCESS,10/04/2025
PAY-13906,ORD-4830,8399,card,SUCCESS,2026-05-21
PAY-13907,ORD-8180,15063,alipay,SUCCESS,2025-02-06
PAY-13908,ORD-13055,2937,alipay,pending,06/10/2026
PAY-13909,ORD-11227,11808,card,success,2024-03-08
PAY-13910,ORD-12370,14999,alipay,success,24-07-2025
PAY-13911,ORD-7112,2597,alipay,SUCCESS,06/18/2025
PAY-13912,ORD-5442,$882.00,card,pending,04-03-2025
PAY-13913,ORD-3982,19486,card,success,05/06/2025
PAY-13914,ORD-14078,"$5,631.00",card,success,02-12-2026
PAY-13915,ORD-1092,9417,alipay,success,27-10-2024
PAY-13916,ORD-11975,"$8,231.00",COD,SUCCESS,2026-09-03
PAY-13917,ORD-254,"14 793,00",alipay,success,2025-09-08
PAY-13918,ORD-14520,"$5,026.00",card,pending,2024-07-04
PAY-13919,ORD-7467,"13 616,00",alipay,pending,2025-02-20
PAY-13920,ORD-6305,19638,wechat,SUCCESS,25-01-2025
PAY-13921,ORD-13602,"$6,878.00",alipay,SUCCESS,06/19/2025
PAY-13922,ORD-3164,3 185,alipay,success,2026-08-23
PAY-13923,ORD-10323,"$11,962.00",wechat,pending,03/13/2026
PAY-13924,ORD-3014,$612.00,wechat,SUCCESS,2024-08-17
PAY-13925,ORD-4557,17264,alipay,SUCCESS,09-12-2025
PAY-13926,ORD-7589,"$9,259.00",wechat,SUCCESS,05/01/2025
PAY-13927,ORD-2825,7513,wechat,success,06/02/2026
PAY-13928,ORD-9073,"$4,166.00",wechat,pending,2026-10-12
PAY-13929,ORD-6503,"13 327,00",wechat,success,25-02-2024
PAY-13930,ORD-14490,"$19,566.00",COD,success,17-04-2025
PAY-13931,ORD-14558,6238,alipay,SUCCESS,12/10/2026
PAY-13932,ORD-2125,"2 462,00",wechat,pending,2026-08-25
PAY-13933,ORD-12143,"$9,470.00",COD,success,2025-01-16
PAY-13934,ORD-248,"$11,278.00",alipay,success,12/16/2025
PAY-13935,ORD-12381,"4 877,00",alipay,failed,2026-10-10
PAY-13936,ORD-12414,1586,alipay,SUCCESS,2025-04-03
PAY-13937,ORD-14625,17255,alipay,pending,12/09/2025
PAY-13938,ORD-12701,"$13,721.00",card,pending,09/11/2024
PAY-13939,ORD-14412,"$8,128.00",wechat,SUCCESS,2024-05-12
PAY-13940,ORD-10911,8997,COD,success,12/12/2025
PAY-13941,ORD-12816,17143,alipay,pending,2026-03-03
PAY-13942,ORD-11431,"$14,305.00",wechat,SUCCESS,25-03-2026
PAY-13943,ORD-10746,88,card,pending,07/07/2026
PAY-13944,ORD-7179,11698,wechat,success,2024-06-17
PAY-13945,ORD-11682,"10 489,00",wechat,pending,2026-07-10
PAY-13946,ORD-9161,4 104,card,pending,2025-07-10
PAY-13947,ORD-1701,1495,alipay,failed,2024-07-17
PAY-13948,ORD-1118,10711,card,pending,2025-09-14
PAY-13949,ORD-378,18683,card,success,2024-01-07
PAY-13950,ORD-10995,"132,00",COD,pending,2025-03-21
PAY-13951,ORD-5787,"6 827,00",COD,SUCCESS,03/06/2026
PAY-13952,ORD-14948,"$5,555.00",alipay,pending,2026-04-23
PAY-13953,ORD-11317,14 561,wechat,success,03/18/2025
PAY-13954,ORD-8510,5792,card,pending,2026-08-16
PAY-13955,ORD-10059,17828,COD,SUCCESS,2024-08-04
PAY-13956,ORD-11059,"7 389,00",COD,SUCCESS,12/14/2025
PAY-13957,ORD-2527,14849,alipay,pending,25-09-2024
PAY-13958,ORD-3260,"4 893,00",alipay,SUCCESS,07/03/2025
PAY-13959,ORD-3525,"15 190,00",COD,success,08-06-2026
PAY-13960,ORD-4254,3 233,card,success,09/10/2026
PAY-13961,ORD-3966,2762,COD,success,2025-12-15
PAY-13962,ORD-13927,10459,wechat,SUCCESS,02/16/2024
PAY-13963,ORD-2626,8864,card,success,2026-09-23
PAY-13964,ORD-12195,"$6,427.00",COD,success,10-06-2026
PAY-13965,ORD-462,3101,alipay,SUCCESS,12/21/2025
PAY-13966,ORD-271,14747,card,failed,07/10/2026
PAY-13967,ORD-8344,15650,wechat,SUCCESS,07/18/2025
PAY-13968,ORD-6313,16 465,COD,success,08/21/2025
PAY-13969,ORD-11775,"$1,108.00",COD,success,12/05/2025
PAY-13970,ORD-12296,6 866,wechat,success,2026-02-18
PAY-13971,ORD-7082,15090,card,success,2025-09-05
PAY-13972,ORD-10315,"$10,267.00",COD,success,2026-11-19
PAY-13973,ORD-6722,"$11,330.00",card,SUCCESS,09/16/2025
PAY-13974,ORD-12372,4 797,alipay,SUCCESS,2026-07-13
PAY-13975,ORD-11538,"$18,863.00",COD,pending,12/12/2025
PAY-13976,ORD-14287,16350,wechat,pending,18-03-2025
PAY-13977,ORD-3648,3116,wechat,success,07/22/2024
PAY-13978,ORD-12217,"$16,904.00",alipay,success,2025-01-05
PAY-13979,ORD-346,1195,card,success,26-06-2024
PAY-13980,ORD-6051,"11 404,00",card,success,2026-08-12
PAY-13981,ORD-5164,13 552,wechat,pending,11/06/2024
PAY-13982,ORD-4533,15830,wechat,SUCCESS,09/18/2025
PAY-13983,ORD-13504,15256,card,success,02-08-2026
PAY-13984,ORD-3997,$140.00,COD,pending,2024-05-24
PAY-13985,ORD-8629,16052,wechat,SUCCESS,2026-02-10
PAY-13986,ORD-607,"$6,477.00",COD,success,22-11-2025
PAY-13987,ORD-12294,3942,alipay,SUCCESS,01/14/2026
PAY-13988,ORD-11516,11 301,COD,SUCCESS,2026-06-14
PAY-13989,ORD-6553,19 912,card,success,2025-02-05
PAY-13990,ORD-12033,557,alipay,success,08/24/2026
PAY-13991,ORD-12190,6608,alipay,SUCCESS,14-04-2025
PAY-13992,ORD-5952,5535,card,success,2026-08-05
PAY-13993,ORD-1171,4158,card,failed,12/04/2025
PAY-13994,ORD-1379,3836,card,pending,2025-04-19
PAY-13995,ORD-13100,1887,wechat,pending,2025-12-04
PAY-13996,ORD-8831,18629,alipay,success,07/04/2024
PAY-13997,ORD-6470,3172,COD,success,09-11-2026
PAY-13998,ORD-8400,13851,alipay,pending,2026-09-05
PAY-13999,ORD-14201,2642,COD,success,2024-03-24
PAY-14000,ORD-367,16860,alipay,SUCCESS,04-01-2024
PAY-14001,ORD-9729,19364,wechat,success,20-03-2025
PAY-14002,ORD-3539,16670,alipay,success,11-01-2024
PAY-14003,ORD-11134,"$12,978.00",COD,SUCCESS,2025-04-09
PAY-14004,ORD-11067,"$8,689.00",COD,pending,12-12-2025
PAY-14005,ORD-5813,"10 752,00",wechat,success,03/05/2025
PAY-14006,ORD-5856,"$18,722.00",COD,success,09/01/2026
PAY-14007,ORD-3879,"$18,108.00",wechat,pending,2024-08-05
PAY-14008,ORD-604,9858,COD,success,2024-03-08
PAY-14009,ORD-11985,17546,COD,pending,06/07/2024
PAY-14010,ORD-2020,15268,card,success,10-10-2026
PAY-14011,ORD-12312,"17 591,00",card,success,2024-10-27
PAY-14012,ORD-10215,"$5,295.00",COD,pending,2025-07-02
PAY-14013,ORD-3516,"$11,685.00",alipay,SUCCESS,06-11-2025
PAY-14014,ORD-1071,11 786,wechat,pending,2024-06-07
PAY-14015,ORD-12145,6858,COD,SUCCESS,2025-04-19
PAY-14016,ORD-336,"13 560,00",alipay,success,2024-04-21
PAY-14017,ORD-5573,"17 430,00",wechat,pending,01/06/2024
PAY-14018,ORD-2165,"17 297,00",card,SUCCESS,2026-02-21
PAY-14019,ORD-11293,"$15,891.00",wechat,SUCCESS,05-12-2025
PAY-14020,ORD-8603,13924,COD,SUCCESS,04/08/2024
PAY-14021,ORD-5557,"$15,679.00",alipay,pending,2026-07-18
PAY-14022,ORD-9200,17 807,card,success,2026-11-23
PAY-14023,ORD-4065,17715,alipay,SUCCESS,2024-07-01
PAY-14024,ORD-13632,8646,wechat,success,27-03-2025
PAY-14025,ORD-5756,6212,card,SUCCESS,2024-07-04
PAY-14026,ORD-6316,2706,card,SUCCESS,2026-03-25
PAY-14027,ORD-5286,4560,card,SUCCESS,2025-12-06
PAY-14028,ORD-6014,"7 121,00",card,success,11/26/2025
PAY-14029,ORD-2934,"9 500,00",card,pending,02-12-2025
PAY-14030,ORD-12518,"$4,772.00",COD,SUCCESS,2026-11-28
PAY-14031,ORD-12592,15381,card,failed,02/23/2024
PAY-14032,ORD-10985,14 341,card,SUCCESS,2025-09-17
PAY-14033,ORD-6834,"$5,761.00",wechat,success,2024-03-18
PAY-14034,ORD-843,"$8,440.00",wechat,SUCCESS,01-07-2024
PAY-14035,ORD-14842,15412,COD,success,12/02/2024
PAY-14036,ORD-13827,13943,COD,SUCCESS,09-09-2025
PAY-14037,ORD-5240,"$4,914.00",alipay,success,18-07-2026
PAY-14038,ORD-7881,12045,card,pending,2024-03-16
PAY-14039,ORD-888,1116,alipay,pending,2025-02-17
PAY-14040,ORD-9227,16193,wechat,failed,12/25/2026
PAY-14041,ORD-1836,"$13,711.00",card,pending,2026-07-09
PAY-14042,ORD-1184,17279,alipay,pending,2025-01-05
PAY-14043,ORD-14471,3793,wechat,SUCCESS,2026-08-09
PAY-14044,ORD-10153,"$1,302.00",COD,success,12-04-2026
PAY-14045,ORD-3009,7322,COD,success,02/11/2025
PAY-14046,ORD-4947,7045,wechat,pending,07/04/2025
PAY-14047,ORD-11437,"$9,390.00",wechat,success,2026-03-17
PAY-14048,ORD-3483,13502,COD,success,2026-12-04
PAY-14049,ORD-4545,18836,COD,pending,2025-10-19
PAY-14050,ORD-8541,6315,alipay,SUCCESS,09/23/2024
PAY-14051,ORD-6200,"$2,066.00",wechat,pending,2024-06-12
PAY-14052,ORD-1611,2 588,alipay,success,2025-01-21
PAY-14053,ORD-3608,12117,wechat,SUCCESS,2025-10-14
PAY-14054,ORD-4160,"$2,786.00",wechat,SUCCESS,2025-09-27
PAY-14055,ORD-13170,"$3,658.00",card,failed,03/08/2024
PAY-14056,ORD-413,7899,COD,failed,2024-11-26
PAY-14057,ORD-9436,"$12,862.00",alipay,pending,2025-11-14
PAY-14058,ORD-1793,"17 983,00",alipay,pending,18-01-2025
PAY-14059,ORD-10823,"$17,955.00",COD,pending,08-06-2025
PAY-14060,ORD-3571,9473,card,failed,01-03-2025
PAY-14061,ORD-7199,13997,COD,pending,2025-12-26
PAY-14062,ORD-6139,"$7,652.00",wechat,pending,2025-02-06
PAY-14063,ORD-4386,12105,card,success,10/05/2025
PAY-14064,ORD-6362,16790,alipay,pending,2025-05-02
PAY-14065,ORD-7256,12219,COD,SUCCESS,01/28/2025
PAY-14066,ORD-4698,"$3,501.00",card,success,2024-02-15
PAY-14067,ORD-14235,"7 511,00",alipay,success,2026-02-05
PAY-14068,ORD-869,12474,wechat,SUCCESS,2024-10-01
PAY-14069,ORD-9464,16752,card,success,02/23/2026
PAY-14070,ORD-2835,"$5,898.00",alipay,SUCCESS,09/13/2024
PAY-14071,ORD-8314,14181,COD,SUCCESS,27-03-2024
PAY-14072,ORD-11438,19814,COD,pending,2026-11-19
PAY-14073,ORD-5607,5829,alipay,success,01-04-2026
PAY-14074,ORD-12047,19858,wechat,SUCCESS,2024-06-01
PAY-14075,ORD-5736,"19 888,00",alipay,pending,03-11-2024
PAY-14076,ORD-4099,17071,alipay,pending,13-05-2026
PAY-14077,ORD-3635,1094,wechat,SUCCESS,2025-03-09
PAY-14078,ORD-3722,773,card,success,06/17/2025
PAY-14079,ORD-8586,19618,wechat,pending,2025-06-10
PAY-14080,ORD-14735,8911,alipay,success,03/20/2026
PAY-14081,ORD-4268,3112,alipay,pending,2026-06-25
PAY-14082,ORD-13455,"$2,193.00",card,success,08/07/2024
PAY-14083,ORD-13453,7446,wechat,pending,2025-05-02
PAY-14084,ORD-5447,"$5,372.00",wechat,failed,18-07-2026
PAY-14085,ORD-7420,"6 645,00",wechat,success,10/13/2024
PAY-14086,ORD-6283,1653,COD,success,07/12/2026
PAY-14087,ORD-5718,17470,card,success,2025-02-18
PAY-14088,ORD-9404,9816,COD,SUCCESS,06/23/2026
PAY-14089,ORD-5349,"11 510,00",COD,pending,2026-01-01
PAY-14090,ORD-11452,3345,COD,SUCCESS,2024-06-05
PAY-14091,ORD-313,14 729,card,SUCCESS,07-03-2024
PAY-14092,ORD-9122,1243,wechat,SUCCESS,2026-05-04
PAY-14093,ORD-7040,"$5,318.00",card,pending,2026-06-28
PAY-14094,ORD-13315,19883,alipay,pending,2026-06-04
PAY-14095,ORD-10542,8 881,alipay,failed,2026-07-13
PAY-14096,ORD-1144,999,COD,pending,2025-08-28
PAY-14097,ORD-11904,15 633,card,success,07/25/2024
PAY-14098,ORD-9354,2183,wechat,SUCCESS,2025-01-01
PAY-14099,ORD-13479,16807,alipay,success,2024-02-06
PAY-14100,ORD-10052,9058,COD,success,2025-06-14
PAY-14101,ORD-192,4 620,alipay,pending,2026-10-21
PAY-14102,ORD-10519,"17 758,00",alipay,SUCCESS,2026-01-22
PAY-14103,ORD-12520,"15 970,00",alipay,success,2024-12-13
PAY-14104,ORD-8986,5 867,card,SUCCESS,11/16/2024
PAY-14105,ORD-14195,"$9,422.00",COD,pending,2025-04-22
PAY-14106,ORD-12055,17162,COD,SUCCESS,2026-02-28
PAY-14107,ORD-8807,14201,wechat,SUCCESS,01/06/2025
PAY-14108,ORD-2348,4542,wechat,SUCCESS,2026-04-21
PAY-14109,ORD-7189,4412,COD,pending,19-03-2024
PAY-14110,ORD-5291,"$12,821.00",COD,SUCCESS,2025-04-23
PAY-14111,ORD-10871,"$14,634.00",card,success,2026-11-06
PAY-14112,ORD-14044,12628,COD,SUCCESS,2025-10-07
PAY-14113,ORD-161,"11 581,00",card,failed,2025-05-12
PAY-14114,ORD-8445,"$18,147.00",card,pending,02/17/2026
PAY-14115,ORD-11439,"$3,650.00",wechat,pending,08/16/2024
PAY-14116,ORD-6937,"$7,442.00",card,success,2026-05-17
PAY-14117,ORD-2930,16715,wechat,SUCCESS,01/16/2025
PAY-14118,ORD-1814,"13 461,00",COD,pending,24-09-2026
PAY-14119,ORD-12439,1772,alipay,success,01/10/2025
PAY-14120,ORD-2659,"11 176,00",alipay,SUCCESS,04/02/2024
PAY-14121,ORD-3423,"$19,418.00",wechat,pending,2025-11-21
PAY-14122,ORD-1935,$552.00,card,pending,05/15/2024
PAY-14123,ORD-9136,9677,card,pending,2025-12-04
PAY-14124,ORD-5320,3180,card,success,2025-04-19
PAY-14125,ORD-3584,6 391,alipay,pending,12-08-2025
PAY-14126,ORD-1005,6357,alipay,success,2026-01-27
PAY-14127,ORD-9576,"$9,289.00",COD,SUCCESS,2025-11-11
PAY-14128,ORD-13546,15052,alipay,pending,2025-11-09
PAY-14129,ORD-12508,15078,COD,failed,02/13/2024
PAY-14130,ORD-11992,"1 784,00",alipay,success,2025-11-25
PAY-14131,ORD-9489,10607,alipay,success,02/23/2025
PAY-14132,ORD-142,3512,COD,pending,2025-03-01
PAY-14133,ORD-13455,4427,card,success,18-08-2025
PAY-14134,ORD-10874,13 888,COD,failed,2024-04-13
PAY-14135,ORD-8730,9202,COD,SUCCESS,2026-07-09
PAY-14136,ORD-13068,7898,wechat,SUCCESS,2024-05-08
PAY-14137,ORD-2766,19356,card,success,2025-11-28
PAY-14138,ORD-9804,15851,COD,SUCCESS,2025-05-23
PAY-14139,ORD-7810,"$14,975.00",alipay,SUCCESS,2024-03-20
PAY-14140,ORD-1124,3615,card,pending,12/03/2025
PAY-14141,ORD-114,"$19,753.00",alipay,success,10/05/2025
PAY-14142,ORD-2173,2186,COD,success,03/08/2026
PAY-14143,ORD-13264,8568,COD,pending,11/16/2026
PAY-14144,ORD-672,14706,wechat,pending,2025-10-14
PAY-14145,ORD-12232,5 491,alipay,failed,12-12-2024
PAY-14146,ORD-6549,10 736,COD,success,21-02-2026
PAY-14147,ORD-2919,6892,COD,SUCCESS,24-09-2024
PAY-14148,ORD-5194,19078,wechat,SUCCESS,2025-11-14
PAY-14149,ORD-8306,"$6,386.00",COD,pending,03/17/2026
PAY-14150,ORD-13219,8902,card,failed,09/26/2025
PAY-14151,ORD-9123,"$13,138.00",wechat,success,2025-04-21
PAY-14152,ORD-5791,"$8,753.00",COD,pending,2026-09-17
PAY-14153,ORD-2407,"$18,287.00",alipay,SUCCESS,2026-06-19
PAY-14154,ORD-13757,"3 524,00",COD,success,2025-01-11
PAY-14155,ORD-11403,5329,alipay,pending,2026-07-07
PAY-14156,ORD-12263,14084,alipay,SUCCESS,20-03-2026
PAY-14157,ORD-1099,"$13,716.00",COD,success,2024-09-24
PAY-14158,ORD-4272,"$7,968.00",alipay,pending,2025-08-14
PAY-14159,ORD-6008,"3 366,00",COD,SUCCESS,07/03/2026
PAY-14160,ORD-7869,3608,alipay,pending,2025-03-13
PAY-14161,ORD-2384,18439,alipay,SUCCESS,12/10/2025
PAY-14162,ORD-6674,11528,COD,success,2026-08-20
PAY-14163,ORD-4857,7645,COD,pending,2026-11-04
PAY-14164,ORD-7644,"$12,816.00",COD,pending,06/11/2024
PAY-14165,ORD-11899,16203,COD,success,09/05/2024
PAY-14166,ORD-713,6334,card,pending,04-04-2026
PAY-14167,ORD-14259,10293,alipay,success,07/26/2026
PAY-14168,ORD-13405,12 709,wechat,pending,2024-05-19
PAY-14169,ORD-11319,"$4,702.00",alipay,success,03/18/2026
PAY-14170,ORD-14158,17 993,card,failed,08/13/2024
PAY-14171,ORD-10180,4278,card,pending,2026-03-10
PAY-14172,ORD-6693,"5 164,00",wechat,success,2025-05-22
PAY-14173,ORD-9920,"940,00",alipay,SUCCESS,09/22/2026
PAY-14174,ORD-10121,"$17,016.00",COD,SUCCESS,18-03-2025
PAY-14175,ORD-9739,"$19,224.00",COD,pending,05/25/2024
PAY-14176,ORD-14225,14 674,alipay,failed,07/23/2024
PAY-14177,ORD-12571,7335,alipay,SUCCESS,04-03-2026
PAY-14178,ORD-9091,"$9,718.00",wechat,pending,2024-12-17
PAY-14179,ORD-11098,$218.00,wechat,success,2024-09-27
PAY-14180,ORD-4410,"$13,919.00",COD,SUCCESS,2024-01-12
PAY-14181,ORD-2585,15222,COD,success,01/02/2025
PAY-14182,ORD-1009,"$7,545.00",alipay,success,2024-12-06
PAY-14183,ORD-6146,12780,COD,SUCCESS,08-12-2024
PAY-14184,ORD-2863,857,card,pending,22-03-2025
PAY-14185,ORD-11508,"18 949,00",card,failed,06/19/2025
PAY-14186,ORD-1580,15 062,COD,SUCCESS,01/18/2026
PAY-14187,ORD-1662,15663,wechat,success,2026-09-19
PAY-14188,ORD-4002,"$4,518.00",alipay,success,2025-05-16
PAY-14189,ORD-8734,12840,COD,SUCCESS,02-10-2026
PAY-14190,ORD-14549,"$1,352.00",card,success,07/18/2026
PAY-14191,ORD-8928,5 219,COD,pending,2025-09-16
PAY-14192,ORD-161,6984,wechat,success,2026-04-12
PAY-14193,ORD-6256,19 541,card,success,27-03-2024
PAY-14194,ORD-10632,16926,card,SUCCESS,2024-11-07
PAY-14195,ORD-1497,"$16,395.00",card,pending,05/15/2025
PAY-14196,ORD-9271,8161,card,SUCCESS,2024-02-28
PAY-14197,ORD-197,2655,COD,pending,02/11/2026
PAY-14198,ORD-12757,10324,wechat,success,2026-07-27
PAY-14199,ORD-12810,19396,COD,success,2026-01-19
PAY-14200,ORD-5193,"$15,599.00",card,SUCCESS,2025-04-18
PAY-14201,ORD-3044,18671,card,success,2025-01-11
PAY-14202,ORD-9294,9 273,wechat,SUCCESS,2025-11-14
PAY-14203,ORD-3900,"$16,032.00",alipay,pending,02/08/2026
PAY-14204,ORD-5190,"$18,466.00",alipay,pending,2025-04-27
PAY-14205,ORD-2104,19234,alipay,success,09/01/2025
PAY-14206,ORD-2994,14 829,wechat,SUCCESS,2026-03-15
PAY-14207,ORD-5913,12921,wechat,pending,08/21/2026
PAY-14208,ORD-1277,14693,COD,success,07/26/2025
PAY-14209,ORD-1714,"$6,548.00",alipay,success,03-04-2026
PAY-14210,ORD-5176,"$5,508.00",COD,SUCCESS,2025-11-04
PAY-14211,ORD-12643,"$14,673.00",COD,pending,03-03-2025
PAY-14212,ORD-10278,16805,wechat,success,02/10/2025
PAY-14213,ORD-4712,"$13,137.00",alipay,SUCCESS,02/16/2024
PAY-14214,ORD-10975,16673,COD,SUCCESS,2024-11-20
PAY-14215,ORD-4814,15226,alipay,SUCCESS,2025-01-28
PAY-14216,ORD-2199,"7 227,00",alipay,pending,16-12-2025
PAY-14217,ORD-2409,19219,card,success,2025-12-26
PAY-14218,ORD-6823,10217,COD,success,12/01/2025
PAY-14219,ORD-574,"$11,818.00",card,pending,2026-02-24
PAY-14220,ORD-10759,"$9,136.00",wechat,SUCCESS,2024-11-08
PAY-14221,ORD-407,471,COD,success,2025-06-15
PAY-14222,ORD-3764,4577,alipay,pending,24-10-2026
PAY-14223,ORD-14639,15106,card,success,2024-08-21
PAY-14224,ORD-9449,8659,alipay,SUCCESS,2026-08-13
PAY-14225,ORD-6176,3 562,card,pending,08/25/2024
PAY-14226,ORD-11740,1 382,card,success,10/10/2024
PAY-14227,ORD-1565,"11 318,00",wechat,pending,03/27/2026
PAY-14228,ORD-9273,"$5,476.00",wechat,success,02-09-2026
PAY-14229,ORD-7156,7156,card,SUCCESS,2024-08-04
PAY-14230,ORD-6881,"1 533,00",COD,pending,16-11-2026
PAY-14231,ORD-14612,"$7,116.00",alipay,SUCCESS,2026-10-01
PAY-14232,ORD-7318,18573,card,SUCCESS,2026-02-09
PAY-14233,ORD-7784,11 652,wechat,success,20-10-2026
PAY-14234,ORD-4719,"$15,140.00",wechat,pending,02/28/2026
PAY-14235,ORD-12581,1948,COD,failed,26-12-2024
PAY-14236,ORD-12391,4648,alipay,success,07/14/2024
PAY-14237,ORD-436,817,alipay,success,01/28/2025
PAY-14238,ORD-13746,"$8,787.00",COD,success,14-09-2026
PAY-14239,ORD-12016,4 970,wechat,SUCCESS,2024-05-10
PAY-14240,ORD-10501,168,alipay,success,2026-01-25
PAY-14241,ORD-10224,376,card,success,07/14/2026
PAY-14242,ORD-11561,14580,alipay,success,08-09-2025
PAY-14243,ORD-14634,11067,COD,success,2025-12-01
PAY-14244,ORD-6600,"$4,842.00",wechat,SUCCESS,23-03-2024
PAY-14245,ORD-5307,"$17,406.00",card,pending,2025-03-23
PAY-14246,ORD-11014,"$2,866.00",card,success,2025-05-11
PAY-14247,ORD-2068,12163,alipay,success,12/26/2025
PAY-14248,ORD-7326,19456,card,success,09-02-2025
PAY-14249,ORD-14992,6346,alipay,pending,02/14/2024
PAY-14250,ORD-5615,"$3,953.00",COD,SUCCESS,20-03-2024
PAY-14251,ORD-9975,"$2,280.00",card,pending,2024-05-21
PAY-14252,ORD-11975,"$5,754.00",COD,pending,2026-04-08
PAY-14253,ORD-5323,2860,wechat,SUCCESS,01/27/2025
PAY-14254,ORD-8914,"$13,348.00",wechat,pending,2026-01-15
PAY-14255,ORD-478,2 290,alipay,success,2025-08-26
PAY-14256,ORD-8351,17053,card,success,03/22/2025
PAY-14257,ORD-4056,19333,COD,pending,04/04/2024
PAY-14258,ORD-10613,"$8,511.00",alipay,SUCCESS,11-05-2024
PAY-14259,ORD-9643,1133,alipay,success,10/16/2024
PAY-14260,ORD-10944,2135,COD,SUCCESS,05-08-2024
PAY-14261,ORD-10809,17496,alipay,SUCCESS,2025-11-21
PAY-14262,ORD-7723,$771.00,alipay,SUCCESS,15-08-2025
PAY-14263,ORD-5414,4391,COD,success,2024-05-15
PAY-14264,ORD-3164,1613,wechat,SUCCESS,10/10/2025
PAY-14265,ORD-6029,"$1,870.00",wechat,SUCCESS,2026-10-23
PAY-14266,ORD-9886,13467,alipay,success,06/02/2024
PAY-14267,ORD-2975,"$9,070.00",alipay,success,2026-11-02
PAY-14268,ORD-9138,12329,COD,SUCCESS,2025-03-05
PAY-14269,ORD-1166,2 921,wechat,success,12/04/2024
PAY-14270,ORD-13391,13330,card,pending,01-06-2024
PAY-14271,ORD-8139,3106,card,SUCCESS,2026-06-02
PAY-14272,ORD-4791,"12 750,00",COD,success,11-03-2026
PAY-14273,ORD-1413,12693,card,SUCCESS,2025-08-14
PAY-14274,ORD-12756,"$9,682.00",card,success,2024-08-20
PAY-14275,ORD-3505,"$6,457.00",COD,pending,2026-09-20
PAY-14276,ORD-205,17797,wechat,SUCCESS,2024-06-01
PAY-14277,ORD-14334,6773,COD,success,2024-02-14
PAY-14278,ORD-788,4068,wechat,success,2026-06-28
PAY-14279,ORD-13711,2434,alipay,pending,08/15/2024
PAY-14280,ORD-7558,9 617,alipay,pending,2026-05-04
PAY-14281,ORD-5516,"$6,300.00",alipay,SUCCESS,2024-07-22
PAY-14282,ORD-2378,"$14,096.00",COD,pending,17-02-2026
PAY-14283,ORD-12555,"$12,414.00",alipay,SUCCESS,10/24/2025
PAY-14284,ORD-3819,15101,COD,SUCCESS,04/18/2026
PAY-14285,ORD-2161,"$8,040.00",alipay,SUCCESS,2025-03-12
PAY-14286,ORD-12453,18221,COD,pending,2026-02-13
PAY-14287,ORD-11186,16256,wechat,SUCCESS,12/21/2026
PAY-14288,ORD-13687,"$13,338.00",COD,success,2025-04-05
PAY-14289,ORD-12558,11319,COD,success,2025-09-28
PAY-14290,ORD-7170,18456,COD,pending,2025-08-04
PAY-14291,ORD-3459,"$3,878.00",wechat,SUCCESS,2026-11-02
PAY-14292,ORD-7640,13375,alipay,success,2025-06-10
PAY-14293,ORD-4543,18 821,wechat,success,01/08/2026
PAY-14294,ORD-52,"$5,273.00",wechat,pending,2024-08-07
PAY-14295,ORD-5672,19 086,wechat,success,2025-10-09
PAY-14296,ORD-5952,"2 432,00",card,SUCCESS,08/24/2025
PAY-14297,ORD-11235,10484,COD,SUCCESS,2025-11-24
PAY-14298,ORD-2530,"$16,591.00",COD,success,2024-06-02
PAY-14299,ORD-12429,"$5,963.00",card,success,07-06-2024
PAY-14300,ORD-1444,17497,card,SUCCESS,2024-08-03
PAY-14301,ORD-2415,"7 032,00",alipay,success,2024-02-06
PAY-14302,ORD-6748,"$4,617.00",wechat,pending,18-04-2024
PAY-14303,ORD-10341,4879,COD,success,2024-12-15
PAY-14304,ORD-11333,9271,card,success,22-06-2025
PAY-14305,ORD-3967,"$14,339.00",wechat,pending,2025-06-13
PAY-14306,ORD-13935,1497,wechat,SUCCESS,09/24/2026
PAY-14307,ORD-299,12480,alipay,SUCCESS,15-04-2024
PAY-14308,ORD-4389,"$11,043.00",card,failed,2026-03-05
PAY-14309,ORD-73,11622,card,pending,2026-09-27
PAY-14310,ORD-14247,"10 032,00",wechat,pending,12/01/2026
PAY-14311,ORD-2325,"$15,634.00",card,pending,2025-11-12
PAY-14312,ORD-12508,8404,COD,SUCCESS,2025-04-02
PAY-14313,ORD-5135,"$14,586.00",wechat,success,2026-11-08
PAY-14314,ORD-7045,"$15,688.00",card,success,2024-03-11
PAY-14315,ORD-6589,"$14,163.00",wechat,SUCCESS,2024-02-09
PAY-14316,ORD-12885,$432.00,card,success,2025-06-05
PAY-14317,ORD-12063,"$5,657.00",COD,SUCCESS,2025-09-10
PAY-14318,ORD-13645,3 515,card,success,27-06-2025
PAY-14319,ORD-1654,9842,COD,SUCCESS,13-03-2024
PAY-14320,ORD-2032,16228,alipay,pending,04/21/2026
PAY-14321,ORD-11422,13964,card,SUCCESS,2024-02-17
PAY-14322,ORD-12147,14639,alipay,success,02/25/2025
PAY-14323,ORD-1935,"$13,783.00",COD,SUCCESS,2024-05-22
PAY-14324,ORD-14775,7802,alipay,pending,09-08-2026
PAY-14325,ORD-8878,"$12,078.00",wechat,success,09/21/2025
PAY-14326,ORD-1671,"19 819,00",card,success,07-12-2025
PAY-14327,ORD-1619,"9 234,00",alipay,pending,27-06-2024
PAY-14328,ORD-6529,"15 753,00",alipay,success,2025-05-11
PAY-14329,ORD-12177,"4 980,00",alipay,SUCCESS,03-01-2025
PAY-14330,ORD-11332,1877,card,success,2025-08-16
PAY-14331,ORD-656,7294,COD,success,2026-01-13
PAY-14332,ORD-5911,7215,card,SUCCESS,2024-05-20
PAY-14333,ORD-8369,9333,alipay,success,08/16/2026
PAY-14334,ORD-11918,"$2,778.00",COD,pending,2026-11-10
PAY-14335,ORD-8348,"$9,823.00",alipay,pending,22-11-2025
PAY-14336,ORD-12925,364,COD,SUCCESS,2024-03-11
PAY-14337,ORD-11121,16078,COD,success,04/04/2026
PAY-14338,ORD-11660,"$7,929.00",alipay,success,12/28/2025
PAY-14339,ORD-722,"16 373,00",COD,pending,2026-12-05
PAY-14340,ORD-3191,"$8,377.00",card,success,07/06/2025
PAY-14341,ORD-6852,14 103,COD,pending,07-04-2024
PAY-14342,ORD-5675,3590,alipay,failed,03/17/2025
PAY-14343,ORD-7565,17893,card,success,03-10-2025
PAY-14344,ORD-6115,"8 079,00",card,pending,2025-12-07
PAY-14345,ORD-8998,"$19,529.00",alipay,success,2024-08-06
PAY-14346,ORD-12614,"$8,338.00",alipay,success,2025-06-20
PAY-14347,ORD-3453,10 632,alipay,success,02/06/2024
PAY-14348,ORD-4829,"$6,029.00",wechat,success,2025-12-22
PAY-14349,ORD-5036,"$9,228.00",wechat,pending,2024-04-17
PAY-14350,ORD-8354,12618,COD,SUCCESS,2024-03-20
PAY-14351,ORD-488,11631,COD,success,2025-04-27
PAY-14352,ORD-6993,14686,alipay,success,2024-01-12
PAY-14353,ORD-3619,"8 262,00",alipay,success,2026-02-26
PAY-14354,ORD-14143,6449,card,SUCCESS,2024-03-13
PAY-14355,ORD-5009,"$18,404.00",COD,success,2025-03-01
PAY-14356,ORD-14628,"$7,811.00",alipay,SUCCESS,2026-11-17
PAY-14357,ORD-987,13415,wechat,failed,2025-02-09
PAY-14358,ORD-12477,12606,COD,pending,2025-11-16
PAY-14359,ORD-5994,"19 392,00",COD,SUCCESS,03-07-2026
PAY-14360,ORD-12762,16291,alipay,SUCCESS,2024-01-02
PAY-14361,ORD-9300,19351,COD,pending,03/18/2026
PAY-14362,ORD-5642,"$12,448.00",COD,SUCCESS,08/25/2025
PAY-14363,ORD-7997,14908,COD,SUCCESS,04/21/2024
PAY-14364,ORD-5414,"4 377,00",alipay,success,01-03-2026
PAY-14365,ORD-9192,13 504,wechat,pending,2026-07-26
PAY-14366,ORD-1038,"$6,447.00",alipay,success,06/25/2024
PAY-14367,ORD-6603,16044,card,pending,2025-02-03
PAY-14368,ORD-11294,"12 086,00",card,pending,12/21/2025
PAY-14369,ORD-9651,"$6,726.00",wechat,SUCCESS,25-04-2025
PAY-14370,ORD-2513,"$8,641.00",alipay,pending,06/26/2025
PAY-14371,ORD-1702,"$2,975.00",alipay,SUCCESS,2025-12-23
PAY-14372,ORD-4864,"$1,249.00",card,SUCCESS,04-05-2024
PAY-14373,ORD-13959,"8 050,00",COD,SUCCESS,04/17/2025
PAY-14374,ORD-6955,2 683,COD,success,16-05-2026
PAY-14375,ORD-811,"$2,348.00",wechat,SUCCESS,2024-07-14
PAY-14376,ORD-1684,"4 971,00",wechat,pending,04/19/2025
PAY-14377,ORD-3534,"$9,926.00",COD,success,2025-11-06
PAY-14378,ORD-7759,"$9,122.00",wechat,SUCCESS,09/10/2024
PAY-14379,ORD-7544,4689,wechat,success,2025-08-06
PAY-14380,ORD-2431,13277,alipay,success,2024-09-01
PAY-14381,ORD-2084,14 529,card,SUCCESS,2024-05-03
PAY-14382,ORD-495,"$7,439.00",COD,failed,2026-02-11
PAY-14383,ORD-85,7904,wechat,pending,2026-08-21
PAY-14384,ORD-5018,19993,wechat,pending,09/23/2025
PAY-14385,ORD-597,"$11,091.00",wechat,success,02/12/2025
PAY-14386,ORD-8959,14508,wechat,pending,2025-06-04
PAY-14387,ORD-3977,7295,card,success,23-07-2026
PAY-14388,ORD-2492,5357,alipay,success,04/12/2026
PAY-14389,ORD-1675,"$17,752.00",alipay,SUCCESS,06/04/2025
PAY-14390,ORD-5220,15 865,card,pending,12/18/2026
PAY-14391,ORD-14607,6644,card,success,2024-03-21
PAY-14392,ORD-185,7488,card,success,2025-02-23
PAY-14393,ORD-11890,17297,alipay,SUCCESS,2024-09-03
PAY-14394,ORD-14669,17121,COD,pending,2024-12-16
PAY-14395,ORD-58,14664,COD,failed,05-12-2026
PAY-14396,ORD-4271,5 576,card,success,10-07-2026
PAY-14397,ORD-1926,"$14,868.00",wechat,success,2025-11-23
PAY-14398,ORD-13047,15088,COD,pending,11-08-2024
PAY-14399,ORD-14337,5 376,alipay,pending,2024-01-04
PAY-14400,ORD-6736,173,alipay,success,2026-01-21
PAY-14401,ORD-11685,"$14,885.00",card,failed,2026-10-08
PAY-14402,ORD-4079,"$15,471.00",alipay,success,11/09/2024
PAY-14403,ORD-6425,14545,COD,success,2024-05-25
PAY-14404,ORD-742,12274,alipay,failed,10/01/2024
PAY-14405,ORD-8671,$289.00,COD,pending,2024-06-08
PAY-14406,ORD-8438,15889,COD,SUCCESS,05/03/2026
PAY-14407,ORD-13127,"$2,782.00",card,SUCCESS,2026-09-04
PAY-14408,ORD-431,17710,COD,SUCCESS,2024-09-10
PAY-14409,ORD-574,11255,alipay,SUCCESS,26-09-2026
PAY-14410,ORD-7720,"$12,949.00",COD,pending,12/19/2024
PAY-14411,ORD-8392,17 911,alipay,success,17-06-2024
PAY-14412,ORD-3868,5507,COD,failed,2026-08-12
PAY-14413,ORD-10905,"$14,569.00",wechat,pending,04/16/2024
PAY-14414,ORD-4633,"10 267,00",alipay,success,11/16/2024
PAY-14415,ORD-14446,3005,COD,pending,2026-10-01
PAY-14416,ORD-7326,19587,COD,SUCCESS,05-01-2026
PAY-14417,ORD-2365,11028,card,success,01/03/2024
PAY-14418,ORD-9237,18689,wechat,success,2024-06-17
PAY-14419,ORD-6721,11 512,card,pending,13-01-2024
PAY-14420,ORD-14122,"$19,638.00",wechat,SUCCESS,2026-06-01
PAY-14421,ORD-6396,3643,card,success,2025-08-01
PAY-14422,ORD-6049,$173.00,card,success,09/23/2025
PAY-14423,ORD-7440,5453,COD,pending,23-10-2024
PAY-14424,ORD-2312,"$6,523.00",wechat,success,17-10-2026
PAY-14425,ORD-7977,"$19,406.00",card,pending,2024-11-18
PAY-14426,ORD-9235,14290,wechat,success,14-03-2025
PAY-14427,ORD-14358,1755,alipay,failed,2026-07-20
PAY-14428,ORD-8114,8849,wechat,success,05/23/2024
PAY-14429,ORD-14577,7756,alipay,SUCCESS,2026-03-22
PAY-14430,ORD-10347,4606,wechat,failed,08/27/2024
PAY-14431,ORD-4723,18008,COD,SUCCESS,2024-03-23
PAY-14432,ORD-14210,"$16,050.00",COD,success,2026-10-01
PAY-14433,ORD-14161,"$8,670.00",card,SUCCESS,01/05/2026
PAY-14434,ORD-2518,5 278,card,success,2025-04-10
PAY-14435,ORD-11386,11996,COD,pending,2025-12-04
PAY-14436,ORD-6549,"$2,280.00",card,pending,2026-08-26
PAY-14437,ORD-271,"$17,001.00",COD,SUCCESS,2025-08-12
PAY-14438,ORD-4328,"7 634,00",wechat,success,2025-09-19
PAY-14439,ORD-12474,3 964,COD,success,08-02-2025
PAY-14440,ORD-13172,"10 925,00",card,SUCCESS,01-07-2025
PAY-14441,ORD-8567,"$6,083.00",card,success,2024-10-08
PAY-14442,ORD-2191,"$14,753.00",wechat,SUCCESS,2026-02-26
PAY-14443,ORD-1868,"$19,048.00",card,success,23-03-2026
PAY-14444,ORD-8084,15519,alipay,success,04/04/2026
PAY-14445,ORD-8362,"$1,801.00",COD,success,01/02/2024
PAY-14446,ORD-807,"$15,872.00",wechat,SUCCESS,2026-01-06
PAY-14447,ORD-4378,"$5,431.00",alipay,SUCCESS,07/28/2024
PAY-14448,ORD-14228,8956,COD,success,2024-08-15
PAY-14449,ORD-3234,"17 726,00",COD,success,2024-05-26
PAY-14450,ORD-5528,16045,wechat,pending,22-05-2025
PAY-14451,ORD-4119,"2 704,00",COD,SUCCESS,05/28/2025
PAY-14452,ORD-4730,"4 120,00",wechat,pending,2026-11-21
PAY-14453,ORD-7206,"$13,604.00",wechat,SUCCESS,2025-06-02
PAY-14454,ORD-5887,8914,COD,SUCCESS,10/22/2025
PAY-14455,ORD-11629,"$7,618.00",COD,SUCCESS,2024-02-28
PAY-14456,ORD-7259,7847,card,success,24-08-2025
PAY-14457,ORD-223,8 881,alipay,SUCCESS,11/02/2025
PAY-14458,ORD-4761,"$15,992.00",COD,success,18-07-2025
PAY-14459,ORD-14233,6 841,card,SUCCESS,2024-12-26
PAY-14460,ORD-13321,14450,wechat,pending,05-04-2026
PAY-14461,ORD-915,7562,wechat,success,2026-09-03
PAY-14462,ORD-8121,14898,card,SUCCESS,2024-03-15
PAY-14463,ORD-10375,"$15,857.00",wechat,success,16-08-2025
PAY-14464,ORD-6590,19422,alipay,pending,2025-09-23
PAY-14465,ORD-8790,19055,COD,pending,09/12/2025
PAY-14466,ORD-3852,"$17,725.00",card,pending,18-11-2025
PAY-14467,ORD-9824,4599,card,success,07/17/2024
PAY-14468,ORD-1622,"$16,576.00",COD,SUCCESS,04/04/2024
PAY-14469,ORD-13657,"$2,680.00",alipay,SUCCESS,2026-01-28
PAY-14470,ORD-12444,15503,COD,SUCCESS,04/06/2026
PAY-14471,ORD-4082,18200,COD,pending,07-11-2026
PAY-14472,ORD-8129,16845,COD,success,2025-02-09
PAY-14473,ORD-8561,16514,card,success,12/08/2025
PAY-14474,ORD-3959,"7 979,00",card,pending,25-11-2025
PAY-14475,ORD-6079,7105,card,success,05/06/2024
PAY-14476,ORD-11876,15459,wechat,pending,2025-04-12
PAY-14477,ORD-11975,8482,card,pending,08-07-2026
PAY-14478,ORD-5010,"$18,995.00",wechat,success,2026-06-20
PAY-14479,ORD-7461,9 585,COD,pending,27-12-2026
PAY-14480,ORD-14823,9017,alipay,SUCCESS,2026-11-09
PAY-14481,ORD-194,4767,alipay,success,2026-07-02
PAY-14482,ORD-7696,8575,alipay,pending,2024-08-06
PAY-14483,ORD-1522,"$16,970.00",COD,SUCCESS,2026-05-06
PAY-14484,ORD-11626,2337,wechat,pending,2026-05-22
PAY-14485,ORD-11799,"$17,181.00",card,pending,2024-10-10
PAY-14486,ORD-14525,2382,alipay,success,01/27/2024
PAY-14487,ORD-6024,6529,card,pending,07/14/2026
PAY-14488,ORD-11507,3118,wechat,success,13-07-2025
PAY-14489,ORD-3156,13166,card,success,2024-12-06
PAY-14490,ORD-7702,"$17,953.00",alipay,success,2025-02-05
PAY-14491,ORD-11162,"$12,825.00",wechat,SUCCESS,10/25/2024
PAY-14492,ORD-1435,7 446,COD,SUCCESS,01/02/2024
PAY-14493,ORD-10796,3319,COD,SUCCESS,2025-12-28
PAY-14494,ORD-106,"$18,761.00",card,pending,14-03-2026
PAY-14495,ORD-7696,"$6,029.00",alipay,pending,21-05-2024
PAY-14496,ORD-8453,2710,wechat,success,26-04-2026
PAY-14497,ORD-12356,$518.00,card,SUCCESS,07-01-2026
PAY-14498,ORD-10936,1872,wechat,SUCCESS,12/26/2024
PAY-14499,ORD-5811,"1 501,00",COD,SUCCESS,03/20/2026
PAY-14500,ORD-14291,"$13,544.00",wechat,pending,08/28/2025
PAY-14501,ORD-10003,"$11,830.00",wechat,SUCCESS,01/21/2025
PAY-14502,ORD-5587,"$10,510.00",COD,SUCCESS,2025-05-28
PAY-14503,ORD-11718,12 871,card,SUCCESS,06/10/2026
PAY-14504,ORD-421,3333,COD,SUCCESS,02/07/2024
PAY-14505,ORD-12062,"$5,921.00",wechat,SUCCESS,2024-02-22
PAY-14506,ORD-5477,"9 921,00",wechat,pending,2026-05-07
PAY-14507,ORD-27,19923,wechat,success,2024-05-28
PAY-14508,ORD-1797,"$3,320.00",alipay,SUCCESS,26-12-2024
PAY-14509,ORD-2211,7639,COD,pending,01-07-2026
PAY-14510,ORD-9437,9476,COD,success,2026-05-16
PAY-14511,ORD-369,"11 017,00",COD,success,18-02-2024
PAY-14512,ORD-12635,"16 102,00",COD,SUCCESS,02/11/2024
PAY-14513,ORD-3908,"$18,166.00",card,success,2024-01-25
PAY-14514,ORD-5274,708,COD,pending,2024-10-19
PAY-14515,ORD-8137,"4 037,00",alipay,success,12/28/2024
PAY-14516,ORD-14594,"$6,166.00",card,pending,2025-06-18
PAY-14517,ORD-4943,8718,COD,success,2025-02-18
PAY-14518,ORD-737,"$14,061.00",COD,failed,2025-09-06
PAY-14519,ORD-6819,"10 464,00",COD,SUCCESS,2026-04-22
PAY-14520,ORD-8938,15 976,COD,SUCCESS,03-08-2026
PAY-14521,ORD-7198,"$14,908.00",card,pending,06-12-2024
PAY-14522,ORD-4566,15 815,alipay,pending,2026-06-12
PAY-14523,ORD-4302,11240,wechat,success,06/03/2025
PAY-14524,ORD-14620,10876,COD,success,2026-09-08
PAY-14525,ORD-5944,$306.00,COD,pending,2024-05-18
PAY-14526,ORD-5609,17200,wechat,SUCCESS,2025-08-08
PAY-14527,ORD-12552,7110,wechat,SUCCESS,28-10-2024
PAY-14528,ORD-2533,11232,card,pending,2024-03-23
PAY-14529,ORD-2356,19215,card,SUCCESS,03/26/2026
PAY-14530,ORD-6866,"13 223,00",wechat,SUCCESS,01-09-2026
PAY-14531,ORD-11738,16802,alipay,SUCCESS,28-03-2025
PAY-14532,ORD-12444,"$18,832.00",alipay,success,2026-05-10
PAY-14533,ORD-13819,"$4,950.00",COD,SUCCESS,05/26/2026
PAY-14534,ORD-3215,"$11,405.00",alipay,success,20-04-2026
PAY-14535,ORD-5958,5498,card,success,07/10/2025
PAY-14536,ORD-5627,"$14,616.00",alipay,pending,03/22/2025
PAY-14537,ORD-12046,"$3,324.00",COD,success,2026-03-08
PAY-14538,ORD-773,17068,COD,SUCCESS,2024-12-08
PAY-14539,ORD-5961,14 112,COD,pending,10/01/2025
PAY-14540,ORD-10912,14594,wechat,success,2025-01-05
PAY-14541,ORD-292,"$13,271.00",card,pending,2025-08-20
PAY-14542,ORD-4920,9746,COD,pending,06-11-2025
PAY-14543,ORD-13918,17829,wechat,success,02/03/2024
PAY-14544,ORD-6954,12 422,card,pending,2024-06-04
PAY-14545,ORD-10527,4585,card,pending,2025-11-28
PAY-14546,ORD-1818,17 623,COD,pending,06/10/2025
PAY-14547,ORD-12031,9846,COD,SUCCESS,2026-09-27
PAY-14548,ORD-6021,1067,alipay,success,09/03/2026
PAY-14549,ORD-12368,18015,alipay,success,2024-10-25
PAY-14550,ORD-4935,16312,COD,SUCCESS,2026-01-23
PAY-14551,ORD-5532,"$8,264.00",wechat,SUCCESS,12/04/2025
PAY-14552,ORD-5762,"19 957,00",alipay,success,2026-04-14
PAY-14553,ORD-10227,"$9,160.00",COD,success,2024-06-22
PAY-14554,ORD-2313,18012,COD,success,2024-05-20
PAY-14555,ORD-10587,"$11,690.00",alipay,SUCCESS,2026-05-12
PAY-14556,ORD-1082,2300,alipay,SUCCESS,2025-08-09
PAY-14557,ORD-12511,12965,card,pending,01/13/2024
PAY-14558,ORD-2852,5217,alipay,SUCCESS,03/16/2024
PAY-14559,ORD-14384,"$11,577.00",COD,SUCCESS,2024-12-24
PAY-14560,ORD-10804,"7 214,00",COD,pending,2024-12-23
PAY-14561,ORD-7026,"$13,740.00",wechat,failed,2026-03-16
PAY-14562,ORD-14849,8013,COD,SUCCESS,08-02-2025
PAY-14563,ORD-11133,"19 530,00",COD,SUCCESS,08/19/2026
PAY-14564,ORD-6051,"19 934,00",COD,pending,02/18/2025
PAY-14565,ORD-3879,17994,COD,success,2026-08-27
PAY-14566,ORD-6962,18475,alipay,pending,2025-04-06
PAY-14567,ORD-11711,"200,00",COD,SUCCESS,11/15/2026
PAY-14568,ORD-13310,"$19,050.00",card,pending,16-06-2026
PAY-14569,ORD-11874,"$14,990.00",COD,success,2026-07-17
PAY-14570,ORD-5000,9281,wechat,pending,05/24/2024
PAY-14571,ORD-11139,14300,wechat,success,05-01-2025
PAY-14572,ORD-13834,6394,COD,failed,16-11-2025
PAY-14573,ORD-9766,"16 545,00",card,pending,2024-09-22
PAY-14574,ORD-7745,13 833,card,pending,27-12-2025
PAY-14575,ORD-14334,"$7,132.00",COD,success,02-01-2024
PAY-14576,ORD-9287,"3 001,00",alipay,SUCCESS,15-03-2024
PAY-14577,ORD-2313,"$17,137.00",wechat,failed,2024-01-23
PAY-14578,ORD-1387,"$17,006.00",wechat,success,06/13/2024
PAY-14579,ORD-7795,13724,wechat,success,2025-05-24
PAY-14580,ORD-11294,"$11,464.00",COD,success,2025-05-22
PAY-14581,ORD-12998,"17 883,00",wechat,SUCCESS,14-09-2025
PAY-14582,ORD-7628,"11 446,00",alipay,success,23-07-2025
PAY-14583,ORD-3914,"$1,979.00",wechat,pending,09/14/2026
PAY-14584,ORD-12780,"$6,670.00",card,pending,2024-10-17
PAY-14585,ORD-8434,1918,alipay,success,2025-10-07
PAY-14586,ORD-3034,388,COD,SUCCESS,2025-01-15
PAY-14587,ORD-8481,6437,COD,pending,03-04-2026
PAY-14588,ORD-11219,"929,00",wechat,failed,18-07-2024
PAY-14589,ORD-2272,$984.00,alipay,SUCCESS,2024-09-18
PAY-14590,ORD-6100,"$13,043.00",alipay,failed,2024-11-09
PAY-14591,ORD-1317,"581,00",COD,SUCCESS,07/17/2024
PAY-14592,ORD-8328,9833,alipay,pending,2024-08-18
PAY-14593,ORD-2504,4035,COD,success,2025-04-22
PAY-14594,ORD-2224,13190,alipay,success,04/25/2025
PAY-14595,ORD-14684,8780,card,pending,2024-02-11
PAY-14596,ORD-2711,12073,COD,pending,2024-06-09
PAY-14597,ORD-4764,"$10,190.00",COD,success,2026-09-13
PAY-14598,ORD-9410,3201,wechat,SUCCESS,2024-02-27
PAY-14599,ORD-12182,18714,alipay,success,19-11-2025
PAY-14600,ORD-7465,7440,COD,SUCCESS,2024-10-06
PAY-14601,ORD-2504,"$11,435.00",wechat,success,2024-10-08
PAY-14602,ORD-7676,"13 290,00",wechat,pending,03/19/2026
PAY-14603,ORD-14844,"$1,126.00",alipay,success,2024-04-26
PAY-14604,ORD-8461,"$12,278.00",wechat,SUCCESS,09/04/2025
PAY-14605,ORD-13789,2791,COD,success,19-05-2026
PAY-14606,ORD-2938,12442,wechat,SUCCESS,06/21/2025
PAY-14607,ORD-9479,"$18,777.00",card,success,2024-12-04
PAY-14608,ORD-4938,"3 979,00",alipay,success,06-02-2026
PAY-14609,ORD-12172,"$5,032.00",wechat,success,10/26/2026
PAY-14610,ORD-10294,"1 966,00",card,SUCCESS,23-01-2025
PAY-14611,ORD-9609,"$16,409.00",card,pending,02/14/2025
PAY-14612,ORD-8908,"$12,272.00",COD,SUCCESS,2024-11-22
PAY-14613,ORD-4121,10801,wechat,success,2025-10-14
PAY-14614,ORD-13784,1410,COD,success,07-08-2024
PAY-14615,ORD-12975,"$7,159.00",COD,SUCCESS,2024-11-25
PAY-14616,ORD-3851,9956,alipay,pending,2025-07-05
PAY-14617,ORD-198,16779,COD,success,2024-01-08
PAY-14618,ORD-13432,2216,wechat,success,2024-10-15
PAY-14619,ORD-11832,1291,card,pending,2025-10-27
PAY-14620,ORD-1616,"$6,902.00",card,success,03/08/2024
PAY-14621,ORD-8063,"13 301,00",alipay,SUCCESS,11/13/2024
PAY-14622,ORD-692,3770,alipay,pending,2026-03-21
PAY-14623,ORD-14980,1 570,alipay,success,16-03-2026
PAY-14624,ORD-4263,"$9,054.00",card,pending,2024-02-27
PAY-14625,ORD-4459,5659,wechat,failed,2024-12-11
PAY-14626,ORD-10406,16068,card,SUCCESS,2026-02-12
PAY-14627,ORD-12830,6342,alipay,pending,2025-05-19
PAY-14628,ORD-7552,"$17,000.00",wechat,SUCCESS,2025-09-03
PAY-14629,ORD-12004,19822,COD,pending,2025-12-13
PAY-14630,ORD-6104,"$7,354.00",alipay,pending,2024-04-09
PAY-14631,ORD-6348,$828.00,wechat,SUCCESS,02/23/2026
PAY-14632,ORD-11836,"$9,928.00",alipay,success,03-11-2025
PAY-14633,ORD-7775,"5 132,00",card,pending,03/14/2026
PAY-14634,ORD-8012,884,card,success,15-07-2024
PAY-14635,ORD-3885,"$15,547.00",wechat,SUCCESS,28-03-2024
PAY-14636,ORD-399,16822,alipay,SUCCESS,2026-10-16
PAY-14637,ORD-4333,8380,COD,pending,2026-01-27
PAY-14638,ORD-6388,15911,card,success,08/13/2024
PAY-14639,ORD-2534,11241,wechat,success,2026-08-22
PAY-14640,ORD-9864,"$17,912.00",wechat,SUCCESS,04/04/2026
PAY-14641,ORD-3345,3812,card,pending,2024-12-27
PAY-14642,ORD-8524,16 027,COD,pending,03/05/2024
PAY-14643,ORD-1805,12046,alipay,SUCCESS,2026-11-16
PAY-14644,ORD-14453,"$16,154.00",wechat,pending,25-01-2025
PAY-14645,ORD-1152,"13 831,00",alipay,success,09/05/2026
PAY-14646,ORD-12754,3 181,COD,pending,02/19/2025
PAY-14647,ORD-11036,"$11,872.00",COD,pending,11/25/2025
PAY-14648,ORD-3662,"18 029,00",wechat,pending,2025-08-07
PAY-14649,ORD-12296,"$12,081.00",wechat,success,15-09-2025
PAY-14650,ORD-3776,"$18,366.00",COD,success,2024-07-13
PAY-14651,ORD-9697,"$17,306.00",COD,pending,19-06-2024
PAY-14652,ORD-8161,"$16,409.00",card,failed,2026-10-28
PAY-14653,ORD-9952,2555,alipay,success,2025-05-02
PAY-14654,ORD-8193,18 330,COD,pending,2026-09-27
PAY-14655,ORD-1186,"$6,431.00",COD,success,09/25/2024
PAY-14656,ORD-12050,8680,COD,pending,09/07/2026
PAY-14657,ORD-12430,"$11,072.00",alipay,pending,2024-03-11
PAY-14658,ORD-8578,13990,alipay,success,2025-05-25
PAY-14659,ORD-11548,2412,alipay,failed,05/18/2024
PAY-14660,ORD-9775,"$14,723.00",COD,success,2026-11-24
PAY-14661,ORD-632,14394,COD,success,11/15/2025
PAY-14662,ORD-11618,14953,wechat,pending,2025-07-12
PAY-14663,ORD-9181,"$4,712.00",wechat,success,05-10-2026
PAY-14664,ORD-6481,659,COD,failed,04-04-2025
PAY-14665,ORD-11107,1888,alipay,success,2024-03-18
PAY-14666,ORD-7572,"$4,794.00",COD,pending,04/12/2026
PAY-14667,ORD-8154,3320,wechat,SUCCESS,2025-10-14
PAY-14668,ORD-12160,"$9,248.00",card,pending,2025-12-06
PAY-14669,ORD-2551,19631,wechat,pending,2024-03-28
PAY-14670,ORD-8151,3646,alipay,pending,2024-06-01
PAY-14671,ORD-14435,12 395,card,success,12/09/2024
PAY-14672,ORD-1174,"$3,130.00",COD,pending,27-12-2025
PAY-14673,ORD-5928,583,COD,success,2026-11-01
PAY-14674,ORD-1798,"9 558,00",wechat,success,2025-05-23
PAY-14675,ORD-11299,"$2,487.00",COD,success,2024-11-19
PAY-14676,ORD-13166,12601,card,SUCCESS,2024-07-15
PAY-14677,ORD-13586,10012,wechat,SUCCESS,2025-12-07
PAY-14678,ORD-12875,13292,card,success,2026-03-16
PAY-14679,ORD-14477,16770,wechat,pending,18-07-2024
PAY-14680,ORD-11875,2579,alipay,SUCCESS,2025-09-08
PAY-14681,ORD-3841,8340,wechat,SUCCESS,2024-12-03
PAY-14682,ORD-11615,13206,wechat,pending,07-12-2024
PAY-14683,ORD-14189,"$10,581.00",card,success,2025-03-10
PAY-14684,ORD-7092,"$9,833.00",alipay,SUCCESS,09-05-2026
PAY-14685,ORD-14730,693,wechat,pending,10/20/2025
PAY-14686,ORD-14722,14714,COD,success,2024-08-18
PAY-14687,ORD-2009,"$6,028.00",alipay,success,10/24/2026
PAY-14688,ORD-13586,"$13,561.00",COD,success,2025-02-07
PAY-14689,ORD-6457,"$18,092.00",COD,pending,2025-11-03
PAY-14690,ORD-13591,6692,card,success,08/15/2025
PAY-14691,ORD-355,"14 557,00",wechat,pending,2026-06-12
PAY-14692,ORD-13077,"$2,267.00",COD,SUCCESS,06/12/2025
PAY-14693,ORD-1535,7009,card,success,2026-05-17
PAY-14694,ORD-5364,10013,card,success,2024-05-25
PAY-14695,ORD-12310,5387,wechat,pending,09/24/2026
PAY-14696,ORD-7040,15417,card,pending,12/22/2024
PAY-14697,ORD-10956,11 153,alipay,SUCCESS,2025-12-07
PAY-14698,ORD-13282,"$6,026.00",card,pending,07/28/2024
PAY-14699,ORD-5018,"$15,685.00",card,success,02/25/2026
PAY-14700,ORD-3215,14100,card,pending,2026-10-25
PAY-14701,ORD-2593,9470,COD,success,2024-05-15
PAY-14702,ORD-3158,10305,card,SUCCESS,2025-07-10
PAY-14703,ORD-959,18 925,wechat,pending,03/24/2025
PAY-14704,ORD-8116,"18 287,00",alipay,SUCCESS,2024-07-19
PAY-14705,ORD-13749,283,wechat,pending,2026-09-03
PAY-14706,ORD-1616,18 544,wechat,success,06/14/2025
PAY-14707,ORD-5668,"$8,935.00",alipay,success,07/20/2024
PAY-14708,ORD-6506,"$19,924.00",card,pending,2026-01-21
PAY-14709,ORD-2636,13414,card,pending,2024-12-22
PAY-14710,ORD-14438,"$9,703.00",wechat,pending,02-04-2026
PAY-14711,ORD-1405,5 827,COD,SUCCESS,2026-01-13
PAY-14712,ORD-12883,14118,COD,pending,2024-06-14
PAY-14713,ORD-12264,4204,card,success,09/10/2026
PAY-14714,ORD-8487,"15 609,00",alipay,pending,2024-09-11
PAY-14715,ORD-13779,8823,card,success,20-09-2025
PAY-14716,ORD-673,"$10,030.00",card,pending,06/23/2026
PAY-14717,ORD-5236,19748,card,SUCCESS,2024-12-05
PAY-14718,ORD-8655,"$11,387.00",wechat,pending,11/08/2025
PAY-14719,ORD-14323,12950,wechat,failed,2026-10-03
PAY-14720,ORD-2413,4542,alipay,success,2025-07-21
PAY-14721,ORD-11758,10344,wechat,pending,06-08-2025
PAY-14722,ORD-12993,"$9,857.00",alipay,pending,2024-04-02
PAY-14723,ORD-10759,"16 682,00",card,failed,06/07/2026
PAY-14724,ORD-12131,4 712,alipay,success,2026-10-17
PAY-14725,ORD-8951,"$15,370.00",card,SUCCESS,2026-02-11
PAY-14726,ORD-12851,10938,card,pending,06/18/2026
PAY-14727,ORD-2609,11610,wechat,SUCCESS,2025-11-07
PAY-14728,ORD-2224,"$11,653.00",wechat,success,2024-05-11
PAY-14729,ORD-12566,"2 322,00",COD,pending,2026-07-24
PAY-14730,ORD-6336,16808,COD,SUCCESS,2024-03-18
PAY-14731,ORD-6549,"$5,960.00",card,SUCCESS,08/24/2024
PAY-14732,ORD-11846,19 810,COD,success,2024-02-04
PAY-14733,ORD-12413,16066,wechat,SUCCESS,2024-05-04
PAY-14734,ORD-13494,11218,wechat,pending,2026-07-09
PAY-14735,ORD-3025,"$7,413.00",card,SUCCESS,2025-09-21
PAY-14736,ORD-1532,18336,card,SUCCESS,2024-01-11
PAY-14737,ORD-2244,9419,wechat,success,2025-11-09
PAY-14738,ORD-6419,16024,COD,pending,2026-02-18
PAY-14739,ORD-12596,14652,COD,SUCCESS,2025-06-15
PAY-14740,ORD-5283,827,wechat,pending,04-11-2025
PAY-14741,ORD-11604,16 328,COD,pending,2026-03-11
PAY-14742,ORD-268,"$7,024.00",wechat,pending,12/06/2025
PAY-14743,ORD-266,"$5,950.00",alipay,SUCCESS,2025-10-02
PAY-14744,ORD-156,15 594,wechat,failed,2024-05-13
PAY-14745,ORD-12996,10549,alipay,success,19-06-2026
PAY-14746,ORD-2348,"$13,541.00",alipay,success,2024-11-26
PAY-14747,ORD-4080,3558,COD,pending,2024-06-16
PAY-14748,ORD-8105,"5 883,00",alipay,success,04/05/2026
PAY-14749,ORD-12348,"$10,344.00",wechat,success,2026-12-11
PAY-14750,ORD-1304,"$3,089.00",alipay,pending,2024-03-08
PAY-14751,ORD-13476,"$15,805.00",wechat,success,2026-08-05
PAY-14752,ORD-1874,18125,COD,pending,08/24/2024
PAY-14753,ORD-2096,11 848,alipay,SUCCESS,2026-04-18
PAY-14754,ORD-12690,"$18,882.00",COD,SUCCESS,2026-01-23
PAY-14755,ORD-6416,9 048,alipay,pending,02/19/2025
PAY-14756,ORD-6927,"$11,654.00",card,success,2025-04-25
PAY-14757,ORD-606,"19 033,00",alipay,pending,2025-03-16
PAY-14758,ORD-6872,"16 681,00",alipay,pending,10-09-2024
PAY-14759,ORD-13984,$474.00,COD,pending,12-05-2024
PAY-14760,ORD-122,5056,alipay,pending,01-02-2024
PAY-14761,ORD-13166,13830,alipay,success,02/01/2025
PAY-14762,ORD-14722,"$18,869.00",COD,pending,09/19/2026
PAY-14763,ORD-8017,19106,card,pending,2025-01-19
PAY-14764,ORD-13617,3107,COD,success,2024-01-20
PAY-14765,ORD-6359,9 521,alipay,SUCCESS,07-02-2024
PAY-14766,ORD-5018,9810,alipay,success,2026-09-28
PAY-14767,ORD-4022,1624,COD,SUCCESS,2024-09-16
PAY-14768,ORD-6137,15133,wechat,success,11/18/2025
PAY-14769,ORD-1290,"$8,454.00",card,pending,08/03/2024
PAY-14770,ORD-8870,18219,alipay,success,05/15/2026
PAY-14771,ORD-2329,16420,card,success,2024-10-01
PAY-14772,ORD-6163,"$16,234.00",card,SUCCESS,08/15/2025
PAY-14773,ORD-7578,"$6,473.00",alipay,pending,12/17/2026
PAY-14774,ORD-12329,7784,card,SUCCESS,06-04-2025
PAY-14775,ORD-2256,16080,card,success,2024-11-16
PAY-14776,ORD-13606,"10 610,00",COD,SUCCESS,2025-05-13
PAY-14777,ORD-5835,"$8,761.00",COD,SUCCESS,2026-08-25
PAY-14778,ORD-7257,10020,alipay,SUCCESS,10/08/2024
PAY-14779,ORD-3455,11942,alipay,pending,23-10-2024
PAY-14780,ORD-5161,"$18,819.00",COD,failed,11/23/2026
PAY-14781,ORD-9620,5781,wechat,SUCCESS,10/16/2024
PAY-14782,ORD-13604,8729,COD,success,2024-06-16
PAY-14783,ORD-9341,5501,COD,success,2026-02-08
PAY-14784,ORD-3188,9927,COD,success,08/21/2024
PAY-14785,ORD-11882,4328,COD,success,01-12-2024
PAY-14786,ORD-11101,16135,COD,SUCCESS,2024-06-16
PAY-14787,ORD-1706,"$6,615.00",COD,SUCCESS,2024-04-26
PAY-14788,ORD-6301,"$1,141.00",card,pending,2024-02-21
PAY-14789,ORD-5315,6677,alipay,pending,06-11-2025
PAY-14790,ORD-2412,1453,card,pending,2025-08-05
PAY-14791,ORD-14847,16549,wechat,pending,2026-05-08
PAY-14792,ORD-4943,"18 638,00",alipay,success,09/03/2024
PAY-14793,ORD-5451,4176,alipay,pending,23-07-2024
PAY-14794,ORD-14552,15538,wechat,success,07/21/2025
PAY-14795,ORD-4005,12556,card,pending,2025-10-17
PAY-14796,ORD-13746,"$19,394.00",COD,pending,08-11-2026
PAY-14797,ORD-9040,3674,alipay,success,12/22/2025
PAY-14798,ORD-2653,10276,COD,SUCCESS,2026-12-02
PAY-14799,ORD-9979,743,wechat,pending,2025-11-05
PAY-14800,ORD-7520,8881,alipay,success,2026-08-03
PAY-14801,ORD-7917,1032,alipay,success,2024-06-08
PAY-14802,ORD-10911,"$15,609.00",wechat,success,02/26/2024
PAY-14803,ORD-7207,"$11,208.00",wechat,success,2024-02-01
PAY-14804,ORD-8539,$339.00,wechat,SUCCESS,2024-11-02
PAY-14805,ORD-14380,"$18,764.00",alipay,failed,06/10/2024
PAY-14806,ORD-1386,13896,COD,SUCCESS,2026-03-16
PAY-14807,ORD-2316,9 998,card,pending,12-06-2026
PAY-14808,ORD-7544,"$11,673.00",COD,SUCCESS,19-10-2025
PAY-14809,ORD-11002,"$16,881.00",card,SUCCESS,05/27/2025
PAY-14810,ORD-3245,9845,COD,success,11/09/2025
PAY-14811,ORD-6504,"2 856,00",COD,SUCCESS,2026-12-26
PAY-14812,ORD-14491,12483,COD,success,07/23/2025
PAY-14813,ORD-10033,6305,wechat,success,18-11-2024
PAY-14814,ORD-4936,8107,wechat,success,06/08/2025
PAY-14815,ORD-4216,16515,COD,success,03/02/2025
PAY-14816,ORD-10599,17152,alipay,success,02-09-2024
PAY-14817,ORD-11850,7126,card,success,01-05-2025
PAY-14818,ORD-6039,5967,card,success,2025-01-22
PAY-14819,ORD-6253,"$16,693.00",alipay,pending,2024-10-11
PAY-14820,ORD-6488,868,alipay,success,01/20/2025
PAY-14821,ORD-5426,"16 678,00",card,SUCCESS,04-01-2024
PAY-14822,ORD-12310,"8 998,00",alipay,pending,2026-11-14
PAY-14823,ORD-11411,8638,card,success,05/01/2024
PAY-14824,ORD-12219,8 469,card,success,01/20/2026
PAY-14825,ORD-9231,5847,COD,SUCCESS,2025-09-26
PAY-14826,ORD-12696,5567,wechat,SUCCESS,2025-06-06
PAY-14827,ORD-3129,"$6,222.00",wechat,pending,2024-10-04
PAY-14828,ORD-14597,17522,COD,success,12-05-2025
PAY-14829,ORD-10871,"$13,549.00",card,success,2025-07-02
PAY-14830,ORD-11275,"$12,086.00",wechat,SUCCESS,28-08-2026
PAY-14831,ORD-10044,17547,alipay,SUCCESS,07/13/2026
PAY-14832,ORD-3849,14930,alipay,success,07/28/2026
PAY-14833,ORD-964,13530,wechat,success,04/06/2025
PAY-14834,ORD-14952,"$2,438.00",COD,pending,07/09/2024
PAY-14835,ORD-14896,"$19,030.00",alipay,pending,06/04/2025
PAY-14836,ORD-14470,3 169,wechat,SUCCESS,09-12-2026
PAY-14837,ORD-7237,618,card,success,09/07/2024
PAY-14838,ORD-7582,"$8,082.00",COD,SUCCESS,2026-03-06
PAY-14839,ORD-5005,2 584,card,success,14-04-2026
PAY-14840,ORD-9863,$873.00,wechat,success,16-04-2024
PAY-14841,ORD-11433,"$11,646.00",wechat,success,2024-04-04
PAY-14842,ORD-5363,13360,COD,pending,2025-08-24
PAY-14843,ORD-13927,"19 976,00",card,success,2025-07-16
PAY-14844,ORD-12498,"$4,299.00",COD,success,15-07-2024
PAY-14845,ORD-126,"$10,175.00",card,pending,2025-08-12
PAY-14846,ORD-6688,17955,wechat,pending,2026-03-10
PAY-14847,ORD-8144,6336,card,success,05/21/2025
PAY-14848,ORD-4939,"$6,881.00",card,pending,25-03-2026
PAY-14849,ORD-9158,1954,alipay,pending,08/24/2026
PAY-14850,ORD-6181,"$12,269.00",wechat,pending,2026-11-27
PAY-14851,ORD-8068,13588,COD,pending,2026-02-16
PAY-14852,ORD-11445,12962,alipay,SUCCESS,2024-01-21
PAY-14853,ORD-13709,8713,card,SUCCESS,02/17/2026
PAY-14854,ORD-841,19 171,card,SUCCESS,2025-08-14
PAY-14855,ORD-12060,19306,card,pending,03/20/2025
PAY-14856,ORD-13526,"$11,906.00",card,SUCCESS,2026-02-20
PAY-14857,ORD-10735,"$7,655.00",COD,success,08/13/2025
PAY-14858,ORD-9799,"$9,765.00",wechat,pending,2025-09-23
PAY-14859,ORD-4795,2271,alipay,SUCCESS,2025-11-27
PAY-14860,ORD-3137,3605,alipay,success,2024-03-02
PAY-14861,ORD-7519,"$8,499.00",alipay,pending,2024-12-03
PAY-14862,ORD-4133,"$17,685.00",card,pending,2026-06-28
PAY-14863,ORD-14780,13370,card,success,07/12/2026
PAY-14864,ORD-14335,"$4,538.00",COD,SUCCESS,07-01-2024
PAY-14865,ORD-11146,15196,alipay,pending,2025-03-28
PAY-14866,ORD-3332,19563,alipay,SUCCESS,2025-09-18
PAY-14867,ORD-10353,"$8,168.00",wechat,SUCCESS,07/06/2025
PAY-14868,ORD-5700,8803,card,success,11-08-2024
PAY-14869,ORD-1355,9806,wechat,pending,2026-08-17
PAY-14870,ORD-9772,14179,wechat,pending,10/02/2025
PAY-14871,ORD-6748,11480,alipay,success,2026-11-22
PAY-14872,ORD-5498,19 804,card,SUCCESS,09/07/2024
PAY-14873,ORD-12120,$91.00,card,SUCCESS,2024-11-09
PAY-14874,ORD-124,12972,wechat,SUCCESS,2025-03-08
PAY-14875,ORD-13592,"$13,232.00",alipay,SUCCESS,2024-11-10
PAY-14876,ORD-4776,19828,wechat,pending,2024-01-22
PAY-14877,ORD-14260,18 424,wechat,success,2025-09-07
PAY-14878,ORD-11873,2865,wechat,pending,2025-09-05
PAY-14879,ORD-6286,"14 369,00",card,SUCCESS,03/16/2025
PAY-14880,ORD-3095,"$15,332.00",alipay,SUCCESS,2024-04-12
PAY-14881,ORD-3410,19952,card,SUCCESS,08/25/2024
PAY-14882,ORD-11797,"$19,638.00",wechat,SUCCESS,01/28/2025
PAY-14883,ORD-1459,2196,card,pending,2026-07-01
PAY-14884,ORD-9857,15833,wechat,SUCCESS,2026-05-13
PAY-14885,ORD-10612,12469,wechat,success,2026-05-20
PAY-14886,ORD-1214,"$1,291.00",COD,SUCCESS,09/09/2026
PAY-14887,ORD-626,"$16,545.00",card,pending,06/13/2026
PAY-14888,ORD-11187,15841,alipay,SUCCESS,01/18/2024
PAY-14889,ORD-8270,17147,wechat,SUCCESS,2026-02-12
PAY-14890,ORD-6875,"$14,501.00",card,SUCCESS,2026-08-07
PAY-14891,ORD-1444,2530,card,success,06/15/2026
PAY-14892,ORD-2890,18899,COD,success,2026-12-08
PAY-14893,ORD-12338,7435,wechat,pending,2025-09-18
PAY-14894,ORD-3614,12697,COD,SUCCESS,2026-06-01
PAY-14895,ORD-8849,19310,card,SUCCESS,09/08/2024
PAY-14896,ORD-13078,9129,COD,pending,12/25/2025
PAY-14897,ORD-12150,14053,card,success,2024-08-10
PAY-14898,ORD-268,5869,wechat,pending,15-09-2026
PAY-14899,ORD-5254,"$9,984.00",card,SUCCESS,07-12-2025
PAY-14900,ORD-5083,4 683,COD,pending,2026-01-17
PAY-14901,ORD-13567,15280,card,SUCCESS,2026-03-13
PAY-14902,ORD-3998,4436,card,success,12/23/2025
PAY-14903,ORD-12875,1218,card,success,2024-08-15
PAY-14904,ORD-11561,5634,wechat,SUCCESS,01/15/2026
PAY-14905,ORD-13466,1 720,wechat,success,10/08/2025
PAY-14906,ORD-8832,"12 140,00",COD,pending,07/11/2026
PAY-14907,ORD-2991,816,card,success,06/12/2025
PAY-14908,ORD-13554,16952,alipay,failed,2026-07-23
PAY-14909,ORD-5804,19695,card,SUCCESS,08/09/2025
PAY-14910,ORD-449,"$1,404.00",wechat,SUCCESS,08/27/2024
PAY-14911,ORD-5249,18149,COD,pending,10-05-2025
PAY-14912,ORD-12934,"$10,206.00",card,pending,2026-08-24
PAY-14913,ORD-3184,"$9,993.00",wechat,success,28-11-2025
PAY-14914,ORD-14927,12881,card,SUCCESS,2026-03-07
PAY-14915,ORD-14336,"12 441,00",alipay,success,2025-02-06
PAY-14916,ORD-11348,"$18,329.00",card,success,2024-03-19
PAY-14917,ORD-1306,"6 765,00",COD,pending,2026-09-17
PAY-14918,ORD-14225,10 013,alipay,SUCCESS,2025-06-09
PAY-14919,ORD-13541,"$1,032.00",wechat,SUCCESS,13-07-2025
PAY-14920,ORD-5292,"$10,545.00",wechat,success,2024-10-27
PAY-14921,ORD-3793,"$5,292.00",alipay,success,2025-03-08
PAY-14922,ORD-11151,11301,wechat,SUCCESS,2024-02-15
PAY-14923,ORD-4880,6534,card,SUCCESS,20-04-2025
PAY-14924,ORD-13623,10955,card,success,12/02/2025
PAY-14925,ORD-5928,"$16,958.00",card,SUCCESS,2025-12-22
PAY-14926,ORD-5473,"1 775,00",card,pending,2026-07-27
PAY-14927,ORD-5496,6000,card,pending,2025-02-05
PAY-14928,ORD-2609,4595,alipay,SUCCESS,2025-06-25
PAY-14929,ORD-10345,15791,alipay,success,09-03-2025
PAY-14930,ORD-14887,13103,alipay,success,01/24/2025
PAY-14931,ORD-10128,17 792,alipay,SUCCESS,2026-12-18
PAY-14932,ORD-8178,"$2,049.00",wechat,SUCCESS,2025-12-21
PAY-14933,ORD-3824,"$13,939.00",alipay,pending,05/13/2024
PAY-14934,ORD-12652,1087,alipay,pending,03/01/2025
PAY-14935,ORD-17,15461,COD,pending,15-12-2026
PAY-14936,ORD-3685,"$4,434.00",card,success,2026-03-13
PAY-14937,ORD-4854,3152,alipay,success,23-02-2024
PAY-14938,ORD-10890,10691,wechat,success,2025-02-25
PAY-14939,ORD-14100,"18 727,00",COD,SUCCESS,01/13/2026
PAY-14940,ORD-6144,"$9,170.00",wechat,SUCCESS,2024-10-13
PAY-14941,ORD-329,$51.00,wechat,pending,2025-10-21
PAY-14942,ORD-7405,15791,wechat,SUCCESS,09/12/2024
PAY-14943,ORD-4389,"13 925,00",COD,pending,2026-09-17
PAY-14944,ORD-5076,19587,wechat,success,04/18/2025
PAY-14945,ORD-12694,"$5,871.00",wechat,success,21-07-2024
PAY-14946,ORD-13127,10 821,alipay,success,19-10-2026
PAY-14947,ORD-13889,"8 160,00",wechat,success,2024-09-06
PAY-14948,ORD-6179,"$17,405.00",wechat,success,20-09-2026
PAY-14949,ORD-6885,"$3,293.00",alipay,SUCCESS,2025-04-17
PAY-14950,ORD-13,"$5,172.00",card,SUCCESS,09/06/2026
PAY-14951,ORD-4896,10 120,COD,SUCCESS,06/11/2025
PAY-14952,ORD-7537,"$5,456.00",card,pending,09-08-2026
PAY-14953,ORD-9862,17450,wechat,SUCCESS,01/28/2024
PAY-14954,ORD-7715,8114,COD,SUCCESS,2025-12-21
PAY-14955,ORD-1750,$408.00,alipay,pending,2026-09-11
PAY-14956,ORD-3527,11707,wechat,SUCCESS,10/21/2025
PAY-14957,ORD-13681,"$3,855.00",card,failed,2024-01-28
PAY-14958,ORD-4758,17151,wechat,SUCCESS,11-08-2025
PAY-14959,ORD-4705,8 527,alipay,success,2025-01-22
PAY-14960,ORD-10479,"4 877,00",alipay,pending,2026-04-21
PAY-14961,ORD-8946,8281,card,failed,12/06/2026
PAY-14962,ORD-14766,14 113,wechat,SUCCESS,2026-09-18
PAY-14963,ORD-14473,2021,wechat,pending,2026-08-09
PAY-14964,ORD-7279,18 911,alipay,SUCCESS,2024-12-27
PAY-14965,ORD-214,7487,card,SUCCESS,2024-05-20
PAY-14966,ORD-5351,"$18,875.00",card,pending,2024-04-17
PAY-14967,ORD-8077,19689,COD,pending,01/10/2026
PAY-14968,ORD-6396,"8 945,00",COD,pending,2025-10-10
PAY-14969,ORD-9694,11513,card,success,04/02/2026
PAY-14970,ORD-3400,12 173,COD,SUCCESS,11/26/2024
PAY-14971,ORD-9429,10905,alipay,pending,25-10-2025
PAY-14972,ORD-13403,"$6,852.00",wechat,pending,08/21/2025
PAY-14973,ORD-4511,4434,card,SUCCESS,08/26/2024
PAY-14974,ORD-13075,"$15,661.00",wechat,success,06-04-2025
PAY-14975,ORD-14222,1926,wechat,pending,22-12-2025
PAY-14976,ORD-11579,1550,card,pending,11/17/2025
PAY-14977,ORD-4234,"$5,351.00",wechat,SUCCESS,12-02-2024
PAY-14978,ORD-6703,8304,wechat,pending,03/18/2026
PAY-14979,ORD-3562,"2 495,00",wechat,pending,2026-06-01
PAY-14980,ORD-736,1 331,alipay,SUCCESS,16-03-2024
PAY-14981,ORD-2456,"$1,020.00",alipay,success,01-12-2026
PAY-14982,ORD-12303,1401,wechat,failed,2024-02-11
PAY-14983,ORD-1404,2973,COD,success,12/05/2024
PAY-14984,ORD-2216,"$17,705.00",alipay,success,2025-06-11
PAY-14985,ORD-3931,2552,COD,success,10/13/2026
PAY-14986,ORD-2612,5028,alipay,SUCCESS,2024-02-11
PAY-14987,ORD-9945,2238,alipay,SUCCESS,2024-01-02
PAY-14988,ORD-4924,11 860,alipay,pending,05/06/2025
PAY-14989,ORD-14180,"$12,351.00",card,SUCCESS,2025-01-05
PAY-14990,ORD-3164,19999,COD,success,04/16/2024
PAY-14991,ORD-9562,6875,alipay,SUCCESS,2024-03-19
PAY-14992,ORD-4067,17 324,card,SUCCESS,07-10-2024
PAY-14993,ORD-13683,"$7,025.00",COD,success,2026-09-03
PAY-14994,ORD-13999,"$14,582.00",wechat,SUCCESS,11/15/2024
PAY-14995,ORD-2132,18 527,wechat,success,11/02/2024
PAY-14996,ORD-10899,$920.00,card,pending,15-02-2024
PAY-14997,ORD-5013,2547,COD,pending,2026-11-03
PAY-14998,ORD-8187,"$7,922.00",COD,pending,2025-12-14
PAY-14999,ORD-13183,"$10,722.00",alipay,SUCCESS,2025-01-03
PAY-15000,ORD-14151,"$14,918.00",card,failed,02/15/2024
