shipment_id,supplier_id,part_number,quantity,unit_cost,order_date,arrival_date,lead_time_days
SHIP-1,MFG-20,PN-4485,170,99.93,2021-05-04,2022-06-20,13
SHIP-2,MFG-106,PN-2709,169,13,2022-12-06,2024-04-11,9
SHIP-3,MFG-26,PN-5208,108,62,03/26/2021,2020-03-06,3
SHIP-4,MFG-22,PN-3490,72,1.05,04/11/2021,2024-10-16,9
SHIP-5,MFG-175,PN-1028,105,44,2021-02-19,2021-02-06,11
SHIP-6,MFG-75,PN-7388,166,82.08,2023-07-21,03/03/2020,25
SHIP-7,MFG-117,PN-5831,33,66.35,18-03-2023,2020-09-18,28
SHIP-8,MFG-94,PN-4360,39,92,2022-07-13,2023-11-06,7
SHIP-9,MFG-45,PN-9744,184,16.63,2023-08-19,2020-08-26,10
SHIP-10,MFG-48,PN-1241,101,23.37,2022-02-05,2023-09-06,33
SHIP-11,MFG-43,PN-1080,180,"70,08",2023-05-28,08/02/2020,20
SHIP-12,MFG-42,PN-7031,136,81.23,2023-10-20,2022-04-01,26
SHIP-13,MFG-119,PN-3669,66,"28,59",09-12-2022,2021-02-13,6
SHIP-14,MFG-104,PN-3184,32,14,2021-02-09,06/06/2024,2
SHIP-15,MFG-190,PN-1412,128,"24,53",2020-02-20,2022-11-22,15
SHIP-16,MFG-17,PN-1280,66,35.81,02-03-2024,2023-02-05,5
SHIP-17,MFG-133,PN-5455,139,15.94,05/24/2024,05/25/2020,19
SHIP-18,MFG-157,PN-8344,117,88.18,2022-12-17,28-10-2024,23
SHIP-19,MFG-168,PN-1750,129,13.39,05/06/2023,07-02-2020,26
SHIP-20,MFG-89,PN-7722,19,65,04/24/2022,2024-01-22,23
SHIP-21,MFG-18,PN-1069,173,98.3,2021-12-20,2023-04-22,24
SHIP-22,MFG-59,PN-6037,158,"16,89",2022-07-16,20-08-2021,10
SHIP-23,MFG-149,PN-1167,80,40.91,2021-12-21,2020-05-20,18
SHIP-24,MFG-139,PN-9264,57,49.6,2021-11-23,2020-11-08,28
SHIP-25,MFG-41,PN-7015,14,12,2021-03-20,12/08/2021,23
SHIP-26,MFG-123,PN-3690,19,90,17-10-2024,02/23/2022,22
SHIP-27,MFG-187,PN-5403,47,24.51,2020-04-03,06/26/2023,29
SHIP-28,MFG-38,PN-4939,168,71,23-09-2021,2024-01-15,12
SHIP-29,MFG-104,PN-4336,72,"65,18",2020-07-03,2020-03-26,23
SHIP-30,MFG-85,PN-4947,79,71.42,2020-04-25,2023-03-23,13
SHIP-31,MFG-27,PN-5220,156,20.16,13-01-2023,2020-04-09,10
SHIP-32,MFG-86,PN-9311,141,20,2023-07-10,16-12-2023,1
SHIP-33,MFG-164,PN-7312,191,32,2024-04-06,06/28/2024,54
SHIP-34,MFG-192,PN-9685,95,"75,2",2022-01-03,2022-05-06,20
SHIP-35,MFG-62,PN-8803,185,"56,82",2020-04-08,2024-05-08,20
SHIP-36,MFG-177,PN-8589,169,5.98,2021-06-27,03/09/2022,67
SHIP-37,MFG-147,PN-5002,47,92.57,2021-07-12,08/09/2022,16
SHIP-38,MFG-62,PN-9985,144,58.64,21-08-2023,2022-07-01,8
SHIP-39,MFG-80,PN-1127,39,69.95,2020-11-22,2021-02-04,5
SHIP-40,MFG-15,PN-3638,107,101,2022-04-28,15-08-2024,22
SHIP-41,MFG-99,PN-6051,122,59.77,07/14/2022,2021-05-13,5
SHIP-42,MFG-26,PN-1343,13,65,2022-02-28,2021-10-16,28
SHIP-43,MFG-143,PN-4275,171,11.93,25-03-2022,13-01-2021,12
SHIP-44,MFG-57,PN-2838,56,98.95,2020-10-12,2024-09-16,21
SHIP-45,MFG-128,PN-6128,139,82,2021-11-17,01/21/2023,23
SHIP-46,MFG-185,PN-1956,96,91.21,2021-03-12,03-08-2024,1
SHIP-47,MFG-180,PN-4827,14,12,01/06/2020,2022-01-18,66
SHIP-48,MFG-122,PN-8371,102,"68,59",10/27/2022,2020-10-16,55
SHIP-49,MFG-64,PN-1197,81,99,11/01/2021,2020-03-24,6
SHIP-50,MFG-176,PN-2109,91,1.96,02/06/2023,05/26/2020,29
SHIP-51,MFG-185,PN-7459,74,47.84,2020-09-21,12/15/2024,25
SHIP-52,MFG-42,PN-5481,93,101,10/14/2020,2024-01-25,23
SHIP-53,MFG-2,PN-8873,171,63,2022-06-01,28-08-2024,18
SHIP-54,MFG-58,PN-8964,51,32,10/02/2022,2022-02-11,56
SHIP-55,MFG-88,PN-1038,175,25.81,10-10-2023,2023-04-01,7
SHIP-56,MFG-59,PN-1549,10,12,2021-02-07,2021-07-07,23
SHIP-57,MFG-18,PN-5535,14,43,21-10-2024,2022-06-22,18
SHIP-58,MFG-6,PN-9185,5,37,2023-04-23,08/12/2022,10
SHIP-59,MFG-164,PN-5441,119,80.54,16-12-2024,2020-07-16,38
SHIP-60,MFG-87,PN-7847,86,57,2022-12-16,2022-11-01,30
SHIP-61,MFG-199,PN-2382,126,87.06,11/24/2024,2021-09-02,5
SHIP-62,MFG-198,PN-5150,101,33,22-02-2022,2021-05-23,23
SHIP-63,MFG-142,PN-6144,136,51.61,21-09-2021,2024-06-12,19
SHIP-64,MFG-195,PN-7534,160,"23,11",2021-02-13,2022-01-24,31
SHIP-65,MFG-45,PN-6823,129,13.78,2021-12-06,16-02-2020,25
SHIP-66,MFG-54,PN-4853,96,44.08,02/06/2023,2021-08-08,28
SHIP-67,MFG-172,PN-9205,106,58.96,04-06-2024,2021-10-12,30
SHIP-68,MFG-90,PN-2037,190,24.21,09/04/2021,2020-10-12,26
SHIP-69,MFG-128,PN-9598,20,83.8,02/23/2020,02/08/2022,15
SHIP-70,MFG-114,PN-6378,50,100.7,02/03/2022,16-01-2024,2
SHIP-71,MFG-154,PN-4781,98,56,04/05/2021,04/28/2024,15
SHIP-72,MFG-197,PN-3050,136,87.82,2020-08-23,2021-10-04,12
SHIP-73,MFG-110,PN-9059,60,16,12/07/2020,06/17/2023,24
SHIP-74,MFG-110,PN-8024,3,"24,85",24-10-2023,2020-04-07,18
SHIP-75,MFG-118,PN-1995,6,74.2,12/15/2020,08/18/2023,30
SHIP-76,MFG-126,PN-3466,128,30.42,2024-08-09,2023-01-27,10
SHIP-77,MFG-106,PN-2168,2,83,13-02-2024,09-12-2023,22
SHIP-78,MFG-184,PN-5775,146,10.69,2022-01-01,2022-02-03,27
SHIP-79,MFG-83,PN-9993,52,90.62,2021-09-14,25-08-2022,13
SHIP-80,MFG-133,PN-2693,17,"8,37",2024-01-03,2023-08-18,18
SHIP-81,MFG-99,PN-9558,128,1.49,11/02/2021,07/25/2020,6
SHIP-82,MFG-16,PN-3067,174,72,24-08-2020,23-07-2023,9
SHIP-83,MFG-1,PN-2081,102,16.45,05/25/2021,2020-04-13,1
SHIP-84,MFG-108,PN-7467,144,35.59,2022-08-06,2020-04-25,21
SHIP-85,MFG-158,PN-4998,52,92.41,06/20/2022,2022-07-14,20
SHIP-86,MFG-43,PN-7612,32,1.34,2020-10-19,2022-12-09,4
SHIP-87,MFG-80,PN-9119,74,"72,62",2022-12-14,2024-08-09,59
SHIP-88,MFG-193,PN-7225,97,73.35,2021-09-20,2021-02-08,61
SHIP-89,MFG-42,PN-2184,31,"17,28",17-03-2022,2024-03-02,8
SHIP-90,MFG-148,PN-9055,74,92.55,12-09-2020,2020-05-10,37
SHIP-91,MFG-69,PN-1417,177,23,2024-08-10,2020-10-03,5
SHIP-92,MFG-118,PN-4259,30,73.39,2020-04-22,05-10-2021,1
SHIP-93,MFG-118,PN-2740,119,"24,7",2024-12-07,2020-02-18,25
SHIP-94,MFG-3,PN-3351,162,"48,78",09-08-2023,10/10/2021,8
SHIP-95,MFG-44,PN-1151,181,52.11,2022-07-25,2024-02-03,18
SHIP-96,MFG-108,PN-6971,40,"60,17",2021-11-05,2021-04-26,57
SHIP-97,MFG-169,PN-6214,109,49.18,22-04-2022,2022-05-23,19
SHIP-98,MFG-9,PN-6497,153,43.54,12/13/2023,2021-04-14,12
SHIP-99,MFG-101,PN-4728,195,76,12/27/2020,2024-08-01,11
SHIP-100,MFG-60,PN-4857,56,"95,76",2024-10-03,2021-08-27,21
SHIP-101,MFG-157,PN-9577,71,2,2020-01-17,2021-10-17,28
SHIP-102,MFG-50,PN-3503,172,76.38,12/09/2024,2020-02-08,3
SHIP-103,MFG-129,PN-8641,125,89,09-03-2020,2024-11-18,1
SHIP-104,MFG-88,PN-6479,170,23.19,24-07-2020,2022-09-20,3
SHIP-105,MFG-178,PN-7177,133,82,2023-12-01,2022-06-04,42
SHIP-106,MFG-150,PN-3179,170,79.19,2024-04-21,03/12/2021,7
SHIP-107,MFG-76,PN-2314,6,15.22,2021-08-14,2021-02-03,30
SHIP-108,MFG-136,PN-9494,3,99.92,2024-06-21,12-11-2020,3
SHIP-109,MFG-140,PN-8686,194,30.87,08/08/2024,2024-04-14,22
SHIP-110,MFG-83,PN-8160,150,23.15,2024-02-14,2024-04-01,56
SHIP-111,MFG-129,PN-2769,160,20,2022-06-12,04/01/2020,25
SHIP-112,MFG-25,PN-1568,130,19.98,2020-06-20,06-10-2020,2
SHIP-113,MFG-65,PN-7870,99,1.13,09/07/2024,12/10/2024,17
SHIP-114,MFG-197,PN-4978,187,"14,2",10-06-2024,2023-08-04,35
SHIP-115,MFG-19,PN-2165,148,76,01/08/2020,02/07/2022,17
SHIP-116,MFG-125,PN-4937,15,86,22-01-2023,2024-01-04,20
SHIP-117,MFG-6,PN-5806,194,60.96,2020-09-16,2024-09-02,5
SHIP-118,MFG-175,PN-4418,56,52.16,2021-11-17,04/24/2023,1
SHIP-119,MFG-189,PN-6408,105,"50,98",09-06-2022,05/20/2024,2
SHIP-120,MFG-100,PN-1278,184,63,2022-07-14,10/03/2024,11
SHIP-121,MFG-20,PN-2570,49,57.72,2021-05-17,06/03/2021,11
SHIP-122,MFG-146,PN-6139,96,55,2021-06-08,2020-12-28,11
SHIP-123,MFG-6,PN-1815,164,19,2024-04-28,04-07-2021,9
SHIP-124,MFG-78,PN-1333,54,"77,62",2020-06-18,2024-05-13,2
SHIP-125,MFG-72,PN-6094,134,"93,33",2022-07-24,02/15/2024,26
SHIP-126,MFG-94,PN-6470,129,"4,7",2021-01-06,05/16/2023,5
SHIP-127,MFG-53,PN-3839,178,89.81,22-05-2024,08/03/2021,10
SHIP-128,MFG-61,PN-7199,22,49.64,2022-11-02,2023-02-11,68
SHIP-129,MFG-188,PN-5577,92,"54,9",2021-08-02,07/15/2020,25
SHIP-130,MFG-64,PN-2878,194,43,2021-04-04,2023-02-13,41
SHIP-131,MFG-86,PN-5144,62,53,10-02-2022,10/02/2024,11
SHIP-132,MFG-180,PN-5316,153,41,25-06-2022,06/05/2020,19
SHIP-133,MFG-191,PN-1395,125,86,09/17/2021,2023-06-08,6
SHIP-134,MFG-82,PN-9317,142,33.14,08/09/2021,2022-10-14,12
SHIP-135,MFG-84,PN-5822,103,31,12/16/2023,2024-12-26,23
SHIP-136,MFG-94,PN-3410,164,72.46,03/06/2023,2020-09-18,4
SHIP-137,MFG-186,PN-1608,106,95.12,2021-10-26,09/20/2022,36
SHIP-138,MFG-192,PN-8925,47,19,07/12/2020,26-12-2022,19
SHIP-139,MFG-51,PN-1550,15,62.46,02-03-2023,09-06-2022,20
SHIP-140,MFG-149,PN-5925,135,60.72,01/16/2020,12-07-2022,20
SHIP-141,MFG-4,PN-4296,130,10.14,06/19/2022,2020-11-23,29
SHIP-142,MFG-38,PN-7406,149,83,2024-09-03,13-11-2024,27
SHIP-143,MFG-199,PN-9177,192,43,04-03-2024,2021-01-10,15
SHIP-144,MFG-125,PN-9190,10,"27,2",2021-03-04,12/02/2023,8
SHIP-145,MFG-185,PN-4735,166,17,01/23/2024,2023-11-23,24
SHIP-146,MFG-48,PN-6415,104,2.93,01/11/2022,11/03/2020,21
SHIP-147,MFG-15,PN-4885,153,36,2024-07-15,17-06-2020,3
SHIP-148,MFG-100,PN-9190,34,18.54,2023-05-25,08/16/2023,37
SHIP-149,MFG-187,PN-7657,125,30,2023-11-18,2024-07-21,1
SHIP-150,MFG-143,PN-3229,147,3,08/23/2022,2021-05-02,19
SHIP-151,MFG-97,PN-8057,102,38.37,10/23/2022,2022-07-17,22
SHIP-152,MFG-79,PN-8783,89,50.49,06/10/2024,08/23/2021,24
SHIP-153,MFG-156,PN-5881,144,63.02,09/15/2021,2020-04-15,50
SHIP-154,MFG-46,PN-2390,78,6.13,2021-12-26,2024-10-22,18
SHIP-155,MFG-3,PN-4616,190,75,06/22/2022,2021-07-10,20
SHIP-156,MFG-16,PN-6127,43,"31,75",2022-01-03,02/17/2023,9
SHIP-157,MFG-41,PN-3763,88,41.21,2022-04-21,2021-12-25,12
SHIP-158,MFG-11,PN-2922,83,25.91,10/11/2022,07/23/2021,18
SHIP-159,MFG-198,PN-5082,116,"1,17",2021-06-03,03/04/2022,10
SHIP-160,MFG-34,PN-4629,132,36.11,2022-12-12,10/05/2023,45
SHIP-161,MFG-79,PN-3055,155,58.74,2023-12-02,02/06/2020,30
SHIP-162,MFG-157,PN-5155,14,91,2024-02-03,2023-09-02,19
SHIP-163,MFG-165,PN-6888,170,"86,44",2023-09-06,2020-04-20,36
SHIP-164,MFG-135,PN-1929,173,33.86,10/20/2022,27-07-2024,30
SHIP-165,MFG-92,PN-8937,186,9.61,2024-07-17,16-08-2020,27
SHIP-166,MFG-180,PN-8626,5,40.32,03/15/2020,2022-02-15,15
SHIP-167,MFG-195,PN-6811,3,43.55,2022-11-11,2022-05-25,16
SHIP-168,MFG-187,PN-3337,170,22,04/11/2020,2022-08-17,20
SHIP-169,MFG-186,PN-5044,196,9.88,07/12/2024,2020-05-13,12
SHIP-170,MFG-9,PN-5648,53,8.02,10-01-2021,07/07/2021,17
SHIP-171,MFG-172,PN-4238,44,56.77,2024-11-06,2023-11-09,11
SHIP-172,MFG-85,PN-1731,126,41.78,2023-07-22,09/25/2020,15
SHIP-173,MFG-162,PN-7231,58,68,2021-04-28,01-08-2024,26
SHIP-174,MFG-43,PN-9327,145,94.68,2020-01-24,01/14/2022,7
SHIP-175,MFG-166,PN-6232,29,84,2024-10-05,10/15/2024,2
SHIP-176,MFG-98,PN-4042,25,64.96,2024-03-07,2020-04-03,23
SHIP-177,MFG-28,PN-8862,197,16,08/22/2023,2024-06-27,15
SHIP-178,MFG-135,PN-2235,95,85,10/03/2022,2021-02-08,21
SHIP-179,MFG-126,PN-9939,108,76.1,20-02-2020,2021-02-24,28
SHIP-180,MFG-132,PN-5660,198,73.4,2024-04-16,26-08-2023,25
SHIP-181,MFG-196,PN-3710,88,89.36,2024-07-15,2020-12-27,1
SHIP-182,MFG-95,PN-1090,79,"93,15",2023-02-18,12/21/2024,16
SHIP-183,MFG-16,PN-3969,65,14.14,2020-02-16,2023-07-07,15
SHIP-184,MFG-157,PN-5445,11,71,2021-04-10,21-06-2020,35
SHIP-185,MFG-130,PN-5332,42,15.57,2021-09-28,06/22/2022,19
SHIP-186,MFG-138,PN-3950,109,23.78,2022-12-14,05/07/2021,6
SHIP-187,MFG-10,PN-1481,57,48.63,04/26/2021,2022-10-27,30
SHIP-188,MFG-115,PN-7777,190,43.35,01/01/2024,2020-07-17,4
SHIP-189,MFG-46,PN-9769,11,24,04-09-2021,2022-04-07,9
SHIP-190,MFG-28,PN-5541,45,96.75,2022-03-11,01/23/2022,16
SHIP-191,MFG-186,PN-6671,43,98.29,2024-06-17,2023-12-01,24
SHIP-192,MFG-139,PN-6205,54,95.34,2024-03-25,2021-11-21,19
SHIP-193,MFG-83,PN-7082,18,16.29,04/10/2024,2021-02-10,16
SHIP-194,MFG-191,PN-1489,13,87,2020-03-10,2022-07-18,2
SHIP-195,MFG-70,PN-8872,36,29,12-12-2023,01-08-2023,19
SHIP-196,MFG-170,PN-8583,70,67.77,11/25/2024,06-12-2023,33
SHIP-197,MFG-107,PN-1803,68,51.77,2022-11-19,2022-11-20,21
SHIP-198,MFG-113,PN-2642,69,15,2024-07-15,22-03-2021,22
SHIP-199,MFG-117,PN-5444,142,85,2022-02-16,17-12-2022,14
SHIP-200,MFG-163,PN-8113,195,40.42,2023-06-21,2021-10-01,17
SHIP-201,MFG-103,PN-8914,140,69.26,2021-01-28,2020-01-21,27
SHIP-202,MFG-191,PN-1421,189,3.21,04/07/2023,11/16/2021,38
SHIP-203,MFG-46,PN-4354,170,"3,98",20-07-2020,2022-11-24,16
SHIP-204,MFG-75,PN-4838,15,15,07-04-2023,2020-04-16,65
SHIP-205,MFG-176,PN-7380,61,36.92,07/13/2020,2021-09-02,28
SHIP-206,MFG-25,PN-8841,200,36.42,03-09-2023,2023-03-27,27
SHIP-207,MFG-143,PN-2234,141,89.09,02/02/2020,2022-10-01,22
SHIP-208,MFG-199,PN-5103,176,36.44,2023-11-01,2021-05-12,15
SHIP-209,MFG-113,PN-3066,95,20.28,10/08/2020,2023-11-23,6
SHIP-210,MFG-120,PN-1684,41,51,25-11-2020,12/27/2021,11
SHIP-211,MFG-68,PN-2580,104,95.26,09/18/2021,2020-01-19,17
SHIP-212,MFG-63,PN-4258,136,83.33,2021-11-27,2022-04-21,3
SHIP-213,MFG-73,PN-8645,64,"50,25",08/23/2024,02-12-2023,42
SHIP-214,MFG-119,PN-5295,154,36.22,2021-08-19,08/22/2020,52
SHIP-215,MFG-20,PN-1695,67,60.57,2021-01-28,2024-07-11,8
SHIP-216,MFG-29,PN-5760,6,92.12,2024-11-20,2022-10-03,21
SHIP-217,MFG-177,PN-3550,63,18.74,2022-07-23,12/07/2022,4
SHIP-218,MFG-31,PN-5744,3,72,2021-01-15,18-07-2024,28
SHIP-219,MFG-40,PN-9982,184,16,05/26/2024,09/09/2022,18
SHIP-220,MFG-166,PN-8953,122,75.08,2021-05-08,05/27/2020,17
SHIP-221,MFG-119,PN-9972,74,10,18-04-2022,04/09/2020,13
SHIP-222,MFG-117,PN-7944,199,79.33,2024-04-13,22-04-2024,20
SHIP-223,MFG-52,PN-7271,115,61.97,2021-03-22,05/19/2020,19
SHIP-224,MFG-32,PN-7107,14,33.58,25-02-2024,04/21/2021,16
SHIP-225,MFG-179,PN-9681,144,"94,95",2022-03-12,11/28/2021,30
SHIP-226,MFG-83,PN-3688,63,98,03/19/2021,10-02-2022,21
SHIP-227,MFG-200,PN-1266,188,57.69,07/24/2024,2020-12-03,26
SHIP-228,MFG-60,PN-1621,9,48.08,2021-05-19,2022-07-18,19
SHIP-229,MFG-125,PN-4574,108,98.64,2023-01-01,2021-11-17,21
SHIP-230,MFG-184,PN-1335,199,98.93,07/08/2022,08/15/2020,29
SHIP-231,MFG-124,PN-3743,117,78.13,2022-09-16,2024-09-06,28
SHIP-232,MFG-37,PN-1457,108,"10,14",2023-12-09,07/28/2022,9
SHIP-233,MFG-25,PN-6949,38,23.64,2023-01-15,2024-01-05,13
SHIP-234,MFG-164,PN-1465,95,38.21,24-12-2024,2023-07-15,1
SHIP-235,MFG-119,PN-8698,42,26,12-11-2023,12/23/2022,10
SHIP-236,MFG-183,PN-9238,200,38.69,2020-04-20,11/18/2023,49
SHIP-237,MFG-74,PN-8500,192,89.36,2024-12-10,12/19/2020,14
SHIP-238,MFG-73,PN-4177,77,11.98,2021-06-09,2023-02-14,4
SHIP-239,MFG-71,PN-8282,105,26.19,03/03/2021,2020-08-11,4
SHIP-240,MFG-88,PN-7131,36,47.19,20-08-2021,09-02-2021,53
SHIP-241,MFG-32,PN-5313,148,"16,88",2023-02-25,2021-09-27,15
SHIP-242,MFG-177,PN-6057,52,79.55,02/22/2021,2020-05-07,25
SHIP-243,MFG-67,PN-4080,148,89.59,2022-10-02,03/28/2023,4
SHIP-244,MFG-108,PN-9000,146,66,2023-06-19,2020-06-25,27
SHIP-245,MFG-98,PN-3551,164,59,08-12-2024,2022-06-18,6
SHIP-246,MFG-67,PN-8548,168,77.75,2023-12-17,05-10-2023,22
SHIP-247,MFG-62,PN-3840,194,"100,6",02-02-2022,06/08/2021,15
SHIP-248,MFG-100,PN-7392,104,65.71,16-03-2023,2020-05-21,23
SHIP-249,MFG-13,PN-4093,119,65.55,2023-11-07,01/19/2022,4
SHIP-250,MFG-130,PN-8597,19,"63,91",2023-02-13,2022-01-21,9
SHIP-251,MFG-8,PN-7408,26,46.99,08/20/2020,17-04-2020,19
SHIP-252,MFG-163,PN-7084,1,98.68,08/23/2020,12-01-2021,15
SHIP-253,MFG-133,PN-2600,41,1,2023-04-28,04/21/2022,46
SHIP-254,MFG-53,PN-4119,28,82,2022-02-15,2021-02-27,23
SHIP-255,MFG-151,PN-3864,3,23,2024-09-02,2023-12-11,15
SHIP-256,MFG-59,PN-7810,110,26.06,2022-03-03,2023-02-03,8
SHIP-257,MFG-146,PN-6716,56,5.39,13-11-2024,05/19/2023,29
SHIP-258,MFG-97,PN-9483,6,79.8,2024-03-11,2022-02-23,2
SHIP-259,MFG-178,PN-9636,159,3.66,01/03/2020,2020-04-11,21
SHIP-260,MFG-186,PN-4971,30,29.35,01-05-2023,2023-02-24,26
SHIP-261,MFG-13,PN-5068,99,54.75,04-05-2020,10-04-2020,67
SHIP-262,MFG-22,PN-6051,18,10,2022-01-04,2023-11-23,38
SHIP-263,MFG-180,PN-1644,29,3.2,2021-08-25,04/23/2023,27
SHIP-264,MFG-25,PN-8027,31,47.99,2024-02-28,2023-05-22,14
SHIP-265,MFG-181,PN-1349,167,32.24,05-06-2021,2020-09-08,13
SHIP-266,MFG-12,PN-6863,124,43.75,24-05-2022,2024-06-27,27
SHIP-267,MFG-44,PN-3293,112,85,2021-04-07,2024-01-16,30
SHIP-268,MFG-168,PN-7260,77,"36,09",2023-04-21,02/05/2024,12
SHIP-269,MFG-137,PN-7055,53,92.85,2020-05-04,2024-11-19,15
SHIP-270,MFG-188,PN-1061,83,43,2021-06-11,03/25/2021,2
SHIP-271,MFG-39,PN-3391,31,5.3,2024-02-06,2024-09-11,17
SHIP-272,MFG-116,PN-2667,96,12.93,09/09/2020,2020-04-25,11
SHIP-273,MFG-174,PN-6432,106,6.93,2021-10-26,2020-08-13,21
SHIP-274,MFG-38,PN-1323,62,76.28,01-11-2022,2023-04-20,35
SHIP-275,MFG-52,PN-9072,13,"37,48",2022-06-24,2022-02-09,13
SHIP-276,MFG-10,PN-4282,45,92.13,12-08-2022,2021-12-16,14
SHIP-277,MFG-188,PN-9459,139,74.59,07/08/2024,27-06-2020,57
SHIP-278,MFG-189,PN-6628,183,"53,69",2020-04-14,2022-05-04,18
SHIP-279,MFG-138,PN-1122,199,"65,09",2021-06-10,2021-02-28,4
SHIP-280,MFG-171,PN-6164,198,44.66,2021-11-19,2024-07-25,18
SHIP-281,MFG-139,PN-7105,187,77.54,06/03/2021,03-03-2023,54
SHIP-282,MFG-115,PN-3508,200,28.37,23-12-2024,12/20/2020,29
SHIP-283,MFG-38,PN-8448,71,"63,11",20-05-2022,2020-09-03,54
SHIP-284,MFG-133,PN-8669,17,66.43,17-09-2024,2022-12-10,24
SHIP-285,MFG-99,PN-1507,133,"65,35",2021-10-02,2022-01-08,30
SHIP-286,MFG-144,PN-1296,124,71.27,2024-11-22,2020-10-14,2
SHIP-287,MFG-153,PN-1923,131,"56,54",2021-02-02,2020-02-28,24
SHIP-288,MFG-50,PN-9186,28,53.24,2022-03-07,2023-11-17,10
SHIP-289,MFG-41,PN-6941,46,"28,57",2021-09-14,10/03/2024,6
SHIP-290,MFG-162,PN-9074,195,"31,83",09/09/2024,2020-01-24,2
SHIP-291,MFG-158,PN-9001,35,"6,18",2022-07-12,04/19/2024,52
SHIP-292,MFG-165,PN-2485,184,4.5,2023-08-15,07/21/2020,2
SHIP-293,MFG-172,PN-8499,110,72.41,22-05-2024,2021-12-25,27
SHIP-294,MFG-173,PN-9493,190,73.88,03/18/2021,2024-11-12,48
SHIP-295,MFG-157,PN-1929,53,"2,03",2020-12-05,2022-05-17,23
SHIP-296,MFG-173,PN-7082,14,35.94,2020-03-08,02-11-2020,20
SHIP-297,MFG-20,PN-3048,52,97.03,04/17/2023,27-08-2021,5
SHIP-298,MFG-27,PN-5512,198,"100,92",2023-07-25,12-09-2023,13
SHIP-299,MFG-119,PN-2995,9,38,12/06/2023,2023-03-20,1
SHIP-300,MFG-142,PN-3805,172,81,2024-10-02,2021-07-24,66
SHIP-301,MFG-77,PN-4520,162,47.17,04/19/2020,2021-12-25,6
SHIP-302,MFG-107,PN-7789,13,8,2023-02-08,2024-01-23,29
SHIP-303,MFG-147,PN-6031,49,19.01,27-11-2020,2023-07-27,27
SHIP-304,MFG-133,PN-5867,162,44.12,09/02/2023,01/17/2024,19
SHIP-305,MFG-23,PN-7869,115,90.08,07/05/2020,02/24/2020,28
SHIP-306,MFG-125,PN-8535,98,90.84,05/12/2024,2024-02-19,14
SHIP-307,MFG-101,PN-3437,55,"99,17",06/03/2024,09/19/2020,13
SHIP-308,MFG-191,PN-1021,137,22,06/27/2020,05/28/2022,16
SHIP-309,MFG-100,PN-3444,155,"18,37",2020-06-14,2024-12-11,14
SHIP-310,MFG-110,PN-6289,84,64,2021-11-25,2022-02-18,12
SHIP-311,MFG-77,PN-5575,146,99.25,09/11/2020,2022-11-27,7
SHIP-312,MFG-175,PN-1774,86,32.33,16-05-2021,24-08-2021,15
SHIP-313,MFG-90,PN-9249,59,"100,97",18-12-2022,19-07-2022,30
SHIP-314,MFG-153,PN-4633,152,15.34,2020-02-11,2022-08-25,15
SHIP-315,MFG-40,PN-8488,124,96,2024-10-04,2021-02-02,16
SHIP-316,MFG-23,PN-7275,19,60.57,04-09-2023,2024-08-27,2
SHIP-317,MFG-30,PN-2878,187,57.92,2022-11-10,2022-11-28,26
SHIP-318,MFG-200,PN-4882,125,15,08/01/2021,13-06-2023,3
SHIP-319,MFG-18,PN-9727,187,4,02/08/2023,2022-08-16,5
SHIP-320,MFG-124,PN-4026,80,92,2021-10-24,2022-11-10,64
SHIP-321,MFG-146,PN-2407,31,48,2024-10-18,2023-03-20,22
SHIP-322,MFG-26,PN-9240,25,71.29,2023-04-21,2021-08-22,7
SHIP-323,MFG-197,PN-9819,14,55,2024-05-11,12/07/2021,8
SHIP-324,MFG-65,PN-9427,101,95,10/18/2023,2023-04-25,1
SHIP-325,MFG-75,PN-1232,173,48,03/19/2022,2023-02-12,6
SHIP-326,MFG-12,PN-2219,171,34,2021-02-04,11/18/2023,30
SHIP-327,MFG-18,PN-5820,11,"44,63",07/09/2020,2023-08-19,5
SHIP-328,MFG-145,PN-2735,101,"89,22",2021-05-19,2020-05-19,12
SHIP-329,MFG-175,PN-5166,30,93.19,12/18/2024,03/28/2024,17
SHIP-330,MFG-96,PN-4173,132,"68,87",2021-09-25,2023-07-03,14
SHIP-331,MFG-187,PN-4465,20,64,2024-10-25,2022-01-27,66
SHIP-332,MFG-169,PN-7824,148,55,2021-03-21,2024-05-23,17
SHIP-333,MFG-52,PN-8472,71,80.31,05/26/2024,2022-03-20,26
SHIP-334,MFG-54,PN-3053,66,48.82,2021-05-17,07/12/2023,26
SHIP-335,MFG-76,PN-3496,173,"65,54",21-02-2022,02/07/2021,2
SHIP-336,MFG-112,PN-4141,142,7.21,2024-04-17,2021-10-10,2
SHIP-337,MFG-62,PN-6649,166,"14,98",11/20/2020,2021-01-22,5
SHIP-338,MFG-9,PN-9651,2,31,2020-05-17,2022-04-08,27
SHIP-339,MFG-83,PN-4534,160,41,2021-09-10,2022-05-19,22
SHIP-340,MFG-141,PN-4357,146,8,08/15/2021,2020-09-23,14
SHIP-341,MFG-36,PN-2840,5,"50,88",2022-06-07,08-09-2023,19
SHIP-342,MFG-33,PN-7084,84,62,2021-11-28,2024-07-24,26
SHIP-343,MFG-159,PN-7899,151,"60,91",2021-01-24,15-02-2020,9
SHIP-344,MFG-124,PN-4638,104,15.35,2023-05-19,2023-10-17,10
SHIP-345,MFG-109,PN-5940,40,47.3,19-06-2020,2024-12-04,54
SHIP-346,MFG-60,PN-7013,105,24.21,2022-12-06,2023-12-07,28
SHIP-347,MFG-115,PN-5187,167,33.53,09/16/2024,2020-01-12,28
SHIP-348,MFG-80,PN-9796,186,11.34,18-01-2023,11/25/2020,9
SHIP-349,MFG-87,PN-5248,81,46.39,07/24/2023,2024-03-14,29
SHIP-350,MFG-180,PN-1671,26,28,05/05/2023,11/18/2024,15
SHIP-351,MFG-19,PN-6791,181,6.83,2023-09-10,01/28/2020,7
SHIP-352,MFG-96,PN-5440,49,"64,66",2022-11-22,06/18/2024,22
SHIP-353,MFG-181,PN-7727,88,"49,67",2022-03-09,2024-02-28,65
SHIP-354,MFG-143,PN-6734,14,84.75,2021-01-10,06/19/2021,19
SHIP-355,MFG-168,PN-1806,65,"77,89",2024-03-10,2023-07-15,13
SHIP-356,MFG-134,PN-4200,76,"73,99",17-07-2022,2023-04-20,28
SHIP-357,MFG-101,PN-1180,117,6,2020-07-23,2023-03-17,5
SHIP-358,MFG-121,PN-3734,111,"45,18",2020-04-06,2023-09-21,68
SHIP-359,MFG-100,PN-6423,40,68.95,28-02-2022,2023-11-07,23
SHIP-360,MFG-27,PN-1631,99,59.32,2021-01-19,2020-08-14,15
SHIP-361,MFG-63,PN-1554,65,"26,3",2024-12-24,2022-02-19,16
SHIP-362,MFG-28,PN-8114,199,80.02,2020-02-10,2023-03-19,9
SHIP-363,MFG-155,PN-8666,176,"68,49",2020-12-18,2023-09-02,5
SHIP-364,MFG-27,PN-5938,52,"45,37",2021-08-18,04/28/2022,24
SHIP-365,MFG-57,PN-2362,183,30,2020-12-10,14-06-2023,20
SHIP-366,MFG-105,PN-4382,81,95.47,02-02-2021,2020-11-22,58
SHIP-367,MFG-41,PN-8189,31,79.34,2020-01-01,01-01-2024,21
SHIP-368,MFG-18,PN-5398,164,42,2021-02-24,2023-08-13,69
SHIP-369,MFG-150,PN-2482,109,43.59,2021-06-14,28-04-2023,6
SHIP-370,MFG-128,PN-2635,150,84,06/17/2020,2023-07-28,13
SHIP-371,MFG-18,PN-9410,129,"26,16",2021-12-23,2022-11-25,28
SHIP-372,MFG-54,PN-2177,166,26,07-09-2023,2022-06-12,12
SHIP-373,MFG-36,PN-9218,113,24,08/27/2020,2020-02-13,13
SHIP-374,MFG-172,PN-8362,123,20.28,2021-08-11,2021-01-18,26
SHIP-375,MFG-181,PN-9376,40,48.77,2024-10-07,2020-09-28,15
SHIP-376,MFG-19,PN-3701,19,51.89,2020-04-16,2022-08-09,2
SHIP-377,MFG-99,PN-6063,179,100,2023-01-02,18-08-2020,10
SHIP-378,MFG-133,PN-1611,63,38.23,2022-03-05,11/22/2021,30
SHIP-379,MFG-116,PN-7163,84,76.56,27-02-2021,2020-05-26,3
SHIP-380,MFG-21,PN-4594,131,35.64,2022-08-22,01-11-2023,10
SHIP-381,MFG-27,PN-2857,161,25.64,04/17/2023,2020-02-05,17
SHIP-382,MFG-135,PN-6181,2,"72,37",11-08-2022,02-02-2021,20
SHIP-383,MFG-39,PN-6699,118,24,02/17/2024,17-09-2021,29
SHIP-384,MFG-32,PN-6362,190,"69,05",08-09-2024,21-06-2023,30
SHIP-385,MFG-102,PN-6343,195,1.54,2020-10-17,11-07-2020,22
SHIP-386,MFG-54,PN-4652,8,17.82,2023-05-23,12/27/2022,29
SHIP-387,MFG-65,PN-1346,85,36.07,10/05/2024,2022-07-16,14
SHIP-388,MFG-67,PN-5768,179,99.47,21-06-2020,2024-07-21,2
SHIP-389,MFG-96,PN-9648,69,77,12/19/2022,2021-10-12,29
SHIP-390,MFG-138,PN-4451,1,"67,45",03/11/2022,2024-08-01,13
SHIP-391,MFG-129,PN-9940,128,28,08/12/2022,05-12-2020,24
SHIP-392,MFG-140,PN-3294,35,41,05-04-2024,2022-03-14,53
SHIP-393,MFG-171,PN-5845,135,12,08/03/2020,2020-06-09,8
SHIP-394,MFG-14,PN-1089,100,"84,95",2021-12-27,2023-07-01,30
SHIP-395,MFG-125,PN-7811,54,92.3,2023-11-07,11/17/2022,14
SHIP-396,MFG-59,PN-2347,199,93,2023-12-01,2022-07-09,13
SHIP-397,MFG-95,PN-4873,56,43.03,2023-08-24,11-10-2021,8
SHIP-398,MFG-116,PN-3224,17,66,2024-04-22,2024-12-22,15
SHIP-399,MFG-174,PN-6625,48,24.22,2021-07-15,08/06/2020,42
SHIP-400,MFG-151,PN-7862,31,27.58,2022-02-14,2023-06-08,20
SHIP-401,MFG-81,PN-7015,48,1,21-12-2020,12-07-2020,17
SHIP-402,MFG-70,PN-1804,81,51,2021-06-12,2020-09-21,20
SHIP-403,MFG-139,PN-4769,71,69.63,2023-02-22,2023-10-14,20
SHIP-404,MFG-189,PN-3502,55,6,2024-12-05,03/17/2022,16
SHIP-405,MFG-195,PN-5017,107,37,2023-01-24,2024-12-27,19
SHIP-406,MFG-21,PN-5866,155,61,2021-06-04,2024-01-02,21
SHIP-407,MFG-178,PN-7037,36,58,2021-10-15,26-11-2022,3
SHIP-408,MFG-166,PN-6798,49,98.32,2021-08-06,11/27/2023,53
SHIP-409,MFG-144,PN-1738,26,"63,27",2023-04-14,2024-07-18,27
SHIP-410,MFG-85,PN-4098,27,5.22,2022-03-26,2021-03-26,6
SHIP-411,MFG-68,PN-9827,198,"96,65",08/15/2021,2020-09-09,24
SHIP-412,MFG-42,PN-9846,87,"47,47",01/12/2020,26-12-2022,5
SHIP-413,MFG-142,PN-8894,152,70.56,03-06-2024,2023-03-14,15
SHIP-414,MFG-28,PN-3487,84,"39,12",2024-10-18,2023-03-10,1
SHIP-415,MFG-159,PN-6125,75,40.41,2020-11-23,2021-05-20,7
SHIP-416,MFG-110,PN-1561,6,64.7,2020-05-09,2022-01-26,18
SHIP-417,MFG-178,PN-1398,60,31.19,12/27/2022,03/13/2023,3
SHIP-418,MFG-60,PN-5415,179,62,2022-11-06,2022-08-23,30
SHIP-419,MFG-195,PN-7698,155,73.42,09-01-2020,2021-07-09,30
SHIP-420,MFG-71,PN-3534,181,69.22,2020-11-03,04/25/2021,2
SHIP-421,MFG-77,PN-6492,71,18,2021-03-21,2022-08-06,20
SHIP-422,MFG-156,PN-2405,125,"65,04",04/14/2021,2024-05-26,8
SHIP-423,MFG-52,PN-1228,96,"91,55",09/10/2022,06/08/2024,13
SHIP-424,MFG-50,PN-6157,43,83,2021-02-19,09/07/2021,28
SHIP-425,MFG-31,PN-1806,99,47.08,2020-12-22,2020-04-04,3
SHIP-426,MFG-26,PN-5948,177,99.43,02/08/2024,04/20/2023,17
SHIP-427,MFG-37,PN-8357,50,96.48,2021-08-14,2023-08-28,8
SHIP-428,MFG-153,PN-7198,176,64,2024-10-09,08/18/2020,9
SHIP-429,MFG-36,PN-2776,53,7.65,2024-03-17,2023-08-26,22
SHIP-430,MFG-90,PN-2924,15,90,19-04-2023,04/03/2021,19
SHIP-431,MFG-93,PN-7054,74,85.7,2023-08-25,2021-02-22,4
SHIP-432,MFG-178,PN-6540,78,53.71,09/09/2021,2021-08-05,16
SHIP-433,MFG-169,PN-6541,110,47,2020-03-24,06/25/2020,5
SHIP-434,MFG-148,PN-6442,126,90.59,04/01/2024,11/11/2023,26
SHIP-435,MFG-35,PN-4488,182,77,01/07/2022,2022-12-04,26
SHIP-436,MFG-90,PN-7663,122,62.68,03/17/2023,2023-03-04,17
SHIP-437,MFG-128,PN-3542,181,24.66,10/06/2023,02/24/2023,18
SHIP-438,MFG-160,PN-6525,107,23.19,2020-11-09,16-04-2022,10
SHIP-439,MFG-156,PN-8508,30,48,25-01-2023,2024-10-03,3
SHIP-440,MFG-119,PN-9004,55,18.51,2024-04-13,07/01/2024,30
SHIP-441,MFG-54,PN-3480,58,68.35,2020-07-21,2021-10-08,44
SHIP-442,MFG-138,PN-1694,137,"71,95",2023-09-17,05/06/2020,28
SHIP-443,MFG-89,PN-1748,48,"56,43",05/05/2020,12-12-2024,60
SHIP-444,MFG-127,PN-6285,181,"27,76",2021-08-09,2023-04-11,24
SHIP-445,MFG-35,PN-1162,86,94,2024-07-24,2020-03-27,13
SHIP-446,MFG-46,PN-6175,64,"19,1",2023-07-24,07-07-2023,5
SHIP-447,MFG-75,PN-5226,40,95.17,2024-08-21,11/25/2022,18
SHIP-448,MFG-107,PN-3292,78,79.36,23-10-2020,26-02-2021,20
SHIP-449,MFG-189,PN-9229,152,"63,71",2022-09-06,06/10/2020,6
SHIP-450,MFG-147,PN-6200,61,99,2021-07-26,2024-05-23,14
SHIP-451,MFG-93,PN-8239,17,19,06/04/2022,11/13/2023,16
SHIP-452,MFG-81,PN-4541,40,47,2023-09-11,26-07-2022,13
SHIP-453,MFG-164,PN-7652,98,"84,4",2022-11-14,2021-10-26,10
SHIP-454,MFG-57,PN-1632,120,12,2021-12-17,09/21/2021,4
SHIP-455,MFG-81,PN-4058,4,16.25,2021-12-16,2023-01-27,1
SHIP-456,MFG-6,PN-5824,93,40.37,04-01-2023,2020-06-24,19
SHIP-457,MFG-24,PN-7218,148,"51,72",01/15/2022,2020-02-28,29
SHIP-458,MFG-47,PN-9390,171,35.82,2024-06-04,03-01-2021,12
SHIP-459,MFG-96,PN-8234,67,38,2023-09-22,10/23/2023,55
SHIP-460,MFG-39,PN-4574,100,25.79,2024-09-11,2022-08-19,30
SHIP-461,MFG-158,PN-5024,69,19,08/25/2022,2020-06-20,40
SHIP-462,MFG-77,PN-5738,154,"82,38",2022-04-15,01-11-2021,22
SHIP-463,MFG-167,PN-7573,67,85,2022-05-28,2024-11-19,18
SHIP-464,MFG-89,PN-4927,87,93.57,2020-09-20,2022-06-09,1
SHIP-465,MFG-147,PN-5233,101,10.88,11/16/2024,2024-01-26,17
SHIP-466,MFG-194,PN-8502,176,88.65,2024-03-11,24-01-2021,11
SHIP-467,MFG-147,PN-4469,5,"78,98",12/15/2024,06/22/2023,59
SHIP-468,MFG-97,PN-2990,130,"24,73",2023-05-21,07/20/2023,18
SHIP-469,MFG-126,PN-4362,187,77,03-05-2021,2022-10-14,16
SHIP-470,MFG-45,PN-1263,142,30,03/27/2020,2023-11-03,20
SHIP-471,MFG-126,PN-6944,82,35.51,08/24/2020,2023-11-12,14
SHIP-472,MFG-62,PN-8458,159,34,2020-09-15,2024-03-04,25
SHIP-473,MFG-129,PN-6898,152,87,2023-12-02,13-02-2022,28
SHIP-474,MFG-39,PN-9068,74,34.89,04/18/2024,2020-04-05,27
SHIP-475,MFG-181,PN-2787,162,15,2023-03-26,2024-05-06,30
SHIP-476,MFG-187,PN-6719,126,73,2022-09-15,2023-03-17,22
SHIP-477,MFG-154,PN-1156,21,26,09/01/2022,2020-09-11,25
SHIP-478,MFG-69,PN-6930,46,63.03,2022-01-17,22-02-2022,12
SHIP-479,MFG-151,PN-5393,23,78.93,09/14/2022,2024-10-14,26
SHIP-480,MFG-120,PN-9518,107,"72,88",2020-09-07,01/05/2024,8
SHIP-481,MFG-55,PN-1676,95,"84,83",2021-06-27,12/18/2024,29
SHIP-482,MFG-61,PN-6029,116,53,11/22/2021,2020-10-15,20
SHIP-483,MFG-132,PN-1345,151,69,2020-01-11,2021-02-28,21
SHIP-484,MFG-117,PN-2895,165,69,2024-10-22,2021-05-10,5
SHIP-485,MFG-133,PN-8127,155,34.8,06/24/2020,05/14/2024,19
SHIP-486,MFG-38,PN-6206,118,92.58,07/14/2022,04/23/2023,10
SHIP-487,MFG-164,PN-4586,69,"18,87",11/07/2020,08-11-2024,1
SHIP-488,MFG-125,PN-5593,138,30,2023-04-03,2023-10-09,23
SHIP-489,MFG-150,PN-5784,91,4,2020-12-26,26-01-2021,14
SHIP-490,MFG-175,PN-9215,56,29,2020-10-11,21-01-2021,26
SHIP-491,MFG-18,PN-6564,136,"76,58",2023-02-14,2020-10-24,10
SHIP-492,MFG-37,PN-2671,119,40,04/14/2021,01/23/2023,4
SHIP-493,MFG-186,PN-8805,127,74.74,2022-05-24,2022-03-18,56
SHIP-494,MFG-111,PN-7219,67,"92,37",2022-10-05,2022-09-28,20
SHIP-495,MFG-3,PN-3935,26,96,10-04-2022,2023-08-28,22
SHIP-496,MFG-121,PN-8728,65,71.03,2024-05-01,11/02/2024,5
SHIP-497,MFG-87,PN-2959,24,19.55,19-08-2022,2022-10-03,26
SHIP-498,MFG-105,PN-5034,110,"45,39",2020-02-06,2021-01-26,12
SHIP-499,MFG-177,PN-7746,53,82.96,2021-03-15,03/23/2020,13
SHIP-500,MFG-176,PN-8237,194,"43,64",10/07/2023,06-03-2021,54
SHIP-501,MFG-68,PN-1420,62,30,2022-05-07,2024-08-07,50
SHIP-502,MFG-184,PN-1677,191,55,2022-11-19,21-04-2020,6
SHIP-503,MFG-1,PN-3664,99,70.09,09-04-2024,2021-11-21,22
SHIP-504,MFG-63,PN-9813,19,"38,06",28-02-2020,2023-10-14,19
SHIP-505,MFG-145,PN-5325,195,46.7,2023-07-21,09-06-2023,8
SHIP-506,MFG-129,PN-3490,169,30.53,17-12-2024,2022-06-06,5
SHIP-507,MFG-22,PN-1827,156,11,2020-08-19,2020-01-23,30
SHIP-508,MFG-130,PN-3744,53,"58,46",2020-04-22,2023-02-02,18
SHIP-509,MFG-79,PN-9499,73,34.05,2024-03-11,2024-07-07,27
SHIP-510,MFG-103,PN-6010,155,"77,54",2024-04-24,2020-10-22,1
SHIP-511,MFG-33,PN-6358,89,53.83,2024-11-28,2020-09-26,1
SHIP-512,MFG-170,PN-4991,150,"71,6",07/12/2022,2021-01-09,15
SHIP-513,MFG-46,PN-4108,191,68,2022-12-12,04/15/2021,4
SHIP-514,MFG-160,PN-1785,20,87,2020-02-19,01/15/2020,1
SHIP-515,MFG-13,PN-6342,142,90,2022-05-24,07/17/2024,13
SHIP-516,MFG-46,PN-3070,119,15.8,2020-02-11,2024-12-22,24
SHIP-517,MFG-196,PN-3203,53,"91,73",01/14/2023,2022-09-28,5
SHIP-518,MFG-117,PN-8932,47,23.46,2022-08-22,25-02-2020,30
SHIP-519,MFG-154,PN-8207,50,"4,14",2024-06-21,09/18/2022,30
SHIP-520,MFG-102,PN-1711,190,74.74,2020-10-14,2024-11-08,36
SHIP-521,MFG-92,PN-1696,67,35.82,25-10-2024,2023-08-09,16
SHIP-522,MFG-159,PN-8872,63,99.14,09/13/2024,2023-08-10,3
SHIP-523,MFG-153,PN-1537,86,"16,74",28-10-2022,2021-12-11,2
SHIP-524,MFG-134,PN-9783,155,"38,05",03/25/2020,03/19/2022,16
SHIP-525,MFG-167,PN-2143,193,81,01-11-2023,2023-01-13,25
SHIP-526,MFG-115,PN-5328,91,"98,44",07/18/2020,2021-12-28,20
SHIP-527,MFG-166,PN-3059,84,"67,17",2023-09-12,06/03/2024,6
SHIP-528,MFG-32,PN-3901,165,12.39,2023-08-23,11/15/2022,1
SHIP-529,MFG-80,PN-8479,129,14,09/23/2022,2022-05-23,18
SHIP-530,MFG-39,PN-5647,75,32.6,2021-01-26,2022-09-10,3
SHIP-531,MFG-6,PN-1155,174,"98,77",2020-02-21,08/15/2022,26
SHIP-532,MFG-106,PN-3702,37,69.14,2022-11-18,23-07-2023,29
SHIP-533,MFG-159,PN-8837,58,"37,11",2021-04-04,09/04/2023,47
SHIP-534,MFG-46,PN-3186,154,51,04/06/2021,12/23/2024,29
SHIP-535,MFG-94,PN-3226,104,75.77,2023-08-12,04/06/2024,10
SHIP-536,MFG-19,PN-6148,50,70.1,2023-01-28,12/19/2022,4
SHIP-537,MFG-22,PN-6006,127,73.53,2022-01-05,04-09-2022,18
SHIP-538,MFG-169,PN-2713,184,96,12/08/2022,08/15/2021,8
SHIP-539,MFG-197,PN-1617,160,2.7,06-07-2022,2024-09-21,29
SHIP-540,MFG-44,PN-6648,119,80.79,2021-12-12,05/19/2024,16
SHIP-541,MFG-126,PN-6821,65,50,10-11-2023,2023-07-12,5
SHIP-542,MFG-184,PN-1904,53,74.67,01/22/2021,01-03-2022,23
SHIP-543,MFG-166,PN-7946,101,"48,66",2023-11-10,11/01/2022,3
SHIP-544,MFG-123,PN-6761,29,8.12,09/06/2023,12/18/2024,20
SHIP-545,MFG-12,PN-3241,11,83,2022-10-18,10/02/2024,29
SHIP-546,MFG-96,PN-8625,180,16.2,11/09/2021,2022-06-07,25
SHIP-547,MFG-98,PN-3149,78,"95,49",09/27/2024,05-03-2023,13
SHIP-548,MFG-55,PN-4157,27,23.07,2021-04-13,2022-01-07,2
SHIP-549,MFG-124,PN-5859,72,13.35,10/17/2024,05-01-2024,13
SHIP-550,MFG-40,PN-1091,31,72,2024-02-11,2022-11-15,21
SHIP-551,MFG-121,PN-3814,65,7.29,03/22/2021,11-06-2020,3
SHIP-552,MFG-110,PN-1282,11,43.68,2020-08-16,2023-02-12,30
SHIP-553,MFG-90,PN-4242,158,"42,53",2020-05-06,2024-08-14,27
SHIP-554,MFG-170,PN-3231,25,56.88,2022-10-17,07/27/2022,23
SHIP-555,MFG-194,PN-4262,156,41,2021-10-08,11/24/2020,24
SHIP-556,MFG-180,PN-4702,160,66.8,12/26/2022,2022-09-21,24
SHIP-557,MFG-49,PN-1566,84,51.47,2023-11-27,08-10-2022,23
SHIP-558,MFG-32,PN-4126,63,15.2,05/17/2024,2021-08-17,7
SHIP-559,MFG-74,PN-5070,183,51,12/09/2022,2023-02-06,19
SHIP-560,MFG-86,PN-6932,180,"27,1",04/24/2023,13-09-2021,7
SHIP-561,MFG-84,PN-3359,54,"8,36",2021-10-23,07/18/2024,52
SHIP-562,MFG-88,PN-6460,24,71.23,19-02-2021,2023-09-18,26
SHIP-563,MFG-157,PN-8074,192,56,2021-10-07,2021-01-20,13
SHIP-564,MFG-148,PN-4098,193,10.33,28-11-2021,07/05/2020,29
SHIP-565,MFG-121,PN-7523,89,70,05/09/2023,2023-06-10,9
SHIP-566,MFG-31,PN-7148,165,4.81,2020-06-03,2022-01-27,12
SHIP-567,MFG-36,PN-6315,117,68,2022-10-20,01/10/2020,7
SHIP-568,MFG-83,PN-2871,110,91,05-12-2024,09/26/2023,11
SHIP-569,MFG-114,PN-7298,93,61,03-07-2023,2020-01-10,32
SHIP-570,MFG-69,PN-2175,134,99,2021-02-18,15-03-2020,2
SHIP-571,MFG-189,PN-7564,30,94.24,2024-11-15,13-12-2024,7
SHIP-572,MFG-14,PN-9015,157,86.31,11/10/2023,2024-10-10,32
SHIP-573,MFG-12,PN-4213,4,98,2023-01-24,2022-12-05,52
SHIP-574,MFG-199,PN-8460,109,17.99,04/19/2020,2024-04-07,4
SHIP-575,MFG-87,PN-5867,13,"90,94",20-07-2021,20-02-2021,12
SHIP-576,MFG-55,PN-4709,27,"11,68",18-08-2023,23-11-2021,15
SHIP-577,MFG-3,PN-6758,94,"73,34",2022-10-08,2023-12-22,11
SHIP-578,MFG-187,PN-6924,42,78,2021-01-25,2020-10-24,27
SHIP-579,MFG-198,PN-4298,175,13.81,2022-12-22,12-01-2021,24
SHIP-580,MFG-87,PN-5859,199,15,01-04-2023,04/08/2020,1
SHIP-581,MFG-174,PN-2029,152,"14,78",2022-02-15,08-05-2022,23
SHIP-582,MFG-15,PN-4081,155,34.8,08/13/2020,2022-01-11,28
SHIP-583,MFG-70,PN-1654,137,20.08,2020-04-07,2023-04-25,7
SHIP-584,MFG-192,PN-3023,121,"15,82",2021-09-09,2024-08-09,17
SHIP-585,MFG-26,PN-9281,144,"95,04",10/10/2022,2021-05-14,29
SHIP-586,MFG-95,PN-7857,42,"92,22",10/08/2020,2024-04-26,10
SHIP-587,MFG-194,PN-7748,152,54.77,2023-12-20,19-12-2024,14
SHIP-588,MFG-7,PN-3022,136,100,2020-07-24,03/11/2024,36
SHIP-589,MFG-34,PN-1504,185,6,2020-06-16,2021-03-15,27
SHIP-590,MFG-63,PN-6649,199,75.27,02/13/2022,2023-05-18,16
SHIP-591,MFG-13,PN-5178,124,75.64,02/12/2021,03/15/2022,8
SHIP-592,MFG-113,PN-4042,19,34,2020-12-28,2024-06-09,10
SHIP-593,MFG-117,PN-1076,1,"93,96",07-08-2024,05/05/2021,24
SHIP-594,MFG-48,PN-9791,89,60,2020-05-07,2021-12-19,21
SHIP-595,MFG-122,PN-3555,32,53.68,2022-12-21,2021-05-21,27
SHIP-596,MFG-19,PN-2251,105,"23,67",2020-05-14,2021-10-24,17
SHIP-597,MFG-135,PN-6754,133,96.6,2022-07-24,2022-11-28,69
SHIP-598,MFG-37,PN-5804,30,"93,99",15-04-2020,2024-10-03,13
SHIP-599,MFG-3,PN-1944,43,"40,2",2023-02-27,2024-05-27,51
SHIP-600,MFG-147,PN-6905,183,84.69,10-05-2023,03/25/2023,16
SHIP-601,MFG-137,PN-4768,192,99,12/22/2021,2020-04-04,4
SHIP-602,MFG-80,PN-1584,32,2.13,2024-01-20,06/16/2022,25
SHIP-603,MFG-59,PN-1489,53,50.17,08-02-2024,2023-09-22,6
SHIP-604,MFG-26,PN-7081,25,30,2023-03-12,10-09-2020,26
SHIP-605,MFG-15,PN-2621,141,73.8,2024-06-01,2020-10-01,20
SHIP-606,MFG-159,PN-4089,199,52.86,06/13/2022,06/18/2024,17
SHIP-607,MFG-105,PN-7324,80,41,01-04-2021,12-08-2021,9
SHIP-608,MFG-35,PN-6499,162,"49,29",2024-08-16,2024-04-26,11
SHIP-609,MFG-59,PN-5673,90,29.52,08/03/2023,2024-08-10,40
SHIP-610,MFG-180,PN-5939,54,69,2024-01-04,2024-02-12,9
SHIP-611,MFG-31,PN-1348,77,16.36,2020-10-04,2021-11-13,48
SHIP-612,MFG-135,PN-8897,132,86.55,12/12/2021,2024-03-01,25
SHIP-613,MFG-167,PN-2093,141,44,2023-12-03,26-12-2024,5
SHIP-614,MFG-56,PN-8332,85,20.01,2024-12-09,2021-04-13,25
SHIP-615,MFG-43,PN-7969,116,38.26,2021-02-16,2024-09-25,28
SHIP-616,MFG-121,PN-6464,176,20.35,05-03-2020,06-10-2021,17
SHIP-617,MFG-30,PN-8026,63,"6,69",2022-05-10,01/08/2020,30
SHIP-618,MFG-193,PN-8558,118,42.33,2024-05-27,10/24/2024,20
SHIP-619,MFG-62,PN-8118,70,4.97,18-04-2023,02-11-2020,1
SHIP-620,MFG-60,PN-8732,158,75,03/07/2020,2021-04-21,3
SHIP-621,MFG-184,PN-9987,137,85.83,2021-07-21,2020-06-14,2
SHIP-622,MFG-33,PN-6629,68,"71,01",2021-09-07,2021-09-06,27
SHIP-623,MFG-131,PN-9543,159,"86,45",2021-04-26,01/10/2024,26
SHIP-624,MFG-132,PN-7099,71,5,04/06/2020,23-10-2020,7
SHIP-625,MFG-58,PN-5046,47,90.8,2022-08-25,03-03-2021,18
SHIP-626,MFG-43,PN-1630,97,78.23,2021-06-13,06/19/2022,7
SHIP-627,MFG-60,PN-1138,41,19.71,2024-09-20,2020-08-04,58
SHIP-628,MFG-94,PN-1628,129,53,02/18/2023,26-05-2021,7
SHIP-629,MFG-29,PN-4696,96,94,2021-10-15,2023-05-28,27
SHIP-630,MFG-172,PN-6477,162,52.84,2021-06-06,2021-02-20,3
SHIP-631,MFG-169,PN-8065,143,55.09,11/28/2023,2024-03-04,42
SHIP-632,MFG-103,PN-1400,58,55,15-03-2023,2023-07-21,6
SHIP-633,MFG-150,PN-3896,149,"66,99",05/07/2020,2022-07-05,17
SHIP-634,MFG-177,PN-9612,131,37,03/09/2022,25-06-2021,15
SHIP-635,MFG-97,PN-9142,51,26.74,11/01/2023,08-07-2021,30
SHIP-636,MFG-25,PN-6215,83,21.41,2022-07-07,2021-02-15,12
SHIP-637,MFG-131,PN-2619,186,"84,7",2021-09-21,2022-06-11,24
SHIP-638,MFG-156,PN-9898,150,79.62,26-07-2020,11/15/2021,5
SHIP-639,MFG-117,PN-1497,119,31.58,06/04/2021,2020-06-13,1
SHIP-640,MFG-58,PN-1813,102,"31,78",2020-11-06,2024-10-22,15
SHIP-641,MFG-172,PN-4431,98,44.84,2024-05-28,2020-10-05,17
SHIP-642,MFG-31,PN-8678,132,"73,84",2023-01-11,2024-08-02,15
SHIP-643,MFG-33,PN-4506,81,"83,79",10/12/2024,04/05/2022,20
SHIP-644,MFG-61,PN-9509,104,57.46,04-10-2022,01/16/2021,4
SHIP-645,MFG-83,PN-4656,15,62.36,2022-03-01,2021-05-21,4
SHIP-646,MFG-66,PN-1566,5,38.59,2020-01-20,26-10-2023,16
SHIP-647,MFG-78,PN-1493,85,50.28,2023-04-09,26-01-2021,5
SHIP-648,MFG-186,PN-1941,113,38.58,09-12-2022,08/22/2023,5
SHIP-649,MFG-107,PN-5390,28,65,23-01-2021,2020-05-05,6
SHIP-650,MFG-186,PN-5098,172,28.02,05/14/2022,2021-10-03,12
SHIP-651,MFG-59,PN-1837,145,36.86,2020-03-05,2024-04-21,20
SHIP-652,MFG-199,PN-1241,101,60.12,2020-05-21,2022-11-11,30
SHIP-653,MFG-156,PN-6691,38,58.9,2023-10-26,2023-12-05,12
SHIP-654,MFG-157,PN-2266,58,14,2021-09-21,2023-01-05,11
SHIP-655,MFG-105,PN-3721,125,90,06/04/2020,2022-08-14,29
SHIP-656,MFG-54,PN-5133,132,85.75,12/21/2022,11/27/2020,8
SHIP-657,MFG-156,PN-2324,166,57,21-12-2020,2023-12-15,14
SHIP-658,MFG-54,PN-3536,189,59,2020-06-28,04-11-2021,16
SHIP-659,MFG-119,PN-8308,37,101,2024-08-06,2021-08-14,27
SHIP-660,MFG-101,PN-4303,61,93,2021-05-02,2021-11-20,21
SHIP-661,MFG-46,PN-1760,132,8.54,02/12/2020,2020-05-02,26
SHIP-662,MFG-102,PN-6416,196,30.09,2022-01-23,2021-02-09,5
SHIP-663,MFG-2,PN-8980,73,91,2022-07-05,2022-02-19,9
SHIP-664,MFG-109,PN-6149,156,64,07/03/2021,05/27/2020,19
SHIP-665,MFG-68,PN-7033,80,38.77,26-05-2020,2021-12-10,3
SHIP-666,MFG-110,PN-7132,93,14.09,06-01-2020,2021-12-27,28
SHIP-667,MFG-93,PN-8141,83,3,25-08-2023,22-02-2021,29
SHIP-668,MFG-14,PN-3365,112,93.98,2020-06-06,22-02-2020,9
SHIP-669,MFG-145,PN-3403,161,21,2023-02-01,2024-07-27,6
SHIP-670,MFG-105,PN-3041,169,83,2023-05-16,2022-02-02,46
SHIP-671,MFG-39,PN-7797,161,59,08/26/2020,2022-05-27,52
SHIP-672,MFG-200,PN-3639,155,93,06/17/2021,2024-10-10,30
SHIP-673,MFG-184,PN-8845,55,55.11,2023-07-12,24-12-2022,29
SHIP-674,MFG-170,PN-3335,123,34,2023-12-10,11-06-2023,23
SHIP-675,MFG-91,PN-9923,43,65,2024-01-16,06/25/2021,7
SHIP-676,MFG-115,PN-6397,188,26,07/20/2021,12/09/2021,48
SHIP-677,MFG-181,PN-2191,98,"50,74",2022-03-13,2020-05-23,4
SHIP-678,MFG-64,PN-4270,108,12,2024-05-05,02/07/2024,20
SHIP-679,MFG-69,PN-2271,152,42.68,05/20/2024,27-08-2022,9
SHIP-680,MFG-137,PN-8695,164,67,2020-06-15,02/16/2021,2
SHIP-681,MFG-24,PN-6179,180,"78,28",07/05/2022,2021-02-19,22
SHIP-682,MFG-114,PN-7917,167,96.18,2020-06-18,2021-02-26,20
SHIP-683,MFG-121,PN-5105,134,39.7,22-10-2020,02/09/2021,25
SHIP-684,MFG-200,PN-7264,69,27,2020-04-25,2024-06-24,20
SHIP-685,MFG-94,PN-6272,87,10,2024-07-08,2021-05-28,52
SHIP-686,MFG-132,PN-3768,181,6,2022-05-16,09/22/2023,22
SHIP-687,MFG-97,PN-9279,169,69.13,2023-03-18,2024-08-27,20
SHIP-688,MFG-106,PN-3553,88,1.46,2024-12-05,2022-01-05,16
SHIP-689,MFG-193,PN-9108,20,60.28,15-07-2023,04/23/2023,30
SHIP-690,MFG-82,PN-1272,41,71.53,2022-10-04,2024-07-09,19
SHIP-691,MFG-3,PN-2963,52,12.41,15-08-2024,12/08/2023,30
SHIP-692,MFG-169,PN-8164,132,43.52,2024-04-07,2024-11-26,19
SHIP-693,MFG-84,PN-8320,24,99.43,2024-06-23,2024-11-03,19
SHIP-694,MFG-6,PN-9000,138,36,2021-10-06,02/07/2020,22
SHIP-695,MFG-143,PN-7521,192,"54,19",2021-07-07,23-07-2020,24
SHIP-696,MFG-112,PN-3394,27,"24,97",2021-04-14,2022-11-26,9
SHIP-697,MFG-53,PN-9585,112,71.25,2021-06-01,18-03-2023,13
SHIP-698,MFG-164,PN-6928,147,"40,32",2020-11-06,26-12-2020,65
SHIP-699,MFG-107,PN-4844,8,28.66,2022-03-27,08/11/2024,3
SHIP-700,MFG-67,PN-7744,126,"62,82",2022-12-23,2021-09-26,1
SHIP-701,MFG-140,PN-9162,30,92,20-08-2021,2023-03-18,11
SHIP-702,MFG-66,PN-9830,103,79.49,2023-12-25,12/04/2023,11
SHIP-703,MFG-165,PN-2283,24,"60,45",2020-08-25,05/06/2024,13
SHIP-704,MFG-63,PN-7257,158,92.16,2022-04-15,2022-01-26,32
SHIP-705,MFG-124,PN-1642,35,74.48,2023-11-02,26-10-2020,28
SHIP-706,MFG-45,PN-6520,50,90,2023-10-20,2022-08-23,16
SHIP-707,MFG-15,PN-6638,100,53,22-09-2024,06/03/2024,15
SHIP-708,MFG-49,PN-1633,168,85.52,01-04-2023,18-12-2023,19
SHIP-709,MFG-84,PN-2082,22,73.51,08/06/2022,01/07/2020,5
SHIP-710,MFG-116,PN-9528,23,76.2,2020-02-09,2023-05-03,27
SHIP-711,MFG-110,PN-6757,20,17.14,18-12-2020,2024-09-12,10
SHIP-712,MFG-150,PN-3036,104,4.2,2023-08-11,10-11-2020,41
SHIP-713,MFG-119,PN-2261,99,46,2023-06-23,01/10/2021,4
SHIP-714,MFG-14,PN-2824,59,99.36,2020-10-13,11/07/2022,6
SHIP-715,MFG-50,PN-1437,184,69,11/28/2024,2021-11-26,25
SHIP-716,MFG-58,PN-6910,198,46.66,05/22/2023,04/01/2022,1
SHIP-717,MFG-32,PN-6134,139,"62,5",07/21/2023,11/05/2024,53
SHIP-718,MFG-35,PN-3906,178,75,05/01/2024,03/14/2022,16
SHIP-719,MFG-21,PN-9640,182,88.91,27-04-2021,01/12/2022,2
SHIP-720,MFG-152,PN-3561,99,"1,12",2024-12-10,2023-12-19,25
SHIP-721,MFG-172,PN-6328,84,44.99,23-12-2021,2024-11-18,57
SHIP-722,MFG-5,PN-8112,36,23.65,01/01/2020,2020-12-27,11
SHIP-723,MFG-163,PN-2364,175,"38,8",2023-08-22,2020-01-04,15
SHIP-724,MFG-153,PN-3309,146,9.67,10/01/2020,2020-12-16,2
SHIP-725,MFG-65,PN-8170,178,36,2023-12-16,07/14/2021,20
SHIP-726,MFG-119,PN-1174,141,96,2024-10-24,2022-04-12,1
SHIP-727,MFG-32,PN-4341,20,4.39,06-08-2021,03/12/2020,18
SHIP-728,MFG-10,PN-8405,64,"70,43",07/10/2024,2024-11-20,21
SHIP-729,MFG-100,PN-3467,86,95.86,12/05/2023,2023-10-26,3
SHIP-730,MFG-36,PN-9708,168,89,07/17/2022,11/03/2020,25
SHIP-731,MFG-152,PN-9594,69,"64,82",2024-09-07,2023-08-12,11
SHIP-732,MFG-96,PN-8141,170,77.3,02/10/2020,2023-02-20,8
SHIP-733,MFG-69,PN-7239,156,74.25,2021-10-02,07/08/2023,16
SHIP-734,MFG-77,PN-8058,144,30,10/09/2024,2022-11-04,30
SHIP-735,MFG-50,PN-4704,153,27.22,2021-11-09,02/24/2022,15
SHIP-736,MFG-60,PN-4906,72,92.21,2024-06-12,2023-04-14,30
SHIP-737,MFG-126,PN-3247,21,"6,4",2024-06-08,2020-12-12,13
SHIP-738,MFG-68,PN-2241,28,"4,37",2022-12-03,2024-08-16,10
SHIP-739,MFG-12,PN-2944,27,78.24,28-01-2023,07-02-2024,23
SHIP-740,MFG-81,PN-2204,19,8.3,27-07-2021,2020-12-03,27
SHIP-741,MFG-5,PN-7772,198,43.2,2020-07-27,05-02-2020,26
SHIP-742,MFG-46,PN-4386,20,85.12,24-01-2024,2023-10-07,5
SHIP-743,MFG-181,PN-2820,59,62.72,2024-01-04,2023-10-14,15
SHIP-744,MFG-153,PN-6938,70,"87,57",2023-12-08,2024-05-02,3
SHIP-745,MFG-101,PN-6180,144,"55,95",11/15/2021,2021-11-03,28
SHIP-746,MFG-86,PN-2977,161,"38,29",2024-02-13,2021-07-22,26
SHIP-747,MFG-195,PN-3913,54,11.5,13-10-2021,11/19/2022,23
SHIP-748,MFG-19,PN-7332,113,38.98,2023-02-04,15-05-2021,15
SHIP-749,MFG-32,PN-4311,36,25.22,2021-04-12,2024-05-05,12
SHIP-750,MFG-63,PN-7328,141,17,2020-03-20,03/02/2020,21
SHIP-751,MFG-172,PN-8686,118,70,2021-02-24,2023-09-02,18
SHIP-752,MFG-102,PN-9790,145,"28,02",12/21/2024,2024-08-05,3
SHIP-753,MFG-126,PN-1219,145,33,2021-11-02,2021-03-13,30
SHIP-754,MFG-107,PN-7662,186,2,2020-08-10,2021-05-01,16
SHIP-755,MFG-176,PN-9696,90,29,09/24/2020,10/02/2021,8
SHIP-756,MFG-57,PN-8236,88,42.19,2022-08-23,2022-05-26,19
SHIP-757,MFG-177,PN-7729,98,23.66,2024-09-14,15-04-2022,11
SHIP-758,MFG-122,PN-8690,53,9.79,2023-07-06,04-09-2024,62
SHIP-759,MFG-200,PN-8732,174,8.91,2021-11-25,2023-01-27,1
SHIP-760,MFG-184,PN-8580,5,87,2021-08-15,19-11-2024,10
SHIP-761,MFG-86,PN-9275,32,89.69,05/18/2024,2022-05-10,16
SHIP-762,MFG-38,PN-5033,172,84.72,11/06/2021,10/27/2022,8
SHIP-763,MFG-19,PN-6210,120,"12,45",2024-07-22,02/16/2024,12
SHIP-764,MFG-116,PN-1230,194,92.76,18-03-2022,2023-08-07,1
SHIP-765,MFG-41,PN-1405,102,44.08,2020-04-24,2021-07-02,14
SHIP-766,MFG-70,PN-5197,171,1.46,2021-04-22,2020-09-04,19
SHIP-767,MFG-182,PN-1717,23,54.16,01/22/2023,2023-10-03,23
SHIP-768,MFG-138,PN-6545,169,11.81,2022-06-21,01-02-2023,26
SHIP-769,MFG-156,PN-4233,197,54,2021-10-28,2021-03-22,19
SHIP-770,MFG-174,PN-3701,157,44,01/03/2021,14-06-2023,20
SHIP-771,MFG-69,PN-5579,152,62,12/24/2020,2024-05-03,9
SHIP-772,MFG-55,PN-8992,115,39.32,26-12-2022,2020-02-02,31
SHIP-773,MFG-38,PN-3731,109,77,01/15/2023,2022-11-23,28
SHIP-774,MFG-24,PN-1750,172,"99,88",2023-02-12,2020-12-26,9
SHIP-775,MFG-195,PN-8229,109,49,2022-02-04,01-02-2022,28
SHIP-776,MFG-97,PN-8002,5,18,2023-05-04,2021-12-21,16
SHIP-777,MFG-132,PN-7059,86,51.63,2023-03-08,2024-12-06,13
SHIP-778,MFG-70,PN-2294,112,"72,06",2023-07-10,28-02-2023,22
SHIP-779,MFG-191,PN-3700,119,76.66,2020-12-20,09/06/2022,21
SHIP-780,MFG-125,PN-7486,139,13.98,07/02/2022,02-10-2024,23
SHIP-781,MFG-125,PN-3934,27,"86,28",05/09/2023,2021-06-17,3
SHIP-782,MFG-48,PN-9398,187,"13,44",2023-01-09,2024-08-02,10
SHIP-783,MFG-36,PN-6149,167,75.6,2020-02-06,09-01-2020,5
SHIP-784,MFG-180,PN-1003,16,10.86,08-11-2020,08-02-2024,27
SHIP-785,MFG-159,PN-8452,51,"78,19",2022-09-21,2022-08-14,12
SHIP-786,MFG-107,PN-4272,89,98.74,2020-04-03,2020-09-26,1
SHIP-787,MFG-197,PN-6615,181,"38,37",2020-07-24,23-01-2022,26
SHIP-788,MFG-179,PN-5995,121,92.51,10/18/2022,08-04-2022,9
SHIP-789,MFG-181,PN-9826,116,82.13,25-01-2021,11-03-2023,10
SHIP-790,MFG-8,PN-7439,83,"42,75",14-01-2023,2022-09-22,29
SHIP-791,MFG-169,PN-1891,168,"78,38",2020-02-11,2020-05-05,1
SHIP-792,MFG-103,PN-6273,91,25,2020-03-17,13-03-2021,7
SHIP-793,MFG-175,PN-9535,130,56,03/25/2021,2024-03-19,28
SHIP-794,MFG-131,PN-2326,117,95.96,02/12/2020,2023-08-21,1
SHIP-795,MFG-161,PN-8199,117,"81,84",2024-09-26,2021-06-24,62
SHIP-796,MFG-116,PN-3533,91,1,2024-07-27,2022-01-20,19
SHIP-797,MFG-195,PN-5454,178,77.52,2021-12-24,2021-08-17,1
SHIP-798,MFG-34,PN-2864,66,2.08,2022-09-13,2022-01-13,24
SHIP-799,MFG-66,PN-9159,23,50.58,2020-02-20,03/28/2020,14
SHIP-800,MFG-159,PN-1443,58,48.7,2021-12-08,2020-03-08,7
SHIP-801,MFG-195,PN-1869,132,63,04/04/2022,14-04-2021,14
SHIP-802,MFG-72,PN-4225,24,1.17,2024-11-12,2022-03-27,5
SHIP-803,MFG-43,PN-6948,99,"54,77",2021-02-11,2023-07-08,25
SHIP-804,MFG-44,PN-7642,34,"38,86",2023-06-12,2020-10-20,65
SHIP-805,MFG-118,PN-6365,47,"2,27",23-08-2024,2024-11-03,27
SHIP-806,MFG-195,PN-9178,113,32,2022-03-26,2021-02-07,25
SHIP-807,MFG-162,PN-4405,35,"54,13",2024-10-16,2024-12-26,10
SHIP-808,MFG-35,PN-1548,103,36.86,2023-07-24,02/21/2020,13
SHIP-809,MFG-8,PN-5345,146,35.84,09-06-2021,06/18/2022,28
SHIP-810,MFG-48,PN-6844,68,47,2022-08-28,24-05-2024,22
SHIP-811,MFG-52,PN-4766,84,64,03-07-2021,2021-05-07,6
SHIP-812,MFG-138,PN-5757,143,72,09/27/2024,2020-04-27,13
SHIP-813,MFG-12,PN-9874,176,11,17-07-2021,2023-11-16,14
SHIP-814,MFG-30,PN-1269,92,"70,65",08-04-2024,05-03-2024,54
SHIP-815,MFG-128,PN-2030,96,84,01/26/2023,26-07-2023,48
SHIP-816,MFG-154,PN-5395,106,80,07/04/2024,2023-03-03,4
SHIP-817,MFG-12,PN-1270,137,42.76,2021-05-21,14-03-2024,26
SHIP-818,MFG-134,PN-7173,97,29.91,2022-10-01,2022-09-16,2
SHIP-819,MFG-131,PN-7392,7,83.15,05-03-2021,19-01-2022,26
SHIP-820,MFG-124,PN-9589,8,"92,99",2022-04-04,2020-01-24,1
SHIP-821,MFG-72,PN-4600,160,"91,47",10-03-2020,2024-07-01,13
SHIP-822,MFG-12,PN-8416,97,32.69,2024-11-05,09/01/2024,14
SHIP-823,MFG-182,PN-4304,32,58.92,15-02-2022,05/01/2024,17
SHIP-824,MFG-105,PN-3310,160,35,2020-08-12,21-01-2020,16
SHIP-825,MFG-23,PN-3107,180,78,07-12-2024,07/04/2021,11
SHIP-826,MFG-7,PN-5703,154,86.01,01-04-2022,11/05/2024,25
SHIP-827,MFG-120,PN-8204,33,37.61,10/19/2020,2024-07-02,16
SHIP-828,MFG-91,PN-5080,102,39,2023-03-19,2023-02-28,25
SHIP-829,MFG-61,PN-9243,162,85,04/11/2020,02/07/2020,29
SHIP-830,MFG-111,PN-7157,140,15.6,10/05/2024,22-09-2021,18
SHIP-831,MFG-180,PN-4344,13,54.88,03-06-2021,2024-09-22,51
SHIP-832,MFG-124,PN-5526,64,96.92,2022-08-04,2022-02-26,24
SHIP-833,MFG-73,PN-8145,112,"94,73",08-02-2023,23-04-2020,24
SHIP-834,MFG-172,PN-6299,85,"23,82",2024-05-10,2023-09-11,9
SHIP-835,MFG-27,PN-8526,101,59.44,2022-12-13,2020-07-03,30
SHIP-836,MFG-154,PN-6318,100,50.67,2021-12-17,2020-08-16,26
SHIP-837,MFG-184,PN-8195,88,55,2023-04-23,2024-04-20,18
SHIP-838,MFG-55,PN-2855,91,84,2023-03-10,09/20/2021,22
SHIP-839,MFG-154,PN-9214,16,21.74,10/27/2021,2024-06-26,21
SHIP-840,MFG-149,PN-9599,166,48.59,07/06/2022,2023-06-25,22
SHIP-841,MFG-159,PN-8123,176,43.83,2023-05-25,2021-02-09,26
SHIP-842,MFG-185,PN-7235,99,10.48,2022-03-16,2024-09-22,8
SHIP-843,MFG-108,PN-4144,116,"57,3",2021-04-08,08-04-2022,13
SHIP-844,MFG-143,PN-9079,195,"29,15",2022-10-03,21-10-2024,19
SHIP-845,MFG-74,PN-5810,66,"82,4",2022-02-09,2020-01-05,28
SHIP-846,MFG-162,PN-8912,180,5.96,24-03-2024,2023-09-26,7
SHIP-847,MFG-53,PN-6048,79,"51,69",19-02-2022,2020-10-17,12
SHIP-848,MFG-90,PN-7480,159,99.84,02/10/2022,2021-10-12,27
SHIP-849,MFG-39,PN-9862,165,31,01/20/2022,2023-07-26,53
SHIP-850,MFG-72,PN-2128,46,57,2021-09-27,10/17/2020,24
SHIP-851,MFG-37,PN-6257,151,86.03,21-06-2021,01-01-2023,15
SHIP-852,MFG-32,PN-5217,119,100.3,05-01-2023,01/05/2021,14
SHIP-853,MFG-154,PN-7311,109,45.28,23-12-2022,2020-12-26,7
SHIP-854,MFG-104,PN-4783,13,5,2020-05-19,2024-08-19,3
SHIP-855,MFG-75,PN-5229,105,31.74,2020-04-07,08/20/2022,1
SHIP-856,MFG-11,PN-7350,88,"47,74",2020-02-26,2023-09-06,25
SHIP-857,MFG-164,PN-6891,155,"83,9",07/03/2022,02/21/2022,18
SHIP-858,MFG-93,PN-6284,181,"22,5",06-08-2020,03/14/2021,30
SHIP-859,MFG-8,PN-5171,145,73.16,2020-06-14,2020-05-01,1
SHIP-860,MFG-173,PN-9976,19,90.65,2024-05-25,21-04-2023,27
SHIP-861,MFG-13,PN-1465,49,27,03/23/2022,24-06-2020,10
SHIP-862,MFG-47,PN-8560,166,28.19,01/17/2021,08/26/2022,15
SHIP-863,MFG-34,PN-5942,27,25.82,09/27/2021,11/05/2024,21
SHIP-864,MFG-116,PN-7218,6,41.14,06/14/2022,01-05-2022,5
SHIP-865,MFG-142,PN-6616,83,81,09-09-2020,06/14/2020,3
SHIP-866,MFG-93,PN-2837,51,79,2023-02-22,01/23/2021,6
SHIP-867,MFG-55,PN-6094,170,95,22-08-2024,2023-04-22,14
SHIP-868,MFG-174,PN-9680,133,62.68,2022-10-15,2021-05-09,6
SHIP-869,MFG-132,PN-2305,42,"67,34",2023-01-11,05/18/2022,3
SHIP-870,MFG-111,PN-5935,104,"80,87",12/10/2022,05/09/2021,12
SHIP-871,MFG-95,PN-2613,47,66,08/19/2021,2022-06-26,27
SHIP-872,MFG-138,PN-7778,163,"5,16",23-02-2023,2021-10-09,16
SHIP-873,MFG-153,PN-9972,21,16.27,04-02-2023,03-10-2020,4
SHIP-874,MFG-44,PN-5568,48,53.8,22-08-2023,2021-02-24,26
SHIP-875,MFG-183,PN-8075,101,100.07,2020-12-28,03/13/2020,20
SHIP-876,MFG-118,PN-2798,175,8.38,04-12-2024,21-07-2020,9
SHIP-877,MFG-75,PN-4415,133,33.03,2021-05-18,2020-01-18,10
SHIP-878,MFG-24,PN-5739,12,63,06/12/2023,2021-05-08,20
SHIP-879,MFG-78,PN-5193,96,71.77,2022-03-15,2021-09-23,63
SHIP-880,MFG-15,PN-1828,108,"96,39",2022-07-22,10/14/2022,44
SHIP-881,MFG-95,PN-8775,75,10,2022-02-16,2022-07-04,3
SHIP-882,MFG-11,PN-4228,132,"2,69",2022-11-27,2022-03-02,22
SHIP-883,MFG-13,PN-3551,100,25.64,2023-07-12,2020-05-07,7
SHIP-884,MFG-166,PN-9656,146,83.8,12/22/2023,2020-03-20,14
SHIP-885,MFG-45,PN-7634,76,35.26,12/19/2021,2021-05-01,14
SHIP-886,MFG-89,PN-2843,71,93,2021-06-04,2021-07-04,30
SHIP-887,MFG-111,PN-2189,139,96.05,2021-04-03,2022-04-10,4
SHIP-888,MFG-187,PN-2874,35,61.3,16-10-2022,2022-11-26,30
SHIP-889,MFG-157,PN-9554,51,89.95,2020-03-26,2021-11-24,28
SHIP-890,MFG-33,PN-6379,55,89,2020-09-26,11-06-2023,10
SHIP-891,MFG-56,PN-2464,51,65.9,2023-09-06,2023-06-18,12
SHIP-892,MFG-16,PN-1512,48,55,2020-08-16,2022-03-24,21
SHIP-893,MFG-130,PN-3533,94,73.5,2024-06-18,10-07-2022,11
SHIP-894,MFG-157,PN-4536,66,6.52,03-03-2024,2023-08-17,20
SHIP-895,MFG-70,PN-6000,181,59,2020-12-02,16-05-2022,3
SHIP-896,MFG-164,PN-5706,47,"92,94",2022-06-27,2024-03-15,11
SHIP-897,MFG-155,PN-6183,166,63.65,02/25/2020,12/19/2021,24
SHIP-898,MFG-152,PN-4586,122,75.57,2024-09-07,20-08-2020,23
SHIP-899,MFG-191,PN-5786,188,100.1,2023-05-25,09/14/2020,14
SHIP-900,MFG-14,PN-1332,136,99.99,06-11-2020,08/01/2020,1
SHIP-901,MFG-84,PN-6177,15,84,18-11-2020,24-01-2023,14
SHIP-902,MFG-31,PN-6485,109,1,11/05/2022,10/08/2022,7
SHIP-903,MFG-34,PN-7688,95,95.09,25-04-2021,03-08-2020,63
SHIP-904,MFG-139,PN-5651,157,70.65,07-03-2021,25-12-2020,9
SHIP-905,MFG-49,PN-5161,46,63.94,2022-02-01,11/03/2024,4
SHIP-906,MFG-146,PN-4461,96,22,18-06-2024,2024-04-01,7
SHIP-907,MFG-48,PN-2756,177,9.06,2023-12-25,07/05/2020,27
SHIP-908,MFG-46,PN-8311,109,30.49,2022-01-25,2020-02-12,24
SHIP-909,MFG-119,PN-2164,43,"62,67",04/17/2023,2024-07-23,17
SHIP-910,MFG-138,PN-8925,2,80.89,08/07/2022,2023-03-02,17
SHIP-911,MFG-69,PN-4914,86,93.28,2022-02-13,02/24/2022,7
SHIP-912,MFG-191,PN-5658,150,96.68,2024-11-28,2022-05-06,20
SHIP-913,MFG-69,PN-2086,72,25,2022-04-01,02-04-2024,29
SHIP-914,MFG-154,PN-1689,168,"64,62",2022-01-28,2023-05-26,12
SHIP-915,MFG-143,PN-2881,32,79.72,10/15/2020,18-03-2023,20
SHIP-916,MFG-31,PN-2391,109,"94,52",21-07-2024,2023-08-01,29
SHIP-917,MFG-61,PN-1242,28,"75,71",2020-07-07,19-06-2020,28
SHIP-918,MFG-134,PN-2164,131,"53,56",09/05/2020,12/03/2022,23
SHIP-919,MFG-48,PN-1413,40,41,2020-09-01,06/02/2021,25
SHIP-920,MFG-185,PN-3361,26,"52,46",2022-04-02,02/28/2020,33
SHIP-921,MFG-41,PN-6663,69,3,2023-07-15,2024-12-23,10
SHIP-922,MFG-3,PN-7296,141,84.07,01/11/2023,07-08-2024,18
SHIP-923,MFG-30,PN-7006,3,76.66,2022-05-10,14-07-2023,27
SHIP-924,MFG-176,PN-4072,3,32,2020-02-25,05/20/2021,9
SHIP-925,MFG-37,PN-8246,155,34.16,07-04-2024,04/02/2023,21
SHIP-926,MFG-38,PN-2595,86,4.8,06-09-2023,25-11-2023,7
SHIP-927,MFG-152,PN-3547,87,71.14,21-04-2023,2024-05-05,27
SHIP-928,MFG-130,PN-5749,68,85.2,2023-06-03,24-06-2021,8
SHIP-929,MFG-164,PN-3967,108,36,2024-12-20,10/12/2021,30
SHIP-930,MFG-9,PN-7179,54,44.02,2023-12-02,2024-09-07,5
SHIP-931,MFG-51,PN-7390,57,98,12/15/2024,2024-08-25,9
SHIP-932,MFG-44,PN-7751,73,"38,7",02-01-2020,2021-06-14,25
SHIP-933,MFG-24,PN-4713,71,"17,22",2022-12-02,20-02-2023,7
SHIP-934,MFG-15,PN-3704,24,63.88,2020-03-22,06/25/2021,1
SHIP-935,MFG-158,PN-8908,100,51,04-01-2023,2023-05-05,4
SHIP-936,MFG-5,PN-4049,97,45.64,07-10-2021,07/24/2022,8
SHIP-937,MFG-166,PN-4722,98,85.29,28-08-2023,2020-03-01,8
SHIP-938,MFG-41,PN-7107,117,50,2024-03-27,12/05/2022,7
SHIP-939,MFG-71,PN-6918,66,83.89,11/19/2022,2023-12-15,4
SHIP-940,MFG-6,PN-3378,47,"35,2",2024-04-14,2021-04-01,30
SHIP-941,MFG-31,PN-4582,57,"81,22",07/19/2024,01-01-2022,3
SHIP-942,MFG-147,PN-2650,159,12.99,25-09-2021,09-02-2020,13
SHIP-943,MFG-200,PN-6164,36,74,2021-08-23,14-12-2024,28
SHIP-944,MFG-11,PN-1382,80,"62,17",27-09-2023,2024-11-08,31
SHIP-945,MFG-135,PN-8724,60,"97,74",28-11-2020,09/04/2021,24
SHIP-946,MFG-122,PN-9178,135,19,13-06-2020,2022-02-20,18
SHIP-947,MFG-56,PN-6570,68,81,06-05-2022,23-07-2024,15
SHIP-948,MFG-154,PN-6960,21,98.01,06/04/2021,2022-01-11,6
SHIP-949,MFG-101,PN-2950,42,93.23,2020-01-09,2024-09-15,2
SHIP-950,MFG-54,PN-1004,8,67,2024-10-05,2021-10-23,16
SHIP-951,MFG-129,PN-2555,102,79.83,04-06-2024,23-02-2022,4
SHIP-952,MFG-143,PN-8797,110,88,2022-03-26,2023-09-09,12
SHIP-953,MFG-161,PN-9319,8,55.18,2022-07-12,2024-03-13,46
SHIP-954,MFG-116,PN-1522,66,96.74,2021-10-13,2021-10-16,5
SHIP-955,MFG-136,PN-7303,10,19,2023-09-13,2022-05-12,6
SHIP-956,MFG-30,PN-7876,121,49.29,03/10/2021,2020-02-25,29
SHIP-957,MFG-31,PN-9699,13,23,09/12/2023,08-10-2020,26
SHIP-958,MFG-127,PN-6891,123,66.23,2020-09-01,2023-07-04,13
SHIP-959,MFG-84,PN-1866,122,42.37,2020-05-10,07/03/2022,11
SHIP-960,MFG-48,PN-8655,80,23,06/04/2023,2024-07-01,18
SHIP-961,MFG-77,PN-5924,98,71.17,2021-07-04,09/18/2024,5
SHIP-962,MFG-195,PN-7813,146,"78,87",2023-08-13,2022-07-28,1
SHIP-963,MFG-103,PN-7133,17,8.28,2024-02-12,19-10-2020,18
SHIP-964,MFG-5,PN-7611,118,61,2024-12-08,2024-10-13,8
SHIP-965,MFG-29,PN-5829,86,89.94,2023-09-22,04-07-2023,23
SHIP-966,MFG-5,PN-4036,39,"79,7",2024-07-19,10-11-2021,5
SHIP-967,MFG-115,PN-7652,54,"97,63",2020-02-21,2020-07-09,10
SHIP-968,MFG-114,PN-5494,122,96.25,18-09-2020,10/06/2022,15
SHIP-969,MFG-98,PN-2386,169,17.82,09/02/2021,2021-02-20,10
SHIP-970,MFG-160,PN-9537,169,53.1,01/10/2020,07/17/2021,9
SHIP-971,MFG-119,PN-5143,127,20,07/24/2022,2023-02-22,28
SHIP-972,MFG-74,PN-2139,99,1.02,2024-06-14,02/26/2024,5
SHIP-973,MFG-73,PN-5850,152,66,05-12-2024,2024-09-10,60
SHIP-974,MFG-116,PN-3090,58,"52,5",16-03-2020,06/08/2023,28
SHIP-975,MFG-4,PN-4091,110,"57,53",11/06/2022,2020-10-18,21
SHIP-976,MFG-178,PN-2366,44,85,2020-02-19,2020-03-13,25
SHIP-977,MFG-81,PN-2067,76,72.13,2021-08-27,25-10-2022,16
SHIP-978,MFG-171,PN-6970,147,51.95,03/23/2021,2020-02-02,8
SHIP-979,MFG-25,PN-9961,176,"41,64",2024-11-27,2021-02-27,10
SHIP-980,MFG-198,PN-9025,199,71,08-11-2024,09/16/2023,12
SHIP-981,MFG-78,PN-1698,58,52.2,2021-02-22,03/19/2022,20
SHIP-982,MFG-24,PN-6803,65,15.15,04/05/2020,01/24/2020,12
SHIP-983,MFG-114,PN-9898,18,1.11,2021-05-08,02/03/2020,4
SHIP-984,MFG-182,PN-9765,90,99,2020-10-27,15-10-2021,10
SHIP-985,MFG-72,PN-2995,138,47,11/16/2021,2022-08-04,15
SHIP-986,MFG-16,PN-1353,94,78,2021-06-28,2022-09-23,30
SHIP-987,MFG-19,PN-8945,106,"6,42",2022-08-10,2024-01-26,12
SHIP-988,MFG-73,PN-7491,121,81.11,28-11-2023,2024-07-20,3
SHIP-989,MFG-46,PN-2173,50,5,2021-09-12,16-02-2020,28
SHIP-990,MFG-141,PN-5327,188,"20,49",11/13/2021,01-08-2024,25
SHIP-991,MFG-28,PN-1460,120,98.27,2021-07-20,2023-06-14,29
SHIP-992,MFG-66,PN-9696,103,"16,36",2024-09-21,03/07/2021,10
SHIP-993,MFG-129,PN-9241,161,37,2020-11-27,2024-08-08,29
SHIP-994,MFG-132,PN-8071,21,20,2024-06-04,2021-03-10,4
SHIP-995,MFG-45,PN-3581,147,25,01/16/2024,2023-02-03,4
SHIP-996,MFG-158,PN-8412,133,12.69,15-01-2022,19-07-2024,9
SHIP-997,MFG-169,PN-6571,144,"61,53",2022-11-06,03-05-2021,3
SHIP-998,MFG-106,PN-5966,168,72,2021-09-24,2020-09-04,21
SHIP-999,MFG-28,PN-2560,60,"28,19",22-10-2020,2024-12-05,25
SHIP-1000,MFG-56,PN-9345,87,91,04/01/2021,2024-06-22,15
SHIP-1001,MFG-188,PN-1453,159,54.89,03/16/2023,12/03/2024,6
SHIP-1002,MFG-117,PN-9871,25,97,2021-04-06,2020-01-12,5
SHIP-1003,MFG-90,PN-9959,77,40,11/06/2020,10/26/2024,26
SHIP-1004,MFG-163,PN-1780,198,61,04-08-2020,08-02-2021,25
SHIP-1005,MFG-191,PN-1111,22,"71,96",06/19/2021,07/04/2020,4
SHIP-1006,MFG-199,PN-7502,148,"30,15",09/16/2020,22-12-2023,14
SHIP-1007,MFG-198,PN-2814,13,36,2021-05-18,2020-04-19,16
SHIP-1008,MFG-106,PN-7397,9,11.96,15-07-2024,2023-02-21,24
SHIP-1009,MFG-69,PN-5370,31,"56,33",11/23/2022,2020-12-04,8
SHIP-1010,MFG-106,PN-5831,99,80,2022-02-15,2023-09-06,3
SHIP-1011,MFG-155,PN-6833,79,"52,35",22-01-2022,2020-02-25,63
SHIP-1012,MFG-56,PN-5379,141,16.05,2023-06-10,02/03/2023,24
SHIP-1013,MFG-88,PN-3973,110,"25,72",2023-11-01,2021-12-24,17
SHIP-1014,MFG-193,PN-8669,73,72,10/27/2024,2024-12-16,12
SHIP-1015,MFG-55,PN-8752,99,84.66,2020-10-26,2022-07-05,30
SHIP-1016,MFG-26,PN-2333,49,27.86,2022-08-11,2024-01-23,1
SHIP-1017,MFG-57,PN-4294,15,"94,51",2021-01-26,01-11-2020,29
SHIP-1018,MFG-173,PN-2215,98,59.37,02-06-2021,2023-08-04,13
SHIP-1019,MFG-114,PN-4563,27,93,24-07-2023,2020-04-25,24
SHIP-1020,MFG-66,PN-9442,14,"97,43",2021-03-10,2020-05-02,25
SHIP-1021,MFG-178,PN-6403,154,"74,92",24-11-2021,06/14/2023,30
SHIP-1022,MFG-138,PN-7157,162,96.78,04/18/2022,04/14/2021,24
SHIP-1023,MFG-32,PN-4120,161,37.63,09-03-2021,2024-12-14,29
SHIP-1024,MFG-29,PN-5815,106,68.57,2023-06-03,05-02-2020,21
SHIP-1025,MFG-41,PN-5360,104,19,2021-05-01,12/17/2024,61
SHIP-1026,MFG-53,PN-3836,137,35,05/11/2022,09/06/2022,7
SHIP-1027,MFG-88,PN-9305,112,83.62,2021-12-26,2024-11-12,9
SHIP-1028,MFG-109,PN-5877,37,38.88,2022-07-04,2020-12-21,8
SHIP-1029,MFG-194,PN-5929,12,85,15-01-2021,04-12-2022,10
SHIP-1030,MFG-6,PN-4344,23,"27,32",07/25/2020,2020-11-18,12
SHIP-1031,MFG-27,PN-4540,144,59,2023-08-06,2021-02-08,10
SHIP-1032,MFG-33,PN-4215,109,74.78,2023-09-05,2022-02-12,11
SHIP-1033,MFG-75,PN-9649,174,58.1,21-02-2023,2020-08-01,6
SHIP-1034,MFG-75,PN-5390,59,57,14-11-2020,2022-08-15,8
SHIP-1035,MFG-111,PN-7967,37,"33,05",2020-12-09,2024-07-24,29
SHIP-1036,MFG-86,PN-6546,200,"17,04",19-05-2020,08/22/2022,4
SHIP-1037,MFG-200,PN-3251,120,15.86,2024-05-10,09/04/2021,3
SHIP-1038,MFG-128,PN-9040,164,54,2022-09-14,2021-01-18,22
SHIP-1039,MFG-141,PN-2017,173,"94,28",2023-03-03,2020-01-11,21
SHIP-1040,MFG-172,PN-7883,34,41.16,02/08/2022,06/26/2021,9
SHIP-1041,MFG-43,PN-2609,15,37,2022-04-05,2020-02-07,26
SHIP-1042,MFG-36,PN-9655,64,96.49,2021-06-10,2021-12-07,5
SHIP-1043,MFG-73,PN-2475,187,"19,07",2024-12-13,27-10-2020,27
SHIP-1044,MFG-33,PN-2829,11,90.87,23-05-2023,2022-10-02,36
SHIP-1045,MFG-172,PN-6709,48,88,23-09-2022,02/03/2022,7
SHIP-1046,MFG-8,PN-4073,170,65.58,2021-02-01,2024-08-16,26
SHIP-1047,MFG-19,PN-2265,47,26,07/17/2022,03/12/2022,5
SHIP-1048,MFG-136,PN-6096,57,26,24-12-2023,2022-12-07,27
SHIP-1049,MFG-178,PN-9755,94,"78,68",16-02-2020,2024-10-12,30
SHIP-1050,MFG-40,PN-5599,24,33,09/27/2024,2022-07-03,17
SHIP-1051,MFG-34,PN-1641,165,81.24,2023-06-16,05/05/2021,4
SHIP-1052,MFG-63,PN-5528,120,35.93,02/04/2021,21-12-2022,10
SHIP-1053,MFG-163,PN-2439,80,89,19-12-2022,18-12-2021,18
SHIP-1054,MFG-61,PN-3721,159,"91,7",11/27/2022,22-09-2021,8
SHIP-1055,MFG-146,PN-7563,69,87.02,24-08-2024,2022-11-24,15
SHIP-1056,MFG-117,PN-6912,15,"62,79",2020-07-27,2020-04-13,28
SHIP-1057,MFG-46,PN-4669,65,36.39,01/12/2020,01/11/2020,23
SHIP-1058,MFG-92,PN-1199,22,61.88,12/21/2020,09/12/2024,4
SHIP-1059,MFG-87,PN-7056,146,52.06,25-02-2021,2022-12-09,18
SHIP-1060,MFG-137,PN-7273,155,14.55,2020-03-28,2023-12-26,27
SHIP-1061,MFG-176,PN-4768,28,"54,38",11/19/2024,2021-07-08,29
SHIP-1062,MFG-71,PN-1722,107,25.29,2023-05-28,2022-08-26,8
SHIP-1063,MFG-100,PN-1517,177,6,2024-08-13,19-02-2022,2
SHIP-1064,MFG-107,PN-4766,121,65.4,06/13/2021,09/04/2022,9
SHIP-1065,MFG-167,PN-1596,81,90.49,2020-05-28,11/01/2022,5
SHIP-1066,MFG-156,PN-9443,123,34.61,2023-12-21,17-02-2020,3
SHIP-1067,MFG-10,PN-1146,79,91.41,2021-08-27,2023-01-09,9
SHIP-1068,MFG-73,PN-1050,148,79.53,06/22/2023,2020-06-01,12
SHIP-1069,MFG-122,PN-7093,154,43,02/21/2022,2023-08-03,16
SHIP-1070,MFG-131,PN-6823,90,19.34,11/17/2024,2024-04-12,6
SHIP-1071,MFG-70,PN-6307,15,58,2024-05-10,2021-04-06,27
SHIP-1072,MFG-164,PN-2890,57,84.2,06/11/2021,2020-10-22,17
SHIP-1073,MFG-153,PN-8217,30,31,2022-05-28,10/25/2020,22
SHIP-1074,MFG-160,PN-8889,94,41.63,19-11-2024,03/15/2024,28
SHIP-1075,MFG-92,PN-6198,130,82.02,07/17/2022,11/19/2023,30
SHIP-1076,MFG-63,PN-1766,20,16.18,2024-02-06,28-02-2021,17
SHIP-1077,MFG-192,PN-8566,39,62.39,03/25/2020,10-10-2021,29
SHIP-1078,MFG-138,PN-5063,56,87.86,2023-02-13,28-11-2020,27
SHIP-1079,MFG-61,PN-4461,82,6.94,21-11-2022,2021-01-16,13
SHIP-1080,MFG-27,PN-7527,73,26.07,04/07/2022,11/16/2021,9
SHIP-1081,MFG-11,PN-4375,184,8.24,06/12/2022,2022-06-24,28
SHIP-1082,MFG-87,PN-1101,111,54,08/02/2021,2023-09-23,12
SHIP-1083,MFG-63,PN-4849,91,64.46,2020-11-24,2022-03-09,30
SHIP-1084,MFG-87,PN-4680,96,26.99,05/04/2020,11/22/2022,11
SHIP-1085,MFG-142,PN-6295,174,51,2023-05-19,2021-07-04,18
SHIP-1086,MFG-104,PN-7950,83,68,08/12/2022,11/10/2023,15
SHIP-1087,MFG-135,PN-8426,147,25.02,2022-01-27,07/05/2021,55
SHIP-1088,MFG-111,PN-2451,78,21.62,2023-03-27,12/15/2023,15
SHIP-1089,MFG-60,PN-2208,174,67.74,23-09-2023,17-06-2024,8
SHIP-1090,MFG-99,PN-6012,54,47.39,06-02-2023,2022-02-24,7
SHIP-1091,MFG-113,PN-6470,32,54.14,2020-08-24,24-03-2023,10
SHIP-1092,MFG-128,PN-8062,103,84.42,2023-10-14,04/01/2024,8
SHIP-1093,MFG-99,PN-6516,45,"84,69",2023-10-12,05/17/2021,21
SHIP-1094,MFG-159,PN-6064,197,73,07/23/2020,05/16/2020,9
SHIP-1095,MFG-23,PN-3127,128,17.85,2021-05-21,2023-07-06,3
SHIP-1096,MFG-76,PN-5854,90,51.6,2022-10-05,21-03-2024,17
SHIP-1097,MFG-28,PN-1090,32,70.69,2021-02-07,2021-08-25,21
SHIP-1098,MFG-189,PN-9481,132,"27,66",2021-05-18,07/06/2024,68
SHIP-1099,MFG-195,PN-5477,6,66.41,2021-09-17,2024-10-02,13
SHIP-1100,MFG-116,PN-5738,82,53.15,2023-08-16,12-01-2022,23
SHIP-1101,MFG-24,PN-3530,149,25,2020-11-14,14-11-2023,49
SHIP-1102,MFG-192,PN-7211,112,48.55,2024-10-04,2024-08-25,2
SHIP-1103,MFG-66,PN-9089,178,41.41,12/17/2023,12/27/2021,9
SHIP-1104,MFG-161,PN-4756,175,67,2022-08-18,17-04-2023,26
SHIP-1105,MFG-87,PN-6561,29,56.08,03-12-2020,08-10-2020,5
SHIP-1106,MFG-88,PN-3746,170,"87,76",02/20/2023,07-08-2023,6
SHIP-1107,MFG-64,PN-5051,175,99.19,10-01-2024,09-12-2020,22
SHIP-1108,MFG-161,PN-2296,99,38.57,01-07-2020,27-08-2022,18
SHIP-1109,MFG-16,PN-4569,83,67,2022-12-22,2023-03-06,36
SHIP-1110,MFG-94,PN-9894,167,4,2021-03-24,2023-04-27,17
SHIP-1111,MFG-189,PN-7789,5,72,02/22/2023,12/20/2021,23
SHIP-1112,MFG-39,PN-9274,105,55.42,2021-07-28,2020-08-02,27
SHIP-1113,MFG-143,PN-7121,68,36,2020-04-08,06/09/2024,49
SHIP-1114,MFG-75,PN-9439,106,60.12,2021-06-17,2024-05-06,24
SHIP-1115,MFG-179,PN-5452,188,21,2024-04-12,2024-05-09,28
SHIP-1116,MFG-126,PN-7394,136,14.54,2020-06-06,11-06-2020,13
SHIP-1117,MFG-7,PN-3560,159,47.8,02/25/2023,02/14/2024,12
SHIP-1118,MFG-134,PN-2392,142,19.17,2024-08-07,01-11-2022,13
SHIP-1119,MFG-182,PN-2576,53,77.24,2023-01-03,2023-06-27,8
SHIP-1120,MFG-157,PN-2129,38,100.82,27-08-2024,2023-12-24,22
SHIP-1121,MFG-40,PN-7237,133,30.06,06-08-2024,2021-08-05,2
SHIP-1122,MFG-125,PN-9260,17,35,2024-12-03,2020-05-20,26
SHIP-1123,MFG-42,PN-7135,165,38.31,2021-04-12,2024-01-15,1
SHIP-1124,MFG-10,PN-7832,191,35.74,2023-07-22,02-10-2024,30
SHIP-1125,MFG-93,PN-5616,161,"81,02",2022-01-01,21-04-2024,14
SHIP-1126,MFG-115,PN-3772,1,"17,52",02-05-2021,2020-06-13,68
SHIP-1127,MFG-171,PN-8292,197,17.36,17-07-2020,2022-05-12,22
SHIP-1128,MFG-145,PN-5547,166,34,06/12/2024,09-08-2023,26
SHIP-1129,MFG-25,PN-5807,188,19.96,01/09/2022,2020-09-23,1
SHIP-1130,MFG-82,PN-7736,39,37,06/27/2022,04/22/2020,21
SHIP-1131,MFG-90,PN-4931,198,"60,48",2020-03-19,2020-07-14,20
SHIP-1132,MFG-178,PN-5749,111,15.59,2020-03-04,05/24/2023,3
SHIP-1133,MFG-60,PN-2499,30,61.91,2022-12-04,2023-09-10,28
SHIP-1134,MFG-62,PN-8218,137,92,09-05-2020,2020-09-24,26
SHIP-1135,MFG-178,PN-1172,3,3,05/13/2024,2020-04-28,16
SHIP-1136,MFG-136,PN-4915,92,"21,36",2022-06-11,15-02-2020,1
SHIP-1137,MFG-144,PN-9466,85,63,2024-03-22,11/11/2020,2
SHIP-1138,MFG-125,PN-1761,81,58.55,2024-10-05,2023-08-10,15
SHIP-1139,MFG-59,PN-4921,157,55,2023-01-26,2021-11-03,6
SHIP-1140,MFG-185,PN-2273,190,18.66,2023-08-08,27-01-2020,1
SHIP-1141,MFG-176,PN-2928,3,"96,57",2023-05-17,2024-01-24,15
SHIP-1142,MFG-21,PN-3237,51,"66,89",19-10-2023,10-04-2022,23
SHIP-1143,MFG-45,PN-6538,71,42.27,2020-05-08,2023-03-25,47
SHIP-1144,MFG-194,PN-4831,110,"31,22",13-10-2022,02/06/2023,46
SHIP-1145,MFG-91,PN-1614,141,89.79,15-08-2024,2022-08-06,36
SHIP-1146,MFG-135,PN-3508,157,71.83,11/16/2020,2022-04-22,27
SHIP-1147,MFG-69,PN-9240,30,15,20-09-2024,2022-12-03,28
SHIP-1148,MFG-147,PN-9963,98,"47,02",2021-12-19,04-03-2020,16
SHIP-1149,MFG-48,PN-5660,139,54,2024-09-03,02/03/2023,7
SHIP-1150,MFG-115,PN-8342,93,85.83,2024-11-01,08/11/2022,11
SHIP-1151,MFG-101,PN-2173,186,44,02/22/2024,07/21/2020,4
SHIP-1152,MFG-180,PN-5183,102,89,03/15/2024,2021-03-20,29
SHIP-1153,MFG-197,PN-2113,150,100.7,05/05/2020,2020-03-16,27
SHIP-1154,MFG-133,PN-1694,141,14,09-05-2024,2023-07-04,23
SHIP-1155,MFG-111,PN-1178,13,91.6,2021-05-15,01-08-2021,9
SHIP-1156,MFG-57,PN-4949,151,87.14,16-05-2024,2021-10-28,29
SHIP-1157,MFG-194,PN-8782,12,"47,97",05-02-2020,19-01-2021,17
SHIP-1158,MFG-42,PN-8127,65,76,2021-01-21,2022-06-20,8
SHIP-1159,MFG-184,PN-6740,88,3,2020-04-08,14-07-2021,6
SHIP-1160,MFG-123,PN-2636,154,15.12,2022-11-09,2024-06-15,21
SHIP-1161,MFG-94,PN-6112,132,25,2020-12-21,01/23/2024,4
SHIP-1162,MFG-41,PN-9646,51,"56,05",2022-10-23,2022-04-23,18
SHIP-1163,MFG-150,PN-5147,80,66,21-05-2024,2024-08-22,3
SHIP-1164,MFG-72,PN-4351,104,22.03,09/04/2022,25-04-2023,22
SHIP-1165,MFG-18,PN-5670,67,"79,02",06/07/2024,2021-09-04,19
SHIP-1166,MFG-52,PN-7017,56,81.33,24-03-2022,2020-11-07,13
SHIP-1167,MFG-160,PN-2420,100,55.36,2023-10-14,13-02-2023,30
SHIP-1168,MFG-22,PN-4137,74,57,12/09/2024,2022-10-06,2
SHIP-1169,MFG-27,PN-4848,55,81.53,06-04-2023,2021-08-09,10
SHIP-1170,MFG-172,PN-7442,108,45.44,08/11/2022,2023-09-14,20
SHIP-1171,MFG-76,PN-5252,40,68,2024-07-24,2023-02-05,12
SHIP-1172,MFG-44,PN-6593,50,43,08/04/2024,2020-02-11,2
SHIP-1173,MFG-31,PN-5740,76,24.49,12/27/2024,10/19/2020,30
SHIP-1174,MFG-168,PN-5825,28,26,2023-06-11,23-06-2023,2
SHIP-1175,MFG-39,PN-3602,56,"57,66",2024-12-25,2020-07-11,1
SHIP-1176,MFG-23,PN-6498,26,28,2020-11-22,2022-10-27,26
SHIP-1177,MFG-44,PN-1169,72,"49,21",2024-08-20,08-05-2024,32
SHIP-1178,MFG-79,PN-9037,177,"81,97",11/19/2024,2021-05-02,16
SHIP-1179,MFG-35,PN-9507,123,21,2023-10-24,2022-10-16,6
SHIP-1180,MFG-104,PN-1108,178,"95,93",2021-10-11,2021-10-17,22
SHIP-1181,MFG-118,PN-9447,155,26.32,11/18/2021,2020-08-01,14
SHIP-1182,MFG-162,PN-8385,61,"85,3",03-07-2024,2020-09-07,24
SHIP-1183,MFG-8,PN-1880,69,"82,64",26-02-2021,12/11/2022,23
SHIP-1184,MFG-159,PN-3246,50,"66,59",10/05/2022,2023-04-11,15
SHIP-1185,MFG-187,PN-1082,8,79,2022-12-05,15-01-2021,18
SHIP-1186,MFG-195,PN-2929,76,100,27-06-2020,12/07/2023,20
SHIP-1187,MFG-72,PN-3568,122,46,09/06/2024,18-01-2024,14
SHIP-1188,MFG-107,PN-3469,183,100.68,07/18/2021,21-05-2021,11
SHIP-1189,MFG-50,PN-4998,76,80.7,2022-08-26,2023-09-06,12
SHIP-1190,MFG-62,PN-8361,60,76,12/24/2021,04-05-2023,4
SHIP-1191,MFG-195,PN-1739,96,77,01-07-2021,2020-07-11,12
SHIP-1192,MFG-152,PN-2867,35,80,03/19/2023,08-12-2022,24
SHIP-1193,MFG-160,PN-9416,177,41.06,04/20/2023,2022-04-03,32
SHIP-1194,MFG-61,PN-1646,185,65.42,06/19/2023,2020-01-16,26
SHIP-1195,MFG-170,PN-6659,62,71.14,05/20/2023,10/28/2023,5
SHIP-1196,MFG-161,PN-2619,129,69.88,2024-05-08,21-08-2024,25
SHIP-1197,MFG-5,PN-7862,75,26,2024-12-05,14-05-2023,1
SHIP-1198,MFG-29,PN-2439,174,2.3,2024-09-18,26-08-2022,25
SHIP-1199,MFG-87,PN-7165,79,33,03/27/2021,2023-06-19,2
SHIP-1200,MFG-155,PN-8637,124,"58,33",10-05-2023,02/22/2021,3
SHIP-1201,MFG-28,PN-5800,136,"56,03",14-02-2023,06/22/2020,19
SHIP-1202,MFG-138,PN-7889,79,89.5,2021-03-09,05/12/2024,10
SHIP-1203,MFG-14,PN-8265,152,6,2024-08-04,2022-08-24,65
SHIP-1204,MFG-192,PN-5503,32,99.39,06-05-2023,2021-07-11,62
SHIP-1205,MFG-155,PN-7063,172,43.33,2021-06-04,2022-01-20,26
SHIP-1206,MFG-39,PN-4661,155,"94,61",2022-10-08,2023-11-27,16
SHIP-1207,MFG-182,PN-4393,82,40.67,01/23/2021,26-11-2021,9
SHIP-1208,MFG-80,PN-9423,58,32.46,10/12/2021,2024-04-09,2
SHIP-1209,MFG-139,PN-4096,51,52,2021-03-06,2022-01-25,58
SHIP-1210,MFG-163,PN-2273,152,6,13-06-2024,2023-04-21,20
SHIP-1211,MFG-62,PN-2266,104,60,2021-08-15,2020-10-09,10
SHIP-1212,MFG-34,PN-5071,22,52,2024-10-01,02/08/2023,1
SHIP-1213,MFG-74,PN-4199,132,62.12,2022-08-09,01/07/2020,23
SHIP-1214,MFG-51,PN-3439,66,67.94,02/24/2020,07/15/2021,15
SHIP-1215,MFG-75,PN-7809,170,"76,8",09/19/2023,27-09-2022,30
SHIP-1216,MFG-60,PN-9321,179,15.52,2020-04-21,2021-10-16,7
SHIP-1217,MFG-188,PN-6919,99,75.02,06/22/2021,2023-10-11,59
SHIP-1218,MFG-142,PN-9727,127,"91,37",05/14/2023,10/02/2024,19
SHIP-1219,MFG-105,PN-2798,11,19.47,11/13/2023,09/14/2024,28
SHIP-1220,MFG-125,PN-8298,146,61,13-05-2020,2020-09-28,11
SHIP-1221,MFG-141,PN-3845,70,28.02,2024-12-15,2024-11-04,19
SHIP-1222,MFG-189,PN-8440,152,57.26,08-12-2024,02/07/2021,2
SHIP-1223,MFG-14,PN-3207,103,31.41,2024-09-18,2020-06-28,11
SHIP-1224,MFG-44,PN-3692,148,61.69,10/06/2021,2020-11-13,24
SHIP-1225,MFG-61,PN-6085,157,87.75,07/17/2022,11/17/2023,12
SHIP-1226,MFG-58,PN-3507,31,17.26,2023-10-09,2023-07-02,11
SHIP-1227,MFG-18,PN-5685,22,"34,96",2024-01-09,2022-09-14,7
SHIP-1228,MFG-13,PN-8250,151,72.89,2021-09-07,11/19/2023,1
SHIP-1229,MFG-89,PN-3991,101,84.12,01-06-2023,06/20/2020,9
SHIP-1230,MFG-31,PN-4884,199,79.55,07/04/2024,01/20/2021,23
SHIP-1231,MFG-183,PN-7272,149,15,2022-09-17,2020-03-03,23
SHIP-1232,MFG-30,PN-7327,101,94,2024-01-04,02/05/2022,24
SHIP-1233,MFG-37,PN-5117,172,41,2020-05-11,05/20/2022,57
SHIP-1234,MFG-119,PN-4906,200,"75,94",06/25/2020,2022-11-18,27
SHIP-1235,MFG-106,PN-5952,59,101,2023-12-11,2020-10-23,2
SHIP-1236,MFG-73,PN-1869,20,23,11/17/2024,09/22/2021,9
SHIP-1237,MFG-19,PN-4941,69,97,27-03-2021,2023-04-01,8
SHIP-1238,MFG-127,PN-3453,114,"49,13",12-04-2024,21-03-2022,24
SHIP-1239,MFG-79,PN-2766,57,38.81,05/04/2022,11/01/2022,13
SHIP-1240,MFG-1,PN-1272,20,"22,7",2020-10-23,2022-08-09,6
SHIP-1241,MFG-93,PN-7274,85,90.83,2022-08-07,04/27/2023,22
SHIP-1242,MFG-129,PN-7794,88,95.41,2024-04-27,2024-07-06,38
SHIP-1243,MFG-17,PN-9157,131,92.39,2022-01-23,2022-08-13,17
SHIP-1244,MFG-73,PN-8328,179,20.38,2020-08-10,2021-08-24,20
SHIP-1245,MFG-172,PN-4714,92,7.16,19-05-2024,2023-07-03,25
SHIP-1246,MFG-5,PN-3943,50,"55,75",12/14/2023,2024-02-21,6
SHIP-1247,MFG-181,PN-3595,19,"37,88",04/26/2023,01/10/2024,6
SHIP-1248,MFG-64,PN-2261,6,"76,54",2020-11-08,2024-03-11,2
SHIP-1249,MFG-121,PN-5217,146,29.56,2024-06-11,2023-09-21,7
SHIP-1250,MFG-101,PN-9059,142,48,04/11/2021,2021-11-16,1
SHIP-1251,MFG-197,PN-4941,45,23.49,06/19/2023,2023-09-14,13
SHIP-1252,MFG-92,PN-5928,126,87.05,2022-12-15,2020-12-03,58
SHIP-1253,MFG-45,PN-6584,99,"92,12",11/02/2022,2021-03-21,18
SHIP-1254,MFG-123,PN-3075,97,"60,86",23-06-2022,2020-02-04,15
SHIP-1255,MFG-59,PN-7919,90,"22,8",08/16/2022,11/19/2023,44
SHIP-1256,MFG-101,PN-5736,106,27.19,2023-11-18,2022-08-02,24
SHIP-1257,MFG-58,PN-2805,72,"17,42",2023-01-16,2022-12-21,17
SHIP-1258,MFG-82,PN-1483,180,88.84,2022-05-17,2020-02-07,18
SHIP-1259,MFG-58,PN-3812,77,4.11,10/10/2024,2021-12-24,26
SHIP-1260,MFG-77,PN-6084,46,"67,48",2024-08-21,08/18/2024,52
SHIP-1261,MFG-63,PN-9479,185,35.69,19-11-2020,13-11-2020,3
SHIP-1262,MFG-200,PN-2062,4,37.47,2022-12-04,2021-07-05,17
SHIP-1263,MFG-17,PN-6297,104,56,2020-10-27,2024-09-02,22
SHIP-1264,MFG-21,PN-3615,59,"59,87",02/09/2021,17-11-2023,24
SHIP-1265,MFG-68,PN-1432,67,68.8,02/24/2024,2021-01-04,7
SHIP-1266,MFG-106,PN-8663,57,89.94,2020-03-10,19-05-2020,42
SHIP-1267,MFG-200,PN-7526,144,80,2020-04-03,2020-11-14,19
SHIP-1268,MFG-42,PN-3549,132,42.74,2024-03-12,2021-08-12,20
SHIP-1269,MFG-176,PN-6031,20,13.69,08/20/2022,2022-10-17,57
SHIP-1270,MFG-163,PN-5141,97,55.56,2022-05-14,2021-06-14,21
SHIP-1271,MFG-21,PN-2896,45,19.92,01-01-2023,2022-04-03,1
SHIP-1272,MFG-103,PN-7655,127,72,11/04/2024,2022-11-15,8
SHIP-1273,MFG-120,PN-1903,21,76.88,05/19/2020,22-02-2020,20
SHIP-1274,MFG-125,PN-3313,40,58.37,2023-08-15,12/16/2020,21
SHIP-1275,MFG-200,PN-6987,170,76,11-10-2021,07/10/2024,24
SHIP-1276,MFG-14,PN-5463,114,"52,6",01-06-2023,2024-09-13,30
SHIP-1277,MFG-37,PN-7814,84,93,2020-08-07,2023-06-05,17
SHIP-1278,MFG-33,PN-7479,131,29,2022-12-22,19-11-2021,2
SHIP-1279,MFG-162,PN-7821,189,18.12,09-03-2021,2020-08-05,20
SHIP-1280,MFG-82,PN-5163,9,3,10/10/2022,2022-12-20,1
SHIP-1281,MFG-9,PN-8248,91,15.39,22-12-2021,23-06-2024,10
SHIP-1282,MFG-76,PN-4830,54,88.87,2023-01-05,26-04-2023,20
SHIP-1283,MFG-188,PN-8296,52,41.81,2023-01-04,2020-06-27,26
SHIP-1284,MFG-104,PN-3837,5,20.14,2021-02-23,06/25/2020,3
SHIP-1285,MFG-139,PN-3943,22,62.81,10-12-2023,2021-01-18,25
SHIP-1286,MFG-121,PN-3525,70,15.41,2022-12-04,2021-02-23,5
SHIP-1287,MFG-198,PN-5043,73,36.01,01/13/2021,2023-01-17,27
SHIP-1288,MFG-190,PN-7608,25,43,26-12-2024,2022-08-15,15
SHIP-1289,MFG-163,PN-1463,8,95,04/15/2020,2020-01-25,14
SHIP-1290,MFG-44,PN-2960,198,94,2021-04-28,02-07-2023,33
SHIP-1291,MFG-28,PN-4821,2,89,2023-10-02,08/08/2023,17
SHIP-1292,MFG-199,PN-2190,161,95,2022-01-07,24-03-2023,2
SHIP-1293,MFG-51,PN-3762,174,60,10/05/2021,2023-10-09,7
SHIP-1294,MFG-20,PN-6043,153,3.16,2024-06-16,21-02-2023,27
SHIP-1295,MFG-135,PN-5992,3,"11,65",04/01/2020,2020-02-08,27
SHIP-1296,MFG-137,PN-7054,197,50,2022-12-07,2020-04-13,23
SHIP-1297,MFG-8,PN-6443,179,"19,31",14-11-2023,2024-11-28,24
SHIP-1298,MFG-140,PN-6407,128,43.16,20-06-2020,2024-09-21,44
SHIP-1299,MFG-77,PN-5663,96,30,12-01-2024,06/07/2020,30
SHIP-1300,MFG-29,PN-4157,149,"35,61",10-09-2022,2023-08-18,16
SHIP-1301,MFG-101,PN-2830,77,"89,3",2020-06-01,07-06-2024,3
SHIP-1302,MFG-37,PN-4688,13,44.2,07/22/2024,2022-09-04,26
SHIP-1303,MFG-183,PN-3442,5,14.9,2024-05-27,10/18/2021,8
SHIP-1304,MFG-62,PN-6470,92,66.95,22-06-2022,2022-01-19,17
SHIP-1305,MFG-184,PN-4259,153,64.3,12-01-2020,2020-12-24,9
SHIP-1306,MFG-159,PN-2057,188,67,26-01-2020,2021-04-07,15
SHIP-1307,MFG-102,PN-3348,160,50,03/11/2020,08-11-2023,11
SHIP-1308,MFG-81,PN-5852,101,45.04,25-08-2021,2023-03-16,9
SHIP-1309,MFG-3,PN-9448,185,68.78,11/15/2022,2022-02-16,55
SHIP-1310,MFG-180,PN-9142,182,25,2020-02-04,15-07-2022,4
SHIP-1311,MFG-153,PN-1761,139,95,07/20/2021,2024-07-18,31
SHIP-1312,MFG-190,PN-6190,145,38.8,2021-02-06,06/22/2020,3
SHIP-1313,MFG-105,PN-7100,84,84,2023-08-20,16-04-2020,11
SHIP-1314,MFG-23,PN-5890,86,17.23,2022-09-16,2021-07-10,20
SHIP-1315,MFG-22,PN-5969,57,4.34,2021-02-18,2020-04-12,7
SHIP-1316,MFG-90,PN-1024,82,"60,87",10/08/2020,2023-06-06,12
SHIP-1317,MFG-108,PN-8216,130,4.27,2022-01-12,2023-11-26,22
SHIP-1318,MFG-1,PN-9256,24,30.01,2022-08-12,2024-09-03,20
SHIP-1319,MFG-79,PN-5779,32,24.91,07/16/2020,2024-02-28,15
SHIP-1320,MFG-156,PN-8319,144,"61,15",02-03-2020,04/06/2021,43
SHIP-1321,MFG-119,PN-9180,182,85,07/07/2023,2024-08-05,31
SHIP-1322,MFG-184,PN-5497,88,25,03/22/2021,12/24/2024,25
SHIP-1323,MFG-145,PN-1174,93,88,09/07/2024,2022-07-24,29
SHIP-1324,MFG-49,PN-3017,34,"93,06",2024-03-19,08-11-2020,28
SHIP-1325,MFG-21,PN-1238,99,"69,11",07-03-2023,06-02-2024,8
SHIP-1326,MFG-3,PN-1582,140,38,05/15/2021,2020-11-18,19
SHIP-1327,MFG-119,PN-2187,50,60.62,23-10-2024,2022-02-03,19
SHIP-1328,MFG-185,PN-2044,63,"47,55",2024-07-02,14-04-2024,20
SHIP-1329,MFG-25,PN-2374,109,33.36,01/07/2024,2022-12-28,24
SHIP-1330,MFG-14,PN-2565,174,"44,43",2024-06-25,2022-07-22,18
SHIP-1331,MFG-22,PN-2115,168,37.24,21-09-2021,06/04/2024,21
SHIP-1332,MFG-198,PN-3957,17,55.92,07-09-2021,04/04/2020,13
SHIP-1333,MFG-150,PN-5146,145,84.69,2023-06-02,2023-01-13,38
SHIP-1334,MFG-54,PN-7743,38,96.31,2020-10-12,2021-09-04,11
SHIP-1335,MFG-200,PN-6125,71,"98,39",2021-01-15,2024-03-01,19
SHIP-1336,MFG-170,PN-9620,12,"76,18",2023-01-01,05/15/2024,12
SHIP-1337,MFG-193,PN-4068,198,21,2023-02-24,2021-07-09,3
SHIP-1338,MFG-141,PN-7597,46,17.65,2022-05-06,08/03/2020,22
SHIP-1339,MFG-56,PN-3645,200,"18,88",23-12-2023,09/06/2024,8
SHIP-1340,MFG-128,PN-5772,40,97,2020-04-05,13-04-2020,6
SHIP-1341,MFG-7,PN-2513,147,"8,69",2024-06-04,01-09-2022,5
SHIP-1342,MFG-154,PN-9788,134,45.02,2020-12-04,2023-12-02,18
SHIP-1343,MFG-85,PN-7716,18,8,07/02/2023,2021-05-10,12
SHIP-1344,MFG-162,PN-6495,44,50.46,26-01-2021,06/17/2022,45
SHIP-1345,MFG-158,PN-9816,159,34.88,2024-07-19,14-08-2024,7
SHIP-1346,MFG-81,PN-8321,170,68.77,2023-03-13,2021-02-07,43
SHIP-1347,MFG-83,PN-9346,139,"18,92",08/16/2024,2023-03-19,9
SHIP-1348,MFG-91,PN-1784,186,"24,35",2023-02-12,2023-02-12,25
SHIP-1349,MFG-44,PN-1247,100,57.66,03/18/2021,2021-08-06,27
SHIP-1350,MFG-178,PN-9509,59,90.17,2024-11-07,2022-12-02,26
SHIP-1351,MFG-116,PN-9313,152,83,2022-01-22,2023-11-08,69
SHIP-1352,MFG-153,PN-3797,116,33.33,05/04/2020,06-01-2020,8
SHIP-1353,MFG-167,PN-8758,190,52.11,2020-09-15,2023-04-16,27
SHIP-1354,MFG-5,PN-4760,46,75,2023-11-04,04/09/2024,13
SHIP-1355,MFG-17,PN-3554,190,"40,49",2022-10-19,2022-10-01,24
SHIP-1356,MFG-140,PN-1152,179,62.85,2020-04-16,2021-05-23,14
SHIP-1357,MFG-104,PN-5071,12,86.47,07-07-2023,05/15/2024,2
SHIP-1358,MFG-39,PN-1501,74,24.85,2024-05-05,16-07-2023,25
SHIP-1359,MFG-169,PN-2980,94,13.05,2021-12-27,2022-09-28,11
SHIP-1360,MFG-155,PN-2868,167,80.22,2020-03-26,2020-01-09,1
SHIP-1361,MFG-133,PN-5064,141,"49,13",2020-06-10,14-03-2024,12
SHIP-1362,MFG-187,PN-8951,74,"67,09",14-04-2023,2020-01-03,6
SHIP-1363,MFG-29,PN-6986,125,31.76,03/21/2024,26-01-2022,63
SHIP-1364,MFG-27,PN-8011,45,"29,11",2021-09-19,02/27/2023,23
SHIP-1365,MFG-38,PN-6896,33,95.88,20-04-2024,08-01-2023,21
SHIP-1366,MFG-75,PN-6865,92,"61,99",2020-09-18,2023-11-22,36
SHIP-1367,MFG-123,PN-5466,62,"51,08",02/20/2020,05/22/2021,16
SHIP-1368,MFG-5,PN-1784,87,101,11/10/2024,06/10/2021,2
SHIP-1369,MFG-30,PN-6007,125,"43,78",10/22/2024,07/22/2024,28
SHIP-1370,MFG-87,PN-8892,127,90.87,2023-03-07,11-09-2024,55
SHIP-1371,MFG-14,PN-7541,12,"59,18",2024-09-03,2021-08-15,5
SHIP-1372,MFG-44,PN-4910,89,19,2020-12-07,2021-01-28,65
SHIP-1373,MFG-77,PN-1816,129,38.06,11-11-2023,2023-10-07,60
SHIP-1374,MFG-144,PN-3222,120,73.26,2021-06-09,17-09-2024,7
SHIP-1375,MFG-25,PN-3326,47,16.16,2022-06-11,06-07-2024,55
SHIP-1376,MFG-136,PN-6977,192,"90,72",06/13/2021,16-06-2021,4
SHIP-1377,MFG-145,PN-6048,65,67.64,08/08/2022,2022-11-05,19
SHIP-1378,MFG-38,PN-7202,123,71,2023-07-24,2020-06-20,30
SHIP-1379,MFG-113,PN-9876,83,"60,48",2020-01-15,10-05-2021,1
SHIP-1380,MFG-176,PN-1975,43,82.23,04/27/2020,22-07-2022,23
SHIP-1381,MFG-105,PN-6608,200,99.89,25-07-2023,02-12-2022,2
SHIP-1382,MFG-63,PN-1158,24,31,04/19/2020,28-10-2024,6
SHIP-1383,MFG-193,PN-1133,73,64,19-10-2023,2020-08-28,15
SHIP-1384,MFG-101,PN-5149,170,93,06/20/2021,24-09-2020,27
SHIP-1385,MFG-7,PN-9504,50,54,2023-03-25,09/23/2023,17
SHIP-1386,MFG-93,PN-8758,25,4.21,11/17/2024,07/02/2020,18
SHIP-1387,MFG-13,PN-8667,45,"35,26",2024-08-08,2020-10-03,3
SHIP-1388,MFG-105,PN-8482,124,36,2022-05-21,2022-10-14,14
SHIP-1389,MFG-121,PN-8491,26,23.92,05/16/2020,2024-07-04,57
SHIP-1390,MFG-146,PN-2828,165,100.67,07/02/2021,2023-07-07,30
SHIP-1391,MFG-111,PN-3041,64,94.64,28-04-2024,11-01-2021,17
SHIP-1392,MFG-100,PN-9173,146,7.18,2023-03-21,2022-02-24,19
SHIP-1393,MFG-197,PN-3416,169,31.26,05/24/2021,2023-12-04,17
SHIP-1394,MFG-71,PN-7383,200,95,06/26/2023,2023-02-10,1
SHIP-1395,MFG-38,PN-7482,95,"16,97",24-11-2024,10-02-2022,15
SHIP-1396,MFG-76,PN-3963,176,"54,69",2021-08-02,04/16/2022,13
SHIP-1397,MFG-157,PN-9651,46,"60,99",2023-10-04,2022-12-09,60
SHIP-1398,MFG-137,PN-5752,81,38.82,2022-11-27,2021-08-11,16
SHIP-1399,MFG-49,PN-1752,82,"95,14",2024-11-10,2022-05-28,23
SHIP-1400,MFG-189,PN-2014,162,72.57,2021-12-26,2024-08-26,13
SHIP-1401,MFG-194,PN-2732,98,5.45,20-10-2020,05/03/2021,22
SHIP-1402,MFG-109,PN-6187,75,"73,64",09/18/2023,04-07-2020,2
SHIP-1403,MFG-117,PN-2565,112,5,02-10-2023,2020-04-17,11
SHIP-1404,MFG-189,PN-4856,184,"55,28",12/06/2022,2024-01-12,7
SHIP-1405,MFG-15,PN-1254,30,89.86,2024-09-15,2020-08-24,24
SHIP-1406,MFG-59,PN-3422,54,47.5,2023-02-12,2022-06-25,16
SHIP-1407,MFG-102,PN-9531,21,100,01/16/2022,2022-02-08,18
SHIP-1408,MFG-79,PN-7293,12,"13,78",23-11-2023,2024-09-02,17
SHIP-1409,MFG-184,PN-8959,79,54.99,2024-04-03,2022-07-09,18
SHIP-1410,MFG-188,PN-9648,185,77,11-12-2022,2022-01-18,5
SHIP-1411,MFG-24,PN-1299,160,91.53,11-04-2024,02-02-2021,30
SHIP-1412,MFG-150,PN-6907,116,"46,27",27-02-2020,2023-05-04,28
SHIP-1413,MFG-55,PN-9172,97,"12,3",2024-01-22,05-04-2020,18
SHIP-1414,MFG-159,PN-2182,134,87.69,04-01-2022,2023-08-14,28
SHIP-1415,MFG-19,PN-7328,75,60.77,03-09-2023,01-11-2021,22
SHIP-1416,MFG-125,PN-8407,185,47.66,2024-08-20,2023-11-05,22
SHIP-1417,MFG-172,PN-8184,143,"3,21",2024-12-01,09/10/2024,30
SHIP-1418,MFG-26,PN-2381,150,5,16-05-2024,23-09-2022,8
SHIP-1419,MFG-184,PN-2569,84,13.41,04/22/2024,06/13/2020,21
SHIP-1420,MFG-41,PN-9789,125,11.08,05-06-2020,11/04/2021,18
SHIP-1421,MFG-191,PN-7461,69,9,2021-04-17,16-10-2022,9
SHIP-1422,MFG-117,PN-7309,162,55.04,2022-02-23,07-07-2024,2
SHIP-1423,MFG-2,PN-9896,181,82.03,2023-09-07,06-06-2020,9
SHIP-1424,MFG-10,PN-5963,71,"8,39",15-09-2021,2024-01-12,16
SHIP-1425,MFG-155,PN-4227,13,81,2021-02-15,16-03-2021,21
SHIP-1426,MFG-10,PN-1947,175,"1,09",08/09/2023,2023-11-12,50
SHIP-1427,MFG-93,PN-3258,4,96,2022-10-05,01/25/2021,28
SHIP-1428,MFG-4,PN-6126,51,5.84,24-04-2023,2024-02-12,15
SHIP-1429,MFG-175,PN-3376,11,2,2020-10-01,2021-06-11,29
SHIP-1430,MFG-6,PN-5488,55,61,2020-05-20,2023-02-04,23
SHIP-1431,MFG-32,PN-8884,4,36,2020-07-16,2023-03-01,22
SHIP-1432,MFG-34,PN-9347,4,62,2020-12-20,02-01-2022,60
SHIP-1433,MFG-148,PN-6490,169,77,02/13/2023,23-10-2024,27
SHIP-1434,MFG-122,PN-2960,39,20.8,2023-12-25,03/03/2021,18
SHIP-1435,MFG-153,PN-2899,113,84.88,2022-08-02,2022-04-21,23
SHIP-1436,MFG-62,PN-1010,107,11,2021-03-05,01/12/2021,3
SHIP-1437,MFG-153,PN-4089,174,48.83,11/27/2021,11/18/2021,11
SHIP-1438,MFG-173,PN-5157,88,79,01/25/2024,13-03-2020,4
SHIP-1439,MFG-164,PN-9157,74,"67,58",26-04-2021,01-01-2021,10
SHIP-1440,MFG-189,PN-6780,49,33,05/13/2020,2020-05-08,12
SHIP-1441,MFG-101,PN-2760,33,34,2023-09-07,2022-07-03,29
SHIP-1442,MFG-108,PN-1989,9,10,2024-10-07,07-04-2023,36
SHIP-1443,MFG-71,PN-3795,70,25.5,2022-04-02,2022-03-15,2
SHIP-1444,MFG-98,PN-1533,174,75.35,2022-07-08,05/20/2021,27
SHIP-1445,MFG-2,PN-7424,34,51,08/14/2023,02/23/2021,19
SHIP-1446,MFG-96,PN-8313,112,93.59,2020-10-13,14-04-2022,12
SHIP-1447,MFG-28,PN-4381,197,78.63,2020-01-06,03/01/2021,11
SHIP-1448,MFG-132,PN-7783,36,93.47,14-09-2021,2022-08-27,42
SHIP-1449,MFG-152,PN-3863,80,21.49,12/23/2020,2020-04-09,41
SHIP-1450,MFG-193,PN-5920,6,49.82,09/15/2022,2022-12-23,13
SHIP-1451,MFG-58,PN-8988,74,50,10-09-2022,2022-06-27,20
SHIP-1452,MFG-130,PN-6317,78,22,2023-12-20,2023-11-05,61
SHIP-1453,MFG-174,PN-3782,157,"49,54",2022-06-20,12-06-2023,20
SHIP-1454,MFG-100,PN-3556,38,11,02/16/2024,2023-12-26,1
SHIP-1455,MFG-87,PN-9415,166,9.35,2021-01-19,2022-10-19,4
SHIP-1456,MFG-61,PN-2229,159,22,03-03-2020,2023-03-20,3
SHIP-1457,MFG-4,PN-5975,169,70.15,07-06-2020,12/14/2020,4
SHIP-1458,MFG-85,PN-9608,120,"54,75",11/15/2023,2021-07-02,54
SHIP-1459,MFG-18,PN-1376,109,"91,12",18-06-2022,02-04-2020,56
SHIP-1460,MFG-194,PN-6742,128,35,2020-08-25,09-07-2020,9
SHIP-1461,MFG-126,PN-6672,99,72.68,2020-04-22,2024-04-02,17
SHIP-1462,MFG-78,PN-8751,194,92.57,09/25/2020,08/09/2024,5
SHIP-1463,MFG-104,PN-3942,120,"40,93",2023-05-23,13-02-2021,6
SHIP-1464,MFG-32,PN-6933,174,46.83,28-11-2020,14-11-2021,13
SHIP-1465,MFG-60,PN-9883,121,"15,35",2020-07-19,2020-10-12,12
SHIP-1466,MFG-73,PN-5596,15,"32,87",2024-04-12,2020-12-06,37
SHIP-1467,MFG-143,PN-8991,10,"78,73",02/23/2021,2022-11-08,18
SHIP-1468,MFG-128,PN-3365,20,40,15-07-2020,11/23/2020,8
SHIP-1469,MFG-142,PN-8114,93,18.95,11/24/2022,14-10-2024,11
SHIP-1470,MFG-91,PN-9074,147,77.98,2021-05-20,21-03-2023,26
SHIP-1471,MFG-138,PN-6947,72,58,03/19/2021,08/01/2022,5
SHIP-1472,MFG-5,PN-3711,149,96.2,2021-05-05,2020-09-17,30
SHIP-1473,MFG-47,PN-5659,1,2,2020-05-21,2022-03-13,48
SHIP-1474,MFG-14,PN-6377,157,24.36,2021-04-03,11/08/2023,3
SHIP-1475,MFG-112,PN-4675,122,"32,74",12/02/2021,05-08-2024,24
SHIP-1476,MFG-114,PN-3775,92,46,2020-09-21,2020-04-03,7
SHIP-1477,MFG-4,PN-3847,163,19,2022-01-07,2024-09-08,1
SHIP-1478,MFG-185,PN-1953,96,62,12/22/2024,27-08-2022,5
SHIP-1479,MFG-36,PN-6283,74,48.29,09-08-2023,08-10-2020,41
SHIP-1480,MFG-110,PN-9555,126,80.56,2023-02-23,2024-12-02,4
SHIP-1481,MFG-177,PN-1614,134,"91,87",2023-08-06,2021-11-03,48
SHIP-1482,MFG-13,PN-3043,172,70,07-04-2021,2021-06-18,9
SHIP-1483,MFG-95,PN-8186,21,69.16,09/16/2024,09-08-2024,26
SHIP-1484,MFG-43,PN-9187,154,"24,53",09-11-2021,2020-07-25,12
SHIP-1485,MFG-200,PN-8413,54,94.92,11/07/2021,2022-03-25,30
SHIP-1486,MFG-173,PN-2008,69,95.29,2020-12-19,2020-04-13,1
SHIP-1487,MFG-87,PN-2862,39,23.79,10-06-2023,10/05/2021,14
SHIP-1488,MFG-96,PN-8099,8,91.76,2022-11-07,2023-01-06,13
SHIP-1489,MFG-60,PN-6377,61,69,2023-10-26,2021-09-09,15
SHIP-1490,MFG-90,PN-6770,41,44.75,2024-12-11,2020-11-23,2
SHIP-1491,MFG-71,PN-3659,101,33.42,04/22/2023,2021-03-13,9
SHIP-1492,MFG-181,PN-1141,34,15.1,2020-01-09,03/13/2020,10
SHIP-1493,MFG-61,PN-7017,135,100,2024-10-02,27-01-2021,4
SHIP-1494,MFG-92,PN-3434,121,"77,86",2020-03-03,2020-06-09,20
SHIP-1495,MFG-136,PN-4013,194,65,2022-06-17,2023-11-28,25
SHIP-1496,MFG-2,PN-8675,62,80.63,05/13/2023,03/25/2020,45
SHIP-1497,MFG-96,PN-3947,13,76,2024-04-19,2024-12-18,17
SHIP-1498,MFG-148,PN-9240,7,15.18,2022-02-04,10/24/2020,3
SHIP-1499,MFG-54,PN-7511,46,17.27,2021-03-23,2024-04-16,9
SHIP-1500,MFG-43,PN-2767,131,69.75,01-02-2020,12/02/2021,14
SHIP-1501,MFG-132,PN-9792,119,100.84,2022-11-08,11-01-2023,32
SHIP-1502,MFG-81,PN-3755,19,93,2021-01-25,2021-09-06,10
SHIP-1503,MFG-47,PN-8911,1,2.41,2024-02-28,2024-12-11,1
SHIP-1504,MFG-140,PN-7964,61,65,2024-06-16,12/25/2021,24
SHIP-1505,MFG-60,PN-8503,198,39,2021-05-09,03/23/2024,20
SHIP-1506,MFG-195,PN-9304,42,"53,9",27-08-2020,05/12/2024,1
SHIP-1507,MFG-181,PN-5586,15,42,08-10-2024,2021-06-27,18
SHIP-1508,MFG-87,PN-5629,123,40.83,2023-06-16,2022-01-07,4
SHIP-1509,MFG-115,PN-3637,170,22.33,2024-02-12,25-02-2021,12
SHIP-1510,MFG-154,PN-6759,16,8,04/23/2021,12/05/2021,2
SHIP-1511,MFG-126,PN-2725,178,17.4,2022-12-17,05-12-2021,23
SHIP-1512,MFG-78,PN-7515,76,70.97,2023-07-04,2024-01-05,13
SHIP-1513,MFG-40,PN-8349,95,54.37,06/15/2021,2020-04-05,7
SHIP-1514,MFG-192,PN-4542,21,58,2023-06-10,2022-02-14,35
SHIP-1515,MFG-127,PN-4988,100,87,2022-08-25,12/01/2024,2
SHIP-1516,MFG-40,PN-8505,42,33.47,01/24/2023,06/12/2022,12
SHIP-1517,MFG-103,PN-5516,76,68.99,06-01-2024,20-05-2020,3
SHIP-1518,MFG-122,PN-1128,105,98,2024-03-28,2020-08-10,20
SHIP-1519,MFG-102,PN-6065,168,62.88,2021-11-19,07/03/2024,59
SHIP-1520,MFG-167,PN-7801,178,86,09-02-2021,2020-12-27,22
SHIP-1521,MFG-6,PN-7512,82,41.87,18-05-2021,2021-11-25,26
SHIP-1522,MFG-10,PN-8693,168,99.35,05/18/2020,14-03-2022,28
SHIP-1523,MFG-19,PN-6793,86,"37,62",2021-02-12,2023-09-01,14
SHIP-1524,MFG-108,PN-2267,89,100.89,10-01-2023,18-05-2023,61
SHIP-1525,MFG-128,PN-7931,195,18.76,09-03-2024,2020-10-15,23
SHIP-1526,MFG-3,PN-1695,96,28,06-11-2023,2024-04-04,22
SHIP-1527,MFG-191,PN-8972,190,68.58,05-04-2022,06/03/2022,6
SHIP-1528,MFG-108,PN-7806,109,44,2020-05-11,11/27/2024,69
SHIP-1529,MFG-135,PN-7538,41,"53,32",06/13/2020,2023-02-21,37
SHIP-1530,MFG-193,PN-4535,32,35.59,09/28/2024,2021-11-13,23
SHIP-1531,MFG-77,PN-6443,39,41,2022-08-06,27-05-2022,14
SHIP-1532,MFG-88,PN-4819,187,98,04/09/2022,2021-11-06,17
SHIP-1533,MFG-81,PN-7824,52,67.25,2022-09-24,2021-05-21,26
SHIP-1534,MFG-196,PN-2606,12,58.92,08/21/2022,22-01-2020,12
SHIP-1535,MFG-34,PN-4423,168,23.71,2023-10-23,2024-11-11,6
SHIP-1536,MFG-70,PN-6879,109,48,2021-07-04,2020-09-24,29
SHIP-1537,MFG-96,PN-6701,90,84.88,2023-08-23,2024-07-13,29
SHIP-1538,MFG-102,PN-5368,132,"75,81",2020-05-15,2024-11-25,19
SHIP-1539,MFG-54,PN-1379,4,"85,68",10/16/2024,2023-09-13,29
SHIP-1540,MFG-196,PN-5650,58,5,2021-10-06,03-12-2021,9
SHIP-1541,MFG-143,PN-5658,46,"67,21",2021-01-25,2021-01-11,29
SHIP-1542,MFG-43,PN-9931,17,9.27,09/21/2021,2023-10-09,22
SHIP-1543,MFG-110,PN-6916,95,56,2020-02-06,2024-06-23,45
SHIP-1544,MFG-70,PN-5095,15,68.09,09/03/2022,2023-06-24,16
SHIP-1545,MFG-113,PN-6839,66,39.17,2023-12-09,08/19/2021,4
SHIP-1546,MFG-131,PN-5026,164,63.29,05/23/2021,2022-08-10,21
SHIP-1547,MFG-43,PN-7792,37,74,2023-07-26,03/28/2024,26
SHIP-1548,MFG-72,PN-5099,87,21.41,06/28/2020,08-08-2022,14
SHIP-1549,MFG-109,PN-2066,21,51.15,2021-01-09,2022-08-09,30
SHIP-1550,MFG-153,PN-6902,43,"6,78",2024-10-22,01-09-2020,31
SHIP-1551,MFG-10,PN-7330,56,14,2021-05-05,2022-11-04,19
SHIP-1552,MFG-130,PN-9501,108,26,05-12-2020,07/28/2020,11
SHIP-1553,MFG-153,PN-7410,31,28,2020-11-03,2021-03-23,7
SHIP-1554,MFG-196,PN-7352,26,17.67,05-09-2020,2023-07-02,25
SHIP-1555,MFG-35,PN-3320,180,93.98,19-12-2021,2020-12-26,14
SHIP-1556,MFG-21,PN-5496,184,"82,41",2020-12-10,2020-02-04,22
SHIP-1557,MFG-23,PN-3841,37,94.15,09/17/2020,2023-07-05,4
SHIP-1558,MFG-142,PN-8280,125,13.55,2024-10-26,2022-11-10,25
SHIP-1559,MFG-34,PN-5324,190,67.81,25-09-2023,03/05/2023,12
SHIP-1560,MFG-7,PN-2657,125,35.46,05/01/2020,10/22/2024,28
SHIP-1561,MFG-48,PN-1415,16,93,27-01-2020,2021-10-07,17
SHIP-1562,MFG-160,PN-5567,122,66,2024-09-08,2021-12-26,27
SHIP-1563,MFG-170,PN-6812,159,73,11-12-2024,2024-02-14,36
SHIP-1564,MFG-83,PN-1593,85,19.29,2021-09-23,09-03-2024,3
SHIP-1565,MFG-71,PN-7369,198,"50,65",14-03-2022,06/05/2023,6
SHIP-1566,MFG-93,PN-9809,151,3,2022-12-12,2021-09-10,24
SHIP-1567,MFG-8,PN-3742,138,58.87,2022-08-02,2021-08-07,20
SHIP-1568,MFG-152,PN-8175,117,13,02-10-2021,2020-06-22,7
SHIP-1569,MFG-1,PN-6209,37,45.19,05/08/2021,2024-07-13,14
SHIP-1570,MFG-151,PN-4357,161,28.72,2024-11-22,2024-01-20,14
SHIP-1571,MFG-171,PN-6329,6,14.86,12/25/2024,02/03/2022,66
SHIP-1572,MFG-32,PN-9593,129,94.06,2024-02-28,05/20/2024,8
SHIP-1573,MFG-85,PN-4765,140,13.89,2023-06-03,2024-12-17,20
SHIP-1574,MFG-18,PN-4259,151,78.95,2023-06-05,2022-01-16,14
SHIP-1575,MFG-92,PN-3060,48,11.76,16-05-2022,2024-12-01,27
SHIP-1576,MFG-64,PN-2857,112,32,06/15/2022,01/20/2021,12
SHIP-1577,MFG-144,PN-8853,152,81,2021-12-12,28-02-2024,28
SHIP-1578,MFG-39,PN-2865,42,52.84,2023-02-03,2022-01-13,9
SHIP-1579,MFG-188,PN-7448,174,"88,43",24-02-2023,2023-11-09,9
SHIP-1580,MFG-148,PN-7987,137,61,2021-01-12,2023-09-03,41
SHIP-1581,MFG-181,PN-1497,79,23.96,08/25/2020,07-10-2020,12
SHIP-1582,MFG-3,PN-8132,67,6,2024-12-16,01/24/2020,17
SHIP-1583,MFG-72,PN-3067,189,13.71,2021-09-27,2020-03-13,25
SHIP-1584,MFG-200,PN-5099,123,"14,07",2020-07-12,2023-06-08,20
SHIP-1585,MFG-25,PN-4541,72,7,2024-06-28,09-06-2023,28
SHIP-1586,MFG-30,PN-9646,69,"68,81",13-11-2020,26-05-2021,11
SHIP-1587,MFG-113,PN-7907,104,32,11/16/2023,2020-08-03,21
SHIP-1588,MFG-33,PN-8808,181,62.48,01-08-2023,08-12-2022,7
SHIP-1589,MFG-141,PN-3372,49,61,2020-01-24,02/19/2021,14
SHIP-1590,MFG-97,PN-2001,138,"8,42",2024-06-07,2024-04-04,28
SHIP-1591,MFG-96,PN-9096,48,89,2023-07-28,08/23/2023,39
SHIP-1592,MFG-147,PN-2743,178,6,10/22/2024,15-05-2022,57
SHIP-1593,MFG-147,PN-1327,171,59,27-08-2020,2020-06-04,29
SHIP-1594,MFG-165,PN-3984,4,4,2024-08-03,04/21/2023,23
SHIP-1595,MFG-61,PN-7822,105,36.44,2020-05-24,2021-10-06,56
SHIP-1596,MFG-117,PN-1248,77,70,10/07/2021,09-08-2024,5
SHIP-1597,MFG-108,PN-5469,7,"91,64",09-04-2024,10/20/2022,5
SHIP-1598,MFG-138,PN-9949,4,"26,05",10-03-2022,2020-04-19,23
SHIP-1599,MFG-138,PN-7665,63,52,2021-08-27,2020-07-07,28
SHIP-1600,MFG-174,PN-1468,86,38,2021-08-07,2020-07-14,26
SHIP-1601,MFG-93,PN-3679,95,"1,6",25-09-2022,2021-09-19,22
SHIP-1602,MFG-156,PN-5413,80,"39,7",2024-12-04,2020-12-15,29
SHIP-1603,MFG-85,PN-1667,90,29.1,2022-02-25,2020-10-19,15
SHIP-1604,MFG-173,PN-3502,83,83,2021-01-01,19-11-2023,6
SHIP-1605,MFG-123,PN-1158,22,81,07/23/2022,2023-07-05,13
SHIP-1606,MFG-138,PN-6159,3,22.3,02/13/2023,07-12-2023,27
SHIP-1607,MFG-115,PN-9677,126,79,2021-08-19,2020-10-21,23
SHIP-1608,MFG-187,PN-4255,154,"81,19",04/18/2021,02/05/2020,26
SHIP-1609,MFG-156,PN-5102,75,"34,8",07/17/2024,2024-04-28,13
SHIP-1610,MFG-186,PN-6030,57,100,02-02-2021,2023-02-25,13
SHIP-1611,MFG-116,PN-1026,191,65.48,2020-11-23,03/17/2020,20
SHIP-1612,MFG-60,PN-8620,36,59.14,2021-01-02,25-08-2020,30
SHIP-1613,MFG-98,PN-7526,67,77.28,2020-02-24,2024-01-09,42
SHIP-1614,MFG-127,PN-6096,124,"91,87",10-08-2021,2022-11-11,9
SHIP-1615,MFG-142,PN-8139,109,99.11,14-12-2022,2020-07-17,24
SHIP-1616,MFG-171,PN-5955,18,46.05,2024-02-17,21-08-2022,6
SHIP-1617,MFG-16,PN-4639,199,"49,23",2023-02-22,12-09-2024,25
SHIP-1618,MFG-174,PN-3401,169,"78,84",2023-01-22,2024-09-06,17
SHIP-1619,MFG-151,PN-8642,191,75.5,11-02-2021,2020-03-20,2
SHIP-1620,MFG-185,PN-7081,166,71,11/02/2023,2022-10-14,21
SHIP-1621,MFG-129,PN-1940,125,"62,28",24-09-2022,08/17/2024,8
SHIP-1622,MFG-47,PN-8686,66,52.85,2020-05-02,08-05-2024,29
SHIP-1623,MFG-156,PN-7527,62,12,11/03/2021,14-07-2020,9
SHIP-1624,MFG-141,PN-4978,70,81.81,2023-08-18,03/17/2024,21
SHIP-1625,MFG-72,PN-2356,115,61,06/08/2020,2024-07-11,11
SHIP-1626,MFG-40,PN-1158,85,65.87,2020-11-15,12-04-2023,6
SHIP-1627,MFG-61,PN-2046,14,43,10-12-2024,2024-01-24,18
SHIP-1628,MFG-107,PN-1792,49,15.75,08/10/2021,2022-02-23,5
SHIP-1629,MFG-98,PN-5133,76,41.39,2022-11-01,2020-06-06,29
SHIP-1630,MFG-99,PN-3391,149,"32,02",2020-11-20,11-12-2024,18
SHIP-1631,MFG-75,PN-6558,31,69,2021-06-26,2020-05-04,12
SHIP-1632,MFG-168,PN-5407,131,71.77,12/07/2024,2023-03-14,19
SHIP-1633,MFG-166,PN-8061,135,64.66,2024-12-05,28-02-2021,17
SHIP-1634,MFG-48,PN-1819,179,"53,83",2020-04-25,2022-06-21,43
SHIP-1635,MFG-167,PN-9190,103,5.91,09-12-2021,2021-08-26,16
SHIP-1636,MFG-133,PN-1094,52,74,2021-11-18,05-08-2024,25
SHIP-1637,MFG-157,PN-4740,130,52,08/05/2020,02-10-2021,67
SHIP-1638,MFG-91,PN-8758,89,100.52,2020-03-04,2020-12-23,12
SHIP-1639,MFG-195,PN-6875,59,"45,32",2023-02-08,2022-09-27,26
SHIP-1640,MFG-187,PN-7150,80,96.77,2022-03-17,05/10/2022,9
SHIP-1641,MFG-191,PN-8702,167,38.21,07/14/2022,2021-05-28,20
SHIP-1642,MFG-31,PN-4277,126,"82,37",22-07-2024,2023-12-08,7
SHIP-1643,MFG-149,PN-6616,54,92,2020-08-02,2020-08-07,2
SHIP-1644,MFG-46,PN-7659,10,94.61,12/14/2024,2021-01-09,9
SHIP-1645,MFG-26,PN-6368,7,99.82,2024-04-09,2022-05-21,16
SHIP-1646,MFG-107,PN-7574,115,74.2,07-02-2023,2022-10-24,10
SHIP-1647,MFG-11,PN-7015,183,"1,47",2022-08-21,07/21/2021,32
SHIP-1648,MFG-74,PN-3387,33,89.46,02-11-2021,06-07-2022,8
SHIP-1649,MFG-179,PN-3921,20,34.44,11/18/2020,2024-09-09,10
SHIP-1650,MFG-115,PN-9749,188,30.75,2024-10-27,09/20/2021,21
SHIP-1651,MFG-183,PN-3435,91,94,04/22/2021,2020-04-13,28
SHIP-1652,MFG-148,PN-3121,84,"9,32",2024-03-03,2024-07-25,58
SHIP-1653,MFG-1,PN-6487,39,47,2023-09-16,10/22/2023,41
SHIP-1654,MFG-113,PN-5630,178,36.04,2022-04-18,2021-06-20,3
SHIP-1655,MFG-146,PN-3160,16,70,27-03-2022,2022-11-24,29
SHIP-1656,MFG-136,PN-4506,94,67.19,21-01-2024,18-04-2024,28
SHIP-1657,MFG-174,PN-8230,157,77,2022-02-03,2020-04-12,29
SHIP-1658,MFG-107,PN-5329,192,69.19,2022-10-21,04/04/2022,67
SHIP-1659,MFG-164,PN-5801,85,66.31,2020-04-01,03/28/2023,18
SHIP-1660,MFG-1,PN-4481,62,12,06/18/2022,26-11-2024,26
SHIP-1661,MFG-79,PN-7822,35,38,2020-09-07,2022-09-05,14
SHIP-1662,MFG-120,PN-6983,180,4,08/06/2021,03-04-2024,27
SHIP-1663,MFG-4,PN-7389,66,12.81,03-05-2024,04/08/2023,17
SHIP-1664,MFG-9,PN-1058,145,31,19-05-2022,2023-08-01,16
SHIP-1665,MFG-189,PN-3058,84,100.61,2021-10-23,2023-06-25,2
SHIP-1666,MFG-148,PN-7106,124,87.14,05-09-2023,09-04-2021,12
SHIP-1667,MFG-137,PN-9275,54,29.85,2024-05-16,2020-10-11,17
SHIP-1668,MFG-57,PN-2268,138,58,17-10-2020,2024-03-19,18
SHIP-1669,MFG-114,PN-9199,43,95.54,2023-09-12,03/21/2021,21
SHIP-1670,MFG-192,PN-9503,77,36.02,2023-12-28,26-03-2023,9
SHIP-1671,MFG-94,PN-6475,169,14.01,06/26/2022,2022-08-11,27
SHIP-1672,MFG-166,PN-6079,66,63,10/16/2023,2023-05-03,52
SHIP-1673,MFG-142,PN-8548,59,"5,23",2022-12-14,05/12/2024,7
SHIP-1674,MFG-156,PN-1807,198,49,21-08-2024,2021-03-05,16
SHIP-1675,MFG-125,PN-8976,172,53.6,2023-06-06,02/26/2024,27
SHIP-1676,MFG-51,PN-9329,135,"43,02",2024-07-12,2021-04-22,11
SHIP-1677,MFG-7,PN-7665,176,42,2021-03-19,2020-02-09,29
SHIP-1678,MFG-155,PN-3514,123,71,2022-09-14,2021-01-28,26
SHIP-1679,MFG-25,PN-4236,126,3,07/21/2020,08/03/2021,21
SHIP-1680,MFG-118,PN-7225,33,4,04/28/2023,2023-02-03,54
SHIP-1681,MFG-42,PN-6964,63,36,2023-01-28,01/05/2021,1
SHIP-1682,MFG-186,PN-1934,165,50.87,03-07-2024,2022-12-16,26
SHIP-1683,MFG-55,PN-1098,126,2.9,2021-05-22,2024-02-16,12
SHIP-1684,MFG-27,PN-6959,45,11.88,01/21/2023,11/01/2020,7
SHIP-1685,MFG-48,PN-6300,75,6.99,09/15/2020,2021-09-28,14
SHIP-1686,MFG-10,PN-6072,143,2.13,2022-12-07,2022-07-27,44
SHIP-1687,MFG-112,PN-3307,48,84.51,2021-01-04,2024-04-08,12
SHIP-1688,MFG-146,PN-5612,165,11,25-02-2022,11-04-2021,21
SHIP-1689,MFG-96,PN-2473,57,100.4,2024-12-21,2023-07-11,29
SHIP-1690,MFG-46,PN-7958,152,47,28-06-2023,12-12-2023,53
SHIP-1691,MFG-124,PN-6348,146,63.19,16-09-2020,2021-12-21,16
SHIP-1692,MFG-77,PN-4096,109,62,17-12-2022,01/26/2020,27
SHIP-1693,MFG-56,PN-2563,162,17.84,2020-05-22,2020-12-16,8
SHIP-1694,MFG-142,PN-9348,19,84,2023-04-06,2021-05-10,6
SHIP-1695,MFG-132,PN-5683,195,91,12/14/2020,02-07-2021,19
SHIP-1696,MFG-63,PN-5982,93,"79,38",2021-03-03,07/11/2021,15
SHIP-1697,MFG-86,PN-7593,94,83.72,11/15/2024,2020-09-13,15
SHIP-1698,MFG-167,PN-1051,39,"86,63",2020-12-09,2022-12-14,20
SHIP-1699,MFG-135,PN-2986,27,"11,62",2022-02-17,10/24/2022,2
SHIP-1700,MFG-123,PN-8045,158,76.72,2022-12-28,06/08/2022,17
SHIP-1701,MFG-37,PN-1029,186,"7,85",2021-10-04,2021-04-21,28
SHIP-1702,MFG-122,PN-6632,19,"71,34",06-02-2020,2021-12-18,9
SHIP-1703,MFG-189,PN-8772,176,17.25,2021-08-12,09-12-2021,27
SHIP-1704,MFG-6,PN-7360,10,63.09,2021-10-19,2020-04-19,2
SHIP-1705,MFG-148,PN-1341,86,35.96,2024-09-27,2023-04-25,1
SHIP-1706,MFG-23,PN-5792,135,5.44,04/06/2022,20-03-2022,30
SHIP-1707,MFG-56,PN-8521,18,16,2024-04-18,2023-08-06,48
SHIP-1708,MFG-127,PN-6515,35,45.78,06/14/2023,04/24/2023,14
SHIP-1709,MFG-38,PN-2647,119,57.33,2020-01-17,07/02/2023,10
SHIP-1710,MFG-112,PN-8761,14,"47,43",02/22/2023,05-11-2024,22
SHIP-1711,MFG-1,PN-5533,64,6.19,10/18/2024,2020-09-12,20
SHIP-1712,MFG-77,PN-6985,21,69.04,2023-02-12,2021-10-28,12
SHIP-1713,MFG-53,PN-8649,125,"16,38",2024-02-25,2020-02-08,27
SHIP-1714,MFG-91,PN-3688,12,26.28,08/13/2023,2020-06-04,2
SHIP-1715,MFG-61,PN-4598,159,93.12,07/26/2020,2020-01-08,24
SHIP-1716,MFG-121,PN-4952,191,63.62,02-09-2023,2022-01-21,33
SHIP-1717,MFG-190,PN-2866,12,1,2023-11-10,17-12-2020,26
SHIP-1718,MFG-144,PN-5492,12,22.09,2021-02-17,2022-02-01,22
SHIP-1719,MFG-186,PN-1177,11,47,27-02-2021,05/06/2020,18
SHIP-1720,MFG-93,PN-4304,15,28,2020-04-10,2024-10-18,15
SHIP-1721,MFG-85,PN-7091,60,63.94,2023-02-14,2023-09-17,23
SHIP-1722,MFG-99,PN-5068,131,75.08,2020-02-06,10-07-2023,9
SHIP-1723,MFG-35,PN-1387,93,46.52,2020-01-04,2024-05-18,49
SHIP-1724,MFG-199,PN-5650,15,24,2022-05-07,2023-11-07,26
SHIP-1725,MFG-166,PN-1638,35,14.92,15-01-2022,2022-08-12,16
SHIP-1726,MFG-152,PN-7942,59,43.69,02-06-2024,20-12-2022,3
SHIP-1727,MFG-44,PN-8026,186,78,2023-01-02,2021-07-23,14
SHIP-1728,MFG-97,PN-1484,200,"17,19",2020-12-16,2023-12-26,67
SHIP-1729,MFG-182,PN-3711,76,"20,57",2021-11-01,2020-05-10,29
SHIP-1730,MFG-161,PN-5030,71,96,2020-09-01,25-10-2020,7
SHIP-1731,MFG-27,PN-8986,10,"46,84",2020-12-12,2021-09-07,37
SHIP-1732,MFG-51,PN-4912,11,"70,8",05/23/2021,13-10-2024,12
SHIP-1733,MFG-14,PN-4743,197,61,2022-03-05,2023-12-12,28
SHIP-1734,MFG-28,PN-2346,55,66.29,2024-08-16,12/18/2023,25
SHIP-1735,MFG-77,PN-2264,102,50.2,2020-03-11,19-08-2023,47
SHIP-1736,MFG-135,PN-3659,188,58,2020-09-13,07/12/2020,6
SHIP-1737,MFG-124,PN-8612,64,8.43,2020-05-03,2020-12-28,15
SHIP-1738,MFG-92,PN-6640,10,51,2020-08-15,14-05-2022,15
SHIP-1739,MFG-26,PN-2424,125,87,2021-05-12,2023-02-23,8
SHIP-1740,MFG-44,PN-7777,46,14.97,2021-12-12,02-07-2024,18
SHIP-1741,MFG-60,PN-3181,53,82.5,2022-08-27,2023-02-01,21
SHIP-1742,MFG-114,PN-4065,185,43,07/18/2020,06/07/2021,2
SHIP-1743,MFG-4,PN-2495,70,26,2021-09-06,09/04/2021,23
SHIP-1744,MFG-124,PN-5519,48,81,2021-01-06,09/07/2024,24
SHIP-1745,MFG-56,PN-4697,76,"23,45",28-11-2024,12-12-2023,6
SHIP-1746,MFG-160,PN-5561,200,13.82,2020-10-10,2021-07-22,17
SHIP-1747,MFG-140,PN-9956,20,19.68,2020-12-09,07-06-2021,9
SHIP-1748,MFG-24,PN-6815,80,72.94,01/17/2020,05/05/2024,12
SHIP-1749,MFG-72,PN-3598,37,32.35,2024-12-08,14-11-2022,29
SHIP-1750,MFG-153,PN-7482,92,83.64,2020-09-17,03-08-2020,5
SHIP-1751,MFG-49,PN-2328,128,"50,76",2022-07-02,2020-03-14,38
SHIP-1752,MFG-133,PN-9799,173,42,11/08/2021,09/25/2020,23
SHIP-1753,MFG-105,PN-8643,71,18,18-04-2024,2022-05-17,14
SHIP-1754,MFG-103,PN-6008,193,"38,08",11-10-2022,2021-12-28,30
SHIP-1755,MFG-24,PN-5723,161,12,2021-08-09,2020-10-11,24
SHIP-1756,MFG-55,PN-1984,60,"66,1",2022-11-17,2024-01-25,23
SHIP-1757,MFG-78,PN-6812,52,21.4,10/16/2024,2020-03-25,11
SHIP-1758,MFG-43,PN-5835,178,13,2023-07-20,2022-12-06,3
SHIP-1759,MFG-196,PN-3012,140,74,04/02/2024,12/02/2023,2
SHIP-1760,MFG-6,PN-6582,180,"54,11",2022-10-26,2023-11-07,18
SHIP-1761,MFG-6,PN-7622,44,"79,84",2021-04-12,2020-02-06,54
SHIP-1762,MFG-5,PN-4249,32,24.39,2020-01-09,24-02-2024,5
SHIP-1763,MFG-71,PN-2493,125,"21,81",2023-08-26,02-08-2022,28
SHIP-1764,MFG-66,PN-9830,119,32.56,2024-08-24,08-07-2024,7
SHIP-1765,MFG-151,PN-7349,4,49,08-09-2023,2021-11-10,8
SHIP-1766,MFG-90,PN-5137,130,11.68,2023-06-08,2021-06-23,17
SHIP-1767,MFG-33,PN-9015,107,4,02-05-2024,2021-04-18,24
SHIP-1768,MFG-177,PN-9536,181,63,2021-01-18,2022-05-05,19
SHIP-1769,MFG-158,PN-8384,86,44.63,2021-11-11,07/24/2024,18
SHIP-1770,MFG-46,PN-8478,181,"12,05",07/18/2020,12-05-2022,10
SHIP-1771,MFG-51,PN-7063,186,"12,27",09/09/2023,2023-02-01,19
SHIP-1772,MFG-78,PN-5493,181,42.05,28-02-2023,05/20/2022,10
SHIP-1773,MFG-51,PN-6924,34,3,2022-10-16,01/04/2024,46
SHIP-1774,MFG-64,PN-2447,108,25,2023-04-10,2020-05-03,14
SHIP-1775,MFG-144,PN-2657,86,23.03,11/05/2022,03-06-2023,23
SHIP-1776,MFG-110,PN-6924,67,5.41,2022-10-18,10/10/2020,14
SHIP-1777,MFG-162,PN-3531,98,55.08,2020-05-25,2023-02-02,28
SHIP-1778,MFG-87,PN-8321,32,61.98,02/06/2022,2021-09-23,69
SHIP-1779,MFG-61,PN-7151,168,64.3,05/26/2023,19-06-2024,22
SHIP-1780,MFG-147,PN-1461,107,60.98,2022-11-28,06-02-2023,16
SHIP-1781,MFG-166,PN-5173,128,"81,66",2022-05-17,2020-02-15,29
SHIP-1782,MFG-100,PN-9795,114,91.64,02/07/2022,11/21/2020,9
SHIP-1783,MFG-84,PN-6715,58,37,2021-10-12,2022-05-23,18
SHIP-1784,MFG-152,PN-8416,4,"80,56",2023-07-19,06-11-2020,7
SHIP-1785,MFG-177,PN-4255,168,100.92,2023-01-14,2021-09-22,23
SHIP-1786,MFG-164,PN-8105,24,30,04/17/2020,10-11-2021,35
SHIP-1787,MFG-191,PN-7242,200,"46,11",2021-06-18,2022-04-03,52
SHIP-1788,MFG-172,PN-7141,93,54.56,02/26/2021,2023-02-15,6
SHIP-1789,MFG-182,PN-4162,187,34,11/08/2021,26-06-2023,23
SHIP-1790,MFG-121,PN-5074,44,"71,44",2024-07-10,2024-09-04,23
SHIP-1791,MFG-150,PN-9830,66,"26,72",01-06-2021,2022-12-24,16
SHIP-1792,MFG-110,PN-3554,197,79.72,08/19/2023,03/10/2023,29
SHIP-1793,MFG-97,PN-2318,198,60.02,2022-06-23,2021-04-16,29
SHIP-1794,MFG-26,PN-6422,148,"37,16",2021-06-16,06/21/2021,11
SHIP-1795,MFG-47,PN-8685,49,66.25,2024-04-15,2020-10-03,13
SHIP-1796,MFG-80,PN-5607,14,34.73,23-07-2024,14-02-2020,27
SHIP-1797,MFG-194,PN-6361,93,"45,17",10/19/2023,2024-03-07,4
SHIP-1798,MFG-153,PN-9783,101,62.34,2024-12-07,04/21/2021,12
SHIP-1799,MFG-158,PN-8390,8,16.16,09/08/2021,02/20/2024,9
SHIP-1800,MFG-130,PN-6983,92,59.27,2022-03-11,2020-01-27,7
SHIP-1801,MFG-190,PN-5475,15,89.42,08-09-2021,21-10-2021,2
SHIP-1802,MFG-200,PN-1937,158,15.45,2024-11-21,05-12-2022,19
SHIP-1803,MFG-2,PN-8158,66,36,2021-11-02,04/10/2022,19
SHIP-1804,MFG-99,PN-6215,37,91.81,02/24/2020,18-10-2021,27
SHIP-1805,MFG-134,PN-6877,73,42,18-12-2023,02/09/2023,8
SHIP-1806,MFG-123,PN-9753,19,37,12/26/2021,2022-12-05,63
SHIP-1807,MFG-186,PN-4928,113,75,2024-10-04,10/23/2020,25
SHIP-1808,MFG-95,PN-8321,169,"64,71",2022-01-14,2021-02-02,2
SHIP-1809,MFG-126,PN-4084,175,98,2023-11-27,19-10-2020,68
SHIP-1810,MFG-32,PN-9098,63,"31,19",2021-06-01,2023-12-08,11
SHIP-1811,MFG-49,PN-5369,73,90.05,2021-05-16,2022-11-15,29
SHIP-1812,MFG-28,PN-8566,24,27,2020-01-22,11/16/2021,20
SHIP-1813,MFG-75,PN-4530,97,67.69,12/06/2024,15-08-2022,23
SHIP-1814,MFG-155,PN-3136,81,"6,34",2023-11-05,2023-12-26,50
SHIP-1815,MFG-12,PN-7112,16,81,2023-02-10,04-07-2023,5
SHIP-1816,MFG-122,PN-5885,162,"90,87",2024-02-26,21-01-2023,29
SHIP-1817,MFG-164,PN-9180,51,71.41,12/22/2020,2024-03-22,16
SHIP-1818,MFG-35,PN-6827,84,28.63,2023-02-14,2022-02-25,5
SHIP-1819,MFG-74,PN-5647,99,72.03,2023-08-07,2020-01-13,10
SHIP-1820,MFG-4,PN-3976,107,90.48,2022-01-24,2024-05-19,11
SHIP-1821,MFG-163,PN-1793,37,69.26,27-12-2021,01/04/2022,2
SHIP-1822,MFG-39,PN-9497,161,67,2022-06-26,2024-10-28,29
SHIP-1823,MFG-51,PN-7914,177,30.27,2020-09-17,10/28/2024,18
SHIP-1824,MFG-104,PN-8055,18,98.11,2024-11-24,08/01/2024,29
SHIP-1825,MFG-176,PN-6693,184,38.37,07/25/2020,24-07-2024,15
SHIP-1826,MFG-121,PN-5120,52,72.69,2023-07-19,2020-03-26,8
SHIP-1827,MFG-20,PN-6628,132,"18,34",2023-11-25,11/25/2022,20
SHIP-1828,MFG-183,PN-4219,105,12.92,08/05/2020,07-08-2023,23
SHIP-1829,MFG-28,PN-1988,156,97.65,07/21/2023,11-08-2024,16
SHIP-1830,MFG-108,PN-5948,31,53.95,07/04/2020,2022-01-23,8
SHIP-1831,MFG-134,PN-7315,40,12.68,2022-01-25,08-05-2021,13
SHIP-1832,MFG-48,PN-7697,79,23,2021-12-12,11/14/2023,21
SHIP-1833,MFG-181,PN-4634,5,"75,72",08/07/2023,2021-02-04,6
SHIP-1834,MFG-59,PN-3084,187,2,10/16/2024,25-03-2023,16
SHIP-1835,MFG-19,PN-6967,72,"35,46",12/09/2021,09-08-2022,2
SHIP-1836,MFG-109,PN-2577,71,19.83,03/24/2022,2022-04-07,16
SHIP-1837,MFG-183,PN-7501,198,72,06/06/2021,2022-11-25,25
SHIP-1838,MFG-109,PN-6750,106,84.22,2020-03-15,2022-10-28,2
SHIP-1839,MFG-23,PN-8446,139,31.59,2024-09-25,2021-12-07,16
SHIP-1840,MFG-91,PN-3464,112,71.61,13-01-2024,11/06/2022,14
SHIP-1841,MFG-135,PN-7252,157,49.3,09/14/2020,02/10/2022,67
SHIP-1842,MFG-86,PN-1928,39,19.45,01/24/2020,2020-07-12,29
SHIP-1843,MFG-154,PN-5671,91,23,2023-02-20,12-04-2024,11
SHIP-1844,MFG-197,PN-9178,54,"21,17",2021-02-22,11/27/2020,25
SHIP-1845,MFG-79,PN-8656,172,61,2020-11-15,2023-09-04,11
SHIP-1846,MFG-145,PN-5458,141,63.59,2021-06-19,08/14/2023,67
SHIP-1847,MFG-76,PN-2928,57,"37,84",01-11-2024,03-06-2021,31
SHIP-1848,MFG-4,PN-3721,193,59,03-08-2023,14-05-2022,29
SHIP-1849,MFG-165,PN-4690,138,67,2020-03-24,04/06/2023,13
SHIP-1850,MFG-197,PN-8311,25,29.95,2022-03-26,12-04-2021,24
SHIP-1851,MFG-190,PN-6403,7,18.33,2024-03-22,2023-11-21,1
SHIP-1852,MFG-197,PN-4165,173,46,17-03-2023,02/20/2024,7
SHIP-1853,MFG-124,PN-4750,151,46.76,21-02-2021,2021-10-13,21
SHIP-1854,MFG-99,PN-5228,142,36.9,07/14/2022,04/12/2020,15
SHIP-1855,MFG-59,PN-4825,91,89,2021-12-19,01/01/2023,46
SHIP-1856,MFG-14,PN-8643,20,23,05/19/2023,2022-09-17,25
SHIP-1857,MFG-17,PN-3194,104,74.99,05/05/2021,01/17/2023,28
SHIP-1858,MFG-143,PN-6801,178,5.15,2024-09-10,06-07-2024,7
SHIP-1859,MFG-120,PN-5248,198,"76,89",10/28/2022,22-12-2020,24
SHIP-1860,MFG-165,PN-7430,48,16.26,2024-08-02,2020-04-05,3
SHIP-1861,MFG-76,PN-4844,195,100.67,26-11-2021,2021-01-28,9
SHIP-1862,MFG-189,PN-1031,35,"3,39",2023-02-24,2020-03-22,30
SHIP-1863,MFG-121,PN-7532,181,92,2022-03-24,2022-07-11,2
SHIP-1864,MFG-71,PN-9373,2,42.24,2021-03-25,2020-06-20,2
SHIP-1865,MFG-133,PN-5576,40,44,2022-02-17,02-01-2021,26
SHIP-1866,MFG-10,PN-4775,198,89,10/01/2024,2020-09-23,25
SHIP-1867,MFG-166,PN-8134,180,88,10/26/2021,11-12-2023,20
SHIP-1868,MFG-140,PN-1275,182,23,2024-03-04,2024-02-20,22
SHIP-1869,MFG-13,PN-6177,149,99.63,2023-01-14,2022-11-04,16
SHIP-1870,MFG-3,PN-8935,179,96.31,12/22/2021,2022-07-19,6
SHIP-1871,MFG-41,PN-7526,31,69,2020-07-26,10-07-2022,2
SHIP-1872,MFG-79,PN-9590,109,96.37,2020-09-12,21-02-2023,17
SHIP-1873,MFG-100,PN-8988,106,"11,13",2022-03-26,14-09-2024,2
SHIP-1874,MFG-111,PN-4083,77,82.93,2023-07-24,2023-11-15,17
SHIP-1875,MFG-82,PN-1875,1,"29,26",07/07/2021,2024-07-08,19
SHIP-1876,MFG-71,PN-1502,66,19.18,2022-02-27,2020-09-23,22
SHIP-1877,MFG-9,PN-9571,105,9.99,2023-03-15,2022-02-15,17
SHIP-1878,MFG-4,PN-2194,87,58.7,06/22/2022,03/07/2022,9
SHIP-1879,MFG-109,PN-8037,176,4,14-10-2020,2021-06-24,24
SHIP-1880,MFG-55,PN-7766,151,"37,51",2023-04-02,05/09/2024,19
SHIP-1881,MFG-189,PN-7757,94,79,2023-02-05,06/02/2022,12
SHIP-1882,MFG-130,PN-6132,109,"98,56",2022-08-18,2020-08-15,58
SHIP-1883,MFG-119,PN-5330,116,"36,15",2020-06-17,2020-05-11,17
SHIP-1884,MFG-197,PN-8519,121,85,2022-11-28,2023-03-25,22
SHIP-1885,MFG-51,PN-4168,187,99,2022-04-14,2023-02-08,17
SHIP-1886,MFG-123,PN-6242,5,"39,47",09-09-2024,05/12/2023,2
SHIP-1887,MFG-182,PN-4311,69,31.79,2023-11-02,2024-08-18,52
SHIP-1888,MFG-162,PN-5781,145,64,2021-03-01,11/13/2022,58
SHIP-1889,MFG-64,PN-3499,194,"77,69",02/25/2024,2024-10-27,27
SHIP-1890,MFG-190,PN-9144,117,98,05/13/2021,2023-08-17,3
SHIP-1891,MFG-79,PN-4507,148,19.96,2021-10-08,19-10-2023,18
SHIP-1892,MFG-75,PN-7959,140,64,27-08-2022,2021-01-16,9
SHIP-1893,MFG-92,PN-7574,176,56.68,2024-08-08,08/18/2020,23
SHIP-1894,MFG-115,PN-3249,167,"26,73",11/13/2020,2022-02-21,21
SHIP-1895,MFG-180,PN-9632,17,4,2020-12-02,23-12-2022,64
SHIP-1896,MFG-116,PN-2446,189,8.06,02/27/2022,2022-12-27,28
SHIP-1897,MFG-26,PN-5894,2,"91,63",02/09/2023,2020-09-06,33
SHIP-1898,MFG-55,PN-6032,126,"87,88",2023-11-08,2024-05-19,30
SHIP-1899,MFG-52,PN-6426,108,40,03/25/2024,2022-08-17,18
SHIP-1900,MFG-156,PN-6487,132,"29,65",10-12-2020,2020-01-07,9
SHIP-1901,MFG-102,PN-6649,18,72.74,06/03/2021,04-12-2023,18
SHIP-1902,MFG-178,PN-7257,66,42,05/19/2023,2020-01-26,40
SHIP-1903,MFG-162,PN-7841,36,"60,67",18-11-2020,2023-09-23,20
SHIP-1904,MFG-199,PN-7781,47,47.34,2021-04-12,02/17/2020,20
SHIP-1905,MFG-172,PN-6752,117,91,04/24/2021,2020-01-08,14
SHIP-1906,MFG-15,PN-4579,147,87.44,2021-01-19,2022-09-11,23
SHIP-1907,MFG-57,PN-9774,133,65.33,2021-09-20,12-04-2024,27
SHIP-1908,MFG-93,PN-2504,68,"52,28",2022-02-18,12/28/2023,26
SHIP-1909,MFG-107,PN-6797,123,54.36,2023-02-15,2022-05-23,15
SHIP-1910,MFG-155,PN-6603,179,65.66,05/27/2021,2021-04-09,2
SHIP-1911,MFG-82,PN-8084,73,27.51,2022-11-27,2021-09-23,4
SHIP-1912,MFG-115,PN-7319,147,42,2020-10-09,10-12-2023,17
SHIP-1913,MFG-113,PN-7468,180,50.57,2024-09-04,08/26/2020,16
SHIP-1914,MFG-95,PN-5320,92,11.74,2024-05-08,09/15/2024,5
SHIP-1915,MFG-158,PN-8013,154,39,17-06-2024,2023-11-05,19
SHIP-1916,MFG-47,PN-4177,36,"14,71",2020-03-23,2022-01-04,13
SHIP-1917,MFG-64,PN-2536,67,34.76,10/28/2024,2023-05-09,18
SHIP-1918,MFG-30,PN-5162,119,49.63,25-04-2022,2024-01-24,13
SHIP-1919,MFG-18,PN-8053,173,39.61,2023-09-14,03/15/2024,9
SHIP-1920,MFG-32,PN-6089,130,49,15-08-2021,2024-05-22,28
SHIP-1921,MFG-2,PN-4426,196,6.95,2022-07-24,16-05-2022,47
SHIP-1922,MFG-32,PN-7760,172,23.53,2022-03-04,11/13/2022,26
SHIP-1923,MFG-188,PN-7395,104,49.65,12/02/2024,04-12-2021,10
SHIP-1924,MFG-25,PN-6845,75,14,2021-07-04,2021-03-12,2
SHIP-1925,MFG-84,PN-3407,44,71,07-06-2024,2022-10-25,11
SHIP-1926,MFG-101,PN-2389,188,30.49,2020-07-26,2020-06-02,24
SHIP-1927,MFG-38,PN-4153,8,46,2021-04-17,2023-08-05,28
SHIP-1928,MFG-8,PN-7097,146,38.6,2022-04-12,2024-07-07,20
SHIP-1929,MFG-50,PN-1125,112,32.72,28-06-2021,05/01/2023,27
SHIP-1930,MFG-43,PN-2445,30,12.6,10/14/2020,2023-09-03,23
SHIP-1931,MFG-118,PN-8135,163,"55,3",07/12/2023,2020-11-11,10
SHIP-1932,MFG-186,PN-9381,119,22,2023-12-18,01/06/2022,26
SHIP-1933,MFG-81,PN-1258,35,61,04/15/2024,2020-02-18,13
SHIP-1934,MFG-98,PN-5406,194,57.32,2021-09-11,2021-07-21,11
SHIP-1935,MFG-185,PN-5197,161,21,2020-03-03,02/07/2023,6
SHIP-1936,MFG-169,PN-1468,82,49.13,2021-04-26,04/20/2024,1
SHIP-1937,MFG-56,PN-6324,122,"59,52",2023-08-01,08-06-2021,21
SHIP-1938,MFG-39,PN-1928,34,4.67,09/19/2024,2022-11-19,29
SHIP-1939,MFG-190,PN-1117,32,42.73,2020-08-19,2021-05-03,30
SHIP-1940,MFG-115,PN-2372,84,95.74,26-02-2022,2024-12-21,24
SHIP-1941,MFG-170,PN-3486,142,79,2024-07-15,2022-01-07,20
SHIP-1942,MFG-130,PN-8422,11,64.2,07-07-2020,2021-05-27,19
SHIP-1943,MFG-10,PN-6784,195,26.97,2024-05-09,08/13/2024,27
SHIP-1944,MFG-134,PN-8950,165,"80,08",23-09-2020,09/18/2024,7
SHIP-1945,MFG-186,PN-2351,197,9.11,2024-04-06,2022-09-21,23
SHIP-1946,MFG-2,PN-3622,178,"74,52",28-03-2021,08-03-2022,13
SHIP-1947,MFG-26,PN-8780,91,28,2024-05-26,2024-08-16,3
SHIP-1948,MFG-15,PN-1118,144,45.97,2021-11-16,2020-08-25,3
SHIP-1949,MFG-193,PN-8660,3,83.55,2021-01-28,2020-10-23,25
SHIP-1950,MFG-51,PN-6085,183,"4,99",2021-06-28,2023-01-09,26
SHIP-1951,MFG-112,PN-8126,34,31.12,10-05-2024,2023-02-05,11
SHIP-1952,MFG-47,PN-8993,158,"94,96",2022-05-14,06/01/2023,3
SHIP-1953,MFG-1,PN-3462,180,53.01,05/05/2021,2020-09-15,11
SHIP-1954,MFG-65,PN-3681,37,15.51,2024-07-23,03/15/2020,2
SHIP-1955,MFG-135,PN-1512,101,89.58,2021-02-06,2020-11-14,25
SHIP-1956,MFG-113,PN-3220,66,74,11-03-2021,09/17/2023,21
SHIP-1957,MFG-191,PN-4684,118,65,11/08/2022,2020-05-04,18
SHIP-1958,MFG-11,PN-5961,138,77,2020-10-24,10/20/2023,5
SHIP-1959,MFG-150,PN-9760,188,83.6,16-12-2024,09/02/2021,4
SHIP-1960,MFG-21,PN-9093,153,"55,89",2021-04-26,2021-10-17,24
SHIP-1961,MFG-141,PN-7403,78,13,13-07-2024,09/03/2023,4
SHIP-1962,MFG-184,PN-8147,116,"60,42",02/09/2024,11/08/2020,15
SHIP-1963,MFG-66,PN-5479,15,86.63,2020-08-05,19-06-2022,12
SHIP-1964,MFG-10,PN-4390,137,"47,99",2023-11-02,05/01/2022,7
SHIP-1965,MFG-34,PN-7663,163,88.04,2024-07-16,03/10/2022,12
SHIP-1966,MFG-119,PN-1822,143,43.57,2020-02-13,07/26/2021,23
SHIP-1967,MFG-38,PN-5468,189,76.78,2021-08-21,25-01-2021,2
SHIP-1968,MFG-84,PN-9253,136,61,2022-06-14,2023-09-14,7
SHIP-1969,MFG-100,PN-6799,143,91.18,2022-07-28,08-09-2020,26
SHIP-1970,MFG-107,PN-2932,5,100.64,11/10/2024,02/21/2023,68
SHIP-1971,MFG-168,PN-4004,25,"56,57",2020-01-15,2022-04-25,15
SHIP-1972,MFG-19,PN-3039,155,86,2020-05-22,2020-02-23,19
SHIP-1973,MFG-93,PN-2550,108,28,2022-11-18,2020-05-03,29
SHIP-1974,MFG-198,PN-6131,120,13.33,10/19/2023,2024-05-14,14
SHIP-1975,MFG-63,PN-9305,39,"87,9",2021-12-26,19-04-2023,17
SHIP-1976,MFG-198,PN-6946,158,24,2020-11-06,03-03-2020,2
SHIP-1977,MFG-185,PN-3312,68,37.47,2024-08-28,2021-11-13,23
SHIP-1978,MFG-74,PN-2602,23,86,2021-06-21,25-02-2024,1
SHIP-1979,MFG-74,PN-8138,148,"53,76",01/08/2020,01/28/2024,12
SHIP-1980,MFG-148,PN-6656,50,49,2024-01-10,08/07/2024,42
SHIP-1981,MFG-176,PN-3897,20,"87,79",2023-08-28,11-05-2023,8
SHIP-1982,MFG-151,PN-2999,130,24,2020-10-04,2020-04-01,21
SHIP-1983,MFG-98,PN-4140,178,4,2024-11-27,10/24/2021,13
SHIP-1984,MFG-9,PN-4419,134,63,2024-09-09,02/01/2024,4
SHIP-1985,MFG-96,PN-9214,64,2.51,2021-12-28,2024-11-16,21
SHIP-1986,MFG-184,PN-1101,179,68.06,01/04/2024,24-01-2020,7
SHIP-1987,MFG-159,PN-2327,21,"34,61",2021-07-23,2021-02-08,28
SHIP-1988,MFG-125,PN-4640,190,3.62,2020-02-25,2023-07-03,9
SHIP-1989,MFG-24,PN-8181,26,45.66,2024-03-27,06/04/2024,5
SHIP-1990,MFG-103,PN-9861,22,29,02/07/2021,2024-05-16,53
SHIP-1991,MFG-115,PN-1573,53,"40,34",2022-11-27,2021-08-04,30
SHIP-1992,MFG-94,PN-2667,101,55,2022-03-12,09-03-2022,26
SHIP-1993,MFG-65,PN-7394,75,52.13,2020-10-16,10/04/2020,29
SHIP-1994,MFG-125,PN-9186,107,59.49,2020-02-01,01/10/2021,54
SHIP-1995,MFG-137,PN-7060,41,80.51,2022-01-02,2022-11-01,24
SHIP-1996,MFG-139,PN-9590,193,62.56,17-10-2023,08/05/2020,13
SHIP-1997,MFG-37,PN-9504,47,49.13,2020-05-01,20-10-2021,15
SHIP-1998,MFG-31,PN-6793,154,"65,15",2021-11-23,2024-09-24,3
SHIP-1999,MFG-188,PN-2209,81,"63,56",04/17/2023,07/14/2021,19
SHIP-2000,MFG-148,PN-6064,84,23,2020-12-01,2024-08-21,27
