subscription_id,account_id,product,quantity,unit_price,start_date,end_date,status
SUB-1,SAAS-307,platform,19,350.7,2023-12-21,2024-11-18,cancelled
SUB-2,SAAS-111,support,28,395,2024-08-20,2023-12-20,active
SUB-3,SAAS-35,support,-3,380.24,2020-01-13,2022-04-05,active
SUB-4,SAAS-108,support,47,192,2021-06-15,2022-02-15,active
SUB-5,SAAS-31,support,17,263,2021-03-24,2020-05-28,active
SUB-6,SAAS-338,platform,10,90.96,2023-01-17,2021-03-17,active
SUB-7,SAAS-199,api,2,263.99,2022-11-11,01-01-2023,past_due
SUB-8,SAAS-121,platform,36,433.86,26-09-2021,11/02/2022,cancelled
SUB-9,SAAS-233,support,14,282,12-02-2021,2022-02-24,active
SUB-10,SAAS-216,support,26,195.61,2020-10-26,15-10-2020,past_due
SUB-11,SAAS-253,platform,49,314.42,2024-12-02,10/08/2023,active
SUB-12,SAAS-237,modules,11,305.42,2024-07-10,16-09-2022,active
SUB-13,SAAS-75,platform,31,121.93,2020-12-17,2020-06-17,active
SUB-14,SAAS-266,api,38,493.55,2021-02-27,09/04/2020,active
SUB-15,SAAS-139,api,19,309.45,2022-01-11,2023-08-13,active
SUB-16,SAAS-259,api,20,377.12,09-02-2020,2021-04-06,cancelled
SUB-17,SAAS-260,platform,18,50.07,2023-12-09,12-09-2024,cancelled
SUB-18,SAAS-124,platform,-9,476,2021-03-11,2024-07-17,active
SUB-19,SAAS-303,platform,10,447.29,2022-10-26,07/01/2020,past_due
SUB-20,SAAS-349,platform,17,288.76,2020-06-27,01/24/2022,active
SUB-21,SAAS-287,api,50,297,2022-11-02,11/06/2024,active
SUB-22,SAAS-41,platform,13,208.43,2022-05-01,2021-06-14,past_due
SUB-23,SAAS-5,support,38,262.58,23-11-2021,2020-06-28,active
SUB-24,SAAS-41,platform,41,158,2022-05-11,2022-01-15,active
SUB-25,SAAS-140,modules,4,113.41,26-05-2023,05-09-2020,active
SUB-26,SAAS-337,platform,-2,181.88,2020-03-06,11/08/2023,cancelled
SUB-27,SAAS-317,platform,42,87.65,2021-11-05,2021-05-05,active
SUB-28,SAAS-71,support,13,338.21,2022-11-19,10/27/2022,cancelled
SUB-29,SAAS-227,support,48,123.23,14-04-2024,25-10-2021,active
SUB-30,SAAS-265,platform,45,40.71,2021-01-22,2022-03-17,past_due
SUB-31,SAAS-338,api,29,120.08,2024-09-20,07/03/2024,cancelled
SUB-32,SAAS-312,modules,46,203.51,2022-08-17,2020-10-25,active
SUB-33,SAAS-142,api,20,104.72,2024-10-02,2020-12-07,active
SUB-34,SAAS-152,modules,21,90.41,01-11-2020,2023-10-10,past_due
SUB-35,SAAS-191,support,9,219,2020-11-03,08/16/2023,past_due
SUB-36,SAAS-22,support,9,412.67,2020-08-23,04/06/2022,past_due
SUB-37,SAAS-35,api,25,403,2021-07-26,12-03-2022,active
SUB-38,SAAS-240,modules,14,374,2021-04-23,08/21/2021,active
SUB-39,SAAS-57,modules,19,483.23,2021-10-21,13-06-2021,active
SUB-40,SAAS-64,modules,29,485,16-10-2020,03/03/2022,active
SUB-41,SAAS-253,platform,39,294.55,2020-06-24,02/10/2021,cancelled
SUB-42,SAAS-15,support,-4,231.21,2020-12-27,2024-03-15,active
SUB-43,SAAS-382,platform,13,63,2020-03-20,12-04-2020,active
SUB-44,SAAS-346,api,21,486,2022-11-07,12-01-2021,past_due
SUB-45,SAAS-89,platform,31,359,2020-12-28,11/08/2024,active
SUB-46,SAAS-73,modules,28,479.67,2024-01-22,06/21/2021,active
SUB-47,SAAS-68,platform,9,308,2021-03-02,2021-05-20,past_due
SUB-48,SAAS-355,api,38,156.6,2020-09-23,2024-11-02,active
SUB-49,SAAS-223,platform,28,63.94,2022-09-06,15-08-2021,active
SUB-50,SAAS-274,modules,17,325.48,2024-03-27,2020-01-04,past_due
SUB-51,SAAS-3,support,44,184.24,2022-08-05,2024-06-01,past_due
SUB-52,SAAS-237,api,48,189.52,2023-03-28,02-11-2022,active
SUB-53,SAAS-45,support,7,490,2022-01-18,17-10-2020,cancelled
SUB-54,SAAS-85,api,31,117.24,14-01-2024,2023-11-02,past_due
SUB-55,SAAS-355,modules,33,156,2023-02-16,2023-06-25,active
SUB-56,SAAS-67,modules,41,93.24,04-02-2021,12/02/2023,active
SUB-57,SAAS-249,modules,47,408.23,25-06-2024,2020-12-03,active
SUB-58,SAAS-251,modules,2,497,2022-11-04,21-12-2024,cancelled
SUB-59,SAAS-359,platform,35,372,2023-10-21,2022-12-20,cancelled
SUB-60,SAAS-139,api,-7,177.92,2024-05-02,06/18/2024,past_due
SUB-61,SAAS-155,support,44,376,2024-02-15,2023-05-24,active
SUB-62,SAAS-77,support,47,485,2024-11-28,16-12-2023,active
SUB-63,SAAS-186,support,19,164.62,06-01-2020,2023-11-09,active
SUB-64,SAAS-310,api,4,422.7,2024-01-07,2024-03-04,active
SUB-65,SAAS-209,api,-7,336,2020-12-26,12/11/2021,active
SUB-66,SAAS-349,platform,45,168.78,10-09-2023,21-01-2022,past_due
SUB-67,SAAS-17,api,33,237.99,2022-04-06,2024-11-13,active
SUB-68,SAAS-108,platform,22,113.19,2020-06-15,12/06/2023,past_due
SUB-69,SAAS-264,api,20,406.4,2024-02-01,2023-11-03,active
SUB-70,SAAS-197,api,30,250,2020-10-09,2024-06-20,active
SUB-71,SAAS-221,api,16,383.47,2023-09-19,10-07-2023,active
SUB-72,SAAS-218,api,28,194.34,2022-02-06,05-03-2023,active
SUB-73,SAAS-46,support,10,132.35,2024-02-16,10/16/2024,cancelled
SUB-74,SAAS-140,platform,29,427,2021-06-12,04/12/2024,cancelled
SUB-75,SAAS-249,support,4,507.59,2022-01-09,2020-11-16,active
SUB-76,SAAS-45,api,49,356,2023-07-20,2023-04-21,active
SUB-77,SAAS-134,modules,27,504.36,2020-12-11,03-08-2022,active
SUB-78,SAAS-27,modules,9,152.81,26-05-2024,03-01-2022,active
SUB-79,SAAS-233,platform,-8,506.04,2021-08-06,2021-08-25,cancelled
SUB-80,SAAS-169,support,29,498.19,19-05-2021,24-06-2024,active
SUB-81,SAAS-107,modules,16,304.94,2023-12-06,2021-10-18,past_due
SUB-82,SAAS-336,api,19,452.81,25-06-2023,05/27/2021,cancelled
SUB-83,SAAS-257,platform,11,339.36,2023-01-02,03/12/2023,active
SUB-84,SAAS-127,api,29,90,2022-08-03,15-06-2022,active
SUB-85,SAAS-307,support,3,395,21-08-2021,2022-04-01,cancelled
SUB-86,SAAS-236,support,4,158,2023-03-07,2021-08-11,active
SUB-87,SAAS-87,modules,35,311.85,2022-05-01,13-02-2021,past_due
SUB-88,SAAS-238,api,41,130,09-11-2020,2020-12-09,past_due
SUB-89,SAAS-365,modules,25,141,2021-08-07,01/24/2023,active
SUB-90,SAAS-26,support,16,425,2024-05-03,2020-05-26,cancelled
SUB-91,SAAS-95,modules,7,174.55,2022-12-06,03-01-2021,active
SUB-92,SAAS-233,platform,19,246.29,2022-12-13,09-04-2022,active
SUB-93,SAAS-31,platform,11,53.07,2020-10-05,2023-07-03,active
SUB-94,SAAS-282,api,43,493.32,2021-12-12,2023-12-04,active
SUB-95,SAAS-82,support,29,330.44,2021-12-10,2022-11-11,active
SUB-96,SAAS-233,platform,37,499.04,2020-08-02,08-08-2021,active
SUB-97,SAAS-100,api,6,293.85,2021-08-23,12/08/2021,active
SUB-98,SAAS-135,modules,17,69.65,2022-03-06,2021-03-24,active
SUB-99,SAAS-181,api,46,191,2024-07-10,2020-03-01,past_due
SUB-100,SAAS-109,api,23,65.9,2024-01-09,02-10-2021,active
SUB-101,SAAS-398,support,31,457,2020-12-09,2022-12-28,past_due
SUB-102,SAAS-99,api,32,59.19,2020-07-24,24-06-2023,active
SUB-103,SAAS-62,modules,19,99.99,2023-06-13,2023-02-23,cancelled
SUB-104,SAAS-50,support,20,403,2023-04-17,01/15/2022,cancelled
SUB-105,SAAS-33,platform,14,104.46,2023-12-07,2021-09-27,active
SUB-106,SAAS-189,modules,43,407.91,11-10-2020,02/22/2021,active
SUB-107,SAAS-263,modules,44,13,2020-10-06,2023-01-03,active
SUB-108,SAAS-355,modules,3,390,11-05-2021,06/28/2020,past_due
SUB-109,SAAS-392,platform,5,257.35,2020-06-17,10-09-2024,cancelled
SUB-110,SAAS-167,platform,23,242.59,2021-08-10,2021-07-17,cancelled
SUB-111,SAAS-372,platform,7,347,2021-12-06,05-03-2021,active
SUB-112,SAAS-212,platform,9,169.47,2024-08-20,24-02-2022,cancelled
SUB-113,SAAS-94,modules,25,362,2023-01-21,07/24/2023,active
SUB-114,SAAS-262,modules,31,421,2024-06-25,2020-03-27,active
SUB-115,SAAS-278,api,38,449,2023-11-25,2020-06-06,active
SUB-116,SAAS-233,platform,15,364.38,2024-07-03,2022-05-25,cancelled
SUB-117,SAAS-126,platform,16,174.45,2021-12-19,14-12-2021,cancelled
SUB-118,SAAS-380,platform,5,156,07-12-2024,10/26/2021,active
SUB-119,SAAS-381,modules,40,404,2023-01-09,2024-07-18,active
SUB-120,SAAS-326,modules,24,299,2023-01-06,2020-12-21,active
SUB-121,SAAS-123,api,1,185.98,10-07-2023,2023-05-22,cancelled
SUB-122,SAAS-205,platform,5,510,2022-09-23,2020-01-13,active
SUB-123,SAAS-227,platform,5,28.45,2023-10-23,2020-03-10,cancelled
SUB-124,SAAS-160,api,49,60,2020-12-23,2020-02-16,past_due
SUB-125,SAAS-348,platform,43,418.41,2023-12-04,05/17/2020,cancelled
SUB-126,SAAS-280,api,15,426.26,2022-10-22,05/23/2023,cancelled
SUB-127,SAAS-204,api,9,224,2023-09-14,2021-05-24,active
SUB-128,SAAS-48,platform,25,357.41,23-11-2022,12/25/2022,active
SUB-129,SAAS-168,api,21,295,2023-08-16,07-02-2023,active
SUB-130,SAAS-300,api,30,294.34,2024-05-22,10-09-2022,active
SUB-131,SAAS-281,support,46,351.22,2021-01-20,2021-04-02,active
SUB-132,SAAS-160,modules,13,486,2023-02-12,09/22/2022,cancelled
SUB-133,SAAS-47,api,27,453,28-04-2024,2021-02-10,active
SUB-134,SAAS-134,support,47,463.16,2021-03-02,2024-04-02,past_due
SUB-135,SAAS-383,api,-9,100,2023-02-27,06/17/2020,cancelled
SUB-136,SAAS-152,api,13,305,2023-02-19,05/26/2020,past_due
SUB-137,SAAS-253,api,34,347,2024-11-14,2023-02-10,active
SUB-138,SAAS-154,support,32,155.19,2020-11-12,2021-08-04,active
SUB-139,SAAS-146,modules,24,170,2022-06-13,2022-09-07,active
SUB-140,SAAS-213,platform,42,265.1,2022-04-25,2020-04-07,active
SUB-141,SAAS-356,platform,40,162,2022-07-10,2023-05-10,active
SUB-142,SAAS-309,platform,1,123,2021-02-24,09/23/2024,active
SUB-143,SAAS-122,support,15,79,2021-09-08,03-06-2023,active
SUB-144,SAAS-265,api,34,163.86,2022-05-16,2023-03-16,cancelled
SUB-145,SAAS-53,modules,24,187.26,19-02-2020,02/18/2021,active
SUB-146,SAAS-315,api,12,170.53,24-12-2020,2021-03-10,active
SUB-147,SAAS-385,modules,18,70.57,2021-09-06,06/08/2021,cancelled
SUB-148,SAAS-68,support,42,223.01,2020-02-07,11/28/2023,active
SUB-149,SAAS-176,modules,2,31.57,2023-02-09,12/25/2021,active
SUB-150,SAAS-11,platform,28,279.64,01-07-2022,2022-06-03,past_due
SUB-151,SAAS-378,modules,-8,338,2023-09-04,03/19/2022,cancelled
SUB-152,SAAS-369,platform,47,497,2021-08-17,2024-07-22,active
SUB-153,SAAS-351,modules,50,478.04,2021-07-28,01/26/2021,active
SUB-154,SAAS-168,support,2,166.61,04-06-2020,2020-06-21,active
SUB-155,SAAS-14,support,22,378,23-01-2020,05/02/2020,active
SUB-156,SAAS-387,modules,50,353.46,2020-05-24,2020-10-11,active
SUB-157,SAAS-390,support,2,251.78,09-02-2021,2022-02-17,cancelled
SUB-158,SAAS-337,api,42,432.6,2024-08-28,10/08/2023,cancelled
SUB-159,SAAS-35,modules,38,178,2020-12-16,2021-01-08,active
SUB-160,SAAS-55,api,3,36,10-07-2024,02/10/2022,active
SUB-161,SAAS-345,platform,25,452.06,2024-01-20,04/12/2024,active
SUB-162,SAAS-390,platform,19,21,2022-02-15,12-08-2024,active
SUB-163,SAAS-170,modules,47,503,2023-10-28,2024-07-03,active
SUB-164,SAAS-88,support,38,508.71,2020-02-17,2020-01-02,cancelled
SUB-165,SAAS-368,support,11,371.8,23-10-2020,2023-01-01,active
SUB-166,SAAS-25,support,8,25,2022-02-18,2020-08-22,active
SUB-167,SAAS-308,api,9,140.5,2021-10-01,2021-03-19,active
SUB-168,SAAS-191,modules,4,414.67,2023-09-07,2023-07-11,cancelled
SUB-169,SAAS-119,platform,-1,400.16,2023-11-13,2021-10-27,past_due
SUB-170,SAAS-62,support,13,452.71,2022-05-03,15-11-2023,active
SUB-171,SAAS-118,api,28,283.08,2022-08-11,08-08-2024,past_due
SUB-172,SAAS-286,modules,17,381.62,2022-09-17,2020-09-16,active
SUB-173,SAAS-359,modules,9,498.08,2023-10-08,2020-01-10,cancelled
SUB-174,SAAS-240,platform,26,475.71,2024-12-24,2020-06-28,past_due
SUB-175,SAAS-220,api,19,337.29,2020-03-14,06/25/2021,active
SUB-176,SAAS-269,support,23,345.86,2022-07-06,08/11/2024,active
SUB-177,SAAS-351,platform,16,294.86,2023-02-05,2024-07-01,active
SUB-178,SAAS-237,platform,15,442.06,2021-03-07,11/03/2021,active
SUB-179,SAAS-87,api,15,172.51,15-08-2021,08/21/2022,cancelled
SUB-180,SAAS-120,platform,11,411.66,21-06-2024,2023-05-22,active
SUB-181,SAAS-339,platform,35,291,2020-09-08,09/01/2023,active
SUB-182,SAAS-208,platform,28,110.01,2023-02-19,03/27/2023,active
SUB-183,SAAS-365,modules,4,445.34,2024-07-20,01/17/2024,active
SUB-184,SAAS-237,platform,13,183.56,04-10-2020,2024-04-03,active
SUB-185,SAAS-334,modules,30,384,2024-02-28,27-03-2021,active
SUB-186,SAAS-67,api,26,132.01,2024-02-06,2021-06-13,active
SUB-187,SAAS-295,support,40,160,2022-10-07,02/26/2023,active
SUB-188,SAAS-286,platform,50,278.72,2020-05-13,2020-09-24,active
SUB-189,SAAS-95,platform,47,61.15,2022-12-15,15-01-2021,past_due
SUB-190,SAAS-215,api,11,62.39,2020-03-11,06/08/2023,cancelled
SUB-191,SAAS-153,support,37,262.76,28-06-2022,07/11/2024,cancelled
SUB-192,SAAS-103,platform,16,145,15-12-2023,2020-07-15,active
SUB-193,SAAS-324,platform,-3,77.06,2020-03-01,23-04-2020,active
SUB-194,SAAS-193,api,3,150,2021-09-15,11/21/2021,cancelled
SUB-195,SAAS-130,api,12,134.14,2022-05-14,10/22/2024,past_due
SUB-196,SAAS-115,api,35,500.45,2021-09-15,2022-10-08,active
SUB-197,SAAS-357,modules,21,495,28-01-2024,25-06-2022,active
SUB-198,SAAS-259,platform,37,377.78,2021-05-03,2022-04-01,active
SUB-199,SAAS-238,support,20,295.05,2020-04-26,09/15/2021,active
SUB-200,SAAS-348,platform,43,346,2024-06-07,2023-06-15,past_due
SUB-201,SAAS-194,api,16,109,2021-01-25,10/01/2020,active
SUB-202,SAAS-72,modules,16,471.8,2023-08-15,03/19/2020,past_due
SUB-203,SAAS-189,support,5,132,2024-01-17,2024-01-27,active
SUB-204,SAAS-202,api,22,132.49,2022-09-09,2022-05-25,past_due
SUB-205,SAAS-64,api,50,69.73,2023-04-22,09/28/2024,active
SUB-206,SAAS-197,api,4,504.46,23-07-2021,2023-04-02,past_due
SUB-207,SAAS-80,modules,45,351.89,2021-11-09,02/02/2021,cancelled
SUB-208,SAAS-65,modules,29,108.12,15-02-2023,01/17/2024,active
SUB-209,SAAS-395,platform,4,198,2021-06-18,2022-06-24,past_due
SUB-210,SAAS-119,modules,28,320.13,2021-11-06,2023-09-21,past_due
SUB-211,SAAS-182,api,47,437.81,2022-04-03,06/05/2022,active
SUB-212,SAAS-311,support,3,456.91,2021-09-24,2020-06-19,active
SUB-213,SAAS-44,modules,42,292.76,2024-06-13,2021-10-04,active
SUB-214,SAAS-236,platform,27,34.78,2022-05-21,07-10-2024,active
SUB-215,SAAS-399,modules,14,223.9,24-04-2021,2022-06-12,past_due
SUB-216,SAAS-12,api,45,342.74,2022-12-08,03-03-2020,active
SUB-217,SAAS-36,platform,10,169.08,2020-04-25,2023-04-03,active
SUB-218,SAAS-72,api,2,46.9,24-07-2023,2023-07-19,past_due
SUB-219,SAAS-189,support,42,146.28,2024-09-05,02/06/2024,active
SUB-220,SAAS-341,modules,44,374,2020-06-24,01/02/2023,cancelled
SUB-221,SAAS-314,modules,14,147.76,2020-05-12,05/11/2020,past_due
SUB-222,SAAS-253,platform,19,223.31,25-09-2023,2023-11-16,active
SUB-223,SAAS-136,platform,42,149.44,2020-12-17,02/17/2023,active
SUB-224,SAAS-341,support,31,52.03,2020-01-01,12/27/2023,active
SUB-225,SAAS-375,api,35,267.01,2021-05-05,11-09-2022,active
SUB-226,SAAS-141,platform,40,360,26-04-2020,04/27/2023,active
SUB-227,SAAS-97,platform,34,132.9,2022-03-20,2021-01-01,active
SUB-228,SAAS-254,api,47,308,04-06-2022,2023-07-26,active
SUB-229,SAAS-273,support,3,259.92,2020-06-28,2022-11-14,past_due
SUB-230,SAAS-219,modules,23,256.85,2023-03-25,09/01/2022,past_due
SUB-231,SAAS-317,modules,22,401.77,2022-06-14,2022-03-18,cancelled
SUB-232,SAAS-166,platform,43,142,2020-06-24,05/13/2021,active
SUB-233,SAAS-296,modules,48,424,19-03-2022,2020-09-16,active
SUB-234,SAAS-78,api,26,305.47,2023-12-25,2022-08-24,past_due
SUB-235,SAAS-335,api,48,487.79,2022-12-18,2024-07-08,active
SUB-236,SAAS-12,modules,44,235.87,2021-12-18,2020-02-01,active
SUB-237,SAAS-149,platform,2,430,2024-06-15,11/25/2020,past_due
SUB-238,SAAS-5,support,2,228.68,2023-02-20,2022-01-23,active
SUB-239,SAAS-286,modules,31,28.23,2024-06-23,2021-07-11,cancelled
SUB-240,SAAS-54,api,36,407,2023-09-18,2020-02-20,active
SUB-241,SAAS-16,api,23,504.64,2022-10-17,2022-02-12,active
SUB-242,SAAS-83,platform,23,98.71,2024-02-11,2020-11-02,active
SUB-243,SAAS-266,platform,17,348,2024-12-27,2020-05-26,active
SUB-244,SAAS-237,api,50,12.42,2024-05-08,2022-11-05,past_due
SUB-245,SAAS-368,platform,5,417.25,2024-03-09,18-04-2022,cancelled
SUB-246,SAAS-164,api,16,99.37,2023-04-10,2020-12-27,past_due
SUB-247,SAAS-191,support,45,350.58,27-12-2022,2022-03-12,active
SUB-248,SAAS-183,modules,1,439.77,2024-07-27,2024-07-18,active
SUB-249,SAAS-308,support,43,442,2023-11-08,10/22/2020,active
SUB-250,SAAS-155,modules,25,259.82,2024-01-10,2023-05-28,active
SUB-251,SAAS-180,modules,32,169.72,2024-04-06,2022-03-28,past_due
SUB-252,SAAS-92,support,9,496.36,2021-12-21,02-03-2022,active
SUB-253,SAAS-345,modules,15,158.09,2020-10-13,2021-02-24,active
SUB-254,SAAS-101,modules,25,85,2022-03-16,2020-04-17,active
SUB-255,SAAS-182,api,43,38.63,15-08-2024,2024-12-24,active
SUB-256,SAAS-142,api,49,448,2023-04-01,2022-09-20,cancelled
SUB-257,SAAS-117,support,34,412,20-04-2023,2021-09-14,active
SUB-258,SAAS-356,modules,31,273.2,08-03-2023,2023-06-03,active
SUB-259,SAAS-389,modules,3,84.96,2024-06-28,2022-06-10,active
SUB-260,SAAS-192,support,45,449.95,2024-11-09,06-08-2023,active
SUB-261,SAAS-141,api,-3,392.02,2020-11-24,05/17/2024,active
SUB-262,SAAS-145,api,9,446.38,16-11-2021,2020-06-15,active
SUB-263,SAAS-262,api,30,223.66,2021-04-19,18-11-2022,active
SUB-264,SAAS-221,platform,16,437.04,21-06-2020,2021-04-15,active
SUB-265,SAAS-179,platform,40,133.45,2022-02-15,2024-02-13,cancelled
SUB-266,SAAS-230,support,23,187,2021-05-10,2022-09-15,past_due
SUB-267,SAAS-6,platform,50,473.04,02-03-2020,2024-02-19,cancelled
SUB-268,SAAS-282,api,48,429,11-05-2024,2022-10-28,active
SUB-269,SAAS-382,support,24,156.91,2021-10-22,16-12-2021,active
SUB-270,SAAS-354,support,4,290.19,2022-04-15,2022-08-06,cancelled
SUB-271,SAAS-233,api,37,386,2020-10-01,2022-09-04,cancelled
SUB-272,SAAS-83,support,18,131.1,2024-07-18,11/21/2023,past_due
SUB-273,SAAS-216,api,33,136,19-10-2021,23-03-2024,active
SUB-274,SAAS-362,support,13,281.73,2021-12-18,2023-10-27,past_due
SUB-275,SAAS-114,platform,3,358,2021-03-06,2022-01-10,cancelled
SUB-276,SAAS-399,modules,45,239.03,2024-07-12,2024-09-25,past_due
SUB-277,SAAS-9,api,28,81.37,2021-10-23,2024-04-15,active
SUB-278,SAAS-230,support,13,201.87,2022-11-13,2024-07-01,active
SUB-279,SAAS-392,platform,11,317.38,2023-05-02,2022-04-16,active
SUB-280,SAAS-359,platform,27,113.36,2024-05-20,2023-08-23,cancelled
SUB-281,SAAS-48,modules,39,299.3,2020-09-05,2021-08-07,cancelled
SUB-282,SAAS-294,modules,16,94.52,2022-11-06,2020-03-18,active
SUB-283,SAAS-46,modules,21,331.95,2024-05-03,2022-11-24,active
SUB-284,SAAS-158,api,10,31.04,06-11-2020,2020-08-16,cancelled
SUB-285,SAAS-88,platform,10,505.92,2021-01-25,23-04-2024,past_due
SUB-286,SAAS-210,support,3,313.68,2020-09-24,07/16/2023,active
SUB-287,SAAS-267,platform,16,49.44,2020-03-24,04/11/2024,cancelled
SUB-288,SAAS-62,platform,47,413,11-12-2023,02/26/2021,past_due
SUB-289,SAAS-331,support,24,463,2022-09-08,2021-02-28,active
SUB-290,SAAS-142,modules,28,426.95,2021-07-18,2023-07-11,active
SUB-291,SAAS-79,api,26,130.45,2021-05-01,24-07-2022,cancelled
SUB-292,SAAS-10,modules,10,113.15,21-02-2024,21-01-2020,active
SUB-293,SAAS-372,support,25,189.62,2024-11-18,01/11/2023,active
SUB-294,SAAS-46,platform,20,124,2021-10-04,2020-03-24,past_due
SUB-295,SAAS-382,platform,36,33,26-05-2023,2021-02-23,active
SUB-296,SAAS-69,platform,37,274.37,16-06-2024,2020-02-02,active
SUB-297,SAAS-322,api,39,208.49,06-05-2022,12/14/2020,cancelled
SUB-298,SAAS-70,support,30,383.46,2023-10-06,2021-12-05,past_due
SUB-299,SAAS-199,support,48,252.04,05-11-2023,09-01-2020,past_due
SUB-300,SAAS-307,modules,20,154.8,2022-05-23,11-08-2020,active
SUB-301,SAAS-26,support,16,232.66,06-11-2021,2020-10-23,past_due
SUB-302,SAAS-229,support,6,488.04,2020-06-06,05/18/2024,active
SUB-303,SAAS-283,support,36,311.82,2024-04-11,2021-06-25,past_due
SUB-304,SAAS-212,platform,47,410.81,2020-03-04,2020-08-02,active
SUB-305,SAAS-273,support,20,363.51,05-04-2023,07/18/2022,active
SUB-306,SAAS-166,api,33,301.07,2024-03-26,14-11-2020,active
SUB-307,SAAS-55,support,17,358.41,2024-05-28,06/13/2020,past_due
SUB-308,SAAS-367,api,12,404.78,2021-05-10,2021-01-01,past_due
SUB-309,SAAS-81,modules,7,459,2024-10-03,07/28/2020,active
SUB-310,SAAS-162,platform,-9,67.27,2021-11-03,2020-07-22,active
SUB-311,SAAS-101,api,23,90.82,2020-04-02,12-09-2020,active
SUB-312,SAAS-277,api,25,101.84,18-06-2020,08/02/2023,active
SUB-313,SAAS-377,modules,26,377.96,2020-09-13,2020-10-28,active
SUB-314,SAAS-353,modules,46,374.65,2022-02-12,10/03/2020,active
SUB-315,SAAS-316,api,28,275.91,26-11-2020,2021-07-10,active
SUB-316,SAAS-89,modules,26,93.24,2020-11-17,2024-12-12,active
SUB-317,SAAS-51,modules,10,98.61,2023-11-10,2021-06-13,past_due
SUB-318,SAAS-271,support,46,176,2022-12-27,2023-06-01,active
SUB-319,SAAS-91,modules,44,180,2024-12-03,07-06-2024,active
SUB-320,SAAS-161,platform,44,423.75,2020-09-11,2021-09-07,past_due
SUB-321,SAAS-299,support,33,226.06,2023-09-04,2021-03-17,active
SUB-322,SAAS-127,modules,7,301,2020-06-22,19-08-2023,cancelled
SUB-323,SAAS-39,support,17,378,2024-03-16,2021-10-02,past_due
SUB-324,SAAS-115,modules,34,255.81,19-01-2020,24-09-2022,active
SUB-325,SAAS-69,support,13,474.34,2020-10-06,23-07-2023,past_due
SUB-326,SAAS-248,support,27,279.95,2021-12-13,03-09-2022,past_due
SUB-327,SAAS-351,platform,45,304,2022-11-05,2020-11-21,active
SUB-328,SAAS-285,platform,21,355.16,2023-06-18,05/13/2020,active
SUB-329,SAAS-336,modules,4,386.7,2021-05-28,2020-09-20,active
SUB-330,SAAS-21,api,50,186,22-12-2023,24-07-2023,past_due
SUB-331,SAAS-348,support,32,141.63,27-10-2021,24-06-2023,active
SUB-332,SAAS-62,modules,39,55.91,09-10-2023,2022-01-14,active
SUB-333,SAAS-368,api,46,93.05,2024-10-01,2021-10-07,active
SUB-334,SAAS-338,api,-9,402,2021-12-20,07/12/2020,active
SUB-335,SAAS-154,api,32,186.07,2020-11-14,2023-09-25,active
SUB-336,SAAS-45,modules,30,468.86,2024-11-17,06/11/2020,active
SUB-337,SAAS-319,platform,7,132.13,2022-03-11,2022-01-01,active
SUB-338,SAAS-91,api,-4,364.3,2024-07-02,2022-08-23,active
SUB-339,SAAS-196,api,30,103.6,2020-05-02,2020-06-22,active
SUB-340,SAAS-230,api,-4,39.81,08-10-2021,2021-10-28,past_due
SUB-341,SAAS-136,platform,13,127.73,2021-03-04,05/11/2024,active
SUB-342,SAAS-164,api,-8,467,08-12-2020,08/20/2023,active
SUB-343,SAAS-383,platform,43,386,2021-08-15,03/06/2021,active
SUB-344,SAAS-281,modules,10,144.29,2022-06-25,2020-05-27,cancelled
SUB-345,SAAS-351,platform,-2,152,2020-03-23,2024-01-03,active
SUB-346,SAAS-58,platform,38,251.7,2022-05-09,01/19/2021,cancelled
SUB-347,SAAS-181,modules,47,187.6,2020-01-28,09/03/2024,past_due
SUB-348,SAAS-266,modules,-6,394,2024-06-02,01/21/2024,past_due
SUB-349,SAAS-77,support,40,485,2023-12-05,04-06-2023,active
SUB-350,SAAS-201,modules,38,255,2022-07-13,04/17/2023,active
SUB-351,SAAS-19,platform,37,481,2021-11-18,09/27/2021,cancelled
SUB-352,SAAS-282,api,6,45,2022-10-04,16-04-2023,active
SUB-353,SAAS-295,platform,28,136,01-09-2021,10-05-2023,active
SUB-354,SAAS-164,api,33,386.71,2020-02-06,2024-12-21,active
SUB-355,SAAS-44,modules,24,343.89,2021-09-20,2023-06-21,active
SUB-356,SAAS-277,api,20,452.18,2023-06-22,2023-09-01,past_due
SUB-357,SAAS-264,support,43,351.91,2024-01-09,2022-12-07,active
SUB-358,SAAS-192,platform,37,262.59,2020-06-20,21-11-2022,active
SUB-359,SAAS-197,platform,38,294.59,2023-05-14,09/26/2023,active
SUB-360,SAAS-130,modules,-3,437.64,2023-06-08,05-01-2021,active
SUB-361,SAAS-236,modules,8,226.96,2024-04-06,2020-09-13,past_due
SUB-362,SAAS-170,modules,13,259.44,22-05-2024,12/14/2023,past_due
SUB-363,SAAS-189,support,14,270.67,24-07-2021,09/11/2021,cancelled
SUB-364,SAAS-149,modules,26,409.26,2021-12-09,2024-03-01,past_due
SUB-365,SAAS-391,platform,48,331.28,13-04-2020,2024-02-02,active
SUB-366,SAAS-241,platform,-2,465,2024-06-08,2024-06-12,active
SUB-367,SAAS-361,platform,50,383,05-08-2021,2023-04-16,active
SUB-368,SAAS-243,modules,41,190,2022-08-21,2022-11-25,active
SUB-369,SAAS-347,platform,37,370.71,2024-03-08,2021-07-09,active
SUB-370,SAAS-42,platform,34,198.86,2023-07-26,2024-01-01,active
SUB-371,SAAS-78,platform,16,459.41,2020-09-19,2023-02-22,active
SUB-372,SAAS-278,support,28,470.4,2023-02-09,2020-02-05,active
SUB-373,SAAS-169,support,4,146.6,2024-06-09,2021-09-11,active
SUB-374,SAAS-168,modules,34,98,16-08-2021,03/24/2022,cancelled
SUB-375,SAAS-121,modules,48,370.05,2020-01-09,2021-05-16,active
SUB-376,SAAS-297,modules,18,334.38,28-11-2020,2022-07-25,active
SUB-377,SAAS-311,modules,6,259.04,2024-04-02,2023-08-05,active
SUB-378,SAAS-294,modules,16,288,2022-07-15,08/15/2021,active
SUB-379,SAAS-30,modules,10,77.56,2020-10-08,2020-10-21,past_due
SUB-380,SAAS-215,modules,25,278,2023-11-11,2023-08-20,cancelled
SUB-381,SAAS-385,api,25,405,2023-11-16,11/04/2024,past_due
SUB-382,SAAS-64,support,33,419,2021-02-14,16-07-2021,active
SUB-383,SAAS-133,modules,20,129.31,2022-04-25,14-10-2023,past_due
SUB-384,SAAS-264,modules,35,277,2024-08-07,04-06-2021,past_due
SUB-385,SAAS-153,support,39,31.06,04-09-2023,05/05/2023,cancelled
SUB-386,SAAS-17,modules,5,12.42,2023-01-23,26-12-2022,cancelled
SUB-387,SAAS-65,api,-5,480.28,2022-04-19,2023-09-04,active
SUB-388,SAAS-55,platform,41,402,2024-12-25,07/12/2024,cancelled
SUB-389,SAAS-385,support,43,208.02,07-09-2023,2024-07-02,past_due
SUB-390,SAAS-270,modules,18,222.2,2022-10-06,2020-03-01,cancelled
SUB-391,SAAS-237,modules,15,422.92,23-10-2024,2023-08-26,active
SUB-392,SAAS-108,modules,39,209,2021-09-11,02/01/2020,cancelled
SUB-393,SAAS-133,api,6,307,2023-08-04,2022-11-04,past_due
SUB-394,SAAS-137,support,23,198.08,2021-01-20,2020-12-01,active
SUB-395,SAAS-162,platform,25,388.78,14-05-2021,11/19/2021,active
SUB-396,SAAS-382,api,24,138.66,2021-12-23,08/19/2024,active
SUB-397,SAAS-369,api,12,72,2023-01-26,06/17/2023,active
SUB-398,SAAS-200,support,-5,239,2022-01-18,09/01/2022,active
SUB-399,SAAS-170,modules,26,217.09,2024-05-11,2024-06-14,past_due
SUB-400,SAAS-345,support,28,129.06,2020-02-28,2023-11-11,active
SUB-401,SAAS-291,api,12,165.76,2023-07-16,2021-03-06,active
SUB-402,SAAS-316,api,-1,430.51,17-11-2022,17-10-2023,active
SUB-403,SAAS-97,api,37,114.34,2022-06-09,2022-05-23,past_due
SUB-404,SAAS-299,modules,16,329,2024-06-10,01/27/2023,active
SUB-405,SAAS-391,support,8,474.82,2024-06-01,13-11-2023,cancelled
SUB-406,SAAS-106,support,38,283.45,2020-10-10,25-02-2023,cancelled
SUB-407,SAAS-339,platform,36,156.78,2021-02-02,17-10-2023,active
SUB-408,SAAS-104,modules,25,135.29,2022-02-25,02/02/2022,active
SUB-409,SAAS-29,support,34,507.88,2024-01-07,2022-05-12,active
SUB-410,SAAS-155,modules,10,184,2020-02-18,25-01-2024,cancelled
SUB-411,SAAS-220,api,16,210,2022-09-15,2020-04-04,active
SUB-412,SAAS-321,platform,43,500.41,26-03-2020,03-01-2023,active
SUB-413,SAAS-19,api,17,320,2021-11-09,2022-11-19,active
SUB-414,SAAS-78,support,23,203.84,2021-04-22,2024-06-11,past_due
SUB-415,SAAS-46,support,-7,95.2,10-03-2022,2020-01-12,active
SUB-416,SAAS-259,support,46,454,2020-01-17,2020-06-16,active
SUB-417,SAAS-39,support,27,78,2022-01-13,2020-07-11,active
SUB-418,SAAS-230,platform,46,309.09,2023-03-07,09/08/2021,active
SUB-419,SAAS-39,modules,1,197.29,2022-06-17,23-06-2022,past_due
SUB-420,SAAS-330,modules,25,416.29,2022-04-05,09/26/2024,cancelled
SUB-421,SAAS-178,support,1,505.98,2022-08-26,2024-08-14,active
SUB-422,SAAS-134,modules,42,315.84,2020-04-02,2024-12-25,active
SUB-423,SAAS-208,platform,42,424.33,2023-07-04,2020-03-27,past_due
SUB-424,SAAS-56,support,35,286.02,2023-06-24,2021-06-14,active
SUB-425,SAAS-269,modules,33,125.26,2023-07-14,2020-01-03,active
SUB-426,SAAS-221,platform,14,320.98,2022-03-25,23-03-2024,cancelled
SUB-427,SAAS-135,api,-8,488.95,2022-11-08,2021-09-02,past_due
SUB-428,SAAS-266,modules,10,146.99,02-02-2021,10/02/2024,active
SUB-429,SAAS-127,platform,46,440.51,23-06-2022,2024-06-03,active
SUB-430,SAAS-110,support,11,318.16,2024-04-20,2024-02-24,past_due
SUB-431,SAAS-138,support,18,460.82,2023-01-27,2024-07-21,active
SUB-432,SAAS-291,platform,24,24.41,2024-01-13,2023-08-06,active
SUB-433,SAAS-42,platform,29,258,2022-02-06,14-06-2022,cancelled
SUB-434,SAAS-180,modules,7,339,2023-12-02,2020-03-16,active
SUB-435,SAAS-197,api,24,46,2023-09-01,2024-05-05,active
SUB-436,SAAS-383,api,20,333.14,2022-06-19,2024-08-08,past_due
SUB-437,SAAS-5,api,16,376.69,2022-08-11,02/25/2024,active
SUB-438,SAAS-238,api,3,170.3,2024-04-13,06/19/2023,active
SUB-439,SAAS-335,support,49,130,09-06-2021,11/18/2024,active
SUB-440,SAAS-281,support,16,164.12,2020-09-15,09/23/2021,cancelled
SUB-441,SAAS-211,modules,16,403,2020-05-03,2020-06-12,active
SUB-442,SAAS-60,api,7,264.54,2021-07-09,25-06-2022,active
SUB-443,SAAS-330,platform,16,388.82,2020-01-06,11/14/2024,active
SUB-444,SAAS-140,modules,23,387,02-07-2021,2021-09-02,past_due
SUB-445,SAAS-393,api,49,213.48,2024-10-15,02/02/2020,active
SUB-446,SAAS-242,support,-9,190.89,2023-08-28,02/12/2022,active
SUB-447,SAAS-210,api,8,423.74,2020-01-14,05/05/2024,active
SUB-448,SAAS-197,support,31,32.92,2023-05-05,2024-11-01,past_due
SUB-449,SAAS-300,modules,-5,322.91,15-03-2024,06-03-2023,active
SUB-450,SAAS-14,api,7,446.77,2020-01-19,21-07-2023,cancelled
SUB-451,SAAS-93,modules,43,109,2022-07-20,2024-05-18,active
SUB-452,SAAS-299,support,14,72.22,2022-02-08,2020-04-01,active
SUB-453,SAAS-384,platform,5,352.03,2021-10-20,05/03/2023,active
SUB-454,SAAS-178,support,14,416,2024-12-04,06/05/2022,cancelled
SUB-455,SAAS-109,platform,6,469,27-08-2022,28-01-2024,active
SUB-456,SAAS-31,platform,44,335.04,2020-12-25,2021-10-19,active
SUB-457,SAAS-147,platform,34,247.95,2024-10-20,2020-11-24,past_due
SUB-458,SAAS-39,platform,11,193.61,19-12-2021,08/03/2024,cancelled
SUB-459,SAAS-158,modules,28,353.45,2021-07-22,10-12-2023,past_due
SUB-460,SAAS-131,platform,16,126.19,2024-10-19,2024-02-13,cancelled
SUB-461,SAAS-220,modules,42,219,2024-05-10,03/18/2022,past_due
SUB-462,SAAS-219,modules,37,98.96,06-07-2020,2023-12-24,past_due
SUB-463,SAAS-357,platform,30,290,2021-07-02,2024-05-22,past_due
SUB-464,SAAS-123,platform,21,323.89,2021-09-02,2023-06-16,cancelled
SUB-465,SAAS-367,modules,1,258.09,2024-05-18,08/04/2022,active
SUB-466,SAAS-105,support,13,461,2024-11-27,2020-01-09,active
SUB-467,SAAS-5,support,16,256.21,2023-04-25,28-04-2020,active
SUB-468,SAAS-30,modules,26,185.97,2022-01-25,25-07-2022,cancelled
SUB-469,SAAS-305,support,39,122.02,2021-07-15,2021-11-24,active
SUB-470,SAAS-120,support,14,188.45,2024-06-14,2022-11-18,active
SUB-471,SAAS-338,platform,-6,371.7,04-01-2022,10/05/2022,active
SUB-472,SAAS-298,api,49,448.15,2023-07-12,09/23/2023,active
SUB-473,SAAS-132,support,46,79,2024-07-14,20-03-2022,active
SUB-474,SAAS-177,modules,-4,91,2021-04-12,06/20/2023,active
SUB-475,SAAS-344,support,20,173,2020-03-16,2023-08-26,active
SUB-476,SAAS-230,platform,18,244.79,2020-10-07,2024-09-24,active
SUB-477,SAAS-218,support,25,401,2024-12-20,2023-05-22,active
SUB-478,SAAS-305,api,43,342,2023-12-18,2024-08-25,past_due
SUB-479,SAAS-148,support,3,150.68,2021-04-04,2024-04-11,past_due
SUB-480,SAAS-319,api,30,161.01,23-11-2024,13-10-2023,active
SUB-481,SAAS-159,support,12,240.58,2021-08-12,2023-08-01,past_due
SUB-482,SAAS-265,api,20,221,2020-04-08,2020-01-05,active
SUB-483,SAAS-366,api,11,15.71,2020-04-20,12/17/2023,past_due
SUB-484,SAAS-332,api,14,40.32,20-04-2021,09-05-2021,active
SUB-485,SAAS-127,platform,46,347.34,24-10-2020,25-05-2020,past_due
SUB-486,SAAS-57,api,38,32.11,2024-04-11,23-02-2021,active
SUB-487,SAAS-275,support,3,141,2022-09-10,06/14/2022,active
SUB-488,SAAS-149,platform,41,354.19,12-02-2021,07/24/2023,past_due
SUB-489,SAAS-196,support,9,143.51,2024-10-16,2020-10-18,active
SUB-490,SAAS-59,modules,12,438.02,2022-11-11,03/23/2024,active
SUB-491,SAAS-151,platform,-1,428.07,2023-08-15,2022-04-17,active
SUB-492,SAAS-208,support,13,42.11,2021-01-01,2022-05-18,active
SUB-493,SAAS-174,modules,44,337.54,2023-08-06,2023-06-25,cancelled
SUB-494,SAAS-326,platform,20,185.53,2023-08-01,02/26/2024,active
SUB-495,SAAS-321,support,9,404.37,2024-06-24,2022-05-26,cancelled
SUB-496,SAAS-298,support,34,407.71,28-02-2023,09/15/2024,active
SUB-497,SAAS-375,platform,50,297.66,2023-09-28,14-04-2023,cancelled
SUB-498,SAAS-205,support,46,274,2023-12-15,2023-07-07,active
SUB-499,SAAS-127,platform,-5,394.51,2021-02-13,2024-07-20,cancelled
SUB-500,SAAS-400,support,8,461,2020-09-09,2021-05-14,past_due
SUB-501,SAAS-234,modules,22,450,2023-10-06,2022-07-13,active
SUB-502,SAAS-87,support,8,90.31,2020-04-09,11-01-2024,active
SUB-503,SAAS-273,modules,27,29.7,2023-11-19,2023-09-20,cancelled
SUB-504,SAAS-225,support,8,163.38,15-08-2023,2020-02-10,active
SUB-505,SAAS-34,api,1,203.32,2021-02-19,11-01-2022,past_due
SUB-506,SAAS-247,modules,32,221.24,2020-11-03,10-10-2024,past_due
SUB-507,SAAS-351,modules,6,34.71,2022-02-19,2023-11-13,past_due
SUB-508,SAAS-46,platform,32,371,2024-03-08,2023-08-15,cancelled
SUB-509,SAAS-241,modules,30,293.51,2021-12-04,05/22/2024,cancelled
SUB-510,SAAS-229,modules,17,11.09,2020-10-12,07/12/2022,active
SUB-511,SAAS-377,support,37,472,2023-09-14,2021-10-14,active
SUB-512,SAAS-134,modules,-4,380.8,2020-02-12,09/14/2021,active
SUB-513,SAAS-293,platform,8,160.01,28-12-2023,2024-12-04,active
SUB-514,SAAS-37,modules,20,498.62,2021-01-28,08-07-2020,active
SUB-515,SAAS-391,support,10,165.77,2023-05-28,2023-02-18,active
SUB-516,SAAS-229,api,48,441.76,21-10-2024,2023-01-09,active
SUB-517,SAAS-134,platform,33,330.18,2020-05-04,2023-06-26,active
SUB-518,SAAS-15,platform,47,200.55,17-03-2024,01/12/2022,active
SUB-519,SAAS-55,modules,41,352.86,2023-06-20,08/28/2020,past_due
SUB-520,SAAS-71,platform,29,211,2020-03-17,08/22/2020,cancelled
SUB-521,SAAS-15,support,10,429,17-02-2023,2022-11-11,cancelled
SUB-522,SAAS-272,support,-8,434.57,2022-05-04,2021-06-16,past_due
SUB-523,SAAS-108,modules,12,52.95,2024-09-24,01-05-2021,past_due
SUB-524,SAAS-171,support,49,149.96,2023-06-24,02-08-2021,active
SUB-525,SAAS-360,support,39,140.14,2022-04-11,02-12-2023,past_due
SUB-526,SAAS-192,api,45,328.96,17-11-2022,2023-04-10,past_due
SUB-527,SAAS-320,modules,11,117.41,2023-05-20,2023-10-01,active
SUB-528,SAAS-394,platform,48,223.02,2024-11-04,11/20/2024,active
SUB-529,SAAS-38,api,40,154.92,25-02-2020,15-10-2023,active
SUB-530,SAAS-345,modules,15,507.19,2023-09-02,14-11-2021,active
SUB-531,SAAS-55,api,4,42.52,2022-09-04,2024-12-26,active
SUB-532,SAAS-178,support,38,66.7,01-04-2022,12-07-2021,active
SUB-533,SAAS-88,modules,32,110.64,2020-10-11,2020-06-18,past_due
SUB-534,SAAS-170,modules,35,461,2022-04-13,2021-02-03,active
SUB-535,SAAS-112,modules,5,401,2020-07-26,15-06-2023,active
SUB-536,SAAS-164,modules,31,216,2021-11-04,01/12/2023,active
SUB-537,SAAS-184,modules,2,188,2021-09-15,2021-09-18,cancelled
SUB-538,SAAS-291,support,23,179.87,2023-03-06,2023-11-03,cancelled
SUB-539,SAAS-224,support,3,131.16,2021-01-23,16-01-2023,active
SUB-540,SAAS-373,api,26,357.57,2020-01-05,02-07-2020,cancelled
SUB-541,SAAS-73,api,34,235,2023-10-11,2024-06-09,active
SUB-542,SAAS-268,api,49,79,02-11-2020,28-06-2023,past_due
SUB-543,SAAS-224,support,37,217.92,17-06-2022,17-02-2022,active
SUB-544,SAAS-360,api,46,205,13-02-2022,2023-04-10,past_due
SUB-545,SAAS-206,platform,-7,158.09,2021-03-19,2024-02-25,cancelled
SUB-546,SAAS-380,modules,12,497.64,2021-06-06,2022-05-13,cancelled
SUB-547,SAAS-56,api,49,447,2022-12-20,12/15/2024,active
SUB-548,SAAS-380,platform,33,235.39,2024-05-06,2022-07-02,active
SUB-549,SAAS-213,api,15,272.12,2023-03-04,27-02-2024,active
SUB-550,SAAS-395,support,35,168,2023-11-05,2022-01-27,past_due
SUB-551,SAAS-39,api,9,274,2021-02-16,01/09/2022,active
SUB-552,SAAS-303,platform,6,379.83,2023-04-07,28-02-2022,active
SUB-553,SAAS-157,platform,5,252.84,2020-11-24,2022-11-11,cancelled
SUB-554,SAAS-368,platform,7,275.18,2023-04-14,2023-08-16,past_due
SUB-555,SAAS-299,support,12,107,26-10-2023,2024-01-25,active
SUB-556,SAAS-392,api,25,265.49,04-07-2023,2023-02-13,active
SUB-557,SAAS-68,api,3,54,10-08-2022,2021-05-03,past_due
SUB-558,SAAS-383,api,24,72.03,2024-06-23,2020-06-02,past_due
SUB-559,SAAS-123,modules,19,244.59,2023-09-23,2023-03-04,active
SUB-560,SAAS-177,api,38,393.42,23-03-2024,2021-02-13,active
SUB-561,SAAS-366,api,50,446.48,14-05-2023,11/10/2020,past_due
SUB-562,SAAS-148,platform,41,216,2023-05-10,02/16/2022,cancelled
SUB-563,SAAS-377,support,18,402.51,02-11-2023,2024-04-01,active
SUB-564,SAAS-68,api,21,265.6,2020-04-03,10/20/2024,past_due
SUB-565,SAAS-353,support,31,183,2020-04-02,2020-03-22,cancelled
SUB-566,SAAS-345,modules,31,123.38,2020-08-21,2023-03-05,cancelled
SUB-567,SAAS-142,support,37,441.32,2021-11-16,10-09-2022,cancelled
SUB-568,SAAS-167,api,2,160,08-11-2020,2022-12-05,past_due
SUB-569,SAAS-10,platform,10,113.45,2022-02-18,2023-08-06,cancelled
SUB-570,SAAS-248,modules,42,152.46,01-12-2024,2022-09-08,cancelled
SUB-571,SAAS-71,modules,7,448,2020-12-02,2022-11-21,active
SUB-572,SAAS-61,support,32,467.25,04-12-2022,2023-12-12,active
SUB-573,SAAS-344,platform,30,439,2020-05-01,10/24/2024,active
SUB-574,SAAS-98,support,3,147.04,2021-05-23,10/26/2022,past_due
SUB-575,SAAS-212,platform,16,428.83,2023-01-12,2021-11-09,cancelled
SUB-576,SAAS-331,modules,17,419.43,2021-04-06,10/26/2023,active
SUB-577,SAAS-345,modules,34,99.11,07-11-2022,2022-07-18,cancelled
SUB-578,SAAS-204,modules,31,161.71,2022-04-13,2024-07-20,active
SUB-579,SAAS-15,platform,18,199,2020-04-18,2021-02-01,active
SUB-580,SAAS-346,modules,41,332.22,2022-09-05,2021-10-01,active
SUB-581,SAAS-124,api,20,358,2023-04-14,11-05-2021,active
SUB-582,SAAS-7,platform,48,202.85,2023-12-24,2022-08-19,active
SUB-583,SAAS-193,api,39,260.23,2021-09-25,2024-10-25,cancelled
SUB-584,SAAS-156,platform,9,290.35,2023-06-07,2024-04-12,active
SUB-585,SAAS-180,api,-5,214.42,2021-02-22,04-09-2022,active
SUB-586,SAAS-296,modules,16,192,19-04-2024,2022-12-27,active
SUB-587,SAAS-141,modules,16,409.14,17-02-2020,2022-10-21,active
SUB-588,SAAS-192,modules,-6,496.16,2020-09-05,08/07/2023,active
SUB-589,SAAS-65,api,46,202.86,18-07-2020,2024-06-06,active
SUB-590,SAAS-392,modules,-2,300,2021-05-01,01-12-2020,active
SUB-591,SAAS-5,modules,46,403.66,2021-02-09,02/25/2020,active
SUB-592,SAAS-230,api,10,147.54,2021-07-12,2024-07-24,cancelled
SUB-593,SAAS-216,support,3,17.46,2022-10-07,2022-04-06,past_due
SUB-594,SAAS-109,platform,43,491.61,2020-07-08,05/14/2023,active
SUB-595,SAAS-270,support,22,411.53,2023-03-07,03/26/2024,active
SUB-596,SAAS-38,platform,2,180.02,2021-09-19,2021-07-12,active
SUB-597,SAAS-54,platform,18,439,2024-02-07,23-04-2023,cancelled
SUB-598,SAAS-228,platform,3,462.72,2022-05-11,01/24/2023,active
SUB-599,SAAS-122,platform,4,300.62,11-11-2023,2021-01-14,past_due
SUB-600,SAAS-146,modules,-3,158.26,2021-08-23,2022-10-02,past_due
SUB-601,SAAS-68,support,19,326.72,2024-08-17,2020-04-10,active
SUB-602,SAAS-207,api,-9,204.52,28-04-2023,2024-08-02,past_due
SUB-603,SAAS-378,support,25,423,2023-11-28,15-05-2020,active
SUB-604,SAAS-11,platform,14,108.32,2023-08-13,06/28/2024,active
SUB-605,SAAS-193,api,5,30.64,20-04-2021,08-02-2022,cancelled
SUB-606,SAAS-12,api,48,122.25,2021-01-27,08/01/2021,cancelled
SUB-607,SAAS-185,api,44,487.61,2020-12-04,2021-12-10,active
SUB-608,SAAS-100,modules,45,202.12,2023-04-05,22-06-2024,active
SUB-609,SAAS-11,api,-3,96,2023-03-02,2023-03-21,active
SUB-610,SAAS-156,api,4,159.05,25-07-2020,06/14/2021,active
SUB-611,SAAS-135,support,36,441.58,12-09-2020,2024-12-12,active
SUB-612,SAAS-214,platform,18,145.15,2022-09-24,2022-02-11,past_due
SUB-613,SAAS-99,api,11,72.23,2021-03-08,12-01-2023,active
SUB-614,SAAS-259,support,-8,113.95,2023-04-25,2023-02-20,cancelled
SUB-615,SAAS-204,support,4,370,2024-08-02,2023-04-25,active
SUB-616,SAAS-307,modules,19,478,2021-07-14,2023-06-01,active
SUB-617,SAAS-382,api,22,367.08,16-10-2021,2024-10-01,active
SUB-618,SAAS-230,api,12,283.73,2020-06-01,2020-02-28,active
SUB-619,SAAS-334,support,32,391.58,24-04-2023,2023-07-17,active
SUB-620,SAAS-281,platform,13,412.87,2020-06-02,2022-08-27,cancelled
SUB-621,SAAS-69,api,8,108,2020-09-12,2022-06-14,active
SUB-622,SAAS-172,modules,22,256.57,2023-04-05,2023-07-19,active
SUB-623,SAAS-249,support,25,433,2021-03-21,2020-02-08,active
SUB-624,SAAS-115,api,17,466,02-03-2020,03/02/2021,active
SUB-625,SAAS-276,platform,18,464,2022-08-11,07/17/2024,active
SUB-626,SAAS-264,support,35,268.7,2020-10-12,2022-09-20,active
SUB-627,SAAS-213,api,50,449.85,2020-05-04,2022-01-19,active
SUB-628,SAAS-59,support,38,471,05-09-2023,04/19/2020,past_due
SUB-629,SAAS-140,api,43,47,06-10-2020,07/27/2020,cancelled
SUB-630,SAAS-12,modules,49,497,2024-07-09,2022-10-28,cancelled
SUB-631,SAAS-155,modules,17,37.58,2024-12-13,01/01/2021,cancelled
SUB-632,SAAS-145,support,4,62,2024-03-05,2020-07-03,cancelled
SUB-633,SAAS-177,api,47,122.22,2023-05-25,2021-01-24,active
SUB-634,SAAS-121,platform,41,457.03,2024-03-17,2024-01-23,active
SUB-635,SAAS-43,support,17,419.14,2024-12-16,2022-09-16,active
SUB-636,SAAS-232,modules,18,139.9,2020-08-19,22-09-2024,active
SUB-637,SAAS-335,support,35,59.21,19-04-2024,2023-03-02,active
SUB-638,SAAS-89,modules,36,461.06,2023-11-05,2020-11-01,active
SUB-639,SAAS-276,api,18,174.25,2024-04-27,2023-11-23,active
SUB-640,SAAS-289,support,17,359,2020-12-23,23-11-2021,active
SUB-641,SAAS-249,api,39,227.97,2020-07-17,2021-08-14,active
SUB-642,SAAS-197,platform,3,102,2021-12-14,2022-10-20,active
SUB-643,SAAS-298,platform,48,463,2024-01-25,2020-11-26,active
SUB-644,SAAS-209,api,1,281.66,2021-11-20,26-07-2022,past_due
SUB-645,SAAS-331,modules,21,466,2024-07-01,2021-12-26,active
SUB-646,SAAS-131,platform,-4,79,2021-12-12,2023-04-03,past_due
SUB-647,SAAS-63,support,41,51.05,02-06-2024,2020-06-25,active
SUB-648,SAAS-240,support,29,308.88,2021-12-13,2021-11-03,active
SUB-649,SAAS-385,modules,32,289.71,2023-06-23,2023-07-19,active
SUB-650,SAAS-329,api,10,140,2022-08-20,2023-02-11,past_due
SUB-651,SAAS-8,platform,14,14,2024-12-19,2020-08-06,active
SUB-652,SAAS-287,platform,40,246.77,2021-03-06,08/03/2022,active
SUB-653,SAAS-225,support,15,200.12,2020-02-24,2024-10-12,active
SUB-654,SAAS-304,api,38,49.02,2024-06-16,26-10-2021,active
SUB-655,SAAS-347,platform,3,414.75,25-01-2020,2021-03-13,active
SUB-656,SAAS-387,api,50,131.94,2023-04-04,03/03/2023,past_due
SUB-657,SAAS-279,api,44,128,12-04-2022,24-09-2024,active
SUB-658,SAAS-198,support,6,30.69,2023-06-17,2023-08-13,active
SUB-659,SAAS-227,modules,36,362,2020-04-08,2023-09-01,active
SUB-660,SAAS-379,modules,18,124.89,2023-11-10,01/20/2022,past_due
SUB-661,SAAS-68,platform,21,127.13,2022-05-07,25-06-2020,cancelled
SUB-662,SAAS-211,api,38,302.97,25-08-2024,2023-07-04,cancelled
SUB-663,SAAS-286,modules,45,21.01,2023-02-19,05/11/2022,active
SUB-664,SAAS-113,modules,19,471.06,09-11-2024,2024-12-18,active
SUB-665,SAAS-35,platform,3,217.78,25-03-2020,2024-02-05,active
SUB-666,SAAS-387,modules,45,391.33,2023-05-01,2021-08-26,active
SUB-667,SAAS-291,support,23,148,2023-11-06,07-09-2021,past_due
SUB-668,SAAS-51,modules,33,45.69,2022-06-15,08/19/2023,active
SUB-669,SAAS-86,support,37,499,27-02-2020,02/16/2020,cancelled
SUB-670,SAAS-290,api,22,169.22,2023-04-06,2024-05-18,cancelled
SUB-671,SAAS-336,platform,40,334.97,2023-08-13,20-04-2020,active
SUB-672,SAAS-140,platform,37,268.42,2023-12-13,2020-06-15,past_due
SUB-673,SAAS-400,platform,6,273,2023-10-17,11/11/2024,active
SUB-674,SAAS-71,modules,27,145.23,2022-07-05,2020-06-13,past_due
SUB-675,SAAS-148,platform,23,97,16-09-2020,24-10-2020,cancelled
SUB-676,SAAS-137,platform,6,119.5,2020-08-14,15-08-2022,past_due
SUB-677,SAAS-281,modules,42,352,2021-08-01,2024-07-26,past_due
SUB-678,SAAS-339,platform,29,350.8,2023-06-21,02/10/2023,past_due
SUB-679,SAAS-219,modules,5,134.76,21-12-2023,03/12/2022,cancelled
SUB-680,SAAS-115,support,25,373.13,2023-03-16,2024-06-18,active
SUB-681,SAAS-181,api,12,348.16,2023-10-04,08/11/2021,past_due
SUB-682,SAAS-188,support,15,103.73,2022-02-04,10/27/2021,past_due
SUB-683,SAAS-310,support,36,374,2020-07-18,2020-04-21,active
SUB-684,SAAS-143,api,32,298,2024-09-03,07/09/2023,active
SUB-685,SAAS-302,api,32,167.04,2023-04-05,2023-09-11,past_due
SUB-686,SAAS-366,platform,29,100,2021-09-17,04-01-2024,cancelled
SUB-687,SAAS-324,modules,25,258,06-03-2024,13-02-2021,cancelled
SUB-688,SAAS-71,modules,44,120.67,2022-03-23,2024-12-13,active
SUB-689,SAAS-27,support,45,76,2021-03-09,12/10/2022,past_due
SUB-690,SAAS-42,support,6,317.28,2022-09-11,01/04/2023,past_due
SUB-691,SAAS-15,api,40,173,2020-02-08,2020-04-11,active
SUB-692,SAAS-18,modules,41,65.96,2020-04-20,01/07/2023,active
SUB-693,SAAS-211,api,-5,116.79,2023-09-17,2024-04-17,past_due
SUB-694,SAAS-194,modules,9,231,2022-07-25,2024-08-15,past_due
SUB-695,SAAS-30,api,12,229.18,2024-07-09,2022-04-27,active
SUB-696,SAAS-245,platform,15,316.86,05-05-2024,27-02-2021,past_due
SUB-697,SAAS-258,support,43,277.61,2021-04-17,07-11-2024,active
SUB-698,SAAS-395,api,11,231,2022-12-19,2024-08-26,past_due
SUB-699,SAAS-350,support,-9,130,26-09-2023,02/08/2020,past_due
SUB-700,SAAS-53,support,19,183,2023-04-22,04/18/2024,active
SUB-701,SAAS-305,support,32,352.89,27-06-2022,01/19/2024,past_due
SUB-702,SAAS-141,api,46,42.22,2020-03-16,16-01-2020,active
SUB-703,SAAS-299,platform,-5,126,2024-09-23,2021-03-13,active
SUB-704,SAAS-247,api,42,266.7,2020-02-09,04/11/2020,active
SUB-705,SAAS-127,modules,44,398,19-12-2023,2022-04-14,active
SUB-706,SAAS-336,api,2,437.12,2020-03-06,2023-07-18,active
SUB-707,SAAS-67,platform,27,323.56,2024-05-01,2024-04-06,active
SUB-708,SAAS-323,modules,39,373,2024-09-28,2021-01-21,active
SUB-709,SAAS-115,support,27,118,2024-07-22,2023-05-13,cancelled
SUB-710,SAAS-150,api,-4,339,2020-09-03,08/11/2023,cancelled
SUB-711,SAAS-66,support,21,154,2020-10-11,01-06-2020,active
SUB-712,SAAS-217,platform,34,459,19-02-2020,2024-02-25,active
SUB-713,SAAS-342,modules,30,421,08-12-2022,05-12-2023,active
SUB-714,SAAS-391,modules,26,469.01,2020-11-11,02/19/2022,active
SUB-715,SAAS-93,platform,40,130.42,2021-05-10,2024-07-19,active
SUB-716,SAAS-181,modules,13,310.77,2021-05-16,14-09-2024,active
SUB-717,SAAS-381,modules,32,399.96,08-12-2021,05/16/2024,cancelled
SUB-718,SAAS-240,api,20,190.46,27-11-2020,20-06-2020,active
SUB-719,SAAS-217,support,22,95.56,2021-08-13,2020-03-02,cancelled
SUB-720,SAAS-353,support,44,421.83,2021-09-07,07/05/2020,past_due
SUB-721,SAAS-105,api,26,68.07,21-07-2021,06/11/2023,cancelled
SUB-722,SAAS-356,api,8,88.94,07-01-2020,01-12-2022,active
SUB-723,SAAS-291,platform,14,158,2023-04-23,2022-07-03,active
SUB-724,SAAS-192,modules,14,389,2020-05-13,25-05-2024,active
SUB-725,SAAS-106,support,11,70,2021-03-10,2020-01-24,active
SUB-726,SAAS-295,support,16,390,2022-03-18,2023-06-12,active
SUB-727,SAAS-282,support,38,320,2023-11-10,26-12-2023,active
SUB-728,SAAS-295,support,50,507,2021-03-26,2023-07-28,active
SUB-729,SAAS-161,support,12,184,10-01-2022,09/14/2023,active
SUB-730,SAAS-195,modules,38,93,2024-01-24,2024-12-15,cancelled
SUB-731,SAAS-273,platform,37,40.34,22-04-2021,2021-08-15,active
SUB-732,SAAS-260,support,24,23,07-01-2023,08/28/2023,active
SUB-733,SAAS-235,api,38,455,2023-05-24,03/06/2022,active
SUB-734,SAAS-369,api,12,171.75,2023-05-25,2020-04-14,active
SUB-735,SAAS-365,support,29,62.46,2021-06-04,25-02-2022,past_due
SUB-736,SAAS-180,platform,7,489,2020-10-01,02/06/2020,past_due
SUB-737,SAAS-58,support,39,24.4,2021-03-18,2020-03-05,past_due
SUB-738,SAAS-93,platform,15,34.91,2024-02-02,2024-07-04,past_due
SUB-739,SAAS-246,support,46,252.72,2024-05-18,11-01-2023,active
SUB-740,SAAS-211,modules,2,252.72,2022-03-14,2021-12-04,past_due
SUB-741,SAAS-211,modules,30,224,01-03-2021,10/25/2022,past_due
SUB-742,SAAS-387,platform,15,332.96,2022-10-01,04/14/2021,past_due
SUB-743,SAAS-157,support,20,331.29,2021-08-13,2022-03-05,active
SUB-744,SAAS-393,modules,-4,413,2021-08-14,18-02-2024,active
SUB-745,SAAS-128,api,12,331,2023-11-23,09-02-2021,past_due
SUB-746,SAAS-299,support,9,85.8,2021-02-11,2020-05-22,past_due
SUB-747,SAAS-384,api,29,396,2021-01-16,07/24/2020,active
SUB-748,SAAS-247,modules,28,412.3,2021-10-24,2024-05-08,past_due
SUB-749,SAAS-143,platform,9,251.44,2020-12-23,02/04/2024,active
SUB-750,SAAS-211,modules,36,226.5,2022-05-16,02-10-2021,past_due
SUB-751,SAAS-26,support,9,367,2021-04-04,2021-02-01,active
SUB-752,SAAS-91,modules,31,504,2024-05-16,12/02/2024,cancelled
SUB-753,SAAS-355,modules,50,140.52,2024-12-05,2023-12-18,active
SUB-754,SAAS-381,support,45,116.94,13-05-2024,2021-05-12,active
SUB-755,SAAS-7,api,36,256.31,2021-04-05,2023-08-20,active
SUB-756,SAAS-219,api,29,330.93,03-11-2022,04/18/2023,active
SUB-757,SAAS-354,support,42,124,2023-05-17,07/14/2021,past_due
SUB-758,SAAS-276,platform,35,466,14-11-2021,04/13/2020,cancelled
SUB-759,SAAS-321,support,28,270.09,2024-07-24,05-01-2020,past_due
SUB-760,SAAS-250,modules,8,77.54,2020-08-24,24-05-2021,active
SUB-761,SAAS-386,api,48,77.9,2022-04-15,03-08-2020,active
SUB-762,SAAS-128,modules,16,36,2024-01-20,02/18/2020,past_due
SUB-763,SAAS-53,platform,15,74.05,2023-02-21,2020-01-24,active
SUB-764,SAAS-257,modules,10,22.3,2023-04-10,2022-05-19,cancelled
SUB-765,SAAS-207,api,37,223,2022-03-04,13-06-2023,active
SUB-766,SAAS-131,modules,26,273.05,22-07-2022,2021-01-02,active
SUB-767,SAAS-378,platform,42,285.17,2024-02-16,2024-12-10,active
SUB-768,SAAS-350,modules,15,504.46,09-01-2023,18-10-2023,active
SUB-769,SAAS-274,api,26,482.98,2021-06-12,2020-04-25,past_due
SUB-770,SAAS-216,modules,39,155,17-12-2024,28-07-2021,active
SUB-771,SAAS-65,platform,12,502,2020-10-06,11/02/2023,past_due
SUB-772,SAAS-201,support,36,351,24-03-2023,07/17/2021,active
SUB-773,SAAS-303,modules,31,221.86,2021-03-16,2022-11-05,active
SUB-774,SAAS-80,platform,16,452,2021-12-22,05/04/2023,active
SUB-775,SAAS-152,modules,27,97.22,2023-02-21,11/09/2021,active
SUB-776,SAAS-190,platform,19,55,2021-08-26,26-02-2024,active
SUB-777,SAAS-106,support,21,260,2022-04-19,20-06-2020,past_due
SUB-778,SAAS-178,platform,25,39,27-02-2020,2024-12-23,active
SUB-779,SAAS-151,platform,25,287,2022-12-09,03/03/2024,cancelled
SUB-780,SAAS-36,platform,47,85,2023-09-18,2023-04-07,active
SUB-781,SAAS-281,platform,16,188.96,2024-04-18,09/04/2020,past_due
SUB-782,SAAS-234,platform,11,359.59,2021-12-12,08/15/2022,cancelled
SUB-783,SAAS-160,support,29,378.28,2022-10-10,2022-02-05,past_due
SUB-784,SAAS-45,api,41,101.63,2023-02-13,2023-08-11,past_due
SUB-785,SAAS-121,modules,50,475.33,2024-05-15,09/01/2024,cancelled
SUB-786,SAAS-159,modules,42,221.26,2024-12-22,2023-09-02,active
SUB-787,SAAS-332,support,5,88.11,2020-03-07,2024-06-04,past_due
SUB-788,SAAS-232,api,45,138,2024-07-08,2023-10-22,past_due
SUB-789,SAAS-229,modules,22,403.87,2022-10-11,04-07-2024,active
SUB-790,SAAS-139,api,20,224.08,2024-02-01,2024-01-12,past_due
SUB-791,SAAS-225,api,20,212.18,2020-09-22,08/03/2024,active
SUB-792,SAAS-356,api,42,28.63,2020-12-19,2024-11-11,past_due
SUB-793,SAAS-241,api,43,388.18,25-03-2024,2020-04-12,cancelled
SUB-794,SAAS-311,support,45,393.31,25-12-2024,06/04/2024,past_due
SUB-795,SAAS-323,platform,22,186.74,2023-04-07,2020-04-09,active
SUB-796,SAAS-169,api,6,167.35,2020-06-22,04/27/2021,active
SUB-797,SAAS-242,api,31,15,2020-04-23,11/23/2022,cancelled
SUB-798,SAAS-221,api,21,121.2,09-03-2020,04/15/2022,past_due
SUB-799,SAAS-219,modules,6,334,2021-09-13,2020-11-27,active
SUB-800,SAAS-129,platform,50,480,2020-04-16,05-04-2021,past_due
SUB-801,SAAS-27,modules,39,286,2020-06-17,2023-07-02,active
SUB-802,SAAS-316,modules,30,273.03,2021-05-21,08-08-2023,cancelled
SUB-803,SAAS-105,api,35,128,2022-08-08,09/04/2021,active
SUB-804,SAAS-357,modules,39,268,2024-09-11,2024-07-16,past_due
SUB-805,SAAS-40,modules,50,319.9,2021-01-13,01/25/2021,active
SUB-806,SAAS-53,api,22,423.82,2023-08-27,14-11-2020,past_due
SUB-807,SAAS-188,api,25,466.45,2021-08-08,03/26/2023,active
SUB-808,SAAS-44,api,4,11.92,2023-12-19,06/03/2024,cancelled
SUB-809,SAAS-379,support,40,231,2021-05-17,02/10/2022,past_due
SUB-810,SAAS-104,api,1,457,2021-08-18,06/06/2021,active
SUB-811,SAAS-172,modules,3,504.14,2023-04-27,2020-07-24,cancelled
SUB-812,SAAS-46,support,19,509.68,2021-06-16,2023-02-13,active
SUB-813,SAAS-288,support,31,394.08,2022-02-19,2022-05-10,active
SUB-814,SAAS-281,platform,33,27,2022-12-26,28-07-2021,past_due
SUB-815,SAAS-204,support,37,287.59,2021-01-02,12/19/2022,cancelled
SUB-816,SAAS-126,platform,8,123.24,27-07-2023,07/22/2023,active
SUB-817,SAAS-85,modules,27,446.86,08-05-2021,18-12-2021,active
SUB-818,SAAS-393,modules,26,508.21,2023-07-03,10-04-2022,cancelled
SUB-819,SAAS-249,support,17,394.6,2023-07-04,16-09-2022,active
SUB-820,SAAS-111,api,38,310,2020-11-07,2024-05-23,cancelled
SUB-821,SAAS-208,api,18,15.15,27-02-2021,2020-01-13,active
SUB-822,SAAS-57,support,24,496.71,2024-09-16,2024-02-07,past_due
SUB-823,SAAS-103,platform,35,194,06-02-2022,2024-08-10,active
SUB-824,SAAS-271,support,35,96.78,2020-05-17,2021-03-12,active
SUB-825,SAAS-241,modules,22,300,2020-08-17,23-01-2023,active
SUB-826,SAAS-348,support,20,345,2021-03-14,2023-06-19,active
SUB-827,SAAS-116,api,31,492.25,2023-03-03,28-01-2024,cancelled
SUB-828,SAAS-320,modules,30,507.02,2023-08-18,28-04-2023,cancelled
SUB-829,SAAS-250,api,18,68,2020-09-17,08-04-2023,active
SUB-830,SAAS-358,support,20,432,2023-04-21,2020-02-21,active
SUB-831,SAAS-36,support,27,279.21,2021-04-14,2022-02-08,active
SUB-832,SAAS-213,platform,-4,468,2020-04-23,19-03-2021,active
SUB-833,SAAS-221,api,36,245.6,2023-07-21,06-02-2024,active
SUB-834,SAAS-45,support,30,94,2020-01-06,08/28/2023,active
SUB-835,SAAS-277,platform,40,304,2020-03-22,2023-08-24,past_due
SUB-836,SAAS-242,platform,31,250.09,2021-02-02,2023-10-13,cancelled
SUB-837,SAAS-45,api,8,406.83,2022-11-15,08-11-2022,past_due
SUB-838,SAAS-374,support,36,394,2020-01-18,08/09/2022,active
SUB-839,SAAS-319,platform,29,331.93,2022-06-15,2023-12-22,active
SUB-840,SAAS-84,support,2,147.58,2022-02-05,2024-07-21,active
SUB-841,SAAS-178,modules,2,305.15,2024-02-06,07/18/2020,cancelled
SUB-842,SAAS-313,modules,9,485.98,2023-08-25,2023-09-11,active
SUB-843,SAAS-9,support,41,228,2024-01-26,13-07-2021,active
SUB-844,SAAS-394,api,31,446.98,2024-05-18,2021-04-26,active
SUB-845,SAAS-145,platform,11,483.99,2022-09-17,07/11/2022,past_due
SUB-846,SAAS-37,api,50,211.37,04-02-2020,2020-07-23,past_due
SUB-847,SAAS-142,support,37,203,24-05-2020,2021-07-25,past_due
SUB-848,SAAS-107,api,3,423.41,2020-07-04,2023-05-21,active
SUB-849,SAAS-366,modules,20,256,2024-11-11,11/16/2024,cancelled
SUB-850,SAAS-384,platform,34,411.45,2021-10-06,2021-07-06,active
SUB-851,SAAS-328,modules,-8,160,2022-12-03,07-09-2022,past_due
SUB-852,SAAS-262,api,44,429.72,2022-12-11,27-01-2020,active
SUB-853,SAAS-32,support,-9,499.92,2022-07-03,08-08-2024,cancelled
SUB-854,SAAS-284,support,45,419.5,2021-10-03,19-02-2020,active
SUB-855,SAAS-113,support,8,101,2021-05-04,2021-02-23,past_due
SUB-856,SAAS-219,modules,11,46.39,2022-07-11,2020-09-16,active
SUB-857,SAAS-153,platform,-9,31,2024-12-10,2024-07-06,active
SUB-858,SAAS-388,platform,46,25.69,2020-05-12,2024-04-23,active
SUB-859,SAAS-174,platform,36,153,2022-08-13,2021-07-23,past_due
SUB-860,SAAS-228,api,41,36.79,2021-06-04,2020-03-03,active
SUB-861,SAAS-302,modules,-7,329.5,2021-01-15,2022-01-02,active
SUB-862,SAAS-258,support,12,191.87,13-07-2020,08/23/2022,active
SUB-863,SAAS-77,modules,-8,111.59,2022-02-06,02/17/2022,cancelled
SUB-864,SAAS-44,support,19,457.42,2024-06-08,2022-10-10,cancelled
SUB-865,SAAS-232,support,41,403,2022-06-24,2022-01-26,past_due
SUB-866,SAAS-380,modules,10,473,2023-11-22,2021-03-24,past_due
SUB-867,SAAS-287,platform,36,75.14,2021-04-19,2020-10-15,active
SUB-868,SAAS-331,api,6,73.8,2023-04-02,03/21/2020,cancelled
SUB-869,SAAS-27,platform,7,446.67,2020-06-26,2021-07-06,past_due
SUB-870,SAAS-238,modules,21,484.65,2020-10-18,2021-07-10,cancelled
SUB-871,SAAS-50,api,29,258,03-08-2024,08/17/2021,active
SUB-872,SAAS-196,modules,28,347.83,2021-03-15,07/17/2023,cancelled
SUB-873,SAAS-4,modules,26,409.07,2020-06-20,05/19/2022,cancelled
SUB-874,SAAS-392,support,1,61,2022-12-18,2024-10-28,cancelled
SUB-875,SAAS-107,api,46,142.95,2020-01-24,08-12-2020,active
SUB-876,SAAS-252,platform,21,131,2022-10-13,07-05-2022,active
SUB-877,SAAS-260,api,9,254.45,13-08-2022,2024-07-17,cancelled
SUB-878,SAAS-49,platform,14,174.45,2020-02-18,07-03-2023,cancelled
SUB-879,SAAS-260,api,30,111.89,2020-01-14,10/02/2024,active
SUB-880,SAAS-243,support,41,129.71,12-01-2020,2024-01-14,cancelled
SUB-881,SAAS-54,support,41,291.41,2023-01-03,2020-01-13,active
SUB-882,SAAS-326,api,19,19,17-01-2021,2021-04-07,active
SUB-883,SAAS-202,modules,10,71,2020-01-22,2024-10-09,cancelled
SUB-884,SAAS-252,support,13,332.84,2021-10-10,2021-11-11,cancelled
SUB-885,SAAS-62,modules,3,244.19,2022-04-08,2020-08-10,active
SUB-886,SAAS-398,support,13,486.38,2024-01-02,2022-11-19,past_due
SUB-887,SAAS-246,platform,32,268.71,2020-12-16,2024-10-10,cancelled
SUB-888,SAAS-284,platform,21,68.39,2023-07-04,22-12-2023,active
SUB-889,SAAS-294,support,45,315.54,2022-12-05,07/01/2020,active
SUB-890,SAAS-82,api,-4,385,2022-02-12,2020-08-23,active
SUB-891,SAAS-177,modules,22,191.49,28-11-2021,2023-01-26,active
SUB-892,SAAS-223,modules,34,33.53,2023-04-03,11/11/2022,past_due
SUB-893,SAAS-274,api,26,178.22,2022-12-14,11-09-2024,active
SUB-894,SAAS-172,support,26,401,2020-04-21,10/14/2022,cancelled
SUB-895,SAAS-333,platform,12,91.54,2020-01-23,2022-09-04,active
SUB-896,SAAS-31,support,5,99.42,2022-09-27,2024-07-06,active
SUB-897,SAAS-360,api,27,288.62,2022-03-02,05/01/2020,past_due
SUB-898,SAAS-141,api,16,493.64,2024-06-04,2021-03-26,active
SUB-899,SAAS-127,api,20,49.99,2022-07-13,2021-01-08,past_due
SUB-900,SAAS-389,support,10,42.97,2021-01-15,03/26/2020,active
SUB-901,SAAS-299,support,44,221.78,2023-11-16,01/21/2020,cancelled
SUB-902,SAAS-50,platform,25,146.21,2023-09-01,2023-07-07,past_due
SUB-903,SAAS-305,platform,14,475.62,2022-11-14,2021-06-12,past_due
SUB-904,SAAS-213,platform,35,217.75,2022-04-18,01/12/2022,past_due
SUB-905,SAAS-94,modules,19,317.83,2023-01-21,25-04-2023,past_due
SUB-906,SAAS-300,support,39,141.81,2024-12-15,07-12-2022,past_due
SUB-907,SAAS-67,platform,30,492,06-06-2020,08-08-2023,active
SUB-908,SAAS-262,support,18,110.7,2021-06-05,09/19/2024,cancelled
SUB-909,SAAS-148,api,16,307.98,2023-02-26,2020-10-19,active
SUB-910,SAAS-156,api,39,324.04,2022-09-12,2023-04-10,active
SUB-911,SAAS-107,platform,11,55,2023-10-27,12/03/2023,past_due
SUB-912,SAAS-115,platform,24,361.73,2024-03-25,07/26/2020,past_due
SUB-913,SAAS-253,support,5,271,2024-07-28,02/24/2021,active
SUB-914,SAAS-334,api,21,336.23,24-05-2021,19-02-2024,past_due
SUB-915,SAAS-172,modules,32,220.84,20-08-2024,2024-03-28,cancelled
SUB-916,SAAS-36,modules,15,291,2021-12-12,2023-02-15,past_due
SUB-917,SAAS-5,support,46,400.39,22-02-2024,2020-10-04,past_due
SUB-918,SAAS-123,modules,32,367.42,2020-12-26,02/22/2024,active
SUB-919,SAAS-286,platform,-7,42.03,2020-07-27,2020-11-04,cancelled
SUB-920,SAAS-55,modules,45,287.72,2020-02-08,2023-09-17,active
SUB-921,SAAS-292,platform,20,397.31,2024-01-28,11/19/2021,past_due
SUB-922,SAAS-158,api,40,427.29,2020-10-09,05/07/2021,active
SUB-923,SAAS-294,platform,20,173,2020-03-04,2021-09-01,active
SUB-924,SAAS-359,modules,-2,319.74,2022-10-09,08/14/2022,cancelled
SUB-925,SAAS-216,api,35,215.27,2020-09-28,22-09-2020,past_due
SUB-926,SAAS-115,api,4,213.02,2023-07-14,2023-08-08,active
SUB-927,SAAS-374,platform,38,301,19-02-2024,2023-09-22,past_due
SUB-928,SAAS-395,platform,34,215.05,2020-01-16,02-07-2022,active
SUB-929,SAAS-335,api,34,113.23,2021-12-22,2021-08-22,active
SUB-930,SAAS-290,platform,15,136.39,2020-03-24,07-06-2023,active
SUB-931,SAAS-399,api,2,96.34,2020-11-19,2024-11-20,active
SUB-932,SAAS-336,modules,1,142.62,2022-03-11,2024-08-06,past_due
SUB-933,SAAS-181,modules,30,74.45,08-03-2024,2022-06-04,past_due
SUB-934,SAAS-255,modules,19,270.69,2024-10-07,2024-06-05,active
SUB-935,SAAS-71,modules,20,300.43,2020-07-05,09/01/2022,active
SUB-936,SAAS-178,support,-5,390.73,2021-05-18,16-11-2022,past_due
SUB-937,SAAS-88,platform,30,373.5,2022-02-21,11/23/2023,active
SUB-938,SAAS-82,api,49,313.61,2024-06-02,03/19/2023,active
SUB-939,SAAS-282,platform,26,494,15-04-2020,05-01-2023,cancelled
SUB-940,SAAS-67,api,44,501,2020-03-06,12/16/2021,past_due
SUB-941,SAAS-11,api,48,230.47,2020-05-03,09/28/2021,active
SUB-942,SAAS-29,api,-9,404,13-09-2021,2021-07-02,active
SUB-943,SAAS-374,api,21,45.13,2021-07-26,07/01/2023,cancelled
SUB-944,SAAS-132,api,22,365.79,2020-01-21,2021-04-19,active
SUB-945,SAAS-11,support,14,392,2022-07-11,25-12-2024,active
SUB-946,SAAS-292,modules,50,180.94,2022-01-17,14-12-2023,active
SUB-947,SAAS-96,api,8,121.36,2023-12-20,02/21/2020,active
SUB-948,SAAS-232,api,43,481.94,2022-05-14,08-07-2020,past_due
SUB-949,SAAS-159,api,13,356.04,2021-02-05,2024-01-05,active
SUB-950,SAAS-289,api,23,501.55,2020-12-21,02/25/2024,active
SUB-951,SAAS-26,modules,41,298,01-08-2023,17-04-2024,active
SUB-952,SAAS-184,api,18,362,2021-01-14,2024-11-11,active
SUB-953,SAAS-189,support,5,149,2023-01-10,2021-12-16,active
SUB-954,SAAS-146,support,41,321.53,2023-09-04,10/04/2024,past_due
SUB-955,SAAS-190,api,15,184.59,2020-07-08,09-01-2020,active
SUB-956,SAAS-138,support,3,460.14,2022-03-20,09/10/2022,active
SUB-957,SAAS-217,platform,47,163.11,2023-12-07,2020-06-14,active
SUB-958,SAAS-346,api,-9,208.35,2020-10-24,2022-03-24,active
SUB-959,SAAS-248,modules,-7,291.26,2020-06-17,02/25/2020,active
SUB-960,SAAS-103,api,26,379.1,2024-05-02,2023-06-02,cancelled
SUB-961,SAAS-166,api,47,294.93,2020-08-20,2020-12-13,active
SUB-962,SAAS-304,modules,25,221.51,2024-12-28,16-02-2021,active
SUB-963,SAAS-193,modules,10,230.56,12-02-2020,2021-12-02,active
SUB-964,SAAS-277,support,29,195,2021-12-01,03/17/2022,active
SUB-965,SAAS-274,api,19,498.44,2021-10-26,13-06-2021,past_due
SUB-966,SAAS-377,platform,31,475,2020-07-15,2020-01-12,past_due
SUB-967,SAAS-117,support,16,469,2024-05-25,2024-04-26,active
SUB-968,SAAS-296,modules,46,137.14,2021-10-26,12/23/2024,active
SUB-969,SAAS-301,modules,5,300,2020-09-26,08/14/2021,cancelled
SUB-970,SAAS-322,api,49,50,2024-03-22,03/06/2023,active
SUB-971,SAAS-239,modules,35,219,2021-08-20,2020-08-04,active
SUB-972,SAAS-47,api,29,500.23,2021-11-23,2024-10-06,active
SUB-973,SAAS-1,platform,1,446.55,2020-01-14,2023-08-20,active
SUB-974,SAAS-34,api,25,413.67,13-09-2021,2024-07-15,past_due
SUB-975,SAAS-32,modules,22,412,11-08-2023,10-04-2020,active
SUB-976,SAAS-131,modules,50,226.33,01-10-2021,11/16/2023,active
SUB-977,SAAS-119,modules,2,275.72,2024-04-17,2020-06-02,active
SUB-978,SAAS-194,support,46,154.23,26-03-2022,2023-03-21,active
SUB-979,SAAS-71,platform,22,75,2021-07-03,2023-01-06,cancelled
SUB-980,SAAS-275,api,9,324.02,2023-06-18,2023-02-10,active
SUB-981,SAAS-223,platform,30,187.36,09-12-2021,2024-10-14,past_due
SUB-982,SAAS-193,api,2,160.02,18-09-2024,03/27/2024,past_due
SUB-983,SAAS-380,platform,-5,290.4,2024-10-24,2024-02-12,cancelled
SUB-984,SAAS-21,support,34,466,13-05-2022,2022-10-11,cancelled
SUB-985,SAAS-170,api,12,393.34,2022-02-09,2023-04-24,active
SUB-986,SAAS-39,api,14,208.29,2023-04-28,18-05-2022,active
SUB-987,SAAS-385,support,43,108.45,01-05-2021,11/07/2023,active
SUB-988,SAAS-337,platform,45,57.95,12-08-2021,2020-03-11,cancelled
SUB-989,SAAS-301,support,12,442.81,2022-01-28,21-06-2022,active
SUB-990,SAAS-135,platform,6,479,2023-12-28,2022-02-09,active
SUB-991,SAAS-124,support,49,177,2023-04-25,10/26/2020,active
SUB-992,SAAS-274,modules,46,225,2023-06-13,01/02/2022,active
SUB-993,SAAS-283,modules,1,265.16,2024-08-10,2023-05-04,active
SUB-994,SAAS-41,api,28,421.51,04-03-2023,10-04-2024,active
SUB-995,SAAS-139,platform,12,463,2022-06-19,2020-08-22,active
SUB-996,SAAS-326,modules,6,290,2024-08-09,2024-11-21,cancelled
SUB-997,SAAS-79,platform,48,388.18,2022-10-19,11/13/2022,active
SUB-998,SAAS-127,modules,44,196,2022-01-10,2023-08-02,active
SUB-999,SAAS-138,api,40,36.2,2021-05-23,12/03/2020,past_due
SUB-1000,SAAS-127,api,-5,236.27,2024-09-16,19-01-2022,cancelled
SUB-1001,SAAS-240,platform,-6,314,2023-05-10,24-06-2021,past_due
SUB-1002,SAAS-305,modules,4,435.5,2024-10-01,27-02-2023,active
SUB-1003,SAAS-199,support,10,180,2022-11-16,2020-08-10,active
SUB-1004,SAAS-127,platform,45,237.54,2024-10-24,03/11/2022,cancelled
SUB-1005,SAAS-136,platform,42,148.73,2021-09-13,2024-06-20,active
SUB-1006,SAAS-360,platform,-1,428.59,2020-05-27,2021-12-22,past_due
SUB-1007,SAAS-83,support,34,451,2024-07-20,09/25/2020,active
SUB-1008,SAAS-237,modules,45,66.27,2021-03-25,13-08-2023,past_due
SUB-1009,SAAS-207,modules,30,415.34,2021-11-04,2024-04-04,active
SUB-1010,SAAS-302,modules,17,443.36,2021-02-11,04/25/2022,past_due
SUB-1011,SAAS-64,platform,9,376.53,2023-10-21,06/11/2022,cancelled
SUB-1012,SAAS-282,modules,23,238.47,2023-11-02,10/20/2023,active
SUB-1013,SAAS-270,support,-1,38,2024-03-09,2021-06-09,past_due
SUB-1014,SAAS-298,api,42,358,2021-07-26,02/04/2024,cancelled
SUB-1015,SAAS-376,platform,18,153.69,15-07-2024,12-02-2022,active
SUB-1016,SAAS-139,modules,8,359.23,10-03-2020,2021-11-17,active
SUB-1017,SAAS-59,platform,24,330,2021-03-09,2024-11-14,past_due
SUB-1018,SAAS-63,modules,29,178.79,16-09-2024,10-12-2022,active
SUB-1019,SAAS-301,modules,30,111,2022-03-21,2021-01-28,active
SUB-1020,SAAS-362,platform,41,421,2023-04-15,2024-04-22,active
SUB-1021,SAAS-204,api,10,166.41,2023-05-07,2023-02-20,cancelled
SUB-1022,SAAS-322,support,27,85.29,2021-09-22,11/16/2021,active
SUB-1023,SAAS-339,platform,45,170,2023-03-17,2023-10-16,active
SUB-1024,SAAS-45,api,44,434.36,2022-04-25,2020-01-02,cancelled
SUB-1025,SAAS-213,modules,1,425.82,2022-05-12,2021-05-17,active
SUB-1026,SAAS-359,platform,12,398.69,2020-03-21,2021-03-03,cancelled
SUB-1027,SAAS-293,modules,7,134,25-10-2021,2020-09-01,active
SUB-1028,SAAS-264,support,18,418.33,2022-08-10,2023-05-18,active
SUB-1029,SAAS-222,api,38,356,2023-09-19,06-02-2024,past_due
SUB-1030,SAAS-351,platform,27,467,2023-12-07,2024-09-18,past_due
SUB-1031,SAAS-124,support,-6,436.87,2024-10-28,2022-04-14,active
SUB-1032,SAAS-239,modules,4,165,2023-06-10,13-02-2023,cancelled
SUB-1033,SAAS-221,support,38,482,2023-10-13,2024-08-21,past_due
SUB-1034,SAAS-79,platform,8,296.65,2023-10-14,03-05-2024,past_due
SUB-1035,SAAS-112,modules,44,145.67,2024-04-21,2022-07-23,active
SUB-1036,SAAS-232,api,31,99.82,06-04-2021,2023-01-06,active
SUB-1037,SAAS-289,support,31,403,26-10-2023,17-11-2021,active
SUB-1038,SAAS-273,platform,5,491.43,2023-12-28,03-05-2023,active
SUB-1039,SAAS-353,modules,27,215,2023-12-23,2021-11-15,past_due
SUB-1040,SAAS-176,support,26,237.29,2022-07-25,03/17/2020,cancelled
SUB-1041,SAAS-235,platform,30,478.97,2022-04-27,2023-05-03,active
SUB-1042,SAAS-224,support,25,432,2023-07-15,05-03-2020,active
SUB-1043,SAAS-323,platform,43,79.24,2022-03-14,2022-02-21,active
SUB-1044,SAAS-36,support,18,157.41,2022-02-24,2024-06-20,active
SUB-1045,SAAS-264,support,14,425.63,2022-04-23,05-04-2024,cancelled
SUB-1046,SAAS-201,platform,42,424.17,2020-04-12,2023-04-05,active
SUB-1047,SAAS-72,modules,9,15,2020-03-18,2020-08-19,past_due
SUB-1048,SAAS-68,modules,20,495.48,2022-07-01,2024-04-06,active
SUB-1049,SAAS-184,modules,46,209,05-10-2021,03/16/2022,active
SUB-1050,SAAS-77,api,14,241,26-07-2021,2022-10-11,active
SUB-1051,SAAS-266,modules,14,189.77,20-02-2022,2023-10-20,active
SUB-1052,SAAS-270,api,31,157.8,2021-09-06,2020-09-13,past_due
SUB-1053,SAAS-75,support,8,223,2024-01-02,2020-02-16,cancelled
SUB-1054,SAAS-382,platform,19,202,2022-07-18,05-07-2024,active
SUB-1055,SAAS-131,api,33,217,2022-01-08,21-03-2024,past_due
SUB-1056,SAAS-236,modules,1,151.29,2023-04-04,06/27/2023,active
SUB-1057,SAAS-61,platform,37,402,04-07-2021,11/10/2020,cancelled
SUB-1058,SAAS-82,platform,-4,57,22-07-2023,2022-09-25,active
SUB-1059,SAAS-7,platform,34,330.2,2022-11-24,06/17/2021,active
SUB-1060,SAAS-400,api,11,74.66,2022-12-21,2021-06-12,active
SUB-1061,SAAS-278,api,10,207.66,23-07-2021,2020-08-23,past_due
SUB-1062,SAAS-86,support,6,255.28,2022-07-24,2022-05-25,active
SUB-1063,SAAS-129,api,41,157,09-11-2021,2024-11-01,active
SUB-1064,SAAS-163,support,2,104.22,15-12-2020,12/27/2024,past_due
SUB-1065,SAAS-368,modules,11,308.31,2021-02-12,2023-09-09,active
SUB-1066,SAAS-25,api,15,313.32,2024-08-02,2023-12-20,past_due
SUB-1067,SAAS-161,platform,19,286,2021-07-19,2024-11-21,active
SUB-1068,SAAS-165,platform,28,202.93,2022-04-15,2023-11-10,active
SUB-1069,SAAS-329,api,34,294.44,2020-07-02,2020-09-15,cancelled
SUB-1070,SAAS-294,modules,15,18.09,2020-11-09,05-10-2021,active
SUB-1071,SAAS-354,support,47,140.69,2020-02-07,28-07-2020,active
SUB-1072,SAAS-367,api,34,94.52,13-02-2021,2021-06-07,cancelled
SUB-1073,SAAS-93,platform,4,210.48,2024-11-14,2021-09-17,active
SUB-1074,SAAS-204,modules,26,217,2023-06-05,04/01/2023,active
SUB-1075,SAAS-291,support,9,301.55,2021-06-24,2021-10-11,cancelled
SUB-1076,SAAS-276,support,44,344.96,2024-11-26,2020-06-11,active
SUB-1077,SAAS-301,platform,4,455.25,2023-06-13,25-09-2023,active
SUB-1078,SAAS-199,support,-1,258.14,2020-04-15,2021-03-01,active
SUB-1079,SAAS-349,modules,31,297,2024-01-02,2023-05-01,past_due
SUB-1080,SAAS-111,modules,34,12,24-02-2021,11-09-2022,active
SUB-1081,SAAS-129,api,39,53,2023-05-08,05/13/2021,past_due
SUB-1082,SAAS-395,modules,37,347.01,2022-12-13,11-01-2023,active
SUB-1083,SAAS-149,modules,49,217,2022-07-23,02/27/2021,active
SUB-1084,SAAS-35,platform,27,169.26,2022-07-02,2020-04-16,active
SUB-1085,SAAS-129,platform,28,47.6,2021-07-02,2021-11-13,active
SUB-1086,SAAS-220,api,3,70.86,2022-08-27,2021-12-06,active
SUB-1087,SAAS-397,support,44,245.99,2022-06-11,10/07/2023,active
SUB-1088,SAAS-237,api,42,452.65,2022-09-05,2024-03-22,active
SUB-1089,SAAS-130,support,39,104,2023-04-18,2021-09-10,cancelled
SUB-1090,SAAS-149,modules,3,303.56,2024-01-17,17-02-2022,active
SUB-1091,SAAS-357,modules,27,139,2022-02-25,11/05/2021,active
SUB-1092,SAAS-295,modules,2,444.19,2022-06-07,2021-11-14,cancelled
SUB-1093,SAAS-216,api,18,165,2022-05-20,2024-07-05,cancelled
SUB-1094,SAAS-353,platform,46,159.73,2021-10-24,04/27/2023,active
SUB-1095,SAAS-211,platform,46,37,2021-07-16,2023-03-07,active
SUB-1096,SAAS-270,modules,28,352.1,2021-02-27,12/02/2023,active
SUB-1097,SAAS-202,api,21,11,2022-11-15,20-02-2022,active
SUB-1098,SAAS-202,modules,1,201,2023-01-11,2022-09-24,active
SUB-1099,SAAS-228,support,34,119.01,17-05-2024,09-01-2023,active
SUB-1100,SAAS-167,support,10,187.66,2024-08-21,2021-10-12,active
SUB-1101,SAAS-301,support,12,449,2022-11-26,2020-01-18,active
SUB-1102,SAAS-363,platform,44,251.61,2024-05-11,2024-09-18,active
SUB-1103,SAAS-235,modules,50,397,15-10-2023,03/08/2023,past_due
SUB-1104,SAAS-81,support,40,427.66,2020-01-09,2022-11-20,cancelled
SUB-1105,SAAS-311,modules,49,362.72,2024-10-14,2022-03-12,past_due
SUB-1106,SAAS-96,modules,49,82,2020-10-20,03/18/2020,active
SUB-1107,SAAS-133,platform,-5,247,2024-10-27,2024-01-09,cancelled
SUB-1108,SAAS-397,modules,48,403.32,2022-04-01,2020-06-13,active
SUB-1109,SAAS-188,api,49,491.81,2022-08-13,2022-06-13,active
SUB-1110,SAAS-20,modules,11,409.74,2020-02-18,10/15/2021,past_due
SUB-1111,SAAS-134,platform,3,447.94,2024-11-05,03/22/2024,past_due
SUB-1112,SAAS-52,platform,27,142,02-03-2021,2023-12-01,cancelled
SUB-1113,SAAS-237,api,35,80,20-11-2020,2022-03-12,active
SUB-1114,SAAS-29,platform,6,79.77,2020-05-19,18-08-2021,active
SUB-1115,SAAS-52,api,45,438.34,2023-06-18,2022-08-27,active
SUB-1116,SAAS-199,support,4,102,2022-02-04,2022-05-21,active
SUB-1117,SAAS-256,modules,43,484.35,2021-07-24,2024-12-27,active
SUB-1118,SAAS-113,platform,35,469,2020-03-02,2024-03-15,active
SUB-1119,SAAS-194,platform,34,25.87,2022-09-22,2020-11-05,active
SUB-1120,SAAS-39,platform,10,227.2,2022-08-10,2022-10-13,past_due
SUB-1121,SAAS-198,api,17,153.38,2021-04-27,2023-06-02,active
SUB-1122,SAAS-5,api,28,190.65,2024-01-01,06/04/2022,active
SUB-1123,SAAS-375,api,3,406.12,2023-04-13,28-08-2023,active
SUB-1124,SAAS-23,api,48,31.58,2022-12-27,12/04/2021,active
SUB-1125,SAAS-249,api,21,283,2022-05-23,2022-12-25,past_due
SUB-1126,SAAS-240,platform,28,65.07,2023-01-24,02/16/2023,past_due
SUB-1127,SAAS-260,platform,5,47.1,04-05-2021,12-06-2022,active
SUB-1128,SAAS-40,support,-4,374.78,14-04-2021,02-05-2022,active
SUB-1129,SAAS-376,modules,47,306.59,2024-09-27,08/18/2020,active
SUB-1130,SAAS-311,support,28,160,17-12-2023,12/11/2021,active
SUB-1131,SAAS-391,platform,15,208.43,2023-04-12,09/21/2022,active
SUB-1132,SAAS-136,api,28,473,2023-06-28,12/25/2024,active
SUB-1133,SAAS-285,platform,14,305,2023-08-06,2024-08-11,cancelled
SUB-1134,SAAS-373,modules,36,272.67,2021-04-17,16-07-2020,active
SUB-1135,SAAS-228,platform,38,140.84,2023-05-03,01/09/2022,active
SUB-1136,SAAS-274,platform,21,89.03,26-10-2020,2022-08-06,past_due
SUB-1137,SAAS-69,platform,49,43.68,12-10-2021,08/23/2023,active
SUB-1138,SAAS-222,platform,41,218.61,2023-06-21,10/27/2021,active
SUB-1139,SAAS-32,support,45,60,2023-12-15,02/22/2023,cancelled
SUB-1140,SAAS-307,support,49,222.37,13-08-2020,17-02-2023,past_due
SUB-1141,SAAS-259,api,50,419.53,2024-09-06,06/15/2024,active
SUB-1142,SAAS-198,support,44,207.36,2020-10-22,04/25/2021,past_due
SUB-1143,SAAS-212,api,1,283.97,2020-06-26,24-09-2020,active
SUB-1144,SAAS-6,support,8,119,2023-03-20,2022-01-21,active
SUB-1145,SAAS-303,api,49,88.02,2020-09-12,2022-04-13,active
SUB-1146,SAAS-357,api,34,313.1,2022-04-18,2020-10-16,active
SUB-1147,SAAS-20,support,23,368,2020-01-12,04/25/2023,cancelled
SUB-1148,SAAS-124,api,-7,33,2022-04-05,12/26/2020,active
SUB-1149,SAAS-28,platform,14,309.43,2021-11-14,12/05/2023,active
SUB-1150,SAAS-1,api,49,434.31,2023-06-22,2020-06-19,active
SUB-1151,SAAS-185,platform,18,124.72,2021-10-28,09/19/2024,cancelled
SUB-1152,SAAS-147,modules,37,97.82,2021-10-03,24-12-2024,active
SUB-1153,SAAS-302,platform,44,351.44,2022-06-13,2024-03-22,cancelled
SUB-1154,SAAS-370,platform,22,416,2022-09-19,2023-03-08,cancelled
SUB-1155,SAAS-152,api,27,323.05,2022-10-26,2023-10-22,active
SUB-1156,SAAS-153,modules,16,488.29,2024-02-15,2022-10-19,active
SUB-1157,SAAS-213,platform,8,361.17,2023-03-08,12-12-2022,cancelled
SUB-1158,SAAS-115,support,3,209.82,2023-09-10,27-10-2021,cancelled
SUB-1159,SAAS-349,support,48,401.97,2022-01-17,03-11-2023,cancelled
SUB-1160,SAAS-260,modules,34,276.89,2024-07-23,2020-07-05,cancelled
SUB-1161,SAAS-248,modules,42,380.45,04-06-2022,2023-07-18,active
SUB-1162,SAAS-177,modules,48,131.55,2021-07-16,2020-12-19,active
SUB-1163,SAAS-54,modules,50,318,2022-03-17,2022-07-28,cancelled
SUB-1164,SAAS-30,api,40,256.07,2020-04-19,04-05-2020,active
SUB-1165,SAAS-136,platform,4,250.54,10-11-2023,11/26/2022,past_due
SUB-1166,SAAS-47,support,2,506.9,2020-02-19,12-06-2022,active
SUB-1167,SAAS-370,modules,19,111.58,2022-08-14,2021-05-25,active
SUB-1168,SAAS-210,support,44,76,2020-11-23,04/05/2023,active
SUB-1169,SAAS-142,api,45,416.21,15-09-2023,01/22/2023,active
SUB-1170,SAAS-398,modules,11,301.67,2022-01-15,2020-06-26,active
SUB-1171,SAAS-290,platform,3,115,2024-11-11,2020-08-26,active
SUB-1172,SAAS-152,support,9,164,09-12-2023,10/19/2021,active
SUB-1173,SAAS-212,support,25,456,2020-02-07,2020-09-15,active
SUB-1174,SAAS-44,platform,37,160.03,2023-01-24,06/23/2023,active
SUB-1175,SAAS-117,api,-3,241,2020-05-08,15-11-2022,active
SUB-1176,SAAS-383,support,6,381,2024-08-06,2022-10-15,active
SUB-1177,SAAS-348,platform,29,321.48,2024-12-09,2023-03-06,active
SUB-1178,SAAS-10,modules,10,77,2022-08-26,2024-03-24,active
SUB-1179,SAAS-151,platform,29,505.81,2022-09-26,2023-11-20,active
SUB-1180,SAAS-122,modules,34,270.03,2021-03-25,2020-01-20,active
SUB-1181,SAAS-54,api,31,250.79,10-04-2023,05-10-2023,active
SUB-1182,SAAS-313,platform,27,401.86,18-06-2022,27-10-2023,past_due
SUB-1183,SAAS-125,api,47,130.87,2022-03-03,07-09-2022,past_due
SUB-1184,SAAS-335,support,36,285.06,2022-02-07,06/17/2021,past_due
SUB-1185,SAAS-237,support,18,46,2021-05-14,01/16/2020,active
SUB-1186,SAAS-167,support,34,226.99,2020-04-13,09/06/2024,active
SUB-1187,SAAS-308,platform,12,347.55,20-05-2024,2023-06-18,active
SUB-1188,SAAS-44,platform,12,251.83,2022-10-08,20-11-2023,active
SUB-1189,SAAS-318,api,29,182,2024-10-21,02/03/2023,cancelled
SUB-1190,SAAS-140,modules,35,15.31,05-03-2021,2024-11-04,past_due
SUB-1191,SAAS-357,api,2,301.22,2024-10-27,26-08-2024,active
SUB-1192,SAAS-192,modules,31,442.7,21-09-2023,08-02-2020,past_due
SUB-1193,SAAS-75,api,40,228.83,2020-04-24,22-06-2022,past_due
SUB-1194,SAAS-346,support,35,146.3,2020-03-15,05-03-2024,active
SUB-1195,SAAS-94,support,25,72.03,2023-10-16,09/12/2021,active
SUB-1196,SAAS-155,platform,25,199.28,2021-10-01,23-08-2021,active
SUB-1197,SAAS-200,api,5,445.36,2024-01-28,10-01-2021,active
SUB-1198,SAAS-48,support,3,153.64,2020-02-15,20-07-2024,cancelled
SUB-1199,SAAS-275,modules,37,21.12,2022-07-27,2022-07-19,active
SUB-1200,SAAS-190,support,39,412,2024-01-11,14-06-2024,active
SUB-1201,SAAS-303,platform,30,82.99,2023-03-14,05-09-2024,active
SUB-1202,SAAS-347,support,10,210.13,26-03-2024,2022-07-10,active
SUB-1203,SAAS-369,api,23,411.44,2023-05-28,01/24/2022,cancelled
SUB-1204,SAAS-47,platform,19,311,2024-02-25,2024-04-08,cancelled
SUB-1205,SAAS-319,api,32,503,2020-01-07,2022-06-01,active
SUB-1206,SAAS-391,platform,-3,337,04-12-2024,2022-04-04,cancelled
SUB-1207,SAAS-310,api,13,36.63,2021-03-28,16-10-2022,cancelled
SUB-1208,SAAS-57,api,30,217.7,04-01-2023,2022-01-19,active
SUB-1209,SAAS-342,platform,14,141,2024-11-16,01/02/2022,past_due
SUB-1210,SAAS-221,modules,45,424.17,02-11-2020,2024-02-20,cancelled
SUB-1211,SAAS-276,support,-3,328.51,2023-09-08,09/16/2022,cancelled
SUB-1212,SAAS-185,modules,37,466,04-08-2024,04/20/2024,cancelled
SUB-1213,SAAS-163,platform,2,279.09,2021-07-27,10/11/2021,active
SUB-1214,SAAS-78,modules,15,363,2020-07-24,2022-03-09,active
SUB-1215,SAAS-326,api,32,94.76,2020-04-15,11-12-2024,past_due
SUB-1216,SAAS-259,api,22,382.88,2022-03-28,23-01-2024,active
SUB-1217,SAAS-198,support,10,223,07-04-2020,01/06/2022,active
SUB-1218,SAAS-279,platform,-2,411,27-06-2022,2024-01-24,cancelled
SUB-1219,SAAS-207,api,28,299.02,02-03-2023,2022-02-06,active
SUB-1220,SAAS-316,support,34,367,2024-05-03,2022-08-27,active
SUB-1221,SAAS-269,platform,49,133.33,2021-08-05,2020-12-14,active
SUB-1222,SAAS-76,modules,31,175.24,2022-03-03,2020-11-23,active
SUB-1223,SAAS-261,api,-1,451.55,22-02-2021,13-04-2024,active
SUB-1224,SAAS-83,modules,50,326.54,2020-05-14,13-06-2022,active
SUB-1225,SAAS-181,platform,10,171,2024-09-21,18-06-2024,cancelled
SUB-1226,SAAS-251,modules,37,17,2023-08-27,2024-05-07,active
SUB-1227,SAAS-120,platform,6,506.87,2021-09-09,25-08-2023,active
SUB-1228,SAAS-29,support,4,22.44,07-01-2024,09/04/2022,active
SUB-1229,SAAS-110,modules,-3,291,2023-08-15,04/22/2024,active
SUB-1230,SAAS-293,modules,47,242,2021-05-07,09-08-2022,active
SUB-1231,SAAS-28,api,10,236,2022-01-23,24-10-2024,past_due
SUB-1232,SAAS-331,platform,8,211,2020-10-19,2023-11-27,active
SUB-1233,SAAS-306,modules,47,38,26-12-2021,2022-10-13,active
SUB-1234,SAAS-400,support,32,102.52,2024-07-06,2020-07-19,active
SUB-1235,SAAS-151,platform,38,80.44,2020-04-01,28-05-2024,active
SUB-1236,SAAS-139,modules,-3,86.39,2023-02-27,2020-09-27,active
SUB-1237,SAAS-223,platform,18,103.06,2023-06-25,08-11-2021,cancelled
SUB-1238,SAAS-357,support,18,178.94,14-03-2021,2023-12-14,active
SUB-1239,SAAS-285,support,9,249.41,2020-03-02,09/16/2024,active
SUB-1240,SAAS-136,modules,5,98.25,2022-02-19,2024-06-08,active
SUB-1241,SAAS-112,support,38,38.58,2023-05-21,2021-07-12,cancelled
SUB-1242,SAAS-243,modules,44,193.82,2023-05-04,2024-09-19,active
SUB-1243,SAAS-216,support,43,409.88,2024-09-06,2023-02-15,cancelled
SUB-1244,SAAS-87,api,44,425,2024-01-24,2024-04-23,active
SUB-1245,SAAS-362,platform,22,15.23,15-08-2022,2024-02-08,active
SUB-1246,SAAS-223,platform,2,220,2020-09-09,01/20/2023,past_due
SUB-1247,SAAS-72,support,18,455.93,10-10-2022,2023-09-24,past_due
SUB-1248,SAAS-358,modules,23,183.51,2023-08-19,07/04/2020,past_due
SUB-1249,SAAS-164,api,42,464.33,2022-12-08,13-07-2023,active
SUB-1250,SAAS-150,api,18,33.88,03-08-2020,08/05/2023,active
SUB-1251,SAAS-351,api,49,63.61,2021-10-14,2021-12-26,active
SUB-1252,SAAS-252,support,35,430.62,2024-03-07,2022-10-19,past_due
SUB-1253,SAAS-51,modules,9,241.77,2022-05-11,05/26/2022,active
SUB-1254,SAAS-226,support,17,498.58,06-08-2022,08/10/2021,cancelled
SUB-1255,SAAS-219,modules,23,382.34,2023-09-23,13-07-2023,active
SUB-1256,SAAS-117,modules,45,25,2020-09-16,2024-06-23,active
SUB-1257,SAAS-337,modules,41,136.11,2020-12-19,11/25/2020,active
SUB-1258,SAAS-374,api,37,368.19,2024-10-19,18-05-2024,past_due
SUB-1259,SAAS-14,platform,39,410.44,2022-02-10,08/23/2024,active
SUB-1260,SAAS-185,api,39,286.15,07-08-2020,2024-02-23,active
SUB-1261,SAAS-314,modules,45,69,2020-07-01,17-06-2024,active
SUB-1262,SAAS-47,modules,20,110.53,2024-07-19,16-11-2020,active
SUB-1263,SAAS-175,platform,19,394.28,2022-01-07,09/26/2024,active
SUB-1264,SAAS-52,api,1,148,2022-04-10,2024-10-26,cancelled
SUB-1265,SAAS-84,platform,49,290.06,17-08-2021,11/18/2020,active
SUB-1266,SAAS-221,modules,40,104.83,2020-08-04,10/10/2020,active
SUB-1267,SAAS-67,platform,43,85,2024-07-22,2021-12-21,active
SUB-1268,SAAS-40,modules,15,126,2023-09-11,04-05-2024,past_due
SUB-1269,SAAS-30,platform,33,12.85,2024-06-26,06-02-2024,active
SUB-1270,SAAS-346,support,45,146.63,2020-05-07,2021-06-05,past_due
SUB-1271,SAAS-340,platform,41,466.16,2021-10-12,25-06-2024,active
SUB-1272,SAAS-196,support,42,58.51,2021-07-08,2023-08-28,active
SUB-1273,SAAS-291,api,29,58.36,2023-07-20,2022-07-12,active
SUB-1274,SAAS-366,api,22,392.51,2020-04-11,11/02/2023,active
SUB-1275,SAAS-275,support,31,466,2024-07-21,02-03-2024,cancelled
SUB-1276,SAAS-42,support,-3,168.2,2020-09-24,2021-02-05,cancelled
SUB-1277,SAAS-124,modules,9,171.2,20-07-2020,10/28/2020,cancelled
SUB-1278,SAAS-17,support,7,246.72,2023-03-06,2023-10-01,active
SUB-1279,SAAS-87,api,45,144.63,2021-06-18,01-08-2024,cancelled
SUB-1280,SAAS-124,support,30,295.81,2024-01-07,2022-03-12,cancelled
SUB-1281,SAAS-364,modules,46,163.61,2022-06-12,2024-04-01,active
SUB-1282,SAAS-284,api,11,10,2021-07-12,2023-01-06,active
SUB-1283,SAAS-305,modules,29,435,2020-03-27,2024-12-14,active
SUB-1284,SAAS-308,modules,42,227.25,2024-05-09,2020-01-09,active
SUB-1285,SAAS-339,support,5,200.74,23-10-2023,2022-08-21,active
SUB-1286,SAAS-14,api,17,82,2023-05-07,2024-06-04,active
SUB-1287,SAAS-74,support,28,132,2024-05-02,20-10-2021,past_due
SUB-1288,SAAS-199,support,9,125,2023-07-03,2020-11-16,active
SUB-1289,SAAS-319,modules,4,382,14-08-2021,20-04-2021,cancelled
SUB-1290,SAAS-334,api,-4,272,2024-05-20,2021-11-22,cancelled
SUB-1291,SAAS-97,support,-5,222.84,2020-04-18,17-03-2020,active
SUB-1292,SAAS-124,platform,10,242.07,2022-02-22,01/26/2021,active
SUB-1293,SAAS-213,platform,1,151,2022-07-08,03-02-2023,past_due
SUB-1294,SAAS-331,support,42,202.26,14-05-2020,05/28/2023,active
SUB-1295,SAAS-165,modules,20,180.93,2020-02-16,08-05-2021,cancelled
SUB-1296,SAAS-250,api,11,354.58,2024-07-14,2020-11-28,active
SUB-1297,SAAS-155,support,48,145.08,2023-02-10,2024-02-12,cancelled
SUB-1298,SAAS-111,platform,10,317,2023-05-16,2022-06-17,active
SUB-1299,SAAS-245,platform,27,500.22,2024-08-03,2023-09-17,active
SUB-1300,SAAS-91,modules,21,461,22-04-2022,2024-12-12,past_due
SUB-1301,SAAS-355,api,34,114.34,2024-12-01,2021-02-27,past_due
SUB-1302,SAAS-398,platform,50,311.13,2022-02-16,10/20/2020,past_due
SUB-1303,SAAS-256,support,19,83.98,2023-05-02,06-12-2020,active
SUB-1304,SAAS-11,support,47,405.92,2022-09-19,2024-01-17,active
SUB-1305,SAAS-320,api,40,256.73,2022-12-02,2020-12-06,cancelled
SUB-1306,SAAS-190,support,-5,379.93,2023-06-24,03/20/2022,past_due
SUB-1307,SAAS-7,modules,20,348.15,2020-09-11,2022-03-03,active
SUB-1308,SAAS-294,support,-6,208,2023-10-08,2024-04-14,active
SUB-1309,SAAS-232,support,23,69.12,2021-04-15,04/15/2023,active
SUB-1310,SAAS-375,platform,37,348,2023-09-04,18-09-2020,past_due
SUB-1311,SAAS-158,platform,15,393.65,2024-06-22,02/25/2023,active
SUB-1312,SAAS-363,platform,34,459.2,24-10-2022,2024-05-20,past_due
SUB-1313,SAAS-95,modules,12,478.91,2022-11-14,2021-10-10,active
SUB-1314,SAAS-210,api,6,91,2022-02-20,07/24/2022,past_due
SUB-1315,SAAS-357,api,36,304,2021-08-08,2022-12-09,past_due
SUB-1316,SAAS-6,api,14,321.02,2023-10-18,2021-04-18,cancelled
SUB-1317,SAAS-269,platform,8,107.25,2020-01-14,03/12/2020,active
SUB-1318,SAAS-191,modules,37,389.87,2023-05-07,08-02-2023,active
SUB-1319,SAAS-266,support,17,169.8,2023-08-13,2023-02-23,active
SUB-1320,SAAS-331,platform,2,466.5,2020-03-02,2022-03-12,active
SUB-1321,SAAS-204,platform,5,209.32,2020-04-08,2022-05-15,active
SUB-1322,SAAS-133,platform,4,458,2020-05-14,02/10/2022,past_due
SUB-1323,SAAS-21,support,42,429,02-08-2023,11-03-2020,active
SUB-1324,SAAS-284,platform,42,293.12,2021-04-28,2024-07-09,active
SUB-1325,SAAS-4,platform,7,20,12-04-2024,18-12-2024,active
SUB-1326,SAAS-59,support,1,52.93,2023-02-28,2024-02-03,cancelled
SUB-1327,SAAS-114,modules,13,176.83,2023-10-09,21-09-2021,cancelled
SUB-1328,SAAS-164,support,20,156.97,2022-07-01,2020-09-09,active
SUB-1329,SAAS-114,support,1,219.92,28-08-2020,2022-08-06,active
SUB-1330,SAAS-237,modules,47,64.12,2020-12-27,2020-10-14,active
SUB-1331,SAAS-209,api,24,428.78,2024-06-28,2023-07-07,active
SUB-1332,SAAS-245,support,10,470.44,2020-10-26,2023-04-19,active
SUB-1333,SAAS-161,api,45,138.4,2024-12-22,2020-12-08,cancelled
SUB-1334,SAAS-357,support,10,491,03-02-2024,2023-05-12,cancelled
SUB-1335,SAAS-60,api,45,493.49,2022-02-02,10/17/2022,active
SUB-1336,SAAS-31,platform,9,230,2024-01-02,02/09/2024,cancelled
SUB-1337,SAAS-255,api,9,228.79,2022-06-22,08/13/2022,cancelled
SUB-1338,SAAS-358,api,31,210.38,2021-08-12,07/19/2021,cancelled
SUB-1339,SAAS-396,support,49,149,2023-04-10,06-05-2021,active
SUB-1340,SAAS-8,platform,40,165,2021-08-14,15-11-2020,active
SUB-1341,SAAS-195,platform,5,306.77,2023-03-09,2020-10-26,active
SUB-1342,SAAS-311,modules,8,38.89,2024-12-14,10/05/2020,past_due
SUB-1343,SAAS-330,support,34,108,2020-11-19,2024-07-27,active
SUB-1344,SAAS-123,support,35,245.37,2022-06-08,2022-06-25,active
SUB-1345,SAAS-301,platform,42,469,2020-07-26,12-03-2021,active
SUB-1346,SAAS-207,support,46,76.13,2021-12-20,2023-09-20,cancelled
SUB-1347,SAAS-340,api,-3,273.77,2020-08-25,2023-09-21,cancelled
SUB-1348,SAAS-83,modules,10,487,2024-11-13,23-11-2022,active
SUB-1349,SAAS-103,api,41,480,02-11-2020,2022-04-18,past_due
SUB-1350,SAAS-316,api,39,492.86,2022-02-09,2023-08-14,active
SUB-1351,SAAS-142,support,21,53.76,2024-02-20,21-01-2023,past_due
SUB-1352,SAAS-240,modules,35,36.78,2021-07-09,04/14/2021,cancelled
SUB-1353,SAAS-370,api,24,174,2022-03-09,07/19/2021,active
SUB-1354,SAAS-258,support,30,403,2021-09-06,2024-04-13,past_due
SUB-1355,SAAS-336,modules,26,288.3,2023-04-11,01/16/2023,active
SUB-1356,SAAS-117,support,19,316.13,2022-11-13,23-11-2023,past_due
SUB-1357,SAAS-381,platform,32,241.6,2021-01-20,24-11-2023,active
SUB-1358,SAAS-113,api,4,169.49,2020-10-11,2022-02-13,past_due
SUB-1359,SAAS-36,support,50,329.67,2024-06-18,2021-12-17,cancelled
SUB-1360,SAAS-203,support,3,432,2023-02-22,13-10-2021,active
SUB-1361,SAAS-197,support,41,303.64,2021-11-28,2023-01-28,active
SUB-1362,SAAS-268,support,46,481.06,2021-01-01,2020-11-06,active
SUB-1363,SAAS-358,modules,26,296.66,28-08-2024,05/02/2021,active
SUB-1364,SAAS-196,modules,12,251,2023-11-18,2023-11-18,active
SUB-1365,SAAS-3,modules,34,129.75,2022-11-20,2021-08-04,active
SUB-1366,SAAS-83,support,33,18.05,2022-03-22,07/14/2021,past_due
SUB-1367,SAAS-59,support,9,103.75,2024-02-01,09/28/2024,past_due
SUB-1368,SAAS-59,api,12,86.57,2023-02-25,07-07-2023,active
SUB-1369,SAAS-303,support,38,90.4,2023-05-10,2023-09-13,active
SUB-1370,SAAS-377,api,46,61.41,2021-06-25,2021-11-02,active
SUB-1371,SAAS-217,api,44,398.54,14-05-2020,2023-08-27,past_due
SUB-1372,SAAS-353,platform,22,188.69,12-05-2024,2022-12-14,active
SUB-1373,SAAS-41,modules,47,101,05-06-2020,23-04-2023,cancelled
SUB-1374,SAAS-181,platform,5,358.14,2024-01-22,2021-03-27,active
SUB-1375,SAAS-394,support,21,442,2024-07-12,2022-07-05,active
SUB-1376,SAAS-321,api,31,178.14,2022-02-23,11/24/2022,active
SUB-1377,SAAS-344,platform,19,243.27,2021-03-05,2022-10-08,cancelled
SUB-1378,SAAS-363,support,23,146,2022-01-18,2021-06-04,active
SUB-1379,SAAS-76,api,13,171.83,2022-06-18,02/06/2023,active
SUB-1380,SAAS-344,platform,47,82.57,2022-11-14,2021-02-09,active
SUB-1381,SAAS-193,api,2,488.56,2020-06-23,28-03-2021,cancelled
SUB-1382,SAAS-328,support,8,332.49,2023-02-25,10/13/2022,cancelled
SUB-1383,SAAS-115,support,4,333.3,2021-03-06,2023-07-10,cancelled
SUB-1384,SAAS-149,modules,30,211.65,2024-12-03,2022-12-07,active
SUB-1385,SAAS-339,modules,32,45.18,2024-12-04,09/10/2022,active
SUB-1386,SAAS-174,support,27,306.29,2021-10-20,17-12-2021,active
SUB-1387,SAAS-154,support,40,417.4,2020-07-27,09/02/2023,cancelled
SUB-1388,SAAS-337,platform,7,195.7,2020-09-15,11/15/2020,active
SUB-1389,SAAS-148,modules,1,145,2023-12-12,07/11/2020,active
SUB-1390,SAAS-181,platform,18,280.98,2023-09-18,2023-09-24,active
SUB-1391,SAAS-372,modules,8,63.95,2024-10-06,2022-11-10,past_due
SUB-1392,SAAS-222,api,20,306.34,2024-08-15,2023-07-20,active
SUB-1393,SAAS-101,support,2,165,2020-08-08,2022-11-25,active
SUB-1394,SAAS-389,api,13,331.21,2022-10-03,06/21/2023,past_due
SUB-1395,SAAS-198,support,13,281.85,2024-06-04,2023-07-12,active
SUB-1396,SAAS-252,support,8,492.61,2022-09-01,02/07/2023,active
SUB-1397,SAAS-78,support,31,129.58,2023-05-02,02/16/2022,active
SUB-1398,SAAS-271,support,46,119.69,2022-04-15,2024-09-09,active
SUB-1399,SAAS-47,platform,4,336.77,07-11-2023,2022-01-13,past_due
SUB-1400,SAAS-205,platform,49,275,2020-11-25,03-08-2020,active
SUB-1401,SAAS-37,api,36,37.01,2024-12-16,2022-11-16,active
SUB-1402,SAAS-16,modules,49,189.46,2021-05-14,12-08-2022,active
SUB-1403,SAAS-333,modules,11,425.29,2023-09-13,2020-10-09,active
SUB-1404,SAAS-6,modules,12,356.35,2023-05-20,2021-03-12,active
SUB-1405,SAAS-142,platform,-1,248,17-12-2023,13-08-2023,cancelled
SUB-1406,SAAS-55,modules,12,234.11,2024-07-09,2021-06-21,cancelled
SUB-1407,SAAS-5,platform,10,102,24-10-2021,09/07/2023,active
SUB-1408,SAAS-144,modules,34,116.33,07-04-2021,2023-06-26,active
SUB-1409,SAAS-356,platform,32,61,2024-08-01,2023-08-24,active
SUB-1410,SAAS-244,api,14,174.99,2024-07-12,07/10/2024,active
SUB-1411,SAAS-216,platform,46,55.75,2022-02-04,2023-02-01,cancelled
SUB-1412,SAAS-362,modules,46,145.5,2022-08-22,2020-11-15,active
SUB-1413,SAAS-349,api,39,345.82,2021-01-21,2022-04-03,active
SUB-1414,SAAS-382,support,25,20,2021-11-16,2021-04-05,cancelled
SUB-1415,SAAS-158,modules,41,21.2,2024-04-09,04/21/2020,active
SUB-1416,SAAS-327,support,31,242,2021-04-26,2023-08-19,cancelled
SUB-1417,SAAS-76,api,19,498,2022-09-20,2024-01-12,past_due
SUB-1418,SAAS-58,platform,12,10,01-10-2024,2021-01-07,past_due
SUB-1419,SAAS-279,support,42,400.15,2023-04-21,2023-02-17,cancelled
SUB-1420,SAAS-14,support,29,74.94,2024-03-06,09/15/2023,active
SUB-1421,SAAS-280,platform,14,378,2020-05-20,08-11-2023,past_due
SUB-1422,SAAS-382,platform,25,27,2022-08-26,28-03-2020,active
SUB-1423,SAAS-10,support,3,18.05,2020-03-15,2021-03-04,active
SUB-1424,SAAS-371,modules,33,420.9,2023-09-19,2023-06-04,past_due
SUB-1425,SAAS-254,api,6,202.08,2023-08-25,2024-12-23,active
SUB-1426,SAAS-24,platform,3,362,2020-07-04,2022-07-06,past_due
SUB-1427,SAAS-212,api,5,183,26-04-2021,2023-02-06,cancelled
SUB-1428,SAAS-252,api,6,107,2021-11-18,04/11/2023,active
SUB-1429,SAAS-346,platform,18,349.94,25-12-2023,2020-07-15,past_due
SUB-1430,SAAS-22,support,43,111.51,2020-09-04,15-03-2020,active
SUB-1431,SAAS-202,api,10,254.94,25-12-2021,2023-04-10,active
SUB-1432,SAAS-76,platform,20,190.66,2022-03-11,2024-10-11,active
SUB-1433,SAAS-214,support,10,363.08,2020-06-18,25-05-2021,active
SUB-1434,SAAS-390,modules,37,69.21,2022-02-28,2022-03-03,active
SUB-1435,SAAS-9,support,28,134.7,2020-07-11,2021-09-08,active
SUB-1436,SAAS-143,api,-2,491.44,2022-08-17,2021-09-19,past_due
SUB-1437,SAAS-58,support,16,148.15,2020-10-21,05/05/2021,past_due
SUB-1438,SAAS-105,platform,33,440,2024-08-01,18-03-2020,past_due
SUB-1439,SAAS-173,platform,34,479,2022-03-19,2020-08-11,active
SUB-1440,SAAS-50,platform,44,446,11-05-2020,06/23/2020,active
SUB-1441,SAAS-23,support,28,126.84,24-11-2024,05-07-2022,cancelled
SUB-1442,SAAS-323,modules,25,204.93,2022-12-17,12-05-2024,active
SUB-1443,SAAS-120,api,11,87.24,05-07-2021,17-10-2021,active
SUB-1444,SAAS-321,api,4,284.28,2020-01-23,11/05/2020,active
SUB-1445,SAAS-10,api,28,304,08-09-2023,02/24/2022,cancelled
SUB-1446,SAAS-278,platform,37,178.39,2022-06-06,2023-10-24,active
SUB-1447,SAAS-60,api,13,346.57,2020-05-23,07/10/2021,active
SUB-1448,SAAS-368,modules,9,191.74,2020-09-04,2021-04-27,active
SUB-1449,SAAS-171,platform,31,325.16,2022-10-28,2024-08-01,active
SUB-1450,SAAS-266,platform,7,171.95,2020-09-01,13-04-2020,active
SUB-1451,SAAS-132,api,20,441.3,09-05-2021,2022-12-25,cancelled
SUB-1452,SAAS-391,support,48,250.3,2021-08-12,2024-02-01,past_due
SUB-1453,SAAS-241,api,41,174,2021-12-04,2024-05-06,active
SUB-1454,SAAS-153,api,30,386.28,2023-07-12,2024-03-18,active
SUB-1455,SAAS-395,support,20,81.55,2024-01-04,12/23/2021,active
SUB-1456,SAAS-213,support,33,171.53,21-08-2023,2024-04-24,cancelled
SUB-1457,SAAS-357,modules,14,81,2021-04-02,04/23/2023,past_due
SUB-1458,SAAS-226,modules,9,456.48,2023-06-02,2023-02-18,active
SUB-1459,SAAS-226,api,47,229.66,2022-02-27,2021-09-17,active
SUB-1460,SAAS-57,support,15,132.19,16-04-2021,2022-06-18,active
SUB-1461,SAAS-175,modules,-3,477,2024-06-05,04/08/2022,past_due
SUB-1462,SAAS-348,api,48,326,15-07-2023,09/15/2022,active
SUB-1463,SAAS-10,modules,49,447.62,2022-06-09,2021-10-17,past_due
SUB-1464,SAAS-59,modules,13,375.78,2023-05-19,04-05-2024,past_due
SUB-1465,SAAS-400,support,24,335.11,2021-10-27,27-04-2020,past_due
SUB-1466,SAAS-76,support,14,367.62,2021-11-15,2024-10-09,active
SUB-1467,SAAS-289,support,36,174.93,2021-06-16,2021-04-10,past_due
SUB-1468,SAAS-14,platform,31,127.47,2024-10-20,2024-07-15,past_due
SUB-1469,SAAS-95,platform,44,155.8,27-06-2022,07-03-2020,past_due
SUB-1470,SAAS-29,modules,6,270.21,2023-01-09,2022-05-22,active
SUB-1471,SAAS-244,api,34,378,2022-11-26,2024-09-01,active
SUB-1472,SAAS-110,api,7,320.9,2020-04-22,2022-05-18,active
SUB-1473,SAAS-93,api,43,418,03-05-2023,2022-10-02,active
SUB-1474,SAAS-111,support,26,266,2024-10-26,19-04-2022,active
SUB-1475,SAAS-50,platform,50,160.36,20-05-2021,02/18/2023,active
SUB-1476,SAAS-108,platform,40,358,12-03-2023,18-06-2021,active
SUB-1477,SAAS-40,platform,14,383.26,2021-09-14,11/05/2020,past_due
SUB-1478,SAAS-68,support,23,485.98,2020-11-03,2024-07-09,past_due
SUB-1479,SAAS-57,api,43,41.84,2023-04-10,2022-01-23,past_due
SUB-1480,SAAS-392,api,10,192,2022-08-05,22-06-2020,active
SUB-1481,SAAS-355,modules,17,252,22-10-2022,2020-09-04,past_due
SUB-1482,SAAS-335,support,14,72,2024-04-26,2021-03-04,cancelled
SUB-1483,SAAS-75,platform,13,498.1,2024-07-17,2024-06-16,past_due
SUB-1484,SAAS-91,api,5,479.43,19-09-2023,2024-03-10,active
SUB-1485,SAAS-219,modules,2,447,2024-12-11,2020-07-22,cancelled
SUB-1486,SAAS-391,api,3,125.58,2022-09-13,2023-01-21,past_due
SUB-1487,SAAS-38,support,41,179,25-10-2022,10/04/2022,active
SUB-1488,SAAS-216,api,8,264.8,2021-09-17,02/24/2024,past_due
SUB-1489,SAAS-198,modules,1,186.28,2021-01-19,09/23/2020,active
SUB-1490,SAAS-212,support,4,421.02,20-09-2024,2021-04-12,active
SUB-1491,SAAS-171,platform,50,86.94,2022-06-17,2024-01-06,cancelled
SUB-1492,SAAS-143,api,32,119,2024-12-13,2024-05-10,cancelled
SUB-1493,SAAS-327,api,25,411,2020-04-18,2022-07-16,active
SUB-1494,SAAS-97,modules,32,471.37,2021-10-06,06/24/2023,cancelled
SUB-1495,SAAS-56,api,-9,81.17,2020-09-14,09-09-2022,past_due
SUB-1496,SAAS-391,modules,9,136.04,25-07-2024,2024-10-21,cancelled
SUB-1497,SAAS-273,modules,19,138.87,2021-04-20,2021-04-17,cancelled
SUB-1498,SAAS-273,support,39,64.22,2021-12-19,2022-08-12,past_due
SUB-1499,SAAS-387,support,5,111.22,2024-05-23,08-11-2020,cancelled
SUB-1500,SAAS-264,platform,12,401,2022-06-08,2021-01-01,active
SUB-1501,SAAS-270,modules,29,499.21,2020-04-15,2024-05-06,cancelled
SUB-1502,SAAS-4,api,14,89,17-04-2021,05-09-2024,past_due
SUB-1503,SAAS-379,modules,5,394.38,2023-04-26,2021-07-17,cancelled
SUB-1504,SAAS-212,modules,21,440,11-05-2024,2024-04-11,active
SUB-1505,SAAS-294,modules,16,302,2024-02-17,2020-06-23,cancelled
SUB-1506,SAAS-57,modules,17,156,2024-08-02,2022-07-21,cancelled
SUB-1507,SAAS-63,api,29,245.01,2024-04-12,2023-07-24,active
SUB-1508,SAAS-144,api,-1,372,2022-03-22,11/05/2024,active
SUB-1509,SAAS-174,platform,39,217.74,24-06-2024,26-11-2020,active
SUB-1510,SAAS-154,platform,26,251.03,06-03-2020,2020-02-27,past_due
SUB-1511,SAAS-366,support,33,445,14-11-2020,2023-10-09,active
SUB-1512,SAAS-368,modules,26,396.4,2022-11-22,2021-04-06,past_due
SUB-1513,SAAS-128,modules,-1,508,2023-09-03,02/05/2024,active
SUB-1514,SAAS-169,platform,30,496.39,2020-07-27,07/02/2020,past_due
SUB-1515,SAAS-66,platform,-7,124.63,2021-09-13,08/12/2024,active
SUB-1516,SAAS-373,api,8,140.43,18-04-2021,2021-02-27,active
SUB-1517,SAAS-359,support,14,408.01,2021-10-06,2023-05-19,active
SUB-1518,SAAS-200,platform,8,58,17-11-2020,05/10/2021,cancelled
SUB-1519,SAAS-188,modules,43,296,2023-10-26,02-01-2020,past_due
SUB-1520,SAAS-175,api,24,472.67,2020-06-08,11/10/2022,active
SUB-1521,SAAS-322,api,10,419,2021-10-05,2022-12-11,active
SUB-1522,SAAS-398,modules,48,448,2022-01-23,2023-03-02,active
SUB-1523,SAAS-282,platform,25,117.17,2024-04-25,2020-11-03,active
SUB-1524,SAAS-353,platform,17,462.45,08-09-2024,16-11-2020,past_due
SUB-1525,SAAS-149,modules,25,244.84,2023-04-22,08-04-2022,active
SUB-1526,SAAS-304,modules,28,451.31,2021-09-14,04-01-2020,cancelled
SUB-1527,SAAS-111,platform,44,301.06,2024-05-07,2024-02-27,past_due
SUB-1528,SAAS-370,support,35,266.8,2021-07-15,2022-01-22,active
SUB-1529,SAAS-272,api,42,188.28,06-09-2021,2020-08-20,active
SUB-1530,SAAS-398,modules,26,389.71,2023-07-14,01/03/2023,past_due
SUB-1531,SAAS-93,support,9,16,2020-07-05,2021-03-28,active
SUB-1532,SAAS-57,api,4,410.35,19-11-2022,2023-04-01,cancelled
SUB-1533,SAAS-370,modules,29,506,2024-12-14,2024-09-12,active
SUB-1534,SAAS-148,api,35,429.05,2023-07-25,2020-01-15,past_due
SUB-1535,SAAS-7,modules,2,253.27,2024-06-04,08/05/2023,past_due
SUB-1536,SAAS-254,platform,28,194.82,2021-11-25,2023-06-22,past_due
SUB-1537,SAAS-286,api,4,333,12-06-2023,2024-10-15,active
SUB-1538,SAAS-296,api,16,240.02,2024-09-12,2023-08-15,active
SUB-1539,SAAS-344,platform,42,474.3,2023-01-10,20-01-2023,cancelled
SUB-1540,SAAS-213,platform,9,153,2020-07-01,04/26/2020,cancelled
SUB-1541,SAAS-51,platform,34,121.29,2020-05-01,10/04/2020,active
SUB-1542,SAAS-111,modules,50,428,2020-01-06,2023-11-12,past_due
SUB-1543,SAAS-19,modules,27,239,2020-01-16,2024-06-24,past_due
SUB-1544,SAAS-382,api,7,263.72,2020-06-08,09-12-2021,past_due
SUB-1545,SAAS-114,modules,14,92.54,2021-08-16,07-03-2020,active
SUB-1546,SAAS-392,platform,50,443.31,2021-03-03,01/13/2023,active
SUB-1547,SAAS-191,platform,29,330.91,2022-09-20,2021-04-05,cancelled
SUB-1548,SAAS-190,modules,21,74.59,2022-09-18,11/01/2023,active
SUB-1549,SAAS-205,modules,32,114,2024-09-16,08-03-2023,cancelled
SUB-1550,SAAS-369,modules,33,132.88,16-12-2022,2020-04-06,past_due
SUB-1551,SAAS-172,support,5,212.47,12-02-2021,13-09-2024,past_due
SUB-1552,SAAS-274,support,-1,104,11-07-2022,27-07-2020,cancelled
SUB-1553,SAAS-127,support,15,38.1,2023-09-14,01/15/2023,past_due
SUB-1554,SAAS-389,api,14,133,11-09-2024,2023-12-23,past_due
SUB-1555,SAAS-142,platform,7,168,2022-01-21,07/02/2022,active
SUB-1556,SAAS-370,support,20,278.05,2022-11-14,2024-07-06,active
SUB-1557,SAAS-66,support,7,195.77,2023-10-18,2020-06-13,past_due
SUB-1558,SAAS-115,modules,50,351.13,2022-01-14,07/10/2020,cancelled
SUB-1559,SAAS-199,api,11,233.42,2022-02-27,01/20/2022,past_due
SUB-1560,SAAS-137,modules,23,429,2022-01-17,02/23/2023,cancelled
SUB-1561,SAAS-304,modules,33,10,12-03-2021,2020-02-11,past_due
SUB-1562,SAAS-323,modules,-5,38,2023-02-08,2024-06-13,active
SUB-1563,SAAS-201,platform,39,438,2021-02-19,2024-10-26,active
SUB-1564,SAAS-42,api,32,172.82,2024-04-28,2023-09-22,past_due
SUB-1565,SAAS-45,platform,-3,275.27,11-09-2023,2020-02-12,active
SUB-1566,SAAS-265,platform,36,90,02-04-2020,21-02-2022,active
SUB-1567,SAAS-121,modules,20,436.71,2020-03-09,2024-06-10,active
SUB-1568,SAAS-385,platform,33,505,2024-08-28,2022-07-01,active
SUB-1569,SAAS-35,platform,35,279.25,2023-03-19,2024-10-28,past_due
SUB-1570,SAAS-214,platform,46,370,24-01-2024,2023-11-18,past_due
SUB-1571,SAAS-210,api,35,303.34,2023-07-15,2024-01-01,past_due
SUB-1572,SAAS-30,api,2,400.08,26-11-2020,04/20/2020,active
SUB-1573,SAAS-103,platform,35,478,2024-04-24,07/03/2020,active
SUB-1574,SAAS-371,support,28,150.67,2023-07-24,02-04-2023,cancelled
SUB-1575,SAAS-31,api,21,477,2021-07-17,2022-10-07,active
SUB-1576,SAAS-342,modules,28,30,2020-03-13,2021-09-10,active
SUB-1577,SAAS-125,modules,19,24.11,2024-02-04,16-08-2024,cancelled
SUB-1578,SAAS-126,api,34,385.46,2020-04-01,11/02/2021,past_due
SUB-1579,SAAS-124,platform,1,106.25,2020-08-20,2024-02-22,active
SUB-1580,SAAS-191,api,10,339,2021-01-05,2020-04-19,active
SUB-1581,SAAS-246,modules,15,17.6,2021-04-18,2024-12-09,active
SUB-1582,SAAS-225,modules,40,106.85,2021-01-26,2024-09-07,past_due
SUB-1583,SAAS-20,api,43,350.85,2024-01-11,08-12-2022,past_due
SUB-1584,SAAS-108,api,49,423.08,2022-09-08,08/22/2023,active
SUB-1585,SAAS-155,api,3,205.04,2024-12-05,05/01/2022,active
SUB-1586,SAAS-264,support,30,61.77,2021-06-17,2023-08-11,cancelled
SUB-1587,SAAS-363,support,46,383.01,2024-11-18,2021-06-07,active
SUB-1588,SAAS-110,platform,18,74,2024-11-21,09/25/2021,cancelled
SUB-1589,SAAS-36,support,31,218.6,2024-10-16,18-10-2024,past_due
SUB-1590,SAAS-35,support,5,180.11,2020-04-16,2020-09-13,cancelled
SUB-1591,SAAS-95,support,45,351,18-06-2021,26-05-2024,active
SUB-1592,SAAS-126,api,4,318.21,2020-02-23,2022-03-16,active
SUB-1593,SAAS-357,platform,47,407,2021-12-08,2021-04-18,past_due
SUB-1594,SAAS-189,modules,12,296.99,19-05-2024,03/17/2024,active
SUB-1595,SAAS-396,support,40,326,2021-08-18,01/04/2024,active
SUB-1596,SAAS-257,api,-6,160.5,2023-09-22,2024-05-26,active
SUB-1597,SAAS-49,api,6,437.77,2021-07-19,10-01-2020,past_due
SUB-1598,SAAS-385,support,29,183,2021-06-28,2020-04-19,active
SUB-1599,SAAS-390,api,44,137,2024-01-26,12/27/2021,cancelled
SUB-1600,SAAS-305,modules,2,449.39,2023-10-25,2022-11-13,active
SUB-1601,SAAS-247,api,18,410.67,2021-05-12,28-05-2021,active
SUB-1602,SAAS-230,api,43,127,2023-04-11,05-11-2024,past_due
SUB-1603,SAAS-382,support,5,275,2020-01-11,24-12-2023,active
SUB-1604,SAAS-208,modules,42,413.87,2021-04-13,08-12-2020,past_due
SUB-1605,SAAS-130,platform,50,52.7,2023-03-10,2021-05-16,past_due
SUB-1606,SAAS-305,support,9,404,16-08-2022,10/09/2020,active
SUB-1607,SAAS-130,modules,34,54.33,2021-07-20,11/22/2022,past_due
SUB-1608,SAAS-46,platform,12,119,2024-05-05,03/12/2021,active
SUB-1609,SAAS-177,platform,42,426.46,2024-01-28,2022-11-17,active
SUB-1610,SAAS-61,platform,41,386.6,2021-01-14,11/19/2020,active
SUB-1611,SAAS-339,modules,10,167,21-10-2023,12-12-2022,active
SUB-1612,SAAS-335,api,28,232.01,2021-03-16,2020-03-14,active
SUB-1613,SAAS-208,api,47,479,16-09-2020,03/13/2022,active
SUB-1614,SAAS-30,api,27,201.21,2020-03-03,24-11-2020,past_due
SUB-1615,SAAS-272,support,-9,113.39,2021-09-23,2021-12-07,cancelled
SUB-1616,SAAS-368,modules,11,10.58,2022-11-16,2023-10-26,past_due
SUB-1617,SAAS-272,support,18,470.88,16-08-2020,12/15/2022,active
SUB-1618,SAAS-134,api,11,322.15,2024-12-16,09/14/2023,cancelled
SUB-1619,SAAS-193,support,10,430,23-06-2021,25-05-2020,past_due
SUB-1620,SAAS-205,support,13,17.61,2023-05-25,20-05-2022,cancelled
SUB-1621,SAAS-73,support,44,48.71,03-01-2021,2021-05-27,cancelled
SUB-1622,SAAS-373,platform,16,115,2021-04-02,2023-05-24,past_due
SUB-1623,SAAS-207,platform,20,60.03,2021-05-25,2024-01-27,active
SUB-1624,SAAS-319,api,50,90,2022-02-15,18-06-2023,past_due
SUB-1625,SAAS-312,platform,5,330.73,2023-11-27,23-11-2023,cancelled
SUB-1626,SAAS-10,modules,46,303.53,2024-08-14,2020-08-27,cancelled
SUB-1627,SAAS-279,support,9,116,2021-12-21,03/07/2023,active
SUB-1628,SAAS-260,modules,48,395.91,2024-03-21,2024-04-22,past_due
SUB-1629,SAAS-72,support,4,255.79,2020-11-11,2023-09-04,active
SUB-1630,SAAS-316,api,36,150.47,2022-06-05,26-01-2024,past_due
SUB-1631,SAAS-68,api,50,333,2020-11-14,25-11-2024,past_due
SUB-1632,SAAS-357,platform,23,169.72,2023-05-10,04/24/2024,cancelled
SUB-1633,SAAS-126,modules,26,297.11,2022-10-11,2021-09-13,past_due
SUB-1634,SAAS-186,api,18,277,2024-01-25,2023-02-12,active
SUB-1635,SAAS-396,platform,7,425.85,2020-11-09,2023-12-05,active
SUB-1636,SAAS-98,platform,47,236,2021-07-14,07/27/2022,active
SUB-1637,SAAS-394,api,10,248.08,2020-09-21,2020-12-19,cancelled
SUB-1638,SAAS-362,modules,-7,114.05,2020-08-21,07/23/2023,active
SUB-1639,SAAS-309,api,10,36.16,2021-10-13,05-11-2023,cancelled
SUB-1640,SAAS-38,support,5,137.31,17-11-2021,2021-02-02,active
SUB-1641,SAAS-336,modules,29,214.04,2022-07-27,2024-02-11,cancelled
SUB-1642,SAAS-121,platform,32,173.91,25-04-2022,2022-05-18,past_due
SUB-1643,SAAS-34,platform,38,345.06,2022-06-01,11/16/2024,active
SUB-1644,SAAS-337,platform,22,256.33,2022-10-28,11/27/2021,active
SUB-1645,SAAS-88,api,6,505.82,2024-06-21,2020-07-14,active
SUB-1646,SAAS-15,modules,13,285.56,2022-09-04,2023-07-12,active
SUB-1647,SAAS-304,modules,21,172.03,2024-08-22,2021-06-11,active
SUB-1648,SAAS-193,platform,13,162.49,2022-02-28,2020-12-23,active
SUB-1649,SAAS-132,support,47,452.96,2021-09-10,16-07-2023,active
SUB-1650,SAAS-123,support,16,78.05,06-11-2022,2022-08-19,active
SUB-1651,SAAS-43,support,9,61,2020-04-03,02/26/2020,cancelled
SUB-1652,SAAS-360,support,34,106,2021-12-23,2024-01-14,past_due
SUB-1653,SAAS-315,api,27,268.22,2023-12-15,20-11-2020,active
SUB-1654,SAAS-214,modules,7,143.25,16-07-2021,2024-02-23,active
SUB-1655,SAAS-80,modules,41,86.64,01-08-2024,2023-08-18,cancelled
SUB-1656,SAAS-281,support,1,393.11,2020-01-10,11/16/2022,active
SUB-1657,SAAS-53,api,25,479.27,2020-11-12,2023-01-11,past_due
SUB-1658,SAAS-282,platform,7,12,2022-05-23,26-12-2021,past_due
SUB-1659,SAAS-388,support,29,35.11,2022-06-08,2024-01-21,active
SUB-1660,SAAS-28,support,5,438.62,2024-05-17,2021-11-28,active
SUB-1661,SAAS-371,modules,-5,14.25,2024-09-07,2021-04-07,past_due
SUB-1662,SAAS-228,modules,20,502.27,2022-10-13,2021-09-09,active
SUB-1663,SAAS-82,modules,19,476,14-08-2023,24-02-2024,active
SUB-1664,SAAS-289,platform,5,287,2022-01-25,09/17/2022,active
SUB-1665,SAAS-397,support,15,252.57,2024-08-03,2021-08-27,active
SUB-1666,SAAS-233,platform,15,343,2020-06-04,05-11-2022,past_due
SUB-1667,SAAS-20,modules,38,409.27,2024-05-19,2020-04-13,active
SUB-1668,SAAS-66,support,3,275.14,2024-08-14,2023-09-08,past_due
SUB-1669,SAAS-56,modules,34,12,2021-05-11,2020-03-27,past_due
SUB-1670,SAAS-155,platform,9,398.23,2022-08-14,07-02-2022,active
SUB-1671,SAAS-11,support,36,383.66,2024-12-13,05/08/2023,past_due
SUB-1672,SAAS-155,modules,35,201.33,2024-05-17,11/28/2023,past_due
SUB-1673,SAAS-342,platform,22,496.37,2020-10-17,11/18/2023,past_due
SUB-1674,SAAS-236,api,22,163.82,2024-08-05,06-09-2022,cancelled
SUB-1675,SAAS-356,modules,40,461.38,24-12-2023,2021-09-14,past_due
SUB-1676,SAAS-337,api,6,363,2020-06-25,2022-01-25,past_due
SUB-1677,SAAS-319,support,41,340.09,19-04-2022,08-08-2021,active
SUB-1678,SAAS-298,api,45,252.34,2024-10-10,2023-03-26,active
SUB-1679,SAAS-24,platform,5,129,2023-03-27,13-02-2023,active
SUB-1680,SAAS-67,support,47,416,2024-07-21,07-06-2022,cancelled
SUB-1681,SAAS-236,modules,8,26.78,2021-08-17,2020-10-11,active
SUB-1682,SAAS-11,support,12,363.56,2020-05-24,2020-03-14,active
SUB-1683,SAAS-10,api,24,105.79,28-08-2023,10/16/2023,active
SUB-1684,SAAS-390,platform,35,296.22,2024-10-05,2021-12-12,cancelled
SUB-1685,SAAS-206,support,43,158,2020-09-09,04/14/2023,active
SUB-1686,SAAS-303,api,20,227.68,2023-10-05,2020-09-15,cancelled
SUB-1687,SAAS-48,support,25,342.11,18-03-2022,2020-01-14,cancelled
SUB-1688,SAAS-100,support,48,216.92,24-05-2021,2023-01-02,cancelled
SUB-1689,SAAS-55,platform,47,510,2024-09-28,2024-07-22,active
SUB-1690,SAAS-140,api,29,92,05-09-2024,2024-04-01,active
SUB-1691,SAAS-326,api,3,298.74,2021-09-07,15-10-2022,active
SUB-1692,SAAS-14,platform,50,410.04,2020-12-23,11/17/2020,cancelled
SUB-1693,SAAS-237,support,48,462.29,2022-01-21,12-11-2020,active
SUB-1694,SAAS-193,modules,8,482,2023-05-22,28-02-2024,cancelled
SUB-1695,SAAS-7,platform,18,65.11,2021-05-23,05/10/2020,past_due
SUB-1696,SAAS-17,modules,44,440.73,2023-12-23,04-10-2023,active
SUB-1697,SAAS-8,api,31,508.4,2022-04-08,2021-11-06,past_due
SUB-1698,SAAS-42,support,50,20.99,2024-04-05,2022-09-16,active
SUB-1699,SAAS-290,api,39,499,2022-03-15,17-04-2023,active
SUB-1700,SAAS-157,platform,11,489.32,2023-12-22,08/20/2022,past_due
SUB-1701,SAAS-222,support,-5,474,2021-07-15,22-11-2022,active
SUB-1702,SAAS-256,support,13,402,2024-07-28,2020-03-15,active
SUB-1703,SAAS-60,modules,44,372.43,01-04-2022,2020-07-13,past_due
SUB-1704,SAAS-168,modules,3,277,26-04-2024,11/03/2020,past_due
SUB-1705,SAAS-353,modules,2,316,2024-09-18,26-02-2020,active
SUB-1706,SAAS-332,modules,35,234.62,2021-03-21,02/22/2022,active
SUB-1707,SAAS-281,api,4,174.24,2023-09-18,2021-08-04,cancelled
SUB-1708,SAAS-128,platform,25,304,2022-11-16,12/26/2023,active
SUB-1709,SAAS-74,platform,11,413,02-04-2021,2023-01-10,active
SUB-1710,SAAS-325,api,34,334.61,16-10-2023,2024-07-28,past_due
SUB-1711,SAAS-87,modules,27,351.55,04-10-2023,2021-10-09,active
SUB-1712,SAAS-348,api,33,463.13,16-01-2022,2021-04-18,past_due
SUB-1713,SAAS-202,modules,45,283.51,2021-04-11,08/17/2024,past_due
SUB-1714,SAAS-24,modules,37,80,2022-10-18,2020-04-28,past_due
SUB-1715,SAAS-219,modules,35,251,2023-02-12,22-06-2024,past_due
SUB-1716,SAAS-123,api,22,170.33,2023-03-02,02-10-2020,past_due
SUB-1717,SAAS-333,support,16,310.59,2021-11-11,2023-04-20,past_due
SUB-1718,SAAS-35,support,13,213.73,2020-04-25,2021-04-24,cancelled
SUB-1719,SAAS-188,platform,15,489,23-08-2023,15-05-2024,active
SUB-1720,SAAS-298,platform,25,462.78,11-06-2023,11/15/2023,active
SUB-1721,SAAS-383,support,3,482,2020-07-19,2020-08-13,active
SUB-1722,SAAS-346,modules,24,316.46,2020-01-10,20-03-2022,past_due
SUB-1723,SAAS-126,modules,21,328.21,2022-02-21,2024-02-08,active
SUB-1724,SAAS-43,api,8,80,2022-07-12,09/15/2024,active
SUB-1725,SAAS-67,platform,10,131.52,2021-10-06,02/05/2020,active
SUB-1726,SAAS-369,modules,18,498.03,2023-08-11,06-07-2021,cancelled
SUB-1727,SAAS-246,modules,25,84.25,2022-09-27,2022-11-24,active
SUB-1728,SAAS-307,support,48,46,2022-12-20,2021-11-02,active
SUB-1729,SAAS-185,api,1,153.6,2023-12-20,2021-03-05,active
SUB-1730,SAAS-245,api,12,63.81,2020-03-10,2020-08-03,past_due
SUB-1731,SAAS-32,platform,12,256.01,2022-04-07,01/19/2024,past_due
SUB-1732,SAAS-341,support,48,46,2021-10-18,11/19/2021,cancelled
SUB-1733,SAAS-293,modules,26,202,2024-02-24,2020-03-04,past_due
SUB-1734,SAAS-128,support,5,448.8,03-10-2021,2022-01-06,active
SUB-1735,SAAS-216,platform,26,478.31,20-09-2024,2021-07-20,active
SUB-1736,SAAS-153,modules,19,498.42,25-11-2024,2023-04-24,active
SUB-1737,SAAS-147,support,34,100.82,2024-04-23,2023-08-08,cancelled
SUB-1738,SAAS-289,api,31,391,13-12-2021,04/13/2024,cancelled
SUB-1739,SAAS-66,modules,37,410.75,2024-05-12,2021-03-22,cancelled
SUB-1740,SAAS-226,modules,6,104.93,2020-08-08,2021-06-07,past_due
SUB-1741,SAAS-122,api,-6,493.27,2024-02-02,09/10/2020,past_due
SUB-1742,SAAS-399,modules,33,291.93,2024-07-20,2023-02-25,past_due
SUB-1743,SAAS-313,support,5,110,2024-10-10,2021-01-13,active
SUB-1744,SAAS-129,support,41,271,18-08-2022,2023-10-02,active
SUB-1745,SAAS-56,api,18,399.23,2020-05-28,2022-06-04,past_due
SUB-1746,SAAS-30,support,25,244.15,2021-02-03,2023-04-17,active
SUB-1747,SAAS-140,support,10,402,2020-03-16,2024-06-27,past_due
SUB-1748,SAAS-247,platform,43,72.55,28-05-2024,2023-12-19,active
SUB-1749,SAAS-15,platform,8,357.56,2024-05-18,05-05-2022,active
SUB-1750,SAAS-334,platform,12,172.36,2023-09-22,24-12-2021,past_due
SUB-1751,SAAS-206,api,32,446.27,2022-03-09,21-08-2020,active
SUB-1752,SAAS-44,platform,50,59,2021-06-28,2021-11-06,active
SUB-1753,SAAS-79,support,31,119.6,04-01-2022,2022-11-25,active
SUB-1754,SAAS-214,modules,19,53,19-06-2023,2023-05-07,active
SUB-1755,SAAS-128,support,11,227.91,2024-09-09,2022-09-05,cancelled
SUB-1756,SAAS-15,modules,3,193,2021-04-13,2022-08-13,active
SUB-1757,SAAS-301,api,37,299,2021-12-12,2023-07-22,active
SUB-1758,SAAS-260,api,13,96,2024-07-08,04/02/2023,active
SUB-1759,SAAS-280,support,18,436,2024-03-22,2023-05-03,cancelled
SUB-1760,SAAS-326,modules,12,351.7,2023-06-15,2022-09-01,active
SUB-1761,SAAS-369,api,30,266.6,16-03-2021,02/03/2022,active
SUB-1762,SAAS-197,platform,44,162.54,2023-04-18,2021-03-20,active
SUB-1763,SAAS-304,modules,13,133.55,2024-10-23,2020-05-11,active
SUB-1764,SAAS-343,platform,40,473,2021-01-15,2021-06-19,active
SUB-1765,SAAS-104,api,26,275,2021-06-20,2020-04-15,active
SUB-1766,SAAS-141,platform,39,486.17,03-09-2022,2024-12-06,past_due
SUB-1767,SAAS-50,modules,43,201.89,2022-03-22,2021-11-05,active
SUB-1768,SAAS-364,platform,22,158.19,2020-10-23,2024-01-07,cancelled
SUB-1769,SAAS-68,platform,49,306.89,2023-11-20,03/18/2020,active
SUB-1770,SAAS-162,support,40,116,2021-08-19,11/22/2023,cancelled
SUB-1771,SAAS-379,support,3,316.44,2023-01-01,2023-10-18,active
SUB-1772,SAAS-103,api,-3,348,07-05-2022,2024-02-21,active
SUB-1773,SAAS-356,support,15,132.65,2020-12-21,2021-07-03,cancelled
SUB-1774,SAAS-223,api,12,251.82,2021-12-06,2024-07-15,active
SUB-1775,SAAS-71,platform,9,474.83,2020-05-10,27-01-2020,past_due
SUB-1776,SAAS-285,support,21,224.49,2023-10-27,2024-10-10,past_due
SUB-1777,SAAS-13,api,23,424.72,2024-11-16,06/03/2023,active
SUB-1778,SAAS-122,support,13,425.29,2020-10-26,12/26/2020,cancelled
SUB-1779,SAAS-242,api,38,121.54,12-02-2022,2022-10-17,active
SUB-1780,SAAS-15,support,13,415.04,06-02-2023,02/13/2023,cancelled
SUB-1781,SAAS-60,platform,7,88.32,2023-05-13,11/04/2022,active
SUB-1782,SAAS-165,platform,26,447.26,2020-05-14,01-12-2022,cancelled
SUB-1783,SAAS-258,support,46,222.71,04-07-2022,2021-08-02,past_due
SUB-1784,SAAS-283,api,9,453.97,2022-09-17,08/03/2020,active
SUB-1785,SAAS-263,platform,1,241.14,11-06-2020,2021-04-22,active
SUB-1786,SAAS-152,support,44,226.91,2024-02-15,01/04/2022,past_due
SUB-1787,SAAS-141,modules,33,206.63,2021-03-28,17-06-2023,active
SUB-1788,SAAS-118,api,33,366.63,2022-04-21,09/14/2020,active
SUB-1789,SAAS-308,support,44,91.75,2022-10-07,12-07-2024,active
SUB-1790,SAAS-164,modules,29,69.61,2020-06-24,2021-12-01,cancelled
SUB-1791,SAAS-356,api,15,203,21-04-2023,19-05-2021,cancelled
SUB-1792,SAAS-193,support,44,154,07-12-2021,2020-04-03,cancelled
SUB-1793,SAAS-195,api,4,154.94,04-08-2020,2023-09-11,active
SUB-1794,SAAS-21,api,17,31,2022-10-26,06-02-2022,active
SUB-1795,SAAS-140,api,5,242,2021-07-08,05/13/2023,cancelled
SUB-1796,SAAS-304,support,14,243.58,2022-04-24,06/13/2023,active
SUB-1797,SAAS-357,support,21,342.18,15-02-2022,10/17/2020,active
SUB-1798,SAAS-150,platform,40,465,2023-07-05,09/22/2021,active
SUB-1799,SAAS-223,api,29,272.75,2021-05-03,06/05/2024,past_due
SUB-1800,SAAS-86,modules,37,80,2023-06-12,2024-07-13,active
SUB-1801,SAAS-2,support,31,390,2021-02-13,2020-10-22,active
SUB-1802,SAAS-102,support,-9,63.21,2020-06-24,2021-12-01,past_due
SUB-1803,SAAS-276,support,44,485.72,2022-02-25,2023-01-11,active
SUB-1804,SAAS-286,platform,33,75,2024-01-24,2023-05-08,past_due
SUB-1805,SAAS-318,api,47,450.03,2020-01-11,2020-09-14,active
SUB-1806,SAAS-333,modules,45,84.23,2020-01-19,01-06-2022,active
SUB-1807,SAAS-297,support,50,157.5,2023-09-01,2021-10-03,active
SUB-1808,SAAS-280,api,49,393,2022-11-01,2022-09-23,active
SUB-1809,SAAS-162,support,46,400.81,2021-03-21,09/28/2021,active
SUB-1810,SAAS-255,modules,24,504.88,2021-02-11,2021-08-04,active
SUB-1811,SAAS-276,api,32,288.03,2024-06-12,2021-01-19,cancelled
SUB-1812,SAAS-32,modules,2,356.59,28-08-2021,2020-04-12,cancelled
SUB-1813,SAAS-118,api,13,373,11-10-2023,2024-12-23,active
SUB-1814,SAAS-244,modules,6,361,2022-06-10,2023-09-11,active
SUB-1815,SAAS-72,support,42,327,2023-11-11,01/28/2021,active
SUB-1816,SAAS-61,modules,1,488.92,11-09-2023,2023-12-03,past_due
SUB-1817,SAAS-168,modules,43,122.95,03-02-2022,09/15/2021,past_due
SUB-1818,SAAS-221,modules,21,263.91,26-08-2021,18-04-2023,active
SUB-1819,SAAS-294,modules,41,85.38,2020-04-11,2021-01-10,active
SUB-1820,SAAS-146,platform,29,126.81,12-11-2022,2024-10-04,active
SUB-1821,SAAS-110,support,26,108,07-09-2020,2023-01-02,active
SUB-1822,SAAS-309,api,10,261.92,09-05-2021,2022-07-09,active
SUB-1823,SAAS-185,modules,46,300,2020-02-24,2022-05-16,active
SUB-1824,SAAS-287,platform,26,422,2020-12-27,2020-10-21,past_due
SUB-1825,SAAS-56,modules,16,416.82,02-10-2020,2021-05-19,cancelled
SUB-1826,SAAS-382,support,15,221.7,2021-02-08,10-10-2022,cancelled
SUB-1827,SAAS-49,platform,35,148,07-12-2021,2021-10-24,active
SUB-1828,SAAS-370,support,50,27.96,2020-06-01,02-04-2021,active
SUB-1829,SAAS-329,support,13,192.82,23-12-2022,12-06-2022,cancelled
SUB-1830,SAAS-123,modules,32,147.27,2020-10-23,15-05-2020,past_due
SUB-1831,SAAS-323,modules,40,225.64,2024-05-12,2020-06-18,past_due
SUB-1832,SAAS-373,modules,48,422.05,2024-03-04,2024-02-03,active
SUB-1833,SAAS-24,modules,39,418.93,2020-02-18,2024-04-07,active
SUB-1834,SAAS-57,platform,29,255,19-06-2021,2020-06-10,past_due
SUB-1835,SAAS-223,modules,17,362,2021-01-09,14-12-2022,active
SUB-1836,SAAS-242,support,32,246,2024-10-01,20-03-2023,active
SUB-1837,SAAS-138,api,19,251,2022-07-12,2020-06-21,active
SUB-1838,SAAS-150,modules,35,195.36,25-06-2024,10/18/2022,active
SUB-1839,SAAS-33,support,15,294,2024-07-01,2022-04-14,cancelled
SUB-1840,SAAS-9,modules,37,391.35,2021-09-26,05-08-2024,past_due
SUB-1841,SAAS-72,modules,35,449.5,2023-09-03,07-12-2024,active
SUB-1842,SAAS-360,api,39,422.86,18-10-2022,2021-03-14,active
SUB-1843,SAAS-40,modules,37,140,13-05-2020,11/23/2020,cancelled
SUB-1844,SAAS-299,platform,2,205.65,2022-08-12,2022-02-11,active
SUB-1845,SAAS-141,modules,17,99,2023-03-26,2021-07-16,cancelled
SUB-1846,SAAS-311,api,14,341.44,2022-03-25,2020-10-04,active
SUB-1847,SAAS-389,support,46,166,2023-06-18,2023-04-04,active
SUB-1848,SAAS-192,support,49,332.29,2024-10-07,02/22/2021,active
SUB-1849,SAAS-249,platform,43,495.94,2023-03-23,2024-04-16,active
SUB-1850,SAAS-236,api,47,77.9,2023-11-26,2024-09-23,cancelled
SUB-1851,SAAS-291,support,1,101,2022-11-04,2023-12-02,active
SUB-1852,SAAS-93,support,29,345.12,07-01-2020,2022-09-13,active
SUB-1853,SAAS-302,modules,43,310,2020-05-20,2021-11-11,active
SUB-1854,SAAS-134,support,8,171,2020-08-09,2020-01-25,active
SUB-1855,SAAS-239,modules,49,185.93,23-01-2024,2021-04-11,past_due
SUB-1856,SAAS-240,platform,48,155.74,2020-05-02,2020-05-12,past_due
SUB-1857,SAAS-38,support,10,278.65,2021-05-02,10-08-2022,cancelled
SUB-1858,SAAS-43,modules,36,198.42,2023-02-25,2020-11-22,cancelled
SUB-1859,SAAS-194,api,36,369,2023-10-07,13-10-2022,active
SUB-1860,SAAS-43,api,44,26.85,13-06-2022,09/13/2022,active
SUB-1861,SAAS-353,api,29,271.98,2020-09-13,2022-02-08,active
SUB-1862,SAAS-312,support,9,144.53,2020-04-23,05/13/2023,active
SUB-1863,SAAS-102,platform,43,244,2021-12-19,2021-05-12,past_due
SUB-1864,SAAS-372,modules,33,148.93,2021-11-12,2024-07-18,active
SUB-1865,SAAS-105,support,46,184.13,2024-02-06,2023-01-05,active
SUB-1866,SAAS-25,api,37,158,2024-04-25,2021-10-18,active
SUB-1867,SAAS-336,platform,1,503.53,2023-11-02,04/10/2024,active
SUB-1868,SAAS-395,platform,19,38.9,2022-02-15,07/15/2023,active
SUB-1869,SAAS-11,platform,11,368.93,08-08-2023,2021-10-26,past_due
SUB-1870,SAAS-306,modules,13,504.83,2023-09-25,2020-08-09,active
SUB-1871,SAAS-93,modules,23,133.04,2022-10-11,2024-08-02,active
SUB-1872,SAAS-203,platform,13,232,2024-09-12,11/02/2023,active
SUB-1873,SAAS-198,platform,45,475,2020-01-27,07/10/2022,cancelled
SUB-1874,SAAS-246,modules,7,238.32,2020-03-19,2023-02-08,active
SUB-1875,SAAS-117,modules,49,76.71,2024-03-12,2020-04-10,active
SUB-1876,SAAS-204,support,48,350.42,2022-06-24,14-08-2024,past_due
SUB-1877,SAAS-276,api,17,459.12,2021-02-15,2021-08-22,cancelled
SUB-1878,SAAS-72,api,30,219.45,2023-09-02,10/18/2020,active
SUB-1879,SAAS-240,platform,47,359.86,2020-03-04,2020-08-03,past_due
SUB-1880,SAAS-266,modules,29,468.8,2020-05-17,12/19/2021,cancelled
SUB-1881,SAAS-88,api,29,76.34,2022-05-28,12/16/2022,cancelled
SUB-1882,SAAS-32,platform,46,210.72,25-12-2022,2020-06-28,active
SUB-1883,SAAS-163,api,10,491.52,2022-01-21,2022-02-23,cancelled
SUB-1884,SAAS-49,platform,27,466.51,2024-09-28,2021-11-25,active
SUB-1885,SAAS-8,platform,18,13,2020-04-22,2022-10-16,active
SUB-1886,SAAS-62,platform,50,77.41,27-03-2023,2020-03-17,active
SUB-1887,SAAS-177,modules,2,365.7,03-11-2023,2023-07-12,past_due
SUB-1888,SAAS-354,modules,30,89,2021-11-14,12/18/2024,past_due
SUB-1889,SAAS-371,api,6,253.86,2022-07-13,01/18/2021,active
SUB-1890,SAAS-143,platform,11,21.34,16-01-2024,2021-08-23,past_due
SUB-1891,SAAS-336,api,14,360.8,2021-03-03,05/27/2020,cancelled
SUB-1892,SAAS-358,api,1,219.62,14-08-2023,10/05/2021,cancelled
SUB-1893,SAAS-172,modules,49,217.19,2021-04-04,2023-07-24,cancelled
SUB-1894,SAAS-42,platform,4,23,2024-03-01,07-05-2024,past_due
SUB-1895,SAAS-239,platform,48,447,2022-09-01,06/22/2020,active
SUB-1896,SAAS-350,api,18,47,2020-04-18,10/17/2021,active
SUB-1897,SAAS-212,support,17,175.66,2021-01-09,16-10-2022,active
SUB-1898,SAAS-206,modules,34,441,2022-03-03,08-09-2020,cancelled
SUB-1899,SAAS-390,support,37,119,27-09-2023,03/25/2020,past_due
SUB-1900,SAAS-51,modules,41,180.83,2021-03-26,2023-06-06,active
SUB-1901,SAAS-355,api,12,160.44,2022-08-10,2024-01-27,active
SUB-1902,SAAS-391,platform,31,85.08,2022-07-07,2022-05-13,past_due
SUB-1903,SAAS-189,support,26,73.46,2021-02-15,09-03-2023,active
SUB-1904,SAAS-207,support,23,371,2020-09-13,2022-07-09,active
SUB-1905,SAAS-164,support,6,342,2024-11-01,2022-06-03,cancelled
SUB-1906,SAAS-230,modules,50,427.83,2020-05-15,2023-01-03,cancelled
SUB-1907,SAAS-234,api,22,334.65,2022-04-20,2020-10-16,cancelled
SUB-1908,SAAS-168,api,19,225.58,2022-08-21,2022-09-09,active
SUB-1909,SAAS-336,api,19,235.68,2023-08-26,22-07-2024,active
SUB-1910,SAAS-348,api,45,122.36,2021-12-04,12/02/2023,active
SUB-1911,SAAS-259,platform,38,404.82,2022-08-17,2023-10-14,active
SUB-1912,SAAS-6,modules,28,245.11,2024-12-25,25-06-2020,cancelled
SUB-1913,SAAS-307,modules,23,413.67,2024-06-15,04-07-2022,active
SUB-1914,SAAS-167,api,19,327,2023-05-08,2020-10-20,active
SUB-1915,SAAS-97,support,16,401,2022-11-22,2022-06-24,active
SUB-1916,SAAS-352,modules,36,312,2020-12-20,08/05/2020,active
SUB-1917,SAAS-202,platform,23,279.47,2023-09-13,2024-08-07,active
SUB-1918,SAAS-185,api,14,263,2023-09-01,2020-06-28,active
SUB-1919,SAAS-358,api,-2,199.1,2023-03-24,02/17/2023,active
SUB-1920,SAAS-240,support,7,122.75,2021-07-24,27-02-2020,active
SUB-1921,SAAS-281,support,23,486,10-11-2020,03/16/2022,past_due
SUB-1922,SAAS-348,modules,26,426.47,19-08-2022,2020-06-19,past_due
SUB-1923,SAAS-213,modules,18,442.12,2020-07-12,2023-08-16,active
SUB-1924,SAAS-59,support,41,266,2020-03-19,28-02-2022,past_due
SUB-1925,SAAS-339,modules,4,178.95,16-09-2021,2023-03-21,active
SUB-1926,SAAS-263,support,50,414,08-06-2022,05/27/2022,active
SUB-1927,SAAS-291,api,35,48.86,06-07-2022,12/22/2021,cancelled
SUB-1928,SAAS-109,support,-5,262.73,22-07-2020,2020-04-04,active
SUB-1929,SAAS-157,platform,42,486.84,2023-02-28,2024-06-16,active
SUB-1930,SAAS-130,api,49,212,2024-04-01,06/07/2021,cancelled
SUB-1931,SAAS-356,api,-6,211,2020-02-10,2022-12-20,active
SUB-1932,SAAS-144,api,17,180,2021-05-22,2023-11-23,active
SUB-1933,SAAS-260,support,21,498.36,2021-04-16,2024-11-17,active
SUB-1934,SAAS-61,platform,4,301,2020-05-06,2023-05-20,past_due
SUB-1935,SAAS-21,modules,20,433.76,01-10-2021,2023-03-14,active
SUB-1936,SAAS-16,modules,15,316.93,2023-06-19,02-04-2023,active
SUB-1937,SAAS-188,api,22,272,2022-01-26,2023-05-16,active
SUB-1938,SAAS-201,support,36,509.36,2020-12-23,2021-03-14,active
SUB-1939,SAAS-7,platform,45,256.35,2020-05-20,2022-04-03,active
SUB-1940,SAAS-127,support,7,395,24-12-2021,17-05-2022,active
SUB-1941,SAAS-48,modules,6,330.45,28-04-2020,08/02/2023,past_due
SUB-1942,SAAS-392,platform,25,102,11-09-2024,2022-02-11,active
SUB-1943,SAAS-246,modules,1,165.71,2023-08-13,2024-01-08,active
SUB-1944,SAAS-211,api,45,176.62,2024-01-11,07/27/2021,active
SUB-1945,SAAS-164,api,24,33,12-08-2020,2020-04-17,active
SUB-1946,SAAS-140,modules,31,48.46,2021-12-22,10/16/2023,active
SUB-1947,SAAS-283,support,45,123.75,26-12-2022,2023-10-20,active
SUB-1948,SAAS-307,support,29,21.03,2024-04-16,01-02-2021,active
SUB-1949,SAAS-264,support,5,151.98,2023-05-26,2023-12-21,active
SUB-1950,SAAS-140,modules,15,457.62,27-07-2024,2020-01-10,cancelled
SUB-1951,SAAS-8,modules,38,267,2022-09-08,28-01-2024,active
SUB-1952,SAAS-29,platform,35,410.22,2023-11-01,2023-03-19,past_due
SUB-1953,SAAS-383,platform,12,68.01,2024-09-04,2024-06-03,active
SUB-1954,SAAS-26,api,32,197.44,2024-04-05,2024-08-28,cancelled
SUB-1955,SAAS-100,modules,26,486.39,2022-07-04,2024-09-10,cancelled
SUB-1956,SAAS-47,api,-8,160.88,2021-12-22,2021-03-01,active
SUB-1957,SAAS-234,platform,39,238.21,2020-11-28,2022-07-22,cancelled
SUB-1958,SAAS-372,platform,24,477.81,2020-08-01,12-10-2024,active
SUB-1959,SAAS-115,modules,19,32.18,2020-12-15,14-01-2023,active
SUB-1960,SAAS-259,support,19,437.98,2021-09-21,09/12/2020,cancelled
SUB-1961,SAAS-83,support,-5,298.86,2020-01-15,18-07-2022,past_due
SUB-1962,SAAS-378,api,5,147,2020-11-22,2022-10-16,active
SUB-1963,SAAS-142,api,20,68.62,2021-02-22,2022-07-27,active
SUB-1964,SAAS-99,modules,8,252.01,2022-08-25,2020-11-11,active
SUB-1965,SAAS-339,support,6,109.83,2024-06-04,2021-11-28,active
SUB-1966,SAAS-351,api,7,376.14,2024-04-19,2020-07-06,cancelled
SUB-1967,SAAS-28,platform,45,79.77,19-08-2020,2024-07-03,active
SUB-1968,SAAS-100,support,-2,15,2020-11-07,06/16/2020,cancelled
SUB-1969,SAAS-228,support,40,107.81,2023-10-09,2022-10-04,active
SUB-1970,SAAS-197,modules,28,441,03-12-2021,2023-10-11,active
SUB-1971,SAAS-25,modules,3,289,2020-03-16,2021-08-18,active
SUB-1972,SAAS-347,modules,3,77.59,2020-08-06,2022-03-25,active
SUB-1973,SAAS-206,platform,33,330.63,2022-04-24,2024-02-17,cancelled
SUB-1974,SAAS-68,support,8,452.53,2022-02-19,2024-12-25,past_due
SUB-1975,SAAS-186,api,21,268,2021-08-22,2020-01-26,active
SUB-1976,SAAS-210,api,24,391.31,03-07-2020,06/11/2020,active
SUB-1977,SAAS-98,modules,47,225.47,2022-05-06,03-11-2022,active
SUB-1978,SAAS-40,modules,29,95.7,2023-05-02,01/14/2023,active
SUB-1979,SAAS-317,modules,12,76.21,2020-07-15,08/18/2020,active
SUB-1980,SAAS-228,modules,7,446,2024-02-28,2020-03-08,active
SUB-1981,SAAS-257,api,8,454,2022-09-19,2021-03-17,past_due
SUB-1982,SAAS-178,platform,3,503,2024-07-19,2023-06-18,active
SUB-1983,SAAS-255,api,32,246,2021-05-09,2021-08-17,active
SUB-1984,SAAS-72,platform,6,251.39,2023-04-28,2023-05-24,cancelled
SUB-1985,SAAS-293,api,18,231.47,2022-03-27,2021-02-23,active
SUB-1986,SAAS-332,api,2,233,2023-04-16,09/19/2021,active
SUB-1987,SAAS-160,platform,43,454,2021-11-22,2024-01-08,active
SUB-1988,SAAS-353,platform,38,150.49,23-05-2020,2021-04-23,past_due
SUB-1989,SAAS-175,platform,24,267.15,2022-04-02,15-01-2024,active
SUB-1990,SAAS-376,support,38,470.15,2020-04-24,06/14/2020,active
SUB-1991,SAAS-217,api,-1,48,2023-08-23,05/08/2024,active
SUB-1992,SAAS-155,support,10,247,2023-09-22,2021-09-10,active
SUB-1993,SAAS-330,modules,16,436,2023-04-13,2020-10-10,cancelled
SUB-1994,SAAS-323,api,10,480.54,2022-06-21,2023-07-06,active
SUB-1995,SAAS-240,modules,35,79.48,26-01-2020,2023-02-22,past_due
SUB-1996,SAAS-234,modules,8,237.6,2020-10-08,09/16/2021,cancelled
SUB-1997,SAAS-386,modules,44,109.81,2024-06-18,06-05-2021,past_due
SUB-1998,SAAS-393,api,5,230,2023-09-15,2022-04-12,cancelled
SUB-1999,SAAS-157,platform,1,227.96,18-12-2024,21-08-2021,active
SUB-2000,SAAS-397,platform,43,201.89,2021-06-08,07/23/2023,active
SUB-2001,SAAS-379,api,7,483,2023-07-09,2020-08-22,past_due
SUB-2002,SAAS-58,platform,9,284.7,2023-12-15,2024-01-27,cancelled
SUB-2003,SAAS-21,support,23,162,2021-11-05,07/08/2020,active
SUB-2004,SAAS-310,support,40,161,2021-05-26,09/16/2022,active
SUB-2005,SAAS-389,api,28,193.47,2024-05-15,02/01/2023,active
SUB-2006,SAAS-285,platform,31,57.21,2020-01-21,12/15/2022,past_due
SUB-2007,SAAS-187,modules,14,388,2023-10-26,2023-12-17,active
SUB-2008,SAAS-215,api,42,52.6,2021-11-27,2022-11-22,cancelled
SUB-2009,SAAS-375,modules,22,385.35,2024-12-07,2023-03-03,past_due
SUB-2010,SAAS-355,platform,14,168,2021-02-25,26-11-2020,past_due
SUB-2011,SAAS-100,platform,-5,314.23,2024-08-12,2022-10-04,active
SUB-2012,SAAS-228,api,27,456.46,2021-11-06,09/07/2022,active
SUB-2013,SAAS-15,support,10,492.14,2021-06-19,07/19/2021,active
SUB-2014,SAAS-313,platform,42,268.8,2023-11-02,2024-03-08,cancelled
SUB-2015,SAAS-279,platform,39,388.98,2021-06-17,23-10-2023,active
SUB-2016,SAAS-397,modules,4,97.78,2021-07-06,17-01-2023,active
SUB-2017,SAAS-143,platform,31,41.14,2024-10-26,2024-04-15,active
SUB-2018,SAAS-242,modules,37,148.37,2020-01-25,2024-07-27,active
SUB-2019,SAAS-70,api,26,95.72,2021-04-24,21-08-2021,past_due
SUB-2020,SAAS-164,modules,49,171,2020-08-26,08-12-2024,active
SUB-2021,SAAS-174,api,30,454.18,16-09-2020,12/05/2021,active
SUB-2022,SAAS-117,platform,48,378,2024-09-28,2020-02-21,active
SUB-2023,SAAS-118,modules,16,81.79,2022-12-16,18-05-2021,active
SUB-2024,SAAS-54,api,26,65,2022-04-25,2021-05-18,active
SUB-2025,SAAS-172,modules,50,376.44,2023-05-17,01/25/2023,active
SUB-2026,SAAS-260,support,45,210.81,2024-03-06,03/23/2023,active
SUB-2027,SAAS-84,support,47,10.66,2020-11-18,09-08-2020,active
SUB-2028,SAAS-10,api,48,451.27,2024-01-06,02/05/2023,active
SUB-2029,SAAS-313,api,27,381.8,2021-09-04,05/24/2022,cancelled
SUB-2030,SAAS-137,support,46,26,2024-04-02,2023-03-13,active
SUB-2031,SAAS-317,platform,28,428.8,28-08-2020,2022-03-25,active
SUB-2032,SAAS-203,api,35,142.58,2024-06-21,13-01-2021,cancelled
SUB-2033,SAAS-247,support,41,433.13,27-08-2023,26-01-2020,active
SUB-2034,SAAS-40,platform,31,256.53,2021-08-27,2023-08-01,active
SUB-2035,SAAS-43,platform,47,68,2024-08-23,17-08-2024,active
SUB-2036,SAAS-149,modules,7,76.81,2022-08-19,2021-12-28,active
SUB-2037,SAAS-233,api,47,229.17,13-08-2022,2022-11-22,past_due
SUB-2038,SAAS-102,support,27,72,02-10-2023,2021-06-24,active
SUB-2039,SAAS-178,platform,40,237.53,2020-02-18,2023-02-03,active
SUB-2040,SAAS-298,support,16,507,19-05-2024,2022-08-15,past_due
SUB-2041,SAAS-333,api,7,169.98,2024-03-24,18-01-2020,past_due
SUB-2042,SAAS-234,support,37,376.31,2024-11-08,12/16/2023,active
SUB-2043,SAAS-166,platform,2,292.7,2023-06-01,2020-05-11,cancelled
SUB-2044,SAAS-320,modules,22,113.28,07-12-2020,2022-12-22,active
SUB-2045,SAAS-4,api,50,23.39,2024-02-07,2024-05-21,active
SUB-2046,SAAS-91,platform,-6,398,2024-09-18,2020-12-12,active
SUB-2047,SAAS-271,platform,23,457,2023-06-24,2021-02-28,cancelled
SUB-2048,SAAS-210,api,18,308.63,2023-05-15,2024-09-22,active
SUB-2049,SAAS-103,api,-7,396.88,2023-12-09,13-06-2020,active
SUB-2050,SAAS-31,support,34,21.73,2023-06-12,23-06-2024,active
SUB-2051,SAAS-311,platform,6,383,20-10-2022,2023-12-19,active
SUB-2052,SAAS-393,support,-8,323,2022-08-11,23-04-2024,cancelled
SUB-2053,SAAS-93,modules,3,195.51,2023-03-17,18-10-2020,active
SUB-2054,SAAS-186,modules,37,237.83,2021-04-05,2020-12-15,past_due
SUB-2055,SAAS-381,support,13,136.83,2021-05-24,2021-04-20,active
SUB-2056,SAAS-178,modules,9,463.01,2020-05-27,17-08-2023,active
SUB-2057,SAAS-399,platform,36,162,2021-09-20,2020-03-05,active
SUB-2058,SAAS-39,support,32,135.77,2022-03-25,04/04/2021,active
SUB-2059,SAAS-235,modules,17,405,2024-04-19,2021-10-03,active
SUB-2060,SAAS-219,support,36,250.32,24-12-2024,10/07/2023,cancelled
SUB-2061,SAAS-54,platform,35,72.62,15-04-2023,2024-11-15,active
SUB-2062,SAAS-302,platform,34,186,2023-12-10,2020-05-09,past_due
SUB-2063,SAAS-266,api,38,67,2022-08-25,02/12/2023,active
SUB-2064,SAAS-163,modules,49,467.3,2021-09-10,2023-10-07,cancelled
SUB-2065,SAAS-262,api,46,327.91,2020-12-08,2024-01-10,active
SUB-2066,SAAS-339,support,30,79,2024-07-05,06/05/2023,active
SUB-2067,SAAS-19,api,8,165.84,12-01-2022,2021-03-13,cancelled
SUB-2068,SAAS-21,platform,24,116.82,2020-08-27,2021-09-03,past_due
SUB-2069,SAAS-62,api,44,351,2023-06-18,09/28/2023,active
SUB-2070,SAAS-367,modules,5,322,2020-10-06,01-06-2020,cancelled
SUB-2071,SAAS-80,platform,35,500.02,2021-10-17,03/28/2024,active
SUB-2072,SAAS-264,api,46,377.4,2021-09-23,14-11-2023,cancelled
SUB-2073,SAAS-258,support,42,459,2020-04-08,05-11-2024,active
SUB-2074,SAAS-8,api,32,247.7,22-10-2024,10-12-2024,active
SUB-2075,SAAS-78,support,6,326,28-05-2022,09/09/2021,cancelled
SUB-2076,SAAS-94,api,-3,407.37,22-08-2020,10-08-2020,active
SUB-2077,SAAS-256,api,40,334.12,2022-12-27,01-03-2023,past_due
SUB-2078,SAAS-188,api,38,62,05-10-2021,24-03-2024,active
SUB-2079,SAAS-288,platform,47,485.54,2023-08-03,2024-01-27,active
SUB-2080,SAAS-32,api,10,86.15,01-03-2024,25-07-2021,past_due
SUB-2081,SAAS-386,platform,39,434,2024-06-08,2024-06-03,active
SUB-2082,SAAS-259,api,9,352.27,2020-05-15,2024-04-17,cancelled
SUB-2083,SAAS-361,support,13,412,2021-01-02,04/04/2024,past_due
SUB-2084,SAAS-125,platform,13,277.93,2021-01-18,04/13/2023,active
SUB-2085,SAAS-252,platform,14,263.45,2021-08-23,07/01/2020,active
SUB-2086,SAAS-293,platform,37,305,2020-12-23,2022-02-02,past_due
SUB-2087,SAAS-301,platform,43,263.49,2024-11-25,2023-11-20,past_due
SUB-2088,SAAS-126,support,16,257.6,2024-01-15,2020-03-17,cancelled
SUB-2089,SAAS-307,api,13,312.62,2022-10-20,2023-11-27,past_due
SUB-2090,SAAS-177,modules,44,351,2022-08-03,2022-06-01,active
SUB-2091,SAAS-137,platform,1,70.76,2024-09-17,2020-11-27,active
SUB-2092,SAAS-272,api,50,434.61,25-01-2021,18-02-2020,active
SUB-2093,SAAS-290,api,35,348,2022-12-21,2022-04-04,past_due
SUB-2094,SAAS-400,platform,27,236.86,2021-01-14,26-04-2021,active
SUB-2095,SAAS-307,modules,-2,439.59,2022-10-21,02/18/2020,active
SUB-2096,SAAS-31,modules,29,219,2020-10-27,2024-01-13,active
SUB-2097,SAAS-356,api,20,458.4,2022-07-17,2021-05-18,cancelled
SUB-2098,SAAS-139,support,45,334.6,04-05-2022,2023-05-12,active
SUB-2099,SAAS-251,modules,40,357.33,2022-10-03,06/11/2021,active
SUB-2100,SAAS-249,platform,34,47.71,2023-02-23,22-12-2021,active
SUB-2101,SAAS-342,modules,24,191.01,2021-11-26,2023-08-10,active
SUB-2102,SAAS-28,modules,13,352.52,06-08-2023,02/06/2020,cancelled
SUB-2103,SAAS-116,support,49,30.21,2021-12-24,2021-10-15,past_due
SUB-2104,SAAS-263,support,8,429.71,2024-08-28,2021-06-16,active
SUB-2105,SAAS-44,support,36,37,2020-12-25,2022-07-12,cancelled
SUB-2106,SAAS-33,modules,15,404,19-05-2020,01/03/2022,active
SUB-2107,SAAS-76,support,36,362,01-05-2023,2024-07-22,active
SUB-2108,SAAS-368,platform,6,125.47,2023-01-01,2022-11-24,active
SUB-2109,SAAS-133,support,28,46.16,2022-12-09,26-12-2021,active
SUB-2110,SAAS-186,api,31,496.31,2022-05-10,19-11-2020,cancelled
SUB-2111,SAAS-61,support,20,254.5,2022-09-20,09/23/2020,active
SUB-2112,SAAS-117,modules,41,226.63,2023-05-10,06/04/2023,active
SUB-2113,SAAS-368,modules,8,187.98,2024-03-28,06-05-2023,active
SUB-2114,SAAS-400,api,42,354.1,2024-10-26,06-09-2021,past_due
SUB-2115,SAAS-102,modules,49,209.94,2022-12-05,11-06-2023,active
SUB-2116,SAAS-38,support,23,500,2021-05-07,04/06/2022,active
SUB-2117,SAAS-372,platform,20,386.06,2020-04-28,2020-06-05,past_due
SUB-2118,SAAS-89,modules,-1,103.9,2024-11-16,2024-03-20,active
SUB-2119,SAAS-42,modules,48,207.79,2020-04-12,2024-07-07,active
SUB-2120,SAAS-133,api,43,349.26,2024-11-09,07-01-2020,cancelled
SUB-2121,SAAS-101,modules,34,206.14,2024-10-03,05-06-2023,cancelled
SUB-2122,SAAS-62,platform,12,490,08-10-2022,09/24/2023,active
SUB-2123,SAAS-392,api,41,58.77,19-06-2020,05/09/2024,cancelled
SUB-2124,SAAS-60,support,14,316.56,12-05-2022,2024-12-19,cancelled
SUB-2125,SAAS-190,api,49,53.12,2020-08-15,2023-05-27,past_due
SUB-2126,SAAS-182,platform,37,471.47,12-05-2020,01-08-2023,cancelled
SUB-2127,SAAS-215,api,43,44,2021-02-09,06/25/2024,active
SUB-2128,SAAS-21,api,-1,336.05,2023-09-01,2024-09-11,cancelled
SUB-2129,SAAS-101,platform,35,390.67,2022-05-17,2020-02-25,active
SUB-2130,SAAS-263,api,24,342.96,2021-03-20,2020-09-06,past_due
SUB-2131,SAAS-198,platform,4,445,2022-10-28,2022-09-27,active
SUB-2132,SAAS-386,platform,25,415.93,2022-06-12,13-12-2020,active
SUB-2133,SAAS-299,api,44,53.15,2022-05-24,08/24/2022,active
SUB-2134,SAAS-375,api,45,35.01,2023-08-03,20-11-2022,active
SUB-2135,SAAS-261,platform,16,209.7,2024-07-12,2021-08-03,active
SUB-2136,SAAS-53,api,26,77.56,2024-10-10,2021-06-20,past_due
SUB-2137,SAAS-245,platform,39,318,2020-06-23,2021-09-07,active
SUB-2138,SAAS-250,modules,-7,403.24,03-03-2024,2020-07-06,active
SUB-2139,SAAS-222,modules,-6,91,2020-09-12,07/07/2024,past_due
SUB-2140,SAAS-186,platform,38,131,2020-12-13,01/26/2024,cancelled
SUB-2141,SAAS-317,support,9,330.88,2024-06-13,2020-08-06,active
SUB-2142,SAAS-28,modules,25,89.53,2020-08-17,24-07-2023,active
SUB-2143,SAAS-178,platform,15,493.4,2024-05-02,2023-04-16,cancelled
SUB-2144,SAAS-311,support,28,38.59,2022-03-05,03/14/2022,past_due
SUB-2145,SAAS-330,modules,35,73.26,2024-01-18,2023-09-03,past_due
SUB-2146,SAAS-178,support,7,108.63,2022-10-21,02/05/2020,active
SUB-2147,SAAS-254,modules,23,270.38,22-07-2024,2023-07-16,cancelled
SUB-2148,SAAS-93,modules,28,192,2021-05-22,2023-07-02,active
SUB-2149,SAAS-255,platform,33,450,2024-02-10,07/24/2021,active
SUB-2150,SAAS-262,platform,50,257.96,2021-08-13,08-10-2020,active
SUB-2151,SAAS-98,support,41,389,2021-09-11,2024-02-09,active
SUB-2152,SAAS-13,platform,46,57.99,2021-09-28,2022-11-18,active
SUB-2153,SAAS-221,platform,5,257.49,2021-10-11,2022-05-07,active
SUB-2154,SAAS-65,modules,18,156.84,2024-10-13,06/05/2023,active
SUB-2155,SAAS-28,platform,19,186.53,2023-12-09,2022-12-09,active
SUB-2156,SAAS-394,modules,47,408.11,2023-04-27,2022-01-25,active
SUB-2157,SAAS-148,platform,48,75,2020-02-24,2022-11-27,active
SUB-2158,SAAS-263,support,10,228.79,2020-05-12,02/10/2022,cancelled
SUB-2159,SAAS-331,support,17,363,11-04-2023,2023-05-04,active
SUB-2160,SAAS-63,support,-9,22.69,16-03-2022,04/12/2022,active
SUB-2161,SAAS-24,modules,40,359,2023-04-21,11/28/2022,cancelled
SUB-2162,SAAS-140,api,29,318.86,10-07-2021,16-09-2022,active
SUB-2163,SAAS-69,modules,32,227,2023-04-09,19-07-2021,past_due
SUB-2164,SAAS-141,platform,22,177.44,2021-07-19,2022-02-18,active
SUB-2165,SAAS-221,modules,20,318.73,25-05-2024,27-10-2021,active
SUB-2166,SAAS-241,support,17,264,2024-12-13,07-06-2022,active
SUB-2167,SAAS-281,modules,38,394,2020-09-19,05/07/2020,active
SUB-2168,SAAS-98,api,23,129.16,2024-05-14,2022-12-12,active
SUB-2169,SAAS-280,platform,11,44.95,11-05-2024,12/26/2023,active
SUB-2170,SAAS-357,api,-1,427,2020-03-10,2020-02-27,cancelled
SUB-2171,SAAS-125,modules,39,58.74,2022-10-27,23-09-2024,active
SUB-2172,SAAS-204,modules,27,403.02,2021-08-27,25-08-2024,active
SUB-2173,SAAS-244,support,1,287.39,19-11-2022,17-12-2021,cancelled
SUB-2174,SAAS-320,support,22,439.55,2020-10-15,2021-12-23,past_due
SUB-2175,SAAS-309,api,34,507,2024-01-14,2020-06-25,active
SUB-2176,SAAS-311,modules,12,378.24,2024-06-10,2022-07-15,active
SUB-2177,SAAS-263,modules,37,99,2020-03-09,06/26/2024,past_due
SUB-2178,SAAS-368,modules,18,227.15,26-09-2022,2021-03-04,active
SUB-2179,SAAS-277,support,15,227.89,09-05-2022,2020-08-11,active
SUB-2180,SAAS-212,api,18,483.14,2024-04-04,04/22/2021,cancelled
SUB-2181,SAAS-242,support,5,409.73,2020-11-08,11/07/2021,active
SUB-2182,SAAS-387,support,46,20,2024-08-19,2024-01-01,active
SUB-2183,SAAS-241,modules,45,404.91,2020-02-14,2022-10-13,cancelled
SUB-2184,SAAS-316,platform,18,299,01-11-2020,2020-06-07,past_due
SUB-2185,SAAS-312,modules,21,435,2020-07-15,08/07/2024,active
SUB-2186,SAAS-118,platform,13,152.36,2023-04-20,05/13/2024,cancelled
SUB-2187,SAAS-383,platform,34,59.87,04-03-2021,03/08/2021,past_due
SUB-2188,SAAS-299,support,33,157,2022-02-28,07/07/2021,active
SUB-2189,SAAS-22,platform,48,47.22,2022-07-07,2021-10-04,past_due
SUB-2190,SAAS-131,modules,40,421.07,2024-10-16,01-05-2021,active
SUB-2191,SAAS-106,platform,10,507.21,2020-01-12,2021-06-11,active
SUB-2192,SAAS-326,api,19,130.25,2022-12-17,23-01-2023,active
SUB-2193,SAAS-124,api,26,115.63,2020-07-24,10/07/2021,active
SUB-2194,SAAS-375,support,32,228.67,2024-09-02,08/13/2022,past_due
SUB-2195,SAAS-310,api,40,208,27-09-2020,12/12/2022,active
SUB-2196,SAAS-399,platform,4,46.52,21-04-2022,12/21/2024,active
SUB-2197,SAAS-211,support,48,215.24,2022-07-13,03-11-2020,active
SUB-2198,SAAS-25,platform,25,60.45,05-02-2022,2022-01-28,active
SUB-2199,SAAS-89,platform,50,410.82,2024-05-21,12/03/2022,active
SUB-2200,SAAS-279,modules,-8,383.27,2024-04-28,2022-04-12,active
SUB-2201,SAAS-258,support,20,473.17,2024-06-12,2021-01-11,active
SUB-2202,SAAS-316,api,11,104.28,2020-03-03,24-08-2023,active
SUB-2203,SAAS-22,modules,6,78,2020-06-16,2020-06-22,active
SUB-2204,SAAS-385,api,18,497.05,2022-12-16,2023-03-17,cancelled
SUB-2205,SAAS-176,support,6,506,2023-05-14,2021-07-14,active
SUB-2206,SAAS-400,api,46,116.36,2022-08-14,11-06-2020,active
SUB-2207,SAAS-388,api,33,80.23,2023-09-11,08/21/2023,active
SUB-2208,SAAS-139,modules,46,391.2,2023-02-02,2020-07-17,active
SUB-2209,SAAS-13,modules,45,397.13,2023-03-21,04/04/2020,active
SUB-2210,SAAS-184,api,47,169.98,2020-06-24,07/17/2023,active
SUB-2211,SAAS-276,support,43,68.93,2022-10-27,2022-04-13,active
SUB-2212,SAAS-352,support,42,68.1,2020-10-27,13-12-2024,cancelled
SUB-2213,SAAS-314,support,46,421,2020-02-03,2022-08-23,active
SUB-2214,SAAS-91,platform,35,414,2021-06-25,01/02/2021,active
SUB-2215,SAAS-326,api,33,337.29,23-02-2021,2021-07-09,past_due
SUB-2216,SAAS-287,modules,12,129.09,2021-02-26,04-05-2024,active
SUB-2217,SAAS-41,support,43,138,2020-05-05,2023-06-17,cancelled
SUB-2218,SAAS-345,platform,40,199.5,25-07-2024,2022-11-13,active
SUB-2219,SAAS-37,support,39,458.36,2022-08-16,2020-01-22,past_due
SUB-2220,SAAS-60,api,12,434.76,2020-08-13,2022-06-18,past_due
SUB-2221,SAAS-160,modules,37,104.28,2020-02-07,09/18/2023,past_due
SUB-2222,SAAS-100,platform,-4,110,2022-02-28,2021-12-25,past_due
SUB-2223,SAAS-198,modules,43,23.58,2023-02-27,2022-04-19,active
SUB-2224,SAAS-87,support,35,92.87,2021-12-18,2021-07-25,active
SUB-2225,SAAS-269,api,27,174.78,2022-09-05,2021-12-05,active
SUB-2226,SAAS-72,platform,27,189,2020-05-13,22-07-2023,cancelled
SUB-2227,SAAS-26,api,32,252.86,2021-11-01,06/18/2021,active
SUB-2228,SAAS-101,modules,10,240.7,2024-06-03,09-02-2022,past_due
SUB-2229,SAAS-328,api,6,173.6,2024-12-22,21-11-2024,active
SUB-2230,SAAS-136,modules,25,457,2020-03-04,2022-07-08,active
SUB-2231,SAAS-312,modules,-8,394.98,2024-06-08,10/24/2020,active
SUB-2232,SAAS-185,modules,17,232,2020-07-03,2021-12-22,active
SUB-2233,SAAS-71,platform,47,337.6,2024-06-07,2021-12-04,cancelled
SUB-2234,SAAS-149,platform,38,319,2022-03-03,06/04/2021,active
SUB-2235,SAAS-360,api,14,329.09,2024-02-10,2022-09-12,cancelled
SUB-2236,SAAS-11,modules,41,380.69,11-11-2024,2021-02-15,active
SUB-2237,SAAS-315,support,49,12,2024-08-09,12-06-2022,past_due
SUB-2238,SAAS-301,platform,18,281.31,2021-05-08,16-05-2021,cancelled
SUB-2239,SAAS-323,support,42,259.58,2022-05-27,24-11-2021,past_due
SUB-2240,SAAS-133,api,35,264.12,2024-12-04,07/23/2022,active
SUB-2241,SAAS-257,support,34,247,2020-08-12,06-07-2022,past_due
SUB-2242,SAAS-292,api,43,303.28,2022-10-25,2021-03-03,past_due
SUB-2243,SAAS-130,modules,50,171.33,2022-08-04,07-05-2024,active
SUB-2244,SAAS-369,platform,36,246.8,20-12-2023,13-05-2022,past_due
SUB-2245,SAAS-343,api,23,219.67,2022-11-20,2024-06-16,cancelled
SUB-2246,SAAS-110,api,19,300.03,2023-06-03,2022-06-28,cancelled
SUB-2247,SAAS-284,modules,33,415.96,2020-04-23,21-12-2024,active
SUB-2248,SAAS-399,api,2,383,2022-06-17,2022-11-13,active
SUB-2249,SAAS-303,modules,35,299.74,2021-09-08,11-10-2021,past_due
SUB-2250,SAAS-243,modules,1,311,2020-05-24,2024-02-18,active
SUB-2251,SAAS-289,support,12,101.08,2022-05-27,04/14/2020,active
SUB-2252,SAAS-23,modules,22,187.2,2024-12-21,2023-06-08,active
SUB-2253,SAAS-151,api,46,212.59,26-04-2024,2020-05-15,cancelled
SUB-2254,SAAS-153,support,15,171.49,2024-12-05,2023-04-25,past_due
SUB-2255,SAAS-290,api,13,155.91,05-10-2024,19-04-2022,active
SUB-2256,SAAS-248,modules,39,107,07-04-2024,2022-11-20,cancelled
SUB-2257,SAAS-240,support,47,221.58,01-12-2021,2020-02-06,active
SUB-2258,SAAS-230,platform,47,471.71,2021-04-27,2024-06-06,active
SUB-2259,SAAS-368,api,48,268.03,2023-04-05,09/10/2020,active
SUB-2260,SAAS-49,support,50,349.94,2020-10-24,17-03-2024,active
SUB-2261,SAAS-306,support,7,205.54,10-02-2024,14-12-2024,cancelled
SUB-2262,SAAS-315,platform,8,291,2022-08-03,2024-03-20,active
SUB-2263,SAAS-59,support,44,165.24,2020-01-09,2022-12-19,active
SUB-2264,SAAS-296,support,4,132,2020-10-13,2021-07-07,active
SUB-2265,SAAS-64,modules,39,310,2022-07-10,2021-08-15,past_due
SUB-2266,SAAS-91,platform,-7,43.58,2020-09-05,01/02/2023,active
SUB-2267,SAAS-256,platform,33,209.97,12-02-2024,2021-07-03,active
SUB-2268,SAAS-29,api,7,96.97,19-01-2022,12/25/2023,past_due
SUB-2269,SAAS-318,platform,19,281.16,09-07-2021,2021-06-12,active
SUB-2270,SAAS-187,api,46,468.33,2022-11-09,16-09-2020,past_due
SUB-2271,SAAS-387,modules,45,43.36,2022-03-21,2021-07-10,active
SUB-2272,SAAS-89,modules,28,491,2023-05-19,10/20/2020,active
SUB-2273,SAAS-214,platform,23,346,27-04-2024,06/06/2020,active
SUB-2274,SAAS-310,support,45,302,2024-03-22,2021-01-02,active
SUB-2275,SAAS-241,modules,10,17.15,2020-04-09,2023-11-13,active
SUB-2276,SAAS-283,modules,32,75.18,2024-02-20,25-12-2021,past_due
SUB-2277,SAAS-167,platform,3,359,2020-12-22,01-12-2020,active
SUB-2278,SAAS-395,api,38,324.15,2023-11-06,12-02-2024,active
SUB-2279,SAAS-216,platform,28,44.99,2023-12-09,11/23/2022,active
SUB-2280,SAAS-269,support,27,208.41,2020-12-05,10/13/2023,active
SUB-2281,SAAS-390,support,15,500,2024-02-15,2023-04-10,active
SUB-2282,SAAS-313,modules,7,480.6,2021-11-20,16-12-2024,active
SUB-2283,SAAS-52,modules,19,494.84,2022-06-13,15-07-2022,active
SUB-2284,SAAS-382,support,39,200,2023-12-20,2022-08-10,cancelled
SUB-2285,SAAS-113,api,5,290.66,2024-12-28,22-01-2020,cancelled
SUB-2286,SAAS-114,platform,19,63.32,02-11-2023,05/16/2021,active
SUB-2287,SAAS-366,support,28,294,2023-02-12,2024-08-02,active
SUB-2288,SAAS-352,api,13,306,2020-08-26,06/24/2022,active
SUB-2289,SAAS-393,support,47,188.97,12-03-2021,02/07/2024,active
SUB-2290,SAAS-197,platform,31,163.18,2023-01-04,08-10-2020,active
SUB-2291,SAAS-174,platform,29,301.77,2023-09-03,06/15/2023,active
SUB-2292,SAAS-241,api,14,50.2,02-04-2021,2023-10-04,active
SUB-2293,SAAS-288,modules,17,32,2024-10-05,2021-09-23,past_due
SUB-2294,SAAS-213,support,46,66.17,2023-03-01,2023-02-15,cancelled
SUB-2295,SAAS-110,support,44,122.41,2021-07-25,2022-02-20,cancelled
SUB-2296,SAAS-199,support,15,253.5,01-01-2022,06/03/2021,active
SUB-2297,SAAS-292,platform,39,80.4,2024-08-10,2021-06-14,active
SUB-2298,SAAS-272,modules,49,144.61,28-07-2021,06/25/2020,active
SUB-2299,SAAS-232,platform,48,316.97,2020-07-16,04-04-2023,cancelled
SUB-2300,SAAS-347,support,2,446.34,2020-02-16,2022-05-12,active
SUB-2301,SAAS-361,support,5,208.04,2023-12-02,2022-03-26,active
SUB-2302,SAAS-221,modules,8,408.91,2020-06-14,12/20/2023,active
SUB-2303,SAAS-156,api,2,482.68,2020-07-21,22-08-2024,active
SUB-2304,SAAS-357,platform,47,90.97,2020-09-25,2020-04-12,cancelled
SUB-2305,SAAS-250,support,49,244.38,2023-10-21,11/08/2024,past_due
SUB-2306,SAAS-385,platform,-1,467.29,11-05-2022,20-05-2021,past_due
SUB-2307,SAAS-221,platform,12,267.12,2022-07-10,18-06-2021,active
SUB-2308,SAAS-347,api,32,72.68,15-06-2022,2020-07-17,active
SUB-2309,SAAS-9,support,30,345.67,2022-03-07,2024-02-11,cancelled
SUB-2310,SAAS-82,modules,2,486,04-12-2024,2022-06-02,cancelled
SUB-2311,SAAS-165,platform,49,13.36,2021-06-04,02-04-2023,cancelled
SUB-2312,SAAS-400,support,3,85.69,2022-11-10,2020-11-18,past_due
SUB-2313,SAAS-344,platform,13,104.65,24-04-2021,2021-01-10,past_due
SUB-2314,SAAS-277,modules,28,429.4,2020-04-25,07/19/2021,active
SUB-2315,SAAS-128,platform,45,87.71,2023-09-24,2021-08-15,active
SUB-2316,SAAS-181,platform,1,270,10-07-2020,2024-05-13,cancelled
SUB-2317,SAAS-15,modules,33,86,2021-02-12,07/25/2022,past_due
SUB-2318,SAAS-25,modules,38,109,28-09-2020,2020-01-28,active
SUB-2319,SAAS-320,modules,45,170.91,2024-08-02,07/10/2022,active
SUB-2320,SAAS-177,support,46,413.68,2021-05-02,2021-12-04,past_due
SUB-2321,SAAS-87,api,41,131,2021-06-19,05/24/2021,past_due
SUB-2322,SAAS-336,platform,21,357.45,2022-09-19,05/27/2022,active
SUB-2323,SAAS-271,api,35,508.17,2023-12-04,2022-07-21,past_due
SUB-2324,SAAS-241,api,17,351.09,2020-04-08,04/06/2020,past_due
SUB-2325,SAAS-331,modules,6,167,2020-05-15,2022-07-01,past_due
SUB-2326,SAAS-350,modules,26,59,2022-07-27,2024-05-05,past_due
SUB-2327,SAAS-123,support,4,280.21,2020-07-06,2020-05-13,cancelled
SUB-2328,SAAS-61,api,46,263,2021-01-28,12/23/2020,active
SUB-2329,SAAS-104,modules,50,316,2020-10-22,2022-05-05,cancelled
SUB-2330,SAAS-346,platform,32,468.04,2023-08-14,2024-10-21,past_due
SUB-2331,SAAS-25,support,22,203.83,2020-01-11,2024-05-05,active
SUB-2332,SAAS-212,modules,33,24.62,2024-05-01,2023-06-27,past_due
SUB-2333,SAAS-326,modules,5,63.33,2024-07-15,2023-05-17,active
SUB-2334,SAAS-12,support,15,403,2024-07-20,06/14/2023,past_due
SUB-2335,SAAS-145,support,30,486.93,2022-09-20,2021-12-07,active
SUB-2336,SAAS-126,modules,39,476.87,2021-03-12,2023-08-19,active
SUB-2337,SAAS-359,api,42,439.76,2021-01-07,2021-01-09,active
SUB-2338,SAAS-94,api,20,222.69,01-10-2024,2021-11-22,active
SUB-2339,SAAS-171,modules,-2,149.38,09-01-2024,2020-08-20,past_due
SUB-2340,SAAS-264,api,13,177.15,2021-05-04,08/04/2021,active
SUB-2341,SAAS-87,support,14,195.54,12-02-2023,2022-12-26,active
SUB-2342,SAAS-74,platform,34,141.87,2023-11-01,04/20/2020,cancelled
SUB-2343,SAAS-167,api,22,418,2022-05-20,18-10-2020,active
SUB-2344,SAAS-367,support,11,134.19,2022-04-21,2020-12-28,cancelled
SUB-2345,SAAS-220,modules,13,91.11,2021-04-24,09/02/2021,past_due
SUB-2346,SAAS-82,api,47,407.85,09-07-2023,07/12/2020,past_due
SUB-2347,SAAS-71,modules,11,226,2021-05-13,26-12-2022,active
SUB-2348,SAAS-400,platform,48,103.68,2023-10-27,07/04/2024,active
SUB-2349,SAAS-249,modules,18,12,2022-08-25,03/14/2023,active
SUB-2350,SAAS-364,platform,29,162.41,2020-05-03,2022-10-16,active
SUB-2351,SAAS-261,api,48,271.39,2024-11-23,2021-08-08,active
SUB-2352,SAAS-206,support,36,102.67,2022-05-22,14-09-2023,active
SUB-2353,SAAS-298,modules,45,17.55,20-02-2022,2020-01-03,active
SUB-2354,SAAS-357,modules,1,44.68,2022-05-06,07-03-2021,active
SUB-2355,SAAS-246,support,32,46.38,2023-11-16,08/19/2024,past_due
SUB-2356,SAAS-240,platform,15,380.89,2020-10-26,2022-12-24,active
SUB-2357,SAAS-191,api,-3,205.4,2023-07-09,2020-11-08,active
SUB-2358,SAAS-53,support,18,346.28,2021-01-28,2021-02-03,active
SUB-2359,SAAS-194,modules,29,132.87,2022-09-18,05-10-2022,active
SUB-2360,SAAS-88,modules,5,129.84,14-03-2023,2021-12-25,cancelled
SUB-2361,SAAS-188,platform,20,468.12,2023-08-15,08-06-2021,active
SUB-2362,SAAS-329,support,18,343.59,2023-11-18,2024-08-12,cancelled
SUB-2363,SAAS-24,api,18,336.6,2020-02-21,05/01/2023,cancelled
SUB-2364,SAAS-180,support,26,37.28,2022-07-23,2024-03-12,active
SUB-2365,SAAS-186,platform,37,201.34,2024-10-13,06/17/2020,cancelled
SUB-2366,SAAS-73,modules,8,474.62,2024-12-08,2020-05-08,active
SUB-2367,SAAS-12,support,34,115.03,2024-05-20,2020-05-21,cancelled
SUB-2368,SAAS-123,modules,35,472,2020-02-20,14-04-2021,cancelled
SUB-2369,SAAS-183,support,4,351,19-10-2021,2023-05-06,active
SUB-2370,SAAS-213,platform,7,77.07,18-02-2023,07/08/2023,active
SUB-2371,SAAS-162,support,8,283.67,2020-12-21,07/18/2024,cancelled
SUB-2372,SAAS-164,api,26,46.09,2021-12-13,11/08/2020,active
SUB-2373,SAAS-212,platform,23,355.33,2024-09-05,2021-08-16,cancelled
SUB-2374,SAAS-158,modules,7,121.46,12-06-2022,2021-03-01,active
SUB-2375,SAAS-159,support,20,137.48,2023-10-27,2020-03-27,active
SUB-2376,SAAS-247,modules,4,158.18,23-04-2024,02/20/2022,active
SUB-2377,SAAS-377,platform,3,92.77,2023-06-24,2021-04-17,active
SUB-2378,SAAS-343,platform,41,26.39,2020-05-04,2020-03-07,past_due
SUB-2379,SAAS-78,support,-3,418.68,2020-02-07,28-02-2024,active
SUB-2380,SAAS-388,modules,33,144.26,2021-01-08,2020-02-14,cancelled
SUB-2381,SAAS-156,support,18,160.21,2020-03-24,2021-04-23,active
SUB-2382,SAAS-145,platform,11,133.18,2024-11-20,04/16/2021,cancelled
SUB-2383,SAAS-158,api,39,314.64,2022-02-12,2021-11-10,active
SUB-2384,SAAS-115,modules,35,298,2024-04-21,08-01-2024,active
SUB-2385,SAAS-23,support,-6,468,11-10-2021,10/21/2021,past_due
SUB-2386,SAAS-362,api,7,70.59,25-03-2023,2022-03-06,active
SUB-2387,SAAS-253,platform,47,414,2022-02-13,2023-02-06,past_due
SUB-2388,SAAS-226,support,20,156.77,2021-06-17,2024-08-11,active
SUB-2389,SAAS-58,modules,47,21.41,2021-08-07,2024-08-27,active
SUB-2390,SAAS-248,api,39,114,2022-12-02,2023-02-19,cancelled
SUB-2391,SAAS-170,platform,43,497.68,13-03-2022,2022-05-13,cancelled
SUB-2392,SAAS-203,modules,5,382,2020-12-16,06/08/2021,active
SUB-2393,SAAS-26,api,50,374.74,2022-06-16,2022-12-18,cancelled
SUB-2394,SAAS-4,modules,42,237.64,13-04-2022,2021-11-21,active
SUB-2395,SAAS-265,api,47,50.95,12-05-2024,2023-07-19,active
SUB-2396,SAAS-148,api,9,495.83,2024-08-04,21-08-2023,active
SUB-2397,SAAS-257,modules,15,175,2020-01-21,10/22/2024,active
SUB-2398,SAAS-223,support,18,138.91,2023-09-08,2021-06-06,past_due
SUB-2399,SAAS-174,modules,41,158,2022-09-15,2024-10-24,past_due
SUB-2400,SAAS-368,support,26,229,2024-04-01,2020-08-21,cancelled
SUB-2401,SAAS-244,support,27,393.76,2022-09-26,09/10/2024,cancelled
SUB-2402,SAAS-323,support,38,91.64,2024-07-17,2021-11-18,active
SUB-2403,SAAS-226,modules,25,322.47,2022-07-14,2022-02-17,cancelled
SUB-2404,SAAS-388,modules,43,203.42,2021-11-06,03/22/2020,active
SUB-2405,SAAS-181,platform,46,458,2022-06-23,2020-06-21,active
SUB-2406,SAAS-18,api,41,428.79,25-03-2024,04/08/2020,active
SUB-2407,SAAS-321,api,16,442.57,2022-08-14,2021-08-24,cancelled
SUB-2408,SAAS-20,api,48,289.56,2024-01-26,05/28/2022,active
SUB-2409,SAAS-17,support,45,312,26-02-2024,2024-01-27,active
SUB-2410,SAAS-160,support,24,468,2021-07-20,2020-03-08,active
SUB-2411,SAAS-350,platform,15,28,2022-10-23,02/11/2022,past_due
SUB-2412,SAAS-91,platform,2,307.94,2020-08-16,2021-07-25,active
SUB-2413,SAAS-187,platform,28,416.37,2023-02-15,2020-02-08,cancelled
SUB-2414,SAAS-228,modules,48,79.58,2021-09-15,11/21/2024,past_due
SUB-2415,SAAS-371,modules,10,100,2020-05-22,21-01-2023,past_due
SUB-2416,SAAS-93,platform,4,365.5,2024-07-14,07/07/2020,active
SUB-2417,SAAS-153,api,35,404.85,2020-02-28,2020-11-07,active
SUB-2418,SAAS-309,platform,5,60.25,2023-12-05,10/01/2020,cancelled
SUB-2419,SAAS-32,modules,32,10.45,2022-11-10,2020-12-06,cancelled
SUB-2420,SAAS-9,modules,23,395.52,2024-01-04,2024-08-27,active
SUB-2421,SAAS-346,support,24,245.87,2020-04-15,2020-02-19,active
SUB-2422,SAAS-230,modules,3,127,2024-12-05,03/04/2020,active
SUB-2423,SAAS-369,api,12,349,2020-10-21,2020-09-23,active
SUB-2424,SAAS-356,api,49,79.13,2023-03-15,04/24/2022,past_due
SUB-2425,SAAS-161,support,38,211.25,2024-11-11,2022-08-10,active
SUB-2426,SAAS-151,api,-9,333.88,2020-11-19,2022-12-17,cancelled
SUB-2427,SAAS-87,platform,26,150.83,2020-01-14,2020-10-28,active
SUB-2428,SAAS-154,platform,31,23.86,2023-01-14,02/27/2022,past_due
SUB-2429,SAAS-17,modules,44,295,2024-10-09,2024-05-11,past_due
SUB-2430,SAAS-70,support,41,127,2020-09-15,2021-08-16,past_due
SUB-2431,SAAS-261,modules,46,200,2023-12-06,01/26/2023,active
SUB-2432,SAAS-164,modules,39,238,19-07-2021,2022-02-16,cancelled
SUB-2433,SAAS-167,platform,-1,314,06-03-2022,18-03-2024,active
SUB-2434,SAAS-115,support,22,160.91,2023-05-20,2021-11-05,cancelled
SUB-2435,SAAS-369,modules,44,82,2020-04-04,11/06/2022,cancelled
SUB-2436,SAAS-158,support,34,233,2021-04-28,2023-09-25,active
SUB-2437,SAAS-286,support,31,106.07,2022-11-25,11/13/2024,past_due
SUB-2438,SAAS-132,modules,39,412.81,2022-01-01,04/21/2020,active
SUB-2439,SAAS-76,modules,45,374.72,2020-08-25,2021-12-02,past_due
SUB-2440,SAAS-354,platform,42,447.28,2020-07-20,2021-12-05,active
SUB-2441,SAAS-342,api,5,335.04,2024-01-12,2021-02-01,cancelled
SUB-2442,SAAS-276,modules,31,19.96,2022-09-02,22-05-2024,past_due
SUB-2443,SAAS-330,support,15,477.41,2023-09-27,2022-03-09,past_due
SUB-2444,SAAS-179,api,33,58.43,22-11-2022,2021-05-24,cancelled
SUB-2445,SAAS-352,platform,24,109.9,2023-03-06,28-08-2020,active
SUB-2446,SAAS-14,api,26,346.39,2020-03-05,2020-07-08,active
SUB-2447,SAAS-88,modules,32,40,23-11-2024,09/17/2020,cancelled
SUB-2448,SAAS-187,platform,20,459.64,07-06-2023,10/10/2024,past_due
SUB-2449,SAAS-355,api,32,500.43,19-04-2020,2020-08-08,active
SUB-2450,SAAS-62,api,-8,235.76,2023-12-11,2022-08-04,active
SUB-2451,SAAS-395,modules,26,60,2023-12-09,11/11/2023,active
SUB-2452,SAAS-248,support,37,150.92,2022-10-24,2021-12-18,past_due
SUB-2453,SAAS-65,modules,50,273,2021-05-20,04/09/2024,active
SUB-2454,SAAS-364,platform,15,304.82,2023-03-07,12/04/2022,past_due
SUB-2455,SAAS-268,platform,45,417.28,2023-03-25,2022-08-17,active
SUB-2456,SAAS-20,modules,22,457.1,2023-11-15,16-01-2022,cancelled
SUB-2457,SAAS-223,platform,29,300.44,11-09-2022,02/03/2020,past_due
SUB-2458,SAAS-375,api,2,17.14,2022-02-20,05-07-2023,cancelled
SUB-2459,SAAS-141,platform,37,270,2021-10-10,2024-02-16,cancelled
SUB-2460,SAAS-377,platform,-2,407.87,2023-07-14,12/23/2021,past_due
SUB-2461,SAAS-87,platform,24,73.48,02-03-2022,2020-07-22,active
SUB-2462,SAAS-398,platform,6,155.03,13-07-2023,2023-08-25,active
SUB-2463,SAAS-220,modules,16,180.26,2020-08-03,2021-04-17,active
SUB-2464,SAAS-134,platform,17,229.41,2021-12-20,2021-10-18,active
SUB-2465,SAAS-206,api,7,282,2023-09-08,09/11/2020,past_due
SUB-2466,SAAS-122,api,17,398,2022-12-01,07-03-2021,past_due
SUB-2467,SAAS-213,support,17,500.64,2024-12-13,2020-03-07,past_due
SUB-2468,SAAS-54,support,18,455,13-10-2021,09-02-2024,active
SUB-2469,SAAS-385,support,28,189,16-07-2020,11/14/2021,active
SUB-2470,SAAS-276,modules,42,68.83,2024-02-07,2020-03-19,active
SUB-2471,SAAS-172,api,39,442.6,01-09-2021,12/15/2024,active
SUB-2472,SAAS-80,support,32,20,2024-08-08,2024-04-03,active
SUB-2473,SAAS-108,api,48,475.12,2020-02-26,22-07-2022,cancelled
SUB-2474,SAAS-144,support,5,253,2022-05-25,2020-11-15,active
SUB-2475,SAAS-258,modules,5,116.37,13-12-2023,06/21/2023,active
SUB-2476,SAAS-352,modules,33,287,2021-01-22,05-05-2023,active
SUB-2477,SAAS-121,modules,10,398.91,18-07-2022,01-09-2024,active
SUB-2478,SAAS-292,modules,5,424.37,2020-08-07,09/01/2021,active
SUB-2479,SAAS-267,support,5,383,2022-09-02,27-06-2023,active
SUB-2480,SAAS-260,support,47,166.52,2023-12-15,2023-02-04,cancelled
SUB-2481,SAAS-395,support,36,259.43,2023-09-25,2020-08-10,active
SUB-2482,SAAS-160,support,36,480.17,2021-11-14,08/12/2022,active
SUB-2483,SAAS-339,api,25,80.88,2020-05-28,21-02-2022,past_due
SUB-2484,SAAS-105,modules,13,63,2021-08-15,2020-09-05,cancelled
SUB-2485,SAAS-142,modules,4,489,2022-10-07,2021-09-07,past_due
SUB-2486,SAAS-282,platform,8,76.04,2024-07-13,2023-05-23,active
SUB-2487,SAAS-233,support,30,455.38,2021-12-28,2020-04-12,active
SUB-2488,SAAS-309,support,23,182.97,26-11-2024,05/12/2021,active
SUB-2489,SAAS-40,support,39,135.17,2024-12-23,2024-03-18,cancelled
SUB-2490,SAAS-396,api,6,332.7,2023-02-26,2022-09-12,past_due
SUB-2491,SAAS-174,platform,39,35.49,2023-07-22,2020-05-10,active
SUB-2492,SAAS-298,modules,2,267.3,2022-08-20,20-04-2024,past_due
SUB-2493,SAAS-315,support,21,33.74,15-10-2020,2024-07-10,active
SUB-2494,SAAS-181,modules,4,484,2024-01-11,03-10-2021,cancelled
SUB-2495,SAAS-257,modules,-1,288.34,2023-09-13,2021-06-02,active
SUB-2496,SAAS-47,api,32,271.48,2020-10-26,11/12/2022,past_due
SUB-2497,SAAS-288,modules,44,212,12-10-2020,2023-06-17,active
SUB-2498,SAAS-351,modules,-5,252.82,2020-02-01,2024-06-19,cancelled
SUB-2499,SAAS-380,platform,14,166.68,11-09-2020,2022-05-13,past_due
SUB-2500,SAAS-237,api,48,164.64,2023-09-14,2022-10-08,cancelled
SUB-2501,SAAS-309,support,14,346,2021-09-23,13-09-2020,active
SUB-2502,SAAS-293,support,12,367.44,2022-05-08,2021-07-21,active
SUB-2503,SAAS-273,support,31,90,2023-12-23,10/11/2020,active
SUB-2504,SAAS-180,support,44,313,26-01-2024,22-11-2020,active
SUB-2505,SAAS-51,support,36,370,27-03-2021,04/01/2020,past_due
SUB-2506,SAAS-80,modules,2,331.4,2024-10-01,26-08-2021,past_due
SUB-2507,SAAS-178,platform,36,449.13,2023-12-06,08/14/2021,active
SUB-2508,SAAS-176,support,-3,319.36,2023-11-16,08-11-2023,cancelled
SUB-2509,SAAS-253,api,32,364.62,2022-11-08,2024-07-05,active
SUB-2510,SAAS-158,modules,47,282.58,2024-09-09,2024-01-05,active
SUB-2511,SAAS-361,api,45,478,12-11-2023,02/13/2020,active
SUB-2512,SAAS-46,platform,34,249.63,2024-03-02,18-03-2022,active
SUB-2513,SAAS-356,api,38,228.58,2023-08-04,02/22/2024,active
SUB-2514,SAAS-43,api,39,366,2020-03-03,2022-07-09,active
SUB-2515,SAAS-363,api,2,154,2020-11-02,2022-02-17,active
SUB-2516,SAAS-135,support,37,364,11-05-2020,15-04-2024,past_due
SUB-2517,SAAS-364,api,34,349.1,2021-12-09,04/15/2021,past_due
SUB-2518,SAAS-287,platform,43,472.71,2023-08-04,2024-07-15,cancelled
SUB-2519,SAAS-7,support,4,249.18,2023-10-21,2021-09-08,active
SUB-2520,SAAS-77,platform,48,406,2023-10-01,2022-05-02,active
SUB-2521,SAAS-223,support,23,239.01,2024-04-17,11/19/2023,active
SUB-2522,SAAS-347,platform,49,291.47,2020-10-28,2021-11-04,cancelled
SUB-2523,SAAS-274,platform,5,287.98,19-09-2024,2023-11-11,past_due
SUB-2524,SAAS-224,modules,1,160.61,2022-08-05,2022-11-27,active
SUB-2525,SAAS-65,api,42,506.1,2024-03-07,2024-10-09,active
SUB-2526,SAAS-55,modules,27,38.51,2021-03-27,24-01-2021,past_due
SUB-2527,SAAS-224,api,-4,474.64,02-09-2022,2021-08-07,past_due
SUB-2528,SAAS-318,api,29,326.34,2021-12-11,2023-11-03,active
SUB-2529,SAAS-252,api,5,19.11,13-07-2022,2020-06-06,active
SUB-2530,SAAS-153,platform,26,115,2024-03-23,2024-08-28,active
SUB-2531,SAAS-112,modules,39,226.47,2024-01-26,2023-07-14,active
SUB-2532,SAAS-390,support,-2,435.33,04-08-2020,2021-05-16,active
SUB-2533,SAAS-138,modules,42,408.57,2022-11-11,2022-06-23,cancelled
SUB-2534,SAAS-118,support,47,231.48,2020-06-20,2020-05-13,active
SUB-2535,SAAS-377,api,38,19.69,2023-10-18,11/28/2021,active
SUB-2536,SAAS-85,api,18,508.6,14-08-2023,2022-07-10,active
SUB-2537,SAAS-370,api,11,233.14,2023-12-15,09/10/2022,active
SUB-2538,SAAS-53,support,25,322,2021-07-21,10/06/2020,active
SUB-2539,SAAS-357,support,10,35,2022-07-22,09-09-2020,active
SUB-2540,SAAS-195,modules,-9,286,2023-07-04,2022-12-23,past_due
SUB-2541,SAAS-224,modules,2,101.68,2022-03-11,2024-10-08,active
SUB-2542,SAAS-341,modules,26,297,2024-10-12,2021-12-27,active
SUB-2543,SAAS-354,support,35,280.32,2020-09-03,2020-03-22,cancelled
SUB-2544,SAAS-18,platform,13,438,26-02-2022,2023-09-07,active
SUB-2545,SAAS-342,platform,10,427.64,2023-02-04,17-07-2024,active
SUB-2546,SAAS-128,api,19,436.88,2024-08-11,2020-10-27,active
SUB-2547,SAAS-93,platform,37,348,2023-02-18,12/04/2022,active
SUB-2548,SAAS-298,support,18,253.23,2023-02-26,2023-02-05,active
SUB-2549,SAAS-53,api,15,402,2022-10-02,2023-04-12,active
SUB-2550,SAAS-108,modules,45,441.31,2022-06-18,2021-02-02,active
SUB-2551,SAAS-347,platform,45,179.36,08-08-2023,13-06-2022,past_due
SUB-2552,SAAS-394,modules,12,95.33,2020-10-17,14-09-2020,past_due
SUB-2553,SAAS-380,support,2,143.07,2024-07-21,2023-02-08,active
SUB-2554,SAAS-224,support,41,198,2020-03-09,2021-05-07,active
SUB-2555,SAAS-165,modules,3,400,2020-06-22,2022-10-19,cancelled
SUB-2556,SAAS-118,api,15,81.03,2021-11-20,2020-01-25,active
SUB-2557,SAAS-13,api,37,219.55,2020-10-23,12-09-2024,active
SUB-2558,SAAS-169,support,18,248.56,2021-07-28,2023-09-08,cancelled
SUB-2559,SAAS-150,modules,36,394.84,2024-01-04,2021-08-24,active
SUB-2560,SAAS-94,api,23,189,2021-03-23,2024-05-16,active
SUB-2561,SAAS-267,modules,47,139.74,2023-07-23,2023-05-03,past_due
SUB-2562,SAAS-99,api,18,311.21,2024-04-19,2023-11-07,active
SUB-2563,SAAS-324,support,6,497.98,10-09-2021,11/16/2020,past_due
SUB-2564,SAAS-180,support,40,174,2024-02-02,2021-01-01,past_due
SUB-2565,SAAS-92,platform,32,301,2021-03-16,2020-04-17,active
SUB-2566,SAAS-359,platform,30,127.69,2022-12-26,2024-10-12,active
SUB-2567,SAAS-8,modules,20,259.87,2021-02-07,2023-12-17,cancelled
SUB-2568,SAAS-278,api,6,407.03,2022-11-15,04/12/2022,cancelled
SUB-2569,SAAS-142,api,-3,171.17,2021-06-25,12/04/2023,past_due
SUB-2570,SAAS-100,support,49,70.46,2023-02-19,2021-11-11,active
SUB-2571,SAAS-179,modules,35,427.34,2020-11-22,16-03-2024,active
SUB-2572,SAAS-108,modules,26,470.4,2024-08-15,11/27/2024,active
SUB-2573,SAAS-91,platform,5,57.21,2022-07-23,10/17/2022,active
SUB-2574,SAAS-164,modules,25,345.67,2021-04-21,11-04-2020,past_due
SUB-2575,SAAS-242,modules,37,191.07,2023-12-20,2020-04-21,active
SUB-2576,SAAS-6,modules,24,45.5,2024-10-26,2024-05-08,active
SUB-2577,SAAS-357,modules,47,152.66,2024-04-24,2020-10-17,active
SUB-2578,SAAS-36,support,-3,363,2020-02-02,07/03/2022,past_due
SUB-2579,SAAS-178,api,28,403,2020-11-06,05-11-2021,active
SUB-2580,SAAS-8,platform,20,165.66,2024-11-03,2021-04-14,cancelled
SUB-2581,SAAS-383,platform,45,255.78,2023-02-19,26-07-2022,cancelled
SUB-2582,SAAS-359,modules,-3,398,2020-09-18,09/18/2020,cancelled
SUB-2583,SAAS-176,modules,35,15.81,2023-09-15,2022-08-12,active
SUB-2584,SAAS-233,support,21,319,2021-04-23,21-09-2020,active
SUB-2585,SAAS-92,api,45,40,2022-02-20,2023-09-16,past_due
SUB-2586,SAAS-310,api,42,253.83,19-11-2020,2024-03-17,past_due
SUB-2587,SAAS-110,support,46,454.8,2023-04-01,2020-07-07,cancelled
SUB-2588,SAAS-344,platform,40,327.15,2023-03-25,2022-08-04,past_due
SUB-2589,SAAS-121,platform,3,243.49,2024-11-10,09/06/2021,cancelled
SUB-2590,SAAS-163,platform,26,15.83,2024-11-08,2024-08-23,cancelled
SUB-2591,SAAS-267,api,11,323.4,2024-09-04,01/16/2020,cancelled
SUB-2592,SAAS-279,support,35,340.66,2023-01-10,09/26/2022,cancelled
SUB-2593,SAAS-167,modules,4,52.14,2021-08-26,25-11-2020,active
SUB-2594,SAAS-178,api,21,268,25-11-2021,08/13/2024,active
SUB-2595,SAAS-224,platform,49,213.83,2023-06-17,2023-03-20,cancelled
SUB-2596,SAAS-146,api,16,452.04,2023-02-24,2023-02-22,past_due
SUB-2597,SAAS-261,platform,19,243,2024-01-21,2022-03-07,active
SUB-2598,SAAS-173,support,36,74,27-07-2023,01/19/2022,active
SUB-2599,SAAS-138,platform,44,324.44,24-06-2022,04/08/2023,active
SUB-2600,SAAS-299,support,21,447.44,2021-06-23,2020-03-11,active
SUB-2601,SAAS-184,platform,45,395.08,2020-05-14,2023-04-23,active
SUB-2602,SAAS-13,platform,46,28.46,19-10-2024,08/16/2023,past_due
SUB-2603,SAAS-313,modules,2,157,2022-08-21,12/25/2020,active
SUB-2604,SAAS-205,support,49,393.6,2023-10-24,2021-10-04,cancelled
SUB-2605,SAAS-65,platform,41,387,2024-02-03,2023-10-18,active
SUB-2606,SAAS-39,modules,11,140.41,2021-11-10,18-06-2024,past_due
SUB-2607,SAAS-118,platform,43,81.16,26-01-2022,28-09-2024,cancelled
SUB-2608,SAAS-128,platform,41,333,2020-12-23,2020-12-26,cancelled
SUB-2609,SAAS-235,modules,45,463.67,2022-03-02,2024-04-23,past_due
SUB-2610,SAAS-322,modules,11,296.7,2021-03-13,28-09-2022,cancelled
SUB-2611,SAAS-212,support,13,55.24,2022-02-25,23-07-2023,cancelled
SUB-2612,SAAS-273,platform,13,86.99,2024-04-06,2021-03-27,past_due
SUB-2613,SAAS-24,api,39,291,2024-02-22,2023-10-20,past_due
SUB-2614,SAAS-302,modules,33,264.2,14-03-2021,10/26/2021,active
SUB-2615,SAAS-390,platform,29,475.17,2021-04-16,2024-04-15,past_due
SUB-2616,SAAS-104,modules,48,234.53,06-02-2020,2020-02-07,cancelled
SUB-2617,SAAS-84,support,8,197,11-05-2022,2022-05-04,active
SUB-2618,SAAS-351,support,13,443.11,25-10-2022,2020-02-14,past_due
SUB-2619,SAAS-158,support,37,465,2022-08-23,2022-02-20,active
SUB-2620,SAAS-299,api,3,164.1,2024-07-19,08/01/2020,active
SUB-2621,SAAS-113,api,41,73.84,2023-06-01,11-06-2023,active
SUB-2622,SAAS-64,support,5,349.42,07-08-2021,2024-03-06,past_due
SUB-2623,SAAS-400,platform,49,119,2020-07-05,10/26/2023,past_due
SUB-2624,SAAS-267,modules,5,199.36,09-11-2023,2020-07-02,active
SUB-2625,SAAS-181,modules,13,409.89,2024-02-04,2023-12-21,past_due
SUB-2626,SAAS-19,platform,17,417.68,2022-07-18,05/26/2022,active
SUB-2627,SAAS-108,api,11,263,2023-02-11,2024-04-10,cancelled
SUB-2628,SAAS-84,platform,-6,385,2021-11-04,10/01/2023,past_due
SUB-2629,SAAS-164,api,32,94.71,10-04-2021,01/05/2021,past_due
SUB-2630,SAAS-282,platform,12,34,16-04-2023,2022-08-27,active
SUB-2631,SAAS-261,modules,1,318.6,2022-08-05,01/26/2022,active
SUB-2632,SAAS-186,support,20,192.41,2021-04-26,2021-08-16,active
SUB-2633,SAAS-303,support,41,38.53,2023-06-18,10-01-2021,active
SUB-2634,SAAS-361,modules,35,101,2024-01-10,06-02-2022,active
SUB-2635,SAAS-229,modules,41,449.76,2023-10-17,2022-11-13,active
SUB-2636,SAAS-355,modules,50,312.12,2024-06-23,19-09-2021,active
SUB-2637,SAAS-377,platform,48,432,2022-04-08,2024-02-21,active
SUB-2638,SAAS-166,support,35,163.13,2024-02-11,07-08-2021,active
SUB-2639,SAAS-159,platform,36,21.72,2023-12-22,05/19/2020,cancelled
SUB-2640,SAAS-385,modules,18,95,2022-02-18,03/18/2021,past_due
SUB-2641,SAAS-55,modules,35,474,2020-07-03,2023-08-14,past_due
SUB-2642,SAAS-30,platform,40,307,2022-06-06,2020-08-26,active
SUB-2643,SAAS-158,api,19,57,2023-08-16,2023-11-28,cancelled
SUB-2644,SAAS-250,modules,39,327,2021-09-23,2022-08-02,cancelled
SUB-2645,SAAS-368,modules,-8,253.91,2022-06-27,2020-11-02,active
SUB-2646,SAAS-76,platform,25,390,2022-10-13,08/17/2024,active
SUB-2647,SAAS-384,platform,17,160.1,2024-03-08,18-06-2023,active
SUB-2648,SAAS-8,support,2,363.38,2020-04-12,2023-02-23,cancelled
SUB-2649,SAAS-21,api,10,421.13,2020-07-22,2024-04-24,active
SUB-2650,SAAS-122,modules,22,340.31,2020-07-17,06/22/2021,active
SUB-2651,SAAS-350,support,24,110,2021-04-09,24-02-2021,active
SUB-2652,SAAS-36,support,38,364.91,2022-09-27,2022-10-27,cancelled
SUB-2653,SAAS-226,api,20,63,2024-09-09,2021-06-13,active
SUB-2654,SAAS-40,support,28,370,12-09-2021,2021-02-02,cancelled
SUB-2655,SAAS-293,api,6,259.5,2021-06-11,04/10/2021,past_due
SUB-2656,SAAS-205,api,42,163.7,2021-12-03,2024-11-01,active
SUB-2657,SAAS-233,modules,15,382.79,15-11-2023,2020-10-04,active
SUB-2658,SAAS-11,platform,31,441.68,2023-05-16,2021-05-18,active
SUB-2659,SAAS-239,api,45,127.17,18-05-2022,05-02-2023,active
SUB-2660,SAAS-10,api,9,221,2022-07-07,2022-07-11,active
SUB-2661,SAAS-74,modules,20,382.39,23-07-2020,11/03/2021,active
SUB-2662,SAAS-118,modules,42,264.18,2021-05-25,03/09/2024,past_due
SUB-2663,SAAS-303,api,38,61,04-12-2022,12-05-2024,past_due
SUB-2664,SAAS-271,api,13,152,2021-04-28,07/23/2020,active
SUB-2665,SAAS-39,api,1,203.27,2020-06-19,2022-05-05,cancelled
SUB-2666,SAAS-139,support,34,382.95,2023-03-08,06/04/2024,past_due
SUB-2667,SAAS-213,modules,11,215,2022-03-21,2021-12-02,active
SUB-2668,SAAS-218,api,-7,299.47,2020-05-22,2021-06-13,active
SUB-2669,SAAS-355,modules,8,80,19-11-2023,2022-07-07,past_due
SUB-2670,SAAS-325,api,41,21.14,2022-11-21,06/22/2024,cancelled
SUB-2671,SAAS-179,support,29,167.07,2020-07-12,2020-04-16,cancelled
SUB-2672,SAAS-295,platform,-1,97,2023-06-28,2020-02-14,active
SUB-2673,SAAS-233,api,41,270.99,2024-01-13,2020-01-16,active
SUB-2674,SAAS-140,support,2,21.93,2020-06-08,2021-12-22,past_due
SUB-2675,SAAS-346,modules,34,195.05,18-12-2023,2020-08-23,active
SUB-2676,SAAS-40,support,32,272.56,2020-12-19,2021-09-22,past_due
SUB-2677,SAAS-347,support,5,21.66,2020-05-22,2022-11-21,active
SUB-2678,SAAS-29,api,-3,78,2021-06-14,2024-09-28,past_due
SUB-2679,SAAS-157,modules,25,493.67,2023-03-24,2022-05-13,cancelled
SUB-2680,SAAS-350,support,16,504.1,14-02-2022,2022-08-15,past_due
SUB-2681,SAAS-104,api,18,93.02,2022-11-01,05-02-2023,cancelled
SUB-2682,SAAS-186,platform,22,496,2021-03-08,2023-06-16,cancelled
SUB-2683,SAAS-187,support,29,319.65,2024-09-22,2022-06-05,active
SUB-2684,SAAS-225,platform,30,135.11,2022-05-05,05/17/2020,active
SUB-2685,SAAS-335,support,-5,320.22,2023-02-27,2020-12-03,past_due
SUB-2686,SAAS-205,api,27,116,2024-09-16,10-06-2023,past_due
SUB-2687,SAAS-337,platform,18,300.18,2022-01-01,2021-06-02,active
SUB-2688,SAAS-66,platform,38,239,2023-12-11,2021-12-24,active
SUB-2689,SAAS-81,platform,47,29.33,2024-11-15,26-01-2024,active
SUB-2690,SAAS-290,support,38,468.45,2020-07-01,12/04/2024,active
SUB-2691,SAAS-106,support,9,247,2020-08-25,2021-12-03,active
SUB-2692,SAAS-292,support,6,347,2023-03-23,2023-01-15,active
SUB-2693,SAAS-124,api,44,52.99,2022-06-14,2020-05-16,active
SUB-2694,SAAS-168,platform,28,305.47,2023-10-17,07/14/2023,past_due
SUB-2695,SAAS-121,api,15,345,04-05-2022,10-11-2022,active
SUB-2696,SAAS-355,modules,45,122.42,2022-01-13,02/01/2023,cancelled
SUB-2697,SAAS-192,platform,37,439.45,2021-03-16,09/25/2024,past_due
SUB-2698,SAAS-29,api,14,280.12,2022-11-05,2020-03-11,active
SUB-2699,SAAS-316,platform,5,348.47,21-01-2022,2020-11-07,cancelled
SUB-2700,SAAS-391,platform,43,235.91,2023-11-20,2020-06-09,cancelled
SUB-2701,SAAS-12,modules,18,366.92,06-08-2023,24-10-2020,past_due
SUB-2702,SAAS-80,api,42,472.23,21-10-2021,2020-06-21,active
SUB-2703,SAAS-116,platform,38,487.24,2021-10-03,2021-01-04,active
SUB-2704,SAAS-152,modules,17,124.9,2022-07-20,09/20/2024,active
SUB-2705,SAAS-185,modules,42,39.99,2024-12-24,2021-07-15,active
SUB-2706,SAAS-20,api,19,213,2023-06-17,03/12/2024,past_due
SUB-2707,SAAS-326,platform,35,226.99,2023-07-12,2020-09-04,past_due
SUB-2708,SAAS-117,support,45,328.57,2023-03-15,16-12-2022,active
SUB-2709,SAAS-28,api,24,155.1,02-10-2020,17-03-2023,cancelled
SUB-2710,SAAS-375,support,6,264.86,2020-05-03,2022-01-05,active
SUB-2711,SAAS-327,support,44,251,2021-05-24,2022-02-03,past_due
SUB-2712,SAAS-206,modules,50,239.42,2021-06-17,2024-12-06,active
SUB-2713,SAAS-18,platform,32,60.55,2020-01-05,2021-07-07,cancelled
SUB-2714,SAAS-97,platform,28,290.55,2021-03-15,2020-05-14,active
SUB-2715,SAAS-94,api,47,221.26,2020-11-05,2022-08-21,active
SUB-2716,SAAS-288,support,48,367,21-06-2023,10-10-2024,active
SUB-2717,SAAS-271,api,30,407.95,2020-07-26,2023-07-01,cancelled
SUB-2718,SAAS-383,modules,19,281.79,2020-06-02,28-10-2022,past_due
SUB-2719,SAAS-165,platform,18,260.72,2020-05-27,2020-03-10,cancelled
SUB-2720,SAAS-366,api,25,222.42,2021-12-15,08/01/2021,past_due
SUB-2721,SAAS-377,platform,3,404.21,08-08-2020,20-09-2023,cancelled
SUB-2722,SAAS-123,modules,11,195.05,2024-03-07,2022-08-13,past_due
SUB-2723,SAAS-270,modules,47,193.07,2021-12-23,28-05-2024,active
SUB-2724,SAAS-292,support,46,421.04,2023-03-22,12/21/2022,active
SUB-2725,SAAS-339,support,9,139.54,12-01-2020,2022-02-24,active
SUB-2726,SAAS-398,platform,31,293.93,2022-05-15,2020-06-04,past_due
SUB-2727,SAAS-122,platform,4,261.78,03-09-2024,09/23/2023,past_due
SUB-2728,SAAS-61,api,41,301,2020-08-03,14-05-2021,active
SUB-2729,SAAS-268,support,18,123.58,2020-03-21,2022-11-21,cancelled
SUB-2730,SAAS-26,support,-8,357.2,2021-06-26,07/20/2023,active
SUB-2731,SAAS-41,support,32,384,2022-08-11,2021-10-21,active
SUB-2732,SAAS-342,api,31,135,2024-11-12,2022-07-22,active
SUB-2733,SAAS-228,modules,14,427.04,2023-10-15,2023-09-03,cancelled
SUB-2734,SAAS-10,support,27,500,26-07-2024,2021-06-20,active
SUB-2735,SAAS-246,platform,32,110.45,2022-07-09,10/23/2021,active
SUB-2736,SAAS-364,support,44,219.87,2020-02-13,12/10/2020,active
SUB-2737,SAAS-38,platform,23,334.71,28-04-2020,05/05/2021,past_due
SUB-2738,SAAS-332,api,-1,216.41,2021-01-22,11/03/2020,active
SUB-2739,SAAS-315,modules,4,240.18,2021-03-22,2021-09-19,active
SUB-2740,SAAS-364,modules,29,246.27,2023-08-16,08-02-2024,cancelled
SUB-2741,SAAS-109,modules,21,457,2020-11-03,2024-01-01,past_due
SUB-2742,SAAS-307,modules,8,412.67,2022-05-02,2024-11-06,active
SUB-2743,SAAS-299,api,15,18.23,2024-03-11,2023-10-08,past_due
SUB-2744,SAAS-230,api,39,322.62,2020-06-22,2020-04-11,active
SUB-2745,SAAS-141,support,17,118.01,2022-06-18,09-04-2024,active
SUB-2746,SAAS-154,support,6,66.44,16-02-2024,2024-05-04,active
SUB-2747,SAAS-392,support,46,406,27-02-2020,08/21/2020,cancelled
SUB-2748,SAAS-22,api,32,160.34,2022-02-28,27-11-2022,cancelled
SUB-2749,SAAS-277,support,26,233,2021-06-01,2021-11-17,active
SUB-2750,SAAS-113,api,47,80.95,2023-08-26,09/14/2021,cancelled
SUB-2751,SAAS-85,api,34,487,05-09-2023,2024-08-17,active
SUB-2752,SAAS-44,modules,37,447.55,2023-12-17,10/16/2023,active
SUB-2753,SAAS-400,support,39,471.38,2021-02-23,06/17/2022,cancelled
SUB-2754,SAAS-336,platform,12,266.95,17-07-2020,09/26/2023,cancelled
SUB-2755,SAAS-124,modules,24,17,2021-06-08,2021-09-08,past_due
SUB-2756,SAAS-316,api,2,179,2023-09-26,2021-04-09,past_due
SUB-2757,SAAS-213,modules,5,168.7,2022-01-26,2024-05-09,active
SUB-2758,SAAS-378,modules,34,58,2024-05-06,2024-12-12,active
SUB-2759,SAAS-103,platform,47,228.84,2022-10-23,2021-05-05,active
SUB-2760,SAAS-76,platform,41,391,2020-07-03,2020-04-08,active
SUB-2761,SAAS-75,support,44,425,2024-08-14,2021-11-03,past_due
SUB-2762,SAAS-272,platform,4,152.62,2022-01-14,2021-05-02,active
SUB-2763,SAAS-310,support,17,223.71,23-12-2023,05/28/2022,active
SUB-2764,SAAS-162,api,40,252,2020-02-21,09-01-2021,past_due
SUB-2765,SAAS-42,platform,33,384.58,2021-05-18,2020-05-18,active
SUB-2766,SAAS-319,support,36,230.52,14-09-2020,2020-12-14,past_due
SUB-2767,SAAS-286,modules,10,380.65,2023-04-18,2021-05-08,cancelled
SUB-2768,SAAS-20,platform,-5,205.98,2020-12-25,04/18/2020,active
SUB-2769,SAAS-170,support,29,241,2021-03-27,03/17/2021,past_due
SUB-2770,SAAS-59,support,11,352.37,2022-02-02,2021-04-10,cancelled
SUB-2771,SAAS-66,support,18,150.99,2021-11-09,2022-02-03,active
SUB-2772,SAAS-346,platform,12,472.85,13-02-2021,2022-09-19,active
SUB-2773,SAAS-395,platform,47,263.18,2024-06-20,14-11-2024,cancelled
SUB-2774,SAAS-282,support,44,13.34,2022-10-05,2021-12-15,past_due
SUB-2775,SAAS-107,platform,4,385.13,2022-03-11,2022-06-02,active
SUB-2776,SAAS-306,api,28,27.22,26-06-2020,2024-08-26,past_due
SUB-2777,SAAS-205,modules,17,162.39,2020-09-15,2020-06-10,cancelled
SUB-2778,SAAS-250,modules,32,503.93,2024-10-20,2024-08-26,cancelled
SUB-2779,SAAS-174,platform,28,210,2021-03-22,2023-10-05,past_due
SUB-2780,SAAS-156,support,35,34.9,2024-04-06,2022-07-16,cancelled
SUB-2781,SAAS-299,modules,41,269.7,2020-03-28,05/27/2024,cancelled
SUB-2782,SAAS-89,modules,-3,206,2023-12-02,2021-12-27,active
SUB-2783,SAAS-171,api,14,33.98,14-07-2020,05/16/2020,active
SUB-2784,SAAS-234,platform,24,387.52,2022-12-16,23-04-2021,cancelled
SUB-2785,SAAS-335,platform,24,451,09-04-2020,24-01-2020,active
SUB-2786,SAAS-372,support,33,369.19,2021-10-21,2021-05-18,cancelled
SUB-2787,SAAS-170,api,10,414.15,2023-08-23,2024-03-16,active
SUB-2788,SAAS-174,platform,44,150.16,2023-02-25,01/27/2021,active
SUB-2789,SAAS-232,support,35,457.91,2021-10-10,2024-07-01,active
SUB-2790,SAAS-139,api,37,91,2021-04-25,2021-04-12,cancelled
SUB-2791,SAAS-179,api,30,44.52,2021-04-03,02/25/2023,past_due
SUB-2792,SAAS-225,support,36,487.24,2024-08-10,08/24/2023,cancelled
SUB-2793,SAAS-233,support,10,446.02,2020-04-24,08/13/2020,active
SUB-2794,SAAS-399,support,10,451.84,2023-05-26,2021-09-23,active
SUB-2795,SAAS-189,api,12,13,03-01-2023,2023-06-05,active
SUB-2796,SAAS-229,api,13,370,2022-10-13,04-03-2021,past_due
SUB-2797,SAAS-363,platform,27,472,2020-02-26,2020-03-23,active
SUB-2798,SAAS-307,platform,44,130.72,2020-09-19,2023-01-11,active
SUB-2799,SAAS-256,platform,4,436.97,2022-08-21,2020-04-19,active
SUB-2800,SAAS-387,platform,36,58.57,01-07-2021,2022-10-20,active
SUB-2801,SAAS-38,platform,16,470.04,2021-06-15,02/26/2020,active
SUB-2802,SAAS-58,support,23,189.25,2024-09-05,2021-02-27,active
SUB-2803,SAAS-282,modules,-3,396.13,28-02-2023,06/18/2024,past_due
SUB-2804,SAAS-246,support,32,282.46,19-07-2022,12-09-2024,cancelled
SUB-2805,SAAS-214,api,-2,367.42,26-06-2020,2024-11-14,active
SUB-2806,SAAS-91,modules,36,257.28,2021-11-21,05/01/2020,past_due
SUB-2807,SAAS-393,platform,49,135.81,09-01-2023,09/07/2020,past_due
SUB-2808,SAAS-235,support,1,476.45,2024-05-17,2020-02-05,active
SUB-2809,SAAS-398,modules,11,249,26-08-2021,2022-12-05,past_due
SUB-2810,SAAS-130,support,38,337.4,2023-01-25,2021-06-08,cancelled
SUB-2811,SAAS-308,platform,9,108.49,2021-07-16,2021-11-10,active
SUB-2812,SAAS-185,support,24,414.04,2023-12-08,2021-04-27,active
SUB-2813,SAAS-400,modules,18,441,2022-01-07,2024-09-04,active
SUB-2814,SAAS-363,modules,19,154,2020-05-10,06-10-2021,active
SUB-2815,SAAS-327,support,47,26.54,11-11-2023,2021-11-03,past_due
SUB-2816,SAAS-100,modules,-6,393.02,2024-06-11,12/13/2022,active
SUB-2817,SAAS-59,modules,23,182,01-01-2024,04/25/2024,cancelled
SUB-2818,SAAS-145,api,40,200.22,2022-04-14,2020-12-04,past_due
SUB-2819,SAAS-225,api,22,225.93,14-10-2021,02/02/2022,past_due
SUB-2820,SAAS-148,modules,24,219,13-07-2023,25-03-2024,active
SUB-2821,SAAS-289,platform,37,449,2023-12-11,2021-01-16,active
SUB-2822,SAAS-376,support,43,146.83,22-01-2024,03/15/2020,active
SUB-2823,SAAS-97,support,36,452.98,10-04-2022,2024-06-13,active
SUB-2824,SAAS-49,modules,20,333.23,04-07-2024,2024-06-26,cancelled
SUB-2825,SAAS-97,support,5,24.09,09-04-2024,2022-12-20,active
SUB-2826,SAAS-212,platform,31,215,16-08-2020,06/05/2022,active
SUB-2827,SAAS-232,support,45,125.13,28-04-2024,2022-06-12,active
SUB-2828,SAAS-58,platform,28,262,2023-11-11,19-09-2022,cancelled
SUB-2829,SAAS-21,platform,32,257,2024-09-18,12-05-2024,past_due
SUB-2830,SAAS-123,api,49,376.99,2023-11-13,03-05-2023,active
SUB-2831,SAAS-279,api,22,357.93,2021-05-17,2023-03-16,cancelled
SUB-2832,SAAS-304,api,32,306.48,2020-02-26,2021-04-22,active
SUB-2833,SAAS-309,modules,34,112.55,2022-12-03,2023-01-25,active
SUB-2834,SAAS-378,api,48,47.66,2020-02-03,2023-04-08,active
SUB-2835,SAAS-317,support,46,92.03,2022-12-05,23-12-2023,active
SUB-2836,SAAS-106,support,7,234,2023-12-10,03/24/2024,cancelled
SUB-2837,SAAS-342,api,39,363.76,2021-02-02,08/07/2021,active
SUB-2838,SAAS-385,platform,28,453.93,2023-09-04,16-02-2023,active
SUB-2839,SAAS-168,api,25,240.92,2024-05-02,07/13/2021,active
SUB-2840,SAAS-13,support,32,95,05-12-2023,05/16/2024,past_due
SUB-2841,SAAS-151,support,49,356.46,2020-02-03,12/04/2021,active
SUB-2842,SAAS-249,support,37,217.08,2021-02-13,09/21/2024,active
SUB-2843,SAAS-67,platform,46,128.94,2020-12-23,11/27/2020,cancelled
SUB-2844,SAAS-354,support,33,419,2022-12-14,2023-07-19,active
SUB-2845,SAAS-374,modules,38,137.59,2022-11-08,2024-07-01,active
SUB-2846,SAAS-270,platform,14,455.03,2024-11-22,2024-06-28,active
SUB-2847,SAAS-184,modules,14,186.04,2022-09-20,07/05/2024,cancelled
SUB-2848,SAAS-194,modules,47,167.63,2020-03-09,04/03/2021,cancelled
SUB-2849,SAAS-243,support,25,308,2022-02-06,2020-04-08,past_due
SUB-2850,SAAS-198,api,47,441.86,03-08-2021,01/22/2020,active
SUB-2851,SAAS-185,api,17,140.81,2021-07-16,2023-11-05,cancelled
SUB-2852,SAAS-280,modules,3,217.48,2023-01-14,17-01-2022,cancelled
SUB-2853,SAAS-130,modules,14,342,2023-07-20,11-10-2021,active
SUB-2854,SAAS-164,api,16,88.19,23-12-2024,12-10-2024,past_due
SUB-2855,SAAS-232,modules,7,30.55,2023-07-09,2023-04-02,active
SUB-2856,SAAS-94,modules,-1,373.31,2023-04-26,2021-12-26,active
SUB-2857,SAAS-180,support,4,506.88,2021-04-21,2020-04-17,active
SUB-2858,SAAS-95,api,36,315.96,2023-10-19,2024-02-14,cancelled
SUB-2859,SAAS-205,api,26,443.23,2020-07-17,09/14/2021,active
SUB-2860,SAAS-345,api,21,53.48,2023-05-18,17-10-2020,active
SUB-2861,SAAS-238,platform,12,361.97,23-05-2024,08/19/2024,active
SUB-2862,SAAS-65,modules,17,225.94,2022-12-06,10/07/2022,cancelled
SUB-2863,SAAS-354,support,7,192.72,2023-10-15,2024-05-22,active
SUB-2864,SAAS-312,modules,41,310.36,2022-04-19,16-04-2023,active
SUB-2865,SAAS-191,platform,40,479.21,2023-09-22,09/24/2020,cancelled
SUB-2866,SAAS-2,platform,21,268.43,2023-07-25,09-08-2021,active
SUB-2867,SAAS-119,platform,21,125.22,2020-02-08,07/01/2022,active
SUB-2868,SAAS-93,modules,39,124,2022-01-07,09-12-2024,active
SUB-2869,SAAS-141,platform,42,402,2020-10-05,09/11/2023,active
SUB-2870,SAAS-243,api,38,73,2021-07-24,2020-03-20,active
SUB-2871,SAAS-289,platform,24,68.31,2021-06-17,2020-03-24,past_due
SUB-2872,SAAS-200,support,23,454.27,2022-05-20,2022-03-27,past_due
SUB-2873,SAAS-78,platform,1,418.62,2021-10-23,06/07/2020,active
SUB-2874,SAAS-222,support,29,258.94,2023-10-24,11-03-2022,active
SUB-2875,SAAS-392,support,48,175,2024-11-17,2023-12-03,past_due
SUB-2876,SAAS-29,api,17,293.42,03-01-2020,2024-07-02,past_due
SUB-2877,SAAS-267,api,27,476.21,2022-03-11,2024-08-23,active
SUB-2878,SAAS-207,support,40,190,2022-02-01,2020-05-03,active
SUB-2879,SAAS-48,api,33,406,2021-03-01,2021-01-16,past_due
SUB-2880,SAAS-288,modules,17,75.1,2022-10-13,2021-12-09,active
SUB-2881,SAAS-137,support,7,320.57,2020-08-28,2021-11-01,active
SUB-2882,SAAS-241,api,6,325.27,2020-08-02,2020-05-11,active
SUB-2883,SAAS-179,platform,25,130,28-04-2024,07/01/2022,active
SUB-2884,SAAS-356,api,42,488.48,2023-01-18,2024-05-18,active
SUB-2885,SAAS-344,modules,20,344.03,2023-05-18,2021-09-04,active
SUB-2886,SAAS-320,support,-1,43.94,2022-02-01,02-07-2020,active
SUB-2887,SAAS-29,platform,19,370.68,2024-07-12,2021-06-01,past_due
SUB-2888,SAAS-395,modules,6,128.27,2020-01-18,21-02-2020,cancelled
SUB-2889,SAAS-360,modules,-1,120,2024-02-03,03-08-2021,active
SUB-2890,SAAS-201,api,29,363,2023-01-03,2020-02-28,active
SUB-2891,SAAS-303,support,2,174,2024-05-10,02/04/2022,cancelled
SUB-2892,SAAS-93,modules,4,248,2023-09-06,2022-05-17,active
SUB-2893,SAAS-60,modules,29,490.82,2022-03-01,05/26/2020,past_due
SUB-2894,SAAS-164,support,41,274.16,2021-05-12,2024-11-10,past_due
SUB-2895,SAAS-282,platform,2,167.49,12-02-2023,18-10-2020,cancelled
SUB-2896,SAAS-337,modules,23,325,2023-08-24,2023-03-13,past_due
SUB-2897,SAAS-225,api,44,395.96,2020-05-25,2020-12-24,active
SUB-2898,SAAS-141,api,22,117.93,2024-08-27,10/13/2022,active
SUB-2899,SAAS-331,modules,4,250.21,12-02-2024,11-12-2023,active
SUB-2900,SAAS-49,support,-7,374.6,2021-03-06,2020-02-21,active
SUB-2901,SAAS-101,modules,47,130.94,2023-01-09,03-06-2020,active
SUB-2902,SAAS-334,api,46,39.46,2022-05-25,2023-09-22,active
SUB-2903,SAAS-56,platform,15,187.02,2022-06-13,24-05-2020,active
SUB-2904,SAAS-78,api,31,439.1,2023-06-18,05/17/2020,active
SUB-2905,SAAS-68,platform,48,418.46,20-05-2021,06/26/2024,active
SUB-2906,SAAS-42,platform,2,236.59,2022-10-23,20-01-2023,active
SUB-2907,SAAS-149,modules,50,63.81,2023-03-14,2020-04-13,active
SUB-2908,SAAS-108,support,31,281.6,2020-09-01,2022-03-20,cancelled
SUB-2909,SAAS-393,api,31,185,2021-09-21,08/26/2021,active
SUB-2910,SAAS-226,api,41,236.87,2020-05-04,22-04-2023,active
SUB-2911,SAAS-44,platform,8,159.69,18-11-2020,2020-02-13,active
SUB-2912,SAAS-61,api,33,220.02,2023-06-05,2022-10-25,past_due
SUB-2913,SAAS-79,support,2,229,2020-10-23,2024-04-03,cancelled
SUB-2914,SAAS-194,platform,11,33.52,2021-04-05,2024-10-14,active
SUB-2915,SAAS-213,modules,-8,192.72,2022-08-27,2023-11-27,cancelled
SUB-2916,SAAS-276,api,6,128.28,2023-05-06,2023-04-21,active
SUB-2917,SAAS-183,modules,-4,306,11-05-2024,2020-12-07,active
SUB-2918,SAAS-379,api,4,384.64,2024-12-15,27-08-2024,active
SUB-2919,SAAS-394,platform,28,143.9,2024-06-16,18-04-2023,active
SUB-2920,SAAS-364,platform,40,355.76,2024-08-13,2021-05-21,active
SUB-2921,SAAS-321,support,29,66.91,2021-09-28,10/17/2023,active
SUB-2922,SAAS-171,api,26,484.67,19-12-2024,09/13/2022,past_due
SUB-2923,SAAS-114,api,6,464.87,2023-11-27,2024-02-12,active
SUB-2924,SAAS-56,api,45,100.11,2020-04-18,2021-02-13,cancelled
SUB-2925,SAAS-117,api,10,377.57,2024-07-21,02/03/2023,cancelled
SUB-2926,SAAS-21,platform,30,62.21,2022-07-19,04/20/2020,active
SUB-2927,SAAS-307,platform,42,45.46,2024-10-15,19-01-2021,past_due
SUB-2928,SAAS-116,support,8,349,04-06-2021,2024-12-20,active
SUB-2929,SAAS-4,platform,18,61.24,2023-08-07,2022-09-21,active
SUB-2930,SAAS-111,platform,20,400,2020-05-13,02/11/2021,active
SUB-2931,SAAS-22,api,48,180,2020-12-10,2024-05-06,past_due
SUB-2932,SAAS-367,api,30,235.55,2023-06-06,06/27/2022,active
SUB-2933,SAAS-297,platform,17,177.34,2021-10-09,2022-04-11,active
SUB-2934,SAAS-182,api,10,442,16-10-2022,07/04/2022,past_due
SUB-2935,SAAS-219,platform,1,184.47,2024-12-03,2024-07-28,cancelled
SUB-2936,SAAS-33,support,17,310.84,2022-12-10,03-07-2022,active
SUB-2937,SAAS-120,platform,3,243.75,2023-11-01,18-02-2021,past_due
SUB-2938,SAAS-227,api,43,124.55,2023-04-14,2022-07-02,active
SUB-2939,SAAS-30,modules,20,202.58,2021-05-18,04/27/2020,past_due
SUB-2940,SAAS-35,support,28,38.34,2021-02-16,2022-01-21,active
SUB-2941,SAAS-271,modules,22,242.48,2020-06-11,02/24/2023,past_due
SUB-2942,SAAS-241,platform,10,163,2021-07-14,11/06/2023,active
SUB-2943,SAAS-309,platform,9,71,2021-11-08,06/23/2020,cancelled
SUB-2944,SAAS-209,api,9,211.06,2024-04-17,2021-03-10,cancelled
SUB-2945,SAAS-300,platform,4,244.08,13-11-2024,10/16/2024,active
SUB-2946,SAAS-327,platform,4,403.23,2021-11-06,05-04-2024,cancelled
SUB-2947,SAAS-190,modules,32,480.84,2021-01-26,11/25/2022,active
SUB-2948,SAAS-85,api,4,248.89,2022-12-23,10-03-2020,active
SUB-2949,SAAS-60,modules,12,500.51,2024-02-16,2024-02-28,active
SUB-2950,SAAS-103,support,20,198.16,2024-03-26,2023-01-10,active
SUB-2951,SAAS-100,platform,4,80.58,2023-09-20,2021-09-20,past_due
SUB-2952,SAAS-151,platform,48,493.41,2022-03-18,11/23/2020,active
SUB-2953,SAAS-379,api,37,69.13,2023-02-04,08/18/2022,active
SUB-2954,SAAS-311,modules,35,485.29,2023-01-02,2022-04-21,active
SUB-2955,SAAS-20,modules,50,492,2023-06-23,2023-10-09,active
SUB-2956,SAAS-193,platform,-2,299,2022-06-10,2024-02-15,active
SUB-2957,SAAS-63,api,25,254.43,2024-04-18,14-02-2021,active
SUB-2958,SAAS-39,support,44,139,2024-06-20,09/26/2023,active
SUB-2959,SAAS-232,platform,31,98.37,2024-07-17,2023-03-08,cancelled
SUB-2960,SAAS-314,platform,-8,55.76,19-06-2024,23-10-2024,active
SUB-2961,SAAS-49,api,17,17.66,2020-09-21,10/06/2024,past_due
SUB-2962,SAAS-289,api,43,277.35,2023-05-01,08/24/2020,active
SUB-2963,SAAS-237,platform,28,420.38,2021-09-14,2023-04-01,active
SUB-2964,SAAS-258,support,34,54.63,2024-03-22,2023-02-12,past_due
SUB-2965,SAAS-37,support,23,487.27,2021-03-20,2020-01-14,active
SUB-2966,SAAS-382,api,21,275.43,2024-03-15,04-11-2024,active
SUB-2967,SAAS-340,platform,6,225,2022-03-22,25-01-2020,past_due
SUB-2968,SAAS-60,modules,16,157,2021-08-27,13-04-2021,active
SUB-2969,SAAS-300,api,45,322.14,2024-12-04,2024-10-13,active
SUB-2970,SAAS-148,support,10,35.9,2021-11-20,11/16/2022,cancelled
SUB-2971,SAAS-89,modules,36,505.14,2021-10-12,2022-06-19,past_due
SUB-2972,SAAS-264,support,25,383.94,2021-08-18,2021-07-21,active
SUB-2973,SAAS-65,platform,43,286,2020-04-28,09-10-2024,active
SUB-2974,SAAS-199,platform,13,449,2023-03-21,2023-01-12,past_due
SUB-2975,SAAS-261,platform,-4,493.48,2021-11-01,2024-12-18,cancelled
SUB-2976,SAAS-324,modules,25,41,2021-01-26,2023-05-21,past_due
SUB-2977,SAAS-68,api,30,438.07,19-09-2023,09-03-2021,active
SUB-2978,SAAS-190,api,14,37.41,2023-02-20,2023-04-21,active
SUB-2979,SAAS-336,platform,12,372.27,2022-12-26,2023-04-15,cancelled
SUB-2980,SAAS-42,modules,2,333.11,22-03-2024,10-07-2021,past_due
SUB-2981,SAAS-252,modules,48,499,2024-10-05,2023-06-28,active
SUB-2982,SAAS-177,modules,8,199,2022-05-13,02/09/2023,cancelled
SUB-2983,SAAS-153,support,23,199.12,2023-07-19,2022-01-12,past_due
SUB-2984,SAAS-196,platform,44,33.64,2023-10-25,2023-07-07,cancelled
SUB-2985,SAAS-331,platform,16,139.91,07-06-2021,04/01/2023,active
SUB-2986,SAAS-176,support,16,469.52,2020-09-06,09/12/2022,active
SUB-2987,SAAS-103,support,24,342.34,2021-08-06,2021-10-04,cancelled
SUB-2988,SAAS-282,api,4,507.69,01-05-2024,08/25/2020,past_due
SUB-2989,SAAS-198,api,-4,360.05,2023-07-27,04-07-2020,active
SUB-2990,SAAS-303,platform,47,148.68,2023-08-05,09/01/2022,past_due
SUB-2991,SAAS-371,api,-6,173.47,2023-02-08,22-02-2023,cancelled
SUB-2992,SAAS-208,platform,15,231,2020-06-28,07/08/2024,active
SUB-2993,SAAS-9,modules,4,226.42,06-02-2022,2021-09-28,active
SUB-2994,SAAS-147,support,47,442.02,2023-09-09,2023-03-18,past_due
SUB-2995,SAAS-332,api,30,315,2021-06-16,2021-08-05,past_due
SUB-2996,SAAS-229,platform,32,368,2023-12-22,10/20/2020,past_due
SUB-2997,SAAS-236,api,12,117.36,2024-01-02,2023-12-12,active
SUB-2998,SAAS-289,modules,18,39,03-04-2023,11/21/2024,active
SUB-2999,SAAS-119,platform,22,430.31,02-10-2020,03-03-2024,active
SUB-3000,SAAS-215,modules,4,508.83,2020-01-28,2023-08-20,active
