invoice_id,customer_id,quotation_id,invoice_date,due_date,amount,status
MI-1,MC-680,Q-826,11/24/2026,2027-01-01,"198 427,00",overdue
MI-2,MC-1191,Q-296,2026-08-20,27-04-2025,223862,paid
MI-3,MC-849,Q-1439,2024-01-22,02/12/2024,86 721,OVERDUE
MI-4,MC-428,Q-553,08/06/2026,2024-12-14,"1 502 717,00",OVERDUE
MI-5,MC-1354,Q-1177,09/03/2024,2025-02-01,401 580,OVERDUE
MI-6,MC-948,Q-1047,2025-09-26,2027-08-04,939142,overdue
MI-7,MC-669,Q-523,04/06/2024,2024-02-16,1199620,OVERDUE
MI-8,MC-1110,Q-287,2026-02-24,2027-02-22,1103257,overdue
MI-9,MC-1360,Q-225,2026-04-22,2024-12-03,"$1,479,841.00",overdue
MI-10,MC-1102,Q-623,2025-02-15,2027-08-12,1617310,overdue
MI-11,MC-886,Q-761,19-11-2026,2024-10-15,"$598,225.00",paid
MI-12,MC-1332,Q-326,2026-07-22,2027-02-02,1848146,overdue
MI-13,MC-945,Q-417,2025-08-19,10/14/2026,"181 776,00",PAID
MI-14,MC-1044,Q-1144,2025-12-03,2024-02-24,555546,PAID
MI-15,MC-1315,Q-986,07/08/2025,2026-06-16,1085295,PAID
MI-16,MC-111,Q-266,2024-05-04,2026-03-15,"$1,998,221.00",pending
MI-17,MC-620,Q-881,2024-11-26,2027-09-05,"$192,847.00",overdue
MI-18,MC-388,Q-960,10/04/2025,10/26/2026,1 018 835,overdue
MI-19,MC-469,Q-778,2025-03-04,2027-03-23,"$555,441.00",overdue
MI-20,MC-710,Q-248,2026-04-02,2024-02-26,383787,overdue
MI-21,MC-625,Q-1295,07/14/2024,2027-09-13,762271,overdue
MI-22,MC-1157,Q-18,09/25/2026,05-03-2025,1347678,overdue
MI-23,MC-125,Q-36,2024-04-15,2027-03-03,"$759,910.00",overdue
MI-24,MC-755,Q-1263,07/08/2024,09/21/2025,622947,pending
MI-25,MC-1182,Q-743,05-02-2025,2026-01-16,"$1,188,970.00",overdue
MI-26,MC-1117,Q-990,2026-10-05,2025-02-26,235593,paid
MI-27,MC-1226,Q-653,2024-12-14,03/11/2024,1565731,overdue
MI-28,MC-373,Q-1094,11/17/2025,2027-10-06,"$1,990,743.00",overdue
MI-29,MC-461,Q-178,06/12/2024,2024-09-28,1711213,PAID
MI-30,MC-789,Q-670,11/24/2025,2027-04-24,"$14,174.00",overdue
MI-31,MC-701,Q-907,2025-01-02,11/15/2024,1788434,overdue
MI-32,MC-333,Q-797,01/25/2024,2027-10-14,1 275 432,overdue
MI-33,MC-144,Q-307,2025-07-19,01/20/2025,1 455 498,pending
MI-34,MC-1104,Q-539,11/14/2024,2027-04-04,"$283,608.00",overdue
MI-35,MC-351,Q-463,2026-06-09,28-11-2026,643 269,pending
MI-36,MC-855,Q-1075,2024-12-09,12/07/2025,44114,overdue
MI-37,MC-430,Q-1342,05/14/2024,07/27/2024,1 101 786,PAID
MI-38,MC-421,Q-556,2026-04-06,05/26/2024,"1 632 093,00",overdue
MI-39,MC-920,Q-1159,06/17/2025,2027-11-07,"$1,984,991.00",overdue
MI-40,MC-514,Q-329,2025-01-21,01/17/2024,963685,PAID
MI-41,MC-458,Q-548,2025-04-04,2027-05-25,"538 688,00",overdue
MI-42,MC-1309,Q-607,2026-05-27,2024-07-17,"170 976,00",pending
MI-43,MC-1092,Q-1100,04/18/2026,2027-11-15,"$869,537.00",overdue
MI-44,MC-913,Q-169,01/11/2024,02/24/2025,1727157,pending
MI-45,MC-328,Q-129,05/17/2024,2027-05-05,1615467,overdue
MI-46,MC-319,Q-1143,2024-03-23,2026-10-25,1 889 597,paid
MI-47,MC-1099,Q-740,2025-01-04,11/04/2024,"1 751 081,00",OVERDUE
MI-48,MC-1215,Q-1080,2026-05-04,17-08-2025,"1 079 825,00",OVERDUE
MI-49,MC-799,Q-21,08/25/2025,2026-11-18,722 403,pending
MI-50,MC-18,Q-1167,2026-02-21,2027-12-08,180349,overdue
MI-51,MC-868,Q-1180,2025-11-16,2025-08-12,1982616,OVERDUE
MI-52,MC-6,Q-1136,2025-03-28,2027-06-26,"$1,191,358.00",overdue
MI-53,MC-1144,Q-254,2026-06-10,07/08/2026,1367453,paid
MI-54,MC-937,Q-193,2024-10-22,2027-12-16,1091217,overdue
MI-55,MC-1383,Q-650,2025-08-12,05/13/2024,"$856,994.00",pending
MI-56,MC-540,Q-1193,04/20/2024,2027-06-06,625275,overdue
MI-57,MC-1091,Q-1070,09/24/2024,09/11/2026,325421,overdue
MI-58,MC-111,Q-1029,2026-07-23,2026-05-11,1149803,paid
MI-59,MC-111,Q-973,21-05-2025,27-05-2025,1635865,OVERDUE
MI-60,MC-650,Q-138,09/25/2025,07/13/2024,"1 075 451,00",pending
MI-61,MC-1251,Q-721,05-04-2024,2027-01-09,738 333,overdue
MI-62,MC-544,Q-501,09/13/2024,10/25/2025,"456 562,00",OVERDUE
MI-63,MC-692,Q-131,2025-06-07,2027-07-27,1111741,overdue
MI-64,MC-573,Q-724,09-11-2025,05/04/2026,"1 296 103,00",paid
MI-65,MC-722,Q-703,13-06-2024,2027-01-17,"115 473,00",overdue
MI-66,MC-994,Q-711,2024-09-12,07/12/2025,1278112,paid
MI-67,MC-918,Q-1099,2026-10-11,2027-07-07,1835303,overdue
MI-68,MC-1253,Q-826,01/16/2026,2024-08-23,"1 389 596,00",OVERDUE
MI-69,MC-769,Q-860,07/10/2024,2026-04-18,"473 642,00",overdue
MI-70,MC-504,Q-359,26-08-2026,08/07/2024,1 181 489,pending
MI-71,MC-703,Q-360,14-03-2026,2024-06-17,"$1,086,158.00",PAID
MI-72,MC-358,Q-705,26-12-2024,2027-02-10,"$824,357.00",overdue
MI-73,MC-494,Q-1397,02/19/2026,2025-05-24,849 852,PAID
MI-74,MC-1320,Q-43,20-02-2024,2027-08-28,"1 156 111,00",overdue
MI-75,MC-796,Q-60,23-02-2025,05/04/2025,1379135,overdue
MI-76,MC-704,Q-1060,04/21/2026,2027-02-18,542 791,overdue
MI-77,MC-1070,Q-463,2025-07-10,2026-04-01,1060452,overdue
MI-78,MC-1130,Q-945,11/16/2026,2027-08-08,1281704,overdue
MI-79,MC-427,Q-1351,03-06-2026,09/14/2024,"$1,817,462.00",overdue
MI-80,MC-1268,Q-37,2024-06-08,02/14/2025,1731098,paid
MI-81,MC-1179,Q-854,2026-04-16,2026-02-12,"$357,440.00",OVERDUE
MI-82,MC-128,Q-530,2025-06-07,03/27/2025,784235,PAID
MI-83,MC-1000,Q-1251,11/27/2024,2027-03-11,1073452,overdue
MI-84,MC-1061,Q-752,2024-08-12,01/20/2026,"$250,659.00",pending
MI-85,MC-1160,Q-95,19-02-2025,2027-09-01,"$134,601.00",overdue
MI-86,MC-333,Q-830,2024-03-03,12/16/2024,"1 853 706,00",OVERDUE
MI-87,MC-1181,Q-180,12-02-2025,2027-03-19,"1 825 623,00",overdue
MI-88,MC-1080,Q-810,14-06-2024,2025-12-12,833182,pending
MI-89,MC-1131,Q-1159,11/14/2026,2027-09-09,"$551,832.00",overdue
MI-90,MC-15,Q-1068,22-02-2025,2025-06-23,"$1,349,807.00",pending
MI-91,MC-1064,Q-841,2025-11-15,13-05-2026,"$1,412,726.00",pending
MI-92,MC-1369,Q-1274,08-06-2026,12/20/2026,402589,paid
MI-93,MC-617,Q-363,08/03/2025,07/25/2025,"$1,629,042.00",paid
MI-94,MC-285,Q-1025,2025-09-05,2027-04-12,"$341,459.00",overdue
MI-95,MC-966,Q-399,2026-01-05,2024-04-09,291146,OVERDUE
MI-96,MC-947,Q-1352,04/18/2026,2027-10-02,"$124,506.00",overdue
MI-97,MC-813,Q-432,04/03/2025,27-06-2026,1349987,paid
MI-98,MC-39,Q-1488,08/12/2026,2027-04-20,"98 849,00",overdue
MI-99,MC-1003,Q-1307,04/14/2026,07/09/2026,1825511,PAID
MI-100,MC-489,Q-1148,02-05-2026,2027-10-10,"37 474,00",overdue
MI-101,MC-737,Q-386,2024-10-12,07/27/2024,757227,pending
MI-102,MC-969,Q-106,06/27/2025,2025-03-15,1613722,OVERDUE
MI-103,MC-566,Q-92,2026-10-26,2025-10-24,580391,overdue
MI-104,MC-424,Q-429,2026-01-13,2024-12-06,"$568,860.00",pending
MI-105,MC-380,Q-55,06/28/2026,2027-05-13,59037,overdue
MI-106,MC-484,Q-434,04/20/2025,07-04-2026,1049685,pending
MI-107,MC-1043,Q-643,2024-12-20,2027-11-03,175115,overdue
MI-108,MC-562,Q-1231,03/18/2024,2025-10-12,"$1,808,669.00",PAID
MI-109,MC-516,Q-1441,2025-06-04,2027-05-21,1422119,overdue
MI-110,MC-1176,Q-739,2024-11-02,2025-09-24,879635,paid
MI-111,MC-342,Q-267,10/06/2025,2027-11-11,798469,overdue
MI-112,MC-1318,Q-674,14-06-2026,2024-08-10,"1 230 674,00",PAID
MI-113,MC-521,Q-722,01/10/2026,2024-09-28,1658893,OVERDUE
MI-114,MC-469,Q-379,2025-12-07,2025-04-24,"$1,760,831.00",PAID
MI-115,MC-856,Q-30,2024-11-05,02/21/2025,1031398,PAID
MI-116,MC-772,Q-1248,01/14/2025,2027-06-14,1380898,overdue
MI-117,MC-859,Q-490,2024-07-02,2024-09-10,498 441,pending
MI-118,MC-784,Q-751,2024-05-01,2027-12-04,1243840,overdue
MI-119,MC-539,Q-856,2025-04-07,2025-02-08,"1 515 208,00",paid
MI-120,MC-1099,Q-747,06/16/2024,2027-06-22,"$672,797.00",overdue
MI-121,MC-562,Q-1469,03/15/2024,2026-07-06,"$803,227.00",overdue
MI-122,MC-125,Q-113,2024-04-08,2027-12-12,1697006,overdue
MI-123,MC-337,Q-930,25-03-2024,05/09/2025,"$470,928.00",overdue
MI-124,MC-771,Q-964,2026-11-02,2026-07-25,648439,OVERDUE
MI-125,MC-1353,Q-13,2025-12-05,2024-01-21,"1 247 061,00",pending
MI-126,MC-336,Q-158,11/24/2025,24-12-2026,76669,overdue
MI-127,MC-590,Q-1076,2026-07-23,2027-07-15,"$1,012,151.00",overdue
MI-128,MC-729,Q-807,03/03/2026,2025-03-06,427 681,pending
MI-129,MC-838,Q-658,01-04-2025,2027-01-05,"$378,416.00",overdue
MI-130,MC-621,Q-1170,07/11/2024,2024-12-22,"$890,153.00",pending
MI-131,MC-979,Q-1336,02-06-2026,2027-07-23,"$1,495,372.00",overdue
MI-132,MC-476,Q-484,08/02/2026,2025-08-08,393819,PAID
MI-133,MC-1022,Q-322,2026-05-25,2027-01-13,1019381,overdue
MI-134,MC-892,Q-591,05/25/2024,05-09-2026,1075758,overdue
MI-135,MC-649,Q-1307,2026-09-24,2024-01-16,307 661,pending
MI-136,MC-302,Q-1371,2024-05-05,05/07/2024,478718,PAID
MI-137,MC-1178,Q-614,2024-08-07,2026-07-07,"$139,800.00",pending
MI-138,MC-826,Q-994,2024-11-28,2027-08-16,"$1,849,292.00",overdue
MI-139,MC-1339,Q-1152,2026-10-16,2024-03-15,1471916,PAID
MI-140,MC-1121,Q-233,2024-10-27,2027-02-06,"$949,576.00",overdue
MI-141,MC-407,Q-967,20-07-2024,10/15/2026,"$913,006.00",pending
MI-142,MC-456,Q-684,2026-06-03,2027-08-24,1588142,overdue
MI-143,MC-430,Q-728,05/21/2025,28-10-2025,700764,OVERDUE
MI-144,MC-547,Q-325,01-10-2024,2027-02-14,1728504,overdue
MI-145,MC-1252,Q-1397,05/28/2025,2024-10-01,411610,PAID
MI-146,MC-942,Q-918,04-01-2024,2024-06-23,1624286,pending
MI-147,MC-1150,Q-30,01/08/2026,2024-04-02,32779,pending
MI-148,MC-1156,Q-713,27-11-2025,09/04/2026,1295768,OVERDUE
MI-149,MC-312,Q-1255,2024-05-21,2027-09-17,1821166,overdue
MI-150,MC-1042,Q-983,2024-03-25,22-11-2024,"$1,530,659.00",OVERDUE
MI-151,MC-1342,Q-758,01/22/2026,2027-03-07,265868,overdue
MI-152,MC-425,Q-366,2026-10-09,09/13/2024,1871434,OVERDUE
MI-153,MC-614,Q-99,2025-06-15,2027-09-25,474 067,overdue
MI-154,MC-823,Q-752,2024-05-26,2024-03-02,1715063,pending
MI-155,MC-614,Q-943,2026-09-11,2027-03-15,987765,overdue
MI-156,MC-1008,Q-1463,13-05-2026,13-10-2025,1 654 584,OVERDUE
MI-157,MC-841,Q-980,2024-01-28,04/28/2026,1384104,overdue
MI-158,MC-1302,Q-636,06/15/2024,11/13/2024,248705,paid
MI-159,MC-977,Q-161,2024-12-18,28-08-2024,"1 718 075,00",paid
MI-160,MC-1367,Q-662,10/12/2024,2027-10-18,"$1,743,139.00",overdue
MI-161,MC-1078,Q-873,10/21/2025,2024-11-06,1068971,pending
MI-162,MC-307,Q-373,2024-10-25,2027-04-08,1662942,overdue
MI-163,MC-751,Q-749,05-04-2025,2024-05-06,"1 518 333,00",OVERDUE
MI-164,MC-590,Q-1028,2026-02-16,2027-10-26,1925327,overdue
MI-165,MC-993,Q-700,13-10-2025,01/06/2024,88243,overdue
MI-166,MC-439,Q-923,14-11-2024,2027-04-16,"$740,605.00",overdue
MI-167,MC-605,Q-1239,2024-06-08,2025-12-05,840980,PAID
MI-168,MC-737,Q-1196,04-01-2025,07/17/2026,"961 823,00",PAID
MI-169,MC-15,Q-536,2025-08-14,2025-09-04,"$836,150.00",pending
MI-170,MC-1131,Q-331,12/04/2025,2026-03-07,1866673,OVERDUE
MI-171,MC-928,Q-219,2024-06-05,2027-11-19,1 298 690,overdue
MI-172,MC-1097,Q-109,2024-10-24,05-06-2025,"$428,090.00",pending
MI-173,MC-486,Q-101,2024-01-13,2027-05-09,358125,overdue
MI-174,MC-409,Q-401,2025-04-12,2025-12-05,160716,PAID
MI-175,MC-1042,Q-1308,12/22/2026,2027-11-27,205999,overdue
MI-176,MC-1115,Q-911,2025-01-05,04/15/2026,1288881,OVERDUE
MI-177,MC-1291,Q-707,2025-10-05,2027-05-17,498518,overdue
MI-178,MC-124,Q-1391,2024-08-07,24-08-2025,1811813,PAID
MI-179,MC-313,Q-328,09/16/2026,05/12/2025,1688430,paid
MI-180,MC-587,Q-1025,11/24/2024,05/20/2026,"$840,558.00",paid
MI-181,MC-388,Q-607,25-09-2026,2025-08-11,554 094,PAID
MI-182,MC-905,Q-76,09-05-2026,2027-12-20,15245,overdue
MI-183,MC-1361,Q-1385,06-03-2024,2025-07-12,"$1,657,061.00",pending
MI-184,MC-1081,Q-760,07/20/2025,2027-06-10,"$1,387,586.00",overdue
MI-185,MC-955,Q-932,2025-12-03,16-05-2024,111048,paid
MI-186,MC-630,Q-795,08/22/2026,2027-12-28,139602,overdue
MI-187,MC-127,Q-535,2025-10-16,02/10/2025,1451525,PAID
MI-188,MC-1268,Q-1081,12-08-2025,2027-06-18,"$420,679.00",overdue
MI-189,MC-1327,Q-968,2026-09-14,04/15/2026,1217317,OVERDUE
MI-190,MC-468,Q-284,15-04-2026,08/04/2026,"$340,935.00",paid
MI-191,MC-1244,Q-1070,2024-05-14,02/16/2026,"$1,710,864.00",PAID
MI-192,MC-1001,Q-665,04/04/2024,03/23/2025,960 296,OVERDUE
MI-193,MC-916,Q-750,03-09-2025,2027-01-21,770 797,overdue
MI-194,MC-826,Q-770,2025-07-21,2026-06-13,"$560,851.00",overdue
MI-195,MC-1167,Q-295,2025-09-26,2027-07-11,255434,overdue
MI-196,MC-907,Q-12,08-08-2025,2026-09-09,"$890,259.00",paid
MI-197,MC-1228,Q-647,06/11/2026,2027-01-01,"981 577,00",overdue
MI-198,MC-782,Q-455,10-07-2026,06/11/2026,1627258,OVERDUE
MI-199,MC-1269,Q-789,15-03-2024,2027-07-19,1 266 946,overdue
MI-200,MC-1093,Q-372,09/14/2026,02/11/2026,382 095,PAID
MI-201,MC-634,Q-1212,12-02-2025,09/24/2024,"$1,948,998.00",overdue
MI-202,MC-1196,Q-1109,11/01/2025,01-11-2025,629 580,PAID
MI-203,MC-1231,Q-961,2024-10-11,06/07/2025,"$1,002,502.00",pending
MI-204,MC-1239,Q-274,2025-11-07,2027-02-22,302305,overdue
MI-205,MC-833,Q-744,2024-10-03,04/25/2026,729 344,OVERDUE
MI-206,MC-1162,Q-120,04/02/2024,2027-08-12,1719252,overdue
MI-207,MC-1086,Q-1130,2025-09-27,2025-11-24,"$204,060.00",PAID
MI-208,MC-529,Q-702,02/06/2025,2027-02-02,"$86,373.00",overdue
MI-209,MC-653,Q-484,05-02-2025,04/14/2025,1 061 021,pending
MI-210,MC-878,Q-1378,2026-05-19,2027-08-20,"$556,639.00",overdue
MI-211,MC-779,Q-928,03/01/2024,2025-04-22,"373 575,00",overdue
MI-212,MC-1135,Q-1488,2026-11-07,2025-03-01,1 757 436,paid
MI-213,MC-292,Q-844,2024-12-25,15-03-2026,"$1,537,059.00",OVERDUE
MI-214,MC-1322,Q-32,2024-12-11,2024-03-20,846224,pending
MI-215,MC-304,Q-636,2024-09-08,2027-03-23,1707052,overdue
MI-216,MC-962,Q-344,12-07-2024,2024-12-05,1595482,OVERDUE
MI-217,MC-1113,Q-1448,2025-05-20,2027-09-13,"1 573 728,00",overdue
MI-218,MC-853,Q-542,2026-01-13,2026-03-07,1164786,paid
MI-219,MC-407,Q-1408,2025-06-28,2027-03-03,"$540,319.00",overdue
MI-220,MC-1038,Q-562,2025-05-06,05/12/2024,"$198,819.00",paid
MI-221,MC-3,Q-514,02/09/2026,2027-09-21,"$1,448,641.00",overdue
MI-222,MC-298,Q-444,2024-04-08,2025-01-08,673341,overdue
MI-223,MC-1054,Q-33,02-06-2024,10/08/2026,"$1,949,016.00",paid
MI-224,MC-1118,Q-296,03-08-2026,2025-07-07,"$709,635.00",paid
MI-225,MC-299,Q-558,04/26/2026,2024-04-09,"$121,670.00",OVERDUE
MI-226,MC-660,Q-12,26-05-2026,2027-04-24,1492712,overdue
MI-227,MC-731,Q-1356,2025-03-27,2025-09-24,"$247,517.00",paid
MI-228,MC-1174,Q-871,09/11/2026,2027-10-14,387629,overdue
MI-229,MC-918,Q-1179,12/27/2026,2026-04-06,"$1,486,775.00",OVERDUE
MI-230,MC-1146,Q-195,01/15/2024,2027-04-04,"$765,200.00",overdue
MI-231,MC-679,Q-438,2025-04-18,2024-05-07,512 385,paid
MI-232,MC-962,Q-616,2025-03-08,2027-10-22,1419742,overdue
MI-233,MC-1106,Q-265,2024-08-17,22-02-2024,81 493,OVERDUE
MI-234,MC-888,Q-180,03-11-2026,01/13/2024,"$614,039.00",paid
MI-235,MC-928,Q-1153,2024-01-03,2026-07-25,1885487,paid
MI-236,MC-1295,Q-363,10/05/2026,2026-06-26,1429243,PAID
MI-237,MC-1189,Q-1345,07-09-2024,2027-05-25,"$1,608,117.00",overdue
MI-238,MC-833,Q-598,07/25/2024,2026-01-03,"999 437,00",overdue
MI-239,MC-766,Q-1283,14-07-2025,2027-11-15,508944,overdue
MI-240,MC-550,Q-737,06-06-2025,2024-10-18,1603196,paid
MI-241,MC-395,Q-1361,15-12-2025,2027-05-05,807722,overdue
MI-242,MC-675,Q-1082,2025-01-23,2024-04-09,289304,OVERDUE
MI-243,MC-382,Q-729,2024-02-25,2027-11-23,1276976,overdue
MI-244,MC-935,Q-200,2024-07-22,01/23/2025,186118,pending
MI-245,MC-953,Q-1149,10/27/2025,2026-12-11,532249,PAID
MI-246,MC-1124,Q-1127,2025-04-17,10/01/2024,1873708,pending
MI-247,MC-733,Q-31,2024-07-22,02/17/2025,"$490,664.00",paid
MI-248,MC-942,Q-1309,05/03/2026,2027-06-26,240055,overdue
MI-249,MC-1398,Q-302,2025-02-19,08/23/2025,1 275 034,pending
MI-250,MC-704,Q-808,12-05-2026,2027-12-16,"$1,791,759.00",overdue
MI-251,MC-1258,Q-1444,01/19/2026,16-07-2025,1347152,PAID
MI-252,MC-1393,Q-1187,2024-12-07,2027-06-06,"$18,948.00",overdue
MI-253,MC-149,Q-589,2026-03-01,02/28/2025,"$228,060.00",overdue
MI-254,MC-145,Q-633,01/09/2025,2027-12-24,1391249,overdue
MI-255,MC-370,Q-796,2025-12-09,11-12-2024,1389815,pending
MI-256,MC-517,Q-684,03/19/2025,07-09-2025,"1 983 375,00",pending
MI-257,MC-1091,Q-637,01/10/2026,2026-10-09,"$938,187.00",overdue
MI-258,MC-378,Q-359,2025-01-15,08/15/2024,1767305,pending
MI-259,MC-1164,Q-1116,2025-01-20,2027-07-27,"$1,060,087.00",overdue
MI-260,MC-640,Q-407,2024-10-01,12/12/2026,"$1,144,308.00",pending
MI-261,MC-1078,Q-414,05/04/2025,2027-01-17,"$436,560.00",overdue
MI-262,MC-485,Q-789,2026-08-09,18-12-2026,"1 776 455,00",paid
MI-263,MC-922,Q-330,07/17/2026,2027-07-07,1 808 199,overdue
MI-264,MC-973,Q-621,01-10-2026,2025-07-02,"$1,576,334.00",PAID
MI-265,MC-977,Q-1320,2025-02-27,2027-01-25,1289811,overdue
MI-266,MC-485,Q-1054,01/21/2025,08/28/2026,"$458,962.00",PAID
MI-267,MC-915,Q-1285,2024-12-26,2024-09-11,"$587,761.00",paid
MI-268,MC-773,Q-361,2024-01-25,2024-03-05,"$1,328,481.00",overdue
MI-269,MC-1333,Q-404,2026-01-05,17-09-2026,"$903,110.00",OVERDUE
MI-270,MC-1086,Q-1367,20-06-2024,2027-08-28,1573440,overdue
MI-271,MC-994,Q-1274,2025-02-28,2025-08-12,"$1,598,302.00",pending
MI-272,MC-447,Q-1252,01/27/2024,2027-02-18,978536,overdue
MI-273,MC-1051,Q-999,2026-02-22,11-10-2026,917267,PAID
MI-274,MC-1345,Q-1454,10/26/2026,2027-08-08,"$1,499,364.00",overdue
MI-275,MC-1385,Q-773,2024-04-05,11/06/2025,"$1,389,838.00",OVERDUE
MI-276,MC-1322,Q-312,06/02/2025,2027-02-26,1706452,overdue
MI-277,MC-437,Q-1481,03/24/2024,2024-02-13,"1 378 074,00",OVERDUE
MI-278,MC-604,Q-513,2025-01-14,2025-05-26,586597,pending
MI-279,MC-749,Q-113,12/02/2025,05/12/2025,29609,PAID
MI-280,MC-1189,Q-951,23-10-2024,01/04/2025,1938736,PAID
MI-281,MC-416,Q-234,2026-02-13,2027-09-01,"$1,161,283.00",overdue
MI-282,MC-1292,Q-125,2025-02-27,2025-06-10,"$400,564.00",pending
MI-283,MC-729,Q-987,2024-02-03,2027-03-19,"$354,299.00",overdue
MI-284,MC-1092,Q-540,2026-06-16,24-11-2026,"$748,501.00",PAID
MI-285,MC-1078,Q-953,2025-10-12,2027-09-09,"1 529 260,00",overdue
MI-286,MC-1138,Q-1033,03/15/2025,12-08-2025,"1 776 887,00",overdue
MI-287,MC-929,Q-663,2026-09-05,2027-03-27,"$34,569.00",overdue
MI-288,MC-631,Q-1164,2025-06-26,12/14/2025,1062410,overdue
MI-289,MC-1097,Q-676,10-09-2024,02-09-2025,740 907,pending
MI-290,MC-1131,Q-899,2024-05-25,2026-05-28,"$835,052.00",overdue
MI-291,MC-935,Q-285,2026-08-16,2024-06-23,"1 238 949,00",PAID
MI-292,MC-2,Q-1,28-08-2025,2027-10-02,"$583,687.00",overdue
MI-293,MC-622,Q-600,26-02-2025,2026-10-25,1150454,overdue
MI-294,MC-865,Q-249,02/14/2025,2027-04-20,1099524,overdue
MI-295,MC-434,Q-1438,08/24/2026,25-06-2024,"$1,766,872.00",paid
MI-296,MC-1074,Q-1055,2026-01-19,2027-10-10,633175,overdue
MI-297,MC-536,Q-1497,2026-12-05,01/12/2025,"691 731,00",paid
MI-298,MC-338,Q-664,2026-04-17,2027-04-28,696478,overdue
MI-299,MC-306,Q-1091,07-10-2026,02/04/2026,"$412,525.00",pending
MI-300,MC-35,Q-719,07/02/2025,03/11/2024,"$458,150.00",OVERDUE
MI-301,MC-410,Q-567,26-12-2025,2026-04-20,"$1,863,978.00",overdue
MI-302,MC-804,Q-309,2026-04-08,2026-08-28,155055,paid
MI-303,MC-877,Q-1028,15-08-2025,2027-11-03,876721,overdue
MI-304,MC-1176,Q-1105,2025-01-06,01/17/2024,"$1,601,782.00",OVERDUE
MI-305,MC-785,Q-798,01/06/2025,2027-05-21,978986,overdue
MI-306,MC-607,Q-514,10/09/2026,04-11-2025,144266,pending
MI-307,MC-1179,Q-1342,2024-07-03,2027-11-11,"1 118 142,00",overdue
MI-308,MC-781,Q-999,11/14/2026,07/27/2025,636145,OVERDUE
MI-309,MC-1312,Q-1107,2024-01-23,2027-05-01,1567920,overdue
MI-310,MC-1285,Q-1333,02/26/2026,02/02/2026,109450,pending
MI-311,MC-669,Q-109,01/16/2026,18-01-2024,"$1,799,257.00",overdue
MI-312,MC-829,Q-1046,28-03-2024,2026-04-04,"1 348 505,00",paid
MI-313,MC-729,Q-1424,03/17/2025,11/12/2024,316929,pending
MI-314,MC-409,Q-573,03/13/2026,2027-12-04,"1 567 065,00",overdue
MI-315,MC-903,Q-451,2026-11-02,2025-01-25,"$529,768.00",paid
MI-316,MC-801,Q-806,07/24/2025,2027-06-22,1373426,overdue
MI-317,MC-546,Q-184,14-08-2025,2025-01-06,"1 847 694,00",pending
MI-318,MC-1069,Q-1329,08/20/2025,2027-12-12,"$800,440.00",overdue
MI-319,MC-989,Q-1203,01/12/2024,25-10-2026,"$714,570.00",paid
MI-320,MC-1368,Q-281,2025-09-02,2027-06-02,"$111,151.00",overdue
MI-321,MC-1152,Q-379,09/03/2026,2025-03-13,1859925,OVERDUE
MI-322,MC-945,Q-1218,11/05/2024,24-08-2024,"$859,946.00",pending
MI-323,MC-1108,Q-1003,2025-04-12,01/08/2024,"$720,339.00",PAID
MI-324,MC-1062,Q-1441,02/16/2025,2026-11-25,1865723,PAID
MI-325,MC-11,Q-420,16-02-2026,2027-01-05,964330,overdue
MI-326,MC-1380,Q-1094,09/17/2026,2025-04-15,"$1,723,964.00",OVERDUE
MI-327,MC-749,Q-706,2026-03-18,2027-07-23,"$1,724,151.00",overdue
MI-328,MC-814,Q-183,10-07-2024,11-11-2025,140646,PAID
MI-329,MC-970,Q-1311,2024-11-12,2027-01-13,1 066 298,overdue
MI-330,MC-890,Q-1269,2025-12-28,2025-07-09,799530,paid
MI-331,MC-852,Q-746,2025-02-17,2027-07-03,"$1,588,014.00",overdue
MI-332,MC-427,Q-100,2025-06-21,11/17/2025,930332,paid
MI-333,MC-1350,Q-767,11/04/2025,2025-06-14,1 925 872,PAID
MI-334,MC-131,Q-952,2025-06-11,12/17/2025,"$1,358,115.00",PAID
MI-335,MC-727,Q-238,2026-02-16,08-03-2025,12402,OVERDUE
MI-336,MC-29,Q-64,25-11-2025,2027-02-06,"$1,764,054.00",overdue
MI-337,MC-659,Q-53,2026-11-11,2025-05-20,825794,overdue
MI-338,MC-355,Q-880,06/18/2025,2027-08-24,640 346,overdue
MI-339,MC-1110,Q-327,08/11/2026,11-02-2025,1302045,OVERDUE
MI-340,MC-1134,Q-1061,2025-10-13,2027-02-14,186555,overdue
MI-341,MC-337,Q-474,2026-12-11,2025-06-13,"$1,560,067.00",pending
MI-342,MC-1343,Q-1184,2024-07-22,2027-08-04,"$1,616,310.00",overdue
MI-343,MC-765,Q-1115,2024-07-26,05-02-2025,"$116,487.00",pending
MI-344,MC-348,Q-272,2026-07-07,02/01/2025,"$1,963,844.00",pending
MI-345,MC-654,Q-615,2024-05-28,05/14/2026,552297,PAID
MI-346,MC-978,Q-944,2026-11-15,16-01-2025,"$300,351.00",pending
MI-347,MC-1326,Q-976,2024-04-02,2027-03-07,"$267,368.00",overdue
MI-348,MC-525,Q-107,2026-07-27,2024-12-19,"$1,954,536.00",PAID
MI-349,MC-1053,Q-1077,08-04-2026,2027-09-25,1 040 923,overdue
MI-350,MC-1278,Q-663,04-02-2026,2025-01-11,"$1,510,834.00",paid
MI-351,MC-1032,Q-1336,01/12/2024,2027-03-15,1 035 229,overdue
MI-352,MC-558,Q-759,10-11-2025,05-11-2024,"1 654 758,00",PAID
MI-353,MC-31,Q-285,2026-01-10,2027-09-05,1189311,overdue
MI-354,MC-998,Q-167,2024-08-08,2025-10-14,1413559,PAID
MI-355,MC-284,Q-172,09/28/2026,2024-05-12,"$1,970,974.00",PAID
MI-356,MC-304,Q-1207,05/25/2026,01-02-2025,1631026,pending
MI-357,MC-599,Q-248,2024-02-13,2025-04-22,1079574,PAID
MI-358,MC-381,Q-575,05-05-2026,2027-04-08,"$1,993,075.00",overdue
MI-359,MC-1381,Q-1267,2026-01-13,2024-04-24,1079806,pending
MI-360,MC-1387,Q-941,03/10/2024,2027-10-26,771 631,overdue
MI-361,MC-458,Q-406,2026-03-02,20-03-2024,25973,paid
MI-362,MC-1093,Q-12,2026-09-01,2027-04-16,"$1,663,302.00",overdue
MI-363,MC-1172,Q-1060,06/16/2025,01/03/2024,1820010,OVERDUE
MI-364,MC-1126,Q-294,2025-07-12,2027-10-06,261479,overdue
MI-365,MC-26,Q-817,01/10/2026,01/11/2024,"$1,413,849.00",PAID
MI-366,MC-586,Q-225,07/05/2025,2024-05-03,1087007,OVERDUE
MI-367,MC-1235,Q-1243,2025-01-21,03/01/2026,1806196,OVERDUE
MI-368,MC-1396,Q-1353,06/17/2025,09/05/2026,867441,pending
MI-369,MC-298,Q-1475,07/17/2026,2027-05-09,"754 571,00",overdue
MI-370,MC-1259,Q-663,03/06/2024,12/07/2026,483718,pending
MI-371,MC-516,Q-680,02/28/2024,2027-11-27,928394,overdue
MI-372,MC-720,Q-1026,2026-04-11,01/14/2025,101 325,PAID
MI-373,MC-766,Q-788,08/26/2026,2027-05-17,"$1,990,873.00",overdue
MI-374,MC-341,Q-623,2024-03-08,2024-12-15,"1 753 776,00",PAID
MI-375,MC-379,Q-1255,2026-07-06,2027-11-07,160853,overdue
MI-376,MC-6,Q-1370,14-12-2025,07-10-2024,79372,pending
MI-377,MC-818,Q-1365,06/21/2026,19-07-2024,1624069,pending
MI-378,MC-873,Q-1015,2025-02-28,2025-03-23,"$1,508,700.00",paid
MI-379,MC-114,Q-1053,2026-09-17,08/25/2025,906576,overdue
MI-380,MC-1223,Q-15,12-11-2025,2027-06-10,1 007 014,overdue
MI-381,MC-1074,Q-27,01/18/2024,09/26/2026,1 051 776,paid
MI-382,MC-843,Q-1404,2025-10-16,2027-12-28,"533 142,00",overdue
MI-383,MC-689,Q-29,2024-03-24,2026-08-21,"$700,142.00",pending
MI-384,MC-482,Q-1182,2025-09-17,2027-06-18,"$309,160.00",overdue
MI-385,MC-388,Q-419,2024-01-13,11/06/2026,"$1,632,555.00",overdue
MI-386,MC-364,Q-543,2025-01-22,2027-12-08,1453542,overdue
MI-387,MC-1050,Q-467,15-10-2025,2025-09-15,"$1,113,911.00",overdue
MI-388,MC-284,Q-866,2025-12-07,2024-04-25,"$649,009.00",pending
MI-389,MC-1072,Q-643,10/23/2024,2024-10-16,837974,paid
MI-390,MC-873,Q-929,07/16/2026,05/27/2025,1713704,PAID
MI-391,MC-852,Q-103,11/16/2025,2027-07-11,"$1,315,778.00",overdue
MI-392,MC-1203,Q-935,01-03-2026,2024-07-13,"$533,548.00",paid
MI-393,MC-986,Q-968,2024-08-14,2027-01-01,465228,overdue
MI-394,MC-806,Q-1453,2024-01-13,14-06-2024,"$177,250.00",PAID
MI-395,MC-626,Q-314,2024-01-16,2027-07-19,107763,overdue
MI-396,MC-588,Q-584,23-11-2025,08/15/2026,1 232 930,PAID
MI-397,MC-934,Q-1282,12/19/2025,2027-01-09,1468180,overdue
MI-398,MC-517,Q-678,2026-11-23,07/16/2024,"1 848 067,00",paid
MI-399,MC-984,Q-130,2026-08-27,16-02-2025,"$652,216.00",OVERDUE
MI-400,MC-467,Q-1208,2025-06-13,2026-03-03,128221,overdue
MI-401,MC-1013,Q-1250,17-12-2025,2024-11-07,"$450,804.00",pending
MI-402,MC-656,Q-732,28-11-2026,2027-08-12,"$1,985,680.00",overdue
MI-403,MC-828,Q-404,2024-10-06,04/18/2025,"$1,357,783.00",OVERDUE
MI-404,MC-1104,Q-302,2026-10-14,2027-02-02,1365419,overdue
MI-405,MC-563,Q-652,11/19/2025,21-03-2024,1149602,overdue
MI-406,MC-143,Q-924,08-12-2024,2027-08-20,498701,overdue
MI-407,MC-956,Q-243,06/24/2026,09/14/2026,574667,OVERDUE
MI-408,MC-1183,Q-510,2025-08-20,2027-02-10,155180,overdue
MI-409,MC-870,Q-1497,2024-01-17,12/18/2026,"$1,288,032.00",overdue
MI-410,MC-999,Q-372,10-10-2024,19-10-2024,"1 124 134,00",PAID
MI-411,MC-987,Q-734,09/11/2025,01/19/2026,"$1,178,374.00",pending
MI-412,MC-1158,Q-1436,2025-12-07,2024-05-24,1262509,pending
MI-413,MC-1358,Q-1413,2025-01-19,2027-09-13,696547,overdue
MI-414,MC-1069,Q-784,09/26/2025,06/15/2025,"828 190,00",PAID
MI-415,MC-488,Q-1012,16-01-2025,2027-03-03,800463,overdue
MI-416,MC-349,Q-130,2025-10-13,2026-02-09,"458 906,00",OVERDUE
MI-417,MC-924,Q-952,07/11/2025,2027-09-21,"1 670 135,00",overdue
MI-418,MC-1096,Q-362,2024-11-05,2024-10-01,1049375,paid
MI-419,MC-1093,Q-1466,2025-10-01,2027-03-11,1117061,overdue
MI-420,MC-590,Q-212,2025-12-12,2026-04-26,410417,overdue
MI-421,MC-995,Q-1059,03/09/2025,06/01/2026,757812,PAID
MI-422,MC-620,Q-792,03/02/2026,2026-06-12,"775 670,00",OVERDUE
MI-423,MC-830,Q-250,2025-01-22,05/21/2026,1177814,paid
MI-424,MC-1013,Q-363,13-12-2026,2027-10-14,"$1,637,398.00",overdue
MI-425,MC-379,Q-955,2024-05-22,22-03-2026,521299,overdue
MI-426,MC-1245,Q-1263,2024-04-04,2027-04-04,"$99,679.00",overdue
MI-427,MC-953,Q-1358,11/03/2024,07/02/2026,1769584,OVERDUE
MI-428,MC-329,Q-462,2025-07-07,2027-10-22,"$176,357.00",overdue
MI-429,MC-437,Q-543,24-03-2024,08/09/2024,1525875,paid
MI-430,MC-559,Q-606,08/14/2025,2027-04-12,1022844,overdue
MI-431,MC-362,Q-5,2026-04-19,09/20/2024,"$1,687,247.00",overdue
MI-432,MC-1134,Q-1327,2024-11-04,2024-01-13,"$783,017.00",overdue
MI-433,MC-313,Q-365,2024-04-22,01/22/2025,"$762,733.00",pending
MI-434,MC-1097,Q-566,05/22/2025,2024-05-27,"$1,477,211.00",PAID
MI-435,MC-1359,Q-499,11/18/2025,2027-11-15,1204630,overdue
MI-436,MC-1174,Q-77,03-05-2026,26-11-2026,"$57,093.00",paid
MI-437,MC-335,Q-1056,03/27/2024,2027-05-05,"684 327,00",overdue
MI-438,MC-937,Q-837,2024-03-27,19-11-2026,543065,overdue
MI-439,MC-460,Q-1089,2025-01-06,2027-11-23,1951655,overdue
MI-440,MC-1062,Q-600,12/05/2024,10/12/2026,914928,pending
MI-441,MC-1326,Q-826,2026-02-02,2027-05-13,"$928,626.00",overdue
MI-442,MC-736,Q-866,2026-08-06,2025-08-22,1525280,pending
MI-443,MC-1302,Q-521,17-09-2026,2024-07-16,269 693,paid
MI-444,MC-748,Q-450,02/05/2026,04/01/2025,10511,PAID
MI-445,MC-582,Q-941,2026-01-27,2024-08-23,1786817,PAID
MI-446,MC-395,Q-1081,2025-02-27,2027-12-16,1555887,overdue
MI-447,MC-805,Q-368,09/15/2026,2024-08-17,"1 881 840,00",overdue
MI-448,MC-1014,Q-13,2025-01-08,2027-06-06,"485 704,00",overdue
MI-449,MC-307,Q-244,2024-12-01,2026-12-26,867956,OVERDUE
MI-450,MC-1161,Q-61,07/06/2025,2027-12-24,1601010,overdue
MI-451,MC-1196,Q-627,07/25/2024,05/17/2025,419506,paid
MI-452,MC-908,Q-1393,2025-01-04,2027-06-14,1270631,overdue
MI-453,MC-1009,Q-669,2024-04-15,04/08/2024,669055,overdue
MI-454,MC-651,Q-955,04/02/2024,2026-05-23,1 169 624,PAID
MI-455,MC-1358,Q-834,2024-11-27,2026-02-12,"$600,980.00",pending
MI-456,MC-599,Q-731,21-11-2025,2026-04-01,657382,PAID
MI-457,MC-786,Q-862,19-02-2025,2027-01-17,1574948,overdue
MI-458,MC-307,Q-1151,06-04-2024,23-06-2026,"$137,632.00",OVERDUE
MI-459,MC-591,Q-408,2024-04-18,2027-07-07,"$692,879.00",overdue
MI-460,MC-149,Q-1335,2025-11-21,2024-06-06,808006,overdue
MI-461,MC-747,Q-987,2024-06-08,2027-01-25,1999223,overdue
MI-462,MC-1075,Q-1276,2025-07-07,2025-06-27,1496117,paid
MI-463,MC-325,Q-768,2024-09-18,2027-07-15,1386072,overdue
MI-464,MC-828,Q-64,2025-01-04,2025-07-05,"1 039 642,00",PAID
MI-465,MC-1135,Q-1271,11/20/2024,2024-07-04,1852284,pending
MI-466,MC-1110,Q-361,07/24/2025,11/09/2025,740050,pending
MI-467,MC-871,Q-610,2026-07-08,2026-05-23,"1 253 341,00",overdue
MI-468,MC-121,Q-1128,2024-11-13,2027-02-18,1917569,overdue
MI-469,MC-1103,Q-975,2024-06-28,20-01-2024,533005,overdue
MI-470,MC-1052,Q-16,2026-02-08,2027-08-08,999534,overdue
MI-471,MC-1210,Q-732,2024-11-28,2026-06-01,673590,pending
MI-472,MC-373,Q-882,2024-11-06,2027-02-26,1 438 205,overdue
MI-473,MC-601,Q-1051,2025-03-05,15-11-2024,1815593,pending
MI-474,MC-410,Q-1394,12/05/2025,2027-08-16,1431321,overdue
MI-475,MC-876,Q-130,04-02-2024,10/08/2026,321307,PAID
MI-476,MC-910,Q-534,07-01-2026,2024-01-14,"$806,010.00",pending
MI-477,MC-910,Q-442,2025-12-21,2025-04-05,"$1,040,876.00",PAID
MI-478,MC-974,Q-335,08-01-2025,22-07-2024,"$545,955.00",overdue
MI-479,MC-283,Q-653,2024-06-07,2027-03-19,974141,overdue
MI-480,MC-1092,Q-974,2025-02-13,2025-08-18,"1 986 867,00",OVERDUE
MI-481,MC-412,Q-633,2024-12-03,2027-09-09,125593,overdue
MI-482,MC-526,Q-831,2024-08-16,2025-02-11,530236,paid
MI-483,MC-368,Q-1315,10-01-2024,2027-03-27,557 919,overdue
MI-484,MC-1163,Q-209,2026-11-28,03/07/2025,"640 132,00",PAID
MI-485,MC-1208,Q-771,2026-05-02,2027-09-17,851226,overdue
MI-486,MC-1275,Q-73,02-07-2026,06-04-2024,"$786,608.00",pending
MI-487,MC-1399,Q-555,19-12-2024,02/09/2026,1551610,pending
MI-488,MC-1322,Q-1472,11/23/2024,2024-02-10,362006,paid
MI-489,MC-430,Q-655,04/16/2026,10/24/2025,1727569,PAID
MI-490,MC-887,Q-1172,28-01-2024,2027-04-20,"$217,172.00",overdue
MI-491,MC-473,Q-653,2026-07-14,08-11-2024,"$243,511.00",paid
MI-492,MC-626,Q-429,06/14/2026,2027-10-10,1604395,overdue
MI-493,MC-395,Q-997,2026-02-04,16-03-2026,"$1,236,939.00",OVERDUE
MI-494,MC-453,Q-229,2026-03-28,2027-04-28,"$677,049.00",overdue
MI-495,MC-1376,Q-1169,03/04/2025,2024-08-01,1712814,PAID
MI-496,MC-569,Q-1397,2026-12-05,2027-10-18,"$1,529,597.00",overdue
MI-497,MC-587,Q-199,17-06-2025,01/27/2024,1087151,PAID
MI-498,MC-878,Q-591,06/13/2024,01-01-2025,"$1,142,648.00",paid
MI-499,MC-1239,Q-682,2025-06-20,12/04/2026,660665,paid
MI-500,MC-613,Q-2,2026-12-28,2025-11-03,"1 937 478,00",OVERDUE
MI-501,MC-978,Q-385,2026-09-08,2027-05-21,703 181,overdue
MI-502,MC-145,Q-375,2025-05-04,04/26/2026,949 842,overdue
MI-503,MC-719,Q-1438,15-09-2024,2027-11-11,1764979,overdue
MI-504,MC-431,Q-961,06/20/2024,03/19/2024,"$1,882,937.00",PAID
MI-505,MC-393,Q-930,11/26/2026,2027-05-01,875473,overdue
MI-506,MC-348,Q-375,02/06/2026,04-10-2025,"$1,786,945.00",overdue
MI-507,MC-874,Q-1192,05-07-2025,2027-11-19,1522423,overdue
MI-508,MC-1296,Q-298,2024-11-01,2024-11-08,1244334,pending
MI-509,MC-518,Q-893,2026-02-06,2024-05-14,"$1,951,755.00",overdue
MI-510,MC-880,Q-1448,2026-10-27,20-09-2024,443538,paid
MI-511,MC-702,Q-588,24-05-2025,2025-11-13,"$280,500.00",overdue
MI-512,MC-399,Q-1162,11/01/2026,2027-06-22,"1 230 203,00",overdue
MI-513,MC-482,Q-1367,2025-05-26,11-04-2026,205396,OVERDUE
MI-514,MC-579,Q-1164,19-07-2025,2027-12-12,"$1,160,927.00",overdue
MI-515,MC-1163,Q-1071,05/27/2024,2024-12-09,"$380,541.00",pending
MI-516,MC-1236,Q-888,24-07-2024,2027-06-02,1 129 091,overdue
MI-517,MC-1312,Q-773,19-01-2025,28-10-2025,1841427,overdue
MI-518,MC-407,Q-1357,09/10/2025,2027-12-20,1455709,overdue
MI-519,MC-708,Q-531,14-12-2026,2025-02-14,16899,PAID
MI-520,MC-530,Q-675,2024-01-11,2026-12-20,1220902,overdue
MI-521,MC-1266,Q-150,23-02-2024,2026-03-12,1 620 957,pending
MI-522,MC-731,Q-1300,12/12/2026,2025-08-14,676911,pending
MI-523,MC-978,Q-43,05/18/2026,2027-07-23,1185143,overdue
MI-524,MC-1103,Q-197,12-07-2025,03/07/2025,"$1,729,333.00",paid
MI-525,MC-909,Q-483,14-08-2024,2027-01-13,"$1,598,164.00",overdue
MI-526,MC-124,Q-1208,06-08-2024,2026-02-20,"$1,183,693.00",PAID
MI-527,MC-462,Q-392,06/15/2024,2027-07-03,"$614,306.00",overdue
MI-528,MC-1239,Q-1180,24-08-2025,03/21/2024,"$1,791,058.00",OVERDUE
MI-529,MC-114,Q-1098,08/05/2026,2027-01-21,1972387,overdue
MI-530,MC-351,Q-565,2024-02-03,06/27/2024,389 977,OVERDUE
MI-531,MC-28,Q-275,2025-02-19,09/09/2025,"$124,504.00",OVERDUE
MI-532,MC-1037,Q-75,07-12-2025,2026-03-04,1137766,PAID
MI-533,MC-283,Q-267,27-08-2024,2024-06-08,"997 479,00",PAID
MI-534,MC-1293,Q-613,25-06-2025,2027-08-24,84266,overdue
MI-535,MC-1389,Q-1380,16-12-2026,09/20/2026,"$1,727,306.00",pending
MI-536,MC-1273,Q-702,11/14/2026,2027-02-14,93 505,overdue
MI-537,MC-26,Q-392,07-06-2026,2026-06-13,"$1,952,087.00",PAID
MI-538,MC-737,Q-290,2026-10-27,2027-08-04,"$553,124.00",overdue
MI-539,MC-1065,Q-22,2024-03-10,23-05-2026,"1 057 076,00",PAID
MI-540,MC-875,Q-876,2026-10-01,2027-02-22,"$828,728.00",overdue
MI-541,MC-1338,Q-1129,07/19/2024,01/08/2024,"$1,899,225.00",OVERDUE
MI-542,MC-631,Q-947,05/04/2025,20-04-2024,935110,OVERDUE
MI-543,MC-145,Q-961,08/12/2025,2026-03-27,49474,paid
MI-544,MC-1292,Q-1431,02/08/2025,2025-02-14,1677786,PAID
MI-545,MC-28,Q-776,2024-03-24,2027-09-25,1224703,overdue
MI-546,MC-964,Q-1490,09/19/2025,01/07/2024,"$420,025.00",overdue
MI-547,MC-951,Q-1120,08/20/2026,2027-03-15,435 733,overdue
MI-548,MC-1261,Q-116,2024-06-26,2026-12-13,730718,PAID
MI-549,MC-1279,Q-92,07/26/2026,2027-09-05,"$252,021.00",overdue
MI-550,MC-983,Q-955,2026-09-22,03/16/2024,1217722,overdue
MI-551,MC-334,Q-837,08/16/2026,2027-03-23,1 302 817,overdue
MI-552,MC-359,Q-3,14-06-2025,14-09-2024,"1 253 679,00",paid
MI-553,MC-1163,Q-433,07/21/2024,2024-06-02,1463503,paid
MI-554,MC-141,Q-1092,02/09/2025,2026-04-03,"$260,422.00",paid
MI-555,MC-37,Q-695,02-05-2026,2026-05-03,"$898,461.00",overdue
MI-556,MC-993,Q-1104,20-11-2025,2027-10-26,351 824,overdue
MI-557,MC-1287,Q-1370,21-03-2026,2026-10-27,1774043,OVERDUE
MI-558,MC-1305,Q-971,2026-07-02,2027-04-16,200448,overdue
MI-559,MC-2,Q-1289,2026-10-12,10/17/2026,120928,pending
MI-560,MC-896,Q-705,2026-05-25,2027-10-06,"1 623 692,00",overdue
MI-561,MC-962,Q-229,13-08-2026,04/18/2026,1484220,overdue
MI-562,MC-122,Q-200,09/21/2025,2027-04-24,1728502,overdue
MI-563,MC-1287,Q-402,2026-07-07,2024-02-01,1266651,overdue
MI-564,MC-804,Q-311,09/23/2026,2025-10-07,1529825,pending
MI-565,MC-149,Q-247,2024-05-22,2025-10-08,"$1,410,565.00",OVERDUE
MI-566,MC-788,Q-63,04/23/2026,2024-05-14,1 390 750,pending
MI-567,MC-701,Q-874,2025-05-25,2027-11-27,282323,overdue
MI-568,MC-1356,Q-1441,07/26/2024,08/02/2024,1023028,paid
MI-569,MC-1144,Q-1318,01/09/2026,2027-05-17,"$1,488,840.00",overdue
MI-570,MC-308,Q-1190,12/02/2026,04-05-2024,808072,paid
MI-571,MC-1029,Q-976,2024-11-16,2027-11-07,256 563,overdue
MI-572,MC-684,Q-882,18-09-2026,08/03/2024,"$1,130,110.00",PAID
MI-573,MC-936,Q-1115,2025-01-22,2027-05-25,1367096,overdue
MI-574,MC-1280,Q-706,25-03-2024,09/20/2026,1435885,overdue
MI-575,MC-553,Q-855,08/08/2025,17-08-2024,"$1,250,377.00",pending
MI-576,MC-1253,Q-1353,05/06/2025,2024-01-28,1085718,paid
MI-577,MC-1065,Q-606,2024-08-22,2026-12-01,112530,PAID
MI-578,MC-818,Q-956,2024-08-23,2027-12-28,259438,overdue
MI-579,MC-1250,Q-278,2024-10-14,2024-02-03,599461,PAID
MI-580,MC-421,Q-174,2024-09-06,2027-06-18,1781343,overdue
MI-581,MC-704,Q-349,2025-12-24,04-03-2025,1886704,OVERDUE
MI-582,MC-589,Q-795,2026-08-10,2027-12-08,431597,overdue
MI-583,MC-1174,Q-1226,14-06-2026,08/07/2026,"$1,222,639.00",pending
MI-584,MC-1150,Q-1330,24-12-2025,2027-06-26,28736,overdue
MI-585,MC-1053,Q-1307,09/18/2026,2025-02-24,"1 018 965,00",OVERDUE
MI-586,MC-889,Q-563,15-10-2024,2026-03-04,"1 382 518,00",overdue
MI-587,MC-1055,Q-789,13-02-2025,2026-12-15,"$1,808,176.00",paid
MI-588,MC-1047,Q-1059,02/02/2024,2025-01-19,115 588,overdue
MI-589,MC-1004,Q-779,2024-05-13,2027-01-01,"$1,254,375.00",overdue
MI-590,MC-573,Q-1497,11/26/2026,13-04-2024,"$253,195.00",OVERDUE
MI-591,MC-1104,Q-83,11-10-2026,2027-07-19,1 688 823,overdue
MI-592,MC-791,Q-1187,01-06-2024,2026-09-04,1256184,OVERDUE
MI-593,MC-375,Q-1417,2024-09-24,2027-01-09,"$1,245,012.00",overdue
MI-594,MC-518,Q-1058,2026-06-02,2024-09-10,"$1,341,485.00",OVERDUE
MI-595,MC-303,Q-183,2026-06-03,2027-07-27,1 305 360,overdue
MI-596,MC-707,Q-721,2026-06-06,04-12-2026,1953659,pending
MI-597,MC-944,Q-719,08/27/2026,2024-06-20,"$1,605,039.00",pending
MI-598,MC-355,Q-1432,10/11/2026,2026-05-04,"$1,146,267.00",OVERDUE
MI-599,MC-568,Q-429,04/08/2025,2025-03-23,"$1,873,205.00",overdue
MI-600,MC-296,Q-1320,11/27/2025,2027-02-02,1940361,overdue
MI-601,MC-1273,Q-1071,2024-05-17,15-03-2024,1339215,OVERDUE
MI-602,MC-1227,Q-1231,02/03/2026,2027-08-20,"1 789 948,00",overdue
MI-603,MC-700,Q-788,02/22/2024,2025-10-08,1 224 978,overdue
MI-604,MC-973,Q-302,02-05-2026,2027-02-10,580289,overdue
MI-605,MC-479,Q-1214,2026-11-11,2026-02-15,433391,pending
MI-606,MC-581,Q-577,05/10/2025,2027-08-28,836019,overdue
MI-607,MC-1123,Q-620,12-05-2025,05/08/2025,1626220,paid
MI-608,MC-458,Q-477,01/07/2026,2024-04-25,758 855,OVERDUE
MI-609,MC-883,Q-1300,2024-07-22,2026-08-18,1603680,pending
MI-610,MC-1274,Q-251,2026-01-18,12/04/2024,"$311,926.00",paid
MI-611,MC-1172,Q-728,2025-12-01,2027-03-03,"$642,890.00",overdue
MI-612,MC-1329,Q-667,2026-09-02,2026-02-02,339314,overdue
MI-613,MC-1198,Q-188,2024-08-05,2027-09-21,1 396 260,overdue
MI-614,MC-470,Q-402,2025-02-04,2024-01-05,1 218 043,OVERDUE
MI-615,MC-1063,Q-133,12/06/2024,2027-03-11,1547577,overdue
MI-616,MC-1211,Q-1175,09/01/2024,26-03-2026,946362,OVERDUE
MI-617,MC-478,Q-828,10/05/2025,2027-09-01,155988,overdue
MI-618,MC-1290,Q-1391,01/04/2025,13-01-2025,"$1,948,692.00",PAID
MI-619,MC-1222,Q-320,2024-05-11,2024-09-21,95295,pending
MI-620,MC-409,Q-1363,10/24/2024,2024-11-19,1951902,OVERDUE
MI-621,MC-679,Q-273,02/16/2026,2026-10-06,497035,overdue
MI-622,MC-902,Q-444,08/26/2025,2027-04-04,70227,overdue
MI-623,MC-582,Q-1460,05-02-2026,2025-01-15,756 968,paid
MI-624,MC-751,Q-531,2024-08-09,2027-10-22,1612109,overdue
MI-625,MC-763,Q-96,12/18/2025,2025-12-18,"$1,225,571.00",overdue
MI-626,MC-667,Q-1025,2024-02-01,2027-04-12,1564201,overdue
MI-627,MC-937,Q-306,04/16/2026,07/18/2026,1998578,pending
MI-628,MC-786,Q-298,2025-12-20,2027-10-02,"$1,480,747.00",overdue
MI-629,MC-1052,Q-103,2024-02-04,07/27/2024,1 907 507,pending
MI-630,MC-790,Q-354,2025-03-23,05-07-2024,"$1,136,904.00",paid
MI-631,MC-711,Q-312,2024-05-28,2025-04-27,"$570,166.00",pending
MI-632,MC-350,Q-276,08/06/2025,2025-09-19,503415,overdue
MI-633,MC-580,Q-1089,27-05-2026,2027-05-05,1237901,overdue
MI-634,MC-726,Q-281,15-06-2024,2025-08-04,"$317,149.00",OVERDUE
MI-635,MC-1131,Q-467,2024-12-12,2027-11-23,"$1,597,650.00",overdue
MI-636,MC-1146,Q-1185,2026-11-15,2026-10-09,292 845,pending
MI-637,MC-856,Q-199,2024-06-16,2027-05-13,"$1,994,517.00",overdue
MI-638,MC-861,Q-142,04-03-2025,2026-08-09,1602589,paid
MI-639,MC-1280,Q-1147,2024-02-22,2027-11-03,"$300,083.00",overdue
MI-640,MC-706,Q-888,2025-07-22,27-01-2026,170491,pending
MI-641,MC-788,Q-673,2026-04-08,06/15/2024,43040,pending
MI-642,MC-331,Q-137,23-01-2025,2024-09-17,284 818,paid
MI-643,MC-1049,Q-1483,2025-12-26,2026-05-15,868 515,pending
MI-644,MC-955,Q-758,04/18/2024,2027-06-06,927723,overdue
MI-645,MC-659,Q-282,2024-09-21,2026-02-09,1137774,paid
MI-646,MC-370,Q-1152,2026-04-06,2027-12-24,"$1,714,343.00",overdue
MI-647,MC-1113,Q-166,2025-12-10,2026-11-17,509958,overdue
MI-648,MC-1174,Q-1419,11/15/2024,2027-06-14,"1 693 396,00",overdue
MI-649,MC-308,Q-774,22-11-2025,25-11-2025,1 508 616,pending
MI-650,MC-968,Q-926,2026-06-10,2027-12-04,"$903,223.00",overdue
MI-651,MC-436,Q-127,2026-04-22,2026-02-26,1940778,overdue
MI-652,MC-974,Q-1407,2024-04-26,01/18/2026,"$150,269.00",pending
MI-653,MC-653,Q-435,2024-01-04,2025-10-01,1229269,PAID
MI-654,MC-602,Q-1393,07-05-2025,2026-07-02,1323837,paid
MI-655,MC-1279,Q-68,09/22/2024,2027-07-07,"$294,157.00",overdue
MI-656,MC-130,Q-1497,12-08-2024,2025-02-24,"$1,969,396.00",PAID
MI-657,MC-1287,Q-126,2024-08-01,2027-01-25,"$1,826,502.00",overdue
MI-658,MC-964,Q-153,2026-10-22,08/06/2025,"1 774 502,00",pending
MI-659,MC-384,Q-1251,12/23/2026,2027-07-15,251179,overdue
MI-660,MC-886,Q-1203,08-11-2024,12/09/2026,419 737,overdue
MI-661,MC-561,Q-1342,01/10/2024,2027-01-05,"$1,722,979.00",overdue
MI-662,MC-1171,Q-809,2026-09-12,07/21/2026,"$292,165.00",PAID
MI-663,MC-1316,Q-341,2024-03-10,2026-12-20,1216494,overdue
MI-664,MC-137,Q-334,09/03/2024,02/17/2025,1632319,PAID
MI-665,MC-547,Q-1376,2025-07-15,01/06/2024,"$176,776.00",pending
MI-666,MC-1220,Q-899,07/10/2025,2027-08-08,55416,overdue
MI-667,MC-607,Q-151,17-02-2024,01-04-2026,958322,PAID
MI-668,MC-1005,Q-1004,2025-06-21,2027-02-26,600719,overdue
MI-669,MC-678,Q-378,17-05-2024,2025-12-11,"381 138,00",OVERDUE
MI-670,MC-609,Q-358,09/02/2026,2027-08-16,772347,overdue
MI-671,MC-741,Q-173,05/13/2025,08/01/2024,195445,OVERDUE
MI-672,MC-993,Q-873,2026-07-21,2027-02-06,"$831,421.00",overdue
MI-673,MC-928,Q-1479,21-09-2025,2026-03-02,"$750,804.00",OVERDUE
MI-674,MC-698,Q-1013,2025-09-08,2026-09-24,384584,PAID
MI-675,MC-840,Q-159,02-12-2026,2026-02-25,"$1,004,164.00",paid
MI-676,MC-772,Q-1001,06/06/2026,2024-08-10,51876,OVERDUE
MI-677,MC-333,Q-536,16-03-2025,2027-09-09,678 959,overdue
MI-678,MC-824,Q-694,2025-07-07,03/24/2025,1 047 770,PAID
MI-679,MC-1190,Q-671,2026-12-11,2027-03-27,826 976,overdue
MI-680,MC-485,Q-769,2024-06-03,13-12-2024,296603,overdue
MI-681,MC-899,Q-947,2026-03-27,2027-09-17,942081,overdue
MI-682,MC-1039,Q-899,2025-09-22,2025-10-20,1883681,PAID
MI-683,MC-1242,Q-1024,03-08-2026,2027-03-07,881205,overdue
MI-684,MC-740,Q-1204,23-10-2026,04/10/2025,1935373,OVERDUE
MI-685,MC-792,Q-1002,2026-10-07,2026-07-19,"$1,468,981.00",paid
MI-686,MC-1148,Q-109,2024-12-08,2025-07-24,"$45,180.00",overdue
MI-687,MC-710,Q-829,06-01-2025,19-08-2024,510 731,PAID
MI-688,MC-446,Q-1344,2024-03-23,2027-10-10,"1 323 672,00",overdue
MI-689,MC-1264,Q-1382,2025-10-06,03-09-2024,"$1,455,986.00",pending
MI-690,MC-1219,Q-701,2024-12-11,2027-04-28,1066176,overdue
MI-691,MC-867,Q-940,17-04-2025,06/17/2026,"$952,306.00",paid
MI-692,MC-358,Q-227,07/22/2026,2027-10-18,763553,overdue
MI-693,MC-1157,Q-764,2025-01-04,28-03-2026,"$973,037.00",pending
MI-694,MC-1166,Q-790,08/04/2024,2027-04-08,1695294,overdue
MI-695,MC-1304,Q-1109,05/17/2025,2025-07-05,"$671,513.00",PAID
MI-696,MC-1205,Q-216,27-01-2026,01/02/2026,668 591,OVERDUE
MI-697,MC-538,Q-1118,2025-07-19,11/13/2026,"1 748 750,00",pending
MI-698,MC-681,Q-1201,04/01/2024,06/21/2024,"1 578 320,00",PAID
MI-699,MC-990,Q-843,08/06/2025,2027-11-11,1192047,overdue
MI-700,MC-1088,Q-1228,05/21/2024,10/10/2024,556612,PAID
MI-701,MC-878,Q-436,2026-02-17,2027-05-01,715279,overdue
MI-702,MC-1248,Q-88,03/16/2026,2024-06-19,790756,overdue
MI-703,MC-846,Q-650,03/09/2026,2027-11-19,"420 374,00",overdue
MI-704,MC-1229,Q-1095,2024-02-14,11/27/2025,1890561,overdue
MI-705,MC-577,Q-155,03/19/2025,2027-05-09,"153 454,00",overdue
MI-706,MC-929,Q-1,2025-11-27,2024-10-13,"$1,856,907.00",pending
MI-707,MC-814,Q-1474,2026-05-06,04-02-2025,1325532,paid
MI-708,MC-826,Q-73,2024-05-04,2024-04-13,"$1,118,494.00",paid
MI-709,MC-1098,Q-1488,24-08-2026,2026-07-07,1420748,overdue
MI-710,MC-1003,Q-363,05/08/2024,2027-12-12,331099,overdue
MI-711,MC-623,Q-132,2025-07-09,01/17/2026,508 865,OVERDUE
MI-712,MC-775,Q-1244,10/25/2025,2027-06-02,"$961,647.00",overdue
MI-713,MC-892,Q-849,01/09/2024,04/02/2024,63720,pending
MI-714,MC-1327,Q-1421,03/04/2025,2027-12-20,"$74,484.00",overdue
MI-715,MC-121,Q-332,19-11-2025,01/09/2025,559176,overdue
MI-716,MC-592,Q-419,24-02-2026,2027-06-10,1745681,overdue
MI-717,MC-113,Q-1132,2026-01-02,2026-08-13,1168415,pending
MI-718,MC-502,Q-1219,03-01-2024,13-10-2025,"1 176 844,00",pending
MI-719,MC-808,Q-1050,07-07-2025,2026-05-25,763 140,OVERDUE
MI-720,MC-1103,Q-1151,2024-02-18,2024-01-24,1951290,OVERDUE
MI-721,MC-1268,Q-888,04/24/2024,2027-01-13,"$247,540.00",overdue
MI-722,MC-1216,Q-745,08/18/2024,22-05-2026,1313333,PAID
MI-723,MC-1211,Q-551,14-06-2025,2027-07-03,"$435,908.00",overdue
MI-724,MC-1148,Q-1277,11-04-2024,05-07-2026,"$539,360.00",pending
MI-725,MC-1078,Q-1184,14-05-2026,2027-01-21,"$322,213.00",overdue
MI-726,MC-735,Q-827,2026-08-10,2026-04-28,"736 657,00",pending
MI-727,MC-522,Q-320,2026-06-02,2027-07-11,1663912,overdue
MI-728,MC-1137,Q-1422,01/24/2026,2026-06-11,813 966,overdue
MI-729,MC-1333,Q-192,2026-03-21,2026-08-05,"$205,396.00",PAID
MI-730,MC-528,Q-818,2024-03-15,2025-06-13,591813,paid
MI-731,MC-21,Q-1366,10/19/2026,2026-08-24,1 051 855,OVERDUE
MI-732,MC-721,Q-1453,11/10/2025,2027-02-14,304758,overdue
MI-733,MC-432,Q-1384,03-03-2026,06/17/2026,"$31,836.00",paid
MI-734,MC-1389,Q-505,2024-12-24,2027-08-04,896535,overdue
MI-735,MC-972,Q-412,05-11-2024,01-11-2025,1149912,pending
MI-736,MC-6,Q-1339,04/07/2024,2027-02-22,792949,overdue
MI-737,MC-935,Q-56,02-08-2024,2026-12-02,1725909,pending
MI-738,MC-432,Q-924,16-03-2026,2027-08-12,805275,overdue
MI-739,MC-307,Q-984,2026-02-01,11/16/2026,1200533,OVERDUE
MI-740,MC-935,Q-1440,2024-03-04,06/04/2026,1815500,overdue
MI-741,MC-331,Q-483,2024-07-07,09/26/2025,"$1,871,913.00",pending
MI-742,MC-1301,Q-964,23-02-2025,2024-12-09,"$496,737.00",overdue
MI-743,MC-1246,Q-586,23-07-2026,2027-03-15,1780711,overdue
MI-744,MC-441,Q-559,20-08-2025,2025-11-23,1781727,paid
MI-745,MC-1109,Q-1368,2024-04-16,2027-09-05,"$129,639.00",overdue
MI-746,MC-689,Q-857,02/14/2026,05/06/2026,"$170,743.00",paid
MI-747,MC-353,Q-1303,2024-11-04,2027-03-23,350184,overdue
MI-748,MC-10,Q-750,2025-11-09,04-02-2026,1 679 150,OVERDUE
MI-749,MC-1296,Q-1437,05/20/2024,2027-09-13,749535,overdue
MI-750,MC-329,Q-1098,08/22/2026,02/02/2025,1280644,pending
MI-751,MC-682,Q-99,2026-08-14,14-12-2024,1290296,OVERDUE
MI-752,MC-363,Q-229,26-10-2025,2025-08-10,1803080,PAID
MI-753,MC-367,Q-767,12/05/2025,2025-05-24,974927,PAID
MI-754,MC-416,Q-376,2024-06-28,2027-04-16,218386,overdue
MI-755,MC-1346,Q-1410,05/11/2026,07/13/2026,1649875,PAID
MI-756,MC-823,Q-938,2025-03-17,2027-10-06,1299542,overdue
MI-757,MC-1054,Q-766,2026-11-07,2026-02-24,"$1,614,818.00",PAID
MI-758,MC-570,Q-1138,2026-12-09,2027-04-24,643729,overdue
MI-759,MC-1005,Q-1218,2024-09-08,08/06/2026,"$1,526,318.00",paid
MI-760,MC-385,Q-86,2025-09-11,2027-10-14,"104 913,00",overdue
MI-761,MC-1343,Q-696,2026-09-15,2025-12-21,1517347,overdue
MI-762,MC-1114,Q-585,2026-03-22,09/06/2024,1861022,PAID
MI-763,MC-568,Q-102,2024-02-16,2026-07-09,"$54,150.00",overdue
MI-764,MC-470,Q-587,2024-03-24,2026-03-15,1110900,overdue
MI-765,MC-771,Q-75,2026-01-02,2027-05-17,1 191 385,overdue
MI-766,MC-128,Q-647,18-08-2024,06/09/2024,1147783,OVERDUE
MI-767,MC-365,Q-1034,2026-11-21,2027-11-07,1194508,overdue
MI-768,MC-1227,Q-235,03/22/2026,2024-11-07,597 791,paid
MI-769,MC-1183,Q-603,11/18/2026,2027-05-25,1 587 331,overdue
MI-770,MC-1089,Q-1493,27-06-2024,2024-01-16,"$576,749.00",OVERDUE
MI-771,MC-645,Q-781,2024-06-20,2027-11-15,"427 271,00",overdue
MI-772,MC-652,Q-634,2026-06-07,12/06/2025,1 637 512,paid
MI-773,MC-3,Q-577,07/03/2024,07/13/2026,"1 955 001,00",overdue
MI-774,MC-786,Q-601,04/14/2024,26-08-2026,853204,overdue
MI-775,MC-695,Q-818,2026-11-28,02/25/2026,637596,OVERDUE
MI-776,MC-1205,Q-459,10/20/2024,2027-06-18,390245,overdue
MI-777,MC-1253,Q-689,12/16/2026,13-12-2025,"$923,426.00",pending
MI-778,MC-974,Q-124,2025-09-24,2027-12-08,300801,overdue
MI-779,MC-735,Q-641,16-04-2025,23-06-2025,276 707,OVERDUE
MI-780,MC-893,Q-548,11/21/2024,2027-06-26,"$173,588.00",overdue
MI-781,MC-1154,Q-165,03/03/2025,26-09-2025,979308,OVERDUE
MI-782,MC-783,Q-1060,2025-11-17,2027-12-16,"$623,450.00",overdue
MI-783,MC-791,Q-419,02-05-2026,09/23/2024,576775,pending
MI-784,MC-20,Q-630,2025-10-09,12/19/2024,780990,paid
MI-785,MC-562,Q-1029,07/26/2024,2024-08-15,1555603,paid
MI-786,MC-6,Q-1125,2024-11-13,04-10-2024,"1 654 377,00",pending
MI-787,MC-329,Q-614,10/01/2025,2027-07-19,743113,overdue
MI-788,MC-699,Q-1282,17-04-2025,2026-11-02,448194,pending
MI-789,MC-1194,Q-204,2025-08-11,2027-01-09,1620274,overdue
MI-790,MC-708,Q-64,10/05/2024,12-06-2024,1842124,overdue
MI-791,MC-1191,Q-1401,2026-10-12,2027-07-27,"$1,373,924.00",overdue
MI-792,MC-1036,Q-1102,2026-10-07,2026-06-09,1 546 834,PAID
MI-793,MC-22,Q-1334,2024-04-05,2027-01-17,"$151,229.00",overdue
MI-794,MC-529,Q-745,10/12/2024,2024-03-07,"962 348,00",overdue
MI-795,MC-1384,Q-1167,2026-02-14,2026-06-09,1 968 473,pending
MI-796,MC-349,Q-671,2025-02-09,05/26/2026,240419,overdue
MI-797,MC-556,Q-1126,2025-02-12,04/24/2026,196 971,pending
MI-798,MC-668,Q-1238,2024-11-01,2027-08-20,1017845,overdue
MI-799,MC-1168,Q-255,2026-12-20,2025-11-06,"290 095,00",overdue
MI-800,MC-1231,Q-396,2025-06-22,2027-02-10,1249819,overdue
MI-801,MC-585,Q-292,05/28/2024,10/04/2026,"$1,192,816.00",PAID
MI-802,MC-1076,Q-709,2026-03-10,2027-08-28,"1 927 504,00",overdue
MI-803,MC-337,Q-1237,12/24/2025,09/16/2026,1759809,OVERDUE
MI-804,MC-332,Q-759,07/23/2025,2027-02-18,"1 784 713,00",overdue
MI-805,MC-1366,Q-855,2026-09-18,12/05/2025,"1 831 104,00",overdue
MI-806,MC-388,Q-1410,11/14/2024,07-02-2026,"311 695,00",PAID
MI-807,MC-1296,Q-265,12-07-2025,2024-03-10,"$257,379.00",OVERDUE
MI-808,MC-121,Q-148,2024-07-16,2024-05-21,"$1,699,213.00",paid
MI-809,MC-332,Q-927,07/27/2024,2027-09-21,1735298,overdue
MI-810,MC-784,Q-1224,08/09/2026,2024-10-13,"$854,722.00",OVERDUE
MI-811,MC-977,Q-163,2026-07-21,2027-03-11,421624,overdue
MI-812,MC-966,Q-964,03/28/2025,2026-06-11,344480,overdue
MI-813,MC-303,Q-534,2026-05-12,2027-09-01,1510654,overdue
MI-814,MC-1267,Q-777,08/23/2025,2026-06-06,1 337 891,paid
MI-815,MC-1076,Q-1111,2026-11-07,2027-03-19,1868461,overdue
MI-816,MC-1224,Q-1136,01/03/2026,2025-04-27,287744,OVERDUE
MI-817,MC-1353,Q-980,2025-04-26,2025-02-28,"$1,558,629.00",overdue
MI-818,MC-814,Q-987,2024-02-04,2026-03-25,575 556,OVERDUE
MI-819,MC-646,Q-778,2026-08-06,2026-07-14,897 901,overdue
MI-820,MC-365,Q-1110,12/07/2025,2027-10-22,"1 206 710,00",overdue
MI-821,MC-1385,Q-483,07/05/2024,22-09-2025,1828019,paid
MI-822,MC-1156,Q-3,2024-11-05,2027-04-12,151483,overdue
MI-823,MC-506,Q-345,02/06/2026,12/23/2024,1013342,pending
MI-824,MC-778,Q-1026,06-01-2025,2027-10-02,468735,overdue
MI-825,MC-1207,Q-554,2026-02-11,21-04-2026,1458259,OVERDUE
MI-826,MC-695,Q-126,2024-05-21,2027-04-20,58702,overdue
MI-827,MC-696,Q-322,04-10-2024,09/01/2024,1 537 007,OVERDUE
MI-828,MC-1010,Q-272,2025-02-22,16-07-2025,"$1,468,022.00",PAID
MI-829,MC-1312,Q-42,2025-02-08,2025-07-06,"$180,150.00",OVERDUE
MI-830,MC-1123,Q-533,2025-01-08,07/13/2026,859374,overdue
MI-831,MC-864,Q-1438,15-06-2024,2027-11-23,16757,overdue
MI-832,MC-1211,Q-888,2025-09-06,10/01/2026,192499,paid
MI-833,MC-128,Q-294,2025-05-17,2027-05-13,867055,overdue
MI-834,MC-2,Q-477,2024-12-03,2025-11-17,145700,PAID
MI-835,MC-1365,Q-1468,15-04-2024,2027-11-03,1306069,overdue
MI-836,MC-285,Q-1459,2026-07-18,2024-03-02,1 690 179,paid
MI-837,MC-1306,Q-1217,08/20/2025,2027-05-21,404 624,overdue
MI-838,MC-459,Q-239,2026-12-10,2025-01-11,"$763,278.00",PAID
MI-839,MC-741,Q-1500,2025-04-28,03/11/2024,"$314,615.00",paid
MI-840,MC-778,Q-1183,01/24/2025,08/09/2025,818485,pending
MI-841,MC-1368,Q-1320,2024-02-20,2024-05-07,395678,overdue
MI-842,MC-457,Q-328,19-06-2026,2027-12-24,"$1,688,531.00",overdue
MI-843,MC-1301,Q-772,02/08/2024,2025-10-23,1019586,overdue
MI-844,MC-841,Q-191,2025-10-05,2027-06-14,565676,overdue
MI-845,MC-468,Q-896,06/27/2024,12/11/2024,"$870,853.00",OVERDUE
MI-846,MC-313,Q-1188,2024-10-03,2027-12-04,"$1,462,561.00",overdue
MI-847,MC-129,Q-12,11/17/2026,19-02-2024,"$1,273,262.00",paid
MI-848,MC-373,Q-551,06/18/2026,2027-06-22,42427,overdue
MI-849,MC-1145,Q-282,09/03/2026,2024-09-11,"$1,356,685.00",pending
MI-850,MC-18,Q-203,2024-10-16,2024-03-10,"995 419,00",PAID
MI-851,MC-1190,Q-1312,2024-02-03,2026-11-05,400532,overdue
MI-852,MC-784,Q-530,05/11/2026,2026-10-10,"$879,825.00",overdue
MI-853,MC-1012,Q-1220,06/14/2025,2027-01-25,171712,overdue
MI-854,MC-999,Q-1231,2026-11-05,2025-07-08,"1 462 547,00",PAID
MI-855,MC-900,Q-55,09/08/2025,2027-07-15,"$624,080.00",overdue
MI-856,MC-454,Q-419,07/26/2024,2026-09-27,882137,pending
MI-857,MC-529,Q-756,15-12-2024,2027-01-05,1526577,overdue
MI-858,MC-1139,Q-1348,2025-02-08,2025-02-09,1830757,paid
MI-859,MC-322,Q-1247,2026-08-28,2027-07-23,"$1,617,633.00",overdue
MI-860,MC-917,Q-1245,2025-03-05,2025-03-25,1300180,overdue
MI-861,MC-621,Q-549,04-01-2025,2024-12-04,"$130,657.00",pending
MI-862,MC-354,Q-1372,2026-10-02,2026-11-07,1893680,paid
MI-863,MC-805,Q-145,2025-03-03,16-05-2024,"1 721 752,00",OVERDUE
MI-864,MC-1283,Q-223,09-07-2026,2027-02-26,1 765 856,overdue
MI-865,MC-412,Q-1100,2024-10-06,10/26/2025,"$1,762,369.00",paid
MI-866,MC-605,Q-1306,2026-01-13,2027-08-16,1 284 483,overdue
MI-867,MC-313,Q-609,09/26/2026,22-07-2025,1490740,overdue
MI-868,MC-1189,Q-90,03/06/2026,2027-02-06,446762,overdue
MI-869,MC-995,Q-816,2025-06-07,21-01-2026,"$633,373.00",PAID
MI-870,MC-1076,Q-947,2025-02-21,2027-08-24,567650,overdue
MI-871,MC-683,Q-10,06/25/2026,11/15/2026,"$1,002,782.00",pending
MI-872,MC-1063,Q-534,24-01-2025,10/16/2026,444 823,PAID
MI-873,MC-759,Q-1495,24-11-2025,01-05-2024,"$1,623,144.00",pending
MI-874,MC-1085,Q-1151,2026-08-01,13-06-2024,488025,pending
MI-875,MC-512,Q-499,05/07/2025,2027-03-27,1 511 270,overdue
MI-876,MC-763,Q-496,2025-09-04,2025-08-20,610036,PAID
MI-877,MC-908,Q-259,05/05/2026,2027-09-17,784116,overdue
MI-878,MC-614,Q-460,2024-05-25,2025-04-19,1611013,PAID
MI-879,MC-572,Q-1073,06-06-2026,2027-03-07,1441706,overdue
MI-880,MC-36,Q-849,2026-05-22,05-09-2024,1049527,paid
MI-881,MC-144,Q-1188,02/01/2026,2027-09-25,647169,overdue
MI-882,MC-1386,Q-1218,03/01/2025,22-04-2024,"$755,595.00",PAID
MI-883,MC-682,Q-765,12/23/2026,2025-07-25,572550,pending
MI-884,MC-1336,Q-1042,18-09-2026,07/12/2026,"$920,129.00",OVERDUE
MI-885,MC-777,Q-132,08/10/2026,11/26/2025,"$1,026,533.00",paid
MI-886,MC-1234,Q-1120,2025-09-17,2027-04-28,104 123,overdue
MI-887,MC-1,Q-1253,10/22/2025,2024-02-26,"$687,190.00",PAID
MI-888,MC-810,Q-1396,2025-09-22,2027-10-18,"$1,634,166.00",overdue
MI-889,MC-616,Q-980,11/18/2026,2025-05-24,"$1,368,875.00",paid
MI-890,MC-141,Q-1096,10/19/2024,2027-04-08,1068954,overdue
MI-891,MC-335,Q-352,2024-01-15,2025-09-05,297315,paid
MI-892,MC-1007,Q-1235,2026-10-14,2027-10-26,965928,overdue
MI-893,MC-858,Q-1291,05/18/2025,2026-06-23,1212918,PAID
MI-894,MC-525,Q-517,07/09/2025,2025-06-14,1 637 420,paid
MI-895,MC-327,Q-400,13-06-2025,12-05-2025,18686,overdue
MI-896,MC-1084,Q-1281,12/05/2025,03-04-2024,1703845,pending
MI-897,MC-433,Q-1241,2024-08-10,2027-05-01,"$64,566.00",overdue
MI-898,MC-504,Q-1066,2025-09-09,2024-12-18,215015,OVERDUE
MI-899,MC-1312,Q-199,2026-04-04,2027-11-19,380343,overdue
MI-900,MC-126,Q-1308,06/01/2025,12/27/2024,605560,overdue
MI-901,MC-310,Q-451,2024-09-13,2027-05-09,"$947,606.00",overdue
MI-902,MC-891,Q-35,16-06-2025,2025-02-21,492279,paid
MI-903,MC-887,Q-1375,06/25/2024,2027-11-27,"$155,888.00",overdue
MI-904,MC-1025,Q-1023,04/19/2026,28-12-2026,499873,PAID
MI-905,MC-1277,Q-931,2024-04-16,26-04-2025,"1 749 455,00",pending
MI-906,MC-592,Q-1382,2026-01-14,2025-10-17,480200,paid
MI-907,MC-14,Q-1426,2025-10-21,01-03-2025,234532,overdue
MI-908,MC-1072,Q-1398,03-06-2025,2027-06-02,773 049,overdue
MI-909,MC-285,Q-1293,2025-04-12,11/09/2025,670373,OVERDUE
MI-910,MC-1351,Q-100,2025-06-13,2027-12-20,760684,overdue
MI-911,MC-1309,Q-253,2025-05-05,25-10-2026,499468,OVERDUE
MI-912,MC-1137,Q-1318,2025-07-11,2027-06-10,909000,overdue
MI-913,MC-1345,Q-745,10/03/2024,2024-07-06,"$407,624.00",overdue
MI-914,MC-1143,Q-62,2025-04-28,2027-12-28,"520 606,00",overdue
MI-915,MC-893,Q-1299,01/27/2024,2026-03-03,"$630,559.00",paid
MI-916,MC-139,Q-72,2024-07-26,12-10-2024,1453838,OVERDUE
MI-917,MC-751,Q-6,10/05/2026,12/07/2026,"1 927 569,00",OVERDUE
MI-918,MC-897,Q-920,2024-06-10,2024-05-17,1729810,paid
MI-919,MC-301,Q-1427,08/21/2024,2027-07-03,411774,overdue
MI-920,MC-1202,Q-1026,2025-05-27,2024-05-26,1820577,PAID
MI-921,MC-923,Q-210,2024-01-14,2027-01-21,1 573 389,overdue
MI-922,MC-998,Q-1267,2026-02-02,2024-12-11,"$82,566.00",OVERDUE
MI-923,MC-590,Q-1425,2024-11-18,2027-07-11,"$945,782.00",overdue
MI-924,MC-1126,Q-1376,10-06-2025,11/04/2024,"$694,011.00",pending
MI-925,MC-463,Q-181,2026-02-25,2027-01-01,"$1,056,239.00",overdue
MI-926,MC-1122,Q-879,2024-10-18,11/12/2025,1923161,PAID
MI-927,MC-1234,Q-304,2026-02-11,19-03-2024,"$630,931.00",overdue
MI-928,MC-757,Q-1109,02-11-2026,2024-01-10,1 036 319,paid
MI-929,MC-118,Q-1294,2024-05-17,2024-10-27,1998404,paid
MI-930,MC-1002,Q-57,2025-07-09,2027-08-04,257630,overdue
MI-931,MC-849,Q-1108,19-03-2024,2024-06-04,"$1,316,868.00",overdue
MI-932,MC-1359,Q-990,2025-04-22,2027-02-22,975404,overdue
MI-933,MC-315,Q-473,04-02-2025,11/15/2025,"$1,443,308.00",paid
MI-934,MC-1206,Q-913,08/10/2024,2027-08-12,"$768,874.00",overdue
MI-935,MC-824,Q-756,2024-02-20,2026-05-28,916851,PAID
MI-936,MC-356,Q-172,2025-09-16,2027-02-02,"$456,126.00",overdue
MI-937,MC-704,Q-392,2026-02-27,2024-04-01,617299,PAID
MI-938,MC-1024,Q-374,27-05-2026,2024-01-26,"$1,747,327.00",paid
MI-939,MC-747,Q-775,2024-04-23,07-11-2025,"$1,360,361.00",OVERDUE
MI-940,MC-919,Q-1287,09-08-2026,2024-05-28,"$1,323,554.00",OVERDUE
MI-941,MC-376,Q-667,21-04-2025,2027-09-05,181117,overdue
MI-942,MC-375,Q-1463,2026-02-27,07/24/2024,1 110 843,pending
MI-943,MC-1101,Q-89,2024-08-25,2027-03-23,1285381,overdue
MI-944,MC-736,Q-283,2024-06-11,2026-07-20,606606,overdue
MI-945,MC-1366,Q-12,2026-02-18,2027-09-13,"$861,316.00",overdue
MI-946,MC-323,Q-974,2026-08-26,2024-10-06,"1 431 299,00",paid
MI-947,MC-1266,Q-864,11/02/2026,2027-03-03,569977,overdue
MI-948,MC-946,Q-391,01/09/2024,01/04/2025,1645358,PAID
MI-949,MC-1216,Q-766,2025-04-09,05/25/2025,1579393,PAID
MI-950,MC-744,Q-741,2025-07-21,2024-12-20,"625 032,00",OVERDUE
MI-951,MC-463,Q-1460,04-12-2025,08-01-2024,1655400,PAID
MI-952,MC-456,Q-815,08/03/2025,2027-10-06,"$1,293,084.00",overdue
MI-953,MC-1318,Q-1384,17-03-2024,2025-09-07,"174 498,00",PAID
MI-954,MC-1269,Q-1118,2025-02-16,2027-04-24,1079705,overdue
MI-955,MC-1375,Q-447,2024-06-24,2024-06-27,659741,PAID
MI-956,MC-813,Q-766,11/21/2025,2027-10-14,377649,overdue
MI-957,MC-451,Q-328,03-07-2026,2026-07-08,615000,OVERDUE
MI-958,MC-1013,Q-244,28-12-2024,2027-04-04,"$714,757.00",overdue
MI-959,MC-634,Q-964,09/08/2025,03-05-2026,"$917,751.00",paid
MI-960,MC-1169,Q-823,2025-12-28,07/20/2025,1924514,PAID
MI-961,MC-1070,Q-1433,2024-04-23,2024-08-17,"$235,927.00",pending
MI-962,MC-983,Q-1016,10/01/2024,2026-11-11,503291,OVERDUE
MI-963,MC-427,Q-343,09/03/2026,2027-11-07,"440 138,00",overdue
MI-964,MC-149,Q-559,2024-07-16,09/14/2024,1886104,OVERDUE
MI-965,MC-1064,Q-464,2026-01-02,2027-05-25,"$1,753,410.00",overdue
MI-966,MC-527,Q-1441,2025-02-08,2026-08-04,31066,OVERDUE
MI-967,MC-1123,Q-1028,2025-07-16,2027-11-15,"$436,836.00",overdue
MI-968,MC-1327,Q-76,2024-04-16,2026-09-22,198583,OVERDUE
MI-969,MC-843,Q-596,2026-09-07,2027-05-05,"$1,269,140.00",overdue
MI-970,MC-113,Q-383,2024-05-15,08/02/2025,1249313,overdue
MI-971,MC-743,Q-1001,07/16/2025,15-11-2026,47368,paid
MI-972,MC-791,Q-321,2025-06-10,2024-07-02,"$1,869,049.00",paid
MI-973,MC-1016,Q-54,2024-09-19,08/11/2026,"$958,284.00",pending
MI-974,MC-656,Q-961,2025-03-19,2027-12-08,"$1,036,837.00",overdue
MI-975,MC-508,Q-86,05/26/2026,03/21/2025,396283,pending
MI-976,MC-692,Q-422,2026-02-05,2027-06-26,355754,overdue
MI-977,MC-1046,Q-1479,2024-10-23,04/10/2026,1235104,PAID
MI-978,MC-430,Q-1222,12/01/2024,2027-12-16,"$1,805,909.00",overdue
MI-979,MC-327,Q-1334,18-10-2024,28-10-2025,"$1,084,474.00",PAID
MI-980,MC-774,Q-1254,19-12-2025,2027-06-06,175 879,overdue
MI-981,MC-981,Q-820,2024-03-22,2026-09-25,"$1,387,886.00",OVERDUE
MI-982,MC-817,Q-123,03/20/2025,2026-04-06,"$974,984.00",overdue
MI-983,MC-1196,Q-223,2024-02-27,27-06-2026,"$1,787,124.00",PAID
MI-984,MC-391,Q-167,02/16/2024,01-07-2025,"$1,355,384.00",overdue
MI-985,MC-1273,Q-1035,2025-10-16,2027-01-09,"$734,126.00",overdue
MI-986,MC-1012,Q-1014,2024-03-26,2026-10-21,"$170,434.00",OVERDUE
MI-987,MC-430,Q-1198,2026-04-27,2027-07-27,1096168,overdue
MI-988,MC-693,Q-560,05/11/2026,2026-04-21,"$1,013,156.00",overdue
MI-989,MC-117,Q-705,2024-12-01,2027-01-17,431 889,overdue
MI-990,MC-1071,Q-154,09/07/2024,19-10-2024,"$237,972.00",OVERDUE
MI-991,MC-334,Q-13,01-03-2026,2027-07-07,106 182,overdue
MI-992,MC-316,Q-1298,03/18/2026,02/07/2024,1624176,overdue
MI-993,MC-995,Q-1072,2025-08-19,2026-08-06,1200078,pending
MI-994,MC-939,Q-1193,03/15/2025,10/10/2025,1 141 477,OVERDUE
MI-995,MC-990,Q-1133,27-10-2026,16-01-2026,747252,OVERDUE
MI-996,MC-1209,Q-561,2025-07-07,2027-02-10,1 621 655,overdue
MI-997,MC-1398,Q-1410,26-07-2026,10/12/2026,"$557,882.00",paid
MI-998,MC-823,Q-90,11/28/2024,2027-08-28,1636507,overdue
MI-999,MC-854,Q-86,05/23/2024,2026-03-24,85035,paid
MI-1000,MC-389,Q-225,2025-03-21,2027-02-18,"383 828,00",overdue
MI-1001,MC-351,Q-557,2024-09-22,2024-02-20,"$729,832.00",pending
MI-1002,MC-297,Q-1061,26-02-2024,2027-08-08,913569,overdue
MI-1003,MC-1367,Q-26,2026-10-15,2025-09-10,754572,pending
MI-1004,MC-781,Q-1192,16-12-2025,03/03/2024,"$19,960.00",overdue
MI-1005,MC-977,Q-324,09/03/2024,2025-04-14,"$1,318,770.00",OVERDUE
MI-1006,MC-1299,Q-469,2024-09-16,10-01-2026,"$684,320.00",OVERDUE
MI-1007,MC-1318,Q-235,2024-05-21,2027-03-11,"$1,337,147.00",overdue
MI-1008,MC-810,Q-1339,09/22/2024,20-07-2024,17005,pending
MI-1009,MC-1291,Q-442,07-09-2026,2027-09-01,13590,overdue
MI-1010,MC-1378,Q-303,09/19/2026,03-01-2025,412337,pending
MI-1011,MC-1282,Q-461,12/21/2025,2027-03-19,539199,overdue
MI-1012,MC-1079,Q-598,2026-10-16,16-12-2024,"$1,585,468.00",overdue
MI-1013,MC-625,Q-1016,19-01-2026,2027-09-09,"$937,505.00",overdue
MI-1014,MC-1224,Q-10,2024-05-22,2026-02-02,1032364,overdue
MI-1015,MC-1186,Q-1370,21-06-2025,09/09/2024,"$1,720,344.00",overdue
MI-1016,MC-410,Q-410,2024-08-27,2026-02-12,783729,pending
MI-1017,MC-284,Q-734,2026-03-04,2024-06-18,"$412,978.00",overdue
MI-1018,MC-1110,Q-400,2025-11-20,2027-04-12,1923149,overdue
MI-1019,MC-420,Q-1304,2026-10-19,06/25/2025,1422150,overdue
MI-1020,MC-1145,Q-258,03/28/2026,2027-10-02,"$1,687,687.00",overdue
MI-1021,MC-750,Q-117,2024-10-01,2024-07-24,1364318,pending
MI-1022,MC-682,Q-261,10/15/2024,2027-04-20,621125,overdue
MI-1023,MC-774,Q-348,01/06/2024,2025-09-15,370 196,OVERDUE
MI-1024,MC-297,Q-702,04/07/2025,2027-10-10,1497382,overdue
MI-1025,MC-548,Q-665,04/09/2024,26-01-2025,1049848,overdue
MI-1026,MC-741,Q-1096,15-12-2026,21-09-2026,"948 159,00",pending
MI-1027,MC-1205,Q-542,2025-07-28,06/17/2024,"$1,969,529.00",overdue
MI-1028,MC-676,Q-1132,2025-05-27,04-10-2025,90006,pending
MI-1029,MC-1277,Q-220,06/22/2024,2027-05-13,1561147,overdue
MI-1030,MC-761,Q-765,2025-08-26,03/07/2024,"$469,482.00",overdue
MI-1031,MC-510,Q-1244,2026-07-05,2027-11-03,1860434,overdue
MI-1032,MC-353,Q-1280,2026-10-11,2025-10-09,"$1,831,058.00",overdue
MI-1033,MC-538,Q-46,16-08-2024,2027-05-21,1738222,overdue
MI-1034,MC-119,Q-730,2026-06-01,01/24/2025,1769992,PAID
MI-1035,MC-1067,Q-400,11/26/2024,2027-11-11,1000639,overdue
MI-1036,MC-1345,Q-157,2024-09-26,2024-11-07,"$1,911,139.00",overdue
MI-1037,MC-1331,Q-1221,2026-09-06,06/09/2024,795 502,paid
MI-1038,MC-1035,Q-139,2024-10-07,2025-12-17,"1 932 640,00",overdue
MI-1039,MC-1335,Q-1046,2025-01-26,04/26/2025,1944028,paid
MI-1040,MC-941,Q-933,2026-07-22,2027-06-14,510664,overdue
MI-1041,MC-656,Q-1046,2024-04-11,08/23/2024,1779827,overdue
MI-1042,MC-1387,Q-771,05-07-2026,2027-12-04,1092856,overdue
MI-1043,MC-721,Q-1289,01-08-2026,2026-10-04,1931464,OVERDUE
MI-1044,MC-1286,Q-1379,28-04-2026,2027-06-22,"70 065,00",overdue
MI-1045,MC-359,Q-760,04/22/2025,08/10/2025,1725420,overdue
MI-1046,MC-1372,Q-1311,04/25/2025,2027-12-12,"$1,217,219.00",overdue
MI-1047,MC-807,Q-1068,08/15/2026,04/09/2026,"$977,254.00",OVERDUE
MI-1048,MC-1240,Q-660,03-01-2026,04/22/2024,"$1,664,130.00",pending
MI-1049,MC-533,Q-1458,2024-07-12,2025-11-14,1530600,pending
MI-1050,MC-649,Q-1163,2025-09-23,09/05/2025,"$144,791.00",pending
MI-1051,MC-1013,Q-160,2024-05-07,2025-11-10,"$1,647,348.00",PAID
MI-1052,MC-148,Q-1070,2026-04-18,2025-05-24,"$1,397,951.00",overdue
MI-1053,MC-736,Q-1476,2024-02-02,2027-01-05,773399,overdue
MI-1054,MC-1096,Q-773,01-06-2025,17-07-2026,1239735,paid
MI-1055,MC-15,Q-933,08/27/2026,2027-07-23,1784069,overdue
MI-1056,MC-1265,Q-23,06-01-2024,12/28/2026,"510 972,00",PAID
MI-1057,MC-1365,Q-775,07/21/2024,2027-01-13,1 083 614,overdue
MI-1058,MC-736,Q-1196,12/24/2024,2025-03-03,"$1,918,142.00",paid
MI-1059,MC-991,Q-982,06/11/2024,2025-11-21,"$530,535.00",pending
MI-1060,MC-416,Q-381,11-05-2026,2024-10-24,795798,PAID
MI-1061,MC-1104,Q-707,2024-10-13,2025-06-10,1708605,OVERDUE
MI-1062,MC-889,Q-291,2024-12-12,2026-12-17,"$1,442,474.00",PAID
MI-1063,MC-337,Q-588,2024-11-01,12/27/2026,"$1,224,559.00",pending
MI-1064,MC-1148,Q-362,2024-06-01,2027-02-06,"$609,325.00",overdue
MI-1065,MC-918,Q-963,13-06-2025,08-04-2026,1347024,OVERDUE
MI-1066,MC-823,Q-1175,09-01-2024,2027-08-24,"$1,878,699.00",overdue
MI-1067,MC-21,Q-1171,01/08/2025,2026-12-05,1 823 497,pending
MI-1068,MC-317,Q-806,2026-05-06,2027-02-14,"$316,561.00",overdue
MI-1069,MC-703,Q-1256,2025-02-26,10/09/2025,597181,OVERDUE
MI-1070,MC-866,Q-1374,10/21/2026,02/19/2025,1497940,OVERDUE
MI-1071,MC-401,Q-1102,2026-04-13,2024-06-03,"1 438 598,00",paid
MI-1072,MC-1292,Q-1474,06/09/2025,03/05/2026,1864178,pending
MI-1073,MC-355,Q-454,06/25/2025,03/28/2026,1060650,overdue
MI-1074,MC-951,Q-1350,09-08-2026,2026-02-19,636847,PAID
MI-1075,MC-520,Q-573,05/12/2025,2027-03-07,1489048,overdue
MI-1076,MC-781,Q-709,01-09-2024,23-06-2024,"$1,511,041.00",PAID
MI-1077,MC-900,Q-1253,2024-12-19,2027-09-25,222321,overdue
MI-1078,MC-979,Q-78,03-11-2026,06/13/2026,"$376,564.00",paid
MI-1079,MC-356,Q-859,2026-09-21,2027-03-15,1 725 726,overdue
MI-1080,MC-662,Q-27,28-01-2026,2026-10-25,"$815,713.00",pending
MI-1081,MC-1219,Q-31,2025-12-28,2026-07-19,1 181 831,pending
MI-1082,MC-1339,Q-409,02/24/2024,04/20/2025,1191854,PAID
MI-1083,MC-1132,Q-1197,2024-02-28,12/07/2024,"$1,753,193.00",overdue
MI-1084,MC-977,Q-808,06/09/2025,2026-01-21,"$1,275,876.00",PAID
MI-1085,MC-1251,Q-907,03-10-2024,15-07-2025,1 087 732,PAID
MI-1086,MC-452,Q-489,2025-06-06,2027-04-08,"$1,025,210.00",overdue
MI-1087,MC-1243,Q-128,08/19/2025,02/26/2024,"$1,523,129.00",paid
MI-1088,MC-977,Q-988,2025-06-19,2027-10-26,"$1,590,445.00",overdue
MI-1089,MC-820,Q-1051,01/18/2024,10/06/2024,"$569,115.00",OVERDUE
MI-1090,MC-801,Q-580,2025-05-10,2027-04-16,528371,overdue
MI-1091,MC-327,Q-314,08-10-2025,2026-08-19,116996,PAID
MI-1092,MC-872,Q-769,2024-05-20,11/16/2024,"1 089 095,00",overdue
MI-1093,MC-832,Q-1319,2024-03-27,11/25/2026,1 215 723,OVERDUE
MI-1094,MC-1167,Q-230,2026-07-07,2024-03-03,610531,OVERDUE
MI-1095,MC-1201,Q-1147,2024-04-02,2024-05-09,1566891,pending
MI-1096,MC-1306,Q-1038,2025-11-19,2024-02-24,114784,paid
MI-1097,MC-992,Q-1239,2025-03-25,2027-05-09,1163403,overdue
MI-1098,MC-990,Q-639,08-02-2024,03-10-2025,"$1,771,769.00",paid
MI-1099,MC-1301,Q-972,02/04/2025,2027-11-27,"$1,307,155.00",overdue
MI-1100,MC-859,Q-75,2024-03-06,02/04/2025,370109,pending
MI-1101,MC-531,Q-223,01/14/2024,2027-05-17,677664,overdue
MI-1102,MC-706,Q-732,01/21/2025,07/25/2024,642 519,PAID
MI-1103,MC-1279,Q-1452,2024-05-06,2026-03-12,"$1,972,317.00",paid
MI-1104,MC-504,Q-1415,2026-08-23,01-01-2025,"$705,117.00",overdue
MI-1105,MC-1046,Q-434,05/02/2026,2025-03-13,"12 890,00",OVERDUE
MI-1106,MC-620,Q-1228,2024-02-12,03/15/2025,"$1,638,117.00",paid
MI-1107,MC-747,Q-321,2025-05-23,28-05-2024,"$1,005,860.00",paid
MI-1108,MC-560,Q-1052,2024-06-22,2027-06-10,1387107,overdue
MI-1109,MC-1108,Q-210,2025-08-07,2026-03-16,301446,paid
MI-1110,MC-349,Q-1258,06/08/2024,2027-12-28,"$960,828.00",overdue
MI-1111,MC-348,Q-538,20-11-2026,07/14/2025,1179780,OVERDUE
MI-1112,MC-622,Q-1218,2026-12-19,2027-06-18,574870,overdue
MI-1113,MC-12,Q-533,03/01/2024,19-11-2025,"$1,170,500.00",paid
MI-1114,MC-967,Q-950,2026-06-10,2026-11-20,1945381,PAID
MI-1115,MC-647,Q-680,2025-06-04,23-08-2026,1097211,OVERDUE
MI-1116,MC-1227,Q-583,09/02/2025,12-10-2024,"$1,980,071.00",pending
MI-1117,MC-473,Q-968,09-12-2024,2025-09-04,275 076,overdue
MI-1118,MC-875,Q-1092,01/17/2024,2024-03-26,"$188,915.00",OVERDUE
MI-1119,MC-460,Q-944,2024-06-17,2027-07-11,584 964,overdue
MI-1120,MC-729,Q-1299,20-10-2025,2026-12-10,1 083 762,paid
MI-1121,MC-479,Q-785,06/28/2025,2027-01-01,1 504 746,overdue
MI-1122,MC-920,Q-1035,05/08/2024,2026-10-25,496894,paid
MI-1123,MC-409,Q-1208,04/06/2026,2027-07-19,"$1,733,987.00",overdue
MI-1124,MC-454,Q-157,2025-10-19,2024-07-26,1 737 677,pending
MI-1125,MC-362,Q-494,12/14/2024,2024-05-02,1889601,pending
MI-1126,MC-1374,Q-1103,07/10/2025,02-04-2024,692060,overdue
MI-1127,MC-1340,Q-840,2026-01-23,2024-05-10,806283,pending
MI-1128,MC-444,Q-1309,2025-07-16,2026-04-16,98858,paid
MI-1129,MC-1204,Q-989,2024-12-17,05-09-2026,"$1,024,526.00",PAID
MI-1130,MC-1178,Q-885,09/03/2026,2027-08-12,1138195,overdue
MI-1131,MC-1055,Q-662,2025-06-23,2024-09-26,1570796,pending
MI-1132,MC-721,Q-77,2026-10-28,2027-02-02,"706 881,00",overdue
MI-1133,MC-831,Q-829,2026-05-06,2024-12-17,"$1,722,050.00",PAID
MI-1134,MC-886,Q-714,12/23/2026,2027-08-20,"$1,663,938.00",overdue
MI-1135,MC-415,Q-1214,11-04-2026,2025-10-25,"$459,476.00",pending
MI-1136,MC-872,Q-492,2026-10-03,2024-08-18,1 994 158,overdue
MI-1137,MC-754,Q-1081,09/02/2026,08/18/2026,308051,PAID
MI-1138,MC-348,Q-828,2025-09-25,2025-05-04,1731885,paid
MI-1139,MC-914,Q-1288,2024-01-24,27-05-2025,926 391,PAID
MI-1140,MC-541,Q-846,2026-03-16,01/10/2026,1969356,overdue
MI-1141,MC-869,Q-1333,2024-12-19,2027-09-13,"$1,408,484.00",overdue
MI-1142,MC-1397,Q-16,2026-12-28,07/18/2024,1904865,OVERDUE
MI-1143,MC-1029,Q-1449,03-06-2026,2027-03-03,301311,overdue
MI-1144,MC-1194,Q-1419,06/20/2025,12/05/2025,639946,overdue
MI-1145,MC-140,Q-617,19-08-2024,2027-09-21,1 489 236,overdue
MI-1146,MC-880,Q-1028,06/25/2024,2025-01-23,"$169,704.00",OVERDUE
MI-1147,MC-564,Q-287,2024-06-02,03/15/2026,760 796,overdue
MI-1148,MC-1005,Q-488,2024-09-07,2024-06-07,"$742,778.00",overdue
MI-1149,MC-931,Q-770,02-12-2024,11/16/2025,1488463,paid
MI-1150,MC-1191,Q-141,18-03-2024,2024-01-26,1056265,pending
MI-1151,MC-986,Q-494,2026-03-08,2025-05-13,211022,PAID
MI-1152,MC-711,Q-1088,2026-01-22,2027-10-14,591417,overdue
MI-1153,MC-1266,Q-374,05/14/2024,2025-12-27,"$1,456,617.00",PAID
MI-1154,MC-1348,Q-259,08/06/2025,2027-04-04,749473,overdue
MI-1155,MC-1075,Q-661,08-09-2026,2025-09-27,1881262,paid
MI-1156,MC-1209,Q-695,03/05/2026,2027-10-22,"1 963 788,00",overdue
MI-1157,MC-1144,Q-682,08/22/2026,2024-10-07,395293,pending
MI-1158,MC-119,Q-1143,10/11/2026,07/26/2024,"$299,718.00",overdue
MI-1159,MC-777,Q-250,01/01/2024,09-12-2024,326 636,overdue
MI-1160,MC-400,Q-882,2026-05-15,07/19/2024,"$296,570.00",overdue
MI-1161,MC-840,Q-1291,2026-03-13,21-01-2025,973079,paid
MI-1162,MC-1072,Q-183,2024-11-18,03/16/2025,"$1,693,690.00",PAID
MI-1163,MC-367,Q-86,2024-10-24,2027-11-15,654356,overdue
MI-1164,MC-1168,Q-1301,11/11/2025,09/06/2024,"$681,967.00",OVERDUE
MI-1165,MC-990,Q-1145,2026-09-28,2027-05-05,605866,overdue
MI-1166,MC-901,Q-27,05-10-2024,2024-03-11,220818,OVERDUE
MI-1167,MC-611,Q-310,2026-05-11,2027-11-23,"$35,379.00",overdue
MI-1168,MC-39,Q-1112,2025-10-10,2025-08-04,1 638 972,PAID
MI-1169,MC-146,Q-1287,2024-10-28,07/10/2024,795411,overdue
MI-1170,MC-373,Q-944,2024-08-09,2025-10-17,47555,overdue
MI-1171,MC-764,Q-123,03/14/2026,2025-02-24,"53 095,00",paid
MI-1172,MC-1235,Q-851,05/24/2026,2025-02-24,1672754,OVERDUE
MI-1173,MC-747,Q-1227,14-05-2024,24-01-2025,1401690,OVERDUE
MI-1174,MC-957,Q-112,08/23/2024,2027-12-16,193844,overdue
MI-1175,MC-650,Q-1324,12/19/2026,2026-08-24,1 365 100,PAID
MI-1176,MC-1004,Q-1399,2026-03-26,2027-06-06,124560,overdue
MI-1177,MC-307,Q-840,2026-08-16,2024-08-09,"$369,008.00",OVERDUE
MI-1178,MC-999,Q-776,05/17/2024,2027-12-24,"$1,020,738.00",overdue
MI-1179,MC-463,Q-92,2025-08-11,2026-10-23,1337657,overdue
MI-1180,MC-1311,Q-1265,2024-09-19,2024-05-04,"$1,144,326.00",PAID
MI-1181,MC-918,Q-1072,2025-09-11,09/07/2026,1382712,PAID
MI-1182,MC-2,Q-946,06/02/2026,02-07-2026,1459645,PAID
MI-1183,MC-917,Q-1229,23-09-2024,2026-08-23,"$647,804.00",PAID
MI-1184,MC-678,Q-541,2026-06-15,16-09-2024,"$177,773.00",pending
MI-1185,MC-434,Q-413,2024-08-01,2027-01-17,1606147,overdue
MI-1186,MC-570,Q-1163,02/12/2026,08-02-2024,1085645,paid
MI-1187,MC-456,Q-768,2026-04-18,2027-07-07,"1 795 157,00",overdue
MI-1188,MC-476,Q-1473,05/24/2026,2026-01-01,1128182,OVERDUE
MI-1189,MC-1273,Q-1206,12/20/2026,2027-01-25,"1 576 079,00",overdue
MI-1190,MC-669,Q-1161,2025-06-21,26-06-2024,462 360,pending
MI-1191,MC-850,Q-648,2025-08-04,23-04-2026,"395 747,00",pending
MI-1192,MC-519,Q-610,2024-03-03,14-07-2025,1909389,paid
MI-1193,MC-1389,Q-726,11-06-2025,2024-04-19,593615,paid
MI-1194,MC-468,Q-1414,08/04/2025,2024-10-24,1677593,pending
MI-1195,MC-988,Q-961,2026-02-01,01/26/2026,"$890,165.00",overdue
MI-1196,MC-1120,Q-938,2026-11-21,2027-02-18,175027,overdue
MI-1197,MC-1006,Q-771,02/17/2026,2026-01-24,1241615,PAID
MI-1198,MC-1221,Q-1094,2025-07-11,2027-08-08,423 263,overdue
MI-1199,MC-386,Q-1223,2025-10-28,2026-07-07,"$155,853.00",paid
MI-1200,MC-1077,Q-378,2024-11-04,2027-02-26,1516408,overdue
MI-1201,MC-315,Q-280,2025-05-06,2025-04-14,353 648,OVERDUE
MI-1202,MC-1156,Q-1442,2026-11-18,2025-02-05,"$630,208.00",PAID
MI-1203,MC-25,Q-734,2024-08-10,2026-04-26,711113,overdue
MI-1204,MC-735,Q-674,10/16/2024,05/26/2024,526569,OVERDUE
MI-1205,MC-446,Q-1046,2025-01-11,06/28/2026,"$249,630.00",paid
MI-1206,MC-542,Q-382,08/03/2025,2024-07-24,483495,PAID
MI-1207,MC-539,Q-562,04/18/2026,2027-03-19,173259,overdue
MI-1208,MC-624,Q-329,2024-09-28,08/17/2026,"$1,617,020.00",overdue
MI-1209,MC-1360,Q-258,07/16/2026,2027-09-09,146540,overdue
MI-1210,MC-874,Q-704,2026-01-25,10-01-2025,163765,PAID
MI-1211,MC-995,Q-755,09/01/2026,2027-03-27,"$1,720,157.00",overdue
MI-1212,MC-1036,Q-828,2024-09-20,04/16/2026,1077753,overdue
MI-1213,MC-546,Q-746,09/16/2024,21-02-2024,"$666,074.00",overdue
MI-1214,MC-774,Q-119,03/26/2025,2024-01-23,996270,overdue
MI-1215,MC-749,Q-1232,2025-04-22,2024-08-26,"877 097,00",PAID
MI-1216,MC-666,Q-645,05/14/2025,08/04/2025,1645442,overdue
MI-1217,MC-796,Q-1209,03-08-2024,09/20/2026,759 085,overdue
MI-1218,MC-807,Q-1179,2024-08-12,2027-04-20,1 409 058,overdue
MI-1219,MC-1224,Q-637,2026-06-22,02/01/2026,811208,OVERDUE
MI-1220,MC-505,Q-851,2024-06-08,2027-10-10,"$694,728.00",overdue
MI-1221,MC-578,Q-857,2025-08-20,2026-06-10,985644,OVERDUE
MI-1222,MC-1355,Q-1066,02/03/2026,2027-04-28,1083952,overdue
MI-1223,MC-387,Q-1046,09/25/2024,11/22/2026,1422030,pending
MI-1224,MC-844,Q-1034,2026-07-09,24-01-2026,1842644,overdue
MI-1225,MC-308,Q-1377,2026-12-17,2025-11-09,"$734,143.00",paid
MI-1226,MC-961,Q-608,08/16/2026,2024-01-26,240 564,OVERDUE
MI-1227,MC-1194,Q-508,2025-08-21,06/23/2024,153778,paid
MI-1228,MC-900,Q-489,12-07-2024,2026-02-23,1373673,PAID
MI-1229,MC-114,Q-50,2024-01-19,2027-05-21,1406349,overdue
MI-1230,MC-449,Q-515,2025-02-01,2026-02-24,1424669,paid
MI-1231,MC-641,Q-877,11/26/2024,2027-11-11,"$1,167,404.00",overdue
MI-1232,MC-883,Q-830,2026-12-15,03-07-2026,"$1,421,266.00",overdue
MI-1233,MC-973,Q-818,07-10-2024,2027-05-01,"$1,420,072.00",overdue
MI-1234,MC-995,Q-163,2024-07-26,2024-01-28,1 384 671,overdue
MI-1235,MC-894,Q-1391,05/16/2026,2024-06-11,616023,OVERDUE
MI-1236,MC-740,Q-683,2026-04-26,2026-06-08,175961,OVERDUE
MI-1237,MC-531,Q-138,05/10/2026,2024-01-10,533129,overdue
MI-1238,MC-5,Q-691,2026-12-10,2024-08-25,833795,OVERDUE
MI-1239,MC-376,Q-546,10/18/2025,2024-06-15,523978,pending
MI-1240,MC-429,Q-515,2025-08-21,2027-06-22,1317273,overdue
MI-1241,MC-386,Q-957,24-10-2024,03-07-2025,187292,paid
MI-1242,MC-939,Q-778,2024-09-16,2027-12-12,1406364,overdue
MI-1243,MC-1156,Q-1040,2025-12-05,11/23/2026,"1 654 671,00",paid
MI-1244,MC-1073,Q-1481,2024-07-18,2027-06-02,660492,overdue
MI-1245,MC-944,Q-1358,05/18/2026,2025-07-12,"$890,441.00",overdue
MI-1246,MC-1281,Q-504,08/02/2025,02/14/2024,1 539 706,PAID
MI-1247,MC-1250,Q-304,2025-03-13,2025-06-28,1276091,PAID
MI-1248,MC-500,Q-948,2025-04-15,12/24/2024,410236,PAID
MI-1249,MC-1041,Q-711,2025-12-21,05/17/2024,1858124,pending
MI-1250,MC-770,Q-686,2025-10-02,2026-06-12,42215,PAID
MI-1251,MC-1243,Q-953,2025-03-09,2027-07-23,"665 950,00",overdue
MI-1252,MC-971,Q-50,2024-07-15,18-08-2026,310747,OVERDUE
MI-1253,MC-1351,Q-1454,2025-07-23,2027-01-13,"$1,482,538.00",overdue
MI-1254,MC-650,Q-205,08/11/2024,01/24/2024,380747,OVERDUE
MI-1255,MC-968,Q-89,2025-04-09,2027-07-03,1086756,overdue
MI-1256,MC-1341,Q-402,02/03/2024,04-09-2024,755612,paid
MI-1257,MC-1120,Q-426,2024-04-25,11/26/2026,869274,paid
MI-1258,MC-1272,Q-999,22-05-2026,2025-03-19,265882,paid
MI-1259,MC-1323,Q-328,2026-03-22,09-10-2025,1988532,overdue
MI-1260,MC-1154,Q-145,03/02/2026,2025-08-01,466768,pending
MI-1261,MC-1364,Q-24,02/10/2026,2025-09-28,"824 072,00",paid
MI-1262,MC-566,Q-1174,02/23/2026,2027-08-24,"$856,590.00",overdue
MI-1263,MC-1024,Q-1290,23-08-2024,16-11-2025,267350,PAID
MI-1264,MC-325,Q-421,07/13/2026,2027-02-14,"$825,721.00",overdue
MI-1265,MC-698,Q-329,06/22/2024,2024-04-17,1213684,PAID
MI-1266,MC-499,Q-368,2025-11-15,2027-08-04,"$1,496,705.00",overdue
MI-1267,MC-566,Q-1255,2025-07-10,13-05-2024,"$33,169.00",paid
MI-1268,MC-1258,Q-317,2025-02-04,2024-06-04,"$394,962.00",pending
MI-1269,MC-1135,Q-1230,2025-03-09,2025-09-05,1290323,PAID
MI-1270,MC-1070,Q-1444,2024-08-04,2025-07-02,1077158,paid
MI-1271,MC-290,Q-368,2024-07-23,2024-05-20,1 782 966,OVERDUE
MI-1272,MC-1110,Q-1106,2024-04-25,04/08/2025,937656,OVERDUE
MI-1273,MC-953,Q-1207,2024-10-08,2027-09-25,1886403,overdue
MI-1274,MC-923,Q-438,13-06-2026,2024-06-18,"532 954,00",PAID
MI-1275,MC-348,Q-580,05/17/2024,2027-03-15,338 557,overdue
MI-1276,MC-933,Q-1198,14-09-2026,27-07-2025,"$16,428.00",PAID
MI-1277,MC-751,Q-350,09/02/2026,2027-09-05,"1 133 484,00",overdue
MI-1278,MC-824,Q-1337,2025-06-28,02/24/2025,427 069,PAID
MI-1279,MC-150,Q-611,2024-04-26,2024-11-18,"$358,087.00",paid
MI-1280,MC-782,Q-1485,2025-06-14,09-07-2025,1178060,pending
MI-1281,MC-1252,Q-1031,2024-11-27,06-01-2026,101140,PAID
MI-1282,MC-337,Q-746,04/27/2025,12/23/2024,1164881,PAID
MI-1283,MC-769,Q-1441,2025-02-14,18-09-2024,"$1,889,404.00",overdue
MI-1284,MC-1010,Q-779,01/20/2026,2027-10-26,13669,overdue
MI-1285,MC-863,Q-912,2025-03-20,10/11/2026,581506,PAID
MI-1286,MC-8,Q-1411,01-02-2026,2027-04-16,508416,overdue
MI-1287,MC-1388,Q-1205,02-07-2026,07-12-2025,651769,OVERDUE
MI-1288,MC-1362,Q-775,2024-11-01,2027-10-06,"$596,455.00",overdue
MI-1289,MC-1249,Q-369,20-12-2026,05/14/2025,"$1,293,493.00",overdue
MI-1290,MC-1262,Q-1472,2024-01-19,12/05/2026,32774,OVERDUE
MI-1291,MC-681,Q-470,01/12/2024,2025-11-08,429 692,paid
MI-1292,MC-876,Q-962,2026-11-21,2026-03-03,"1 179 824,00",pending
MI-1293,MC-1334,Q-1290,2024-05-21,11-01-2026,"$506,493.00",pending
MI-1294,MC-40,Q-976,2024-11-25,19-02-2024,1461630,overdue
MI-1295,MC-666,Q-59,2025-04-09,2027-11-27,"1 367 969,00",overdue
MI-1296,MC-724,Q-189,2025-12-02,2026-10-20,"$139,104.00",paid
MI-1297,MC-879,Q-1212,06/08/2024,2027-05-17,188090,overdue
MI-1298,MC-115,Q-760,2024-05-09,05/18/2026,"$437,620.00",OVERDUE
MI-1299,MC-1351,Q-464,08/23/2026,2027-11-07,"678 407,00",overdue
MI-1300,MC-823,Q-1439,2026-10-20,28-11-2026,1647192,OVERDUE
MI-1301,MC-335,Q-1265,2025-06-17,2024-08-07,818704,paid
MI-1302,MC-689,Q-933,2026-09-08,2026-08-01,1114492,OVERDUE
MI-1303,MC-749,Q-1313,18-05-2024,08/18/2025,574661,paid
MI-1304,MC-1258,Q-1365,02-07-2024,2025-07-24,1151516,PAID
MI-1305,MC-789,Q-1357,08-02-2026,04/02/2026,151 764,OVERDUE
MI-1306,MC-620,Q-1219,2026-08-17,2027-12-28,1978548,overdue
MI-1307,MC-292,Q-455,2024-03-25,24-04-2026,"$901,782.00",overdue
MI-1308,MC-587,Q-308,06-01-2025,2027-06-18,1673852,overdue
MI-1309,MC-769,Q-1308,2026-08-04,2026-06-08,1723008,paid
MI-1310,MC-1393,Q-952,07/22/2025,2027-12-08,869 762,overdue
MI-1311,MC-1260,Q-757,2024-02-24,2025-08-21,"352 119,00",overdue
MI-1312,MC-693,Q-534,2026-12-25,2025-05-18,136 791,OVERDUE
MI-1313,MC-842,Q-874,2024-08-19,13-06-2025,"$1,140,526.00",PAID
MI-1314,MC-1142,Q-336,10-12-2024,2024-02-11,"$170,443.00",OVERDUE
MI-1315,MC-672,Q-913,2026-01-03,2026-10-22,266276,overdue
MI-1316,MC-1252,Q-448,04-02-2024,11/05/2025,"$1,591,649.00",overdue
MI-1317,MC-557,Q-710,09/05/2026,2027-01-01,"$859,248.00",overdue
MI-1318,MC-1328,Q-1476,10/05/2024,04-07-2024,1651612,OVERDUE
MI-1319,MC-1156,Q-702,2026-02-27,2027-07-19,1304408,overdue
MI-1320,MC-1016,Q-584,2024-05-28,2025-02-02,607 447,PAID
MI-1321,MC-785,Q-1353,2024-08-28,2027-01-09,1991715,overdue
MI-1322,MC-1101,Q-212,05/26/2024,2025-04-01,"188 484,00",OVERDUE
MI-1323,MC-561,Q-1049,01/01/2024,07/13/2024,1819098,overdue
MI-1324,MC-291,Q-1333,16-08-2026,2024-12-20,1 806 501,paid
MI-1325,MC-701,Q-1167,08/05/2024,03/21/2024,889297,pending
MI-1326,MC-1237,Q-213,01/28/2025,05/28/2026,1169082,OVERDUE
MI-1327,MC-934,Q-204,06/15/2026,2024-10-27,1771024,pending
MI-1328,MC-728,Q-1138,10-02-2026,2027-02-02,1300694,overdue
MI-1329,MC-1098,Q-1320,09-06-2026,07/07/2026,1 065 792,pending
MI-1330,MC-489,Q-1500,02/03/2024,2027-08-20,1964223,overdue
MI-1331,MC-1353,Q-610,2024-02-01,2025-07-11,1917654,paid
MI-1332,MC-638,Q-740,2026-10-12,2027-02-10,1549230,overdue
MI-1333,MC-998,Q-540,2026-12-04,2024-03-01,894218,OVERDUE
MI-1334,MC-967,Q-1137,01-06-2025,08/23/2025,"1 267 683,00",pending
MI-1335,MC-992,Q-165,04-04-2026,2024-04-25,"64 630,00",paid
MI-1336,MC-622,Q-928,2025-08-26,12/11/2026,1965930,PAID
MI-1337,MC-637,Q-913,2024-07-01,2025-12-19,650017,overdue
MI-1338,MC-607,Q-125,2024-09-14,2026-05-11,"$1,157,297.00",OVERDUE
MI-1339,MC-555,Q-588,12/16/2026,2027-03-03,621 314,overdue
MI-1340,MC-1311,Q-1240,12/24/2025,04/13/2024,"1 518 936,00",pending
MI-1341,MC-597,Q-2,17-03-2024,2027-09-21,840193,overdue
MI-1342,MC-745,Q-1077,2025-06-14,2025-04-21,14 162,PAID
MI-1343,MC-1394,Q-1383,2025-09-09,2027-03-11,1157653,overdue
MI-1344,MC-408,Q-1454,09/10/2025,07/10/2024,1631640,OVERDUE
MI-1345,MC-1259,Q-736,2026-09-10,01-05-2024,273087,pending
MI-1346,MC-1348,Q-1166,2024-06-08,05/03/2026,1475912,PAID
MI-1347,MC-1044,Q-97,28-05-2025,2024-05-21,"$611,840.00",overdue
MI-1348,MC-925,Q-182,2025-04-21,2025-01-18,1609530,overdue
MI-1349,MC-355,Q-1021,16-12-2025,2026-11-10,1 243 151,pending
MI-1350,MC-799,Q-12,2026-11-03,2027-04-04,"$325,502.00",overdue
MI-1351,MC-554,Q-722,03/08/2025,2026-09-20,"$1,921,127.00",paid
MI-1352,MC-585,Q-879,05/18/2025,2027-10-22,1 102 730,overdue
MI-1353,MC-452,Q-309,04/09/2025,21-05-2026,1915537,OVERDUE
MI-1354,MC-744,Q-253,08/28/2024,2027-04-12,1692832,overdue
MI-1355,MC-789,Q-1355,2024-04-09,2024-09-15,"$1,053,279.00",paid
MI-1356,MC-1082,Q-851,09/10/2025,20-09-2026,1480506,paid
MI-1357,MC-991,Q-1253,2026-09-15,09/25/2025,1081268,pending
MI-1358,MC-695,Q-140,2026-07-03,10-03-2026,"$458,771.00",pending
MI-1359,MC-721,Q-558,2025-12-21,2024-02-08,513078,PAID
MI-1360,MC-1178,Q-279,2025-05-23,09/04/2025,59429,PAID
MI-1361,MC-870,Q-1297,08/07/2026,2027-05-05,1292946,overdue
MI-1362,MC-1278,Q-186,06/02/2026,23-06-2024,"$679,847.00",PAID
MI-1363,MC-1013,Q-60,2024-05-12,2027-11-23,"$130,843.00",overdue
MI-1364,MC-962,Q-1302,2024-01-02,19-06-2025,1 984 916,overdue
MI-1365,MC-500,Q-11,02/24/2024,2027-05-13,1538595,overdue
MI-1366,MC-725,Q-342,10/16/2026,2025-07-23,1124139,paid
MI-1367,MC-571,Q-728,03/14/2025,11/25/2026,1292415,overdue
MI-1368,MC-1069,Q-364,08/07/2025,09-11-2025,"$1,558,556.00",paid
MI-1369,MC-373,Q-12,2026-02-26,2025-02-02,509 914,PAID
MI-1370,MC-767,Q-773,05/23/2024,2024-05-24,1 238 427,overdue
MI-1371,MC-762,Q-107,2024-11-27,11/28/2025,"$1,182,334.00",overdue
MI-1372,MC-440,Q-351,2025-11-11,2027-06-06,203910,overdue
MI-1373,MC-125,Q-1026,2026-01-12,2025-10-26,872 962,OVERDUE
MI-1374,MC-426,Q-145,20-08-2024,2027-12-24,955581,overdue
MI-1375,MC-1287,Q-161,08/18/2024,2025-12-06,"$1,157,005.00",OVERDUE
MI-1376,MC-396,Q-905,10/28/2025,2027-06-14,"47 810,00",overdue
MI-1377,MC-449,Q-204,2026-12-20,27-09-2024,"$290,637.00",pending
MI-1378,MC-1005,Q-985,2024-11-10,19-02-2025,1367867,paid
MI-1379,MC-1355,Q-1378,05/07/2026,10/09/2025,951699,paid
MI-1380,MC-862,Q-1068,2025-07-07,2026-03-17,924440,PAID
MI-1381,MC-729,Q-753,13-02-2024,05/22/2025,"1 334 850,00",PAID
MI-1382,MC-353,Q-1087,2025-11-23,07/28/2024,902980,PAID
MI-1383,MC-974,Q-4,2025-09-08,2027-07-07,770935,overdue
MI-1384,MC-135,Q-872,2025-11-27,10/14/2025,1313112,paid
MI-1385,MC-438,Q-1094,12/22/2026,2027-01-25,593274,overdue
MI-1386,MC-1001,Q-1157,2025-04-01,10/21/2026,"778 145,00",pending
MI-1387,MC-1043,Q-261,05/25/2026,2027-07-15,344675,overdue
MI-1388,MC-630,Q-168,2025-11-28,18-04-2026,"$938,694.00",overdue
MI-1389,MC-819,Q-313,08/07/2025,2025-02-13,674 908,PAID
MI-1390,MC-728,Q-54,01/24/2026,2026-06-15,475495,OVERDUE
MI-1391,MC-1389,Q-659,04/13/2024,18-10-2026,1913661,pending
MI-1392,MC-496,Q-1494,2024-04-11,2026-10-20,1613479,pending
MI-1393,MC-743,Q-1330,11-07-2024,20-05-2025,"$1,611,660.00",OVERDUE
MI-1394,MC-876,Q-375,08/20/2026,2027-08-08,1186144,overdue
MI-1395,MC-816,Q-1443,2024-12-16,2025-12-19,"$205,278.00",PAID
MI-1396,MC-935,Q-1013,2026-04-24,2027-02-26,1199325,overdue
MI-1397,MC-684,Q-718,04/27/2024,2026-03-17,823773,pending
MI-1398,MC-1016,Q-292,05/15/2025,2027-08-16,282592,overdue
MI-1399,MC-1395,Q-881,02/13/2024,11/12/2024,926003,overdue
MI-1400,MC-1310,Q-59,2025-02-13,12-08-2024,1557107,overdue
MI-1401,MC-487,Q-306,21-07-2025,2024-09-08,"$541,445.00",overdue
MI-1402,MC-528,Q-891,08/19/2024,03/03/2025,1664262,paid
MI-1403,MC-452,Q-1350,2024-12-25,12/08/2026,1418454,pending
MI-1404,MC-1084,Q-1198,03/14/2025,2024-08-02,1515072,pending
MI-1405,MC-491,Q-481,03/22/2026,2027-09-09,"$1,134,483.00",overdue
MI-1406,MC-882,Q-392,02/04/2026,02/21/2024,1350631,paid
MI-1407,MC-571,Q-1245,12-10-2024,2027-03-27,"$1,140,426.00",overdue
MI-1408,MC-1264,Q-597,09/05/2025,2024-04-16,1 823 720,paid
MI-1409,MC-484,Q-1258,04-03-2026,2027-09-17,525745,overdue
MI-1410,MC-1005,Q-1486,03/10/2025,25-02-2025,1495640,OVERDUE
MI-1411,MC-1322,Q-329,2026-06-26,09-02-2024,979194,pending
MI-1412,MC-1066,Q-507,10/25/2026,2025-07-23,646401,pending
MI-1413,MC-786,Q-99,04/15/2024,03/17/2026,1011338,pending
MI-1414,MC-338,Q-696,19-02-2024,2025-01-14,1770683,OVERDUE
MI-1415,MC-1191,Q-436,2024-03-25,2025-12-13,1435699,paid
MI-1416,MC-1380,Q-1097,19-12-2024,2027-10-10,914203,overdue
MI-1417,MC-293,Q-189,2024-11-25,09-06-2026,903351,paid
MI-1418,MC-699,Q-1107,2024-03-21,2027-04-28,1 154 663,overdue
MI-1419,MC-651,Q-80,18-12-2024,2026-03-28,17033,PAID
MI-1420,MC-1314,Q-948,2024-12-27,2027-10-18,1906195,overdue
MI-1421,MC-1338,Q-1172,2024-06-20,12/09/2024,"1 958 457,00",PAID
MI-1422,MC-629,Q-59,08/18/2024,2025-02-21,681012,pending
MI-1423,MC-474,Q-257,12/06/2024,2025-08-27,"$654,180.00",paid
MI-1424,MC-299,Q-1410,11-07-2026,08/09/2024,1448782,PAID
MI-1425,MC-499,Q-568,04/14/2024,08/01/2024,1438881,PAID
MI-1426,MC-370,Q-1234,2025-09-02,24-01-2026,1965050,pending
MI-1427,MC-644,Q-627,2025-05-10,2027-11-11,517419,overdue
MI-1428,MC-824,Q-905,01-12-2026,11/03/2026,"$1,520,925.00",paid
MI-1429,MC-577,Q-984,03/26/2025,2027-05-01,"$237,408.00",overdue
MI-1430,MC-343,Q-643,02/15/2025,26-06-2025,1068139,OVERDUE
MI-1431,MC-1159,Q-270,2024-08-11,2027-11-19,1788247,overdue
MI-1432,MC-833,Q-877,2026-12-18,10/06/2024,"$249,151.00",PAID
MI-1433,MC-856,Q-398,04/27/2024,2024-11-04,1819997,paid
MI-1434,MC-430,Q-1403,2024-05-24,2025-08-15,186343,pending
MI-1435,MC-1280,Q-1383,2024-01-13,2026-10-13,"807 709,00",OVERDUE
MI-1436,MC-445,Q-106,01/03/2026,2025-03-06,231 676,overdue
MI-1437,MC-811,Q-1279,11-06-2024,03-03-2025,1778589,PAID
MI-1438,MC-293,Q-621,12/08/2026,2027-12-12,50618,overdue
MI-1439,MC-714,Q-482,17-01-2024,15-03-2025,"125 284,00",OVERDUE
MI-1440,MC-135,Q-852,02/04/2025,2027-06-02,546024,overdue
MI-1441,MC-833,Q-995,04/21/2026,07-10-2024,1329993,pending
MI-1442,MC-571,Q-162,07/20/2024,2027-12-20,29058,overdue
MI-1443,MC-586,Q-280,2025-08-10,01/22/2025,437765,PAID
MI-1444,MC-375,Q-66,13-02-2024,05/24/2026,430091,OVERDUE
MI-1445,MC-611,Q-350,2025-08-27,07/20/2024,1387600,OVERDUE
MI-1446,MC-1053,Q-1427,2025-04-02,25-07-2026,"$1,592,528.00",overdue
MI-1447,MC-25,Q-744,2025-05-13,08/08/2025,"$1,530,272.00",PAID
MI-1448,MC-901,Q-810,2024-01-09,03/02/2025,1346142,pending
MI-1449,MC-149,Q-483,09/13/2026,2027-01-13,"$154,182.00",overdue
MI-1450,MC-830,Q-50,04/26/2025,11-07-2024,"$906,329.00",paid
MI-1451,MC-1133,Q-1271,20-04-2025,2027-07-03,1966865,overdue
MI-1452,MC-1266,Q-545,11/01/2024,05-11-2025,1663555,OVERDUE
MI-1453,MC-834,Q-536,03-04-2026,2027-01-21,"$83,577.00",overdue
MI-1454,MC-324,Q-919,2026-12-13,2026-09-21,"$265,233.00",pending
MI-1455,MC-708,Q-36,2026-11-14,09-04-2026,1684849,PAID
MI-1456,MC-1176,Q-715,2026-07-10,12/04/2024,559325,paid
MI-1457,MC-788,Q-188,08/24/2026,06/14/2025,451732,overdue
MI-1458,MC-304,Q-298,2026-09-05,2026-11-12,"$146,742.00",PAID
MI-1459,MC-1271,Q-1447,02/08/2025,2025-10-06,"$1,240,792.00",PAID
MI-1460,MC-689,Q-656,19-08-2026,2027-02-14,347157,overdue
MI-1461,MC-1322,Q-268,2025-09-22,02/07/2025,79 680,paid
MI-1462,MC-1270,Q-1255,07/25/2024,2027-08-04,"$229,546.00",overdue
MI-1463,MC-825,Q-724,2025-02-05,2025-02-21,828 513,OVERDUE
MI-1464,MC-701,Q-1155,2025-03-22,2027-02-22,"$940,336.00",overdue
MI-1465,MC-571,Q-723,12/21/2026,2025-04-02,785397,pending
MI-1466,MC-958,Q-285,14-03-2026,2026-04-15,"$1,815,385.00",paid
MI-1467,MC-1287,Q-1200,2024-06-14,2026-06-25,1970929,OVERDUE
MI-1468,MC-865,Q-247,15-02-2024,2024-08-26,1788695,overdue
MI-1469,MC-23,Q-522,01/16/2026,2024-09-01,492432,OVERDUE
MI-1470,MC-1387,Q-84,2025-05-15,01/23/2025,"$981,153.00",PAID
MI-1471,MC-425,Q-947,2024-10-09,2027-03-15,"$1,291,650.00",overdue
MI-1472,MC-547,Q-938,01-06-2025,01-05-2024,631 057,pending
MI-1473,MC-488,Q-5,22-06-2026,2027-09-05,742078,overdue
MI-1474,MC-955,Q-1120,14-11-2024,10-09-2024,1713074,pending
MI-1475,MC-517,Q-602,03/07/2026,2027-03-23,384463,overdue
MI-1476,MC-1016,Q-896,2024-10-10,2026-10-06,1483507,OVERDUE
MI-1477,MC-837,Q-523,2026-07-18,2024-11-27,"$239,274.00",PAID
MI-1478,MC-11,Q-698,2025-12-13,2026-03-19,"$1,528,831.00",paid
MI-1479,MC-1310,Q-689,17-12-2024,22-02-2026,1858284,paid
MI-1480,MC-590,Q-632,04/17/2026,28-11-2024,525786,PAID
MI-1481,MC-530,Q-70,10/13/2026,19-09-2026,1746826,OVERDUE
MI-1482,MC-737,Q-831,10/02/2024,2027-04-16,324 442,overdue
MI-1483,MC-1312,Q-1214,2026-07-13,01/19/2024,"$1,209,338.00",pending
MI-1484,MC-652,Q-385,06/02/2024,2027-10-06,"1 761 428,00",overdue
MI-1485,MC-1040,Q-81,2025-07-13,23-12-2024,1336124,paid
MI-1486,MC-787,Q-1288,2025-02-19,2027-04-24,"1 962 181,00",overdue
MI-1487,MC-575,Q-212,2025-04-19,01/28/2025,"$1,784,453.00",overdue
MI-1488,MC-1034,Q-109,02/28/2026,2025-01-12,1733250,pending
MI-1489,MC-366,Q-1002,2024-07-22,27-05-2026,"1 170 658,00",OVERDUE
MI-1490,MC-1033,Q-1304,01/06/2026,13-03-2026,"663 334,00",paid
MI-1491,MC-379,Q-273,01/27/2025,2024-11-17,"$578,193.00",overdue
MI-1492,MC-18,Q-819,09/28/2026,12/28/2026,"829 802,00",OVERDUE
MI-1493,MC-681,Q-1467,2025-08-02,2027-05-17,614979,overdue
MI-1494,MC-847,Q-465,2025-08-14,25-11-2025,1106440,overdue
MI-1495,MC-1374,Q-1291,2024-10-07,2027-11-07,"$140,118.00",overdue
MI-1496,MC-143,Q-1048,20-11-2024,20-11-2024,954959,OVERDUE
MI-1497,MC-1144,Q-312,25-01-2026,2027-05-25,"$1,143,922.00",overdue
MI-1498,MC-618,Q-219,07/09/2024,2024-04-19,791781,overdue
MI-1499,MC-582,Q-855,12/13/2026,11-08-2025,70565,pending
MI-1500,MC-1070,Q-926,06/23/2026,2024-08-11,"$181,182.00",paid
MI-1501,MC-463,Q-1446,2026-07-14,20-08-2026,217 057,PAID
MI-1502,MC-664,Q-1057,2024-04-28,2025-07-14,"$1,489,959.00",PAID
MI-1503,MC-608,Q-570,28-01-2024,2026-08-17,591506,PAID
MI-1504,MC-711,Q-1345,04-04-2025,2027-06-18,"$675,061.00",overdue
MI-1505,MC-1029,Q-1482,2024-06-09,01/07/2026,"$1,421,561.00",OVERDUE
MI-1506,MC-1343,Q-167,05/24/2024,2027-12-08,"$1,807,203.00",overdue
MI-1507,MC-457,Q-743,2024-04-05,12/14/2024,"$1,596,470.00",PAID
MI-1508,MC-1118,Q-429,2026-10-23,2027-06-26,1843973,overdue
MI-1509,MC-625,Q-60,2024-06-01,06/16/2025,"$169,078.00",paid
MI-1510,MC-987,Q-580,2026-07-02,2025-08-16,1753625,OVERDUE
MI-1511,MC-584,Q-955,2025-10-17,2025-05-28,1028756,PAID
MI-1512,MC-488,Q-1431,2024-11-26,2025-10-05,"$1,194,974.00",paid
MI-1513,MC-752,Q-1000,12/15/2024,01/07/2025,"1 087 385,00",OVERDUE
MI-1514,MC-527,Q-1381,06-05-2024,02-08-2024,"$678,035.00",paid
MI-1515,MC-22,Q-466,22-10-2026,2027-07-19,"$1,110,687.00",overdue
MI-1516,MC-1060,Q-1115,2024-02-14,2025-06-26,1 778 627,pending
MI-1517,MC-776,Q-638,2026-07-08,2027-01-09,628 136,overdue
MI-1518,MC-992,Q-736,2026-04-10,03/05/2025,"$1,444,242.00",PAID
MI-1519,MC-463,Q-1025,2025-11-13,2027-07-27,952804,overdue
MI-1520,MC-1291,Q-1380,2025-05-19,19-03-2024,592083,overdue
MI-1521,MC-363,Q-1193,19-02-2024,18-02-2025,"$243,092.00",overdue
MI-1522,MC-138,Q-834,12/18/2026,15-01-2026,"$1,617,834.00",pending
MI-1523,MC-455,Q-107,2024-08-07,08/10/2026,1 674 860,overdue
MI-1524,MC-1204,Q-1423,12/11/2024,02/08/2025,1 727 089,OVERDUE
MI-1525,MC-812,Q-1450,2024-03-13,25-12-2024,1099582,pending
MI-1526,MC-1331,Q-1008,09/09/2026,2027-08-20,"$648,107.00",overdue
MI-1527,MC-594,Q-932,2024-04-10,15-04-2025,710920,OVERDUE
MI-1528,MC-1098,Q-1431,06/20/2025,2027-02-10,"$493,452.00",overdue
MI-1529,MC-1272,Q-446,01/09/2024,2025-09-22,"$979,183.00",overdue
MI-1530,MC-136,Q-1230,21-09-2024,2027-08-28,"$1,412,998.00",overdue
MI-1531,MC-1296,Q-1441,2025-05-04,2024-04-01,480177,paid
MI-1532,MC-1107,Q-184,11-12-2025,2025-11-13,1534505,overdue
MI-1533,MC-572,Q-529,14-08-2025,2026-12-18,1033163,paid
MI-1534,MC-367,Q-541,12/17/2025,11/01/2025,"$672,577.00",overdue
MI-1535,MC-965,Q-1067,2024-01-11,02-02-2024,"$28,234.00",OVERDUE
MI-1536,MC-1039,Q-214,2024-01-22,2025-12-06,1674658,PAID
MI-1537,MC-665,Q-3,2024-05-23,2027-09-21,"$1,493,290.00",overdue
MI-1538,MC-692,Q-1262,2025-01-08,25-04-2024,"$1,330,996.00",pending
MI-1539,MC-1173,Q-1067,2025-12-21,2027-03-11,"864 410,00",overdue
MI-1540,MC-400,Q-381,01-10-2024,2026-11-13,"$1,574,332.00",pending
MI-1541,MC-974,Q-1327,2024-08-25,2027-09-01,1433843,overdue
MI-1542,MC-353,Q-430,2025-03-13,04/14/2024,1538154,OVERDUE
MI-1543,MC-600,Q-1314,07/19/2026,2026-02-05,1127295,OVERDUE
MI-1544,MC-590,Q-1125,01/11/2024,2024-03-11,238 218,OVERDUE
MI-1545,MC-123,Q-899,09/26/2024,14-05-2026,"325 358,00",pending
MI-1546,MC-814,Q-139,07/28/2025,04/06/2024,765361,paid
MI-1547,MC-290,Q-95,04/22/2025,01/06/2026,982784,PAID
MI-1548,MC-354,Q-654,2024-03-21,2027-10-22,"$1,048,277.00",overdue
MI-1549,MC-1094,Q-1469,01/22/2025,2025-07-04,"$808,069.00",pending
MI-1550,MC-343,Q-497,2025-10-02,2027-04-12,648904,overdue
MI-1551,MC-609,Q-1210,2025-04-19,2024-11-20,"1 795 931,00",overdue
MI-1552,MC-1309,Q-205,2025-10-25,2027-10-02,"$1,524,481.00",overdue
MI-1553,MC-1096,Q-1210,2024-01-18,2026-06-28,"1 681 706,00",overdue
MI-1554,MC-609,Q-894,22-06-2025,17-03-2024,1575822,PAID
MI-1555,MC-643,Q-364,2025-06-06,2024-02-16,"1 845 887,00",overdue
MI-1556,MC-1035,Q-1134,09/21/2026,2025-09-12,49916,overdue
MI-1557,MC-306,Q-114,03/16/2026,2026-07-20,1 597 851,paid
MI-1558,MC-1132,Q-100,08-04-2025,2024-02-06,1591911,pending
MI-1559,MC-1297,Q-1004,05/17/2025,2027-11-23,"$323,939.00",overdue
MI-1560,MC-498,Q-1323,2026-02-18,07/20/2024,502323,PAID
MI-1561,MC-392,Q-1472,2026-03-13,2027-05-13,1027970,overdue
MI-1562,MC-551,Q-387,18-05-2024,2026-05-09,"1 251 628,00",PAID
MI-1563,MC-1017,Q-992,09/11/2026,2027-11-03,863102,overdue
MI-1564,MC-1382,Q-1464,2024-08-02,2024-10-05,973833,OVERDUE
MI-1565,MC-1216,Q-1496,2026-03-23,2026-06-09,475 217,paid
MI-1566,MC-566,Q-61,02/02/2025,2026-10-21,"1 750 209,00",overdue
MI-1567,MC-729,Q-1443,2025-05-08,2025-04-23,"$283,949.00",OVERDUE
MI-1568,MC-407,Q-1028,2025-11-07,01-12-2026,"$65,878.00",OVERDUE
MI-1569,MC-1338,Q-700,04/10/2026,2024-12-06,1352179,OVERDUE
MI-1570,MC-766,Q-919,11-09-2024,2027-12-24,"$1,702,174.00",overdue
MI-1571,MC-451,Q-1131,2025-03-18,2025-01-10,"$1,608,877.00",PAID
MI-1572,MC-793,Q-1429,10/12/2024,2027-06-14,1154084,overdue
MI-1573,MC-889,Q-669,2025-07-09,2025-05-08,"$959,832.00",pending
MI-1574,MC-340,Q-742,22-04-2026,2027-12-04,273996,overdue
MI-1575,MC-621,Q-1135,04/15/2024,2026-01-01,1051763,PAID
MI-1576,MC-146,Q-860,08-12-2025,2026-09-12,"$1,740,238.00",pending
MI-1577,MC-1141,Q-1204,2024-08-09,2026-10-06,"$610,412.00",pending
MI-1578,MC-527,Q-287,05/03/2025,12/16/2025,1863950,pending
MI-1579,MC-1059,Q-147,2026-10-07,2024-06-17,"$354,645.00",OVERDUE
MI-1580,MC-712,Q-191,2026-10-11,16-07-2025,"$1,715,031.00",pending
MI-1581,MC-1154,Q-1093,04/15/2024,2027-01-25,"$1,343,901.00",overdue
MI-1582,MC-1014,Q-300,03/24/2026,2024-09-17,391414,PAID
MI-1583,MC-1009,Q-587,2026-09-14,2027-07-15,"$686,842.00",overdue
MI-1584,MC-493,Q-835,11/12/2026,2025-07-14,1167017,pending
MI-1585,MC-1080,Q-1142,17-10-2026,2027-01-05,"1 896 802,00",overdue
MI-1586,MC-573,Q-1025,03/19/2026,05/08/2025,"$450,773.00",OVERDUE
MI-1587,MC-797,Q-311,2024-07-19,06/15/2025,942394,OVERDUE
MI-1588,MC-321,Q-405,2024-01-22,2024-12-15,"1 533 888,00",PAID
MI-1589,MC-40,Q-118,2025-10-07,06/28/2025,13365,paid
MI-1590,MC-784,Q-857,09/03/2024,01/11/2024,1712044,overdue
MI-1591,MC-1394,Q-1024,09/19/2025,2024-05-06,"$457,869.00",overdue
MI-1592,MC-486,Q-1419,2024-12-11,2027-02-26,"1 231 136,00",overdue
MI-1593,MC-1024,Q-574,2024-08-23,2024-11-08,1 712 001,paid
MI-1594,MC-817,Q-999,01/23/2025,2027-08-16,407 167,overdue
MI-1595,MC-1152,Q-415,21-07-2026,12/01/2025,1228241,OVERDUE
MI-1596,MC-556,Q-1180,12/16/2025,2027-02-06,1 942 847,overdue
MI-1597,MC-1050,Q-237,2024-04-16,24-11-2026,159808,pending
MI-1598,MC-398,Q-964,07/23/2025,07/28/2026,"$314,320.00",pending
MI-1599,MC-1283,Q-148,05-06-2024,03/16/2024,"$153,725.00",pending
MI-1600,MC-710,Q-919,21-02-2025,12/11/2025,"$54,210.00",OVERDUE
MI-1601,MC-10,Q-1448,2025-11-28,04/03/2024,"$71,696.00",pending
MI-1602,MC-578,Q-738,2026-03-05,2026-09-28,"817 863,00",pending
MI-1603,MC-393,Q-663,06/23/2026,2027-03-27,"$41,680.00",overdue
MI-1604,MC-990,Q-542,2025-07-05,03/06/2024,1 696 616,paid
MI-1605,MC-1108,Q-742,16-05-2025,2027-09-17,1303721,overdue
MI-1606,MC-802,Q-684,21-05-2025,2025-03-04,515 545,PAID
MI-1607,MC-1138,Q-106,2026-10-20,2027-03-07,1131204,overdue
MI-1608,MC-1281,Q-829,26-12-2026,02/08/2026,1474948,OVERDUE
MI-1609,MC-495,Q-278,2025-11-27,27-02-2026,"$1,964,963.00",overdue
MI-1610,MC-827,Q-530,2025-01-21,2024-07-07,510018,overdue
MI-1611,MC-701,Q-1321,2026-08-08,09-06-2026,140 476,OVERDUE
MI-1612,MC-540,Q-1364,06-02-2024,04/20/2024,1 716 489,OVERDUE
MI-1613,MC-879,Q-532,2024-12-01,2026-05-28,"$1,903,260.00",pending
MI-1614,MC-607,Q-1338,2026-05-01,2027-04-28,"$59,572.00",overdue
MI-1615,MC-38,Q-638,07-10-2026,2026-07-02,"1 854 230,00",pending
MI-1616,MC-1157,Q-845,12/11/2026,2027-10-18,"$90,575.00",overdue
MI-1617,MC-310,Q-849,25-04-2026,2024-01-20,900832,OVERDUE
MI-1618,MC-577,Q-1133,2024-01-12,2027-04-08,1801397,overdue
MI-1619,MC-350,Q-1342,2025-09-27,2025-07-28,"$933,976.00",PAID
MI-1620,MC-120,Q-5,2025-10-24,2024-04-16,182 719,PAID
MI-1621,MC-754,Q-361,06/17/2026,2025-07-03,1866536,PAID
MI-1622,MC-1031,Q-440,13-03-2024,26-07-2026,509770,OVERDUE
MI-1623,MC-716,Q-546,08-02-2026,2024-09-27,"1 859 145,00",pending
MI-1624,MC-1213,Q-130,04/19/2026,2024-09-12,422379,overdue
MI-1625,MC-823,Q-661,10/15/2026,2027-05-01,"$104,323.00",overdue
MI-1626,MC-1062,Q-446,10/26/2025,2025-04-06,"$1,102,798.00",overdue
MI-1627,MC-559,Q-245,2026-12-06,2027-11-19,281 557,overdue
MI-1628,MC-361,Q-536,2025-08-01,04/18/2025,"654 358,00",overdue
MI-1629,MC-1148,Q-6,2026-06-13,2027-05-09,724304,overdue
MI-1630,MC-483,Q-10,2026-02-04,06/26/2026,"$1,959,461.00",paid
MI-1631,MC-1236,Q-156,15-07-2025,09/06/2025,"$1,917,343.00",pending
MI-1632,MC-796,Q-1080,2025-09-19,21-02-2025,83918,PAID
MI-1633,MC-1101,Q-488,10/04/2026,08/18/2026,"$1,772,018.00",PAID
MI-1634,MC-818,Q-356,2024-04-22,01-08-2025,"$1,288,363.00",overdue
MI-1635,MC-541,Q-1349,2025-02-12,2025-01-14,510 421,OVERDUE
MI-1636,MC-1055,Q-347,2026-08-09,2027-06-02,1803482,overdue
MI-1637,MC-570,Q-646,2025-04-10,16-11-2024,1909091,pending
MI-1638,MC-1316,Q-1000,2026-02-15,2027-12-20,"$567,716.00",overdue
MI-1639,MC-1099,Q-250,04/17/2026,15-06-2024,116669,paid
MI-1640,MC-655,Q-1468,2025-07-20,2027-06-10,1344483,overdue
MI-1641,MC-1118,Q-739,2026-05-10,2024-04-06,917245,pending
MI-1642,MC-531,Q-303,2025-08-02,22-07-2025,1127800,paid
MI-1643,MC-401,Q-476,10/22/2025,22-05-2026,1358748,PAID
MI-1644,MC-135,Q-976,2025-12-11,11/23/2026,521058,pending
MI-1645,MC-750,Q-1092,07/27/2024,16-11-2026,670315,OVERDUE
MI-1646,MC-837,Q-104,2024-04-11,2025-01-11,"896 221,00",PAID
MI-1647,MC-426,Q-134,02/16/2025,2027-07-03,"$800,635.00",overdue
MI-1648,MC-1093,Q-222,01/24/2025,2024-10-21,834078,paid
MI-1649,MC-595,Q-1169,2026-09-06,2027-01-21,"$488,210.00",overdue
MI-1650,MC-884,Q-577,2024-10-08,03-04-2025,"782 378,00",pending
MI-1651,MC-797,Q-367,2025-09-11,2027-07-11,954997,overdue
MI-1652,MC-1358,Q-1038,08/10/2024,2026-07-19,1295249,paid
MI-1653,MC-1183,Q-1358,2026-07-11,11/04/2024,"648 080,00",OVERDUE
MI-1654,MC-1369,Q-797,06/05/2025,2026-08-01,120 003,overdue
MI-1655,MC-965,Q-750,21-05-2026,12-08-2025,362057,overdue
MI-1656,MC-997,Q-1305,2024-01-07,10/21/2026,722828,PAID
MI-1657,MC-373,Q-1278,10/12/2025,2024-09-11,"$776,507.00",OVERDUE
MI-1658,MC-288,Q-389,06/16/2025,2027-08-04,1250099,overdue
MI-1659,MC-455,Q-1410,2025-09-11,10/03/2025,116321,paid
MI-1660,MC-1259,Q-262,2024-05-06,2027-02-22,"$1,668,711.00",overdue
MI-1661,MC-413,Q-1461,03/24/2025,2026-09-02,"$1,020,290.00",pending
MI-1662,MC-970,Q-578,25-08-2026,2027-08-12,"$1,739,139.00",overdue
MI-1663,MC-301,Q-356,2026-02-09,2025-11-08,638427,PAID
MI-1664,MC-1326,Q-316,2024-01-02,2026-04-02,1631509,PAID
MI-1665,MC-281,Q-731,2024-10-21,10-05-2026,1262120,paid
MI-1666,MC-482,Q-240,22-06-2025,2024-12-25,"$814,614.00",PAID
MI-1667,MC-484,Q-740,2025-09-18,2026-12-03,799 329,OVERDUE
MI-1668,MC-805,Q-28,2025-06-15,02/11/2026,"648 442,00",OVERDUE
MI-1669,MC-690,Q-466,2025-07-09,2027-09-05,"$1,778,364.00",overdue
MI-1670,MC-437,Q-1252,2026-04-23,02/24/2024,"$1,081,703.00",paid
MI-1671,MC-1337,Q-129,2025-11-28,2027-03-23,"948 224,00",overdue
MI-1672,MC-1061,Q-969,2026-06-24,2024-12-27,1833903,OVERDUE
MI-1673,MC-1159,Q-1216,2025-05-22,2027-09-13,105428,overdue
MI-1674,MC-728,Q-68,07-06-2024,2025-11-10,950 175,OVERDUE
MI-1675,MC-1384,Q-1150,05/24/2024,12-03-2025,"$269,753.00",pending
MI-1676,MC-796,Q-80,2025-09-20,2024-07-13,"$1,087,138.00",PAID
MI-1677,MC-810,Q-520,2025-03-16,08/25/2026,631 657,OVERDUE
MI-1678,MC-929,Q-818,2024-04-27,07-02-2026,"$783,695.00",pending
MI-1679,MC-1388,Q-40,2026-10-03,2025-08-28,1538251,paid
MI-1680,MC-563,Q-1404,12-05-2026,2027-10-06,872980,overdue
MI-1681,MC-411,Q-683,2025-12-12,2025-07-24,"$1,113,206.00",PAID
MI-1682,MC-1209,Q-151,2024-06-08,2027-04-24,1710790,overdue
MI-1683,MC-612,Q-375,09/11/2025,01/14/2026,698886,paid
MI-1684,MC-562,Q-1379,2025-10-07,2027-10-14,620486,overdue
MI-1685,MC-627,Q-84,2024-11-15,06-01-2025,23449,overdue
MI-1686,MC-1,Q-737,2024-09-22,2025-12-21,"$157,878.00",OVERDUE
MI-1687,MC-307,Q-1297,08/11/2025,06/13/2026,1327215,PAID
MI-1688,MC-892,Q-1242,2026-12-07,05/10/2024,1774592,PAID
MI-1689,MC-498,Q-262,2024-03-02,01/25/2024,1866324,pending
MI-1690,MC-765,Q-1261,01/15/2026,2024-01-10,"$1,097,781.00",paid
MI-1691,MC-40,Q-271,2026-07-24,2027-11-07,267682,overdue
MI-1692,MC-1049,Q-1098,09/09/2026,2026-10-06,"$1,240,408.00",OVERDUE
MI-1693,MC-616,Q-111,2026-02-17,2027-05-25,452462,overdue
MI-1694,MC-907,Q-901,08/12/2024,10/03/2025,83064,overdue
MI-1695,MC-1194,Q-981,01-01-2026,2027-11-15,1111091,overdue
MI-1696,MC-1041,Q-1435,2026-01-23,2025-09-28,536601,pending
MI-1697,MC-839,Q-401,01/19/2025,2025-02-05,574004,pending
MI-1698,MC-821,Q-97,2025-01-11,2026-06-24,"1 803 592,00",overdue
MI-1699,MC-1123,Q-313,10/19/2025,2024-10-21,"$1,651,036.00",pending
MI-1700,MC-482,Q-314,2025-08-17,2025-07-22,864282,pending
MI-1701,MC-1338,Q-912,2025-09-24,2024-07-25,"$185,250.00",pending
MI-1702,MC-532,Q-513,2024-05-04,2027-12-08,435226,overdue
MI-1703,MC-624,Q-199,03/10/2024,17-09-2024,"$1,912,255.00",overdue
MI-1704,MC-142,Q-650,09/07/2026,2027-06-26,1759287,overdue
MI-1705,MC-322,Q-1016,22-10-2025,2025-04-27,"933 592,00",PAID
MI-1706,MC-884,Q-1108,11/27/2025,2027-12-16,"$1,962,834.00",overdue
MI-1707,MC-526,Q-1103,02/03/2024,01-01-2025,"$1,073,214.00",pending
MI-1708,MC-1064,Q-884,23-02-2024,2026-02-14,253557,overdue
MI-1709,MC-523,Q-1211,2026-04-10,2025-06-26,1836596,paid
MI-1710,MC-443,Q-272,2026-06-15,10/08/2026,1333892,pending
MI-1711,MC-1304,Q-1304,2024-11-26,05/10/2025,"1 199 201,00",overdue
MI-1712,MC-551,Q-793,2026-05-17,2024-12-03,"$1,093,133.00",overdue
MI-1713,MC-448,Q-30,2026-10-27,2027-01-09,683642,overdue
MI-1714,MC-1013,Q-204,2025-03-08,07/04/2026,1411948,overdue
MI-1715,MC-1163,Q-949,2024-03-02,2027-07-27,"$686,626.00",overdue
MI-1716,MC-1245,Q-728,2024-01-14,2026-04-04,879777,OVERDUE
MI-1717,MC-934,Q-1281,01/07/2026,2027-01-17,"716 747,00",overdue
MI-1718,MC-645,Q-308,12/04/2026,2024-11-07,"$1,818,507.00",OVERDUE
MI-1719,MC-1345,Q-127,20-05-2024,2026-01-19,977150,overdue
MI-1720,MC-1235,Q-1038,08/17/2026,03/08/2024,1681107,overdue
MI-1721,MC-383,Q-1224,2026-02-20,02-12-2026,"813 317,00",PAID
MI-1722,MC-126,Q-487,2025-11-02,2025-09-11,1 799 995,PAID
MI-1723,MC-1224,Q-817,2024-06-04,2025-08-07,633 851,overdue
MI-1724,MC-1342,Q-193,05/25/2025,2027-02-10,"$694,682.00",overdue
MI-1725,MC-515,Q-321,04/09/2025,2024-09-22,"$1,416,775.00",pending
MI-1726,MC-339,Q-1488,10-11-2024,2027-08-28,63 107,overdue
MI-1727,MC-988,Q-1065,09-10-2026,2025-10-08,"$1,089,338.00",pending
MI-1728,MC-775,Q-294,2025-07-06,2027-02-18,1729821,overdue
MI-1729,MC-1083,Q-1426,11/20/2026,03/03/2025,741050,pending
MI-1730,MC-1345,Q-639,10-10-2026,04/08/2024,"$835,990.00",paid
MI-1731,MC-501,Q-1249,06-07-2024,07-11-2024,"$1,745,449.00",pending
MI-1732,MC-30,Q-911,10/07/2024,2024-05-18,"920 634,00",pending
MI-1733,MC-764,Q-1487,2026-03-03,2025-05-21,583464,paid
MI-1734,MC-1266,Q-1275,14-02-2026,03/20/2026,254 201,pending
MI-1735,MC-113,Q-979,07/02/2026,2027-03-11,1493537,overdue
MI-1736,MC-846,Q-497,09-08-2026,20-10-2025,572406,PAID
MI-1737,MC-510,Q-998,2025-10-21,2027-09-01,567117,overdue
MI-1738,MC-1231,Q-644,2026-07-02,2024-01-08,"57 275,00",OVERDUE
MI-1739,MC-1291,Q-289,03/07/2025,2027-03-19,1529828,overdue
MI-1740,MC-480,Q-706,09/16/2024,05-11-2024,388 480,pending
MI-1741,MC-1251,Q-775,06/25/2024,07/04/2025,1377158,overdue
MI-1742,MC-522,Q-432,11/19/2026,2024-11-02,"$1,888,142.00",OVERDUE
MI-1743,MC-482,Q-524,06/20/2026,05/10/2026,"$123,397.00",paid
MI-1744,MC-1388,Q-220,2026-06-24,2025-07-19,"$1,965,189.00",overdue
MI-1745,MC-422,Q-327,01/15/2024,2026-02-04,176230,PAID
MI-1746,MC-632,Q-183,2025-05-19,2027-04-12,448128,overdue
MI-1747,MC-495,Q-1439,2025-07-16,03/20/2024,1 637 465,pending
MI-1748,MC-463,Q-1371,2024-02-11,2027-10-02,"$1,650,339.00",overdue
MI-1749,MC-1235,Q-1012,2025-07-11,07/26/2025,1716801,OVERDUE
MI-1750,MC-390,Q-833,12/09/2026,2027-04-20,"$496,221.00",overdue
MI-1751,MC-756,Q-1482,09/07/2024,2026-06-09,"$1,773,817.00",overdue
MI-1752,MC-494,Q-475,2025-08-20,2024-05-01,"$1,496,200.00",PAID
MI-1753,MC-861,Q-1398,21-06-2024,2026-02-02,701595,pending
MI-1754,MC-916,Q-1328,26-07-2024,2024-09-13,"$420,275.00",paid
MI-1755,MC-845,Q-375,13-01-2024,10/07/2026,1923618,overdue
MI-1756,MC-403,Q-612,2026-02-18,10/26/2025,234001,overdue
MI-1757,MC-1025,Q-632,09/02/2024,2027-05-13,"$1,828,644.00",overdue
MI-1758,MC-816,Q-899,2024-08-15,28-04-2025,507295,pending
MI-1759,MC-860,Q-1080,2026-12-10,2027-11-03,1915001,overdue
MI-1760,MC-998,Q-266,21-01-2026,2026-10-28,554974,paid
MI-1761,MC-862,Q-468,03-03-2025,2027-05-21,"813 705,00",overdue
MI-1762,MC-765,Q-1210,2025-12-28,23-06-2024,869282,PAID
MI-1763,MC-496,Q-1145,2024-02-24,20-08-2024,"$556,204.00",PAID
MI-1764,MC-1094,Q-565,10-09-2025,02/26/2024,814409,OVERDUE
MI-1765,MC-710,Q-312,2024-10-20,2025-11-06,"$816,548.00",OVERDUE
MI-1766,MC-308,Q-863,2026-04-12,09/08/2026,541674,pending
MI-1767,MC-6,Q-500,2025-03-05,02/13/2026,"$1,930,152.00",paid
MI-1768,MC-514,Q-1248,2025-11-15,2027-06-14,"$835,875.00",overdue
MI-1769,MC-1,Q-1417,12/02/2024,24-05-2025,"$1,598,616.00",OVERDUE
MI-1770,MC-483,Q-764,16-12-2024,2027-12-04,1217016,overdue
MI-1771,MC-663,Q-687,08/09/2025,10/09/2024,483636,paid
MI-1772,MC-524,Q-110,2025-12-13,2027-06-22,1 642 647,overdue
MI-1773,MC-1138,Q-799,2024-04-01,01-06-2025,694132,PAID
MI-1774,MC-1215,Q-848,2026-02-11,06-01-2024,1554881,paid
MI-1775,MC-775,Q-1294,2025-11-28,2025-04-08,"$539,238.00",PAID
MI-1776,MC-850,Q-568,12/13/2026,26-11-2026,1752808,OVERDUE
MI-1777,MC-903,Q-710,21-03-2025,10/04/2024,515 901,OVERDUE
MI-1778,MC-868,Q-619,2025-05-01,16-05-2026,"$1,741,431.00",PAID
MI-1779,MC-893,Q-783,02/03/2025,2027-07-15,"$457,114.00",overdue
MI-1780,MC-311,Q-50,2024-12-02,2025-02-28,1 207 006,pending
MI-1781,MC-290,Q-1321,03-12-2024,2027-01-05,58 926,overdue
MI-1782,MC-1193,Q-392,03/25/2024,2025-06-10,"$444,078.00",OVERDUE
MI-1783,MC-994,Q-311,02/01/2025,2027-07-23,"$258,425.00",overdue
MI-1784,MC-1250,Q-1198,07/17/2026,03-03-2025,1958166,paid
MI-1785,MC-422,Q-1453,01/25/2025,2024-03-22,770392,overdue
MI-1786,MC-906,Q-341,06/25/2025,2024-11-19,"$1,772,502.00",overdue
MI-1787,MC-667,Q-721,09/03/2024,11/26/2025,1889656,overdue
MI-1788,MC-402,Q-1057,06/18/2026,03-11-2025,"$90,233.00",PAID
MI-1789,MC-472,Q-1256,2026-06-10,10/17/2025,1051255,overdue
MI-1790,MC-300,Q-1394,03-04-2025,2027-08-16,412087,overdue
MI-1791,MC-967,Q-170,06/24/2025,06-06-2026,1138940,OVERDUE
MI-1792,MC-486,Q-1040,06/07/2026,2027-02-06,776 081,overdue
MI-1793,MC-829,Q-916,07-04-2026,2025-09-09,1258807,paid
MI-1794,MC-1354,Q-430,15-04-2024,2027-08-24,"1 980 564,00",overdue
MI-1795,MC-1395,Q-565,03/06/2024,2026-02-20,"1 359 175,00",overdue
MI-1796,MC-120,Q-271,06-01-2024,24-02-2024,107689,paid
MI-1797,MC-1047,Q-268,2026-11-24,07/19/2025,708623,pending
MI-1798,MC-290,Q-919,06/23/2026,2024-08-08,"$1,054,833.00",overdue
MI-1799,MC-1272,Q-1047,2026-11-11,2025-04-16,296065,PAID
MI-1800,MC-399,Q-189,03-06-2026,2026-08-06,346712,OVERDUE
MI-1801,MC-1299,Q-112,2024-04-23,2027-09-17,"$411,953.00",overdue
MI-1802,MC-627,Q-866,04/09/2026,02/18/2026,1369504,paid
MI-1803,MC-491,Q-612,05-03-2024,2027-03-07,801997,overdue
MI-1804,MC-372,Q-309,2024-01-09,08/28/2024,1 827 898,PAID
MI-1805,MC-828,Q-1178,2026-01-04,2027-09-25,1209375,overdue
MI-1806,MC-1072,Q-491,27-02-2026,07/11/2024,422 344,pending
MI-1807,MC-1197,Q-1201,2024-02-18,11-12-2025,"$1,763,341.00",PAID
MI-1808,MC-558,Q-72,06/18/2025,2026-02-06,564 747,PAID
MI-1809,MC-1322,Q-634,03/25/2025,12/12/2026,1 829 919,OVERDUE
MI-1810,MC-314,Q-989,2026-06-23,2024-09-27,179380,overdue
MI-1811,MC-590,Q-123,2026-09-08,05/28/2025,1343660,pending
MI-1812,MC-1201,Q-1417,03/24/2025,2027-10-18,250537,overdue
MI-1813,MC-1369,Q-608,2024-09-12,2025-11-18,30638,overdue
MI-1814,MC-401,Q-97,03-03-2025,2027-04-08,87945,overdue
MI-1815,MC-347,Q-281,2026-06-17,2024-07-27,855 866,OVERDUE
MI-1816,MC-891,Q-513,13-04-2024,2027-10-26,"$1,353,413.00",overdue
MI-1817,MC-879,Q-844,02/14/2024,13-02-2025,204548,PAID
MI-1818,MC-310,Q-87,2024-05-07,03/11/2026,1514718,overdue
MI-1819,MC-528,Q-98,23-06-2026,2026-03-22,"$1,750,146.00",pending
MI-1820,MC-659,Q-113,04-08-2025,17-09-2025,"$1,750,126.00",OVERDUE
MI-1821,MC-757,Q-607,2025-12-10,03/20/2025,222 461,pending
MI-1822,MC-1097,Q-796,2026-12-03,2026-06-10,691514,pending
MI-1823,MC-1286,Q-737,2025-12-02,2027-11-19,289114,overdue
MI-1824,MC-393,Q-1245,2026-05-01,12/08/2026,1 859 634,pending
MI-1825,MC-1242,Q-386,2024-02-24,2027-05-09,1085009,overdue
MI-1826,MC-853,Q-307,07/26/2025,03-04-2026,977 642,OVERDUE
MI-1827,MC-564,Q-1441,2026-05-12,2027-11-27,"$1,797,291.00",overdue
MI-1828,MC-564,Q-420,02-09-2026,2024-10-27,950821,OVERDUE
MI-1829,MC-1074,Q-1145,01-06-2025,2026-01-07,1275533,PAID
MI-1830,MC-662,Q-684,2026-02-07,2025-08-16,327742,paid
MI-1831,MC-747,Q-629,02/14/2024,04/22/2026,"$1,923,024.00",paid
MI-1832,MC-999,Q-163,2025-03-02,07-07-2025,"$760,569.00",OVERDUE
MI-1833,MC-526,Q-1195,2024-09-20,2026-04-09,212453,paid
MI-1834,MC-118,Q-858,2026-11-26,2027-12-20,"1 146 186,00",overdue
MI-1835,MC-535,Q-1033,2024-05-11,2025-09-23,339149,PAID
MI-1836,MC-1039,Q-1123,2026-12-16,2027-06-10,1 047 394,overdue
MI-1837,MC-495,Q-1349,2026-03-13,09/14/2025,1622337,paid
MI-1838,MC-958,Q-1456,04/10/2026,2027-12-28,"46 338,00",overdue
MI-1839,MC-878,Q-740,04/15/2026,01/05/2026,"$1,004,531.00",OVERDUE
MI-1840,MC-1238,Q-241,2024-12-14,2024-08-08,1776607,paid
MI-1841,MC-393,Q-607,04-04-2025,05/01/2024,973376,OVERDUE
MI-1842,MC-1177,Q-820,2026-08-18,06/10/2025,1 546 268,paid
MI-1843,MC-1223,Q-1034,2025-02-14,06/08/2024,354841,overdue
MI-1844,MC-379,Q-665,2025-06-16,12-05-2026,316005,OVERDUE
MI-1845,MC-849,Q-1121,2025-08-06,2027-01-21,1289968,overdue
MI-1846,MC-344,Q-297,2026-01-22,2025-01-26,1989981,pending
MI-1847,MC-337,Q-418,2025-12-07,2027-07-11,487 682,overdue
MI-1848,MC-1027,Q-67,12-12-2025,2025-09-25,"$725,239.00",paid
MI-1849,MC-1364,Q-772,16-01-2025,2027-01-01,"$1,892,001.00",overdue
MI-1850,MC-885,Q-1448,02/05/2026,2025-11-11,"846 940,00",paid
MI-1851,MC-1126,Q-909,2026-03-12,03-02-2024,870680,paid
MI-1852,MC-517,Q-675,02/21/2024,11/22/2026,"$772,162.00",paid
MI-1853,MC-1222,Q-556,10/19/2024,25-09-2024,"$1,691,411.00",PAID
MI-1854,MC-1204,Q-892,2025-11-10,08-12-2025,1424893,PAID
MI-1855,MC-926,Q-1,03/23/2026,2025-06-21,1099553,overdue
MI-1856,MC-467,Q-21,2026-06-22,2027-02-22,"$640,976.00",overdue
MI-1857,MC-717,Q-946,2025-06-15,20-12-2025,"$1,307,942.00",OVERDUE
MI-1858,MC-1112,Q-910,2025-04-01,2027-08-12,"$1,634,769.00",overdue
MI-1859,MC-508,Q-283,22-06-2025,2025-10-27,"$1,151,040.00",OVERDUE
MI-1860,MC-841,Q-19,2026-05-11,2027-02-02,"$1,369,760.00",overdue
MI-1861,MC-1204,Q-1288,02-05-2026,12/11/2026,1097654,overdue
MI-1862,MC-501,Q-495,06/08/2024,02-02-2025,1671945,pending
MI-1863,MC-388,Q-1192,09/05/2024,23-11-2025,"$262,662.00",paid
MI-1864,MC-768,Q-929,11/25/2025,27-04-2025,"$1,487,408.00",PAID
MI-1865,MC-412,Q-96,20-12-2026,2024-06-01,"925 017,00",paid
MI-1866,MC-451,Q-1252,23-01-2024,2024-06-03,"46 986,00",paid
MI-1867,MC-578,Q-210,2026-08-23,2027-03-23,"741 094,00",overdue
MI-1868,MC-970,Q-366,2025-02-12,2025-03-13,1787415,PAID
MI-1869,MC-838,Q-314,2025-02-23,2027-09-13,"$706,486.00",overdue
MI-1870,MC-364,Q-708,2025-03-28,2025-06-09,1 185 615,OVERDUE
MI-1871,MC-1183,Q-585,2025-01-11,2027-03-03,773706,overdue
MI-1872,MC-950,Q-818,2026-08-25,2025-08-22,"$1,319,245.00",paid
MI-1873,MC-954,Q-241,28-11-2026,2025-07-03,653182,pending
MI-1874,MC-1120,Q-136,2025-08-01,2024-10-17,1 477 577,pending
MI-1875,MC-142,Q-1076,2024-03-09,19-10-2026,1251090,PAID
MI-1876,MC-473,Q-1392,2026-03-12,06-10-2025,724212,overdue
MI-1877,MC-1046,Q-460,2026-09-27,2024-03-22,"$163,983.00",pending
MI-1878,MC-352,Q-281,2025-08-23,2027-04-24,"1 073 726,00",overdue
MI-1879,MC-523,Q-1228,01/26/2024,10/09/2026,1262293,paid
MI-1880,MC-1138,Q-664,2025-07-14,2027-10-14,1076153,overdue
MI-1881,MC-602,Q-828,2024-11-21,04-09-2026,"$1,667,488.00",overdue
MI-1882,MC-998,Q-78,01/06/2024,2027-04-04,"$73,889.00",overdue
MI-1883,MC-1085,Q-19,2024-06-17,2025-07-22,1140370,OVERDUE
MI-1884,MC-735,Q-156,2025-12-28,2026-12-20,"$399,693.00",pending
MI-1885,MC-485,Q-1494,2024-01-27,07/05/2025,1290315,OVERDUE
MI-1886,MC-718,Q-1099,04/12/2024,2024-08-10,538676,pending
MI-1887,MC-921,Q-1458,2026-03-08,10/10/2024,1715316,OVERDUE
MI-1888,MC-695,Q-432,05/03/2025,11/25/2025,"$924,431.00",paid
MI-1889,MC-437,Q-1009,2025-03-03,2027-05-25,"1 560 481,00",overdue
MI-1890,MC-954,Q-1236,08/26/2024,2026-05-11,357 606,paid
MI-1891,MC-716,Q-430,16-01-2025,2027-11-15,1675246,overdue
MI-1892,MC-1211,Q-1465,2025-09-11,18-09-2026,"$279,744.00",PAID
MI-1893,MC-630,Q-847,2024-05-22,2027-05-05,1692814,overdue
MI-1894,MC-511,Q-308,04/05/2026,2026-01-12,74 350,PAID
MI-1895,MC-1036,Q-633,04/19/2026,06/04/2025,"$264,579.00",overdue
MI-1896,MC-1297,Q-908,2025-02-20,2026-01-19,"$1,362,511.00",pending
MI-1897,MC-877,Q-398,06/16/2025,18-08-2026,418566,overdue
MI-1898,MC-824,Q-114,2025-09-08,22-08-2025,"$1,494,428.00",PAID
MI-1899,MC-957,Q-1369,02/10/2025,05-09-2024,"$541,117.00",pending
MI-1900,MC-917,Q-1196,2025-06-17,2027-06-26,313314,overdue
MI-1901,MC-447,Q-1155,2024-11-11,08/18/2025,597342,OVERDUE
MI-1902,MC-745,Q-214,2026-08-03,2027-12-16,"$1,100,636.00",overdue
MI-1903,MC-531,Q-1380,08/13/2024,06-03-2025,1 888 367,OVERDUE
MI-1904,MC-513,Q-1012,2024-03-25,2027-06-06,437829,overdue
MI-1905,MC-842,Q-730,09/04/2024,14-10-2024,"1 883 137,00",paid
MI-1906,MC-442,Q-936,12/06/2026,23-04-2026,1 067 912,pending
MI-1907,MC-855,Q-10,2024-09-12,12/02/2024,1115452,PAID
MI-1908,MC-660,Q-532,06/20/2025,2024-09-14,"$344,668.00",PAID
MI-1909,MC-147,Q-331,01/15/2024,10-12-2026,1982855,OVERDUE
MI-1910,MC-853,Q-577,02/18/2026,09/04/2024,"$1,171,547.00",pending
MI-1911,MC-597,Q-83,2024-01-10,2027-07-27,"$254,356.00",overdue
MI-1912,MC-1393,Q-401,06/26/2025,19-05-2026,1 132 238,pending
MI-1913,MC-1302,Q-1438,09/21/2025,2027-01-17,435685,overdue
MI-1914,MC-875,Q-211,09/13/2025,2026-08-09,"48 500,00",PAID
MI-1915,MC-370,Q-553,2024-07-06,2027-07-07,"661 524,00",overdue
MI-1916,MC-9,Q-690,2025-05-24,2025-01-12,"$67,407.00",overdue
MI-1917,MC-768,Q-1254,14-02-2025,2024-01-02,"$63,139.00",PAID
MI-1918,MC-302,Q-1490,04/08/2026,2024-08-27,"$1,394,052.00",paid
MI-1919,MC-729,Q-625,2025-02-11,2026-04-10,1911601,overdue
MI-1920,MC-1356,Q-573,01/12/2026,09/12/2024,897444,overdue
MI-1921,MC-831,Q-1396,2024-02-28,01-01-2024,1960112,overdue
MI-1922,MC-873,Q-1101,01/26/2026,2027-08-28,"52 472,00",overdue
MI-1923,MC-695,Q-862,12/22/2024,11/12/2025,545166,overdue
MI-1924,MC-1171,Q-879,04/14/2024,2027-02-18,69486,overdue
MI-1925,MC-574,Q-1424,2025-06-27,18-06-2026,85443,paid
MI-1926,MC-833,Q-348,2025-12-07,2027-08-08,1916174,overdue
MI-1927,MC-1353,Q-953,2024-05-11,2025-02-23,400614,PAID
MI-1928,MC-732,Q-1087,2026-03-06,2024-11-11,1 722 749,paid
MI-1929,MC-1243,Q-1354,03/03/2024,2026-10-01,"$885,148.00",overdue
MI-1930,MC-548,Q-1457,2025-12-13,06/02/2025,185262,overdue
MI-1931,MC-433,Q-1353,16-05-2024,2025-12-25,1 704 208,OVERDUE
MI-1932,MC-547,Q-1050,26-07-2024,2024-10-25,1665939,paid
MI-1933,MC-1042,Q-98,02/25/2024,2027-09-01,1438460,overdue
MI-1934,MC-435,Q-809,01/23/2024,04/11/2026,1008265,PAID
MI-1935,MC-1203,Q-1039,2025-10-20,2027-03-19,1454834,overdue
MI-1936,MC-1395,Q-801,2024-10-15,2026-09-21,217604,paid
MI-1937,MC-1051,Q-1341,26-02-2026,2027-09-09,1 723 324,overdue
MI-1938,MC-474,Q-1343,02/11/2025,11/02/2024,"540 756,00",paid
MI-1939,MC-1129,Q-90,2025-02-27,2025-02-05,"$412,550.00",OVERDUE
MI-1940,MC-451,Q-251,2025-01-08,2026-02-14,473722,OVERDUE
MI-1941,MC-391,Q-503,2026-05-17,10/16/2025,1698744,PAID
MI-1942,MC-140,Q-247,2025-09-25,2024-11-10,650142,overdue
MI-1943,MC-143,Q-1261,2025-09-04,08/05/2026,1 935 543,paid
MI-1944,MC-618,Q-154,06/02/2024,2027-10-02,"$1,735,570.00",overdue
MI-1945,MC-1293,Q-148,12/27/2025,2026-10-08,320452,paid
MI-1946,MC-1175,Q-36,2026-05-11,2027-04-20,895425,overdue
MI-1947,MC-992,Q-119,2025-02-05,2024-11-14,"$354,080.00",overdue
MI-1948,MC-1143,Q-1488,2024-10-19,2027-10-10,619418,overdue
MI-1949,MC-593,Q-819,2026-05-10,2025-03-23,883 907,PAID
MI-1950,MC-513,Q-423,05/22/2024,2024-06-01,"1 901 968,00",overdue
MI-1951,MC-1123,Q-817,10/08/2024,05/13/2026,"1 275 404,00",PAID
MI-1952,MC-1158,Q-1019,04/07/2025,12-03-2026,"$1,925,938.00",pending
MI-1953,MC-1277,Q-197,05/10/2026,2025-12-24,"$1,237,350.00",OVERDUE
MI-1954,MC-1346,Q-1339,2024-01-04,10/10/2026,"$1,113,827.00",PAID
MI-1955,MC-907,Q-938,2025-08-25,2027-11-03,"$1,993,880.00",overdue
MI-1956,MC-772,Q-121,25-01-2024,2024-03-06,"1 980 803,00",paid
MI-1957,MC-658,Q-542,2024-03-01,2027-05-21,669795,overdue
MI-1958,MC-1276,Q-216,12/04/2024,04-11-2024,1806771,overdue
MI-1959,MC-956,Q-1187,07/20/2026,2027-11-11,473 104,overdue
MI-1960,MC-1062,Q-1089,2025-11-22,2025-04-04,651547,pending
MI-1961,MC-565,Q-294,02/12/2026,10-10-2026,1654542,OVERDUE
MI-1962,MC-730,Q-632,2025-11-21,09-03-2026,455 993,OVERDUE
MI-1963,MC-964,Q-1383,24-09-2025,2025-08-25,"$271,310.00",overdue
MI-1964,MC-540,Q-1242,17-04-2025,2025-10-08,139975,PAID
MI-1965,MC-720,Q-543,01/10/2025,2026-10-15,1887352,PAID
MI-1966,MC-485,Q-460,07/26/2024,2027-12-04,1 046 294,overdue
MI-1967,MC-639,Q-251,19-07-2024,2025-04-28,"1 728 441,00",PAID
MI-1968,MC-837,Q-1006,12/01/2024,2027-06-22,1002553,overdue
MI-1969,MC-1131,Q-824,2025-07-15,03/17/2025,"$1,163,625.00",paid
MI-1970,MC-1076,Q-1133,2024-07-10,2027-12-12,"445 951,00",overdue
MI-1971,MC-1016,Q-257,2024-05-16,2026-06-10,213714,PAID
MI-1972,MC-1250,Q-1062,2024-08-16,09-09-2026,1574372,OVERDUE
MI-1973,MC-981,Q-760,2024-04-25,12/03/2026,657672,pending
MI-1974,MC-1322,Q-134,04-01-2026,2026-10-23,"$1,240,879.00",PAID
MI-1975,MC-899,Q-1080,09/24/2024,2026-02-07,"$1,191,875.00",paid
MI-1976,MC-631,Q-1055,11/17/2024,2024-12-16,1663572,PAID
MI-1977,MC-879,Q-639,2024-05-03,2027-01-05,"$606,264.00",overdue
MI-1978,MC-1225,Q-188,2025-11-09,2025-10-01,"$1,779,947.00",paid
MI-1979,MC-1128,Q-758,03/04/2026,2027-07-23,482064,overdue
MI-1980,MC-1319,Q-749,2024-12-15,08/15/2026,"$1,546,915.00",OVERDUE
MI-1981,MC-751,Q-1424,2024-07-23,2027-01-13,"128 863,00",overdue
MI-1982,MC-374,Q-886,12/01/2024,2024-05-01,1743818,PAID
MI-1983,MC-498,Q-1248,2024-07-04,22-03-2026,"$1,649,660.00",paid
MI-1984,MC-663,Q-120,01/26/2025,2024-06-02,"$1,358,998.00",overdue
MI-1985,MC-410,Q-234,09/12/2025,09/16/2024,"$1,513,094.00",PAID
MI-1986,MC-465,Q-712,2025-11-27,07/23/2025,1126566,paid
MI-1987,MC-388,Q-143,2025-07-07,2025-10-07,"302 022,00",paid
MI-1988,MC-940,Q-939,2025-01-26,2027-02-06,"$835,454.00",overdue
MI-1989,MC-678,Q-1014,19-10-2026,06-02-2025,"163 759,00",overdue
MI-1990,MC-797,Q-874,12/09/2026,2027-08-24,1614609,overdue
MI-1991,MC-133,Q-1079,2026-10-14,2026-07-11,783559,paid
MI-1992,MC-633,Q-926,06-10-2025,2027-02-14,897864,overdue
MI-1993,MC-669,Q-1252,2026-01-25,09/07/2024,1384179,PAID
MI-1994,MC-1371,Q-571,07/25/2024,2024-11-20,"1 271 192,00",OVERDUE
MI-1995,MC-364,Q-1064,2025-01-28,01/04/2026,"1 044 101,00",paid
MI-1996,MC-1350,Q-8,01/13/2025,02/02/2026,495 962,PAID
MI-1997,MC-1250,Q-636,05/20/2026,03/03/2026,"$747,673.00",paid
MI-1998,MC-879,Q-494,2026-10-25,2026-11-23,536123,overdue
MI-1999,MC-493,Q-1432,09/26/2025,2027-03-07,813845,overdue
MI-2000,MC-974,Q-841,04-03-2024,01/12/2025,"$158,750.00",PAID
MI-2001,MC-1105,Q-184,2026-01-01,2027-09-25,30621,overdue
MI-2002,MC-1180,Q-239,06/19/2026,12/15/2025,1 896 208,OVERDUE
MI-2003,MC-756,Q-1146,2024-05-17,2027-03-15,1578459,overdue
MI-2004,MC-751,Q-574,11/18/2026,03/21/2025,"$1,137,781.00",PAID
MI-2005,MC-133,Q-1411,05/14/2025,2024-06-28,1406079,PAID
MI-2006,MC-1387,Q-1468,2026-02-14,2024-12-10,"$995,251.00",overdue
MI-2007,MC-656,Q-752,2025-10-15,02/26/2024,"$1,720,672.00",pending
MI-2008,MC-1039,Q-921,2026-09-07,2025-09-22,1646810,PAID
MI-2009,MC-666,Q-1341,11/24/2024,13-08-2025,"1 724 004,00",overdue
MI-2010,MC-911,Q-1384,2026-03-05,2027-04-08,536240,overdue
MI-2011,MC-371,Q-1193,06/04/2024,08-09-2024,"405 839,00",paid
MI-2012,MC-1229,Q-1233,10/25/2024,2027-10-26,488102,overdue
MI-2013,MC-1236,Q-1038,2025-09-24,02/25/2026,1263356,OVERDUE
MI-2014,MC-370,Q-976,08/06/2024,2027-04-16,"$1,670,629.00",overdue
MI-2015,MC-1039,Q-925,03/19/2024,08-04-2024,"$1,724,286.00",pending
MI-2016,MC-937,Q-1272,03-04-2025,22-01-2025,123 872,PAID
MI-2017,MC-1127,Q-338,02/01/2024,11/21/2026,"$519,185.00",overdue
MI-2018,MC-487,Q-1195,05/05/2025,2026-12-08,1125828,OVERDUE
MI-2019,MC-538,Q-230,14-01-2025,02/18/2024,327538,PAID
MI-2020,MC-938,Q-382,06-06-2026,08-01-2024,1421070,OVERDUE
MI-2021,MC-301,Q-1202,2026-05-16,2027-05-09,"$1,668,076.00",overdue
MI-2022,MC-675,Q-1207,2024-05-19,14-08-2024,141315,pending
MI-2023,MC-1227,Q-360,2025-09-06,2027-11-27,1767832,overdue
MI-2024,MC-366,Q-1177,10/14/2024,2025-02-14,"$1,223,487.00",OVERDUE
MI-2025,MC-131,Q-508,08-08-2025,2027-05-17,809936,overdue
MI-2026,MC-533,Q-811,2024-10-08,13-01-2024,1867096,PAID
MI-2027,MC-115,Q-529,2025-12-20,2024-12-16,"$1,689,816.00",paid
MI-2028,MC-998,Q-1165,04-06-2024,2024-02-23,"$1,800,014.00",OVERDUE
MI-2029,MC-1223,Q-650,2024-08-01,05-10-2026,"$1,162,458.00",OVERDUE
MI-2030,MC-612,Q-627,2024-01-12,2025-09-04,1016987,OVERDUE
MI-2031,MC-986,Q-818,05/26/2026,2024-10-23,1758305,pending
MI-2032,MC-1167,Q-1239,2024-01-18,2027-06-10,333353,overdue
MI-2033,MC-755,Q-539,02/28/2025,2024-01-10,"$1,674,809.00",PAID
MI-2034,MC-1061,Q-459,2025-07-26,2027-12-28,788 125,overdue
MI-2035,MC-1269,Q-1184,04-05-2024,12/05/2024,"$399,149.00",overdue
MI-2036,MC-894,Q-368,24-02-2026,2027-06-18,716500,overdue
MI-2037,MC-460,Q-1472,2024-04-16,02/22/2025,1 119 728,overdue
MI-2038,MC-1200,Q-776,2026-03-27,2024-10-04,1389671,paid
MI-2039,MC-1319,Q-1327,07/24/2025,2025-11-19,737670,OVERDUE
MI-2040,MC-1002,Q-1267,2024-09-10,2024-06-07,800897,PAID
MI-2041,MC-543,Q-960,11/10/2024,02/03/2025,609498,overdue
MI-2042,MC-322,Q-1351,10-04-2024,03-11-2025,"$1,389,151.00",OVERDUE
MI-2043,MC-751,Q-106,2026-07-07,2027-07-11,1400324,overdue
MI-2044,MC-820,Q-886,2025-07-23,2026-09-19,513003,OVERDUE
MI-2045,MC-567,Q-325,2024-01-13,2027-01-01,"862 589,00",overdue
MI-2046,MC-1297,Q-1496,28-11-2024,08/24/2024,1747452,paid
MI-2047,MC-122,Q-779,2025-08-08,2027-07-19,"$81,648.00",overdue
MI-2048,MC-358,Q-1096,2026-09-18,2024-09-15,"$1,237,986.00",overdue
MI-2049,MC-569,Q-435,2026-06-04,11/03/2026,"$1,228,554.00",OVERDUE
MI-2050,MC-396,Q-823,2025-03-13,2026-08-07,1953672,overdue
MI-2051,MC-771,Q-191,2026-01-21,03/03/2024,"532 168,00",PAID
MI-2052,MC-999,Q-494,17-03-2026,01/18/2024,"$1,282,609.00",overdue
MI-2053,MC-698,Q-62,2026-04-14,2024-05-16,"$20,954.00",overdue
MI-2054,MC-350,Q-60,10/25/2026,2027-08-12,1034077,overdue
MI-2055,MC-818,Q-1261,02/03/2025,10/24/2025,1 468 163,OVERDUE
MI-2056,MC-1375,Q-809,2024-06-06,2027-02-02,"$1,052,307.00",overdue
MI-2057,MC-619,Q-337,2026-11-18,2026-12-05,"819 328,00",OVERDUE
MI-2058,MC-957,Q-1094,2025-10-13,2027-08-20,1888504,overdue
MI-2059,MC-488,Q-15,08-05-2025,2025-04-06,"1 338 111,00",OVERDUE
MI-2060,MC-587,Q-779,2025-08-06,2025-06-02,901 024,PAID
MI-2061,MC-765,Q-921,2026-03-01,2024-06-23,"$1,590,932.00",paid
MI-2062,MC-14,Q-1476,2025-07-02,2025-10-14,1452731,pending
MI-2063,MC-833,Q-640,07/17/2026,2025-04-10,771605,paid
MI-2064,MC-559,Q-213,2024-11-15,2026-11-09,1543103,OVERDUE
MI-2065,MC-741,Q-1177,06/27/2025,2027-09-13,1660806,overdue
MI-2066,MC-123,Q-1420,2025-11-07,08/05/2026,1081278,OVERDUE
MI-2067,MC-295,Q-973,2024-05-22,2027-03-03,"$754,193.00",overdue
MI-2068,MC-601,Q-672,2025-05-17,2024-12-27,553570,PAID
MI-2069,MC-427,Q-1303,2025-01-22,2027-09-21,53112,overdue
MI-2070,MC-949,Q-157,04-09-2024,2025-05-26,1329266,overdue
MI-2071,MC-1229,Q-993,04/23/2026,18-11-2026,1923712,overdue
MI-2072,MC-755,Q-1459,2024-06-01,03/07/2025,1617335,OVERDUE
MI-2073,MC-1181,Q-482,2024-03-16,06/06/2025,504 048,OVERDUE
MI-2074,MC-21,Q-783,01-01-2024,01/26/2024,1749950,PAID
MI-2075,MC-1261,Q-1430,2026-11-02,2024-02-21,835731,overdue
MI-2076,MC-1177,Q-293,05/17/2025,2027-10-14,1133927,overdue
MI-2077,MC-861,Q-866,2024-10-16,11/04/2024,1734741,OVERDUE
MI-2078,MC-791,Q-1286,05/06/2026,2027-04-04,974570,overdue
MI-2079,MC-511,Q-1428,08/16/2024,07/17/2024,"$1,403,407.00",pending
MI-2080,MC-288,Q-1237,06/16/2025,2027-10-22,634121,overdue
MI-2081,MC-1270,Q-1283,05/26/2024,03/14/2025,"199 846,00",OVERDUE
MI-2082,MC-18,Q-602,2024-05-12,2026-07-11,1 254 424,PAID
MI-2083,MC-720,Q-536,2026-05-22,14-12-2026,"$1,825,279.00",pending
MI-2084,MC-1389,Q-678,11/03/2025,16-12-2025,"$661,734.00",pending
MI-2085,MC-617,Q-1169,10/20/2025,05/17/2024,183545,paid
MI-2086,MC-150,Q-145,2026-12-01,2025-04-08,"$528,466.00",PAID
MI-2087,MC-1165,Q-1377,2026-09-17,2027-11-15,1797278,overdue
MI-2088,MC-443,Q-1299,2025-05-15,2025-02-19,437684,pending
MI-2089,MC-939,Q-1489,2024-11-25,2027-05-05,1695619,overdue
MI-2090,MC-1044,Q-581,2026-03-18,27-10-2025,"$715,328.00",OVERDUE
MI-2091,MC-1319,Q-888,2026-05-14,2027-11-23,"285 085,00",overdue
MI-2092,MC-8,Q-163,02-03-2024,12/08/2025,1139614,PAID
MI-2093,MC-130,Q-660,02/26/2024,2024-07-02,"$1,967,072.00",paid
MI-2094,MC-348,Q-1305,08/07/2025,01-08-2026,"$1,988,307.00",overdue
MI-2095,MC-594,Q-579,14-10-2025,01/27/2025,1749194,paid
MI-2096,MC-631,Q-1442,10/16/2024,09/06/2025,1550464,paid
MI-2097,MC-709,Q-238,2026-04-08,06/17/2024,1 010 566,paid
MI-2098,MC-1000,Q-277,2024-05-09,2027-12-16,124519,overdue
MI-2099,MC-510,Q-1448,03/24/2024,04/27/2025,233321,pending
MI-2100,MC-1198,Q-212,22-05-2026,2027-06-06,"555 329,00",overdue
MI-2101,MC-570,Q-1158,07/18/2024,2025-05-12,"$492,938.00",overdue
MI-2102,MC-851,Q-306,2025-06-08,2027-12-24,"$1,184,569.00",overdue
MI-2103,MC-1214,Q-1247,2025-05-07,05/15/2026,"$1,595,722.00",OVERDUE
MI-2104,MC-767,Q-1456,2026-01-28,01/27/2026,1545477,PAID
MI-2105,MC-1089,Q-415,03/10/2024,2024-10-18,1758447,PAID
MI-2106,MC-1024,Q-452,2025-01-06,12/17/2025,"$1,571,730.00",overdue
MI-2107,MC-384,Q-332,04/09/2024,2026-03-08,197781,pending
MI-2108,MC-474,Q-605,10/12/2024,2024-07-02,"$1,650,361.00",paid
MI-2109,MC-321,Q-188,02/27/2025,2027-01-17,684 288,overdue
MI-2110,MC-569,Q-1206,2026-05-03,2025-10-25,1419573,overdue
MI-2111,MC-1271,Q-1012,04-07-2026,2027-07-07,"539 856,00",overdue
MI-2112,MC-1259,Q-720,17-10-2024,01/01/2026,"$905,215.00",OVERDUE
MI-2113,MC-602,Q-1372,2026-09-25,2027-01-25,1 494 486,overdue
MI-2114,MC-760,Q-266,20-06-2025,2024-04-07,"$502,675.00",OVERDUE
MI-2115,MC-964,Q-151,2025-02-26,2026-12-15,1714294,paid
MI-2116,MC-624,Q-333,2025-12-14,2025-03-12,"$1,137,288.00",OVERDUE
MI-2117,MC-608,Q-421,07/18/2025,2025-04-28,"$1,106,283.00",overdue
MI-2118,MC-984,Q-846,03-09-2024,2024-11-01,"$1,197,663.00",paid
MI-2119,MC-887,Q-1360,2024-07-06,2025-09-28,1533080,OVERDUE
MI-2120,MC-477,Q-1434,2026-06-16,2027-02-18,"$1,409,155.00",overdue
MI-2121,MC-1094,Q-487,2026-10-26,2026-02-01,"1 380 300,00",OVERDUE
MI-2122,MC-818,Q-1220,2025-11-07,2027-08-08,1099296,overdue
MI-2123,MC-375,Q-324,03/24/2025,10/09/2024,1032991,OVERDUE
MI-2124,MC-319,Q-857,2024-07-18,2027-02-26,691 807,overdue
MI-2125,MC-145,Q-858,21-03-2024,2025-04-20,180298,OVERDUE
MI-2126,MC-1145,Q-955,05/02/2024,09/19/2026,608996,OVERDUE
MI-2127,MC-1181,Q-775,24-05-2025,08/03/2026,"$651,681.00",overdue
MI-2128,MC-1197,Q-1047,2026-12-23,2024-05-20,693 159,OVERDUE
MI-2129,MC-35,Q-706,17-09-2024,09-06-2026,433542,pending
MI-2130,MC-649,Q-1118,01/20/2024,08/12/2024,1 353 505,overdue
MI-2131,MC-1364,Q-1405,2025-05-14,2027-03-19,"$645,964.00",overdue
MI-2132,MC-294,Q-433,2024-10-21,2026-02-09,1 082 572,overdue
MI-2133,MC-1283,Q-1051,2026-01-15,2027-09-09,1481310,overdue
MI-2134,MC-616,Q-1021,11-06-2024,28-03-2026,645896,paid
MI-2135,MC-839,Q-1,2026-05-07,2027-03-27,939419,overdue
MI-2136,MC-1167,Q-1357,09/17/2026,08/24/2025,"1 152 218,00",paid
MI-2137,MC-483,Q-1460,23-12-2026,25-01-2024,613536,OVERDUE
MI-2138,MC-347,Q-561,07-04-2025,2025-03-24,1151880,OVERDUE
MI-2139,MC-1339,Q-634,2026-07-18,12/23/2025,1165209,OVERDUE
MI-2140,MC-1145,Q-810,01/12/2025,09/14/2024,1182893,overdue
MI-2141,MC-418,Q-175,02-12-2025,02/28/2025,"$363,926.00",overdue
MI-2142,MC-136,Q-1249,2024-07-23,2027-04-20,"$117,845.00",overdue
MI-2143,MC-692,Q-531,15-11-2026,2024-10-12,1335949,paid
MI-2144,MC-885,Q-1386,07/22/2025,2027-10-10,1976058,overdue
MI-2145,MC-376,Q-1292,01/27/2024,28-07-2026,488051,pending
MI-2146,MC-633,Q-1375,2025-04-05,2027-04-28,358428,overdue
MI-2147,MC-923,Q-737,13-06-2025,10-03-2026,37 534,paid
MI-2148,MC-481,Q-156,08/11/2026,2026-07-06,1754211,OVERDUE
MI-2149,MC-1113,Q-759,2025-09-05,06/22/2026,422236,PAID
MI-2150,MC-560,Q-302,2024-11-28,04/05/2024,1250304,pending
MI-2151,MC-541,Q-1472,2025-06-07,03/22/2024,"778 776,00",paid
MI-2152,MC-1321,Q-519,02/24/2025,2026-11-18,451938,OVERDUE
MI-2153,MC-1392,Q-527,2025-08-17,2027-05-21,844481,overdue
MI-2154,MC-344,Q-666,2024-01-06,11/19/2024,975174,OVERDUE
MI-2155,MC-1114,Q-167,2024-04-14,2027-11-11,1824118,overdue
MI-2156,MC-1225,Q-479,19-04-2026,07/20/2026,1751610,OVERDUE
MI-2157,MC-677,Q-1221,2024-10-05,2027-05-01,"$1,792,275.00",overdue
MI-2158,MC-1,Q-679,01/13/2026,12/25/2026,1 429 202,pending
MI-2159,MC-480,Q-541,02/19/2026,11/12/2026,"$1,997,749.00",overdue
MI-2160,MC-991,Q-585,2026-02-06,2025-02-06,"$1,125,859.00",OVERDUE
MI-2161,MC-285,Q-407,10/25/2024,10-12-2025,194 491,PAID
MI-2162,MC-304,Q-549,03/22/2025,2025-09-26,1253517,paid
MI-2163,MC-1073,Q-852,2025-05-02,2026-07-24,"$817,886.00",pending
MI-2164,MC-714,Q-341,11/13/2025,2027-06-22,"$359,415.00",overdue
MI-2165,MC-332,Q-50,2026-07-10,2024-02-20,"$1,523,113.00",pending
MI-2166,MC-1222,Q-1195,11/08/2025,2027-12-12,1600084,overdue
MI-2167,MC-1264,Q-373,2024-07-04,2024-03-24,1545531,overdue
MI-2168,MC-571,Q-1286,2026-05-04,2027-06-02,153347,overdue
MI-2169,MC-798,Q-801,2025-11-26,03/10/2025,251968,paid
MI-2170,MC-627,Q-508,10/11/2026,2025-05-18,1 176 780,overdue
MI-2171,MC-907,Q-892,2025-12-01,2024-02-21,"$707,215.00",OVERDUE
MI-2172,MC-1287,Q-474,02/14/2025,2025-05-26,940 760,overdue
MI-2173,MC-783,Q-950,2026-07-28,22-10-2025,41164,OVERDUE
MI-2174,MC-656,Q-483,24-04-2025,10/22/2026,1526564,pending
MI-2175,MC-1133,Q-875,26-08-2026,2027-07-23,"$747,723.00",overdue
MI-2176,MC-793,Q-290,2026-08-09,08/22/2025,"1 451 793,00",overdue
MI-2177,MC-865,Q-1405,2024-08-17,2027-01-13,"214 657,00",overdue
MI-2178,MC-1103,Q-757,25-02-2025,2024-03-18,"$668,642.00",OVERDUE
MI-2179,MC-1281,Q-63,2026-09-03,2027-07-03,"1 665 525,00",overdue
MI-2180,MC-942,Q-44,10/14/2024,07/22/2024,1965732,PAID
MI-2181,MC-887,Q-654,12/19/2025,12/01/2024,239441,paid
MI-2182,MC-477,Q-788,12-07-2026,09-01-2024,1571499,pending
MI-2183,MC-121,Q-1007,2024-09-04,2026-11-19,1590150,PAID
MI-2184,MC-1169,Q-1187,10-03-2026,2024-06-11,603880,pending
MI-2185,MC-966,Q-773,2026-06-17,11-08-2026,"$125,907.00",OVERDUE
MI-2186,MC-797,Q-176,2025-01-24,2027-08-24,"$242,024.00",overdue
MI-2187,MC-1260,Q-1005,04/09/2024,11/09/2026,"$760,765.00",paid
MI-2188,MC-352,Q-203,2026-04-07,2027-02-14,"$1,429,278.00",overdue
MI-2189,MC-361,Q-394,03/03/2024,2025-05-15,"$349,980.00",pending
MI-2190,MC-410,Q-582,2026-11-21,2027-08-04,77435,overdue
MI-2191,MC-712,Q-465,2025-03-21,2026-04-17,1530953,OVERDUE
MI-2192,MC-563,Q-854,19-07-2024,2025-10-03,1687506,OVERDUE
MI-2193,MC-1088,Q-28,2026-07-12,2024-12-12,"$713,992.00",PAID
MI-2194,MC-1161,Q-80,2024-04-22,09/24/2024,"907 158,00",OVERDUE
MI-2195,MC-350,Q-454,2025-05-28,2024-01-26,"$1,971,174.00",pending
MI-2196,MC-334,Q-1225,2024-01-14,01/03/2025,"$25,426.00",overdue
MI-2197,MC-534,Q-1028,2025-03-02,2027-09-25,918547,overdue
MI-2198,MC-746,Q-1496,06-08-2025,09-03-2024,"$496,661.00",OVERDUE
MI-2199,MC-119,Q-145,20-03-2026,2027-03-15,"191 150,00",overdue
MI-2200,MC-415,Q-843,2025-06-08,12/13/2024,"1 354 444,00",OVERDUE
MI-2201,MC-981,Q-256,2025-12-14,2027-09-05,646 825,overdue
MI-2202,MC-389,Q-973,2026-02-25,25-11-2025,"1 291 648,00",PAID
MI-2203,MC-918,Q-461,10/11/2025,10/27/2025,"$39,966.00",PAID
MI-2204,MC-1093,Q-1087,2024-02-03,06/26/2025,"$31,939.00",pending
MI-2205,MC-1226,Q-148,2024-02-28,12/28/2026,1705379,PAID
MI-2206,MC-578,Q-1321,03/11/2026,07/13/2026,285154,paid
MI-2207,MC-433,Q-848,06/10/2025,01/28/2024,"$200,180.00",overdue
MI-2208,MC-885,Q-523,13-03-2026,2027-10-26,328808,overdue
MI-2209,MC-636,Q-872,17-01-2025,2026-10-05,1151877,paid
MI-2210,MC-1185,Q-240,2025-08-27,2027-04-16,1644144,overdue
MI-2211,MC-373,Q-131,2025-08-24,04/22/2026,"$1,556,252.00",OVERDUE
MI-2212,MC-689,Q-1161,02-03-2025,2027-10-06,1 365 365,overdue
MI-2213,MC-1247,Q-61,2026-02-28,05/26/2024,"$167,094.00",pending
MI-2214,MC-1391,Q-638,2026-04-03,2026-07-03,170509,overdue
MI-2215,MC-949,Q-1051,2025-05-07,20-06-2025,"886 073,00",paid
MI-2216,MC-662,Q-1192,02/19/2026,07/16/2024,1829282,paid
MI-2217,MC-1346,Q-256,2025-01-12,2025-03-26,"$1,957,678.00",pending
MI-2218,MC-460,Q-561,2025-09-22,19-10-2025,639304,OVERDUE
MI-2219,MC-1179,Q-367,04/07/2026,2027-11-27,"290 768,00",overdue
MI-2220,MC-1034,Q-651,10/24/2026,2024-07-28,13973,paid
MI-2221,MC-568,Q-1215,2026-03-10,2027-05-17,938849,overdue
MI-2222,MC-1276,Q-520,2025-04-04,2024-11-14,410855,PAID
MI-2223,MC-788,Q-685,17-03-2024,2027-11-07,"$1,630,033.00",overdue
MI-2224,MC-9,Q-1276,2025-12-20,06/18/2024,1449712,paid
MI-2225,MC-411,Q-377,07-05-2026,12/23/2026,246 507,OVERDUE
MI-2226,MC-1159,Q-270,08/08/2026,2026-12-02,1645071,overdue
MI-2227,MC-784,Q-310,2024-06-03,02/13/2024,"$482,160.00",paid
MI-2228,MC-753,Q-736,2024-10-04,12/04/2026,"537 202,00",PAID
MI-2229,MC-1055,Q-226,12/03/2024,11/18/2026,1697768,OVERDUE
MI-2230,MC-132,Q-446,04/14/2025,2027-12-28,1753475,overdue
MI-2231,MC-899,Q-216,11/26/2026,08-07-2025,1376153,PAID
MI-2232,MC-876,Q-671,2026-07-28,2027-06-18,1668476,overdue
MI-2233,MC-358,Q-947,2024-11-17,2025-05-17,"$1,619,667.00",paid
MI-2234,MC-684,Q-855,02/04/2025,2027-12-08,1384448,overdue
MI-2235,MC-310,Q-917,2025-05-11,2025-02-11,92935,OVERDUE
MI-2236,MC-26,Q-1480,2024-01-09,2026-08-05,146 537,paid
MI-2237,MC-874,Q-157,2024-07-20,2026-07-11,"$780,206.00",pending
MI-2238,MC-1137,Q-668,15-04-2025,09/14/2026,"1 405 999,00",paid
MI-2239,MC-547,Q-695,2025-08-12,2025-12-06,818 309,pending
MI-2240,MC-441,Q-95,2024-06-08,07/03/2026,478345,PAID
MI-2241,MC-541,Q-1353,2024-10-01,2027-01-01,"1 237 201,00",overdue
MI-2242,MC-1377,Q-513,2026-03-24,2025-12-19,1970610,pending
MI-2243,MC-359,Q-827,13-05-2026,2027-07-19,1740440,overdue
MI-2244,MC-402,Q-870,2026-12-21,2025-11-19,1230128,PAID
MI-2245,MC-549,Q-1212,04-12-2025,2027-01-09,1579784,overdue
MI-2246,MC-400,Q-926,28-08-2024,03/24/2025,815578,PAID
MI-2247,MC-1143,Q-756,2024-04-11,2026-08-24,972329,paid
MI-2248,MC-291,Q-35,2026-06-27,15-03-2026,"$1,127,507.00",PAID
MI-2249,MC-1182,Q-439,2024-12-08,2026-04-20,"$1,666,095.00",pending
MI-2250,MC-800,Q-742,08/11/2026,2026-10-01,138920,PAID
MI-2251,MC-601,Q-1305,2024-10-07,27-07-2026,"$1,271,899.00",PAID
MI-2252,MC-1090,Q-204,11/09/2026,2027-02-02,1908763,overdue
MI-2253,MC-845,Q-869,2026-06-21,2025-06-10,1 622 490,OVERDUE
MI-2254,MC-1234,Q-122,09/28/2026,2027-08-20,1 809 716,overdue
MI-2255,MC-620,Q-379,07/20/2024,10/06/2025,832097,overdue
MI-2256,MC-995,Q-1101,2024-04-07,2027-02-10,"$1,967,705.00",overdue
MI-2257,MC-546,Q-343,2025-07-07,12-11-2026,1 776 871,OVERDUE
MI-2258,MC-1214,Q-297,2026-01-08,10/10/2026,933464,PAID
MI-2259,MC-486,Q-153,05/26/2026,2026-04-25,"363 973,00",PAID
MI-2260,MC-1018,Q-1464,08/17/2026,2025-04-08,1001337,paid
MI-2261,MC-346,Q-171,2025-10-19,11/19/2024,1044824,PAID
MI-2262,MC-1127,Q-1156,2026-11-05,11/22/2025,1889698,pending
MI-2263,MC-990,Q-906,28-07-2025,2027-03-03,"$1,958,169.00",overdue
MI-2264,MC-1133,Q-785,10-09-2025,2025-10-18,"$287,523.00",overdue
MI-2265,MC-382,Q-394,2025-11-24,2027-09-21,"$1,820,357.00",overdue
MI-2266,MC-512,Q-1489,02/06/2024,2025-05-12,1327993,pending
MI-2267,MC-1311,Q-698,04/02/2026,2027-03-11,825816,overdue
MI-2268,MC-330,Q-1056,02/21/2024,17-11-2025,1 821 676,PAID
MI-2269,MC-524,Q-384,2026-10-20,11/04/2026,"$1,747,195.00",pending
MI-2270,MC-835,Q-869,14-05-2026,2026-11-19,1999941,PAID
MI-2271,MC-1323,Q-140,2025-06-08,2025-11-22,"1 994 300,00",PAID
MI-2272,MC-396,Q-1324,2025-02-11,2025-08-01,870064,PAID
MI-2273,MC-1028,Q-1284,2025-11-08,2024-08-11,1 989 674,overdue
MI-2274,MC-1365,Q-348,2025-05-27,2027-04-04,"724 897,00",overdue
MI-2275,MC-891,Q-1500,12-10-2026,2026-05-22,1384548,overdue
MI-2276,MC-1280,Q-648,14-04-2024,2027-10-22,822976,overdue
MI-2277,MC-874,Q-983,05/26/2024,2024-05-18,851 489,OVERDUE
MI-2278,MC-485,Q-263,07/21/2026,2027-04-12,"$603,829.00",overdue
MI-2279,MC-1107,Q-58,06-04-2026,23-10-2025,701 326,pending
MI-2280,MC-1064,Q-414,2025-05-20,2025-05-15,"$1,108,437.00",pending
MI-2281,MC-486,Q-415,18-06-2024,07/18/2026,"36 268,00",paid
MI-2282,MC-341,Q-1277,11-06-2026,2024-04-18,1975159,paid
MI-2283,MC-451,Q-216,05/06/2025,04-06-2025,"$864,339.00",paid
MI-2284,MC-411,Q-533,2025-11-15,08-07-2025,"$1,425,982.00",OVERDUE
MI-2285,MC-430,Q-57,2026-09-24,2027-05-05,460362,overdue
MI-2286,MC-352,Q-240,01/24/2025,07/16/2025,"1 284 566,00",pending
MI-2287,MC-309,Q-169,2026-10-05,2027-11-23,546 031,overdue
MI-2288,MC-1181,Q-117,01/01/2025,09/04/2025,1874069,OVERDUE
MI-2289,MC-1076,Q-808,09/24/2025,2027-05-13,"720 037,00",overdue
MI-2290,MC-848,Q-1010,2024-10-10,2026-08-03,248716,pending
MI-2291,MC-989,Q-200,05-05-2024,14-11-2026,555148,overdue
MI-2292,MC-1264,Q-821,04/03/2025,2025-07-10,1469786,OVERDUE
MI-2293,MC-1310,Q-953,06/06/2024,2024-02-27,1604048,paid
MI-2294,MC-1284,Q-128,2025-11-24,2024-05-20,1953464,overdue
MI-2295,MC-1071,Q-964,2025-11-18,2025-01-15,1895722,pending
MI-2296,MC-395,Q-928,2025-08-14,2027-06-06,"247 509,00",overdue
MI-2297,MC-547,Q-1259,2025-01-10,2025-11-22,"663 397,00",overdue
MI-2298,MC-417,Q-458,2024-03-17,2027-12-24,471115,overdue
MI-2299,MC-992,Q-1447,02-06-2024,2026-06-27,"$975,921.00",paid
MI-2300,MC-988,Q-1360,07/04/2025,2027-06-14,"197 714,00",overdue
MI-2301,MC-1143,Q-46,2024-03-06,03-01-2026,984979,overdue
MI-2302,MC-1108,Q-509,10-12-2026,07/24/2024,1807021,overdue
MI-2303,MC-966,Q-127,2025-06-07,2025-05-27,1730265,OVERDUE
MI-2304,MC-1344,Q-855,2026-09-05,06/06/2025,1266445,pending
MI-2305,MC-1161,Q-1156,2024-06-12,07/02/2026,989872,OVERDUE
MI-2306,MC-755,Q-1096,12/03/2025,2024-04-28,1 870 724,PAID
MI-2307,MC-449,Q-439,2024-10-08,2027-07-07,31062,overdue
MI-2308,MC-1143,Q-757,16-11-2024,2026-08-17,1711219,OVERDUE
MI-2309,MC-1358,Q-698,02-01-2024,2027-01-25,18838,overdue
MI-2310,MC-1281,Q-1070,2025-12-21,2026-09-25,"$279,486.00",pending
MI-2311,MC-1361,Q-527,09-10-2024,2027-07-15,"$1,886,591.00",overdue
MI-2312,MC-812,Q-1493,2024-01-04,10/23/2025,"301 068,00",paid
MI-2313,MC-744,Q-951,2026-02-15,2025-05-24,229939,overdue
MI-2314,MC-981,Q-961,07/08/2025,02/14/2024,"326 250,00",paid
MI-2315,MC-926,Q-859,2026-10-18,2024-07-13,1127585,paid
MI-2316,MC-831,Q-654,2026-04-20,2026-12-20,1733665,PAID
MI-2317,MC-1243,Q-1020,2025-11-27,15-05-2025,256766,PAID
MI-2318,MC-693,Q-1379,04/17/2026,2027-08-08,"$1,947,346.00",overdue
MI-2319,MC-1006,Q-1201,19-08-2024,24-06-2024,1527274,overdue
MI-2320,MC-486,Q-1230,2024-07-23,2027-02-26,547804,overdue
MI-2321,MC-879,Q-1458,2024-02-28,05-07-2024,1633396,OVERDUE
MI-2322,MC-947,Q-1427,2025-03-14,2027-08-16,"$1,147,074.00",overdue
MI-2323,MC-861,Q-966,2025-03-20,11/05/2025,790532,PAID
MI-2324,MC-1103,Q-981,08/01/2026,09/03/2025,"1 303 447,00",OVERDUE
MI-2325,MC-500,Q-480,2026-12-21,21-06-2024,1316126,overdue
MI-2326,MC-953,Q-735,2024-04-18,2025-04-18,"$378,328.00",overdue
MI-2327,MC-8,Q-1291,19-05-2025,2026-10-16,"$1,915,887.00",OVERDUE
MI-2328,MC-447,Q-926,2026-01-09,01/10/2024,69780,paid
MI-2329,MC-833,Q-800,07/18/2026,2027-09-09,"$1,627,852.00",overdue
MI-2330,MC-1388,Q-667,23-05-2025,2024-06-22,"$1,211,721.00",pending
MI-2331,MC-497,Q-581,2025-11-21,2027-03-27,"$807,632.00",overdue
MI-2332,MC-905,Q-286,2026-08-03,10/19/2024,"$532,970.00",paid
MI-2333,MC-1354,Q-541,07/08/2026,2027-09-17,413011,overdue
MI-2334,MC-1133,Q-916,2024-07-17,2024-02-24,1 818 007,pending
MI-2335,MC-809,Q-1331,03/27/2026,2025-05-11,785361,overdue
MI-2336,MC-786,Q-678,2024-08-22,2024-10-01,"$1,839,199.00",OVERDUE
MI-2337,MC-1316,Q-316,2026-04-26,2024-01-01,1854554,pending
MI-2338,MC-1007,Q-883,02/22/2025,08-06-2026,893675,overdue
MI-2339,MC-1188,Q-958,05-07-2026,2026-12-27,557430,overdue
MI-2340,MC-613,Q-410,10/03/2024,2027-10-10,240131,overdue
MI-2341,MC-1392,Q-425,2025-01-20,20-04-2024,"$989,260.00",paid
MI-2342,MC-846,Q-1030,09/04/2025,2027-04-28,1108810,overdue
MI-2343,MC-808,Q-751,2026-09-18,01/28/2026,272574,overdue
MI-2344,MC-24,Q-886,28-07-2026,2027-10-18,"$201,120.00",overdue
MI-2345,MC-444,Q-359,2026-08-14,06/28/2025,"$1,586,619.00",overdue
MI-2346,MC-629,Q-860,2025-07-01,05-08-2024,"1 719 547,00",paid
MI-2347,MC-739,Q-176,2026-11-19,2024-12-22,1 537 736,overdue
MI-2348,MC-1209,Q-1201,26-02-2024,02/19/2026,1907547,overdue
MI-2349,MC-593,Q-148,05/04/2026,11/03/2025,517572,OVERDUE
MI-2350,MC-958,Q-122,2025-07-07,2025-11-05,1696406,pending
MI-2351,MC-408,Q-227,11/28/2024,2027-11-11,837688,overdue
MI-2352,MC-996,Q-1393,2026-11-24,02/15/2025,"$1,074,182.00",paid
MI-2353,MC-574,Q-704,09/20/2024,2027-05-01,"185 488,00",overdue
MI-2354,MC-928,Q-1088,09/09/2025,09/10/2026,261 117,PAID
MI-2355,MC-353,Q-755,04/09/2025,2027-11-19,1360145,overdue
MI-2356,MC-372,Q-818,2024-06-01,01/20/2026,759216,pending
MI-2357,MC-1158,Q-970,07-03-2024,2024-11-24,"$1,071,406.00",paid
MI-2358,MC-1249,Q-853,2025-12-04,10/04/2024,"763 279,00",PAID
MI-2359,MC-726,Q-14,2025-02-12,2026-11-03,"$452,173.00",overdue
MI-2360,MC-622,Q-987,09/24/2024,2026-09-28,"162 049,00",PAID
MI-2361,MC-674,Q-624,11/11/2025,22-02-2025,467 377,overdue
MI-2362,MC-477,Q-642,05/14/2024,2027-12-12,1907574,overdue
MI-2363,MC-1292,Q-781,2025-06-12,2026-06-07,"$1,200,345.00",OVERDUE
MI-2364,MC-351,Q-735,2025-06-01,2027-06-02,858 306,overdue
MI-2365,MC-376,Q-138,2024-05-28,2026-05-03,1866721,OVERDUE
MI-2366,MC-765,Q-1414,2025-02-18,2027-12-20,12067,overdue
MI-2367,MC-1041,Q-638,2025-07-26,05-04-2024,"$1,776,787.00",overdue
MI-2368,MC-1261,Q-663,10/01/2024,2026-09-10,435499,paid
MI-2369,MC-656,Q-336,2025-09-10,12/08/2026,854353,pending
MI-2370,MC-1160,Q-673,18-09-2026,2024-09-20,"$46,924.00",OVERDUE
MI-2371,MC-376,Q-849,02/17/2025,2026-05-17,1 344 169,paid
MI-2372,MC-910,Q-1175,2025-05-27,2024-12-17,"$838,103.00",PAID
MI-2373,MC-949,Q-1434,11-01-2026,2027-01-13,1620285,overdue
MI-2374,MC-321,Q-364,04/21/2025,2026-11-07,859086,pending
MI-2375,MC-630,Q-252,12/08/2024,2027-07-03,"$10,196.00",overdue
MI-2376,MC-482,Q-294,02/17/2026,21-12-2026,989920,PAID
MI-2377,MC-951,Q-1335,2024-07-26,2027-01-21,556638,overdue
MI-2378,MC-863,Q-525,2024-09-07,2024-04-26,1836175,PAID
MI-2379,MC-1147,Q-1386,27-12-2026,2025-07-26,"651 577,00",overdue
MI-2380,MC-112,Q-750,16-12-2026,2024-10-26,1402466,paid
MI-2381,MC-1282,Q-86,07/28/2024,2025-01-26,1624543,OVERDUE
MI-2382,MC-801,Q-1084,2025-03-07,2024-01-20,1012896,paid
MI-2383,MC-613,Q-928,2025-06-19,2024-11-05,1003431,paid
MI-2384,MC-149,Q-188,05/18/2025,2027-02-14,1706809,overdue
MI-2385,MC-364,Q-404,2026-12-27,12-03-2026,402393,OVERDUE
MI-2386,MC-1019,Q-425,2024-12-08,2027-08-04,950 865,overdue
MI-2387,MC-773,Q-1487,2025-01-17,2026-05-21,1781689,paid
MI-2388,MC-488,Q-848,11/24/2026,2027-02-22,292729,overdue
MI-2389,MC-1337,Q-1241,2025-08-25,2026-02-24,1 190 273,pending
MI-2390,MC-731,Q-162,01/09/2024,03/17/2024,515339,overdue
MI-2391,MC-899,Q-687,27-08-2026,10/22/2026,1 580 224,overdue
MI-2392,MC-1128,Q-1491,05-06-2024,2026-10-10,687291,PAID
MI-2393,MC-678,Q-384,26-04-2025,04/13/2025,1978025,PAID
MI-2394,MC-38,Q-306,2026-10-15,2026-09-06,"1 152 786,00",overdue
MI-2395,MC-793,Q-355,11-02-2025,2027-03-15,834 444,overdue
MI-2396,MC-6,Q-919,14-06-2026,2026-04-16,724884,PAID
MI-2397,MC-581,Q-573,2024-05-28,2027-09-05,1 597 288,overdue
MI-2398,MC-1075,Q-1351,2026-07-22,2024-09-23,"$757,910.00",overdue
MI-2399,MC-285,Q-1166,12/23/2024,2027-03-23,"1 475 518,00",overdue
MI-2400,MC-805,Q-236,06/07/2024,16-02-2026,1854379,paid
MI-2401,MC-1355,Q-242,2024-11-04,04/01/2026,152660,pending
MI-2402,MC-1359,Q-509,10/05/2026,01/23/2024,705324,pending
MI-2403,MC-954,Q-865,2026-05-28,2025-08-23,293060,pending
MI-2404,MC-628,Q-891,06/11/2026,2025-05-03,1840529,OVERDUE
MI-2405,MC-708,Q-918,02/08/2024,2025-02-14,"$1,525,138.00",pending
MI-2406,MC-492,Q-971,11/20/2026,2027-04-16,"751 988,00",overdue
MI-2407,MC-1085,Q-678,06-01-2025,03/28/2026,1819648,PAID
MI-2408,MC-853,Q-115,19-12-2024,2027-10-06,517551,overdue
MI-2409,MC-563,Q-252,2026-05-08,2025-12-16,"$887,582.00",pending
MI-2410,MC-1065,Q-957,07/09/2026,2027-04-24,"$1,132,337.00",overdue
MI-2411,MC-1326,Q-1157,2024-07-18,03/23/2024,1716381,OVERDUE
MI-2412,MC-633,Q-472,04/03/2025,18-04-2025,1366577,OVERDUE
MI-2413,MC-506,Q-1178,2025-03-03,2024-08-21,455997,OVERDUE
MI-2414,MC-1318,Q-338,27-08-2026,2025-07-24,1729233,OVERDUE
MI-2415,MC-306,Q-314,2025-03-20,02/23/2024,1605183,paid
MI-2416,MC-661,Q-319,16-01-2024,05/21/2024,570022,paid
MI-2417,MC-1205,Q-841,01/28/2026,2027-05-17,"1 783 290,00",overdue
MI-2418,MC-753,Q-328,08/27/2024,2024-04-19,720885,paid
MI-2419,MC-628,Q-1106,2026-01-26,2027-11-07,"1 423 847,00",overdue
MI-2420,MC-1254,Q-1123,06/18/2024,02/26/2025,934140,pending
MI-2421,MC-368,Q-1313,12/13/2025,2027-05-25,600 617,overdue
MI-2422,MC-854,Q-93,11/17/2024,27-07-2026,1441075,paid
MI-2423,MC-30,Q-846,2026-08-18,2025-12-27,1329393,overdue
MI-2424,MC-1307,Q-509,2024-10-02,17-06-2024,"$672,725.00",overdue
MI-2425,MC-804,Q-373,09/10/2025,12/11/2026,"$1,803,336.00",PAID
MI-2426,MC-1162,Q-816,2025-11-17,2025-11-02,"$1,961,266.00",OVERDUE
MI-2427,MC-446,Q-1380,2026-04-04,2025-11-17,"190 373,00",PAID
MI-2428,MC-785,Q-866,13-06-2024,2027-06-18,936557,overdue
MI-2429,MC-933,Q-617,05/24/2026,2025-01-12,1053031,pending
MI-2430,MC-1272,Q-273,2025-11-15,2027-12-08,250616,overdue
MI-2431,MC-708,Q-21,2026-09-24,2024-02-08,1 173 338,OVERDUE
MI-2432,MC-644,Q-698,03-03-2026,2027-06-26,1131377,overdue
MI-2433,MC-374,Q-187,08/18/2024,13-05-2026,628934,PAID
MI-2434,MC-630,Q-753,01/23/2024,03/07/2024,1 597 715,PAID
MI-2435,MC-956,Q-599,2026-06-21,02/18/2026,544682,OVERDUE
MI-2436,MC-1298,Q-924,2025-08-08,2024-08-22,964048,paid
MI-2437,MC-1046,Q-665,10/02/2024,2025-01-05,"$154,581.00",pending
MI-2438,MC-505,Q-1171,05/20/2024,02-05-2025,1409672,PAID
MI-2439,MC-759,Q-1304,2025-02-06,2027-07-19,"$1,368,759.00",overdue
MI-2440,MC-1247,Q-669,09/19/2026,03/25/2024,1 962 524,pending
MI-2441,MC-1213,Q-1381,2025-07-18,2027-01-09,712934,overdue
MI-2442,MC-951,Q-363,02/09/2026,10/09/2024,1111994,OVERDUE
MI-2443,MC-606,Q-1224,2024-07-03,2027-07-27,"$1,657,836.00",overdue
MI-2444,MC-838,Q-977,08/11/2024,02-10-2026,512427,pending
MI-2445,MC-780,Q-404,2025-04-02,2026-06-20,"1 126 828,00",OVERDUE
MI-2446,MC-484,Q-230,03/25/2024,10-05-2026,"$600,900.00",OVERDUE
MI-2447,MC-1066,Q-1051,02/07/2026,19-01-2026,770 167,PAID
MI-2448,MC-1286,Q-103,11/06/2024,06-02-2025,544668,PAID
MI-2449,MC-1123,Q-1387,2024-09-09,22-11-2024,977836,overdue
MI-2450,MC-1121,Q-1132,2024-01-04,2027-08-20,"$655,331.00",overdue
MI-2451,MC-596,Q-345,13-06-2025,01/02/2025,143623,OVERDUE
MI-2452,MC-802,Q-620,04/03/2024,2027-02-10,397583,overdue
MI-2453,MC-801,Q-133,2024-11-14,2026-06-18,1875537,pending
MI-2454,MC-864,Q-1417,2026-12-28,2027-08-28,1549220,overdue
MI-2455,MC-714,Q-779,2025-07-09,2025-05-10,33147,PAID
MI-2456,MC-883,Q-355,01-04-2026,2024-04-10,1446463,pending
MI-2457,MC-34,Q-927,07/08/2026,08-08-2026,471 889,pending
MI-2458,MC-446,Q-952,2025-04-07,2024-11-20,1626971,overdue
MI-2459,MC-706,Q-1375,2026-04-04,18-03-2025,"$1,471,489.00",overdue
MI-2460,MC-577,Q-727,2025-09-14,11-12-2024,"885 377,00",pending
MI-2461,MC-1252,Q-609,2025-01-10,2027-09-21,162720,overdue
MI-2462,MC-832,Q-97,22-11-2026,09-02-2025,1 004 044,overdue
MI-2463,MC-1127,Q-493,10/03/2024,2027-03-11,1018372,overdue
MI-2464,MC-1121,Q-628,10/15/2025,2024-03-28,1415278,OVERDUE
MI-2465,MC-939,Q-903,05/14/2025,2027-09-01,683126,overdue
MI-2466,MC-1359,Q-1274,2025-09-07,07/01/2025,913322,OVERDUE
MI-2467,MC-1390,Q-186,2026-10-06,10/04/2025,11462,paid
MI-2468,MC-780,Q-610,2026-08-06,19-08-2026,"$1,001,113.00",pending
MI-2469,MC-953,Q-1033,05/24/2025,2025-12-22,722065,PAID
MI-2470,MC-985,Q-1356,26-07-2024,12-10-2024,"$1,632,755.00",pending
MI-2471,MC-1286,Q-773,05/24/2024,09/27/2025,"$1,038,566.00",overdue
MI-2472,MC-1302,Q-970,02-05-2026,2027-10-22,"$1,314,045.00",overdue
MI-2473,MC-1109,Q-386,2026-08-16,2024-07-24,"$483,220.00",pending
MI-2474,MC-1151,Q-1134,12-02-2026,2027-04-12,"1 941 758,00",overdue
MI-2475,MC-1310,Q-689,2024-03-14,2025-10-23,"668 418,00",paid
MI-2476,MC-1360,Q-1174,09-11-2025,2027-10-02,1311554,overdue
MI-2477,MC-344,Q-350,2024-02-06,02/05/2024,494968,PAID
MI-2478,MC-449,Q-749,12/04/2026,11/23/2025,436502,OVERDUE
MI-2479,MC-566,Q-319,09/18/2025,24-11-2024,"1 986 501,00",paid
MI-2480,MC-588,Q-958,2026-09-20,09/02/2026,"$248,794.00",paid
MI-2481,MC-1399,Q-449,03/23/2026,2025-06-27,"1 953 829,00",pending
MI-2482,MC-960,Q-10,2024-05-17,2026-11-20,"$772,269.00",pending
MI-2483,MC-888,Q-1028,2026-10-12,2027-11-23,1658028,overdue
MI-2484,MC-1108,Q-555,2026-09-06,19-07-2025,"$1,024,574.00",OVERDUE
MI-2485,MC-857,Q-367,2024-06-13,2027-05-13,"562 592,00",overdue
MI-2486,MC-687,Q-341,2026-08-08,08-07-2026,1918157,PAID
MI-2487,MC-768,Q-148,10-09-2024,2027-11-03,88146,overdue
MI-2488,MC-665,Q-481,2025-10-24,2025-04-06,"902 480,00",pending
MI-2489,MC-1116,Q-1155,2025-08-25,20-10-2025,"1 916 221,00",paid
MI-2490,MC-1381,Q-1146,24-01-2025,2024-03-19,1227456,paid
MI-2491,MC-486,Q-650,2025-08-11,10-06-2025,1847711,PAID
MI-2492,MC-337,Q-363,11-12-2024,2025-06-16,410733,pending
MI-2493,MC-300,Q-287,2025-11-03,01/05/2026,427470,PAID
MI-2494,MC-637,Q-473,01/09/2024,2027-12-24,1 650 206,overdue
MI-2495,MC-774,Q-921,20-11-2024,11-09-2026,1389892,OVERDUE
MI-2496,MC-871,Q-698,05/26/2024,2027-06-14,39822,overdue
MI-2497,MC-642,Q-257,10/03/2026,2026-11-10,"$1,659,945.00",overdue
MI-2498,MC-127,Q-1257,2025-11-24,2027-12-04,1585034,overdue
MI-2499,MC-1285,Q-668,2024-08-28,13-08-2024,1014302,pending
MI-2500,MC-739,Q-1283,01/10/2025,11/06/2026,732747,OVERDUE
MI-2501,MC-528,Q-1421,10/21/2026,2024-10-16,749 485,pending
MI-2502,MC-926,Q-124,2025-12-26,2024-05-23,"$1,939,060.00",pending
MI-2503,MC-1224,Q-87,2025-04-21,2026-11-09,"$1,329,232.00",overdue
MI-2504,MC-1197,Q-7,2024-04-15,2025-02-17,111942,OVERDUE
MI-2505,MC-673,Q-565,02/11/2026,2027-01-25,1130726,overdue
MI-2506,MC-463,Q-24,2024-03-16,03/02/2025,544 187,PAID
MI-2507,MC-752,Q-174,2025-05-18,2027-07-15,892374,overdue
MI-2508,MC-146,Q-1027,06-07-2025,28-01-2024,740411,OVERDUE
MI-2509,MC-461,Q-1323,2025-05-19,2027-01-05,"$1,623,739.00",overdue
MI-2510,MC-902,Q-41,01/04/2026,2026-03-01,"$1,009,635.00",pending
MI-2511,MC-394,Q-779,03/24/2026,24-11-2026,1 196 493,pending
MI-2512,MC-283,Q-254,2024-03-16,2026-03-11,1672611,PAID
MI-2513,MC-403,Q-31,09-07-2026,2024-08-09,"$1,940,518.00",PAID
MI-2514,MC-130,Q-260,2025-11-13,2025-06-21,231206,pending
MI-2515,MC-495,Q-728,2026-08-03,10/03/2025,"$851,839.00",OVERDUE
MI-2516,MC-1049,Q-1468,2026-04-14,2027-02-26,960 936,overdue
MI-2517,MC-292,Q-1183,2025-01-05,06/25/2026,509783,paid
MI-2518,MC-833,Q-142,2024-10-07,2027-08-16,"$663,668.00",overdue
MI-2519,MC-133,Q-1362,2025-10-25,01/13/2025,1912060,overdue
MI-2520,MC-1027,Q-183,07/01/2026,2027-02-06,1840395,overdue
MI-2521,MC-1250,Q-561,14-02-2025,07-07-2025,565974,pending
MI-2522,MC-487,Q-589,2024-09-03,2025-04-15,397055,PAID
MI-2523,MC-733,Q-1,2026-03-15,2024-07-08,"$1,829,981.00",OVERDUE
MI-2524,MC-849,Q-1092,07/09/2024,2025-12-14,1104632,paid
MI-2525,MC-740,Q-744,2026-07-14,2025-10-20,1030389,paid
MI-2526,MC-659,Q-1382,11/26/2025,2024-09-06,"$1,652,049.00",PAID
MI-2527,MC-1266,Q-769,09/01/2026,2027-03-27,1508233,overdue
MI-2528,MC-1273,Q-1106,12/10/2024,08/06/2025,1 668 628,pending
MI-2529,MC-1263,Q-345,2025-05-05,2027-09-17,308746,overdue
MI-2530,MC-132,Q-969,2024-12-02,2025-11-04,1630302,pending
MI-2531,MC-540,Q-375,2024-11-09,2027-03-07,1610575,overdue
MI-2532,MC-745,Q-24,2024-06-09,2025-11-16,"339 903,00",overdue
MI-2533,MC-553,Q-119,03/13/2025,01/20/2024,"$461,786.00",paid
MI-2534,MC-1183,Q-1335,02/20/2024,04/07/2026,"961 388,00",paid
MI-2535,MC-1291,Q-614,2025-01-06,12/20/2025,249082,pending
MI-2536,MC-876,Q-174,03/18/2026,2024-05-24,"$931,516.00",paid
MI-2537,MC-1231,Q-751,02/14/2025,2024-09-25,"$346,851.00",pending
MI-2538,MC-922,Q-81,2024-01-11,2027-04-28,"1 805 690,00",overdue
MI-2539,MC-517,Q-800,10/12/2024,2024-12-27,"$1,580,137.00",paid
MI-2540,MC-679,Q-13,2024-07-24,2027-10-18,81750,overdue
MI-2541,MC-878,Q-675,2026-08-09,10/24/2026,535139,OVERDUE
MI-2542,MC-1302,Q-822,01-09-2025,2027-04-08,"1 721 918,00",overdue
MI-2543,MC-681,Q-1058,09/01/2025,26-08-2026,"$1,921,865.00",pending
MI-2544,MC-733,Q-463,27-12-2024,2025-08-22,837987,pending
MI-2545,MC-1255,Q-398,04-07-2024,05/07/2026,343268,paid
MI-2546,MC-1264,Q-118,2026-10-11,05/07/2026,638 872,pending
MI-2547,MC-125,Q-74,01/13/2025,11-11-2026,"$685,107.00",PAID
MI-2548,MC-443,Q-789,01/12/2025,07/03/2025,731394,paid
MI-2549,MC-592,Q-1492,09/03/2024,2027-05-01,1426997,overdue
MI-2550,MC-1009,Q-474,10/02/2025,04/04/2026,475830,pending
MI-2551,MC-1156,Q-773,21-02-2025,2027-11-19,1368512,overdue
MI-2552,MC-1279,Q-550,2025-12-18,05/20/2026,1 708 731,PAID
MI-2553,MC-308,Q-1422,04/06/2025,2027-05-09,"$1,624,219.00",overdue
MI-2554,MC-1236,Q-730,2024-12-03,2026-04-02,1187277,paid
MI-2555,MC-748,Q-1407,06-11-2025,2026-10-07,1 410 160,pending
MI-2556,MC-777,Q-1092,2025-05-14,02/21/2024,203862,paid
MI-2557,MC-28,Q-1223,2024-05-22,2025-08-08,"$445,567.00",OVERDUE
MI-2558,MC-432,Q-1191,2024-02-15,26-04-2025,1 409 618,paid
MI-2559,MC-562,Q-546,2026-03-09,2024-02-09,"$1,612,695.00",paid
MI-2560,MC-1298,Q-1190,27-08-2026,2027-06-02,1810485,overdue
MI-2561,MC-439,Q-771,2024-02-20,2025-01-08,1311544,PAID
MI-2562,MC-124,Q-692,2024-05-06,2027-12-20,"$177,098.00",overdue
MI-2563,MC-336,Q-603,04-06-2025,06/22/2026,"$952,903.00",PAID
MI-2564,MC-1090,Q-330,2026-11-11,2027-06-10,"$1,054,879.00",overdue
MI-2565,MC-8,Q-1332,01-03-2025,10-05-2026,1423491,PAID
MI-2566,MC-1100,Q-115,2025-02-27,2024-09-23,"363 528,00",PAID
MI-2567,MC-847,Q-335,04/21/2026,2025-01-10,"$1,133,572.00",OVERDUE
MI-2568,MC-1272,Q-1392,02/17/2026,07/02/2025,1890423,pending
MI-2569,MC-1062,Q-1202,03/10/2024,12-05-2025,1723191,paid
MI-2570,MC-131,Q-525,01/17/2024,04/24/2026,"$203,509.00",overdue
MI-2571,MC-971,Q-90,05/10/2026,2027-07-03,"$1,066,065.00",overdue
MI-2572,MC-1253,Q-142,10-12-2024,2024-01-01,686742,PAID
MI-2573,MC-1332,Q-115,23-12-2026,2027-01-21,1 287 254,overdue
MI-2574,MC-450,Q-904,11/16/2026,2026-12-25,1709861,PAID
MI-2575,MC-1137,Q-984,2024-03-05,2027-07-11,1414539,overdue
MI-2576,MC-1182,Q-947,01/13/2025,2025-07-08,1531947,pending
MI-2577,MC-919,Q-15,08-07-2026,2025-12-20,1942545,PAID
MI-2578,MC-930,Q-124,2025-06-21,2024-11-02,1803914,overdue
MI-2579,MC-600,Q-442,05/24/2026,2026-09-10,454052,paid
MI-2580,MC-1262,Q-1138,2025-08-02,06/09/2024,"$39,950.00",paid
MI-2581,MC-1038,Q-869,02-09-2024,14-03-2024,"$666,012.00",OVERDUE
MI-2582,MC-730,Q-699,2024-09-01,2027-08-04,1642809,overdue
MI-2583,MC-694,Q-1138,2024-07-09,2024-01-16,"$1,195,056.00",OVERDUE
MI-2584,MC-1025,Q-1486,01/22/2025,2027-02-22,1851414,overdue
MI-2585,MC-1209,Q-311,2025-05-11,2026-02-12,470300,overdue
MI-2586,MC-1346,Q-384,01/11/2024,2027-08-12,130718,overdue
MI-2587,MC-826,Q-428,2024-08-19,08/19/2024,"$1,685,620.00",paid
MI-2588,MC-525,Q-278,02/11/2024,09-10-2026,"$337,652.00",paid
MI-2589,MC-795,Q-1128,04/18/2024,2026-11-26,438082,pending
MI-2590,MC-581,Q-163,2024-06-23,04-01-2026,"$1,414,089.00",PAID
MI-2591,MC-721,Q-1034,10-12-2025,09-02-2024,"521 690,00",paid
MI-2592,MC-644,Q-894,08-03-2024,08/27/2026,1907070,overdue
MI-2593,MC-1118,Q-1134,11/10/2025,2027-09-05,"$1,755,939.00",overdue
MI-2594,MC-795,Q-562,07/02/2026,2025-05-25,1223555,overdue
MI-2595,MC-488,Q-1045,03-03-2026,2027-03-23,1088662,overdue
MI-2596,MC-281,Q-1424,2026-06-10,2025-06-18,255 544,pending
MI-2597,MC-479,Q-1271,04/01/2026,2027-09-13,1196430,overdue
MI-2598,MC-418,Q-180,04-12-2024,18-12-2025,620322,OVERDUE
MI-2599,MC-401,Q-1104,2025-01-14,02/28/2025,1048059,OVERDUE
MI-2600,MC-124,Q-217,2026-04-08,2025-05-02,996622,OVERDUE
MI-2601,MC-1100,Q-953,2024-10-15,2024-12-06,209893,PAID
MI-2602,MC-869,Q-223,04/08/2024,2024-05-04,"$1,333,444.00",OVERDUE
MI-2603,MC-385,Q-418,2024-12-02,2024-05-16,590570,paid
MI-2604,MC-10,Q-246,05/28/2024,2027-10-06,466314,overdue
MI-2605,MC-1390,Q-13,06/01/2025,17-06-2026,"1 464 959,00",pending
MI-2606,MC-656,Q-843,05/25/2026,2027-04-24,282 880,overdue
MI-2607,MC-603,Q-673,06/23/2025,01/15/2025,502857,pending
MI-2608,MC-1297,Q-1054,07/09/2024,2027-10-14,"145 258,00",overdue
MI-2609,MC-577,Q-839,02/18/2024,2024-01-12,24988,PAID
MI-2610,MC-447,Q-737,10/15/2024,05/24/2026,"$1,385,139.00",OVERDUE
MI-2611,MC-1313,Q-187,01/25/2025,06/13/2025,1301325,pending
MI-2612,MC-924,Q-892,12/21/2026,2025-05-16,1372686,PAID
MI-2613,MC-1206,Q-87,2025-09-20,15-07-2025,"$1,429,065.00",pending
MI-2614,MC-294,Q-500,11/20/2026,2026-08-01,188 458,overdue
MI-2615,MC-990,Q-1472,2024-05-22,2027-11-07,"$637,811.00",overdue
MI-2616,MC-856,Q-1311,16-08-2025,04/10/2024,"$538,485.00",PAID
MI-2617,MC-544,Q-1372,09/09/2024,2027-05-25,683598,overdue
MI-2618,MC-337,Q-1495,2025-12-15,2024-06-27,"$1,593,392.00",pending
MI-2619,MC-394,Q-600,21-01-2025,2027-11-15,1104666,overdue
MI-2620,MC-339,Q-203,02/03/2024,11/19/2026,1530155,OVERDUE
MI-2621,MC-455,Q-1300,21-02-2025,17-05-2025,406851,pending
MI-2622,MC-1053,Q-873,18-11-2024,2024-11-25,"11 833,00",pending
MI-2623,MC-591,Q-1492,2025-09-01,2025-07-10,1231519,paid
MI-2624,MC-1104,Q-857,10/09/2024,2025-11-04,"$165,338.00",paid
MI-2625,MC-748,Q-787,04-04-2025,2025-05-22,836298,paid
MI-2626,MC-369,Q-1091,2024-06-11,2027-12-08,1841594,overdue
MI-2627,MC-726,Q-118,06/26/2024,02/03/2024,504659,overdue
MI-2628,MC-800,Q-896,2026-07-28,2027-06-26,"$1,209,757.00",overdue
MI-2629,MC-131,Q-66,10/22/2024,12/15/2026,"$1,916,435.00",pending
MI-2630,MC-1234,Q-923,2026-08-05,2027-12-16,1 073 056,overdue
MI-2631,MC-736,Q-1261,2024-03-26,2025-07-25,"$979,854.00",overdue
MI-2632,MC-474,Q-241,08/10/2026,10/23/2026,690746,pending
MI-2633,MC-1105,Q-204,21-12-2025,06/25/2025,1 577 022,pending
MI-2634,MC-1168,Q-921,2026-02-04,09-09-2026,1356524,overdue
MI-2635,MC-1191,Q-130,05/20/2025,2026-10-10,1134200,paid
MI-2636,MC-1367,Q-1195,28-05-2026,2026-05-05,"$1,535,871.00",pending
MI-2637,MC-1164,Q-1337,08/20/2024,2027-01-09,194545,overdue
MI-2638,MC-21,Q-440,2024-06-09,12/13/2024,1862270,paid
MI-2639,MC-617,Q-728,23-07-2025,2027-07-27,1713606,overdue
MI-2640,MC-549,Q-503,2024-04-26,2024-06-18,1719957,pending
MI-2641,MC-743,Q-200,06/07/2024,2027-01-17,"$238,653.00",overdue
MI-2642,MC-478,Q-283,02/27/2025,2026-10-05,1942741,OVERDUE
MI-2643,MC-313,Q-8,2025-01-20,09/06/2025,"$876,600.00",pending
MI-2644,MC-1264,Q-1299,2025-04-17,2026-07-19,305 374,PAID
MI-2645,MC-1166,Q-163,2026-10-25,2025-07-13,1880737,overdue
MI-2646,MC-396,Q-1048,06/11/2024,12/21/2025,1 162 106,PAID
MI-2647,MC-665,Q-588,28-11-2026,2025-02-27,1639702,OVERDUE
MI-2648,MC-565,Q-764,02-04-2026,2027-02-10,52502,overdue
MI-2649,MC-1394,Q-769,2024-03-03,2026-11-10,1546323,PAID
MI-2650,MC-506,Q-197,12/06/2026,2027-08-28,895588,overdue
MI-2651,MC-1107,Q-214,01/05/2025,2026-08-20,597897,paid
MI-2652,MC-303,Q-1167,08/04/2026,2027-02-18,1048228,overdue
MI-2653,MC-896,Q-839,08/14/2025,11-07-2026,672845,overdue
MI-2654,MC-1101,Q-1027,2024-06-02,11/16/2025,1144918,paid
MI-2655,MC-858,Q-1242,2025-08-27,2024-02-23,310476,paid
MI-2656,MC-659,Q-778,13-01-2024,23-02-2025,92999,pending
MI-2657,MC-812,Q-99,2026-07-14,2026-09-04,"$1,790,717.00",OVERDUE
MI-2658,MC-1397,Q-31,02-08-2024,06/12/2026,"$760,995.00",paid
MI-2659,MC-352,Q-639,2024-07-08,2027-03-11,1 492 196,overdue
MI-2660,MC-1064,Q-896,2024-10-08,05-05-2024,1308352,overdue
MI-2661,MC-734,Q-128,2026-09-20,2027-09-01,"$1,079,337.00",overdue
MI-2662,MC-828,Q-1147,03/13/2025,2026-12-26,"$1,296,029.00",pending
MI-2663,MC-1176,Q-920,07-11-2024,2027-03-19,"$42,927.00",overdue
MI-2664,MC-618,Q-242,2026-01-06,05/23/2025,"$617,171.00",overdue
MI-2665,MC-1027,Q-884,12/17/2026,10/19/2025,1 557 181,pending
MI-2666,MC-1335,Q-814,12/01/2024,2025-09-25,558031,overdue
MI-2667,MC-882,Q-1406,01/02/2025,06/24/2026,853 864,overdue
MI-2668,MC-411,Q-1139,2025-02-23,2024-11-05,348225,OVERDUE
MI-2669,MC-537,Q-610,21-06-2025,2026-05-15,"$1,932,564.00",paid
MI-2670,MC-834,Q-246,12/24/2026,2027-04-12,"$1,814,220.00",overdue
MI-2671,MC-901,Q-316,09/15/2025,04/21/2024,641397,overdue
MI-2672,MC-581,Q-505,2026-05-10,2027-10-02,403180,overdue
MI-2673,MC-1249,Q-256,2026-12-20,2025-06-16,1119943,OVERDUE
MI-2674,MC-1048,Q-969,11-09-2024,2027-04-20,1816748,overdue
MI-2675,MC-656,Q-665,2025-06-12,2025-05-07,1432525,pending
MI-2676,MC-29,Q-721,12/05/2025,2025-04-09,"$1,371,442.00",overdue
MI-2677,MC-1229,Q-1032,02/25/2025,05-12-2025,470874,PAID
MI-2678,MC-1378,Q-1106,2025-08-02,2024-06-09,857461,pending
MI-2679,MC-1048,Q-274,2026-02-06,09-12-2025,742511,overdue
MI-2680,MC-23,Q-110,2024-04-01,02/12/2024,651001,overdue
MI-2681,MC-1198,Q-43,2026-02-28,2027-05-13,768618,overdue
MI-2682,MC-640,Q-142,05/13/2024,05-08-2026,"$552,795.00",PAID
MI-2683,MC-567,Q-846,02/02/2024,2027-11-03,720537,overdue
MI-2684,MC-482,Q-647,01-04-2026,08/08/2026,1830987,paid
MI-2685,MC-1210,Q-1483,10/21/2025,2027-05-21,734 414,overdue
MI-2686,MC-859,Q-482,2025-09-05,2024-11-11,505005,PAID
MI-2687,MC-1365,Q-265,2026-07-23,07/07/2024,1086573,pending
MI-2688,MC-593,Q-975,16-08-2025,2025-08-20,739460,PAID
MI-2689,MC-316,Q-177,09/05/2024,16-12-2024,1438563,paid
MI-2690,MC-1021,Q-790,2025-06-13,01/20/2026,714560,pending
MI-2691,MC-1179,Q-585,03/14/2026,2026-05-24,"$964,321.00",PAID
MI-2692,MC-1346,Q-368,2025-02-17,2027-06-14,502532,overdue
MI-2693,MC-345,Q-1074,2026-10-06,11/24/2026,1 674 308,paid
MI-2694,MC-283,Q-1297,26-08-2025,2027-12-04,"$904,318.00",overdue
MI-2695,MC-1397,Q-974,2026-09-28,2026-05-02,"335 823,00",overdue
MI-2696,MC-1171,Q-317,2024-12-18,2027-06-22,1448532,overdue
MI-2697,MC-784,Q-702,07/07/2024,2026-06-16,429097,paid
MI-2698,MC-695,Q-586,2025-05-21,2024-03-15,"$726,955.00",paid
MI-2699,MC-503,Q-927,14-11-2026,2025-11-10,593054,overdue
MI-2700,MC-1182,Q-1206,2026-01-12,21-08-2025,741 514,overdue
MI-2701,MC-804,Q-1177,01/26/2026,07/03/2025,1248156,pending
MI-2702,MC-740,Q-614,09-04-2024,20-09-2026,739435,paid
MI-2703,MC-1083,Q-275,2024-05-21,2027-07-15,"$1,206,632.00",overdue
MI-2704,MC-611,Q-502,2024-10-03,2025-06-17,985614,pending
MI-2705,MC-120,Q-769,2026-12-07,2027-01-05,"433 105,00",overdue
MI-2706,MC-1297,Q-549,05/16/2025,2025-03-13,"$861,131.00",paid
MI-2707,MC-1197,Q-1361,2024-11-25,2027-07-23,1588712,overdue
MI-2708,MC-1011,Q-985,27-02-2026,22-12-2025,314648,paid
MI-2709,MC-1008,Q-537,01/16/2026,2026-02-14,396934,OVERDUE
MI-2710,MC-974,Q-1051,2026-03-01,26-03-2026,"$882,023.00",pending
MI-2711,MC-21,Q-1395,06/16/2024,02/22/2025,"971 942,00",paid
MI-2712,MC-757,Q-512,02-10-2024,23-01-2026,"$911,346.00",paid
MI-2713,MC-1101,Q-1120,04/11/2026,03/24/2026,"305 589,00",OVERDUE
MI-2714,MC-1384,Q-455,04/20/2026,2027-08-16,"$789,825.00",overdue
MI-2715,MC-1001,Q-1135,2025-11-16,2024-09-27,1 845 619,PAID
MI-2716,MC-661,Q-653,2025-01-01,2027-02-06,"1 693 542,00",overdue
MI-2717,MC-353,Q-623,15-01-2026,10-08-2026,1308752,OVERDUE
MI-2718,MC-534,Q-944,05/15/2024,2027-08-24,485405,overdue
MI-2719,MC-1130,Q-526,08/01/2026,2025-01-03,1 112 305,overdue
MI-2720,MC-823,Q-353,2025-06-24,2026-12-19,840645,paid
MI-2721,MC-433,Q-1059,21-01-2025,2025-11-07,556 014,pending
MI-2722,MC-1045,Q-1473,2024-01-13,02/20/2026,1935277,paid
MI-2723,MC-1349,Q-138,10/14/2025,2025-05-16,949264,OVERDUE
MI-2724,MC-1305,Q-1289,2024-03-24,01-03-2024,276074,OVERDUE
MI-2725,MC-1133,Q-585,11-02-2025,2027-09-17,1739608,overdue
MI-2726,MC-1388,Q-1027,2024-04-03,2025-06-09,569968,PAID
MI-2727,MC-1261,Q-243,2024-01-16,2027-03-07,1 535 789,overdue
MI-2728,MC-1231,Q-1071,2025-08-02,2024-06-20,154825,paid
MI-2729,MC-972,Q-420,04/09/2024,2027-09-25,1998507,overdue
MI-2730,MC-888,Q-1182,07/25/2026,03/03/2025,430 681,OVERDUE
MI-2731,MC-602,Q-504,2026-04-20,08-09-2025,"$1,173,793.00",OVERDUE
MI-2732,MC-321,Q-1408,2025-07-19,05/06/2024,1084700,OVERDUE
MI-2733,MC-686,Q-23,2025-09-04,07/27/2025,1281891,pending
MI-2734,MC-1385,Q-1049,08/06/2026,2025-10-25,175742,paid
MI-2735,MC-36,Q-634,2024-07-19,2024-05-23,1945801,pending
MI-2736,MC-813,Q-577,2025-05-02,2027-10-18,"563 219,00",overdue
MI-2737,MC-1215,Q-805,2025-09-08,12-06-2024,1172831,overdue
MI-2738,MC-930,Q-332,2026-04-14,2027-04-08,810299,overdue
MI-2739,MC-321,Q-661,2025-11-13,08/20/2026,12457,OVERDUE
MI-2740,MC-1137,Q-1075,01-01-2024,2027-10-26,1818987,overdue
MI-2741,MC-446,Q-318,2026-09-08,2024-02-23,"$1,655,846.00",paid
MI-2742,MC-367,Q-243,2026-11-24,22-06-2024,232830,paid
MI-2743,MC-1024,Q-910,14-08-2025,04/17/2024,"$1,356,771.00",PAID
MI-2744,MC-926,Q-656,11-07-2026,09/05/2026,1687723,PAID
MI-2745,MC-722,Q-1111,08-01-2025,2026-12-05,922 883,pending
MI-2746,MC-1105,Q-1042,21-10-2024,2024-09-23,"$1,658,660.00",OVERDUE
MI-2747,MC-699,Q-352,2024-10-26,2027-11-19,"$283,686.00",overdue
MI-2748,MC-721,Q-1238,08/12/2024,05-07-2025,"$1,703,044.00",pending
MI-2749,MC-1246,Q-279,06/27/2025,2027-05-09,"$1,600,846.00",overdue
MI-2750,MC-1313,Q-444,05/11/2026,26-03-2026,609991,OVERDUE
MI-2751,MC-1329,Q-372,2024-12-01,2027-11-27,"$1,488,361.00",overdue
MI-2752,MC-977,Q-418,01-11-2026,2024-06-27,"$1,820,662.00",PAID
MI-2753,MC-298,Q-1381,2025-08-15,2025-07-21,1928974,paid
MI-2754,MC-846,Q-1464,07/07/2024,06/28/2024,80662,overdue
MI-2755,MC-422,Q-494,01-11-2025,2024-10-02,935 853,PAID
MI-2756,MC-578,Q-666,2026-02-22,02/17/2024,"1 281 729,00",PAID
MI-2757,MC-594,Q-373,13-01-2025,07/17/2024,"$1,040,645.00",PAID
MI-2758,MC-1245,Q-500,18-06-2025,2027-12-20,846 126,overdue
MI-2759,MC-1205,Q-532,2025-07-26,10-11-2024,"1 437 373,00",paid
MI-2760,MC-812,Q-527,2026-01-03,2027-06-10,944180,overdue
MI-2761,MC-148,Q-507,2025-07-01,2025-04-01,"$1,427,788.00",overdue
MI-2762,MC-516,Q-516,2025-04-02,2027-12-28,"$1,266,742.00",overdue
MI-2763,MC-776,Q-103,04/05/2024,2025-12-22,74 328,overdue
MI-2764,MC-503,Q-710,2024-11-16,10/09/2025,"$1,421,230.00",OVERDUE
MI-2765,MC-917,Q-439,2025-02-12,02-02-2024,"$1,434,775.00",pending
MI-2766,MC-1045,Q-28,06-07-2024,05/19/2026,1090277,pending
MI-2767,MC-318,Q-625,2025-05-02,12-01-2025,"1 486 372,00",paid
MI-2768,MC-1057,Q-1448,02/13/2026,2025-12-16,879278,pending
MI-2769,MC-1293,Q-1273,06-10-2025,2027-01-21,900026,overdue
MI-2770,MC-915,Q-938,09-07-2024,2026-05-11,643 997,paid
MI-2771,MC-548,Q-69,23-02-2024,2027-07-11,1600123,overdue
MI-2772,MC-1357,Q-419,2026-05-14,26-06-2025,"560 705,00",paid
MI-2773,MC-807,Q-922,2025-09-11,2027-01-01,"685 808,00",overdue
MI-2774,MC-123,Q-1098,09/08/2026,2024-04-24,"47 765,00",overdue
MI-2775,MC-394,Q-1128,2024-02-12,2026-04-07,775308,PAID
MI-2776,MC-1344,Q-1272,2024-12-21,01/08/2026,568370,OVERDUE
MI-2777,MC-493,Q-944,2026-12-12,22-11-2026,"$116,178.00",paid
MI-2778,MC-856,Q-1065,2025-05-08,2025-10-02,517487,paid
MI-2779,MC-749,Q-796,2024-10-24,17-11-2026,1366043,PAID
MI-2780,MC-932,Q-548,28-03-2024,2027-02-22,1958411,overdue
MI-2781,MC-1095,Q-956,05/01/2026,20-12-2024,"$1,570,939.00",paid
MI-2782,MC-615,Q-254,2026-02-14,2027-08-12,"439 840,00",overdue
MI-2783,MC-1173,Q-39,2026-08-07,08/15/2025,"$1,305,522.00",pending
MI-2784,MC-16,Q-709,24-12-2026,2027-02-02,"740 542,00",overdue
MI-2785,MC-29,Q-1168,11/21/2025,05-09-2025,1293218,PAID
MI-2786,MC-509,Q-304,2026-10-07,23-08-2024,1590784,overdue
MI-2787,MC-974,Q-27,2025-01-20,2025-08-13,"$608,018.00",pending
MI-2788,MC-797,Q-147,17-04-2025,10/17/2025,"$1,630,205.00",PAID
MI-2789,MC-1155,Q-553,10/21/2025,01/18/2025,25732,PAID
MI-2790,MC-427,Q-1302,2026-08-23,2026-04-05,1164597,paid
MI-2791,MC-602,Q-745,2025-11-12,2027-03-23,940832,overdue
MI-2792,MC-1267,Q-662,2025-06-03,2024-05-24,945 915,PAID
MI-2793,MC-1247,Q-1499,02/08/2024,2027-09-13,582376,overdue
MI-2794,MC-1036,Q-969,26-08-2025,04/18/2025,501589,PAID
MI-2795,MC-906,Q-1325,12/03/2025,2027-03-03,"1 470 237,00",overdue
MI-2796,MC-634,Q-5,2026-08-18,06-06-2025,"$1,104,313.00",overdue
MI-2797,MC-1079,Q-1189,2024-10-05,09/25/2024,"$1,515,946.00",paid
MI-2798,MC-1028,Q-98,2024-04-08,2026-10-09,"$1,514,008.00",OVERDUE
MI-2799,MC-821,Q-1463,2024-07-20,02-11-2025,"$1,325,218.00",paid
MI-2800,MC-417,Q-1036,21-08-2026,06/27/2025,"$598,237.00",paid
MI-2801,MC-888,Q-896,2024-02-14,2026-02-05,57 865,PAID
MI-2802,MC-1202,Q-1174,2025-01-25,2027-04-24,1505819,overdue
MI-2803,MC-1322,Q-840,2026-02-19,02/07/2024,"$1,354,493.00",paid
MI-2804,MC-435,Q-880,2025-12-25,2027-10-14,"$696,564.00",overdue
MI-2805,MC-1000,Q-352,08/12/2026,2025-06-14,1669697,paid
MI-2806,MC-142,Q-813,2025-08-01,2027-04-04,"$193,350.00",overdue
MI-2807,MC-860,Q-1313,2026-01-28,14-07-2025,"$1,948,471.00",PAID
MI-2808,MC-656,Q-266,2025-03-09,2026-11-20,"$953,292.00",pending
MI-2809,MC-1153,Q-920,06/17/2026,07/06/2024,"$1,545,023.00",paid
MI-2810,MC-505,Q-606,2026-06-04,10/12/2026,1 743 051,overdue
MI-2811,MC-2,Q-34,15-07-2025,20-10-2025,"$904,915.00",OVERDUE
MI-2812,MC-1089,Q-772,2025-08-25,27-02-2024,238 917,pending
MI-2813,MC-908,Q-1232,2026-09-11,2027-05-25,648463,overdue
MI-2814,MC-309,Q-730,09/24/2024,2026-10-27,"$970,017.00",overdue
MI-2815,MC-31,Q-1194,17-08-2025,2027-11-15,1823362,overdue
MI-2816,MC-960,Q-783,10/22/2025,2026-09-24,"$901,178.00",pending
MI-2817,MC-513,Q-172,07/22/2025,2027-05-05,"$344,496.00",overdue
MI-2818,MC-638,Q-1005,27-11-2025,09/22/2025,"$566,158.00",paid
MI-2819,MC-470,Q-754,2024-09-03,2026-07-08,"$1,356,739.00",paid
MI-2820,MC-307,Q-374,2025-08-28,2025-07-03,1 013 762,overdue
MI-2821,MC-1222,Q-349,2026-11-03,2025-12-01,"358 683,00",PAID
MI-2822,MC-828,Q-1159,2026-12-04,2026-09-07,756793,OVERDUE
MI-2823,MC-881,Q-1293,13-06-2025,2025-09-21,"974 229,00",PAID
MI-2824,MC-697,Q-480,2025-03-28,2027-06-26,1 112 211,overdue
MI-2825,MC-148,Q-1132,11/27/2024,10-10-2024,"$1,669,178.00",overdue
MI-2826,MC-123,Q-1456,2025-08-03,2027-12-16,1111072,overdue
MI-2827,MC-691,Q-1021,2025-12-17,2025-11-16,217417,paid
MI-2828,MC-558,Q-723,2024-06-13,2027-06-06,"$600,001.00",overdue
MI-2829,MC-745,Q-1274,28-08-2025,02/01/2025,802017,pending
MI-2830,MC-377,Q-1168,04-02-2025,02/19/2026,1600713,paid
MI-2831,MC-38,Q-105,01/19/2026,2025-04-12,"$1,441,244.00",pending
MI-2832,MC-971,Q-501,2024-02-20,2025-05-10,"$1,630,734.00",paid
MI-2833,MC-120,Q-764,2025-05-26,09-08-2025,807827,overdue
MI-2834,MC-329,Q-786,04/06/2026,2026-10-24,831 538,overdue
MI-2835,MC-788,Q-623,09/24/2025,2027-07-27,441585,overdue
MI-2836,MC-1003,Q-954,04/17/2026,12/27/2025,"$1,917,301.00",OVERDUE
MI-2837,MC-698,Q-1398,12/12/2026,2027-01-17,1193486,overdue
MI-2838,MC-1128,Q-523,09-10-2024,2025-09-10,1097189,overdue
MI-2839,MC-1010,Q-1190,2026-05-06,2027-07-07,1556974,overdue
MI-2840,MC-32,Q-1015,2025-06-06,03-11-2025,1673501,overdue
MI-2841,MC-1359,Q-1092,04-05-2026,25-11-2026,"$276,252.00",paid
MI-2842,MC-1046,Q-1456,2025-02-08,03/13/2024,1814461,overdue
MI-2843,MC-1291,Q-1021,2024-08-27,2026-09-16,1580794,pending
MI-2844,MC-670,Q-1109,2025-02-11,2024-09-24,1258011,pending
MI-2845,MC-304,Q-904,2026-12-28,2024-02-14,117 335,OVERDUE
MI-2846,MC-385,Q-283,06-11-2024,2027-08-28,1360421,overdue
MI-2847,MC-291,Q-1009,2024-06-10,09/26/2026,"$1,425,605.00",PAID
MI-2848,MC-934,Q-1414,2026-06-05,2027-02-18,"$1,978,161.00",overdue
MI-2849,MC-808,Q-216,2025-11-02,2026-07-07,"$959,649.00",pending
MI-2850,MC-731,Q-1225,28-11-2026,2027-08-08,"$601,333.00",overdue
MI-2851,MC-324,Q-238,2026-02-14,07/22/2024,599783,paid
MI-2852,MC-849,Q-648,2026-07-12,2026-08-07,1472892,pending
MI-2853,MC-407,Q-278,06/27/2025,12-08-2024,"$1,361,895.00",pending
MI-2854,MC-1085,Q-958,2024-10-06,25-12-2025,478688,OVERDUE
MI-2855,MC-424,Q-661,2024-01-16,2024-04-02,"$1,278,329.00",PAID
MI-2856,MC-1169,Q-1298,01-01-2026,12/03/2026,"$693,396.00",pending
MI-2857,MC-693,Q-1143,2024-11-09,2027-09-01,1018224,overdue
MI-2858,MC-627,Q-1097,2026-11-07,09/24/2024,1094539,overdue
MI-2859,MC-956,Q-1263,2026-05-12,2027-03-19,765722,overdue
MI-2860,MC-341,Q-604,2026-10-19,2025-08-10,"1 557 055,00",pending
MI-2861,MC-445,Q-341,2025-11-05,2027-09-09,398 854,overdue
MI-2862,MC-40,Q-466,09/01/2025,2026-04-10,179093,pending
MI-2863,MC-614,Q-1205,2025-09-06,09/09/2024,"$1,655,269.00",pending
MI-2864,MC-677,Q-1323,12/10/2025,04/19/2025,1 863 247,overdue
MI-2865,MC-1119,Q-1457,04/21/2026,2025-04-24,302116,pending
MI-2866,MC-1328,Q-164,2025-02-20,02/22/2024,"$211,869.00",pending
MI-2867,MC-1116,Q-305,2025-01-04,08/19/2024,"$793,826.00",pending
MI-2868,MC-780,Q-1066,2024-10-04,2027-10-02,1025264,overdue
MI-2869,MC-924,Q-454,2025-09-23,02/17/2025,"$294,909.00",pending
MI-2870,MC-785,Q-1101,2026-02-19,2027-04-20,93159,overdue
MI-2871,MC-1281,Q-674,2025-12-21,11/06/2024,"$1,854,545.00",paid
MI-2872,MC-1302,Q-1133,01/23/2025,2027-10-10,1 560 959,overdue
MI-2873,MC-828,Q-78,2024-05-03,2024-05-04,1913984,paid
MI-2874,MC-1065,Q-975,2025-01-16,26-11-2024,298703,pending
MI-2875,MC-148,Q-459,2024-02-08,16-08-2025,442978,OVERDUE
MI-2876,MC-1383,Q-1335,01/20/2025,26-01-2026,480 551,paid
MI-2877,MC-472,Q-154,05/27/2025,2025-10-01,"$1,576,358.00",OVERDUE
MI-2878,MC-1011,Q-443,01-12-2024,05/21/2025,"$153,165.00",PAID
MI-2879,MC-347,Q-32,2026-11-06,2027-11-03,"$1,317,786.00",overdue
MI-2880,MC-568,Q-1022,2024-06-21,2026-08-10,1646961,overdue
MI-2881,MC-330,Q-795,2024-04-12,2027-05-21,1759961,overdue
MI-2882,MC-1259,Q-1444,04/28/2026,2025-11-01,73964,PAID
MI-2883,MC-667,Q-753,09/12/2025,2027-11-11,755 720,overdue
MI-2884,MC-1009,Q-1341,2024-08-01,2026-05-12,610189,overdue
MI-2885,MC-694,Q-1306,2025-12-10,2024-02-03,1070390,overdue
MI-2886,MC-774,Q-62,06/02/2026,05-02-2025,"$138,681.00",overdue
MI-2887,MC-808,Q-951,2024-10-08,2024-12-01,388971,paid
MI-2888,MC-1252,Q-829,2026-11-12,2026-07-11,797825,OVERDUE
MI-2889,MC-1332,Q-672,2024-06-28,2026-03-20,772001,pending
MI-2890,MC-598,Q-533,2024-11-16,2027-12-04,"$386,414.00",overdue
MI-2891,MC-384,Q-342,17-09-2026,10/09/2026,"$1,475,446.00",pending
MI-2892,MC-610,Q-1385,2025-05-07,2027-06-22,1761105,overdue
MI-2893,MC-1231,Q-1452,2024-09-07,16-06-2025,212891,OVERDUE
MI-2894,MC-375,Q-1056,03/26/2024,2027-12-12,1673665,overdue
MI-2895,MC-387,Q-683,10/13/2025,2024-12-09,1205340,PAID
MI-2896,MC-1058,Q-67,2026-12-06,06/20/2024,1925761,paid
MI-2897,MC-971,Q-1161,2025-05-21,2026-11-10,"840 099,00",PAID
MI-2898,MC-1343,Q-51,13-02-2025,2026-04-18,"373 950,00",OVERDUE
MI-2899,MC-1284,Q-58,2026-12-07,2025-07-23,826249,pending
MI-2900,MC-458,Q-835,06/05/2025,09/15/2025,"$512,301.00",PAID
MI-2901,MC-148,Q-42,09/05/2026,2027-01-05,1245602,overdue
MI-2902,MC-980,Q-642,2026-11-14,2024-08-17,"$1,349,147.00",PAID
MI-2903,MC-834,Q-1179,2026-08-24,2027-07-23,"$1,431,755.00",overdue
MI-2904,MC-1162,Q-171,2026-05-15,2026-09-16,"$1,628,280.00",PAID
MI-2905,MC-1208,Q-598,2024-02-21,2027-01-13,"$1,726,047.00",overdue
MI-2906,MC-952,Q-434,2026-10-15,2024-08-28,"$765,425.00",PAID
MI-2907,MC-1223,Q-1461,12/15/2025,06-07-2024,1949427,OVERDUE
MI-2908,MC-953,Q-1274,22-04-2024,08-11-2026,"$1,978,236.00",pending
MI-2909,MC-362,Q-217,22-12-2024,2025-05-28,1124919,overdue
MI-2910,MC-1023,Q-189,2025-09-05,2025-12-25,"116 779,00",pending
MI-2911,MC-462,Q-739,12/16/2026,12/03/2026,644695,paid
MI-2912,MC-839,Q-1405,01/28/2025,2027-02-06,1331764,overdue
MI-2913,MC-1163,Q-1006,12/22/2025,2026-08-10,1703402,OVERDUE
MI-2914,MC-1113,Q-58,2026-06-23,2027-08-24,"$533,999.00",overdue
MI-2915,MC-364,Q-365,01/28/2025,2024-04-04,"$1,803,974.00",OVERDUE
MI-2916,MC-883,Q-947,2024-04-28,2027-02-14,1071433,overdue
MI-2917,MC-282,Q-124,2026-10-21,2026-04-21,506440,OVERDUE
MI-2918,MC-565,Q-1051,09/16/2025,09-01-2025,773047,OVERDUE
MI-2919,MC-994,Q-1,01/22/2024,2025-04-14,1792966,PAID
MI-2920,MC-1341,Q-450,11/21/2026,06-07-2024,1973148,pending
MI-2921,MC-868,Q-244,2026-04-18,2026-11-21,"1 545 729,00",PAID
MI-2922,MC-485,Q-210,2024-09-19,2026-01-27,449 632,paid
MI-2923,MC-1260,Q-439,01-07-2026,2027-03-07,"420 635,00",overdue
MI-2924,MC-1039,Q-757,2025-08-17,26-05-2025,1834786,overdue
MI-2925,MC-554,Q-1201,2024-08-08,2027-09-25,"$280,977.00",overdue
MI-2926,MC-147,Q-466,03/17/2026,04-06-2025,112935,OVERDUE
MI-2927,MC-516,Q-1087,2026-06-14,2027-03-15,81 725,overdue
MI-2928,MC-1161,Q-760,05/09/2025,2024-07-23,"$810,077.00",PAID
MI-2929,MC-1291,Q-508,2024-02-27,11/07/2024,"$1,021,320.00",paid
MI-2930,MC-1034,Q-964,11/17/2026,03/09/2025,"365 137,00",pending
MI-2931,MC-481,Q-280,17-06-2024,23-02-2026,207216,pending
MI-2932,MC-1325,Q-596,2024-06-15,09-09-2025,1336670,paid
MI-2933,MC-772,Q-486,03/10/2025,2025-03-22,"$1,695,469.00",OVERDUE
MI-2934,MC-461,Q-358,06-09-2025,2027-04-08,947 835,overdue
MI-2935,MC-1060,Q-1214,2026-03-06,2025-04-22,"899 459,00",PAID
MI-2936,MC-311,Q-691,2025-10-22,2027-10-26,761281,overdue
MI-2937,MC-299,Q-1053,04/07/2026,2025-04-10,159794,pending
MI-2938,MC-677,Q-26,2025-09-24,2027-04-16,202 844,overdue
MI-2939,MC-11,Q-789,2026-02-03,2025-02-09,1802576,OVERDUE
MI-2940,MC-372,Q-1188,11-01-2024,2026-09-16,"1 576 336,00",pending
MI-2941,MC-1289,Q-498,2026-07-22,05/05/2025,374452,pending
MI-2942,MC-948,Q-1246,2024-01-14,01/23/2024,127794,pending
MI-2943,MC-1156,Q-631,18-09-2025,2025-11-01,1548066,paid
MI-2944,MC-729,Q-309,08-09-2025,2026-04-05,"$216,305.00",paid
MI-2945,MC-985,Q-1280,2024-10-05,2027-05-09,1615088,overdue
MI-2946,MC-1359,Q-525,2026-11-15,2025-05-11,"$589,880.00",overdue
MI-2947,MC-931,Q-226,02/16/2025,2027-11-27,1 093 018,overdue
MI-2948,MC-1244,Q-1235,27-11-2026,02/06/2024,"$459,381.00",pending
MI-2949,MC-1002,Q-1230,05/08/2026,2027-05-17,"$108,531.00",overdue
MI-2950,MC-1003,Q-567,2026-03-11,27-04-2025,"$321,119.00",paid
MI-2951,MC-502,Q-754,11/10/2025,2024-04-09,1038209,OVERDUE
MI-2952,MC-531,Q-1313,2024-08-01,07/21/2026,352108,OVERDUE
MI-2953,MC-413,Q-40,09/05/2024,16-10-2024,1 523 497,PAID
MI-2954,MC-117,Q-496,12/10/2025,17-07-2025,156685,PAID
MI-2955,MC-1194,Q-803,2026-07-25,2024-06-21,707483,overdue
MI-2956,MC-501,Q-1475,2024-03-10,2027-06-10,1145642,overdue
MI-2957,MC-974,Q-617,11/15/2026,21-06-2025,"1 288 554,00",pending
MI-2958,MC-1134,Q-966,2024-11-19,2027-12-28,"1 638 363,00",overdue
MI-2959,MC-501,Q-477,2025-01-11,09/18/2026,"$1,524,707.00",OVERDUE
MI-2960,MC-372,Q-539,2024-11-04,2027-06-18,1 890 059,overdue
MI-2961,MC-1240,Q-1345,2024-07-06,2026-04-19,"$648,281.00",paid
MI-2962,MC-1133,Q-707,09/01/2025,19-03-2024,1 200 740,pending
MI-2963,MC-875,Q-1055,2026-12-06,2024-07-03,1617981,OVERDUE
MI-2964,MC-849,Q-389,2026-01-14,06-01-2025,"$1,646,615.00",PAID
MI-2965,MC-371,Q-1040,08-08-2026,09-07-2026,"$622,080.00",overdue
MI-2966,MC-1361,Q-775,2026-12-24,2024-05-28,132039,pending
MI-2967,MC-835,Q-766,2025-09-14,2027-07-11,1456478,overdue
MI-2968,MC-502,Q-103,2025-06-16,17-12-2025,988346,pending
MI-2969,MC-1071,Q-1279,2024-03-08,2027-01-01,"$685,844.00",overdue
MI-2970,MC-471,Q-1097,09/11/2025,2026-10-07,1227155,PAID
MI-2971,MC-1260,Q-964,07/10/2024,2027-07-19,828439,overdue
MI-2972,MC-904,Q-64,2025-08-27,2024-04-20,1792830,overdue
MI-2973,MC-957,Q-669,21-05-2026,10/11/2025,911532,OVERDUE
MI-2974,MC-828,Q-300,28-07-2025,05/17/2026,566990,pending
MI-2975,MC-446,Q-1155,03/08/2026,2024-04-06,"$1,989,645.00",OVERDUE
MI-2976,MC-436,Q-1315,06/02/2025,15-01-2024,"$215,915.00",paid
MI-2977,MC-378,Q-1085,06/23/2025,2024-08-15,1985199,paid
MI-2978,MC-1304,Q-801,12/22/2024,2027-08-12,"$1,391,486.00",overdue
MI-2979,MC-979,Q-567,28-12-2025,01/12/2024,275 665,overdue
MI-2980,MC-37,Q-1100,2025-09-12,2027-02-02,"$1,879,602.00",overdue
MI-2981,MC-23,Q-1466,2024-04-17,07-06-2026,"$1,513,049.00",OVERDUE
MI-2982,MC-519,Q-1472,12/15/2025,2027-08-20,1886992,overdue
MI-2983,MC-1291,Q-452,2026-03-21,2026-01-09,1587363,PAID
MI-2984,MC-1094,Q-376,14-06-2026,13-07-2026,1921102,pending
MI-2985,MC-1355,Q-1070,2025-03-27,07/10/2024,407368,pending
MI-2986,MC-1062,Q-671,07-10-2024,17-10-2026,1330525,PAID
MI-2987,MC-135,Q-510,2024-05-09,2025-08-04,"1 958 371,00",overdue
MI-2988,MC-498,Q-150,12/19/2026,2026-06-06,1696184,overdue
MI-2989,MC-114,Q-696,12/05/2026,2027-09-13,122 561,overdue
MI-2990,MC-495,Q-190,2024-03-11,2024-05-26,1 140 793,overdue
MI-2991,MC-119,Q-432,2026-08-04,2027-03-03,294403,overdue
MI-2992,MC-356,Q-1438,04/04/2024,14-07-2025,1807917,pending
MI-2993,MC-762,Q-1241,2024-11-05,2027-09-21,"$644,687.00",overdue
MI-2994,MC-1251,Q-1008,2024-02-05,04/06/2026,"$243,630.00",pending
MI-2995,MC-1026,Q-344,08/26/2026,13-03-2025,1567043,overdue
MI-2996,MC-1058,Q-847,2026-09-08,04/26/2026,427455,PAID
MI-2997,MC-465,Q-596,12-07-2025,2024-03-17,"$726,304.00",OVERDUE
MI-2998,MC-998,Q-420,03/14/2026,04/22/2026,"$319,537.00",pending
MI-2999,MC-1085,Q-255,2026-01-26,12/16/2026,1660526,OVERDUE
MI-3000,MC-405,Q-33,27-06-2024,2027-10-14,246 781,overdue
MI-3001,MC-1182,Q-473,2025-04-18,06/23/2025,"$1,181,658.00",PAID
MI-3002,MC-988,Q-357,08-01-2026,2027-04-04,"$804,840.00",overdue
MI-3003,MC-145,Q-490,2026-12-23,2024-08-01,939741,OVERDUE
MI-3004,MC-371,Q-1105,2024-09-03,2027-10-22,"$1,301,244.00",overdue
MI-3005,MC-421,Q-243,28-06-2024,23-02-2025,396739,PAID
MI-3006,MC-1152,Q-729,2024-09-13,08/15/2025,"566 111,00",PAID
MI-3007,MC-926,Q-1404,2024-03-11,06/06/2024,"215 091,00",OVERDUE
MI-3008,MC-672,Q-1306,10/21/2025,2026-09-25,1663633,PAID
MI-3009,MC-114,Q-212,2026-05-13,18-03-2026,"$652,303.00",PAID
MI-3010,MC-1078,Q-927,24-06-2025,2026-06-02,1016484,PAID
MI-3011,MC-371,Q-1016,2025-02-07,2027-11-15,"$1,804,126.00",overdue
MI-3012,MC-1360,Q-15,04/05/2024,2026-06-24,100144,pending
MI-3013,MC-1295,Q-1093,03-06-2025,2027-05-05,"$1,652,205.00",overdue
MI-3014,MC-1215,Q-141,04-12-2026,21-11-2025,"$1,867,586.00",OVERDUE
MI-3015,MC-818,Q-831,18-05-2026,2027-11-23,222 914,overdue
MI-3016,MC-1016,Q-98,2024-01-06,2026-04-07,1039541,pending
MI-3017,MC-1046,Q-871,12-03-2024,05/05/2024,1127669,paid
MI-3018,MC-753,Q-1318,01/04/2025,05/17/2024,"$843,669.00",paid
MI-3019,MC-1206,Q-764,10-06-2025,08/14/2025,1925948,OVERDUE
MI-3020,MC-15,Q-19,28-09-2024,2026-04-18,849389,OVERDUE
MI-3021,MC-4,Q-1453,11/11/2025,2024-03-26,"$388,743.00",OVERDUE
MI-3022,MC-1055,Q-515,2026-11-05,2027-12-16,919407,overdue
MI-3023,MC-1012,Q-1499,2025-05-11,10/24/2024,"$1,625,279.00",overdue
MI-3024,MC-1356,Q-1012,2025-12-11,2027-06-06,69106,overdue
MI-3025,MC-1350,Q-1463,09/24/2026,06/03/2026,297239,OVERDUE
MI-3026,MC-947,Q-736,08/17/2025,2027-12-24,1105339,overdue
MI-3027,MC-1059,Q-469,11/07/2026,05-11-2026,1050394,paid
MI-3028,MC-1154,Q-466,2026-01-03,2024-02-23,"1 241 193,00",PAID
MI-3029,MC-576,Q-240,05/05/2024,07/05/2025,1399287,OVERDUE
MI-3030,MC-588,Q-105,2026-09-17,2024-08-10,1879067,pending
MI-3031,MC-756,Q-213,2024-04-05,2026-07-24,875278,pending
MI-3032,MC-1309,Q-79,23-01-2026,05/02/2025,505931,overdue
MI-3033,MC-672,Q-487,2026-08-18,2027-01-17,"633 140,00",overdue
MI-3034,MC-774,Q-1347,2024-01-12,06/20/2026,481986,PAID
MI-3035,MC-1081,Q-342,03-07-2024,2027-07-07,"$1,549,148.00",overdue
MI-3036,MC-404,Q-230,2026-08-25,2026-08-16,1627451,pending
MI-3037,MC-982,Q-1256,2025-03-15,2027-01-25,869237,overdue
MI-3038,MC-881,Q-681,2026-12-20,03/22/2024,1116249,overdue
MI-3039,MC-561,Q-426,15-10-2024,2025-12-27,"1 585 705,00",overdue
MI-3040,MC-549,Q-1135,03/05/2026,10/01/2024,"$762,325.00",OVERDUE
MI-3041,MC-474,Q-823,01-01-2026,2026-07-26,1065935,overdue
MI-3042,MC-772,Q-1201,2025-01-18,07/13/2026,1773480,paid
MI-3043,MC-1266,Q-817,09-04-2026,03-09-2026,1276773,PAID
MI-3044,MC-811,Q-1398,2024-01-16,2027-02-18,"$786,295.00",overdue
MI-3045,MC-825,Q-1315,13-01-2026,2026-01-26,928 304,pending
MI-3046,MC-1049,Q-1426,2024-06-27,2027-08-08,"$600,964.00",overdue
MI-3047,MC-1395,Q-1216,2026-09-09,05/21/2026,413209,paid
MI-3048,MC-32,Q-213,2024-10-26,2027-02-26,"$731,754.00",overdue
MI-3049,MC-688,Q-874,01/02/2024,11-12-2026,"261 981,00",paid
MI-3050,MC-615,Q-1051,2024-10-03,01/19/2025,1967400,paid
MI-3051,MC-1308,Q-559,03/27/2026,2024-11-14,408528,PAID
MI-3052,MC-907,Q-988,2026-12-03,2024-04-26,672853,PAID
MI-3053,MC-461,Q-167,2026-03-14,2026-12-02,"$766,787.00",PAID
MI-3054,MC-1245,Q-1278,01/01/2025,2026-05-27,863 523,pending
MI-3055,MC-362,Q-1421,02/16/2025,2027-03-19,115968,overdue
MI-3056,MC-118,Q-1213,01/09/2025,02/05/2025,"$1,622,167.00",OVERDUE
MI-3057,MC-1396,Q-213,03/10/2024,2027-09-09,"$324,700.00",overdue
MI-3058,MC-497,Q-1195,23-02-2024,2025-08-09,254134,overdue
MI-3059,MC-791,Q-346,05/11/2025,2027-03-27,283562,overdue
MI-3060,MC-1339,Q-715,2026-10-10,20-09-2025,87839,PAID
MI-3061,MC-547,Q-805,2026-05-28,11-01-2025,"$1,711,370.00",overdue
MI-3062,MC-1244,Q-1069,2026-04-25,10/19/2026,46570,overdue
MI-3063,MC-125,Q-456,2025-05-02,2024-05-27,1150379,paid
MI-3064,MC-770,Q-292,09-08-2024,01/15/2024,1591489,PAID
MI-3065,MC-1176,Q-774,2024-10-02,10/22/2025,"$1,206,889.00",PAID
MI-3066,MC-1241,Q-137,2024-12-26,2027-04-20,"$1,106,685.00",overdue
MI-3067,MC-763,Q-1142,06/21/2024,2026-02-13,"$1,844,625.00",OVERDUE
MI-3068,MC-936,Q-151,2026-06-21,2027-10-10,65813,overdue
MI-3069,MC-1321,Q-203,2024-12-25,2026-10-25,307 608,pending
MI-3070,MC-1233,Q-721,26-06-2025,2027-04-28,804606,overdue
MI-3071,MC-695,Q-334,2026-01-16,02-02-2025,1310219,overdue
MI-3072,MC-146,Q-1061,10-03-2025,11/21/2025,"$460,118.00",PAID
MI-3073,MC-1118,Q-1138,2024-02-12,08/07/2024,"$1,890,764.00",OVERDUE
MI-3074,MC-1371,Q-741,2024-05-21,2026-02-19,1883741,PAID
MI-3075,MC-650,Q-125,14-12-2026,2024-04-15,"$1,382,495.00",OVERDUE
MI-3076,MC-495,Q-1236,08/13/2024,2026-01-10,853840,paid
MI-3077,MC-908,Q-759,2024-12-18,2027-05-21,"1 329 185,00",overdue
MI-3078,MC-754,Q-894,2024-07-12,2024-01-22,"$739,106.00",pending
MI-3079,MC-822,Q-713,2024-08-12,2027-11-11,"20 219,00",overdue
MI-3080,MC-19,Q-340,11/06/2024,2025-07-06,"$1,105,190.00",paid
MI-3081,MC-591,Q-191,2024-05-15,2027-05-01,1210681,overdue
MI-3082,MC-962,Q-1194,2024-08-07,2025-04-05,1967536,PAID
MI-3083,MC-358,Q-1422,11/11/2026,08-08-2025,1372885,OVERDUE
MI-3084,MC-899,Q-935,2025-12-02,2026-03-03,"$1,067,915.00",PAID
MI-3085,MC-329,Q-369,2026-06-08,05/26/2024,1 293 849,paid
MI-3086,MC-752,Q-983,20-03-2025,2025-03-10,"$832,870.00",PAID
MI-3087,MC-292,Q-285,02/26/2024,2026-03-06,"$629,295.00",PAID
MI-3088,MC-678,Q-715,10/15/2026,2027-06-22,"$1,342,682.00",overdue
MI-3089,MC-1171,Q-1171,07/05/2026,2026-05-12,"$1,155,822.00",OVERDUE
MI-3090,MC-1368,Q-1389,01/05/2025,2027-12-12,605597,overdue
MI-3091,MC-1116,Q-1202,21-07-2025,12/09/2025,723183,PAID
MI-3092,MC-1175,Q-292,01/14/2025,2027-06-02,"$1,134,477.00",overdue
MI-3093,MC-942,Q-203,07/14/2026,2024-07-26,510 497,overdue
MI-3094,MC-1342,Q-1014,2026-10-09,2024-03-25,484703,pending
MI-3095,MC-1092,Q-1330,10/26/2024,2024-12-23,"$1,117,140.00",paid
MI-3096,MC-549,Q-1296,2025-07-28,12/02/2025,"$295,777.00",OVERDUE
MI-3097,MC-627,Q-586,2024-01-04,2024-03-23,1322450,OVERDUE
MI-3098,MC-565,Q-1015,2026-08-14,08/09/2024,1178418,pending
MI-3099,MC-137,Q-1251,2024-11-03,2027-07-23,154752,overdue
MI-3100,MC-583,Q-818,11/18/2026,2024-03-21,308828,PAID
MI-3101,MC-464,Q-367,14-11-2025,2027-01-13,1238760,overdue
MI-3102,MC-282,Q-1012,2024-07-23,07/03/2024,1088468,OVERDUE
MI-3103,MC-930,Q-916,07/19/2026,2027-07-03,"$1,231,012.00",overdue
MI-3104,MC-1217,Q-16,2024-12-21,2024-03-28,120442,paid
MI-3105,MC-369,Q-1381,03-01-2026,2025-04-14,1969405,pending
MI-3106,MC-359,Q-1061,08-09-2025,04-05-2026,1014017,overdue
MI-3107,MC-694,Q-309,11/19/2024,06-02-2025,1923980,OVERDUE
MI-3108,MC-366,Q-1447,05/27/2024,04/09/2025,"$167,712.00",OVERDUE
MI-3109,MC-362,Q-841,2024-09-14,2025-04-01,"$1,076,272.00",pending
MI-3110,MC-939,Q-683,2026-01-04,2027-08-24,772822,overdue
MI-3111,MC-1239,Q-478,2026-12-01,02/17/2024,346572,PAID
MI-3112,MC-1372,Q-523,25-05-2025,2027-02-14,1278067,overdue
MI-3113,MC-851,Q-1269,2026-12-19,2026-04-27,"$1,257,086.00",OVERDUE
MI-3114,MC-725,Q-313,06/10/2024,2027-08-04,1865405,overdue
MI-3115,MC-1040,Q-545,12/04/2025,12/11/2026,297072,paid
MI-3116,MC-832,Q-1193,01-09-2025,2026-08-01,1 960 216,paid
MI-3117,MC-817,Q-192,12/11/2025,2024-11-17,755512,pending
MI-3118,MC-1087,Q-352,13-02-2024,2026-12-01,"1 007 377,00",overdue
MI-3119,MC-703,Q-1177,2026-12-13,2025-11-12,"$139,390.00",overdue
MI-3120,MC-1181,Q-1421,2025-11-15,2024-04-09,1 920 570,OVERDUE
MI-3121,MC-407,Q-1261,15-06-2025,2027-09-25,1979584,overdue
MI-3122,MC-1396,Q-534,06/13/2026,05-10-2026,1252597,paid
MI-3123,MC-1039,Q-529,04-01-2024,2027-03-15,616964,overdue
MI-3124,MC-1075,Q-459,2024-03-17,2024-04-24,1422197,overdue
MI-3125,MC-955,Q-126,2024-10-08,2027-09-05,"$1,051,278.00",overdue
MI-3126,MC-572,Q-152,2025-12-25,2026-09-09,1593087,PAID
MI-3127,MC-1329,Q-758,01/07/2024,2026-10-02,1593256,pending
MI-3128,MC-479,Q-58,2026-02-03,08-08-2024,"$1,909,647.00",pending
MI-3129,MC-576,Q-1090,17-04-2025,15-01-2025,907349,paid
MI-3130,MC-348,Q-488,2024-11-16,01/13/2026,773702,pending
MI-3131,MC-345,Q-855,2024-01-12,2025-06-21,1828798,overdue
MI-3132,MC-957,Q-979,12/09/2025,2027-10-26,721978,overdue
MI-3133,MC-707,Q-201,2024-10-28,2026-09-28,"$1,589,053.00",PAID
MI-3134,MC-647,Q-1037,2025-08-10,2027-04-16,468 079,overdue
MI-3135,MC-641,Q-1196,2026-07-04,04/13/2026,"515 868,00",PAID
MI-3136,MC-117,Q-421,02/06/2026,2027-10-06,"$541,588.00",overdue
MI-3137,MC-133,Q-1384,08/27/2024,2025-06-19,"$1,092,267.00",overdue
MI-3138,MC-1147,Q-43,05-08-2024,22-08-2024,1369770,OVERDUE
MI-3139,MC-1235,Q-994,2024-06-26,15-11-2026,64478,pending
MI-3140,MC-644,Q-1345,2025-06-11,2024-10-12,104264,overdue
MI-3141,MC-326,Q-1177,2026-02-10,2026-09-23,1176795,PAID
MI-3142,MC-338,Q-1060,2024-02-13,2024-06-26,"$1,117,559.00",paid
MI-3143,MC-1271,Q-164,2024-12-27,2027-11-27,1141305,overdue
MI-3144,MC-849,Q-1225,13-01-2025,08-02-2026,912 035,overdue
MI-3145,MC-1240,Q-684,02/06/2025,2027-05-17,"850 054,00",overdue
MI-3146,MC-1274,Q-1137,2026-01-22,2025-08-21,753401,paid
MI-3147,MC-981,Q-520,2024-06-08,2027-11-07,"772 317,00",overdue
MI-3148,MC-874,Q-111,12/20/2025,09/20/2026,606892,OVERDUE
MI-3149,MC-3,Q-1081,14-06-2025,2026-11-07,"$59,116.00",overdue
MI-3150,MC-289,Q-1266,2024-12-16,2025-09-20,942490,pending
MI-3151,MC-795,Q-236,2025-01-20,2024-04-14,989 258,paid
MI-3152,MC-1017,Q-930,2024-05-06,2025-09-22,1170490,PAID
MI-3153,MC-943,Q-1045,2024-12-08,2025-03-27,555125,paid
MI-3154,MC-723,Q-832,02/20/2026,2027-12-28,1427274,overdue
MI-3155,MC-829,Q-868,2026-08-12,2024-10-20,1 291 839,pending
MI-3156,MC-1107,Q-1205,2024-10-20,2027-06-18,1088434,overdue
MI-3157,MC-467,Q-669,2026-02-24,2024-11-25,"$1,132,153.00",overdue
MI-3158,MC-307,Q-1117,08/13/2024,2027-12-08,1 107 118,overdue
MI-3159,MC-929,Q-1405,2025-03-20,2025-11-03,404756,pending
MI-3160,MC-426,Q-667,2026-01-03,21-10-2026,1 450 034,pending
MI-3161,MC-1392,Q-174,06/26/2024,2024-09-06,"$1,879,711.00",pending
MI-3162,MC-577,Q-6,2026-07-06,2025-07-12,"568 923,00",paid
MI-3163,MC-477,Q-802,2026-07-17,2025-01-11,"1 336 166,00",pending
MI-3164,MC-1080,Q-413,2025-09-10,08/17/2026,1358352,overdue
MI-3165,MC-1046,Q-737,2026-05-27,2027-01-01,986398,overdue
MI-3166,MC-1045,Q-1215,2026-11-24,04/06/2024,"$1,084,912.00",PAID
MI-3167,MC-894,Q-1302,28-02-2025,2027-07-19,"$272,310.00",overdue
MI-3168,MC-617,Q-329,2025-06-13,2024-12-21,55439,PAID
MI-3169,MC-1015,Q-1214,04/01/2024,2027-01-09,"$1,179,569.00",overdue
MI-3170,MC-1077,Q-960,09-11-2026,10/25/2026,"$1,220,750.00",paid
MI-3171,MC-1130,Q-774,07-02-2025,26-12-2026,"419 224,00",OVERDUE
MI-3172,MC-1031,Q-342,20-04-2026,07/15/2026,188 091,PAID
MI-3173,MC-783,Q-1060,07-02-2026,10/17/2025,366 043,paid
MI-3174,MC-1245,Q-682,2025-06-27,02/18/2024,1205232,PAID
MI-3175,MC-728,Q-1206,09/24/2025,2026-04-04,1867443,paid
MI-3176,MC-1070,Q-1066,13-06-2026,2027-02-02,306 092,overdue
MI-3177,MC-746,Q-742,2025-04-15,2024-12-05,506258,PAID
MI-3178,MC-1380,Q-971,14-06-2025,2027-08-20,1951912,overdue
MI-3179,MC-1019,Q-619,2024-05-21,02/11/2024,"$1,107,485.00",paid
MI-3180,MC-1105,Q-948,2026-08-01,2027-02-10,"$1,734,624.00",overdue
MI-3181,MC-287,Q-598,08/09/2026,24-09-2026,1060059,PAID
MI-3182,MC-763,Q-1411,04/18/2025,08/13/2026,"$155,126.00",OVERDUE
MI-3183,MC-351,Q-1240,02/25/2024,2025-09-15,"$1,331,910.00",overdue
MI-3184,MC-1235,Q-789,27-09-2024,2024-06-02,"610 437,00",PAID
MI-3185,MC-982,Q-1353,2024-04-05,2025-05-03,"$1,330,016.00",pending
MI-3186,MC-813,Q-586,09/06/2026,2025-07-08,1943805,overdue
MI-3187,MC-122,Q-1182,05/10/2026,2027-03-03,"$487,491.00",overdue
MI-3188,MC-1227,Q-729,01/25/2024,11/18/2024,181670,pending
MI-3189,MC-398,Q-997,2025-11-04,2027-09-21,"$762,632.00",overdue
MI-3190,MC-539,Q-464,10/11/2024,2025-10-24,128290,PAID
MI-3191,MC-1044,Q-281,2026-06-09,2027-03-11,"$1,309,059.00",overdue
MI-3192,MC-980,Q-657,2024-04-24,10-01-2024,1317303,PAID
MI-3193,MC-1066,Q-886,2026-09-10,2026-07-16,381182,PAID
MI-3194,MC-1100,Q-47,2024-09-10,07/26/2024,1788268,pending
MI-3195,MC-720,Q-837,10-04-2024,04/21/2025,251897,pending
MI-3196,MC-1372,Q-166,04/18/2026,09/08/2025,1760148,OVERDUE
MI-3197,MC-115,Q-500,2024-04-01,04/16/2024,"$791,941.00",PAID
MI-3198,MC-875,Q-553,23-10-2024,2027-04-04,"$1,661,671.00",overdue
MI-3199,MC-301,Q-1403,26-11-2026,03/01/2024,"$190,544.00",pending
MI-3200,MC-967,Q-1132,07-10-2024,2027-10-22,"$1,399,047.00",overdue
MI-3201,MC-1024,Q-1263,2026-09-04,2025-11-16,"1 293 014,00",OVERDUE
MI-3202,MC-857,Q-1324,05-05-2026,2027-04-12,"$1,227,676.00",overdue
MI-3203,MC-1015,Q-765,2026-08-03,06/26/2026,"520 673,00",overdue
MI-3204,MC-320,Q-217,2024-10-19,07/16/2024,"$1,365,525.00",overdue
MI-3205,MC-445,Q-1490,2025-11-16,2025-12-10,"1 008 847,00",overdue
MI-3206,MC-1278,Q-377,26-01-2024,10/19/2026,"$670,913.00",paid
MI-3207,MC-294,Q-1280,2024-04-28,2025-11-14,1314959,overdue
MI-3208,MC-957,Q-1419,06/03/2025,2024-06-18,1 564 706,overdue
MI-3209,MC-1385,Q-9,10-02-2024,2027-05-05,466843,overdue
MI-3210,MC-857,Q-149,2025-09-10,2024-01-25,"$71,970.00",pending
MI-3211,MC-329,Q-436,04/01/2026,2027-11-23,476993,overdue
MI-3212,MC-920,Q-1435,05/15/2025,09/04/2025,"1 031 347,00",OVERDUE
MI-3213,MC-537,Q-1089,2025-03-10,2027-05-13,"$292,282.00",overdue
MI-3214,MC-113,Q-1304,2025-05-26,2026-11-01,241599,pending
MI-3215,MC-1049,Q-447,04/02/2025,09/03/2026,"$1,857,885.00",paid
MI-3216,MC-1108,Q-1173,2026-10-05,2025-06-22,1353709,PAID
MI-3217,MC-891,Q-1344,22-05-2024,04/08/2026,207 536,OVERDUE
MI-3218,MC-800,Q-262,2026-07-14,2026-02-16,76917,paid
MI-3219,MC-890,Q-482,12/20/2025,2024-12-25,1626095,PAID
MI-3220,MC-672,Q-801,15-11-2025,2027-06-06,"$267,112.00",overdue
MI-3221,MC-825,Q-1332,2026-12-19,19-09-2024,87723,paid
MI-3222,MC-651,Q-469,07/15/2026,2027-12-24,1112432,overdue
MI-3223,MC-569,Q-1087,2025-01-16,26-08-2024,621566,PAID
MI-3224,MC-1114,Q-1252,06/01/2026,2027-06-14,"$1,326,426.00",overdue
MI-3225,MC-558,Q-706,07/15/2025,2026-06-05,588449,PAID
MI-3226,MC-567,Q-635,2026-11-28,08/15/2025,536264,pending
MI-3227,MC-396,Q-335,2024-08-13,10/09/2025,"$880,108.00",paid
MI-3228,MC-805,Q-1425,2024-10-11,10/01/2025,"$664,089.00",PAID
MI-3229,MC-1076,Q-1155,2024-04-04,05-09-2026,337 407,overdue
MI-3230,MC-731,Q-824,2026-01-19,10/16/2026,637656,OVERDUE
MI-3231,MC-341,Q-1049,2025-01-01,2027-07-07,811817,overdue
MI-3232,MC-141,Q-85,2025-08-06,18-09-2026,"$1,947,108.00",OVERDUE
MI-3233,MC-1055,Q-720,12/15/2026,2027-01-25,1021200,overdue
MI-3234,MC-961,Q-743,12/21/2026,2024-05-28,1304124,PAID
MI-3235,MC-478,Q-418,04/05/2026,2027-07-15,"$829,454.00",overdue
MI-3236,MC-894,Q-122,2024-06-16,04/17/2024,988450,OVERDUE
MI-3237,MC-1237,Q-1350,2024-08-26,2024-07-14,"$1,263,064.00",pending
MI-3238,MC-551,Q-411,2024-03-14,07/11/2026,605541,pending
MI-3239,MC-431,Q-984,06-10-2026,2026-01-02,"209 305,00",OVERDUE
MI-3240,MC-1009,Q-148,02/27/2026,2025-10-25,"$1,036,616.00",pending
MI-3241,MC-717,Q-394,2024-09-16,2025-07-28,"1 632 016,00",OVERDUE
MI-3242,MC-638,Q-1020,18-11-2024,2027-08-08,"$1,975,649.00",overdue
MI-3243,MC-894,Q-508,03/23/2026,02-11-2024,933475,paid
MI-3244,MC-654,Q-823,10/28/2026,2027-02-26,1 056 273,overdue
MI-3245,MC-375,Q-912,2026-03-13,2024-02-22,1 387 049,overdue
MI-3246,MC-455,Q-1182,2024-03-16,2027-08-16,1186563,overdue
MI-3247,MC-659,Q-1209,09/11/2025,03/06/2026,119512,OVERDUE
MI-3248,MC-20,Q-1469,2024-04-23,06/28/2026,1513613,PAID
MI-3249,MC-936,Q-456,20-01-2024,10/26/2024,991977,paid
MI-3250,MC-7,Q-631,2025-10-15,04-10-2025,"$948,695.00",OVERDUE
MI-3251,MC-943,Q-1489,27-08-2025,2026-09-22,904 123,PAID
MI-3252,MC-671,Q-418,20-03-2024,10/23/2026,1732017,PAID
MI-3253,MC-1354,Q-557,14-09-2026,2027-09-09,304 971,overdue
MI-3254,MC-1188,Q-133,01/04/2026,2026-04-28,"1 393 449,00",paid
MI-3255,MC-719,Q-645,08/05/2026,2027-03-27,889595,overdue
MI-3256,MC-672,Q-1117,03-06-2024,2025-02-13,1762058,overdue
MI-3257,MC-1030,Q-887,06-03-2024,2027-09-17,189404,overdue
MI-3258,MC-282,Q-33,19-07-2026,01/20/2024,1 037 948,paid
MI-3259,MC-1085,Q-496,02/05/2024,2025-02-28,"$1,005,970.00",pending
MI-3260,MC-1004,Q-95,2025-05-08,2026-03-21,162434,PAID
MI-3261,MC-376,Q-150,07/14/2025,2026-05-27,"$1,959,245.00",OVERDUE
MI-3262,MC-856,Q-1085,2025-07-27,2025-06-09,"$869,933.00",OVERDUE
MI-3263,MC-1153,Q-1284,2026-02-06,10/11/2025,1290848,pending
MI-3264,MC-407,Q-1249,08/20/2026,2027-10-10,"$1,378,980.00",overdue
MI-3265,MC-1077,Q-622,2025-08-26,2025-09-01,1343327,pending
MI-3266,MC-1389,Q-43,2026-05-06,2027-04-28,379726,overdue
MI-3267,MC-905,Q-625,2026-01-18,04-02-2026,"$592,036.00",OVERDUE
MI-3268,MC-1360,Q-945,2026-02-02,2027-10-18,"$946,712.00",overdue
MI-3269,MC-732,Q-1429,2025-08-17,23-08-2026,1641031,OVERDUE
MI-3270,MC-305,Q-105,2024-05-15,04/17/2025,343952,OVERDUE
MI-3271,MC-944,Q-206,2025-11-07,05/03/2024,1225241,overdue
MI-3272,MC-934,Q-202,24-07-2026,10/20/2025,1530619,pending
MI-3273,MC-1398,Q-23,2025-10-03,05/26/2026,1380584,PAID
MI-3274,MC-1050,Q-902,2026-04-13,2025-03-27,"$1,882,100.00",pending
MI-3275,MC-808,Q-1326,09/06/2024,2027-11-11,"1 597 714,00",overdue
MI-3276,MC-937,Q-1317,08/02/2024,09/11/2026,101646,pending
MI-3277,MC-1146,Q-197,09/11/2026,2027-05-01,1609161,overdue
MI-3278,MC-1108,Q-1021,2024-02-05,2026-04-26,"$160,542.00",pending
MI-3279,MC-775,Q-925,2024-08-17,2027-11-19,"$608,340.00",overdue
MI-3280,MC-1250,Q-760,2024-08-15,09-04-2026,1 830 044,PAID
MI-3281,MC-569,Q-1412,2026-08-02,2024-10-09,550924,overdue
MI-3282,MC-1323,Q-1249,2025-06-23,15-10-2026,"$978,307.00",overdue
MI-3283,MC-548,Q-1315,2024-10-03,2026-11-13,1451206,PAID
MI-3284,MC-413,Q-1182,09-06-2024,08/20/2024,"$857,328.00",overdue
MI-3285,MC-12,Q-689,12-06-2025,10/18/2024,72867,PAID
MI-3286,MC-125,Q-26,2025-06-13,2027-12-12,"$394,733.00",overdue
MI-3287,MC-1043,Q-323,2025-04-04,2024-04-06,1699352,paid
MI-3288,MC-1345,Q-410,20-12-2026,2027-06-02,1263353,overdue
MI-3289,MC-1376,Q-689,13-08-2026,2024-11-20,"$452,396.00",OVERDUE
MI-3290,MC-415,Q-457,12-06-2025,2027-12-20,839007,overdue
MI-3291,MC-324,Q-465,10-01-2024,2025-01-16,860 626,pending
MI-3292,MC-391,Q-505,2024-03-22,02/19/2025,1575151,OVERDUE
MI-3293,MC-1062,Q-1490,06/22/2024,15-10-2024,690380,overdue
MI-3294,MC-1333,Q-423,07/26/2024,2026-10-08,"$1,073,910.00",OVERDUE
MI-3295,MC-1225,Q-1436,02/05/2025,12/26/2026,"$1,093,738.00",PAID
MI-3296,MC-637,Q-553,2026-02-02,2026-09-02,"$1,719,184.00",paid
MI-3297,MC-1195,Q-564,12/24/2025,2027-01-13,862 034,overdue
MI-3298,MC-1218,Q-614,2025-02-19,08/09/2026,"$1,969,499.00",PAID
MI-3299,MC-903,Q-1341,2026-11-16,2027-07-03,603 305,overdue
MI-3300,MC-1017,Q-285,2024-07-28,09/06/2026,618753,overdue
MI-3301,MC-1245,Q-797,06/23/2026,2027-01-21,"$1,656,244.00",overdue
MI-3302,MC-721,Q-437,13-10-2025,2026-11-28,1472354,pending
MI-3303,MC-869,Q-1269,2024-12-21,22-08-2026,1372303,OVERDUE
MI-3304,MC-1399,Q-753,12/25/2025,14-09-2026,37 201,overdue
MI-3305,MC-700,Q-894,07/07/2024,02/09/2025,1576758,OVERDUE
MI-3306,MC-1073,Q-633,2024-11-14,2025-03-05,"$121,692.00",PAID
MI-3307,MC-15,Q-392,2026-09-20,22-01-2025,"$557,482.00",PAID
MI-3308,MC-775,Q-1340,2024-06-10,2027-02-14,795486,overdue
MI-3309,MC-721,Q-355,06/24/2026,2026-05-06,"$854,338.00",paid
MI-3310,MC-737,Q-286,2024-06-02,2027-08-04,"$1,375,879.00",overdue
MI-3311,MC-1008,Q-394,2025-11-14,08-12-2026,"$1,750,618.00",PAID
MI-3312,MC-313,Q-170,2025-03-13,2027-02-22,581380,overdue
MI-3313,MC-480,Q-516,02/22/2024,2025-08-25,"$1,461,905.00",OVERDUE
MI-3314,MC-1303,Q-711,2024-04-16,2025-06-15,"$174,407.00",PAID
MI-3315,MC-545,Q-1286,2026-09-25,2025-07-18,321850,paid
MI-3316,MC-595,Q-979,2024-10-12,2026-10-21,"$1,207,446.00",paid
MI-3317,MC-312,Q-267,2025-10-14,2026-08-16,584704,paid
MI-3318,MC-877,Q-442,01-01-2025,04/06/2025,1 159 170,OVERDUE
MI-3319,MC-575,Q-279,12-12-2026,2027-03-15,93310,overdue
MI-3320,MC-701,Q-777,02-06-2026,05-09-2026,30 655,overdue
MI-3321,MC-773,Q-1221,16-12-2025,2027-09-05,"$1,936,295.00",overdue
MI-3322,MC-16,Q-328,02/15/2024,2024-03-19,48296,overdue
MI-3323,MC-704,Q-185,08/20/2026,2027-03-23,"$1,697,607.00",overdue
MI-3324,MC-729,Q-984,2025-08-09,2024-08-28,1719062,OVERDUE
MI-3325,MC-763,Q-1096,2025-01-10,2024-11-20,"$388,522.00",paid
MI-3326,MC-1129,Q-678,12/10/2026,04-10-2024,554 892,PAID
MI-3327,MC-493,Q-861,01/13/2024,2026-11-09,"$1,302,031.00",PAID
MI-3328,MC-601,Q-720,09/06/2025,2026-09-11,1 045 894,pending
MI-3329,MC-926,Q-965,2025-07-15,2025-10-23,1679485,PAID
MI-3330,MC-538,Q-198,2025-01-06,2027-04-16,"$627,666.00",overdue
MI-3331,MC-118,Q-300,04/28/2024,01/07/2024,1021987,overdue
MI-3332,MC-951,Q-127,02-12-2025,2027-10-06,720519,overdue
MI-3333,MC-678,Q-614,06-04-2024,10/10/2026,"$1,671,388.00",overdue
MI-3334,MC-742,Q-914,2026-05-19,2027-04-24,"$1,249,599.00",overdue
MI-3335,MC-681,Q-343,2024-10-15,2025-01-02,215465,overdue
MI-3336,MC-621,Q-428,03/02/2024,04/05/2025,"$603,212.00",overdue
MI-3337,MC-500,Q-422,16-04-2024,2025-06-24,1 466 055,paid
MI-3338,MC-549,Q-1023,2024-05-16,2024-04-01,1003182,pending
MI-3339,MC-590,Q-1272,05/07/2024,08/11/2025,"$897,289.00",PAID
MI-3340,MC-436,Q-309,2024-06-12,14-04-2025,"$851,515.00",overdue
MI-3341,MC-1236,Q-1280,11/20/2024,2027-05-17,"1 613 638,00",overdue
MI-3342,MC-1269,Q-106,2026-04-12,06-04-2026,"$1,189,934.00",overdue
MI-3343,MC-1092,Q-104,05/22/2024,2027-11-07,33 621,overdue
MI-3344,MC-22,Q-27,2024-03-02,17-06-2026,1654938,overdue
MI-3345,MC-605,Q-482,24-01-2026,2027-05-25,"645 785,00",overdue
MI-3346,MC-435,Q-1471,2026-08-05,06-02-2024,1199508,pending
MI-3347,MC-1360,Q-146,2026-04-10,06/03/2025,"463 447,00",pending
MI-3348,MC-553,Q-61,2025-10-26,06/25/2025,"$1,255,164.00",OVERDUE
MI-3349,MC-832,Q-362,2024-07-12,02/13/2026,1 617 506,overdue
MI-3350,MC-1206,Q-1408,2026-10-01,2026-11-03,"$487,705.00",PAID
MI-3351,MC-9,Q-273,08/25/2024,2024-10-18,"$178,089.00",PAID
MI-3352,MC-580,Q-554,01/10/2024,2027-06-18,"$1,419,950.00",overdue
MI-3353,MC-1011,Q-235,2024-03-24,26-11-2025,"$925,535.00",OVERDUE
MI-3354,MC-1181,Q-878,2026-07-25,2027-12-08,751900,overdue
MI-3355,MC-4,Q-1013,2026-09-25,2025-06-03,228609,paid
MI-3356,MC-667,Q-466,2026-01-01,2027-06-26,1 282 183,overdue
MI-3357,MC-1246,Q-1006,01-10-2025,2026-11-27,"$1,530,589.00",overdue
MI-3358,MC-404,Q-315,2025-11-27,01/27/2025,650935,pending
MI-3359,MC-1112,Q-1397,2024-03-03,26-11-2024,1458517,overdue
MI-3360,MC-1395,Q-396,2024-09-13,07/05/2026,851340,overdue
MI-3361,MC-428,Q-527,22-10-2026,2025-01-18,"$215,542.00",OVERDUE
MI-3362,MC-339,Q-553,2024-02-16,2024-12-22,"$1,420,622.00",PAID
MI-3363,MC-506,Q-1135,07/21/2024,2027-07-19,1 213 189,overdue
MI-3364,MC-1294,Q-308,11/25/2025,2026-10-22,857639,pending
MI-3365,MC-1167,Q-569,2026-10-23,2027-01-09,"1 772 936,00",overdue
MI-3366,MC-607,Q-1280,08-09-2024,2024-08-20,"$97,625.00",paid
MI-3367,MC-940,Q-820,09/21/2024,2027-07-27,"$384,018.00",overdue
MI-3368,MC-790,Q-700,2024-10-06,2026-01-17,"$1,649,772.00",OVERDUE
MI-3369,MC-316,Q-16,2025-01-27,06/20/2026,608739,overdue
MI-3370,MC-484,Q-1356,2024-07-06,2026-02-21,994695,overdue
MI-3371,MC-574,Q-808,07/06/2026,2026-12-23,467430,PAID
MI-3372,MC-1356,Q-1314,06/20/2026,2026-02-19,568972,pending
MI-3373,MC-533,Q-963,09/22/2026,2025-04-13,672159,pending
MI-3374,MC-620,Q-1252,07/11/2025,2027-08-20,"809 328,00",overdue
MI-3375,MC-426,Q-1424,2025-02-06,2025-06-05,"$1,936,426.00",PAID
MI-3376,MC-743,Q-469,2026-07-08,2027-02-10,1919318,overdue
MI-3377,MC-347,Q-477,2024-12-09,2025-11-12,1028039,overdue
MI-3378,MC-667,Q-691,10/02/2025,2027-08-28,180 775,overdue
MI-3379,MC-623,Q-1450,2024-07-21,08/20/2026,1189099,paid
MI-3380,MC-466,Q-603,2024-07-15,2025-01-28,"1 133 765,00",PAID
MI-3381,MC-1303,Q-1328,05/19/2024,2025-04-03,943029,overdue
MI-3382,MC-1144,Q-1373,25-05-2025,2024-08-11,1153053,pending
MI-3383,MC-500,Q-678,11/13/2025,11/06/2024,759464,OVERDUE
MI-3384,MC-450,Q-902,2025-08-01,16-06-2024,1331308,OVERDUE
MI-3385,MC-1366,Q-1168,11/26/2025,2027-09-21,"$1,828,059.00",overdue
MI-3386,MC-1187,Q-544,2025-05-01,11/15/2026,"924 773,00",paid
MI-3387,MC-654,Q-885,2025-06-07,2027-03-11,1206307,overdue
MI-3388,MC-967,Q-975,2026-07-10,24-12-2026,"$59,295.00",PAID
MI-3389,MC-1028,Q-201,06/10/2026,2027-09-01,963849,overdue
MI-3390,MC-1068,Q-1057,2025-11-14,2025-09-05,"$1,904,157.00",PAID
MI-3391,MC-727,Q-1126,24-11-2024,2026-03-04,261785,paid
MI-3392,MC-708,Q-643,12/23/2025,2026-02-01,33482,PAID
MI-3393,MC-1026,Q-577,23-11-2026,2024-02-14,"$1,380,138.00",overdue
MI-3394,MC-1015,Q-257,2024-10-23,10/02/2024,"927 782,00",paid
MI-3395,MC-976,Q-1085,20-09-2025,08/26/2026,"1 501 796,00",OVERDUE
MI-3396,MC-760,Q-844,2026-07-28,2027-10-22,957812,overdue
MI-3397,MC-662,Q-617,2025-06-05,2026-06-28,891409,OVERDUE
MI-3398,MC-1374,Q-886,20-10-2024,2027-04-12,297393,overdue
MI-3399,MC-328,Q-465,2026-06-27,2026-05-26,"$576,391.00",overdue
MI-3400,MC-1275,Q-30,07-11-2024,2027-10-02,1848282,overdue
MI-3401,MC-25,Q-1390,01/21/2026,2026-02-01,1638128,paid
MI-3402,MC-532,Q-1141,2024-11-22,10/21/2026,1090778,pending
MI-3403,MC-784,Q-946,2024-06-15,2026-11-15,"$1,641,256.00",PAID
MI-3404,MC-456,Q-123,02/03/2026,2024-02-24,760470,paid
MI-3405,MC-751,Q-404,05/16/2026,2025-12-08,"1 400 045,00",pending
MI-3406,MC-878,Q-889,2025-11-25,2026-06-12,994961,pending
MI-3407,MC-1255,Q-344,06-07-2025,2027-11-23,"1 407 621,00",overdue
MI-3408,MC-372,Q-512,21-07-2026,25-12-2025,593210,paid
MI-3409,MC-1329,Q-1102,2026-12-01,2027-05-13,653709,overdue
MI-3410,MC-377,Q-1348,2024-05-20,03/19/2026,1318002,PAID
MI-3411,MC-374,Q-354,06/19/2025,2027-11-03,"$11,649.00",overdue
MI-3412,MC-389,Q-461,10/05/2024,07-09-2025,634806,PAID
MI-3413,MC-934,Q-616,2024-03-14,2026-06-14,"1 033 104,00",overdue
MI-3414,MC-1375,Q-492,2024-03-28,2024-04-28,146439,OVERDUE
MI-3415,MC-1260,Q-706,07/28/2026,11-05-2026,"$1,165,107.00",PAID
MI-3416,MC-1258,Q-83,05/09/2025,2026-09-25,"$1,712,417.00",paid
MI-3417,MC-1035,Q-1135,2024-05-10,03/13/2024,"$1,767,361.00",overdue
MI-3418,MC-39,Q-1062,02/20/2026,2027-12-24,"$1,982,731.00",overdue
MI-3419,MC-1116,Q-120,2026-09-20,04/05/2026,54881,pending
MI-3420,MC-927,Q-436,2024-01-21,2027-06-14,"$233,386.00",overdue
MI-3421,MC-310,Q-150,10/15/2026,2024-12-23,"$1,162,850.00",pending
MI-3422,MC-911,Q-1365,10/14/2024,2027-12-04,1620326,overdue
MI-3423,MC-689,Q-1355,2025-12-01,14-05-2024,"1 470 138,00",paid
MI-3424,MC-907,Q-1044,2025-08-08,11/06/2026,1 276 748,paid
MI-3425,MC-1336,Q-43,04/03/2025,2024-10-20,"$1,434,456.00",paid
MI-3426,MC-1242,Q-446,03/09/2025,2024-06-23,384023,pending
MI-3427,MC-11,Q-912,11/04/2025,09/14/2025,1485969,overdue
MI-3428,MC-600,Q-440,16-10-2024,2026-12-22,"$440,600.00",PAID
MI-3429,MC-995,Q-1205,24-05-2026,2027-01-25,"$861,161.00",overdue
MI-3430,MC-1092,Q-182,25-05-2026,2026-07-18,1176187,pending
MI-3431,MC-977,Q-399,2024-11-04,2027-07-15,"$1,487,658.00",overdue
MI-3432,MC-1284,Q-466,04/12/2024,04/27/2024,1443616,paid
MI-3433,MC-1027,Q-643,2025-04-13,2027-01-05,"$1,735,915.00",overdue
MI-3434,MC-701,Q-226,2024-02-25,10-02-2025,715426,pending
MI-3435,MC-599,Q-354,13-06-2024,10/24/2024,1237157,paid
MI-3436,MC-1314,Q-667,05/01/2024,2024-04-24,"$1,163,011.00",OVERDUE
MI-3437,MC-524,Q-1433,2025-04-05,06/24/2024,530800,PAID
MI-3438,MC-1191,Q-232,2026-05-06,2026-07-18,1458496,OVERDUE
MI-3439,MC-855,Q-67,2025-11-04,11-12-2024,"$1,632,286.00",OVERDUE
MI-3440,MC-29,Q-838,2025-05-05,2027-02-26,"1 982 370,00",overdue
MI-3441,MC-309,Q-104,2024-02-08,06-02-2026,"1 891 268,00",pending
MI-3442,MC-1239,Q-223,2024-03-22,2027-08-16,"277 896,00",overdue
MI-3443,MC-123,Q-1408,11/18/2024,2026-11-20,486430,pending
MI-3444,MC-8,Q-468,2024-12-27,2027-02-06,529529,overdue
MI-3445,MC-1301,Q-600,04/06/2026,2026-12-15,186161,PAID
MI-3446,MC-433,Q-1117,12/03/2024,18-04-2025,1857289,PAID
MI-3447,MC-36,Q-1490,27-06-2025,2024-12-06,644445,pending
MI-3448,MC-828,Q-411,2026-05-16,2025-10-27,1333173,paid
MI-3449,MC-1366,Q-918,2026-04-18,2024-06-05,"1 251 951,00",OVERDUE
MI-3450,MC-805,Q-116,2026-06-06,2024-10-19,396 179,PAID
MI-3451,MC-1232,Q-1054,2026-11-16,2027-03-27,"$1,799,647.00",overdue
MI-3452,MC-461,Q-366,08/08/2024,10/02/2025,"$1,450,492.00",OVERDUE
MI-3453,MC-968,Q-541,2024-11-11,2027-09-17,"$616,225.00",overdue
MI-3454,MC-415,Q-1264,2025-10-20,2026-06-01,"$1,923,001.00",paid
MI-3455,MC-1186,Q-517,2025-03-05,2027-03-07,"$1,463,301.00",overdue
MI-3456,MC-641,Q-366,2025-10-24,25-11-2026,"1 562 666,00",pending
MI-3457,MC-609,Q-532,2025-06-24,04/16/2024,1202910,paid
MI-3458,MC-449,Q-176,2025-07-10,04/12/2025,1893791,PAID
MI-3459,MC-1250,Q-1444,2025-06-02,2025-12-10,"$929,572.00",OVERDUE
MI-3460,MC-471,Q-1061,03-01-2025,23-08-2026,1036845,paid
MI-3461,MC-1150,Q-1409,2024-09-08,04/02/2026,1128304,paid
MI-3462,MC-1131,Q-639,13-10-2026,2027-04-28,821351,overdue
MI-3463,MC-1362,Q-370,2025-02-08,05-03-2024,1464222,overdue
MI-3464,MC-956,Q-1173,2024-04-14,2027-10-18,"$646,331.00",overdue
MI-3465,MC-1280,Q-264,2024-12-07,2026-06-15,1353035,overdue
MI-3466,MC-473,Q-285,2026-03-09,2027-04-08,"$1,459,644.00",overdue
MI-3467,MC-1188,Q-412,08-12-2024,01/25/2026,1285066,overdue
MI-3468,MC-584,Q-1038,07/14/2025,09/11/2024,162413,pending
MI-3469,MC-29,Q-90,09/11/2024,2026-02-04,564505,OVERDUE
MI-3470,MC-21,Q-207,2026-03-05,2025-12-11,743220,PAID
MI-3471,MC-646,Q-1246,2024-05-25,2024-07-16,83802,OVERDUE
MI-3472,MC-410,Q-1391,03-06-2026,08/15/2026,1076410,OVERDUE
MI-3473,MC-309,Q-1352,2024-07-06,2027-05-01,659 240,overdue
MI-3474,MC-1130,Q-342,10/21/2025,12/25/2026,737795,paid
MI-3475,MC-934,Q-80,2025-02-07,2027-11-19,1117345,overdue
MI-3476,MC-897,Q-1208,2024-03-10,2025-06-20,1205290,overdue
MI-3477,MC-465,Q-657,2025-05-07,2027-05-09,535968,overdue
MI-3478,MC-745,Q-1149,20-03-2024,2026-11-05,"$1,497,695.00",overdue
MI-3479,MC-662,Q-387,05/25/2026,06/28/2026,"$104,870.00",overdue
MI-3480,MC-630,Q-1453,03/13/2024,20-06-2026,157382,pending
MI-3481,MC-21,Q-1215,10-06-2025,04/27/2024,1548938,overdue
MI-3482,MC-114,Q-323,2025-09-23,17-04-2024,"$594,122.00",pending
MI-3483,MC-671,Q-859,11/18/2026,08/16/2026,"$1,787,862.00",OVERDUE
MI-3484,MC-1232,Q-1056,07/14/2025,2027-06-02,"$472,972.00",overdue
MI-3485,MC-20,Q-200,11/04/2026,2024-03-20,"1 502 318,00",overdue
MI-3486,MC-780,Q-106,2026-01-09,2027-12-20,"32 558,00",overdue
MI-3487,MC-833,Q-1480,02/08/2025,09/15/2026,1430358,pending
MI-3488,MC-34,Q-274,2026-09-06,2027-06-10,1309687,overdue
MI-3489,MC-1151,Q-619,12/21/2024,23-12-2025,1405695,paid
MI-3490,MC-657,Q-472,2025-03-23,2024-07-26,823326,overdue
MI-3491,MC-1018,Q-144,02/25/2024,06/26/2024,1 477 784,pending
MI-3492,MC-734,Q-1076,08/21/2026,02/05/2025,1730142,OVERDUE
MI-3493,MC-1008,Q-118,06/28/2026,2026-03-23,"$526,138.00",PAID
MI-3494,MC-1158,Q-686,2026-05-17,2024-12-05,"1 661 571,00",pending
MI-3495,MC-8,Q-1215,08/08/2026,2027-07-03,"$14,559.00",overdue
MI-3496,MC-762,Q-41,2024-09-03,11/10/2026,1149741,OVERDUE
MI-3497,MC-600,Q-1185,2024-06-04,2027-01-21,945306,overdue
MI-3498,MC-934,Q-734,2025-08-22,2024-07-23,1552360,paid
MI-3499,MC-805,Q-1468,06/11/2024,2027-07-11,"1 361 593,00",overdue
MI-3500,MC-537,Q-1042,2025-10-08,2025-12-25,"1 157 390,00",OVERDUE
