order_id,product_id,work_center_id,planned_qty,status,due_date
MO-1,M-1078,WC-12,2517,RELEASED,2025-10-27
MO-2,M-1190,WC-6,76,COMPLETED,09/25/2025
MO-3,M-1256,WC-4,467,released,07/06/2026
MO-4,M-1003,WC-12,3731,completed,2025-06-06
MO-5,M-1203,WC-12,1058,released,06/10/2026
MO-6,M-1087,WC-13,100,released,05/28/2024
MO-7,M-1082,WC-10,1927,OPEN,2026-02-13
MO-8,M-1103,WC-1,457,COMPLETED,03/23/2024
MO-9,M-1206,WC-13,842,OPEN,2024-01-17
MO-10,M-1151,WC-15,885,open,02/12/2025
MO-11,M-1225,WC-4,4652,OPEN,2024-10-20
MO-12,M-1026,WC-7,357,released,06-12-2026
MO-13,M-1246,WC-2,2824,OPEN,10/24/2024
MO-14,M-1054,WC-6,4878,OPEN,2024-01-13
MO-15,M-1088,WC-5,3501,OPEN,2024-10-24
MO-16,M-1143,WC-11,4287,released,2024-05-04
MO-17,M-1235,WC-6,3026,COMPLETED,2025-09-12
MO-18,M-1063,WC-8,3675,completed,17-04-2024
MO-19,M-1198,WC-10,167,RELEASED,17-07-2025
MO-20,M-1083,WC-2,350,open,03/24/2026
MO-21,M-1055,WC-15,3479,OPEN,08/04/2024
MO-22,M-1160,WC-8,1286,completed,2026-10-11
MO-23,M-1005,WC-6,2990,OPEN,2025-02-23
MO-24,M-1113,WC-15,702,open,18-11-2026
MO-25,M-1164,WC-11,2507,released,2026-09-16
MO-26,M-1247,WC-7,1304,completed,23-08-2025
MO-27,M-1193,WC-14,494,open,2024-05-19
MO-28,M-1237,WC-7,2944,completed,04/07/2025
MO-29,M-1278,WC-3,4211,RELEASED,01/20/2024
MO-30,M-1107,WC-10,1255,open,2025-11-11
MO-31,M-1250,WC-8,1966,COMPLETED,2024-12-15
MO-32,M-1006,WC-5,3634,released,04-03-2024
MO-33,M-1250,WC-9,3255,OPEN,02/05/2025
MO-34,M-1179,WC-1,4130,completed,2024-06-28
MO-35,M-1124,WC-14,4038,completed,2025-10-11
MO-36,M-1042,WC-6,4988,completed,09-05-2026
MO-37,M-1277,WC-6,3764,released,17-12-2024
MO-38,M-1274,WC-13,1958,released,10/20/2025
MO-39,M-1096,WC-13,1464,completed,2024-02-20
MO-40,M-1034,WC-4,1643,released,2024-12-10
MO-41,M-1120,WC-3,3520,COMPLETED,2026-05-08
MO-42,M-1299,WC-12,3348,completed,2024-12-18
MO-43,M-1262,WC-8,612,open,04-07-2025
MO-44,M-1111,WC-7,1412,completed,2026-12-10
MO-45,M-1134,WC-1,2270,completed,06-03-2025
MO-46,M-1102,WC-3,586,OPEN,2024-01-04
MO-47,M-1179,WC-10,1858,OPEN,09/13/2024
MO-48,M-1013,WC-5,1508,OPEN,02/26/2026
MO-49,M-1018,WC-7,4105,open,2024-04-17
MO-50,M-1067,WC-7,3316,open,05/28/2025
MO-51,M-1075,WC-12,2156,COMPLETED,07/15/2025
MO-52,M-1107,WC-2,1928,completed,2025-01-15
MO-53,M-1194,WC-1,4911,released,2025-08-14
MO-54,M-1138,WC-4,4060,OPEN,2026-10-13
MO-55,M-1211,WC-4,3586,OPEN,2026-03-12
MO-56,M-1233,WC-4,4109,COMPLETED,2026-01-02
MO-57,M-1137,WC-10,1337,COMPLETED,2026-07-04
MO-58,M-1001,WC-5,4529,OPEN,2026-02-25
MO-59,M-1236,WC-4,727,RELEASED,08-10-2025
MO-60,M-1133,WC-15,3440,OPEN,2026-11-25
MO-61,M-1150,WC-11,3344,RELEASED,01/03/2025
MO-62,M-1272,WC-13,1776,OPEN,02/01/2024
MO-63,M-1040,WC-4,4510,released,2025-10-12
MO-64,M-1042,WC-13,233,released,2025-12-20
MO-65,M-1261,WC-2,4653,OPEN,2025-08-27
MO-66,M-1039,WC-10,409,OPEN,2026-11-25
MO-67,M-1215,WC-12,1120,open,2025-08-22
MO-68,M-1159,WC-5,4030,RELEASED,14-02-2024
MO-69,M-1000,WC-11,3438,completed,2024-09-20
MO-70,M-1133,WC-6,4105,released,2025-08-20
MO-71,M-1115,WC-9,428,open,2026-10-17
MO-72,M-1019,WC-10,4920,OPEN,09/24/2025
MO-73,M-1085,WC-7,3934,OPEN,2026-10-24
MO-74,M-1173,WC-13,3427,COMPLETED,2025-07-16
MO-75,M-1127,WC-5,478,RELEASED,17-02-2024
MO-76,M-1259,WC-10,1212,RELEASED,2024-01-26
MO-77,M-1277,WC-11,1557,COMPLETED,2025-11-24
MO-78,M-1133,WC-8,491,COMPLETED,10/10/2025
MO-79,M-1018,WC-8,1363,completed,2026-03-01
MO-80,M-1069,WC-15,4568,released,2025-08-15
MO-81,M-1098,WC-11,1387,completed,2026-09-27
MO-82,M-1226,WC-1,1039,OPEN,2025-05-12
MO-83,M-1183,WC-15,1569,COMPLETED,07/19/2024
MO-84,M-1219,WC-10,3586,OPEN,07-02-2024
MO-85,M-1165,WC-5,4418,completed,05/28/2025
MO-86,M-1205,WC-11,294,released,2024-01-15
MO-87,M-1070,WC-13,359,completed,02/26/2026
MO-88,M-1274,WC-15,3792,released,2025-07-11
MO-89,M-1155,WC-14,3050,open,04/19/2024
MO-90,M-1139,WC-3,1648,COMPLETED,2026-06-26
MO-91,M-1289,WC-3,1754,completed,2026-05-12
MO-92,M-1076,WC-5,4131,RELEASED,09/12/2024
MO-93,M-1128,WC-9,2412,completed,12/18/2025
MO-94,M-1249,WC-11,112,completed,04-10-2025
MO-95,M-1267,WC-14,4691,RELEASED,07/17/2025
MO-96,M-1130,WC-1,2473,completed,03/05/2024
MO-97,M-1226,WC-5,4314,COMPLETED,2026-02-28
MO-98,M-1114,WC-13,2106,OPEN,2024-09-21
MO-99,M-1238,WC-2,2667,COMPLETED,11/04/2024
MO-100,M-1237,WC-1,1115,open,2024-04-04
MO-101,M-1185,WC-12,3170,released,10/03/2026
MO-102,M-1093,WC-3,3653,open,2026-07-16
MO-103,M-1079,WC-3,753,completed,09/01/2025
MO-104,M-1216,WC-12,4137,open,14-01-2025
MO-105,M-1034,WC-9,2949,RELEASED,11/05/2025
MO-106,M-1290,WC-14,497,open,03/04/2025
MO-107,M-1023,WC-1,2269,COMPLETED,05/17/2026
MO-108,M-1087,WC-1,2410,open,2025-04-01
MO-109,M-1145,WC-7,4141,OPEN,2025-12-20
MO-110,M-1116,WC-9,4536,open,12/08/2025
MO-111,M-1233,WC-11,4139,RELEASED,2026-02-10
MO-112,M-1018,WC-4,1748,COMPLETED,2024-10-18
MO-113,M-1110,WC-5,3938,released,12/25/2026
MO-114,M-1164,WC-8,4693,OPEN,2025-01-26
MO-115,M-1204,WC-5,4144,OPEN,05-04-2025
MO-116,M-1060,WC-1,3793,released,05-03-2025
MO-117,M-1282,WC-15,417,COMPLETED,2024-03-18
MO-118,M-1050,WC-7,995,open,2024-04-20
MO-119,M-1195,WC-11,568,RELEASED,04/20/2026
MO-120,M-1100,WC-7,2980,released,2025-12-03
MO-121,M-1206,WC-6,1663,COMPLETED,2024-06-01
MO-122,M-1002,WC-12,3373,OPEN,2024-09-17
MO-123,M-1094,WC-12,969,RELEASED,2026-05-26
MO-124,M-1200,WC-7,4205,released,08/22/2024
MO-125,M-1206,WC-14,2033,open,08/10/2026
MO-126,M-1156,WC-13,593,released,2025-11-04
MO-127,M-1297,WC-9,3220,released,2025-01-19
MO-128,M-1112,WC-10,1958,released,2024-04-26
MO-129,M-1208,WC-15,3556,COMPLETED,2024-03-03
MO-130,M-1052,WC-10,1972,completed,2024-12-14
MO-131,M-1002,WC-15,922,open,11/22/2026
MO-132,M-1051,WC-8,1672,released,14-11-2024
MO-133,M-1198,WC-5,505,OPEN,2025-10-18
MO-134,M-1287,WC-1,3963,completed,2025-12-06
MO-135,M-1193,WC-8,1625,RELEASED,04-01-2024
MO-136,M-1297,WC-7,4301,RELEASED,2024-09-01
MO-137,M-1250,WC-5,1981,OPEN,2025-06-15
MO-138,M-1013,WC-9,2276,released,2024-04-13
MO-139,M-1126,WC-6,1970,open,11-10-2024
MO-140,M-1293,WC-5,1115,open,08/06/2025
MO-141,M-1162,WC-2,3486,RELEASED,2025-11-03
MO-142,M-1136,WC-12,2390,completed,12/15/2024
MO-143,M-1123,WC-3,2625,completed,10/20/2025
MO-144,M-1207,WC-9,1339,open,2025-04-04
MO-145,M-1221,WC-5,3268,RELEASED,2024-04-27
MO-146,M-1103,WC-5,4253,open,20-01-2026
MO-147,M-1173,WC-12,514,RELEASED,11/05/2025
MO-148,M-1216,WC-4,3966,released,2026-11-24
MO-149,M-1210,WC-13,3593,released,15-10-2026
MO-150,M-1245,WC-15,1273,COMPLETED,18-02-2026
MO-151,M-1009,WC-1,1443,RELEASED,2026-12-14
MO-152,M-1245,WC-4,1335,RELEASED,2024-02-01
MO-153,M-1130,WC-3,2419,OPEN,2026-03-08
MO-154,M-1206,WC-15,4380,OPEN,24-10-2024
MO-155,M-1298,WC-13,864,completed,27-02-2024
MO-156,M-1091,WC-11,3637,released,08/25/2024
MO-157,M-1151,WC-2,3029,OPEN,2026-01-22
MO-158,M-1161,WC-13,961,completed,10/24/2024
MO-159,M-1225,WC-9,146,COMPLETED,26-11-2025
MO-160,M-1283,WC-13,1245,OPEN,2024-10-20
MO-161,M-1213,WC-14,2890,open,2025-02-25
MO-162,M-1077,WC-2,2405,open,08/19/2025
MO-163,M-1104,WC-15,3709,open,2025-12-21
MO-164,M-1081,WC-6,1562,OPEN,05/28/2025
MO-165,M-1078,WC-14,657,completed,06/19/2026
MO-166,M-1076,WC-6,4634,open,2024-06-13
MO-167,M-1246,WC-12,4200,open,11/25/2024
MO-168,M-1047,WC-15,1296,RELEASED,11/22/2024
MO-169,M-1257,WC-5,2002,OPEN,04/12/2024
MO-170,M-1100,WC-1,79,RELEASED,08/25/2025
MO-171,M-1020,WC-5,3089,COMPLETED,2026-08-17
MO-172,M-1126,WC-15,1440,released,06/22/2024
MO-173,M-1064,WC-5,2627,OPEN,06/24/2026
MO-174,M-1297,WC-10,2746,COMPLETED,2024-03-16
MO-175,M-1100,WC-13,512,COMPLETED,2026-08-15
MO-176,M-1043,WC-7,2554,open,12-08-2025
MO-177,M-1146,WC-13,1693,OPEN,2026-12-12
MO-178,M-1048,WC-4,426,OPEN,07/15/2025
MO-179,M-1047,WC-10,3562,RELEASED,10/10/2025
MO-180,M-1023,WC-8,2891,open,2025-07-09
MO-181,M-1276,WC-4,881,COMPLETED,20-02-2026
MO-182,M-1120,WC-3,76,COMPLETED,2026-12-12
MO-183,M-1016,WC-12,1851,released,09-01-2024
MO-184,M-1113,WC-3,1767,completed,06/19/2025
MO-185,M-1016,WC-1,4585,RELEASED,2026-11-08
MO-186,M-1290,WC-15,3654,open,2025-12-22
MO-187,M-1281,WC-5,3679,open,22-08-2024
MO-188,M-1184,WC-5,4310,COMPLETED,05/25/2025
MO-189,M-1297,WC-15,1195,released,01/20/2024
MO-190,M-1222,WC-5,1877,RELEASED,13-09-2026
MO-191,M-1158,WC-1,3557,open,08/20/2026
MO-192,M-1041,WC-13,3096,completed,2025-06-25
MO-193,M-1275,WC-1,4586,OPEN,11/14/2026
MO-194,M-1215,WC-1,3486,RELEASED,03/22/2024
MO-195,M-1275,WC-15,4159,RELEASED,2025-12-05
MO-196,M-1073,WC-9,1818,completed,2025-09-20
MO-197,M-1060,WC-11,3126,COMPLETED,10/13/2025
MO-198,M-1127,WC-1,2152,completed,04/25/2026
MO-199,M-1201,WC-14,1552,released,08/05/2025
MO-200,M-1160,WC-12,4567,OPEN,2024-10-24
MO-201,M-1129,WC-15,1640,open,2025-07-02
MO-202,M-1245,WC-14,3723,COMPLETED,2024-09-03
MO-203,M-1244,WC-3,947,completed,2025-01-26
MO-204,M-1173,WC-3,749,OPEN,2024-11-10
MO-205,M-1132,WC-10,144,open,01/19/2026
MO-206,M-1017,WC-12,1921,OPEN,26-02-2025
MO-207,M-1109,WC-6,2907,released,2025-08-07
MO-208,M-1116,WC-7,403,completed,2026-07-02
MO-209,M-1149,WC-4,2708,COMPLETED,2026-05-19
MO-210,M-1060,WC-13,1524,RELEASED,2024-09-08
MO-211,M-1031,WC-3,4435,released,28-03-2026
MO-212,M-1264,WC-15,1825,open,2024-10-20
MO-213,M-1246,WC-15,3152,COMPLETED,2024-08-05
MO-214,M-1298,WC-5,2694,open,05-12-2025
MO-215,M-1126,WC-2,4485,COMPLETED,14-11-2024
MO-216,M-1274,WC-15,3515,completed,24-11-2025
MO-217,M-1159,WC-11,4651,RELEASED,14-03-2026
MO-218,M-1267,WC-6,4916,OPEN,2025-03-20
MO-219,M-1278,WC-5,3969,OPEN,2026-08-17
MO-220,M-1094,WC-9,3830,OPEN,2025-08-28
MO-221,M-1273,WC-12,1004,open,2025-10-12
MO-222,M-1252,WC-3,255,released,2024-03-17
MO-223,M-1097,WC-4,2163,COMPLETED,2025-07-22
MO-224,M-1153,WC-2,1141,COMPLETED,01/03/2024
MO-225,M-1294,WC-12,715,COMPLETED,16-10-2026
MO-226,M-1281,WC-14,3123,RELEASED,07/20/2025
MO-227,M-1241,WC-4,3216,completed,2026-06-28
MO-228,M-1054,WC-9,3449,RELEASED,05/27/2024
MO-229,M-1073,WC-15,1620,open,2024-09-02
MO-230,M-1237,WC-15,2260,open,01/08/2026
MO-231,M-1090,WC-10,2889,completed,06-02-2024
MO-232,M-1049,WC-4,185,completed,11/10/2025
MO-233,M-1060,WC-12,2415,released,15-06-2024
MO-234,M-1228,WC-8,3645,completed,12/23/2026
MO-235,M-1256,WC-12,582,RELEASED,09/25/2026
MO-236,M-1232,WC-3,918,completed,05-07-2025
MO-237,M-1273,WC-13,1879,completed,2026-02-17
MO-238,M-1229,WC-4,375,COMPLETED,2024-08-27
MO-239,M-1208,WC-2,881,completed,10/03/2024
MO-240,M-1030,WC-10,297,completed,2024-05-23
MO-241,M-1083,WC-5,547,completed,04/03/2025
MO-242,M-1246,WC-12,2537,RELEASED,01/08/2025
MO-243,M-1094,WC-7,3351,OPEN,2024-05-27
MO-244,M-1041,WC-9,2341,released,2026-09-08
MO-245,M-1228,WC-2,4240,completed,03/15/2026
MO-246,M-1222,WC-9,2220,OPEN,10/10/2026
MO-247,M-1069,WC-10,2348,COMPLETED,2025-02-13
MO-248,M-1085,WC-8,2020,COMPLETED,24-10-2024
MO-249,M-1293,WC-1,66,OPEN,19-05-2024
MO-250,M-1055,WC-8,2835,released,09/13/2026
MO-251,M-1099,WC-8,4724,open,2026-05-25
MO-252,M-1137,WC-10,430,released,2024-01-26
MO-253,M-1249,WC-13,3624,RELEASED,2025-09-20
MO-254,M-1060,WC-1,517,completed,2025-07-08
MO-255,M-1090,WC-10,3292,released,08/01/2025
MO-256,M-1222,WC-15,3555,OPEN,2024-12-08
MO-257,M-1156,WC-11,4077,COMPLETED,11/02/2026
MO-258,M-1173,WC-6,1698,COMPLETED,11-08-2025
MO-259,M-1283,WC-8,2395,RELEASED,2025-01-10
MO-260,M-1021,WC-1,3717,open,2024-03-11
MO-261,M-1253,WC-7,681,open,12/17/2025
MO-262,M-1233,WC-3,4278,completed,03/08/2025
MO-263,M-1242,WC-9,3871,OPEN,01-01-2024
MO-264,M-1170,WC-6,111,OPEN,2025-05-08
MO-265,M-1259,WC-14,4787,completed,2024-02-28
MO-266,M-1276,WC-9,470,open,2026-11-07
MO-267,M-1147,WC-11,1220,released,2024-04-14
MO-268,M-1279,WC-11,3722,completed,06/26/2025
MO-269,M-1236,WC-9,2861,OPEN,2024-08-13
MO-270,M-1138,WC-12,1571,open,03/16/2026
MO-271,M-1163,WC-14,4531,completed,2025-03-09
MO-272,M-1199,WC-11,3550,released,2024-06-16
MO-273,M-1115,WC-3,4993,OPEN,05/13/2024
MO-274,M-1232,WC-10,1141,OPEN,2025-07-23
MO-275,M-1257,WC-13,245,OPEN,2024-10-23
MO-276,M-1101,WC-3,4627,open,2026-07-02
MO-277,M-1141,WC-4,643,COMPLETED,2024-04-28
MO-278,M-1283,WC-14,4246,completed,2025-11-23
MO-279,M-1292,WC-15,4498,COMPLETED,16-10-2026
MO-280,M-1162,WC-12,1922,completed,2024-06-11
MO-281,M-1060,WC-13,4368,completed,12/09/2026
MO-282,M-1048,WC-5,2448,COMPLETED,10/25/2026
MO-283,M-1031,WC-9,3854,released,2024-03-01
MO-284,M-1130,WC-2,2234,completed,22-10-2024
MO-285,M-1026,WC-7,4795,RELEASED,2026-02-01
MO-286,M-1280,WC-8,1448,completed,10/24/2025
MO-287,M-1293,WC-10,1708,completed,2026-09-13
MO-288,M-1077,WC-4,2172,RELEASED,04/19/2025
MO-289,M-1018,WC-8,1904,COMPLETED,2026-04-27
MO-290,M-1239,WC-9,4564,released,10/04/2024
MO-291,M-1011,WC-12,1093,completed,2024-09-05
MO-292,M-1083,WC-6,4570,released,04/04/2026
MO-293,M-1108,WC-13,4855,open,02/06/2026
MO-294,M-1149,WC-7,4354,RELEASED,2026-11-28
MO-295,M-1090,WC-8,60,RELEASED,2026-04-06
MO-296,M-1138,WC-13,1068,completed,2026-11-27
MO-297,M-1187,WC-2,567,OPEN,2024-10-02
MO-298,M-1075,WC-13,1536,OPEN,2024-07-03
MO-299,M-1109,WC-13,2888,RELEASED,03/25/2025
MO-300,M-1057,WC-7,257,OPEN,2026-02-08
MO-301,M-1185,WC-3,1388,open,11/27/2025
MO-302,M-1261,WC-14,3203,RELEASED,05/26/2024
MO-303,M-1057,WC-1,4825,RELEASED,06/28/2025
MO-304,M-1159,WC-7,253,RELEASED,09-02-2024
MO-305,M-1053,WC-9,1735,OPEN,09/19/2025
MO-306,M-1241,WC-8,2107,completed,2024-02-10
MO-307,M-1057,WC-8,3833,completed,20-03-2026
MO-308,M-1115,WC-15,2444,COMPLETED,2026-10-01
MO-309,M-1177,WC-4,2716,COMPLETED,04/05/2025
MO-310,M-1019,WC-1,3634,released,09/08/2024
MO-311,M-1100,WC-3,3050,COMPLETED,10/14/2024
MO-312,M-1286,WC-7,469,released,2025-04-15
MO-313,M-1027,WC-12,2264,released,2024-03-10
MO-314,M-1174,WC-9,3575,OPEN,2026-08-06
MO-315,M-1033,WC-5,4405,RELEASED,20-06-2024
MO-316,M-1053,WC-4,451,COMPLETED,10/24/2026
MO-317,M-1186,WC-9,2465,open,03/02/2025
MO-318,M-1208,WC-15,4590,released,2026-11-03
MO-319,M-1175,WC-7,815,open,2024-06-18
MO-320,M-1283,WC-2,3905,COMPLETED,03/05/2024
MO-321,M-1034,WC-13,4982,open,10/06/2026
MO-322,M-1008,WC-6,861,open,12-08-2025
MO-323,M-1165,WC-15,2547,OPEN,10/03/2024
MO-324,M-1213,WC-6,3655,OPEN,2026-07-22
MO-325,M-1196,WC-6,1547,released,07/10/2026
MO-326,M-1074,WC-6,2586,released,2024-07-27
MO-327,M-1243,WC-13,1069,completed,2025-04-10
MO-328,M-1057,WC-1,66,open,09-12-2025
MO-329,M-1062,WC-13,1223,released,2026-03-12
MO-330,M-1112,WC-11,2374,OPEN,27-09-2026
MO-331,M-1013,WC-3,1822,completed,2024-12-02
MO-332,M-1078,WC-15,2037,completed,05/20/2026
MO-333,M-1283,WC-14,171,OPEN,2026-03-01
MO-334,M-1298,WC-14,3398,OPEN,01/21/2026
MO-335,M-1260,WC-11,2551,completed,2026-02-18
MO-336,M-1085,WC-3,1207,COMPLETED,24-05-2024
MO-337,M-1158,WC-8,1730,released,02/03/2025
MO-338,M-1085,WC-12,4582,open,2024-02-24
MO-339,M-1101,WC-10,3670,OPEN,09/12/2026
MO-340,M-1058,WC-7,1313,RELEASED,02-09-2025
MO-341,M-1025,WC-11,1192,completed,07-06-2024
MO-342,M-1019,WC-12,934,completed,02-10-2024
MO-343,M-1006,WC-1,1888,COMPLETED,2025-07-26
MO-344,M-1225,WC-13,3287,open,09/05/2026
MO-345,M-1104,WC-15,3174,OPEN,10/15/2024
MO-346,M-1256,WC-11,2464,released,2025-10-24
MO-347,M-1159,WC-12,4860,released,2024-05-27
MO-348,M-1056,WC-11,3316,RELEASED,2024-12-13
MO-349,M-1170,WC-7,3625,released,03/17/2025
MO-350,M-1011,WC-7,3430,completed,06/11/2026
MO-351,M-1179,WC-10,4969,open,2026-07-21
MO-352,M-1257,WC-4,262,open,2024-01-24
MO-353,M-1153,WC-7,2260,open,10/08/2025
MO-354,M-1237,WC-4,2337,COMPLETED,2026-12-02
MO-355,M-1136,WC-8,4609,released,08-11-2024
MO-356,M-1183,WC-3,218,RELEASED,12/24/2026
MO-357,M-1208,WC-7,3715,open,2024-10-24
MO-358,M-1178,WC-4,1187,RELEASED,28-05-2025
MO-359,M-1245,WC-8,3900,completed,2025-01-27
MO-360,M-1223,WC-5,273,COMPLETED,2026-08-25
MO-361,M-1090,WC-14,122,open,2024-03-01
MO-362,M-1006,WC-5,3828,completed,2025-04-07
MO-363,M-1080,WC-9,3060,open,2025-07-12
MO-364,M-1136,WC-2,3487,released,2024-04-13
MO-365,M-1129,WC-12,3371,OPEN,2026-07-01
MO-366,M-1101,WC-8,4230,OPEN,12/13/2024
MO-367,M-1147,WC-7,4360,RELEASED,2026-06-03
MO-368,M-1219,WC-15,971,OPEN,2024-11-16
MO-369,M-1252,WC-2,4757,completed,02/20/2026
MO-370,M-1261,WC-12,4714,open,2024-04-10
MO-371,M-1128,WC-13,321,RELEASED,26-12-2024
MO-372,M-1209,WC-14,2127,released,07/28/2026
MO-373,M-1016,WC-15,2876,COMPLETED,2026-05-08
MO-374,M-1041,WC-3,3508,open,2024-07-16
MO-375,M-1138,WC-2,4185,COMPLETED,2026-05-04
MO-376,M-1021,WC-9,3404,COMPLETED,27-04-2025
MO-377,M-1182,WC-1,590,released,04/10/2025
MO-378,M-1289,WC-6,3391,COMPLETED,2026-04-01
MO-379,M-1023,WC-13,3479,open,10-04-2025
MO-380,M-1197,WC-12,3144,COMPLETED,2024-10-25
MO-381,M-1149,WC-8,2953,RELEASED,2024-01-01
MO-382,M-1274,WC-11,525,COMPLETED,06/16/2024
MO-383,M-1219,WC-8,3767,open,08/27/2025
MO-384,M-1043,WC-1,1962,completed,2025-10-14
MO-385,M-1162,WC-2,1551,OPEN,2024-02-02
MO-386,M-1078,WC-1,835,RELEASED,2025-11-27
MO-387,M-1076,WC-10,966,OPEN,2026-07-10
MO-388,M-1236,WC-13,4580,completed,2025-07-02
MO-389,M-1235,WC-13,3444,RELEASED,09-01-2026
MO-390,M-1023,WC-5,2048,completed,2024-10-17
MO-391,M-1064,WC-3,1028,RELEASED,08/26/2026
MO-392,M-1212,WC-2,931,open,01/12/2024
MO-393,M-1148,WC-11,3820,OPEN,05/25/2026
MO-394,M-1283,WC-10,281,completed,2025-06-05
MO-395,M-1134,WC-15,3780,open,2026-08-06
MO-396,M-1168,WC-11,2660,OPEN,08/19/2025
MO-397,M-1069,WC-2,2079,OPEN,07/02/2024
MO-398,M-1065,WC-12,4694,RELEASED,12-07-2025
MO-399,M-1004,WC-14,4164,RELEASED,2025-02-03
MO-400,M-1296,WC-3,78,released,2025-04-01
MO-401,M-1109,WC-13,1821,RELEASED,2026-05-24
MO-402,M-1032,WC-5,1950,open,06-10-2024
MO-403,M-1147,WC-10,334,completed,2024-06-06
MO-404,M-1270,WC-13,2729,released,22-02-2026
MO-405,M-1027,WC-15,3175,released,2024-09-18
MO-406,M-1013,WC-12,4178,open,18-04-2026
MO-407,M-1156,WC-14,1326,COMPLETED,2024-06-01
MO-408,M-1228,WC-3,4388,released,2024-06-27
MO-409,M-1167,WC-5,3625,released,2025-07-09
MO-410,M-1224,WC-9,3171,OPEN,2024-02-11
MO-411,M-1281,WC-4,353,RELEASED,2025-11-15
MO-412,M-1069,WC-2,3211,RELEASED,05-09-2025
MO-413,M-1238,WC-8,4635,COMPLETED,03-10-2026
MO-414,M-1095,WC-13,1936,released,04/10/2025
MO-415,M-1217,WC-10,4422,OPEN,2025-09-11
MO-416,M-1294,WC-6,429,OPEN,2024-07-01
MO-417,M-1069,WC-4,2182,open,11/07/2025
MO-418,M-1087,WC-14,4759,released,01/22/2026
MO-419,M-1211,WC-15,2315,completed,10/27/2025
MO-420,M-1242,WC-13,2850,RELEASED,10/24/2025
MO-421,M-1169,WC-5,4385,OPEN,04/08/2024
MO-422,M-1161,WC-11,410,RELEASED,08/02/2025
MO-423,M-1111,WC-10,3873,released,2026-08-03
MO-424,M-1192,WC-5,2344,RELEASED,2024-07-14
MO-425,M-1091,WC-3,2119,open,01/05/2024
MO-426,M-1034,WC-6,4912,open,2026-02-27
MO-427,M-1216,WC-15,1052,COMPLETED,28-02-2026
MO-428,M-1262,WC-15,1651,RELEASED,05/16/2026
MO-429,M-1265,WC-2,3516,OPEN,2025-05-24
MO-430,M-1267,WC-13,3778,COMPLETED,2024-03-20
MO-431,M-1242,WC-5,4432,COMPLETED,27-04-2025
MO-432,M-1288,WC-10,2991,COMPLETED,16-04-2024
MO-433,M-1157,WC-12,3285,open,04/24/2025
MO-434,M-1100,WC-2,4644,RELEASED,06/24/2026
MO-435,M-1228,WC-1,1440,COMPLETED,2025-07-11
MO-436,M-1029,WC-6,1764,open,2024-04-03
MO-437,M-1034,WC-1,4372,released,09/17/2024
MO-438,M-1229,WC-9,1994,released,06-09-2026
MO-439,M-1067,WC-4,4909,RELEASED,2025-10-28
MO-440,M-1215,WC-3,3295,open,2026-01-16
MO-441,M-1185,WC-10,3579,completed,2026-11-26
MO-442,M-1114,WC-4,2649,released,28-06-2025
MO-443,M-1215,WC-4,2732,completed,2025-04-20
MO-444,M-1196,WC-15,1314,COMPLETED,2026-02-03
MO-445,M-1079,WC-10,2831,COMPLETED,2025-05-15
MO-446,M-1265,WC-8,4999,COMPLETED,06-11-2025
MO-447,M-1071,WC-11,3654,COMPLETED,2026-02-20
MO-448,M-1246,WC-5,510,COMPLETED,20-12-2026
MO-449,M-1094,WC-12,4649,OPEN,09-10-2025
MO-450,M-1154,WC-9,130,completed,2026-05-15
MO-451,M-1054,WC-10,3179,completed,21-10-2024
MO-452,M-1104,WC-6,173,OPEN,2024-06-17
MO-453,M-1156,WC-8,4442,OPEN,2024-11-16
MO-454,M-1057,WC-5,2769,COMPLETED,2024-02-15
MO-455,M-1077,WC-9,1378,open,07/20/2026
MO-456,M-1122,WC-11,3319,COMPLETED,11-03-2025
MO-457,M-1146,WC-6,4502,released,2024-12-26
MO-458,M-1284,WC-3,1180,COMPLETED,2024-12-18
MO-459,M-1070,WC-7,1581,completed,04/26/2025
MO-460,M-1291,WC-9,2874,completed,2025-10-13
MO-461,M-1294,WC-2,1924,open,2026-04-05
MO-462,M-1194,WC-13,4401,open,2024-09-07
MO-463,M-1216,WC-7,455,COMPLETED,2024-08-28
MO-464,M-1266,WC-13,2687,COMPLETED,2026-10-28
MO-465,M-1187,WC-15,1367,COMPLETED,04/05/2026
MO-466,M-1002,WC-13,2104,COMPLETED,13-06-2026
MO-467,M-1227,WC-13,1751,open,10/27/2026
MO-468,M-1198,WC-8,4434,released,06/17/2026
MO-469,M-1233,WC-14,2889,RELEASED,01/21/2026
MO-470,M-1273,WC-5,1714,completed,09/13/2025
MO-471,M-1102,WC-9,2997,released,2025-07-10
MO-472,M-1127,WC-15,4055,COMPLETED,10/11/2025
MO-473,M-1049,WC-14,1448,OPEN,02/23/2026
MO-474,M-1191,WC-8,4697,completed,2025-02-22
MO-475,M-1084,WC-12,4201,OPEN,10/25/2025
MO-476,M-1221,WC-1,2762,completed,23-05-2025
MO-477,M-1081,WC-5,835,open,2026-06-13
MO-478,M-1095,WC-3,1478,RELEASED,2025-01-20
MO-479,M-1073,WC-6,4545,completed,01/13/2025
MO-480,M-1020,WC-15,4325,COMPLETED,2025-12-10
MO-481,M-1225,WC-8,2465,RELEASED,10/03/2026
MO-482,M-1099,WC-1,1018,COMPLETED,2026-06-02
MO-483,M-1294,WC-15,3090,completed,11/21/2025
MO-484,M-1131,WC-10,2214,OPEN,2025-11-25
MO-485,M-1253,WC-13,656,OPEN,2026-07-01
MO-486,M-1162,WC-2,386,open,04/21/2026
MO-487,M-1253,WC-1,4042,COMPLETED,11/19/2025
MO-488,M-1051,WC-4,4965,released,2024-12-19
MO-489,M-1000,WC-4,1154,open,02-06-2025
MO-490,M-1061,WC-3,3150,released,2026-06-17
MO-491,M-1173,WC-13,503,OPEN,2026-01-15
MO-492,M-1060,WC-7,4089,RELEASED,05/20/2024
MO-493,M-1121,WC-14,638,OPEN,2026-09-12
MO-494,M-1046,WC-6,3837,open,01/13/2026
MO-495,M-1062,WC-9,424,completed,2024-12-09
MO-496,M-1094,WC-9,4465,released,03/23/2026
MO-497,M-1277,WC-8,1092,completed,2025-06-27
MO-498,M-1023,WC-9,1474,open,13-10-2026
MO-499,M-1039,WC-10,4372,released,01/25/2024
MO-500,M-1260,WC-5,2725,RELEASED,05/26/2025
MO-501,M-1197,WC-8,1643,open,05-07-2025
MO-502,M-1290,WC-1,3891,completed,02/16/2026
MO-503,M-1206,WC-3,2120,released,2026-09-12
MO-504,M-1209,WC-6,3413,completed,2026-12-01
MO-505,M-1156,WC-8,544,COMPLETED,2026-11-04
MO-506,M-1122,WC-15,4985,OPEN,2025-06-04
MO-507,M-1262,WC-12,1703,RELEASED,2025-05-28
MO-508,M-1219,WC-11,1091,completed,2024-09-15
MO-509,M-1007,WC-3,3086,RELEASED,2025-04-09
MO-510,M-1289,WC-9,335,completed,2026-06-08
MO-511,M-1188,WC-8,4565,COMPLETED,2026-09-12
MO-512,M-1250,WC-15,2549,completed,15-05-2026
MO-513,M-1039,WC-14,3362,released,2026-03-13
MO-514,M-1240,WC-13,3673,OPEN,2025-07-03
MO-515,M-1010,WC-13,1102,completed,2025-04-22
MO-516,M-1122,WC-10,4865,OPEN,18-10-2026
MO-517,M-1005,WC-7,520,completed,02/26/2025
MO-518,M-1094,WC-1,3142,released,2026-07-16
MO-519,M-1184,WC-6,3345,open,2024-04-27
MO-520,M-1270,WC-13,344,open,2024-02-01
MO-521,M-1297,WC-11,1363,completed,03/04/2025
MO-522,M-1150,WC-4,2637,completed,2024-01-19
MO-523,M-1119,WC-9,3583,open,09-02-2026
MO-524,M-1019,WC-14,807,completed,07/21/2025
MO-525,M-1194,WC-3,4680,RELEASED,2024-07-19
MO-526,M-1176,WC-11,1564,RELEASED,2024-03-27
MO-527,M-1023,WC-5,1289,open,2025-04-19
MO-528,M-1024,WC-3,3172,RELEASED,2025-04-20
MO-529,M-1046,WC-9,3519,released,2024-09-28
MO-530,M-1180,WC-14,1752,COMPLETED,2025-10-11
MO-531,M-1243,WC-1,3413,released,2024-05-26
MO-532,M-1001,WC-4,249,completed,2024-11-21
MO-533,M-1102,WC-14,4401,RELEASED,2026-09-24
MO-534,M-1001,WC-8,699,OPEN,16-10-2026
MO-535,M-1146,WC-8,2634,COMPLETED,03/06/2024
MO-536,M-1226,WC-3,1144,RELEASED,2025-10-08
MO-537,M-1164,WC-1,1913,completed,06/02/2024
MO-538,M-1114,WC-2,3319,open,03-04-2024
MO-539,M-1053,WC-1,149,completed,2024-01-18
MO-540,M-1173,WC-11,4671,RELEASED,01/03/2024
MO-541,M-1147,WC-14,3046,released,20-10-2024
MO-542,M-1028,WC-9,2059,completed,2024-04-02
MO-543,M-1276,WC-9,3454,completed,05-12-2026
MO-544,M-1090,WC-6,2542,released,2024-07-14
MO-545,M-1210,WC-14,2069,OPEN,02-07-2026
MO-546,M-1050,WC-1,341,COMPLETED,2024-03-27
MO-547,M-1026,WC-10,2487,released,2024-07-20
MO-548,M-1050,WC-15,1809,RELEASED,2025-11-26
MO-549,M-1060,WC-7,473,OPEN,2025-04-01
MO-550,M-1085,WC-1,1032,RELEASED,2024-12-05
MO-551,M-1110,WC-3,1996,OPEN,2026-11-01
MO-552,M-1173,WC-12,3258,COMPLETED,2026-09-25
MO-553,M-1172,WC-13,496,COMPLETED,10/13/2026
MO-554,M-1013,WC-6,306,open,07/09/2025
MO-555,M-1060,WC-8,3327,OPEN,2025-01-10
MO-556,M-1069,WC-10,1813,OPEN,2025-09-26
MO-557,M-1164,WC-13,1119,completed,2026-06-19
MO-558,M-1248,WC-13,1090,COMPLETED,28-09-2026
MO-559,M-1119,WC-8,2510,COMPLETED,25-05-2025
MO-560,M-1142,WC-11,4876,open,13-04-2026
MO-561,M-1237,WC-2,400,COMPLETED,2024-12-21
MO-562,M-1137,WC-11,4834,COMPLETED,01/09/2025
MO-563,M-1070,WC-1,446,open,2024-01-25
MO-564,M-1124,WC-5,4813,COMPLETED,13-12-2026
MO-565,M-1217,WC-11,779,open,12/07/2026
MO-566,M-1094,WC-11,720,completed,2025-11-01
MO-567,M-1123,WC-3,1631,completed,2026-02-16
MO-568,M-1242,WC-9,3862,open,2025-10-16
MO-569,M-1236,WC-10,522,OPEN,2025-08-02
MO-570,M-1201,WC-3,4237,RELEASED,2024-01-06
MO-571,M-1190,WC-5,4290,open,28-09-2026
MO-572,M-1063,WC-7,4135,open,2024-10-03
MO-573,M-1269,WC-12,911,COMPLETED,02-08-2024
MO-574,M-1260,WC-11,4394,RELEASED,21-01-2026
MO-575,M-1137,WC-10,3662,released,08/23/2026
MO-576,M-1172,WC-4,3121,open,17-06-2026
MO-577,M-1270,WC-5,1681,OPEN,04/12/2026
MO-578,M-1239,WC-9,3155,open,06/04/2025
MO-579,M-1157,WC-1,549,released,09/14/2024
MO-580,M-1127,WC-12,870,released,02/03/2026
MO-581,M-1048,WC-13,597,OPEN,21-11-2026
MO-582,M-1185,WC-5,2470,RELEASED,01/05/2025
MO-583,M-1286,WC-4,735,OPEN,25-09-2025
MO-584,M-1297,WC-15,920,RELEASED,2025-11-03
MO-585,M-1016,WC-14,2709,RELEASED,09/14/2024
MO-586,M-1224,WC-5,4443,COMPLETED,2024-09-09
MO-587,M-1218,WC-3,2390,open,02/14/2026
MO-588,M-1260,WC-13,4617,RELEASED,08-01-2024
MO-589,M-1057,WC-14,4842,released,2025-05-05
MO-590,M-1089,WC-6,3660,RELEASED,04/18/2024
MO-591,M-1268,WC-12,998,open,2024-05-09
MO-592,M-1050,WC-11,2955,OPEN,2026-09-23
MO-593,M-1233,WC-5,4862,released,2025-02-22
MO-594,M-1276,WC-12,4973,OPEN,06/27/2025
MO-595,M-1031,WC-8,2929,OPEN,09/17/2024
MO-596,M-1115,WC-14,2436,released,2026-09-14
MO-597,M-1183,WC-12,4909,open,09/13/2025
MO-598,M-1003,WC-8,1091,OPEN,17-10-2024
MO-599,M-1103,WC-1,851,OPEN,2024-11-15
MO-600,M-1039,WC-12,3656,COMPLETED,05/19/2026
MO-601,M-1237,WC-5,101,COMPLETED,2024-12-23
MO-602,M-1129,WC-1,90,RELEASED,10/24/2026
MO-603,M-1038,WC-2,2493,COMPLETED,2026-05-06
MO-604,M-1035,WC-5,1065,RELEASED,2026-10-16
MO-605,M-1296,WC-10,1095,open,10/27/2024
MO-606,M-1238,WC-8,3521,completed,2025-05-19
MO-607,M-1170,WC-11,3615,completed,04/26/2024
MO-608,M-1213,WC-4,2713,completed,2025-04-16
MO-609,M-1262,WC-10,2177,open,06/12/2025
MO-610,M-1086,WC-13,1923,open,2024-10-16
MO-611,M-1214,WC-2,4820,RELEASED,2026-01-26
MO-612,M-1182,WC-14,1386,RELEASED,2026-09-19
MO-613,M-1257,WC-5,3417,COMPLETED,03/14/2024
MO-614,M-1065,WC-4,2519,RELEASED,01/03/2026
MO-615,M-1154,WC-6,1160,OPEN,2024-12-20
MO-616,M-1270,WC-3,4664,released,05/18/2025
MO-617,M-1262,WC-14,656,released,2025-04-23
MO-618,M-1111,WC-15,125,completed,2025-10-05
MO-619,M-1069,WC-14,1086,released,02-12-2024
MO-620,M-1248,WC-9,3218,released,09/28/2024
MO-621,M-1037,WC-3,1364,RELEASED,2026-05-08
MO-622,M-1061,WC-11,1798,released,2026-06-03
MO-623,M-1021,WC-14,1571,open,04-04-2026
MO-624,M-1158,WC-1,2123,completed,2026-11-27
MO-625,M-1063,WC-12,1565,completed,21-07-2024
MO-626,M-1252,WC-5,220,released,2025-09-12
MO-627,M-1042,WC-1,3861,open,2024-03-28
MO-628,M-1052,WC-14,254,released,09-11-2024
MO-629,M-1284,WC-6,3480,completed,2025-12-03
MO-630,M-1084,WC-7,2701,COMPLETED,09/14/2025
MO-631,M-1243,WC-3,3240,OPEN,2025-08-26
MO-632,M-1062,WC-13,1702,RELEASED,03/27/2026
MO-633,M-1261,WC-5,4798,COMPLETED,2026-07-11
MO-634,M-1006,WC-5,3630,open,07/02/2025
MO-635,M-1006,WC-3,2141,RELEASED,2024-12-10
MO-636,M-1045,WC-11,1435,COMPLETED,10/09/2025
MO-637,M-1199,WC-14,3188,open,2025-06-12
MO-638,M-1251,WC-15,1814,OPEN,2024-12-14
MO-639,M-1097,WC-15,3411,open,03-08-2025
MO-640,M-1030,WC-12,3575,RELEASED,2025-10-25
MO-641,M-1282,WC-3,608,open,08/22/2025
MO-642,M-1255,WC-1,604,COMPLETED,07/24/2026
MO-643,M-1247,WC-7,1262,OPEN,2025-08-18
MO-644,M-1199,WC-2,2324,completed,18-12-2024
MO-645,M-1006,WC-10,744,released,2026-06-14
MO-646,M-1149,WC-5,3511,RELEASED,24-06-2025
MO-647,M-1117,WC-1,1812,COMPLETED,2025-03-07
MO-648,M-1278,WC-7,1228,completed,10/13/2026
MO-649,M-1118,WC-15,1465,RELEASED,2024-11-05
MO-650,M-1029,WC-15,3845,completed,10-06-2026
MO-651,M-1141,WC-8,4329,released,07/09/2024
MO-652,M-1299,WC-10,4263,released,21-09-2026
MO-653,M-1185,WC-11,2329,open,05/13/2026
MO-654,M-1101,WC-14,3496,COMPLETED,2025-02-01
MO-655,M-1149,WC-3,1173,open,27-08-2026
MO-656,M-1270,WC-13,3451,released,2024-02-17
MO-657,M-1276,WC-12,3033,OPEN,09/16/2024
MO-658,M-1136,WC-11,316,OPEN,13-05-2026
MO-659,M-1061,WC-10,3466,OPEN,01/18/2024
MO-660,M-1223,WC-6,214,OPEN,2025-06-21
MO-661,M-1187,WC-11,3566,released,25-05-2024
MO-662,M-1149,WC-6,1824,RELEASED,2026-04-01
MO-663,M-1271,WC-4,1694,RELEASED,04/18/2026
MO-664,M-1077,WC-10,1393,COMPLETED,08/09/2025
MO-665,M-1031,WC-7,782,COMPLETED,24-04-2024
MO-666,M-1108,WC-8,2251,OPEN,2024-03-07
MO-667,M-1096,WC-11,1378,open,2025-08-20
MO-668,M-1272,WC-3,169,released,2025-12-21
MO-669,M-1024,WC-12,4964,open,05/09/2024
MO-670,M-1035,WC-3,2469,released,05-04-2025
MO-671,M-1215,WC-2,1349,completed,11/23/2025
MO-672,M-1099,WC-11,3541,released,12/08/2025
MO-673,M-1021,WC-3,2811,open,01-04-2026
MO-674,M-1036,WC-6,1061,OPEN,23-08-2025
MO-675,M-1014,WC-5,1818,released,2025-06-06
MO-676,M-1211,WC-1,2307,completed,2026-02-03
MO-677,M-1154,WC-8,469,completed,2025-10-24
MO-678,M-1108,WC-3,1669,open,2025-06-17
MO-679,M-1011,WC-9,3100,RELEASED,2026-04-03
MO-680,M-1123,WC-8,3344,released,26-03-2026
MO-681,M-1103,WC-2,1382,RELEASED,27-01-2024
MO-682,M-1140,WC-4,4262,released,2024-05-05
MO-683,M-1098,WC-8,107,open,2024-02-20
MO-684,M-1088,WC-6,4573,completed,22-01-2025
MO-685,M-1081,WC-12,3571,OPEN,03/09/2026
MO-686,M-1036,WC-7,1228,completed,02/28/2025
MO-687,M-1177,WC-14,896,OPEN,2024-07-09
MO-688,M-1124,WC-7,2765,released,28-06-2026
MO-689,M-1268,WC-12,1560,OPEN,2026-07-10
MO-690,M-1073,WC-10,4358,RELEASED,03/12/2024
MO-691,M-1270,WC-2,1559,released,04/13/2024
MO-692,M-1075,WC-7,378,completed,18-12-2025
MO-693,M-1095,WC-6,3361,completed,2025-01-14
MO-694,M-1081,WC-6,1696,open,10/13/2024
MO-695,M-1288,WC-3,4374,RELEASED,10-10-2025
MO-696,M-1079,WC-2,1632,RELEASED,2024-03-27
MO-697,M-1034,WC-8,1456,RELEASED,2024-05-27
MO-698,M-1274,WC-3,1330,OPEN,12/15/2026
MO-699,M-1295,WC-10,2872,completed,01/14/2026
MO-700,M-1170,WC-2,2565,open,12/18/2026
MO-701,M-1027,WC-11,200,OPEN,12/06/2026
MO-702,M-1074,WC-6,2850,COMPLETED,07/06/2024
MO-703,M-1197,WC-4,1032,COMPLETED,2025-01-02
MO-704,M-1091,WC-12,174,open,2026-09-18
MO-705,M-1208,WC-15,1645,open,02/03/2025
MO-706,M-1250,WC-8,1754,open,10/19/2025
MO-707,M-1097,WC-3,4879,RELEASED,07/19/2024
MO-708,M-1218,WC-12,3099,OPEN,12-03-2025
MO-709,M-1257,WC-1,1991,completed,2026-03-17
MO-710,M-1247,WC-10,392,completed,2026-11-04
MO-711,M-1251,WC-5,3020,RELEASED,2026-10-13
MO-712,M-1181,WC-3,4689,RELEASED,2025-02-20
MO-713,M-1137,WC-3,3462,COMPLETED,2026-06-08
MO-714,M-1162,WC-5,2669,OPEN,2024-09-23
MO-715,M-1068,WC-13,1114,RELEASED,02/08/2024
MO-716,M-1281,WC-11,3794,completed,2024-01-12
MO-717,M-1192,WC-14,3418,released,02/23/2026
MO-718,M-1155,WC-10,1943,RELEASED,2025-03-26
MO-719,M-1200,WC-7,2660,COMPLETED,15-03-2026
MO-720,M-1032,WC-14,3911,OPEN,2024-03-23
MO-721,M-1291,WC-6,1053,COMPLETED,2026-06-02
MO-722,M-1020,WC-11,1384,released,11/17/2026
MO-723,M-1164,WC-15,3643,released,2025-10-13
MO-724,M-1211,WC-11,2458,OPEN,2024-06-23
MO-725,M-1259,WC-4,251,released,06-02-2024
MO-726,M-1054,WC-12,1904,open,18-01-2026
MO-727,M-1253,WC-11,1885,COMPLETED,2025-10-07
MO-728,M-1282,WC-15,4969,RELEASED,03/11/2026
MO-729,M-1097,WC-15,3077,released,2026-02-05
MO-730,M-1127,WC-8,4143,released,09-06-2024
MO-731,M-1019,WC-5,4158,open,2024-04-14
MO-732,M-1129,WC-3,4203,OPEN,17-06-2024
MO-733,M-1264,WC-12,293,OPEN,2025-04-09
MO-734,M-1092,WC-5,2125,COMPLETED,2024-01-03
MO-735,M-1015,WC-4,831,RELEASED,2025-05-17
MO-736,M-1056,WC-13,4300,completed,11/14/2024
MO-737,M-1064,WC-4,3429,OPEN,2024-05-26
MO-738,M-1017,WC-6,4756,OPEN,2025-03-16
MO-739,M-1202,WC-1,3091,COMPLETED,2025-04-01
MO-740,M-1068,WC-3,3483,completed,2026-10-22
MO-741,M-1084,WC-1,813,released,06/03/2024
MO-742,M-1164,WC-9,2023,RELEASED,2025-11-20
MO-743,M-1146,WC-1,4471,RELEASED,06/19/2025
MO-744,M-1101,WC-13,4783,open,2024-04-02
MO-745,M-1063,WC-13,4826,RELEASED,09-11-2026
MO-746,M-1117,WC-4,2991,OPEN,14-11-2026
MO-747,M-1108,WC-10,3873,open,2026-12-13
MO-748,M-1185,WC-5,2058,released,08-10-2025
MO-749,M-1059,WC-7,4773,OPEN,06/28/2024
MO-750,M-1028,WC-10,843,released,28-01-2026
MO-751,M-1079,WC-10,3241,open,2026-01-14
MO-752,M-1002,WC-14,3047,OPEN,2024-03-27
MO-753,M-1263,WC-3,231,released,2024-05-17
MO-754,M-1296,WC-5,4519,released,2024-04-18
MO-755,M-1247,WC-7,3851,OPEN,2025-09-14
MO-756,M-1037,WC-5,4242,RELEASED,2025-08-19
MO-757,M-1152,WC-13,4351,released,2026-12-13
MO-758,M-1120,WC-7,1450,RELEASED,02/04/2026
MO-759,M-1040,WC-6,1773,completed,2024-01-12
MO-760,M-1195,WC-4,4619,open,2026-02-12
MO-761,M-1120,WC-4,2658,completed,2024-11-12
MO-762,M-1180,WC-1,4055,released,2026-04-12
MO-763,M-1243,WC-14,1145,completed,2024-10-02
MO-764,M-1264,WC-10,2728,completed,24-06-2025
MO-765,M-1189,WC-14,3367,released,2025-04-03
MO-766,M-1110,WC-10,4328,RELEASED,08/27/2025
MO-767,M-1119,WC-14,3823,completed,07/12/2025
MO-768,M-1214,WC-4,1676,open,06/18/2025
MO-769,M-1245,WC-1,97,RELEASED,2024-11-11
MO-770,M-1178,WC-14,2152,COMPLETED,24-02-2025
MO-771,M-1243,WC-8,1934,COMPLETED,12-06-2024
MO-772,M-1082,WC-8,2870,OPEN,06-04-2026
MO-773,M-1106,WC-3,2213,completed,2025-07-25
MO-774,M-1289,WC-13,4693,OPEN,06-02-2025
MO-775,M-1090,WC-14,1997,completed,10/22/2026
MO-776,M-1138,WC-5,2029,open,28-09-2025
MO-777,M-1005,WC-11,291,OPEN,2024-09-24
MO-778,M-1090,WC-7,3963,COMPLETED,2026-02-19
MO-779,M-1267,WC-9,2370,released,07/25/2024
MO-780,M-1024,WC-14,864,OPEN,2024-01-20
MO-781,M-1014,WC-3,2595,open,02/07/2026
MO-782,M-1007,WC-12,1301,completed,2026-12-15
MO-783,M-1265,WC-8,729,RELEASED,2025-07-04
MO-784,M-1064,WC-4,3991,OPEN,2026-12-01
MO-785,M-1036,WC-7,715,open,22-11-2026
MO-786,M-1227,WC-4,2059,completed,2026-09-19
MO-787,M-1231,WC-7,1870,OPEN,12-05-2026
MO-788,M-1196,WC-11,1120,OPEN,11/26/2024
MO-789,M-1065,WC-8,3711,OPEN,2024-07-06
MO-790,M-1109,WC-14,1057,RELEASED,2024-07-24
MO-791,M-1244,WC-7,3733,completed,2026-08-28
MO-792,M-1141,WC-13,3638,released,2026-12-20
MO-793,M-1189,WC-5,1078,RELEASED,2024-08-16
MO-794,M-1017,WC-4,1712,COMPLETED,08/06/2026
MO-795,M-1189,WC-11,4559,open,20-05-2024
MO-796,M-1007,WC-14,216,released,2024-05-05
MO-797,M-1156,WC-4,4009,released,15-02-2024
MO-798,M-1189,WC-12,3947,released,10/26/2025
MO-799,M-1002,WC-10,284,completed,02/21/2026
MO-800,M-1101,WC-12,2656,COMPLETED,10/08/2026
MO-801,M-1069,WC-4,1054,OPEN,19-10-2024
MO-802,M-1026,WC-12,3020,RELEASED,2024-11-06
MO-803,M-1261,WC-14,3826,OPEN,2026-02-06
MO-804,M-1231,WC-1,3672,OPEN,2025-12-03
MO-805,M-1255,WC-6,3169,released,2024-06-28
MO-806,M-1236,WC-5,306,released,22-07-2025
MO-807,M-1170,WC-7,3693,completed,2025-02-17
MO-808,M-1171,WC-6,949,released,08/28/2024
MO-809,M-1243,WC-8,4232,COMPLETED,2024-10-02
MO-810,M-1201,WC-15,1173,released,2024-05-02
MO-811,M-1299,WC-10,3036,open,2025-06-08
MO-812,M-1220,WC-1,3945,open,01/11/2025
MO-813,M-1084,WC-11,1123,OPEN,2025-04-12
MO-814,M-1013,WC-13,2506,released,2024-02-02
MO-815,M-1201,WC-6,983,RELEASED,2025-05-02
MO-816,M-1150,WC-4,340,COMPLETED,2025-07-03
MO-817,M-1161,WC-3,18,released,03-10-2025
MO-818,M-1074,WC-1,1232,RELEASED,05/19/2026
MO-819,M-1175,WC-5,986,OPEN,01/25/2024
MO-820,M-1224,WC-9,2125,open,12/03/2026
MO-821,M-1158,WC-4,884,COMPLETED,2024-01-20
MO-822,M-1086,WC-11,4011,RELEASED,07/01/2024
MO-823,M-1209,WC-6,1263,RELEASED,2025-05-24
MO-824,M-1199,WC-7,4249,open,08-07-2024
MO-825,M-1171,WC-13,2886,released,19-08-2024
MO-826,M-1293,WC-14,1961,completed,02/26/2026
MO-827,M-1143,WC-7,1145,RELEASED,10/28/2026
MO-828,M-1101,WC-5,3079,completed,01/17/2024
MO-829,M-1286,WC-1,469,COMPLETED,2025-07-26
MO-830,M-1235,WC-7,4306,open,2025-09-05
MO-831,M-1051,WC-11,2118,COMPLETED,01/23/2024
MO-832,M-1217,WC-11,3934,released,2026-03-01
MO-833,M-1191,WC-1,699,open,10/10/2025
MO-834,M-1025,WC-14,1205,open,2025-02-07
MO-835,M-1284,WC-13,2818,OPEN,10/06/2024
MO-836,M-1028,WC-5,3986,COMPLETED,2024-10-14
MO-837,M-1295,WC-7,1588,RELEASED,2024-10-19
MO-838,M-1242,WC-12,1702,completed,04/04/2026
MO-839,M-1138,WC-5,1242,RELEASED,01/20/2025
MO-840,M-1046,WC-9,531,RELEASED,2024-07-09
MO-841,M-1151,WC-15,2934,completed,2025-10-18
MO-842,M-1001,WC-4,4037,open,2025-04-26
MO-843,M-1074,WC-5,395,completed,2025-02-25
MO-844,M-1195,WC-6,2361,OPEN,01/22/2024
MO-845,M-1261,WC-15,2225,released,2026-03-14
MO-846,M-1291,WC-11,2483,open,2024-08-19
MO-847,M-1009,WC-3,825,completed,07/15/2025
MO-848,M-1032,WC-5,3409,completed,2025-05-27
MO-849,M-1121,WC-8,1367,OPEN,11/02/2025
MO-850,M-1262,WC-10,2208,COMPLETED,06/11/2024
MO-851,M-1032,WC-10,1551,OPEN,2026-07-07
MO-852,M-1179,WC-6,4891,RELEASED,01/10/2025
MO-853,M-1080,WC-6,4580,completed,2025-12-10
MO-854,M-1260,WC-4,4592,completed,2025-03-17
MO-855,M-1045,WC-4,1945,COMPLETED,2024-07-26
MO-856,M-1004,WC-4,1520,released,05/21/2026
MO-857,M-1170,WC-6,2743,COMPLETED,15-02-2024
MO-858,M-1284,WC-4,4943,OPEN,02/07/2026
MO-859,M-1149,WC-4,3135,RELEASED,2026-01-19
MO-860,M-1174,WC-4,4289,COMPLETED,01/04/2025
MO-861,M-1266,WC-3,2372,OPEN,2025-08-04
MO-862,M-1160,WC-5,1649,COMPLETED,2026-06-03
MO-863,M-1133,WC-15,4204,COMPLETED,2024-07-25
MO-864,M-1297,WC-9,2656,released,06/05/2024
MO-865,M-1251,WC-10,2414,completed,2025-09-26
MO-866,M-1152,WC-7,4103,RELEASED,02/14/2024
MO-867,M-1162,WC-5,1615,COMPLETED,20-07-2026
MO-868,M-1134,WC-7,825,open,04/07/2026
MO-869,M-1211,WC-10,4322,RELEASED,23-05-2024
MO-870,M-1135,WC-10,3752,released,06-12-2025
MO-871,M-1263,WC-12,1249,COMPLETED,10/03/2025
MO-872,M-1146,WC-3,1398,open,12/19/2026
MO-873,M-1009,WC-12,2585,OPEN,2026-12-23
MO-874,M-1080,WC-3,2938,released,18-03-2025
MO-875,M-1147,WC-12,308,completed,07/28/2024
MO-876,M-1228,WC-1,138,OPEN,02/06/2024
MO-877,M-1287,WC-2,2987,open,2025-11-02
MO-878,M-1290,WC-5,3019,OPEN,19-01-2025
MO-879,M-1276,WC-2,242,OPEN,09-08-2025
MO-880,M-1011,WC-15,1003,RELEASED,26-03-2024
MO-881,M-1112,WC-7,2052,completed,2024-01-27
MO-882,M-1093,WC-1,3418,open,2026-05-07
MO-883,M-1055,WC-8,4714,completed,2025-05-13
MO-884,M-1087,WC-7,1558,released,12/15/2025
MO-885,M-1141,WC-2,4764,completed,2025-06-06
MO-886,M-1225,WC-6,2131,COMPLETED,18-02-2026
MO-887,M-1233,WC-14,111,RELEASED,09/18/2024
MO-888,M-1015,WC-5,22,RELEASED,09/06/2025
MO-889,M-1126,WC-4,3949,open,08-11-2025
MO-890,M-1051,WC-15,32,released,2025-11-17
MO-891,M-1297,WC-9,4170,open,24-06-2025
MO-892,M-1093,WC-13,2542,open,2024-07-07
MO-893,M-1274,WC-13,3702,RELEASED,10-07-2025
MO-894,M-1138,WC-11,4434,COMPLETED,2024-05-07
MO-895,M-1071,WC-2,10,COMPLETED,06/17/2024
MO-896,M-1196,WC-4,2321,RELEASED,04/22/2026
MO-897,M-1118,WC-14,3879,completed,2025-08-10
MO-898,M-1024,WC-14,1784,released,03-10-2025
MO-899,M-1105,WC-4,3649,released,2025-04-17
MO-900,M-1296,WC-15,997,completed,12/10/2025
MO-901,M-1193,WC-14,4504,completed,06/23/2025
MO-902,M-1048,WC-6,2437,released,2026-02-01
MO-903,M-1250,WC-2,1347,completed,03-10-2026
MO-904,M-1124,WC-5,1250,OPEN,2026-09-08
MO-905,M-1238,WC-5,4967,COMPLETED,02/15/2026
MO-906,M-1106,WC-10,3264,completed,2026-01-26
MO-907,M-1136,WC-5,1772,released,2025-03-13
MO-908,M-1032,WC-10,715,completed,2026-08-20
MO-909,M-1139,WC-15,4737,open,04/27/2025
MO-910,M-1011,WC-14,3638,COMPLETED,19-09-2026
MO-911,M-1057,WC-11,3977,completed,02/22/2025
MO-912,M-1278,WC-1,2933,open,12/17/2024
MO-913,M-1270,WC-11,2200,completed,2024-08-01
MO-914,M-1286,WC-2,4637,COMPLETED,2026-12-26
MO-915,M-1073,WC-15,583,released,12/08/2025
MO-916,M-1191,WC-13,619,released,2024-03-21
MO-917,M-1151,WC-11,3168,RELEASED,2025-11-10
MO-918,M-1087,WC-12,3134,open,11/18/2025
MO-919,M-1288,WC-4,894,completed,07/19/2024
MO-920,M-1151,WC-1,819,released,2024-08-21
MO-921,M-1273,WC-12,2607,OPEN,2026-11-28
MO-922,M-1151,WC-13,2069,open,11/28/2026
MO-923,M-1201,WC-5,1949,released,22-08-2024
MO-924,M-1292,WC-3,1185,open,2025-09-14
MO-925,M-1263,WC-7,4291,completed,03/11/2024
MO-926,M-1261,WC-6,1317,open,08-06-2025
MO-927,M-1131,WC-14,1307,COMPLETED,12/22/2026
MO-928,M-1059,WC-1,4126,released,2026-03-01
MO-929,M-1089,WC-14,1424,open,2024-08-15
MO-930,M-1146,WC-1,1146,OPEN,2026-04-15
MO-931,M-1256,WC-9,489,open,11/17/2025
MO-932,M-1209,WC-11,2421,COMPLETED,11/26/2024
MO-933,M-1032,WC-5,4234,completed,09/18/2026
MO-934,M-1166,WC-2,851,open,07/03/2026
MO-935,M-1160,WC-1,4406,OPEN,2024-01-19
MO-936,M-1198,WC-1,318,open,2024-04-12
MO-937,M-1012,WC-6,674,released,07/13/2026
MO-938,M-1138,WC-15,1917,RELEASED,10/07/2025
MO-939,M-1157,WC-3,184,completed,2026-01-09
MO-940,M-1216,WC-14,1937,released,27-05-2024
MO-941,M-1132,WC-5,44,released,2025-06-17
MO-942,M-1010,WC-8,4524,COMPLETED,25-11-2024
MO-943,M-1194,WC-3,2735,completed,2025-12-10
MO-944,M-1060,WC-10,1794,OPEN,2024-08-19
MO-945,M-1005,WC-3,3020,COMPLETED,2024-08-08
MO-946,M-1075,WC-13,4226,open,2026-01-19
MO-947,M-1256,WC-11,1107,open,2026-06-08
MO-948,M-1228,WC-3,897,RELEASED,10-08-2026
MO-949,M-1018,WC-5,4707,RELEASED,2024-05-18
MO-950,M-1098,WC-5,4316,COMPLETED,04/13/2026
MO-951,M-1189,WC-7,3329,released,2026-01-27
MO-952,M-1226,WC-8,746,released,04/06/2026
MO-953,M-1019,WC-7,4327,open,2024-05-12
MO-954,M-1082,WC-7,379,open,14-02-2025
MO-955,M-1240,WC-15,4710,completed,28-08-2025
MO-956,M-1276,WC-6,1363,OPEN,2025-07-11
MO-957,M-1029,WC-13,2746,released,2026-03-06
MO-958,M-1197,WC-10,2518,COMPLETED,2025-08-05
MO-959,M-1088,WC-12,1769,COMPLETED,2025-07-03
MO-960,M-1046,WC-4,4745,RELEASED,2026-09-18
MO-961,M-1293,WC-8,1198,OPEN,2024-09-09
MO-962,M-1072,WC-1,3099,OPEN,2024-01-15
MO-963,M-1019,WC-1,2976,completed,2024-04-27
MO-964,M-1045,WC-14,1353,open,08/19/2026
MO-965,M-1125,WC-13,2004,COMPLETED,06/21/2026
MO-966,M-1121,WC-4,2702,completed,23-11-2026
MO-967,M-1268,WC-15,4940,released,10-01-2026
MO-968,M-1056,WC-5,1605,OPEN,2024-01-10
MO-969,M-1224,WC-13,4901,released,2025-08-16
MO-970,M-1099,WC-4,506,completed,03/01/2024
MO-971,M-1177,WC-3,730,released,09-05-2026
MO-972,M-1186,WC-6,2629,RELEASED,11/15/2024
MO-973,M-1034,WC-13,4803,completed,2025-02-02
MO-974,M-1154,WC-9,1965,OPEN,05-04-2024
MO-975,M-1297,WC-9,294,COMPLETED,2025-02-04
MO-976,M-1041,WC-13,1409,COMPLETED,10/27/2024
MO-977,M-1173,WC-3,4161,RELEASED,03-03-2025
MO-978,M-1288,WC-11,82,completed,05/02/2024
MO-979,M-1232,WC-13,3182,RELEASED,2024-06-06
MO-980,M-1270,WC-4,1703,released,2024-10-20
MO-981,M-1004,WC-12,3838,released,07/23/2025
MO-982,M-1008,WC-6,3793,RELEASED,12/05/2025
MO-983,M-1176,WC-14,2740,OPEN,2025-11-15
MO-984,M-1167,WC-1,4549,RELEASED,05-09-2026
MO-985,M-1265,WC-2,2888,COMPLETED,02/11/2024
MO-986,M-1237,WC-10,4529,OPEN,2026-04-11
MO-987,M-1244,WC-10,2338,open,2026-09-18
MO-988,M-1149,WC-11,2326,open,11-07-2025
MO-989,M-1165,WC-8,2000,RELEASED,23-11-2025
MO-990,M-1158,WC-14,3174,OPEN,17-03-2024
MO-991,M-1215,WC-1,2674,released,2024-12-18
MO-992,M-1070,WC-10,370,open,02/24/2026
MO-993,M-1008,WC-6,3833,completed,12/10/2025
MO-994,M-1232,WC-3,2836,COMPLETED,2025-06-25
MO-995,M-1184,WC-12,4846,completed,04/27/2025
MO-996,M-1165,WC-1,1000,OPEN,2025-10-09
MO-997,M-1222,WC-1,1896,COMPLETED,2024-02-16
MO-998,M-1099,WC-5,1716,RELEASED,09/21/2025
MO-999,M-1284,WC-10,1618,OPEN,2024-07-15
MO-1000,M-1013,WC-11,4569,released,2024-02-19
MO-1001,M-1035,WC-6,1059,RELEASED,2025-10-24
MO-1002,M-1130,WC-4,3505,open,07/25/2025
MO-1003,M-1288,WC-1,4101,RELEASED,02-06-2025
MO-1004,M-1249,WC-9,1297,open,02-05-2024
MO-1005,M-1223,WC-14,3427,released,2024-04-07
MO-1006,M-1278,WC-9,1927,OPEN,2024-11-10
MO-1007,M-1235,WC-10,79,completed,2026-10-15
MO-1008,M-1135,WC-7,557,released,02/22/2024
MO-1009,M-1071,WC-3,488,OPEN,27-09-2024
MO-1010,M-1148,WC-1,3974,released,05/08/2024
MO-1011,M-1202,WC-11,1443,RELEASED,2025-09-12
MO-1012,M-1261,WC-14,3921,COMPLETED,2024-07-25
MO-1013,M-1236,WC-11,1325,completed,21-01-2025
MO-1014,M-1061,WC-6,2935,completed,26-05-2025
MO-1015,M-1112,WC-14,4786,RELEASED,11/21/2024
MO-1016,M-1127,WC-3,2149,COMPLETED,2026-09-14
MO-1017,M-1232,WC-5,3117,open,19-11-2026
MO-1018,M-1200,WC-3,2324,completed,2026-02-03
MO-1019,M-1030,WC-3,4510,open,2025-10-16
MO-1020,M-1045,WC-6,277,open,2025-06-08
MO-1021,M-1285,WC-15,300,released,17-04-2025
MO-1022,M-1290,WC-5,3986,completed,27-06-2024
MO-1023,M-1205,WC-3,2580,open,2025-11-23
MO-1024,M-1271,WC-10,1541,open,14-05-2026
MO-1025,M-1057,WC-10,1182,RELEASED,06/04/2026
MO-1026,M-1032,WC-4,4268,RELEASED,14-07-2024
MO-1027,M-1017,WC-10,580,completed,04/21/2024
MO-1028,M-1055,WC-1,333,released,2025-09-15
MO-1029,M-1119,WC-12,981,COMPLETED,2025-01-04
MO-1030,M-1015,WC-1,1109,completed,12/21/2025
MO-1031,M-1236,WC-15,148,open,2025-01-20
MO-1032,M-1202,WC-12,553,open,01/04/2024
MO-1033,M-1140,WC-5,621,COMPLETED,09/16/2024
MO-1034,M-1260,WC-8,3846,completed,04/06/2025
MO-1035,M-1212,WC-7,2123,released,12/15/2024
MO-1036,M-1284,WC-3,4854,COMPLETED,2024-09-11
MO-1037,M-1232,WC-5,2282,open,2024-10-25
MO-1038,M-1222,WC-6,826,released,2025-06-09
MO-1039,M-1241,WC-13,982,OPEN,06/24/2025
MO-1040,M-1070,WC-13,1068,released,10/12/2024
MO-1041,M-1107,WC-14,311,OPEN,02/06/2026
MO-1042,M-1232,WC-8,681,open,2026-03-27
MO-1043,M-1069,WC-15,411,OPEN,09/20/2025
MO-1044,M-1162,WC-15,1579,OPEN,2024-01-12
MO-1045,M-1292,WC-4,970,OPEN,2026-12-04
MO-1046,M-1278,WC-10,2544,COMPLETED,2026-01-15
MO-1047,M-1265,WC-13,4321,open,12/13/2025
MO-1048,M-1151,WC-10,2854,released,19-10-2026
MO-1049,M-1071,WC-6,2467,open,25-05-2025
MO-1050,M-1187,WC-4,1344,released,2025-11-09
MO-1051,M-1050,WC-5,4964,OPEN,18-09-2024
MO-1052,M-1071,WC-5,4444,COMPLETED,24-01-2025
MO-1053,M-1006,WC-3,450,COMPLETED,2024-07-15
MO-1054,M-1024,WC-5,1010,OPEN,2025-02-23
MO-1055,M-1016,WC-13,4886,open,05/08/2026
MO-1056,M-1268,WC-12,2393,released,2025-11-11
MO-1057,M-1101,WC-10,2852,RELEASED,06/08/2026
MO-1058,M-1115,WC-10,819,completed,18-02-2025
MO-1059,M-1042,WC-2,3338,RELEASED,03-11-2024
MO-1060,M-1036,WC-13,3958,open,2025-11-05
MO-1061,M-1180,WC-6,3047,COMPLETED,2026-05-21
MO-1062,M-1077,WC-5,4157,released,2025-11-10
MO-1063,M-1018,WC-7,624,OPEN,2026-02-07
MO-1064,M-1280,WC-5,4850,released,06/05/2025
MO-1065,M-1292,WC-6,496,RELEASED,2025-04-26
MO-1066,M-1187,WC-14,4166,open,2026-09-23
MO-1067,M-1251,WC-3,2515,released,04-01-2024
MO-1068,M-1254,WC-6,1332,OPEN,2025-12-25
MO-1069,M-1266,WC-9,1758,released,01/03/2025
MO-1070,M-1060,WC-3,1783,OPEN,14-02-2025
MO-1071,M-1107,WC-8,291,open,2024-11-20
MO-1072,M-1176,WC-11,2027,COMPLETED,05-12-2025
MO-1073,M-1108,WC-8,643,completed,2024-04-19
MO-1074,M-1090,WC-9,541,OPEN,2026-11-24
MO-1075,M-1058,WC-14,893,RELEASED,2025-02-24
MO-1076,M-1081,WC-13,2799,open,07/21/2024
MO-1077,M-1223,WC-5,834,OPEN,2024-08-10
MO-1078,M-1283,WC-5,3611,released,2024-02-05
MO-1079,M-1080,WC-10,535,released,2024-01-18
MO-1080,M-1016,WC-8,4632,COMPLETED,05/13/2026
MO-1081,M-1204,WC-2,496,completed,12-11-2025
MO-1082,M-1113,WC-11,3641,OPEN,2025-07-01
MO-1083,M-1232,WC-2,3637,released,2024-08-08
MO-1084,M-1225,WC-14,1380,RELEASED,28-09-2026
MO-1085,M-1058,WC-1,4904,OPEN,2026-12-08
MO-1086,M-1059,WC-4,4935,completed,04/24/2026
MO-1087,M-1100,WC-4,1064,released,2025-05-05
MO-1088,M-1179,WC-7,2050,open,03/08/2024
MO-1089,M-1136,WC-14,3209,COMPLETED,09/17/2024
MO-1090,M-1133,WC-5,318,RELEASED,09/16/2026
MO-1091,M-1276,WC-11,1420,released,07/20/2024
MO-1092,M-1241,WC-3,3178,OPEN,21-09-2024
MO-1093,M-1006,WC-13,3525,open,2025-04-25
MO-1094,M-1030,WC-12,1346,COMPLETED,10/22/2025
MO-1095,M-1018,WC-14,1879,RELEASED,2026-02-07
MO-1096,M-1120,WC-12,828,RELEASED,2024-12-14
MO-1097,M-1039,WC-8,2389,RELEASED,08/21/2026
MO-1098,M-1062,WC-15,1308,COMPLETED,05-10-2026
MO-1099,M-1180,WC-11,1575,open,2026-10-27
MO-1100,M-1064,WC-15,924,completed,06/12/2025
MO-1101,M-1263,WC-15,4149,OPEN,21-08-2025
MO-1102,M-1192,WC-15,3287,released,2025-10-23
MO-1103,M-1051,WC-12,2387,open,2024-04-27
MO-1104,M-1293,WC-8,4459,COMPLETED,05/13/2024
MO-1105,M-1070,WC-2,3305,COMPLETED,13-06-2024
MO-1106,M-1001,WC-12,3417,OPEN,2025-07-13
MO-1107,M-1157,WC-1,2341,COMPLETED,2024-12-02
MO-1108,M-1056,WC-14,1495,OPEN,01/21/2024
MO-1109,M-1210,WC-2,4296,released,10/12/2024
MO-1110,M-1058,WC-11,585,open,12/01/2025
MO-1111,M-1263,WC-11,792,RELEASED,02/18/2026
MO-1112,M-1123,WC-8,3519,COMPLETED,25-04-2024
MO-1113,M-1185,WC-13,567,COMPLETED,05-11-2025
MO-1114,M-1110,WC-9,3279,open,2025-03-12
MO-1115,M-1277,WC-7,1356,open,10/06/2024
MO-1116,M-1114,WC-13,4380,COMPLETED,05/12/2026
MO-1117,M-1232,WC-11,4250,COMPLETED,2026-08-12
MO-1118,M-1179,WC-9,1528,released,27-04-2024
MO-1119,M-1108,WC-8,378,released,2025-05-18
MO-1120,M-1114,WC-14,891,OPEN,10/08/2024
MO-1121,M-1023,WC-14,2813,completed,2025-05-26
MO-1122,M-1104,WC-5,3870,completed,2024-11-08
MO-1123,M-1283,WC-11,4274,RELEASED,07/18/2024
MO-1124,M-1247,WC-14,4845,open,02/19/2025
MO-1125,M-1140,WC-15,703,COMPLETED,2026-04-24
MO-1126,M-1180,WC-7,789,completed,07/06/2026
MO-1127,M-1176,WC-2,3637,COMPLETED,2024-06-27
MO-1128,M-1177,WC-12,3998,open,2024-12-17
MO-1129,M-1192,WC-9,348,released,2025-06-01
MO-1130,M-1021,WC-7,4616,open,06/16/2026
MO-1131,M-1007,WC-14,2348,completed,2024-10-11
MO-1132,M-1044,WC-1,1255,completed,2026-04-08
MO-1133,M-1208,WC-1,2568,OPEN,2026-09-14
MO-1134,M-1232,WC-11,1555,COMPLETED,2024-11-03
MO-1135,M-1130,WC-6,2686,completed,04/13/2025
MO-1136,M-1039,WC-12,4583,OPEN,2026-09-13
MO-1137,M-1292,WC-4,1364,RELEASED,04/18/2026
MO-1138,M-1051,WC-9,154,released,2026-09-28
MO-1139,M-1206,WC-8,3417,released,2024-11-02
MO-1140,M-1251,WC-3,3905,COMPLETED,2026-01-01
MO-1141,M-1215,WC-3,1471,completed,2025-08-11
MO-1142,M-1295,WC-15,3927,COMPLETED,26-12-2026
MO-1143,M-1268,WC-15,851,open,2024-03-20
MO-1144,M-1087,WC-6,1984,completed,02-04-2025
MO-1145,M-1193,WC-10,1241,open,2025-09-02
MO-1146,M-1095,WC-15,2677,completed,14-01-2026
MO-1147,M-1056,WC-9,2396,COMPLETED,2024-11-06
MO-1148,M-1241,WC-9,4229,RELEASED,2025-02-01
MO-1149,M-1238,WC-15,4801,OPEN,2026-02-27
MO-1150,M-1111,WC-14,4461,open,04/28/2024
MO-1151,M-1271,WC-8,319,completed,02-08-2024
MO-1152,M-1185,WC-8,4345,OPEN,2025-08-07
MO-1153,M-1196,WC-9,3579,open,28-05-2026
MO-1154,M-1112,WC-7,4345,open,27-02-2025
MO-1155,M-1030,WC-9,2964,RELEASED,06/07/2024
MO-1156,M-1127,WC-7,1920,completed,05/19/2025
MO-1157,M-1033,WC-4,3990,open,2025-05-16
MO-1158,M-1214,WC-1,4965,open,01/22/2024
MO-1159,M-1118,WC-10,251,open,2026-05-25
MO-1160,M-1089,WC-3,646,released,14-08-2024
MO-1161,M-1197,WC-12,1545,released,2024-08-17
MO-1162,M-1228,WC-15,684,OPEN,10/14/2025
MO-1163,M-1173,WC-14,2339,open,2026-01-04
MO-1164,M-1180,WC-7,1075,open,2025-01-10
MO-1165,M-1211,WC-6,104,released,2026-10-18
MO-1166,M-1098,WC-13,1730,released,2026-12-25
MO-1167,M-1267,WC-12,3124,completed,12/14/2025
MO-1168,M-1071,WC-2,4416,OPEN,05/17/2024
MO-1169,M-1277,WC-14,3639,OPEN,09/23/2026
MO-1170,M-1287,WC-14,824,COMPLETED,09/12/2025
MO-1171,M-1123,WC-7,674,RELEASED,16-07-2026
MO-1172,M-1104,WC-11,2975,COMPLETED,12/09/2026
MO-1173,M-1059,WC-3,652,completed,02-07-2026
MO-1174,M-1015,WC-7,1503,OPEN,2025-09-27
MO-1175,M-1254,WC-9,2245,COMPLETED,2024-06-10
MO-1176,M-1018,WC-13,3230,COMPLETED,01-11-2026
MO-1177,M-1046,WC-14,647,COMPLETED,08-03-2024
MO-1178,M-1280,WC-4,4032,OPEN,04/04/2026
MO-1179,M-1164,WC-10,802,completed,12/24/2026
MO-1180,M-1040,WC-12,2763,completed,07/02/2026
MO-1181,M-1115,WC-15,4192,OPEN,02/15/2026
MO-1182,M-1019,WC-7,2300,OPEN,01/17/2025
MO-1183,M-1289,WC-13,4229,completed,2024-01-19
MO-1184,M-1272,WC-11,925,released,2026-05-21
MO-1185,M-1291,WC-10,3031,completed,2024-06-19
MO-1186,M-1291,WC-9,4780,open,03-12-2026
MO-1187,M-1108,WC-4,2000,released,2024-02-05
MO-1188,M-1298,WC-10,159,released,2025-08-10
MO-1189,M-1078,WC-4,1051,OPEN,10-03-2026
MO-1190,M-1143,WC-4,1014,COMPLETED,2024-06-07
MO-1191,M-1298,WC-12,83,open,04/12/2026
MO-1192,M-1292,WC-3,3156,open,2026-04-19
MO-1193,M-1228,WC-12,3918,completed,06/26/2026
MO-1194,M-1238,WC-12,260,completed,02/28/2024
MO-1195,M-1128,WC-8,1831,OPEN,2024-05-07
MO-1196,M-1077,WC-7,4616,OPEN,01/24/2025
MO-1197,M-1067,WC-15,4850,OPEN,09-11-2026
MO-1198,M-1027,WC-14,3531,released,2025-10-16
MO-1199,M-1240,WC-14,4828,RELEASED,10/09/2024
MO-1200,M-1176,WC-3,1945,RELEASED,2024-05-20
MO-1201,M-1022,WC-6,3488,completed,04/18/2025
MO-1202,M-1158,WC-6,4011,open,2024-10-18
MO-1203,M-1030,WC-5,600,OPEN,25-08-2026
MO-1204,M-1083,WC-8,3685,released,2024-10-18
MO-1205,M-1165,WC-4,2361,open,05/24/2025
MO-1206,M-1194,WC-15,3911,completed,2025-06-19
MO-1207,M-1111,WC-9,3284,released,2024-05-11
MO-1208,M-1257,WC-12,1328,COMPLETED,2025-06-02
MO-1209,M-1232,WC-2,372,COMPLETED,2026-10-17
MO-1210,M-1144,WC-5,312,open,2024-01-06
MO-1211,M-1278,WC-13,4080,OPEN,03/15/2024
MO-1212,M-1008,WC-13,1736,released,2026-12-10
MO-1213,M-1184,WC-13,1655,RELEASED,02-07-2024
MO-1214,M-1027,WC-1,1878,OPEN,22-04-2026
MO-1215,M-1022,WC-2,4747,RELEASED,04/16/2026
MO-1216,M-1102,WC-6,254,OPEN,01-12-2026
MO-1217,M-1138,WC-9,1104,open,2025-01-24
MO-1218,M-1294,WC-1,2751,COMPLETED,2025-12-19
MO-1219,M-1214,WC-2,1457,open,01/16/2025
MO-1220,M-1163,WC-7,2764,RELEASED,10/28/2026
MO-1221,M-1193,WC-11,4740,COMPLETED,2024-10-10
MO-1222,M-1030,WC-11,3704,OPEN,11/09/2024
MO-1223,M-1272,WC-2,3565,released,2025-01-07
MO-1224,M-1075,WC-5,903,COMPLETED,06-01-2025
MO-1225,M-1275,WC-15,444,OPEN,08/24/2025
MO-1226,M-1151,WC-1,3383,OPEN,01/24/2025
MO-1227,M-1196,WC-1,2532,COMPLETED,2025-11-16
MO-1228,M-1119,WC-2,4751,COMPLETED,2026-08-12
MO-1229,M-1125,WC-8,3541,OPEN,2026-05-05
MO-1230,M-1056,WC-5,1644,completed,06/27/2025
MO-1231,M-1235,WC-1,3719,released,2026-03-12
MO-1232,M-1073,WC-5,2072,completed,2026-09-26
MO-1233,M-1002,WC-15,4351,released,2025-09-19
MO-1234,M-1161,WC-7,3783,released,21-10-2025
MO-1235,M-1012,WC-2,1242,OPEN,2024-10-09
MO-1236,M-1098,WC-1,4264,released,04/23/2024
MO-1237,M-1135,WC-12,2985,RELEASED,2024-01-15
MO-1238,M-1012,WC-14,180,released,2024-03-15
MO-1239,M-1257,WC-12,260,COMPLETED,23-05-2024
MO-1240,M-1060,WC-15,786,open,2025-09-17
MO-1241,M-1113,WC-4,1708,released,11/08/2025
MO-1242,M-1096,WC-10,151,RELEASED,19-11-2024
MO-1243,M-1236,WC-1,3694,OPEN,11/25/2024
MO-1244,M-1267,WC-15,2839,RELEASED,2024-01-09
MO-1245,M-1207,WC-15,4261,RELEASED,07/21/2026
MO-1246,M-1073,WC-14,3062,released,2026-03-08
MO-1247,M-1263,WC-4,4311,COMPLETED,2025-01-21
MO-1248,M-1197,WC-8,2292,released,08-09-2025
MO-1249,M-1112,WC-14,3648,OPEN,2026-09-22
MO-1250,M-1265,WC-9,2023,RELEASED,26-06-2024
MO-1251,M-1003,WC-5,3427,RELEASED,08/18/2024
MO-1252,M-1249,WC-4,2781,OPEN,09/16/2026
MO-1253,M-1183,WC-12,2503,COMPLETED,04/17/2026
MO-1254,M-1234,WC-3,2681,RELEASED,2026-09-24
MO-1255,M-1293,WC-14,4033,completed,06/13/2026
MO-1256,M-1137,WC-11,3332,COMPLETED,2025-08-08
MO-1257,M-1132,WC-11,4223,completed,06/11/2026
MO-1258,M-1046,WC-14,1865,COMPLETED,2025-01-04
MO-1259,M-1295,WC-11,4494,COMPLETED,2026-05-15
MO-1260,M-1138,WC-8,958,COMPLETED,12-10-2026
MO-1261,M-1278,WC-6,2812,COMPLETED,2026-12-25
MO-1262,M-1171,WC-13,2264,RELEASED,2026-03-11
MO-1263,M-1081,WC-6,1863,open,2026-02-16
MO-1264,M-1145,WC-4,724,OPEN,2026-11-21
MO-1265,M-1283,WC-1,1429,completed,03-05-2025
MO-1266,M-1054,WC-1,1693,OPEN,2024-12-06
MO-1267,M-1059,WC-11,4317,COMPLETED,2025-05-13
MO-1268,M-1042,WC-1,3426,completed,12/08/2024
MO-1269,M-1142,WC-3,3659,completed,2024-07-11
MO-1270,M-1233,WC-6,70,released,03-12-2024
MO-1271,M-1258,WC-11,2229,open,04/21/2025
MO-1272,M-1223,WC-9,2736,completed,2025-05-24
MO-1273,M-1171,WC-7,3345,open,2024-03-05
MO-1274,M-1178,WC-2,4191,COMPLETED,2026-03-16
MO-1275,M-1225,WC-6,476,released,2026-05-17
MO-1276,M-1166,WC-4,4649,released,2024-06-04
MO-1277,M-1135,WC-1,4242,RELEASED,2025-11-10
MO-1278,M-1056,WC-1,770,open,2024-01-17
MO-1279,M-1252,WC-12,155,RELEASED,01-12-2024
MO-1280,M-1021,WC-6,504,RELEASED,2024-09-13
MO-1281,M-1023,WC-2,1209,COMPLETED,07-02-2024
MO-1282,M-1079,WC-15,3983,completed,07/21/2025
MO-1283,M-1113,WC-12,3026,COMPLETED,2026-10-05
MO-1284,M-1232,WC-9,274,completed,09/20/2026
MO-1285,M-1255,WC-9,1246,OPEN,04/17/2024
MO-1286,M-1208,WC-5,4797,open,12/10/2025
MO-1287,M-1296,WC-4,3283,COMPLETED,03-09-2024
MO-1288,M-1022,WC-10,34,open,2024-12-24
MO-1289,M-1051,WC-9,1199,completed,05/05/2025
MO-1290,M-1126,WC-9,1930,OPEN,2025-06-16
MO-1291,M-1148,WC-6,557,OPEN,2026-08-16
MO-1292,M-1232,WC-5,4154,OPEN,28-03-2026
MO-1293,M-1089,WC-8,2707,completed,04/17/2026
MO-1294,M-1116,WC-6,348,RELEASED,2024-01-18
MO-1295,M-1200,WC-14,1763,RELEASED,2026-01-19
MO-1296,M-1185,WC-8,1777,open,2026-07-06
MO-1297,M-1042,WC-1,4307,completed,2025-01-04
MO-1298,M-1028,WC-7,2280,completed,2025-11-16
MO-1299,M-1219,WC-9,2723,open,21-07-2025
MO-1300,M-1155,WC-14,2413,released,2024-08-14
MO-1301,M-1219,WC-8,4928,completed,11/02/2024
MO-1302,M-1051,WC-11,3811,OPEN,2025-05-16
MO-1303,M-1052,WC-7,179,RELEASED,2024-11-16
MO-1304,M-1147,WC-14,899,COMPLETED,09/21/2024
MO-1305,M-1056,WC-7,3543,RELEASED,11/12/2025
MO-1306,M-1234,WC-1,3349,released,2026-07-11
MO-1307,M-1105,WC-4,3626,COMPLETED,2026-12-10
MO-1308,M-1020,WC-12,3288,completed,04-10-2026
MO-1309,M-1297,WC-14,3173,RELEASED,27-11-2026
MO-1310,M-1258,WC-1,3336,released,2024-10-07
MO-1311,M-1258,WC-13,1767,RELEASED,06/18/2025
MO-1312,M-1123,WC-5,744,completed,2024-09-04
MO-1313,M-1216,WC-1,2153,open,2024-07-20
MO-1314,M-1168,WC-5,1402,OPEN,09/16/2025
MO-1315,M-1185,WC-15,2187,COMPLETED,2024-09-21
MO-1316,M-1187,WC-5,3421,completed,2025-06-07
MO-1317,M-1259,WC-8,2308,COMPLETED,03/08/2026
MO-1318,M-1229,WC-4,1350,completed,09/24/2026
MO-1319,M-1130,WC-4,3215,open,2024-11-03
MO-1320,M-1118,WC-2,401,released,05-08-2024
MO-1321,M-1067,WC-13,4586,OPEN,2026-04-17
MO-1322,M-1280,WC-10,4350,COMPLETED,01/05/2024
MO-1323,M-1149,WC-12,698,completed,08/03/2024
MO-1324,M-1148,WC-4,978,OPEN,2024-10-18
MO-1325,M-1061,WC-15,63,OPEN,2025-09-14
MO-1326,M-1261,WC-5,1802,open,01/08/2025
MO-1327,M-1032,WC-10,4709,OPEN,2026-01-16
MO-1328,M-1146,WC-11,2502,released,10/19/2025
MO-1329,M-1060,WC-3,4856,open,11/15/2026
MO-1330,M-1059,WC-6,2050,open,08-11-2026
MO-1331,M-1109,WC-1,3900,completed,08/24/2024
MO-1332,M-1105,WC-6,3859,open,2024-03-14
MO-1333,M-1117,WC-4,1316,RELEASED,09-04-2025
MO-1334,M-1139,WC-9,4497,open,2026-04-14
MO-1335,M-1136,WC-13,1130,released,08/26/2025
MO-1336,M-1162,WC-2,4644,released,06-04-2024
MO-1337,M-1263,WC-3,4722,open,2026-04-09
MO-1338,M-1199,WC-15,1709,OPEN,2026-02-25
MO-1339,M-1221,WC-14,325,open,2026-08-20
MO-1340,M-1008,WC-4,3503,OPEN,03/16/2026
MO-1341,M-1076,WC-4,4901,completed,2024-12-13
MO-1342,M-1200,WC-1,1650,released,02/01/2026
MO-1343,M-1110,WC-12,2278,RELEASED,06/09/2025
MO-1344,M-1235,WC-5,2751,completed,2024-09-09
MO-1345,M-1146,WC-3,3359,RELEASED,05-11-2025
MO-1346,M-1218,WC-8,1610,completed,27-03-2026
MO-1347,M-1018,WC-14,4013,RELEASED,28-11-2026
MO-1348,M-1185,WC-14,4400,open,08-01-2026
MO-1349,M-1155,WC-5,2719,completed,14-09-2024
MO-1350,M-1121,WC-7,4664,OPEN,13-03-2024
MO-1351,M-1017,WC-5,3586,RELEASED,05-03-2025
MO-1352,M-1026,WC-13,1095,COMPLETED,03/24/2026
MO-1353,M-1144,WC-8,515,COMPLETED,17-12-2025
MO-1354,M-1064,WC-7,4287,completed,2025-07-19
MO-1355,M-1167,WC-15,1468,completed,2024-08-09
MO-1356,M-1125,WC-9,2288,RELEASED,2026-02-02
MO-1357,M-1148,WC-9,1741,OPEN,2026-11-25
MO-1358,M-1257,WC-15,2676,COMPLETED,21-05-2026
MO-1359,M-1046,WC-1,4954,completed,2026-09-13
MO-1360,M-1266,WC-15,3131,released,28-09-2026
MO-1361,M-1247,WC-10,2091,completed,2024-03-15
MO-1362,M-1117,WC-11,607,COMPLETED,05-11-2025
MO-1363,M-1145,WC-8,3708,released,02/06/2026
MO-1364,M-1104,WC-11,1244,completed,02/23/2024
MO-1365,M-1241,WC-7,1414,completed,01/26/2024
MO-1366,M-1214,WC-13,2907,completed,2026-03-20
MO-1367,M-1270,WC-2,4536,OPEN,2025-09-15
MO-1368,M-1050,WC-1,4531,COMPLETED,2024-04-02
MO-1369,M-1126,WC-15,3681,COMPLETED,22-12-2026
MO-1370,M-1280,WC-5,1838,completed,2025-02-25
MO-1371,M-1121,WC-4,701,open,09/19/2026
MO-1372,M-1246,WC-8,996,open,11/09/2025
MO-1373,M-1006,WC-12,795,RELEASED,08/20/2024
MO-1374,M-1114,WC-14,4396,released,2026-10-17
MO-1375,M-1106,WC-1,325,OPEN,2024-05-20
MO-1376,M-1071,WC-5,3894,released,2026-01-18
MO-1377,M-1005,WC-15,4945,released,2026-10-03
MO-1378,M-1080,WC-3,4065,released,09/26/2024
MO-1379,M-1088,WC-15,4667,open,11/16/2025
MO-1380,M-1003,WC-12,957,released,12/22/2024
MO-1381,M-1175,WC-4,3277,open,2024-06-02
MO-1382,M-1103,WC-8,71,COMPLETED,2025-05-01
MO-1383,M-1277,WC-2,384,COMPLETED,2026-07-01
MO-1384,M-1229,WC-9,4803,RELEASED,2024-04-25
MO-1385,M-1095,WC-11,1015,open,08/25/2026
MO-1386,M-1205,WC-12,948,completed,2024-02-16
MO-1387,M-1274,WC-1,4252,RELEASED,09/07/2026
MO-1388,M-1179,WC-11,3389,completed,2024-10-26
MO-1389,M-1130,WC-9,4483,released,2024-11-13
MO-1390,M-1059,WC-8,314,released,05/18/2026
MO-1391,M-1044,WC-6,1471,open,07/16/2024
MO-1392,M-1293,WC-3,4663,released,2024-10-15
MO-1393,M-1157,WC-6,1485,COMPLETED,2026-06-02
MO-1394,M-1276,WC-14,2678,OPEN,2025-07-25
MO-1395,M-1038,WC-13,338,COMPLETED,10/10/2024
MO-1396,M-1258,WC-10,4159,COMPLETED,2024-04-11
MO-1397,M-1203,WC-10,2267,COMPLETED,09/25/2024
MO-1398,M-1048,WC-9,1982,released,06-05-2026
MO-1399,M-1291,WC-5,4445,COMPLETED,12/22/2024
MO-1400,M-1279,WC-11,3574,completed,09-01-2026
MO-1401,M-1206,WC-10,2586,OPEN,11/13/2024
MO-1402,M-1195,WC-6,3767,open,08/10/2025
MO-1403,M-1192,WC-14,2296,COMPLETED,05/16/2026
MO-1404,M-1298,WC-4,3554,COMPLETED,2024-10-05
MO-1405,M-1151,WC-5,1824,OPEN,2026-07-27
MO-1406,M-1010,WC-12,1203,RELEASED,07/03/2024
MO-1407,M-1260,WC-10,1165,RELEASED,2026-04-19
MO-1408,M-1135,WC-3,3113,RELEASED,10/20/2025
MO-1409,M-1034,WC-7,875,RELEASED,2025-10-17
MO-1410,M-1193,WC-13,4529,RELEASED,03/11/2026
MO-1411,M-1276,WC-10,1384,COMPLETED,2025-09-27
MO-1412,M-1173,WC-3,2487,completed,2024-11-02
MO-1413,M-1297,WC-5,4548,COMPLETED,2024-06-19
MO-1414,M-1288,WC-13,547,released,2024-08-11
MO-1415,M-1097,WC-4,3041,COMPLETED,2024-06-20
MO-1416,M-1161,WC-2,842,completed,05/11/2025
MO-1417,M-1256,WC-15,2200,OPEN,2024-08-08
MO-1418,M-1013,WC-1,1607,OPEN,2025-11-04
MO-1419,M-1273,WC-10,2601,open,2024-06-27
MO-1420,M-1154,WC-10,1733,released,2024-10-25
MO-1421,M-1047,WC-12,3598,OPEN,2024-11-06
MO-1422,M-1245,WC-8,2974,COMPLETED,24-07-2024
MO-1423,M-1284,WC-6,3300,open,21-03-2024
MO-1424,M-1033,WC-12,3813,RELEASED,2024-10-07
MO-1425,M-1030,WC-13,1449,OPEN,18-01-2024
MO-1426,M-1183,WC-1,4993,OPEN,24-12-2026
MO-1427,M-1095,WC-11,4748,OPEN,2024-12-17
MO-1428,M-1169,WC-11,4177,released,17-02-2025
MO-1429,M-1200,WC-3,2436,released,2024-11-27
MO-1430,M-1080,WC-10,1747,open,2024-04-24
MO-1431,M-1036,WC-10,2059,OPEN,2024-12-28
MO-1432,M-1135,WC-2,4380,open,2024-07-08
MO-1433,M-1053,WC-5,4376,RELEASED,26-03-2024
MO-1434,M-1162,WC-12,3585,completed,05-12-2024
MO-1435,M-1177,WC-6,2863,OPEN,01/05/2026
MO-1436,M-1050,WC-15,4666,open,05/04/2025
MO-1437,M-1089,WC-9,4624,open,11/15/2025
MO-1438,M-1013,WC-4,3575,completed,2025-09-25
MO-1439,M-1145,WC-7,497,OPEN,16-01-2026
MO-1440,M-1170,WC-4,4304,completed,07-06-2025
MO-1441,M-1292,WC-6,1900,open,01/20/2026
MO-1442,M-1106,WC-6,2714,RELEASED,2024-08-26
MO-1443,M-1054,WC-12,3618,released,2024-08-27
MO-1444,M-1277,WC-11,1355,COMPLETED,04/03/2026
MO-1445,M-1186,WC-4,2013,COMPLETED,02/13/2025
MO-1446,M-1262,WC-13,1761,OPEN,07/26/2025
MO-1447,M-1075,WC-5,2404,open,01-09-2025
MO-1448,M-1290,WC-8,484,RELEASED,17-07-2026
MO-1449,M-1104,WC-2,3021,OPEN,2026-09-01
MO-1450,M-1052,WC-11,4260,open,2025-01-28
MO-1451,M-1036,WC-6,413,OPEN,2024-08-05
MO-1452,M-1137,WC-5,2910,completed,08/19/2025
MO-1453,M-1205,WC-3,2946,RELEASED,17-08-2025
MO-1454,M-1241,WC-8,2374,RELEASED,2025-11-14
MO-1455,M-1143,WC-9,1741,COMPLETED,2024-10-09
MO-1456,M-1264,WC-6,332,COMPLETED,08-05-2024
MO-1457,M-1035,WC-15,3444,open,2024-10-04
MO-1458,M-1129,WC-4,1196,open,2026-08-21
MO-1459,M-1129,WC-7,4187,released,2024-02-21
MO-1460,M-1266,WC-13,3416,open,2025-11-08
MO-1461,M-1263,WC-6,1463,COMPLETED,2024-12-15
MO-1462,M-1110,WC-6,2520,RELEASED,2024-11-12
MO-1463,M-1027,WC-13,2003,completed,2025-12-03
MO-1464,M-1116,WC-1,3176,open,2026-06-02
MO-1465,M-1161,WC-10,3533,RELEASED,08/12/2025
MO-1466,M-1185,WC-14,4114,released,14-04-2026
MO-1467,M-1181,WC-13,4698,open,04/09/2025
MO-1468,M-1076,WC-12,3328,completed,2024-02-27
MO-1469,M-1280,WC-2,1910,OPEN,2024-06-06
MO-1470,M-1126,WC-15,557,completed,04/13/2024
MO-1471,M-1004,WC-15,2161,COMPLETED,05/28/2025
MO-1472,M-1274,WC-9,1908,open,2025-10-05
MO-1473,M-1086,WC-14,3134,released,2025-01-12
MO-1474,M-1247,WC-5,2367,completed,06/15/2024
MO-1475,M-1173,WC-2,4372,released,2024-10-02
MO-1476,M-1042,WC-6,3369,OPEN,17-11-2024
MO-1477,M-1245,WC-2,63,RELEASED,18-10-2026
MO-1478,M-1097,WC-15,3451,released,2026-10-04
MO-1479,M-1294,WC-10,1622,open,07-12-2024
MO-1480,M-1071,WC-7,2125,completed,2026-01-04
MO-1481,M-1189,WC-10,1107,released,05/24/2026
MO-1482,M-1293,WC-1,3550,OPEN,20-08-2024
MO-1483,M-1068,WC-3,4804,COMPLETED,13-10-2025
MO-1484,M-1075,WC-9,4068,open,06-11-2024
MO-1485,M-1188,WC-13,3323,OPEN,09/16/2025
MO-1486,M-1137,WC-14,4444,completed,2025-08-08
MO-1487,M-1104,WC-8,296,open,2025-04-17
MO-1488,M-1071,WC-10,2323,completed,02/13/2025
MO-1489,M-1209,WC-9,2186,released,05/16/2024
MO-1490,M-1100,WC-2,2564,completed,2025-09-05
MO-1491,M-1259,WC-8,176,COMPLETED,11/04/2025
MO-1492,M-1150,WC-8,4022,released,25-05-2024
MO-1493,M-1266,WC-5,1147,completed,03/04/2026
MO-1494,M-1195,WC-14,1535,OPEN,2026-09-01
MO-1495,M-1050,WC-14,3234,OPEN,2024-01-05
MO-1496,M-1277,WC-1,4571,open,12/12/2025
MO-1497,M-1277,WC-7,3157,open,2024-11-16
MO-1498,M-1298,WC-15,4708,OPEN,12/18/2024
MO-1499,M-1120,WC-15,243,released,09/24/2024
MO-1500,M-1038,WC-3,4853,OPEN,01-05-2026
MO-1501,M-1174,WC-4,139,completed,24-11-2026
MO-1502,M-1186,WC-1,1966,released,11/11/2026
MO-1503,M-1255,WC-2,3866,open,2024-02-17
MO-1504,M-1213,WC-12,2432,COMPLETED,2024-01-27
MO-1505,M-1012,WC-3,2621,OPEN,28-07-2026
MO-1506,M-1239,WC-1,3448,OPEN,2026-12-14
MO-1507,M-1052,WC-2,1794,OPEN,2024-07-22
MO-1508,M-1162,WC-13,1252,OPEN,01/17/2026
MO-1509,M-1130,WC-1,4542,RELEASED,2024-01-04
MO-1510,M-1091,WC-15,62,RELEASED,2024-12-07
MO-1511,M-1024,WC-8,1124,OPEN,2025-02-12
MO-1512,M-1278,WC-1,71,RELEASED,26-04-2025
MO-1513,M-1106,WC-14,2268,released,2024-08-08
MO-1514,M-1062,WC-10,548,OPEN,2026-07-08
MO-1515,M-1108,WC-6,878,completed,2025-12-03
MO-1516,M-1297,WC-15,4405,OPEN,2025-01-22
MO-1517,M-1132,WC-15,3335,COMPLETED,12/09/2024
MO-1518,M-1048,WC-13,4478,released,18-06-2025
MO-1519,M-1213,WC-7,3056,RELEASED,2025-06-03
MO-1520,M-1076,WC-2,4402,OPEN,24-12-2024
MO-1521,M-1297,WC-4,2010,released,02-08-2026
MO-1522,M-1211,WC-12,2029,released,10/14/2026
MO-1523,M-1227,WC-15,10,completed,2026-09-19
MO-1524,M-1033,WC-3,2693,COMPLETED,2026-10-24
MO-1525,M-1217,WC-13,3637,COMPLETED,06/10/2025
MO-1526,M-1116,WC-1,2906,COMPLETED,02/06/2025
MO-1527,M-1276,WC-4,3192,COMPLETED,12/18/2026
MO-1528,M-1225,WC-7,2797,OPEN,2026-04-01
MO-1529,M-1088,WC-13,1877,RELEASED,07/26/2025
MO-1530,M-1058,WC-7,910,completed,2024-03-28
MO-1531,M-1007,WC-6,4638,open,2024-11-19
MO-1532,M-1159,WC-5,4478,released,07/13/2024
MO-1533,M-1213,WC-8,3195,open,2025-02-04
MO-1534,M-1211,WC-6,4296,released,2026-05-22
MO-1535,M-1102,WC-8,838,OPEN,2025-01-23
MO-1536,M-1117,WC-11,3874,released,2024-01-06
MO-1537,M-1229,WC-3,1050,RELEASED,20-03-2025
MO-1538,M-1191,WC-12,1279,OPEN,2024-03-28
MO-1539,M-1090,WC-8,4033,completed,2026-07-18
MO-1540,M-1219,WC-13,3533,open,08/28/2025
MO-1541,M-1265,WC-6,2699,OPEN,2026-04-15
MO-1542,M-1169,WC-6,2324,completed,2026-10-26
MO-1543,M-1012,WC-5,310,COMPLETED,2026-03-08
MO-1544,M-1075,WC-9,2356,RELEASED,04/07/2024
MO-1545,M-1122,WC-14,4687,completed,12/24/2024
MO-1546,M-1091,WC-15,760,completed,2024-09-14
MO-1547,M-1214,WC-2,3302,open,08/18/2024
MO-1548,M-1036,WC-11,4778,COMPLETED,08/04/2025
MO-1549,M-1144,WC-11,4331,completed,2025-03-05
MO-1550,M-1278,WC-4,4406,released,2025-12-01
MO-1551,M-1233,WC-11,1241,OPEN,07/28/2026
MO-1552,M-1235,WC-8,3909,OPEN,05/24/2024
MO-1553,M-1000,WC-14,2682,RELEASED,14-11-2025
MO-1554,M-1214,WC-13,4358,RELEASED,2026-04-19
MO-1555,M-1220,WC-13,4292,RELEASED,2024-08-21
MO-1556,M-1024,WC-15,1849,completed,2026-03-09
MO-1557,M-1145,WC-4,422,COMPLETED,2024-10-21
MO-1558,M-1046,WC-15,589,completed,17-10-2025
MO-1559,M-1118,WC-15,2593,open,23-10-2026
MO-1560,M-1169,WC-2,4771,RELEASED,2026-06-23
MO-1561,M-1103,WC-6,2572,OPEN,2026-11-04
MO-1562,M-1186,WC-2,4659,RELEASED,2026-07-02
MO-1563,M-1232,WC-2,889,RELEASED,2024-02-01
MO-1564,M-1248,WC-15,3813,released,2025-12-17
MO-1565,M-1264,WC-14,557,OPEN,01/06/2024
MO-1566,M-1260,WC-15,1745,completed,26-04-2024
MO-1567,M-1142,WC-6,1193,OPEN,12/25/2026
MO-1568,M-1242,WC-12,214,released,02/15/2025
MO-1569,M-1270,WC-5,3082,COMPLETED,04/19/2024
MO-1570,M-1076,WC-2,2245,completed,2026-11-02
MO-1571,M-1182,WC-7,4696,OPEN,2026-04-02
MO-1572,M-1235,WC-13,1188,released,2025-06-04
MO-1573,M-1271,WC-14,2888,COMPLETED,12/18/2024
MO-1574,M-1075,WC-10,2659,released,01-02-2024
MO-1575,M-1283,WC-4,3789,RELEASED,2025-10-16
MO-1576,M-1162,WC-7,3055,open,2024-07-15
MO-1577,M-1239,WC-9,4497,RELEASED,2025-11-03
MO-1578,M-1201,WC-2,3407,RELEASED,2024-04-25
MO-1579,M-1040,WC-15,3801,completed,2025-08-06
MO-1580,M-1051,WC-3,1575,completed,2025-07-08
MO-1581,M-1188,WC-4,816,released,2024-10-14
MO-1582,M-1173,WC-1,4787,completed,2026-04-07
MO-1583,M-1129,WC-6,3176,released,2025-03-06
MO-1584,M-1139,WC-4,1581,OPEN,2026-10-24
MO-1585,M-1091,WC-12,2403,RELEASED,2025-01-19
MO-1586,M-1221,WC-13,4547,open,2026-09-21
MO-1587,M-1160,WC-6,1689,open,18-12-2025
MO-1588,M-1085,WC-11,3529,COMPLETED,2024-02-25
MO-1589,M-1161,WC-4,1197,OPEN,19-08-2025
MO-1590,M-1114,WC-2,989,open,2026-07-07
MO-1591,M-1047,WC-6,1360,COMPLETED,12-06-2025
MO-1592,M-1280,WC-10,1361,COMPLETED,2025-01-20
MO-1593,M-1123,WC-8,2280,completed,2026-05-17
MO-1594,M-1024,WC-13,2884,released,2026-06-07
MO-1595,M-1127,WC-11,2867,completed,2026-11-08
MO-1596,M-1082,WC-10,3866,RELEASED,2026-03-08
MO-1597,M-1265,WC-12,502,released,11/21/2024
MO-1598,M-1082,WC-13,2176,completed,12/01/2026
MO-1599,M-1037,WC-3,2074,RELEASED,2025-06-28
MO-1600,M-1223,WC-3,1493,released,2026-04-09
MO-1601,M-1133,WC-12,3639,completed,2025-10-10
MO-1602,M-1083,WC-8,4303,released,2024-09-22
MO-1603,M-1270,WC-2,2949,OPEN,20-03-2025
MO-1604,M-1047,WC-4,956,released,03/05/2025
MO-1605,M-1100,WC-11,465,RELEASED,08-09-2024
MO-1606,M-1182,WC-6,127,RELEASED,2024-07-24
MO-1607,M-1228,WC-12,2088,released,2024-09-18
MO-1608,M-1170,WC-2,4207,RELEASED,01/01/2026
MO-1609,M-1251,WC-6,111,released,2026-07-04
MO-1610,M-1008,WC-10,1997,RELEASED,2026-07-28
MO-1611,M-1242,WC-14,1512,OPEN,2024-03-24
MO-1612,M-1275,WC-8,1497,RELEASED,2026-10-05
MO-1613,M-1219,WC-13,2538,OPEN,2026-05-23
MO-1614,M-1208,WC-2,1170,COMPLETED,2024-06-06
MO-1615,M-1099,WC-5,655,OPEN,04-09-2025
MO-1616,M-1106,WC-4,395,RELEASED,10/21/2026
MO-1617,M-1093,WC-11,1745,released,2024-02-24
MO-1618,M-1251,WC-5,2634,COMPLETED,2026-01-22
MO-1619,M-1038,WC-14,4239,released,01-08-2026
MO-1620,M-1096,WC-7,2868,open,2026-07-17
MO-1621,M-1103,WC-1,2216,COMPLETED,2024-11-17
MO-1622,M-1085,WC-6,493,OPEN,15-07-2025
MO-1623,M-1206,WC-9,1892,open,2026-12-02
MO-1624,M-1269,WC-9,3011,completed,2026-09-09
MO-1625,M-1277,WC-6,4444,COMPLETED,2026-02-01
MO-1626,M-1173,WC-7,678,OPEN,2025-07-11
MO-1627,M-1298,WC-14,4470,OPEN,20-04-2024
MO-1628,M-1221,WC-8,607,completed,16-10-2025
MO-1629,M-1146,WC-5,1668,open,22-07-2024
MO-1630,M-1151,WC-15,2303,COMPLETED,2024-09-07
MO-1631,M-1063,WC-4,992,completed,06/20/2024
MO-1632,M-1148,WC-11,1602,released,16-07-2025
MO-1633,M-1266,WC-13,1339,RELEASED,13-12-2025
MO-1634,M-1229,WC-4,2468,open,07/20/2026
MO-1635,M-1126,WC-15,3265,RELEASED,02/15/2025
MO-1636,M-1105,WC-12,3908,COMPLETED,2024-04-27
MO-1637,M-1082,WC-1,4792,open,2026-12-15
MO-1638,M-1074,WC-1,1517,COMPLETED,2025-01-04
MO-1639,M-1133,WC-13,609,released,2025-01-20
MO-1640,M-1186,WC-8,2170,COMPLETED,2025-08-27
MO-1641,M-1069,WC-10,1248,open,02/27/2024
MO-1642,M-1099,WC-7,4403,completed,23-05-2025
MO-1643,M-1129,WC-10,988,completed,10/05/2026
MO-1644,M-1290,WC-4,4348,RELEASED,2026-09-17
MO-1645,M-1047,WC-1,4087,COMPLETED,2025-06-07
MO-1646,M-1189,WC-1,3542,open,07-08-2024
MO-1647,M-1210,WC-12,1506,COMPLETED,2024-06-13
MO-1648,M-1067,WC-1,4085,COMPLETED,02-12-2024
MO-1649,M-1172,WC-11,4186,open,19-09-2024
MO-1650,M-1242,WC-11,1208,RELEASED,2026-10-18
MO-1651,M-1230,WC-5,1096,OPEN,2026-01-21
MO-1652,M-1254,WC-13,4197,completed,2024-05-16
MO-1653,M-1049,WC-12,4656,open,01/09/2025
MO-1654,M-1079,WC-9,3979,COMPLETED,10/20/2025
MO-1655,M-1052,WC-5,2794,RELEASED,2025-11-12
MO-1656,M-1049,WC-5,2032,COMPLETED,2025-05-21
MO-1657,M-1270,WC-3,1956,completed,2024-12-15
MO-1658,M-1212,WC-8,2556,RELEASED,12-07-2025
MO-1659,M-1201,WC-1,898,completed,06/08/2026
MO-1660,M-1140,WC-10,3640,open,2025-11-14
MO-1661,M-1263,WC-5,3178,open,25-04-2024
MO-1662,M-1173,WC-4,2006,released,2025-11-09
MO-1663,M-1248,WC-13,194,RELEASED,08/06/2025
MO-1664,M-1068,WC-7,563,open,09-08-2024
MO-1665,M-1114,WC-9,1316,COMPLETED,11-03-2024
MO-1666,M-1198,WC-3,394,OPEN,13-08-2024
MO-1667,M-1213,WC-12,3235,COMPLETED,2024-07-16
MO-1668,M-1079,WC-4,3933,RELEASED,19-11-2024
MO-1669,M-1166,WC-5,1656,OPEN,2025-07-24
MO-1670,M-1204,WC-6,4766,open,04/18/2025
MO-1671,M-1116,WC-11,4991,released,22-09-2026
MO-1672,M-1092,WC-4,16,COMPLETED,2025-08-03
MO-1673,M-1098,WC-2,4207,completed,2024-04-06
MO-1674,M-1264,WC-9,875,open,10/07/2024
MO-1675,M-1012,WC-13,1011,RELEASED,04/03/2024
MO-1676,M-1288,WC-15,3830,RELEASED,11-04-2026
MO-1677,M-1077,WC-15,23,open,2025-12-15
MO-1678,M-1226,WC-13,4338,open,2025-04-04
MO-1679,M-1288,WC-2,770,released,2024-11-07
MO-1680,M-1160,WC-8,1558,COMPLETED,2024-02-02
MO-1681,M-1105,WC-8,142,open,2026-10-21
MO-1682,M-1047,WC-3,687,OPEN,11/26/2025
MO-1683,M-1265,WC-4,4846,RELEASED,07-11-2026
MO-1684,M-1131,WC-5,841,completed,2026-04-17
MO-1685,M-1185,WC-2,2827,completed,2024-01-08
MO-1686,M-1178,WC-8,1918,OPEN,2024-06-13
MO-1687,M-1258,WC-3,1171,OPEN,2026-07-09
MO-1688,M-1185,WC-12,3384,completed,12-05-2025
MO-1689,M-1182,WC-1,2971,COMPLETED,2024-12-20
MO-1690,M-1188,WC-10,1634,OPEN,25-01-2026
MO-1691,M-1154,WC-3,866,COMPLETED,04/23/2026
MO-1692,M-1178,WC-3,793,RELEASED,2025-05-21
MO-1693,M-1130,WC-8,4217,completed,2024-10-11
MO-1694,M-1148,WC-12,4114,RELEASED,09-12-2024
MO-1695,M-1086,WC-5,897,OPEN,02-11-2025
MO-1696,M-1255,WC-13,3977,completed,2025-09-22
MO-1697,M-1117,WC-4,515,open,05/07/2026
MO-1698,M-1039,WC-6,2472,open,2026-04-16
MO-1699,M-1082,WC-7,91,COMPLETED,2024-12-01
MO-1700,M-1176,WC-10,4814,open,04/14/2025
MO-1701,M-1065,WC-12,3398,completed,03/02/2025
MO-1702,M-1165,WC-7,1452,OPEN,2025-03-27
MO-1703,M-1002,WC-1,1436,OPEN,05/12/2024
MO-1704,M-1109,WC-1,3030,open,12/06/2026
MO-1705,M-1024,WC-8,3536,released,2026-04-13
MO-1706,M-1087,WC-4,2402,open,10/14/2026
MO-1707,M-1206,WC-12,871,RELEASED,07/25/2026
MO-1708,M-1054,WC-2,2218,COMPLETED,04-05-2024
MO-1709,M-1294,WC-8,4670,COMPLETED,2025-07-10
MO-1710,M-1244,WC-5,495,released,2025-05-02
MO-1711,M-1213,WC-8,1896,completed,2025-03-03
MO-1712,M-1191,WC-12,4890,RELEASED,2025-11-09
MO-1713,M-1045,WC-2,2747,COMPLETED,2025-11-18
MO-1714,M-1278,WC-8,61,RELEASED,02/09/2026
MO-1715,M-1256,WC-11,393,COMPLETED,01/24/2026
MO-1716,M-1147,WC-13,4222,COMPLETED,02/24/2025
MO-1717,M-1263,WC-9,1732,open,20-06-2025
MO-1718,M-1211,WC-15,978,open,14-12-2025
MO-1719,M-1226,WC-12,4544,completed,10/14/2024
MO-1720,M-1101,WC-7,3812,open,01/27/2026
MO-1721,M-1150,WC-13,118,open,11/08/2026
MO-1722,M-1154,WC-12,2269,completed,2025-07-10
MO-1723,M-1010,WC-7,1244,RELEASED,2024-09-05
MO-1724,M-1050,WC-8,3755,OPEN,2025-11-08
MO-1725,M-1280,WC-14,1142,open,11-11-2026
MO-1726,M-1042,WC-7,2326,completed,27-01-2026
MO-1727,M-1188,WC-5,3227,OPEN,21-01-2025
MO-1728,M-1237,WC-3,4644,RELEASED,2024-12-26
MO-1729,M-1069,WC-14,223,open,01/05/2024
MO-1730,M-1103,WC-15,4670,OPEN,04/08/2025
MO-1731,M-1121,WC-2,3745,RELEASED,10/01/2024
MO-1732,M-1053,WC-1,3597,completed,07/02/2026
MO-1733,M-1070,WC-11,3588,released,10/20/2026
MO-1734,M-1008,WC-8,1355,COMPLETED,2024-04-05
MO-1735,M-1231,WC-1,3494,open,2026-09-24
MO-1736,M-1105,WC-13,2848,completed,05-12-2026
MO-1737,M-1177,WC-11,3850,open,2026-01-02
MO-1738,M-1169,WC-9,4539,RELEASED,04/18/2025
MO-1739,M-1200,WC-7,2093,RELEASED,08/27/2026
MO-1740,M-1103,WC-7,1738,COMPLETED,2026-09-13
MO-1741,M-1048,WC-14,3374,OPEN,2025-03-12
MO-1742,M-1202,WC-6,2708,OPEN,05/22/2026
MO-1743,M-1013,WC-15,1386,released,15-03-2026
MO-1744,M-1296,WC-5,141,released,14-03-2025
MO-1745,M-1290,WC-3,2003,OPEN,2026-02-20
MO-1746,M-1284,WC-7,3117,released,2026-12-16
MO-1747,M-1228,WC-13,2933,open,12/02/2026
MO-1748,M-1219,WC-12,1989,completed,2025-08-17
MO-1749,M-1152,WC-3,1114,COMPLETED,2025-11-18
MO-1750,M-1078,WC-9,4055,OPEN,07/26/2026
MO-1751,M-1162,WC-15,3512,COMPLETED,2026-10-08
MO-1752,M-1230,WC-12,1754,COMPLETED,22-05-2025
MO-1753,M-1266,WC-4,2989,OPEN,2024-01-02
MO-1754,M-1101,WC-4,1099,RELEASED,2025-06-13
MO-1755,M-1250,WC-7,3556,OPEN,2025-09-01
MO-1756,M-1229,WC-1,249,open,05/05/2024
MO-1757,M-1267,WC-15,4277,completed,2025-04-05
MO-1758,M-1262,WC-1,3528,OPEN,10/11/2025
MO-1759,M-1052,WC-2,4390,released,2025-09-02
MO-1760,M-1218,WC-6,2828,open,13-08-2025
MO-1761,M-1220,WC-7,4506,open,01/20/2026
MO-1762,M-1082,WC-12,3967,released,2025-10-14
MO-1763,M-1274,WC-8,3878,COMPLETED,04/17/2024
MO-1764,M-1170,WC-8,1059,open,04/09/2024
MO-1765,M-1091,WC-3,498,OPEN,08/21/2025
MO-1766,M-1005,WC-10,130,completed,2024-04-20
MO-1767,M-1053,WC-12,570,RELEASED,2026-12-08
MO-1768,M-1101,WC-1,3509,OPEN,2026-01-12
MO-1769,M-1147,WC-9,1579,COMPLETED,10-10-2024
MO-1770,M-1246,WC-14,631,COMPLETED,2025-04-18
MO-1771,M-1276,WC-10,3203,released,02/20/2025
MO-1772,M-1126,WC-12,3560,COMPLETED,11/25/2026
MO-1773,M-1021,WC-3,986,released,10/24/2025
MO-1774,M-1218,WC-1,126,RELEASED,2025-10-18
MO-1775,M-1036,WC-10,3870,released,12/08/2026
MO-1776,M-1118,WC-15,3847,completed,04-06-2026
MO-1777,M-1015,WC-2,1881,COMPLETED,2026-05-26
MO-1778,M-1049,WC-10,4195,COMPLETED,07-05-2025
MO-1779,M-1221,WC-5,4064,RELEASED,2025-04-11
MO-1780,M-1043,WC-5,4877,OPEN,2026-11-07
MO-1781,M-1230,WC-13,2704,open,2026-03-18
MO-1782,M-1163,WC-12,253,COMPLETED,2026-01-03
MO-1783,M-1016,WC-11,2682,open,16-02-2026
MO-1784,M-1289,WC-13,1334,RELEASED,05-07-2024
MO-1785,M-1213,WC-10,1971,completed,10/03/2024
MO-1786,M-1000,WC-3,1934,completed,08/24/2025
MO-1787,M-1072,WC-6,2844,completed,2026-07-12
MO-1788,M-1093,WC-11,847,open,2024-12-06
MO-1789,M-1282,WC-6,1696,completed,07/18/2025
MO-1790,M-1143,WC-2,3101,released,2024-12-10
MO-1791,M-1073,WC-8,4339,open,2024-06-21
MO-1792,M-1064,WC-3,832,RELEASED,08/24/2025
MO-1793,M-1015,WC-3,4317,open,07-07-2025
MO-1794,M-1205,WC-3,720,OPEN,2024-03-17
MO-1795,M-1162,WC-8,4750,OPEN,2024-07-24
MO-1796,M-1077,WC-11,4912,completed,09-05-2026
MO-1797,M-1011,WC-9,2448,COMPLETED,11/19/2025
MO-1798,M-1020,WC-14,2714,completed,2025-05-20
MO-1799,M-1140,WC-5,391,completed,2026-11-12
MO-1800,M-1241,WC-8,3074,released,2024-02-23
MO-1801,M-1284,WC-3,3411,released,11/21/2026
MO-1802,M-1243,WC-3,4894,released,11/07/2025
MO-1803,M-1228,WC-5,4882,OPEN,04/27/2024
MO-1804,M-1050,WC-13,2009,completed,05-06-2026
MO-1805,M-1266,WC-15,4624,completed,2025-02-27
MO-1806,M-1028,WC-12,2896,RELEASED,08-11-2026
MO-1807,M-1039,WC-14,135,released,06/26/2024
MO-1808,M-1051,WC-1,2575,completed,2025-08-15
MO-1809,M-1099,WC-5,1587,open,22-05-2024
MO-1810,M-1050,WC-4,1590,released,2024-05-08
MO-1811,M-1273,WC-1,1936,RELEASED,2025-07-17
MO-1812,M-1075,WC-3,4998,OPEN,2025-01-04
MO-1813,M-1077,WC-8,2144,COMPLETED,2024-05-18
MO-1814,M-1212,WC-7,4173,released,2025-11-28
MO-1815,M-1087,WC-10,2734,open,2025-04-18
MO-1816,M-1153,WC-6,3048,COMPLETED,08/17/2025
MO-1817,M-1255,WC-7,1592,completed,03-03-2026
MO-1818,M-1153,WC-3,1927,open,2024-01-02
MO-1819,M-1212,WC-3,2628,completed,2025-03-17
MO-1820,M-1044,WC-10,517,open,2024-03-21
MO-1821,M-1171,WC-2,4710,completed,11/03/2025
MO-1822,M-1125,WC-7,4217,released,2024-07-28
MO-1823,M-1022,WC-13,2662,COMPLETED,2026-01-26
MO-1824,M-1291,WC-13,1727,COMPLETED,2026-07-01
MO-1825,M-1265,WC-10,1159,OPEN,10-06-2026
MO-1826,M-1067,WC-8,4571,completed,2025-04-27
MO-1827,M-1210,WC-8,4610,open,2024-04-26
MO-1828,M-1006,WC-7,2761,released,16-11-2024
MO-1829,M-1018,WC-14,938,released,10/17/2024
MO-1830,M-1094,WC-13,4840,open,2024-10-08
MO-1831,M-1183,WC-14,4815,COMPLETED,21-03-2025
MO-1832,M-1026,WC-14,4101,completed,2025-01-11
MO-1833,M-1154,WC-15,3158,COMPLETED,28-11-2026
MO-1834,M-1280,WC-7,946,OPEN,2026-06-19
MO-1835,M-1055,WC-10,3621,released,2024-02-07
MO-1836,M-1145,WC-9,3780,completed,19-12-2026
MO-1837,M-1089,WC-8,4032,RELEASED,04/25/2024
MO-1838,M-1109,WC-11,3936,released,2026-06-11
MO-1839,M-1117,WC-9,69,completed,12/11/2026
MO-1840,M-1185,WC-8,1387,RELEASED,05/12/2025
MO-1841,M-1015,WC-8,222,RELEASED,09/28/2026
MO-1842,M-1119,WC-2,3041,released,11/12/2025
MO-1843,M-1290,WC-2,4325,released,09/10/2024
MO-1844,M-1167,WC-13,1573,released,24-10-2025
MO-1845,M-1074,WC-14,2366,COMPLETED,2024-04-21
MO-1846,M-1024,WC-13,1641,COMPLETED,06/06/2024
MO-1847,M-1196,WC-10,12,completed,19-02-2024
MO-1848,M-1290,WC-3,3606,RELEASED,2025-01-26
MO-1849,M-1213,WC-3,2707,open,09/24/2026
MO-1850,M-1074,WC-2,4552,completed,2025-01-01
MO-1851,M-1205,WC-12,859,OPEN,2026-10-14
MO-1852,M-1283,WC-14,3293,COMPLETED,26-07-2026
MO-1853,M-1189,WC-5,2419,OPEN,2026-12-28
MO-1854,M-1055,WC-8,1606,OPEN,2024-02-18
MO-1855,M-1163,WC-1,4629,released,2025-09-15
MO-1856,M-1286,WC-11,84,completed,11-12-2024
MO-1857,M-1277,WC-8,4052,COMPLETED,2025-05-15
MO-1858,M-1249,WC-2,1971,RELEASED,2026-03-09
MO-1859,M-1070,WC-3,2575,OPEN,2026-04-22
MO-1860,M-1265,WC-9,4731,RELEASED,06-10-2024
MO-1861,M-1164,WC-4,3532,released,01/21/2025
MO-1862,M-1226,WC-8,3161,open,2025-07-23
MO-1863,M-1190,WC-3,4938,RELEASED,01/07/2024
MO-1864,M-1232,WC-14,1070,RELEASED,2026-09-25
MO-1865,M-1032,WC-6,3456,OPEN,2025-10-13
MO-1866,M-1022,WC-5,3308,OPEN,15-02-2025
MO-1867,M-1234,WC-1,4754,COMPLETED,03/20/2024
MO-1868,M-1200,WC-4,2798,open,01/06/2024
MO-1869,M-1284,WC-9,1909,open,26-09-2024
MO-1870,M-1170,WC-11,526,OPEN,03/04/2026
MO-1871,M-1061,WC-5,2416,open,08-01-2025
MO-1872,M-1168,WC-7,2181,RELEASED,2024-06-03
MO-1873,M-1133,WC-11,222,released,14-02-2026
MO-1874,M-1158,WC-15,2912,COMPLETED,2025-01-26
MO-1875,M-1245,WC-9,2968,completed,2024-03-16
MO-1876,M-1293,WC-10,4744,released,2025-04-16
MO-1877,M-1291,WC-4,765,OPEN,12/24/2026
MO-1878,M-1243,WC-9,4463,COMPLETED,03/25/2025
MO-1879,M-1161,WC-14,56,released,2024-01-17
MO-1880,M-1133,WC-12,362,released,04/24/2025
MO-1881,M-1054,WC-15,2900,COMPLETED,08/20/2025
MO-1882,M-1230,WC-4,2152,completed,2024-08-23
MO-1883,M-1200,WC-15,4071,released,2024-03-02
MO-1884,M-1296,WC-4,4624,RELEASED,2025-06-01
MO-1885,M-1226,WC-11,1927,released,2025-11-18
MO-1886,M-1100,WC-13,1637,RELEASED,2024-09-22
MO-1887,M-1101,WC-11,3996,released,2024-11-27
MO-1888,M-1143,WC-13,3138,COMPLETED,2024-12-04
MO-1889,M-1166,WC-2,2629,RELEASED,16-01-2025
MO-1890,M-1163,WC-14,2228,COMPLETED,12-05-2026
MO-1891,M-1053,WC-8,248,RELEASED,10/09/2024
MO-1892,M-1135,WC-6,435,completed,2026-12-01
MO-1893,M-1199,WC-12,526,released,2025-01-10
MO-1894,M-1248,WC-2,1191,released,2025-08-22
MO-1895,M-1241,WC-12,1165,released,08/19/2024
MO-1896,M-1285,WC-7,112,released,2024-12-22
MO-1897,M-1122,WC-11,2199,COMPLETED,2024-08-17
MO-1898,M-1072,WC-7,2717,open,08/16/2024
MO-1899,M-1099,WC-4,4309,released,2025-10-20
MO-1900,M-1216,WC-13,1429,open,2024-05-21
MO-1901,M-1117,WC-10,897,COMPLETED,2024-09-25
MO-1902,M-1024,WC-14,2683,OPEN,2026-06-01
MO-1903,M-1064,WC-4,1834,RELEASED,05/25/2024
MO-1904,M-1198,WC-5,3923,COMPLETED,02-04-2026
MO-1905,M-1232,WC-1,3467,completed,08/19/2024
MO-1906,M-1188,WC-13,1120,COMPLETED,2024-10-04
MO-1907,M-1298,WC-1,4650,completed,12/18/2024
MO-1908,M-1220,WC-4,1240,completed,01/13/2026
MO-1909,M-1076,WC-14,2696,OPEN,2026-01-19
MO-1910,M-1060,WC-3,2307,COMPLETED,2024-05-05
MO-1911,M-1293,WC-14,1932,COMPLETED,2024-09-25
MO-1912,M-1095,WC-9,1824,released,23-08-2024
MO-1913,M-1280,WC-11,1844,RELEASED,05/20/2024
MO-1914,M-1161,WC-8,3718,released,12/14/2026
MO-1915,M-1286,WC-8,10,open,03/13/2026
MO-1916,M-1269,WC-1,3039,completed,07/08/2025
MO-1917,M-1107,WC-10,4153,OPEN,2025-08-22
MO-1918,M-1109,WC-7,3341,COMPLETED,01-09-2025
MO-1919,M-1254,WC-6,2697,OPEN,15-11-2024
MO-1920,M-1148,WC-13,4439,OPEN,2025-08-23
MO-1921,M-1081,WC-4,2285,open,11/21/2026
MO-1922,M-1091,WC-4,634,completed,2026-12-12
MO-1923,M-1010,WC-13,3956,COMPLETED,01/22/2024
MO-1924,M-1146,WC-12,3831,RELEASED,08/11/2025
MO-1925,M-1226,WC-5,1960,open,2024-06-13
MO-1926,M-1233,WC-13,3112,RELEASED,2025-09-21
MO-1927,M-1103,WC-13,1564,RELEASED,19-05-2024
MO-1928,M-1294,WC-12,1933,released,2026-12-05
MO-1929,M-1008,WC-6,3750,RELEASED,26-08-2025
MO-1930,M-1299,WC-14,4345,released,2025-02-28
MO-1931,M-1182,WC-11,4507,OPEN,03/05/2025
MO-1932,M-1166,WC-12,2413,OPEN,09/06/2024
MO-1933,M-1082,WC-1,3724,OPEN,17-03-2026
MO-1934,M-1278,WC-5,4806,released,2025-12-15
MO-1935,M-1048,WC-6,2923,OPEN,07/07/2025
MO-1936,M-1035,WC-5,2725,COMPLETED,2025-07-14
MO-1937,M-1009,WC-11,4950,released,04/07/2024
MO-1938,M-1106,WC-1,4546,completed,01/19/2025
MO-1939,M-1182,WC-12,4995,released,10/02/2025
MO-1940,M-1295,WC-1,2808,released,2024-02-18
MO-1941,M-1165,WC-6,4713,OPEN,06/16/2025
MO-1942,M-1047,WC-14,2013,RELEASED,06/10/2025
MO-1943,M-1237,WC-7,1508,completed,11/19/2026
MO-1944,M-1131,WC-7,3023,completed,2025-07-12
MO-1945,M-1042,WC-2,2975,OPEN,2026-08-23
MO-1946,M-1114,WC-3,556,open,2025-04-14
MO-1947,M-1077,WC-9,1104,released,09-07-2025
MO-1948,M-1070,WC-8,2815,OPEN,26-07-2026
MO-1949,M-1058,WC-1,3215,open,2025-04-10
MO-1950,M-1041,WC-9,3188,completed,01/14/2024
MO-1951,M-1101,WC-3,4644,completed,22-06-2024
MO-1952,M-1195,WC-15,1229,completed,10/13/2026
MO-1953,M-1224,WC-6,3655,completed,2025-01-24
MO-1954,M-1030,WC-6,4065,open,2024-10-17
MO-1955,M-1070,WC-3,4268,OPEN,2026-02-26
MO-1956,M-1006,WC-14,1802,completed,03/12/2026
MO-1957,M-1129,WC-15,1459,COMPLETED,2026-02-13
MO-1958,M-1113,WC-3,289,open,2026-06-24
MO-1959,M-1002,WC-3,1599,COMPLETED,11/08/2025
MO-1960,M-1026,WC-7,2025,COMPLETED,2025-03-12
MO-1961,M-1075,WC-12,1760,RELEASED,2025-10-12
MO-1962,M-1225,WC-1,4986,released,01/04/2025
MO-1963,M-1284,WC-5,4296,open,03/18/2024
MO-1964,M-1269,WC-13,1374,RELEASED,2025-03-22
MO-1965,M-1062,WC-6,4288,released,11/18/2025
MO-1966,M-1131,WC-14,1417,completed,2026-05-22
MO-1967,M-1252,WC-14,1293,open,2025-08-12
MO-1968,M-1148,WC-4,3280,RELEASED,2024-02-01
MO-1969,M-1028,WC-12,3548,open,2026-02-12
MO-1970,M-1015,WC-13,1694,completed,20-11-2026
MO-1971,M-1143,WC-4,3382,released,17-02-2024
MO-1972,M-1087,WC-5,564,COMPLETED,19-02-2024
MO-1973,M-1239,WC-8,4495,completed,10/18/2025
MO-1974,M-1208,WC-8,4197,released,2026-10-05
MO-1975,M-1227,WC-15,1862,COMPLETED,2026-05-19
MO-1976,M-1020,WC-13,2207,completed,2025-02-15
MO-1977,M-1245,WC-8,1522,RELEASED,05-05-2024
MO-1978,M-1141,WC-13,1762,COMPLETED,07/27/2025
MO-1979,M-1055,WC-11,2716,OPEN,2024-04-27
MO-1980,M-1213,WC-13,4162,open,14-12-2024
MO-1981,M-1137,WC-2,285,COMPLETED,02-01-2025
MO-1982,M-1122,WC-12,2067,completed,26-09-2025
MO-1983,M-1037,WC-13,3673,released,07/08/2024
MO-1984,M-1075,WC-9,3960,open,05/01/2026
MO-1985,M-1267,WC-11,4023,released,2024-03-12
MO-1986,M-1070,WC-8,3568,RELEASED,2026-03-02
MO-1987,M-1139,WC-8,423,COMPLETED,2025-07-23
MO-1988,M-1201,WC-13,2853,OPEN,12-06-2024
MO-1989,M-1200,WC-8,3136,completed,02/14/2024
MO-1990,M-1020,WC-10,1720,COMPLETED,2025-05-25
MO-1991,M-1115,WC-1,1653,released,2025-01-14
MO-1992,M-1071,WC-9,1537,OPEN,2025-10-03
MO-1993,M-1200,WC-1,1178,open,12-07-2025
MO-1994,M-1155,WC-10,607,COMPLETED,12/01/2024
MO-1995,M-1270,WC-3,4194,COMPLETED,2024-11-15
MO-1996,M-1011,WC-2,1047,COMPLETED,2026-04-13
MO-1997,M-1262,WC-12,346,COMPLETED,2025-08-15
MO-1998,M-1090,WC-5,2453,released,2026-09-18
MO-1999,M-1240,WC-15,854,open,2026-02-18
MO-2000,M-1174,WC-13,4871,released,2024-08-15
MO-2001,M-1239,WC-3,2716,OPEN,2025-12-26
MO-2002,M-1081,WC-7,4872,RELEASED,2024-04-10
MO-2003,M-1276,WC-14,2069,open,2025-05-03
MO-2004,M-1016,WC-8,3156,open,2026-10-11
MO-2005,M-1265,WC-13,4816,RELEASED,22-12-2025
MO-2006,M-1253,WC-7,863,completed,2026-08-12
MO-2007,M-1243,WC-6,809,open,2025-06-11
MO-2008,M-1082,WC-10,4247,open,2025-11-03
MO-2009,M-1218,WC-7,1267,completed,2024-12-15
MO-2010,M-1254,WC-9,2107,OPEN,2026-08-28
MO-2011,M-1201,WC-7,458,open,2025-12-03
MO-2012,M-1130,WC-14,614,RELEASED,2026-03-04
MO-2013,M-1116,WC-3,1445,RELEASED,2025-09-02
MO-2014,M-1226,WC-2,4739,completed,01/27/2026
MO-2015,M-1012,WC-14,4248,completed,2025-04-21
MO-2016,M-1090,WC-15,3181,released,2025-03-11
MO-2017,M-1299,WC-8,4332,OPEN,2024-02-14
MO-2018,M-1201,WC-12,4864,completed,11-06-2024
MO-2019,M-1049,WC-13,4145,OPEN,09/26/2024
MO-2020,M-1091,WC-14,4354,RELEASED,2025-06-26
MO-2021,M-1121,WC-2,3468,open,2024-02-23
MO-2022,M-1028,WC-3,1681,COMPLETED,01/08/2026
MO-2023,M-1290,WC-1,1849,COMPLETED,16-03-2024
MO-2024,M-1047,WC-5,3439,open,07/10/2025
MO-2025,M-1055,WC-15,220,released,2024-12-08
MO-2026,M-1163,WC-15,3447,open,08/21/2026
MO-2027,M-1249,WC-8,3317,completed,2025-02-06
MO-2028,M-1245,WC-4,2579,released,12/25/2026
MO-2029,M-1266,WC-5,3733,open,05/21/2025
MO-2030,M-1219,WC-4,862,COMPLETED,08/12/2026
MO-2031,M-1238,WC-3,3369,COMPLETED,2026-01-02
MO-2032,M-1036,WC-12,4245,OPEN,22-10-2025
MO-2033,M-1235,WC-10,74,COMPLETED,2024-05-01
MO-2034,M-1159,WC-10,1857,RELEASED,10/28/2025
MO-2035,M-1225,WC-4,4974,RELEASED,05/21/2026
MO-2036,M-1045,WC-10,4505,released,02/06/2026
MO-2037,M-1197,WC-1,4005,OPEN,12-08-2025
MO-2038,M-1104,WC-8,579,released,2024-06-23
MO-2039,M-1244,WC-11,838,OPEN,11/08/2024
MO-2040,M-1281,WC-7,4882,COMPLETED,01-10-2025
MO-2041,M-1294,WC-1,339,OPEN,08/25/2025
MO-2042,M-1139,WC-12,1875,COMPLETED,06/24/2024
MO-2043,M-1214,WC-1,1183,OPEN,2025-07-13
MO-2044,M-1025,WC-9,2656,RELEASED,18-01-2026
MO-2045,M-1227,WC-13,2828,COMPLETED,07-08-2026
MO-2046,M-1285,WC-11,2499,OPEN,2024-01-04
MO-2047,M-1144,WC-15,181,OPEN,2026-12-24
MO-2048,M-1072,WC-13,2060,released,2025-02-24
MO-2049,M-1133,WC-3,2734,released,2024-09-12
MO-2050,M-1249,WC-7,745,open,24-01-2026
MO-2051,M-1073,WC-11,1663,completed,12/07/2025
MO-2052,M-1079,WC-3,2404,open,26-06-2026
MO-2053,M-1193,WC-15,4833,open,14-03-2026
MO-2054,M-1136,WC-11,3568,OPEN,12/03/2026
MO-2055,M-1050,WC-15,4558,COMPLETED,2026-07-23
MO-2056,M-1192,WC-9,1144,COMPLETED,15-09-2025
MO-2057,M-1229,WC-3,119,COMPLETED,05-02-2024
MO-2058,M-1138,WC-11,754,completed,2025-10-05
MO-2059,M-1167,WC-8,2678,open,2026-04-24
MO-2060,M-1094,WC-6,382,COMPLETED,11/02/2026
MO-2061,M-1235,WC-8,3495,completed,19-11-2025
MO-2062,M-1040,WC-4,4964,COMPLETED,2024-11-11
MO-2063,M-1156,WC-3,1481,open,05-11-2026
MO-2064,M-1063,WC-3,1984,completed,16-06-2024
MO-2065,M-1160,WC-3,313,RELEASED,20-07-2024
MO-2066,M-1141,WC-11,3836,released,2024-05-16
MO-2067,M-1041,WC-12,4406,released,2025-05-20
MO-2068,M-1092,WC-6,136,open,02/20/2026
MO-2069,M-1201,WC-5,3786,completed,08-08-2026
MO-2070,M-1126,WC-8,189,released,10/22/2025
MO-2071,M-1256,WC-7,4516,open,04/28/2025
MO-2072,M-1186,WC-2,1296,released,2024-08-10
MO-2073,M-1200,WC-5,3066,COMPLETED,2025-03-18
MO-2074,M-1062,WC-2,3268,released,16-11-2025
MO-2075,M-1118,WC-1,3502,completed,19-05-2025
MO-2076,M-1266,WC-3,2353,released,02/23/2025
MO-2077,M-1032,WC-2,2509,completed,2026-08-28
MO-2078,M-1033,WC-12,1953,OPEN,2026-05-14
MO-2079,M-1019,WC-8,2146,released,08-07-2024
MO-2080,M-1044,WC-4,1442,released,2026-08-17
MO-2081,M-1156,WC-1,4717,COMPLETED,02/28/2025
MO-2082,M-1205,WC-6,3598,released,2025-12-18
MO-2083,M-1130,WC-6,3802,completed,10-11-2025
MO-2084,M-1202,WC-1,2228,OPEN,2024-03-13
MO-2085,M-1109,WC-3,3971,open,05/04/2024
MO-2086,M-1205,WC-2,4477,RELEASED,06-12-2026
MO-2087,M-1061,WC-1,296,open,2026-09-24
MO-2088,M-1238,WC-7,3222,released,2024-04-09
MO-2089,M-1272,WC-12,1195,open,10/04/2024
MO-2090,M-1207,WC-1,1191,COMPLETED,2024-05-03
MO-2091,M-1198,WC-13,2788,released,2025-04-25
MO-2092,M-1212,WC-10,2381,RELEASED,12/10/2025
MO-2093,M-1134,WC-8,4171,released,01/27/2025
MO-2094,M-1201,WC-3,2074,completed,2026-04-04
MO-2095,M-1215,WC-15,4200,open,28-06-2026
MO-2096,M-1188,WC-10,4168,RELEASED,17-11-2024
MO-2097,M-1056,WC-3,719,OPEN,2025-10-27
MO-2098,M-1274,WC-10,2054,released,01/26/2025
MO-2099,M-1205,WC-1,408,released,2026-11-21
MO-2100,M-1120,WC-13,3895,open,03/10/2025
MO-2101,M-1277,WC-12,963,OPEN,04/10/2025
MO-2102,M-1048,WC-9,2435,OPEN,2025-08-08
MO-2103,M-1252,WC-1,672,RELEASED,07/18/2024
MO-2104,M-1262,WC-1,3754,open,2025-02-27
MO-2105,M-1179,WC-6,1174,completed,2024-05-23
MO-2106,M-1224,WC-8,4866,completed,2026-11-11
MO-2107,M-1229,WC-6,1248,open,2026-12-14
MO-2108,M-1049,WC-1,2537,open,2025-02-25
MO-2109,M-1064,WC-2,3949,COMPLETED,23-06-2025
MO-2110,M-1069,WC-4,916,RELEASED,2025-02-26
MO-2111,M-1140,WC-2,934,OPEN,2026-12-19
MO-2112,M-1134,WC-4,1198,released,2026-08-02
MO-2113,M-1030,WC-4,1501,open,10/24/2025
MO-2114,M-1092,WC-11,4665,RELEASED,2026-06-05
MO-2115,M-1285,WC-2,4643,RELEASED,02/21/2025
MO-2116,M-1033,WC-15,2370,RELEASED,01/06/2024
MO-2117,M-1176,WC-10,2636,OPEN,28-10-2025
MO-2118,M-1293,WC-1,3978,released,16-07-2024
MO-2119,M-1145,WC-2,502,open,2026-02-09
MO-2120,M-1168,WC-6,1494,released,2026-10-15
MO-2121,M-1148,WC-2,32,RELEASED,08/19/2025
MO-2122,M-1256,WC-3,1383,OPEN,2025-08-27
MO-2123,M-1232,WC-14,2166,COMPLETED,11-03-2025
MO-2124,M-1057,WC-3,3038,open,2024-06-13
MO-2125,M-1153,WC-1,4212,open,2026-03-16
MO-2126,M-1141,WC-11,687,OPEN,08/11/2025
MO-2127,M-1295,WC-9,2480,RELEASED,2024-05-19
MO-2128,M-1133,WC-3,1894,OPEN,2024-08-18
MO-2129,M-1215,WC-1,1823,released,18-02-2026
MO-2130,M-1020,WC-2,4822,RELEASED,02/25/2024
MO-2131,M-1002,WC-14,2664,completed,2025-05-15
MO-2132,M-1101,WC-1,611,COMPLETED,2026-06-25
MO-2133,M-1247,WC-7,1864,completed,01-12-2026
MO-2134,M-1038,WC-10,4626,open,2024-02-24
MO-2135,M-1199,WC-8,3093,released,02/24/2025
MO-2136,M-1268,WC-10,3352,COMPLETED,05/21/2026
MO-2137,M-1090,WC-12,190,OPEN,04/08/2025
MO-2138,M-1139,WC-2,773,RELEASED,2026-06-08
MO-2139,M-1146,WC-15,4308,COMPLETED,2025-03-21
MO-2140,M-1076,WC-7,165,open,12-11-2026
MO-2141,M-1297,WC-2,3859,COMPLETED,2026-07-02
MO-2142,M-1143,WC-14,3073,OPEN,2024-08-21
MO-2143,M-1266,WC-5,1277,COMPLETED,2025-05-13
MO-2144,M-1173,WC-6,4144,completed,10/22/2024
MO-2145,M-1154,WC-3,147,released,2024-12-23
MO-2146,M-1186,WC-14,530,released,06/18/2026
MO-2147,M-1220,WC-3,4701,OPEN,2025-02-25
MO-2148,M-1110,WC-6,1887,released,01/09/2024
MO-2149,M-1183,WC-11,1283,COMPLETED,2026-03-03
MO-2150,M-1267,WC-10,4870,OPEN,2026-11-17
MO-2151,M-1177,WC-14,4944,COMPLETED,2024-08-27
MO-2152,M-1016,WC-1,2911,COMPLETED,23-12-2026
MO-2153,M-1255,WC-12,1483,RELEASED,2026-11-13
MO-2154,M-1134,WC-14,4265,RELEASED,01/15/2025
MO-2155,M-1181,WC-6,4614,released,2026-06-13
MO-2156,M-1120,WC-12,4988,released,24-01-2026
MO-2157,M-1294,WC-7,334,OPEN,2026-07-17
MO-2158,M-1005,WC-8,4842,RELEASED,2024-10-11
MO-2159,M-1064,WC-9,2215,RELEASED,01/17/2026
MO-2160,M-1096,WC-15,4540,released,10/26/2026
MO-2161,M-1008,WC-15,3667,released,2025-10-19
MO-2162,M-1250,WC-9,31,COMPLETED,2024-07-19
MO-2163,M-1081,WC-5,1597,released,05/24/2024
MO-2164,M-1168,WC-2,3363,open,2025-06-10
MO-2165,M-1256,WC-8,3032,completed,03/07/2026
MO-2166,M-1022,WC-5,4075,RELEASED,02/24/2026
MO-2167,M-1079,WC-8,4617,OPEN,2025-10-22
MO-2168,M-1124,WC-2,527,completed,2026-10-19
MO-2169,M-1166,WC-2,4806,completed,08/27/2024
MO-2170,M-1009,WC-3,2425,released,2026-10-21
MO-2171,M-1201,WC-5,4471,COMPLETED,27-05-2026
MO-2172,M-1271,WC-9,4612,RELEASED,01-06-2024
MO-2173,M-1271,WC-8,2920,released,2026-10-17
MO-2174,M-1023,WC-2,3604,released,24-05-2024
MO-2175,M-1182,WC-9,2315,OPEN,08/15/2025
MO-2176,M-1105,WC-3,3626,COMPLETED,2026-10-25
MO-2177,M-1251,WC-10,3255,open,01/05/2024
MO-2178,M-1148,WC-14,1410,COMPLETED,2024-08-01
MO-2179,M-1222,WC-8,1018,COMPLETED,2025-06-03
MO-2180,M-1107,WC-8,1393,released,04-11-2024
MO-2181,M-1291,WC-2,209,OPEN,27-02-2024
MO-2182,M-1068,WC-12,607,released,2024-03-01
MO-2183,M-1268,WC-12,1454,OPEN,04/17/2024
MO-2184,M-1210,WC-10,2027,released,10/02/2025
MO-2185,M-1248,WC-14,4890,completed,02/27/2024
MO-2186,M-1102,WC-2,4543,released,03-02-2024
MO-2187,M-1095,WC-8,2481,OPEN,08/03/2024
MO-2188,M-1028,WC-2,2152,OPEN,2026-04-07
MO-2189,M-1085,WC-15,4933,released,2025-08-10
MO-2190,M-1137,WC-5,948,open,2025-08-23
MO-2191,M-1217,WC-15,920,open,2025-09-11
MO-2192,M-1097,WC-7,3847,RELEASED,2026-05-12
MO-2193,M-1059,WC-1,4531,completed,2026-05-25
MO-2194,M-1010,WC-8,559,released,2024-02-09
MO-2195,M-1264,WC-9,4385,completed,10/06/2026
MO-2196,M-1069,WC-8,3636,released,2025-09-22
MO-2197,M-1270,WC-9,2712,completed,12/23/2025
MO-2198,M-1173,WC-5,2639,OPEN,2026-02-04
MO-2199,M-1207,WC-11,1002,released,09/17/2024
MO-2200,M-1227,WC-9,4502,COMPLETED,05-01-2024
MO-2201,M-1155,WC-11,1200,COMPLETED,2024-09-26
MO-2202,M-1018,WC-2,2952,completed,2024-08-05
MO-2203,M-1029,WC-12,2561,released,02/14/2025
MO-2204,M-1242,WC-1,3050,RELEASED,2026-07-24
MO-2205,M-1256,WC-3,1338,OPEN,03-07-2025
MO-2206,M-1195,WC-11,1064,OPEN,06/12/2025
MO-2207,M-1126,WC-14,2911,RELEASED,2024-03-18
MO-2208,M-1102,WC-10,2993,released,05-06-2024
MO-2209,M-1156,WC-11,4967,RELEASED,2024-07-19
MO-2210,M-1028,WC-2,4436,OPEN,28-03-2026
MO-2211,M-1272,WC-12,3144,OPEN,03/16/2026
MO-2212,M-1072,WC-14,2078,RELEASED,04/05/2026
MO-2213,M-1076,WC-8,2443,RELEASED,2024-12-27
MO-2214,M-1027,WC-6,4505,RELEASED,11-09-2025
MO-2215,M-1040,WC-4,1265,released,05-10-2026
MO-2216,M-1145,WC-10,1444,completed,2025-07-20
MO-2217,M-1276,WC-6,3013,open,2026-10-14
MO-2218,M-1034,WC-3,515,completed,2025-01-20
MO-2219,M-1236,WC-5,563,RELEASED,01-10-2025
MO-2220,M-1018,WC-13,3914,OPEN,2025-12-09
MO-2221,M-1045,WC-5,211,OPEN,10/24/2024
MO-2222,M-1025,WC-7,508,COMPLETED,2024-03-05
MO-2223,M-1045,WC-13,2754,open,20-04-2026
MO-2224,M-1256,WC-10,4314,OPEN,2025-12-08
MO-2225,M-1280,WC-5,4288,RELEASED,2024-11-28
MO-2226,M-1095,WC-6,2638,released,24-10-2026
MO-2227,M-1214,WC-2,4973,released,2026-08-05
MO-2228,M-1194,WC-14,682,OPEN,2026-03-18
MO-2229,M-1077,WC-9,834,RELEASED,24-06-2025
MO-2230,M-1149,WC-10,62,OPEN,2025-12-12
MO-2231,M-1050,WC-8,838,completed,2026-07-07
MO-2232,M-1045,WC-10,72,completed,2025-08-17
MO-2233,M-1018,WC-14,344,RELEASED,08-05-2026
MO-2234,M-1114,WC-14,3943,completed,07/03/2026
MO-2235,M-1009,WC-15,3966,RELEASED,2026-02-19
MO-2236,M-1284,WC-14,960,RELEASED,10-06-2024
MO-2237,M-1062,WC-15,3418,completed,11/10/2026
MO-2238,M-1111,WC-13,1369,open,26-05-2026
MO-2239,M-1219,WC-13,172,completed,07/23/2024
MO-2240,M-1264,WC-10,4974,completed,2025-10-01
MO-2241,M-1299,WC-15,3457,released,2026-08-21
MO-2242,M-1016,WC-14,4407,open,03/08/2024
MO-2243,M-1214,WC-14,4098,OPEN,08/22/2024
MO-2244,M-1089,WC-14,478,COMPLETED,2024-08-01
MO-2245,M-1135,WC-10,4735,open,2026-05-03
MO-2246,M-1146,WC-7,2770,open,11-06-2026
MO-2247,M-1067,WC-10,1633,completed,2024-06-08
MO-2248,M-1057,WC-3,3829,released,06/16/2026
MO-2249,M-1207,WC-7,3588,RELEASED,28-07-2026
MO-2250,M-1154,WC-10,642,open,11-12-2025
MO-2251,M-1296,WC-12,3435,OPEN,2025-10-11
MO-2252,M-1256,WC-13,3500,completed,2025-08-05
MO-2253,M-1111,WC-9,2138,open,14-08-2024
MO-2254,M-1142,WC-12,1857,OPEN,12/26/2024
MO-2255,M-1025,WC-1,259,open,2025-04-08
MO-2256,M-1259,WC-2,418,OPEN,2025-07-16
MO-2257,M-1062,WC-14,678,released,12-03-2025
MO-2258,M-1195,WC-4,2929,RELEASED,07/19/2024
MO-2259,M-1202,WC-12,4502,RELEASED,2025-06-15
MO-2260,M-1153,WC-11,1491,released,09/12/2025
MO-2261,M-1102,WC-1,1872,OPEN,2026-01-17
MO-2262,M-1036,WC-4,3250,open,02/11/2025
MO-2263,M-1261,WC-12,3576,open,10/04/2026
MO-2264,M-1094,WC-13,1925,COMPLETED,11/04/2024
MO-2265,M-1156,WC-3,3429,completed,2024-02-07
MO-2266,M-1048,WC-9,964,open,23-01-2026
MO-2267,M-1003,WC-15,590,OPEN,06/22/2026
MO-2268,M-1086,WC-5,2411,released,16-06-2024
MO-2269,M-1115,WC-1,3899,OPEN,2025-06-07
MO-2270,M-1047,WC-3,4093,COMPLETED,04/20/2024
MO-2271,M-1150,WC-8,4756,open,19-12-2026
MO-2272,M-1111,WC-5,1832,released,2024-08-21
MO-2273,M-1213,WC-5,3040,released,15-07-2024
MO-2274,M-1106,WC-14,2628,released,16-08-2024
MO-2275,M-1232,WC-6,32,released,2025-01-14
MO-2276,M-1272,WC-1,715,RELEASED,2024-06-09
MO-2277,M-1127,WC-7,1624,completed,26-05-2026
MO-2278,M-1281,WC-7,3429,OPEN,2026-03-05
MO-2279,M-1036,WC-1,2969,RELEASED,03/12/2025
MO-2280,M-1090,WC-15,243,open,20-05-2024
MO-2281,M-1275,WC-8,1255,completed,2024-05-17
MO-2282,M-1103,WC-15,3373,completed,2025-12-28
MO-2283,M-1123,WC-7,150,completed,06/23/2024
MO-2284,M-1101,WC-13,4872,completed,08/26/2025
MO-2285,M-1026,WC-9,2022,completed,2025-04-16
MO-2286,M-1186,WC-11,4543,released,06/01/2026
MO-2287,M-1047,WC-10,3097,open,2026-11-08
MO-2288,M-1297,WC-8,4564,OPEN,2025-05-14
MO-2289,M-1048,WC-12,934,RELEASED,08/23/2024
MO-2290,M-1040,WC-9,595,released,2026-09-05
MO-2291,M-1187,WC-5,4579,RELEASED,01-02-2026
MO-2292,M-1076,WC-8,2290,open,2024-06-15
MO-2293,M-1296,WC-5,1356,RELEASED,05/26/2026
MO-2294,M-1035,WC-14,4483,OPEN,04/25/2026
MO-2295,M-1160,WC-6,3476,open,11/19/2025
MO-2296,M-1135,WC-12,2340,released,07/25/2025
MO-2297,M-1007,WC-6,1626,RELEASED,18-12-2026
MO-2298,M-1272,WC-12,2210,completed,2026-02-22
MO-2299,M-1244,WC-2,3306,completed,2026-01-08
MO-2300,M-1273,WC-10,3655,RELEASED,14-06-2025
MO-2301,M-1025,WC-8,968,released,06/06/2024
MO-2302,M-1159,WC-2,96,RELEASED,2026-10-11
MO-2303,M-1087,WC-7,2134,COMPLETED,2026-06-01
MO-2304,M-1188,WC-15,1204,COMPLETED,04/17/2026
MO-2305,M-1268,WC-8,4466,released,18-02-2024
MO-2306,M-1042,WC-2,327,RELEASED,2026-02-12
MO-2307,M-1008,WC-1,26,OPEN,07/28/2025
MO-2308,M-1296,WC-7,4609,completed,03/12/2025
MO-2309,M-1254,WC-3,750,COMPLETED,2024-01-18
MO-2310,M-1047,WC-11,4781,RELEASED,06/06/2025
MO-2311,M-1055,WC-13,2039,open,05/13/2024
MO-2312,M-1221,WC-8,606,COMPLETED,08/09/2025
MO-2313,M-1062,WC-10,1347,RELEASED,2026-12-14
MO-2314,M-1068,WC-10,825,open,23-08-2025
MO-2315,M-1104,WC-12,2332,COMPLETED,2026-03-08
MO-2316,M-1182,WC-14,908,COMPLETED,08-11-2024
MO-2317,M-1159,WC-9,1370,COMPLETED,2024-10-14
MO-2318,M-1094,WC-13,2959,open,2025-01-18
MO-2319,M-1222,WC-10,2541,open,2025-09-12
MO-2320,M-1272,WC-11,2822,open,2024-04-11
MO-2321,M-1071,WC-11,1222,OPEN,06-04-2025
MO-2322,M-1164,WC-13,359,OPEN,10/14/2026
MO-2323,M-1103,WC-10,4789,completed,2026-04-07
MO-2324,M-1180,WC-14,374,RELEASED,2024-02-05
MO-2325,M-1110,WC-4,2927,OPEN,12/17/2024
MO-2326,M-1065,WC-12,85,open,2024-04-22
MO-2327,M-1057,WC-9,3299,RELEASED,2024-02-09
MO-2328,M-1018,WC-10,1187,OPEN,2026-06-11
MO-2329,M-1027,WC-14,4484,open,2025-10-26
MO-2330,M-1271,WC-8,3120,OPEN,16-12-2025
MO-2331,M-1210,WC-10,4846,OPEN,12/17/2025
MO-2332,M-1217,WC-5,1627,open,07/03/2026
MO-2333,M-1091,WC-14,258,COMPLETED,01/24/2026
MO-2334,M-1138,WC-12,694,RELEASED,2024-06-19
MO-2335,M-1222,WC-13,434,RELEASED,03/18/2025
MO-2336,M-1007,WC-8,1855,released,07/20/2025
MO-2337,M-1164,WC-5,1730,open,2025-03-04
MO-2338,M-1134,WC-10,1514,COMPLETED,19-01-2026
MO-2339,M-1162,WC-1,1058,completed,21-04-2024
MO-2340,M-1029,WC-1,2039,OPEN,2025-09-25
MO-2341,M-1172,WC-11,582,open,2026-04-18
MO-2342,M-1076,WC-12,3925,RELEASED,03/26/2025
MO-2343,M-1189,WC-15,2235,COMPLETED,2025-03-19
MO-2344,M-1137,WC-6,2742,RELEASED,2026-11-26
MO-2345,M-1151,WC-14,717,OPEN,22-12-2026
MO-2346,M-1095,WC-10,2615,OPEN,2026-10-07
MO-2347,M-1127,WC-7,1545,OPEN,2026-11-27
MO-2348,M-1037,WC-13,1975,COMPLETED,2025-06-09
MO-2349,M-1128,WC-5,1950,COMPLETED,2024-02-03
MO-2350,M-1022,WC-5,3527,open,28-12-2025
MO-2351,M-1185,WC-1,4114,COMPLETED,12/14/2026
MO-2352,M-1172,WC-13,1670,completed,2026-10-15
MO-2353,M-1187,WC-9,251,completed,01/21/2024
MO-2354,M-1268,WC-8,2115,RELEASED,2025-05-02
MO-2355,M-1215,WC-9,475,released,2025-03-05
MO-2356,M-1087,WC-14,1355,open,05/07/2025
MO-2357,M-1122,WC-11,3414,completed,2024-07-28
MO-2358,M-1218,WC-6,2844,open,05-02-2024
MO-2359,M-1072,WC-4,1602,RELEASED,02/21/2026
MO-2360,M-1139,WC-3,426,open,13-07-2026
MO-2361,M-1271,WC-2,2913,OPEN,11/11/2025
MO-2362,M-1270,WC-14,79,open,2026-06-27
MO-2363,M-1283,WC-10,3703,open,2025-11-16
MO-2364,M-1059,WC-5,1180,open,03/26/2024
MO-2365,M-1145,WC-5,877,open,27-12-2024
MO-2366,M-1221,WC-2,519,open,2025-04-08
MO-2367,M-1081,WC-12,425,RELEASED,2025-08-23
MO-2368,M-1201,WC-7,4177,open,2025-04-18
MO-2369,M-1150,WC-6,4437,open,2025-06-14
MO-2370,M-1139,WC-12,2515,open,04/05/2025
MO-2371,M-1010,WC-8,1864,open,2025-11-07
MO-2372,M-1215,WC-12,3115,OPEN,12/08/2025
MO-2373,M-1030,WC-6,1047,OPEN,2025-07-25
MO-2374,M-1137,WC-13,1166,COMPLETED,09-10-2026
MO-2375,M-1213,WC-6,4497,OPEN,27-06-2025
MO-2376,M-1220,WC-3,1746,COMPLETED,02/04/2024
MO-2377,M-1034,WC-7,3496,RELEASED,05/23/2024
MO-2378,M-1108,WC-13,4938,completed,2024-07-05
MO-2379,M-1199,WC-14,333,released,08/09/2025
MO-2380,M-1148,WC-13,3794,OPEN,2026-04-18
MO-2381,M-1092,WC-3,3086,completed,07/15/2026
MO-2382,M-1158,WC-6,3545,COMPLETED,2026-07-28
MO-2383,M-1241,WC-10,711,completed,10/25/2025
MO-2384,M-1256,WC-13,3646,released,2026-12-06
MO-2385,M-1172,WC-4,1380,open,2024-11-28
MO-2386,M-1226,WC-10,2916,COMPLETED,2024-02-19
MO-2387,M-1138,WC-15,4934,open,08/12/2024
MO-2388,M-1063,WC-2,1868,OPEN,2025-07-20
MO-2389,M-1073,WC-15,607,completed,02/18/2026
MO-2390,M-1069,WC-7,4857,OPEN,2024-03-17
MO-2391,M-1253,WC-14,743,COMPLETED,2025-01-16
MO-2392,M-1085,WC-1,1229,open,03/08/2024
MO-2393,M-1021,WC-15,1514,completed,23-08-2026
MO-2394,M-1155,WC-12,2141,COMPLETED,2024-07-27
MO-2395,M-1294,WC-14,2439,COMPLETED,2024-01-28
MO-2396,M-1205,WC-1,1760,COMPLETED,02-11-2024
MO-2397,M-1269,WC-9,282,RELEASED,07/26/2026
MO-2398,M-1134,WC-15,2950,COMPLETED,25-12-2024
MO-2399,M-1192,WC-13,4247,completed,2025-07-22
MO-2400,M-1127,WC-10,3038,released,06-12-2026
MO-2401,M-1059,WC-8,1489,released,01/08/2026
MO-2402,M-1039,WC-2,2921,completed,10/01/2025
MO-2403,M-1160,WC-9,840,COMPLETED,09/09/2026
MO-2404,M-1297,WC-7,4193,COMPLETED,09-10-2026
MO-2405,M-1194,WC-13,1746,completed,2026-09-21
MO-2406,M-1007,WC-11,3641,RELEASED,09-01-2024
MO-2407,M-1163,WC-11,4487,open,2025-07-27
MO-2408,M-1248,WC-2,2427,OPEN,02/19/2024
MO-2409,M-1186,WC-6,468,released,2024-09-20
MO-2410,M-1223,WC-2,200,completed,11/05/2026
MO-2411,M-1235,WC-3,2305,RELEASED,2026-11-21
MO-2412,M-1213,WC-4,4699,completed,2025-08-05
MO-2413,M-1249,WC-4,4601,open,2026-05-12
MO-2414,M-1275,WC-13,719,completed,2024-05-21
MO-2415,M-1126,WC-10,2413,COMPLETED,05/09/2025
MO-2416,M-1063,WC-7,3330,RELEASED,2024-11-19
MO-2417,M-1279,WC-8,1863,open,2026-03-24
MO-2418,M-1092,WC-3,4710,completed,2025-11-01
MO-2419,M-1114,WC-8,1623,OPEN,22-05-2025
MO-2420,M-1058,WC-13,4908,open,02/10/2024
MO-2421,M-1022,WC-14,4370,open,13-03-2026
MO-2422,M-1060,WC-8,44,OPEN,08/22/2025
MO-2423,M-1125,WC-1,1825,released,01-01-2025
MO-2424,M-1202,WC-11,128,open,2024-08-19
MO-2425,M-1137,WC-1,2331,COMPLETED,2024-03-11
MO-2426,M-1224,WC-9,4177,completed,2024-01-26
MO-2427,M-1048,WC-11,4739,COMPLETED,17-09-2024
MO-2428,M-1035,WC-10,3208,released,2025-01-04
MO-2429,M-1036,WC-11,835,COMPLETED,2025-12-13
MO-2430,M-1107,WC-7,2962,OPEN,10/21/2024
MO-2431,M-1108,WC-1,4919,COMPLETED,2025-05-12
MO-2432,M-1079,WC-3,2514,COMPLETED,03/14/2026
MO-2433,M-1150,WC-10,1509,released,06/26/2024
MO-2434,M-1194,WC-15,4735,open,2026-02-28
MO-2435,M-1271,WC-6,315,RELEASED,09/16/2026
MO-2436,M-1228,WC-2,633,completed,10/23/2026
MO-2437,M-1263,WC-1,3650,completed,2025-02-10
MO-2438,M-1077,WC-9,4653,RELEASED,2026-09-17
MO-2439,M-1167,WC-11,3167,completed,2024-10-19
MO-2440,M-1271,WC-3,2380,COMPLETED,06/03/2026
MO-2441,M-1209,WC-8,3597,completed,2026-11-19
MO-2442,M-1234,WC-6,4949,RELEASED,03/05/2024
MO-2443,M-1220,WC-1,4356,RELEASED,2024-03-05
MO-2444,M-1205,WC-8,4122,open,20-04-2025
MO-2445,M-1084,WC-9,4274,released,23-10-2024
MO-2446,M-1207,WC-2,1197,released,2025-09-07
MO-2447,M-1160,WC-11,1403,COMPLETED,2026-11-20
MO-2448,M-1260,WC-5,4001,open,2024-08-01
MO-2449,M-1053,WC-8,3912,OPEN,07/15/2026
MO-2450,M-1177,WC-6,3249,completed,14-04-2025
MO-2451,M-1155,WC-15,769,completed,2025-04-14
MO-2452,M-1277,WC-9,3473,COMPLETED,2025-12-10
MO-2453,M-1215,WC-4,4992,RELEASED,05/13/2024
MO-2454,M-1254,WC-12,4009,RELEASED,2025-03-10
MO-2455,M-1144,WC-7,2730,open,19-03-2026
MO-2456,M-1292,WC-7,1593,open,2024-07-12
MO-2457,M-1200,WC-7,2629,open,2026-09-08
MO-2458,M-1291,WC-5,4534,COMPLETED,2026-09-17
MO-2459,M-1030,WC-12,3743,RELEASED,07/10/2024
MO-2460,M-1238,WC-9,129,released,2025-10-07
MO-2461,M-1289,WC-2,3063,completed,02-08-2025
MO-2462,M-1271,WC-11,4118,OPEN,2024-04-09
MO-2463,M-1250,WC-3,1197,completed,11/06/2026
MO-2464,M-1081,WC-10,1934,released,2026-02-17
MO-2465,M-1283,WC-2,1020,released,2025-09-19
MO-2466,M-1218,WC-11,3436,COMPLETED,07/11/2025
MO-2467,M-1124,WC-9,3777,COMPLETED,09/25/2025
MO-2468,M-1122,WC-4,819,COMPLETED,12/03/2025
MO-2469,M-1284,WC-12,2980,released,11/13/2026
MO-2470,M-1199,WC-9,3589,open,05-10-2026
MO-2471,M-1239,WC-7,535,completed,04/18/2025
MO-2472,M-1164,WC-15,1168,COMPLETED,11/01/2024
MO-2473,M-1055,WC-7,4242,open,11/20/2025
MO-2474,M-1004,WC-14,1446,COMPLETED,04/08/2024
MO-2475,M-1218,WC-9,4690,completed,09/08/2024
MO-2476,M-1183,WC-5,853,OPEN,2025-10-03
MO-2477,M-1068,WC-1,1838,completed,2024-03-12
MO-2478,M-1084,WC-11,1561,released,12/24/2024
MO-2479,M-1026,WC-13,2545,completed,11/12/2026
MO-2480,M-1004,WC-12,428,open,2025-03-11
MO-2481,M-1039,WC-4,4186,open,2025-05-10
MO-2482,M-1010,WC-8,962,released,11/22/2024
MO-2483,M-1283,WC-10,779,RELEASED,2026-12-21
MO-2484,M-1269,WC-3,1894,completed,01/16/2024
MO-2485,M-1077,WC-11,2881,completed,2026-04-14
MO-2486,M-1058,WC-8,1678,OPEN,2026-02-14
MO-2487,M-1096,WC-9,1958,open,08/19/2026
MO-2488,M-1085,WC-7,2727,COMPLETED,2024-01-19
MO-2489,M-1007,WC-1,923,COMPLETED,15-10-2024
MO-2490,M-1117,WC-7,3335,open,2026-01-12
MO-2491,M-1093,WC-4,3848,open,2024-12-26
MO-2492,M-1170,WC-5,2323,released,2025-07-06
MO-2493,M-1093,WC-15,4175,open,2026-05-20
MO-2494,M-1063,WC-3,66,COMPLETED,03/21/2025
MO-2495,M-1277,WC-15,2810,completed,2024-01-20
MO-2496,M-1071,WC-10,4070,OPEN,2026-11-20
MO-2497,M-1039,WC-5,4891,open,06/23/2026
MO-2498,M-1006,WC-1,2529,OPEN,2025-04-16
MO-2499,M-1253,WC-10,4716,completed,2025-05-17
MO-2500,M-1258,WC-7,2650,RELEASED,08/02/2024
MO-2501,M-1201,WC-10,758,open,2025-07-06
MO-2502,M-1291,WC-12,672,OPEN,2025-04-19
MO-2503,M-1147,WC-8,1410,open,05/06/2024
MO-2504,M-1233,WC-11,442,COMPLETED,09-07-2025
MO-2505,M-1299,WC-10,461,RELEASED,04/06/2026
MO-2506,M-1248,WC-5,2570,completed,11/11/2024
MO-2507,M-1153,WC-9,951,released,04/19/2026
MO-2508,M-1237,WC-6,1845,COMPLETED,04/28/2026
MO-2509,M-1096,WC-12,1964,RELEASED,03/10/2025
MO-2510,M-1170,WC-3,4852,completed,2025-11-06
MO-2511,M-1281,WC-7,973,open,2025-12-06
MO-2512,M-1162,WC-3,3934,OPEN,06/15/2026
MO-2513,M-1239,WC-1,3221,RELEASED,2026-05-20
MO-2514,M-1215,WC-12,4614,completed,2026-06-05
MO-2515,M-1258,WC-11,3272,COMPLETED,12-06-2025
MO-2516,M-1209,WC-7,27,OPEN,11/13/2024
MO-2517,M-1067,WC-10,484,RELEASED,24-03-2026
MO-2518,M-1290,WC-13,3006,OPEN,01/24/2026
MO-2519,M-1065,WC-11,3018,released,2026-09-12
MO-2520,M-1295,WC-9,2386,completed,2026-05-25
MO-2521,M-1111,WC-13,1199,COMPLETED,01/08/2025
MO-2522,M-1000,WC-7,4436,COMPLETED,07-09-2025
MO-2523,M-1203,WC-14,1405,OPEN,09/16/2024
MO-2524,M-1025,WC-9,376,OPEN,18-10-2024
MO-2525,M-1249,WC-10,60,COMPLETED,2024-11-25
MO-2526,M-1019,WC-5,2540,RELEASED,2025-09-15
MO-2527,M-1023,WC-9,1972,RELEASED,03/06/2024
MO-2528,M-1127,WC-13,4163,completed,04-10-2025
MO-2529,M-1159,WC-14,594,RELEASED,2025-03-13
MO-2530,M-1150,WC-5,1920,RELEASED,12/26/2026
MO-2531,M-1176,WC-13,1442,COMPLETED,2024-04-20
MO-2532,M-1217,WC-14,867,open,08-11-2025
MO-2533,M-1226,WC-8,3998,OPEN,11-05-2024
MO-2534,M-1157,WC-5,1488,completed,04/03/2024
MO-2535,M-1080,WC-11,3367,open,2026-04-08
MO-2536,M-1293,WC-9,4613,completed,09/12/2026
MO-2537,M-1032,WC-2,473,completed,26-02-2025
MO-2538,M-1042,WC-8,3746,open,2024-07-11
MO-2539,M-1113,WC-4,723,RELEASED,04/26/2024
MO-2540,M-1195,WC-1,2416,OPEN,2025-11-21
MO-2541,M-1061,WC-15,1860,OPEN,01-05-2024
MO-2542,M-1098,WC-3,2184,completed,2025-02-05
MO-2543,M-1010,WC-7,1960,COMPLETED,2025-12-22
MO-2544,M-1277,WC-2,552,released,2025-02-08
MO-2545,M-1180,WC-15,1458,completed,2025-06-21
MO-2546,M-1192,WC-4,3187,COMPLETED,2026-07-17
MO-2547,M-1273,WC-7,3494,RELEASED,03/17/2024
MO-2548,M-1168,WC-10,3073,open,08-12-2024
MO-2549,M-1211,WC-13,2025,released,07/27/2024
MO-2550,M-1191,WC-13,105,open,2026-11-06
MO-2551,M-1054,WC-15,2460,COMPLETED,02/15/2026
MO-2552,M-1297,WC-9,407,RELEASED,23-06-2025
MO-2553,M-1230,WC-7,4172,completed,10/03/2024
MO-2554,M-1080,WC-12,811,COMPLETED,11/11/2025
MO-2555,M-1110,WC-13,4486,completed,2026-10-28
MO-2556,M-1193,WC-12,2622,completed,08-02-2026
MO-2557,M-1197,WC-5,3393,open,24-04-2026
MO-2558,M-1012,WC-7,3556,open,2026-01-27
MO-2559,M-1234,WC-1,4469,open,2025-02-16
MO-2560,M-1284,WC-14,3440,completed,2026-03-09
MO-2561,M-1215,WC-4,4564,completed,2025-12-23
MO-2562,M-1264,WC-8,737,completed,2025-10-05
MO-2563,M-1246,WC-1,4469,COMPLETED,05-07-2024
MO-2564,M-1154,WC-15,2256,open,2025-04-03
MO-2565,M-1295,WC-2,148,COMPLETED,2025-09-17
MO-2566,M-1082,WC-3,3186,completed,12/13/2025
MO-2567,M-1282,WC-8,3412,released,2026-02-18
MO-2568,M-1281,WC-15,4445,OPEN,2024-04-11
MO-2569,M-1161,WC-15,208,OPEN,2024-03-01
MO-2570,M-1146,WC-14,2732,open,06-01-2024
MO-2571,M-1217,WC-9,1652,completed,2024-06-17
MO-2572,M-1034,WC-15,953,OPEN,2024-12-27
MO-2573,M-1141,WC-6,4558,OPEN,02/22/2026
MO-2574,M-1001,WC-2,2030,released,2026-12-22
MO-2575,M-1205,WC-12,4948,released,2025-08-18
MO-2576,M-1239,WC-3,206,completed,27-03-2024
MO-2577,M-1193,WC-12,2758,completed,21-12-2024
MO-2578,M-1286,WC-5,4200,RELEASED,12-11-2024
MO-2579,M-1209,WC-10,1019,RELEASED,2024-09-17
MO-2580,M-1293,WC-3,3574,RELEASED,2024-07-12
MO-2581,M-1126,WC-5,861,RELEASED,2026-12-08
MO-2582,M-1010,WC-14,1402,RELEASED,05-03-2024
MO-2583,M-1106,WC-4,3244,released,2025-12-14
MO-2584,M-1231,WC-9,560,RELEASED,07/01/2026
MO-2585,M-1065,WC-10,4487,OPEN,2025-12-10
MO-2586,M-1036,WC-14,1399,COMPLETED,01-06-2026
MO-2587,M-1079,WC-5,1953,open,01/25/2025
MO-2588,M-1198,WC-14,1651,COMPLETED,07/19/2025
MO-2589,M-1212,WC-5,3750,completed,16-05-2024
MO-2590,M-1016,WC-3,61,completed,2025-05-06
MO-2591,M-1175,WC-6,3537,OPEN,2024-08-01
MO-2592,M-1065,WC-12,2804,completed,10-10-2024
MO-2593,M-1254,WC-8,4332,RELEASED,05/03/2026
MO-2594,M-1057,WC-9,4207,RELEASED,05/06/2026
MO-2595,M-1052,WC-5,73,released,2026-01-18
MO-2596,M-1031,WC-1,2951,released,12-11-2026
MO-2597,M-1239,WC-2,1718,open,2025-04-15
MO-2598,M-1059,WC-9,2803,OPEN,11/23/2025
MO-2599,M-1005,WC-10,545,RELEASED,06/19/2026
MO-2600,M-1249,WC-7,298,COMPLETED,2025-07-05
MO-2601,M-1212,WC-13,3401,open,02/02/2024
MO-2602,M-1162,WC-10,31,released,09/13/2024
MO-2603,M-1036,WC-7,2199,open,2025-08-21
MO-2604,M-1225,WC-5,1762,open,14-09-2026
MO-2605,M-1088,WC-6,667,RELEASED,2024-06-11
MO-2606,M-1202,WC-12,2265,RELEASED,10-08-2025
MO-2607,M-1234,WC-15,156,COMPLETED,2025-08-28
MO-2608,M-1250,WC-15,3315,released,10-10-2024
MO-2609,M-1271,WC-14,1614,OPEN,2025-01-25
MO-2610,M-1057,WC-11,2514,open,01/11/2024
MO-2611,M-1125,WC-6,2767,OPEN,2025-04-13
MO-2612,M-1180,WC-13,2559,completed,2024-10-17
MO-2613,M-1012,WC-2,408,open,14-02-2025
MO-2614,M-1194,WC-10,4425,OPEN,2024-09-27
MO-2615,M-1019,WC-15,2596,open,02/01/2025
MO-2616,M-1275,WC-4,1403,OPEN,03-03-2026
MO-2617,M-1000,WC-2,3941,open,2024-02-25
MO-2618,M-1119,WC-13,2985,completed,2025-01-05
MO-2619,M-1200,WC-3,3401,released,06/05/2025
MO-2620,M-1004,WC-3,4763,open,2024-04-01
MO-2621,M-1064,WC-6,4298,RELEASED,07/22/2024
MO-2622,M-1148,WC-5,3190,OPEN,08-10-2026
MO-2623,M-1210,WC-11,3811,RELEASED,06/11/2025
MO-2624,M-1173,WC-2,913,open,2024-02-16
MO-2625,M-1079,WC-8,1225,completed,12/02/2026
MO-2626,M-1095,WC-1,1918,RELEASED,12/24/2026
MO-2627,M-1034,WC-8,2625,COMPLETED,04/24/2026
MO-2628,M-1265,WC-12,315,OPEN,12-11-2026
MO-2629,M-1206,WC-15,1908,released,11-02-2025
MO-2630,M-1211,WC-10,4511,completed,2026-09-05
MO-2631,M-1287,WC-12,4152,RELEASED,26-07-2025
MO-2632,M-1086,WC-1,832,RELEASED,04/21/2026
MO-2633,M-1208,WC-15,3118,open,01-09-2024
MO-2634,M-1231,WC-14,1533,OPEN,10/27/2024
MO-2635,M-1139,WC-13,4954,completed,2025-12-11
MO-2636,M-1044,WC-8,3389,open,2024-01-12
MO-2637,M-1035,WC-15,3245,released,2024-07-13
MO-2638,M-1057,WC-5,2891,completed,2025-05-15
MO-2639,M-1011,WC-6,4290,open,2024-02-19
MO-2640,M-1076,WC-7,2889,OPEN,2025-07-11
MO-2641,M-1074,WC-5,4445,OPEN,10/08/2025
MO-2642,M-1214,WC-12,133,COMPLETED,2026-12-05
MO-2643,M-1234,WC-10,2506,OPEN,05-02-2026
MO-2644,M-1220,WC-4,4094,open,2025-01-16
MO-2645,M-1279,WC-9,2048,COMPLETED,2024-03-25
MO-2646,M-1279,WC-11,1416,released,03/16/2025
MO-2647,M-1132,WC-15,2291,COMPLETED,2024-05-25
MO-2648,M-1176,WC-6,947,completed,03/03/2026
MO-2649,M-1230,WC-6,417,completed,09/23/2026
MO-2650,M-1072,WC-14,2880,OPEN,2024-01-02
MO-2651,M-1040,WC-14,3762,open,11-04-2025
MO-2652,M-1199,WC-10,372,OPEN,2025-02-12
MO-2653,M-1199,WC-11,4319,COMPLETED,18-08-2026
MO-2654,M-1083,WC-5,2382,COMPLETED,12-03-2025
MO-2655,M-1033,WC-9,1419,OPEN,2025-03-10
MO-2656,M-1142,WC-12,4843,completed,04/21/2026
MO-2657,M-1040,WC-8,2586,completed,03/21/2026
MO-2658,M-1114,WC-9,811,RELEASED,2026-11-16
MO-2659,M-1208,WC-1,1201,RELEASED,23-10-2024
MO-2660,M-1136,WC-3,3774,COMPLETED,07-11-2026
MO-2661,M-1097,WC-15,670,RELEASED,05/04/2024
MO-2662,M-1086,WC-15,4382,OPEN,2025-10-13
MO-2663,M-1098,WC-10,1508,released,09/07/2026
MO-2664,M-1274,WC-15,2692,COMPLETED,11-04-2025
MO-2665,M-1110,WC-15,721,released,10/21/2024
MO-2666,M-1160,WC-10,2782,COMPLETED,01/24/2026
MO-2667,M-1086,WC-7,4233,OPEN,07/18/2024
MO-2668,M-1176,WC-10,3961,completed,01-08-2026
MO-2669,M-1241,WC-1,85,completed,2025-05-20
MO-2670,M-1267,WC-11,3633,completed,05/20/2025
MO-2671,M-1171,WC-13,3898,completed,10-06-2024
MO-2672,M-1084,WC-5,518,RELEASED,04-11-2026
MO-2673,M-1159,WC-5,1266,released,2026-05-17
MO-2674,M-1227,WC-13,68,released,2026-09-14
MO-2675,M-1188,WC-9,2920,released,25-12-2026
MO-2676,M-1198,WC-1,1202,completed,11/03/2026
MO-2677,M-1012,WC-13,4195,RELEASED,2024-03-01
MO-2678,M-1259,WC-15,990,completed,2025-01-08
MO-2679,M-1110,WC-11,2945,COMPLETED,2025-01-19
MO-2680,M-1121,WC-6,3657,completed,18-11-2026
MO-2681,M-1228,WC-13,347,OPEN,04/15/2025
MO-2682,M-1156,WC-4,3315,OPEN,03/08/2024
MO-2683,M-1064,WC-4,4603,released,2025-01-09
MO-2684,M-1241,WC-11,2775,RELEASED,2025-04-24
MO-2685,M-1111,WC-9,3512,open,27-04-2025
MO-2686,M-1018,WC-10,3265,released,2024-03-28
MO-2687,M-1047,WC-10,1994,COMPLETED,2024-02-15
MO-2688,M-1031,WC-11,938,completed,2026-06-07
MO-2689,M-1229,WC-11,1541,RELEASED,2024-03-07
MO-2690,M-1282,WC-5,1525,open,08/20/2024
MO-2691,M-1002,WC-8,4886,RELEASED,07/22/2024
MO-2692,M-1168,WC-1,4846,completed,2024-06-09
MO-2693,M-1072,WC-3,2607,open,2024-09-19
MO-2694,M-1288,WC-6,1508,open,09/03/2025
MO-2695,M-1064,WC-1,3219,released,2025-09-16
MO-2696,M-1281,WC-6,155,open,2024-04-26
MO-2697,M-1149,WC-2,52,released,20-02-2025
MO-2698,M-1253,WC-6,3939,released,19-08-2025
MO-2699,M-1190,WC-14,4577,open,05/05/2025
MO-2700,M-1283,WC-1,3244,completed,2024-10-21
MO-2701,M-1124,WC-14,1166,open,2026-02-11
MO-2702,M-1056,WC-5,3314,OPEN,05/18/2024
MO-2703,M-1047,WC-15,2989,OPEN,2025-04-02
MO-2704,M-1142,WC-1,1396,OPEN,2026-04-07
MO-2705,M-1211,WC-3,1343,open,05/11/2025
MO-2706,M-1293,WC-5,513,COMPLETED,2025-07-10
MO-2707,M-1290,WC-6,2379,released,10/28/2026
MO-2708,M-1169,WC-4,1737,OPEN,2025-12-08
MO-2709,M-1072,WC-9,4132,COMPLETED,07/07/2025
MO-2710,M-1066,WC-13,772,RELEASED,2024-06-16
MO-2711,M-1232,WC-4,3311,OPEN,25-07-2025
MO-2712,M-1189,WC-3,516,RELEASED,2025-05-07
MO-2713,M-1179,WC-15,3921,released,08/16/2025
MO-2714,M-1139,WC-6,4899,OPEN,2026-10-13
MO-2715,M-1279,WC-10,4035,COMPLETED,2026-05-24
MO-2716,M-1159,WC-12,4391,RELEASED,2024-03-24
MO-2717,M-1193,WC-13,3957,completed,2026-01-10
MO-2718,M-1011,WC-12,3598,open,26-08-2024
MO-2719,M-1120,WC-4,1350,open,04/13/2025
MO-2720,M-1113,WC-14,4852,open,04-12-2024
MO-2721,M-1124,WC-6,1242,COMPLETED,08/07/2024
MO-2722,M-1021,WC-8,4683,completed,07/23/2026
MO-2723,M-1030,WC-3,523,completed,2024-08-01
MO-2724,M-1084,WC-4,2589,completed,2026-06-03
MO-2725,M-1040,WC-3,738,COMPLETED,2025-01-10
MO-2726,M-1171,WC-7,2112,open,11/11/2024
MO-2727,M-1239,WC-5,3244,OPEN,09/23/2024
MO-2728,M-1289,WC-13,2456,COMPLETED,2025-09-25
MO-2729,M-1209,WC-2,585,COMPLETED,2026-03-18
MO-2730,M-1160,WC-5,4001,open,2024-02-08
MO-2731,M-1112,WC-4,4447,OPEN,2026-09-02
MO-2732,M-1185,WC-10,1588,completed,2024-12-10
MO-2733,M-1096,WC-12,2381,completed,2026-05-15
MO-2734,M-1030,WC-9,2236,OPEN,13-11-2025
MO-2735,M-1104,WC-6,2484,completed,2025-10-15
MO-2736,M-1170,WC-6,1661,RELEASED,2026-10-11
MO-2737,M-1161,WC-7,57,open,19-01-2025
MO-2738,M-1165,WC-12,593,COMPLETED,2025-01-27
MO-2739,M-1160,WC-6,1665,COMPLETED,04/26/2024
MO-2740,M-1268,WC-1,3034,released,07/08/2024
MO-2741,M-1098,WC-9,4535,OPEN,2024-02-04
MO-2742,M-1036,WC-1,2439,COMPLETED,2025-03-12
MO-2743,M-1292,WC-11,812,OPEN,2024-06-16
MO-2744,M-1200,WC-15,1976,COMPLETED,2025-06-08
MO-2745,M-1267,WC-6,846,COMPLETED,10-02-2026
MO-2746,M-1202,WC-4,4888,COMPLETED,04/04/2025
MO-2747,M-1034,WC-9,4383,released,2025-10-01
MO-2748,M-1087,WC-5,3397,completed,13-12-2025
MO-2749,M-1036,WC-3,2015,OPEN,03-05-2026
MO-2750,M-1071,WC-5,2297,RELEASED,2024-07-25
MO-2751,M-1172,WC-10,1870,RELEASED,2025-11-20
MO-2752,M-1040,WC-9,1589,COMPLETED,2026-01-11
MO-2753,M-1043,WC-10,2398,RELEASED,2024-02-01
MO-2754,M-1142,WC-3,548,open,17-06-2025
MO-2755,M-1286,WC-3,393,OPEN,2024-06-03
MO-2756,M-1258,WC-13,3128,open,2026-12-17
MO-2757,M-1006,WC-11,2997,RELEASED,2025-04-22
MO-2758,M-1107,WC-8,4220,open,2026-02-13
MO-2759,M-1200,WC-15,505,RELEASED,2024-11-04
MO-2760,M-1214,WC-9,325,RELEASED,2024-02-11
MO-2761,M-1134,WC-13,3539,OPEN,22-01-2025
MO-2762,M-1198,WC-5,864,RELEASED,2025-07-04
MO-2763,M-1207,WC-12,3731,COMPLETED,11-05-2025
MO-2764,M-1124,WC-2,1356,released,01/10/2026
MO-2765,M-1088,WC-13,922,open,2026-08-22
MO-2766,M-1085,WC-6,4760,open,01-02-2024
MO-2767,M-1222,WC-3,622,completed,2026-09-01
MO-2768,M-1067,WC-7,771,RELEASED,09/15/2024
MO-2769,M-1144,WC-14,471,released,2024-07-12
MO-2770,M-1186,WC-5,3153,released,07/12/2024
MO-2771,M-1096,WC-2,796,completed,05/19/2025
MO-2772,M-1165,WC-4,4744,open,10/06/2024
MO-2773,M-1220,WC-3,4075,COMPLETED,2025-06-18
MO-2774,M-1171,WC-11,1824,OPEN,2025-06-22
MO-2775,M-1208,WC-7,238,COMPLETED,22-07-2026
MO-2776,M-1192,WC-6,3920,open,2024-08-27
MO-2777,M-1067,WC-7,2781,open,05/16/2026
MO-2778,M-1203,WC-11,752,completed,07/23/2026
MO-2779,M-1087,WC-10,1904,completed,2026-10-25
MO-2780,M-1033,WC-12,1519,completed,14-11-2025
MO-2781,M-1283,WC-14,4752,RELEASED,02/12/2025
MO-2782,M-1233,WC-15,4087,completed,2024-08-21
MO-2783,M-1223,WC-7,1326,open,2024-01-12
MO-2784,M-1219,WC-4,2411,RELEASED,05/13/2025
MO-2785,M-1040,WC-10,4834,released,10/04/2025
MO-2786,M-1209,WC-9,4129,COMPLETED,2025-07-21
MO-2787,M-1185,WC-12,1012,OPEN,2025-07-17
MO-2788,M-1092,WC-14,4693,open,2024-07-22
MO-2789,M-1211,WC-7,1731,RELEASED,11/15/2024
MO-2790,M-1139,WC-6,4740,open,07/27/2026
MO-2791,M-1274,WC-1,3899,released,2026-07-13
MO-2792,M-1074,WC-12,4005,RELEASED,24-12-2026
MO-2793,M-1050,WC-2,3232,completed,2026-05-08
MO-2794,M-1188,WC-11,4728,COMPLETED,20-11-2026
MO-2795,M-1118,WC-12,4194,RELEASED,2025-11-28
MO-2796,M-1055,WC-13,3582,COMPLETED,09/04/2025
MO-2797,M-1106,WC-1,2357,open,2025-03-21
MO-2798,M-1103,WC-14,2108,completed,2025-01-21
MO-2799,M-1022,WC-9,3965,OPEN,14-02-2026
MO-2800,M-1134,WC-15,1516,released,06/28/2025
MO-2801,M-1132,WC-3,3012,released,24-10-2025
MO-2802,M-1151,WC-2,2372,OPEN,2024-12-10
MO-2803,M-1223,WC-5,4759,COMPLETED,11-05-2024
MO-2804,M-1224,WC-4,3314,RELEASED,20-03-2024
MO-2805,M-1196,WC-14,2559,completed,19-07-2025
MO-2806,M-1053,WC-6,4801,completed,2024-04-19
MO-2807,M-1176,WC-9,3642,released,26-12-2026
MO-2808,M-1014,WC-12,2179,released,14-10-2026
MO-2809,M-1001,WC-1,3981,RELEASED,2025-08-18
MO-2810,M-1027,WC-13,4325,open,04/17/2024
MO-2811,M-1175,WC-2,4674,released,2024-07-03
MO-2812,M-1040,WC-14,1655,completed,22-06-2024
MO-2813,M-1198,WC-4,2533,RELEASED,05-02-2026
MO-2814,M-1043,WC-9,4885,open,2024-10-19
MO-2815,M-1299,WC-10,2499,RELEASED,18-09-2024
MO-2816,M-1086,WC-11,628,released,02-02-2024
MO-2817,M-1086,WC-2,3292,RELEASED,2026-01-18
MO-2818,M-1290,WC-7,4773,released,12/04/2024
MO-2819,M-1204,WC-14,1845,COMPLETED,2025-10-24
MO-2820,M-1024,WC-3,3678,completed,2026-01-17
MO-2821,M-1134,WC-13,1756,RELEASED,2025-07-15
MO-2822,M-1121,WC-11,3615,completed,2024-10-25
MO-2823,M-1121,WC-12,4659,OPEN,2024-01-18
MO-2824,M-1172,WC-7,4603,OPEN,24-07-2026
MO-2825,M-1063,WC-3,4609,RELEASED,07/12/2025
MO-2826,M-1192,WC-4,3598,RELEASED,03-12-2024
MO-2827,M-1061,WC-14,803,open,06/27/2026
MO-2828,M-1132,WC-8,1222,completed,08/22/2026
MO-2829,M-1274,WC-5,3931,completed,2024-06-03
MO-2830,M-1102,WC-7,2331,completed,06/05/2026
MO-2831,M-1222,WC-12,3426,OPEN,2024-01-28
MO-2832,M-1134,WC-5,4219,RELEASED,11/23/2025
MO-2833,M-1190,WC-5,1151,COMPLETED,2024-08-01
MO-2834,M-1268,WC-15,2680,open,09/19/2024
MO-2835,M-1149,WC-11,905,COMPLETED,2026-09-27
MO-2836,M-1002,WC-14,1517,completed,2025-10-08
MO-2837,M-1074,WC-7,1946,open,08/06/2026
MO-2838,M-1207,WC-8,3911,RELEASED,12/28/2024
MO-2839,M-1140,WC-7,744,open,13-01-2026
MO-2840,M-1034,WC-9,3213,completed,01/26/2025
MO-2841,M-1231,WC-4,3358,COMPLETED,04-07-2026
MO-2842,M-1168,WC-2,2557,RELEASED,28-08-2024
MO-2843,M-1051,WC-6,4975,open,2024-10-16
MO-2844,M-1239,WC-4,274,RELEASED,2024-12-13
MO-2845,M-1024,WC-5,1610,COMPLETED,2026-09-02
MO-2846,M-1177,WC-5,2140,OPEN,01/07/2024
MO-2847,M-1145,WC-10,990,OPEN,2025-04-17
MO-2848,M-1208,WC-1,1653,completed,2024-06-11
MO-2849,M-1166,WC-9,2016,open,2024-11-02
MO-2850,M-1242,WC-6,1675,RELEASED,2024-06-07
MO-2851,M-1290,WC-15,1567,OPEN,08/16/2025
MO-2852,M-1230,WC-12,1487,released,01-12-2026
MO-2853,M-1022,WC-10,1168,released,2025-09-23
MO-2854,M-1150,WC-6,4320,completed,2024-09-15
MO-2855,M-1068,WC-10,4314,OPEN,11/13/2024
MO-2856,M-1067,WC-7,1864,COMPLETED,06-09-2025
MO-2857,M-1215,WC-5,2164,open,2025-09-02
MO-2858,M-1181,WC-2,3670,completed,2024-05-28
MO-2859,M-1234,WC-10,2190,completed,04/18/2026
MO-2860,M-1202,WC-15,4913,open,2026-02-15
MO-2861,M-1029,WC-2,2932,open,28-11-2024
MO-2862,M-1214,WC-2,2413,OPEN,2026-09-18
MO-2863,M-1269,WC-8,1234,completed,02/11/2025
MO-2864,M-1226,WC-13,1221,released,2024-04-05
MO-2865,M-1101,WC-2,3154,OPEN,07/18/2024
MO-2866,M-1276,WC-2,2265,open,2025-11-23
MO-2867,M-1072,WC-10,192,COMPLETED,2026-11-21
MO-2868,M-1215,WC-6,431,OPEN,2026-04-18
MO-2869,M-1258,WC-5,2637,RELEASED,25-11-2024
MO-2870,M-1032,WC-14,1268,completed,2024-07-26
MO-2871,M-1026,WC-3,2064,RELEASED,2024-08-07
MO-2872,M-1197,WC-1,1142,released,2024-08-06
MO-2873,M-1287,WC-15,1097,open,08-02-2026
MO-2874,M-1228,WC-7,3946,COMPLETED,2025-01-06
MO-2875,M-1299,WC-13,3775,COMPLETED,16-03-2024
MO-2876,M-1182,WC-1,4663,open,08/25/2024
MO-2877,M-1219,WC-4,2436,released,2026-09-26
MO-2878,M-1212,WC-13,1845,completed,08/12/2025
MO-2879,M-1226,WC-6,3661,OPEN,2024-02-16
MO-2880,M-1230,WC-8,765,RELEASED,09/19/2025
MO-2881,M-1090,WC-4,4574,RELEASED,2024-08-07
MO-2882,M-1270,WC-11,1894,completed,05-06-2024
MO-2883,M-1125,WC-14,3708,released,07/26/2024
MO-2884,M-1183,WC-12,3964,COMPLETED,27-11-2026
MO-2885,M-1216,WC-7,4713,RELEASED,2026-08-22
MO-2886,M-1081,WC-14,1700,RELEASED,2024-04-01
MO-2887,M-1154,WC-7,3341,completed,2026-03-19
MO-2888,M-1222,WC-12,2201,COMPLETED,11/04/2024
MO-2889,M-1072,WC-4,1199,RELEASED,2025-10-09
MO-2890,M-1124,WC-10,3726,COMPLETED,16-08-2025
MO-2891,M-1137,WC-9,1929,completed,09/12/2026
MO-2892,M-1008,WC-2,3327,RELEASED,2024-03-20
MO-2893,M-1262,WC-15,1646,OPEN,04-10-2024
MO-2894,M-1294,WC-11,1074,released,2026-06-01
MO-2895,M-1110,WC-11,4342,open,2024-08-05
MO-2896,M-1168,WC-9,1364,OPEN,2024-05-10
MO-2897,M-1182,WC-8,2674,OPEN,15-02-2024
MO-2898,M-1127,WC-4,400,OPEN,2024-10-10
MO-2899,M-1102,WC-7,2049,open,2024-03-26
MO-2900,M-1267,WC-4,1960,RELEASED,04/02/2025
MO-2901,M-1119,WC-4,745,released,12/28/2024
MO-2902,M-1096,WC-14,4367,OPEN,09/13/2025
MO-2903,M-1204,WC-9,1143,RELEASED,24-02-2025
MO-2904,M-1256,WC-4,581,COMPLETED,25-02-2024
MO-2905,M-1200,WC-10,2198,OPEN,2026-04-28
MO-2906,M-1251,WC-7,4238,open,2025-03-22
MO-2907,M-1276,WC-5,456,released,2024-09-17
MO-2908,M-1182,WC-5,3135,COMPLETED,21-02-2026
MO-2909,M-1199,WC-9,3409,completed,10-05-2024
MO-2910,M-1057,WC-2,4084,RELEASED,15-04-2026
MO-2911,M-1064,WC-10,2733,completed,2024-02-17
MO-2912,M-1001,WC-3,3707,OPEN,2025-07-15
MO-2913,M-1281,WC-11,2769,completed,07/25/2024
MO-2914,M-1298,WC-9,2883,RELEASED,2026-01-22
MO-2915,M-1040,WC-7,165,open,2025-10-08
MO-2916,M-1258,WC-14,3349,completed,08/07/2025
MO-2917,M-1115,WC-3,2513,RELEASED,2024-07-17
MO-2918,M-1196,WC-2,3198,COMPLETED,2025-08-19
MO-2919,M-1199,WC-8,101,open,02/05/2026
MO-2920,M-1089,WC-2,1152,RELEASED,09/21/2024
MO-2921,M-1206,WC-9,3733,COMPLETED,10/02/2025
MO-2922,M-1136,WC-8,3461,RELEASED,12/08/2026
MO-2923,M-1042,WC-6,3476,open,2026-01-03
MO-2924,M-1106,WC-3,4457,OPEN,12/04/2024
MO-2925,M-1179,WC-7,3240,OPEN,2025-10-23
MO-2926,M-1240,WC-6,3216,completed,07-01-2025
MO-2927,M-1019,WC-9,347,OPEN,23-12-2026
MO-2928,M-1215,WC-13,3591,COMPLETED,07/22/2025
MO-2929,M-1236,WC-9,3395,COMPLETED,08-07-2024
MO-2930,M-1250,WC-6,1542,RELEASED,2024-01-10
MO-2931,M-1275,WC-4,3362,open,2025-05-07
MO-2932,M-1018,WC-3,137,COMPLETED,2025-06-09
MO-2933,M-1094,WC-13,1886,RELEASED,2024-08-26
MO-2934,M-1199,WC-4,3686,open,2026-07-25
MO-2935,M-1087,WC-9,319,COMPLETED,12/27/2024
MO-2936,M-1249,WC-13,3787,open,07/17/2025
MO-2937,M-1159,WC-6,629,RELEASED,2024-12-14
MO-2938,M-1208,WC-6,4816,RELEASED,2024-03-28
MO-2939,M-1274,WC-10,3584,OPEN,13-06-2026
MO-2940,M-1105,WC-7,1294,RELEASED,2024-09-13
MO-2941,M-1160,WC-4,1922,completed,2024-12-03
MO-2942,M-1144,WC-6,1553,COMPLETED,2025-08-02
MO-2943,M-1013,WC-4,2631,released,07/01/2026
MO-2944,M-1107,WC-2,1813,released,13-04-2026
MO-2945,M-1024,WC-4,1561,OPEN,12/08/2024
MO-2946,M-1048,WC-15,2887,RELEASED,09/11/2024
MO-2947,M-1090,WC-12,4929,RELEASED,2024-10-11
MO-2948,M-1217,WC-5,1229,completed,2026-06-15
MO-2949,M-1139,WC-11,3923,COMPLETED,2024-05-11
MO-2950,M-1094,WC-10,3104,COMPLETED,05/26/2026
MO-2951,M-1277,WC-5,1085,OPEN,28-02-2025
MO-2952,M-1138,WC-13,2012,OPEN,01/24/2026
MO-2953,M-1134,WC-8,20,completed,2026-12-10
MO-2954,M-1172,WC-11,480,released,2025-01-25
MO-2955,M-1172,WC-1,464,COMPLETED,19-10-2025
MO-2956,M-1177,WC-8,3688,completed,09-08-2025
MO-2957,M-1023,WC-7,3087,completed,2025-08-20
MO-2958,M-1067,WC-10,3442,completed,01/19/2025
MO-2959,M-1046,WC-9,2608,open,2025-04-18
MO-2960,M-1256,WC-9,684,COMPLETED,2024-03-07
MO-2961,M-1205,WC-11,4799,completed,2025-07-13
MO-2962,M-1052,WC-7,2701,released,2026-10-01
MO-2963,M-1049,WC-3,4182,open,11/23/2026
MO-2964,M-1273,WC-8,136,COMPLETED,02/15/2026
MO-2965,M-1092,WC-15,1676,RELEASED,2024-12-16
MO-2966,M-1223,WC-2,4340,completed,2026-11-16
MO-2967,M-1225,WC-1,3531,OPEN,2024-02-16
MO-2968,M-1215,WC-4,3095,OPEN,2025-05-12
MO-2969,M-1289,WC-3,1344,RELEASED,09/01/2024
MO-2970,M-1103,WC-14,3150,OPEN,01-06-2026
MO-2971,M-1273,WC-1,1235,released,05/27/2025
MO-2972,M-1106,WC-7,2970,completed,08/02/2026
MO-2973,M-1054,WC-3,2884,COMPLETED,2024-12-14
MO-2974,M-1280,WC-7,1048,RELEASED,01-07-2026
MO-2975,M-1014,WC-5,3321,open,2024-03-05
MO-2976,M-1289,WC-6,1679,completed,18-12-2024
MO-2977,M-1115,WC-11,3548,RELEASED,2024-02-11
MO-2978,M-1287,WC-1,4119,completed,2025-04-13
MO-2979,M-1174,WC-7,773,released,26-09-2024
MO-2980,M-1121,WC-6,1104,COMPLETED,23-10-2026
MO-2981,M-1266,WC-9,4529,open,2026-10-08
MO-2982,M-1069,WC-5,2727,COMPLETED,11/17/2026
MO-2983,M-1157,WC-1,764,completed,2025-02-07
MO-2984,M-1044,WC-15,3227,OPEN,2025-07-19
MO-2985,M-1264,WC-14,4817,RELEASED,02/14/2024
MO-2986,M-1193,WC-5,4516,open,2026-06-26
MO-2987,M-1081,WC-7,1012,OPEN,11-12-2026
MO-2988,M-1074,WC-9,4058,COMPLETED,2026-12-11
MO-2989,M-1152,WC-8,3272,completed,2025-01-11
MO-2990,M-1001,WC-14,613,completed,04-05-2025
MO-2991,M-1295,WC-11,3284,released,21-04-2026
MO-2992,M-1286,WC-15,4622,OPEN,2024-03-03
MO-2993,M-1280,WC-5,2585,open,01/26/2026
MO-2994,M-1229,WC-9,34,released,2024-09-23
MO-2995,M-1038,WC-15,1665,released,2026-07-22
MO-2996,M-1267,WC-7,1189,completed,2026-01-05
MO-2997,M-1012,WC-13,3291,completed,02/24/2025
MO-2998,M-1127,WC-10,1002,completed,2025-10-10
MO-2999,M-1256,WC-1,2246,OPEN,2024-06-24
MO-3000,M-1141,WC-12,3218,completed,01-06-2024
MO-3001,M-1068,WC-8,3170,open,03/20/2025
MO-3002,M-1092,WC-3,3140,OPEN,2026-12-13
MO-3003,M-1151,WC-6,4676,released,07/14/2024
MO-3004,M-1030,WC-2,1936,released,2026-04-19
MO-3005,M-1045,WC-1,4243,OPEN,2026-10-11
MO-3006,M-1194,WC-1,4418,RELEASED,06-07-2025
MO-3007,M-1046,WC-12,2114,OPEN,01/10/2025
MO-3008,M-1132,WC-14,1429,COMPLETED,09/13/2026
MO-3009,M-1077,WC-12,2991,OPEN,2026-08-12
MO-3010,M-1296,WC-9,923,completed,02/13/2024
MO-3011,M-1047,WC-8,1898,COMPLETED,2025-10-06
MO-3012,M-1156,WC-8,3644,COMPLETED,2024-11-19
MO-3013,M-1210,WC-1,1623,open,06/06/2024
MO-3014,M-1081,WC-2,1189,COMPLETED,2025-12-24
MO-3015,M-1075,WC-7,4306,OPEN,2024-07-20
MO-3016,M-1027,WC-15,3218,open,10/07/2025
MO-3017,M-1158,WC-15,1776,RELEASED,08/20/2026
MO-3018,M-1169,WC-12,3598,open,2025-10-27
MO-3019,M-1107,WC-14,1599,RELEASED,2025-12-06
MO-3020,M-1207,WC-1,4165,COMPLETED,13-07-2025
MO-3021,M-1053,WC-15,3565,RELEASED,2024-12-03
MO-3022,M-1156,WC-14,2727,OPEN,2024-02-08
MO-3023,M-1047,WC-8,4856,released,2026-09-10
MO-3024,M-1295,WC-12,3609,completed,2025-12-11
MO-3025,M-1137,WC-6,4624,completed,20-03-2026
MO-3026,M-1173,WC-4,1849,OPEN,03-09-2026
MO-3027,M-1169,WC-6,1656,OPEN,2024-04-10
MO-3028,M-1191,WC-5,502,RELEASED,2026-05-21
MO-3029,M-1189,WC-15,3422,completed,2026-01-26
MO-3030,M-1029,WC-15,2453,completed,2026-04-18
MO-3031,M-1183,WC-4,4294,OPEN,07/19/2024
MO-3032,M-1129,WC-5,2683,completed,2025-09-09
MO-3033,M-1206,WC-11,1136,COMPLETED,2024-12-28
MO-3034,M-1037,WC-8,2419,COMPLETED,02/08/2026
MO-3035,M-1226,WC-8,4459,completed,02/19/2026
MO-3036,M-1011,WC-14,84,COMPLETED,2025-07-14
MO-3037,M-1046,WC-13,2370,released,2024-08-06
MO-3038,M-1150,WC-9,532,COMPLETED,02/18/2026
MO-3039,M-1126,WC-9,2924,completed,02/27/2026
MO-3040,M-1010,WC-1,3173,completed,10/08/2024
MO-3041,M-1110,WC-14,2518,OPEN,17-08-2026
MO-3042,M-1237,WC-15,4341,open,09/02/2025
MO-3043,M-1134,WC-5,1019,released,13-09-2026
MO-3044,M-1260,WC-11,2176,completed,22-02-2025
MO-3045,M-1184,WC-1,4492,OPEN,2026-08-04
MO-3046,M-1272,WC-8,2792,released,04/02/2025
MO-3047,M-1297,WC-2,1011,RELEASED,2024-09-09
MO-3048,M-1288,WC-11,4576,RELEASED,2025-05-24
MO-3049,M-1129,WC-10,4515,OPEN,2024-07-09
MO-3050,M-1072,WC-14,2268,released,08/14/2026
MO-3051,M-1012,WC-8,4472,OPEN,02-04-2024
MO-3052,M-1082,WC-9,4379,released,12/11/2024
MO-3053,M-1295,WC-1,520,released,2026-06-22
MO-3054,M-1240,WC-15,280,released,24-08-2025
MO-3055,M-1293,WC-2,3723,completed,2024-01-08
MO-3056,M-1123,WC-2,523,released,05/20/2024
MO-3057,M-1192,WC-8,1397,RELEASED,11/23/2025
MO-3058,M-1116,WC-6,2456,completed,08/22/2026
MO-3059,M-1227,WC-3,1007,COMPLETED,11/14/2024
MO-3060,M-1082,WC-15,2676,COMPLETED,15-03-2024
MO-3061,M-1008,WC-12,1785,open,09-08-2025
MO-3062,M-1156,WC-5,1074,open,2026-10-01
MO-3063,M-1204,WC-4,3409,completed,03/05/2025
MO-3064,M-1079,WC-8,2479,COMPLETED,2024-02-21
MO-3065,M-1076,WC-9,4467,released,07/28/2024
MO-3066,M-1212,WC-5,4961,open,2025-04-01
MO-3067,M-1168,WC-9,2689,open,2026-11-26
MO-3068,M-1205,WC-6,3510,OPEN,2024-08-11
MO-3069,M-1075,WC-1,1940,open,2026-11-21
MO-3070,M-1267,WC-5,593,open,07/20/2025
MO-3071,M-1113,WC-8,3067,OPEN,27-08-2026
MO-3072,M-1233,WC-2,3235,released,26-09-2026
MO-3073,M-1141,WC-3,758,open,2024-07-18
MO-3074,M-1164,WC-10,1325,completed,11/13/2024
MO-3075,M-1079,WC-13,4913,OPEN,2024-07-22
MO-3076,M-1129,WC-15,3158,COMPLETED,03/24/2024
MO-3077,M-1096,WC-4,1848,RELEASED,2024-10-09
MO-3078,M-1252,WC-13,475,released,2024-03-09
MO-3079,M-1261,WC-2,3452,completed,2024-09-14
MO-3080,M-1261,WC-12,1580,COMPLETED,2026-08-12
MO-3081,M-1142,WC-7,3103,RELEASED,2024-03-02
MO-3082,M-1025,WC-14,4067,completed,2024-07-12
MO-3083,M-1032,WC-6,3661,RELEASED,2024-04-20
MO-3084,M-1078,WC-6,150,COMPLETED,2025-12-13
MO-3085,M-1092,WC-3,4998,completed,2025-05-15
MO-3086,M-1168,WC-4,3332,RELEASED,10-12-2025
MO-3087,M-1013,WC-8,723,OPEN,11/23/2025
MO-3088,M-1287,WC-8,3863,COMPLETED,01/11/2026
MO-3089,M-1098,WC-10,1420,open,02/15/2025
MO-3090,M-1052,WC-9,1039,released,2026-04-01
MO-3091,M-1193,WC-14,4862,open,08-10-2024
MO-3092,M-1124,WC-13,870,OPEN,11/02/2024
MO-3093,M-1102,WC-2,1738,RELEASED,2025-10-09
MO-3094,M-1276,WC-1,2407,OPEN,09-01-2025
MO-3095,M-1159,WC-5,4178,OPEN,2025-10-10
MO-3096,M-1229,WC-15,2106,open,2025-02-13
MO-3097,M-1295,WC-4,2552,completed,04-09-2025
MO-3098,M-1216,WC-13,3566,open,2025-11-14
MO-3099,M-1138,WC-8,3881,open,24-01-2024
MO-3100,M-1020,WC-14,2885,open,08-06-2026
MO-3101,M-1257,WC-15,2935,released,10/03/2024
MO-3102,M-1215,WC-15,371,OPEN,02-04-2026
MO-3103,M-1052,WC-8,698,COMPLETED,06-05-2024
MO-3104,M-1060,WC-2,2192,completed,2024-05-14
MO-3105,M-1252,WC-10,252,COMPLETED,2026-09-09
MO-3106,M-1202,WC-9,1859,OPEN,2024-03-26
MO-3107,M-1113,WC-8,3658,OPEN,2025-03-25
MO-3108,M-1071,WC-4,4635,open,25-08-2025
MO-3109,M-1174,WC-14,663,open,2025-02-19
MO-3110,M-1027,WC-5,4323,released,13-01-2025
MO-3111,M-1268,WC-6,4247,OPEN,11-03-2025
MO-3112,M-1037,WC-6,4043,RELEASED,06-04-2026
MO-3113,M-1059,WC-3,3157,COMPLETED,2026-04-08
MO-3114,M-1074,WC-4,4947,released,2026-01-07
MO-3115,M-1258,WC-3,2229,RELEASED,07/27/2026
MO-3116,M-1226,WC-8,1817,COMPLETED,2026-08-28
MO-3117,M-1014,WC-12,462,COMPLETED,2026-07-05
MO-3118,M-1042,WC-12,1443,released,2026-09-08
MO-3119,M-1188,WC-5,517,open,03/14/2026
MO-3120,M-1094,WC-4,3969,COMPLETED,05/19/2025
MO-3121,M-1049,WC-13,698,released,2025-09-06
MO-3122,M-1141,WC-6,2973,COMPLETED,09/28/2024
MO-3123,M-1200,WC-11,4540,completed,11/01/2026
MO-3124,M-1039,WC-4,4528,RELEASED,2026-09-27
MO-3125,M-1038,WC-6,1790,open,2024-07-04
MO-3126,M-1222,WC-10,1387,COMPLETED,2024-02-01
MO-3127,M-1164,WC-2,623,open,08-04-2026
MO-3128,M-1268,WC-15,19,completed,2026-12-03
MO-3129,M-1229,WC-2,3194,completed,2026-03-11
MO-3130,M-1141,WC-15,4204,released,12/17/2026
MO-3131,M-1006,WC-13,971,RELEASED,2026-08-04
MO-3132,M-1082,WC-10,2009,completed,06/13/2024
MO-3133,M-1263,WC-5,3200,OPEN,27-08-2026
MO-3134,M-1042,WC-3,3905,RELEASED,01/14/2025
MO-3135,M-1036,WC-12,3200,open,2025-12-04
MO-3136,M-1171,WC-1,1907,open,2024-09-21
MO-3137,M-1031,WC-3,2230,RELEASED,2026-09-10
MO-3138,M-1093,WC-1,2664,COMPLETED,2026-11-24
MO-3139,M-1126,WC-5,3200,OPEN,2026-05-01
MO-3140,M-1194,WC-14,1964,open,14-02-2025
MO-3141,M-1189,WC-13,4779,completed,05/06/2024
MO-3142,M-1083,WC-10,117,COMPLETED,06/20/2025
MO-3143,M-1126,WC-9,3637,completed,08/18/2025
MO-3144,M-1269,WC-1,246,OPEN,18-04-2026
MO-3145,M-1102,WC-13,2860,OPEN,2026-04-25
MO-3146,M-1235,WC-10,2277,released,2025-10-04
MO-3147,M-1065,WC-11,1653,RELEASED,16-02-2024
MO-3148,M-1062,WC-1,3975,released,04/27/2026
MO-3149,M-1130,WC-15,2123,RELEASED,2026-08-26
MO-3150,M-1189,WC-11,2523,released,2024-11-22
MO-3151,M-1066,WC-1,2291,completed,06-01-2026
MO-3152,M-1140,WC-1,3758,RELEASED,06/27/2025
MO-3153,M-1282,WC-13,1934,completed,2024-04-01
MO-3154,M-1198,WC-9,1825,completed,2026-10-14
MO-3155,M-1020,WC-3,4769,COMPLETED,11/05/2025
MO-3156,M-1290,WC-7,1693,OPEN,2025-08-05
MO-3157,M-1188,WC-9,3170,completed,2026-03-16
MO-3158,M-1230,WC-10,3373,open,2024-11-26
MO-3159,M-1029,WC-4,3923,completed,2025-09-04
MO-3160,M-1102,WC-8,3064,RELEASED,06/21/2025
MO-3161,M-1132,WC-3,3119,COMPLETED,2025-12-11
MO-3162,M-1173,WC-6,2016,completed,02/11/2026
MO-3163,M-1265,WC-2,2675,open,02-06-2026
MO-3164,M-1059,WC-10,2736,completed,2026-04-21
MO-3165,M-1098,WC-2,2733,RELEASED,26-06-2024
MO-3166,M-1197,WC-6,3021,released,16-11-2025
MO-3167,M-1167,WC-2,1467,completed,2025-10-19
MO-3168,M-1122,WC-14,52,released,04/23/2026
MO-3169,M-1191,WC-10,2166,COMPLETED,01/21/2025
MO-3170,M-1212,WC-3,3543,completed,2025-05-17
MO-3171,M-1207,WC-1,2476,completed,07/01/2025
MO-3172,M-1293,WC-11,3913,COMPLETED,06/12/2026
MO-3173,M-1138,WC-8,4130,RELEASED,2025-11-24
MO-3174,M-1068,WC-7,796,RELEASED,2024-05-17
MO-3175,M-1290,WC-9,65,released,09/02/2026
MO-3176,M-1006,WC-10,4886,COMPLETED,19-08-2024
MO-3177,M-1016,WC-8,4937,open,07-09-2024
MO-3178,M-1175,WC-15,2598,COMPLETED,2024-05-28
MO-3179,M-1220,WC-5,1043,COMPLETED,10-04-2024
MO-3180,M-1290,WC-15,1626,completed,2025-11-05
MO-3181,M-1025,WC-8,311,released,03/27/2025
MO-3182,M-1220,WC-1,4425,open,2024-02-21
MO-3183,M-1065,WC-4,4936,COMPLETED,2026-10-16
MO-3184,M-1048,WC-7,4167,open,2025-04-04
MO-3185,M-1175,WC-9,4809,completed,2025-01-20
MO-3186,M-1242,WC-2,2057,RELEASED,08/22/2025
MO-3187,M-1130,WC-14,4554,completed,01/19/2025
MO-3188,M-1165,WC-12,918,COMPLETED,03/05/2025
MO-3189,M-1076,WC-3,2375,OPEN,2026-12-04
MO-3190,M-1193,WC-10,1524,COMPLETED,2026-01-11
MO-3191,M-1034,WC-7,1226,released,06-05-2026
MO-3192,M-1214,WC-14,2317,RELEASED,2025-09-10
MO-3193,M-1027,WC-4,2034,open,2025-03-24
MO-3194,M-1206,WC-8,2699,open,2026-04-13
MO-3195,M-1083,WC-2,2607,open,2025-11-11
MO-3196,M-1298,WC-15,2819,RELEASED,2026-08-13
MO-3197,M-1007,WC-7,2976,open,2026-01-25
MO-3198,M-1220,WC-3,404,open,08/20/2024
MO-3199,M-1227,WC-10,647,COMPLETED,2025-05-02
MO-3200,M-1230,WC-12,424,RELEASED,2024-10-20
MO-3201,M-1293,WC-9,983,OPEN,2026-03-10
MO-3202,M-1179,WC-14,3908,released,01/01/2025
MO-3203,M-1248,WC-1,4604,open,2026-12-12
MO-3204,M-1187,WC-9,3634,released,2025-06-13
MO-3205,M-1157,WC-7,2802,COMPLETED,2025-03-22
MO-3206,M-1155,WC-5,166,RELEASED,08/26/2024
MO-3207,M-1289,WC-2,4445,RELEASED,2024-10-16
MO-3208,M-1250,WC-7,3634,OPEN,2025-09-18
MO-3209,M-1052,WC-9,4895,released,18-07-2026
MO-3210,M-1081,WC-6,699,released,2026-10-22
MO-3211,M-1290,WC-8,1799,OPEN,10/25/2024
MO-3212,M-1014,WC-9,4386,OPEN,17-05-2025
MO-3213,M-1273,WC-14,2768,COMPLETED,2024-08-12
MO-3214,M-1181,WC-7,3610,completed,03-02-2025
MO-3215,M-1174,WC-5,3547,completed,2024-07-02
MO-3216,M-1091,WC-14,3723,RELEASED,2026-06-14
MO-3217,M-1165,WC-6,3007,completed,05/25/2026
MO-3218,M-1284,WC-8,3541,completed,2026-01-09
MO-3219,M-1041,WC-15,3523,COMPLETED,05/06/2026
MO-3220,M-1054,WC-13,1632,released,10-03-2024
MO-3221,M-1021,WC-14,196,completed,01-07-2024
MO-3222,M-1194,WC-7,3416,COMPLETED,2026-01-20
MO-3223,M-1159,WC-14,1160,released,09/08/2025
MO-3224,M-1073,WC-14,1370,OPEN,05/09/2025
MO-3225,M-1052,WC-6,2463,OPEN,05/03/2024
MO-3226,M-1204,WC-4,3996,released,12-07-2025
MO-3227,M-1140,WC-13,824,COMPLETED,2024-06-04
MO-3228,M-1211,WC-12,2254,completed,2025-06-09
MO-3229,M-1037,WC-15,1264,completed,20-08-2026
MO-3230,M-1078,WC-4,1652,OPEN,2025-12-07
MO-3231,M-1089,WC-5,3563,completed,2024-05-25
MO-3232,M-1234,WC-5,1060,COMPLETED,03/17/2024
MO-3233,M-1047,WC-10,1940,OPEN,11/10/2025
MO-3234,M-1012,WC-7,1222,COMPLETED,07/15/2026
MO-3235,M-1147,WC-13,4867,COMPLETED,09-02-2024
MO-3236,M-1297,WC-6,1223,open,08/22/2024
MO-3237,M-1104,WC-13,1040,RELEASED,03/13/2024
MO-3238,M-1249,WC-6,2384,open,06/27/2024
MO-3239,M-1247,WC-12,4702,released,10/17/2025
MO-3240,M-1050,WC-12,4575,completed,06/07/2026
MO-3241,M-1136,WC-11,4313,OPEN,12/09/2024
MO-3242,M-1022,WC-2,4196,RELEASED,26-04-2025
MO-3243,M-1218,WC-2,985,RELEASED,06-11-2026
MO-3244,M-1249,WC-15,412,open,08/25/2026
MO-3245,M-1175,WC-4,2035,RELEASED,11/20/2024
MO-3246,M-1173,WC-8,3791,open,2024-06-09
MO-3247,M-1126,WC-8,4755,completed,2025-07-19
MO-3248,M-1289,WC-3,71,open,12/22/2026
MO-3249,M-1187,WC-5,2988,COMPLETED,2025-12-18
MO-3250,M-1198,WC-11,1687,COMPLETED,09-11-2025
MO-3251,M-1296,WC-8,1506,completed,05-11-2026
MO-3252,M-1007,WC-4,2735,OPEN,2026-05-15
MO-3253,M-1256,WC-1,1130,open,09/04/2026
MO-3254,M-1142,WC-5,2333,COMPLETED,2026-05-21
MO-3255,M-1221,WC-14,3037,completed,03/03/2026
MO-3256,M-1284,WC-2,3041,released,05/06/2026
MO-3257,M-1238,WC-10,193,released,2026-01-08
MO-3258,M-1071,WC-1,4932,open,09/22/2025
MO-3259,M-1063,WC-11,1958,released,09/15/2025
MO-3260,M-1100,WC-13,4987,RELEASED,06/04/2025
MO-3261,M-1231,WC-10,1877,open,02/20/2024
MO-3262,M-1131,WC-7,3264,RELEASED,02/21/2024
MO-3263,M-1086,WC-13,1609,released,2026-09-19
MO-3264,M-1101,WC-2,2078,completed,01/10/2026
MO-3265,M-1232,WC-2,340,completed,09/27/2025
MO-3266,M-1060,WC-4,709,open,11-04-2025
MO-3267,M-1048,WC-6,3457,completed,2024-10-20
MO-3268,M-1154,WC-10,1590,released,2026-02-04
MO-3269,M-1068,WC-2,91,completed,12-05-2024
MO-3270,M-1213,WC-10,586,released,10-06-2025
MO-3271,M-1058,WC-9,1589,released,2024-11-04
MO-3272,M-1133,WC-1,3933,open,2025-05-09
MO-3273,M-1023,WC-9,2711,RELEASED,04-06-2026
MO-3274,M-1024,WC-9,1354,open,16-10-2024
MO-3275,M-1284,WC-6,2223,OPEN,01-01-2025
MO-3276,M-1239,WC-8,1670,RELEASED,25-08-2024
MO-3277,M-1065,WC-9,3881,RELEASED,08/11/2024
MO-3278,M-1039,WC-2,2271,completed,12/06/2025
MO-3279,M-1091,WC-1,322,OPEN,03/19/2025
MO-3280,M-1129,WC-3,3340,OPEN,07/02/2026
MO-3281,M-1221,WC-13,3373,open,2024-10-17
MO-3282,M-1023,WC-4,1350,RELEASED,19-12-2026
MO-3283,M-1207,WC-4,2504,released,07/08/2025
MO-3284,M-1249,WC-14,624,released,2025-10-07
MO-3285,M-1112,WC-5,4395,open,04/21/2024
MO-3286,M-1187,WC-2,2993,COMPLETED,2025-01-16
MO-3287,M-1071,WC-1,2150,released,04/21/2026
MO-3288,M-1158,WC-13,3220,COMPLETED,2026-05-03
MO-3289,M-1126,WC-9,1948,COMPLETED,05-02-2025
MO-3290,M-1152,WC-12,4616,COMPLETED,03/04/2025
MO-3291,M-1014,WC-11,2736,COMPLETED,16-01-2026
MO-3292,M-1118,WC-1,3314,OPEN,01/15/2026
MO-3293,M-1040,WC-1,1720,RELEASED,2024-10-08
MO-3294,M-1041,WC-13,2837,RELEASED,12/04/2024
MO-3295,M-1039,WC-3,2284,RELEASED,11/28/2024
MO-3296,M-1096,WC-1,1259,RELEASED,2024-03-09
MO-3297,M-1216,WC-12,1263,RELEASED,16-04-2026
MO-3298,M-1180,WC-15,354,RELEASED,2026-11-01
MO-3299,M-1148,WC-5,2187,completed,2024-03-13
MO-3300,M-1297,WC-7,4375,OPEN,2026-12-24
MO-3301,M-1136,WC-15,814,open,24-02-2025
MO-3302,M-1284,WC-13,297,COMPLETED,2026-02-05
MO-3303,M-1274,WC-4,4309,COMPLETED,10/17/2026
MO-3304,M-1189,WC-12,328,RELEASED,20-06-2024
MO-3305,M-1054,WC-10,4967,released,03/20/2024
MO-3306,M-1263,WC-15,205,COMPLETED,09/08/2025
MO-3307,M-1298,WC-7,1889,completed,17-08-2024
MO-3308,M-1039,WC-3,2987,COMPLETED,09/12/2024
MO-3309,M-1006,WC-1,612,completed,08-09-2024
MO-3310,M-1070,WC-2,4087,RELEASED,2024-04-07
MO-3311,M-1255,WC-12,3569,OPEN,2025-01-03
MO-3312,M-1155,WC-6,319,completed,02-10-2025
MO-3313,M-1038,WC-12,4138,open,12/20/2024
MO-3314,M-1070,WC-10,3959,released,2026-10-13
MO-3315,M-1267,WC-1,3219,completed,05/03/2025
MO-3316,M-1057,WC-13,1338,open,2026-04-20
MO-3317,M-1225,WC-1,4499,completed,2024-04-22
MO-3318,M-1271,WC-6,2744,open,2025-09-18
MO-3319,M-1095,WC-9,579,open,01/25/2025
MO-3320,M-1204,WC-6,1838,open,25-10-2025
MO-3321,M-1198,WC-10,2081,COMPLETED,02-10-2024
MO-3322,M-1225,WC-6,3072,COMPLETED,10-05-2024
MO-3323,M-1131,WC-12,1155,open,05/02/2024
MO-3324,M-1033,WC-6,102,completed,2024-08-11
MO-3325,M-1147,WC-2,2217,RELEASED,13-06-2024
MO-3326,M-1277,WC-11,1670,COMPLETED,2026-10-20
MO-3327,M-1280,WC-10,2599,OPEN,2024-05-05
MO-3328,M-1268,WC-1,2262,COMPLETED,07-03-2024
MO-3329,M-1195,WC-13,1518,completed,2024-03-26
MO-3330,M-1020,WC-14,3185,RELEASED,04/13/2026
MO-3331,M-1256,WC-6,2593,COMPLETED,2026-09-13
MO-3332,M-1230,WC-11,3241,OPEN,2024-05-08
MO-3333,M-1091,WC-12,3993,completed,2026-02-12
MO-3334,M-1103,WC-6,193,OPEN,02-03-2024
MO-3335,M-1227,WC-15,1179,completed,01/06/2026
MO-3336,M-1134,WC-2,3712,open,2025-01-12
MO-3337,M-1189,WC-9,991,RELEASED,08/14/2026
MO-3338,M-1203,WC-7,4040,OPEN,04/26/2026
MO-3339,M-1166,WC-5,53,completed,2025-11-28
MO-3340,M-1235,WC-1,1940,RELEASED,2024-02-07
MO-3341,M-1299,WC-4,937,OPEN,2025-08-25
MO-3342,M-1056,WC-15,2088,OPEN,2026-09-04
MO-3343,M-1237,WC-11,3402,released,07/24/2024
MO-3344,M-1183,WC-11,4573,completed,2026-05-23
MO-3345,M-1111,WC-2,4023,COMPLETED,08/17/2024
MO-3346,M-1029,WC-2,1198,OPEN,2024-10-12
MO-3347,M-1015,WC-15,280,OPEN,2025-12-10
MO-3348,M-1192,WC-2,2904,released,2025-03-20
MO-3349,M-1187,WC-7,1070,completed,12/20/2026
MO-3350,M-1010,WC-2,361,COMPLETED,10/16/2026
MO-3351,M-1037,WC-1,1720,released,01-05-2025
MO-3352,M-1087,WC-10,2369,OPEN,11/28/2025
MO-3353,M-1114,WC-14,1490,RELEASED,06/18/2025
MO-3354,M-1126,WC-3,2349,released,2025-09-10
MO-3355,M-1065,WC-7,355,OPEN,2024-08-12
MO-3356,M-1105,WC-1,4338,RELEASED,2026-01-12
MO-3357,M-1262,WC-6,1022,OPEN,2024-04-03
MO-3358,M-1062,WC-3,3349,open,2024-01-02
MO-3359,M-1280,WC-13,548,completed,10-09-2024
MO-3360,M-1098,WC-4,3234,completed,2024-03-15
MO-3361,M-1104,WC-10,633,OPEN,03/05/2024
MO-3362,M-1032,WC-9,3321,released,20-01-2026
MO-3363,M-1200,WC-11,1199,COMPLETED,01/25/2024
MO-3364,M-1040,WC-6,3619,completed,2026-09-12
MO-3365,M-1232,WC-14,1464,released,19-11-2026
MO-3366,M-1078,WC-3,4020,released,2026-09-27
MO-3367,M-1190,WC-8,419,COMPLETED,2025-02-09
MO-3368,M-1133,WC-2,2317,released,10/07/2026
MO-3369,M-1290,WC-14,3632,released,02/14/2026
MO-3370,M-1162,WC-10,1088,COMPLETED,07/24/2025
MO-3371,M-1277,WC-6,4640,RELEASED,12/16/2026
MO-3372,M-1169,WC-8,549,completed,2024-09-09
MO-3373,M-1221,WC-8,2325,open,07-04-2026
MO-3374,M-1186,WC-3,2762,RELEASED,22-08-2026
MO-3375,M-1281,WC-15,4614,OPEN,2024-08-05
MO-3376,M-1016,WC-8,794,OPEN,2026-10-23
MO-3377,M-1252,WC-5,308,completed,03/26/2024
MO-3378,M-1211,WC-15,1017,released,2025-03-20
MO-3379,M-1016,WC-5,2564,released,2024-06-11
MO-3380,M-1262,WC-12,3585,OPEN,2026-03-25
MO-3381,M-1031,WC-7,2987,OPEN,11/03/2024
MO-3382,M-1148,WC-11,3524,completed,2025-10-09
MO-3383,M-1023,WC-6,3699,open,2026-10-23
MO-3384,M-1100,WC-9,178,released,05-11-2025
MO-3385,M-1218,WC-7,1655,OPEN,2026-03-19
MO-3386,M-1241,WC-10,3423,completed,2024-02-05
MO-3387,M-1054,WC-5,2810,OPEN,09/06/2024
MO-3388,M-1184,WC-13,1790,COMPLETED,10/05/2024
MO-3389,M-1055,WC-11,225,completed,2025-11-21
MO-3390,M-1199,WC-8,4725,open,2025-04-23
MO-3391,M-1142,WC-3,2855,open,05/05/2025
MO-3392,M-1205,WC-13,3913,OPEN,2025-01-22
MO-3393,M-1270,WC-3,1871,released,2024-09-24
MO-3394,M-1236,WC-6,2081,released,15-12-2024
MO-3395,M-1214,WC-1,4433,completed,2025-12-23
MO-3396,M-1174,WC-3,2888,RELEASED,12/11/2026
MO-3397,M-1243,WC-12,1632,open,02/10/2024
MO-3398,M-1177,WC-6,2066,open,08-06-2025
MO-3399,M-1020,WC-5,1425,released,2024-01-19
MO-3400,M-1119,WC-3,518,COMPLETED,03/03/2024
MO-3401,M-1038,WC-11,185,OPEN,2025-08-23
MO-3402,M-1039,WC-1,1315,COMPLETED,08/25/2025
MO-3403,M-1002,WC-15,4348,OPEN,2026-04-17
MO-3404,M-1220,WC-5,3737,COMPLETED,01-12-2026
MO-3405,M-1297,WC-3,2292,completed,06/18/2026
MO-3406,M-1108,WC-8,1642,released,10/25/2025
MO-3407,M-1252,WC-9,2421,RELEASED,12/08/2025
MO-3408,M-1077,WC-4,4649,released,17-07-2026
MO-3409,M-1291,WC-4,4767,completed,04/18/2025
MO-3410,M-1082,WC-14,4267,released,2024-07-25
MO-3411,M-1254,WC-1,2560,COMPLETED,01-05-2025
MO-3412,M-1142,WC-2,962,completed,08/26/2024
MO-3413,M-1238,WC-13,4922,open,2024-01-14
MO-3414,M-1251,WC-5,2295,completed,2026-02-04
MO-3415,M-1018,WC-7,1149,OPEN,2025-03-04
MO-3416,M-1103,WC-4,1491,completed,10-10-2025
MO-3417,M-1182,WC-15,201,RELEASED,2024-12-15
MO-3418,M-1112,WC-12,3134,OPEN,2025-12-02
MO-3419,M-1147,WC-7,649,RELEASED,2026-01-15
MO-3420,M-1064,WC-8,2604,OPEN,07-12-2024
MO-3421,M-1138,WC-4,1041,OPEN,26-07-2025
MO-3422,M-1028,WC-13,3272,COMPLETED,2026-02-14
MO-3423,M-1205,WC-13,2552,completed,10/27/2026
MO-3424,M-1056,WC-5,1377,completed,11/16/2025
MO-3425,M-1121,WC-12,395,open,28-10-2025
MO-3426,M-1012,WC-14,4753,completed,10/22/2026
MO-3427,M-1170,WC-2,486,open,23-12-2025
MO-3428,M-1250,WC-13,3877,COMPLETED,22-12-2026
MO-3429,M-1078,WC-7,4966,open,06/23/2025
MO-3430,M-1283,WC-2,3174,OPEN,2024-06-28
MO-3431,M-1209,WC-1,1052,completed,05-11-2024
MO-3432,M-1097,WC-4,102,OPEN,09-08-2026
MO-3433,M-1260,WC-1,3782,RELEASED,01/24/2024
MO-3434,M-1104,WC-14,1470,COMPLETED,2026-08-28
MO-3435,M-1097,WC-7,3747,released,2024-11-04
MO-3436,M-1241,WC-11,3690,COMPLETED,2024-08-01
MO-3437,M-1275,WC-12,2116,OPEN,2026-12-01
MO-3438,M-1176,WC-11,2966,OPEN,03-05-2024
MO-3439,M-1159,WC-9,1266,open,2026-02-14
MO-3440,M-1208,WC-4,4734,completed,03/15/2025
MO-3441,M-1180,WC-9,1377,OPEN,10/08/2024
MO-3442,M-1058,WC-6,2239,OPEN,2024-03-28
MO-3443,M-1249,WC-8,1188,RELEASED,09/20/2024
MO-3444,M-1191,WC-8,4114,open,09/26/2026
MO-3445,M-1262,WC-2,1296,RELEASED,03/22/2024
MO-3446,M-1237,WC-12,407,open,17-10-2026
MO-3447,M-1299,WC-14,1289,released,11/03/2025
MO-3448,M-1192,WC-1,3918,OPEN,2024-10-01
MO-3449,M-1150,WC-2,3149,COMPLETED,2026-10-27
MO-3450,M-1050,WC-8,1273,OPEN,2025-11-01
MO-3451,M-1218,WC-7,1795,RELEASED,2026-03-25
MO-3452,M-1284,WC-14,2362,RELEASED,04/19/2026
MO-3453,M-1039,WC-11,4996,open,09/13/2024
MO-3454,M-1247,WC-8,3072,open,2024-04-16
MO-3455,M-1133,WC-13,2055,released,2024-01-08
MO-3456,M-1180,WC-5,841,OPEN,02/15/2026
MO-3457,M-1158,WC-3,3051,RELEASED,10-09-2025
MO-3458,M-1286,WC-8,2211,open,2024-10-17
MO-3459,M-1291,WC-7,260,RELEASED,22-02-2026
MO-3460,M-1256,WC-12,1686,COMPLETED,2025-10-04
MO-3461,M-1189,WC-1,1397,OPEN,09/15/2026
MO-3462,M-1066,WC-1,850,COMPLETED,2026-10-20
MO-3463,M-1197,WC-8,250,open,11/23/2024
MO-3464,M-1115,WC-15,1490,completed,2024-04-03
MO-3465,M-1153,WC-7,2651,RELEASED,2025-04-07
MO-3466,M-1000,WC-14,255,open,24-09-2026
MO-3467,M-1232,WC-9,668,OPEN,07/12/2025
MO-3468,M-1003,WC-1,1208,completed,2024-10-19
MO-3469,M-1072,WC-3,2660,RELEASED,02/23/2026
MO-3470,M-1156,WC-10,3107,completed,07-11-2025
MO-3471,M-1136,WC-9,2014,RELEASED,2025-04-07
MO-3472,M-1029,WC-1,265,completed,11/28/2026
MO-3473,M-1242,WC-15,4371,completed,2026-01-28
MO-3474,M-1196,WC-9,1726,OPEN,2026-12-13
MO-3475,M-1177,WC-10,4345,completed,04/11/2025
MO-3476,M-1065,WC-8,203,COMPLETED,2026-10-23
MO-3477,M-1270,WC-5,4259,OPEN,2024-05-12
MO-3478,M-1120,WC-15,3183,RELEASED,05/13/2024
MO-3479,M-1265,WC-6,1983,completed,07/25/2025
MO-3480,M-1122,WC-5,1642,RELEASED,2025-08-10
MO-3481,M-1196,WC-12,4893,OPEN,03/24/2026
MO-3482,M-1229,WC-5,3115,released,2024-08-28
MO-3483,M-1034,WC-14,2522,COMPLETED,04/07/2026
MO-3484,M-1033,WC-12,3814,RELEASED,2025-01-05
MO-3485,M-1188,WC-14,3667,RELEASED,10-08-2026
MO-3486,M-1082,WC-1,319,COMPLETED,2024-03-14
MO-3487,M-1265,WC-2,3964,open,23-02-2024
MO-3488,M-1167,WC-10,1469,completed,2026-11-03
MO-3489,M-1215,WC-12,1880,released,05-08-2026
MO-3490,M-1186,WC-7,1878,OPEN,2025-03-04
MO-3491,M-1173,WC-13,2839,open,2026-05-07
MO-3492,M-1064,WC-4,464,OPEN,13-04-2025
MO-3493,M-1288,WC-12,2294,COMPLETED,2026-12-27
MO-3494,M-1240,WC-1,2397,RELEASED,10-10-2026
MO-3495,M-1040,WC-14,1080,completed,20-01-2026
MO-3496,M-1060,WC-13,4197,OPEN,2024-06-10
MO-3497,M-1083,WC-7,3307,RELEASED,03/16/2025
MO-3498,M-1283,WC-10,804,RELEASED,03/23/2024
MO-3499,M-1052,WC-2,2307,released,10/11/2024
MO-3500,M-1185,WC-14,4037,completed,2025-05-22
MO-3501,M-1215,WC-14,412,completed,2024-05-07
MO-3502,M-1191,WC-14,1077,completed,2024-05-04
MO-3503,M-1035,WC-8,1509,open,05-05-2025
MO-3504,M-1013,WC-6,513,COMPLETED,2026-06-23
MO-3505,M-1145,WC-4,3597,OPEN,11-07-2026
MO-3506,M-1108,WC-1,2169,OPEN,2026-10-17
MO-3507,M-1169,WC-2,261,RELEASED,04/05/2025
MO-3508,M-1140,WC-2,976,RELEASED,2025-04-06
MO-3509,M-1109,WC-15,1555,OPEN,2025-08-06
MO-3510,M-1071,WC-12,1819,completed,03-02-2024
MO-3511,M-1026,WC-1,3985,RELEASED,24-04-2026
MO-3512,M-1085,WC-10,3117,OPEN,06-06-2026
MO-3513,M-1089,WC-11,1408,completed,10/08/2026
MO-3514,M-1007,WC-2,4334,released,2024-01-17
MO-3515,M-1242,WC-2,3583,open,2025-09-01
MO-3516,M-1183,WC-12,974,released,06/07/2026
MO-3517,M-1233,WC-14,2681,COMPLETED,2025-12-25
MO-3518,M-1257,WC-7,82,released,04-09-2024
MO-3519,M-1100,WC-9,3662,COMPLETED,01/18/2024
MO-3520,M-1073,WC-2,1779,released,2024-06-07
MO-3521,M-1027,WC-11,551,open,19-01-2025
MO-3522,M-1278,WC-5,3745,OPEN,2024-11-07
MO-3523,M-1027,WC-10,4516,RELEASED,10-06-2025
MO-3524,M-1218,WC-4,686,open,09-11-2024
MO-3525,M-1272,WC-4,1344,COMPLETED,03/20/2025
MO-3526,M-1082,WC-7,1880,open,2025-05-05
MO-3527,M-1084,WC-4,451,completed,04-01-2024
MO-3528,M-1290,WC-11,4439,completed,05/20/2024
MO-3529,M-1291,WC-11,3285,open,2026-04-01
MO-3530,M-1010,WC-6,1387,RELEASED,2026-01-23
MO-3531,M-1168,WC-7,3762,open,2025-10-08
MO-3532,M-1067,WC-7,2754,OPEN,10/28/2024
MO-3533,M-1121,WC-5,2172,released,12/10/2025
MO-3534,M-1044,WC-14,875,open,2025-05-25
MO-3535,M-1089,WC-9,1192,COMPLETED,2026-02-20
MO-3536,M-1086,WC-13,4639,RELEASED,05/15/2026
MO-3537,M-1211,WC-8,1023,completed,01/05/2026
MO-3538,M-1015,WC-15,3795,OPEN,2026-01-28
MO-3539,M-1247,WC-4,695,released,01/27/2025
MO-3540,M-1034,WC-13,2127,OPEN,04/02/2024
MO-3541,M-1277,WC-13,879,OPEN,2025-06-07
MO-3542,M-1199,WC-15,3705,released,2026-03-01
MO-3543,M-1299,WC-14,1779,open,2026-11-26
MO-3544,M-1068,WC-15,647,released,2024-06-12
MO-3545,M-1040,WC-12,212,released,03/01/2026
MO-3546,M-1025,WC-1,1526,released,26-07-2024
MO-3547,M-1045,WC-10,2332,completed,2026-08-01
MO-3548,M-1201,WC-15,3651,completed,2024-06-19
MO-3549,M-1048,WC-1,1879,completed,2024-05-10
MO-3550,M-1051,WC-7,2317,open,2025-04-24
MO-3551,M-1157,WC-13,391,RELEASED,2026-11-06
MO-3552,M-1292,WC-10,1184,open,09/18/2026
MO-3553,M-1247,WC-3,2073,OPEN,14-10-2026
MO-3554,M-1030,WC-6,2852,COMPLETED,2025-05-19
MO-3555,M-1088,WC-5,4976,open,2026-10-04
MO-3556,M-1151,WC-11,3390,RELEASED,2024-06-14
MO-3557,M-1268,WC-10,3390,released,03/13/2026
MO-3558,M-1182,WC-14,1109,released,28-03-2025
MO-3559,M-1119,WC-4,788,completed,2026-08-23
MO-3560,M-1219,WC-8,1771,OPEN,06/19/2024
MO-3561,M-1150,WC-1,720,COMPLETED,2026-08-03
MO-3562,M-1094,WC-7,2984,released,05/05/2025
MO-3563,M-1112,WC-6,3804,open,2025-01-17
MO-3564,M-1041,WC-11,3032,RELEASED,2024-10-10
MO-3565,M-1254,WC-7,3385,released,2026-10-10
MO-3566,M-1256,WC-9,2599,open,2026-09-11
MO-3567,M-1212,WC-4,4590,open,2025-10-12
MO-3568,M-1026,WC-1,3282,completed,2026-09-07
MO-3569,M-1060,WC-1,1986,OPEN,07-07-2024
MO-3570,M-1048,WC-7,3479,RELEASED,2024-07-09
MO-3571,M-1197,WC-14,2651,COMPLETED,2024-10-08
MO-3572,M-1147,WC-4,4225,open,05/14/2025
MO-3573,M-1010,WC-3,3963,completed,2024-04-25
MO-3574,M-1258,WC-6,4627,open,2025-03-24
MO-3575,M-1284,WC-10,2706,released,07/22/2025
MO-3576,M-1241,WC-4,1354,OPEN,2024-11-19
MO-3577,M-1154,WC-12,3528,RELEASED,2025-09-09
MO-3578,M-1033,WC-3,1632,released,2024-01-02
MO-3579,M-1209,WC-1,1888,RELEASED,06/07/2024
MO-3580,M-1221,WC-12,722,OPEN,2025-04-05
MO-3581,M-1215,WC-4,502,open,2024-11-07
MO-3582,M-1034,WC-14,4372,released,07-03-2025
MO-3583,M-1165,WC-1,834,completed,2025-04-01
MO-3584,M-1043,WC-13,83,released,2024-01-18
MO-3585,M-1001,WC-3,4106,open,16-08-2025
MO-3586,M-1203,WC-11,4521,OPEN,2025-08-11
MO-3587,M-1087,WC-10,3362,open,09/01/2025
MO-3588,M-1055,WC-7,4896,OPEN,21-01-2026
MO-3589,M-1104,WC-13,1948,released,10/18/2024
MO-3590,M-1140,WC-9,1028,released,08/21/2025
MO-3591,M-1041,WC-2,4149,OPEN,2024-03-22
MO-3592,M-1210,WC-14,1251,open,2026-02-06
MO-3593,M-1025,WC-8,4319,open,2025-02-01
MO-3594,M-1079,WC-9,887,COMPLETED,25-11-2026
MO-3595,M-1111,WC-6,4820,OPEN,07/12/2026
MO-3596,M-1144,WC-2,62,released,12/01/2024
MO-3597,M-1122,WC-4,3562,released,01-02-2025
MO-3598,M-1143,WC-7,342,released,12/10/2025
MO-3599,M-1286,WC-3,3743,COMPLETED,11/01/2026
MO-3600,M-1113,WC-1,3314,RELEASED,2024-12-17
MO-3601,M-1175,WC-7,4983,COMPLETED,2025-02-04
MO-3602,M-1289,WC-2,4178,released,2025-01-12
MO-3603,M-1293,WC-13,3415,OPEN,01/01/2025
MO-3604,M-1279,WC-10,3863,released,04/03/2025
MO-3605,M-1094,WC-2,2368,completed,09/20/2024
MO-3606,M-1045,WC-15,1251,RELEASED,09-05-2025
MO-3607,M-1075,WC-12,3974,OPEN,11/23/2024
MO-3608,M-1274,WC-11,896,RELEASED,2026-11-09
MO-3609,M-1110,WC-3,3291,open,02-10-2026
MO-3610,M-1202,WC-15,336,COMPLETED,2025-08-16
MO-3611,M-1240,WC-12,266,RELEASED,07-04-2024
MO-3612,M-1096,WC-7,449,RELEASED,09-05-2024
MO-3613,M-1168,WC-2,2820,OPEN,03-06-2025
MO-3614,M-1202,WC-4,4621,released,24-11-2025
MO-3615,M-1140,WC-5,3397,COMPLETED,06/18/2024
MO-3616,M-1110,WC-4,3253,OPEN,2025-04-26
MO-3617,M-1248,WC-3,3950,open,11/03/2026
MO-3618,M-1006,WC-15,1180,OPEN,2025-01-02
MO-3619,M-1146,WC-2,3283,completed,03/25/2024
MO-3620,M-1029,WC-14,2364,released,03/05/2024
MO-3621,M-1269,WC-8,4012,released,2024-09-11
MO-3622,M-1052,WC-12,3634,released,2026-05-17
MO-3623,M-1282,WC-11,111,completed,2024-12-05
MO-3624,M-1282,WC-12,4592,COMPLETED,01/05/2024
MO-3625,M-1221,WC-11,2183,RELEASED,2025-10-04
MO-3626,M-1195,WC-7,3218,open,2026-11-21
MO-3627,M-1127,WC-14,1552,released,2024-04-23
MO-3628,M-1215,WC-3,4232,COMPLETED,2026-02-15
MO-3629,M-1278,WC-4,127,released,05/07/2024
MO-3630,M-1228,WC-5,4749,open,2025-10-28
MO-3631,M-1249,WC-15,3662,open,2024-08-22
MO-3632,M-1202,WC-5,141,open,2025-08-05
MO-3633,M-1224,WC-3,143,open,11/18/2025
MO-3634,M-1225,WC-11,3103,completed,2024-01-12
MO-3635,M-1117,WC-10,1826,RELEASED,06/12/2026
MO-3636,M-1241,WC-5,422,released,07/28/2026
MO-3637,M-1284,WC-1,1330,completed,05/13/2025
MO-3638,M-1183,WC-3,780,open,23-06-2025
MO-3639,M-1263,WC-2,2331,open,02/20/2026
MO-3640,M-1071,WC-15,50,RELEASED,2025-09-02
MO-3641,M-1279,WC-15,4489,OPEN,21-11-2026
MO-3642,M-1049,WC-14,4676,COMPLETED,2025-03-10
MO-3643,M-1254,WC-1,2363,open,03/13/2026
MO-3644,M-1254,WC-11,603,RELEASED,2026-04-08
MO-3645,M-1001,WC-15,1679,open,2024-12-18
MO-3646,M-1115,WC-15,170,open,10/05/2026
MO-3647,M-1189,WC-5,2801,OPEN,2026-03-20
MO-3648,M-1169,WC-14,4591,RELEASED,2026-12-10
MO-3649,M-1280,WC-6,1956,open,06-05-2026
MO-3650,M-1287,WC-14,4883,OPEN,2025-10-08
MO-3651,M-1217,WC-9,529,COMPLETED,2026-09-21
MO-3652,M-1281,WC-11,2541,open,2025-08-10
MO-3653,M-1293,WC-3,967,open,2026-05-20
MO-3654,M-1291,WC-8,389,completed,08/23/2025
MO-3655,M-1021,WC-12,4316,released,14-03-2026
MO-3656,M-1242,WC-15,69,released,2025-09-01
MO-3657,M-1092,WC-4,1775,released,08/10/2026
MO-3658,M-1113,WC-9,594,released,2025-07-05
MO-3659,M-1209,WC-6,1363,COMPLETED,2026-09-20
MO-3660,M-1054,WC-10,3880,RELEASED,2024-07-05
MO-3661,M-1216,WC-9,264,open,08/05/2026
MO-3662,M-1059,WC-6,4973,released,2025-10-16
MO-3663,M-1064,WC-9,4758,released,2024-08-24
MO-3664,M-1154,WC-2,108,released,2024-05-26
MO-3665,M-1076,WC-11,3817,RELEASED,2026-11-14
MO-3666,M-1290,WC-7,159,released,04-03-2025
MO-3667,M-1153,WC-3,2432,open,2026-07-13
MO-3668,M-1093,WC-1,184,completed,2026-04-06
MO-3669,M-1057,WC-5,1839,completed,09/08/2025
MO-3670,M-1134,WC-9,2199,completed,24-11-2026
MO-3671,M-1177,WC-7,3354,COMPLETED,2026-03-12
MO-3672,M-1152,WC-3,72,COMPLETED,18-05-2025
MO-3673,M-1171,WC-12,1234,released,2026-05-20
MO-3674,M-1031,WC-5,2103,RELEASED,2024-12-22
MO-3675,M-1029,WC-6,2928,completed,14-06-2024
MO-3676,M-1203,WC-12,1340,open,28-08-2024
MO-3677,M-1138,WC-10,4719,completed,2025-05-17
MO-3678,M-1014,WC-8,3929,RELEASED,2024-02-22
MO-3679,M-1120,WC-2,1193,released,2024-04-26
MO-3680,M-1019,WC-15,2521,completed,10/07/2025
MO-3681,M-1030,WC-4,1299,open,2026-11-25
MO-3682,M-1128,WC-2,395,COMPLETED,02/19/2024
MO-3683,M-1125,WC-11,4255,RELEASED,2024-02-14
MO-3684,M-1200,WC-1,3569,COMPLETED,2026-08-15
MO-3685,M-1264,WC-7,779,completed,2025-10-01
MO-3686,M-1023,WC-15,1824,completed,12/04/2026
MO-3687,M-1109,WC-14,4733,COMPLETED,2024-09-21
MO-3688,M-1236,WC-14,4289,completed,2026-05-04
MO-3689,M-1139,WC-15,4805,RELEASED,08/04/2025
MO-3690,M-1151,WC-5,859,COMPLETED,2025-10-25
MO-3691,M-1111,WC-9,827,open,01/27/2024
MO-3692,M-1005,WC-10,340,RELEASED,06/24/2024
MO-3693,M-1274,WC-2,574,released,18-02-2025
MO-3694,M-1175,WC-13,334,open,05/19/2025
MO-3695,M-1015,WC-7,1359,RELEASED,12-05-2025
MO-3696,M-1071,WC-14,701,RELEASED,17-07-2024
MO-3697,M-1245,WC-9,4676,completed,2025-11-08
MO-3698,M-1157,WC-6,2684,OPEN,2026-01-24
MO-3699,M-1148,WC-2,305,released,2024-06-04
MO-3700,M-1180,WC-8,4745,OPEN,2024-07-06
MO-3701,M-1293,WC-14,1289,completed,10/27/2025
MO-3702,M-1269,WC-15,2222,COMPLETED,02/02/2024
MO-3703,M-1224,WC-1,2528,completed,07/27/2026
MO-3704,M-1195,WC-14,505,open,2026-10-04
MO-3705,M-1010,WC-4,3215,OPEN,21-04-2024
MO-3706,M-1291,WC-3,126,completed,2024-07-22
MO-3707,M-1290,WC-13,576,released,2024-10-13
MO-3708,M-1146,WC-12,553,open,2025-08-09
MO-3709,M-1110,WC-4,4267,released,25-08-2024
MO-3710,M-1251,WC-14,1051,released,17-05-2025
MO-3711,M-1188,WC-14,4493,released,2025-05-03
MO-3712,M-1140,WC-14,4582,open,2025-02-12
MO-3713,M-1266,WC-10,1744,open,2024-05-05
MO-3714,M-1247,WC-1,3396,completed,2025-10-17
MO-3715,M-1180,WC-6,1730,COMPLETED,2026-08-12
MO-3716,M-1217,WC-6,1477,RELEASED,2026-11-17
MO-3717,M-1043,WC-13,2665,COMPLETED,05/04/2026
MO-3718,M-1122,WC-2,1725,open,08/09/2024
MO-3719,M-1010,WC-12,513,completed,15-09-2025
MO-3720,M-1127,WC-10,3675,open,08/01/2024
MO-3721,M-1199,WC-7,4764,OPEN,2024-05-09
MO-3722,M-1153,WC-3,4205,OPEN,2025-07-18
MO-3723,M-1217,WC-11,1520,completed,2026-02-18
MO-3724,M-1098,WC-15,2967,released,09/26/2026
MO-3725,M-1133,WC-12,2760,completed,2024-06-12
MO-3726,M-1079,WC-1,2666,COMPLETED,24-12-2026
MO-3727,M-1031,WC-8,1775,RELEASED,2026-10-20
MO-3728,M-1286,WC-15,4302,RELEASED,02/16/2025
MO-3729,M-1113,WC-11,4070,COMPLETED,2026-07-06
MO-3730,M-1032,WC-12,1314,OPEN,2026-10-18
MO-3731,M-1051,WC-7,4513,OPEN,2024-12-09
MO-3732,M-1132,WC-3,4441,OPEN,04/14/2024
MO-3733,M-1153,WC-1,137,OPEN,2024-09-25
MO-3734,M-1082,WC-9,4562,completed,2025-02-23
MO-3735,M-1221,WC-13,3508,released,11/02/2026
MO-3736,M-1181,WC-11,4689,released,07/19/2026
MO-3737,M-1031,WC-15,4450,released,2024-02-08
MO-3738,M-1107,WC-5,985,released,12/16/2025
MO-3739,M-1210,WC-7,1983,RELEASED,11/26/2025
MO-3740,M-1036,WC-14,4672,OPEN,2025-01-28
MO-3741,M-1111,WC-5,3119,OPEN,08/04/2024
MO-3742,M-1266,WC-1,310,OPEN,2026-09-07
MO-3743,M-1208,WC-5,4252,released,2025-10-02
MO-3744,M-1195,WC-4,1482,COMPLETED,06-04-2025
MO-3745,M-1291,WC-11,4924,OPEN,2024-04-19
MO-3746,M-1204,WC-1,2905,OPEN,2024-11-02
MO-3747,M-1243,WC-6,2576,released,2024-06-21
MO-3748,M-1210,WC-11,3221,OPEN,2024-04-21
MO-3749,M-1134,WC-4,3722,open,02/02/2025
MO-3750,M-1249,WC-2,3524,RELEASED,11/10/2024
MO-3751,M-1006,WC-9,3322,RELEASED,2025-10-17
MO-3752,M-1247,WC-13,3570,OPEN,2025-05-19
MO-3753,M-1208,WC-4,3351,released,05/12/2026
MO-3754,M-1212,WC-4,1042,COMPLETED,08-11-2026
MO-3755,M-1106,WC-7,704,OPEN,24-09-2026
MO-3756,M-1272,WC-12,3602,COMPLETED,2024-05-17
MO-3757,M-1216,WC-14,3219,released,23-10-2026
MO-3758,M-1099,WC-9,2455,OPEN,2024-04-07
MO-3759,M-1131,WC-5,1184,OPEN,01-01-2024
MO-3760,M-1152,WC-15,468,open,25-04-2025
MO-3761,M-1296,WC-13,1513,RELEASED,03-06-2026
MO-3762,M-1164,WC-1,822,released,05/04/2025
MO-3763,M-1055,WC-2,331,released,12/19/2025
MO-3764,M-1281,WC-8,468,OPEN,05/20/2024
MO-3765,M-1173,WC-11,4131,RELEASED,2026-07-05
MO-3766,M-1110,WC-4,1738,RELEASED,2025-05-09
MO-3767,M-1297,WC-15,4213,completed,2025-07-27
MO-3768,M-1145,WC-11,3509,OPEN,24-11-2025
MO-3769,M-1236,WC-4,1960,released,2026-05-18
MO-3770,M-1272,WC-7,592,open,10-01-2024
MO-3771,M-1225,WC-4,1301,completed,16-05-2024
MO-3772,M-1193,WC-2,4696,released,2024-08-18
MO-3773,M-1286,WC-3,1114,COMPLETED,02/23/2025
MO-3774,M-1045,WC-9,3980,open,2025-12-18
MO-3775,M-1081,WC-4,3135,OPEN,05-09-2024
MO-3776,M-1083,WC-1,2889,OPEN,2025-06-25
MO-3777,M-1043,WC-2,3200,open,2026-03-19
MO-3778,M-1053,WC-15,2208,open,2025-04-05
MO-3779,M-1124,WC-8,1006,open,2025-09-14
MO-3780,M-1221,WC-12,2164,completed,2024-11-04
MO-3781,M-1175,WC-9,286,completed,07/03/2026
MO-3782,M-1174,WC-4,741,COMPLETED,04/20/2025
MO-3783,M-1228,WC-13,2351,OPEN,01-03-2026
MO-3784,M-1025,WC-6,2367,COMPLETED,2025-05-19
MO-3785,M-1062,WC-10,1193,COMPLETED,18-05-2024
MO-3786,M-1189,WC-3,2526,open,2026-03-22
MO-3787,M-1268,WC-2,2574,OPEN,2024-09-03
MO-3788,M-1099,WC-3,4886,released,03/10/2025
MO-3789,M-1122,WC-13,729,open,2026-10-22
MO-3790,M-1277,WC-9,137,released,11-01-2024
MO-3791,M-1130,WC-7,3316,open,2025-07-23
MO-3792,M-1039,WC-4,3345,OPEN,13-09-2026
MO-3793,M-1206,WC-13,4118,released,2026-07-27
MO-3794,M-1069,WC-9,3249,completed,07/06/2025
MO-3795,M-1213,WC-9,4099,COMPLETED,07/03/2025
MO-3796,M-1094,WC-7,3740,released,2025-11-14
MO-3797,M-1228,WC-12,2772,OPEN,2025-06-14
MO-3798,M-1265,WC-9,2808,RELEASED,2024-07-11
MO-3799,M-1013,WC-7,2329,open,2024-06-17
MO-3800,M-1255,WC-13,3194,completed,2026-08-01
MO-3801,M-1123,WC-3,841,released,2026-10-17
MO-3802,M-1236,WC-9,4064,open,03-09-2024
MO-3803,M-1131,WC-7,1351,completed,11/20/2025
MO-3804,M-1056,WC-10,4045,OPEN,11/04/2024
MO-3805,M-1090,WC-14,2511,COMPLETED,2024-04-07
MO-3806,M-1232,WC-1,3470,OPEN,2024-01-23
MO-3807,M-1155,WC-9,440,RELEASED,2024-05-07
MO-3808,M-1112,WC-10,2141,COMPLETED,2024-03-20
MO-3809,M-1044,WC-5,3538,RELEASED,04/26/2024
MO-3810,M-1244,WC-5,3648,COMPLETED,2024-10-10
MO-3811,M-1229,WC-10,3091,COMPLETED,2024-12-05
MO-3812,M-1064,WC-1,2592,released,2024-07-23
MO-3813,M-1124,WC-4,3035,open,07/02/2025
MO-3814,M-1246,WC-7,3080,released,07/10/2026
MO-3815,M-1092,WC-10,1169,OPEN,2024-10-14
MO-3816,M-1296,WC-9,3443,OPEN,2026-04-02
MO-3817,M-1165,WC-10,1167,RELEASED,15-12-2025
MO-3818,M-1169,WC-1,987,open,2024-09-12
MO-3819,M-1258,WC-2,925,released,2026-12-27
MO-3820,M-1061,WC-10,943,RELEASED,02-06-2025
MO-3821,M-1247,WC-7,3008,released,07-01-2025
MO-3822,M-1117,WC-13,4043,released,2025-07-08
MO-3823,M-1034,WC-3,3511,COMPLETED,22-11-2024
MO-3824,M-1290,WC-14,1218,released,08/17/2024
MO-3825,M-1019,WC-11,1522,RELEASED,2024-07-15
MO-3826,M-1174,WC-4,3240,completed,04/18/2024
MO-3827,M-1040,WC-8,3258,COMPLETED,03/20/2026
MO-3828,M-1153,WC-9,4350,completed,09-03-2026
MO-3829,M-1184,WC-7,4448,RELEASED,2024-06-07
MO-3830,M-1178,WC-3,2458,released,09/17/2026
MO-3831,M-1199,WC-15,2266,RELEASED,2025-03-24
MO-3832,M-1146,WC-2,4874,OPEN,01/26/2026
MO-3833,M-1029,WC-11,4963,completed,08/04/2024
MO-3834,M-1111,WC-4,1262,COMPLETED,2026-10-05
MO-3835,M-1023,WC-12,3715,completed,08-09-2024
MO-3836,M-1207,WC-15,4920,OPEN,24-02-2024
MO-3837,M-1291,WC-5,4358,COMPLETED,2024-03-16
MO-3838,M-1081,WC-13,2011,open,2025-05-22
MO-3839,M-1011,WC-3,4178,OPEN,2026-08-08
MO-3840,M-1111,WC-3,1787,completed,2024-07-13
MO-3841,M-1095,WC-13,3232,OPEN,10-07-2026
MO-3842,M-1029,WC-10,265,open,01/14/2026
MO-3843,M-1009,WC-12,2722,open,02/24/2024
MO-3844,M-1209,WC-7,2282,COMPLETED,2026-11-08
MO-3845,M-1016,WC-2,2145,open,07/28/2026
MO-3846,M-1219,WC-7,2220,open,2025-10-27
MO-3847,M-1267,WC-10,1414,OPEN,08/10/2024
MO-3848,M-1237,WC-2,4511,COMPLETED,2026-05-23
MO-3849,M-1238,WC-11,66,RELEASED,2024-11-06
MO-3850,M-1033,WC-1,4244,COMPLETED,07-11-2026
MO-3851,M-1192,WC-5,4007,RELEASED,2024-04-23
MO-3852,M-1153,WC-1,1003,open,2025-02-05
MO-3853,M-1020,WC-6,4038,OPEN,17-06-2024
MO-3854,M-1008,WC-4,1071,RELEASED,05/27/2024
MO-3855,M-1271,WC-6,2205,open,2024-11-01
MO-3856,M-1242,WC-3,3169,RELEASED,2025-03-11
MO-3857,M-1052,WC-2,1106,completed,2025-08-21
MO-3858,M-1169,WC-8,481,COMPLETED,08/25/2025
MO-3859,M-1006,WC-7,791,OPEN,08/28/2024
MO-3860,M-1177,WC-9,1492,COMPLETED,05/17/2026
MO-3861,M-1260,WC-15,2685,RELEASED,18-04-2026
MO-3862,M-1179,WC-3,76,released,02/27/2025
MO-3863,M-1162,WC-6,1813,open,2024-09-15
MO-3864,M-1024,WC-8,1358,released,13-03-2024
MO-3865,M-1074,WC-15,3771,completed,2026-03-22
MO-3866,M-1169,WC-10,2899,released,2024-10-26
MO-3867,M-1223,WC-7,2794,open,11/24/2024
MO-3868,M-1067,WC-6,2653,released,2024-01-21
MO-3869,M-1022,WC-1,3505,completed,2026-03-10
MO-3870,M-1129,WC-6,2558,released,05-10-2024
MO-3871,M-1176,WC-6,3459,open,18-12-2025
MO-3872,M-1195,WC-4,4095,COMPLETED,02/15/2024
MO-3873,M-1005,WC-7,2720,COMPLETED,2025-09-26
MO-3874,M-1100,WC-2,4492,OPEN,06/18/2025
MO-3875,M-1174,WC-9,4285,completed,2026-11-01
MO-3876,M-1089,WC-13,3081,RELEASED,2024-12-11
MO-3877,M-1247,WC-14,4185,open,12/07/2026
MO-3878,M-1110,WC-1,2860,COMPLETED,08-02-2025
MO-3879,M-1203,WC-12,4187,open,2025-10-28
MO-3880,M-1230,WC-10,2917,RELEASED,21-08-2026
MO-3881,M-1185,WC-12,3790,completed,2026-03-10
MO-3882,M-1165,WC-8,3432,OPEN,2024-08-04
MO-3883,M-1127,WC-14,2401,completed,18-08-2025
MO-3884,M-1264,WC-6,3775,OPEN,2024-12-18
MO-3885,M-1196,WC-8,1973,completed,2026-09-03
MO-3886,M-1189,WC-12,4136,released,12/10/2024
MO-3887,M-1218,WC-9,1576,released,2026-12-19
MO-3888,M-1109,WC-2,3462,COMPLETED,2026-04-17
MO-3889,M-1069,WC-9,3342,OPEN,06/02/2024
MO-3890,M-1233,WC-2,1611,released,2026-10-21
MO-3891,M-1162,WC-7,2911,COMPLETED,10-10-2025
MO-3892,M-1201,WC-1,3701,completed,09/11/2024
MO-3893,M-1222,WC-10,2742,RELEASED,17-08-2026
MO-3894,M-1070,WC-4,4928,OPEN,2024-10-04
MO-3895,M-1061,WC-8,4575,COMPLETED,01/13/2024
MO-3896,M-1086,WC-1,1238,completed,23-07-2025
MO-3897,M-1278,WC-4,928,COMPLETED,04/17/2024
MO-3898,M-1247,WC-2,4891,RELEASED,2026-10-14
MO-3899,M-1002,WC-5,3158,released,05/02/2024
MO-3900,M-1030,WC-4,1957,open,2025-08-22
MO-3901,M-1009,WC-14,3428,open,2025-11-23
MO-3902,M-1122,WC-8,174,OPEN,06/08/2025
MO-3903,M-1115,WC-15,237,OPEN,2024-11-10
MO-3904,M-1114,WC-9,3608,COMPLETED,12/17/2026
MO-3905,M-1294,WC-3,1147,RELEASED,06/16/2026
MO-3906,M-1133,WC-8,1224,RELEASED,15-10-2024
MO-3907,M-1052,WC-11,3680,open,2026-04-18
MO-3908,M-1029,WC-8,3118,open,04/22/2024
MO-3909,M-1188,WC-14,2199,OPEN,2024-07-17
MO-3910,M-1279,WC-11,583,COMPLETED,13-06-2026
MO-3911,M-1122,WC-1,828,open,14-04-2025
MO-3912,M-1123,WC-3,3785,completed,02-01-2024
MO-3913,M-1201,WC-13,1642,open,2024-06-16
MO-3914,M-1262,WC-14,3123,COMPLETED,24-01-2026
MO-3915,M-1232,WC-3,3494,OPEN,25-03-2024
MO-3916,M-1010,WC-11,3163,open,28-04-2024
MO-3917,M-1143,WC-4,3167,open,2025-08-22
MO-3918,M-1059,WC-5,996,RELEASED,2025-10-07
MO-3919,M-1071,WC-2,1790,completed,2025-09-24
MO-3920,M-1276,WC-3,2627,open,2024-03-23
MO-3921,M-1115,WC-2,3729,released,2025-06-21
MO-3922,M-1065,WC-6,4700,OPEN,2026-10-22
MO-3923,M-1258,WC-5,4323,OPEN,2024-08-08
MO-3924,M-1210,WC-6,1102,OPEN,2025-09-25
MO-3925,M-1011,WC-11,3936,RELEASED,06/05/2024
MO-3926,M-1179,WC-3,1797,completed,04/09/2024
MO-3927,M-1011,WC-15,303,COMPLETED,2026-06-24
MO-3928,M-1067,WC-10,3875,open,06-11-2025
MO-3929,M-1280,WC-7,175,RELEASED,08/23/2025
MO-3930,M-1295,WC-4,1353,RELEASED,04/22/2024
MO-3931,M-1127,WC-2,3638,open,2024-01-10
MO-3932,M-1002,WC-5,32,released,22-04-2025
MO-3933,M-1147,WC-3,1797,RELEASED,17-03-2024
MO-3934,M-1186,WC-12,716,released,2026-12-20
MO-3935,M-1188,WC-6,1895,COMPLETED,2024-09-10
MO-3936,M-1088,WC-10,1707,open,08/21/2026
MO-3937,M-1065,WC-9,2752,released,2026-06-02
MO-3938,M-1201,WC-4,930,OPEN,2026-05-10
MO-3939,M-1075,WC-7,2340,released,2026-08-03
MO-3940,M-1045,WC-7,4856,released,2024-09-11
MO-3941,M-1255,WC-9,1926,completed,2026-01-12
MO-3942,M-1064,WC-1,186,OPEN,2024-08-26
MO-3943,M-1158,WC-2,3070,completed,07/14/2024
MO-3944,M-1272,WC-14,2551,open,16-11-2025
MO-3945,M-1067,WC-14,3854,COMPLETED,05/14/2026
MO-3946,M-1030,WC-6,1909,OPEN,04-05-2025
MO-3947,M-1058,WC-9,2449,RELEASED,2025-10-09
MO-3948,M-1136,WC-3,3275,RELEASED,2026-01-28
MO-3949,M-1144,WC-8,842,open,2026-11-07
MO-3950,M-1230,WC-13,3867,OPEN,2025-05-10
MO-3951,M-1096,WC-6,4771,released,26-07-2024
MO-3952,M-1156,WC-9,4744,RELEASED,12/27/2026
MO-3953,M-1083,WC-11,1973,RELEASED,03/26/2024
MO-3954,M-1230,WC-8,2410,RELEASED,04/28/2025
MO-3955,M-1125,WC-6,3656,RELEASED,2026-10-25
MO-3956,M-1223,WC-3,2557,OPEN,2026-10-25
MO-3957,M-1025,WC-4,3808,COMPLETED,05-09-2026
MO-3958,M-1270,WC-5,4536,completed,03/20/2026
MO-3959,M-1067,WC-4,172,RELEASED,2025-10-02
MO-3960,M-1014,WC-13,3289,open,19-05-2024
MO-3961,M-1105,WC-15,4879,COMPLETED,07-11-2026
MO-3962,M-1137,WC-3,2950,completed,04/03/2026
MO-3963,M-1294,WC-5,749,completed,05-04-2026
MO-3964,M-1160,WC-9,4980,open,2024-01-23
MO-3965,M-1068,WC-1,1337,completed,06/03/2026
MO-3966,M-1065,WC-1,382,released,2024-05-08
MO-3967,M-1252,WC-8,1385,completed,2024-08-05
MO-3968,M-1053,WC-1,797,RELEASED,09/16/2025
MO-3969,M-1230,WC-10,2385,completed,05-10-2024
MO-3970,M-1038,WC-2,3090,open,08/12/2024
MO-3971,M-1121,WC-8,599,completed,2025-01-27
MO-3972,M-1226,WC-5,965,COMPLETED,2024-02-25
MO-3973,M-1171,WC-6,2051,completed,2026-04-19
MO-3974,M-1237,WC-7,817,released,2024-10-27
MO-3975,M-1133,WC-8,2800,completed,2025-03-06
MO-3976,M-1114,WC-3,2439,released,05-03-2026
MO-3977,M-1018,WC-11,1613,COMPLETED,2024-08-08
MO-3978,M-1175,WC-4,2440,open,2024-01-22
MO-3979,M-1211,WC-13,3761,open,13-09-2025
MO-3980,M-1170,WC-14,4012,completed,01/28/2024
MO-3981,M-1026,WC-9,4919,RELEASED,2025-09-26
MO-3982,M-1031,WC-3,2202,open,2024-12-12
MO-3983,M-1078,WC-6,1463,completed,09/16/2026
MO-3984,M-1041,WC-9,1897,open,10/06/2026
MO-3985,M-1073,WC-11,4313,completed,23-11-2026
MO-3986,M-1075,WC-15,4056,OPEN,05/26/2025
MO-3987,M-1226,WC-11,4837,completed,2025-04-16
MO-3988,M-1052,WC-14,1681,RELEASED,13-01-2024
MO-3989,M-1163,WC-7,4193,RELEASED,26-07-2024
MO-3990,M-1256,WC-1,4159,completed,05-10-2025
MO-3991,M-1138,WC-2,614,OPEN,2025-06-04
MO-3992,M-1022,WC-4,4002,RELEASED,2026-01-07
MO-3993,M-1187,WC-1,4136,RELEASED,2025-11-16
MO-3994,M-1118,WC-9,2227,OPEN,09/21/2026
MO-3995,M-1086,WC-7,231,OPEN,03/10/2024
MO-3996,M-1230,WC-11,894,released,2026-03-05
MO-3997,M-1048,WC-8,3442,RELEASED,2024-08-11
MO-3998,M-1122,WC-1,4276,COMPLETED,2025-08-21
MO-3999,M-1201,WC-11,1665,RELEASED,2025-02-01
MO-4000,M-1231,WC-11,4593,open,06/11/2024
MO-4001,M-1019,WC-15,450,released,2025-11-06
MO-4002,M-1010,WC-8,3273,OPEN,04/15/2024
MO-4003,M-1071,WC-7,4985,released,2026-09-21
MO-4004,M-1061,WC-12,3159,released,02/27/2026
MO-4005,M-1028,WC-14,3094,completed,2026-06-24
MO-4006,M-1036,WC-12,624,open,2025-01-07
MO-4007,M-1232,WC-14,1724,COMPLETED,2025-06-14
MO-4008,M-1009,WC-14,3780,OPEN,2026-08-10
MO-4009,M-1080,WC-8,948,COMPLETED,2025-09-24
MO-4010,M-1195,WC-8,3298,open,2026-11-09
MO-4011,M-1282,WC-3,4826,released,11/04/2025
MO-4012,M-1151,WC-7,2931,released,2025-12-05
MO-4013,M-1105,WC-2,417,COMPLETED,2025-11-25
MO-4014,M-1092,WC-11,4911,COMPLETED,04-01-2024
MO-4015,M-1258,WC-7,2947,OPEN,04/25/2026
MO-4016,M-1059,WC-10,1086,OPEN,07/28/2026
MO-4017,M-1174,WC-7,2331,open,2024-02-16
MO-4018,M-1185,WC-4,1122,open,21-04-2025
MO-4019,M-1058,WC-2,650,OPEN,19-04-2024
MO-4020,M-1013,WC-14,3249,released,09/23/2025
MO-4021,M-1051,WC-3,1951,open,23-04-2026
MO-4022,M-1205,WC-10,429,completed,10-12-2026
MO-4023,M-1250,WC-1,1181,completed,2026-10-09
MO-4024,M-1249,WC-6,602,OPEN,12-06-2024
MO-4025,M-1230,WC-15,2984,OPEN,24-11-2024
MO-4026,M-1171,WC-4,3488,RELEASED,04/04/2024
MO-4027,M-1011,WC-3,221,open,2026-12-26
MO-4028,M-1257,WC-15,4522,completed,01/10/2024
MO-4029,M-1127,WC-5,1662,completed,2025-10-17
MO-4030,M-1116,WC-2,4681,open,06-08-2026
MO-4031,M-1247,WC-5,3378,COMPLETED,14-11-2024
MO-4032,M-1279,WC-11,2309,completed,2025-09-26
MO-4033,M-1151,WC-11,3910,COMPLETED,03/13/2025
MO-4034,M-1292,WC-15,369,released,2025-02-14
MO-4035,M-1212,WC-5,1670,open,28-10-2025
MO-4036,M-1229,WC-8,1304,open,04/24/2025
MO-4037,M-1100,WC-11,3160,released,2025-10-21
MO-4038,M-1074,WC-12,564,released,2024-08-23
MO-4039,M-1260,WC-11,4449,COMPLETED,09/24/2025
MO-4040,M-1273,WC-10,881,open,03/10/2026
MO-4041,M-1151,WC-1,772,COMPLETED,2025-02-11
MO-4042,M-1132,WC-7,54,completed,24-07-2025
MO-4043,M-1117,WC-12,208,RELEASED,2024-04-02
MO-4044,M-1055,WC-5,4370,completed,2025-03-19
MO-4045,M-1149,WC-1,1016,RELEASED,2025-09-26
MO-4046,M-1202,WC-5,3946,open,2024-11-17
MO-4047,M-1029,WC-2,4746,released,11/14/2026
MO-4048,M-1195,WC-3,1014,open,01/15/2024
MO-4049,M-1105,WC-10,270,open,2026-05-09
MO-4050,M-1176,WC-7,497,completed,2026-05-12
MO-4051,M-1052,WC-5,3287,released,2026-04-09
MO-4052,M-1082,WC-13,496,open,05/21/2026
MO-4053,M-1128,WC-8,1336,OPEN,2025-04-26
MO-4054,M-1272,WC-10,1893,RELEASED,2024-02-04
MO-4055,M-1066,WC-11,2030,COMPLETED,2024-05-01
MO-4056,M-1191,WC-7,72,RELEASED,05/03/2025
MO-4057,M-1003,WC-4,4947,released,07/05/2026
MO-4058,M-1048,WC-12,3384,released,07-03-2026
MO-4059,M-1276,WC-13,1770,released,26-08-2024
MO-4060,M-1233,WC-11,690,RELEASED,2024-09-17
MO-4061,M-1152,WC-14,2661,open,2024-04-15
MO-4062,M-1223,WC-3,1067,open,2026-01-09
MO-4063,M-1034,WC-10,185,released,2025-03-02
MO-4064,M-1041,WC-7,3113,RELEASED,21-05-2024
MO-4065,M-1159,WC-13,3745,OPEN,2026-06-12
MO-4066,M-1157,WC-9,4490,RELEASED,26-10-2026
MO-4067,M-1295,WC-1,3028,RELEASED,11/25/2025
MO-4068,M-1155,WC-7,931,COMPLETED,2025-11-17
MO-4069,M-1109,WC-1,4333,OPEN,2024-05-17
MO-4070,M-1286,WC-2,4028,completed,10/12/2024
MO-4071,M-1090,WC-6,432,released,2024-12-03
MO-4072,M-1152,WC-8,673,open,12-10-2024
MO-4073,M-1217,WC-12,4440,released,06/07/2025
MO-4074,M-1057,WC-13,4116,OPEN,03/07/2026
MO-4075,M-1295,WC-3,2987,completed,2024-03-22
MO-4076,M-1073,WC-8,1352,COMPLETED,2026-09-06
MO-4077,M-1077,WC-1,410,OPEN,2026-12-20
MO-4078,M-1046,WC-9,1913,OPEN,2025-11-15
MO-4079,M-1218,WC-1,1383,released,05/14/2025
MO-4080,M-1086,WC-8,2792,OPEN,06-09-2024
MO-4081,M-1205,WC-11,346,OPEN,17-11-2026
MO-4082,M-1204,WC-8,30,released,16-07-2025
MO-4083,M-1028,WC-10,4426,COMPLETED,2025-06-01
MO-4084,M-1107,WC-11,1533,completed,03/21/2026
MO-4085,M-1176,WC-6,942,RELEASED,10/07/2025
MO-4086,M-1009,WC-1,243,RELEASED,26-11-2026
MO-4087,M-1070,WC-1,1851,RELEASED,04/15/2025
MO-4088,M-1207,WC-13,3412,OPEN,2025-03-02
MO-4089,M-1273,WC-4,1863,released,24-12-2024
MO-4090,M-1153,WC-9,364,OPEN,2026-02-02
MO-4091,M-1235,WC-4,2058,OPEN,08/08/2026
MO-4092,M-1288,WC-3,2574,RELEASED,27-08-2024
MO-4093,M-1167,WC-1,637,completed,2026-11-28
MO-4094,M-1135,WC-13,419,released,2025-08-19
MO-4095,M-1188,WC-3,1155,completed,2024-08-12
MO-4096,M-1093,WC-12,4016,released,2024-11-03
MO-4097,M-1071,WC-11,4395,COMPLETED,2025-06-10
MO-4098,M-1048,WC-11,2691,released,23-04-2024
MO-4099,M-1234,WC-8,1953,released,2026-07-09
MO-4100,M-1120,WC-6,767,released,03-03-2025
MO-4101,M-1221,WC-4,3449,RELEASED,2024-03-08
MO-4102,M-1221,WC-1,2547,RELEASED,04/13/2026
MO-4103,M-1100,WC-2,4467,released,11/16/2025
MO-4104,M-1019,WC-9,1516,COMPLETED,19-05-2025
MO-4105,M-1215,WC-2,1068,RELEASED,2025-03-10
MO-4106,M-1237,WC-8,4235,OPEN,11/18/2024
MO-4107,M-1236,WC-3,4201,RELEASED,20-10-2025
MO-4108,M-1148,WC-3,3175,OPEN,2024-05-15
MO-4109,M-1198,WC-2,704,OPEN,2025-11-09
MO-4110,M-1088,WC-12,1246,RELEASED,2024-01-12
MO-4111,M-1199,WC-1,4131,completed,2026-05-27
MO-4112,M-1286,WC-5,1895,completed,18-03-2024
MO-4113,M-1187,WC-8,1709,completed,10/28/2025
MO-4114,M-1173,WC-10,3144,open,2024-08-09
MO-4115,M-1039,WC-11,715,OPEN,04/19/2024
MO-4116,M-1173,WC-13,130,OPEN,11/07/2024
MO-4117,M-1031,WC-12,4565,completed,10/22/2024
MO-4118,M-1167,WC-8,2673,OPEN,01-06-2026
MO-4119,M-1280,WC-12,4240,OPEN,2025-10-28
MO-4120,M-1189,WC-4,1129,open,03/24/2026
MO-4121,M-1190,WC-2,819,released,2026-07-04
MO-4122,M-1285,WC-6,1787,released,2025-11-06
MO-4123,M-1005,WC-4,1455,completed,07/07/2026
MO-4124,M-1029,WC-13,3289,completed,2026-06-08
MO-4125,M-1017,WC-8,4507,completed,02/11/2024
MO-4126,M-1096,WC-9,4410,RELEASED,2026-01-24
MO-4127,M-1260,WC-7,3765,RELEASED,13-12-2024
MO-4128,M-1152,WC-7,3568,released,01-05-2024
MO-4129,M-1033,WC-5,1687,RELEASED,2025-05-09
MO-4130,M-1228,WC-8,3225,released,09/08/2025
MO-4131,M-1096,WC-12,1235,open,2026-12-21
MO-4132,M-1095,WC-11,2928,completed,2024-12-23
MO-4133,M-1167,WC-4,3231,completed,2024-04-15
MO-4134,M-1112,WC-2,920,OPEN,2025-06-12
MO-4135,M-1104,WC-11,3469,COMPLETED,04/28/2025
MO-4136,M-1187,WC-8,2006,COMPLETED,01/05/2024
MO-4137,M-1289,WC-9,3571,released,07/10/2025
MO-4138,M-1158,WC-12,2585,released,2024-05-07
MO-4139,M-1157,WC-12,3218,RELEASED,11/17/2025
MO-4140,M-1239,WC-1,55,COMPLETED,2025-05-03
MO-4141,M-1261,WC-8,4778,OPEN,22-07-2024
MO-4142,M-1164,WC-7,483,OPEN,23-11-2026
MO-4143,M-1188,WC-13,2081,RELEASED,11-08-2025
MO-4144,M-1227,WC-13,1252,RELEASED,09/23/2024
MO-4145,M-1005,WC-10,135,released,04/20/2026
MO-4146,M-1239,WC-15,2031,COMPLETED,09/23/2025
MO-4147,M-1171,WC-3,3693,COMPLETED,09/25/2024
MO-4148,M-1253,WC-4,4612,open,2025-04-15
MO-4149,M-1268,WC-6,4313,completed,2026-10-12
MO-4150,M-1141,WC-15,4033,released,04/16/2026
MO-4151,M-1260,WC-11,3465,COMPLETED,02-04-2024
MO-4152,M-1247,WC-6,765,OPEN,2026-02-06
MO-4153,M-1146,WC-9,4586,open,02/07/2024
MO-4154,M-1275,WC-12,2035,completed,2025-10-01
MO-4155,M-1186,WC-10,1206,COMPLETED,03-11-2024
MO-4156,M-1173,WC-6,1749,OPEN,2025-10-09
MO-4157,M-1025,WC-7,1053,released,2025-01-12
MO-4158,M-1245,WC-12,2798,released,11-10-2024
MO-4159,M-1079,WC-1,2029,completed,2026-12-25
MO-4160,M-1101,WC-11,4942,OPEN,2026-02-11
MO-4161,M-1147,WC-2,2255,COMPLETED,04/04/2025
MO-4162,M-1147,WC-13,3552,RELEASED,05/09/2024
MO-4163,M-1287,WC-13,2653,RELEASED,21-03-2024
MO-4164,M-1242,WC-5,99,completed,07-08-2024
MO-4165,M-1125,WC-1,4746,open,04/19/2025
MO-4166,M-1176,WC-15,1624,OPEN,06/04/2025
MO-4167,M-1222,WC-15,304,COMPLETED,04-12-2024
MO-4168,M-1277,WC-10,1129,released,27-03-2024
MO-4169,M-1211,WC-12,627,open,19-05-2026
MO-4170,M-1180,WC-6,4185,RELEASED,05/22/2024
MO-4171,M-1046,WC-6,3095,OPEN,2026-02-23
MO-4172,M-1288,WC-4,814,RELEASED,08/25/2024
MO-4173,M-1179,WC-7,1139,completed,15-11-2026
MO-4174,M-1090,WC-12,5000,RELEASED,27-12-2024
MO-4175,M-1200,WC-2,1499,released,07/12/2025
MO-4176,M-1146,WC-12,2138,open,2026-09-08
MO-4177,M-1111,WC-13,2329,open,2025-10-22
MO-4178,M-1258,WC-6,757,COMPLETED,07-10-2026
MO-4179,M-1083,WC-10,3989,COMPLETED,05/07/2024
MO-4180,M-1113,WC-4,4802,completed,11/22/2024
MO-4181,M-1097,WC-6,4329,OPEN,10/09/2026
MO-4182,M-1016,WC-14,86,COMPLETED,06/05/2025
MO-4183,M-1299,WC-14,4500,OPEN,10-10-2024
MO-4184,M-1123,WC-4,1255,RELEASED,2025-01-15
MO-4185,M-1024,WC-11,1773,completed,01-05-2025
MO-4186,M-1199,WC-9,4144,COMPLETED,27-10-2026
MO-4187,M-1068,WC-12,4362,COMPLETED,01/17/2024
MO-4188,M-1253,WC-1,2027,COMPLETED,05/24/2025
MO-4189,M-1299,WC-3,2192,completed,10-09-2026
MO-4190,M-1216,WC-6,3249,OPEN,01/14/2025
MO-4191,M-1082,WC-3,4565,released,07-07-2024
MO-4192,M-1248,WC-5,2588,COMPLETED,08/09/2024
MO-4193,M-1037,WC-14,2469,OPEN,02/22/2025
MO-4194,M-1210,WC-7,4158,released,09/25/2026
MO-4195,M-1127,WC-14,2977,completed,03/24/2024
MO-4196,M-1279,WC-14,4964,open,18-10-2025
MO-4197,M-1045,WC-6,2367,completed,2025-10-16
MO-4198,M-1139,WC-14,2869,released,2025-06-27
MO-4199,M-1152,WC-15,4590,released,03/17/2024
MO-4200,M-1213,WC-2,557,COMPLETED,2025-04-21
MO-4201,M-1131,WC-15,1330,COMPLETED,2025-11-13
MO-4202,M-1157,WC-15,3036,OPEN,12/12/2025
MO-4203,M-1001,WC-12,2788,RELEASED,2024-12-01
MO-4204,M-1201,WC-8,2179,COMPLETED,09/17/2024
MO-4205,M-1061,WC-12,3192,RELEASED,03/24/2026
MO-4206,M-1114,WC-14,2284,RELEASED,10/22/2026
MO-4207,M-1290,WC-7,3799,open,19-04-2024
MO-4208,M-1275,WC-12,4008,open,16-10-2025
MO-4209,M-1182,WC-6,4531,OPEN,01-06-2026
MO-4210,M-1019,WC-12,3104,OPEN,2026-07-21
MO-4211,M-1040,WC-15,3083,RELEASED,2024-06-20
MO-4212,M-1259,WC-9,92,released,07/28/2026
MO-4213,M-1138,WC-11,4518,released,04-04-2025
MO-4214,M-1164,WC-5,3170,RELEASED,2025-10-14
MO-4215,M-1021,WC-10,965,released,16-01-2026
MO-4216,M-1198,WC-14,3322,open,07-06-2024
MO-4217,M-1141,WC-3,3046,RELEASED,03/21/2025
MO-4218,M-1163,WC-8,4320,RELEASED,2024-08-17
MO-4219,M-1006,WC-5,2190,OPEN,2026-09-15
MO-4220,M-1103,WC-12,1330,RELEASED,2025-05-07
MO-4221,M-1208,WC-4,3151,released,2024-08-14
MO-4222,M-1200,WC-12,2552,released,2024-08-26
MO-4223,M-1271,WC-12,2911,RELEASED,03-11-2024
MO-4224,M-1131,WC-10,4961,OPEN,2025-02-23
MO-4225,M-1022,WC-13,2227,completed,2024-05-15
MO-4226,M-1268,WC-12,4576,OPEN,2025-07-21
MO-4227,M-1297,WC-8,4711,OPEN,2026-05-06
MO-4228,M-1143,WC-8,4147,completed,2024-02-10
MO-4229,M-1240,WC-4,4022,RELEASED,01/15/2024
MO-4230,M-1226,WC-10,2668,released,08/14/2025
MO-4231,M-1080,WC-7,4718,OPEN,01/21/2026
MO-4232,M-1145,WC-1,368,released,2025-01-18
MO-4233,M-1087,WC-3,2759,OPEN,27-03-2024
MO-4234,M-1136,WC-3,4079,completed,2026-07-05
MO-4235,M-1209,WC-5,2794,RELEASED,10/04/2024
MO-4236,M-1135,WC-7,2757,released,06/06/2026
MO-4237,M-1212,WC-12,2814,completed,08-12-2024
MO-4238,M-1177,WC-15,3339,released,2026-05-25
MO-4239,M-1005,WC-3,3503,open,2026-12-15
MO-4240,M-1040,WC-11,3165,RELEASED,06/04/2025
MO-4241,M-1257,WC-12,2748,COMPLETED,2026-04-17
MO-4242,M-1032,WC-10,149,released,08/27/2026
MO-4243,M-1144,WC-4,2453,released,05-10-2024
MO-4244,M-1297,WC-1,4823,COMPLETED,05/06/2024
MO-4245,M-1023,WC-7,3259,OPEN,02/28/2026
MO-4246,M-1003,WC-5,3078,OPEN,10/10/2025
MO-4247,M-1210,WC-13,4088,RELEASED,09-02-2024
MO-4248,M-1275,WC-4,4048,released,2026-05-27
MO-4249,M-1017,WC-9,2430,OPEN,2026-01-11
MO-4250,M-1219,WC-13,2641,open,2024-09-04
MO-4251,M-1253,WC-14,4809,completed,2026-10-22
MO-4252,M-1137,WC-10,3549,completed,2024-10-28
MO-4253,M-1148,WC-14,4721,completed,2024-10-07
MO-4254,M-1002,WC-12,1267,completed,2024-07-24
MO-4255,M-1012,WC-3,2476,OPEN,05/11/2024
MO-4256,M-1127,WC-11,3467,open,03/18/2024
MO-4257,M-1197,WC-15,787,OPEN,2025-10-28
MO-4258,M-1123,WC-10,4446,open,2024-02-18
MO-4259,M-1009,WC-2,165,completed,12/07/2024
MO-4260,M-1053,WC-13,4003,RELEASED,2024-10-05
MO-4261,M-1058,WC-12,2658,released,2026-08-26
MO-4262,M-1264,WC-8,378,completed,02/19/2026
MO-4263,M-1180,WC-12,3133,open,09/20/2026
MO-4264,M-1066,WC-4,1743,open,09/07/2025
MO-4265,M-1250,WC-13,1747,COMPLETED,2025-08-19
MO-4266,M-1121,WC-13,1018,completed,14-10-2024
MO-4267,M-1140,WC-6,3301,COMPLETED,2025-04-20
MO-4268,M-1090,WC-9,2820,COMPLETED,19-08-2024
MO-4269,M-1203,WC-10,3330,OPEN,2024-09-16
MO-4270,M-1238,WC-15,50,COMPLETED,10/01/2024
MO-4271,M-1250,WC-6,1066,COMPLETED,2025-08-09
MO-4272,M-1038,WC-7,2335,open,08/17/2026
MO-4273,M-1273,WC-1,3105,COMPLETED,2024-03-02
MO-4274,M-1225,WC-1,2958,open,13-05-2026
MO-4275,M-1135,WC-4,4302,completed,2026-06-25
MO-4276,M-1294,WC-14,264,OPEN,2025-06-08
MO-4277,M-1243,WC-6,3882,OPEN,2026-07-13
MO-4278,M-1238,WC-5,4562,COMPLETED,2026-09-26
MO-4279,M-1260,WC-1,4288,completed,07/16/2025
MO-4280,M-1126,WC-2,3041,COMPLETED,2024-10-16
MO-4281,M-1145,WC-1,2795,open,2026-07-18
MO-4282,M-1134,WC-1,4173,completed,06/03/2026
MO-4283,M-1074,WC-8,2289,COMPLETED,09/21/2024
MO-4284,M-1094,WC-10,1328,COMPLETED,2026-10-15
MO-4285,M-1293,WC-6,1609,COMPLETED,2026-05-04
MO-4286,M-1009,WC-4,4559,OPEN,13-05-2024
MO-4287,M-1064,WC-5,3323,OPEN,05-09-2024
MO-4288,M-1281,WC-3,2269,completed,2026-04-01
MO-4289,M-1160,WC-4,2733,COMPLETED,2025-09-02
MO-4290,M-1196,WC-13,1538,open,12/20/2024
MO-4291,M-1221,WC-4,1818,RELEASED,2026-04-09
MO-4292,M-1219,WC-12,621,open,01/12/2025
MO-4293,M-1101,WC-14,122,OPEN,07-10-2026
MO-4294,M-1062,WC-11,1475,RELEASED,2026-04-26
MO-4295,M-1042,WC-8,1930,open,11/02/2025
MO-4296,M-1263,WC-5,3361,completed,2026-02-24
MO-4297,M-1106,WC-15,3859,completed,2025-10-23
MO-4298,M-1147,WC-2,1356,released,08/23/2024
MO-4299,M-1133,WC-4,2510,completed,08/13/2025
MO-4300,M-1204,WC-3,2458,OPEN,2026-05-27
MO-4301,M-1055,WC-15,2778,COMPLETED,01/07/2024
MO-4302,M-1175,WC-15,1696,COMPLETED,2025-08-27
MO-4303,M-1252,WC-4,4666,open,12/10/2026
MO-4304,M-1201,WC-9,2819,released,2025-07-28
MO-4305,M-1262,WC-15,4058,RELEASED,19-02-2026
MO-4306,M-1209,WC-6,1167,open,2025-07-03
MO-4307,M-1153,WC-4,1114,COMPLETED,2025-11-16
MO-4308,M-1295,WC-3,1206,released,11/24/2025
MO-4309,M-1223,WC-11,2185,RELEASED,2025-09-08
MO-4310,M-1250,WC-5,4084,OPEN,03/03/2026
MO-4311,M-1191,WC-10,2654,RELEASED,11/13/2024
MO-4312,M-1214,WC-1,4359,open,2025-02-20
MO-4313,M-1206,WC-11,3002,OPEN,2025-03-19
MO-4314,M-1172,WC-9,4498,OPEN,10/04/2026
MO-4315,M-1168,WC-10,3715,OPEN,2026-11-09
MO-4316,M-1015,WC-10,3242,open,07/26/2026
MO-4317,M-1216,WC-12,4756,open,2025-09-20
MO-4318,M-1256,WC-14,3088,RELEASED,28-08-2026
MO-4319,M-1036,WC-3,3545,completed,05/15/2025
MO-4320,M-1014,WC-10,3360,COMPLETED,09/18/2024
MO-4321,M-1038,WC-12,3354,COMPLETED,2026-03-16
MO-4322,M-1094,WC-3,1532,RELEASED,2026-04-28
MO-4323,M-1197,WC-15,3298,open,2026-02-01
MO-4324,M-1090,WC-11,2635,released,2024-10-23
MO-4325,M-1010,WC-10,557,open,2024-06-04
MO-4326,M-1094,WC-5,4838,completed,06/17/2024
MO-4327,M-1212,WC-7,612,COMPLETED,04/22/2026
MO-4328,M-1294,WC-12,3066,COMPLETED,22-04-2026
MO-4329,M-1286,WC-3,4649,open,2026-12-07
MO-4330,M-1150,WC-7,2226,completed,2025-05-19
MO-4331,M-1054,WC-3,507,completed,2024-06-02
MO-4332,M-1125,WC-7,23,completed,18-07-2024
MO-4333,M-1002,WC-14,3361,released,2026-05-22
MO-4334,M-1171,WC-2,4043,COMPLETED,2026-10-19
MO-4335,M-1178,WC-5,4377,completed,10/26/2026
MO-4336,M-1077,WC-13,2444,completed,2026-12-22
MO-4337,M-1036,WC-7,2895,open,2024-11-15
MO-4338,M-1294,WC-3,3728,released,2024-06-01
MO-4339,M-1101,WC-7,2783,released,05/07/2025
MO-4340,M-1025,WC-15,3264,open,2025-10-17
MO-4341,M-1101,WC-6,3145,open,19-03-2025
MO-4342,M-1223,WC-12,3854,OPEN,2024-08-27
MO-4343,M-1045,WC-4,84,RELEASED,2025-12-08
MO-4344,M-1263,WC-1,1324,released,2026-09-25
MO-4345,M-1289,WC-8,2713,OPEN,2025-05-08
MO-4346,M-1128,WC-3,4783,RELEASED,2025-02-10
MO-4347,M-1122,WC-15,3792,RELEASED,01/18/2025
MO-4348,M-1067,WC-11,2568,OPEN,12/10/2024
MO-4349,M-1065,WC-1,3735,COMPLETED,12/09/2024
MO-4350,M-1124,WC-11,1762,RELEASED,01/17/2024
MO-4351,M-1256,WC-3,2074,OPEN,03/15/2025
MO-4352,M-1049,WC-1,1672,COMPLETED,2026-02-17
MO-4353,M-1064,WC-9,1937,completed,04/18/2024
MO-4354,M-1166,WC-15,2187,COMPLETED,2026-12-25
MO-4355,M-1094,WC-9,1738,completed,2025-09-01
MO-4356,M-1054,WC-7,445,released,2026-10-11
MO-4357,M-1109,WC-7,4885,OPEN,2025-06-27
MO-4358,M-1210,WC-6,2891,RELEASED,2024-11-14
MO-4359,M-1029,WC-1,2973,COMPLETED,2026-12-14
MO-4360,M-1186,WC-9,1992,completed,2026-06-17
MO-4361,M-1086,WC-5,29,completed,2026-03-14
MO-4362,M-1290,WC-3,184,completed,2025-06-24
MO-4363,M-1255,WC-6,2664,OPEN,27-03-2026
MO-4364,M-1100,WC-12,353,completed,02-06-2025
MO-4365,M-1025,WC-4,898,open,2024-04-15
MO-4366,M-1015,WC-6,4608,OPEN,02/16/2025
MO-4367,M-1027,WC-9,1904,completed,2026-01-19
MO-4368,M-1071,WC-14,397,OPEN,2024-08-26
MO-4369,M-1280,WC-8,2069,COMPLETED,2026-09-25
MO-4370,M-1198,WC-8,2296,COMPLETED,2024-05-27
MO-4371,M-1003,WC-6,1108,RELEASED,04-11-2025
MO-4372,M-1004,WC-15,3800,OPEN,19-05-2025
MO-4373,M-1241,WC-8,501,OPEN,25-01-2026
MO-4374,M-1243,WC-15,4539,completed,08/26/2024
MO-4375,M-1024,WC-15,4164,OPEN,19-08-2026
MO-4376,M-1082,WC-14,799,OPEN,2024-10-12
MO-4377,M-1204,WC-15,1278,RELEASED,12/03/2025
MO-4378,M-1216,WC-10,2401,released,2024-12-03
MO-4379,M-1236,WC-8,3319,RELEASED,02/25/2024
MO-4380,M-1155,WC-12,318,completed,05/21/2024
MO-4381,M-1229,WC-12,3540,RELEASED,03/20/2025
MO-4382,M-1064,WC-8,3272,open,2026-03-17
MO-4383,M-1211,WC-2,1390,RELEASED,2025-06-18
MO-4384,M-1057,WC-3,4955,RELEASED,2026-02-20
MO-4385,M-1021,WC-8,4922,RELEASED,09/03/2025
MO-4386,M-1260,WC-13,1381,OPEN,2026-09-14
MO-4387,M-1103,WC-15,2059,OPEN,05/05/2026
MO-4388,M-1253,WC-5,1676,RELEASED,03-06-2024
MO-4389,M-1077,WC-12,3788,released,18-08-2026
MO-4390,M-1105,WC-11,4399,released,07-04-2026
MO-4391,M-1182,WC-3,2667,COMPLETED,06/22/2026
MO-4392,M-1033,WC-9,825,completed,2026-02-26
MO-4393,M-1184,WC-6,1292,OPEN,11/21/2024
MO-4394,M-1265,WC-14,723,RELEASED,2025-03-02
MO-4395,M-1137,WC-11,2509,COMPLETED,03/15/2024
MO-4396,M-1291,WC-13,1279,released,24-11-2026
MO-4397,M-1195,WC-11,663,OPEN,12/08/2025
MO-4398,M-1290,WC-11,4418,completed,2025-02-15
MO-4399,M-1092,WC-14,3377,RELEASED,2026-10-15
MO-4400,M-1278,WC-8,3057,open,2025-07-04
MO-4401,M-1271,WC-15,1887,open,2024-12-20
MO-4402,M-1177,WC-7,3677,RELEASED,2025-12-12
MO-4403,M-1183,WC-1,784,released,2024-07-18
MO-4404,M-1013,WC-3,4651,open,01/11/2024
MO-4405,M-1226,WC-2,833,released,2025-10-09
MO-4406,M-1268,WC-3,3294,RELEASED,02/09/2025
MO-4407,M-1195,WC-9,1954,open,06/06/2025
MO-4408,M-1247,WC-1,3046,OPEN,01/12/2025
MO-4409,M-1150,WC-6,399,open,01/04/2024
MO-4410,M-1195,WC-1,4845,completed,2026-08-20
MO-4411,M-1218,WC-12,4432,RELEASED,2025-02-19
MO-4412,M-1080,WC-13,3844,OPEN,2024-03-12
MO-4413,M-1113,WC-12,3296,OPEN,2026-02-23
MO-4414,M-1171,WC-12,1593,RELEASED,12/25/2026
MO-4415,M-1096,WC-6,3881,released,2024-05-25
MO-4416,M-1055,WC-14,3752,OPEN,2025-07-05
MO-4417,M-1059,WC-10,1333,open,2025-02-27
MO-4418,M-1213,WC-3,4401,COMPLETED,28-02-2025
MO-4419,M-1147,WC-13,4760,RELEASED,09/01/2026
MO-4420,M-1184,WC-2,2772,COMPLETED,03/06/2026
MO-4421,M-1297,WC-7,1323,released,12/27/2024
MO-4422,M-1050,WC-1,1553,RELEASED,2025-02-06
MO-4423,M-1089,WC-14,2368,released,2024-04-03
MO-4424,M-1159,WC-14,955,open,05/15/2025
MO-4425,M-1160,WC-13,2919,RELEASED,02-08-2025
MO-4426,M-1169,WC-2,2043,released,02/22/2024
MO-4427,M-1225,WC-10,4402,COMPLETED,01/05/2025
MO-4428,M-1188,WC-7,700,RELEASED,2025-04-23
MO-4429,M-1213,WC-12,297,open,2026-01-28
MO-4430,M-1241,WC-5,522,COMPLETED,05/14/2026
MO-4431,M-1256,WC-3,4940,completed,05/17/2025
MO-4432,M-1292,WC-15,4864,OPEN,2025-03-11
MO-4433,M-1196,WC-8,2788,OPEN,12/15/2026
MO-4434,M-1137,WC-4,3115,released,16-02-2026
MO-4435,M-1293,WC-4,2548,released,08/10/2025
MO-4436,M-1186,WC-15,616,COMPLETED,2025-02-19
MO-4437,M-1190,WC-6,254,released,2024-12-07
MO-4438,M-1254,WC-1,4473,completed,2026-09-15
MO-4439,M-1146,WC-15,4152,COMPLETED,2024-08-06
MO-4440,M-1254,WC-15,2178,released,2025-05-15
MO-4441,M-1297,WC-12,2017,COMPLETED,10-04-2026
MO-4442,M-1172,WC-13,3539,COMPLETED,2025-06-04
MO-4443,M-1126,WC-2,4365,COMPLETED,2026-12-14
MO-4444,M-1299,WC-6,3841,open,09/01/2026
MO-4445,M-1299,WC-6,4738,completed,24-05-2025
MO-4446,M-1069,WC-12,3971,COMPLETED,05/23/2024
MO-4447,M-1063,WC-9,2289,RELEASED,13-10-2026
MO-4448,M-1198,WC-13,4514,completed,07/15/2025
MO-4449,M-1196,WC-5,4569,released,2026-12-25
MO-4450,M-1047,WC-3,4573,COMPLETED,2024-01-16
MO-4451,M-1223,WC-10,1479,completed,11/10/2026
MO-4452,M-1293,WC-4,4834,completed,2026-09-10
MO-4453,M-1271,WC-13,1799,released,26-05-2026
MO-4454,M-1007,WC-6,2160,OPEN,2026-01-06
MO-4455,M-1056,WC-2,1644,COMPLETED,2024-09-23
MO-4456,M-1079,WC-9,3471,released,26-02-2026
MO-4457,M-1078,WC-3,711,open,08/19/2024
MO-4458,M-1153,WC-9,2366,open,17-09-2026
MO-4459,M-1001,WC-11,3737,released,11/24/2025
MO-4460,M-1189,WC-2,3028,released,2026-12-14
MO-4461,M-1107,WC-11,1286,open,02-02-2024
MO-4462,M-1040,WC-9,148,released,04/07/2026
MO-4463,M-1289,WC-15,742,completed,2026-06-16
MO-4464,M-1148,WC-12,2784,OPEN,16-01-2025
MO-4465,M-1136,WC-13,1535,open,10/22/2024
MO-4466,M-1145,WC-15,3654,released,07/26/2025
MO-4467,M-1108,WC-2,633,completed,02-09-2024
MO-4468,M-1143,WC-15,4892,OPEN,04/16/2026
MO-4469,M-1181,WC-5,3150,COMPLETED,17-11-2025
MO-4470,M-1250,WC-1,652,OPEN,2026-11-08
MO-4471,M-1071,WC-10,3609,completed,02/08/2026
MO-4472,M-1102,WC-5,2252,released,25-09-2024
MO-4473,M-1056,WC-13,2535,completed,05/02/2024
MO-4474,M-1182,WC-8,4551,COMPLETED,01/20/2025
MO-4475,M-1229,WC-8,392,completed,11-04-2026
MO-4476,M-1061,WC-14,4819,RELEASED,2024-11-13
MO-4477,M-1121,WC-5,4296,RELEASED,28-04-2026
MO-4478,M-1079,WC-13,4463,completed,08/18/2024
MO-4479,M-1005,WC-11,259,completed,2025-09-26
MO-4480,M-1132,WC-13,2916,released,01/06/2024
MO-4481,M-1246,WC-11,3506,open,11/22/2024
MO-4482,M-1261,WC-5,802,open,2024-09-10
MO-4483,M-1237,WC-6,1310,open,10/01/2025
MO-4484,M-1223,WC-10,3143,OPEN,2026-09-13
MO-4485,M-1200,WC-4,1224,COMPLETED,2026-11-06
MO-4486,M-1241,WC-14,636,completed,2025-01-08
MO-4487,M-1096,WC-14,1863,completed,06/17/2026
MO-4488,M-1183,WC-13,2029,RELEASED,2026-09-28
MO-4489,M-1156,WC-9,3529,released,2025-04-25
MO-4490,M-1238,WC-10,948,OPEN,11/06/2025
MO-4491,M-1003,WC-1,4651,COMPLETED,2024-02-14
MO-4492,M-1194,WC-8,1235,COMPLETED,2025-04-22
MO-4493,M-1266,WC-12,1433,RELEASED,2026-10-05
MO-4494,M-1099,WC-1,1894,open,10/16/2026
MO-4495,M-1175,WC-4,3634,OPEN,2026-06-14
MO-4496,M-1229,WC-10,3820,COMPLETED,2024-07-16
MO-4497,M-1259,WC-3,1059,OPEN,2025-02-26
MO-4498,M-1034,WC-9,2692,completed,2025-04-08
MO-4499,M-1155,WC-5,322,released,11/22/2026
MO-4500,M-1217,WC-3,854,OPEN,14-11-2025
MO-4501,M-1116,WC-13,3813,open,20-07-2025
MO-4502,M-1215,WC-15,2850,released,11/04/2024
MO-4503,M-1055,WC-5,2622,open,02/26/2026
MO-4504,M-1012,WC-5,4140,COMPLETED,08-08-2026
MO-4505,M-1226,WC-2,2545,released,2025-09-07
MO-4506,M-1106,WC-15,3012,completed,2025-08-25
MO-4507,M-1210,WC-7,4782,OPEN,2025-06-26
MO-4508,M-1098,WC-4,4346,open,04/19/2024
MO-4509,M-1215,WC-9,935,open,14-02-2026
MO-4510,M-1160,WC-15,654,open,2024-02-02
MO-4511,M-1222,WC-5,4110,open,2024-04-03
MO-4512,M-1241,WC-7,4295,open,22-04-2026
MO-4513,M-1104,WC-11,498,completed,2025-11-24
MO-4514,M-1295,WC-7,1593,open,2025-09-26
MO-4515,M-1220,WC-10,2489,RELEASED,2026-06-15
MO-4516,M-1032,WC-2,2586,COMPLETED,18-09-2026
MO-4517,M-1161,WC-15,4976,completed,15-09-2024
MO-4518,M-1107,WC-5,4432,COMPLETED,02/13/2026
MO-4519,M-1068,WC-10,2052,OPEN,05/27/2025
MO-4520,M-1151,WC-10,4881,OPEN,01/23/2026
MO-4521,M-1296,WC-2,1156,open,2025-09-08
MO-4522,M-1049,WC-14,1389,open,10/18/2026
MO-4523,M-1025,WC-13,2300,RELEASED,2025-12-01
MO-4524,M-1244,WC-14,710,completed,04/05/2026
MO-4525,M-1020,WC-13,1298,open,2025-11-28
MO-4526,M-1072,WC-4,4800,COMPLETED,18-09-2024
MO-4527,M-1248,WC-5,3790,released,03/27/2026
MO-4528,M-1248,WC-4,2090,completed,2025-06-18
MO-4529,M-1200,WC-3,1873,COMPLETED,22-06-2024
MO-4530,M-1096,WC-14,281,RELEASED,2026-02-18
MO-4531,M-1121,WC-4,4075,RELEASED,04/08/2025
MO-4532,M-1187,WC-5,3982,RELEASED,06/28/2026
MO-4533,M-1224,WC-9,1046,COMPLETED,04/28/2025
MO-4534,M-1209,WC-2,3073,open,11/02/2026
MO-4535,M-1260,WC-4,2599,completed,2025-04-17
MO-4536,M-1020,WC-10,4601,released,07/19/2024
MO-4537,M-1014,WC-5,4528,completed,26-12-2026
MO-4538,M-1232,WC-3,1846,released,2024-10-13
MO-4539,M-1134,WC-2,4032,completed,2024-08-10
MO-4540,M-1180,WC-15,1784,COMPLETED,08/17/2026
MO-4541,M-1124,WC-13,4025,COMPLETED,2024-11-16
MO-4542,M-1225,WC-7,1639,RELEASED,23-05-2025
MO-4543,M-1127,WC-10,156,completed,09/21/2026
MO-4544,M-1263,WC-1,1042,RELEASED,2026-06-11
MO-4545,M-1099,WC-9,4072,open,2024-12-09
MO-4546,M-1030,WC-12,1631,completed,2024-04-06
MO-4547,M-1138,WC-1,3953,RELEASED,2024-11-06
MO-4548,M-1193,WC-1,4521,completed,2026-02-21
MO-4549,M-1270,WC-13,2600,RELEASED,2024-02-13
MO-4550,M-1006,WC-4,3049,completed,2024-03-10
MO-4551,M-1076,WC-2,1325,released,2025-05-17
MO-4552,M-1271,WC-6,450,open,02/04/2025
MO-4553,M-1155,WC-9,769,released,03/13/2025
MO-4554,M-1215,WC-10,61,COMPLETED,19-11-2025
MO-4555,M-1138,WC-1,2368,OPEN,2024-10-10
MO-4556,M-1043,WC-11,4267,COMPLETED,2025-09-09
MO-4557,M-1136,WC-1,3240,open,2026-07-07
MO-4558,M-1292,WC-7,568,OPEN,2026-02-14
MO-4559,M-1099,WC-1,4827,open,26-07-2025
MO-4560,M-1267,WC-5,3212,released,03/14/2025
MO-4561,M-1023,WC-11,283,released,2024-02-17
MO-4562,M-1125,WC-11,2847,completed,01/02/2024
MO-4563,M-1132,WC-6,3089,completed,09/24/2026
MO-4564,M-1169,WC-3,3926,COMPLETED,2025-10-07
MO-4565,M-1127,WC-7,2813,completed,05/15/2025
MO-4566,M-1018,WC-11,3832,completed,2024-06-14
MO-4567,M-1080,WC-2,3873,released,12-06-2025
MO-4568,M-1184,WC-12,671,completed,10/14/2026
MO-4569,M-1170,WC-13,908,OPEN,2024-03-24
MO-4570,M-1128,WC-6,3842,released,2026-02-16
MO-4571,M-1261,WC-4,2525,released,09-06-2025
MO-4572,M-1111,WC-10,3358,released,09/26/2024
MO-4573,M-1162,WC-1,4131,released,2024-12-16
MO-4574,M-1078,WC-14,4389,open,2025-05-05
MO-4575,M-1233,WC-15,2646,OPEN,22-09-2026
MO-4576,M-1106,WC-7,4553,RELEASED,11/09/2025
MO-4577,M-1139,WC-7,264,COMPLETED,2024-03-24
MO-4578,M-1283,WC-14,3395,open,09-12-2026
MO-4579,M-1175,WC-12,440,open,2026-09-27
MO-4580,M-1253,WC-11,1293,open,2024-02-28
MO-4581,M-1051,WC-11,4390,OPEN,07/08/2025
MO-4582,M-1211,WC-9,172,open,19-02-2025
MO-4583,M-1238,WC-4,1328,RELEASED,18-06-2024
MO-4584,M-1293,WC-6,2510,COMPLETED,02/06/2024
MO-4585,M-1290,WC-4,1749,RELEASED,2024-07-21
MO-4586,M-1009,WC-13,2531,OPEN,02-01-2025
MO-4587,M-1260,WC-8,3626,completed,2026-04-27
MO-4588,M-1020,WC-6,1383,OPEN,27-11-2026
MO-4589,M-1277,WC-4,4332,RELEASED,2024-11-09
MO-4590,M-1110,WC-15,208,released,2024-03-17
MO-4591,M-1055,WC-1,4668,RELEASED,2024-06-10
MO-4592,M-1166,WC-5,1564,open,26-07-2024
MO-4593,M-1093,WC-14,1940,OPEN,2025-06-20
MO-4594,M-1156,WC-5,2247,RELEASED,2024-09-03
MO-4595,M-1086,WC-9,2359,released,2025-11-28
MO-4596,M-1264,WC-10,3307,completed,2025-11-10
MO-4597,M-1277,WC-7,3051,OPEN,12/10/2025
MO-4598,M-1062,WC-14,169,RELEASED,05-04-2026
MO-4599,M-1062,WC-3,3719,completed,2026-10-09
MO-4600,M-1264,WC-9,1583,open,03/14/2026
MO-4601,M-1293,WC-11,3413,open,2025-11-15
MO-4602,M-1090,WC-1,2832,released,08/26/2026
MO-4603,M-1242,WC-1,4617,completed,10-01-2026
MO-4604,M-1219,WC-3,2370,RELEASED,06/19/2025
MO-4605,M-1248,WC-3,2717,released,08/05/2025
MO-4606,M-1103,WC-8,860,COMPLETED,2026-04-18
MO-4607,M-1009,WC-5,1977,completed,2026-12-19
MO-4608,M-1247,WC-15,2830,completed,10/15/2024
MO-4609,M-1266,WC-3,1451,RELEASED,2024-07-07
MO-4610,M-1155,WC-9,3243,completed,08/22/2026
MO-4611,M-1153,WC-2,3932,COMPLETED,12/11/2026
MO-4612,M-1144,WC-3,1257,released,15-09-2026
MO-4613,M-1241,WC-15,188,completed,15-12-2026
MO-4614,M-1151,WC-1,2253,open,01/14/2024
MO-4615,M-1161,WC-11,2571,completed,2026-03-23
MO-4616,M-1088,WC-6,489,open,02/20/2025
MO-4617,M-1008,WC-1,1520,RELEASED,2026-01-14
MO-4618,M-1037,WC-10,3253,COMPLETED,02/20/2026
MO-4619,M-1116,WC-12,216,RELEASED,10/11/2024
MO-4620,M-1171,WC-1,3991,released,12-07-2024
MO-4621,M-1144,WC-4,2828,COMPLETED,2025-09-03
MO-4622,M-1065,WC-3,2540,OPEN,28-08-2025
MO-4623,M-1214,WC-4,1248,OPEN,03/11/2025
MO-4624,M-1193,WC-10,2831,RELEASED,2026-02-23
MO-4625,M-1132,WC-7,1950,released,2026-05-10
MO-4626,M-1067,WC-9,2359,OPEN,2026-11-14
MO-4627,M-1052,WC-7,2864,completed,2026-09-28
MO-4628,M-1261,WC-5,14,completed,08/17/2025
MO-4629,M-1168,WC-10,293,RELEASED,25-12-2025
MO-4630,M-1266,WC-11,4612,open,2026-11-25
MO-4631,M-1070,WC-3,4137,open,24-04-2025
MO-4632,M-1180,WC-10,2062,RELEASED,2025-07-06
MO-4633,M-1168,WC-5,1287,released,12-05-2025
MO-4634,M-1079,WC-10,669,RELEASED,07/12/2026
MO-4635,M-1208,WC-3,1720,completed,2024-11-26
MO-4636,M-1101,WC-14,4198,open,2026-02-28
MO-4637,M-1276,WC-4,79,OPEN,2025-10-06
MO-4638,M-1016,WC-6,3095,open,2024-09-13
MO-4639,M-1117,WC-10,1302,open,09/17/2026
MO-4640,M-1182,WC-2,4381,completed,2025-10-15
MO-4641,M-1208,WC-4,1382,RELEASED,2026-10-11
MO-4642,M-1019,WC-2,1278,completed,2026-05-08
MO-4643,M-1031,WC-11,690,RELEASED,03-03-2024
MO-4644,M-1027,WC-6,2672,open,05/08/2026
MO-4645,M-1198,WC-2,2381,RELEASED,2026-10-11
MO-4646,M-1091,WC-6,1095,OPEN,2026-05-17
MO-4647,M-1050,WC-5,1775,COMPLETED,2024-03-23
MO-4648,M-1057,WC-9,4184,COMPLETED,2024-06-21
MO-4649,M-1048,WC-14,3206,open,05/18/2024
MO-4650,M-1029,WC-15,4282,RELEASED,03/19/2026
MO-4651,M-1064,WC-11,581,open,2025-01-16
MO-4652,M-1145,WC-2,4353,released,2024-01-05
MO-4653,M-1171,WC-7,2972,OPEN,08/28/2026
MO-4654,M-1064,WC-4,1939,RELEASED,2024-01-02
MO-4655,M-1044,WC-6,1112,released,2026-11-27
MO-4656,M-1011,WC-12,3175,completed,11/15/2024
MO-4657,M-1111,WC-10,3085,completed,2024-07-27
MO-4658,M-1175,WC-5,2358,OPEN,2025-11-27
MO-4659,M-1078,WC-2,3410,RELEASED,08-08-2025
MO-4660,M-1259,WC-12,791,COMPLETED,02/08/2026
MO-4661,M-1017,WC-11,4867,completed,01/11/2024
MO-4662,M-1278,WC-14,3037,RELEASED,07-01-2025
MO-4663,M-1083,WC-12,2472,COMPLETED,2024-09-26
MO-4664,M-1224,WC-12,1616,OPEN,11/11/2025
MO-4665,M-1075,WC-10,4574,completed,10/06/2026
MO-4666,M-1164,WC-6,3951,released,04/21/2026
MO-4667,M-1198,WC-12,1413,OPEN,03/07/2024
MO-4668,M-1198,WC-11,610,OPEN,2026-06-28
MO-4669,M-1152,WC-1,2678,completed,05/06/2024
MO-4670,M-1271,WC-14,1629,COMPLETED,05-10-2024
MO-4671,M-1186,WC-8,2012,completed,2024-09-08
MO-4672,M-1051,WC-1,998,RELEASED,23-05-2025
MO-4673,M-1218,WC-8,2979,completed,2024-09-04
MO-4674,M-1048,WC-1,1846,RELEASED,11/04/2025
MO-4675,M-1168,WC-10,532,released,11-03-2024
MO-4676,M-1003,WC-13,1043,RELEASED,02/25/2026
MO-4677,M-1276,WC-15,420,open,09/02/2025
MO-4678,M-1117,WC-2,1710,COMPLETED,2025-06-15
MO-4679,M-1098,WC-8,4970,OPEN,01/06/2026
MO-4680,M-1248,WC-2,2201,COMPLETED,2025-05-19
MO-4681,M-1128,WC-14,436,COMPLETED,2026-07-06
MO-4682,M-1016,WC-3,3281,released,08/13/2025
MO-4683,M-1119,WC-4,2589,completed,2024-02-18
MO-4684,M-1159,WC-2,2773,RELEASED,2024-06-18
MO-4685,M-1133,WC-7,2310,open,2026-06-03
MO-4686,M-1202,WC-4,959,OPEN,2025-10-14
MO-4687,M-1069,WC-15,1087,RELEASED,10/03/2025
MO-4688,M-1226,WC-11,3032,RELEASED,2025-11-18
MO-4689,M-1167,WC-6,2086,COMPLETED,2025-03-06
MO-4690,M-1081,WC-1,998,OPEN,11/10/2026
MO-4691,M-1032,WC-9,1813,open,04-08-2024
MO-4692,M-1037,WC-14,2103,completed,05/13/2024
MO-4693,M-1145,WC-4,4137,completed,11/10/2024
MO-4694,M-1104,WC-14,1061,RELEASED,2026-11-05
MO-4695,M-1037,WC-1,2199,completed,2024-01-17
MO-4696,M-1219,WC-3,2055,completed,09/12/2025
MO-4697,M-1033,WC-11,2247,released,14-10-2026
MO-4698,M-1086,WC-4,2017,open,2024-12-24
MO-4699,M-1132,WC-5,3967,COMPLETED,2025-10-22
MO-4700,M-1238,WC-15,2312,OPEN,07/22/2025
MO-4701,M-1064,WC-8,2520,OPEN,2025-02-16
MO-4702,M-1022,WC-7,1977,released,2026-04-04
MO-4703,M-1149,WC-13,1462,open,11/28/2026
MO-4704,M-1105,WC-5,1811,released,2025-11-27
MO-4705,M-1024,WC-1,3866,RELEASED,12/09/2025
MO-4706,M-1157,WC-4,585,completed,04-01-2024
MO-4707,M-1214,WC-10,4980,RELEASED,24-12-2026
MO-4708,M-1197,WC-9,4858,open,2024-08-13
MO-4709,M-1103,WC-6,1073,released,2024-06-07
MO-4710,M-1068,WC-2,3971,COMPLETED,2024-01-02
MO-4711,M-1219,WC-11,217,released,2026-10-18
MO-4712,M-1088,WC-15,4927,COMPLETED,2024-06-21
MO-4713,M-1220,WC-6,2214,OPEN,10/28/2024
MO-4714,M-1088,WC-11,4446,open,11/04/2024
MO-4715,M-1027,WC-6,3486,RELEASED,11/15/2024
MO-4716,M-1150,WC-13,114,RELEASED,2025-04-01
MO-4717,M-1125,WC-6,3764,RELEASED,2025-08-06
MO-4718,M-1298,WC-6,715,COMPLETED,2026-10-17
MO-4719,M-1125,WC-8,913,open,2026-07-17
MO-4720,M-1051,WC-14,44,COMPLETED,04/26/2026
MO-4721,M-1078,WC-14,2156,RELEASED,07/01/2024
MO-4722,M-1189,WC-3,2832,RELEASED,10/02/2025
MO-4723,M-1082,WC-9,3825,OPEN,03/19/2025
MO-4724,M-1005,WC-9,4637,COMPLETED,02/26/2024
MO-4725,M-1004,WC-5,60,COMPLETED,2024-01-19
MO-4726,M-1028,WC-12,1633,open,10/26/2026
MO-4727,M-1096,WC-9,1494,COMPLETED,02/25/2026
MO-4728,M-1093,WC-14,278,COMPLETED,2024-06-12
MO-4729,M-1202,WC-6,667,completed,2026-10-06
MO-4730,M-1060,WC-2,1288,completed,02/20/2025
MO-4731,M-1087,WC-2,3918,OPEN,2024-05-19
MO-4732,M-1155,WC-14,2422,open,02/03/2026
MO-4733,M-1006,WC-1,1422,COMPLETED,2024-12-01
MO-4734,M-1003,WC-15,619,completed,2024-11-13
MO-4735,M-1165,WC-8,3734,released,2026-08-22
MO-4736,M-1083,WC-3,2554,released,02-07-2025
MO-4737,M-1160,WC-9,4814,OPEN,01/18/2025
MO-4738,M-1215,WC-6,3178,open,25-06-2024
MO-4739,M-1010,WC-5,3824,RELEASED,08-09-2025
MO-4740,M-1135,WC-5,3360,released,05/20/2024
MO-4741,M-1233,WC-13,57,released,11-02-2025
MO-4742,M-1184,WC-5,4965,OPEN,02/09/2025
MO-4743,M-1031,WC-1,791,released,11/10/2026
MO-4744,M-1256,WC-2,2333,OPEN,2025-06-17
MO-4745,M-1215,WC-1,4543,completed,2024-07-01
MO-4746,M-1101,WC-11,3671,open,06/23/2025
MO-4747,M-1170,WC-3,4326,completed,2024-08-27
MO-4748,M-1160,WC-2,636,open,20-10-2025
MO-4749,M-1005,WC-7,1904,RELEASED,01/10/2024
MO-4750,M-1107,WC-7,1416,released,12/26/2026
MO-4751,M-1085,WC-11,1146,OPEN,2026-04-19
MO-4752,M-1026,WC-10,788,open,21-10-2025
MO-4753,M-1087,WC-15,4637,RELEASED,2026-09-14
MO-4754,M-1035,WC-14,3304,OPEN,08-06-2026
MO-4755,M-1034,WC-10,4285,released,04/09/2026
MO-4756,M-1096,WC-7,4151,RELEASED,24-06-2024
MO-4757,M-1037,WC-3,1412,completed,02/02/2026
MO-4758,M-1076,WC-1,4247,OPEN,09/09/2024
MO-4759,M-1003,WC-8,4727,released,2025-08-23
MO-4760,M-1054,WC-5,3269,COMPLETED,2025-05-13
MO-4761,M-1199,WC-15,4948,RELEASED,09/10/2024
MO-4762,M-1147,WC-11,441,RELEASED,01/09/2026
MO-4763,M-1136,WC-2,2765,OPEN,03/28/2026
MO-4764,M-1098,WC-2,984,OPEN,20-11-2026
MO-4765,M-1050,WC-5,976,released,07-07-2025
MO-4766,M-1024,WC-12,3351,OPEN,2025-08-12
MO-4767,M-1076,WC-7,4566,RELEASED,28-10-2026
MO-4768,M-1087,WC-9,3265,OPEN,2025-12-14
MO-4769,M-1144,WC-7,4128,released,05/24/2024
MO-4770,M-1191,WC-15,2411,open,07/05/2026
MO-4771,M-1188,WC-9,2499,OPEN,2024-11-07
MO-4772,M-1080,WC-8,4604,released,21-09-2025
MO-4773,M-1153,WC-13,1188,COMPLETED,2024-08-11
MO-4774,M-1145,WC-14,507,open,03-12-2024
MO-4775,M-1260,WC-15,546,completed,19-06-2024
MO-4776,M-1203,WC-13,1650,open,02/03/2025
MO-4777,M-1125,WC-8,2774,COMPLETED,2026-08-14
MO-4778,M-1286,WC-5,4403,OPEN,01/09/2024
MO-4779,M-1294,WC-8,2435,OPEN,08/26/2026
MO-4780,M-1197,WC-9,3940,completed,02/10/2025
MO-4781,M-1029,WC-4,1678,completed,01/27/2026
MO-4782,M-1036,WC-12,915,OPEN,2026-04-21
MO-4783,M-1015,WC-5,2430,RELEASED,01/14/2025
MO-4784,M-1138,WC-15,3215,completed,2024-02-27
MO-4785,M-1228,WC-10,42,open,01-11-2026
MO-4786,M-1161,WC-4,2696,OPEN,04/10/2024
MO-4787,M-1130,WC-10,558,released,2025-11-05
MO-4788,M-1051,WC-11,3362,COMPLETED,2025-07-25
MO-4789,M-1108,WC-11,2795,completed,2024-12-07
MO-4790,M-1227,WC-2,367,completed,2026-06-20
MO-4791,M-1264,WC-13,653,completed,2026-09-04
MO-4792,M-1010,WC-13,4301,open,03/24/2024
MO-4793,M-1091,WC-9,2016,released,03/23/2024
MO-4794,M-1089,WC-15,2553,RELEASED,2025-10-25
MO-4795,M-1060,WC-4,3367,released,06/21/2025
MO-4796,M-1165,WC-15,1591,completed,10/28/2024
MO-4797,M-1122,WC-9,2047,completed,2024-07-23
MO-4798,M-1066,WC-14,2386,COMPLETED,10/19/2024
MO-4799,M-1047,WC-4,3068,COMPLETED,2024-04-24
MO-4800,M-1092,WC-7,2384,COMPLETED,27-12-2025
MO-4801,M-1120,WC-6,1477,released,09/13/2026
MO-4802,M-1179,WC-10,758,OPEN,2026-04-15
MO-4803,M-1298,WC-11,3275,released,02/03/2026
MO-4804,M-1103,WC-8,1364,OPEN,24-06-2024
MO-4805,M-1209,WC-3,1973,open,2024-06-27
MO-4806,M-1279,WC-2,1370,released,11/05/2026
MO-4807,M-1213,WC-1,2673,COMPLETED,2024-05-09
MO-4808,M-1218,WC-15,4702,completed,09/20/2026
MO-4809,M-1202,WC-5,3680,COMPLETED,2026-11-07
MO-4810,M-1220,WC-8,3861,OPEN,12/03/2025
MO-4811,M-1034,WC-3,4091,open,2024-09-26
MO-4812,M-1054,WC-15,2700,completed,03/08/2026
MO-4813,M-1291,WC-11,1907,COMPLETED,2024-09-25
MO-4814,M-1008,WC-4,3855,completed,2024-12-19
MO-4815,M-1047,WC-13,149,RELEASED,08/15/2026
MO-4816,M-1046,WC-9,812,released,2026-04-24
MO-4817,M-1115,WC-14,4522,completed,2024-11-28
MO-4818,M-1031,WC-13,1733,released,2025-04-17
MO-4819,M-1027,WC-3,1594,released,2025-09-17
MO-4820,M-1104,WC-10,1255,COMPLETED,2026-03-13
MO-4821,M-1100,WC-14,3698,completed,10/13/2024
MO-4822,M-1171,WC-15,3382,open,2025-04-27
MO-4823,M-1197,WC-15,4425,COMPLETED,2024-11-01
MO-4824,M-1075,WC-2,4345,COMPLETED,2024-03-07
MO-4825,M-1295,WC-6,193,OPEN,11-04-2024
MO-4826,M-1084,WC-7,2061,open,01/18/2026
MO-4827,M-1128,WC-7,2179,COMPLETED,2024-03-27
MO-4828,M-1070,WC-15,2948,completed,03/22/2026
MO-4829,M-1147,WC-9,3337,open,2025-03-28
MO-4830,M-1166,WC-4,754,RELEASED,2025-11-09
MO-4831,M-1038,WC-1,372,RELEASED,05/03/2026
MO-4832,M-1109,WC-2,1765,completed,09/10/2024
MO-4833,M-1253,WC-9,3290,OPEN,2026-09-12
MO-4834,M-1133,WC-11,950,released,2026-10-24
MO-4835,M-1104,WC-10,3212,RELEASED,2024-10-21
MO-4836,M-1108,WC-13,699,COMPLETED,06/07/2026
MO-4837,M-1173,WC-5,2279,completed,2024-12-11
MO-4838,M-1073,WC-11,2094,RELEASED,2024-08-14
MO-4839,M-1204,WC-7,3006,completed,2026-11-08
MO-4840,M-1196,WC-7,517,COMPLETED,2026-07-13
MO-4841,M-1270,WC-7,4723,completed,2025-10-14
MO-4842,M-1285,WC-9,1047,open,2024-02-25
MO-4843,M-1101,WC-2,4352,OPEN,09/08/2025
MO-4844,M-1177,WC-11,588,completed,08/02/2024
MO-4845,M-1089,WC-1,3953,RELEASED,2024-11-20
MO-4846,M-1291,WC-6,4625,OPEN,2024-10-09
MO-4847,M-1243,WC-13,3703,COMPLETED,2024-10-23
MO-4848,M-1176,WC-9,4167,open,2026-11-03
MO-4849,M-1224,WC-1,2620,released,08/13/2024
MO-4850,M-1115,WC-7,353,COMPLETED,14-08-2024
MO-4851,M-1286,WC-3,1634,RELEASED,2024-10-14
MO-4852,M-1167,WC-3,1100,OPEN,2026-07-27
MO-4853,M-1210,WC-11,1253,OPEN,03-12-2024
MO-4854,M-1160,WC-8,904,OPEN,01/13/2026
MO-4855,M-1175,WC-3,3110,COMPLETED,03/03/2026
MO-4856,M-1272,WC-13,3596,RELEASED,02/02/2024
MO-4857,M-1164,WC-9,557,completed,04/05/2025
MO-4858,M-1122,WC-14,4196,OPEN,23-07-2025
MO-4859,M-1297,WC-10,1489,RELEASED,2024-05-02
MO-4860,M-1130,WC-2,3751,completed,2026-04-01
MO-4861,M-1202,WC-11,1165,completed,13-12-2024
MO-4862,M-1083,WC-10,3568,completed,2026-04-07
MO-4863,M-1158,WC-2,4869,RELEASED,11/24/2024
MO-4864,M-1161,WC-6,4599,OPEN,06/27/2026
MO-4865,M-1024,WC-13,4313,COMPLETED,15-09-2024
MO-4866,M-1176,WC-15,2318,completed,05-09-2024
MO-4867,M-1108,WC-1,4430,open,2024-12-25
MO-4868,M-1068,WC-10,399,COMPLETED,06/11/2025
MO-4869,M-1040,WC-11,644,RELEASED,2026-07-11
MO-4870,M-1013,WC-13,4031,released,08/13/2024
MO-4871,M-1074,WC-4,2868,released,2025-07-02
MO-4872,M-1208,WC-8,4916,completed,2025-07-03
MO-4873,M-1166,WC-7,4572,COMPLETED,10-08-2026
MO-4874,M-1040,WC-8,2866,OPEN,2026-05-24
MO-4875,M-1029,WC-10,3997,completed,2025-02-18
MO-4876,M-1015,WC-3,1083,open,2024-01-22
MO-4877,M-1127,WC-2,332,COMPLETED,11/04/2024
MO-4878,M-1229,WC-3,2857,open,2024-11-05
MO-4879,M-1128,WC-9,1702,COMPLETED,2025-08-23
MO-4880,M-1094,WC-7,1273,RELEASED,2025-03-19
MO-4881,M-1002,WC-12,756,COMPLETED,04-06-2024
MO-4882,M-1198,WC-8,3302,OPEN,02/25/2026
MO-4883,M-1078,WC-9,3519,completed,03/16/2025
MO-4884,M-1068,WC-8,2648,open,2025-01-16
MO-4885,M-1280,WC-14,1111,COMPLETED,02/02/2026
MO-4886,M-1011,WC-8,1586,COMPLETED,02/05/2026
MO-4887,M-1134,WC-8,3023,RELEASED,04/27/2025
MO-4888,M-1049,WC-15,4130,COMPLETED,09/12/2025
MO-4889,M-1139,WC-2,3658,released,2025-09-02
MO-4890,M-1095,WC-12,3747,completed,2024-05-14
MO-4891,M-1029,WC-11,1597,open,2026-01-19
MO-4892,M-1136,WC-15,1631,COMPLETED,08/17/2026
MO-4893,M-1271,WC-7,3969,OPEN,10/25/2026
MO-4894,M-1096,WC-10,82,released,2025-03-19
MO-4895,M-1069,WC-3,4834,OPEN,04-03-2026
MO-4896,M-1287,WC-2,2406,open,2026-01-01
MO-4897,M-1058,WC-11,1837,released,11/17/2024
MO-4898,M-1259,WC-13,2505,RELEASED,2026-05-21
MO-4899,M-1169,WC-9,271,released,04/23/2026
MO-4900,M-1119,WC-2,2469,released,2024-04-19
MO-4901,M-1063,WC-15,431,released,2026-12-06
MO-4902,M-1221,WC-6,1527,open,07/12/2025
MO-4903,M-1035,WC-8,3674,COMPLETED,08-01-2024
MO-4904,M-1026,WC-14,194,RELEASED,17-05-2025
MO-4905,M-1027,WC-14,402,open,21-12-2026
MO-4906,M-1028,WC-5,2192,open,03/04/2026
MO-4907,M-1060,WC-7,4442,OPEN,01/11/2025
MO-4908,M-1067,WC-1,2478,completed,2025-02-13
MO-4909,M-1242,WC-15,4029,RELEASED,2026-04-15
MO-4910,M-1042,WC-4,3267,COMPLETED,03/14/2025
MO-4911,M-1170,WC-7,3221,RELEASED,2026-10-23
MO-4912,M-1034,WC-15,263,RELEASED,2026-07-01
MO-4913,M-1224,WC-14,1412,open,12/20/2025
MO-4914,M-1153,WC-10,1090,OPEN,16-10-2025
MO-4915,M-1289,WC-14,4556,RELEASED,2026-09-23
MO-4916,M-1176,WC-1,1136,open,2026-03-10
MO-4917,M-1261,WC-1,958,released,02/09/2024
MO-4918,M-1173,WC-2,2652,completed,2026-09-21
MO-4919,M-1110,WC-2,975,RELEASED,2025-09-01
MO-4920,M-1166,WC-4,932,COMPLETED,2026-02-16
MO-4921,M-1198,WC-7,1730,COMPLETED,2025-06-16
MO-4922,M-1142,WC-13,2921,OPEN,04-06-2024
MO-4923,M-1094,WC-2,1905,open,2025-08-26
MO-4924,M-1256,WC-10,1366,COMPLETED,2025-07-25
MO-4925,M-1041,WC-1,1750,RELEASED,17-02-2024
MO-4926,M-1239,WC-13,87,COMPLETED,04/03/2026
MO-4927,M-1114,WC-8,1178,released,04/16/2026
MO-4928,M-1252,WC-4,366,RELEASED,05/15/2026
MO-4929,M-1093,WC-13,2701,completed,2025-12-21
MO-4930,M-1081,WC-10,1810,completed,05/01/2025
MO-4931,M-1017,WC-11,1677,RELEASED,2026-05-11
MO-4932,M-1252,WC-6,4399,completed,02/22/2024
MO-4933,M-1094,WC-11,4001,open,01/04/2026
MO-4934,M-1116,WC-10,821,completed,08/05/2024
MO-4935,M-1137,WC-8,3072,COMPLETED,2024-03-24
MO-4936,M-1223,WC-9,2607,OPEN,05/01/2026
MO-4937,M-1058,WC-5,3507,open,09/10/2026
MO-4938,M-1234,WC-5,1623,completed,2024-10-24
MO-4939,M-1261,WC-4,908,OPEN,2026-10-09
MO-4940,M-1218,WC-2,189,released,09/09/2025
MO-4941,M-1143,WC-3,3374,COMPLETED,05/27/2024
MO-4942,M-1179,WC-3,4411,completed,2025-06-04
MO-4943,M-1172,WC-2,2514,open,2024-05-02
MO-4944,M-1027,WC-13,4039,RELEASED,2024-04-03
MO-4945,M-1269,WC-4,4519,RELEASED,01/10/2025
MO-4946,M-1181,WC-13,1486,completed,25-07-2024
MO-4947,M-1020,WC-1,3949,open,2024-09-24
MO-4948,M-1268,WC-7,4472,open,2024-07-23
MO-4949,M-1212,WC-8,3638,open,2025-06-22
MO-4950,M-1199,WC-8,4085,released,2026-12-25
MO-4951,M-1074,WC-11,3494,OPEN,18-07-2026
MO-4952,M-1088,WC-5,743,COMPLETED,2024-04-07
MO-4953,M-1059,WC-14,3449,released,06/26/2025
MO-4954,M-1086,WC-12,2365,released,09/05/2025
MO-4955,M-1251,WC-8,454,RELEASED,2026-09-19
MO-4956,M-1029,WC-15,2216,released,2026-07-12
MO-4957,M-1299,WC-13,715,COMPLETED,10/04/2026
MO-4958,M-1032,WC-6,457,OPEN,2024-11-17
MO-4959,M-1086,WC-14,1943,completed,09/28/2024
MO-4960,M-1067,WC-9,4619,RELEASED,06/11/2026
MO-4961,M-1249,WC-5,4072,OPEN,2024-07-20
MO-4962,M-1074,WC-15,2023,RELEASED,12/18/2024
MO-4963,M-1195,WC-7,4385,open,04-07-2024
MO-4964,M-1009,WC-13,1413,open,2025-03-24
MO-4965,M-1012,WC-9,448,RELEASED,12/19/2025
MO-4966,M-1115,WC-10,301,open,2025-04-16
MO-4967,M-1184,WC-4,365,released,2026-11-02
MO-4968,M-1206,WC-2,1408,open,08/22/2026
MO-4969,M-1065,WC-1,486,RELEASED,12-12-2026
MO-4970,M-1015,WC-3,1470,open,2025-01-25
MO-4971,M-1105,WC-2,2188,RELEASED,23-11-2025
MO-4972,M-1019,WC-3,3021,OPEN,2025-02-18
MO-4973,M-1257,WC-8,3629,OPEN,03-12-2024
MO-4974,M-1189,WC-9,4199,RELEASED,04-02-2024
MO-4975,M-1202,WC-13,2591,open,11-04-2025
MO-4976,M-1156,WC-11,1932,completed,16-01-2025
MO-4977,M-1174,WC-11,2279,RELEASED,12/05/2024
MO-4978,M-1206,WC-9,562,OPEN,10/22/2025
MO-4979,M-1010,WC-6,4076,RELEASED,15-03-2025
MO-4980,M-1061,WC-6,4343,completed,12/18/2024
MO-4981,M-1097,WC-13,393,RELEASED,06-03-2025
MO-4982,M-1152,WC-8,3294,OPEN,26-06-2024
MO-4983,M-1179,WC-14,2334,completed,11/04/2026
MO-4984,M-1151,WC-1,4198,completed,2026-05-13
MO-4985,M-1283,WC-1,1078,COMPLETED,03/04/2025
MO-4986,M-1175,WC-3,4134,COMPLETED,01/20/2026
MO-4987,M-1254,WC-8,3688,open,2025-10-11
MO-4988,M-1112,WC-3,902,completed,06/16/2025
MO-4989,M-1171,WC-9,2257,open,2026-06-15
MO-4990,M-1032,WC-6,3694,RELEASED,2026-03-24
MO-4991,M-1112,WC-15,4234,open,2026-11-10
MO-4992,M-1160,WC-13,1418,open,2026-10-07
MO-4993,M-1223,WC-15,525,RELEASED,2026-01-02
MO-4994,M-1039,WC-7,1979,completed,03/18/2024
MO-4995,M-1203,WC-15,844,OPEN,2025-10-24
MO-4996,M-1156,WC-2,3527,completed,01-07-2024
MO-4997,M-1238,WC-10,2208,RELEASED,06/13/2024
MO-4998,M-1228,WC-14,1679,RELEASED,18-10-2025
MO-4999,M-1214,WC-11,1456,RELEASED,2025-11-24
MO-5000,M-1141,WC-7,2681,open,2024-08-12
MO-5001,M-1168,WC-12,4547,COMPLETED,12/28/2025
MO-5002,M-1152,WC-11,3793,open,11/24/2024
MO-5003,M-1221,WC-14,4460,RELEASED,2025-05-28
MO-5004,M-1240,WC-1,4348,RELEASED,2025-03-14
MO-5005,M-1052,WC-15,360,completed,2026-11-06
MO-5006,M-1011,WC-12,4873,RELEASED,12/06/2025
MO-5007,M-1107,WC-2,1850,open,2024-09-16
MO-5008,M-1097,WC-4,3933,released,09-03-2026
MO-5009,M-1159,WC-13,1494,RELEASED,26-03-2026
MO-5010,M-1176,WC-8,1468,released,2026-04-09
MO-5011,M-1127,WC-2,473,RELEASED,2024-05-15
MO-5012,M-1170,WC-6,4009,COMPLETED,07/03/2025
MO-5013,M-1066,WC-5,2810,RELEASED,2025-10-15
MO-5014,M-1278,WC-9,2293,released,2026-05-26
MO-5015,M-1057,WC-13,2450,COMPLETED,12/06/2025
MO-5016,M-1240,WC-10,105,OPEN,2026-09-14
MO-5017,M-1026,WC-11,4468,completed,18-07-2025
MO-5018,M-1083,WC-14,4091,released,2025-08-02
MO-5019,M-1094,WC-5,1195,OPEN,2024-06-03
MO-5020,M-1052,WC-10,402,OPEN,2024-03-26
MO-5021,M-1247,WC-14,4356,COMPLETED,2026-04-25
MO-5022,M-1270,WC-6,542,OPEN,2025-02-05
MO-5023,M-1190,WC-14,4387,OPEN,08/09/2024
MO-5024,M-1217,WC-1,4465,open,26-01-2024
MO-5025,M-1106,WC-2,4588,open,2025-12-21
MO-5026,M-1243,WC-13,3319,released,07/27/2026
MO-5027,M-1043,WC-9,1676,open,2026-02-22
MO-5028,M-1143,WC-1,4804,open,02-12-2026
MO-5029,M-1157,WC-1,4583,COMPLETED,2024-05-15
MO-5030,M-1192,WC-14,2085,completed,2025-09-18
MO-5031,M-1284,WC-9,1116,OPEN,2025-05-08
MO-5032,M-1027,WC-9,3271,released,01/04/2026
MO-5033,M-1126,WC-10,4148,completed,10/04/2025
MO-5034,M-1188,WC-1,2748,RELEASED,2024-09-16
MO-5035,M-1017,WC-6,2067,RELEASED,09/06/2026
MO-5036,M-1236,WC-3,1004,completed,2024-01-06
MO-5037,M-1179,WC-4,2518,released,2026-09-17
MO-5038,M-1113,WC-13,1956,released,08/04/2026
MO-5039,M-1229,WC-1,897,COMPLETED,2026-11-19
MO-5040,M-1296,WC-9,282,completed,2026-03-13
MO-5041,M-1219,WC-3,2810,completed,11/01/2026
MO-5042,M-1170,WC-11,555,completed,11/16/2024
MO-5043,M-1110,WC-4,1072,OPEN,2024-01-03
MO-5044,M-1033,WC-13,3609,COMPLETED,04/02/2025
MO-5045,M-1111,WC-4,2633,released,03/11/2026
MO-5046,M-1078,WC-4,3019,completed,08/21/2024
MO-5047,M-1267,WC-6,978,COMPLETED,08/16/2025
MO-5048,M-1233,WC-15,1637,completed,2026-10-11
MO-5049,M-1219,WC-8,1534,OPEN,2024-11-19
MO-5050,M-1001,WC-1,4725,OPEN,06/05/2026
MO-5051,M-1278,WC-10,2878,released,2025-06-13
MO-5052,M-1100,WC-9,4337,completed,2026-10-13
MO-5053,M-1192,WC-1,3716,completed,02/28/2024
MO-5054,M-1067,WC-5,4678,COMPLETED,2025-03-07
MO-5055,M-1177,WC-1,3628,completed,2024-04-05
MO-5056,M-1163,WC-15,2748,RELEASED,06-10-2026
MO-5057,M-1106,WC-5,4319,open,2024-07-25
MO-5058,M-1000,WC-6,4488,released,24-05-2026
MO-5059,M-1201,WC-7,4187,RELEASED,2024-09-08
MO-5060,M-1086,WC-11,4460,open,2025-04-07
MO-5061,M-1056,WC-14,634,RELEASED,12/26/2025
MO-5062,M-1251,WC-5,120,open,07-10-2025
MO-5063,M-1206,WC-8,207,OPEN,2026-01-01
MO-5064,M-1262,WC-1,4892,completed,2025-01-15
MO-5065,M-1030,WC-1,666,released,17-02-2025
MO-5066,M-1117,WC-13,757,RELEASED,05/23/2026
MO-5067,M-1113,WC-12,4406,open,2024-07-24
MO-5068,M-1256,WC-2,71,completed,01/09/2024
MO-5069,M-1109,WC-1,662,open,2024-07-20
MO-5070,M-1098,WC-6,352,open,2025-10-19
MO-5071,M-1021,WC-12,2667,OPEN,09/12/2024
MO-5072,M-1076,WC-10,4753,completed,2025-10-25
MO-5073,M-1260,WC-13,634,COMPLETED,01/08/2025
MO-5074,M-1172,WC-3,736,RELEASED,2024-09-13
MO-5075,M-1192,WC-10,1830,OPEN,2024-07-18
MO-5076,M-1074,WC-14,3591,completed,04/03/2025
MO-5077,M-1198,WC-11,361,OPEN,01-06-2025
MO-5078,M-1216,WC-3,3276,open,08/10/2024
MO-5079,M-1225,WC-12,421,COMPLETED,09/16/2026
MO-5080,M-1230,WC-9,2084,OPEN,2025-05-11
MO-5081,M-1041,WC-13,2716,OPEN,01/04/2024
MO-5082,M-1018,WC-13,2006,COMPLETED,2026-12-07
MO-5083,M-1252,WC-11,94,completed,2026-02-28
MO-5084,M-1071,WC-1,3950,completed,2025-04-13
MO-5085,M-1086,WC-13,1698,RELEASED,12/10/2024
MO-5086,M-1111,WC-14,2984,released,26-07-2024
MO-5087,M-1055,WC-8,2076,OPEN,15-10-2024
MO-5088,M-1054,WC-9,3049,OPEN,2024-08-09
MO-5089,M-1142,WC-9,455,open,2026-04-14
MO-5090,M-1293,WC-12,2841,OPEN,2025-11-12
MO-5091,M-1037,WC-12,4535,COMPLETED,2025-05-10
MO-5092,M-1208,WC-10,1950,COMPLETED,02/10/2025
MO-5093,M-1157,WC-14,1156,completed,21-12-2026
MO-5094,M-1182,WC-15,4183,released,18-07-2025
MO-5095,M-1284,WC-11,2012,released,2026-05-20
MO-5096,M-1294,WC-10,245,COMPLETED,2024-10-07
MO-5097,M-1284,WC-9,2408,OPEN,2024-06-05
MO-5098,M-1253,WC-9,3121,RELEASED,2026-07-20
MO-5099,M-1014,WC-10,2298,OPEN,02/18/2024
MO-5100,M-1276,WC-15,2527,OPEN,04-03-2025
MO-5101,M-1117,WC-9,1641,completed,26-09-2025
MO-5102,M-1139,WC-10,329,OPEN,2026-01-09
MO-5103,M-1262,WC-13,3296,released,04/21/2025
MO-5104,M-1218,WC-8,4421,completed,10/18/2026
MO-5105,M-1085,WC-3,3177,OPEN,2026-10-09
MO-5106,M-1002,WC-8,1088,OPEN,2024-11-04
MO-5107,M-1230,WC-3,1049,COMPLETED,22-07-2024
MO-5108,M-1076,WC-10,1567,COMPLETED,04-06-2025
MO-5109,M-1260,WC-6,2523,OPEN,08/10/2024
MO-5110,M-1271,WC-10,3478,released,2024-08-25
MO-5111,M-1135,WC-4,4312,RELEASED,08/12/2025
MO-5112,M-1257,WC-8,401,completed,03/01/2024
MO-5113,M-1220,WC-13,4494,open,10/13/2025
MO-5114,M-1137,WC-11,779,RELEASED,06/08/2025
MO-5115,M-1085,WC-2,1065,COMPLETED,08/15/2024
MO-5116,M-1185,WC-8,4152,OPEN,15-09-2025
MO-5117,M-1220,WC-12,4116,open,2024-11-02
MO-5118,M-1038,WC-10,4874,COMPLETED,2026-07-07
MO-5119,M-1277,WC-11,1287,OPEN,26-06-2026
MO-5120,M-1176,WC-9,2459,released,2025-11-15
MO-5121,M-1030,WC-4,2268,released,2024-07-16
MO-5122,M-1055,WC-6,2323,released,01/10/2025
MO-5123,M-1057,WC-7,3141,RELEASED,11-09-2026
MO-5124,M-1238,WC-8,1170,completed,2025-03-18
MO-5125,M-1130,WC-12,2181,COMPLETED,25-06-2024
MO-5126,M-1178,WC-10,2589,released,07/16/2026
MO-5127,M-1173,WC-1,3599,COMPLETED,2025-08-20
MO-5128,M-1235,WC-4,3308,COMPLETED,10/21/2025
MO-5129,M-1242,WC-1,3844,COMPLETED,2024-10-06
MO-5130,M-1188,WC-2,4099,COMPLETED,03/12/2026
MO-5131,M-1137,WC-2,4331,released,2025-04-22
MO-5132,M-1035,WC-3,2444,released,2026-02-03
MO-5133,M-1260,WC-2,3753,completed,2025-07-18
MO-5134,M-1238,WC-7,4397,COMPLETED,2025-08-07
MO-5135,M-1200,WC-2,2903,OPEN,2025-09-08
MO-5136,M-1103,WC-11,280,open,2024-08-17
MO-5137,M-1201,WC-11,4867,OPEN,07/26/2024
MO-5138,M-1145,WC-8,4155,COMPLETED,2026-12-04
MO-5139,M-1155,WC-15,2904,released,13-01-2026
MO-5140,M-1026,WC-14,492,released,05/27/2025
MO-5141,M-1143,WC-1,389,completed,2026-11-11
MO-5142,M-1057,WC-5,836,OPEN,2025-11-17
MO-5143,M-1052,WC-15,4876,released,02/23/2024
MO-5144,M-1003,WC-10,1650,released,2024-06-25
MO-5145,M-1025,WC-3,4969,released,12-06-2024
MO-5146,M-1095,WC-5,4321,COMPLETED,2025-01-26
MO-5147,M-1032,WC-11,4672,released,02/19/2024
MO-5148,M-1205,WC-6,612,completed,05/25/2025
MO-5149,M-1274,WC-9,993,OPEN,03/04/2026
MO-5150,M-1216,WC-5,2488,COMPLETED,09/07/2024
MO-5151,M-1261,WC-1,1282,COMPLETED,02/27/2026
MO-5152,M-1209,WC-4,99,OPEN,12/17/2026
MO-5153,M-1279,WC-10,314,RELEASED,2026-01-27
MO-5154,M-1249,WC-4,1517,RELEASED,2024-05-19
MO-5155,M-1006,WC-1,1923,RELEASED,06/16/2024
MO-5156,M-1077,WC-9,2086,released,10/12/2025
MO-5157,M-1022,WC-6,1301,OPEN,2024-03-21
MO-5158,M-1169,WC-13,1659,completed,2024-09-16
MO-5159,M-1266,WC-13,1902,COMPLETED,2026-11-02
MO-5160,M-1288,WC-14,4149,open,02/17/2024
MO-5161,M-1218,WC-6,1780,open,07-10-2026
MO-5162,M-1240,WC-6,1494,completed,02/15/2026
MO-5163,M-1004,WC-1,4319,COMPLETED,10-04-2025
MO-5164,M-1175,WC-15,3131,COMPLETED,2026-12-02
MO-5165,M-1190,WC-13,4139,open,05/22/2024
MO-5166,M-1127,WC-13,2181,RELEASED,2024-09-10
MO-5167,M-1224,WC-12,2722,RELEASED,12/24/2024
MO-5168,M-1269,WC-12,3915,RELEASED,2026-12-10
MO-5169,M-1173,WC-14,1033,released,08/27/2025
MO-5170,M-1261,WC-6,2679,COMPLETED,2025-03-16
MO-5171,M-1254,WC-8,2082,open,02/13/2025
MO-5172,M-1004,WC-8,1986,completed,2025-08-23
MO-5173,M-1204,WC-7,1940,RELEASED,07-10-2026
MO-5174,M-1255,WC-5,2229,COMPLETED,2026-06-03
MO-5175,M-1005,WC-12,3071,completed,2026-04-17
MO-5176,M-1028,WC-10,3695,open,08/07/2025
MO-5177,M-1159,WC-4,89,OPEN,2025-08-05
MO-5178,M-1046,WC-3,4294,released,2025-09-16
MO-5179,M-1041,WC-13,1508,RELEASED,2025-11-13
MO-5180,M-1225,WC-12,2028,RELEASED,09-02-2025
MO-5181,M-1027,WC-3,2769,COMPLETED,2025-11-26
MO-5182,M-1002,WC-9,4486,open,06/11/2025
MO-5183,M-1027,WC-7,3034,released,16-01-2024
MO-5184,M-1037,WC-8,826,open,18-11-2026
MO-5185,M-1197,WC-9,2370,open,06/27/2026
MO-5186,M-1009,WC-9,3142,OPEN,06/07/2024
MO-5187,M-1291,WC-11,2568,open,04/18/2025
MO-5188,M-1211,WC-3,4347,completed,12/15/2026
MO-5189,M-1275,WC-14,117,RELEASED,2026-07-11
MO-5190,M-1252,WC-12,2638,RELEASED,2024-09-04
MO-5191,M-1167,WC-6,2987,OPEN,2026-01-16
MO-5192,M-1281,WC-3,2461,released,15-11-2025
MO-5193,M-1000,WC-6,4936,open,10/21/2025
MO-5194,M-1180,WC-8,1546,COMPLETED,22-06-2025
MO-5195,M-1142,WC-15,3476,COMPLETED,2024-12-15
MO-5196,M-1171,WC-6,4494,OPEN,06/05/2025
MO-5197,M-1276,WC-14,3072,open,2024-11-20
MO-5198,M-1261,WC-13,2901,OPEN,11/20/2025
MO-5199,M-1248,WC-6,3657,open,2025-11-22
MO-5200,M-1168,WC-1,1392,open,09-05-2024
MO-5201,M-1201,WC-5,127,open,11/12/2026
MO-5202,M-1000,WC-1,4476,OPEN,2024-02-06
MO-5203,M-1258,WC-9,4800,open,2026-11-27
MO-5204,M-1293,WC-9,1070,OPEN,02/09/2026
MO-5205,M-1032,WC-4,1833,released,2025-04-02
MO-5206,M-1130,WC-8,3837,completed,2025-07-14
MO-5207,M-1123,WC-2,2335,RELEASED,2024-09-20
MO-5208,M-1022,WC-6,376,completed,2024-03-03
MO-5209,M-1038,WC-2,3828,OPEN,12-09-2024
MO-5210,M-1034,WC-9,3305,released,2024-02-07
MO-5211,M-1154,WC-11,732,released,04/19/2024
MO-5212,M-1291,WC-7,1916,COMPLETED,2025-12-16
MO-5213,M-1202,WC-3,1347,completed,11/14/2024
MO-5214,M-1109,WC-3,4846,OPEN,01/16/2024
MO-5215,M-1117,WC-7,3822,OPEN,2026-03-27
MO-5216,M-1190,WC-1,2760,released,03/06/2025
MO-5217,M-1006,WC-15,1749,open,2026-10-14
MO-5218,M-1144,WC-2,586,completed,07/28/2024
MO-5219,M-1260,WC-8,4017,COMPLETED,2024-12-17
MO-5220,M-1250,WC-14,4310,completed,12/26/2026
MO-5221,M-1047,WC-5,1611,open,2026-01-22
MO-5222,M-1212,WC-1,3094,released,11/07/2026
MO-5223,M-1223,WC-10,1081,released,2024-07-09
MO-5224,M-1114,WC-2,3474,completed,04-03-2026
MO-5225,M-1219,WC-13,2059,completed,2025-04-16
MO-5226,M-1296,WC-14,2164,released,2024-08-26
MO-5227,M-1033,WC-3,3254,released,2026-10-09
MO-5228,M-1174,WC-2,4756,released,22-09-2026
MO-5229,M-1204,WC-6,3983,completed,2024-08-07
MO-5230,M-1210,WC-2,110,COMPLETED,2025-01-25
MO-5231,M-1110,WC-10,4105,open,09/25/2025
MO-5232,M-1230,WC-11,1015,released,14-02-2025
MO-5233,M-1035,WC-3,2253,RELEASED,2024-05-18
MO-5234,M-1098,WC-12,1201,OPEN,2025-02-08
MO-5235,M-1233,WC-12,2840,open,03/22/2024
MO-5236,M-1049,WC-2,1561,open,2026-03-13
MO-5237,M-1084,WC-9,1916,released,28-08-2026
MO-5238,M-1215,WC-6,3697,RELEASED,08/12/2026
MO-5239,M-1276,WC-13,1787,COMPLETED,08/05/2026
MO-5240,M-1051,WC-9,3167,OPEN,05-10-2025
MO-5241,M-1284,WC-12,4918,RELEASED,16-01-2025
MO-5242,M-1211,WC-9,1587,COMPLETED,2025-10-16
MO-5243,M-1192,WC-5,3463,COMPLETED,2025-01-01
MO-5244,M-1014,WC-5,2086,open,2026-06-18
MO-5245,M-1290,WC-10,4880,RELEASED,11-02-2026
MO-5246,M-1269,WC-6,300,RELEASED,2024-04-05
MO-5247,M-1297,WC-15,415,open,02-02-2026
MO-5248,M-1197,WC-3,1029,RELEASED,2026-03-05
MO-5249,M-1130,WC-13,119,OPEN,07/09/2024
MO-5250,M-1110,WC-9,1984,completed,12/03/2024
MO-5251,M-1031,WC-8,4303,completed,2024-01-11
MO-5252,M-1032,WC-11,480,RELEASED,09-04-2024
MO-5253,M-1101,WC-6,1271,OPEN,04/12/2026
MO-5254,M-1081,WC-9,1769,RELEASED,21-01-2025
MO-5255,M-1238,WC-15,284,COMPLETED,2026-04-04
MO-5256,M-1070,WC-9,4285,COMPLETED,2025-02-24
MO-5257,M-1263,WC-10,864,open,2025-01-22
MO-5258,M-1298,WC-15,2712,released,2025-03-07
MO-5259,M-1125,WC-15,3183,OPEN,2026-11-01
MO-5260,M-1050,WC-2,2925,RELEASED,2025-11-14
MO-5261,M-1266,WC-11,1820,released,03/11/2025
MO-5262,M-1157,WC-8,3753,COMPLETED,08/24/2025
MO-5263,M-1012,WC-9,3613,released,19-04-2026
MO-5264,M-1284,WC-11,1079,OPEN,03-05-2025
MO-5265,M-1236,WC-14,1199,OPEN,2025-04-18
MO-5266,M-1203,WC-8,1915,OPEN,2025-01-05
MO-5267,M-1167,WC-13,1917,completed,2025-04-17
MO-5268,M-1264,WC-3,1609,RELEASED,2025-01-19
MO-5269,M-1103,WC-8,2415,completed,2024-07-25
MO-5270,M-1202,WC-12,1372,RELEASED,15-09-2025
MO-5271,M-1107,WC-12,4968,completed,2026-12-02
MO-5272,M-1078,WC-1,4655,COMPLETED,16-03-2026
MO-5273,M-1067,WC-11,4596,released,09/22/2025
MO-5274,M-1262,WC-8,947,COMPLETED,14-07-2026
MO-5275,M-1128,WC-10,804,RELEASED,2026-11-27
MO-5276,M-1022,WC-3,3484,OPEN,2026-06-19
MO-5277,M-1006,WC-12,1064,OPEN,2025-05-14
MO-5278,M-1058,WC-12,4431,COMPLETED,2024-07-23
MO-5279,M-1248,WC-6,3337,COMPLETED,2024-11-03
MO-5280,M-1246,WC-14,985,COMPLETED,2026-02-03
MO-5281,M-1262,WC-13,1464,completed,05/18/2024
MO-5282,M-1189,WC-9,902,completed,2026-02-22
MO-5283,M-1016,WC-5,4054,completed,03/19/2024
MO-5284,M-1098,WC-2,780,open,2024-05-02
MO-5285,M-1120,WC-15,4482,open,02/19/2025
MO-5286,M-1036,WC-11,3490,open,04/08/2024
MO-5287,M-1231,WC-11,2654,completed,2024-06-08
MO-5288,M-1286,WC-14,3338,OPEN,03-08-2024
MO-5289,M-1060,WC-15,1920,completed,05/07/2025
MO-5290,M-1260,WC-6,444,OPEN,02/28/2025
MO-5291,M-1266,WC-6,4017,completed,11/17/2024
MO-5292,M-1140,WC-14,1457,COMPLETED,2024-04-07
MO-5293,M-1232,WC-8,3662,released,05/27/2026
MO-5294,M-1111,WC-12,3885,COMPLETED,2025-06-02
MO-5295,M-1242,WC-13,3651,released,12-11-2025
MO-5296,M-1233,WC-11,1521,COMPLETED,2026-03-08
MO-5297,M-1086,WC-10,196,OPEN,09/26/2026
MO-5298,M-1228,WC-7,210,COMPLETED,01/02/2024
MO-5299,M-1132,WC-15,3873,released,2025-08-05
MO-5300,M-1213,WC-10,1314,OPEN,07-07-2025
MO-5301,M-1164,WC-6,2872,COMPLETED,2026-02-21
MO-5302,M-1209,WC-1,2824,completed,04/25/2026
MO-5303,M-1281,WC-8,4609,released,2025-10-24
MO-5304,M-1079,WC-1,3125,released,2024-02-11
MO-5305,M-1162,WC-4,3816,RELEASED,2025-06-22
MO-5306,M-1231,WC-14,1709,released,2024-12-10
MO-5307,M-1022,WC-12,4109,open,2025-11-20
MO-5308,M-1277,WC-12,3595,released,06/05/2025
MO-5309,M-1235,WC-6,784,released,2024-03-21
MO-5310,M-1134,WC-1,2166,open,04-04-2026
MO-5311,M-1081,WC-7,4681,RELEASED,2025-04-19
MO-5312,M-1160,WC-5,3773,completed,2024-06-02
MO-5313,M-1111,WC-11,3873,OPEN,2025-10-10
MO-5314,M-1225,WC-12,4988,completed,14-01-2025
MO-5315,M-1114,WC-7,2568,COMPLETED,04-04-2026
MO-5316,M-1057,WC-6,483,OPEN,2024-05-25
MO-5317,M-1187,WC-14,532,completed,18-12-2026
MO-5318,M-1184,WC-9,3484,completed,2025-12-25
MO-5319,M-1147,WC-1,4500,COMPLETED,09/03/2024
MO-5320,M-1298,WC-14,1151,COMPLETED,2024-11-14
MO-5321,M-1218,WC-2,1375,open,24-01-2024
MO-5322,M-1079,WC-14,2934,completed,2026-02-05
MO-5323,M-1094,WC-15,3667,RELEASED,2024-06-06
MO-5324,M-1174,WC-15,4964,open,2025-02-18
MO-5325,M-1031,WC-10,3269,completed,2026-03-12
MO-5326,M-1229,WC-10,4729,COMPLETED,12-12-2024
MO-5327,M-1151,WC-11,4442,released,03-03-2024
MO-5328,M-1005,WC-14,1994,COMPLETED,2024-04-14
MO-5329,M-1007,WC-14,2195,COMPLETED,2024-11-03
MO-5330,M-1233,WC-15,4131,OPEN,23-01-2024
MO-5331,M-1231,WC-2,4957,RELEASED,23-09-2026
MO-5332,M-1184,WC-4,4772,COMPLETED,08/06/2024
MO-5333,M-1200,WC-9,2376,COMPLETED,17-02-2024
MO-5334,M-1038,WC-6,4115,RELEASED,20-03-2025
MO-5335,M-1264,WC-9,3885,COMPLETED,02/20/2024
MO-5336,M-1237,WC-6,3013,completed,03-09-2025
MO-5337,M-1199,WC-6,2563,completed,2025-12-09
MO-5338,M-1162,WC-10,4600,released,2025-11-22
MO-5339,M-1093,WC-15,532,open,18-11-2024
MO-5340,M-1087,WC-3,4496,open,2026-02-16
MO-5341,M-1145,WC-2,3268,OPEN,10/19/2024
MO-5342,M-1178,WC-6,2438,open,2025-07-26
MO-5343,M-1244,WC-7,4535,completed,2025-12-26
MO-5344,M-1072,WC-12,4289,COMPLETED,14-04-2026
MO-5345,M-1017,WC-9,1895,open,04-06-2025
MO-5346,M-1119,WC-6,2871,completed,2025-11-20
MO-5347,M-1177,WC-6,3541,open,08/22/2024
MO-5348,M-1273,WC-7,985,COMPLETED,2024-03-10
MO-5349,M-1030,WC-3,859,RELEASED,24-02-2024
MO-5350,M-1224,WC-4,1548,COMPLETED,06/12/2024
MO-5351,M-1103,WC-1,1870,COMPLETED,04/17/2025
MO-5352,M-1228,WC-13,104,released,2024-12-08
MO-5353,M-1148,WC-1,3661,completed,2025-02-01
MO-5354,M-1091,WC-9,2141,RELEASED,2026-01-19
MO-5355,M-1145,WC-3,1938,RELEASED,2025-04-05
MO-5356,M-1010,WC-11,191,OPEN,2024-02-02
MO-5357,M-1006,WC-11,2019,COMPLETED,2026-01-28
MO-5358,M-1175,WC-1,3129,open,10-07-2026
MO-5359,M-1235,WC-9,2420,open,03/11/2024
MO-5360,M-1016,WC-6,2197,open,05/26/2024
MO-5361,M-1272,WC-12,881,OPEN,09/08/2025
MO-5362,M-1086,WC-15,626,OPEN,2025-12-24
MO-5363,M-1275,WC-7,2647,released,14-04-2025
MO-5364,M-1045,WC-1,2093,OPEN,07/15/2024
MO-5365,M-1014,WC-7,3440,open,2025-04-20
MO-5366,M-1215,WC-13,1026,released,06/10/2025
MO-5367,M-1218,WC-5,3597,OPEN,2026-12-18
MO-5368,M-1217,WC-6,4974,completed,2024-09-19
MO-5369,M-1139,WC-11,3662,released,22-11-2025
MO-5370,M-1168,WC-9,4844,open,2024-11-07
MO-5371,M-1074,WC-8,1343,COMPLETED,26-11-2026
MO-5372,M-1266,WC-3,1056,completed,02/02/2024
MO-5373,M-1196,WC-9,1685,RELEASED,2026-07-15
MO-5374,M-1272,WC-8,3105,open,03/26/2026
MO-5375,M-1017,WC-11,1703,COMPLETED,08-10-2025
MO-5376,M-1018,WC-1,420,released,09/15/2025
MO-5377,M-1225,WC-4,3078,completed,21-06-2026
MO-5378,M-1168,WC-15,540,open,09/21/2026
MO-5379,M-1084,WC-15,2844,RELEASED,09/20/2025
MO-5380,M-1154,WC-15,3730,completed,05-12-2024
MO-5381,M-1134,WC-1,3931,COMPLETED,25-03-2024
MO-5382,M-1034,WC-1,1117,completed,2024-05-16
MO-5383,M-1046,WC-2,2441,OPEN,2025-11-08
MO-5384,M-1258,WC-10,1329,open,12/05/2025
MO-5385,M-1273,WC-4,663,OPEN,13-11-2025
MO-5386,M-1058,WC-11,3522,completed,2024-09-23
MO-5387,M-1064,WC-4,1569,RELEASED,04/11/2026
MO-5388,M-1093,WC-2,1615,completed,2026-01-25
MO-5389,M-1083,WC-10,700,completed,04-10-2025
MO-5390,M-1062,WC-9,2505,completed,2026-11-06
MO-5391,M-1091,WC-5,3581,open,21-09-2025
MO-5392,M-1216,WC-15,3613,OPEN,03/22/2025
MO-5393,M-1267,WC-6,2380,completed,2025-03-22
MO-5394,M-1298,WC-11,4856,OPEN,2026-03-11
MO-5395,M-1130,WC-5,1236,COMPLETED,2024-10-09
MO-5396,M-1181,WC-8,603,OPEN,04/06/2026
MO-5397,M-1017,WC-1,1542,COMPLETED,25-04-2026
MO-5398,M-1096,WC-15,4918,OPEN,2026-10-02
MO-5399,M-1261,WC-6,3748,open,2025-04-20
MO-5400,M-1235,WC-7,255,RELEASED,04/20/2025
MO-5401,M-1133,WC-3,3073,OPEN,2026-07-02
MO-5402,M-1058,WC-10,2738,COMPLETED,2025-11-05
MO-5403,M-1040,WC-8,329,completed,2025-11-16
MO-5404,M-1214,WC-12,1284,RELEASED,2024-07-25
MO-5405,M-1209,WC-3,739,COMPLETED,08-06-2026
MO-5406,M-1275,WC-6,4911,RELEASED,2026-10-22
MO-5407,M-1014,WC-3,3011,OPEN,12-08-2024
MO-5408,M-1113,WC-3,617,completed,02/13/2025
MO-5409,M-1228,WC-14,3682,RELEASED,2024-10-01
MO-5410,M-1117,WC-5,2519,open,2024-04-17
MO-5411,M-1222,WC-6,2642,RELEASED,05/23/2025
MO-5412,M-1171,WC-6,3852,released,2024-08-09
MO-5413,M-1034,WC-2,4598,open,13-01-2025
MO-5414,M-1160,WC-15,2126,released,2025-09-08
MO-5415,M-1168,WC-12,4532,released,2024-04-23
MO-5416,M-1111,WC-3,2057,OPEN,05/22/2025
MO-5417,M-1008,WC-15,3348,open,10/21/2025
MO-5418,M-1136,WC-1,2424,COMPLETED,2024-01-19
MO-5419,M-1150,WC-11,4333,open,2025-09-04
MO-5420,M-1136,WC-8,515,OPEN,10/02/2025
MO-5421,M-1029,WC-2,2545,COMPLETED,2026-03-03
MO-5422,M-1259,WC-5,2486,RELEASED,2025-07-04
MO-5423,M-1020,WC-7,4675,released,2024-03-05
MO-5424,M-1257,WC-12,4298,OPEN,2026-12-27
MO-5425,M-1227,WC-9,3667,open,13-03-2025
MO-5426,M-1250,WC-7,607,COMPLETED,2024-09-06
MO-5427,M-1002,WC-12,3490,COMPLETED,2026-10-06
MO-5428,M-1026,WC-15,2491,OPEN,13-06-2025
MO-5429,M-1111,WC-12,1918,completed,2026-11-11
MO-5430,M-1011,WC-10,1074,completed,2026-10-28
MO-5431,M-1297,WC-10,1816,RELEASED,06-12-2025
MO-5432,M-1248,WC-15,2033,RELEASED,2024-11-12
MO-5433,M-1139,WC-7,2501,OPEN,25-12-2025
MO-5434,M-1247,WC-14,2445,OPEN,04/16/2024
MO-5435,M-1116,WC-10,3448,released,04/25/2026
MO-5436,M-1297,WC-11,1778,completed,18-05-2025
MO-5437,M-1110,WC-2,3467,RELEASED,2025-04-25
MO-5438,M-1283,WC-11,4392,open,11/27/2024
MO-5439,M-1222,WC-7,862,open,2026-12-16
MO-5440,M-1194,WC-7,2727,RELEASED,07/13/2025
MO-5441,M-1274,WC-11,572,OPEN,08-07-2026
MO-5442,M-1216,WC-2,4688,open,2024-05-01
MO-5443,M-1092,WC-1,433,OPEN,09/24/2024
MO-5444,M-1086,WC-14,1418,OPEN,06/16/2024
MO-5445,M-1275,WC-12,2431,open,21-07-2025
MO-5446,M-1175,WC-1,3619,open,14-04-2026
MO-5447,M-1013,WC-14,3360,RELEASED,2024-12-21
MO-5448,M-1234,WC-9,622,OPEN,07/09/2026
MO-5449,M-1139,WC-14,4762,COMPLETED,16-04-2026
MO-5450,M-1286,WC-7,2228,completed,22-04-2026
MO-5451,M-1204,WC-8,1538,completed,01/21/2025
MO-5452,M-1024,WC-7,3190,OPEN,09/27/2025
MO-5453,M-1191,WC-2,3394,completed,2024-08-24
MO-5454,M-1287,WC-10,4595,RELEASED,2024-07-03
MO-5455,M-1086,WC-6,3313,RELEASED,2025-09-05
MO-5456,M-1257,WC-9,3480,released,2025-09-14
MO-5457,M-1078,WC-12,55,RELEASED,2024-03-02
MO-5458,M-1276,WC-10,4687,open,01/08/2024
MO-5459,M-1197,WC-11,1905,completed,2026-01-08
MO-5460,M-1075,WC-15,199,completed,2026-05-23
MO-5461,M-1077,WC-2,1714,open,2025-02-01
MO-5462,M-1113,WC-15,3350,open,09-06-2024
MO-5463,M-1111,WC-5,2070,RELEASED,2026-04-18
MO-5464,M-1040,WC-10,2955,OPEN,2025-02-04
MO-5465,M-1072,WC-6,4372,released,2024-12-12
MO-5466,M-1051,WC-15,1184,open,26-01-2024
MO-5467,M-1161,WC-6,1399,completed,06/01/2025
MO-5468,M-1189,WC-10,2779,open,2025-02-01
MO-5469,M-1036,WC-9,3434,OPEN,2026-07-18
MO-5470,M-1251,WC-13,2929,completed,17-04-2024
MO-5471,M-1010,WC-1,693,completed,14-11-2024
MO-5472,M-1202,WC-13,4610,released,09-04-2026
MO-5473,M-1166,WC-15,3581,open,27-07-2024
MO-5474,M-1194,WC-4,4620,COMPLETED,27-04-2026
MO-5475,M-1000,WC-13,2726,open,2026-09-23
MO-5476,M-1158,WC-4,438,released,28-02-2025
MO-5477,M-1059,WC-7,2263,OPEN,2026-04-07
MO-5478,M-1105,WC-5,886,completed,2026-09-25
MO-5479,M-1193,WC-13,138,OPEN,2024-05-10
MO-5480,M-1071,WC-10,2506,COMPLETED,2025-04-09
MO-5481,M-1129,WC-3,1363,RELEASED,21-09-2026
MO-5482,M-1214,WC-3,656,COMPLETED,05-01-2026
MO-5483,M-1251,WC-10,1147,completed,2025-02-09
MO-5484,M-1133,WC-13,3856,RELEASED,08/14/2026
MO-5485,M-1224,WC-11,2859,completed,11/01/2025
MO-5486,M-1285,WC-11,4138,completed,2026-09-10
MO-5487,M-1291,WC-7,4654,COMPLETED,10/14/2025
MO-5488,M-1160,WC-1,4513,OPEN,2025-07-20
MO-5489,M-1020,WC-5,595,open,09/18/2026
MO-5490,M-1104,WC-8,1617,open,2025-08-17
MO-5491,M-1230,WC-5,3995,open,10/06/2026
MO-5492,M-1141,WC-14,3917,open,07/17/2025
MO-5493,M-1015,WC-1,2901,COMPLETED,2024-05-13
MO-5494,M-1248,WC-7,2716,open,2024-05-11
MO-5495,M-1170,WC-2,297,open,2025-07-28
MO-5496,M-1050,WC-10,97,released,23-09-2024
MO-5497,M-1134,WC-4,2108,OPEN,10/10/2024
MO-5498,M-1107,WC-10,1584,OPEN,2025-08-13
MO-5499,M-1152,WC-2,4003,RELEASED,04/26/2024
MO-5500,M-1163,WC-12,4776,OPEN,06/04/2025
MO-5501,M-1277,WC-1,3531,OPEN,2024-02-17
MO-5502,M-1276,WC-9,4865,OPEN,05/14/2025
MO-5503,M-1227,WC-14,491,RELEASED,08/03/2025
MO-5504,M-1142,WC-9,3817,RELEASED,2026-08-01
MO-5505,M-1286,WC-13,2751,completed,2026-07-14
MO-5506,M-1202,WC-1,1221,RELEASED,08/13/2026
MO-5507,M-1205,WC-7,3286,RELEASED,2025-07-21
MO-5508,M-1217,WC-6,4504,completed,24-01-2024
MO-5509,M-1028,WC-2,3353,released,05-10-2024
MO-5510,M-1140,WC-11,1145,OPEN,2024-06-18
MO-5511,M-1165,WC-12,490,released,2025-06-25
MO-5512,M-1114,WC-11,1992,released,2025-08-07
MO-5513,M-1223,WC-4,1656,released,2024-09-08
MO-5514,M-1099,WC-9,4985,OPEN,07/11/2026
MO-5515,M-1263,WC-12,4445,OPEN,2026-01-11
MO-5516,M-1264,WC-14,3420,completed,2026-04-24
MO-5517,M-1211,WC-11,2935,COMPLETED,06/06/2025
MO-5518,M-1231,WC-10,3767,COMPLETED,03/12/2026
MO-5519,M-1123,WC-1,710,RELEASED,2026-12-14
MO-5520,M-1110,WC-1,3607,OPEN,2025-09-04
MO-5521,M-1122,WC-6,638,COMPLETED,02-06-2025
MO-5522,M-1184,WC-3,4554,open,2024-07-24
MO-5523,M-1266,WC-10,4521,RELEASED,2025-12-03
MO-5524,M-1232,WC-7,353,COMPLETED,27-08-2026
MO-5525,M-1234,WC-2,1392,released,12/16/2026
MO-5526,M-1207,WC-11,357,OPEN,2024-01-25
MO-5527,M-1232,WC-12,3406,COMPLETED,05/05/2024
MO-5528,M-1163,WC-12,1150,completed,25-07-2024
MO-5529,M-1140,WC-2,2305,OPEN,23-07-2025
MO-5530,M-1050,WC-6,2252,completed,2025-09-20
MO-5531,M-1017,WC-15,1010,OPEN,06/14/2026
MO-5532,M-1000,WC-13,1714,completed,2024-01-16
MO-5533,M-1052,WC-1,4013,OPEN,07/20/2025
MO-5534,M-1201,WC-12,4663,completed,2025-01-22
MO-5535,M-1161,WC-3,4269,open,2025-04-11
MO-5536,M-1205,WC-12,2925,released,11/26/2025
MO-5537,M-1149,WC-4,4308,completed,09/05/2025
MO-5538,M-1066,WC-5,1786,open,2026-01-28
MO-5539,M-1298,WC-4,2329,completed,2024-02-21
MO-5540,M-1215,WC-7,3103,COMPLETED,28-03-2025
MO-5541,M-1206,WC-6,3439,RELEASED,06-12-2024
MO-5542,M-1144,WC-13,1636,completed,2025-02-11
MO-5543,M-1144,WC-6,3690,open,15-12-2024
MO-5544,M-1165,WC-13,4992,COMPLETED,2025-07-23
MO-5545,M-1010,WC-15,1682,completed,09-01-2024
MO-5546,M-1237,WC-3,4990,OPEN,2025-02-28
MO-5547,M-1285,WC-11,3905,completed,18-01-2026
MO-5548,M-1202,WC-10,100,RELEASED,06-01-2026
MO-5549,M-1199,WC-11,1199,COMPLETED,11/10/2024
MO-5550,M-1240,WC-5,302,open,06/24/2026
MO-5551,M-1253,WC-4,2464,completed,2025-04-26
MO-5552,M-1113,WC-2,2340,open,2025-04-19
MO-5553,M-1044,WC-12,1118,released,2024-02-12
MO-5554,M-1200,WC-8,53,RELEASED,2026-03-01
MO-5555,M-1266,WC-2,3941,COMPLETED,04/13/2024
MO-5556,M-1236,WC-6,2408,released,2025-12-15
MO-5557,M-1235,WC-4,3185,released,01/17/2024
MO-5558,M-1200,WC-7,1318,released,14-02-2026
MO-5559,M-1097,WC-2,913,OPEN,2026-12-02
MO-5560,M-1134,WC-13,1306,RELEASED,2024-01-08
MO-5561,M-1158,WC-4,4103,completed,2024-11-09
MO-5562,M-1096,WC-9,4893,RELEASED,2026-06-27
MO-5563,M-1109,WC-14,4581,RELEASED,02/08/2026
MO-5564,M-1019,WC-7,3190,completed,07-08-2026
MO-5565,M-1066,WC-13,126,released,03/19/2025
MO-5566,M-1054,WC-4,1587,COMPLETED,2025-03-09
MO-5567,M-1290,WC-4,4713,COMPLETED,2024-04-28
MO-5568,M-1165,WC-1,2322,open,2025-05-18
MO-5569,M-1208,WC-1,3527,open,2024-11-21
MO-5570,M-1212,WC-13,1168,released,2025-09-02
MO-5571,M-1030,WC-6,324,OPEN,11/26/2024
MO-5572,M-1275,WC-2,2580,open,02/17/2025
MO-5573,M-1112,WC-4,1398,released,18-10-2026
MO-5574,M-1248,WC-9,4482,COMPLETED,2026-10-18
MO-5575,M-1101,WC-11,3193,RELEASED,2026-11-08
MO-5576,M-1102,WC-6,2777,released,28-01-2025
MO-5577,M-1167,WC-5,3462,completed,12/12/2026
MO-5578,M-1105,WC-14,4625,open,2025-08-26
MO-5579,M-1159,WC-15,2483,RELEASED,06-02-2026
MO-5580,M-1148,WC-10,3412,open,2025-01-06
MO-5581,M-1135,WC-8,4343,open,2024-01-06
MO-5582,M-1142,WC-3,299,RELEASED,10/05/2024
MO-5583,M-1133,WC-10,1763,completed,07/22/2026
MO-5584,M-1039,WC-6,4276,OPEN,04/19/2025
MO-5585,M-1242,WC-1,3268,RELEASED,06-01-2026
MO-5586,M-1175,WC-15,4683,COMPLETED,2025-06-14
MO-5587,M-1295,WC-8,3516,open,04/26/2025
MO-5588,M-1219,WC-5,4730,OPEN,03/03/2026
MO-5589,M-1266,WC-11,1431,completed,2025-02-14
MO-5590,M-1233,WC-11,2002,OPEN,2024-02-21
MO-5591,M-1231,WC-2,3791,RELEASED,2024-12-03
MO-5592,M-1205,WC-11,2412,open,26-10-2025
MO-5593,M-1258,WC-3,2114,released,2026-02-12
MO-5594,M-1195,WC-5,4269,completed,2024-04-01
MO-5595,M-1187,WC-8,3869,completed,2026-05-12
MO-5596,M-1146,WC-8,2953,OPEN,2024-01-20
MO-5597,M-1171,WC-11,680,OPEN,2026-10-18
MO-5598,M-1244,WC-14,1554,released,01/26/2025
MO-5599,M-1111,WC-2,301,released,12/02/2024
MO-5600,M-1023,WC-9,1248,OPEN,2026-07-16
MO-5601,M-1034,WC-10,4341,released,2026-07-12
MO-5602,M-1014,WC-13,1575,open,21-02-2025
MO-5603,M-1087,WC-15,3403,COMPLETED,04/09/2026
MO-5604,M-1254,WC-3,3200,COMPLETED,2024-04-26
MO-5605,M-1282,WC-9,4334,COMPLETED,03/15/2026
MO-5606,M-1165,WC-3,2149,COMPLETED,08/28/2026
MO-5607,M-1070,WC-4,890,released,23-01-2025
MO-5608,M-1281,WC-11,3674,open,2025-01-28
MO-5609,M-1187,WC-8,273,COMPLETED,05/27/2025
MO-5610,M-1184,WC-13,46,released,11-10-2026
MO-5611,M-1040,WC-2,4282,RELEASED,2024-02-20
MO-5612,M-1207,WC-9,2584,COMPLETED,27-09-2024
MO-5613,M-1111,WC-14,4239,OPEN,02/12/2025
MO-5614,M-1299,WC-12,4214,RELEASED,11/02/2025
MO-5615,M-1109,WC-1,631,OPEN,10/25/2026
MO-5616,M-1179,WC-5,334,COMPLETED,11-08-2025
MO-5617,M-1265,WC-8,169,COMPLETED,2025-12-17
MO-5618,M-1251,WC-1,2160,completed,2025-03-15
MO-5619,M-1010,WC-10,2762,OPEN,2024-08-16
MO-5620,M-1154,WC-15,1958,OPEN,10/12/2026
MO-5621,M-1060,WC-5,2523,COMPLETED,28-02-2026
MO-5622,M-1018,WC-1,3216,open,11-06-2026
MO-5623,M-1148,WC-5,1706,completed,08-05-2026
MO-5624,M-1251,WC-9,1196,OPEN,2026-01-05
MO-5625,M-1207,WC-7,2073,OPEN,2024-01-19
MO-5626,M-1086,WC-14,3609,RELEASED,2024-02-12
MO-5627,M-1258,WC-12,1223,RELEASED,2026-12-12
MO-5628,M-1133,WC-2,1016,completed,2025-09-28
MO-5629,M-1094,WC-8,509,released,05/17/2025
MO-5630,M-1299,WC-15,3393,COMPLETED,2024-10-16
MO-5631,M-1034,WC-11,407,COMPLETED,2026-04-26
MO-5632,M-1222,WC-12,3614,COMPLETED,07/02/2025
MO-5633,M-1177,WC-10,778,RELEASED,12/01/2026
MO-5634,M-1232,WC-12,3959,RELEASED,19-08-2025
MO-5635,M-1128,WC-1,1555,completed,2024-11-10
MO-5636,M-1247,WC-2,2560,completed,2025-01-06
MO-5637,M-1176,WC-9,1075,OPEN,2025-10-05
MO-5638,M-1194,WC-2,2746,released,2026-02-27
MO-5639,M-1269,WC-4,1118,COMPLETED,08/12/2026
MO-5640,M-1234,WC-2,357,completed,07/06/2024
MO-5641,M-1036,WC-5,3499,released,20-04-2024
MO-5642,M-1195,WC-15,4105,open,10/17/2024
MO-5643,M-1220,WC-5,83,open,05/18/2026
MO-5644,M-1159,WC-1,4986,released,2025-04-23
MO-5645,M-1242,WC-6,2738,open,2026-02-17
MO-5646,M-1192,WC-5,3427,COMPLETED,2025-12-24
MO-5647,M-1006,WC-6,3249,OPEN,26-02-2026
MO-5648,M-1253,WC-9,2710,released,2024-11-05
MO-5649,M-1210,WC-7,4092,OPEN,2024-10-05
MO-5650,M-1052,WC-1,341,open,05/27/2026
MO-5651,M-1010,WC-15,2415,released,2025-03-08
MO-5652,M-1221,WC-10,2867,completed,2026-05-16
MO-5653,M-1190,WC-11,2147,completed,2025-06-10
MO-5654,M-1131,WC-3,3216,COMPLETED,2025-03-21
MO-5655,M-1285,WC-11,391,COMPLETED,17-11-2025
MO-5656,M-1191,WC-4,3232,OPEN,06/08/2026
MO-5657,M-1226,WC-6,4467,COMPLETED,27-01-2024
MO-5658,M-1267,WC-11,3561,COMPLETED,05/10/2026
MO-5659,M-1044,WC-11,2921,released,2026-02-05
MO-5660,M-1032,WC-14,4226,completed,2024-11-15
MO-5661,M-1258,WC-13,3536,completed,2024-06-07
MO-5662,M-1231,WC-5,4865,completed,2024-06-14
MO-5663,M-1215,WC-12,882,open,2024-01-15
MO-5664,M-1013,WC-9,100,released,2026-02-20
MO-5665,M-1198,WC-15,4195,open,07/27/2024
MO-5666,M-1229,WC-3,3715,open,03-10-2025
MO-5667,M-1039,WC-1,3496,RELEASED,23-02-2024
MO-5668,M-1116,WC-12,3333,released,14-05-2024
MO-5669,M-1224,WC-9,982,RELEASED,12/09/2024
MO-5670,M-1042,WC-8,602,COMPLETED,2024-09-18
MO-5671,M-1048,WC-10,3690,COMPLETED,2026-10-24
MO-5672,M-1007,WC-14,483,OPEN,2024-12-03
MO-5673,M-1195,WC-8,2092,COMPLETED,06/21/2025
MO-5674,M-1159,WC-2,2793,COMPLETED,12-01-2026
MO-5675,M-1152,WC-12,1950,COMPLETED,04-09-2024
MO-5676,M-1119,WC-4,3438,completed,19-02-2025
MO-5677,M-1236,WC-4,4874,OPEN,2025-03-12
MO-5678,M-1144,WC-5,680,open,2024-04-10
MO-5679,M-1218,WC-6,2853,RELEASED,12/09/2025
MO-5680,M-1074,WC-5,2700,COMPLETED,25-12-2026
MO-5681,M-1185,WC-10,2565,OPEN,15-05-2026
MO-5682,M-1128,WC-13,1855,RELEASED,2026-12-24
MO-5683,M-1036,WC-12,906,OPEN,2026-02-23
MO-5684,M-1168,WC-5,3125,COMPLETED,15-05-2025
MO-5685,M-1280,WC-2,1652,OPEN,27-05-2025
MO-5686,M-1160,WC-12,1093,completed,01/06/2026
MO-5687,M-1204,WC-12,518,released,12/08/2024
MO-5688,M-1172,WC-10,3409,OPEN,2024-08-18
MO-5689,M-1284,WC-8,1951,OPEN,12/20/2025
MO-5690,M-1026,WC-12,1554,open,06/01/2024
MO-5691,M-1090,WC-5,2504,open,06/11/2025
MO-5692,M-1231,WC-6,84,released,2025-03-21
MO-5693,M-1120,WC-14,3295,released,12-01-2025
MO-5694,M-1024,WC-12,4359,RELEASED,11/06/2026
MO-5695,M-1102,WC-15,2058,completed,20-09-2025
MO-5696,M-1041,WC-14,1966,RELEASED,2025-11-24
MO-5697,M-1092,WC-6,4705,completed,2025-01-12
MO-5698,M-1028,WC-6,756,OPEN,09-11-2026
MO-5699,M-1163,WC-2,2429,released,13-10-2024
MO-5700,M-1268,WC-3,2314,open,13-10-2025
MO-5701,M-1073,WC-8,4915,released,17-07-2025
MO-5702,M-1002,WC-1,1303,OPEN,09/19/2025
MO-5703,M-1000,WC-5,3611,completed,2024-06-02
MO-5704,M-1067,WC-11,1478,open,2026-11-15
MO-5705,M-1079,WC-9,1616,open,2024-02-26
MO-5706,M-1122,WC-8,2748,RELEASED,2024-06-24
MO-5707,M-1034,WC-1,61,completed,2024-04-01
MO-5708,M-1266,WC-2,352,completed,07/09/2024
MO-5709,M-1120,WC-8,1721,COMPLETED,07/18/2026
MO-5710,M-1288,WC-1,2607,released,01/04/2026
MO-5711,M-1182,WC-5,4307,completed,03-10-2024
MO-5712,M-1026,WC-3,799,released,2026-12-17
MO-5713,M-1186,WC-8,979,open,10/14/2025
MO-5714,M-1274,WC-9,936,open,2026-08-15
MO-5715,M-1144,WC-4,3420,completed,06/21/2024
MO-5716,M-1037,WC-12,2005,RELEASED,28-02-2026
MO-5717,M-1235,WC-4,4438,RELEASED,2025-10-21
MO-5718,M-1155,WC-14,1030,released,2026-09-23
MO-5719,M-1265,WC-10,1890,RELEASED,03-02-2026
MO-5720,M-1278,WC-8,3874,open,2025-08-19
MO-5721,M-1115,WC-9,64,RELEASED,08/26/2025
MO-5722,M-1220,WC-3,48,completed,19-06-2024
MO-5723,M-1183,WC-11,4613,open,2024-07-13
MO-5724,M-1082,WC-9,2945,open,10/16/2026
MO-5725,M-1126,WC-5,1521,completed,2024-09-15
MO-5726,M-1262,WC-5,3008,released,2025-11-17
MO-5727,M-1230,WC-13,584,completed,2026-05-28
MO-5728,M-1248,WC-7,369,open,2025-05-03
MO-5729,M-1175,WC-10,406,COMPLETED,2026-07-07
MO-5730,M-1047,WC-10,3331,OPEN,2026-06-25
MO-5731,M-1216,WC-8,2374,released,09/27/2025
MO-5732,M-1126,WC-8,4659,completed,2025-04-14
MO-5733,M-1295,WC-7,3715,open,17-04-2026
MO-5734,M-1009,WC-8,2369,RELEASED,10/18/2024
MO-5735,M-1202,WC-2,2626,COMPLETED,04/10/2026
MO-5736,M-1058,WC-14,3643,RELEASED,24-12-2025
MO-5737,M-1209,WC-9,2920,RELEASED,2024-06-03
MO-5738,M-1142,WC-8,874,open,13-01-2026
MO-5739,M-1019,WC-3,3496,COMPLETED,2026-02-25
MO-5740,M-1262,WC-14,3472,open,03-02-2025
MO-5741,M-1256,WC-10,1594,open,2024-04-24
MO-5742,M-1006,WC-4,4464,open,05-05-2024
MO-5743,M-1271,WC-9,160,COMPLETED,05/06/2025
MO-5744,M-1171,WC-10,4975,RELEASED,2025-08-04
MO-5745,M-1104,WC-3,4319,OPEN,01/15/2026
MO-5746,M-1190,WC-10,3574,OPEN,01/03/2025
MO-5747,M-1049,WC-5,4477,released,19-10-2024
MO-5748,M-1079,WC-8,3132,OPEN,06/11/2024
MO-5749,M-1037,WC-13,319,RELEASED,07/28/2025
MO-5750,M-1186,WC-11,893,COMPLETED,02/12/2024
MO-5751,M-1096,WC-11,1418,RELEASED,03/27/2024
MO-5752,M-1120,WC-12,753,COMPLETED,2024-07-05
MO-5753,M-1001,WC-13,1470,released,2025-02-04
MO-5754,M-1168,WC-11,3978,open,2024-06-21
MO-5755,M-1060,WC-12,1715,open,2025-09-04
MO-5756,M-1276,WC-2,48,OPEN,03/09/2026
MO-5757,M-1069,WC-6,2731,released,2026-02-03
MO-5758,M-1170,WC-3,235,COMPLETED,28-10-2024
MO-5759,M-1147,WC-13,3822,OPEN,2025-06-22
MO-5760,M-1236,WC-13,4512,open,27-01-2026
MO-5761,M-1171,WC-4,1386,COMPLETED,11-12-2025
MO-5762,M-1187,WC-8,3522,OPEN,05-11-2025
MO-5763,M-1084,WC-13,4003,OPEN,2025-10-26
MO-5764,M-1024,WC-6,522,OPEN,10/25/2024
MO-5765,M-1191,WC-12,4947,released,18-11-2026
MO-5766,M-1032,WC-9,3909,COMPLETED,02/05/2024
MO-5767,M-1187,WC-10,3488,COMPLETED,2025-07-05
MO-5768,M-1163,WC-7,1704,RELEASED,04/09/2026
MO-5769,M-1012,WC-1,4262,released,2026-07-23
MO-5770,M-1136,WC-14,705,OPEN,09/12/2025
MO-5771,M-1046,WC-12,4789,COMPLETED,2026-06-25
MO-5772,M-1172,WC-14,622,OPEN,12-02-2024
MO-5773,M-1267,WC-13,90,open,2026-11-27
MO-5774,M-1228,WC-2,1736,RELEASED,2026-11-23
MO-5775,M-1004,WC-8,1026,open,2025-02-02
MO-5776,M-1099,WC-9,3065,open,2026-07-13
MO-5777,M-1065,WC-13,2850,RELEASED,2026-03-07
MO-5778,M-1277,WC-7,4683,open,2025-11-23
MO-5779,M-1226,WC-8,546,COMPLETED,2025-06-18
MO-5780,M-1254,WC-5,2572,RELEASED,2025-01-22
MO-5781,M-1185,WC-7,2841,OPEN,2024-06-20
MO-5782,M-1220,WC-13,1919,open,01/22/2026
MO-5783,M-1133,WC-5,350,completed,06/20/2025
MO-5784,M-1002,WC-8,1429,completed,2024-08-26
MO-5785,M-1126,WC-15,4050,COMPLETED,12/10/2026
MO-5786,M-1093,WC-15,2370,released,11-04-2025
MO-5787,M-1112,WC-10,2391,COMPLETED,12/26/2026
MO-5788,M-1137,WC-14,2993,released,10/02/2026
MO-5789,M-1221,WC-1,3128,completed,02/21/2024
MO-5790,M-1210,WC-10,4982,RELEASED,2024-03-06
MO-5791,M-1247,WC-2,2918,OPEN,2024-08-15
MO-5792,M-1224,WC-7,1993,open,10-06-2025
MO-5793,M-1052,WC-13,758,released,2024-02-03
MO-5794,M-1221,WC-11,1976,OPEN,2025-12-24
MO-5795,M-1069,WC-11,2387,released,06/20/2024
MO-5796,M-1070,WC-2,703,COMPLETED,2025-01-27
MO-5797,M-1278,WC-3,4823,RELEASED,2025-03-16
MO-5798,M-1152,WC-15,202,open,2026-01-04
MO-5799,M-1083,WC-11,2743,COMPLETED,03-04-2025
MO-5800,M-1175,WC-6,2989,COMPLETED,2025-01-24
MO-5801,M-1095,WC-3,1699,COMPLETED,06/12/2024
MO-5802,M-1275,WC-6,748,RELEASED,2025-07-05
MO-5803,M-1287,WC-8,4753,released,2026-05-04
MO-5804,M-1096,WC-4,900,completed,04-04-2026
MO-5805,M-1153,WC-13,4664,COMPLETED,2025-01-19
MO-5806,M-1199,WC-10,3133,OPEN,2024-08-04
MO-5807,M-1011,WC-1,4913,RELEASED,2026-09-25
MO-5808,M-1078,WC-9,2684,RELEASED,2025-04-18
MO-5809,M-1033,WC-10,3004,open,2024-10-22
MO-5810,M-1142,WC-3,1593,released,2024-12-13
MO-5811,M-1237,WC-2,2178,RELEASED,08-07-2026
MO-5812,M-1297,WC-15,4026,OPEN,07/03/2024
MO-5813,M-1119,WC-2,4269,RELEASED,2026-10-26
MO-5814,M-1039,WC-10,2890,RELEASED,04-05-2024
MO-5815,M-1038,WC-10,3127,completed,03/07/2024
MO-5816,M-1037,WC-2,267,RELEASED,08/21/2026
MO-5817,M-1224,WC-12,1215,OPEN,06/11/2025
MO-5818,M-1038,WC-10,3635,OPEN,2024-10-19
MO-5819,M-1033,WC-9,3622,released,11/21/2024
MO-5820,M-1131,WC-4,672,completed,07/05/2025
MO-5821,M-1010,WC-13,3854,RELEASED,01/27/2025
MO-5822,M-1062,WC-15,493,completed,18-02-2026
MO-5823,M-1112,WC-10,3949,completed,06/15/2025
MO-5824,M-1090,WC-12,3815,RELEASED,10/18/2026
MO-5825,M-1072,WC-3,700,open,03/02/2026
MO-5826,M-1240,WC-2,4227,OPEN,19-04-2024
MO-5827,M-1056,WC-2,2526,completed,2024-07-15
MO-5828,M-1148,WC-10,3068,completed,07-05-2024
MO-5829,M-1001,WC-11,2142,completed,2026-05-14
MO-5830,M-1026,WC-12,2246,RELEASED,05/20/2025
MO-5831,M-1045,WC-15,643,open,01/16/2024
MO-5832,M-1225,WC-10,3866,completed,08/09/2026
MO-5833,M-1237,WC-13,4415,OPEN,26-12-2026
MO-5834,M-1171,WC-13,2498,RELEASED,10-12-2024
MO-5835,M-1106,WC-1,806,RELEASED,2024-08-08
MO-5836,M-1161,WC-11,927,released,2025-11-05
MO-5837,M-1253,WC-13,914,OPEN,01-09-2026
MO-5838,M-1097,WC-4,1760,OPEN,2026-03-13
MO-5839,M-1108,WC-5,3240,released,2026-10-05
MO-5840,M-1223,WC-10,915,OPEN,2025-04-02
MO-5841,M-1293,WC-5,4568,open,08/27/2024
MO-5842,M-1278,WC-13,1333,released,07/05/2024
MO-5843,M-1041,WC-10,418,open,2024-12-05
MO-5844,M-1265,WC-4,36,completed,13-10-2025
MO-5845,M-1015,WC-4,4659,COMPLETED,09/22/2024
MO-5846,M-1000,WC-12,3481,RELEASED,2024-04-12
MO-5847,M-1255,WC-15,928,completed,06/08/2025
MO-5848,M-1082,WC-13,165,open,09/09/2026
MO-5849,M-1255,WC-13,4156,open,05/26/2025
MO-5850,M-1136,WC-8,4526,RELEASED,2025-07-17
MO-5851,M-1058,WC-10,2620,RELEASED,2024-04-25
MO-5852,M-1022,WC-6,3885,released,18-08-2026
MO-5853,M-1169,WC-6,3688,released,2025-06-17
MO-5854,M-1282,WC-8,3127,completed,2026-10-05
MO-5855,M-1045,WC-6,1409,RELEASED,01/15/2026
MO-5856,M-1043,WC-13,2530,RELEASED,2024-12-24
MO-5857,M-1230,WC-4,2240,OPEN,2026-11-04
MO-5858,M-1021,WC-1,1298,COMPLETED,2025-11-19
MO-5859,M-1158,WC-4,3728,COMPLETED,08-11-2024
MO-5860,M-1111,WC-12,3687,open,08/28/2025
MO-5861,M-1102,WC-4,4132,RELEASED,11-05-2024
MO-5862,M-1064,WC-8,1453,open,14-02-2025
MO-5863,M-1037,WC-7,1674,completed,2024-02-09
MO-5864,M-1278,WC-13,4085,completed,2025-07-09
MO-5865,M-1132,WC-2,3614,RELEASED,03/27/2026
MO-5866,M-1156,WC-15,4175,released,2024-12-13
MO-5867,M-1241,WC-11,4386,released,2024-07-13
MO-5868,M-1111,WC-11,2704,completed,24-11-2025
MO-5869,M-1179,WC-1,1570,COMPLETED,09-07-2024
MO-5870,M-1275,WC-5,2840,completed,16-10-2024
MO-5871,M-1205,WC-8,3281,COMPLETED,2024-03-28
MO-5872,M-1203,WC-5,3209,OPEN,06-01-2026
MO-5873,M-1088,WC-3,3181,open,2025-01-14
MO-5874,M-1061,WC-9,2065,OPEN,2024-04-09
MO-5875,M-1271,WC-7,4143,COMPLETED,12/13/2025
MO-5876,M-1203,WC-13,2264,released,08/07/2024
MO-5877,M-1201,WC-5,3629,released,2024-12-02
MO-5878,M-1259,WC-4,2059,COMPLETED,2025-07-23
MO-5879,M-1228,WC-3,4393,OPEN,2026-04-04
MO-5880,M-1221,WC-9,1982,RELEASED,2025-05-04
MO-5881,M-1027,WC-11,162,released,26-02-2025
MO-5882,M-1148,WC-4,978,released,2025-11-14
MO-5883,M-1248,WC-6,2295,completed,2024-06-16
MO-5884,M-1138,WC-11,642,open,2024-05-07
MO-5885,M-1009,WC-5,4088,completed,2024-04-21
MO-5886,M-1054,WC-15,4175,completed,2026-10-28
MO-5887,M-1073,WC-5,1228,RELEASED,2024-07-01
MO-5888,M-1119,WC-9,2974,open,2025-05-21
MO-5889,M-1118,WC-7,4360,open,2024-05-11
MO-5890,M-1006,WC-13,3303,OPEN,2025-07-24
MO-5891,M-1020,WC-12,1345,released,2025-07-20
MO-5892,M-1065,WC-15,1772,OPEN,2025-04-25
MO-5893,M-1265,WC-3,1266,OPEN,07/17/2026
MO-5894,M-1111,WC-14,4733,open,11-04-2026
MO-5895,M-1155,WC-13,309,open,15-02-2024
MO-5896,M-1029,WC-13,1610,COMPLETED,2026-06-18
MO-5897,M-1016,WC-12,2381,open,10/24/2024
MO-5898,M-1035,WC-6,3630,COMPLETED,06/05/2024
MO-5899,M-1069,WC-7,893,RELEASED,05-11-2026
MO-5900,M-1012,WC-7,3124,OPEN,2025-11-27
MO-5901,M-1071,WC-8,4454,OPEN,2024-08-20
MO-5902,M-1149,WC-2,1705,OPEN,09/15/2025
MO-5903,M-1095,WC-13,1893,COMPLETED,2024-11-24
MO-5904,M-1026,WC-1,3416,OPEN,20-09-2024
MO-5905,M-1046,WC-8,1884,RELEASED,19-03-2026
MO-5906,M-1078,WC-15,2534,RELEASED,2025-01-01
MO-5907,M-1225,WC-14,3424,completed,2025-06-10
MO-5908,M-1238,WC-7,4144,open,2025-12-17
MO-5909,M-1118,WC-10,3404,RELEASED,2026-10-05
MO-5910,M-1194,WC-15,4435,COMPLETED,23-12-2026
MO-5911,M-1238,WC-4,4244,completed,09/09/2025
MO-5912,M-1070,WC-5,3400,OPEN,22-07-2026
MO-5913,M-1217,WC-1,3951,RELEASED,2025-03-06
MO-5914,M-1073,WC-14,4736,open,2026-07-09
MO-5915,M-1170,WC-14,3638,completed,08/27/2026
MO-5916,M-1237,WC-3,3049,completed,2025-02-07
MO-5917,M-1195,WC-13,4669,completed,03/17/2025
MO-5918,M-1126,WC-9,3100,open,2026-12-10
MO-5919,M-1086,WC-8,4571,released,2025-12-10
MO-5920,M-1287,WC-11,1510,released,01/24/2026
MO-5921,M-1205,WC-10,1944,open,2026-05-06
MO-5922,M-1233,WC-10,1065,COMPLETED,2024-01-16
MO-5923,M-1010,WC-14,3175,completed,08-09-2025
MO-5924,M-1226,WC-14,4574,released,11/06/2024
MO-5925,M-1255,WC-9,176,OPEN,07/15/2024
MO-5926,M-1007,WC-9,3228,OPEN,19-05-2026
MO-5927,M-1209,WC-15,4361,OPEN,09/08/2025
MO-5928,M-1101,WC-5,4425,completed,2025-04-19
MO-5929,M-1173,WC-14,106,COMPLETED,2024-04-11
MO-5930,M-1188,WC-11,4580,RELEASED,2025-07-02
MO-5931,M-1265,WC-13,2329,released,2025-07-25
MO-5932,M-1234,WC-4,2526,RELEASED,22-04-2025
MO-5933,M-1064,WC-8,3077,RELEASED,2025-06-02
MO-5934,M-1098,WC-12,4068,COMPLETED,11-02-2025
MO-5935,M-1038,WC-9,430,completed,2024-12-10
MO-5936,M-1157,WC-5,4870,OPEN,2026-05-26
MO-5937,M-1256,WC-5,2827,OPEN,08/02/2025
MO-5938,M-1151,WC-1,729,completed,16-03-2026
MO-5939,M-1113,WC-3,4257,completed,11-04-2024
MO-5940,M-1213,WC-7,4261,COMPLETED,2024-03-24
MO-5941,M-1118,WC-8,864,completed,2025-04-06
MO-5942,M-1210,WC-9,342,released,2024-12-02
MO-5943,M-1040,WC-8,4218,COMPLETED,08/05/2026
MO-5944,M-1279,WC-2,418,released,11-03-2025
MO-5945,M-1178,WC-3,2112,OPEN,2026-11-08
MO-5946,M-1069,WC-3,4098,COMPLETED,2026-04-01
MO-5947,M-1024,WC-1,2630,RELEASED,2026-11-04
MO-5948,M-1138,WC-2,3900,OPEN,12/07/2025
MO-5949,M-1030,WC-9,398,COMPLETED,2024-04-02
MO-5950,M-1043,WC-1,4181,COMPLETED,2026-12-12
MO-5951,M-1144,WC-6,2007,RELEASED,2024-08-07
MO-5952,M-1237,WC-15,945,open,28-11-2024
MO-5953,M-1104,WC-11,1230,COMPLETED,10/19/2026
MO-5954,M-1139,WC-11,1596,open,01/27/2024
MO-5955,M-1239,WC-10,172,completed,21-04-2026
MO-5956,M-1150,WC-13,3493,OPEN,28-05-2026
MO-5957,M-1040,WC-5,3668,released,09/13/2026
MO-5958,M-1117,WC-3,4264,open,27-11-2025
MO-5959,M-1004,WC-6,3816,COMPLETED,06/07/2025
MO-5960,M-1011,WC-4,3712,COMPLETED,24-04-2026
MO-5961,M-1115,WC-11,2036,COMPLETED,2026-11-11
MO-5962,M-1074,WC-11,3170,COMPLETED,2025-10-05
MO-5963,M-1237,WC-9,791,COMPLETED,2025-04-14
MO-5964,M-1080,WC-7,901,COMPLETED,2026-10-28
MO-5965,M-1234,WC-7,3542,open,01-12-2026
MO-5966,M-1154,WC-14,1268,COMPLETED,2026-12-05
MO-5967,M-1271,WC-10,3801,completed,09/11/2024
MO-5968,M-1045,WC-10,3952,COMPLETED,12/10/2025
MO-5969,M-1298,WC-5,2027,COMPLETED,2026-11-15
MO-5970,M-1208,WC-1,3932,OPEN,2025-06-18
MO-5971,M-1026,WC-8,137,open,07/28/2026
MO-5972,M-1119,WC-5,246,completed,2024-05-18
MO-5973,M-1043,WC-6,1993,open,2024-04-17
MO-5974,M-1296,WC-10,3532,COMPLETED,2024-10-24
MO-5975,M-1043,WC-12,271,OPEN,2024-10-19
MO-5976,M-1252,WC-7,2774,open,09-12-2025
MO-5977,M-1184,WC-12,622,COMPLETED,01/26/2025
MO-5978,M-1226,WC-3,1118,released,2024-10-28
MO-5979,M-1200,WC-11,1730,COMPLETED,02/10/2024
MO-5980,M-1173,WC-7,2474,released,22-10-2025
MO-5981,M-1034,WC-13,3304,COMPLETED,08/10/2026
MO-5982,M-1031,WC-6,617,OPEN,2025-12-12
MO-5983,M-1235,WC-3,375,RELEASED,2026-06-21
MO-5984,M-1209,WC-5,4852,OPEN,2026-09-20
MO-5985,M-1048,WC-9,792,released,12/21/2025
MO-5986,M-1034,WC-6,2527,released,2024-01-20
MO-5987,M-1063,WC-1,4210,RELEASED,2026-04-25
MO-5988,M-1154,WC-4,834,RELEASED,21-11-2024
MO-5989,M-1100,WC-11,1026,COMPLETED,05/28/2024
MO-5990,M-1113,WC-12,427,open,09/28/2025
MO-5991,M-1141,WC-1,4608,COMPLETED,2026-05-06
MO-5992,M-1032,WC-1,3480,COMPLETED,08-07-2026
MO-5993,M-1133,WC-3,1004,OPEN,2025-04-09
MO-5994,M-1102,WC-14,1270,released,2024-12-11
MO-5995,M-1187,WC-5,4996,completed,2024-07-05
MO-5996,M-1172,WC-13,4308,completed,2024-05-28
MO-5997,M-1109,WC-2,4359,open,13-05-2026
MO-5998,M-1022,WC-8,1978,released,2024-12-09
MO-5999,M-1038,WC-11,486,COMPLETED,2025-10-02
MO-6000,M-1280,WC-12,1143,OPEN,2025-04-18
MO-6001,M-1258,WC-1,3769,RELEASED,2025-12-16
MO-6002,M-1069,WC-14,168,completed,14-03-2024
MO-6003,M-1011,WC-4,2625,open,03/23/2026
MO-6004,M-1210,WC-14,985,OPEN,10/01/2025
MO-6005,M-1038,WC-7,918,OPEN,19-03-2026
MO-6006,M-1253,WC-2,465,RELEASED,21-06-2024
MO-6007,M-1225,WC-5,518,OPEN,12/27/2026
MO-6008,M-1036,WC-2,118,open,2025-11-08
MO-6009,M-1005,WC-15,3159,released,04/16/2024
MO-6010,M-1229,WC-14,3403,RELEASED,22-04-2025
MO-6011,M-1051,WC-12,2565,OPEN,08/03/2024
MO-6012,M-1041,WC-10,1189,open,2024-08-08
MO-6013,M-1060,WC-8,2382,COMPLETED,2025-07-15
MO-6014,M-1277,WC-7,3404,completed,2024-08-14
MO-6015,M-1104,WC-9,4668,released,2024-03-23
MO-6016,M-1095,WC-10,2619,RELEASED,2024-05-12
MO-6017,M-1171,WC-4,2767,open,10-09-2026
MO-6018,M-1077,WC-2,3964,OPEN,2026-01-04
MO-6019,M-1117,WC-2,567,completed,2026-04-21
MO-6020,M-1109,WC-15,3699,released,21-01-2024
MO-6021,M-1244,WC-1,4788,completed,2024-04-12
MO-6022,M-1233,WC-4,537,open,2026-10-28
MO-6023,M-1239,WC-3,4526,COMPLETED,2026-06-09
MO-6024,M-1161,WC-5,4957,completed,2024-12-20
MO-6025,M-1240,WC-10,3253,OPEN,2026-11-09
MO-6026,M-1116,WC-3,4099,released,12/07/2024
MO-6027,M-1255,WC-7,1609,completed,2026-09-20
MO-6028,M-1007,WC-3,2836,OPEN,2024-11-17
MO-6029,M-1002,WC-10,4627,open,15-06-2024
MO-6030,M-1279,WC-11,1032,COMPLETED,2024-08-28
MO-6031,M-1097,WC-1,1786,COMPLETED,2026-09-18
MO-6032,M-1135,WC-3,3062,completed,2025-09-26
MO-6033,M-1151,WC-13,3737,released,02/17/2025
MO-6034,M-1016,WC-13,4803,COMPLETED,2024-12-21
MO-6035,M-1212,WC-5,4568,released,04/12/2026
MO-6036,M-1062,WC-12,4503,RELEASED,11-02-2025
MO-6037,M-1029,WC-12,4159,COMPLETED,01/16/2026
MO-6038,M-1294,WC-12,4111,released,18-05-2025
MO-6039,M-1037,WC-3,2444,COMPLETED,2026-07-07
MO-6040,M-1148,WC-3,3733,COMPLETED,2025-04-28
MO-6041,M-1209,WC-14,3025,open,2025-06-02
MO-6042,M-1034,WC-4,3609,released,06/21/2026
MO-6043,M-1100,WC-8,4459,open,2024-07-06
MO-6044,M-1054,WC-7,4588,RELEASED,2024-10-17
MO-6045,M-1246,WC-3,3132,open,2024-01-02
MO-6046,M-1115,WC-3,1832,OPEN,2026-10-11
MO-6047,M-1115,WC-12,1043,released,03/02/2025
MO-6048,M-1186,WC-8,2935,OPEN,2024-08-25
MO-6049,M-1150,WC-5,4447,OPEN,2026-06-19
MO-6050,M-1015,WC-15,735,COMPLETED,26-07-2026
MO-6051,M-1240,WC-14,2603,RELEASED,06/15/2025
MO-6052,M-1267,WC-13,3992,released,2025-12-21
MO-6053,M-1124,WC-15,3102,RELEASED,05/09/2026
MO-6054,M-1230,WC-10,4682,open,10/15/2025
MO-6055,M-1006,WC-8,4450,OPEN,05/28/2026
MO-6056,M-1084,WC-13,4038,released,06-10-2026
MO-6057,M-1192,WC-2,1607,RELEASED,2024-11-24
MO-6058,M-1016,WC-9,1519,OPEN,03/22/2024
MO-6059,M-1025,WC-3,4655,completed,2026-01-14
MO-6060,M-1298,WC-13,3151,completed,08/16/2024
MO-6061,M-1027,WC-3,4790,released,05/13/2024
MO-6062,M-1071,WC-7,3014,RELEASED,2024-05-15
MO-6063,M-1290,WC-4,4566,COMPLETED,05/07/2025
MO-6064,M-1168,WC-13,4663,COMPLETED,2026-12-12
MO-6065,M-1243,WC-13,362,released,11-06-2026
MO-6066,M-1132,WC-2,2038,open,10/27/2025
MO-6067,M-1131,WC-11,3769,completed,28-02-2025
MO-6068,M-1101,WC-3,2323,RELEASED,08/15/2025
MO-6069,M-1241,WC-8,3416,OPEN,2025-11-22
MO-6070,M-1209,WC-6,1009,completed,14-07-2024
MO-6071,M-1113,WC-10,527,COMPLETED,2026-02-07
MO-6072,M-1214,WC-7,718,OPEN,2026-01-17
MO-6073,M-1131,WC-2,702,released,2025-12-23
MO-6074,M-1195,WC-15,1132,released,06-07-2025
MO-6075,M-1155,WC-8,2639,completed,2024-07-25
MO-6076,M-1017,WC-13,4600,COMPLETED,2024-04-01
MO-6077,M-1287,WC-14,340,open,2025-05-27
MO-6078,M-1232,WC-9,3156,OPEN,02/21/2024
MO-6079,M-1175,WC-12,2275,COMPLETED,07/15/2026
MO-6080,M-1088,WC-11,3855,released,12/26/2024
MO-6081,M-1112,WC-1,245,RELEASED,2025-11-10
MO-6082,M-1053,WC-1,2081,COMPLETED,03/19/2025
MO-6083,M-1175,WC-4,3675,RELEASED,2026-10-02
MO-6084,M-1064,WC-2,4247,OPEN,2026-10-01
MO-6085,M-1034,WC-11,781,RELEASED,10/15/2025
MO-6086,M-1273,WC-8,4658,OPEN,15-03-2026
MO-6087,M-1171,WC-11,375,completed,10/17/2025
MO-6088,M-1262,WC-11,335,open,01/21/2026
MO-6089,M-1254,WC-7,4097,open,2024-06-03
MO-6090,M-1264,WC-2,3381,COMPLETED,2025-08-04
MO-6091,M-1170,WC-15,3578,COMPLETED,01-09-2026
MO-6092,M-1280,WC-10,567,open,23-10-2025
MO-6093,M-1252,WC-9,1199,open,2026-08-19
MO-6094,M-1171,WC-13,3833,released,2024-08-26
MO-6095,M-1240,WC-6,224,released,26-01-2025
MO-6096,M-1127,WC-10,4228,open,2026-02-21
MO-6097,M-1169,WC-1,4764,released,09/19/2024
MO-6098,M-1071,WC-10,4213,open,08/20/2026
MO-6099,M-1104,WC-14,2940,completed,07/24/2025
MO-6100,M-1276,WC-1,1038,completed,08/24/2025
MO-6101,M-1170,WC-15,4389,released,2025-05-03
MO-6102,M-1250,WC-10,2848,completed,08/09/2024
MO-6103,M-1207,WC-2,4456,OPEN,2026-03-10
MO-6104,M-1105,WC-9,2426,completed,02/07/2026
MO-6105,M-1209,WC-2,41,OPEN,25-01-2025
MO-6106,M-1170,WC-13,470,COMPLETED,12/07/2025
MO-6107,M-1062,WC-4,2480,COMPLETED,2025-11-16
MO-6108,M-1112,WC-7,1374,completed,2025-09-13
MO-6109,M-1237,WC-6,945,RELEASED,01/11/2024
MO-6110,M-1224,WC-11,3962,released,2025-12-11
MO-6111,M-1060,WC-7,211,completed,05/18/2024
MO-6112,M-1006,WC-10,2561,open,2024-06-18
MO-6113,M-1169,WC-9,1046,open,2025-08-04
MO-6114,M-1032,WC-3,1442,OPEN,08/10/2026
MO-6115,M-1002,WC-15,3900,open,11/11/2025
MO-6116,M-1274,WC-10,2423,OPEN,09/03/2024
MO-6117,M-1121,WC-2,4816,open,2025-09-14
MO-6118,M-1220,WC-4,4976,completed,06/28/2025
MO-6119,M-1204,WC-10,1495,RELEASED,12/03/2025
MO-6120,M-1022,WC-6,1246,RELEASED,2025-04-26
MO-6121,M-1094,WC-10,2251,completed,10-10-2026
MO-6122,M-1226,WC-5,2875,RELEASED,2025-06-03
MO-6123,M-1099,WC-12,3631,open,2026-11-07
MO-6124,M-1000,WC-6,2269,RELEASED,2026-07-12
MO-6125,M-1130,WC-8,3824,completed,2024-01-17
MO-6126,M-1148,WC-15,3812,open,12-03-2024
MO-6127,M-1131,WC-10,1066,RELEASED,2024-01-06
MO-6128,M-1243,WC-6,3039,completed,2025-09-28
MO-6129,M-1243,WC-11,740,OPEN,2024-02-14
MO-6130,M-1156,WC-9,1976,RELEASED,05/17/2025
MO-6131,M-1137,WC-7,4561,COMPLETED,2026-02-24
MO-6132,M-1190,WC-3,3743,open,2024-11-28
MO-6133,M-1177,WC-12,2149,OPEN,12-08-2024
MO-6134,M-1001,WC-15,3444,RELEASED,2025-10-01
MO-6135,M-1084,WC-11,1414,OPEN,2026-09-23
MO-6136,M-1210,WC-10,384,completed,10/03/2024
MO-6137,M-1099,WC-2,4363,OPEN,2026-08-14
MO-6138,M-1099,WC-6,493,completed,2026-06-12
MO-6139,M-1093,WC-5,2410,OPEN,07/22/2026
MO-6140,M-1197,WC-4,14,OPEN,2026-07-23
MO-6141,M-1247,WC-9,2927,completed,2026-01-03
MO-6142,M-1200,WC-1,2851,completed,2024-10-25
MO-6143,M-1221,WC-14,1343,OPEN,2025-04-06
MO-6144,M-1207,WC-11,2144,open,2026-08-26
MO-6145,M-1259,WC-13,2777,released,2026-04-21
MO-6146,M-1144,WC-6,4478,released,2026-10-14
MO-6147,M-1103,WC-2,2676,released,2024-06-14
MO-6148,M-1021,WC-13,1727,COMPLETED,01-09-2025
MO-6149,M-1257,WC-5,2161,released,04/15/2024
MO-6150,M-1258,WC-15,1909,completed,2024-06-27
MO-6151,M-1030,WC-3,1197,COMPLETED,08/22/2024
MO-6152,M-1071,WC-6,2797,COMPLETED,17-04-2026
MO-6153,M-1273,WC-5,2670,RELEASED,16-10-2025
MO-6154,M-1092,WC-13,3056,RELEASED,2024-06-23
MO-6155,M-1247,WC-1,3322,RELEASED,2025-09-10
MO-6156,M-1077,WC-12,3829,RELEASED,2025-12-04
MO-6157,M-1233,WC-2,2021,COMPLETED,05-02-2026
MO-6158,M-1219,WC-9,283,released,2025-05-02
MO-6159,M-1215,WC-4,2988,RELEASED,2026-04-07
MO-6160,M-1246,WC-13,3988,open,2025-11-03
MO-6161,M-1168,WC-6,1736,released,2024-03-07
MO-6162,M-1009,WC-5,2313,RELEASED,2026-02-02
MO-6163,M-1088,WC-1,3964,RELEASED,11/15/2026
MO-6164,M-1016,WC-15,2985,RELEASED,06/08/2025
MO-6165,M-1185,WC-7,3844,released,2024-09-01
MO-6166,M-1297,WC-8,1100,COMPLETED,2026-09-03
MO-6167,M-1179,WC-13,1737,released,2025-09-11
MO-6168,M-1239,WC-6,1934,completed,2024-03-08
MO-6169,M-1038,WC-3,4640,released,04/15/2026
MO-6170,M-1282,WC-10,1093,released,06-09-2025
MO-6171,M-1083,WC-2,2552,OPEN,08-07-2025
MO-6172,M-1174,WC-12,4428,RELEASED,12/19/2024
MO-6173,M-1108,WC-4,2542,RELEASED,06-02-2026
MO-6174,M-1143,WC-14,3563,COMPLETED,2025-08-26
MO-6175,M-1207,WC-12,1860,OPEN,05/22/2026
MO-6176,M-1268,WC-7,4104,released,26-03-2024
MO-6177,M-1232,WC-10,100,open,2025-06-13
MO-6178,M-1061,WC-4,810,RELEASED,10/15/2026
MO-6179,M-1011,WC-5,1365,released,2025-09-27
MO-6180,M-1294,WC-12,1896,RELEASED,2026-07-09
MO-6181,M-1203,WC-8,3156,released,2025-11-19
MO-6182,M-1292,WC-2,2371,OPEN,2025-01-27
MO-6183,M-1236,WC-8,1055,completed,06/01/2025
MO-6184,M-1130,WC-2,2458,RELEASED,2026-01-24
MO-6185,M-1134,WC-6,12,released,2026-12-13
MO-6186,M-1238,WC-8,2616,OPEN,04/24/2025
MO-6187,M-1172,WC-1,3816,released,06-08-2026
MO-6188,M-1214,WC-5,2423,OPEN,10/15/2024
MO-6189,M-1100,WC-1,3088,COMPLETED,01/06/2025
MO-6190,M-1051,WC-3,624,open,2024-02-03
MO-6191,M-1267,WC-9,3458,RELEASED,11/27/2025
MO-6192,M-1221,WC-8,1383,released,09/15/2024
MO-6193,M-1269,WC-5,3571,open,26-03-2026
MO-6194,M-1225,WC-8,3721,COMPLETED,2025-03-28
MO-6195,M-1080,WC-11,1221,released,12/06/2026
MO-6196,M-1144,WC-10,4326,RELEASED,06/28/2025
MO-6197,M-1275,WC-13,2161,released,09/07/2025
MO-6198,M-1022,WC-1,4744,completed,09/14/2026
MO-6199,M-1243,WC-7,1757,completed,01/25/2024
MO-6200,M-1192,WC-11,4408,OPEN,2024-01-28
MO-6201,M-1088,WC-12,1299,released,11/25/2025
MO-6202,M-1282,WC-13,3212,released,2024-09-27
MO-6203,M-1048,WC-7,4124,OPEN,2025-06-23
MO-6204,M-1059,WC-6,4099,OPEN,2024-09-10
MO-6205,M-1103,WC-5,3807,open,03/12/2026
MO-6206,M-1208,WC-1,2110,COMPLETED,09/03/2024
MO-6207,M-1213,WC-13,3622,open,2024-12-04
MO-6208,M-1112,WC-1,2912,open,2026-02-19
MO-6209,M-1288,WC-5,1279,completed,2024-08-10
MO-6210,M-1059,WC-4,4012,COMPLETED,03/16/2024
MO-6211,M-1280,WC-7,2926,COMPLETED,04/01/2025
MO-6212,M-1038,WC-10,2329,RELEASED,17-02-2024
MO-6213,M-1005,WC-9,4285,released,2025-09-20
MO-6214,M-1069,WC-11,2316,OPEN,2026-06-06
MO-6215,M-1235,WC-8,202,released,2026-08-27
MO-6216,M-1265,WC-14,3542,open,2024-10-14
MO-6217,M-1007,WC-2,2782,completed,2025-03-03
MO-6218,M-1026,WC-5,4745,RELEASED,2025-01-01
MO-6219,M-1164,WC-15,2438,OPEN,2024-09-28
MO-6220,M-1180,WC-5,379,open,2025-03-06
MO-6221,M-1033,WC-9,4734,COMPLETED,10/11/2026
MO-6222,M-1061,WC-2,4529,RELEASED,22-03-2024
MO-6223,M-1283,WC-11,3711,completed,27-02-2025
MO-6224,M-1050,WC-11,1081,COMPLETED,2026-03-04
MO-6225,M-1104,WC-2,3971,OPEN,2024-09-26
MO-6226,M-1076,WC-14,2798,COMPLETED,2025-12-10
MO-6227,M-1240,WC-6,1633,RELEASED,2026-08-23
MO-6228,M-1148,WC-5,4939,released,2026-09-19
MO-6229,M-1040,WC-4,2617,open,02/19/2024
MO-6230,M-1084,WC-11,148,open,2024-07-23
MO-6231,M-1224,WC-7,501,RELEASED,06/03/2024
MO-6232,M-1287,WC-9,420,completed,19-06-2025
MO-6233,M-1200,WC-2,634,OPEN,11-05-2024
MO-6234,M-1213,WC-7,3900,open,2026-10-17
MO-6235,M-1217,WC-15,2280,OPEN,12/15/2025
MO-6236,M-1139,WC-4,3251,COMPLETED,2025-12-18
MO-6237,M-1179,WC-5,2306,open,16-11-2024
MO-6238,M-1163,WC-5,1144,COMPLETED,10/22/2026
MO-6239,M-1138,WC-7,523,OPEN,2026-03-15
MO-6240,M-1010,WC-5,1224,open,05/03/2026
MO-6241,M-1179,WC-12,2566,OPEN,2024-10-15
MO-6242,M-1004,WC-15,300,COMPLETED,2025-06-13
MO-6243,M-1130,WC-6,3353,released,2026-11-01
MO-6244,M-1038,WC-2,3218,RELEASED,2024-10-09
MO-6245,M-1158,WC-6,2722,RELEASED,2025-04-21
MO-6246,M-1292,WC-5,4026,RELEASED,2025-07-24
MO-6247,M-1296,WC-5,3723,released,2025-08-04
MO-6248,M-1132,WC-9,3383,COMPLETED,2026-11-24
MO-6249,M-1060,WC-15,4026,OPEN,2026-02-21
MO-6250,M-1295,WC-5,4182,open,01/13/2026
MO-6251,M-1266,WC-4,4281,open,2024-04-23
MO-6252,M-1027,WC-2,2012,RELEASED,2026-10-08
MO-6253,M-1086,WC-1,2915,completed,2026-08-25
MO-6254,M-1191,WC-11,3069,RELEASED,2026-10-16
MO-6255,M-1146,WC-10,2628,released,2026-04-03
MO-6256,M-1287,WC-13,1307,open,2026-06-10
MO-6257,M-1249,WC-5,63,open,2025-02-05
MO-6258,M-1166,WC-5,3154,completed,01/01/2025
MO-6259,M-1219,WC-9,1493,completed,2025-10-23
MO-6260,M-1077,WC-11,3748,released,2026-10-12
MO-6261,M-1134,WC-12,2786,COMPLETED,12/03/2024
MO-6262,M-1199,WC-11,1508,COMPLETED,2026-05-08
MO-6263,M-1262,WC-8,4713,OPEN,2026-12-07
MO-6264,M-1198,WC-1,2464,open,04/10/2025
MO-6265,M-1016,WC-14,1289,COMPLETED,2024-01-07
MO-6266,M-1240,WC-11,3429,released,2026-08-20
MO-6267,M-1058,WC-6,3920,RELEASED,2024-02-28
MO-6268,M-1172,WC-5,4869,open,2026-03-12
MO-6269,M-1252,WC-7,3295,released,2025-08-10
MO-6270,M-1095,WC-9,4312,COMPLETED,08/13/2025
MO-6271,M-1256,WC-5,4908,completed,2025-06-18
MO-6272,M-1161,WC-3,3576,OPEN,2024-02-18
MO-6273,M-1098,WC-8,2357,COMPLETED,10-10-2024
MO-6274,M-1240,WC-13,3893,released,11/25/2026
MO-6275,M-1132,WC-14,2924,COMPLETED,2024-07-13
MO-6276,M-1270,WC-9,69,COMPLETED,2026-07-23
MO-6277,M-1000,WC-11,1857,OPEN,13-09-2024
MO-6278,M-1150,WC-14,2898,released,18-04-2026
MO-6279,M-1269,WC-8,3055,OPEN,2026-09-26
MO-6280,M-1030,WC-4,222,RELEASED,2024-09-27
MO-6281,M-1134,WC-5,2716,open,2026-12-09
MO-6282,M-1106,WC-4,4262,OPEN,2024-06-19
MO-6283,M-1070,WC-4,1081,COMPLETED,14-06-2026
MO-6284,M-1224,WC-8,3484,RELEASED,11/21/2024
MO-6285,M-1140,WC-6,2949,released,2026-01-19
MO-6286,M-1174,WC-7,4095,open,01-09-2026
MO-6287,M-1208,WC-15,3668,OPEN,2026-12-13
MO-6288,M-1263,WC-15,1177,OPEN,09/27/2025
MO-6289,M-1254,WC-6,4099,open,2025-11-11
MO-6290,M-1032,WC-5,2331,open,2024-10-20
MO-6291,M-1235,WC-14,2926,completed,2025-09-28
MO-6292,M-1028,WC-15,1005,open,05/16/2025
MO-6293,M-1032,WC-13,2231,RELEASED,04/03/2025
MO-6294,M-1204,WC-14,3240,released,2026-10-15
MO-6295,M-1146,WC-6,1415,completed,2026-01-28
MO-6296,M-1187,WC-3,760,COMPLETED,27-05-2024
MO-6297,M-1263,WC-2,4946,OPEN,11-12-2026
MO-6298,M-1226,WC-2,1526,OPEN,24-06-2026
MO-6299,M-1078,WC-4,1815,open,06/16/2026
MO-6300,M-1163,WC-11,3529,OPEN,2024-07-06
MO-6301,M-1217,WC-13,1052,released,05/20/2025
MO-6302,M-1247,WC-8,2701,open,06-09-2025
MO-6303,M-1269,WC-6,1858,OPEN,10/25/2025
MO-6304,M-1296,WC-9,1524,RELEASED,06/18/2025
MO-6305,M-1169,WC-15,4960,OPEN,01/08/2025
MO-6306,M-1019,WC-10,192,open,2024-04-27
MO-6307,M-1273,WC-8,2002,released,2024-02-16
MO-6308,M-1039,WC-4,2196,OPEN,09/01/2026
MO-6309,M-1250,WC-13,301,COMPLETED,06-03-2026
MO-6310,M-1095,WC-1,1430,COMPLETED,2025-05-15
MO-6311,M-1276,WC-10,634,COMPLETED,2025-09-11
MO-6312,M-1156,WC-10,3259,open,2025-07-03
MO-6313,M-1156,WC-15,4914,completed,2024-10-20
MO-6314,M-1233,WC-14,4554,completed,01-02-2024
MO-6315,M-1034,WC-12,1307,open,17-03-2025
MO-6316,M-1234,WC-13,1892,RELEASED,19-04-2025
MO-6317,M-1048,WC-8,3536,open,2026-07-21
MO-6318,M-1291,WC-5,1476,open,26-01-2026
MO-6319,M-1130,WC-14,3577,COMPLETED,2025-07-23
MO-6320,M-1083,WC-9,3252,completed,2024-08-07
MO-6321,M-1157,WC-1,608,OPEN,2024-01-22
MO-6322,M-1270,WC-1,4117,open,2026-08-14
MO-6323,M-1266,WC-5,2309,OPEN,2026-10-24
MO-6324,M-1263,WC-2,972,COMPLETED,2025-04-22
MO-6325,M-1255,WC-7,2066,completed,04/17/2025
MO-6326,M-1022,WC-7,1254,OPEN,02-01-2025
MO-6327,M-1152,WC-9,4121,RELEASED,03-07-2025
MO-6328,M-1192,WC-3,3786,RELEASED,2025-06-09
MO-6329,M-1207,WC-3,3570,COMPLETED,17-02-2024
MO-6330,M-1064,WC-2,2168,released,18-07-2025
MO-6331,M-1290,WC-10,2785,open,12/07/2024
MO-6332,M-1199,WC-4,3109,released,13-01-2026
MO-6333,M-1258,WC-15,2724,open,03-02-2024
MO-6334,M-1234,WC-12,2281,completed,10/04/2025
MO-6335,M-1052,WC-1,55,open,11/27/2024
MO-6336,M-1081,WC-15,4901,completed,2024-08-03
MO-6337,M-1142,WC-14,1829,completed,2025-08-06
MO-6338,M-1133,WC-3,3275,completed,08/25/2026
MO-6339,M-1253,WC-14,4986,OPEN,11/05/2025
MO-6340,M-1287,WC-7,74,OPEN,15-03-2025
MO-6341,M-1255,WC-11,505,RELEASED,2024-08-11
MO-6342,M-1114,WC-9,4997,released,2025-11-17
MO-6343,M-1000,WC-9,3965,COMPLETED,07/19/2024
MO-6344,M-1265,WC-13,2558,released,01/01/2025
MO-6345,M-1170,WC-13,3037,released,2026-07-28
MO-6346,M-1145,WC-4,4730,COMPLETED,2024-06-03
MO-6347,M-1243,WC-5,2770,OPEN,08-08-2024
MO-6348,M-1259,WC-8,3115,OPEN,2025-08-28
MO-6349,M-1244,WC-9,1128,RELEASED,2025-05-20
MO-6350,M-1043,WC-7,4909,OPEN,23-09-2024
MO-6351,M-1287,WC-12,4488,released,20-08-2026
MO-6352,M-1058,WC-12,3525,RELEASED,12/28/2024
MO-6353,M-1162,WC-10,2686,completed,2026-01-01
MO-6354,M-1084,WC-10,1131,released,08/04/2025
MO-6355,M-1111,WC-9,4325,completed,03/27/2026
MO-6356,M-1002,WC-14,2898,OPEN,2026-05-21
MO-6357,M-1036,WC-10,3181,released,2024-07-07
MO-6358,M-1026,WC-3,2204,COMPLETED,2025-09-17
MO-6359,M-1069,WC-8,2897,released,2025-01-03
MO-6360,M-1202,WC-1,1142,COMPLETED,08/04/2026
MO-6361,M-1163,WC-4,3510,COMPLETED,12/20/2026
MO-6362,M-1087,WC-6,3899,OPEN,21-04-2026
MO-6363,M-1272,WC-14,754,open,10-08-2024
MO-6364,M-1090,WC-9,349,open,07/17/2025
MO-6365,M-1138,WC-7,2646,released,11/12/2025
MO-6366,M-1138,WC-2,4380,completed,2026-12-20
MO-6367,M-1298,WC-1,628,COMPLETED,2025-05-13
MO-6368,M-1100,WC-10,964,RELEASED,2026-07-19
MO-6369,M-1133,WC-10,2032,open,2026-06-17
MO-6370,M-1150,WC-7,3170,OPEN,2026-04-16
MO-6371,M-1037,WC-8,891,released,16-01-2026
MO-6372,M-1181,WC-12,2502,released,07/27/2024
MO-6373,M-1009,WC-3,2231,OPEN,2024-10-11
MO-6374,M-1210,WC-14,2406,released,02-04-2026
MO-6375,M-1241,WC-4,2824,completed,2025-03-06
MO-6376,M-1182,WC-5,2098,COMPLETED,04/11/2025
MO-6377,M-1127,WC-11,4564,completed,12/18/2026
MO-6378,M-1235,WC-10,4680,completed,11/18/2026
MO-6379,M-1089,WC-14,2645,COMPLETED,20-04-2024
MO-6380,M-1074,WC-5,671,released,03-12-2025
MO-6381,M-1048,WC-12,1196,COMPLETED,15-06-2024
MO-6382,M-1188,WC-11,109,OPEN,01/26/2024
MO-6383,M-1045,WC-14,926,RELEASED,2026-12-04
MO-6384,M-1091,WC-3,609,COMPLETED,03/04/2024
MO-6385,M-1271,WC-1,4602,RELEASED,2026-05-24
MO-6386,M-1183,WC-14,924,released,2026-12-18
MO-6387,M-1218,WC-9,4561,open,11/05/2025
MO-6388,M-1060,WC-10,2359,OPEN,12/01/2025
MO-6389,M-1129,WC-15,3614,open,2024-09-23
MO-6390,M-1289,WC-15,3050,completed,2026-03-20
MO-6391,M-1024,WC-1,1711,OPEN,08/04/2025
MO-6392,M-1151,WC-9,698,released,18-07-2024
MO-6393,M-1177,WC-3,2820,RELEASED,2025-12-07
MO-6394,M-1167,WC-5,3282,open,2026-12-04
MO-6395,M-1162,WC-5,3379,released,2025-02-01
MO-6396,M-1111,WC-2,3634,OPEN,2024-05-20
MO-6397,M-1192,WC-3,2137,released,2026-02-02
MO-6398,M-1108,WC-14,1754,released,07/20/2026
MO-6399,M-1116,WC-2,3670,OPEN,05-07-2024
MO-6400,M-1195,WC-3,2768,RELEASED,19-03-2026
MO-6401,M-1038,WC-4,1304,COMPLETED,2024-08-22
MO-6402,M-1269,WC-15,420,open,24-04-2026
MO-6403,M-1290,WC-1,1308,open,2025-10-24
MO-6404,M-1072,WC-6,4892,RELEASED,19-07-2026
MO-6405,M-1137,WC-10,3210,OPEN,2026-08-17
MO-6406,M-1052,WC-4,1865,open,2025-01-06
MO-6407,M-1209,WC-12,4899,completed,10-01-2024
MO-6408,M-1105,WC-11,3818,OPEN,02-05-2026
MO-6409,M-1250,WC-8,1006,COMPLETED,06/23/2025
MO-6410,M-1241,WC-8,4484,released,06/13/2024
MO-6411,M-1024,WC-6,3887,COMPLETED,01/09/2026
MO-6412,M-1163,WC-9,2200,COMPLETED,02/07/2026
MO-6413,M-1137,WC-13,4465,released,05/01/2024
MO-6414,M-1286,WC-6,218,RELEASED,2026-09-08
MO-6415,M-1234,WC-7,1591,released,2024-02-14
MO-6416,M-1033,WC-15,56,RELEASED,11-07-2026
MO-6417,M-1191,WC-13,3678,RELEASED,18-09-2024
MO-6418,M-1115,WC-7,1134,RELEASED,22-06-2024
MO-6419,M-1141,WC-7,1381,OPEN,03-01-2025
MO-6420,M-1164,WC-3,2397,OPEN,13-09-2026
MO-6421,M-1055,WC-11,1844,open,2025-01-15
MO-6422,M-1062,WC-7,798,OPEN,04/22/2026
MO-6423,M-1024,WC-11,3439,completed,2026-01-16
MO-6424,M-1227,WC-11,1106,RELEASED,2024-08-20
MO-6425,M-1065,WC-10,1567,RELEASED,09/25/2026
MO-6426,M-1054,WC-15,1508,COMPLETED,2026-12-11
MO-6427,M-1220,WC-14,3502,completed,13-11-2026
MO-6428,M-1030,WC-12,3019,RELEASED,2024-10-22
MO-6429,M-1218,WC-9,4092,completed,2024-07-14
MO-6430,M-1214,WC-1,581,OPEN,09-03-2025
MO-6431,M-1121,WC-15,3729,COMPLETED,2026-06-02
MO-6432,M-1230,WC-3,2566,RELEASED,2024-03-14
MO-6433,M-1242,WC-14,178,COMPLETED,2025-09-12
MO-6434,M-1087,WC-10,3885,RELEASED,2025-06-24
MO-6435,M-1056,WC-12,1426,RELEASED,27-11-2025
MO-6436,M-1227,WC-7,2848,OPEN,03/20/2025
MO-6437,M-1171,WC-14,1009,RELEASED,2026-07-16
MO-6438,M-1227,WC-4,1451,RELEASED,2025-05-13
MO-6439,M-1066,WC-9,1210,open,26-01-2024
MO-6440,M-1170,WC-9,1362,released,02/03/2024
MO-6441,M-1179,WC-3,2272,RELEASED,2025-08-10
MO-6442,M-1291,WC-11,1402,COMPLETED,20-09-2024
MO-6443,M-1277,WC-10,3686,RELEASED,2026-04-25
MO-6444,M-1137,WC-15,4641,completed,12/26/2025
MO-6445,M-1217,WC-9,2162,COMPLETED,09/26/2024
MO-6446,M-1185,WC-14,1210,OPEN,04-02-2024
MO-6447,M-1000,WC-2,1394,OPEN,03/16/2024
MO-6448,M-1201,WC-13,1231,OPEN,2024-05-28
MO-6449,M-1269,WC-3,2569,completed,2026-02-19
MO-6450,M-1005,WC-10,2506,completed,2025-11-25
MO-6451,M-1079,WC-3,2189,released,08/11/2025
MO-6452,M-1257,WC-6,4555,completed,2024-07-06
MO-6453,M-1219,WC-5,519,open,2025-10-13
MO-6454,M-1104,WC-2,863,OPEN,07/18/2024
MO-6455,M-1289,WC-15,289,released,2024-10-11
MO-6456,M-1164,WC-10,3896,open,05/28/2026
MO-6457,M-1140,WC-10,1846,OPEN,21-02-2026
MO-6458,M-1155,WC-12,20,RELEASED,2025-09-20
MO-6459,M-1010,WC-15,3024,COMPLETED,08-12-2026
MO-6460,M-1027,WC-14,4926,COMPLETED,02/10/2026
MO-6461,M-1286,WC-5,4626,completed,25-12-2025
MO-6462,M-1223,WC-10,1971,released,2026-02-08
MO-6463,M-1124,WC-11,2919,open,2025-04-25
MO-6464,M-1238,WC-2,4569,completed,06/10/2025
MO-6465,M-1047,WC-13,731,COMPLETED,04/04/2026
MO-6466,M-1092,WC-7,3297,COMPLETED,2024-06-12
MO-6467,M-1230,WC-8,2978,RELEASED,2026-01-06
MO-6468,M-1201,WC-11,2858,RELEASED,2024-11-11
MO-6469,M-1284,WC-14,910,COMPLETED,12/12/2026
MO-6470,M-1178,WC-12,2660,completed,25-06-2025
MO-6471,M-1293,WC-7,898,COMPLETED,2025-01-28
MO-6472,M-1180,WC-11,4250,RELEASED,2025-12-14
MO-6473,M-1102,WC-10,4076,open,13-02-2024
MO-6474,M-1062,WC-13,3792,COMPLETED,2026-08-08
MO-6475,M-1053,WC-3,1888,completed,2025-01-18
MO-6476,M-1229,WC-11,3767,RELEASED,07/04/2026
MO-6477,M-1061,WC-14,1353,released,2026-02-22
MO-6478,M-1294,WC-9,1740,completed,2026-08-01
MO-6479,M-1028,WC-13,873,COMPLETED,2024-06-16
MO-6480,M-1161,WC-15,1690,OPEN,17-12-2026
MO-6481,M-1041,WC-12,4278,RELEASED,19-09-2025
MO-6482,M-1022,WC-2,4433,OPEN,01/10/2024
MO-6483,M-1267,WC-5,1709,COMPLETED,2024-01-23
MO-6484,M-1060,WC-12,2492,completed,03/01/2024
MO-6485,M-1170,WC-11,2488,COMPLETED,2024-06-05
MO-6486,M-1288,WC-3,728,open,2025-08-12
MO-6487,M-1087,WC-5,1301,completed,03/09/2024
MO-6488,M-1011,WC-3,871,completed,03/18/2025
MO-6489,M-1196,WC-15,1541,released,06/18/2025
MO-6490,M-1153,WC-11,4174,completed,2026-02-23
MO-6491,M-1232,WC-13,737,RELEASED,2025-10-05
MO-6492,M-1205,WC-9,2611,OPEN,2024-02-14
MO-6493,M-1271,WC-2,1893,OPEN,2025-11-11
MO-6494,M-1212,WC-4,4182,completed,25-05-2026
MO-6495,M-1207,WC-4,4425,OPEN,2024-02-03
MO-6496,M-1073,WC-4,3204,released,06-04-2025
MO-6497,M-1254,WC-13,4734,COMPLETED,2025-01-19
MO-6498,M-1069,WC-4,4310,completed,2026-10-11
MO-6499,M-1159,WC-12,822,COMPLETED,04/23/2024
MO-6500,M-1138,WC-1,4633,COMPLETED,2025-06-14
MO-6501,M-1169,WC-2,441,COMPLETED,2024-07-19
MO-6502,M-1040,WC-7,45,released,12/21/2024
MO-6503,M-1151,WC-4,1646,COMPLETED,02-11-2024
MO-6504,M-1042,WC-2,210,released,2024-02-15
MO-6505,M-1184,WC-5,229,COMPLETED,2024-08-27
MO-6506,M-1153,WC-2,4017,completed,2025-01-05
MO-6507,M-1167,WC-2,3212,released,04/17/2024
MO-6508,M-1159,WC-13,3207,RELEASED,12/12/2026
MO-6509,M-1098,WC-3,2809,COMPLETED,2025-02-08
MO-6510,M-1159,WC-7,2739,open,2025-03-04
MO-6511,M-1274,WC-3,1239,open,01/05/2025
MO-6512,M-1200,WC-2,4573,released,08/01/2024
MO-6513,M-1289,WC-15,2850,COMPLETED,2026-03-25
MO-6514,M-1018,WC-11,3151,RELEASED,2025-01-25
MO-6515,M-1270,WC-6,2774,open,2024-03-04
MO-6516,M-1161,WC-14,97,OPEN,2025-08-21
MO-6517,M-1292,WC-8,2626,OPEN,2025-05-05
MO-6518,M-1113,WC-2,3428,COMPLETED,2026-02-05
MO-6519,M-1127,WC-12,2785,completed,2026-12-20
MO-6520,M-1268,WC-5,4423,COMPLETED,27-04-2026
MO-6521,M-1068,WC-4,235,open,2025-06-17
MO-6522,M-1251,WC-3,765,RELEASED,18-06-2024
MO-6523,M-1045,WC-3,2017,OPEN,2025-02-22
MO-6524,M-1189,WC-13,3786,OPEN,2024-04-25
MO-6525,M-1122,WC-14,4731,open,2025-01-02
MO-6526,M-1162,WC-15,527,RELEASED,04-11-2025
MO-6527,M-1051,WC-14,4876,OPEN,2024-08-23
MO-6528,M-1057,WC-1,2714,released,2026-03-23
MO-6529,M-1103,WC-12,1650,completed,08-04-2025
MO-6530,M-1022,WC-13,1003,open,12-06-2024
MO-6531,M-1086,WC-14,4596,RELEASED,06-05-2025
MO-6532,M-1062,WC-10,4720,RELEASED,10-07-2024
MO-6533,M-1079,WC-2,3546,completed,2026-01-13
MO-6534,M-1158,WC-10,2029,open,2026-12-16
MO-6535,M-1052,WC-5,1372,COMPLETED,2026-12-02
MO-6536,M-1262,WC-9,3687,COMPLETED,2025-07-27
MO-6537,M-1091,WC-12,2635,completed,06/09/2024
MO-6538,M-1190,WC-11,1427,open,02/03/2024
MO-6539,M-1246,WC-4,798,completed,12/11/2024
MO-6540,M-1056,WC-11,47,OPEN,12/24/2024
MO-6541,M-1094,WC-14,2224,released,2025-11-06
MO-6542,M-1077,WC-1,4898,OPEN,2024-09-10
MO-6543,M-1231,WC-15,859,released,2025-06-21
MO-6544,M-1133,WC-9,2217,RELEASED,2026-08-07
MO-6545,M-1174,WC-13,1610,RELEASED,02/24/2026
MO-6546,M-1221,WC-15,2234,open,2024-05-08
MO-6547,M-1094,WC-4,4945,RELEASED,02/02/2026
MO-6548,M-1056,WC-14,1316,RELEASED,11/14/2024
MO-6549,M-1173,WC-10,4636,released,22-10-2025
MO-6550,M-1179,WC-6,4933,COMPLETED,2024-03-02
MO-6551,M-1168,WC-8,4940,OPEN,02/07/2025
MO-6552,M-1007,WC-11,857,RELEASED,20-01-2024
MO-6553,M-1173,WC-10,3650,COMPLETED,01/19/2025
MO-6554,M-1184,WC-3,4157,COMPLETED,21-01-2025
MO-6555,M-1158,WC-2,4699,RELEASED,2026-09-18
MO-6556,M-1174,WC-2,3029,RELEASED,02/27/2024
MO-6557,M-1057,WC-3,1890,COMPLETED,12/13/2025
MO-6558,M-1052,WC-2,1447,OPEN,2026-04-08
MO-6559,M-1285,WC-7,3404,COMPLETED,07/26/2024
MO-6560,M-1036,WC-7,3108,OPEN,2026-05-11
MO-6561,M-1094,WC-14,366,completed,2024-06-14
MO-6562,M-1117,WC-8,1891,completed,20-05-2024
MO-6563,M-1189,WC-2,3831,released,2026-09-28
MO-6564,M-1043,WC-13,434,COMPLETED,12-12-2026
MO-6565,M-1016,WC-8,4010,completed,2024-02-07
MO-6566,M-1151,WC-7,2725,released,2024-07-22
MO-6567,M-1289,WC-13,3465,RELEASED,2024-04-04
MO-6568,M-1040,WC-5,910,COMPLETED,01-08-2026
MO-6569,M-1276,WC-14,2572,COMPLETED,23-01-2025
MO-6570,M-1295,WC-2,1698,RELEASED,2025-05-01
MO-6571,M-1180,WC-5,1683,open,2025-04-24
MO-6572,M-1272,WC-7,4527,completed,2026-01-01
MO-6573,M-1040,WC-5,1654,COMPLETED,2025-02-27
MO-6574,M-1240,WC-14,3699,OPEN,07/09/2025
MO-6575,M-1224,WC-8,3120,completed,2026-09-23
MO-6576,M-1047,WC-13,1828,OPEN,2024-09-28
MO-6577,M-1024,WC-4,4644,released,01/23/2026
MO-6578,M-1070,WC-15,3661,open,2026-07-18
MO-6579,M-1144,WC-14,811,RELEASED,06/19/2025
MO-6580,M-1239,WC-15,412,released,2025-08-19
MO-6581,M-1091,WC-12,3529,RELEASED,03/13/2026
MO-6582,M-1122,WC-7,4537,completed,05/01/2026
MO-6583,M-1185,WC-8,2420,OPEN,15-06-2026
MO-6584,M-1228,WC-3,1279,RELEASED,03/06/2026
MO-6585,M-1012,WC-2,4038,RELEASED,28-09-2026
MO-6586,M-1188,WC-4,3983,released,25-10-2026
MO-6587,M-1077,WC-13,1368,released,25-03-2026
MO-6588,M-1158,WC-1,2748,released,2026-07-02
MO-6589,M-1039,WC-14,2304,COMPLETED,2024-09-26
MO-6590,M-1027,WC-11,936,RELEASED,2026-06-13
MO-6591,M-1290,WC-10,2279,completed,2025-01-02
MO-6592,M-1053,WC-12,2678,RELEASED,2025-12-07
MO-6593,M-1046,WC-4,195,RELEASED,06/25/2024
MO-6594,M-1012,WC-14,1882,open,15-10-2025
MO-6595,M-1194,WC-9,584,OPEN,2026-01-09
MO-6596,M-1000,WC-5,1212,completed,26-02-2026
MO-6597,M-1123,WC-6,1373,completed,11/13/2024
MO-6598,M-1265,WC-3,4045,OPEN,2026-11-07
MO-6599,M-1040,WC-14,3630,open,2024-11-09
MO-6600,M-1263,WC-11,736,OPEN,2025-02-27
MO-6601,M-1257,WC-9,3241,OPEN,2026-03-20
MO-6602,M-1187,WC-9,1421,OPEN,2024-07-08
MO-6603,M-1148,WC-7,2280,released,2026-12-10
MO-6604,M-1054,WC-5,3290,OPEN,09/09/2026
MO-6605,M-1169,WC-12,1254,completed,2024-02-24
MO-6606,M-1176,WC-3,4483,OPEN,2026-02-13
MO-6607,M-1158,WC-4,1029,released,2026-09-08
MO-6608,M-1236,WC-15,4113,RELEASED,01/15/2024
MO-6609,M-1258,WC-11,2940,released,2025-08-13
MO-6610,M-1131,WC-15,1039,OPEN,12/14/2024
MO-6611,M-1227,WC-14,889,open,07-03-2024
MO-6612,M-1190,WC-15,4801,completed,17-04-2025
MO-6613,M-1287,WC-15,1375,RELEASED,2026-03-20
MO-6614,M-1128,WC-8,2946,released,09-08-2025
MO-6615,M-1111,WC-2,1252,COMPLETED,2024-05-28
MO-6616,M-1228,WC-10,2411,open,2026-03-10
MO-6617,M-1194,WC-7,3601,RELEASED,10/13/2024
MO-6618,M-1010,WC-9,2719,COMPLETED,2026-10-21
MO-6619,M-1078,WC-13,3336,completed,2025-08-10
MO-6620,M-1067,WC-6,2370,COMPLETED,09/02/2026
MO-6621,M-1044,WC-5,2347,completed,25-07-2026
MO-6622,M-1065,WC-7,425,COMPLETED,2024-09-02
MO-6623,M-1132,WC-11,4918,released,08/12/2025
MO-6624,M-1068,WC-4,305,OPEN,2026-03-01
MO-6625,M-1277,WC-2,3482,completed,09/02/2024
MO-6626,M-1000,WC-11,2666,OPEN,2025-07-15
MO-6627,M-1103,WC-3,92,released,11/12/2025
MO-6628,M-1227,WC-15,1436,open,08-06-2024
MO-6629,M-1025,WC-13,3317,RELEASED,08/03/2025
MO-6630,M-1097,WC-13,3923,OPEN,2024-03-11
MO-6631,M-1213,WC-11,2634,open,11/25/2026
MO-6632,M-1212,WC-10,3087,RELEASED,2026-12-21
MO-6633,M-1118,WC-2,4871,COMPLETED,09/08/2026
MO-6634,M-1051,WC-11,1954,released,08-10-2026
MO-6635,M-1096,WC-8,732,OPEN,2025-04-20
MO-6636,M-1136,WC-12,4640,completed,2026-01-18
MO-6637,M-1124,WC-7,4190,COMPLETED,03/15/2025
MO-6638,M-1127,WC-11,4105,RELEASED,2024-01-04
MO-6639,M-1259,WC-2,4471,released,07-04-2025
MO-6640,M-1068,WC-11,4815,RELEASED,2025-02-27
MO-6641,M-1027,WC-11,3514,completed,2025-05-06
MO-6642,M-1150,WC-3,958,released,14-08-2024
MO-6643,M-1182,WC-7,4700,OPEN,04/25/2024
MO-6644,M-1173,WC-4,3108,completed,12/09/2026
MO-6645,M-1268,WC-9,3455,completed,28-12-2024
MO-6646,M-1014,WC-13,3695,OPEN,2025-12-25
MO-6647,M-1116,WC-14,436,COMPLETED,24-05-2024
MO-6648,M-1201,WC-7,2497,completed,12-06-2024
MO-6649,M-1201,WC-9,1947,COMPLETED,2024-12-02
MO-6650,M-1112,WC-8,2600,RELEASED,19-03-2026
MO-6651,M-1073,WC-7,525,OPEN,03/17/2024
MO-6652,M-1187,WC-13,1185,completed,07/06/2025
MO-6653,M-1155,WC-6,1792,released,11/03/2024
MO-6654,M-1299,WC-7,2004,completed,11-08-2025
MO-6655,M-1072,WC-9,5000,RELEASED,18-09-2024
MO-6656,M-1158,WC-4,3574,released,2026-06-09
MO-6657,M-1138,WC-13,3006,completed,12/20/2025
MO-6658,M-1231,WC-2,1649,completed,2024-03-12
MO-6659,M-1010,WC-1,613,COMPLETED,07/22/2024
MO-6660,M-1227,WC-10,774,RELEASED,06-03-2024
MO-6661,M-1051,WC-10,1122,completed,2024-11-13
MO-6662,M-1158,WC-9,428,COMPLETED,2024-09-28
MO-6663,M-1226,WC-15,497,released,2026-08-16
MO-6664,M-1167,WC-13,181,open,2024-10-15
MO-6665,M-1140,WC-11,304,COMPLETED,2025-03-24
MO-6666,M-1291,WC-7,4301,OPEN,12/25/2025
MO-6667,M-1240,WC-2,3943,completed,11/05/2026
MO-6668,M-1245,WC-11,1248,completed,05/28/2025
MO-6669,M-1117,WC-13,465,RELEASED,11/09/2024
MO-6670,M-1090,WC-2,1824,OPEN,10/05/2025
MO-6671,M-1159,WC-1,1241,RELEASED,27-06-2024
MO-6672,M-1163,WC-4,1239,COMPLETED,2024-03-21
MO-6673,M-1285,WC-9,1702,released,2025-04-09
MO-6674,M-1200,WC-6,979,RELEASED,13-04-2025
MO-6675,M-1168,WC-12,2341,OPEN,2024-06-16
MO-6676,M-1165,WC-2,4896,OPEN,2026-03-08
MO-6677,M-1014,WC-8,2993,completed,06-05-2025
MO-6678,M-1078,WC-7,2351,COMPLETED,04-12-2024
MO-6679,M-1023,WC-5,1123,open,03/07/2024
MO-6680,M-1029,WC-6,2196,released,2024-04-10
MO-6681,M-1265,WC-11,1493,COMPLETED,2026-06-18
MO-6682,M-1005,WC-5,3431,completed,2026-06-09
MO-6683,M-1062,WC-9,4799,RELEASED,03/19/2024
MO-6684,M-1024,WC-9,2179,RELEASED,2024-03-09
MO-6685,M-1032,WC-3,2030,COMPLETED,2025-07-04
MO-6686,M-1280,WC-7,1511,completed,2026-12-05
MO-6687,M-1165,WC-2,4533,OPEN,2024-07-01
MO-6688,M-1127,WC-7,2929,completed,2026-04-25
MO-6689,M-1049,WC-8,3407,OPEN,11/07/2025
MO-6690,M-1027,WC-11,124,COMPLETED,2026-12-25
MO-6691,M-1120,WC-1,3524,open,2025-03-12
MO-6692,M-1125,WC-6,11,OPEN,04/05/2024
MO-6693,M-1241,WC-1,3668,COMPLETED,06/02/2026
MO-6694,M-1027,WC-12,1108,released,2024-07-28
MO-6695,M-1243,WC-1,4196,released,07/06/2026
MO-6696,M-1113,WC-6,4382,completed,2024-10-19
MO-6697,M-1040,WC-4,3118,completed,06-01-2024
MO-6698,M-1288,WC-12,3214,RELEASED,2026-08-20
MO-6699,M-1102,WC-11,1256,open,2026-10-16
MO-6700,M-1264,WC-3,3295,OPEN,07/17/2026
MO-6701,M-1015,WC-14,4356,open,2024-08-10
MO-6702,M-1070,WC-5,4183,completed,06-01-2024
MO-6703,M-1134,WC-3,4741,released,2024-03-06
MO-6704,M-1295,WC-2,1955,released,27-06-2024
MO-6705,M-1234,WC-6,1952,OPEN,2024-06-08
MO-6706,M-1202,WC-8,1155,completed,2024-12-19
MO-6707,M-1274,WC-7,4450,open,2024-09-19
MO-6708,M-1247,WC-8,1407,OPEN,02/06/2025
MO-6709,M-1227,WC-13,4092,open,2025-02-09
MO-6710,M-1212,WC-14,3045,COMPLETED,2024-04-22
MO-6711,M-1260,WC-5,4857,COMPLETED,09/21/2024
MO-6712,M-1208,WC-14,3083,open,04/25/2024
MO-6713,M-1023,WC-5,1081,open,14-11-2025
MO-6714,M-1014,WC-13,1722,RELEASED,2024-07-20
MO-6715,M-1149,WC-11,3107,RELEASED,18-11-2024
MO-6716,M-1121,WC-11,4533,completed,2024-04-20
MO-6717,M-1057,WC-13,1274,OPEN,06/12/2025
MO-6718,M-1051,WC-8,1944,COMPLETED,2025-03-28
MO-6719,M-1039,WC-10,2708,open,22-01-2026
MO-6720,M-1136,WC-5,1896,open,2024-08-26
MO-6721,M-1143,WC-3,2010,OPEN,04/02/2025
MO-6722,M-1163,WC-8,4620,RELEASED,12/01/2026
MO-6723,M-1241,WC-12,3278,RELEASED,09/15/2025
MO-6724,M-1238,WC-8,1214,open,2025-01-26
MO-6725,M-1219,WC-9,3115,completed,12/14/2025
MO-6726,M-1180,WC-9,3409,OPEN,10/21/2024
MO-6727,M-1299,WC-9,290,COMPLETED,06/03/2025
MO-6728,M-1241,WC-15,3630,RELEASED,2025-12-27
MO-6729,M-1181,WC-13,2097,COMPLETED,26-10-2026
MO-6730,M-1268,WC-6,497,OPEN,2024-01-07
MO-6731,M-1264,WC-1,1895,COMPLETED,03/26/2025
MO-6732,M-1212,WC-7,4396,open,2024-05-11
MO-6733,M-1156,WC-3,2575,RELEASED,2025-12-17
MO-6734,M-1246,WC-3,1035,OPEN,10-10-2025
MO-6735,M-1232,WC-7,3875,OPEN,02/24/2024
MO-6736,M-1209,WC-3,1330,RELEASED,2025-08-15
MO-6737,M-1166,WC-10,3618,released,04-01-2026
MO-6738,M-1175,WC-5,4376,open,10/09/2026
MO-6739,M-1293,WC-6,3836,completed,2024-11-19
MO-6740,M-1196,WC-7,4885,OPEN,2026-11-10
MO-6741,M-1094,WC-6,989,OPEN,2025-10-24
MO-6742,M-1170,WC-13,4486,OPEN,2024-11-12
MO-6743,M-1092,WC-10,895,COMPLETED,2026-03-20
MO-6744,M-1298,WC-9,3953,completed,2026-11-06
MO-6745,M-1182,WC-5,2370,RELEASED,2026-11-25
MO-6746,M-1095,WC-3,1964,completed,2025-06-27
MO-6747,M-1286,WC-2,1660,RELEASED,04/02/2026
MO-6748,M-1183,WC-14,454,RELEASED,2026-10-08
MO-6749,M-1132,WC-1,762,OPEN,07/24/2024
MO-6750,M-1168,WC-12,4398,COMPLETED,25-10-2026
MO-6751,M-1225,WC-10,3578,open,2026-04-10
MO-6752,M-1120,WC-1,780,completed,20-05-2025
MO-6753,M-1059,WC-1,4750,OPEN,06/04/2024
MO-6754,M-1104,WC-5,3358,open,07-09-2026
MO-6755,M-1061,WC-2,4097,open,2024-05-22
MO-6756,M-1102,WC-5,4524,OPEN,2025-01-09
MO-6757,M-1149,WC-12,4794,open,01/01/2024
MO-6758,M-1090,WC-14,3753,RELEASED,2025-08-04
MO-6759,M-1033,WC-2,3840,completed,2026-11-08
MO-6760,M-1157,WC-13,1148,RELEASED,2024-09-16
MO-6761,M-1208,WC-14,3458,completed,09/26/2024
MO-6762,M-1253,WC-5,2905,COMPLETED,2025-08-11
MO-6763,M-1182,WC-10,690,released,2025-04-07
MO-6764,M-1099,WC-3,4855,OPEN,04/05/2026
MO-6765,M-1088,WC-10,4597,RELEASED,19-09-2025
MO-6766,M-1243,WC-10,928,COMPLETED,2024-01-27
MO-6767,M-1136,WC-13,903,OPEN,2025-10-21
MO-6768,M-1239,WC-3,1222,COMPLETED,02/24/2025
MO-6769,M-1050,WC-14,4305,RELEASED,2025-08-11
MO-6770,M-1192,WC-7,2303,released,05/08/2025
MO-6771,M-1172,WC-7,4843,COMPLETED,2024-12-08
MO-6772,M-1246,WC-8,3662,COMPLETED,01/27/2025
MO-6773,M-1168,WC-8,4076,RELEASED,2024-09-28
MO-6774,M-1241,WC-11,2785,open,2025-05-06
MO-6775,M-1193,WC-5,2377,completed,2026-02-04
MO-6776,M-1191,WC-1,82,OPEN,2025-08-16
MO-6777,M-1090,WC-10,3894,COMPLETED,2026-12-11
MO-6778,M-1068,WC-10,1620,OPEN,27-10-2024
MO-6779,M-1191,WC-9,3796,OPEN,2025-09-15
MO-6780,M-1121,WC-13,4598,COMPLETED,2024-06-22
MO-6781,M-1041,WC-15,2962,RELEASED,2024-03-03
MO-6782,M-1108,WC-4,107,open,08-03-2026
MO-6783,M-1098,WC-12,1609,COMPLETED,06/20/2026
MO-6784,M-1272,WC-1,4964,completed,2026-02-12
MO-6785,M-1264,WC-3,2545,OPEN,2024-11-05
MO-6786,M-1163,WC-15,3057,OPEN,10-11-2026
MO-6787,M-1214,WC-12,2398,released,2024-03-28
MO-6788,M-1066,WC-1,944,COMPLETED,2026-07-22
MO-6789,M-1216,WC-7,164,COMPLETED,2025-01-11
MO-6790,M-1002,WC-6,2061,released,01/21/2025
MO-6791,M-1066,WC-5,3838,completed,09/27/2026
MO-6792,M-1153,WC-5,3483,completed,2026-12-02
MO-6793,M-1199,WC-1,163,COMPLETED,2025-06-27
MO-6794,M-1292,WC-15,4156,COMPLETED,2024-07-02
MO-6795,M-1199,WC-9,138,RELEASED,2026-07-15
MO-6796,M-1276,WC-14,2915,COMPLETED,12-08-2026
MO-6797,M-1139,WC-9,4814,OPEN,04/19/2024
MO-6798,M-1259,WC-5,3559,completed,10-12-2025
MO-6799,M-1071,WC-15,2664,open,07/26/2024
MO-6800,M-1056,WC-12,3792,RELEASED,10-10-2025
MO-6801,M-1142,WC-12,2628,released,2024-02-13
MO-6802,M-1237,WC-14,1993,released,28-02-2026
MO-6803,M-1269,WC-15,2325,completed,12-07-2024
MO-6804,M-1013,WC-7,2447,released,06/22/2026
MO-6805,M-1251,WC-3,432,completed,2025-01-03
MO-6806,M-1038,WC-3,1204,RELEASED,10/07/2024
MO-6807,M-1195,WC-4,11,completed,05/07/2026
MO-6808,M-1155,WC-6,2376,open,12/07/2026
MO-6809,M-1235,WC-5,3214,completed,17-05-2026
MO-6810,M-1204,WC-11,3279,RELEASED,2025-12-02
MO-6811,M-1160,WC-7,4827,completed,10-12-2026
MO-6812,M-1007,WC-14,1494,completed,2026-06-02
MO-6813,M-1035,WC-2,4880,open,2025-12-21
MO-6814,M-1020,WC-12,301,released,2026-09-19
MO-6815,M-1134,WC-10,3821,OPEN,2026-04-11
MO-6816,M-1152,WC-12,2043,OPEN,2025-12-05
MO-6817,M-1153,WC-14,418,OPEN,2025-11-10
MO-6818,M-1262,WC-10,211,released,2026-02-08
MO-6819,M-1174,WC-11,3083,completed,22-04-2025
MO-6820,M-1011,WC-4,1068,OPEN,14-09-2026
MO-6821,M-1001,WC-13,3409,COMPLETED,24-10-2024
MO-6822,M-1265,WC-4,3815,released,2024-10-10
MO-6823,M-1062,WC-6,1455,completed,25-10-2026
MO-6824,M-1093,WC-14,1294,completed,01/11/2024
MO-6825,M-1174,WC-10,151,COMPLETED,2025-06-03
MO-6826,M-1280,WC-13,1740,completed,2025-10-09
MO-6827,M-1032,WC-8,4617,released,15-02-2025
MO-6828,M-1046,WC-14,2637,completed,20-01-2024
MO-6829,M-1104,WC-3,2341,COMPLETED,2024-05-06
MO-6830,M-1037,WC-10,276,open,2025-04-15
MO-6831,M-1017,WC-12,466,OPEN,22-06-2026
MO-6832,M-1160,WC-1,4268,OPEN,2026-06-12
MO-6833,M-1200,WC-13,4322,open,2024-09-08
MO-6834,M-1225,WC-14,1522,released,28-02-2025
MO-6835,M-1106,WC-5,2168,released,2025-05-18
MO-6836,M-1154,WC-13,797,completed,2024-10-22
MO-6837,M-1235,WC-12,3493,RELEASED,2024-04-08
MO-6838,M-1218,WC-14,4196,completed,2026-09-12
MO-6839,M-1126,WC-2,3012,open,12/21/2026
MO-6840,M-1189,WC-4,1497,completed,2024-08-01
MO-6841,M-1010,WC-8,1148,COMPLETED,06-08-2024
MO-6842,M-1270,WC-2,349,RELEASED,2025-09-27
MO-6843,M-1053,WC-3,3043,OPEN,09/24/2024
MO-6844,M-1021,WC-1,3255,COMPLETED,03/24/2026
MO-6845,M-1024,WC-10,322,OPEN,2025-07-11
MO-6846,M-1097,WC-14,1600,RELEASED,02/13/2025
MO-6847,M-1178,WC-3,1463,COMPLETED,2024-08-11
MO-6848,M-1262,WC-2,375,OPEN,2025-01-01
MO-6849,M-1075,WC-13,376,open,2025-12-08
MO-6850,M-1123,WC-10,870,released,2026-03-12
MO-6851,M-1194,WC-11,539,released,23-10-2025
MO-6852,M-1265,WC-10,3943,released,02/11/2026
MO-6853,M-1042,WC-6,1820,COMPLETED,15-08-2025
MO-6854,M-1040,WC-6,4582,COMPLETED,03/16/2024
MO-6855,M-1025,WC-5,250,open,11/13/2024
MO-6856,M-1225,WC-4,3100,RELEASED,04-01-2026
MO-6857,M-1115,WC-13,4094,COMPLETED,06/23/2025
MO-6858,M-1111,WC-2,3066,open,2024-05-04
MO-6859,M-1048,WC-14,4885,released,09/19/2025
MO-6860,M-1057,WC-8,1148,COMPLETED,2025-08-19
MO-6861,M-1252,WC-8,3716,COMPLETED,2024-05-03
MO-6862,M-1155,WC-8,1066,completed,08/13/2024
MO-6863,M-1127,WC-15,4970,released,04-02-2024
MO-6864,M-1249,WC-6,3722,completed,2025-12-02
MO-6865,M-1150,WC-12,3401,open,02/03/2026
MO-6866,M-1167,WC-2,1021,completed,12/06/2024
MO-6867,M-1103,WC-4,3139,COMPLETED,2025-01-21
MO-6868,M-1060,WC-1,4896,completed,26-05-2025
MO-6869,M-1148,WC-14,3176,released,09/27/2026
MO-6870,M-1080,WC-5,4903,completed,12/18/2025
MO-6871,M-1218,WC-8,3792,released,10/03/2026
MO-6872,M-1087,WC-6,2457,OPEN,12/04/2025
MO-6873,M-1057,WC-12,3088,RELEASED,04/03/2024
MO-6874,M-1019,WC-6,4648,RELEASED,2026-08-12
MO-6875,M-1188,WC-9,1419,COMPLETED,22-08-2024
MO-6876,M-1252,WC-8,949,RELEASED,10/27/2026
MO-6877,M-1029,WC-15,243,COMPLETED,10/03/2026
MO-6878,M-1020,WC-8,3027,open,2024-08-11
MO-6879,M-1149,WC-7,1644,completed,2026-10-23
MO-6880,M-1010,WC-10,4581,completed,27-11-2024
MO-6881,M-1036,WC-14,2074,open,16-09-2025
MO-6882,M-1115,WC-13,4492,completed,2026-01-27
MO-6883,M-1055,WC-14,3726,open,2026-06-24
MO-6884,M-1227,WC-10,948,released,06-04-2026
MO-6885,M-1268,WC-1,2363,released,02/02/2024
MO-6886,M-1099,WC-1,3919,OPEN,11/21/2026
MO-6887,M-1201,WC-9,784,completed,2026-03-22
MO-6888,M-1032,WC-2,1058,COMPLETED,2026-03-11
MO-6889,M-1044,WC-4,350,COMPLETED,16-10-2024
MO-6890,M-1219,WC-12,1013,open,02/09/2024
MO-6891,M-1115,WC-7,3404,completed,04/25/2026
MO-6892,M-1262,WC-1,939,open,20-05-2024
MO-6893,M-1066,WC-11,2182,completed,2026-03-20
MO-6894,M-1142,WC-2,4463,RELEASED,06/26/2025
MO-6895,M-1238,WC-11,4221,open,2026-07-20
MO-6896,M-1058,WC-10,3190,COMPLETED,12-04-2024
MO-6897,M-1198,WC-15,3337,RELEASED,2025-11-03
MO-6898,M-1168,WC-1,2068,open,01/07/2026
MO-6899,M-1134,WC-1,3763,OPEN,2024-01-24
MO-6900,M-1245,WC-2,3136,open,2024-07-09
MO-6901,M-1134,WC-12,2942,OPEN,2024-11-14
MO-6902,M-1222,WC-8,3490,RELEASED,2025-12-18
MO-6903,M-1259,WC-1,712,completed,08/23/2026
MO-6904,M-1084,WC-5,2667,OPEN,2026-09-04
MO-6905,M-1298,WC-6,894,COMPLETED,2024-05-06
MO-6906,M-1121,WC-1,3749,COMPLETED,2025-07-01
MO-6907,M-1038,WC-1,2172,COMPLETED,06/15/2025
MO-6908,M-1242,WC-1,3772,open,2025-11-21
MO-6909,M-1230,WC-3,1488,completed,2025-05-09
MO-6910,M-1076,WC-11,2272,RELEASED,2026-06-18
MO-6911,M-1094,WC-5,551,completed,23-03-2026
MO-6912,M-1056,WC-1,1186,released,03/03/2025
MO-6913,M-1047,WC-6,3617,released,02-06-2025
MO-6914,M-1284,WC-12,3045,OPEN,01/08/2025
MO-6915,M-1274,WC-6,3506,COMPLETED,2024-09-16
MO-6916,M-1158,WC-6,1782,completed,2026-06-13
MO-6917,M-1126,WC-6,351,completed,04/07/2026
MO-6918,M-1199,WC-10,2797,released,03/16/2025
MO-6919,M-1093,WC-4,389,OPEN,06-01-2025
MO-6920,M-1169,WC-13,3454,released,10/27/2025
MO-6921,M-1187,WC-3,1452,COMPLETED,07/10/2025
MO-6922,M-1170,WC-12,213,open,2025-07-15
MO-6923,M-1158,WC-11,4459,COMPLETED,2024-11-25
MO-6924,M-1283,WC-12,2053,RELEASED,08-07-2024
MO-6925,M-1283,WC-5,2032,COMPLETED,05/05/2025
MO-6926,M-1268,WC-10,4026,COMPLETED,23-12-2026
MO-6927,M-1076,WC-7,3078,COMPLETED,03/27/2026
MO-6928,M-1207,WC-5,3711,open,01/22/2026
MO-6929,M-1140,WC-9,1714,completed,2024-07-15
MO-6930,M-1198,WC-4,1066,completed,2025-12-27
MO-6931,M-1181,WC-9,3237,OPEN,2025-02-13
MO-6932,M-1256,WC-12,1135,completed,2025-04-17
MO-6933,M-1284,WC-3,4304,RELEASED,2026-10-11
MO-6934,M-1164,WC-4,3323,COMPLETED,2026-11-25
MO-6935,M-1176,WC-1,1469,COMPLETED,09/11/2024
MO-6936,M-1263,WC-3,2742,COMPLETED,28-07-2025
MO-6937,M-1186,WC-13,316,RELEASED,2026-12-10
MO-6938,M-1080,WC-12,467,released,2025-05-10
MO-6939,M-1182,WC-7,1420,open,2026-03-26
MO-6940,M-1020,WC-8,4768,COMPLETED,2026-07-02
MO-6941,M-1130,WC-2,4860,RELEASED,08-11-2026
MO-6942,M-1131,WC-11,2382,completed,2026-08-19
MO-6943,M-1059,WC-13,3987,RELEASED,09/27/2025
MO-6944,M-1146,WC-7,4786,COMPLETED,2026-04-18
MO-6945,M-1062,WC-1,305,COMPLETED,2024-11-02
MO-6946,M-1049,WC-9,1203,completed,14-05-2025
MO-6947,M-1230,WC-1,90,OPEN,2024-05-21
MO-6948,M-1212,WC-9,1201,OPEN,2024-02-25
MO-6949,M-1285,WC-6,3336,OPEN,02-08-2025
MO-6950,M-1159,WC-12,3662,COMPLETED,2024-07-21
MO-6951,M-1072,WC-11,1993,RELEASED,03-12-2025
MO-6952,M-1204,WC-3,145,open,2024-09-15
MO-6953,M-1230,WC-8,3657,COMPLETED,2024-08-10
MO-6954,M-1254,WC-2,3490,open,04/07/2026
MO-6955,M-1184,WC-15,314,OPEN,01-08-2026
MO-6956,M-1167,WC-8,1294,open,11/06/2024
MO-6957,M-1071,WC-2,4820,released,18-02-2026
MO-6958,M-1085,WC-4,1191,completed,02/17/2024
MO-6959,M-1097,WC-11,2108,COMPLETED,2024-04-04
MO-6960,M-1068,WC-11,2885,released,2024-06-03
MO-6961,M-1283,WC-15,4491,completed,25-11-2024
MO-6962,M-1112,WC-13,939,released,12/17/2026
MO-6963,M-1198,WC-7,3573,completed,2026-01-14
MO-6964,M-1174,WC-1,3627,COMPLETED,2024-01-05
MO-6965,M-1236,WC-1,3028,OPEN,2024-05-07
MO-6966,M-1021,WC-2,4995,open,2024-11-09
MO-6967,M-1241,WC-12,4549,completed,03/23/2026
MO-6968,M-1215,WC-14,1779,COMPLETED,2025-10-20
MO-6969,M-1149,WC-6,256,COMPLETED,10-07-2026
MO-6970,M-1127,WC-15,1948,RELEASED,2026-05-06
MO-6971,M-1252,WC-13,2037,OPEN,2024-07-19
MO-6972,M-1214,WC-5,3296,COMPLETED,08/26/2025
MO-6973,M-1178,WC-10,3347,OPEN,2025-11-03
MO-6974,M-1051,WC-15,2443,open,2025-11-20
MO-6975,M-1152,WC-1,202,OPEN,2026-09-03
MO-6976,M-1220,WC-7,1633,released,08/05/2025
MO-6977,M-1163,WC-8,1286,RELEASED,11/25/2024
MO-6978,M-1296,WC-9,1406,OPEN,2025-10-28
MO-6979,M-1259,WC-13,2717,open,01/14/2025
MO-6980,M-1292,WC-4,4113,RELEASED,2024-11-11
MO-6981,M-1189,WC-3,4429,OPEN,2024-03-02
MO-6982,M-1257,WC-8,3563,RELEASED,05/24/2026
MO-6983,M-1226,WC-9,2833,RELEASED,2025-08-15
MO-6984,M-1237,WC-15,127,RELEASED,22-03-2024
MO-6985,M-1204,WC-12,1397,COMPLETED,2024-02-26
MO-6986,M-1034,WC-12,679,OPEN,2026-05-01
MO-6987,M-1280,WC-1,1412,RELEASED,2026-01-26
MO-6988,M-1153,WC-11,839,OPEN,2026-01-07
MO-6989,M-1167,WC-8,29,completed,12/24/2024
MO-6990,M-1010,WC-1,4165,RELEASED,2026-03-08
MO-6991,M-1099,WC-3,2351,released,2025-06-21
MO-6992,M-1089,WC-15,1515,open,06/04/2024
MO-6993,M-1192,WC-14,825,completed,21-02-2024
MO-6994,M-1130,WC-1,3519,OPEN,01/22/2025
MO-6995,M-1298,WC-10,2784,RELEASED,04/24/2026
MO-6996,M-1165,WC-14,4110,OPEN,06/06/2024
MO-6997,M-1087,WC-13,2580,released,09/24/2025
MO-6998,M-1146,WC-13,2542,COMPLETED,24-03-2026
MO-6999,M-1297,WC-3,4744,released,2025-05-28
MO-7000,M-1260,WC-1,1685,released,16-12-2026
MO-7001,M-1159,WC-1,34,open,2024-12-06
MO-7002,M-1053,WC-14,4754,RELEASED,09/07/2024
MO-7003,M-1208,WC-12,252,COMPLETED,08/26/2025
MO-7004,M-1279,WC-3,3004,open,2025-07-16
MO-7005,M-1213,WC-2,3918,open,2025-05-08
MO-7006,M-1200,WC-2,4660,completed,2025-03-02
MO-7007,M-1298,WC-5,2802,COMPLETED,2025-03-13
MO-7008,M-1103,WC-8,4732,RELEASED,12/14/2025
MO-7009,M-1108,WC-13,2785,COMPLETED,2026-06-14
MO-7010,M-1019,WC-13,4509,completed,02/27/2026
MO-7011,M-1120,WC-3,4475,RELEASED,2024-05-18
MO-7012,M-1073,WC-2,4979,completed,2025-01-02
MO-7013,M-1000,WC-12,1935,released,2025-04-06
MO-7014,M-1038,WC-1,2688,OPEN,2025-04-10
MO-7015,M-1115,WC-8,512,open,07/03/2025
MO-7016,M-1213,WC-1,2417,released,2026-02-26
MO-7017,M-1059,WC-2,2635,released,2024-08-09
MO-7018,M-1091,WC-9,4070,released,12/14/2024
MO-7019,M-1279,WC-3,273,open,2026-02-01
MO-7020,M-1182,WC-1,72,open,2026-11-27
MO-7021,M-1248,WC-12,3602,open,05/26/2026
MO-7022,M-1206,WC-6,1727,RELEASED,2026-03-03
MO-7023,M-1032,WC-6,457,completed,2024-11-28
MO-7024,M-1236,WC-1,4497,OPEN,12/27/2026
MO-7025,M-1290,WC-13,4016,COMPLETED,01-11-2025
MO-7026,M-1150,WC-8,3528,completed,09-10-2024
MO-7027,M-1260,WC-15,4286,RELEASED,07/02/2025
MO-7028,M-1094,WC-6,2579,RELEASED,2024-08-06
MO-7029,M-1146,WC-7,1962,OPEN,05/10/2026
MO-7030,M-1109,WC-13,3266,released,2024-11-25
MO-7031,M-1093,WC-4,1095,OPEN,12/10/2025
MO-7032,M-1269,WC-9,3326,COMPLETED,2026-11-13
MO-7033,M-1090,WC-6,1636,RELEASED,2024-03-17
MO-7034,M-1217,WC-3,3361,completed,10/24/2025
MO-7035,M-1019,WC-15,2127,COMPLETED,26-05-2024
MO-7036,M-1138,WC-1,2690,COMPLETED,22-02-2024
MO-7037,M-1146,WC-13,1404,completed,12/11/2026
MO-7038,M-1032,WC-4,145,COMPLETED,2026-06-26
MO-7039,M-1043,WC-15,829,completed,10/28/2024
MO-7040,M-1027,WC-8,2617,RELEASED,2024-05-08
MO-7041,M-1190,WC-2,3619,completed,06/26/2025
MO-7042,M-1096,WC-1,1364,released,2024-04-02
MO-7043,M-1206,WC-11,367,open,12/08/2025
MO-7044,M-1060,WC-15,1074,completed,10-08-2025
MO-7045,M-1146,WC-11,1061,completed,02/19/2025
MO-7046,M-1067,WC-5,853,released,12/03/2026
MO-7047,M-1206,WC-6,1596,completed,16-09-2026
MO-7048,M-1115,WC-5,2731,open,12/24/2024
MO-7049,M-1083,WC-15,3080,RELEASED,2025-12-07
MO-7050,M-1246,WC-13,151,OPEN,2025-09-28
MO-7051,M-1049,WC-10,1001,released,11/14/2024
MO-7052,M-1116,WC-9,4936,open,2025-04-16
MO-7053,M-1015,WC-10,936,open,2026-10-18
MO-7054,M-1071,WC-11,1717,completed,03/20/2026
MO-7055,M-1055,WC-9,1608,released,06/23/2024
MO-7056,M-1088,WC-2,4348,OPEN,12/10/2026
MO-7057,M-1293,WC-4,203,released,2025-01-25
MO-7058,M-1196,WC-6,2440,open,23-08-2026
MO-7059,M-1266,WC-13,1935,OPEN,07/05/2026
MO-7060,M-1058,WC-14,2636,COMPLETED,09/27/2025
MO-7061,M-1285,WC-14,2273,OPEN,06/08/2026
MO-7062,M-1156,WC-7,2397,released,07-04-2025
MO-7063,M-1293,WC-7,2683,COMPLETED,09/22/2024
MO-7064,M-1015,WC-4,3131,RELEASED,2025-03-06
MO-7065,M-1250,WC-8,3736,open,2024-09-03
MO-7066,M-1151,WC-13,2302,COMPLETED,27-04-2024
MO-7067,M-1219,WC-3,4647,RELEASED,2024-05-05
MO-7068,M-1174,WC-14,3396,OPEN,07/13/2026
MO-7069,M-1092,WC-8,2275,RELEASED,10/17/2026
MO-7070,M-1195,WC-9,906,open,17-07-2025
MO-7071,M-1042,WC-4,1968,open,06-11-2024
MO-7072,M-1092,WC-1,762,completed,17-12-2025
MO-7073,M-1264,WC-7,4977,released,2026-09-18
MO-7074,M-1033,WC-12,911,open,2025-02-18
MO-7075,M-1281,WC-4,1865,completed,2024-03-25
MO-7076,M-1204,WC-6,3304,open,2026-09-21
MO-7077,M-1075,WC-8,1638,released,2025-01-26
MO-7078,M-1184,WC-13,4450,COMPLETED,2024-01-08
MO-7079,M-1175,WC-11,158,open,2025-12-28
MO-7080,M-1222,WC-2,117,RELEASED,2026-08-24
MO-7081,M-1192,WC-9,3577,open,2026-08-16
MO-7082,M-1235,WC-15,4712,OPEN,08/15/2025
MO-7083,M-1216,WC-10,1412,RELEASED,2025-11-27
MO-7084,M-1190,WC-1,3834,COMPLETED,03/24/2026
MO-7085,M-1196,WC-7,3778,COMPLETED,2024-10-21
MO-7086,M-1001,WC-1,4911,OPEN,13-06-2025
MO-7087,M-1122,WC-8,1651,COMPLETED,2026-08-16
MO-7088,M-1145,WC-14,4899,released,2026-06-05
MO-7089,M-1009,WC-8,2946,open,2024-01-05
MO-7090,M-1068,WC-12,4990,open,2025-05-23
MO-7091,M-1247,WC-6,3407,released,2026-11-27
MO-7092,M-1131,WC-3,4061,released,2026-04-15
MO-7093,M-1233,WC-10,2803,released,2025-06-19
MO-7094,M-1082,WC-12,4419,OPEN,2026-07-13
MO-7095,M-1269,WC-13,2905,RELEASED,02/16/2024
MO-7096,M-1270,WC-13,1818,RELEASED,13-05-2026
MO-7097,M-1004,WC-9,2850,completed,2025-07-17
MO-7098,M-1052,WC-7,2650,OPEN,08/05/2024
MO-7099,M-1066,WC-9,985,completed,08-03-2025
MO-7100,M-1155,WC-4,638,open,04-12-2025
MO-7101,M-1297,WC-2,2682,COMPLETED,03/16/2024
MO-7102,M-1063,WC-5,920,completed,2024-03-15
MO-7103,M-1114,WC-10,2293,open,2026-11-15
MO-7104,M-1025,WC-8,3181,released,2025-12-07
MO-7105,M-1265,WC-1,1600,released,2026-05-02
MO-7106,M-1261,WC-3,4884,open,03/11/2024
MO-7107,M-1218,WC-4,3836,OPEN,02/11/2024
MO-7108,M-1052,WC-12,3565,completed,18-12-2025
MO-7109,M-1290,WC-10,4260,open,09/09/2026
MO-7110,M-1170,WC-12,3994,COMPLETED,2025-12-15
MO-7111,M-1180,WC-5,3687,RELEASED,08/26/2025
MO-7112,M-1197,WC-10,4864,completed,2024-11-08
MO-7113,M-1035,WC-15,3913,RELEASED,2024-02-27
MO-7114,M-1227,WC-4,3816,COMPLETED,2026-03-05
MO-7115,M-1053,WC-11,2003,OPEN,2025-02-17
MO-7116,M-1295,WC-13,2990,RELEASED,06/17/2026
MO-7117,M-1052,WC-10,2544,open,2024-11-13
MO-7118,M-1287,WC-1,2380,RELEASED,2024-04-07
MO-7119,M-1288,WC-12,4146,RELEASED,2026-06-13
MO-7120,M-1249,WC-6,4744,released,04-07-2024
MO-7121,M-1219,WC-3,2849,COMPLETED,26-07-2025
MO-7122,M-1051,WC-7,3441,OPEN,04-09-2024
MO-7123,M-1008,WC-1,4812,open,2026-04-27
MO-7124,M-1147,WC-10,4940,open,13-06-2025
MO-7125,M-1244,WC-9,4365,open,2024-12-24
MO-7126,M-1068,WC-7,4763,OPEN,2025-02-23
MO-7127,M-1117,WC-13,1828,open,11/01/2024
MO-7128,M-1012,WC-10,3695,completed,2026-06-23
MO-7129,M-1164,WC-7,4350,completed,09-03-2024
MO-7130,M-1049,WC-2,3957,COMPLETED,10/03/2026
MO-7131,M-1215,WC-9,111,OPEN,20-01-2026
MO-7132,M-1273,WC-8,3119,RELEASED,2025-01-19
MO-7133,M-1182,WC-6,4071,RELEASED,2025-05-22
MO-7134,M-1075,WC-12,395,released,2026-02-25
MO-7135,M-1204,WC-4,4854,COMPLETED,05-08-2024
MO-7136,M-1207,WC-14,248,released,2024-01-06
MO-7137,M-1021,WC-6,1620,RELEASED,10-12-2024
MO-7138,M-1154,WC-2,2155,COMPLETED,06/26/2025
MO-7139,M-1030,WC-15,4926,COMPLETED,11/05/2025
MO-7140,M-1151,WC-9,4888,completed,14-10-2025
MO-7141,M-1050,WC-3,4262,released,04/28/2026
MO-7142,M-1146,WC-3,1849,OPEN,2024-07-23
MO-7143,M-1217,WC-12,3393,RELEASED,2025-09-19
MO-7144,M-1095,WC-9,2263,RELEASED,2024-04-15
MO-7145,M-1178,WC-1,3948,open,09/10/2024
MO-7146,M-1254,WC-2,1449,released,2026-03-12
MO-7147,M-1193,WC-9,2559,COMPLETED,2024-07-24
MO-7148,M-1153,WC-5,690,open,2025-04-12
MO-7149,M-1265,WC-10,2768,RELEASED,05/20/2026
MO-7150,M-1136,WC-11,4302,open,01/17/2024
MO-7151,M-1028,WC-5,2536,COMPLETED,10-12-2026
MO-7152,M-1044,WC-1,3683,OPEN,10-10-2025
MO-7153,M-1011,WC-10,3653,open,26-11-2024
MO-7154,M-1037,WC-15,2467,RELEASED,12/17/2026
MO-7155,M-1013,WC-2,3633,OPEN,10/28/2026
MO-7156,M-1119,WC-8,4188,COMPLETED,2025-12-10
MO-7157,M-1001,WC-7,440,OPEN,03/11/2026
MO-7158,M-1053,WC-15,1609,completed,02-07-2026
MO-7159,M-1252,WC-6,4028,open,01/16/2026
MO-7160,M-1086,WC-7,3576,RELEASED,12-03-2026
MO-7161,M-1152,WC-3,2039,open,2025-09-25
MO-7162,M-1297,WC-1,2439,completed,2025-07-19
MO-7163,M-1052,WC-13,4460,released,2025-04-01
MO-7164,M-1295,WC-12,983,OPEN,06/21/2025
MO-7165,M-1025,WC-9,4802,released,2026-06-02
MO-7166,M-1242,WC-14,4081,RELEASED,07/09/2024
MO-7167,M-1197,WC-7,2359,RELEASED,2024-10-22
MO-7168,M-1079,WC-15,1995,completed,08/11/2026
MO-7169,M-1070,WC-15,1161,OPEN,19-12-2024
MO-7170,M-1098,WC-15,1635,RELEASED,10/09/2026
MO-7171,M-1082,WC-14,3233,RELEASED,2026-01-05
MO-7172,M-1015,WC-2,2570,completed,04-09-2026
MO-7173,M-1178,WC-9,4737,OPEN,08/23/2026
MO-7174,M-1088,WC-11,3296,OPEN,04-11-2025
MO-7175,M-1270,WC-1,527,released,06/26/2025
MO-7176,M-1201,WC-13,4491,completed,2024-10-07
MO-7177,M-1211,WC-7,2379,RELEASED,13-08-2024
MO-7178,M-1003,WC-6,311,COMPLETED,2026-05-02
MO-7179,M-1274,WC-6,105,RELEASED,2026-09-09
MO-7180,M-1149,WC-12,3955,released,2025-03-09
MO-7181,M-1221,WC-7,1976,COMPLETED,2025-07-28
MO-7182,M-1250,WC-6,3366,RELEASED,13-06-2024
MO-7183,M-1177,WC-2,3168,open,08/05/2026
MO-7184,M-1138,WC-8,2190,open,19-09-2024
MO-7185,M-1288,WC-14,2876,COMPLETED,2026-09-07
MO-7186,M-1207,WC-12,2341,open,2026-11-24
MO-7187,M-1266,WC-8,2029,open,2024-12-02
MO-7188,M-1255,WC-9,2593,released,2025-09-02
MO-7189,M-1119,WC-8,3255,COMPLETED,02-12-2025
MO-7190,M-1292,WC-15,3549,completed,02/11/2024
MO-7191,M-1186,WC-8,3307,OPEN,19-12-2024
MO-7192,M-1212,WC-6,237,OPEN,2024-06-05
MO-7193,M-1186,WC-6,637,open,04/01/2024
MO-7194,M-1063,WC-8,3291,COMPLETED,05/28/2024
MO-7195,M-1278,WC-14,3413,RELEASED,05/03/2025
MO-7196,M-1264,WC-9,2278,released,2024-04-08
MO-7197,M-1145,WC-7,3775,completed,14-07-2026
MO-7198,M-1192,WC-12,49,RELEASED,2026-08-26
MO-7199,M-1029,WC-7,1609,OPEN,2025-12-08
MO-7200,M-1274,WC-7,614,released,07-10-2026
MO-7201,M-1166,WC-12,4405,OPEN,19-01-2026
MO-7202,M-1259,WC-2,2508,open,2025-06-16
MO-7203,M-1299,WC-8,2043,released,2025-01-04
MO-7204,M-1034,WC-8,1414,completed,2025-06-03
MO-7205,M-1063,WC-11,2779,open,17-02-2026
MO-7206,M-1217,WC-5,3242,OPEN,2025-01-12
MO-7207,M-1210,WC-14,4090,released,2026-12-15
MO-7208,M-1039,WC-10,2432,open,2025-05-24
MO-7209,M-1107,WC-2,655,open,11/22/2025
MO-7210,M-1275,WC-8,3026,OPEN,2026-10-17
MO-7211,M-1022,WC-9,486,RELEASED,2024-08-09
MO-7212,M-1030,WC-3,61,released,10-06-2025
MO-7213,M-1136,WC-15,1487,COMPLETED,2024-09-23
MO-7214,M-1147,WC-7,712,RELEASED,06-08-2024
MO-7215,M-1149,WC-4,444,open,2026-09-16
MO-7216,M-1056,WC-11,726,open,07-11-2024
MO-7217,M-1116,WC-6,3692,COMPLETED,12-11-2024
MO-7218,M-1002,WC-13,4251,OPEN,06/05/2025
MO-7219,M-1276,WC-7,3112,OPEN,03/10/2025
MO-7220,M-1182,WC-10,72,OPEN,01/04/2026
MO-7221,M-1087,WC-10,660,OPEN,08/06/2025
MO-7222,M-1014,WC-2,4390,COMPLETED,12-10-2026
MO-7223,M-1205,WC-11,2436,released,06/10/2024
MO-7224,M-1193,WC-5,4196,OPEN,2026-01-14
MO-7225,M-1178,WC-11,3043,OPEN,2026-07-20
MO-7226,M-1289,WC-15,939,released,2026-02-16
MO-7227,M-1191,WC-4,4757,released,2025-07-13
MO-7228,M-1119,WC-8,2885,COMPLETED,03/18/2024
MO-7229,M-1152,WC-9,1722,released,12/01/2024
MO-7230,M-1019,WC-13,1284,COMPLETED,2025-03-05
MO-7231,M-1269,WC-3,1075,completed,2025-03-13
MO-7232,M-1110,WC-3,1425,released,01-08-2025
MO-7233,M-1275,WC-11,2231,open,04/01/2025
MO-7234,M-1251,WC-14,4080,open,11-06-2026
MO-7235,M-1175,WC-14,3481,OPEN,01/25/2025
MO-7236,M-1095,WC-2,3600,released,2024-07-22
MO-7237,M-1093,WC-10,3744,OPEN,09/28/2025
MO-7238,M-1031,WC-6,3160,completed,02-11-2025
MO-7239,M-1154,WC-5,4386,RELEASED,17-09-2024
MO-7240,M-1262,WC-14,2543,released,09/01/2024
MO-7241,M-1041,WC-11,1547,completed,01/20/2026
MO-7242,M-1013,WC-2,513,RELEASED,11/24/2024
MO-7243,M-1139,WC-7,579,COMPLETED,2026-06-19
MO-7244,M-1037,WC-6,1206,open,2025-12-13
MO-7245,M-1265,WC-6,646,completed,2024-05-24
MO-7246,M-1071,WC-5,3078,released,02/28/2024
MO-7247,M-1292,WC-13,4834,completed,05/23/2025
MO-7248,M-1086,WC-6,4138,released,2024-10-14
MO-7249,M-1020,WC-15,3759,RELEASED,04/28/2026
MO-7250,M-1235,WC-7,2946,COMPLETED,07-06-2025
MO-7251,M-1059,WC-14,1360,OPEN,2026-07-21
MO-7252,M-1054,WC-15,1209,completed,07/20/2025
MO-7253,M-1283,WC-2,3238,COMPLETED,04-03-2025
MO-7254,M-1256,WC-10,2703,OPEN,06/17/2025
MO-7255,M-1142,WC-1,4970,open,2026-11-10
MO-7256,M-1175,WC-1,3544,open,06/08/2024
MO-7257,M-1063,WC-2,668,completed,2026-05-04
MO-7258,M-1221,WC-10,1711,RELEASED,2026-02-07
MO-7259,M-1111,WC-15,3946,open,12/17/2026
MO-7260,M-1138,WC-1,4005,completed,11/01/2024
MO-7261,M-1163,WC-14,2636,RELEASED,20-04-2026
MO-7262,M-1283,WC-13,3198,OPEN,2024-12-03
MO-7263,M-1158,WC-2,2078,COMPLETED,2026-01-07
MO-7264,M-1125,WC-5,3397,RELEASED,2026-03-22
MO-7265,M-1217,WC-12,1196,OPEN,2025-08-24
MO-7266,M-1267,WC-5,1880,completed,2026-12-23
MO-7267,M-1293,WC-11,1626,open,2024-03-09
MO-7268,M-1028,WC-9,998,RELEASED,2026-11-22
MO-7269,M-1259,WC-9,1524,OPEN,2025-06-06
MO-7270,M-1262,WC-7,3587,OPEN,09/16/2024
MO-7271,M-1084,WC-8,3580,COMPLETED,2024-12-27
MO-7272,M-1036,WC-11,294,released,09/27/2025
MO-7273,M-1116,WC-12,2984,OPEN,06/16/2025
MO-7274,M-1104,WC-10,2060,completed,2024-06-06
MO-7275,M-1129,WC-11,3942,RELEASED,2026-12-26
MO-7276,M-1017,WC-13,2907,released,16-09-2026
MO-7277,M-1163,WC-2,3509,released,2026-05-23
MO-7278,M-1298,WC-5,358,open,09/04/2024
MO-7279,M-1065,WC-2,2387,COMPLETED,04/17/2026
MO-7280,M-1052,WC-14,1273,completed,09/14/2024
MO-7281,M-1205,WC-11,2714,completed,2026-11-19
MO-7282,M-1157,WC-12,1537,COMPLETED,24-10-2024
MO-7283,M-1046,WC-2,3002,released,12/10/2025
MO-7284,M-1192,WC-13,1818,open,06/09/2026
MO-7285,M-1026,WC-11,2069,RELEASED,07/02/2026
MO-7286,M-1123,WC-6,980,COMPLETED,2024-05-13
MO-7287,M-1092,WC-9,4664,RELEASED,2026-08-13
MO-7288,M-1130,WC-15,3541,OPEN,2026-05-12
MO-7289,M-1100,WC-15,2161,RELEASED,10/19/2024
MO-7290,M-1137,WC-15,2371,open,04/12/2026
MO-7291,M-1099,WC-13,1190,COMPLETED,2026-08-06
MO-7292,M-1164,WC-9,1272,open,06/10/2026
MO-7293,M-1137,WC-8,4832,released,2024-10-18
MO-7294,M-1006,WC-3,3005,completed,2024-09-22
MO-7295,M-1206,WC-15,4869,RELEASED,2024-03-14
MO-7296,M-1196,WC-6,3760,RELEASED,2026-09-09
MO-7297,M-1028,WC-3,4753,OPEN,08/21/2025
MO-7298,M-1130,WC-7,360,completed,09/19/2026
MO-7299,M-1266,WC-5,3365,RELEASED,10-10-2024
MO-7300,M-1019,WC-4,4604,released,01/01/2025
MO-7301,M-1191,WC-13,2869,completed,2024-09-20
MO-7302,M-1017,WC-12,4739,RELEASED,01/27/2026
MO-7303,M-1006,WC-3,283,OPEN,20-08-2026
MO-7304,M-1290,WC-14,2304,completed,2025-12-17
MO-7305,M-1211,WC-12,979,released,20-12-2025
MO-7306,M-1164,WC-11,4804,released,2026-10-05
MO-7307,M-1272,WC-11,3284,open,2025-11-19
MO-7308,M-1299,WC-15,3001,open,2024-02-02
MO-7309,M-1079,WC-15,4891,OPEN,2025-04-05
MO-7310,M-1153,WC-2,1187,completed,03-04-2026
MO-7311,M-1236,WC-5,4145,completed,01/22/2026
MO-7312,M-1025,WC-9,811,open,2024-01-05
MO-7313,M-1045,WC-4,4222,completed,2026-10-05
MO-7314,M-1200,WC-13,3746,OPEN,07/16/2024
MO-7315,M-1244,WC-10,2174,open,10/28/2024
MO-7316,M-1050,WC-11,4053,completed,20-07-2025
MO-7317,M-1257,WC-4,4818,OPEN,2026-06-28
MO-7318,M-1094,WC-15,4659,RELEASED,2025-11-25
MO-7319,M-1020,WC-6,938,released,08/18/2025
MO-7320,M-1172,WC-9,2627,released,2025-05-08
MO-7321,M-1052,WC-4,1928,COMPLETED,2024-06-20
MO-7322,M-1193,WC-6,3445,COMPLETED,2026-07-05
MO-7323,M-1178,WC-4,2585,completed,11/02/2026
MO-7324,M-1285,WC-7,1301,released,2024-11-22
MO-7325,M-1262,WC-4,487,COMPLETED,11/09/2026
MO-7326,M-1260,WC-7,815,RELEASED,2026-01-21
MO-7327,M-1010,WC-13,3222,released,2026-01-26
MO-7328,M-1295,WC-3,2571,RELEASED,05/04/2025
MO-7329,M-1142,WC-5,1805,COMPLETED,2026-08-12
MO-7330,M-1270,WC-11,418,completed,05/27/2024
MO-7331,M-1103,WC-10,305,COMPLETED,2025-04-21
MO-7332,M-1011,WC-1,1642,open,2025-01-07
MO-7333,M-1176,WC-8,202,completed,2026-09-12
MO-7334,M-1169,WC-4,1701,completed,12/09/2026
MO-7335,M-1170,WC-3,1472,open,2026-06-23
MO-7336,M-1107,WC-3,769,COMPLETED,09/09/2024
MO-7337,M-1229,WC-11,2137,COMPLETED,2026-07-09
MO-7338,M-1039,WC-8,316,COMPLETED,10/13/2025
MO-7339,M-1153,WC-1,413,released,2026-05-10
MO-7340,M-1163,WC-15,2014,open,25-10-2024
MO-7341,M-1085,WC-3,1759,completed,2026-03-05
MO-7342,M-1154,WC-9,3990,open,18-03-2024
MO-7343,M-1086,WC-13,4326,OPEN,10/24/2024
MO-7344,M-1062,WC-13,350,released,2024-02-01
MO-7345,M-1020,WC-9,4223,released,08/03/2025
MO-7346,M-1182,WC-4,2927,RELEASED,2026-03-08
MO-7347,M-1181,WC-13,1151,OPEN,2026-11-12
MO-7348,M-1100,WC-4,414,completed,10/25/2026
MO-7349,M-1068,WC-14,1887,open,2025-03-02
MO-7350,M-1010,WC-11,1895,completed,02/15/2026
MO-7351,M-1070,WC-9,4420,open,2026-05-11
MO-7352,M-1182,WC-7,4769,OPEN,09-06-2024
MO-7353,M-1009,WC-9,2507,released,2026-12-24
MO-7354,M-1288,WC-14,3450,open,2025-08-22
MO-7355,M-1032,WC-13,2840,COMPLETED,2026-03-13
MO-7356,M-1232,WC-4,1067,OPEN,2025-08-15
MO-7357,M-1035,WC-2,1591,open,2024-10-04
MO-7358,M-1183,WC-13,4732,open,26-05-2026
MO-7359,M-1118,WC-10,188,OPEN,05/03/2024
MO-7360,M-1121,WC-12,1484,RELEASED,2024-09-17
MO-7361,M-1201,WC-5,969,OPEN,23-08-2026
MO-7362,M-1239,WC-10,3855,open,12/08/2024
MO-7363,M-1165,WC-1,4987,OPEN,01-09-2025
MO-7364,M-1266,WC-15,1795,RELEASED,15-07-2024
MO-7365,M-1220,WC-3,914,RELEASED,05-02-2025
MO-7366,M-1089,WC-15,2975,open,2026-08-10
MO-7367,M-1258,WC-9,3716,released,05/20/2026
MO-7368,M-1130,WC-4,4854,OPEN,04/11/2026
MO-7369,M-1138,WC-9,562,released,2024-12-10
MO-7370,M-1186,WC-11,2178,completed,2026-10-10
MO-7371,M-1258,WC-12,4735,open,03/25/2024
MO-7372,M-1260,WC-6,1574,open,22-09-2025
MO-7373,M-1222,WC-15,2968,COMPLETED,2026-12-16
MO-7374,M-1186,WC-3,921,completed,10-08-2024
MO-7375,M-1255,WC-9,1697,open,2026-01-25
MO-7376,M-1293,WC-2,3679,open,2025-02-03
MO-7377,M-1027,WC-4,983,completed,03-09-2025
MO-7378,M-1205,WC-14,4223,open,26-02-2025
MO-7379,M-1197,WC-8,3043,released,07-03-2025
MO-7380,M-1207,WC-12,1681,released,2026-12-12
MO-7381,M-1033,WC-3,1542,COMPLETED,08-03-2025
MO-7382,M-1149,WC-8,1888,COMPLETED,03/06/2026
MO-7383,M-1084,WC-15,1726,RELEASED,19-05-2025
MO-7384,M-1232,WC-3,727,OPEN,04/03/2025
MO-7385,M-1107,WC-15,1412,released,2025-08-01
MO-7386,M-1023,WC-14,2349,RELEASED,10/16/2024
MO-7387,M-1139,WC-15,3721,released,2026-03-11
MO-7388,M-1025,WC-10,1963,completed,2025-05-07
MO-7389,M-1073,WC-12,3595,COMPLETED,2025-04-16
MO-7390,M-1084,WC-14,3176,COMPLETED,08/21/2025
MO-7391,M-1070,WC-8,4133,completed,10/14/2025
MO-7392,M-1196,WC-2,4992,RELEASED,06/20/2026
MO-7393,M-1181,WC-14,3328,RELEASED,04/22/2024
MO-7394,M-1148,WC-6,2666,released,06/22/2024
MO-7395,M-1022,WC-1,3206,COMPLETED,04/03/2026
MO-7396,M-1285,WC-3,1918,completed,2024-05-06
MO-7397,M-1172,WC-14,2212,OPEN,14-04-2026
MO-7398,M-1244,WC-11,774,COMPLETED,25-10-2024
MO-7399,M-1156,WC-11,4649,COMPLETED,2024-08-26
MO-7400,M-1010,WC-3,2166,completed,2024-12-22
MO-7401,M-1009,WC-4,107,completed,2025-12-17
MO-7402,M-1092,WC-4,3139,COMPLETED,2024-02-07
MO-7403,M-1183,WC-6,3339,completed,2025-01-26
MO-7404,M-1050,WC-14,3045,RELEASED,08/19/2024
MO-7405,M-1132,WC-5,1930,open,2025-11-15
MO-7406,M-1216,WC-15,124,released,13-11-2025
MO-7407,M-1065,WC-13,3441,RELEASED,03/17/2025
MO-7408,M-1155,WC-4,2754,released,2025-01-17
MO-7409,M-1067,WC-4,811,completed,02/10/2024
MO-7410,M-1190,WC-8,2909,completed,2024-06-24
MO-7411,M-1281,WC-6,2627,OPEN,2024-03-24
MO-7412,M-1042,WC-12,1250,COMPLETED,10-03-2024
MO-7413,M-1033,WC-2,1508,RELEASED,15-11-2025
MO-7414,M-1176,WC-9,2787,released,2025-02-11
MO-7415,M-1211,WC-3,4394,OPEN,2026-07-15
MO-7416,M-1028,WC-4,1496,OPEN,04/09/2026
MO-7417,M-1254,WC-8,3733,released,11/16/2025
MO-7418,M-1272,WC-5,1497,OPEN,22-11-2025
MO-7419,M-1055,WC-11,3383,RELEASED,12/18/2024
MO-7420,M-1207,WC-14,4312,open,2025-03-27
MO-7421,M-1107,WC-5,2054,released,02/13/2025
MO-7422,M-1182,WC-12,1504,completed,21-01-2025
MO-7423,M-1236,WC-8,4892,released,2024-07-09
MO-7424,M-1233,WC-5,2394,OPEN,2025-04-05
MO-7425,M-1204,WC-1,4638,open,08/23/2026
MO-7426,M-1279,WC-3,3227,open,2025-01-03
MO-7427,M-1021,WC-6,855,released,2025-11-10
MO-7428,M-1178,WC-1,1556,open,2025-05-15
MO-7429,M-1049,WC-7,4254,open,2024-10-19
MO-7430,M-1145,WC-11,686,completed,02/23/2024
MO-7431,M-1088,WC-2,1759,OPEN,2024-11-08
MO-7432,M-1080,WC-4,2935,OPEN,05/12/2025
MO-7433,M-1208,WC-7,1057,RELEASED,08/13/2024
MO-7434,M-1143,WC-9,3876,open,2024-02-03
MO-7435,M-1142,WC-1,3801,open,26-02-2025
MO-7436,M-1036,WC-9,3524,completed,01/11/2026
MO-7437,M-1119,WC-9,2407,COMPLETED,06/17/2024
MO-7438,M-1262,WC-4,4113,completed,2024-01-17
MO-7439,M-1133,WC-4,1285,released,06-09-2025
MO-7440,M-1158,WC-3,4133,completed,2024-07-02
MO-7441,M-1187,WC-12,3267,COMPLETED,2025-10-27
MO-7442,M-1283,WC-4,3860,open,21-09-2024
MO-7443,M-1120,WC-5,2679,RELEASED,02/15/2026
MO-7444,M-1076,WC-6,4577,completed,2025-07-05
MO-7445,M-1222,WC-12,4101,OPEN,12/13/2026
MO-7446,M-1240,WC-3,1424,OPEN,06/02/2026
MO-7447,M-1067,WC-11,4232,completed,2026-07-11
MO-7448,M-1241,WC-13,22,released,2026-02-10
MO-7449,M-1286,WC-12,3680,released,03/14/2024
MO-7450,M-1187,WC-3,1347,completed,02-05-2025
MO-7451,M-1284,WC-13,4929,RELEASED,05/02/2024
MO-7452,M-1143,WC-2,4190,OPEN,10/12/2026
MO-7453,M-1017,WC-1,24,OPEN,06/13/2025
MO-7454,M-1281,WC-5,1105,released,2025-10-12
MO-7455,M-1223,WC-1,2868,open,05/03/2024
MO-7456,M-1056,WC-2,4842,OPEN,2026-11-02
MO-7457,M-1297,WC-8,4349,OPEN,2025-11-15
MO-7458,M-1243,WC-9,2149,COMPLETED,2024-06-02
MO-7459,M-1039,WC-14,3354,released,2024-08-26
MO-7460,M-1069,WC-10,4323,OPEN,28-12-2026
MO-7461,M-1065,WC-9,1254,released,05-11-2026
MO-7462,M-1199,WC-2,1929,released,2025-04-12
MO-7463,M-1223,WC-8,3732,open,2025-08-25
MO-7464,M-1077,WC-6,4576,COMPLETED,04-01-2026
MO-7465,M-1257,WC-4,3906,completed,2024-08-02
MO-7466,M-1206,WC-9,3565,released,2025-09-14
MO-7467,M-1206,WC-14,1941,RELEASED,2024-05-07
MO-7468,M-1099,WC-4,51,OPEN,2026-10-20
MO-7469,M-1167,WC-7,397,OPEN,2025-11-14
MO-7470,M-1257,WC-10,2373,COMPLETED,07/27/2026
MO-7471,M-1283,WC-6,4478,completed,12/03/2025
MO-7472,M-1097,WC-10,577,COMPLETED,2024-08-10
MO-7473,M-1144,WC-4,3704,OPEN,2025-07-05
MO-7474,M-1022,WC-11,2193,released,2026-02-21
MO-7475,M-1146,WC-15,49,completed,19-06-2026
MO-7476,M-1229,WC-9,3601,released,01/12/2024
MO-7477,M-1254,WC-11,1965,OPEN,11/15/2025
MO-7478,M-1110,WC-9,4856,OPEN,2025-09-28
MO-7479,M-1041,WC-3,3110,COMPLETED,2024-03-23
MO-7480,M-1157,WC-9,3173,RELEASED,2025-09-25
MO-7481,M-1140,WC-5,1223,completed,2024-06-07
MO-7482,M-1062,WC-11,1305,OPEN,08/20/2025
MO-7483,M-1111,WC-11,1907,RELEASED,07/27/2024
MO-7484,M-1247,WC-5,2967,released,03/11/2026
MO-7485,M-1061,WC-2,3894,completed,2024-04-23
MO-7486,M-1079,WC-9,2025,open,2025-06-18
MO-7487,M-1261,WC-1,4790,open,2026-01-26
MO-7488,M-1014,WC-3,1547,released,14-02-2026
MO-7489,M-1123,WC-6,3326,RELEASED,2025-08-20
MO-7490,M-1160,WC-3,3947,COMPLETED,03-10-2026
MO-7491,M-1284,WC-14,4092,OPEN,2026-12-09
MO-7492,M-1142,WC-3,892,open,12/14/2026
MO-7493,M-1014,WC-2,1100,open,19-06-2026
MO-7494,M-1084,WC-11,3887,RELEASED,05-07-2026
MO-7495,M-1160,WC-4,4252,RELEASED,2025-04-15
MO-7496,M-1060,WC-10,2348,OPEN,03/09/2024
MO-7497,M-1016,WC-6,4622,released,03/10/2026
MO-7498,M-1188,WC-13,111,OPEN,2026-11-06
MO-7499,M-1100,WC-10,4291,released,03/27/2024
MO-7500,M-1096,WC-6,676,open,2026-07-15
MO-7501,M-1226,WC-3,1199,open,2026-11-18
MO-7502,M-1201,WC-2,4200,released,2024-09-25
MO-7503,M-1122,WC-2,1441,COMPLETED,28-04-2025
MO-7504,M-1050,WC-6,487,completed,09/09/2026
MO-7505,M-1205,WC-1,3138,completed,2024-12-02
MO-7506,M-1132,WC-13,946,RELEASED,05/13/2025
MO-7507,M-1162,WC-1,1633,completed,2025-04-21
MO-7508,M-1103,WC-5,4340,OPEN,07/09/2024
MO-7509,M-1136,WC-13,3089,RELEASED,2025-02-09
MO-7510,M-1160,WC-8,1875,COMPLETED,2025-02-05
MO-7511,M-1005,WC-6,508,OPEN,2026-06-06
MO-7512,M-1287,WC-4,3461,released,2025-02-16
MO-7513,M-1115,WC-7,27,RELEASED,2026-10-14
MO-7514,M-1263,WC-2,2902,open,12/20/2024
MO-7515,M-1137,WC-10,2959,RELEASED,2024-04-15
MO-7516,M-1281,WC-6,2055,completed,17-02-2025
MO-7517,M-1225,WC-14,677,OPEN,2026-01-20
MO-7518,M-1186,WC-2,931,released,11-11-2026
MO-7519,M-1169,WC-15,1052,open,2024-08-06
MO-7520,M-1109,WC-13,3757,RELEASED,2024-12-08
MO-7521,M-1199,WC-15,4305,COMPLETED,2025-08-10
MO-7522,M-1018,WC-13,3940,open,2026-03-15
MO-7523,M-1035,WC-3,1448,completed,25-11-2025
MO-7524,M-1069,WC-2,663,released,10/19/2026
MO-7525,M-1068,WC-8,2476,RELEASED,18-03-2025
MO-7526,M-1172,WC-15,3985,COMPLETED,06/14/2025
MO-7527,M-1070,WC-2,4644,OPEN,02-03-2025
MO-7528,M-1122,WC-10,1023,released,2024-12-20
MO-7529,M-1068,WC-10,1968,completed,2024-12-08
MO-7530,M-1094,WC-9,3988,open,09/28/2026
MO-7531,M-1231,WC-8,1491,completed,09-04-2025
MO-7532,M-1195,WC-12,2486,open,2025-02-02
MO-7533,M-1092,WC-9,567,completed,2024-01-27
MO-7534,M-1054,WC-4,568,RELEASED,2026-07-13
MO-7535,M-1173,WC-12,4042,completed,2026-04-13
MO-7536,M-1297,WC-9,461,released,2024-08-12
MO-7537,M-1026,WC-7,1302,released,2024-12-15
MO-7538,M-1252,WC-13,1989,open,2026-11-23
MO-7539,M-1244,WC-15,3255,RELEASED,2024-09-04
MO-7540,M-1242,WC-6,1582,completed,08/11/2026
MO-7541,M-1155,WC-4,1608,RELEASED,03/13/2025
MO-7542,M-1025,WC-15,440,released,07/07/2024
MO-7543,M-1214,WC-5,2747,completed,2024-08-13
MO-7544,M-1212,WC-13,220,RELEASED,05/28/2025
MO-7545,M-1201,WC-3,4057,COMPLETED,2024-02-20
MO-7546,M-1122,WC-12,1853,OPEN,2025-08-28
MO-7547,M-1104,WC-7,1614,COMPLETED,02/02/2026
MO-7548,M-1168,WC-3,2650,COMPLETED,2025-01-07
MO-7549,M-1022,WC-5,2127,COMPLETED,28-03-2026
MO-7550,M-1260,WC-7,4238,completed,2025-03-27
MO-7551,M-1159,WC-6,2795,open,2026-09-16
MO-7552,M-1080,WC-2,824,RELEASED,02/26/2026
MO-7553,M-1161,WC-8,1882,completed,07/05/2024
MO-7554,M-1017,WC-15,3252,completed,17-03-2025
MO-7555,M-1199,WC-12,1409,completed,05-01-2025
MO-7556,M-1263,WC-5,2836,released,2026-08-08
MO-7557,M-1195,WC-3,4309,released,2024-12-15
MO-7558,M-1133,WC-9,645,RELEASED,2026-12-17
MO-7559,M-1192,WC-1,3384,COMPLETED,2026-07-02
MO-7560,M-1029,WC-10,201,open,03/22/2025
MO-7561,M-1261,WC-9,238,OPEN,2024-07-08
MO-7562,M-1281,WC-3,154,COMPLETED,2024-02-18
MO-7563,M-1001,WC-1,1853,OPEN,2025-02-07
MO-7564,M-1052,WC-10,1652,released,12-04-2025
MO-7565,M-1135,WC-15,2183,completed,2025-01-05
MO-7566,M-1062,WC-2,3071,completed,2025-07-20
MO-7567,M-1183,WC-13,1122,released,2025-05-03
MO-7568,M-1078,WC-11,940,completed,06/05/2026
MO-7569,M-1267,WC-3,31,COMPLETED,03/24/2024
MO-7570,M-1125,WC-7,3166,completed,2026-02-23
MO-7571,M-1201,WC-5,647,OPEN,2025-02-08
MO-7572,M-1212,WC-3,1200,RELEASED,04/04/2024
MO-7573,M-1019,WC-9,4196,completed,2024-11-09
MO-7574,M-1157,WC-13,3398,completed,01/10/2024
MO-7575,M-1232,WC-10,2349,released,01/09/2024
MO-7576,M-1121,WC-14,1145,completed,06/13/2025
MO-7577,M-1089,WC-4,3475,COMPLETED,2026-08-16
MO-7578,M-1206,WC-8,4416,released,04/07/2024
MO-7579,M-1222,WC-15,3916,COMPLETED,2025-09-21
MO-7580,M-1001,WC-12,4509,RELEASED,2024-12-23
MO-7581,M-1233,WC-2,4194,RELEASED,2025-12-20
MO-7582,M-1212,WC-1,4313,OPEN,2026-01-07
MO-7583,M-1029,WC-7,1198,open,2026-10-06
MO-7584,M-1158,WC-7,26,released,07/28/2025
MO-7585,M-1212,WC-12,3413,released,2025-08-07
MO-7586,M-1241,WC-7,4384,completed,2024-03-13
MO-7587,M-1172,WC-7,2275,COMPLETED,2024-07-27
MO-7588,M-1169,WC-7,2583,RELEASED,2025-05-22
MO-7589,M-1269,WC-6,1236,RELEASED,03/23/2025
MO-7590,M-1131,WC-14,2882,released,01/22/2025
MO-7591,M-1061,WC-4,1344,released,2025-02-12
MO-7592,M-1232,WC-9,3029,completed,24-10-2024
MO-7593,M-1141,WC-8,1838,open,10-12-2025
MO-7594,M-1198,WC-10,1745,released,02/21/2026
MO-7595,M-1169,WC-4,563,RELEASED,2024-07-15
MO-7596,M-1267,WC-10,2230,RELEASED,2025-03-27
MO-7597,M-1007,WC-15,2921,COMPLETED,2026-09-14
MO-7598,M-1079,WC-9,1339,released,05/23/2024
MO-7599,M-1194,WC-14,2480,released,2026-09-11
MO-7600,M-1100,WC-12,2687,open,2024-02-23
MO-7601,M-1178,WC-9,2454,completed,06/18/2025
MO-7602,M-1151,WC-9,1903,RELEASED,2025-05-15
MO-7603,M-1182,WC-5,2570,RELEASED,2024-08-08
MO-7604,M-1235,WC-15,55,RELEASED,2026-05-15
MO-7605,M-1219,WC-12,526,OPEN,06/04/2024
MO-7606,M-1080,WC-8,1258,COMPLETED,2025-02-07
MO-7607,M-1026,WC-9,861,OPEN,2024-06-12
MO-7608,M-1036,WC-1,3429,RELEASED,2026-10-28
MO-7609,M-1096,WC-15,2993,released,2024-08-03
MO-7610,M-1085,WC-12,1923,RELEASED,11/15/2024
MO-7611,M-1289,WC-15,4891,completed,2025-12-02
MO-7612,M-1013,WC-12,3639,COMPLETED,06-07-2025
MO-7613,M-1021,WC-3,1490,released,2026-08-27
MO-7614,M-1191,WC-13,1914,open,24-02-2024
MO-7615,M-1144,WC-10,1982,COMPLETED,05/09/2025
MO-7616,M-1036,WC-7,227,released,2025-07-28
MO-7617,M-1125,WC-14,1928,RELEASED,01/13/2025
MO-7618,M-1161,WC-7,677,RELEASED,23-06-2024
MO-7619,M-1295,WC-13,3024,released,2026-05-16
MO-7620,M-1163,WC-13,3714,RELEASED,2026-12-06
MO-7621,M-1101,WC-5,984,released,01/12/2024
MO-7622,M-1049,WC-8,527,released,2026-10-10
MO-7623,M-1068,WC-7,4495,released,11/19/2026
MO-7624,M-1038,WC-14,4083,RELEASED,05-06-2025
MO-7625,M-1003,WC-5,2397,OPEN,2025-01-11
MO-7626,M-1132,WC-3,3551,COMPLETED,2026-03-12
MO-7627,M-1289,WC-6,810,released,02/18/2025
MO-7628,M-1106,WC-13,3164,released,04/13/2026
MO-7629,M-1246,WC-13,2511,released,11-01-2026
MO-7630,M-1032,WC-13,1073,released,2026-07-17
MO-7631,M-1153,WC-11,4181,RELEASED,2025-10-24
MO-7632,M-1291,WC-14,1503,released,10/18/2025
MO-7633,M-1267,WC-3,4129,released,2024-11-03
MO-7634,M-1072,WC-4,454,released,2024-03-28
MO-7635,M-1024,WC-2,3498,OPEN,2024-03-21
MO-7636,M-1057,WC-12,3822,COMPLETED,15-12-2026
MO-7637,M-1051,WC-10,581,open,01/17/2025
MO-7638,M-1045,WC-5,1738,completed,2024-05-27
MO-7639,M-1030,WC-10,4822,RELEASED,2026-08-21
MO-7640,M-1242,WC-12,2914,OPEN,2024-05-03
MO-7641,M-1100,WC-15,469,RELEASED,11/12/2026
MO-7642,M-1009,WC-6,2066,completed,2025-04-15
MO-7643,M-1270,WC-4,4076,RELEASED,2024-05-11
MO-7644,M-1117,WC-6,4853,open,21-03-2025
MO-7645,M-1226,WC-13,1599,RELEASED,20-01-2025
MO-7646,M-1289,WC-10,4251,completed,21-10-2024
MO-7647,M-1088,WC-10,2244,completed,22-06-2025
MO-7648,M-1028,WC-3,4470,COMPLETED,08-05-2025
MO-7649,M-1284,WC-1,4660,RELEASED,2026-10-01
MO-7650,M-1299,WC-12,3044,COMPLETED,05/28/2026
MO-7651,M-1140,WC-10,151,released,14-04-2025
MO-7652,M-1235,WC-14,521,completed,2025-03-27
MO-7653,M-1130,WC-10,3374,completed,2025-10-24
MO-7654,M-1139,WC-15,1624,RELEASED,2025-09-23
MO-7655,M-1186,WC-12,2109,open,05/07/2026
MO-7656,M-1242,WC-6,4419,open,2026-06-23
MO-7657,M-1117,WC-3,4730,released,12-07-2026
MO-7658,M-1004,WC-13,3810,COMPLETED,09/23/2026
MO-7659,M-1053,WC-2,4749,OPEN,2024-03-16
MO-7660,M-1288,WC-8,4358,RELEASED,06/24/2024
MO-7661,M-1062,WC-5,418,RELEASED,09/05/2026
MO-7662,M-1248,WC-6,3977,completed,2024-08-28
MO-7663,M-1010,WC-6,2904,completed,2026-09-19
MO-7664,M-1044,WC-7,4096,completed,02/12/2025
MO-7665,M-1206,WC-4,4507,open,2025-09-23
MO-7666,M-1073,WC-1,51,OPEN,2025-10-10
MO-7667,M-1024,WC-13,1101,open,2025-07-22
MO-7668,M-1010,WC-9,4077,completed,06/01/2024
MO-7669,M-1063,WC-13,1407,COMPLETED,2026-07-24
MO-7670,M-1224,WC-14,4629,OPEN,06/05/2026
MO-7671,M-1118,WC-12,4464,released,08-08-2025
MO-7672,M-1184,WC-5,3812,released,10/02/2025
MO-7673,M-1118,WC-11,2367,OPEN,2024-04-05
MO-7674,M-1218,WC-11,418,completed,01/03/2025
MO-7675,M-1207,WC-4,1753,released,07/06/2025
MO-7676,M-1122,WC-12,4805,open,08-03-2025
MO-7677,M-1147,WC-5,3762,released,11/20/2024
MO-7678,M-1291,WC-4,1714,RELEASED,05/05/2025
MO-7679,M-1013,WC-7,3501,completed,2025-10-17
MO-7680,M-1290,WC-1,1463,released,20-12-2026
MO-7681,M-1150,WC-8,1940,completed,2024-08-03
MO-7682,M-1296,WC-1,2807,completed,2024-02-26
MO-7683,M-1188,WC-2,4739,OPEN,05/25/2026
MO-7684,M-1008,WC-2,1268,OPEN,04-06-2026
MO-7685,M-1088,WC-5,4430,completed,14-01-2024
MO-7686,M-1022,WC-2,1631,released,2025-10-22
MO-7687,M-1103,WC-12,1283,open,19-09-2026
MO-7688,M-1156,WC-10,1069,COMPLETED,05/13/2024
MO-7689,M-1063,WC-3,4106,OPEN,2024-09-24
MO-7690,M-1046,WC-14,1271,open,2026-06-13
MO-7691,M-1279,WC-4,1048,completed,2026-06-03
MO-7692,M-1287,WC-8,1756,RELEASED,2026-05-15
MO-7693,M-1010,WC-11,2466,released,09/21/2025
MO-7694,M-1029,WC-11,1522,OPEN,05/09/2026
MO-7695,M-1089,WC-15,1155,COMPLETED,2025-07-19
MO-7696,M-1262,WC-15,1957,completed,2024-12-14
MO-7697,M-1223,WC-2,1494,completed,2025-08-18
MO-7698,M-1162,WC-9,4557,OPEN,2025-02-17
MO-7699,M-1267,WC-2,3168,open,2025-08-06
MO-7700,M-1058,WC-6,3517,completed,14-12-2025
MO-7701,M-1080,WC-5,132,OPEN,12-03-2024
MO-7702,M-1211,WC-1,4257,RELEASED,10/02/2026
MO-7703,M-1066,WC-10,3967,completed,01/11/2025
MO-7704,M-1136,WC-5,1117,OPEN,19-12-2026
MO-7705,M-1118,WC-6,783,open,11/08/2026
MO-7706,M-1011,WC-11,2459,released,11/04/2024
MO-7707,M-1271,WC-2,1485,RELEASED,2024-10-22
MO-7708,M-1201,WC-11,3839,OPEN,2026-03-25
MO-7709,M-1272,WC-2,1483,released,06-10-2025
MO-7710,M-1183,WC-4,2385,open,2024-10-27
MO-7711,M-1086,WC-11,4946,RELEASED,05/26/2025
MO-7712,M-1150,WC-4,4637,RELEASED,02/11/2025
MO-7713,M-1005,WC-1,1230,open,10/22/2026
MO-7714,M-1102,WC-10,1103,OPEN,2025-05-02
MO-7715,M-1119,WC-3,4382,released,2025-06-18
MO-7716,M-1079,WC-7,2559,COMPLETED,2025-02-17
MO-7717,M-1268,WC-7,4843,open,2024-04-24
MO-7718,M-1269,WC-11,717,COMPLETED,2025-08-14
MO-7719,M-1211,WC-6,3449,OPEN,2026-04-07
MO-7720,M-1190,WC-12,1712,COMPLETED,2026-10-10
MO-7721,M-1287,WC-3,2180,RELEASED,2024-07-07
MO-7722,M-1269,WC-9,4880,OPEN,2024-11-14
MO-7723,M-1089,WC-1,4327,completed,03/22/2026
MO-7724,M-1033,WC-13,440,open,2024-11-26
MO-7725,M-1036,WC-13,2354,completed,02/21/2026
MO-7726,M-1139,WC-14,4272,released,2024-01-04
MO-7727,M-1254,WC-7,1542,COMPLETED,2026-10-19
MO-7728,M-1148,WC-1,2155,open,03-02-2026
MO-7729,M-1165,WC-2,3940,released,2026-01-26
MO-7730,M-1228,WC-4,340,OPEN,2026-01-04
MO-7731,M-1111,WC-4,4764,released,06-01-2026
MO-7732,M-1178,WC-8,495,completed,2025-04-03
MO-7733,M-1212,WC-7,1818,open,19-08-2026
MO-7734,M-1240,WC-14,4636,completed,2025-07-04
MO-7735,M-1210,WC-8,4164,released,03/10/2026
MO-7736,M-1202,WC-5,1934,open,2025-09-11
MO-7737,M-1207,WC-9,896,completed,05/21/2025
MO-7738,M-1279,WC-2,2031,COMPLETED,12/05/2025
MO-7739,M-1095,WC-2,2224,OPEN,01-06-2024
MO-7740,M-1076,WC-10,1646,COMPLETED,10/04/2025
MO-7741,M-1211,WC-4,1703,RELEASED,01/18/2026
MO-7742,M-1042,WC-10,3085,RELEASED,10/06/2026
MO-7743,M-1169,WC-14,2869,released,01/04/2026
MO-7744,M-1194,WC-8,2654,RELEASED,10-01-2024
MO-7745,M-1063,WC-6,2008,COMPLETED,2025-03-09
MO-7746,M-1285,WC-11,1902,open,05/26/2026
MO-7747,M-1140,WC-7,2566,OPEN,19-12-2026
MO-7748,M-1074,WC-1,2468,completed,2025-07-27
MO-7749,M-1230,WC-1,3415,open,10/01/2025
MO-7750,M-1228,WC-5,3672,completed,2026-09-24
MO-7751,M-1077,WC-6,452,COMPLETED,2025-10-28
MO-7752,M-1021,WC-9,1806,RELEASED,2025-12-16
MO-7753,M-1113,WC-4,1107,OPEN,2025-11-08
MO-7754,M-1128,WC-10,3830,OPEN,18-09-2026
MO-7755,M-1176,WC-5,4699,completed,2024-12-28
MO-7756,M-1291,WC-12,3666,open,2025-04-07
MO-7757,M-1177,WC-9,4447,completed,08/05/2026
MO-7758,M-1245,WC-4,1445,open,2026-11-09
MO-7759,M-1285,WC-13,2956,open,09/08/2026
MO-7760,M-1045,WC-6,4747,OPEN,2024-02-26
MO-7761,M-1012,WC-14,1911,completed,22-12-2024
MO-7762,M-1129,WC-2,165,completed,2025-12-02
MO-7763,M-1138,WC-15,1960,open,2024-09-05
MO-7764,M-1236,WC-6,1839,open,09/27/2025
MO-7765,M-1093,WC-9,4749,released,2024-06-12
MO-7766,M-1174,WC-9,2091,completed,27-02-2025
MO-7767,M-1191,WC-15,3725,open,02/23/2024
MO-7768,M-1199,WC-1,1612,released,20-05-2026
MO-7769,M-1055,WC-11,2187,completed,2024-10-02
MO-7770,M-1266,WC-12,2523,COMPLETED,17-05-2024
MO-7771,M-1078,WC-5,701,COMPLETED,15-03-2024
MO-7772,M-1135,WC-1,654,OPEN,10/18/2025
MO-7773,M-1239,WC-7,762,OPEN,01/12/2026
MO-7774,M-1211,WC-13,1578,open,02/07/2026
MO-7775,M-1010,WC-5,3344,released,01/07/2024
MO-7776,M-1267,WC-8,3677,released,26-07-2026
MO-7777,M-1250,WC-4,1380,open,11/16/2026
MO-7778,M-1138,WC-7,190,completed,21-08-2024
MO-7779,M-1161,WC-8,497,completed,12/06/2025
MO-7780,M-1164,WC-6,2504,completed,07-07-2026
MO-7781,M-1063,WC-14,4425,COMPLETED,2025-07-23
MO-7782,M-1077,WC-11,202,OPEN,21-03-2025
MO-7783,M-1158,WC-4,1071,completed,2025-07-07
MO-7784,M-1182,WC-14,1646,RELEASED,2024-07-16
MO-7785,M-1237,WC-4,1913,RELEASED,2026-08-05
MO-7786,M-1080,WC-13,1349,completed,25-12-2024
MO-7787,M-1104,WC-14,4119,open,2025-04-16
MO-7788,M-1052,WC-6,1791,released,20-10-2025
MO-7789,M-1065,WC-2,2113,RELEASED,28-05-2025
MO-7790,M-1112,WC-3,4630,open,2026-07-26
MO-7791,M-1201,WC-1,653,RELEASED,12/04/2024
MO-7792,M-1078,WC-2,2045,released,06/18/2026
MO-7793,M-1144,WC-7,1479,COMPLETED,18-11-2024
MO-7794,M-1172,WC-3,2088,open,02/04/2024
MO-7795,M-1240,WC-2,4341,RELEASED,2026-10-11
MO-7796,M-1021,WC-9,2014,open,2024-12-21
MO-7797,M-1149,WC-10,891,released,09-06-2026
MO-7798,M-1097,WC-14,4665,open,02/22/2024
MO-7799,M-1031,WC-12,3889,completed,2026-09-09
MO-7800,M-1000,WC-5,1627,open,27-02-2026
MO-7801,M-1206,WC-2,2497,completed,2025-02-22
MO-7802,M-1054,WC-11,1845,open,22-12-2026
MO-7803,M-1165,WC-6,3856,OPEN,01/14/2024
MO-7804,M-1101,WC-13,1700,RELEASED,2026-03-24
MO-7805,M-1166,WC-3,1270,OPEN,2025-12-06
MO-7806,M-1225,WC-1,714,RELEASED,2026-04-08
MO-7807,M-1147,WC-13,668,RELEASED,2026-06-10
MO-7808,M-1066,WC-11,4576,COMPLETED,27-12-2026
MO-7809,M-1123,WC-8,3730,released,19-07-2025
MO-7810,M-1059,WC-2,1079,open,05/20/2026
MO-7811,M-1289,WC-3,3293,open,2026-11-22
MO-7812,M-1259,WC-10,1546,completed,07/05/2025
MO-7813,M-1129,WC-4,3500,released,09/04/2024
MO-7814,M-1072,WC-5,420,RELEASED,2024-10-10
MO-7815,M-1213,WC-5,435,OPEN,11/26/2024
MO-7816,M-1143,WC-12,4699,open,2025-01-09
MO-7817,M-1100,WC-4,1028,completed,07/06/2025
MO-7818,M-1107,WC-11,2659,RELEASED,2026-01-14
MO-7819,M-1016,WC-8,3047,COMPLETED,08/19/2025
MO-7820,M-1170,WC-9,2665,RELEASED,09/10/2026
MO-7821,M-1186,WC-10,269,COMPLETED,01/09/2026
MO-7822,M-1028,WC-13,2181,released,13-02-2025
MO-7823,M-1085,WC-8,3215,completed,10/23/2026
MO-7824,M-1126,WC-7,1104,completed,05-03-2026
MO-7825,M-1231,WC-6,1130,COMPLETED,10-06-2024
MO-7826,M-1182,WC-4,1953,open,2025-11-18
MO-7827,M-1172,WC-9,1783,RELEASED,11/14/2025
MO-7828,M-1245,WC-2,4127,open,2024-11-05
MO-7829,M-1221,WC-14,4480,completed,25-12-2025
MO-7830,M-1205,WC-2,2593,open,2026-08-07
MO-7831,M-1033,WC-6,2337,COMPLETED,2024-07-05
MO-7832,M-1057,WC-8,4060,COMPLETED,11/22/2026
MO-7833,M-1282,WC-14,597,RELEASED,01-05-2024
MO-7834,M-1201,WC-12,622,COMPLETED,10/11/2026
MO-7835,M-1156,WC-9,3366,OPEN,02-03-2026
MO-7836,M-1037,WC-5,1070,completed,2024-08-03
MO-7837,M-1180,WC-5,2830,released,11-04-2024
MO-7838,M-1076,WC-3,1805,COMPLETED,2026-03-07
MO-7839,M-1022,WC-9,182,OPEN,24-10-2026
MO-7840,M-1253,WC-2,1116,released,2024-11-17
MO-7841,M-1267,WC-1,4735,OPEN,09/14/2024
MO-7842,M-1207,WC-14,1033,OPEN,03-05-2026
MO-7843,M-1246,WC-6,4970,RELEASED,2026-09-02
MO-7844,M-1293,WC-4,4874,COMPLETED,2025-09-13
MO-7845,M-1192,WC-7,3702,COMPLETED,2024-02-22
MO-7846,M-1158,WC-9,4392,open,04/07/2026
MO-7847,M-1070,WC-6,3693,released,07/17/2026
MO-7848,M-1108,WC-7,2001,open,11/06/2025
MO-7849,M-1119,WC-11,1339,completed,2026-12-02
MO-7850,M-1109,WC-8,3949,released,2024-04-10
MO-7851,M-1120,WC-10,2717,completed,2024-02-10
MO-7852,M-1225,WC-13,1395,released,07/12/2025
MO-7853,M-1199,WC-9,4597,OPEN,2026-03-23
MO-7854,M-1109,WC-5,4645,completed,24-04-2025
MO-7855,M-1224,WC-10,4715,open,2026-12-13
MO-7856,M-1209,WC-7,4141,RELEASED,2025-04-06
MO-7857,M-1073,WC-13,3664,completed,02/21/2026
MO-7858,M-1045,WC-10,1669,released,16-06-2025
MO-7859,M-1287,WC-14,153,released,08/07/2025
MO-7860,M-1197,WC-11,1385,COMPLETED,2025-06-05
MO-7861,M-1293,WC-1,4995,RELEASED,2024-01-12
MO-7862,M-1049,WC-14,88,RELEASED,05/13/2024
MO-7863,M-1237,WC-2,1251,COMPLETED,05/17/2026
MO-7864,M-1040,WC-9,453,released,08/25/2026
MO-7865,M-1284,WC-5,3673,COMPLETED,06-10-2024
MO-7866,M-1144,WC-8,3166,open,2024-08-25
MO-7867,M-1255,WC-12,1868,COMPLETED,07-04-2026
MO-7868,M-1094,WC-2,2821,released,12/11/2026
MO-7869,M-1060,WC-1,2342,OPEN,2024-08-16
MO-7870,M-1187,WC-7,286,COMPLETED,2024-11-11
MO-7871,M-1041,WC-5,3515,OPEN,04/06/2026
MO-7872,M-1205,WC-6,4754,OPEN,2024-02-11
MO-7873,M-1241,WC-2,1284,open,10-08-2026
MO-7874,M-1049,WC-13,3987,OPEN,2026-06-09
MO-7875,M-1042,WC-7,4212,released,2025-02-03
MO-7876,M-1040,WC-11,58,COMPLETED,2025-07-21
MO-7877,M-1037,WC-1,1846,completed,04/05/2025
MO-7878,M-1159,WC-14,2275,COMPLETED,2026-05-16
MO-7879,M-1179,WC-14,909,released,10/12/2026
MO-7880,M-1267,WC-15,377,COMPLETED,04-12-2026
MO-7881,M-1159,WC-11,4410,RELEASED,08/22/2024
MO-7882,M-1008,WC-5,2981,released,2026-12-13
MO-7883,M-1269,WC-8,2303,OPEN,2025-07-24
MO-7884,M-1226,WC-2,1037,RELEASED,20-01-2024
MO-7885,M-1087,WC-12,171,released,2026-02-01
MO-7886,M-1284,WC-6,4459,OPEN,28-05-2026
MO-7887,M-1001,WC-5,320,open,2026-11-13
MO-7888,M-1047,WC-11,2322,completed,2026-02-19
MO-7889,M-1278,WC-11,963,released,10/07/2024
MO-7890,M-1283,WC-14,1989,released,02/05/2026
MO-7891,M-1119,WC-11,4750,COMPLETED,15-05-2024
MO-7892,M-1206,WC-10,539,completed,09/27/2026
MO-7893,M-1100,WC-12,4353,OPEN,2026-06-27
MO-7894,M-1183,WC-8,4687,COMPLETED,2024-12-01
MO-7895,M-1103,WC-10,673,completed,2024-12-10
MO-7896,M-1149,WC-15,337,open,2025-02-25
MO-7897,M-1168,WC-8,3053,COMPLETED,04-04-2025
MO-7898,M-1121,WC-1,365,open,2026-08-19
MO-7899,M-1072,WC-1,1532,completed,2024-04-14
MO-7900,M-1236,WC-5,3678,RELEASED,06/15/2024
MO-7901,M-1190,WC-2,733,OPEN,04-05-2025
MO-7902,M-1253,WC-9,3718,open,06-06-2025
MO-7903,M-1027,WC-11,4330,open,05/17/2026
MO-7904,M-1143,WC-2,3993,COMPLETED,03/08/2026
MO-7905,M-1096,WC-2,1980,COMPLETED,2026-11-12
MO-7906,M-1155,WC-15,4401,open,26-06-2024
MO-7907,M-1086,WC-8,3537,open,12/07/2026
MO-7908,M-1026,WC-9,4860,COMPLETED,23-07-2026
MO-7909,M-1097,WC-10,4758,completed,02/18/2026
MO-7910,M-1089,WC-12,1247,completed,2024-09-11
MO-7911,M-1069,WC-3,1109,OPEN,2025-07-06
MO-7912,M-1262,WC-3,2971,released,11/11/2024
MO-7913,M-1172,WC-7,457,completed,14-02-2025
MO-7914,M-1068,WC-1,2193,open,06/13/2026
MO-7915,M-1059,WC-7,1628,COMPLETED,01/21/2024
MO-7916,M-1203,WC-9,646,open,2025-10-22
MO-7917,M-1226,WC-4,2883,completed,01/16/2026
MO-7918,M-1287,WC-14,663,released,2026-05-06
MO-7919,M-1193,WC-14,4761,open,12/09/2026
MO-7920,M-1070,WC-8,1221,released,06/01/2025
MO-7921,M-1188,WC-8,303,released,2024-03-01
MO-7922,M-1006,WC-10,598,COMPLETED,12/03/2026
MO-7923,M-1195,WC-10,2283,OPEN,2025-09-26
MO-7924,M-1159,WC-8,656,COMPLETED,03/17/2024
MO-7925,M-1251,WC-15,1821,released,11/13/2024
MO-7926,M-1136,WC-4,2626,open,02-12-2026
MO-7927,M-1112,WC-14,2426,open,19-03-2026
MO-7928,M-1145,WC-11,3984,OPEN,2024-10-28
MO-7929,M-1222,WC-4,3076,completed,2026-09-13
MO-7930,M-1203,WC-2,942,RELEASED,08/18/2024
MO-7931,M-1127,WC-5,604,completed,2025-06-25
MO-7932,M-1283,WC-4,1995,COMPLETED,11-12-2024
MO-7933,M-1084,WC-9,3510,released,02/08/2025
MO-7934,M-1274,WC-2,574,RELEASED,25-09-2025
MO-7935,M-1034,WC-12,1308,RELEASED,2025-05-21
MO-7936,M-1176,WC-12,34,completed,2026-09-26
MO-7937,M-1078,WC-8,2106,OPEN,04-03-2026
MO-7938,M-1166,WC-13,3797,open,2025-02-06
MO-7939,M-1142,WC-12,2006,open,2024-03-10
MO-7940,M-1122,WC-2,4807,released,02/17/2025
MO-7941,M-1152,WC-9,2169,OPEN,14-12-2026
MO-7942,M-1171,WC-14,913,RELEASED,2024-10-26
MO-7943,M-1185,WC-13,4751,RELEASED,2026-12-18
MO-7944,M-1263,WC-1,713,open,2026-10-04
MO-7945,M-1108,WC-2,1420,released,2024-02-12
MO-7946,M-1231,WC-15,4407,OPEN,2025-11-11
MO-7947,M-1030,WC-3,977,COMPLETED,2024-07-05
MO-7948,M-1279,WC-3,3751,COMPLETED,2026-02-15
MO-7949,M-1120,WC-3,529,open,11/13/2026
MO-7950,M-1291,WC-13,3981,completed,2025-05-07
MO-7951,M-1242,WC-15,321,OPEN,2026-05-13
MO-7952,M-1066,WC-10,740,open,2024-05-19
MO-7953,M-1196,WC-9,1689,RELEASED,04-09-2026
MO-7954,M-1150,WC-1,2373,OPEN,2026-06-05
MO-7955,M-1112,WC-8,2575,OPEN,2025-08-11
MO-7956,M-1200,WC-7,4562,open,03/07/2024
MO-7957,M-1206,WC-11,1935,OPEN,01/04/2025
MO-7958,M-1089,WC-15,4536,released,2025-10-24
MO-7959,M-1286,WC-5,3182,COMPLETED,2026-03-06
MO-7960,M-1059,WC-12,188,completed,2024-11-01
MO-7961,M-1025,WC-1,4329,completed,14-06-2026
MO-7962,M-1123,WC-9,667,COMPLETED,06/21/2026
MO-7963,M-1213,WC-12,2326,RELEASED,2025-12-02
MO-7964,M-1019,WC-4,4816,open,23-07-2026
MO-7965,M-1212,WC-1,104,open,04/08/2025
MO-7966,M-1094,WC-1,1155,COMPLETED,2025-04-12
MO-7967,M-1066,WC-12,220,open,2026-09-08
MO-7968,M-1217,WC-12,983,open,2026-06-18
MO-7969,M-1230,WC-1,1937,RELEASED,07-02-2026
MO-7970,M-1137,WC-4,3412,OPEN,2024-11-21
MO-7971,M-1063,WC-13,552,RELEASED,2025-11-19
MO-7972,M-1038,WC-6,1282,open,2024-02-02
MO-7973,M-1144,WC-14,3874,released,2026-06-16
MO-7974,M-1167,WC-8,2907,RELEASED,25-02-2026
MO-7975,M-1171,WC-9,630,completed,2024-01-03
MO-7976,M-1148,WC-14,2730,COMPLETED,2024-04-05
MO-7977,M-1278,WC-12,578,COMPLETED,06/13/2026
MO-7978,M-1208,WC-14,1326,completed,2026-12-28
MO-7979,M-1168,WC-15,998,completed,01/01/2024
MO-7980,M-1037,WC-10,4242,open,09/06/2025
MO-7981,M-1074,WC-5,2011,open,2026-05-20
MO-7982,M-1007,WC-3,2837,released,2026-03-14
MO-7983,M-1076,WC-3,1533,COMPLETED,2025-11-20
MO-7984,M-1138,WC-8,1707,RELEASED,2025-06-09
MO-7985,M-1277,WC-14,1755,released,2024-11-14
MO-7986,M-1008,WC-6,4593,OPEN,2025-05-22
MO-7987,M-1133,WC-9,3664,open,07-12-2024
MO-7988,M-1217,WC-5,4331,OPEN,10/13/2025
MO-7989,M-1205,WC-14,2589,COMPLETED,2024-10-10
MO-7990,M-1053,WC-13,1829,released,2026-03-14
MO-7991,M-1204,WC-5,1258,completed,15-03-2024
MO-7992,M-1048,WC-10,1333,RELEASED,10/05/2026
MO-7993,M-1226,WC-13,3131,OPEN,2025-04-17
MO-7994,M-1271,WC-7,4549,RELEASED,10/17/2026
MO-7995,M-1048,WC-15,3671,COMPLETED,05-06-2025
MO-7996,M-1264,WC-14,2043,released,12-07-2024
MO-7997,M-1188,WC-15,222,RELEASED,2024-06-11
MO-7998,M-1070,WC-6,2146,open,2024-06-27
MO-7999,M-1072,WC-12,2063,open,2025-10-18
MO-8000,M-1063,WC-10,1927,open,2025-06-01
