batch_id,order_id,material_id,start_date,output_qty
BATCH-1,MO-4493,RM-51,09/25/2024,2636
BATCH-2,MO-6860,RM-89,2024-07-06,2960
BATCH-3,MO-224,RM-45,08/27/2026,2317
BATCH-4,MO-1664,RM-59,2025-04-22,4318
BATCH-5,MO-7930,RM-2,2026-12-09,1003
BATCH-6,MO-5049,RM-10,06-08-2025,582
BATCH-7,MO-8000,RM-68,2024-04-18,1737
BATCH-8,MO-6515,RM-43,24-09-2026,2854
BATCH-9,MO-521,RM-18,2024-12-26,3886
BATCH-10,MO-2682,RM-113,2025-12-07,2741
BATCH-11,MO-3880,RM-22,2026-01-11,3513
BATCH-12,MO-6632,RM-64,2024-03-21,1325
BATCH-13,MO-6773,RM-112,10/24/2026,3718
BATCH-14,MO-1620,RM-55,2025-09-23,3887
BATCH-15,MO-7853,RM-51,11/27/2025,431
BATCH-16,MO-6229,RM-30,2024-01-22,3501
BATCH-17,MO-914,RM-61,2026-06-02,2374
BATCH-18,MO-2077,RM-35,2025-05-19,3415
BATCH-19,MO-5542,RM-17,03/18/2024,3162
BATCH-20,MO-7955,RM-19,24-08-2024,1121
BATCH-21,MO-3293,RM-75,2026-01-07,2985
BATCH-22,MO-385,RM-4,2024-01-23,4436
BATCH-23,MO-1980,RM-96,10/23/2024,17
BATCH-24,MO-6593,RM-19,03/22/2024,1771
BATCH-25,MO-5884,RM-78,05/25/2026,359
BATCH-26,MO-5385,RM-81,08/19/2024,3587
BATCH-27,MO-5007,RM-18,09/20/2026,1069
BATCH-28,MO-2067,RM-42,2024-06-20,2922
BATCH-29,MO-6689,RM-97,12/14/2025,3246
BATCH-30,MO-201,RM-49,2026-03-19,3950
BATCH-31,MO-3804,RM-101,19-05-2025,3133
BATCH-32,MO-2402,RM-86,04/17/2024,4791
BATCH-33,MO-622,RM-71,12/20/2025,3195
BATCH-34,MO-1547,RM-25,07/09/2026,4706
BATCH-35,MO-66,RM-120,10/01/2024,4015
BATCH-36,MO-2918,RM-26,2026-05-17,1176
BATCH-37,MO-1030,RM-49,02/22/2025,2826
BATCH-38,MO-4011,RM-110,2024-08-27,1012
BATCH-39,MO-336,RM-25,2026-01-17,3286
BATCH-40,MO-2775,RM-53,06-06-2026,3654
BATCH-41,MO-7855,RM-59,28-02-2026,249
BATCH-42,MO-1863,RM-58,14-04-2025,1819
BATCH-43,MO-6207,RM-34,2026-07-13,3813
BATCH-44,MO-2390,RM-110,20-09-2026,339
BATCH-45,MO-6939,RM-3,09/18/2026,2738
BATCH-46,MO-4111,RM-51,2024-08-25,3923
BATCH-47,MO-4473,RM-14,2025-01-16,3600
BATCH-48,MO-4335,RM-74,01-06-2024,3250
BATCH-49,MO-7612,RM-54,2024-08-07,2195
BATCH-50,MO-7105,RM-27,2026-09-15,3191
BATCH-51,MO-2115,RM-110,2026-10-15,4689
BATCH-52,MO-2708,RM-39,2026-12-12,1463
BATCH-53,MO-257,RM-29,2026-04-10,2187
BATCH-54,MO-7584,RM-26,2024-08-09,3312
BATCH-55,MO-1264,RM-104,03/13/2026,3716
BATCH-56,MO-2580,RM-1,07/08/2024,4342
BATCH-57,MO-4473,RM-81,19-02-2024,1473
BATCH-58,MO-517,RM-11,09/19/2026,1145
BATCH-59,MO-2900,RM-78,2026-04-09,3507
BATCH-60,MO-6350,RM-15,2024-06-03,2615
BATCH-61,MO-2707,RM-110,25-04-2024,1200
BATCH-62,MO-6602,RM-25,18-04-2026,1475
BATCH-63,MO-7210,RM-40,2024-06-11,1888
BATCH-64,MO-7018,RM-9,11/08/2026,3348
BATCH-65,MO-7776,RM-15,10-03-2026,3703
BATCH-66,MO-6666,RM-72,2026-10-10,452
BATCH-67,MO-2158,RM-59,08/23/2024,2132
BATCH-68,MO-1959,RM-61,2026-06-18,3490
BATCH-69,MO-5464,RM-21,2025-03-20,4510
BATCH-70,MO-1134,RM-23,2026-07-24,267
BATCH-71,MO-1839,RM-64,10-12-2025,2582
BATCH-72,MO-5111,RM-116,08-11-2025,769
BATCH-73,MO-6523,RM-113,10/19/2025,2704
BATCH-74,MO-3795,RM-47,04-12-2025,4586
BATCH-75,MO-6490,RM-61,19-02-2026,3358
BATCH-76,MO-3063,RM-28,2024-07-16,1471
BATCH-77,MO-4084,RM-29,13-12-2024,2723
BATCH-78,MO-2389,RM-119,03/11/2024,4306
BATCH-79,MO-6777,RM-68,09/13/2026,2101
BATCH-80,MO-5980,RM-31,09-11-2025,1540
BATCH-81,MO-7830,RM-23,10/18/2024,2545
BATCH-82,MO-4928,RM-26,06/20/2026,105
BATCH-83,MO-6973,RM-17,2025-02-20,3307
BATCH-84,MO-5496,RM-72,06/07/2024,213
BATCH-85,MO-4589,RM-68,03/26/2026,565
BATCH-86,MO-4714,RM-68,05-09-2025,4180
BATCH-87,MO-2472,RM-52,2024-08-19,4061
BATCH-88,MO-4287,RM-111,22-09-2026,677
BATCH-89,MO-5222,RM-88,24-05-2026,2963
BATCH-90,MO-4430,RM-101,2025-12-28,898
BATCH-91,MO-5667,RM-99,05/15/2025,240
BATCH-92,MO-4858,RM-81,03/20/2026,2981
BATCH-93,MO-1032,RM-91,2026-12-20,2665
BATCH-94,MO-2474,RM-38,15-04-2024,1306
BATCH-95,MO-7752,RM-1,2025-12-19,4345
BATCH-96,MO-804,RM-2,04/20/2024,1614
BATCH-97,MO-1114,RM-100,04/01/2026,531
BATCH-98,MO-105,RM-7,2025-02-01,1432
BATCH-99,MO-7740,RM-92,06/17/2024,3397
BATCH-100,MO-3668,RM-15,09/09/2026,3692
BATCH-101,MO-7864,RM-89,2025-12-27,3655
BATCH-102,MO-7679,RM-115,02-12-2024,4798
BATCH-103,MO-1727,RM-22,06/13/2025,1628
BATCH-104,MO-2891,RM-82,2024-03-04,3334
BATCH-105,MO-264,RM-59,2024-04-12,18
BATCH-106,MO-5723,RM-2,2025-08-24,4426
BATCH-107,MO-5372,RM-57,2026-05-22,2739
BATCH-108,MO-913,RM-97,09/22/2026,2082
BATCH-109,MO-4766,RM-34,26-09-2026,4325
BATCH-110,MO-5775,RM-32,24-06-2026,4798
BATCH-111,MO-6156,RM-6,2024-06-17,1054
BATCH-112,MO-6713,RM-61,12/06/2025,2051
BATCH-113,MO-2618,RM-53,2024-02-10,2670
BATCH-114,MO-3533,RM-60,2025-03-23,4545
BATCH-115,MO-5217,RM-5,2025-10-17,1631
BATCH-116,MO-2858,RM-76,06/07/2024,4182
BATCH-117,MO-5951,RM-93,04/04/2026,4516
BATCH-118,MO-910,RM-19,01/16/2024,4622
BATCH-119,MO-2168,RM-16,2026-01-08,3326
BATCH-120,MO-5532,RM-106,12/15/2024,1595
BATCH-121,MO-4280,RM-44,2024-06-13,4592
BATCH-122,MO-4771,RM-71,2024-05-12,4594
BATCH-123,MO-6064,RM-80,01/18/2025,1084
BATCH-124,MO-5353,RM-62,2024-04-28,2594
BATCH-125,MO-1737,RM-8,09-12-2026,1475
BATCH-126,MO-6334,RM-50,2026-05-19,258
BATCH-127,MO-4801,RM-89,2026-03-12,2622
BATCH-128,MO-1407,RM-61,2025-02-01,4717
BATCH-129,MO-6559,RM-12,03/07/2025,1857
BATCH-130,MO-6303,RM-38,08/20/2024,4527
BATCH-131,MO-3491,RM-111,2026-12-25,1518
BATCH-132,MO-4561,RM-42,2026-07-21,1523
BATCH-133,MO-1464,RM-50,24-06-2024,1818
BATCH-134,MO-3268,RM-44,2025-12-06,2228
BATCH-135,MO-7505,RM-52,05/17/2026,318
BATCH-136,MO-6966,RM-57,02/02/2024,4042
BATCH-137,MO-7618,RM-116,05/18/2025,1910
BATCH-138,MO-6304,RM-110,2025-08-05,1314
BATCH-139,MO-33,RM-83,2026-03-14,4645
BATCH-140,MO-1276,RM-5,13-05-2026,1085
BATCH-141,MO-6820,RM-46,2025-04-22,4578
BATCH-142,MO-7385,RM-41,2026-01-22,2074
BATCH-143,MO-332,RM-118,2024-03-05,869
BATCH-144,MO-2198,RM-61,10-01-2024,1380
BATCH-145,MO-3636,RM-18,08/03/2025,1825
BATCH-146,MO-5542,RM-113,2024-09-10,4464
BATCH-147,MO-621,RM-40,2024-08-26,4488
BATCH-148,MO-4215,RM-50,21-11-2026,1229
BATCH-149,MO-5300,RM-57,2025-12-03,4526
BATCH-150,MO-3913,RM-2,03/18/2025,4025
BATCH-151,MO-979,RM-120,2024-12-22,2725
BATCH-152,MO-3040,RM-78,2026-10-14,1284
BATCH-153,MO-5442,RM-10,23-12-2026,4357
BATCH-154,MO-6599,RM-13,2025-11-16,4785
BATCH-155,MO-6659,RM-32,19-08-2026,1326
BATCH-156,MO-7356,RM-19,2024-03-22,2376
BATCH-157,MO-5447,RM-118,19-08-2024,408
BATCH-158,MO-5790,RM-87,2025-06-11,4425
BATCH-159,MO-602,RM-29,07/19/2026,41
BATCH-160,MO-979,RM-104,2025-07-23,3943
BATCH-161,MO-691,RM-47,09/22/2026,3397
BATCH-162,MO-4495,RM-49,2024-09-18,2492
BATCH-163,MO-5229,RM-16,2026-03-17,3390
BATCH-164,MO-1014,RM-34,08/12/2025,236
BATCH-165,MO-1544,RM-19,2026-07-27,3340
BATCH-166,MO-3698,RM-9,12/19/2025,3415
BATCH-167,MO-771,RM-79,2026-11-08,4201
BATCH-168,MO-5348,RM-59,2024-05-27,1079
BATCH-169,MO-7727,RM-41,2024-07-24,1606
BATCH-170,MO-4855,RM-14,2025-01-27,3662
BATCH-171,MO-6056,RM-56,18-08-2026,1695
BATCH-172,MO-5384,RM-106,2025-09-08,3864
BATCH-173,MO-4876,RM-20,2025-12-28,3692
BATCH-174,MO-5505,RM-14,20-02-2025,469
BATCH-175,MO-7228,RM-19,2025-05-08,274
BATCH-176,MO-6766,RM-88,2025-11-26,2518
BATCH-177,MO-2890,RM-29,03/13/2024,2406
BATCH-178,MO-7561,RM-40,22-07-2024,4037
BATCH-179,MO-2036,RM-52,24-11-2026,3130
BATCH-180,MO-5607,RM-16,2024-05-27,3682
BATCH-181,MO-7745,RM-85,2026-09-17,2403
BATCH-182,MO-633,RM-37,09/17/2026,3618
BATCH-183,MO-4265,RM-30,2026-06-18,2726
BATCH-184,MO-4573,RM-15,2024-11-28,719
BATCH-185,MO-193,RM-118,2026-06-17,3529
BATCH-186,MO-4785,RM-67,05/09/2026,140
BATCH-187,MO-1242,RM-43,2024-07-18,217
BATCH-188,MO-1130,RM-112,2024-03-01,3305
BATCH-189,MO-6028,RM-15,05/14/2024,1538
BATCH-190,MO-320,RM-108,2024-08-18,771
BATCH-191,MO-2518,RM-68,2025-08-11,2139
BATCH-192,MO-3344,RM-24,10/02/2026,815
BATCH-193,MO-3595,RM-4,2025-08-15,379
BATCH-194,MO-823,RM-3,02/20/2024,91
BATCH-195,MO-7751,RM-86,2026-08-20,3501
BATCH-196,MO-6269,RM-107,08/04/2025,1725
BATCH-197,MO-2156,RM-103,2026-04-06,1961
BATCH-198,MO-3187,RM-46,08-08-2026,510
BATCH-199,MO-6308,RM-15,10/09/2025,4547
BATCH-200,MO-7456,RM-106,04/10/2025,1641
BATCH-201,MO-1702,RM-50,06-02-2026,3601
BATCH-202,MO-2036,RM-71,2025-02-10,2917
BATCH-203,MO-2122,RM-18,2025-02-27,3416
BATCH-204,MO-1362,RM-106,04-05-2026,4769
BATCH-205,MO-3935,RM-104,08/28/2026,18
BATCH-206,MO-4633,RM-74,26-07-2024,856
BATCH-207,MO-1490,RM-70,2026-06-08,1041
BATCH-208,MO-7363,RM-112,2025-03-02,2840
BATCH-209,MO-5023,RM-20,09-03-2024,2271
BATCH-210,MO-3316,RM-37,02/07/2024,4365
BATCH-211,MO-1516,RM-12,05/15/2025,2565
BATCH-212,MO-6520,RM-70,2025-08-18,3848
BATCH-213,MO-4530,RM-12,2025-05-03,3684
BATCH-214,MO-5910,RM-91,2025-11-26,360
BATCH-215,MO-1291,RM-80,06/04/2025,2742
BATCH-216,MO-2078,RM-99,2024-09-21,767
BATCH-217,MO-6038,RM-7,2026-03-23,497
BATCH-218,MO-7631,RM-110,20-06-2025,824
BATCH-219,MO-7903,RM-93,05/17/2025,4688
BATCH-220,MO-7582,RM-117,2024-05-05,1393
BATCH-221,MO-5248,RM-59,28-04-2025,2551
BATCH-222,MO-4891,RM-55,11-08-2024,784
BATCH-223,MO-4551,RM-118,2026-03-15,3018
BATCH-224,MO-4741,RM-41,2026-08-28,4120
BATCH-225,MO-4402,RM-19,2025-04-18,239
BATCH-226,MO-3213,RM-36,12-03-2026,232
BATCH-227,MO-7155,RM-97,2026-09-15,2346
BATCH-228,MO-7696,RM-100,2026-01-19,1173
BATCH-229,MO-6779,RM-115,2025-05-12,2513
BATCH-230,MO-1894,RM-119,25-05-2026,1580
BATCH-231,MO-2683,RM-115,20-11-2025,1976
BATCH-232,MO-3768,RM-17,03-06-2024,4558
BATCH-233,MO-6475,RM-118,2025-03-28,3686
BATCH-234,MO-211,RM-85,20-01-2026,1685
BATCH-235,MO-7580,RM-84,24-05-2025,1121
BATCH-236,MO-5966,RM-96,02/10/2026,2948
BATCH-237,MO-1704,RM-65,07/28/2025,2076
BATCH-238,MO-7335,RM-80,11/22/2026,2644
BATCH-239,MO-4033,RM-76,2025-04-26,3327
BATCH-240,MO-7874,RM-106,05-02-2024,4684
BATCH-241,MO-2253,RM-7,01/21/2025,1417
BATCH-242,MO-5585,RM-102,22-05-2026,1149
BATCH-243,MO-7734,RM-94,2026-09-10,4349
BATCH-244,MO-6871,RM-44,10-11-2025,3906
BATCH-245,MO-204,RM-48,2025-03-27,957
BATCH-246,MO-1298,RM-23,2024-04-25,3389
BATCH-247,MO-6509,RM-6,2024-08-20,3762
BATCH-248,MO-837,RM-108,2026-04-05,67
BATCH-249,MO-671,RM-80,09/15/2025,2269
BATCH-250,MO-38,RM-115,2026-08-26,3418
BATCH-251,MO-5976,RM-48,11/24/2025,3037
BATCH-252,MO-958,RM-73,2025-12-27,1040
BATCH-253,MO-2863,RM-87,2024-01-03,275
BATCH-254,MO-7957,RM-17,01/11/2025,1494
BATCH-255,MO-1769,RM-74,12/05/2026,4254
BATCH-256,MO-3617,RM-66,06/22/2024,1278
BATCH-257,MO-4993,RM-3,13-12-2025,1471
BATCH-258,MO-990,RM-27,2026-10-21,4555
BATCH-259,MO-5842,RM-57,07/26/2025,1737
BATCH-260,MO-571,RM-15,2026-02-20,4063
BATCH-261,MO-3822,RM-116,2026-04-26,2580
BATCH-262,MO-5755,RM-73,2024-08-24,4167
BATCH-263,MO-4624,RM-109,2026-01-04,3393
BATCH-264,MO-6940,RM-34,03/19/2025,3337
BATCH-265,MO-7809,RM-14,2024-08-10,2160
BATCH-266,MO-3302,RM-25,2026-11-28,3962
BATCH-267,MO-4049,RM-85,05/02/2024,2925
BATCH-268,MO-4235,RM-110,05/01/2026,3692
BATCH-269,MO-6133,RM-62,2024-09-27,1796
BATCH-270,MO-7323,RM-25,2026-12-15,4177
BATCH-271,MO-3635,RM-15,04/25/2025,3593
BATCH-272,MO-2453,RM-117,25-04-2026,3268
BATCH-273,MO-488,RM-79,08/01/2025,244
BATCH-274,MO-6413,RM-79,2026-11-10,4139
BATCH-275,MO-4660,RM-44,01/06/2024,3943
BATCH-276,MO-5660,RM-85,02/25/2024,3675
BATCH-277,MO-6963,RM-33,01/06/2024,1651
BATCH-278,MO-3122,RM-96,04/01/2025,3701
BATCH-279,MO-116,RM-70,2026-08-18,3930
BATCH-280,MO-5505,RM-56,2024-09-08,4027
BATCH-281,MO-5504,RM-103,23-04-2024,607
BATCH-282,MO-6099,RM-46,2024-04-06,4272
BATCH-283,MO-2972,RM-94,06/17/2026,2946
BATCH-284,MO-6714,RM-49,19-09-2025,2282
BATCH-285,MO-4168,RM-67,2026-05-12,4195
BATCH-286,MO-304,RM-96,03/07/2025,4235
BATCH-287,MO-1543,RM-78,27-01-2024,855
BATCH-288,MO-937,RM-60,2025-08-14,4405
BATCH-289,MO-3926,RM-40,01/25/2026,1372
BATCH-290,MO-4820,RM-102,2026-02-02,43
BATCH-291,MO-3021,RM-19,10/16/2026,2806
BATCH-292,MO-1694,RM-88,2024-12-13,1265
BATCH-293,MO-6121,RM-73,12/09/2026,2592
BATCH-294,MO-2092,RM-104,03/09/2024,508
BATCH-295,MO-7185,RM-40,07/16/2024,1995
BATCH-296,MO-2549,RM-33,2024-07-10,1841
BATCH-297,MO-6132,RM-104,2026-08-21,816
BATCH-298,MO-1550,RM-58,2026-06-24,4133
BATCH-299,MO-6097,RM-6,20-07-2025,3448
BATCH-300,MO-7876,RM-69,2025-02-26,2428
BATCH-301,MO-1473,RM-40,2025-01-27,4302
BATCH-302,MO-6113,RM-6,10/25/2024,3077
BATCH-303,MO-2169,RM-113,2026-02-15,2377
BATCH-304,MO-5780,RM-29,05/27/2024,3934
BATCH-305,MO-2841,RM-76,2026-05-20,4590
BATCH-306,MO-2205,RM-56,2025-11-08,1030
BATCH-307,MO-6951,RM-16,04/19/2024,3444
BATCH-308,MO-4298,RM-23,2024-12-04,4467
BATCH-309,MO-4293,RM-118,2024-02-01,191
BATCH-310,MO-461,RM-90,2024-10-01,1479
BATCH-311,MO-614,RM-14,2026-05-25,4182
BATCH-312,MO-2132,RM-92,2026-05-20,3577
BATCH-313,MO-5194,RM-110,2026-01-28,1526
BATCH-314,MO-108,RM-70,12/05/2026,2904
BATCH-315,MO-3975,RM-75,2026-06-15,520
BATCH-316,MO-858,RM-62,10/19/2026,4040
BATCH-317,MO-4308,RM-116,09/09/2026,2478
BATCH-318,MO-7957,RM-43,27-11-2024,760
BATCH-319,MO-3506,RM-93,2024-08-12,1638
BATCH-320,MO-3064,RM-113,18-07-2025,1482
BATCH-321,MO-6872,RM-2,2026-09-28,1106
BATCH-322,MO-144,RM-41,2026-04-11,4409
BATCH-323,MO-2212,RM-16,10/18/2026,419
BATCH-324,MO-6506,RM-56,2025-07-26,1669
BATCH-325,MO-6510,RM-110,2024-10-20,761
BATCH-326,MO-4676,RM-9,2026-04-05,4396
BATCH-327,MO-7903,RM-8,27-03-2024,963
BATCH-328,MO-5655,RM-74,10/08/2026,2192
BATCH-329,MO-5472,RM-30,2026-08-24,2004
BATCH-330,MO-6086,RM-72,08/14/2025,943
BATCH-331,MO-2987,RM-103,22-06-2024,1542
BATCH-332,MO-7215,RM-7,09/04/2025,878
BATCH-333,MO-3249,RM-26,2026-07-18,1328
BATCH-334,MO-5383,RM-76,10/19/2024,2082
BATCH-335,MO-7745,RM-64,06-07-2026,2041
BATCH-336,MO-2144,RM-120,09/04/2026,450
BATCH-337,MO-7622,RM-108,2024-09-25,2493
BATCH-338,MO-5377,RM-68,2024-08-01,3133
BATCH-339,MO-7361,RM-60,07/19/2024,234
BATCH-340,MO-2428,RM-109,28-10-2026,4058
BATCH-341,MO-6190,RM-23,05-06-2025,2123
BATCH-342,MO-127,RM-54,2024-10-23,3113
BATCH-343,MO-2621,RM-13,10-12-2025,3807
BATCH-344,MO-5277,RM-73,24-05-2025,4662
BATCH-345,MO-1962,RM-109,2025-06-22,1571
BATCH-346,MO-5148,RM-58,2025-10-27,3079
BATCH-347,MO-235,RM-93,09/21/2026,4223
BATCH-348,MO-531,RM-25,2025-10-13,1905
BATCH-349,MO-2658,RM-71,07-01-2026,1426
BATCH-350,MO-1243,RM-13,2026-04-21,1361
BATCH-351,MO-1475,RM-4,01/23/2025,746
BATCH-352,MO-6794,RM-26,01-08-2024,3944
BATCH-353,MO-7288,RM-11,26-01-2026,2494
BATCH-354,MO-5035,RM-31,2024-06-11,1235
BATCH-355,MO-4873,RM-84,2024-03-10,1224
BATCH-356,MO-686,RM-32,08/10/2025,2095
BATCH-357,MO-7232,RM-45,2024-01-12,629
BATCH-358,MO-6326,RM-63,2025-02-13,1152
BATCH-359,MO-3576,RM-96,01-08-2026,3138
BATCH-360,MO-6735,RM-81,2026-06-02,1235
BATCH-361,MO-439,RM-95,05/05/2025,4096
BATCH-362,MO-7996,RM-42,2026-04-05,165
BATCH-363,MO-5179,RM-8,2026-07-07,4679
BATCH-364,MO-3434,RM-14,2024-12-05,1523
BATCH-365,MO-2665,RM-2,02/15/2026,4406
BATCH-366,MO-6672,RM-108,08/11/2024,1136
BATCH-367,MO-3905,RM-96,2024-09-02,985
BATCH-368,MO-1184,RM-73,06/20/2024,3265
BATCH-369,MO-2540,RM-8,2024-08-13,2964
BATCH-370,MO-5732,RM-108,11/15/2026,656
BATCH-371,MO-6278,RM-104,2025-10-07,2040
BATCH-372,MO-3262,RM-68,06/12/2026,3830
BATCH-373,MO-483,RM-88,2026-09-04,2309
BATCH-374,MO-85,RM-33,10/10/2024,2371
BATCH-375,MO-3418,RM-104,10/04/2025,3897
BATCH-376,MO-6204,RM-56,2026-07-24,1570
BATCH-377,MO-1364,RM-27,2026-02-12,3688
BATCH-378,MO-3629,RM-84,01-07-2024,1149
BATCH-379,MO-4033,RM-49,09-06-2025,1784
BATCH-380,MO-4817,RM-81,20-04-2025,3575
BATCH-381,MO-4341,RM-1,08-06-2026,2625
BATCH-382,MO-666,RM-32,11/04/2026,1733
BATCH-383,MO-1253,RM-29,2026-12-15,3899
BATCH-384,MO-5590,RM-93,13-05-2026,3183
BATCH-385,MO-3111,RM-107,2024-09-14,249
BATCH-386,MO-7012,RM-23,04-10-2024,4365
BATCH-387,MO-5428,RM-11,09-12-2026,2806
BATCH-388,MO-6064,RM-11,20-10-2024,2141
BATCH-389,MO-6753,RM-84,2024-02-09,4782
BATCH-390,MO-3861,RM-21,11/08/2026,2535
BATCH-391,MO-2190,RM-68,2026-07-01,3052
BATCH-392,MO-896,RM-80,2026-10-07,2433
BATCH-393,MO-2261,RM-59,2025-11-28,2407
BATCH-394,MO-6671,RM-23,15-03-2024,1225
BATCH-395,MO-2788,RM-78,2024-07-21,151
BATCH-396,MO-6866,RM-61,2024-07-01,4090
BATCH-397,MO-6948,RM-64,2026-09-25,4570
BATCH-398,MO-2652,RM-9,04/06/2025,4074
BATCH-399,MO-7573,RM-119,04/25/2026,1456
BATCH-400,MO-7138,RM-35,2024-05-27,1635
BATCH-401,MO-193,RM-30,2025-04-06,4481
BATCH-402,MO-4818,RM-27,04/05/2025,1579
BATCH-403,MO-2492,RM-13,26-07-2024,1497
BATCH-404,MO-7336,RM-47,06/14/2024,2336
BATCH-405,MO-4174,RM-34,07/05/2025,414
BATCH-406,MO-3688,RM-35,2025-06-14,4388
BATCH-407,MO-7802,RM-23,19-08-2026,3077
BATCH-408,MO-6717,RM-41,12/12/2024,1526
BATCH-409,MO-4355,RM-115,06-08-2025,157
BATCH-410,MO-4784,RM-95,2024-02-24,769
BATCH-411,MO-5946,RM-91,2026-10-09,4231
BATCH-412,MO-4793,RM-38,2024-11-07,3182
BATCH-413,MO-7837,RM-87,13-02-2026,2432
BATCH-414,MO-3840,RM-37,07/11/2024,2854
BATCH-415,MO-7412,RM-94,01/26/2026,3573
BATCH-416,MO-225,RM-43,2026-09-06,2719
BATCH-417,MO-4743,RM-60,2026-10-24,2606
BATCH-418,MO-2923,RM-62,2025-03-15,2302
BATCH-419,MO-1364,RM-105,2026-04-18,151
BATCH-420,MO-2443,RM-48,10/27/2026,1871
BATCH-421,MO-6598,RM-113,10/05/2025,2554
BATCH-422,MO-4032,RM-107,2024-04-15,2565
BATCH-423,MO-1824,RM-53,07/19/2025,4099
BATCH-424,MO-5133,RM-95,07/03/2025,4483
BATCH-425,MO-6609,RM-116,2025-08-14,1203
BATCH-426,MO-3897,RM-116,25-07-2026,4626
BATCH-427,MO-286,RM-97,15-12-2026,2420
BATCH-428,MO-153,RM-54,2024-04-02,3071
BATCH-429,MO-4320,RM-85,2025-10-21,3808
BATCH-430,MO-1395,RM-36,02/01/2025,452
BATCH-431,MO-5568,RM-81,01/09/2024,3479
BATCH-432,MO-537,RM-58,02/18/2024,4719
BATCH-433,MO-5841,RM-13,08/11/2026,203
BATCH-434,MO-4326,RM-21,05/16/2026,316
BATCH-435,MO-6382,RM-49,12-07-2024,2313
BATCH-436,MO-1996,RM-68,2026-07-21,132
BATCH-437,MO-1740,RM-24,03/18/2025,4699
BATCH-438,MO-7883,RM-86,03/06/2024,1076
BATCH-439,MO-2912,RM-86,08/16/2025,4586
BATCH-440,MO-1103,RM-96,2024-06-12,2345
BATCH-441,MO-5772,RM-45,04/07/2024,2262
BATCH-442,MO-2169,RM-111,2026-06-05,2124
BATCH-443,MO-4577,RM-87,2026-09-28,4189
BATCH-444,MO-2152,RM-1,05/19/2026,2838
BATCH-445,MO-4498,RM-73,16-08-2024,4146
BATCH-446,MO-7885,RM-107,02-12-2026,4273
BATCH-447,MO-6972,RM-11,2024-03-24,1984
BATCH-448,MO-2421,RM-100,2026-08-18,2653
BATCH-449,MO-4799,RM-70,2024-03-16,1232
BATCH-450,MO-3351,RM-78,2025-05-26,3095
BATCH-451,MO-1057,RM-78,07/12/2026,3345
BATCH-452,MO-1232,RM-42,26-03-2026,2272
BATCH-453,MO-2712,RM-105,2026-01-24,4795
BATCH-454,MO-1014,RM-111,01/06/2024,3909
BATCH-455,MO-1490,RM-7,2024-05-18,1169
BATCH-456,MO-5839,RM-53,2024-05-18,151
BATCH-457,MO-6614,RM-82,2025-07-17,4205
BATCH-458,MO-6511,RM-80,07/12/2026,1275
BATCH-459,MO-2200,RM-70,2026-10-11,312
BATCH-460,MO-806,RM-31,2026-11-12,1010
BATCH-461,MO-839,RM-87,2024-07-06,455
BATCH-462,MO-6607,RM-12,07/02/2025,1633
BATCH-463,MO-2244,RM-89,02/14/2025,3524
BATCH-464,MO-6364,RM-46,2024-04-10,1370
BATCH-465,MO-7597,RM-45,2025-05-05,1701
BATCH-466,MO-6992,RM-21,2024-10-05,2746
BATCH-467,MO-6692,RM-117,2024-06-21,787
BATCH-468,MO-7012,RM-77,01/11/2024,2931
BATCH-469,MO-795,RM-118,2026-07-23,3205
BATCH-470,MO-4485,RM-26,2026-02-02,258
BATCH-471,MO-4296,RM-34,2025-02-25,1497
BATCH-472,MO-490,RM-19,07/12/2025,1201
BATCH-473,MO-6425,RM-78,2026-08-07,1858
BATCH-474,MO-4809,RM-29,2024-01-14,1703
BATCH-475,MO-1768,RM-45,2026-11-27,187
BATCH-476,MO-6343,RM-77,02/24/2026,3716
BATCH-477,MO-2962,RM-75,09/02/2025,4506
BATCH-478,MO-487,RM-71,06/09/2024,4397
BATCH-479,MO-7504,RM-49,02/20/2024,2203
BATCH-480,MO-5241,RM-35,2026-11-22,4527
BATCH-481,MO-7112,RM-17,09/02/2024,4672
BATCH-482,MO-6039,RM-20,16-05-2024,4449
BATCH-483,MO-4854,RM-69,07-01-2025,1347
BATCH-484,MO-6036,RM-60,21-01-2026,1933
BATCH-485,MO-5990,RM-94,17-03-2024,1816
BATCH-486,MO-4876,RM-31,23-11-2025,3738
BATCH-487,MO-1532,RM-95,2025-05-23,3908
BATCH-488,MO-2516,RM-90,2025-08-23,1428
BATCH-489,MO-16,RM-21,09/19/2024,581
BATCH-490,MO-1994,RM-93,12/12/2025,176
BATCH-491,MO-4277,RM-82,05/06/2024,4348
BATCH-492,MO-6935,RM-39,2026-01-23,4013
BATCH-493,MO-4969,RM-60,10/05/2025,1236
BATCH-494,MO-3583,RM-21,03/16/2024,2001
BATCH-495,MO-6554,RM-117,06/17/2026,1507
BATCH-496,MO-5877,RM-17,2024-02-02,2961
BATCH-497,MO-2875,RM-102,07/16/2024,506
BATCH-498,MO-3863,RM-30,2024-05-24,3996
BATCH-499,MO-1658,RM-68,02/25/2026,4426
BATCH-500,MO-7987,RM-10,2024-06-19,3687
BATCH-501,MO-3137,RM-10,2025-11-17,2461
BATCH-502,MO-1840,RM-40,08-12-2025,341
BATCH-503,MO-1605,RM-71,13-01-2026,1783
BATCH-504,MO-2950,RM-81,2025-06-26,4280
BATCH-505,MO-7378,RM-64,2024-04-02,3148
BATCH-506,MO-2715,RM-54,2025-06-19,1021
BATCH-507,MO-4136,RM-82,2024-02-18,2555
BATCH-508,MO-726,RM-67,03/13/2025,1583
BATCH-509,MO-3569,RM-50,2025-01-28,463
BATCH-510,MO-1261,RM-81,03/07/2024,3877
BATCH-511,MO-3863,RM-7,12/07/2024,2109
BATCH-512,MO-6148,RM-11,10/21/2025,3053
BATCH-513,MO-2941,RM-110,2025-06-16,2000
BATCH-514,MO-7097,RM-41,2024-03-12,33
BATCH-515,MO-1586,RM-29,11/10/2026,521
BATCH-516,MO-4560,RM-44,2024-04-18,4287
BATCH-517,MO-1014,RM-109,2025-10-06,2223
BATCH-518,MO-5679,RM-59,2024-10-21,4169
BATCH-519,MO-2580,RM-86,12/06/2025,4319
BATCH-520,MO-6831,RM-19,2024-02-02,3855
BATCH-521,MO-901,RM-4,2025-05-21,1970
BATCH-522,MO-5767,RM-57,2026-06-18,3365
BATCH-523,MO-3587,RM-53,14-10-2026,1394
BATCH-524,MO-1892,RM-49,26-01-2024,1361
BATCH-525,MO-3524,RM-38,11/14/2026,3707
BATCH-526,MO-2851,RM-96,2026-06-06,2468
BATCH-527,MO-6073,RM-74,2024-06-15,2582
BATCH-528,MO-1012,RM-65,2024-01-13,1982
BATCH-529,MO-7374,RM-39,14-05-2024,1400
BATCH-530,MO-311,RM-114,2026-12-17,1314
BATCH-531,MO-2888,RM-58,2025-11-27,400
BATCH-532,MO-106,RM-93,2025-06-27,2501
BATCH-533,MO-4188,RM-29,2024-09-10,533
BATCH-534,MO-7826,RM-86,19-12-2025,4513
BATCH-535,MO-6747,RM-103,2025-07-28,458
BATCH-536,MO-5180,RM-53,2024-05-10,2091
BATCH-537,MO-1805,RM-51,2024-03-07,3811
BATCH-538,MO-7126,RM-11,01/14/2024,3375
BATCH-539,MO-333,RM-47,2026-10-18,1425
BATCH-540,MO-7863,RM-119,02/14/2026,1452
BATCH-541,MO-5868,RM-42,09-04-2025,4711
BATCH-542,MO-5154,RM-36,2026-11-01,4364
BATCH-543,MO-976,RM-78,05/20/2024,1059
BATCH-544,MO-7288,RM-62,2025-07-24,2723
BATCH-545,MO-3637,RM-38,2024-03-12,3612
BATCH-546,MO-4569,RM-79,11-03-2025,1905
BATCH-547,MO-1132,RM-107,2026-10-17,2017
BATCH-548,MO-3884,RM-22,10/16/2024,1874
BATCH-549,MO-1384,RM-112,2024-11-25,4316
BATCH-550,MO-5908,RM-32,2026-06-15,2457
BATCH-551,MO-9,RM-74,02/16/2025,1821
BATCH-552,MO-6043,RM-9,04/17/2025,880
BATCH-553,MO-5253,RM-29,07/01/2025,4452
BATCH-554,MO-7211,RM-37,2024-11-16,1315
BATCH-555,MO-81,RM-119,2024-01-19,463
BATCH-556,MO-6240,RM-40,24-10-2024,3204
BATCH-557,MO-2570,RM-65,2024-11-19,4183
BATCH-558,MO-4633,RM-38,2026-01-28,2314
BATCH-559,MO-3183,RM-47,04-05-2026,4770
BATCH-560,MO-6666,RM-26,2025-03-03,3897
BATCH-561,MO-4023,RM-17,2026-07-09,3760
BATCH-562,MO-2156,RM-6,08/02/2025,4459
BATCH-563,MO-3867,RM-11,02/03/2026,108
BATCH-564,MO-258,RM-34,2026-04-27,1637
BATCH-565,MO-105,RM-115,04-09-2024,2184
BATCH-566,MO-3456,RM-67,14-09-2025,2978
BATCH-567,MO-6090,RM-39,2024-03-15,1732
BATCH-568,MO-4501,RM-6,16-07-2026,983
BATCH-569,MO-4823,RM-4,2025-07-21,3049
BATCH-570,MO-884,RM-5,2025-11-26,1584
BATCH-571,MO-6114,RM-65,08-09-2025,2175
BATCH-572,MO-2611,RM-81,02/11/2025,3689
BATCH-573,MO-6240,RM-104,2024-06-16,1863
BATCH-574,MO-7403,RM-74,2024-12-08,781
BATCH-575,MO-2563,RM-96,2024-01-05,4177
BATCH-576,MO-6859,RM-41,2025-11-03,1063
BATCH-577,MO-4007,RM-58,2025-05-21,4361
BATCH-578,MO-6359,RM-18,2025-01-02,3333
BATCH-579,MO-5869,RM-19,06/23/2025,2728
BATCH-580,MO-1206,RM-104,17-04-2026,169
BATCH-581,MO-4270,RM-16,02/15/2024,3406
BATCH-582,MO-7651,RM-3,2025-05-17,112
BATCH-583,MO-2574,RM-62,2025-06-08,4764
BATCH-584,MO-7706,RM-108,2026-04-21,1471
BATCH-585,MO-5472,RM-40,05/03/2025,753
BATCH-586,MO-799,RM-47,2026-09-26,4793
BATCH-587,MO-7417,RM-67,2026-09-14,572
BATCH-588,MO-7085,RM-80,2024-12-14,3950
BATCH-589,MO-910,RM-78,2026-05-20,1409
BATCH-590,MO-4840,RM-39,2025-10-18,2069
BATCH-591,MO-6702,RM-116,08-02-2024,4249
BATCH-592,MO-1288,RM-5,01-04-2025,1596
BATCH-593,MO-1432,RM-89,08/01/2024,4538
BATCH-594,MO-3501,RM-63,2025-10-08,1512
BATCH-595,MO-5224,RM-103,2025-05-13,3200
BATCH-596,MO-7518,RM-119,2025-04-20,2622
BATCH-597,MO-3924,RM-85,2024-08-26,1416
BATCH-598,MO-4675,RM-55,07-07-2024,1072
BATCH-599,MO-7879,RM-89,2024-01-06,4091
BATCH-600,MO-7204,RM-84,2026-03-10,1766
BATCH-601,MO-2753,RM-69,12/03/2024,3216
BATCH-602,MO-2087,RM-76,2025-05-01,2085
BATCH-603,MO-7304,RM-63,28-10-2026,1406
BATCH-604,MO-4336,RM-79,2024-05-26,1345
BATCH-605,MO-3841,RM-53,2026-06-01,4030
BATCH-606,MO-5294,RM-77,06/01/2026,2671
BATCH-607,MO-1271,RM-83,2025-07-14,769
BATCH-608,MO-7145,RM-27,14-04-2025,2044
BATCH-609,MO-2923,RM-83,15-12-2026,1137
BATCH-610,MO-6921,RM-36,2025-05-02,4385
BATCH-611,MO-797,RM-2,03-12-2024,4170
BATCH-612,MO-7906,RM-13,04/14/2026,4592
BATCH-613,MO-5419,RM-101,2024-01-11,425
BATCH-614,MO-5109,RM-51,27-07-2025,3172
BATCH-615,MO-3937,RM-9,2026-04-25,140
BATCH-616,MO-339,RM-36,2026-12-14,1085
BATCH-617,MO-6414,RM-73,07/19/2026,3781
BATCH-618,MO-6021,RM-62,2024-05-17,1213
BATCH-619,MO-2675,RM-95,01/27/2026,593
BATCH-620,MO-6168,RM-22,10/09/2024,1039
BATCH-621,MO-418,RM-38,2025-07-14,2287
BATCH-622,MO-4303,RM-56,2026-08-23,767
BATCH-623,MO-7598,RM-1,2026-08-01,3224
BATCH-624,MO-6981,RM-2,07/08/2026,1161
BATCH-625,MO-1475,RM-38,07/13/2025,531
BATCH-626,MO-2973,RM-64,2026-02-13,3520
BATCH-627,MO-5374,RM-104,2025-07-25,1741
BATCH-628,MO-5400,RM-67,2026-02-28,894
BATCH-629,MO-6072,RM-9,2024-09-26,3399
BATCH-630,MO-2724,RM-106,02/24/2026,3415
BATCH-631,MO-1031,RM-39,2024-10-25,685
BATCH-632,MO-1765,RM-100,2026-04-17,1944
BATCH-633,MO-1314,RM-27,09-08-2026,2448
BATCH-634,MO-5275,RM-70,2026-11-14,1238
BATCH-635,MO-5382,RM-47,06/21/2025,2645
BATCH-636,MO-7734,RM-39,22-02-2026,3090
BATCH-637,MO-3272,RM-68,09/02/2025,3821
BATCH-638,MO-1151,RM-27,2026-06-27,3690
BATCH-639,MO-5296,RM-78,18-03-2024,728
BATCH-640,MO-2178,RM-100,2024-04-13,4373
BATCH-641,MO-2779,RM-115,2026-12-12,1414
BATCH-642,MO-2875,RM-115,06/20/2026,2887
BATCH-643,MO-1201,RM-29,2026-04-15,4775
BATCH-644,MO-5427,RM-79,2025-11-04,3788
BATCH-645,MO-2757,RM-61,2024-04-06,3958
BATCH-646,MO-6630,RM-84,2024-05-04,2226
BATCH-647,MO-7591,RM-30,2026-02-08,3986
BATCH-648,MO-7064,RM-20,09/01/2026,4701
BATCH-649,MO-1081,RM-49,21-06-2024,4514
BATCH-650,MO-6665,RM-89,09/22/2026,1528
BATCH-651,MO-5884,RM-111,2026-11-07,3522
BATCH-652,MO-4015,RM-93,2024-08-26,2953
BATCH-653,MO-919,RM-19,01/01/2026,4426
BATCH-654,MO-454,RM-22,07/24/2026,880
BATCH-655,MO-2191,RM-90,11-09-2026,567
BATCH-656,MO-5842,RM-106,01/07/2024,3589
BATCH-657,MO-1458,RM-119,05-06-2025,139
BATCH-658,MO-4835,RM-99,2025-07-21,2787
BATCH-659,MO-1287,RM-53,2026-04-24,1844
BATCH-660,MO-7422,RM-109,24-03-2026,476
BATCH-661,MO-849,RM-103,2025-05-15,2761
BATCH-662,MO-2711,RM-12,04/12/2024,3585
BATCH-663,MO-4677,RM-30,07-08-2025,3956
BATCH-664,MO-1896,RM-53,05/25/2024,3862
BATCH-665,MO-2022,RM-92,17-08-2025,3245
BATCH-666,MO-960,RM-65,12/01/2024,4571
BATCH-667,MO-7079,RM-115,2024-11-01,1213
BATCH-668,MO-747,RM-105,2026-01-06,252
BATCH-669,MO-7886,RM-47,2024-03-06,1720
BATCH-670,MO-6962,RM-34,03-05-2025,358
BATCH-671,MO-5103,RM-66,13-05-2025,92
BATCH-672,MO-1888,RM-116,03/28/2025,3580
BATCH-673,MO-6390,RM-30,07/14/2026,3202
BATCH-674,MO-211,RM-69,12/11/2024,1275
BATCH-675,MO-1194,RM-77,2025-11-09,617
BATCH-676,MO-10,RM-9,2025-11-10,3077
BATCH-677,MO-2922,RM-13,10/08/2025,1659
BATCH-678,MO-4678,RM-102,09-08-2025,3252
BATCH-679,MO-3262,RM-47,2025-09-06,4609
BATCH-680,MO-6236,RM-103,05/18/2024,2617
BATCH-681,MO-1165,RM-97,11-01-2026,667
BATCH-682,MO-7640,RM-109,03/16/2025,1556
BATCH-683,MO-3639,RM-100,2024-12-11,1186
BATCH-684,MO-5399,RM-51,2025-04-19,1438
BATCH-685,MO-5444,RM-54,22-10-2025,1220
BATCH-686,MO-3876,RM-79,28-02-2025,2436
BATCH-687,MO-3591,RM-4,27-06-2026,2442
BATCH-688,MO-6075,RM-57,2024-12-16,682
BATCH-689,MO-364,RM-13,2026-03-10,4177
BATCH-690,MO-2231,RM-75,04/22/2026,3436
BATCH-691,MO-927,RM-87,08/02/2024,1431
BATCH-692,MO-162,RM-95,01/26/2025,1102
BATCH-693,MO-7783,RM-43,09-03-2026,1541
BATCH-694,MO-1957,RM-98,2026-09-25,3802
BATCH-695,MO-6395,RM-39,2025-07-24,4793
BATCH-696,MO-7015,RM-11,09/02/2024,1633
BATCH-697,MO-49,RM-78,2025-07-11,335
BATCH-698,MO-6932,RM-15,28-06-2025,867
BATCH-699,MO-2605,RM-71,2024-10-14,2685
BATCH-700,MO-1371,RM-27,16-10-2024,968
BATCH-701,MO-5609,RM-86,05-04-2024,412
BATCH-702,MO-6508,RM-65,03/08/2025,308
BATCH-703,MO-3581,RM-91,18-03-2025,4249
BATCH-704,MO-1703,RM-11,11/23/2026,2456
BATCH-705,MO-955,RM-15,08/16/2024,531
BATCH-706,MO-6187,RM-43,2024-03-18,4413
BATCH-707,MO-6710,RM-23,23-07-2025,4753
BATCH-708,MO-4955,RM-36,2025-04-11,189
BATCH-709,MO-3486,RM-10,2026-09-19,12
BATCH-710,MO-3530,RM-82,2026-03-22,4613
BATCH-711,MO-3521,RM-109,08/20/2024,4448
BATCH-712,MO-2122,RM-27,03-07-2024,2468
BATCH-713,MO-1001,RM-108,2026-07-16,4414
BATCH-714,MO-2604,RM-103,2025-12-17,3965
BATCH-715,MO-6898,RM-113,15-09-2024,2830
BATCH-716,MO-7647,RM-56,2026-02-20,4754
BATCH-717,MO-2894,RM-6,07-02-2026,4233
BATCH-718,MO-1130,RM-28,2025-01-27,2230
BATCH-719,MO-3022,RM-93,09/04/2024,4781
BATCH-720,MO-4566,RM-46,24-01-2024,2086
BATCH-721,MO-104,RM-73,2025-07-07,2751
BATCH-722,MO-3593,RM-74,01/08/2025,2394
BATCH-723,MO-7865,RM-99,2025-07-03,2671
BATCH-724,MO-3676,RM-110,2026-10-18,3954
BATCH-725,MO-1073,RM-61,2025-04-21,4052
BATCH-726,MO-1897,RM-12,2025-10-22,714
BATCH-727,MO-5024,RM-20,2024-02-07,1386
BATCH-728,MO-425,RM-94,2025-06-03,4152
BATCH-729,MO-1202,RM-110,2024-08-22,2741
BATCH-730,MO-370,RM-28,2026-03-08,2755
BATCH-731,MO-2713,RM-118,2025-08-23,1511
BATCH-732,MO-3704,RM-31,07/05/2025,2193
BATCH-733,MO-78,RM-92,2024-11-10,588
BATCH-734,MO-6819,RM-80,08/06/2025,555
BATCH-735,MO-7138,RM-69,07/20/2024,2429
BATCH-736,MO-1848,RM-65,03/14/2025,727
BATCH-737,MO-5219,RM-5,27-01-2025,1063
BATCH-738,MO-7214,RM-111,2024-01-18,2275
BATCH-739,MO-2527,RM-118,02/05/2026,2149
BATCH-740,MO-4026,RM-73,08-05-2025,2962
BATCH-741,MO-1310,RM-117,12/13/2026,1998
BATCH-742,MO-4546,RM-56,2024-09-11,3572
BATCH-743,MO-511,RM-11,10/21/2024,782
BATCH-744,MO-3147,RM-59,2024-02-20,510
BATCH-745,MO-5865,RM-8,13-04-2025,1563
BATCH-746,MO-7559,RM-112,19-07-2025,2141
BATCH-747,MO-6347,RM-31,10/25/2026,1543
BATCH-748,MO-4928,RM-2,08/06/2025,150
BATCH-749,MO-1867,RM-19,2026-03-25,669
BATCH-750,MO-7807,RM-116,04-06-2024,221
BATCH-751,MO-242,RM-36,2024-09-11,607
BATCH-752,MO-7064,RM-71,11/25/2025,3159
BATCH-753,MO-7256,RM-43,05/16/2026,256
BATCH-754,MO-3120,RM-107,2024-10-22,522
BATCH-755,MO-3943,RM-45,2024-04-19,1015
BATCH-756,MO-7549,RM-11,2025-09-26,1668
BATCH-757,MO-5905,RM-47,02/13/2024,1949
BATCH-758,MO-5428,RM-15,2025-09-27,126
BATCH-759,MO-2117,RM-104,11/02/2024,1905
BATCH-760,MO-3142,RM-73,2026-02-26,439
BATCH-761,MO-5601,RM-114,2026-11-03,2102
BATCH-762,MO-890,RM-86,2024-02-21,2055
BATCH-763,MO-7105,RM-24,01/11/2025,1076
BATCH-764,MO-156,RM-60,2026-07-03,2013
BATCH-765,MO-6480,RM-119,2026-07-24,2560
BATCH-766,MO-1409,RM-18,08/26/2024,835
BATCH-767,MO-3933,RM-71,05/19/2025,4142
BATCH-768,MO-6585,RM-99,2025-02-28,2877
BATCH-769,MO-7835,RM-66,21-04-2024,1352
BATCH-770,MO-230,RM-46,09/15/2026,3069
BATCH-771,MO-1733,RM-38,16-10-2025,4638
BATCH-772,MO-7440,RM-110,21-11-2025,2093
BATCH-773,MO-4717,RM-1,2024-02-27,1716
BATCH-774,MO-833,RM-105,2024-03-10,454
BATCH-775,MO-2302,RM-93,02/15/2025,3847
BATCH-776,MO-5942,RM-88,2025-05-03,2553
BATCH-777,MO-2761,RM-83,2024-06-16,891
BATCH-778,MO-7918,RM-98,07/03/2024,2233
BATCH-779,MO-2758,RM-114,2025-06-16,2286
BATCH-780,MO-6555,RM-71,2024-01-12,4293
BATCH-781,MO-2520,RM-15,02/15/2025,4347
BATCH-782,MO-1464,RM-103,2025-04-27,2794
BATCH-783,MO-6932,RM-42,01/10/2024,1207
BATCH-784,MO-1006,RM-70,2026-10-23,4428
BATCH-785,MO-5770,RM-39,08/11/2024,1127
BATCH-786,MO-3561,RM-90,16-07-2024,1105
BATCH-787,MO-572,RM-68,05/15/2026,1504
BATCH-788,MO-6639,RM-65,05/28/2026,1043
BATCH-789,MO-2177,RM-76,2025-10-19,120
BATCH-790,MO-4947,RM-7,18-05-2026,1688
BATCH-791,MO-2944,RM-11,05/25/2026,165
BATCH-792,MO-1076,RM-94,04/20/2026,724
BATCH-793,MO-5868,RM-8,08/11/2024,785
BATCH-794,MO-5815,RM-35,2025-03-18,2341
BATCH-795,MO-4910,RM-107,2024-03-24,3570
BATCH-796,MO-4362,RM-63,2024-09-12,3379
BATCH-797,MO-1556,RM-35,01/24/2026,1549
BATCH-798,MO-4349,RM-94,2024-04-23,3943
BATCH-799,MO-6785,RM-46,2026-03-06,3561
BATCH-800,MO-6376,RM-36,2024-09-04,1734
BATCH-801,MO-3514,RM-85,2024-07-14,3238
BATCH-802,MO-7251,RM-15,12/18/2025,704
BATCH-803,MO-7055,RM-92,2025-06-04,2767
BATCH-804,MO-1062,RM-61,2024-04-12,989
BATCH-805,MO-730,RM-104,2026-07-08,364
BATCH-806,MO-2034,RM-108,11/15/2024,221
BATCH-807,MO-2719,RM-86,09-11-2025,725
BATCH-808,MO-4171,RM-107,01/01/2026,50
BATCH-809,MO-2023,RM-83,2026-05-26,4293
BATCH-810,MO-112,RM-27,10/10/2025,2447
BATCH-811,MO-5817,RM-2,2025-06-22,3198
BATCH-812,MO-3764,RM-98,28-12-2025,1062
BATCH-813,MO-1986,RM-86,03/20/2026,3071
BATCH-814,MO-7247,RM-36,2024-02-26,1494
BATCH-815,MO-1870,RM-60,2024-11-20,1933
BATCH-816,MO-3707,RM-111,2025-04-22,2019
BATCH-817,MO-4947,RM-81,2024-07-24,431
BATCH-818,MO-4019,RM-92,2026-09-09,4654
BATCH-819,MO-3538,RM-51,2026-07-12,4797
BATCH-820,MO-6463,RM-17,2026-09-23,3510
BATCH-821,MO-862,RM-41,07-04-2024,2763
BATCH-822,MO-2055,RM-35,2026-05-22,3452
BATCH-823,MO-7768,RM-64,08/26/2024,4653
BATCH-824,MO-3518,RM-46,10-10-2026,1327
BATCH-825,MO-1870,RM-63,07-05-2026,1939
BATCH-826,MO-4112,RM-27,08/21/2026,2003
BATCH-827,MO-7014,RM-4,04-07-2024,159
BATCH-828,MO-6905,RM-34,06-05-2024,1234
BATCH-829,MO-338,RM-68,10-08-2024,3095
BATCH-830,MO-4224,RM-47,01/05/2025,1264
BATCH-831,MO-4305,RM-60,2025-03-02,4478
BATCH-832,MO-6733,RM-8,2025-09-04,317
BATCH-833,MO-7549,RM-78,2026-10-07,462
BATCH-834,MO-4124,RM-97,2026-05-27,690
BATCH-835,MO-2342,RM-10,2025-01-25,1698
BATCH-836,MO-868,RM-53,25-06-2025,4039
BATCH-837,MO-515,RM-23,2025-04-15,3033
BATCH-838,MO-931,RM-104,2025-09-08,4540
BATCH-839,MO-727,RM-111,08/24/2025,20
BATCH-840,MO-1294,RM-16,09/24/2026,377
BATCH-841,MO-3071,RM-40,11/15/2025,1851
BATCH-842,MO-6477,RM-46,07/26/2024,3287
BATCH-843,MO-3638,RM-76,12/05/2024,3306
BATCH-844,MO-4450,RM-14,08/22/2024,2940
BATCH-845,MO-287,RM-44,2026-07-12,2480
BATCH-846,MO-7012,RM-25,2025-11-22,4597
BATCH-847,MO-5078,RM-71,11/03/2024,3109
BATCH-848,MO-1725,RM-26,07/15/2026,999
BATCH-849,MO-2487,RM-51,17-11-2026,2239
BATCH-850,MO-5457,RM-97,02/20/2026,146
BATCH-851,MO-6714,RM-83,2026-05-13,4532
BATCH-852,MO-150,RM-26,2026-07-07,2756
BATCH-853,MO-4689,RM-18,2026-11-26,3378
BATCH-854,MO-6371,RM-102,2025-09-05,3729
BATCH-855,MO-2889,RM-15,02/06/2025,1652
BATCH-856,MO-3441,RM-66,2026-07-16,505
BATCH-857,MO-7482,RM-58,2025-05-04,3545
BATCH-858,MO-4095,RM-84,2024-10-07,4671
BATCH-859,MO-6772,RM-9,2026-11-10,2577
BATCH-860,MO-6478,RM-34,2024-11-23,2252
BATCH-861,MO-5964,RM-119,2024-07-26,189
BATCH-862,MO-249,RM-16,2025-05-22,1054
BATCH-863,MO-4883,RM-61,2026-12-05,1800
BATCH-864,MO-6278,RM-99,07/03/2024,3421
BATCH-865,MO-2108,RM-61,11/23/2024,2117
BATCH-866,MO-4824,RM-34,06/15/2025,4365
BATCH-867,MO-2676,RM-66,18-10-2025,3431
BATCH-868,MO-5414,RM-35,26-05-2025,465
BATCH-869,MO-3766,RM-51,02/02/2025,1907
BATCH-870,MO-679,RM-68,2026-11-28,4587
BATCH-871,MO-7809,RM-94,2025-09-22,203
BATCH-872,MO-7252,RM-100,26-09-2025,2685
BATCH-873,MO-4458,RM-48,2026-06-23,4173
BATCH-874,MO-4085,RM-72,2024-06-11,4616
BATCH-875,MO-562,RM-85,2026-11-06,192
BATCH-876,MO-6246,RM-117,2025-07-27,3000
BATCH-877,MO-2880,RM-11,02/08/2025,2700
BATCH-878,MO-3229,RM-39,10-10-2024,938
BATCH-879,MO-2323,RM-116,11/09/2025,4464
BATCH-880,MO-1449,RM-109,2026-08-14,2274
BATCH-881,MO-6850,RM-40,2024-05-12,450
BATCH-882,MO-4872,RM-37,07/08/2025,1801
BATCH-883,MO-6411,RM-113,07/03/2025,1071
BATCH-884,MO-2184,RM-68,05/23/2025,836
BATCH-885,MO-7415,RM-69,2025-06-21,4292
BATCH-886,MO-3993,RM-23,2026-06-25,4483
BATCH-887,MO-1549,RM-89,2026-08-01,3549
BATCH-888,MO-5355,RM-60,21-02-2025,3893
BATCH-889,MO-2736,RM-61,08-12-2025,3927
BATCH-890,MO-3456,RM-58,2025-01-13,1419
BATCH-891,MO-1901,RM-37,2024-06-03,844
BATCH-892,MO-4957,RM-10,07-02-2024,765
BATCH-893,MO-6590,RM-105,2026-11-22,4120
BATCH-894,MO-2874,RM-109,02/10/2025,789
BATCH-895,MO-1400,RM-59,2025-11-25,1406
BATCH-896,MO-5252,RM-39,02-09-2025,280
BATCH-897,MO-1585,RM-8,2026-12-10,4405
BATCH-898,MO-819,RM-78,03-09-2026,4011
BATCH-899,MO-5306,RM-60,07/27/2026,706
BATCH-900,MO-4758,RM-41,10/03/2024,964
BATCH-901,MO-3835,RM-7,21-01-2026,250
BATCH-902,MO-6571,RM-64,2024-11-26,1666
BATCH-903,MO-4263,RM-29,11/12/2025,1773
BATCH-904,MO-5719,RM-75,2024-12-16,1270
BATCH-905,MO-3059,RM-50,03/03/2024,3139
BATCH-906,MO-3198,RM-89,2024-02-21,3024
BATCH-907,MO-6634,RM-83,10/04/2025,3022
BATCH-908,MO-208,RM-66,01/21/2025,153
BATCH-909,MO-473,RM-47,08/25/2025,871
BATCH-910,MO-5524,RM-95,2024-03-21,31
BATCH-911,MO-1671,RM-7,2025-03-15,3975
BATCH-912,MO-5514,RM-72,2025-05-24,1675
BATCH-913,MO-5673,RM-74,2024-10-22,857
BATCH-914,MO-7776,RM-111,02-08-2026,2663
BATCH-915,MO-437,RM-100,2026-03-13,3520
BATCH-916,MO-1303,RM-68,2026-11-25,3837
BATCH-917,MO-4539,RM-82,05-09-2024,2732
BATCH-918,MO-6002,RM-45,2024-03-06,134
BATCH-919,MO-809,RM-15,21-10-2024,3002
BATCH-920,MO-2234,RM-8,05/06/2026,2170
BATCH-921,MO-6494,RM-24,2025-08-08,2897
BATCH-922,MO-5384,RM-2,16-09-2025,1718
BATCH-923,MO-1554,RM-114,08/16/2025,3731
BATCH-924,MO-7573,RM-40,2026-12-23,133
BATCH-925,MO-5845,RM-61,02-04-2024,3171
BATCH-926,MO-411,RM-1,12/07/2024,2068
BATCH-927,MO-1221,RM-96,2026-08-17,1938
BATCH-928,MO-3628,RM-55,17-05-2025,3309
BATCH-929,MO-5672,RM-96,2025-01-18,3566
BATCH-930,MO-5921,RM-28,2024-12-17,1463
BATCH-931,MO-7483,RM-113,2025-03-07,2837
BATCH-932,MO-167,RM-88,2026-03-09,1456
BATCH-933,MO-4371,RM-118,27-08-2025,901
BATCH-934,MO-7973,RM-43,2024-11-02,2671
BATCH-935,MO-6993,RM-33,2024-05-26,4242
BATCH-936,MO-2942,RM-101,13-09-2026,2862
BATCH-937,MO-2006,RM-83,02/09/2024,4282
BATCH-938,MO-1163,RM-44,2024-03-02,4397
BATCH-939,MO-1001,RM-68,12/26/2025,4026
BATCH-940,MO-2153,RM-3,2024-08-22,4038
BATCH-941,MO-5500,RM-62,2024-03-24,10
BATCH-942,MO-3675,RM-105,2024-12-22,327
BATCH-943,MO-4031,RM-36,2024-01-04,2403
BATCH-944,MO-1032,RM-73,2026-05-23,2803
BATCH-945,MO-6941,RM-48,08/11/2026,4229
BATCH-946,MO-605,RM-10,06-11-2025,349
BATCH-947,MO-99,RM-87,01/09/2024,1748
BATCH-948,MO-363,RM-16,02/15/2024,2042
BATCH-949,MO-2626,RM-42,01/11/2024,3243
BATCH-950,MO-2933,RM-9,2026-07-07,3592
BATCH-951,MO-3388,RM-90,08/27/2024,2326
BATCH-952,MO-6239,RM-106,2025-11-23,4036
BATCH-953,MO-5103,RM-9,2024-08-17,703
BATCH-954,MO-5132,RM-18,06/08/2026,3127
BATCH-955,MO-2918,RM-33,2024-07-18,1190
BATCH-956,MO-6994,RM-87,2026-08-08,2484
BATCH-957,MO-5287,RM-87,2024-04-16,39
BATCH-958,MO-6662,RM-87,2024-08-05,3066
BATCH-959,MO-2583,RM-76,03-10-2026,3759
BATCH-960,MO-5516,RM-66,2025-10-16,999
BATCH-961,MO-2826,RM-47,04-02-2025,2605
BATCH-962,MO-2308,RM-13,2024-02-20,4144
BATCH-963,MO-3200,RM-113,2026-12-07,4043
BATCH-964,MO-5791,RM-3,03-11-2026,1375
BATCH-965,MO-1913,RM-8,2026-09-15,2105
BATCH-966,MO-1580,RM-35,2026-05-18,4517
BATCH-967,MO-2811,RM-93,2025-12-17,764
BATCH-968,MO-4175,RM-111,2026-03-14,917
BATCH-969,MO-664,RM-92,12/06/2025,2925
BATCH-970,MO-2630,RM-17,2025-04-01,2600
BATCH-971,MO-715,RM-17,2026-04-14,4692
BATCH-972,MO-5982,RM-69,2024-06-25,1487
BATCH-973,MO-1007,RM-89,2026-11-15,1593
BATCH-974,MO-2416,RM-84,2025-05-28,555
BATCH-975,MO-2857,RM-61,11/07/2025,3334
BATCH-976,MO-7622,RM-87,28-08-2026,1804
BATCH-977,MO-4705,RM-64,11/27/2025,1929
BATCH-978,MO-2930,RM-83,13-09-2025,3072
BATCH-979,MO-377,RM-120,2024-10-07,4555
BATCH-980,MO-4357,RM-58,2024-01-13,1085
BATCH-981,MO-6752,RM-71,07/19/2025,3376
BATCH-982,MO-2734,RM-6,2025-06-06,435
BATCH-983,MO-4902,RM-70,2026-12-15,2758
BATCH-984,MO-1913,RM-17,2026-05-16,3648
BATCH-985,MO-4964,RM-89,10/13/2026,312
BATCH-986,MO-2222,RM-90,04-04-2024,3917
BATCH-987,MO-5269,RM-43,04/21/2025,3490
BATCH-988,MO-4134,RM-107,09/23/2026,2497
BATCH-989,MO-2272,RM-24,03/28/2025,1489
BATCH-990,MO-109,RM-1,2025-03-06,4265
BATCH-991,MO-924,RM-23,06-03-2026,608
BATCH-992,MO-4203,RM-94,2026-04-19,4690
BATCH-993,MO-4103,RM-51,2024-11-25,2420
BATCH-994,MO-1337,RM-16,15-04-2025,3036
BATCH-995,MO-5561,RM-58,2024-08-25,2170
BATCH-996,MO-1654,RM-104,2025-06-17,2871
BATCH-997,MO-6856,RM-61,2024-09-04,39
BATCH-998,MO-4945,RM-89,2026-11-03,3614
BATCH-999,MO-3613,RM-94,09/05/2025,2795
BATCH-1000,MO-3632,RM-31,2025-04-03,4758
BATCH-1001,MO-1380,RM-74,2025-07-18,3985
BATCH-1002,MO-2646,RM-42,07/27/2026,3748
BATCH-1003,MO-6583,RM-16,2024-11-02,614
BATCH-1004,MO-4848,RM-117,2026-12-16,1731
BATCH-1005,MO-7392,RM-86,2024-03-24,4392
BATCH-1006,MO-7026,RM-71,2025-06-14,4021
BATCH-1007,MO-4191,RM-42,2024-03-13,526
BATCH-1008,MO-4425,RM-68,2025-03-10,1649
BATCH-1009,MO-2928,RM-1,2025-08-06,3014
BATCH-1010,MO-4217,RM-116,05/27/2026,2274
BATCH-1011,MO-1860,RM-96,2025-03-18,2089
BATCH-1012,MO-6118,RM-53,13-04-2026,3970
BATCH-1013,MO-4753,RM-77,06/20/2025,2682
BATCH-1014,MO-4074,RM-70,2024-09-28,3129
BATCH-1015,MO-5514,RM-19,19-04-2026,2176
BATCH-1016,MO-6438,RM-89,10/01/2025,4483
BATCH-1017,MO-2437,RM-99,2024-03-18,3934
BATCH-1018,MO-7444,RM-88,2024-05-15,596
BATCH-1019,MO-6928,RM-58,2025-04-22,570
BATCH-1020,MO-1072,RM-59,2025-11-04,372
BATCH-1021,MO-6949,RM-12,09/17/2026,3085
BATCH-1022,MO-3261,RM-96,11/27/2025,3046
BATCH-1023,MO-1941,RM-36,2026-02-17,1669
BATCH-1024,MO-5405,RM-33,2024-05-20,94
BATCH-1025,MO-241,RM-74,06/19/2025,4672
BATCH-1026,MO-2456,RM-35,2025-11-15,2531
BATCH-1027,MO-6646,RM-106,2026-12-04,2497
BATCH-1028,MO-7881,RM-70,2025-12-03,4295
BATCH-1029,MO-719,RM-112,2024-05-19,4490
BATCH-1030,MO-6169,RM-58,23-01-2024,4196
BATCH-1031,MO-3030,RM-16,2024-04-05,2549
BATCH-1032,MO-7234,RM-70,28-03-2025,1689
BATCH-1033,MO-2160,RM-19,07/01/2026,1580
BATCH-1034,MO-3151,RM-27,2025-11-14,794
BATCH-1035,MO-7950,RM-57,12-06-2024,1530
BATCH-1036,MO-2618,RM-104,01-05-2026,370
BATCH-1037,MO-867,RM-81,2026-06-08,3128
BATCH-1038,MO-4129,RM-83,2025-02-19,1714
BATCH-1039,MO-7103,RM-66,2026-07-06,3450
BATCH-1040,MO-1440,RM-14,2026-09-08,4624
BATCH-1041,MO-94,RM-85,2024-09-25,1227
BATCH-1042,MO-7942,RM-104,12/19/2024,992
BATCH-1043,MO-143,RM-24,12/17/2026,4475
BATCH-1044,MO-4831,RM-8,03-12-2025,997
BATCH-1045,MO-6666,RM-30,2024-08-04,3151
BATCH-1046,MO-3347,RM-3,2024-05-15,2374
BATCH-1047,MO-4300,RM-83,2024-08-12,2542
BATCH-1048,MO-6090,RM-49,2025-01-10,1296
BATCH-1049,MO-1372,RM-30,16-05-2026,1590
BATCH-1050,MO-6068,RM-11,04-07-2026,4039
BATCH-1051,MO-3033,RM-118,2026-11-02,4618
BATCH-1052,MO-7317,RM-100,01/03/2024,3027
BATCH-1053,MO-5825,RM-41,01/22/2025,1173
BATCH-1054,MO-7246,RM-97,20-04-2025,496
BATCH-1055,MO-4234,RM-84,25-01-2024,2036
BATCH-1056,MO-2654,RM-40,08/28/2026,4705
BATCH-1057,MO-6500,RM-117,18-02-2024,3973
BATCH-1058,MO-316,RM-12,2025-10-18,3893
BATCH-1059,MO-3481,RM-65,2024-09-10,3598
BATCH-1060,MO-6037,RM-66,27-04-2025,2418
BATCH-1061,MO-7193,RM-96,27-08-2026,1611
BATCH-1062,MO-758,RM-70,03/14/2026,2815
BATCH-1063,MO-7492,RM-82,15-05-2026,1816
BATCH-1064,MO-1911,RM-67,2024-11-14,482
BATCH-1065,MO-3965,RM-17,2025-07-01,1903
BATCH-1066,MO-5449,RM-75,10/01/2025,2062
BATCH-1067,MO-3096,RM-62,07-10-2026,4095
BATCH-1068,MO-2579,RM-54,2026-11-14,1906
BATCH-1069,MO-137,RM-96,2025-10-27,2889
BATCH-1070,MO-607,RM-12,09/03/2025,2819
BATCH-1071,MO-1829,RM-71,2025-03-01,2018
BATCH-1072,MO-5215,RM-18,06-02-2025,2233
BATCH-1073,MO-4651,RM-84,04-01-2025,1444
BATCH-1074,MO-5008,RM-65,06/08/2026,3596
BATCH-1075,MO-3236,RM-64,09-02-2025,441
BATCH-1076,MO-1476,RM-67,24-05-2026,820
BATCH-1077,MO-55,RM-65,2026-01-16,1801
BATCH-1078,MO-4077,RM-12,2025-08-11,358
BATCH-1079,MO-4557,RM-119,2024-06-05,4167
BATCH-1080,MO-7049,RM-76,2026-08-17,202
BATCH-1081,MO-6539,RM-57,08/01/2026,3014
BATCH-1082,MO-2435,RM-36,22-03-2025,3507
BATCH-1083,MO-4101,RM-9,04/18/2025,3390
BATCH-1084,MO-1586,RM-105,11/27/2026,3202
BATCH-1085,MO-7336,RM-107,08/26/2024,1822
BATCH-1086,MO-2157,RM-102,2026-07-16,3275
BATCH-1087,MO-1096,RM-35,2025-05-17,3525
BATCH-1088,MO-155,RM-69,2024-12-05,1983
BATCH-1089,MO-3469,RM-110,2025-11-01,4738
BATCH-1090,MO-304,RM-43,09/17/2026,2520
BATCH-1091,MO-2464,RM-105,22-06-2025,2282
BATCH-1092,MO-7846,RM-84,04/28/2026,2207
BATCH-1093,MO-4587,RM-43,2026-03-13,798
BATCH-1094,MO-4256,RM-111,2026-08-01,4021
BATCH-1095,MO-5497,RM-24,2026-10-17,2778
BATCH-1096,MO-7214,RM-84,10/10/2025,299
BATCH-1097,MO-3785,RM-101,2026-01-16,1333
BATCH-1098,MO-701,RM-4,04/27/2025,1388
BATCH-1099,MO-189,RM-1,11/12/2026,20
BATCH-1100,MO-333,RM-108,2024-04-04,1052
BATCH-1101,MO-6905,RM-71,24-01-2026,4549
BATCH-1102,MO-1863,RM-118,09-03-2025,659
BATCH-1103,MO-2537,RM-61,2024-03-11,2704
BATCH-1104,MO-2538,RM-7,06/15/2025,3255
BATCH-1105,MO-3075,RM-67,2025-05-12,2239
BATCH-1106,MO-4260,RM-12,2026-09-13,1859
BATCH-1107,MO-588,RM-93,2024-03-03,622
BATCH-1108,MO-774,RM-92,2024-02-21,4215
BATCH-1109,MO-931,RM-70,2025-06-08,1157
BATCH-1110,MO-3904,RM-62,2026-02-13,1312
BATCH-1111,MO-5222,RM-77,11-06-2026,2947
BATCH-1112,MO-7663,RM-68,2025-09-05,3567
BATCH-1113,MO-1284,RM-106,2025-10-11,4652
BATCH-1114,MO-1589,RM-5,2024-07-20,2049
BATCH-1115,MO-6112,RM-21,2026-03-27,3054
BATCH-1116,MO-308,RM-67,2025-07-07,2510
BATCH-1117,MO-166,RM-113,02/24/2025,2282
BATCH-1118,MO-2495,RM-58,2024-02-19,2533
BATCH-1119,MO-7832,RM-77,23-07-2026,593
BATCH-1120,MO-7789,RM-72,25-11-2024,3310
BATCH-1121,MO-7617,RM-117,2026-09-05,1544
BATCH-1122,MO-590,RM-89,10/08/2024,288
BATCH-1123,MO-4945,RM-55,11/07/2026,3575
BATCH-1124,MO-5326,RM-26,2025-03-15,2219
BATCH-1125,MO-3060,RM-16,2026-09-27,601
BATCH-1126,MO-7621,RM-88,05/21/2026,1260
BATCH-1127,MO-4477,RM-50,2026-11-13,864
BATCH-1128,MO-5021,RM-110,02/05/2024,1883
BATCH-1129,MO-7390,RM-97,2024-01-17,4566
BATCH-1130,MO-3112,RM-118,10/26/2026,1712
BATCH-1131,MO-6370,RM-99,2024-08-07,3368
BATCH-1132,MO-811,RM-3,03-05-2026,1428
BATCH-1133,MO-2943,RM-78,02/18/2026,4136
BATCH-1134,MO-4738,RM-93,03/13/2026,651
BATCH-1135,MO-3886,RM-100,02/13/2024,1508
BATCH-1136,MO-2688,RM-75,2024-04-22,989
BATCH-1137,MO-3396,RM-11,02/22/2024,2724
BATCH-1138,MO-446,RM-34,2024-10-18,560
BATCH-1139,MO-2488,RM-1,2026-03-13,1359
BATCH-1140,MO-4400,RM-46,19-11-2025,4158
BATCH-1141,MO-5742,RM-43,07/26/2026,1902
BATCH-1142,MO-5599,RM-111,27-05-2026,3126
BATCH-1143,MO-1399,RM-63,2024-07-18,2140
BATCH-1144,MO-6178,RM-21,22-12-2026,2884
BATCH-1145,MO-3634,RM-6,12/20/2025,1520
BATCH-1146,MO-7493,RM-42,07/11/2026,1468
BATCH-1147,MO-5537,RM-105,2025-01-01,237
BATCH-1148,MO-2593,RM-50,11/14/2024,1122
BATCH-1149,MO-7758,RM-76,2026-08-21,1852
BATCH-1150,MO-7763,RM-108,2025-01-16,1446
BATCH-1151,MO-1264,RM-59,2026-12-03,4567
BATCH-1152,MO-947,RM-9,2026-08-05,2661
BATCH-1153,MO-7527,RM-22,13-06-2024,110
BATCH-1154,MO-2661,RM-22,2025-04-15,2659
BATCH-1155,MO-3165,RM-81,12/03/2024,514
BATCH-1156,MO-4178,RM-104,2026-03-02,1513
BATCH-1157,MO-859,RM-82,2024-07-02,1540
BATCH-1158,MO-6600,RM-41,04/08/2025,1239
BATCH-1159,MO-3278,RM-67,08/10/2024,2726
BATCH-1160,MO-292,RM-88,2026-10-27,4612
BATCH-1161,MO-7127,RM-33,04/07/2024,4113
BATCH-1162,MO-7459,RM-78,10-11-2024,3083
BATCH-1163,MO-1370,RM-13,2025-01-22,4770
BATCH-1164,MO-7823,RM-65,2025-05-07,603
BATCH-1165,MO-3359,RM-117,22-03-2025,143
BATCH-1166,MO-924,RM-21,08/16/2024,4226
BATCH-1167,MO-3741,RM-2,2026-09-11,3152
BATCH-1168,MO-1730,RM-44,07/14/2026,4027
BATCH-1169,MO-4619,RM-76,09/02/2026,3467
BATCH-1170,MO-3063,RM-108,28-09-2024,3466
BATCH-1171,MO-1715,RM-33,03-05-2025,3779
BATCH-1172,MO-7245,RM-29,06/10/2024,224
BATCH-1173,MO-5419,RM-57,2025-03-17,721
BATCH-1174,MO-2369,RM-68,05/20/2026,1470
BATCH-1175,MO-4667,RM-21,02/09/2026,1742
BATCH-1176,MO-257,RM-79,2024-05-15,3504
BATCH-1177,MO-2596,RM-70,04/19/2026,1314
BATCH-1178,MO-4631,RM-58,2026-07-27,3734
BATCH-1179,MO-7949,RM-99,2026-12-02,1253
BATCH-1180,MO-391,RM-112,09/05/2026,3902
BATCH-1181,MO-1799,RM-84,06/11/2026,3650
BATCH-1182,MO-4688,RM-106,03/25/2025,2644
BATCH-1183,MO-3739,RM-117,08/05/2025,3908
BATCH-1184,MO-6986,RM-115,01/05/2024,1467
BATCH-1185,MO-6039,RM-51,03/01/2025,1018
BATCH-1186,MO-1415,RM-54,2025-06-05,3693
BATCH-1187,MO-7088,RM-110,2024-07-23,3981
BATCH-1188,MO-3187,RM-81,2026-02-26,820
BATCH-1189,MO-6575,RM-108,2024-11-20,470
BATCH-1190,MO-3356,RM-105,2026-04-23,1699
BATCH-1191,MO-4898,RM-61,06-07-2025,4778
BATCH-1192,MO-803,RM-94,09-01-2024,3545
BATCH-1193,MO-1535,RM-30,2026-07-10,745
BATCH-1194,MO-934,RM-22,2025-01-06,4712
BATCH-1195,MO-7169,RM-12,02/19/2025,586
BATCH-1196,MO-5644,RM-84,2024-02-08,3433
BATCH-1197,MO-6161,RM-83,2025-10-07,1292
BATCH-1198,MO-2300,RM-115,2026-09-07,3117
BATCH-1199,MO-578,RM-106,12/11/2024,1858
BATCH-1200,MO-3328,RM-28,2026-11-10,1262
BATCH-1201,MO-3331,RM-18,2026-10-25,3856
BATCH-1202,MO-5926,RM-33,2026-08-21,4236
BATCH-1203,MO-2321,RM-113,2024-04-07,3716
BATCH-1204,MO-3842,RM-88,11-11-2025,2523
BATCH-1205,MO-2968,RM-90,2026-11-12,182
BATCH-1206,MO-3178,RM-97,09/11/2026,4349
BATCH-1207,MO-3396,RM-101,09-09-2026,4307
BATCH-1208,MO-1560,RM-33,2024-04-18,870
BATCH-1209,MO-6630,RM-87,2026-07-22,198
BATCH-1210,MO-6804,RM-36,2024-01-21,4721
BATCH-1211,MO-6194,RM-41,2025-08-05,3418
BATCH-1212,MO-4895,RM-32,2024-05-15,4336
BATCH-1213,MO-4379,RM-45,2025-11-21,3573
BATCH-1214,MO-2524,RM-84,22-07-2024,1594
BATCH-1215,MO-7024,RM-70,2026-06-26,2883
BATCH-1216,MO-6122,RM-102,04/02/2025,1634
BATCH-1217,MO-71,RM-13,2025-04-16,3663
BATCH-1218,MO-4542,RM-63,10/14/2025,4462
BATCH-1219,MO-2725,RM-57,2024-12-10,370
BATCH-1220,MO-6157,RM-99,07/24/2024,1211
BATCH-1221,MO-7388,RM-96,2026-05-15,837
BATCH-1222,MO-5590,RM-95,2025-02-14,1176
BATCH-1223,MO-5921,RM-17,2025-01-13,4607
BATCH-1224,MO-2572,RM-15,13-04-2026,3089
BATCH-1225,MO-2811,RM-40,2026-01-15,3621
BATCH-1226,MO-5760,RM-3,2025-01-05,3349
BATCH-1227,MO-6193,RM-35,2025-10-10,3602
BATCH-1228,MO-6222,RM-120,2026-07-02,4628
BATCH-1229,MO-3052,RM-56,2025-11-19,590
BATCH-1230,MO-6802,RM-23,2025-02-08,1915
BATCH-1231,MO-6891,RM-5,03-12-2025,3981
BATCH-1232,MO-7663,RM-76,08/16/2026,3915
BATCH-1233,MO-4169,RM-117,2026-05-14,4320
BATCH-1234,MO-7603,RM-1,16-01-2026,4175
BATCH-1235,MO-1830,RM-116,2024-11-14,3500
BATCH-1236,MO-961,RM-33,02-04-2024,4035
BATCH-1237,MO-2115,RM-111,2025-10-22,704
BATCH-1238,MO-2297,RM-38,2026-09-18,2307
BATCH-1239,MO-1463,RM-32,2025-12-28,2012
BATCH-1240,MO-1290,RM-76,02/17/2024,3331
BATCH-1241,MO-7154,RM-25,01/22/2025,4539
BATCH-1242,MO-7553,RM-6,06/28/2026,3260
BATCH-1243,MO-7105,RM-55,03-03-2024,94
BATCH-1244,MO-7357,RM-48,2026-01-08,825
BATCH-1245,MO-196,RM-111,01-11-2025,379
BATCH-1246,MO-3882,RM-94,2026-10-09,286
BATCH-1247,MO-6357,RM-99,02/28/2026,3269
BATCH-1248,MO-5672,RM-96,08-08-2026,4031
BATCH-1249,MO-312,RM-73,07/19/2024,2278
BATCH-1250,MO-7662,RM-38,2024-08-23,1715
BATCH-1251,MO-6581,RM-66,20-03-2025,4231
BATCH-1252,MO-4726,RM-94,03/03/2026,2693
BATCH-1253,MO-6333,RM-43,09/18/2025,437
BATCH-1254,MO-6456,RM-80,07/19/2025,4516
BATCH-1255,MO-2336,RM-53,2025-08-26,2186
BATCH-1256,MO-7310,RM-93,2024-04-28,229
BATCH-1257,MO-621,RM-101,2025-12-09,4316
BATCH-1258,MO-898,RM-87,2024-07-14,339
BATCH-1259,MO-5224,RM-23,10/19/2024,2863
BATCH-1260,MO-2776,RM-59,16-07-2024,1848
BATCH-1261,MO-6512,RM-52,17-09-2026,4423
BATCH-1262,MO-3493,RM-30,26-11-2026,1254
BATCH-1263,MO-3854,RM-104,2024-07-11,3006
BATCH-1264,MO-3967,RM-17,05/11/2026,3954
BATCH-1265,MO-2972,RM-104,2026-06-17,3398
BATCH-1266,MO-323,RM-7,16-10-2025,1975
BATCH-1267,MO-1563,RM-112,2024-03-10,495
BATCH-1268,MO-1185,RM-21,05-01-2025,4504
BATCH-1269,MO-5993,RM-26,2024-12-06,2047
BATCH-1270,MO-4611,RM-42,05/26/2024,1518
BATCH-1271,MO-4747,RM-70,2026-11-01,1315
BATCH-1272,MO-7568,RM-32,06/02/2024,3525
BATCH-1273,MO-2792,RM-20,04/09/2024,2053
BATCH-1274,MO-4560,RM-108,2024-08-05,729
BATCH-1275,MO-3092,RM-69,2025-04-05,177
BATCH-1276,MO-5782,RM-5,2024-04-04,1233
BATCH-1277,MO-171,RM-87,2025-12-28,4702
BATCH-1278,MO-994,RM-71,03-08-2024,2760
BATCH-1279,MO-2842,RM-119,2026-07-14,644
BATCH-1280,MO-1687,RM-44,2026-01-10,232
BATCH-1281,MO-393,RM-42,10/26/2026,842
BATCH-1282,MO-2518,RM-54,2026-04-21,4548
BATCH-1283,MO-988,RM-35,2025-12-24,4406
BATCH-1284,MO-3482,RM-64,2025-07-08,4147
BATCH-1285,MO-1220,RM-1,04/05/2025,2506
BATCH-1286,MO-4838,RM-6,2025-09-02,1250
BATCH-1287,MO-5680,RM-43,2026-11-06,2539
BATCH-1288,MO-3889,RM-41,09/10/2026,960
BATCH-1289,MO-7474,RM-113,2025-04-21,4775
BATCH-1290,MO-6006,RM-38,2026-09-12,3254
BATCH-1291,MO-5855,RM-44,22-11-2025,2694
BATCH-1292,MO-4779,RM-117,2024-03-26,1662
BATCH-1293,MO-1979,RM-63,24-12-2024,4297
BATCH-1294,MO-6994,RM-107,2024-03-20,580
BATCH-1295,MO-368,RM-66,07/10/2025,4385
BATCH-1296,MO-4346,RM-63,11/14/2024,187
BATCH-1297,MO-6615,RM-28,08/02/2026,1632
BATCH-1298,MO-7833,RM-73,2026-04-27,212
BATCH-1299,MO-658,RM-57,09/15/2025,3615
BATCH-1300,MO-1702,RM-74,11/13/2026,3857
BATCH-1301,MO-4504,RM-119,02/22/2024,3568
BATCH-1302,MO-6277,RM-34,2026-07-17,3383
BATCH-1303,MO-5580,RM-85,12/21/2025,556
BATCH-1304,MO-7818,RM-22,06/02/2026,4481
BATCH-1305,MO-2148,RM-21,2026-12-04,1069
BATCH-1306,MO-5418,RM-3,2025-07-01,595
BATCH-1307,MO-3897,RM-26,2025-11-08,4144
BATCH-1308,MO-5083,RM-32,2024-07-27,3057
BATCH-1309,MO-7303,RM-26,12-03-2024,2086
BATCH-1310,MO-7992,RM-24,2026-09-21,3533
BATCH-1311,MO-6382,RM-6,03/09/2024,3704
BATCH-1312,MO-2292,RM-44,2025-04-04,3560
BATCH-1313,MO-6676,RM-7,02/08/2026,668
BATCH-1314,MO-5435,RM-45,2026-02-24,2648
BATCH-1315,MO-4001,RM-98,2026-11-06,1461
BATCH-1316,MO-2196,RM-86,07/20/2024,4276
BATCH-1317,MO-5784,RM-117,2026-04-14,3649
BATCH-1318,MO-5729,RM-107,2025-06-22,829
BATCH-1319,MO-6007,RM-52,2026-09-28,3464
BATCH-1320,MO-1815,RM-46,2024-06-09,4168
BATCH-1321,MO-186,RM-100,01/17/2024,575
BATCH-1322,MO-2467,RM-118,2024-03-19,19
BATCH-1323,MO-2457,RM-102,25-04-2026,1554
BATCH-1324,MO-7766,RM-119,2024-12-23,75
BATCH-1325,MO-6981,RM-47,2026-01-11,3291
BATCH-1326,MO-1716,RM-95,01/17/2025,1401
BATCH-1327,MO-5662,RM-79,2025-02-18,4505
BATCH-1328,MO-4178,RM-7,03/18/2025,4064
BATCH-1329,MO-5100,RM-106,2024-06-04,311
BATCH-1330,MO-6414,RM-72,07/13/2026,3725
BATCH-1331,MO-2043,RM-80,2024-07-25,3347
BATCH-1332,MO-1209,RM-18,2026-09-14,4710
BATCH-1333,MO-7348,RM-41,25-08-2026,3638
BATCH-1334,MO-3801,RM-6,2024-08-06,2975
BATCH-1335,MO-3243,RM-114,02/04/2025,2656
BATCH-1336,MO-1053,RM-56,10/26/2025,2866
BATCH-1337,MO-1752,RM-96,2024-05-11,2416
BATCH-1338,MO-592,RM-16,08/06/2024,1871
BATCH-1339,MO-4220,RM-77,05/23/2025,2739
BATCH-1340,MO-3057,RM-93,2025-01-17,31
BATCH-1341,MO-912,RM-14,2026-02-13,2073
BATCH-1342,MO-7020,RM-65,2026-06-11,3285
BATCH-1343,MO-2215,RM-40,2025-10-26,119
BATCH-1344,MO-2525,RM-95,2024-05-05,1382
BATCH-1345,MO-3552,RM-44,01-08-2026,3212
BATCH-1346,MO-364,RM-72,2026-09-19,281
BATCH-1347,MO-3870,RM-104,2024-01-19,2403
BATCH-1348,MO-5385,RM-104,2024-08-19,2276
BATCH-1349,MO-3634,RM-63,04/15/2024,293
BATCH-1350,MO-5771,RM-12,27-07-2024,929
BATCH-1351,MO-579,RM-50,04/14/2026,2361
BATCH-1352,MO-4117,RM-17,13-01-2024,2187
BATCH-1353,MO-1390,RM-30,03/25/2024,4125
BATCH-1354,MO-2415,RM-99,12/03/2026,2669
BATCH-1355,MO-5863,RM-7,13-03-2025,4005
BATCH-1356,MO-3498,RM-15,2026-03-21,2058
BATCH-1357,MO-70,RM-94,11/21/2026,938
BATCH-1358,MO-1459,RM-11,2026-06-06,2320
BATCH-1359,MO-3552,RM-108,10/11/2025,3470
BATCH-1360,MO-6906,RM-45,2024-01-18,3898
BATCH-1361,MO-5732,RM-99,01/28/2026,1741
BATCH-1362,MO-4308,RM-49,26-03-2026,4623
BATCH-1363,MO-3244,RM-65,2024-11-12,2235
BATCH-1364,MO-3280,RM-60,26-05-2024,3845
BATCH-1365,MO-6608,RM-108,2025-04-04,2627
BATCH-1366,MO-5518,RM-47,14-09-2025,1558
BATCH-1367,MO-6898,RM-88,09/10/2026,1620
BATCH-1368,MO-2821,RM-75,05/03/2026,2529
BATCH-1369,MO-3887,RM-37,03/27/2026,4216
BATCH-1370,MO-952,RM-17,12/22/2026,2077
BATCH-1371,MO-1367,RM-18,2026-12-16,3116
BATCH-1372,MO-3224,RM-66,2025-08-17,2858
BATCH-1373,MO-7318,RM-85,04/21/2024,1313
BATCH-1374,MO-6480,RM-87,2024-12-02,1842
BATCH-1375,MO-46,RM-53,2024-01-03,335
BATCH-1376,MO-5765,RM-99,2025-04-26,1423
BATCH-1377,MO-580,RM-59,09/26/2025,2331
BATCH-1378,MO-421,RM-63,09/27/2025,153
BATCH-1379,MO-5785,RM-16,14-04-2026,218
BATCH-1380,MO-7280,RM-81,02/28/2025,121
BATCH-1381,MO-6261,RM-65,03/24/2024,1523
BATCH-1382,MO-6049,RM-56,28-12-2026,1309
BATCH-1383,MO-4552,RM-120,13-05-2026,4772
BATCH-1384,MO-2226,RM-93,2026-09-14,3749
BATCH-1385,MO-2821,RM-2,2026-08-03,3061
BATCH-1386,MO-1550,RM-45,12/20/2026,403
BATCH-1387,MO-5425,RM-81,2024-08-24,4603
BATCH-1388,MO-5230,RM-111,2025-02-16,604
BATCH-1389,MO-2316,RM-46,07/18/2025,839
BATCH-1390,MO-1115,RM-104,09/12/2025,3326
BATCH-1391,MO-3810,RM-51,09/01/2024,425
BATCH-1392,MO-1437,RM-9,17-12-2024,428
BATCH-1393,MO-409,RM-7,07/19/2024,1826
BATCH-1394,MO-5506,RM-107,2024-04-12,4782
BATCH-1395,MO-305,RM-96,2026-05-23,1238
BATCH-1396,MO-755,RM-41,2024-07-04,1607
BATCH-1397,MO-3026,RM-116,2026-01-06,1376
BATCH-1398,MO-7451,RM-45,05/16/2024,1555
BATCH-1399,MO-4970,RM-9,2024-08-17,3006
BATCH-1400,MO-824,RM-17,12-03-2025,2228
BATCH-1401,MO-783,RM-120,05-06-2025,1133
BATCH-1402,MO-677,RM-12,11/23/2024,1883
BATCH-1403,MO-2228,RM-83,06/01/2025,3030
BATCH-1404,MO-5086,RM-67,2024-07-04,2324
BATCH-1405,MO-979,RM-67,04/27/2026,3073
BATCH-1406,MO-2079,RM-101,2026-08-19,1476
BATCH-1407,MO-4788,RM-102,01/04/2024,527
BATCH-1408,MO-6807,RM-59,23-09-2026,2142
BATCH-1409,MO-6596,RM-36,16-12-2024,3437
BATCH-1410,MO-608,RM-36,12/26/2025,1134
BATCH-1411,MO-7391,RM-114,27-04-2026,20
BATCH-1412,MO-6585,RM-66,11/20/2024,1731
BATCH-1413,MO-4231,RM-26,2024-05-17,4664
BATCH-1414,MO-7781,RM-24,06/08/2025,1384
BATCH-1415,MO-1904,RM-53,04/05/2025,4753
BATCH-1416,MO-5844,RM-104,2024-08-23,1443
BATCH-1417,MO-129,RM-50,02/07/2024,2404
BATCH-1418,MO-7869,RM-44,2024-04-04,688
BATCH-1419,MO-2170,RM-63,21-09-2026,3432
BATCH-1420,MO-1159,RM-16,2026-09-02,4084
BATCH-1421,MO-6716,RM-74,2024-09-14,1514
BATCH-1422,MO-2281,RM-54,10/15/2026,2873
BATCH-1423,MO-3824,RM-74,09/16/2026,2408
BATCH-1424,MO-7204,RM-1,21-12-2025,3329
BATCH-1425,MO-5806,RM-83,2025-05-28,4467
BATCH-1426,MO-7726,RM-41,06/16/2026,262
BATCH-1427,MO-7219,RM-24,2025-07-20,335
BATCH-1428,MO-2345,RM-15,09/20/2024,3410
BATCH-1429,MO-2774,RM-59,02/13/2024,2813
BATCH-1430,MO-2003,RM-93,01-10-2024,3899
BATCH-1431,MO-1486,RM-89,2025-12-22,2755
BATCH-1432,MO-4445,RM-70,01/02/2025,4474
BATCH-1433,MO-2593,RM-42,2025-04-24,2605
BATCH-1434,MO-654,RM-38,05/12/2025,404
BATCH-1435,MO-462,RM-6,2025-07-28,815
BATCH-1436,MO-5223,RM-3,20-02-2025,4188
BATCH-1437,MO-3592,RM-27,04/08/2025,1577
BATCH-1438,MO-6387,RM-44,04/09/2025,2988
BATCH-1439,MO-3565,RM-26,02/23/2025,991
BATCH-1440,MO-2194,RM-109,23-07-2026,1109
BATCH-1441,MO-3077,RM-56,2024-08-26,3388
BATCH-1442,MO-1660,RM-28,03-08-2024,2619
BATCH-1443,MO-7783,RM-33,05/14/2025,3635
BATCH-1444,MO-7303,RM-12,2025-06-19,3462
BATCH-1445,MO-3793,RM-70,07/25/2026,100
BATCH-1446,MO-1257,RM-115,20-07-2026,2716
BATCH-1447,MO-3802,RM-23,01/07/2026,3257
BATCH-1448,MO-4957,RM-56,09/12/2026,2699
BATCH-1449,MO-3822,RM-69,2026-04-21,4323
BATCH-1450,MO-6395,RM-29,2024-11-24,506
BATCH-1451,MO-5359,RM-46,05-10-2024,2254
BATCH-1452,MO-5752,RM-28,02/14/2024,901
BATCH-1453,MO-4415,RM-95,2024-05-14,4151
BATCH-1454,MO-644,RM-46,2026-05-14,3126
BATCH-1455,MO-1992,RM-41,2026-03-10,1209
BATCH-1456,MO-5649,RM-34,17-04-2024,1306
BATCH-1457,MO-5752,RM-69,10/25/2025,4267
BATCH-1458,MO-2055,RM-100,04-05-2024,4263
BATCH-1459,MO-5468,RM-95,2026-04-24,3383
BATCH-1460,MO-5560,RM-71,2026-06-14,3315
BATCH-1461,MO-6169,RM-79,2026-11-21,2010
BATCH-1462,MO-5567,RM-50,02/16/2024,4739
BATCH-1463,MO-3778,RM-60,2025-01-21,2632
BATCH-1464,MO-5899,RM-17,2025-05-10,4432
BATCH-1465,MO-5249,RM-59,2024-12-18,4371
BATCH-1466,MO-1188,RM-29,02-11-2025,3014
BATCH-1467,MO-7232,RM-67,2025-12-03,3729
BATCH-1468,MO-3306,RM-9,18-12-2026,4397
BATCH-1469,MO-6256,RM-15,25-06-2024,2730
BATCH-1470,MO-4373,RM-83,2026-01-09,215
BATCH-1471,MO-7012,RM-55,20-10-2026,1068
BATCH-1472,MO-3267,RM-20,2026-07-21,3363
BATCH-1473,MO-82,RM-68,2026-10-14,2211
BATCH-1474,MO-1340,RM-58,2025-10-26,1736
BATCH-1475,MO-3595,RM-84,2025-09-20,289
BATCH-1476,MO-7978,RM-25,2024-09-14,3432
BATCH-1477,MO-10,RM-100,2025-10-09,2620
BATCH-1478,MO-1008,RM-21,10/07/2024,2615
BATCH-1479,MO-5638,RM-61,10/27/2026,2761
BATCH-1480,MO-577,RM-94,06-07-2025,615
BATCH-1481,MO-3097,RM-31,06/20/2025,2806
BATCH-1482,MO-3493,RM-72,2026-12-18,1130
BATCH-1483,MO-6890,RM-90,09/05/2025,1068
BATCH-1484,MO-2356,RM-43,02-11-2024,1124
BATCH-1485,MO-7966,RM-31,2025-10-03,3600
BATCH-1486,MO-711,RM-87,2025-08-26,1000
BATCH-1487,MO-7819,RM-112,05/20/2026,830
BATCH-1488,MO-7430,RM-22,2026-06-23,3319
BATCH-1489,MO-2845,RM-17,2025-06-14,3541
BATCH-1490,MO-576,RM-4,07/28/2026,3865
BATCH-1491,MO-7987,RM-109,2025-07-23,170
BATCH-1492,MO-7536,RM-41,2026-02-01,4259
BATCH-1493,MO-6343,RM-24,2026-03-13,4763
BATCH-1494,MO-701,RM-115,19-10-2026,278
BATCH-1495,MO-4869,RM-106,08/01/2026,4496
BATCH-1496,MO-54,RM-23,2026-08-20,4330
BATCH-1497,MO-338,RM-108,2025-09-23,286
BATCH-1498,MO-856,RM-114,19-11-2025,1166
BATCH-1499,MO-3935,RM-89,2025-04-26,1822
BATCH-1500,MO-810,RM-57,05/08/2024,1781
BATCH-1501,MO-1175,RM-96,2024-05-07,2028
BATCH-1502,MO-2056,RM-81,19-01-2025,810
BATCH-1503,MO-235,RM-5,23-01-2026,774
BATCH-1504,MO-2238,RM-52,2026-10-11,1732
BATCH-1505,MO-2943,RM-114,2025-04-23,3056
BATCH-1506,MO-2827,RM-21,08/16/2024,2089
BATCH-1507,MO-2097,RM-51,14-02-2026,1560
BATCH-1508,MO-638,RM-22,2024-12-28,262
BATCH-1509,MO-3578,RM-100,2024-08-04,1359
BATCH-1510,MO-2749,RM-64,2024-10-22,4166
BATCH-1511,MO-2531,RM-58,07/28/2024,3823
BATCH-1512,MO-3471,RM-115,26-05-2025,2947
BATCH-1513,MO-7138,RM-14,2024-10-02,3061
BATCH-1514,MO-6400,RM-101,2025-03-24,3899
BATCH-1515,MO-188,RM-46,03/19/2025,873
BATCH-1516,MO-2087,RM-38,2026-08-05,2027
BATCH-1517,MO-7735,RM-27,2026-11-05,4795
BATCH-1518,MO-303,RM-67,2024-06-01,1789
BATCH-1519,MO-4886,RM-4,2026-01-20,1019
BATCH-1520,MO-7058,RM-88,2025-09-24,2031
BATCH-1521,MO-4207,RM-87,2024-03-03,307
BATCH-1522,MO-1420,RM-7,18-11-2026,401
BATCH-1523,MO-4121,RM-3,02/17/2025,1801
BATCH-1524,MO-1695,RM-34,11/22/2025,4763
BATCH-1525,MO-6633,RM-67,11/22/2026,3076
BATCH-1526,MO-3352,RM-41,08/18/2026,4337
BATCH-1527,MO-2196,RM-39,2025-05-16,2771
BATCH-1528,MO-329,RM-119,07/09/2026,3575
BATCH-1529,MO-7241,RM-118,10-07-2025,4440
BATCH-1530,MO-858,RM-73,12/13/2025,4652
BATCH-1531,MO-3966,RM-62,06-02-2026,2386
BATCH-1532,MO-5194,RM-82,2024-07-02,1362
BATCH-1533,MO-3617,RM-57,2026-02-01,876
BATCH-1534,MO-1989,RM-58,2024-01-18,3621
BATCH-1535,MO-1346,RM-69,10-08-2025,3786
BATCH-1536,MO-4658,RM-95,10-02-2026,1039
BATCH-1537,MO-3510,RM-32,2025-08-23,3135
BATCH-1538,MO-5179,RM-110,03/25/2024,4486
BATCH-1539,MO-7491,RM-101,2025-06-14,4734
BATCH-1540,MO-4227,RM-85,08-07-2024,3774
BATCH-1541,MO-5843,RM-35,2026-04-27,416
BATCH-1542,MO-5953,RM-107,04/20/2026,768
BATCH-1543,MO-3841,RM-49,2026-09-12,1418
BATCH-1544,MO-927,RM-87,10/04/2024,2980
BATCH-1545,MO-1357,RM-118,06/20/2024,2313
BATCH-1546,MO-1024,RM-65,28-11-2026,696
BATCH-1547,MO-3373,RM-50,2026-02-12,3123
BATCH-1548,MO-2184,RM-103,2026-01-08,1857
BATCH-1549,MO-5004,RM-62,2026-09-20,2052
BATCH-1550,MO-3290,RM-59,2025-08-05,275
BATCH-1551,MO-5531,RM-44,2025-09-04,3862
BATCH-1552,MO-6400,RM-74,2024-10-26,2396
BATCH-1553,MO-4729,RM-9,2026-09-11,284
BATCH-1554,MO-3688,RM-21,2026-01-21,2622
BATCH-1555,MO-1985,RM-31,2026-07-16,549
BATCH-1556,MO-5193,RM-105,2025-09-16,2344
BATCH-1557,MO-394,RM-104,2024-01-14,3531
BATCH-1558,MO-7639,RM-36,27-09-2026,1302
BATCH-1559,MO-2538,RM-75,18-02-2026,1548
BATCH-1560,MO-2168,RM-109,16-12-2024,4292
BATCH-1561,MO-5397,RM-26,2025-08-16,2060
BATCH-1562,MO-7415,RM-108,2025-12-18,1054
BATCH-1563,MO-1412,RM-54,23-01-2025,4502
BATCH-1564,MO-5710,RM-89,01-08-2024,1588
BATCH-1565,MO-5002,RM-60,2024-12-14,4473
BATCH-1566,MO-6129,RM-74,01/10/2026,3922
BATCH-1567,MO-3105,RM-108,02/24/2024,1541
BATCH-1568,MO-1289,RM-83,09/16/2024,4099
BATCH-1569,MO-2473,RM-85,11-12-2026,4068
BATCH-1570,MO-2651,RM-42,21-05-2024,3607
BATCH-1571,MO-6740,RM-77,11/02/2025,1760
BATCH-1572,MO-382,RM-15,23-09-2024,3014
BATCH-1573,MO-4785,RM-39,12/12/2024,1772
BATCH-1574,MO-7035,RM-107,2025-01-26,4721
BATCH-1575,MO-4827,RM-60,01/13/2026,2785
BATCH-1576,MO-1504,RM-64,01/18/2024,1327
BATCH-1577,MO-514,RM-74,15-03-2025,1876
BATCH-1578,MO-2536,RM-102,2026-05-15,1329
BATCH-1579,MO-4029,RM-118,28-02-2026,301
BATCH-1580,MO-388,RM-78,2024-10-13,4166
BATCH-1581,MO-3961,RM-36,2025-09-20,1337
BATCH-1582,MO-7126,RM-101,03/07/2025,150
BATCH-1583,MO-1285,RM-11,2026-06-12,157
BATCH-1584,MO-353,RM-79,04/26/2024,2487
BATCH-1585,MO-815,RM-16,03/25/2025,1170
BATCH-1586,MO-4560,RM-104,2026-06-03,528
BATCH-1587,MO-1614,RM-84,2025-09-28,1513
BATCH-1588,MO-3930,RM-13,07/12/2025,2748
BATCH-1589,MO-7988,RM-118,09-12-2026,2731
BATCH-1590,MO-1769,RM-14,24-01-2026,1585
BATCH-1591,MO-7324,RM-20,21-10-2026,1869
BATCH-1592,MO-4018,RM-8,2025-08-18,3108
BATCH-1593,MO-6789,RM-119,09/22/2024,3800
BATCH-1594,MO-4135,RM-76,2025-08-26,115
BATCH-1595,MO-2478,RM-97,2024-11-10,3963
BATCH-1596,MO-828,RM-62,2026-06-02,2048
BATCH-1597,MO-4700,RM-71,04/15/2024,790
BATCH-1598,MO-3806,RM-78,14-07-2024,679
BATCH-1599,MO-7455,RM-46,07-03-2026,3959
BATCH-1600,MO-4722,RM-51,2025-10-03,3256
BATCH-1601,MO-850,RM-62,2024-09-04,3358
BATCH-1602,MO-3965,RM-37,09/24/2024,4568
BATCH-1603,MO-6565,RM-3,10/17/2024,3537
BATCH-1604,MO-2315,RM-2,11/11/2024,2425
BATCH-1605,MO-4259,RM-3,2026-05-15,3817
BATCH-1606,MO-769,RM-97,05-07-2025,449
BATCH-1607,MO-4583,RM-58,20-04-2025,2277
BATCH-1608,MO-7783,RM-101,01/11/2024,1021
BATCH-1609,MO-7387,RM-16,12/24/2026,2600
BATCH-1610,MO-3590,RM-16,03/10/2026,2167
BATCH-1611,MO-6545,RM-21,2024-10-05,837
BATCH-1612,MO-97,RM-8,12-11-2024,2659
BATCH-1613,MO-283,RM-118,2025-06-12,1369
BATCH-1614,MO-1397,RM-89,21-07-2025,1980
BATCH-1615,MO-4541,RM-34,09/12/2025,2966
BATCH-1616,MO-3744,RM-42,06/04/2024,4693
BATCH-1617,MO-3000,RM-30,05/27/2026,371
BATCH-1618,MO-7048,RM-56,08/26/2026,1102
BATCH-1619,MO-5166,RM-37,06/08/2026,3633
BATCH-1620,MO-3148,RM-108,02-04-2026,4445
BATCH-1621,MO-7145,RM-88,2026-12-27,1706
BATCH-1622,MO-5791,RM-18,11-07-2026,692
BATCH-1623,MO-1262,RM-54,12/24/2024,976
BATCH-1624,MO-6974,RM-65,11/23/2024,3604
BATCH-1625,MO-1629,RM-57,2024-04-22,4670
BATCH-1626,MO-6514,RM-8,06/05/2025,3697
BATCH-1627,MO-1399,RM-11,2024-01-15,227
BATCH-1628,MO-4761,RM-3,12/04/2025,112
BATCH-1629,MO-5304,RM-117,01/05/2026,4487
BATCH-1630,MO-4030,RM-92,2024-09-04,3679
BATCH-1631,MO-672,RM-103,01/20/2024,766
BATCH-1632,MO-899,RM-97,05/23/2026,1654
BATCH-1633,MO-2502,RM-44,12/21/2025,939
BATCH-1634,MO-5053,RM-30,2026-04-21,2489
BATCH-1635,MO-950,RM-106,2024-09-18,776
BATCH-1636,MO-4801,RM-89,22-10-2026,411
BATCH-1637,MO-203,RM-107,06-03-2024,439
BATCH-1638,MO-3871,RM-79,06/25/2025,2171
BATCH-1639,MO-5931,RM-87,16-02-2025,4278
BATCH-1640,MO-315,RM-51,2026-07-23,4555
BATCH-1641,MO-412,RM-89,2024-11-12,3299
BATCH-1642,MO-5761,RM-68,08/26/2024,1069
BATCH-1643,MO-7798,RM-31,2025-03-12,2318
BATCH-1644,MO-2480,RM-17,2024-02-08,1596
BATCH-1645,MO-5840,RM-41,18-07-2025,1517
BATCH-1646,MO-5525,RM-30,25-07-2024,4541
BATCH-1647,MO-7044,RM-104,2025-08-15,4092
BATCH-1648,MO-2791,RM-63,2026-06-23,3156
BATCH-1649,MO-5680,RM-116,04/04/2026,866
BATCH-1650,MO-1488,RM-93,10/06/2024,1473
BATCH-1651,MO-4995,RM-103,15-05-2025,4492
BATCH-1652,MO-667,RM-40,12-06-2024,4702
BATCH-1653,MO-4292,RM-92,2024-10-23,972
BATCH-1654,MO-4827,RM-82,2026-02-12,4648
BATCH-1655,MO-2244,RM-76,2025-08-20,998
BATCH-1656,MO-5210,RM-73,2024-12-15,1144
BATCH-1657,MO-4248,RM-120,07/03/2026,1489
BATCH-1658,MO-205,RM-9,2025-01-20,1403
BATCH-1659,MO-3999,RM-3,06/11/2025,3709
BATCH-1660,MO-3166,RM-2,08/07/2025,1338
BATCH-1661,MO-3213,RM-111,2025-06-12,2028
BATCH-1662,MO-7101,RM-10,17-11-2026,4215
BATCH-1663,MO-1509,RM-84,12/12/2025,2872
BATCH-1664,MO-5717,RM-86,2026-02-27,2535
BATCH-1665,MO-3816,RM-106,2026-01-09,4517
BATCH-1666,MO-6249,RM-45,2024-05-04,1789
BATCH-1667,MO-1197,RM-31,09-11-2026,2616
BATCH-1668,MO-1004,RM-59,2025-04-23,3887
BATCH-1669,MO-7154,RM-22,02/16/2025,2196
BATCH-1670,MO-7783,RM-30,2025-12-11,2672
BATCH-1671,MO-4809,RM-98,2024-01-08,2648
BATCH-1672,MO-5781,RM-78,01/08/2025,3930
BATCH-1673,MO-1400,RM-56,06/07/2024,1416
BATCH-1674,MO-1147,RM-104,2026-07-13,2697
BATCH-1675,MO-2576,RM-14,2024-02-26,1961
BATCH-1676,MO-3854,RM-66,13-03-2025,163
BATCH-1677,MO-928,RM-6,2024-09-01,18
BATCH-1678,MO-3336,RM-107,2024-01-22,2602
BATCH-1679,MO-2435,RM-78,10-06-2025,3725
BATCH-1680,MO-4147,RM-76,12/02/2025,2079
BATCH-1681,MO-6210,RM-4,2024-07-17,4134
BATCH-1682,MO-5408,RM-24,2026-02-24,737
BATCH-1683,MO-1266,RM-59,2026-12-17,2982
BATCH-1684,MO-4129,RM-24,2024-05-24,3247
BATCH-1685,MO-7323,RM-72,01/21/2024,2508
BATCH-1686,MO-1335,RM-58,2024-09-19,2358
BATCH-1687,MO-5776,RM-71,10/12/2024,3389
BATCH-1688,MO-680,RM-119,07-10-2026,2461
BATCH-1689,MO-3808,RM-91,15-04-2026,985
BATCH-1690,MO-3008,RM-94,07-10-2026,3074
BATCH-1691,MO-3015,RM-72,03-02-2026,4451
BATCH-1692,MO-3851,RM-93,06/19/2024,2104
BATCH-1693,MO-3093,RM-72,08/18/2024,4309
BATCH-1694,MO-4743,RM-89,2024-01-23,2148
BATCH-1695,MO-5293,RM-117,2025-09-26,535
BATCH-1696,MO-4032,RM-56,04/17/2024,117
BATCH-1697,MO-7675,RM-91,2025-07-12,1457
BATCH-1698,MO-6421,RM-7,13-07-2026,1564
BATCH-1699,MO-4807,RM-60,2025-11-17,3686
BATCH-1700,MO-6650,RM-14,11-09-2026,1426
BATCH-1701,MO-6624,RM-50,2024-01-18,485
BATCH-1702,MO-820,RM-71,25-01-2025,2496
BATCH-1703,MO-1842,RM-37,2024-08-19,3639
BATCH-1704,MO-3892,RM-104,2025-09-15,1803
BATCH-1705,MO-2903,RM-85,10/12/2026,4472
BATCH-1706,MO-5808,RM-54,06-06-2024,2192
BATCH-1707,MO-5940,RM-12,17-04-2026,154
BATCH-1708,MO-4018,RM-57,01/22/2025,3531
BATCH-1709,MO-5397,RM-9,2025-12-21,1677
BATCH-1710,MO-6128,RM-24,2026-09-17,4483
BATCH-1711,MO-6809,RM-97,07/17/2026,813
BATCH-1712,MO-3400,RM-11,2024-06-15,469
BATCH-1713,MO-6890,RM-9,2025-11-02,3355
BATCH-1714,MO-7058,RM-95,05-11-2024,4187
BATCH-1715,MO-5551,RM-13,03-02-2025,4110
BATCH-1716,MO-5057,RM-39,08-03-2024,1545
BATCH-1717,MO-165,RM-30,2026-01-01,760
BATCH-1718,MO-6724,RM-109,01/25/2025,1904
BATCH-1719,MO-1607,RM-67,08/28/2025,2897
BATCH-1720,MO-4818,RM-14,06-05-2025,1578
BATCH-1721,MO-5378,RM-5,09/18/2025,3430
BATCH-1722,MO-2353,RM-44,2024-01-19,1356
BATCH-1723,MO-7162,RM-48,19-10-2024,1268
BATCH-1724,MO-4059,RM-76,2024-02-14,2542
BATCH-1725,MO-1000,RM-100,08/12/2024,4651
BATCH-1726,MO-5525,RM-75,2026-03-24,475
BATCH-1727,MO-3240,RM-88,09/08/2024,1216
BATCH-1728,MO-1935,RM-113,2025-05-22,4088
BATCH-1729,MO-46,RM-63,01-02-2024,1408
BATCH-1730,MO-3732,RM-62,02/01/2024,3267
BATCH-1731,MO-6361,RM-3,2024-06-21,979
BATCH-1732,MO-6132,RM-42,2024-06-21,864
BATCH-1733,MO-7365,RM-14,2024-03-22,1473
BATCH-1734,MO-4988,RM-28,13-07-2025,470
BATCH-1735,MO-738,RM-35,02-03-2025,1099
BATCH-1736,MO-6102,RM-118,06/24/2026,808
BATCH-1737,MO-4374,RM-51,23-05-2026,4331
BATCH-1738,MO-912,RM-107,12/28/2024,1006
BATCH-1739,MO-2208,RM-117,11-12-2025,2998
BATCH-1740,MO-3964,RM-85,2024-05-25,4567
BATCH-1741,MO-2247,RM-97,03/18/2026,4378
BATCH-1742,MO-668,RM-10,2025-02-05,3736
BATCH-1743,MO-7064,RM-67,2025-10-28,4344
BATCH-1744,MO-7137,RM-74,02/17/2026,4624
BATCH-1745,MO-710,RM-19,09/18/2024,3347
BATCH-1746,MO-7666,RM-46,02/09/2025,2043
BATCH-1747,MO-2717,RM-67,04/09/2026,203
BATCH-1748,MO-402,RM-103,12/15/2025,2298
BATCH-1749,MO-3636,RM-111,03/13/2024,1918
BATCH-1750,MO-6096,RM-19,27-12-2026,2059
BATCH-1751,MO-6883,RM-56,2025-11-04,401
BATCH-1752,MO-1299,RM-51,2026-11-23,713
BATCH-1753,MO-7314,RM-109,2026-04-22,1664
BATCH-1754,MO-4808,RM-94,2026-10-11,2265
BATCH-1755,MO-1629,RM-2,2025-02-02,1599
BATCH-1756,MO-4326,RM-74,2024-10-15,307
BATCH-1757,MO-1736,RM-99,2025-08-25,1169
BATCH-1758,MO-2567,RM-111,12/03/2025,4010
BATCH-1759,MO-6367,RM-57,04-06-2026,2615
BATCH-1760,MO-3758,RM-75,11/08/2024,3096
BATCH-1761,MO-4815,RM-10,2026-06-18,2725
BATCH-1762,MO-1894,RM-38,09/12/2025,4094
BATCH-1763,MO-3061,RM-17,01/22/2026,2143
BATCH-1764,MO-2248,RM-9,08/14/2026,3416
BATCH-1765,MO-69,RM-64,10/03/2024,4394
BATCH-1766,MO-30,RM-51,10/28/2026,4707
BATCH-1767,MO-2739,RM-66,2024-12-14,1850
BATCH-1768,MO-2658,RM-46,2026-05-18,4201
BATCH-1769,MO-7656,RM-119,13-09-2026,2872
BATCH-1770,MO-3189,RM-103,01/22/2026,149
BATCH-1771,MO-4999,RM-83,02/21/2024,3374
BATCH-1772,MO-4967,RM-120,2025-04-06,29
BATCH-1773,MO-6606,RM-16,04/07/2025,2551
BATCH-1774,MO-1589,RM-90,2025-05-02,2284
BATCH-1775,MO-2592,RM-99,2024-10-05,158
BATCH-1776,MO-1142,RM-12,2024-09-21,883
BATCH-1777,MO-3393,RM-112,06/07/2026,2289
BATCH-1778,MO-2907,RM-20,2025-09-23,380
BATCH-1779,MO-1113,RM-102,2025-01-27,4460
BATCH-1780,MO-1562,RM-116,07/06/2025,2090
BATCH-1781,MO-4068,RM-118,2024-01-28,669
BATCH-1782,MO-2214,RM-34,2026-07-25,1252
BATCH-1783,MO-748,RM-99,17-05-2025,1893
BATCH-1784,MO-56,RM-99,2024-04-05,4356
BATCH-1785,MO-1578,RM-58,2025-10-26,714
BATCH-1786,MO-4436,RM-80,03-03-2025,2380
BATCH-1787,MO-7603,RM-48,2026-05-04,1551
BATCH-1788,MO-1894,RM-22,2026-10-10,4392
BATCH-1789,MO-4088,RM-98,2026-11-19,3215
BATCH-1790,MO-3738,RM-80,2025-08-09,3190
BATCH-1791,MO-1006,RM-31,01/28/2024,4042
BATCH-1792,MO-5888,RM-105,04/16/2024,2667
BATCH-1793,MO-3757,RM-33,04/04/2025,2882
BATCH-1794,MO-833,RM-28,2026-10-11,818
BATCH-1795,MO-2539,RM-59,2024-12-13,3805
BATCH-1796,MO-977,RM-53,2025-10-16,4232
BATCH-1797,MO-7939,RM-120,04/04/2026,441
BATCH-1798,MO-4961,RM-48,11/18/2024,3800
BATCH-1799,MO-7301,RM-36,08/17/2024,725
BATCH-1800,MO-2979,RM-17,02/18/2026,3719
BATCH-1801,MO-849,RM-28,2024-09-04,252
BATCH-1802,MO-4776,RM-114,09/19/2025,3691
BATCH-1803,MO-1933,RM-31,06/11/2025,619
BATCH-1804,MO-4863,RM-88,01/22/2024,2132
BATCH-1805,MO-907,RM-69,06-05-2026,3519
BATCH-1806,MO-4547,RM-53,02/21/2024,2537
BATCH-1807,MO-1263,RM-85,11/22/2024,2114
BATCH-1808,MO-265,RM-115,2025-03-27,3729
BATCH-1809,MO-7911,RM-11,11/11/2025,3790
BATCH-1810,MO-5898,RM-59,2025-07-20,3641
BATCH-1811,MO-6100,RM-76,10/18/2026,1157
BATCH-1812,MO-1114,RM-17,2024-09-07,2943
BATCH-1813,MO-6406,RM-10,2026-03-05,3193
BATCH-1814,MO-6723,RM-23,2024-07-24,2535
BATCH-1815,MO-4202,RM-40,18-08-2025,1089
BATCH-1816,MO-3022,RM-28,2026-01-20,3243
BATCH-1817,MO-7008,RM-44,01/03/2025,2153
BATCH-1818,MO-4599,RM-46,2025-09-22,4631
BATCH-1819,MO-1015,RM-1,01/16/2024,3608
BATCH-1820,MO-4898,RM-93,2026-10-18,3299
BATCH-1821,MO-6336,RM-103,27-03-2026,4383
BATCH-1822,MO-6702,RM-69,2026-06-19,4660
BATCH-1823,MO-2595,RM-118,01/05/2025,1280
BATCH-1824,MO-5216,RM-33,2025-07-21,2330
BATCH-1825,MO-4769,RM-109,24-05-2024,873
BATCH-1826,MO-1750,RM-99,2026-01-26,1065
BATCH-1827,MO-2807,RM-23,2026-03-13,1732
BATCH-1828,MO-2507,RM-78,2025-09-22,42
BATCH-1829,MO-5971,RM-73,2024-03-11,178
BATCH-1830,MO-2478,RM-118,2024-11-04,3047
BATCH-1831,MO-7658,RM-62,2026-10-08,1505
BATCH-1832,MO-4064,RM-22,2026-02-18,77
BATCH-1833,MO-2666,RM-119,2024-02-25,30
BATCH-1834,MO-5621,RM-72,2026-06-27,1037
BATCH-1835,MO-7453,RM-116,09/22/2024,18
BATCH-1836,MO-6134,RM-84,2025-03-09,231
BATCH-1837,MO-6827,RM-115,2024-09-12,1327
BATCH-1838,MO-5054,RM-33,01/02/2026,3227
BATCH-1839,MO-2390,RM-75,2026-11-24,2919
BATCH-1840,MO-2794,RM-112,15-06-2025,3185
BATCH-1841,MO-2775,RM-62,05/06/2025,2513
BATCH-1842,MO-4881,RM-35,2024-11-11,1782
BATCH-1843,MO-6212,RM-41,18-08-2026,2718
BATCH-1844,MO-2980,RM-89,08/13/2025,940
BATCH-1845,MO-7530,RM-61,10/25/2025,825
BATCH-1846,MO-2105,RM-19,16-04-2025,148
BATCH-1847,MO-4254,RM-78,10/15/2024,692
BATCH-1848,MO-7687,RM-103,2024-10-07,1214
BATCH-1849,MO-7762,RM-103,2024-04-03,1243
BATCH-1850,MO-7253,RM-58,09/08/2026,1043
BATCH-1851,MO-5961,RM-107,08-11-2024,1784
BATCH-1852,MO-6052,RM-89,18-08-2024,3285
BATCH-1853,MO-2733,RM-25,2026-07-08,1877
BATCH-1854,MO-6752,RM-26,2025-04-01,743
BATCH-1855,MO-3989,RM-118,06/10/2024,1044
BATCH-1856,MO-856,RM-38,24-12-2024,3435
BATCH-1857,MO-3101,RM-62,2024-06-13,3468
BATCH-1858,MO-4422,RM-90,12/16/2024,4541
BATCH-1859,MO-6677,RM-59,2024-12-13,3870
BATCH-1860,MO-5578,RM-106,2025-03-17,1123
BATCH-1861,MO-2983,RM-82,19-10-2025,4085
BATCH-1862,MO-7927,RM-72,2024-04-27,2721
BATCH-1863,MO-2482,RM-108,04/16/2026,598
BATCH-1864,MO-6371,RM-67,09/14/2026,4707
BATCH-1865,MO-458,RM-23,2026-03-20,3079
BATCH-1866,MO-2097,RM-93,2024-03-26,835
BATCH-1867,MO-5085,RM-7,2025-01-14,987
BATCH-1868,MO-4397,RM-50,2024-02-10,1003
BATCH-1869,MO-7237,RM-53,10-11-2026,2134
BATCH-1870,MO-6304,RM-82,2026-06-13,2984
BATCH-1871,MO-1815,RM-64,2026-04-21,1500
BATCH-1872,MO-7848,RM-5,2024-11-06,4692
BATCH-1873,MO-2704,RM-66,2026-03-22,4216
BATCH-1874,MO-1435,RM-95,02/09/2024,2854
BATCH-1875,MO-3163,RM-77,2025-05-04,438
BATCH-1876,MO-5744,RM-4,04-06-2025,4380
BATCH-1877,MO-3966,RM-27,11-05-2024,2384
BATCH-1878,MO-2145,RM-100,2025-06-22,2060
BATCH-1879,MO-4344,RM-39,2025-09-04,85
BATCH-1880,MO-2800,RM-29,10-01-2024,3786
BATCH-1881,MO-1749,RM-38,06-01-2026,4007
BATCH-1882,MO-6411,RM-108,2026-12-07,1403
BATCH-1883,MO-1954,RM-74,2024-07-01,1910
BATCH-1884,MO-4734,RM-72,08/10/2024,826
BATCH-1885,MO-3150,RM-53,2026-02-03,1874
BATCH-1886,MO-3714,RM-3,2026-08-06,2449
BATCH-1887,MO-6785,RM-48,2024-09-08,2579
BATCH-1888,MO-4658,RM-85,2024-03-27,1328
BATCH-1889,MO-5179,RM-33,2026-05-25,1212
BATCH-1890,MO-2093,RM-102,2025-08-15,4277
BATCH-1891,MO-7571,RM-1,11-04-2026,2495
BATCH-1892,MO-6551,RM-8,02/03/2024,4241
BATCH-1893,MO-791,RM-100,2024-11-28,2987
BATCH-1894,MO-3273,RM-7,2026-06-03,3884
BATCH-1895,MO-6587,RM-72,21-05-2024,1214
BATCH-1896,MO-3506,RM-22,2026-03-14,2708
BATCH-1897,MO-6173,RM-110,2024-11-02,2997
BATCH-1898,MO-1620,RM-74,2026-12-03,2329
BATCH-1899,MO-7124,RM-21,2024-08-20,2400
BATCH-1900,MO-1037,RM-41,06/21/2024,3018
BATCH-1901,MO-2542,RM-104,04-11-2025,4076
BATCH-1902,MO-1184,RM-11,2024-09-06,3206
BATCH-1903,MO-5614,RM-111,07/11/2024,3324
BATCH-1904,MO-1813,RM-79,04/28/2026,2674
BATCH-1905,MO-4890,RM-4,22-03-2024,3285
BATCH-1906,MO-6343,RM-74,04/07/2025,2051
BATCH-1907,MO-6628,RM-8,2025-12-17,1898
BATCH-1908,MO-5147,RM-82,2025-12-24,529
BATCH-1909,MO-5178,RM-113,21-12-2026,3812
BATCH-1910,MO-7444,RM-96,2024-11-24,3351
BATCH-1911,MO-2319,RM-65,2024-04-20,4692
BATCH-1912,MO-4390,RM-91,09/01/2026,3124
BATCH-1913,MO-4324,RM-27,07-02-2024,4546
BATCH-1914,MO-232,RM-89,04/10/2025,4333
BATCH-1915,MO-5817,RM-91,08/27/2026,3805
BATCH-1916,MO-1553,RM-74,2026-05-03,1555
BATCH-1917,MO-5226,RM-97,2026-09-14,2824
BATCH-1918,MO-4648,RM-51,08/02/2025,4663
BATCH-1919,MO-2785,RM-31,2024-07-26,1739
BATCH-1920,MO-7588,RM-42,2024-12-20,1878
BATCH-1921,MO-5455,RM-10,07/20/2026,1864
BATCH-1922,MO-697,RM-106,03/13/2025,2968
BATCH-1923,MO-1692,RM-104,2024-01-16,166
BATCH-1924,MO-7300,RM-77,2026-07-21,4744
BATCH-1925,MO-6039,RM-107,09-06-2026,945
BATCH-1926,MO-4526,RM-103,2025-01-08,2410
BATCH-1927,MO-4234,RM-68,2024-07-19,3745
BATCH-1928,MO-2705,RM-78,28-09-2026,828
BATCH-1929,MO-3821,RM-83,2024-09-10,4247
BATCH-1930,MO-5643,RM-79,08/07/2024,4428
BATCH-1931,MO-155,RM-111,2024-04-11,3021
BATCH-1932,MO-5592,RM-110,2025-06-15,279
BATCH-1933,MO-7093,RM-101,06/11/2025,4277
BATCH-1934,MO-2393,RM-94,2024-07-18,1494
BATCH-1935,MO-6192,RM-107,07/18/2024,2471
BATCH-1936,MO-3591,RM-7,22-04-2024,4174
BATCH-1937,MO-5174,RM-15,11/04/2025,409
BATCH-1938,MO-5787,RM-28,05/06/2026,1318
BATCH-1939,MO-7792,RM-35,2026-05-26,4099
BATCH-1940,MO-2391,RM-68,2024-05-17,3338
BATCH-1941,MO-4030,RM-1,2024-10-26,2723
BATCH-1942,MO-6968,RM-46,2024-11-22,1553
BATCH-1943,MO-3024,RM-116,24-05-2026,325
BATCH-1944,MO-1440,RM-102,2024-05-14,3818
BATCH-1945,MO-3338,RM-35,05/20/2024,324
BATCH-1946,MO-3414,RM-30,2026-01-03,2282
BATCH-1947,MO-6747,RM-103,08/05/2026,4475
BATCH-1948,MO-760,RM-10,2025-05-07,4382
BATCH-1949,MO-4760,RM-21,28-04-2025,1205
BATCH-1950,MO-2264,RM-28,10/24/2024,1206
BATCH-1951,MO-44,RM-60,01/15/2024,3484
BATCH-1952,MO-6721,RM-17,06/03/2024,1552
BATCH-1953,MO-3365,RM-117,08/03/2024,378
BATCH-1954,MO-7981,RM-20,2024-01-13,169
BATCH-1955,MO-6686,RM-119,2026-12-12,2317
BATCH-1956,MO-2700,RM-49,2025-03-17,897
BATCH-1957,MO-6335,RM-115,04-01-2024,4636
BATCH-1958,MO-7549,RM-42,03/28/2026,3630
BATCH-1959,MO-5327,RM-69,2025-09-09,19
BATCH-1960,MO-415,RM-116,2026-10-18,3552
BATCH-1961,MO-5742,RM-34,15-10-2026,3352
BATCH-1962,MO-2213,RM-104,2025-12-26,1443
BATCH-1963,MO-5864,RM-50,09/13/2026,1886
BATCH-1964,MO-1421,RM-103,24-08-2024,4148
BATCH-1965,MO-110,RM-41,2026-12-15,1178
BATCH-1966,MO-4690,RM-5,25-09-2024,1490
BATCH-1967,MO-6798,RM-110,12-09-2025,3812
BATCH-1968,MO-7080,RM-45,03/20/2025,4707
BATCH-1969,MO-3148,RM-93,05/23/2024,755
BATCH-1970,MO-7813,RM-64,2024-06-02,2117
BATCH-1971,MO-1429,RM-118,2026-10-28,3760
BATCH-1972,MO-3388,RM-85,2024-10-28,4780
BATCH-1973,MO-4115,RM-112,21-12-2024,833
BATCH-1974,MO-887,RM-109,2025-10-20,3379
BATCH-1975,MO-3040,RM-83,23-08-2024,1972
BATCH-1976,MO-7454,RM-40,2025-12-10,4348
BATCH-1977,MO-6838,RM-104,2025-02-20,3774
BATCH-1978,MO-2050,RM-42,2025-08-05,2423
BATCH-1979,MO-205,RM-11,07/28/2026,1921
BATCH-1980,MO-2284,RM-6,01/10/2026,831
BATCH-1981,MO-1159,RM-48,2025-02-02,2772
BATCH-1982,MO-391,RM-119,2025-09-28,3998
BATCH-1983,MO-6749,RM-34,2024-10-02,349
BATCH-1984,MO-6527,RM-81,11/12/2025,243
BATCH-1985,MO-2900,RM-118,10/18/2024,593
BATCH-1986,MO-7485,RM-51,11/16/2024,788
BATCH-1987,MO-1778,RM-56,2024-10-28,3205
BATCH-1988,MO-5715,RM-42,2026-02-05,2487
BATCH-1989,MO-4618,RM-52,12-05-2025,3647
BATCH-1990,MO-7938,RM-14,27-08-2026,3146
BATCH-1991,MO-2763,RM-71,2024-05-04,2224
BATCH-1992,MO-7766,RM-48,2025-10-05,2998
BATCH-1993,MO-7810,RM-53,2026-06-20,4658
BATCH-1994,MO-2427,RM-108,2026-09-07,2592
BATCH-1995,MO-1255,RM-43,12/21/2025,555
BATCH-1996,MO-2699,RM-61,03/01/2025,182
BATCH-1997,MO-1706,RM-8,2026-07-21,4117
BATCH-1998,MO-568,RM-62,2024-02-18,4050
BATCH-1999,MO-5770,RM-119,06-09-2025,11
BATCH-2000,MO-2904,RM-116,2025-05-23,148
BATCH-2001,MO-4722,RM-86,2026-09-14,4423
BATCH-2002,MO-6973,RM-109,2025-03-04,319
BATCH-2003,MO-5564,RM-111,08-07-2026,2145
BATCH-2004,MO-1104,RM-24,2024-05-10,786
BATCH-2005,MO-2740,RM-108,03-06-2024,1834
BATCH-2006,MO-1087,RM-75,2024-12-20,2647
BATCH-2007,MO-1255,RM-49,11/25/2025,315
BATCH-2008,MO-3244,RM-118,03-05-2024,84
BATCH-2009,MO-7953,RM-43,2025-12-03,1896
BATCH-2010,MO-3981,RM-5,2026-04-01,3397
BATCH-2011,MO-764,RM-102,2025-10-02,4489
BATCH-2012,MO-6085,RM-28,06/08/2024,1709
BATCH-2013,MO-6888,RM-7,13-07-2026,2686
BATCH-2014,MO-1507,RM-28,2026-01-21,1097
BATCH-2015,MO-3831,RM-113,2024-04-15,3524
BATCH-2016,MO-1659,RM-97,2025-09-25,844
BATCH-2017,MO-5166,RM-100,2024-07-04,877
BATCH-2018,MO-2382,RM-113,28-08-2024,570
BATCH-2019,MO-731,RM-77,21-06-2024,3607
BATCH-2020,MO-2236,RM-13,27-10-2024,3300
BATCH-2021,MO-967,RM-13,12-01-2024,1314
BATCH-2022,MO-2992,RM-3,2026-08-11,1502
BATCH-2023,MO-4507,RM-79,12/20/2026,2426
BATCH-2024,MO-2515,RM-93,03/22/2026,1374
BATCH-2025,MO-784,RM-71,10/04/2024,1138
BATCH-2026,MO-646,RM-14,2025-04-08,2527
BATCH-2027,MO-3803,RM-110,2025-07-15,4441
BATCH-2028,MO-3246,RM-82,2026-04-19,1674
BATCH-2029,MO-2779,RM-68,2026-06-09,3933
BATCH-2030,MO-3212,RM-39,2025-07-17,1927
BATCH-2031,MO-3187,RM-21,2025-03-16,4322
BATCH-2032,MO-5482,RM-40,04/04/2026,914
BATCH-2033,MO-6718,RM-8,2024-06-11,540
BATCH-2034,MO-6320,RM-88,2024-09-03,4778
BATCH-2035,MO-5915,RM-52,21-01-2024,3915
BATCH-2036,MO-510,RM-115,2026-02-08,761
BATCH-2037,MO-6237,RM-27,21-02-2024,4664
BATCH-2038,MO-479,RM-96,11/28/2024,2035
BATCH-2039,MO-2512,RM-14,04/28/2025,467
BATCH-2040,MO-7852,RM-84,10/19/2025,911
BATCH-2041,MO-7084,RM-102,2024-04-11,3935
BATCH-2042,MO-2961,RM-34,16-03-2026,2131
BATCH-2043,MO-2564,RM-91,2026-09-20,117
BATCH-2044,MO-1308,RM-68,04/25/2024,595
BATCH-2045,MO-75,RM-80,2026-01-03,2523
BATCH-2046,MO-6407,RM-112,2026-03-26,2887
BATCH-2047,MO-7977,RM-13,10-01-2024,4237
BATCH-2048,MO-5721,RM-75,06/06/2024,3470
BATCH-2049,MO-3440,RM-86,15-05-2026,3586
BATCH-2050,MO-3396,RM-42,2024-07-19,3864
BATCH-2051,MO-7683,RM-111,2024-12-21,3406
BATCH-2052,MO-2635,RM-110,2025-11-08,3608
BATCH-2053,MO-1671,RM-92,2026-07-17,1785
BATCH-2054,MO-7115,RM-12,10/25/2026,332
BATCH-2055,MO-4539,RM-92,2026-10-24,2862
BATCH-2056,MO-2968,RM-74,2026-02-05,4369
BATCH-2057,MO-7203,RM-69,2024-03-14,3583
BATCH-2058,MO-7582,RM-68,12/12/2024,4301
BATCH-2059,MO-4833,RM-14,2025-06-02,561
BATCH-2060,MO-1990,RM-87,10/13/2025,3664
BATCH-2061,MO-2679,RM-58,02/05/2026,875
BATCH-2062,MO-502,RM-22,2025-12-16,3803
BATCH-2063,MO-4653,RM-55,2026-02-18,706
BATCH-2064,MO-239,RM-6,2024-05-06,1339
BATCH-2065,MO-5790,RM-96,03/11/2025,997
BATCH-2066,MO-3863,RM-69,01/15/2024,2349
BATCH-2067,MO-4689,RM-22,2024-08-25,2409
BATCH-2068,MO-2600,RM-107,12/13/2024,971
BATCH-2069,MO-413,RM-114,11/23/2024,4393
BATCH-2070,MO-7960,RM-97,07/19/2026,2206
BATCH-2071,MO-4263,RM-81,2026-11-23,1879
BATCH-2072,MO-7490,RM-87,05/27/2025,2720
BATCH-2073,MO-6834,RM-46,10/22/2024,4495
BATCH-2074,MO-508,RM-78,2026-07-20,2406
BATCH-2075,MO-7118,RM-30,05/28/2026,1348
BATCH-2076,MO-6759,RM-97,2025-09-23,3911
BATCH-2077,MO-5130,RM-11,06-08-2024,3964
BATCH-2078,MO-2506,RM-7,2025-04-07,955
BATCH-2079,MO-6049,RM-83,02/27/2024,4630
BATCH-2080,MO-295,RM-56,12/24/2025,3313
BATCH-2081,MO-1586,RM-78,2025-08-03,4598
BATCH-2082,MO-3414,RM-23,2025-06-16,2197
BATCH-2083,MO-4816,RM-76,2024-05-15,4643
BATCH-2084,MO-2095,RM-110,2026-07-11,2453
BATCH-2085,MO-4486,RM-104,27-11-2026,1899
BATCH-2086,MO-1683,RM-98,01/14/2026,2136
BATCH-2087,MO-3001,RM-117,2025-02-12,2153
BATCH-2088,MO-6353,RM-116,06/21/2025,3940
BATCH-2089,MO-3628,RM-19,2026-11-10,2227
BATCH-2090,MO-4135,RM-72,21-07-2025,2313
BATCH-2091,MO-5460,RM-28,2025-11-22,3355
BATCH-2092,MO-2775,RM-25,2026-02-15,4586
BATCH-2093,MO-3037,RM-80,2024-12-25,1142
BATCH-2094,MO-1456,RM-86,06-02-2025,245
BATCH-2095,MO-4778,RM-58,2025-01-04,3115
BATCH-2096,MO-7602,RM-99,2025-08-27,1644
BATCH-2097,MO-4855,RM-66,11/15/2024,2531
BATCH-2098,MO-6147,RM-35,2025-11-12,4004
BATCH-2099,MO-7358,RM-108,2024-04-01,4593
BATCH-2100,MO-7207,RM-8,11-05-2024,190
BATCH-2101,MO-6198,RM-68,2025-03-03,3452
BATCH-2102,MO-6015,RM-71,28-06-2026,2675
BATCH-2103,MO-4133,RM-69,2024-09-22,1023
BATCH-2104,MO-7950,RM-110,2026-05-02,3193
BATCH-2105,MO-4158,RM-102,2024-04-06,1995
BATCH-2106,MO-7123,RM-68,08/17/2024,1014
BATCH-2107,MO-5876,RM-63,2026-10-02,1040
BATCH-2108,MO-579,RM-102,2024-11-23,193
BATCH-2109,MO-926,RM-82,17-07-2024,2405
BATCH-2110,MO-4140,RM-110,06-12-2025,840
BATCH-2111,MO-4143,RM-106,09/03/2025,2360
BATCH-2112,MO-6443,RM-71,2026-11-20,418
BATCH-2113,MO-7276,RM-10,2026-09-24,3933
BATCH-2114,MO-1033,RM-4,10-02-2025,548
BATCH-2115,MO-5405,RM-109,2025-08-04,2728
BATCH-2116,MO-7733,RM-86,2026-10-21,4104
BATCH-2117,MO-7482,RM-79,01/10/2024,3851
BATCH-2118,MO-6996,RM-101,03/02/2025,3118
BATCH-2119,MO-5423,RM-36,2025-11-22,415
BATCH-2120,MO-5058,RM-111,2024-10-11,1660
BATCH-2121,MO-2735,RM-4,12/12/2026,4058
BATCH-2122,MO-596,RM-96,09/13/2024,125
BATCH-2123,MO-7621,RM-60,09/19/2024,1141
BATCH-2124,MO-4849,RM-102,11/18/2024,2918
BATCH-2125,MO-2786,RM-106,09/16/2025,4055
BATCH-2126,MO-5229,RM-111,03/22/2024,3006
BATCH-2127,MO-6842,RM-76,2025-12-25,2527
BATCH-2128,MO-2958,RM-12,11/17/2024,3559
BATCH-2129,MO-1299,RM-72,2024-07-20,4277
BATCH-2130,MO-2638,RM-87,2024-05-04,2819
BATCH-2131,MO-3874,RM-91,02/07/2026,3359
BATCH-2132,MO-863,RM-1,01-08-2024,4127
BATCH-2133,MO-4560,RM-102,11-11-2024,1203
BATCH-2134,MO-4224,RM-25,2024-06-26,4076
BATCH-2135,MO-4325,RM-3,06/08/2025,2666
BATCH-2136,MO-5569,RM-55,2025-10-11,2976
BATCH-2137,MO-942,RM-9,10/21/2025,3802
BATCH-2138,MO-3415,RM-50,2026-05-08,2214
BATCH-2139,MO-323,RM-97,05/18/2024,103
BATCH-2140,MO-5102,RM-62,03/12/2024,464
BATCH-2141,MO-4510,RM-68,01/10/2024,527
BATCH-2142,MO-1868,RM-13,10-04-2024,3033
BATCH-2143,MO-2666,RM-96,2024-12-22,2840
BATCH-2144,MO-7078,RM-44,2025-11-19,846
BATCH-2145,MO-1359,RM-89,2024-10-12,4623
BATCH-2146,MO-328,RM-45,06/03/2026,1054
BATCH-2147,MO-7962,RM-99,06/28/2025,3270
BATCH-2148,MO-5198,RM-36,2025-06-28,3290
BATCH-2149,MO-599,RM-48,2024-07-12,4370
BATCH-2150,MO-805,RM-38,06/19/2025,3978
BATCH-2151,MO-2735,RM-103,04/17/2026,2013
BATCH-2152,MO-3436,RM-10,04/22/2024,609
BATCH-2153,MO-5932,RM-105,2024-02-01,2176
BATCH-2154,MO-4416,RM-107,2025-05-02,2243
BATCH-2155,MO-6114,RM-98,2024-01-17,2377
BATCH-2156,MO-7880,RM-92,2024-03-07,4132
BATCH-2157,MO-3498,RM-79,2024-08-03,886
BATCH-2158,MO-272,RM-98,2025-08-21,3497
BATCH-2159,MO-7754,RM-14,2026-09-05,149
BATCH-2160,MO-763,RM-60,2024-07-17,2558
BATCH-2161,MO-4876,RM-43,2025-08-13,4378
BATCH-2162,MO-7442,RM-111,11/05/2024,652
BATCH-2163,MO-5985,RM-8,2024-11-28,2840
BATCH-2164,MO-5884,RM-52,2024-03-18,3843
BATCH-2165,MO-46,RM-116,19-08-2026,38
BATCH-2166,MO-479,RM-34,09-04-2026,3357
BATCH-2167,MO-6555,RM-23,08/03/2026,1056
BATCH-2168,MO-6482,RM-10,02-04-2026,908
BATCH-2169,MO-6966,RM-80,2025-04-10,469
BATCH-2170,MO-6107,RM-112,2025-05-09,1595
BATCH-2171,MO-3849,RM-25,07/22/2026,3163
BATCH-2172,MO-2013,RM-1,16-12-2024,1807
BATCH-2173,MO-6593,RM-70,2025-09-26,430
BATCH-2174,MO-1183,RM-81,2024-07-23,3922
BATCH-2175,MO-6882,RM-15,2026-12-08,2267
BATCH-2176,MO-2144,RM-24,2024-09-20,365
BATCH-2177,MO-5988,RM-73,25-01-2026,2664
BATCH-2178,MO-3937,RM-84,2024-09-08,1635
BATCH-2179,MO-7163,RM-59,2026-10-14,1655
BATCH-2180,MO-602,RM-65,2025-03-12,2237
BATCH-2181,MO-581,RM-99,11/15/2025,113
BATCH-2182,MO-6952,RM-103,2024-06-14,1279
BATCH-2183,MO-4222,RM-82,11-12-2026,624
BATCH-2184,MO-3495,RM-113,2024-02-06,4684
BATCH-2185,MO-1403,RM-79,2026-10-07,2683
BATCH-2186,MO-7298,RM-92,25-08-2024,1321
BATCH-2187,MO-4265,RM-72,16-10-2025,1478
BATCH-2188,MO-6710,RM-74,14-04-2025,361
BATCH-2189,MO-6588,RM-1,07/16/2025,1669
BATCH-2190,MO-185,RM-31,2026-10-18,4735
BATCH-2191,MO-1103,RM-15,12-02-2026,3631
BATCH-2192,MO-1165,RM-22,2026-09-17,1897
BATCH-2193,MO-3921,RM-41,2024-06-21,2866
BATCH-2194,MO-5092,RM-103,13-03-2024,4031
BATCH-2195,MO-6378,RM-4,2025-11-03,2701
BATCH-2196,MO-3048,RM-42,2025-01-07,1361
BATCH-2197,MO-242,RM-34,2025-07-27,314
BATCH-2198,MO-1481,RM-36,15-10-2024,4220
BATCH-2199,MO-4011,RM-61,12/17/2024,1747
BATCH-2200,MO-3364,RM-34,08/12/2025,2298
BATCH-2201,MO-1609,RM-85,2024-03-28,1052
BATCH-2202,MO-7416,RM-108,01/12/2026,3895
BATCH-2203,MO-2769,RM-59,2025-09-11,3839
BATCH-2204,MO-3019,RM-47,2026-04-07,1409
BATCH-2205,MO-1024,RM-20,2026-05-26,2441
BATCH-2206,MO-5569,RM-114,03/12/2025,3462
BATCH-2207,MO-1699,RM-100,2024-02-15,2276
BATCH-2208,MO-4170,RM-33,21-07-2026,3126
BATCH-2209,MO-2314,RM-118,2026-09-11,2438
BATCH-2210,MO-4104,RM-92,2024-03-24,4455
BATCH-2211,MO-5697,RM-110,2025-08-26,3328
BATCH-2212,MO-5970,RM-45,09/11/2024,3015
BATCH-2213,MO-7150,RM-55,2026-05-08,4375
BATCH-2214,MO-7593,RM-94,2025-01-04,2041
BATCH-2215,MO-3580,RM-11,03/05/2024,3555
BATCH-2216,MO-6421,RM-62,2025-01-09,1640
BATCH-2217,MO-3922,RM-89,05/28/2026,1818
BATCH-2218,MO-4391,RM-89,04/13/2025,2416
BATCH-2219,MO-5044,RM-47,2025-11-19,4685
BATCH-2220,MO-1004,RM-57,01-07-2024,449
BATCH-2221,MO-6296,RM-61,2024-10-11,142
BATCH-2222,MO-5422,RM-53,06/19/2024,345
BATCH-2223,MO-6809,RM-9,2025-05-01,3743
BATCH-2224,MO-7651,RM-53,10/14/2024,1037
BATCH-2225,MO-4885,RM-39,2026-08-17,3662
BATCH-2226,MO-3764,RM-113,03/24/2025,1496
BATCH-2227,MO-3869,RM-39,10/15/2024,1605
BATCH-2228,MO-367,RM-75,2026-05-01,3240
BATCH-2229,MO-1370,RM-20,2024-01-04,399
BATCH-2230,MO-3743,RM-108,2025-09-15,4341
BATCH-2231,MO-7531,RM-85,2026-06-08,553
BATCH-2232,MO-5961,RM-62,11/10/2026,801
BATCH-2233,MO-5514,RM-27,2026-11-22,3571
BATCH-2234,MO-7859,RM-43,2024-12-08,3325
BATCH-2235,MO-1942,RM-42,12/06/2026,2315
BATCH-2236,MO-5302,RM-104,13-06-2025,3508
BATCH-2237,MO-7338,RM-99,06/15/2025,1196
BATCH-2238,MO-5986,RM-9,21-12-2024,3419
BATCH-2239,MO-3979,RM-63,06/10/2026,260
BATCH-2240,MO-240,RM-105,20-08-2025,1205
BATCH-2241,MO-1821,RM-10,04/09/2026,1244
BATCH-2242,MO-3354,RM-55,21-11-2026,4116
BATCH-2243,MO-5133,RM-49,2024-09-27,773
BATCH-2244,MO-3443,RM-99,07/14/2024,1338
BATCH-2245,MO-1589,RM-47,03/07/2026,1558
BATCH-2246,MO-3939,RM-42,10/04/2024,1044
BATCH-2247,MO-3194,RM-86,12-01-2026,339
BATCH-2248,MO-5604,RM-10,09/25/2025,484
BATCH-2249,MO-1785,RM-118,2024-01-11,2794
BATCH-2250,MO-169,RM-103,13-09-2024,1585
BATCH-2251,MO-2035,RM-89,2024-08-10,956
BATCH-2252,MO-1927,RM-97,04/05/2026,3841
BATCH-2253,MO-7489,RM-52,2025-12-14,90
BATCH-2254,MO-5777,RM-16,2025-06-16,609
BATCH-2255,MO-4719,RM-119,2024-07-24,1884
BATCH-2256,MO-5400,RM-83,2025-03-21,1205
BATCH-2257,MO-5810,RM-52,02/22/2024,190
BATCH-2258,MO-2747,RM-103,10-12-2025,4215
BATCH-2259,MO-5663,RM-7,2024-10-14,120
BATCH-2260,MO-979,RM-67,2026-07-06,1932
BATCH-2261,MO-704,RM-37,2026-07-11,86
BATCH-2262,MO-1616,RM-66,2026-06-07,3241
BATCH-2263,MO-7788,RM-22,2025-04-03,1792
BATCH-2264,MO-1654,RM-23,16-02-2024,4207
BATCH-2265,MO-6363,RM-92,2025-10-06,4347
BATCH-2266,MO-4520,RM-36,23-10-2024,3339
BATCH-2267,MO-5933,RM-89,27-02-2025,808
BATCH-2268,MO-5411,RM-26,2026-09-06,284
BATCH-2269,MO-2783,RM-12,03/10/2026,4429
BATCH-2270,MO-3373,RM-31,2026-07-28,4530
BATCH-2271,MO-2593,RM-10,05/10/2026,3348
BATCH-2272,MO-4800,RM-95,09-06-2024,1886
BATCH-2273,MO-7289,RM-87,2026-04-04,2510
BATCH-2274,MO-397,RM-22,2024-09-20,3328
BATCH-2275,MO-223,RM-7,2024-07-23,3594
BATCH-2276,MO-3697,RM-12,2025-01-13,2458
BATCH-2277,MO-7662,RM-65,2024-09-18,3245
BATCH-2278,MO-7941,RM-81,2024-02-06,1647
BATCH-2279,MO-2986,RM-108,2026-06-22,3495
BATCH-2280,MO-6284,RM-70,2024-09-27,1499
BATCH-2281,MO-3663,RM-117,2025-07-14,3119
BATCH-2282,MO-7062,RM-44,08/06/2026,1310
BATCH-2283,MO-3681,RM-16,16-11-2024,2614
BATCH-2284,MO-2200,RM-28,12/22/2026,2975
BATCH-2285,MO-3693,RM-54,2024-03-28,2446
BATCH-2286,MO-2394,RM-5,05-03-2024,1749
BATCH-2287,MO-665,RM-89,2025-10-15,377
BATCH-2288,MO-6044,RM-64,2024-01-28,4334
BATCH-2289,MO-5313,RM-54,2025-06-13,3218
BATCH-2290,MO-3818,RM-103,2026-01-09,476
BATCH-2291,MO-5144,RM-71,2024-10-09,2541
BATCH-2292,MO-3014,RM-66,08/09/2025,478
BATCH-2293,MO-7793,RM-35,08/13/2026,4046
BATCH-2294,MO-2440,RM-119,2024-09-14,2930
BATCH-2295,MO-888,RM-25,19-07-2025,3452
BATCH-2296,MO-7116,RM-101,28-03-2024,1487
BATCH-2297,MO-7884,RM-14,2026-02-28,4014
BATCH-2298,MO-1245,RM-87,15-06-2024,982
BATCH-2299,MO-6847,RM-2,2024-04-23,438
BATCH-2300,MO-660,RM-49,2025-09-22,965
BATCH-2301,MO-2307,RM-1,09/23/2025,4186
BATCH-2302,MO-3202,RM-77,15-08-2026,3967
BATCH-2303,MO-4440,RM-26,2025-08-15,4047
BATCH-2304,MO-2549,RM-12,2024-12-23,439
BATCH-2305,MO-7936,RM-58,2024-05-24,56
BATCH-2306,MO-266,RM-45,03/04/2024,1466
BATCH-2307,MO-5041,RM-89,01/01/2025,3521
BATCH-2308,MO-4331,RM-36,24-08-2026,2326
BATCH-2309,MO-2069,RM-83,06/27/2026,1948
BATCH-2310,MO-3272,RM-54,2026-07-26,4727
BATCH-2311,MO-723,RM-82,09-09-2025,3517
BATCH-2312,MO-2732,RM-34,15-11-2025,1103
BATCH-2313,MO-7407,RM-113,2024-01-19,2364
BATCH-2314,MO-8,RM-54,2024-05-20,4288
BATCH-2315,MO-2052,RM-110,2024-01-07,3855
BATCH-2316,MO-5514,RM-83,09/19/2025,1388
BATCH-2317,MO-1560,RM-46,2026-07-09,4724
BATCH-2318,MO-56,RM-70,12/02/2024,1042
BATCH-2319,MO-3272,RM-19,2026-06-19,1853
BATCH-2320,MO-4773,RM-43,16-04-2025,4349
BATCH-2321,MO-3961,RM-79,2025-08-24,4712
BATCH-2322,MO-5704,RM-62,08/05/2025,743
BATCH-2323,MO-5717,RM-28,2024-02-18,1574
BATCH-2324,MO-3893,RM-57,2026-01-23,4570
BATCH-2325,MO-6423,RM-101,28-05-2026,4139
BATCH-2326,MO-5064,RM-53,2026-08-28,2466
BATCH-2327,MO-3487,RM-35,01-07-2026,3366
BATCH-2328,MO-4459,RM-98,2024-01-20,1019
BATCH-2329,MO-2469,RM-83,15-12-2025,2780
BATCH-2330,MO-3381,RM-111,27-08-2024,2533
BATCH-2331,MO-4883,RM-31,2026-09-26,491
BATCH-2332,MO-1998,RM-6,20-02-2025,1520
BATCH-2333,MO-3575,RM-37,20-01-2025,1430
BATCH-2334,MO-2881,RM-43,2024-11-07,2343
BATCH-2335,MO-5378,RM-54,07-03-2024,3703
BATCH-2336,MO-3529,RM-60,09/14/2026,3015
BATCH-2337,MO-418,RM-104,2026-09-14,2829
BATCH-2338,MO-3024,RM-101,09/04/2024,2033
BATCH-2339,MO-6548,RM-11,01-09-2026,3339
BATCH-2340,MO-7671,RM-88,2024-12-26,1390
BATCH-2341,MO-7040,RM-120,04/16/2024,4605
BATCH-2342,MO-5898,RM-102,10/03/2025,4151
BATCH-2343,MO-3120,RM-18,2024-04-14,179
BATCH-2344,MO-6101,RM-83,10/25/2024,3865
BATCH-2345,MO-3391,RM-89,03-03-2026,961
BATCH-2346,MO-1085,RM-72,2025-07-22,4091
BATCH-2347,MO-3562,RM-78,04/03/2025,3276
BATCH-2348,MO-7245,RM-78,09/22/2025,1908
BATCH-2349,MO-3913,RM-48,2024-09-20,4760
BATCH-2350,MO-1696,RM-76,2024-02-26,1664
BATCH-2351,MO-7631,RM-109,2026-01-28,3405
BATCH-2352,MO-7494,RM-45,2026-10-03,1072
BATCH-2353,MO-7307,RM-52,2026-12-08,1740
BATCH-2354,MO-503,RM-97,07/16/2025,3249
BATCH-2355,MO-5641,RM-29,2024-07-06,3474
BATCH-2356,MO-6451,RM-26,07/10/2025,2672
BATCH-2357,MO-6608,RM-62,02/16/2025,1012
BATCH-2358,MO-7737,RM-108,2025-05-07,3718
BATCH-2359,MO-7063,RM-95,07/09/2026,2689
BATCH-2360,MO-3756,RM-76,27-07-2025,1300
BATCH-2361,MO-4620,RM-6,07/02/2024,180
BATCH-2362,MO-1239,RM-4,04-12-2024,2253
BATCH-2363,MO-3195,RM-52,2024-02-16,640
BATCH-2364,MO-1996,RM-53,2024-11-21,3751
BATCH-2365,MO-6680,RM-99,2024-11-28,882
BATCH-2366,MO-7501,RM-39,2024-04-25,1644
BATCH-2367,MO-4091,RM-39,04-08-2026,2478
BATCH-2368,MO-5765,RM-45,07/18/2024,800
BATCH-2369,MO-4280,RM-61,15-05-2024,4717
BATCH-2370,MO-5551,RM-14,09/13/2026,4417
BATCH-2371,MO-7285,RM-98,01-02-2024,559
BATCH-2372,MO-6324,RM-32,05/07/2024,4728
BATCH-2373,MO-6244,RM-102,2025-08-14,3126
BATCH-2374,MO-7121,RM-20,09/03/2025,2638
BATCH-2375,MO-5999,RM-20,2026-04-09,4004
BATCH-2376,MO-559,RM-112,06/26/2026,4290
BATCH-2377,MO-2860,RM-68,06/08/2026,3121
BATCH-2378,MO-6490,RM-13,03/02/2025,158
BATCH-2379,MO-959,RM-39,2024-01-22,4324
BATCH-2380,MO-313,RM-99,2024-09-18,2009
BATCH-2381,MO-7103,RM-36,03/22/2025,3997
BATCH-2382,MO-1745,RM-106,2024-03-27,1356
BATCH-2383,MO-6028,RM-34,05/12/2026,1846
BATCH-2384,MO-2593,RM-71,2026-01-13,1007
BATCH-2385,MO-3482,RM-10,11/15/2024,3955
BATCH-2386,MO-4646,RM-47,02/28/2025,927
BATCH-2387,MO-6053,RM-68,2025-06-09,3316
BATCH-2388,MO-1365,RM-86,04/04/2026,4392
BATCH-2389,MO-1717,RM-9,05/13/2025,3015
BATCH-2390,MO-6572,RM-117,2025-07-04,4648
BATCH-2391,MO-1806,RM-66,2025-03-18,3542
BATCH-2392,MO-206,RM-54,11/28/2026,766
BATCH-2393,MO-44,RM-11,12/22/2024,2187
BATCH-2394,MO-5976,RM-41,2026-02-21,315
BATCH-2395,MO-74,RM-14,11/27/2024,1311
BATCH-2396,MO-7833,RM-118,2026-04-18,1383
BATCH-2397,MO-3812,RM-106,09/11/2025,942
BATCH-2398,MO-3315,RM-54,08/21/2024,3004
BATCH-2399,MO-7049,RM-93,2026-11-28,2700
BATCH-2400,MO-7095,RM-21,2026-12-12,896
BATCH-2401,MO-2797,RM-23,12/24/2025,481
BATCH-2402,MO-4210,RM-19,2025-05-01,2615
BATCH-2403,MO-7994,RM-45,2025-11-17,6
BATCH-2404,MO-4271,RM-96,04/15/2026,2850
BATCH-2405,MO-7089,RM-101,2025-06-12,50
BATCH-2406,MO-4167,RM-69,11-08-2026,2742
BATCH-2407,MO-7931,RM-43,27-04-2025,1502
BATCH-2408,MO-3505,RM-12,10/08/2024,1378
BATCH-2409,MO-238,RM-79,12/25/2024,2988
BATCH-2410,MO-1771,RM-44,02-12-2025,2701
BATCH-2411,MO-1794,RM-62,2025-05-20,708
BATCH-2412,MO-3520,RM-118,01/20/2024,4685
BATCH-2413,MO-7672,RM-93,05/27/2026,3289
BATCH-2414,MO-7311,RM-24,2026-09-19,4636
BATCH-2415,MO-7959,RM-69,08/16/2025,4297
BATCH-2416,MO-534,RM-1,2025-04-18,1655
BATCH-2417,MO-3908,RM-75,08/11/2024,4151
BATCH-2418,MO-6522,RM-117,2024-12-18,4348
BATCH-2419,MO-4631,RM-33,2026-05-21,595
BATCH-2420,MO-4892,RM-77,2025-02-15,1195
BATCH-2421,MO-709,RM-18,12/13/2025,2823
BATCH-2422,MO-844,RM-28,07/14/2025,166
BATCH-2423,MO-712,RM-1,07-01-2026,4225
BATCH-2424,MO-5014,RM-16,07/06/2026,4675
BATCH-2425,MO-7814,RM-116,2026-07-09,3742
BATCH-2426,MO-1738,RM-98,23-09-2024,4217
BATCH-2427,MO-1194,RM-17,10-08-2024,1457
BATCH-2428,MO-4607,RM-9,05/16/2024,3318
BATCH-2429,MO-3706,RM-49,12-05-2025,1967
BATCH-2430,MO-4276,RM-56,11/20/2024,4655
BATCH-2431,MO-5536,RM-56,04-01-2026,2732
BATCH-2432,MO-3177,RM-53,2025-05-18,2426
BATCH-2433,MO-7939,RM-70,02/13/2025,1948
BATCH-2434,MO-809,RM-119,08/04/2025,2221
BATCH-2435,MO-5067,RM-36,2026-04-16,611
BATCH-2436,MO-3826,RM-22,09/01/2025,4154
BATCH-2437,MO-4845,RM-91,05/02/2025,4535
BATCH-2438,MO-4506,RM-4,2024-06-07,3781
BATCH-2439,MO-2977,RM-20,2026-11-14,3425
BATCH-2440,MO-2072,RM-5,10/07/2026,3348
BATCH-2441,MO-3542,RM-22,2024-03-18,2012
BATCH-2442,MO-7121,RM-67,2024-05-17,3476
BATCH-2443,MO-7300,RM-86,12/18/2026,3777
BATCH-2444,MO-5326,RM-113,11/26/2026,3139
BATCH-2445,MO-2374,RM-109,2025-11-01,3350
BATCH-2446,MO-7757,RM-30,02/10/2024,4775
BATCH-2447,MO-686,RM-117,07-10-2024,540
BATCH-2448,MO-3967,RM-64,2026-08-20,1516
BATCH-2449,MO-398,RM-2,05-08-2026,885
BATCH-2450,MO-4986,RM-93,2026-02-08,870
BATCH-2451,MO-961,RM-115,03/04/2024,4349
BATCH-2452,MO-284,RM-111,10-09-2025,826
BATCH-2453,MO-4897,RM-112,27-06-2024,2991
BATCH-2454,MO-2615,RM-88,2025-11-05,4037
BATCH-2455,MO-1228,RM-72,2024-08-14,2577
BATCH-2456,MO-7714,RM-2,06/28/2026,229
BATCH-2457,MO-2509,RM-84,28-01-2026,2926
BATCH-2458,MO-5943,RM-106,2024-09-06,63
BATCH-2459,MO-2727,RM-40,08/04/2025,2424
BATCH-2460,MO-4304,RM-17,04/16/2025,4678
BATCH-2461,MO-4731,RM-18,15-07-2025,1140
BATCH-2462,MO-667,RM-68,08/05/2024,4737
BATCH-2463,MO-898,RM-1,2025-04-19,2821
BATCH-2464,MO-1227,RM-3,05/02/2024,1513
BATCH-2465,MO-1776,RM-50,2026-02-19,2049
BATCH-2466,MO-3951,RM-96,2024-01-02,4256
BATCH-2467,MO-2796,RM-57,07/20/2026,1864
BATCH-2468,MO-838,RM-89,2024-03-15,4574
BATCH-2469,MO-5217,RM-20,2025-08-28,3145
BATCH-2470,MO-7989,RM-16,2024-04-25,2880
BATCH-2471,MO-6060,RM-3,2026-12-03,4729
BATCH-2472,MO-2156,RM-103,2026-12-01,241
BATCH-2473,MO-3065,RM-93,2026-02-07,4696
BATCH-2474,MO-4803,RM-87,2025-08-24,2966
BATCH-2475,MO-5130,RM-40,2026-08-17,840
BATCH-2476,MO-2129,RM-45,2024-07-02,1716
BATCH-2477,MO-5591,RM-90,2026-09-06,1617
BATCH-2478,MO-6739,RM-43,10/09/2026,1618
BATCH-2479,MO-489,RM-99,06-07-2026,1865
BATCH-2480,MO-3908,RM-95,14-10-2025,1698
BATCH-2481,MO-905,RM-54,2025-10-03,3731
BATCH-2482,MO-6912,RM-91,04/17/2024,2836
BATCH-2483,MO-3512,RM-106,02/07/2026,2205
BATCH-2484,MO-6487,RM-108,2025-01-10,2971
BATCH-2485,MO-7635,RM-45,07/25/2024,1204
BATCH-2486,MO-3011,RM-94,2025-04-11,760
BATCH-2487,MO-3858,RM-59,12/01/2024,4795
BATCH-2488,MO-4412,RM-46,08/25/2026,3120
BATCH-2489,MO-1499,RM-81,2025-10-11,1085
BATCH-2490,MO-4257,RM-25,2025-10-28,2161
BATCH-2491,MO-2199,RM-40,03-01-2025,2631
BATCH-2492,MO-1326,RM-58,2024-11-20,3964
BATCH-2493,MO-1494,RM-86,2025-01-13,2556
BATCH-2494,MO-470,RM-25,02/10/2025,1286
BATCH-2495,MO-6133,RM-66,09/20/2024,4343
BATCH-2496,MO-579,RM-68,2024-10-21,2533
BATCH-2497,MO-83,RM-80,06/07/2026,1502
BATCH-2498,MO-5112,RM-92,2026-11-19,4756
BATCH-2499,MO-2403,RM-101,2026-12-11,3530
BATCH-2500,MO-6994,RM-84,2026-09-26,3904
BATCH-2501,MO-801,RM-96,07/05/2025,3728
BATCH-2502,MO-2590,RM-88,2025-10-22,2619
BATCH-2503,MO-3949,RM-13,2026-01-04,3052
BATCH-2504,MO-1470,RM-37,05/27/2026,4424
BATCH-2505,MO-7136,RM-52,2024-01-22,2461
BATCH-2506,MO-4969,RM-22,05-06-2024,4209
BATCH-2507,MO-271,RM-107,2025-09-12,1403
BATCH-2508,MO-5333,RM-94,13-06-2025,2187
BATCH-2509,MO-1511,RM-95,12-07-2024,4480
BATCH-2510,MO-7151,RM-92,2025-07-07,905
BATCH-2511,MO-5694,RM-83,11/06/2025,4395
BATCH-2512,MO-4407,RM-67,2024-10-07,2989
BATCH-2513,MO-3083,RM-42,03/07/2025,1158
BATCH-2514,MO-1177,RM-17,11/25/2024,2814
BATCH-2515,MO-2169,RM-49,02/03/2024,2870
BATCH-2516,MO-1221,RM-55,2025-05-17,1393
BATCH-2517,MO-7781,RM-81,12/08/2024,3402
BATCH-2518,MO-7966,RM-111,19-09-2025,1381
BATCH-2519,MO-7070,RM-13,12/26/2025,1617
BATCH-2520,MO-7732,RM-108,2026-09-16,4006
BATCH-2521,MO-1498,RM-83,18-10-2026,1158
BATCH-2522,MO-1375,RM-17,2024-02-23,559
BATCH-2523,MO-2219,RM-30,03/16/2024,3229
BATCH-2524,MO-6712,RM-30,10-04-2024,2008
BATCH-2525,MO-7187,RM-18,2025-10-28,3198
BATCH-2526,MO-3749,RM-3,07/21/2025,4145
BATCH-2527,MO-6978,RM-36,2024-03-13,2436
BATCH-2528,MO-4916,RM-44,11-11-2025,3244
BATCH-2529,MO-1348,RM-64,2024-01-21,494
BATCH-2530,MO-372,RM-69,2026-06-12,561
BATCH-2531,MO-1369,RM-38,07/18/2024,4635
BATCH-2532,MO-7619,RM-7,2025-04-22,1700
BATCH-2533,MO-4387,RM-74,2026-01-20,4775
BATCH-2534,MO-4518,RM-57,05/08/2025,585
BATCH-2535,MO-5934,RM-111,10/01/2025,2059
BATCH-2536,MO-5787,RM-83,01/28/2024,4496
BATCH-2537,MO-6993,RM-111,03-11-2024,4729
BATCH-2538,MO-6995,RM-95,16-04-2024,1309
BATCH-2539,MO-7400,RM-93,25-12-2025,3573
BATCH-2540,MO-5005,RM-48,2025-09-04,2192
BATCH-2541,MO-3321,RM-81,2025-02-17,4134
BATCH-2542,MO-2825,RM-96,2024-11-19,2340
BATCH-2543,MO-2821,RM-68,05-11-2024,4671
BATCH-2544,MO-2473,RM-17,04/12/2025,4707
BATCH-2545,MO-2066,RM-59,03/22/2025,2857
BATCH-2546,MO-4108,RM-109,03/12/2024,3300
BATCH-2547,MO-4566,RM-78,2024-11-11,4559
BATCH-2548,MO-7205,RM-22,2026-12-28,3427
BATCH-2549,MO-4770,RM-96,2025-09-14,4175
BATCH-2550,MO-6483,RM-118,03/28/2025,253
BATCH-2551,MO-7935,RM-37,09/24/2025,2721
BATCH-2552,MO-7443,RM-58,17-05-2024,201
BATCH-2553,MO-2647,RM-17,06-11-2025,3639
BATCH-2554,MO-7367,RM-101,2025-04-04,750
BATCH-2555,MO-3012,RM-83,2025-01-18,3671
BATCH-2556,MO-5856,RM-91,2025-11-16,3595
BATCH-2557,MO-1636,RM-111,2024-06-21,3752
BATCH-2558,MO-937,RM-118,05/21/2025,3063
BATCH-2559,MO-196,RM-44,05-11-2024,722
BATCH-2560,MO-3386,RM-65,2024-07-28,1583
BATCH-2561,MO-5874,RM-117,11/04/2025,4106
BATCH-2562,MO-5121,RM-53,2026-08-24,502
BATCH-2563,MO-7091,RM-36,01/10/2024,4285
BATCH-2564,MO-2536,RM-41,03/03/2026,536
BATCH-2565,MO-1620,RM-89,2025-09-07,26
BATCH-2566,MO-4609,RM-69,2026-06-26,2292
BATCH-2567,MO-1374,RM-20,2026-03-05,2936
BATCH-2568,MO-5213,RM-51,2025-04-09,3680
BATCH-2569,MO-1545,RM-29,2024-08-02,832
BATCH-2570,MO-6151,RM-74,08/16/2024,4618
BATCH-2571,MO-2455,RM-59,06/18/2025,2452
BATCH-2572,MO-5484,RM-101,12/04/2026,740
BATCH-2573,MO-6209,RM-103,08/18/2024,795
BATCH-2574,MO-22,RM-83,2025-07-09,413
BATCH-2575,MO-3855,RM-15,2026-02-11,2767
BATCH-2576,MO-7109,RM-45,07-09-2024,3244
BATCH-2577,MO-5639,RM-49,2026-11-20,4247
BATCH-2578,MO-2644,RM-8,2024-02-14,1058
BATCH-2579,MO-5120,RM-49,06-04-2025,4070
BATCH-2580,MO-6931,RM-114,06/02/2026,1870
BATCH-2581,MO-1849,RM-29,10/21/2026,1851
BATCH-2582,MO-2420,RM-64,2026-02-25,1342
BATCH-2583,MO-6417,RM-94,26-01-2025,2679
BATCH-2584,MO-3699,RM-58,2024-07-03,4501
BATCH-2585,MO-255,RM-64,2025-04-04,39
BATCH-2586,MO-3829,RM-16,09/19/2026,1044
BATCH-2587,MO-2623,RM-103,02-11-2024,678
BATCH-2588,MO-625,RM-5,01/04/2025,2360
BATCH-2589,MO-4928,RM-39,11/10/2024,4628
BATCH-2590,MO-1672,RM-62,10/20/2024,303
BATCH-2591,MO-1303,RM-7,2025-02-18,781
BATCH-2592,MO-2149,RM-72,07/24/2025,2944
BATCH-2593,MO-5854,RM-114,2025-09-10,2695
BATCH-2594,MO-7815,RM-69,04/03/2024,2012
BATCH-2595,MO-4376,RM-18,2025-03-04,4386
BATCH-2596,MO-1124,RM-30,2024-05-03,3467
BATCH-2597,MO-5351,RM-11,06/08/2026,22
BATCH-2598,MO-6373,RM-116,27-07-2026,1055
BATCH-2599,MO-7059,RM-33,09/18/2024,3024
BATCH-2600,MO-152,RM-105,11/11/2024,74
BATCH-2601,MO-147,RM-26,16-03-2024,88
BATCH-2602,MO-1547,RM-48,14-09-2025,2263
BATCH-2603,MO-4195,RM-29,2025-05-05,1825
BATCH-2604,MO-1065,RM-83,2026-11-05,491
BATCH-2605,MO-3391,RM-92,23-10-2025,3367
BATCH-2606,MO-1474,RM-108,24-11-2024,1248
BATCH-2607,MO-7434,RM-104,2024-03-02,2444
BATCH-2608,MO-3911,RM-71,2025-11-05,2836
BATCH-2609,MO-2405,RM-59,2025-11-05,1934
BATCH-2610,MO-2645,RM-79,10/13/2024,3984
BATCH-2611,MO-6055,RM-36,2024-04-25,1966
BATCH-2612,MO-7467,RM-114,2024-08-01,392
BATCH-2613,MO-4331,RM-117,12-08-2024,583
BATCH-2614,MO-7871,RM-21,2026-12-08,2809
BATCH-2615,MO-6472,RM-19,2024-01-16,4720
BATCH-2616,MO-1447,RM-95,2024-05-23,3986
BATCH-2617,MO-5087,RM-33,03-10-2024,959
BATCH-2618,MO-122,RM-18,2025-05-25,4271
BATCH-2619,MO-7352,RM-66,06-05-2025,1008
BATCH-2620,MO-4938,RM-114,2025-04-15,4231
BATCH-2621,MO-2117,RM-13,2026-09-25,2099
BATCH-2622,MO-1572,RM-64,05/04/2025,4750
BATCH-2623,MO-4560,RM-59,08-04-2024,4638
BATCH-2624,MO-7775,RM-7,11/17/2024,4630
BATCH-2625,MO-3779,RM-67,05/09/2026,2527
BATCH-2626,MO-5852,RM-31,04/22/2025,3343
BATCH-2627,MO-2273,RM-1,02/03/2024,3949
BATCH-2628,MO-1783,RM-19,2026-03-28,3616
BATCH-2629,MO-1495,RM-83,05-04-2024,4090
BATCH-2630,MO-5474,RM-38,06/12/2026,4197
BATCH-2631,MO-1630,RM-17,2024-01-28,857
BATCH-2632,MO-5676,RM-41,2025-10-28,1607
BATCH-2633,MO-5267,RM-52,05/13/2026,2125
BATCH-2634,MO-4123,RM-94,03/11/2025,4090
BATCH-2635,MO-2565,RM-73,02/24/2026,3541
BATCH-2636,MO-7658,RM-54,2024-03-10,1846
BATCH-2637,MO-2515,RM-28,2026-07-24,319
BATCH-2638,MO-5916,RM-23,2026-04-18,4273
BATCH-2639,MO-3755,RM-91,2025-08-26,2560
BATCH-2640,MO-6403,RM-92,11-08-2026,4094
BATCH-2641,MO-2514,RM-30,2024-02-16,4742
BATCH-2642,MO-1868,RM-45,2024-03-15,3385
BATCH-2643,MO-1359,RM-62,20-01-2024,2778
BATCH-2644,MO-4889,RM-88,07/01/2026,2947
BATCH-2645,MO-4913,RM-21,2026-12-17,3541
BATCH-2646,MO-7164,RM-64,17-12-2024,3333
BATCH-2647,MO-5032,RM-51,02/17/2025,825
BATCH-2648,MO-1275,RM-114,2025-03-06,4352
BATCH-2649,MO-2784,RM-113,2025-09-05,1386
BATCH-2650,MO-2299,RM-105,11-04-2024,2207
BATCH-2651,MO-5441,RM-118,07/26/2024,595
BATCH-2652,MO-3525,RM-75,2024-10-12,1453
BATCH-2653,MO-2527,RM-105,2024-09-01,2393
BATCH-2654,MO-231,RM-47,2025-05-22,1837
BATCH-2655,MO-5449,RM-115,2025-02-22,4461
BATCH-2656,MO-5947,RM-120,2024-02-24,4428
BATCH-2657,MO-6533,RM-115,2025-11-02,3849
BATCH-2658,MO-5475,RM-10,03/03/2024,2014
BATCH-2659,MO-4352,RM-46,2024-07-22,4636
BATCH-2660,MO-6463,RM-84,2025-02-08,529
BATCH-2661,MO-1089,RM-37,11/28/2024,162
BATCH-2662,MO-7890,RM-111,2026-07-24,224
BATCH-2663,MO-6487,RM-102,02/10/2026,1674
BATCH-2664,MO-2949,RM-2,2024-08-08,528
BATCH-2665,MO-3291,RM-36,2026-05-26,4345
BATCH-2666,MO-6339,RM-92,2024-01-08,1308
BATCH-2667,MO-2637,RM-105,2025-02-27,3848
BATCH-2668,MO-7213,RM-89,2024-08-15,2533
BATCH-2669,MO-6000,RM-61,09/22/2025,3844
BATCH-2670,MO-2168,RM-19,2026-05-09,3451
BATCH-2671,MO-7912,RM-40,2024-03-27,4355
BATCH-2672,MO-531,RM-98,03/28/2025,382
BATCH-2673,MO-5605,RM-66,14-04-2025,775
BATCH-2674,MO-4439,RM-54,08/16/2025,4716
BATCH-2675,MO-645,RM-45,2025-08-19,1463
BATCH-2676,MO-6212,RM-85,2025-10-06,2966
BATCH-2677,MO-3268,RM-52,2026-10-21,131
BATCH-2678,MO-6100,RM-75,09-06-2025,2131
BATCH-2679,MO-4128,RM-119,03/08/2026,3426
BATCH-2680,MO-1432,RM-22,03-01-2026,3009
BATCH-2681,MO-6786,RM-88,2026-12-18,3822
BATCH-2682,MO-3522,RM-117,2026-11-23,4097
BATCH-2683,MO-2179,RM-49,25-03-2026,2542
BATCH-2684,MO-499,RM-66,2025-10-16,941
BATCH-2685,MO-1060,RM-109,12/06/2025,4400
BATCH-2686,MO-3850,RM-12,15-03-2026,2040
BATCH-2687,MO-3652,RM-14,08/13/2026,2024
BATCH-2688,MO-90,RM-8,03/23/2024,2837
BATCH-2689,MO-4964,RM-111,2024-01-05,182
BATCH-2690,MO-4626,RM-33,2025-11-17,4229
BATCH-2691,MO-3002,RM-16,15-10-2025,3114
BATCH-2692,MO-4390,RM-14,2024-10-01,862
BATCH-2693,MO-17,RM-38,2024-09-23,4384
BATCH-2694,MO-6743,RM-50,2025-04-23,4179
BATCH-2695,MO-3496,RM-72,2026-02-23,4538
BATCH-2696,MO-7147,RM-27,02/26/2024,113
BATCH-2697,MO-2286,RM-109,04/25/2024,703
BATCH-2698,MO-1725,RM-43,03-12-2024,2739
BATCH-2699,MO-5181,RM-40,2026-03-20,3010
BATCH-2700,MO-4656,RM-34,2024-01-15,391
BATCH-2701,MO-3961,RM-49,23-05-2025,1555
BATCH-2702,MO-1461,RM-22,09-08-2024,3314
BATCH-2703,MO-2379,RM-82,10/07/2025,1226
BATCH-2704,MO-1201,RM-101,04-08-2024,1473
BATCH-2705,MO-6692,RM-15,2025-03-15,984
BATCH-2706,MO-3285,RM-81,04/06/2026,4736
BATCH-2707,MO-6578,RM-68,01/15/2024,4141
BATCH-2708,MO-5510,RM-71,2025-08-19,2070
BATCH-2709,MO-3505,RM-119,09-04-2024,2285
BATCH-2710,MO-5926,RM-92,2026-03-03,826
BATCH-2711,MO-1737,RM-103,12/27/2025,2527
BATCH-2712,MO-2602,RM-71,2026-12-27,2696
BATCH-2713,MO-6009,RM-23,2026-01-12,2827
BATCH-2714,MO-2858,RM-70,2025-04-23,539
BATCH-2715,MO-1992,RM-107,2024-05-28,3653
BATCH-2716,MO-5150,RM-58,2024-09-07,1757
BATCH-2717,MO-5196,RM-53,03-07-2026,2144
BATCH-2718,MO-5883,RM-5,28-07-2025,3670
BATCH-2719,MO-5871,RM-48,11/19/2024,2682
BATCH-2720,MO-5265,RM-39,2024-03-11,4281
BATCH-2721,MO-5901,RM-82,2024-08-05,2251
BATCH-2722,MO-5721,RM-89,2025-11-27,2061
BATCH-2723,MO-666,RM-102,2024-09-02,2116
BATCH-2724,MO-5839,RM-119,2025-06-18,3385
BATCH-2725,MO-1833,RM-32,2024-04-20,115
BATCH-2726,MO-5,RM-112,2024-09-20,3465
BATCH-2727,MO-451,RM-89,2024-09-15,2968
BATCH-2728,MO-4259,RM-62,2025-05-05,1918
BATCH-2729,MO-4298,RM-105,22-08-2025,1376
BATCH-2730,MO-779,RM-26,2025-04-26,4009
BATCH-2731,MO-5303,RM-68,08/03/2025,1568
BATCH-2732,MO-6799,RM-95,2024-04-06,2339
BATCH-2733,MO-5706,RM-88,19-02-2025,4203
BATCH-2734,MO-4065,RM-85,17-08-2025,4646
BATCH-2735,MO-5938,RM-8,28-02-2025,3943
BATCH-2736,MO-5537,RM-34,2026-03-20,1997
BATCH-2737,MO-6181,RM-91,11/09/2024,699
BATCH-2738,MO-1715,RM-53,2024-09-13,3574
BATCH-2739,MO-7423,RM-84,2026-01-18,1998
BATCH-2740,MO-3722,RM-101,06/06/2026,3751
BATCH-2741,MO-3406,RM-85,2026-07-03,686
BATCH-2742,MO-561,RM-104,2024-11-12,1509
BATCH-2743,MO-1861,RM-113,09/27/2024,2232
BATCH-2744,MO-1248,RM-115,02/20/2024,3776
BATCH-2745,MO-3502,RM-48,2024-06-15,916
BATCH-2746,MO-3098,RM-36,06/23/2025,2145
BATCH-2747,MO-7519,RM-39,04/25/2024,2776
BATCH-2748,MO-1989,RM-75,2026-09-28,3229
BATCH-2749,MO-7163,RM-72,03-10-2026,4781
BATCH-2750,MO-6574,RM-6,2026-09-09,4626
BATCH-2751,MO-6935,RM-58,03-11-2025,213
BATCH-2752,MO-2967,RM-100,2026-09-13,3838
BATCH-2753,MO-2531,RM-56,12/19/2025,1866
BATCH-2754,MO-6948,RM-17,2026-01-10,2451
BATCH-2755,MO-4153,RM-78,19-03-2026,1182
BATCH-2756,MO-3306,RM-13,01/06/2024,2747
BATCH-2757,MO-4991,RM-103,09/13/2024,884
BATCH-2758,MO-4073,RM-63,2025-05-14,4188
BATCH-2759,MO-575,RM-96,05/12/2026,2833
BATCH-2760,MO-4697,RM-47,16-03-2026,2689
BATCH-2761,MO-790,RM-83,2025-11-15,3430
BATCH-2762,MO-3097,RM-103,2025-04-14,4094
BATCH-2763,MO-4803,RM-99,12/20/2025,3713
BATCH-2764,MO-865,RM-40,2026-02-06,505
BATCH-2765,MO-284,RM-8,11/05/2024,3622
BATCH-2766,MO-4205,RM-91,2025-02-16,831
BATCH-2767,MO-1683,RM-115,08/07/2024,487
BATCH-2768,MO-6793,RM-52,2024-07-17,4755
BATCH-2769,MO-1959,RM-88,22-04-2026,473
BATCH-2770,MO-2848,RM-100,07/07/2025,4034
BATCH-2771,MO-276,RM-15,2024-10-15,2258
BATCH-2772,MO-5609,RM-8,07-08-2026,564
BATCH-2773,MO-7776,RM-55,16-03-2026,4202
BATCH-2774,MO-6034,RM-97,10/20/2024,4245
BATCH-2775,MO-1410,RM-92,09/07/2026,1641
BATCH-2776,MO-3184,RM-116,2025-05-24,3012
BATCH-2777,MO-2605,RM-109,2024-08-09,1748
BATCH-2778,MO-2417,RM-47,03/16/2026,172
BATCH-2779,MO-1975,RM-78,27-06-2024,2613
BATCH-2780,MO-1626,RM-30,03/05/2026,2397
BATCH-2781,MO-7610,RM-70,2025-05-13,1466
BATCH-2782,MO-3746,RM-81,2025-03-15,1457
BATCH-2783,MO-3669,RM-102,2025-10-14,1277
BATCH-2784,MO-3702,RM-66,03-07-2024,1195
BATCH-2785,MO-6943,RM-24,05/02/2024,2872
BATCH-2786,MO-5753,RM-60,2025-03-28,2031
BATCH-2787,MO-3753,RM-105,04-12-2024,385
BATCH-2788,MO-2170,RM-27,2024-02-06,2977
BATCH-2789,MO-787,RM-44,2025-06-09,1695
BATCH-2790,MO-2762,RM-107,25-04-2026,2242
BATCH-2791,MO-5127,RM-31,04/20/2024,3784
BATCH-2792,MO-3954,RM-36,17-03-2024,2892
BATCH-2793,MO-303,RM-23,09/03/2025,2090
BATCH-2794,MO-4002,RM-12,2024-04-12,925
BATCH-2795,MO-3238,RM-119,2025-07-04,4486
BATCH-2796,MO-3528,RM-37,2026-10-27,1723
BATCH-2797,MO-4427,RM-9,03/04/2026,122
BATCH-2798,MO-1025,RM-52,23-08-2025,1542
BATCH-2799,MO-6975,RM-14,2024-06-20,2520
BATCH-2800,MO-7046,RM-30,2025-02-19,4459
BATCH-2801,MO-5393,RM-115,2026-05-12,3382
BATCH-2802,MO-476,RM-65,2024-05-04,1759
BATCH-2803,MO-4,RM-34,04/05/2024,3861
BATCH-2804,MO-310,RM-88,2026-12-14,3196
BATCH-2805,MO-724,RM-91,05/07/2024,4670
BATCH-2806,MO-1848,RM-98,11/11/2024,2743
BATCH-2807,MO-1643,RM-88,25-05-2025,927
BATCH-2808,MO-6510,RM-79,02/08/2024,3900
BATCH-2809,MO-1196,RM-1,11/27/2024,3084
BATCH-2810,MO-4235,RM-108,2025-09-03,3471
BATCH-2811,MO-1998,RM-5,2026-10-16,4226
BATCH-2812,MO-1584,RM-80,12/15/2024,3262
BATCH-2813,MO-424,RM-107,01/08/2026,1546
BATCH-2814,MO-2781,RM-29,2024-11-20,215
BATCH-2815,MO-1530,RM-112,2025-02-27,1476
BATCH-2816,MO-1482,RM-24,2024-12-04,2145
BATCH-2817,MO-568,RM-56,2026-11-22,1871
BATCH-2818,MO-1474,RM-7,04/14/2025,2265
BATCH-2819,MO-1837,RM-90,2024-12-19,4392
BATCH-2820,MO-3668,RM-107,04/21/2024,1556
BATCH-2821,MO-6612,RM-62,2024-04-17,888
BATCH-2822,MO-4135,RM-92,10/01/2026,593
BATCH-2823,MO-2469,RM-23,18-11-2026,42
BATCH-2824,MO-2058,RM-94,09-11-2024,4402
BATCH-2825,MO-1950,RM-84,20-08-2026,2958
BATCH-2826,MO-1029,RM-15,2024-11-19,1441
BATCH-2827,MO-1717,RM-9,14-11-2025,238
BATCH-2828,MO-6413,RM-42,02/15/2025,1608
BATCH-2829,MO-3978,RM-83,03-07-2025,2938
BATCH-2830,MO-7181,RM-49,2026-11-21,1466
BATCH-2831,MO-5540,RM-50,2024-10-08,2450
BATCH-2832,MO-3653,RM-49,2025-03-14,4535
BATCH-2833,MO-2904,RM-25,06/04/2026,2597
BATCH-2834,MO-1069,RM-114,2024-10-25,1582
BATCH-2835,MO-3024,RM-7,2024-08-26,2306
BATCH-2836,MO-1276,RM-49,2024-07-10,3423
BATCH-2837,MO-4354,RM-60,25-07-2026,89
BATCH-2838,MO-4503,RM-97,2026-08-18,3403
BATCH-2839,MO-4269,RM-85,2026-07-07,1638
BATCH-2840,MO-547,RM-108,09/17/2024,3514
BATCH-2841,MO-2890,RM-112,07/17/2025,3271
BATCH-2842,MO-1597,RM-34,20-09-2026,2580
BATCH-2843,MO-450,RM-116,06/03/2025,3869
BATCH-2844,MO-7471,RM-88,28-06-2025,896
BATCH-2845,MO-4838,RM-99,11/21/2025,4407
BATCH-2846,MO-6957,RM-108,2025-02-10,48
BATCH-2847,MO-1859,RM-17,11-01-2026,2479
BATCH-2848,MO-1450,RM-110,12-09-2026,516
BATCH-2849,MO-2231,RM-50,2025-06-15,2470
BATCH-2850,MO-4686,RM-80,13-08-2026,726
BATCH-2851,MO-1645,RM-25,10-10-2025,3724
BATCH-2852,MO-3719,RM-93,05-02-2024,2476
BATCH-2853,MO-5588,RM-24,08/17/2024,2540
BATCH-2854,MO-221,RM-67,09/12/2025,113
BATCH-2855,MO-981,RM-108,2025-04-25,3884
BATCH-2856,MO-6460,RM-39,12/11/2026,3257
BATCH-2857,MO-608,RM-103,2025-06-19,4690
BATCH-2858,MO-1722,RM-89,2026-05-14,1736
BATCH-2859,MO-1571,RM-28,2025-10-24,2729
BATCH-2860,MO-6539,RM-108,2024-02-26,698
BATCH-2861,MO-2460,RM-75,2024-11-26,3269
BATCH-2862,MO-177,RM-120,10/20/2025,4216
BATCH-2863,MO-1559,RM-3,04/14/2025,4646
BATCH-2864,MO-6987,RM-105,2024-04-05,3315
BATCH-2865,MO-3871,RM-58,2026-01-27,1591
BATCH-2866,MO-5232,RM-96,01/18/2024,4375
BATCH-2867,MO-713,RM-74,2026-10-08,2128
BATCH-2868,MO-214,RM-19,16-03-2024,3429
BATCH-2869,MO-4504,RM-90,24-11-2026,4176
BATCH-2870,MO-7784,RM-91,02-09-2025,1296
BATCH-2871,MO-2842,RM-56,01/05/2025,2660
BATCH-2872,MO-3119,RM-83,02-03-2026,1210
BATCH-2873,MO-2000,RM-56,2024-09-10,3222
BATCH-2874,MO-1329,RM-85,2026-03-27,401
BATCH-2875,MO-6552,RM-11,2024-05-22,1644
BATCH-2876,MO-2349,RM-109,2024-07-01,1446
BATCH-2877,MO-3995,RM-89,2026-01-06,150
BATCH-2878,MO-4620,RM-37,10/16/2026,2954
BATCH-2879,MO-868,RM-18,01/22/2024,3296
BATCH-2880,MO-7061,RM-31,2024-07-25,2820
BATCH-2881,MO-1434,RM-81,20-06-2025,3318
BATCH-2882,MO-6295,RM-12,16-11-2026,1509
BATCH-2883,MO-4642,RM-110,2025-08-11,2930
BATCH-2884,MO-5004,RM-17,2025-07-09,2236
BATCH-2885,MO-2659,RM-23,2026-04-21,848
BATCH-2886,MO-6336,RM-36,12/16/2025,3236
BATCH-2887,MO-5244,RM-111,06-08-2026,1036
BATCH-2888,MO-629,RM-114,2024-06-23,1293
BATCH-2889,MO-4314,RM-94,2026-02-23,1169
BATCH-2890,MO-6965,RM-64,2024-11-20,4279
BATCH-2891,MO-6886,RM-68,2025-08-11,3075
BATCH-2892,MO-3372,RM-56,2025-06-11,3309
BATCH-2893,MO-4608,RM-55,07-11-2026,1353
BATCH-2894,MO-3819,RM-99,09/27/2025,319
BATCH-2895,MO-7654,RM-65,06/23/2025,680
BATCH-2896,MO-5429,RM-118,10/21/2025,370
BATCH-2897,MO-3477,RM-42,2024-03-19,2280
BATCH-2898,MO-6308,RM-105,02/05/2024,100
BATCH-2899,MO-117,RM-28,2025-08-16,1457
BATCH-2900,MO-5282,RM-94,2026-11-27,857
BATCH-2901,MO-1833,RM-76,04/09/2024,4568
BATCH-2902,MO-7621,RM-77,10/10/2025,3281
BATCH-2903,MO-4147,RM-41,26-11-2025,1207
BATCH-2904,MO-3341,RM-92,02/27/2024,2487
BATCH-2905,MO-1330,RM-24,2024-05-11,98
BATCH-2906,MO-596,RM-114,2024-04-24,3536
BATCH-2907,MO-2564,RM-109,06/20/2026,4367
BATCH-2908,MO-137,RM-120,2026-11-03,2195
BATCH-2909,MO-7062,RM-20,08-04-2025,740
BATCH-2910,MO-3556,RM-66,08/06/2026,4303
BATCH-2911,MO-2605,RM-113,2026-10-14,1342
BATCH-2912,MO-1391,RM-116,2024-03-01,4251
BATCH-2913,MO-6785,RM-61,2026-04-21,153
BATCH-2914,MO-7933,RM-75,2024-05-02,1851
BATCH-2915,MO-3290,RM-46,01/21/2025,1062
BATCH-2916,MO-2210,RM-93,20-11-2026,3313
BATCH-2917,MO-4095,RM-34,26-09-2026,249
BATCH-2918,MO-701,RM-80,2024-01-27,2258
BATCH-2919,MO-7676,RM-51,24-12-2026,106
BATCH-2920,MO-4643,RM-8,2024-08-17,2890
BATCH-2921,MO-7050,RM-67,26-02-2025,2797
BATCH-2922,MO-6959,RM-88,2025-05-25,2575
BATCH-2923,MO-7701,RM-37,04/19/2024,4152
BATCH-2924,MO-2664,RM-86,2026-06-28,4727
BATCH-2925,MO-1899,RM-114,01/03/2025,4366
BATCH-2926,MO-5234,RM-23,2026-10-15,3878
BATCH-2927,MO-2832,RM-99,2025-10-15,1278
BATCH-2928,MO-748,RM-55,2024-10-25,2276
BATCH-2929,MO-6500,RM-12,26-10-2026,2230
BATCH-2930,MO-6338,RM-22,2025-05-28,2171
BATCH-2931,MO-3908,RM-56,06/22/2026,4021
BATCH-2932,MO-1529,RM-11,2026-08-01,939
BATCH-2933,MO-1017,RM-21,03-07-2024,1155
BATCH-2934,MO-4322,RM-79,01/20/2024,1703
BATCH-2935,MO-1833,RM-86,2025-05-14,4022
BATCH-2936,MO-7672,RM-30,10/09/2025,3450
BATCH-2937,MO-5559,RM-44,12/20/2025,3146
BATCH-2938,MO-4728,RM-75,01/04/2026,2012
BATCH-2939,MO-7723,RM-96,10-12-2026,127
BATCH-2940,MO-7080,RM-36,2026-11-13,42
BATCH-2941,MO-951,RM-15,17-02-2026,3534
BATCH-2942,MO-2344,RM-9,01/13/2026,3273
BATCH-2943,MO-5160,RM-28,2025-08-22,3447
BATCH-2944,MO-2424,RM-44,2024-07-23,1150
BATCH-2945,MO-3095,RM-112,15-03-2024,397
BATCH-2946,MO-2318,RM-79,04-04-2026,3065
BATCH-2947,MO-324,RM-53,2026-02-08,2789
BATCH-2948,MO-5826,RM-74,06/09/2026,4236
BATCH-2949,MO-309,RM-29,03/23/2024,2365
BATCH-2950,MO-7858,RM-1,2026-09-28,3721
BATCH-2951,MO-6851,RM-102,2026-03-22,80
BATCH-2952,MO-6511,RM-40,2024-03-11,3434
BATCH-2953,MO-5412,RM-97,09-11-2026,1238
BATCH-2954,MO-5719,RM-12,05/20/2024,3188
BATCH-2955,MO-227,RM-116,2025-06-03,4493
BATCH-2956,MO-6816,RM-42,2026-07-22,2072
BATCH-2957,MO-869,RM-64,2026-06-14,2500
BATCH-2958,MO-7191,RM-19,2026-07-20,340
BATCH-2959,MO-5469,RM-104,14-03-2025,637
BATCH-2960,MO-2758,RM-24,2025-02-18,762
BATCH-2961,MO-4882,RM-33,03/02/2025,443
BATCH-2962,MO-2293,RM-87,10/25/2025,9
BATCH-2963,MO-6826,RM-37,2026-06-12,3208
BATCH-2964,MO-6473,RM-104,2024-01-21,2346
BATCH-2965,MO-6019,RM-108,2024-05-18,4740
BATCH-2966,MO-7027,RM-43,2024-06-12,1941
BATCH-2967,MO-4901,RM-24,10/05/2025,1220
BATCH-2968,MO-6301,RM-93,10/21/2024,2993
BATCH-2969,MO-1949,RM-37,21-03-2024,4027
BATCH-2970,MO-6662,RM-102,2026-05-13,532
BATCH-2971,MO-4814,RM-10,12/21/2026,3041
BATCH-2972,MO-1792,RM-36,2026-03-17,1969
BATCH-2973,MO-280,RM-64,12/04/2024,925
BATCH-2974,MO-7113,RM-109,2024-01-16,3425
BATCH-2975,MO-7669,RM-6,2024-03-18,587
BATCH-2976,MO-5574,RM-101,01/02/2025,4662
BATCH-2977,MO-6095,RM-29,09/03/2026,304
BATCH-2978,MO-2507,RM-75,2025-05-12,4278
BATCH-2979,MO-2551,RM-71,02/13/2025,2865
BATCH-2980,MO-1382,RM-35,2026-03-18,1309
BATCH-2981,MO-6992,RM-16,2024-03-16,161
BATCH-2982,MO-987,RM-31,2026-01-03,4675
BATCH-2983,MO-2275,RM-51,2025-08-05,3638
BATCH-2984,MO-1819,RM-48,2024-08-20,2200
BATCH-2985,MO-3507,RM-94,12/25/2026,3784
BATCH-2986,MO-2794,RM-100,2024-05-16,1850
BATCH-2987,MO-2903,RM-102,15-08-2025,652
BATCH-2988,MO-3133,RM-110,01/05/2026,3336
BATCH-2989,MO-687,RM-35,07-01-2024,2133
BATCH-2990,MO-5972,RM-91,15-08-2024,361
BATCH-2991,MO-899,RM-101,23-11-2025,2536
BATCH-2992,MO-3746,RM-98,05/04/2025,387
BATCH-2993,MO-1039,RM-47,05-03-2024,4689
BATCH-2994,MO-3497,RM-72,2026-09-18,2417
BATCH-2995,MO-1825,RM-105,2025-08-19,4041
BATCH-2996,MO-4203,RM-90,2026-04-11,1886
BATCH-2997,MO-4151,RM-62,09/01/2024,2075
BATCH-2998,MO-4550,RM-52,2026-12-12,463
BATCH-2999,MO-896,RM-117,21-05-2026,1606
BATCH-3000,MO-7753,RM-6,07/22/2025,181
BATCH-3001,MO-6832,RM-18,2024-08-16,977
BATCH-3002,MO-6343,RM-20,2026-03-21,1007
BATCH-3003,MO-5017,RM-110,2025-01-21,969
BATCH-3004,MO-315,RM-118,12-06-2026,3909
BATCH-3005,MO-3965,RM-106,06/22/2025,4567
BATCH-3006,MO-6243,RM-33,2024-12-19,4612
BATCH-3007,MO-4877,RM-86,2026-06-22,3955
BATCH-3008,MO-6414,RM-11,2026-04-11,1127
BATCH-3009,MO-4706,RM-115,10/06/2024,2963
BATCH-3010,MO-4686,RM-36,2024-02-15,1905
BATCH-3011,MO-7436,RM-73,2026-08-12,3012
BATCH-3012,MO-4334,RM-34,04/18/2026,4365
BATCH-3013,MO-6738,RM-60,08/20/2024,4548
BATCH-3014,MO-5006,RM-12,01/26/2026,3840
BATCH-3015,MO-712,RM-75,2024-07-17,911
BATCH-3016,MO-4674,RM-46,2024-06-12,3991
BATCH-3017,MO-5767,RM-96,02/02/2026,4397
BATCH-3018,MO-6219,RM-33,2026-12-28,4374
BATCH-3019,MO-3310,RM-11,16-09-2025,1848
BATCH-3020,MO-6720,RM-108,01-11-2026,661
BATCH-3021,MO-1477,RM-111,2026-01-27,3962
BATCH-3022,MO-597,RM-92,03/14/2025,1520
BATCH-3023,MO-1474,RM-117,2026-01-14,1323
BATCH-3024,MO-815,RM-6,04/02/2025,1323
BATCH-3025,MO-6009,RM-102,07/19/2026,749
BATCH-3026,MO-5634,RM-114,2024-10-02,397
BATCH-3027,MO-1681,RM-120,2026-03-11,719
BATCH-3028,MO-1840,RM-9,02/24/2026,4734
BATCH-3029,MO-5863,RM-89,2024-01-06,1532
BATCH-3030,MO-5131,RM-47,20-09-2025,1547
BATCH-3031,MO-7111,RM-62,2026-01-06,791
BATCH-3032,MO-2777,RM-82,2026-03-20,3610
BATCH-3033,MO-6568,RM-29,2026-05-14,4284
BATCH-3034,MO-5074,RM-69,11/20/2025,3506
BATCH-3035,MO-6751,RM-16,2026-07-20,937
BATCH-3036,MO-4842,RM-77,2026-04-08,3996
BATCH-3037,MO-5282,RM-115,11-07-2025,475
BATCH-3038,MO-1753,RM-68,05/02/2024,229
BATCH-3039,MO-1946,RM-69,2025-01-22,1185
BATCH-3040,MO-54,RM-100,10/04/2024,394
BATCH-3041,MO-1675,RM-65,02/13/2024,2822
BATCH-3042,MO-2069,RM-23,06/13/2026,2339
BATCH-3043,MO-5580,RM-74,2025-12-18,4158
BATCH-3044,MO-439,RM-17,19-09-2026,3791
BATCH-3045,MO-2264,RM-39,04/27/2025,572
BATCH-3046,MO-3637,RM-120,2025-03-24,1658
BATCH-3047,MO-1611,RM-45,21-01-2025,1693
BATCH-3048,MO-4087,RM-1,2024-02-01,4363
BATCH-3049,MO-4870,RM-57,2025-08-23,3620
BATCH-3050,MO-209,RM-45,09/02/2026,727
BATCH-3051,MO-2371,RM-97,2025-05-09,1233
BATCH-3052,MO-5366,RM-55,09/13/2025,1751
BATCH-3053,MO-2529,RM-40,2024-10-27,3825
BATCH-3054,MO-7026,RM-23,03/13/2024,885
BATCH-3055,MO-712,RM-81,2024-05-21,2425
BATCH-3056,MO-3899,RM-7,12/22/2026,1342
BATCH-3057,MO-4032,RM-6,2024-08-26,3364
BATCH-3058,MO-6920,RM-25,07/13/2026,1806
BATCH-3059,MO-2842,RM-92,2026-06-13,2025
BATCH-3060,MO-3039,RM-9,2026-10-09,3810
BATCH-3061,MO-5315,RM-77,2025-05-12,2684
BATCH-3062,MO-4760,RM-38,01/06/2024,338
BATCH-3063,MO-1598,RM-99,2025-10-20,2741
BATCH-3064,MO-6252,RM-116,2025-08-04,4356
BATCH-3065,MO-3957,RM-64,09/16/2025,200
BATCH-3066,MO-833,RM-76,07/06/2025,3419
BATCH-3067,MO-7132,RM-114,2024-11-25,4543
BATCH-3068,MO-6249,RM-50,2025-04-16,4307
BATCH-3069,MO-7564,RM-39,2025-11-15,795
BATCH-3070,MO-4580,RM-108,10/24/2025,4523
BATCH-3071,MO-6531,RM-99,18-05-2024,3564
BATCH-3072,MO-1533,RM-115,09/09/2025,466
BATCH-3073,MO-6571,RM-4,09/14/2026,1643
BATCH-3074,MO-6118,RM-2,07/01/2025,1200
BATCH-3075,MO-1693,RM-84,2025-12-27,2912
BATCH-3076,MO-4483,RM-78,2024-07-03,1861
BATCH-3077,MO-6839,RM-96,2024-09-14,2884
BATCH-3078,MO-2260,RM-114,15-11-2024,3670
BATCH-3079,MO-3132,RM-28,19-03-2025,4588
BATCH-3080,MO-6776,RM-106,2025-08-01,4571
BATCH-3081,MO-1941,RM-87,2025-09-25,2630
BATCH-3082,MO-7858,RM-52,12/23/2025,4141
BATCH-3083,MO-491,RM-63,2026-12-10,1295
BATCH-3084,MO-6108,RM-11,2025-07-11,1580
BATCH-3085,MO-4876,RM-56,2024-02-23,4443
BATCH-3086,MO-2427,RM-9,28-12-2025,2632
BATCH-3087,MO-440,RM-21,01/28/2025,4461
BATCH-3088,MO-6677,RM-32,2026-06-20,3317
BATCH-3089,MO-7866,RM-79,06-02-2025,3826
BATCH-3090,MO-5076,RM-55,2026-12-23,2142
BATCH-3091,MO-7657,RM-116,2026-04-18,1005
BATCH-3092,MO-92,RM-8,2026-04-25,1958
BATCH-3093,MO-1324,RM-69,2024-09-10,2269
BATCH-3094,MO-6642,RM-93,2024-01-07,1848
BATCH-3095,MO-5784,RM-8,2026-07-07,345
BATCH-3096,MO-1175,RM-107,12/11/2025,1065
BATCH-3097,MO-3458,RM-78,12/15/2024,3514
BATCH-3098,MO-6675,RM-18,2025-09-05,3466
BATCH-3099,MO-3179,RM-63,03-12-2025,3273
BATCH-3100,MO-1552,RM-4,02/21/2024,1491
BATCH-3101,MO-6154,RM-64,11/05/2026,1652
BATCH-3102,MO-2278,RM-102,01-09-2024,1602
BATCH-3103,MO-1782,RM-82,2025-12-02,3229
BATCH-3104,MO-5266,RM-4,2026-07-14,346
BATCH-3105,MO-734,RM-101,2024-10-07,4627
BATCH-3106,MO-3668,RM-82,2024-08-28,1183
BATCH-3107,MO-1895,RM-87,02/17/2024,1563
BATCH-3108,MO-5519,RM-51,2026-02-08,207
BATCH-3109,MO-1838,RM-82,2025-06-05,515
BATCH-3110,MO-3624,RM-114,2026-11-22,4148
BATCH-3111,MO-7116,RM-119,2025-11-06,3921
BATCH-3112,MO-7439,RM-73,08/13/2026,3502
BATCH-3113,MO-6833,RM-10,2025-04-17,3481
BATCH-3114,MO-7385,RM-19,02/13/2024,274
BATCH-3115,MO-4838,RM-38,2024-05-07,340
BATCH-3116,MO-539,RM-120,2024-03-24,1965
BATCH-3117,MO-6452,RM-93,2026-09-21,3902
BATCH-3118,MO-6059,RM-87,05/27/2026,3903
BATCH-3119,MO-5572,RM-16,02-05-2025,4241
BATCH-3120,MO-4153,RM-43,2026-06-27,2683
BATCH-3121,MO-7226,RM-48,24-03-2024,1953
BATCH-3122,MO-1612,RM-5,08/03/2025,1409
BATCH-3123,MO-5268,RM-106,08/26/2025,2859
BATCH-3124,MO-5081,RM-81,2024-07-24,1263
BATCH-3125,MO-1369,RM-118,14-01-2025,3342
BATCH-3126,MO-2452,RM-62,07-01-2024,3550
BATCH-3127,MO-652,RM-54,2026-06-10,3200
BATCH-3128,MO-4709,RM-20,2025-07-15,3107
BATCH-3129,MO-1928,RM-110,09/28/2026,1346
BATCH-3130,MO-1354,RM-65,10-12-2026,4120
BATCH-3131,MO-4340,RM-8,01/14/2025,4677
BATCH-3132,MO-2118,RM-99,2025-03-25,383
BATCH-3133,MO-5066,RM-24,2026-03-04,246
BATCH-3134,MO-1885,RM-104,09/16/2025,1753
BATCH-3135,MO-6718,RM-94,07/16/2026,1905
BATCH-3136,MO-5139,RM-63,2024-10-28,2916
BATCH-3137,MO-1055,RM-25,11/20/2026,1338
BATCH-3138,MO-7791,RM-31,2024-11-03,3761
BATCH-3139,MO-1073,RM-23,2026-05-01,4494
BATCH-3140,MO-443,RM-34,01-10-2025,108
BATCH-3141,MO-4094,RM-84,2024-03-25,1048
BATCH-3142,MO-3097,RM-67,2025-01-21,4449
BATCH-3143,MO-6626,RM-68,01/24/2024,4077
BATCH-3144,MO-1991,RM-33,2025-04-05,2237
BATCH-3145,MO-4601,RM-58,09-06-2026,1451
BATCH-3146,MO-308,RM-2,02/23/2025,4215
BATCH-3147,MO-1308,RM-96,21-02-2024,2088
BATCH-3148,MO-350,RM-85,07/02/2024,2568
BATCH-3149,MO-7966,RM-76,2025-08-22,4080
BATCH-3150,MO-5949,RM-67,2026-10-05,2305
BATCH-3151,MO-1482,RM-73,2024-10-15,2141
BATCH-3152,MO-5837,RM-101,06/25/2025,4189
BATCH-3153,MO-7179,RM-28,2026-12-28,4554
BATCH-3154,MO-3735,RM-56,03-12-2025,8
BATCH-3155,MO-2686,RM-47,16-12-2026,2548
BATCH-3156,MO-75,RM-1,2024-03-28,685
BATCH-3157,MO-1414,RM-112,07/03/2026,1079
BATCH-3158,MO-5580,RM-84,2026-01-25,2979
BATCH-3159,MO-7345,RM-70,2026-02-17,3136
BATCH-3160,MO-4548,RM-65,09/03/2024,447
BATCH-3161,MO-3415,RM-41,2024-01-19,4473
BATCH-3162,MO-5864,RM-52,12-01-2024,1563
BATCH-3163,MO-4476,RM-103,2025-03-13,1658
BATCH-3164,MO-4005,RM-114,2025-05-27,2707
BATCH-3165,MO-2896,RM-102,2025-12-21,2316
BATCH-3166,MO-2408,RM-8,22-11-2026,637
BATCH-3167,MO-7648,RM-93,03/26/2025,1191
BATCH-3168,MO-2892,RM-75,03-03-2024,3582
BATCH-3169,MO-3174,RM-10,06/01/2024,1854
BATCH-3170,MO-2816,RM-54,2024-03-03,185
BATCH-3171,MO-4294,RM-24,2025-04-10,1858
BATCH-3172,MO-4188,RM-13,2024-06-16,3513
BATCH-3173,MO-5687,RM-1,2025-05-24,4373
BATCH-3174,MO-3982,RM-24,2024-07-10,2967
BATCH-3175,MO-2430,RM-35,2024-07-23,285
BATCH-3176,MO-7948,RM-60,2025-12-06,39
BATCH-3177,MO-6326,RM-13,2024-01-18,64
BATCH-3178,MO-273,RM-98,02-12-2026,3802
BATCH-3179,MO-5759,RM-12,05/26/2026,3308
BATCH-3180,MO-3105,RM-42,2025-10-06,704
BATCH-3181,MO-860,RM-43,07-10-2024,4697
BATCH-3182,MO-3398,RM-95,07-11-2024,4484
BATCH-3183,MO-7481,RM-95,23-11-2026,1695
BATCH-3184,MO-7214,RM-1,07/14/2026,3231
BATCH-3185,MO-2040,RM-95,25-12-2024,4114
BATCH-3186,MO-5287,RM-69,2025-01-21,1872
BATCH-3187,MO-4119,RM-62,2024-08-06,2341
BATCH-3188,MO-3398,RM-47,2024-11-11,3465
BATCH-3189,MO-2918,RM-103,09-06-2025,4167
BATCH-3190,MO-3044,RM-38,03/07/2024,4792
BATCH-3191,MO-2718,RM-88,19-07-2026,4053
BATCH-3192,MO-6885,RM-53,2024-04-11,2770
BATCH-3193,MO-457,RM-28,2025-02-21,3225
BATCH-3194,MO-5344,RM-50,2026-10-20,4778
BATCH-3195,MO-3394,RM-104,26-05-2024,2222
BATCH-3196,MO-235,RM-65,02/05/2026,4199
BATCH-3197,MO-3911,RM-97,21-09-2024,1847
BATCH-3198,MO-4265,RM-14,28-01-2024,2036
BATCH-3199,MO-7275,RM-54,12/05/2024,697
BATCH-3200,MO-6209,RM-117,02/14/2026,3024
BATCH-3201,MO-872,RM-44,2024-04-18,3473
BATCH-3202,MO-6462,RM-41,2025-11-19,281
BATCH-3203,MO-2171,RM-51,2024-04-02,3308
BATCH-3204,MO-5493,RM-9,2024-08-28,3158
BATCH-3205,MO-1608,RM-119,10/17/2024,1631
BATCH-3206,MO-7572,RM-59,2026-03-20,533
BATCH-3207,MO-5196,RM-74,2024-04-05,3304
BATCH-3208,MO-7584,RM-12,2025-09-11,3797
BATCH-3209,MO-6737,RM-90,2025-12-11,2619
BATCH-3210,MO-1171,RM-21,2026-11-16,4654
BATCH-3211,MO-4922,RM-65,2025-12-07,3946
BATCH-3212,MO-6416,RM-4,21-07-2024,842
BATCH-3213,MO-1309,RM-77,05-05-2024,2329
BATCH-3214,MO-4109,RM-47,12/02/2025,1370
BATCH-3215,MO-4421,RM-22,2024-08-06,4778
BATCH-3216,MO-6243,RM-77,2025-03-20,3223
BATCH-3217,MO-6651,RM-25,09/06/2026,1540
BATCH-3218,MO-3013,RM-26,2025-10-15,348
BATCH-3219,MO-6955,RM-38,12/10/2026,4704
BATCH-3220,MO-1679,RM-5,03-08-2025,972
BATCH-3221,MO-5231,RM-42,02/22/2025,3928
BATCH-3222,MO-7733,RM-107,05/09/2026,2773
BATCH-3223,MO-1417,RM-88,15-11-2024,3131
BATCH-3224,MO-5803,RM-116,2025-12-25,1465
BATCH-3225,MO-6901,RM-51,2024-09-15,2299
BATCH-3226,MO-3668,RM-49,28-03-2024,2180
BATCH-3227,MO-4286,RM-108,09/22/2024,259
BATCH-3228,MO-1774,RM-76,2025-06-05,2218
BATCH-3229,MO-6694,RM-64,02/08/2026,418
BATCH-3230,MO-1740,RM-61,2026-06-25,1345
BATCH-3231,MO-7619,RM-112,02/27/2026,1273
BATCH-3232,MO-2773,RM-22,07/25/2025,1063
BATCH-3233,MO-5390,RM-63,2025-08-09,2181
BATCH-3234,MO-4917,RM-88,08/18/2026,2783
BATCH-3235,MO-1438,RM-16,17-07-2025,680
BATCH-3236,MO-2109,RM-48,2024-04-26,4369
BATCH-3237,MO-2479,RM-8,18-09-2024,2909
BATCH-3238,MO-6748,RM-106,13-12-2025,3411
BATCH-3239,MO-5084,RM-33,2024-10-06,3141
BATCH-3240,MO-784,RM-78,2024-12-07,3332
BATCH-3241,MO-382,RM-26,2026-06-20,3170
BATCH-3242,MO-411,RM-112,2026-09-11,2346
BATCH-3243,MO-2611,RM-55,2025-01-26,2952
BATCH-3244,MO-6472,RM-107,2026-01-02,124
BATCH-3245,MO-4688,RM-83,10-01-2024,4752
BATCH-3246,MO-3410,RM-89,18-01-2024,3018
BATCH-3247,MO-6804,RM-21,2025-07-21,3986
BATCH-3248,MO-5171,RM-66,28-10-2025,1156
BATCH-3249,MO-4616,RM-72,08/21/2025,1352
BATCH-3250,MO-4400,RM-62,12/13/2026,250
BATCH-3251,MO-6131,RM-115,03/24/2026,3148
BATCH-3252,MO-3432,RM-91,02/24/2026,1285
BATCH-3253,MO-32,RM-2,2026-04-17,2221
BATCH-3254,MO-7009,RM-50,28-04-2025,2994
BATCH-3255,MO-4433,RM-16,2025-11-28,4683
BATCH-3256,MO-3912,RM-21,01/14/2024,594
BATCH-3257,MO-612,RM-10,02/07/2024,4791
BATCH-3258,MO-594,RM-63,08-10-2025,1836
BATCH-3259,MO-5446,RM-50,2026-11-27,2104
BATCH-3260,MO-1355,RM-98,09/09/2025,2352
BATCH-3261,MO-6232,RM-79,2025-06-15,3253
BATCH-3262,MO-3987,RM-34,11/07/2026,2714
BATCH-3263,MO-3672,RM-49,10/17/2026,1309
BATCH-3264,MO-1125,RM-69,2026-11-24,2692
BATCH-3265,MO-7972,RM-50,10/01/2025,2734
BATCH-3266,MO-5348,RM-64,2025-08-11,1993
BATCH-3267,MO-4232,RM-31,08/05/2024,1063
BATCH-3268,MO-4594,RM-24,2026-08-07,4233
BATCH-3269,MO-4159,RM-27,15-01-2024,542
BATCH-3270,MO-6909,RM-120,2024-07-28,1203
BATCH-3271,MO-4302,RM-91,04/06/2024,979
BATCH-3272,MO-1467,RM-62,2025-05-19,72
BATCH-3273,MO-7030,RM-110,05/03/2025,3052
BATCH-3274,MO-3992,RM-41,04-03-2026,121
BATCH-3275,MO-2550,RM-41,2026-05-02,4188
BATCH-3276,MO-1191,RM-118,2024-03-05,2750
BATCH-3277,MO-5832,RM-26,2026-04-03,1850
BATCH-3278,MO-4913,RM-21,2026-09-21,4606
BATCH-3279,MO-4932,RM-113,2026-08-24,3415
BATCH-3280,MO-5928,RM-37,07/23/2026,4495
BATCH-3281,MO-3765,RM-118,2025-01-17,3538
BATCH-3282,MO-4801,RM-67,12/17/2025,2965
BATCH-3283,MO-7781,RM-92,2024-11-08,573
BATCH-3284,MO-7542,RM-94,04-04-2025,1440
BATCH-3285,MO-6069,RM-27,2026-12-25,807
BATCH-3286,MO-1482,RM-22,2026-05-09,788
BATCH-3287,MO-4664,RM-30,11/17/2026,4216
BATCH-3288,MO-3537,RM-72,03/19/2026,391
BATCH-3289,MO-388,RM-104,2025-02-27,2282
BATCH-3290,MO-4047,RM-18,07-03-2024,3838
BATCH-3291,MO-6631,RM-79,2026-06-13,3999
BATCH-3292,MO-3151,RM-114,2025-03-16,3876
BATCH-3293,MO-5861,RM-24,11/19/2025,4290
BATCH-3294,MO-7559,RM-21,2025-09-09,3459
BATCH-3295,MO-903,RM-108,2024-01-27,3266
BATCH-3296,MO-2272,RM-115,19-06-2024,344
BATCH-3297,MO-3431,RM-59,12/23/2025,4190
BATCH-3298,MO-269,RM-9,2026-11-08,2172
BATCH-3299,MO-7620,RM-23,2025-02-23,1889
BATCH-3300,MO-6826,RM-44,2024-04-25,3035
BATCH-3301,MO-321,RM-78,2026-09-22,3926
BATCH-3302,MO-2743,RM-66,2025-11-20,945
BATCH-3303,MO-2545,RM-98,23-02-2024,3479
BATCH-3304,MO-6567,RM-13,2025-09-17,870
BATCH-3305,MO-7197,RM-8,2026-12-26,2992
BATCH-3306,MO-5050,RM-57,08/07/2024,1695
BATCH-3307,MO-6511,RM-68,2025-05-22,1208
BATCH-3308,MO-5920,RM-10,04-12-2025,1799
BATCH-3309,MO-5463,RM-26,11/01/2026,810
BATCH-3310,MO-6569,RM-84,2026-01-11,219
BATCH-3311,MO-1497,RM-24,05/10/2024,452
BATCH-3312,MO-7749,RM-40,2026-07-03,4129
BATCH-3313,MO-5214,RM-51,03-09-2026,4729
BATCH-3314,MO-6680,RM-50,02/18/2026,2585
BATCH-3315,MO-7820,RM-94,14-10-2025,809
BATCH-3316,MO-1367,RM-103,08-09-2025,3796
BATCH-3317,MO-3907,RM-19,04/08/2025,3920
BATCH-3318,MO-831,RM-87,09/15/2026,3550
BATCH-3319,MO-5207,RM-5,07/13/2024,563
BATCH-3320,MO-2271,RM-62,08/02/2024,782
BATCH-3321,MO-124,RM-84,2025-08-24,1388
BATCH-3322,MO-3692,RM-117,06/01/2024,2777
BATCH-3323,MO-4088,RM-117,2024-07-24,2452
BATCH-3324,MO-2423,RM-17,2024-07-08,2344
BATCH-3325,MO-7071,RM-75,2025-07-20,3287
BATCH-3326,MO-4036,RM-55,2026-11-05,220
BATCH-3327,MO-4637,RM-92,15-04-2024,4215
BATCH-3328,MO-7660,RM-41,02/01/2026,1332
BATCH-3329,MO-4935,RM-93,11/02/2025,3505
BATCH-3330,MO-1286,RM-33,2026-11-28,4696
BATCH-3331,MO-3940,RM-71,12/17/2026,217
BATCH-3332,MO-616,RM-88,23-12-2024,2975
BATCH-3333,MO-3197,RM-59,15-11-2026,1605
BATCH-3334,MO-3073,RM-1,05-02-2025,878
BATCH-3335,MO-3100,RM-89,09-12-2024,3748
BATCH-3336,MO-4539,RM-8,11-11-2026,233
BATCH-3337,MO-7474,RM-2,2025-09-09,3432
BATCH-3338,MO-5153,RM-82,05/28/2024,860
BATCH-3339,MO-3254,RM-8,2025-09-25,4763
BATCH-3340,MO-437,RM-59,05/16/2026,25
BATCH-3341,MO-1393,RM-101,2026-05-12,53
BATCH-3342,MO-849,RM-119,2026-03-07,2011
BATCH-3343,MO-5829,RM-96,2024-07-27,4629
BATCH-3344,MO-3965,RM-5,27-10-2024,2693
BATCH-3345,MO-789,RM-70,2024-07-19,2262
BATCH-3346,MO-4385,RM-40,2026-10-05,4756
BATCH-3347,MO-3183,RM-83,08/11/2026,1130
BATCH-3348,MO-7738,RM-28,02/28/2024,4744
BATCH-3349,MO-2631,RM-119,08/22/2024,1487
BATCH-3350,MO-5174,RM-34,16-08-2026,275
BATCH-3351,MO-1317,RM-13,02/15/2024,3312
BATCH-3352,MO-5977,RM-16,16-08-2026,1186
BATCH-3353,MO-7404,RM-74,10/09/2026,3163
BATCH-3354,MO-1589,RM-42,26-02-2026,98
BATCH-3355,MO-830,RM-43,06/26/2025,3232
BATCH-3356,MO-6647,RM-108,2026-03-22,1410
BATCH-3357,MO-5654,RM-54,07/08/2025,2166
BATCH-3358,MO-7272,RM-2,24-01-2025,1916
BATCH-3359,MO-445,RM-44,05/01/2026,3457
BATCH-3360,MO-5576,RM-35,06/22/2024,1826
BATCH-3361,MO-3794,RM-22,2024-01-21,1895
BATCH-3362,MO-7525,RM-58,14-12-2025,1880
BATCH-3363,MO-5381,RM-75,13-06-2024,2838
BATCH-3364,MO-862,RM-76,2024-09-18,3722
BATCH-3365,MO-3697,RM-58,01/02/2025,3144
BATCH-3366,MO-7963,RM-116,24-07-2026,3344
BATCH-3367,MO-1741,RM-55,2026-10-14,3369
BATCH-3368,MO-7218,RM-102,2024-11-15,657
BATCH-3369,MO-2241,RM-117,05/24/2024,2487
BATCH-3370,MO-3170,RM-48,2026-01-05,2306
BATCH-3371,MO-5203,RM-103,02-12-2025,4685
BATCH-3372,MO-7876,RM-86,2026-03-03,2603
BATCH-3373,MO-4967,RM-64,01-04-2025,3194
BATCH-3374,MO-6888,RM-85,2025-01-08,2007
BATCH-3375,MO-1161,RM-22,2025-05-04,785
BATCH-3376,MO-2234,RM-3,03/14/2026,4063
BATCH-3377,MO-141,RM-48,27-07-2026,3275
BATCH-3378,MO-5027,RM-60,23-01-2025,2590
BATCH-3379,MO-3636,RM-46,2024-04-08,2332
BATCH-3380,MO-3689,RM-91,2026-12-15,4674
BATCH-3381,MO-5141,RM-92,07/21/2024,4344
BATCH-3382,MO-1811,RM-12,2025-04-08,4593
BATCH-3383,MO-2164,RM-3,2026-06-04,3228
BATCH-3384,MO-6470,RM-27,22-07-2026,1521
BATCH-3385,MO-7640,RM-9,2025-11-25,2405
BATCH-3386,MO-642,RM-45,06-07-2025,2369
BATCH-3387,MO-3260,RM-50,2025-01-04,550
BATCH-3388,MO-3966,RM-34,2026-05-13,1876
BATCH-3389,MO-1701,RM-81,2025-01-25,2890
BATCH-3390,MO-6486,RM-88,08/07/2024,155
BATCH-3391,MO-3258,RM-53,2026-11-23,4184
BATCH-3392,MO-7995,RM-63,2024-02-18,186
BATCH-3393,MO-4606,RM-44,2026-01-11,625
BATCH-3394,MO-290,RM-45,23-10-2026,2416
BATCH-3395,MO-4836,RM-34,2026-10-17,368
BATCH-3396,MO-4340,RM-12,2025-01-17,557
BATCH-3397,MO-813,RM-18,2024-06-16,1697
BATCH-3398,MO-7544,RM-55,2026-04-28,3503
BATCH-3399,MO-6307,RM-43,06/04/2025,1021
BATCH-3400,MO-5308,RM-24,2026-06-07,477
BATCH-3401,MO-6580,RM-84,03/06/2025,693
BATCH-3402,MO-562,RM-25,2026-03-28,1683
BATCH-3403,MO-5903,RM-120,12-11-2024,50
BATCH-3404,MO-6815,RM-102,2024-08-14,2638
BATCH-3405,MO-7376,RM-53,2025-04-10,1650
BATCH-3406,MO-4335,RM-73,01/08/2025,346
BATCH-3407,MO-873,RM-86,2024-08-04,3183
BATCH-3408,MO-4966,RM-24,04-01-2026,4145
BATCH-3409,MO-7286,RM-99,11/20/2025,2337
BATCH-3410,MO-3876,RM-21,04/20/2025,1438
BATCH-3411,MO-6712,RM-28,2026-01-14,2857
BATCH-3412,MO-5739,RM-73,11/16/2024,2110
BATCH-3413,MO-7732,RM-115,2024-06-27,2597
BATCH-3414,MO-602,RM-77,12/11/2024,2689
BATCH-3415,MO-3502,RM-2,17-06-2025,647
BATCH-3416,MO-1423,RM-77,2025-07-16,2320
BATCH-3417,MO-1207,RM-113,02-09-2024,1229
BATCH-3418,MO-6994,RM-57,14-02-2024,696
BATCH-3419,MO-1708,RM-88,2025-03-13,1768
BATCH-3420,MO-1216,RM-35,2025-05-17,4775
BATCH-3421,MO-7339,RM-81,2025-02-12,120
BATCH-3422,MO-5656,RM-101,01-10-2026,2288
BATCH-3423,MO-2885,RM-104,2025-11-20,2797
BATCH-3424,MO-300,RM-106,04/03/2026,1711
BATCH-3425,MO-285,RM-67,05/09/2026,3593
BATCH-3426,MO-2185,RM-55,2026-12-17,1626
BATCH-3427,MO-5050,RM-90,02-11-2025,2468
BATCH-3428,MO-2652,RM-106,04/21/2025,4600
BATCH-3429,MO-7001,RM-109,06/01/2025,69
BATCH-3430,MO-5099,RM-17,04/22/2026,69
BATCH-3431,MO-5562,RM-76,01/03/2024,802
BATCH-3432,MO-6975,RM-100,2026-06-13,4655
BATCH-3433,MO-5871,RM-56,2025-05-04,1154
BATCH-3434,MO-1164,RM-80,09-06-2026,1842
BATCH-3435,MO-1021,RM-100,2024-05-24,1141
BATCH-3436,MO-2149,RM-74,05-02-2025,2821
BATCH-3437,MO-7810,RM-97,2026-10-17,3919
BATCH-3438,MO-6341,RM-35,2025-10-14,3758
BATCH-3439,MO-3845,RM-40,12/22/2024,3386
BATCH-3440,MO-2234,RM-117,10/13/2025,4100
BATCH-3441,MO-3237,RM-54,06-10-2024,1302
BATCH-3442,MO-1534,RM-111,2025-09-07,4711
BATCH-3443,MO-1924,RM-94,07/20/2025,4544
BATCH-3444,MO-924,RM-78,2026-05-06,4624
BATCH-3445,MO-6833,RM-74,2025-03-18,2912
BATCH-3446,MO-5228,RM-58,12/05/2024,4398
BATCH-3447,MO-2610,RM-40,2025-01-20,715
BATCH-3448,MO-3787,RM-35,2025-03-04,3481
BATCH-3449,MO-7519,RM-47,06/21/2024,1640
BATCH-3450,MO-5045,RM-108,2024-03-08,4660
BATCH-3451,MO-6310,RM-12,12/17/2026,2218
BATCH-3452,MO-199,RM-97,2026-03-24,3657
BATCH-3453,MO-4366,RM-108,2025-08-20,3270
BATCH-3454,MO-6942,RM-114,2026-08-05,4614
BATCH-3455,MO-713,RM-15,12-02-2025,3302
BATCH-3456,MO-228,RM-29,06/09/2025,2599
BATCH-3457,MO-5837,RM-29,04/21/2026,1145
BATCH-3458,MO-2117,RM-79,05-11-2025,1388
BATCH-3459,MO-2999,RM-89,2026-12-23,4704
BATCH-3460,MO-5615,RM-39,2024-03-06,801
BATCH-3461,MO-756,RM-70,21-08-2024,3756
BATCH-3462,MO-1363,RM-104,2025-04-05,2207
BATCH-3463,MO-1492,RM-45,2026-06-21,1314
BATCH-3464,MO-5363,RM-66,04/15/2026,4174
BATCH-3465,MO-2637,RM-111,05/04/2026,278
BATCH-3466,MO-3817,RM-50,2026-12-23,3534
BATCH-3467,MO-4768,RM-22,06/16/2025,1674
BATCH-3468,MO-5110,RM-50,2026-04-14,1812
BATCH-3469,MO-3466,RM-84,23-08-2026,4353
BATCH-3470,MO-3817,RM-7,10-07-2026,3601
BATCH-3471,MO-4490,RM-97,2025-02-20,3706
BATCH-3472,MO-3305,RM-97,2024-12-09,75
BATCH-3473,MO-2659,RM-87,2024-08-07,2289
BATCH-3474,MO-7172,RM-92,2024-08-17,4221
BATCH-3475,MO-2026,RM-98,09/14/2024,3296
BATCH-3476,MO-5805,RM-66,12/24/2026,279
BATCH-3477,MO-4193,RM-94,04-11-2024,4020
BATCH-3478,MO-7805,RM-19,2024-08-12,4635
BATCH-3479,MO-2637,RM-92,2025-11-11,4593
BATCH-3480,MO-3781,RM-36,2026-02-21,3017
BATCH-3481,MO-6052,RM-69,2024-09-12,937
BATCH-3482,MO-7936,RM-37,2025-06-11,2788
BATCH-3483,MO-7462,RM-77,2026-08-13,2096
BATCH-3484,MO-7592,RM-85,2024-10-12,881
BATCH-3485,MO-2676,RM-115,08/08/2025,3217
BATCH-3486,MO-4082,RM-55,03-06-2026,1535
BATCH-3487,MO-3389,RM-70,07-11-2024,4487
BATCH-3488,MO-4712,RM-23,2025-07-16,415
BATCH-3489,MO-7305,RM-54,2025-07-13,4639
BATCH-3490,MO-3836,RM-25,2026-08-07,677
BATCH-3491,MO-4803,RM-93,2024-09-22,3310
BATCH-3492,MO-7593,RM-117,2025-03-07,29
BATCH-3493,MO-5248,RM-47,08/26/2026,1532
BATCH-3494,MO-2779,RM-12,2024-12-09,3134
BATCH-3495,MO-5917,RM-94,02-06-2025,3678
BATCH-3496,MO-5926,RM-79,11/09/2025,2629
BATCH-3497,MO-854,RM-96,2025-10-02,4419
BATCH-3498,MO-3037,RM-49,01/18/2024,3942
BATCH-3499,MO-4584,RM-99,2024-09-20,284
BATCH-3500,MO-6097,RM-114,02-09-2025,2667
BATCH-3501,MO-177,RM-21,04/21/2024,3307
BATCH-3502,MO-7927,RM-117,2026-06-21,4698
BATCH-3503,MO-4720,RM-16,2026-10-06,2557
BATCH-3504,MO-7937,RM-85,21-07-2026,1672
BATCH-3505,MO-7703,RM-91,01/26/2024,3151
BATCH-3506,MO-526,RM-78,11-08-2026,4749
BATCH-3507,MO-4796,RM-4,2024-02-02,1281
BATCH-3508,MO-7766,RM-118,2024-06-08,269
BATCH-3509,MO-4083,RM-16,2024-09-25,389
BATCH-3510,MO-6899,RM-95,10/20/2024,341
BATCH-3511,MO-6143,RM-82,2024-07-05,886
BATCH-3512,MO-249,RM-20,07-02-2025,3537
BATCH-3513,MO-6797,RM-92,19-02-2024,3595
BATCH-3514,MO-1730,RM-36,18-07-2025,2918
BATCH-3515,MO-3470,RM-10,10/28/2024,813
BATCH-3516,MO-5335,RM-98,05/16/2026,4080
BATCH-3517,MO-6871,RM-26,2026-03-22,4769
BATCH-3518,MO-1376,RM-38,2026-12-18,4002
BATCH-3519,MO-7131,RM-50,2024-05-06,2615
BATCH-3520,MO-4918,RM-76,07/17/2025,2261
BATCH-3521,MO-3707,RM-41,2024-01-05,1848
BATCH-3522,MO-7724,RM-21,09/11/2025,1620
BATCH-3523,MO-5507,RM-114,2026-07-05,2856
BATCH-3524,MO-1749,RM-62,2026-10-25,2551
BATCH-3525,MO-7602,RM-53,06-06-2024,3729
BATCH-3526,MO-887,RM-106,02/27/2024,4088
BATCH-3527,MO-2551,RM-96,06/05/2026,4420
BATCH-3528,MO-611,RM-88,01/23/2025,2160
BATCH-3529,MO-5944,RM-7,2026-01-28,2466
BATCH-3530,MO-4551,RM-47,2025-02-22,1370
BATCH-3531,MO-2879,RM-111,2026-08-12,4321
BATCH-3532,MO-5400,RM-10,12-04-2026,2488
BATCH-3533,MO-2757,RM-77,2024-11-13,3497
BATCH-3534,MO-1612,RM-5,2024-04-05,65
BATCH-3535,MO-1889,RM-49,07/02/2025,4280
BATCH-3536,MO-5501,RM-51,2025-07-07,3219
BATCH-3537,MO-6150,RM-115,2024-08-16,1410
BATCH-3538,MO-351,RM-89,2025-10-07,902
BATCH-3539,MO-1218,RM-118,09/09/2024,3671
BATCH-3540,MO-5842,RM-52,2026-12-15,689
BATCH-3541,MO-1047,RM-62,12/13/2024,2127
BATCH-3542,MO-4197,RM-62,12-01-2024,1865
BATCH-3543,MO-2750,RM-47,2025-12-12,905
BATCH-3544,MO-6535,RM-106,2026-04-05,3242
BATCH-3545,MO-7430,RM-29,05/15/2024,3830
BATCH-3546,MO-326,RM-11,2024-08-23,4137
BATCH-3547,MO-6919,RM-28,10/24/2024,999
BATCH-3548,MO-6857,RM-9,2025-03-03,897
BATCH-3549,MO-536,RM-65,06/12/2026,512
BATCH-3550,MO-6384,RM-73,08/15/2024,1001
BATCH-3551,MO-2096,RM-48,2025-10-07,4634
BATCH-3552,MO-7214,RM-51,2025-05-08,3995
BATCH-3553,MO-5905,RM-93,07-08-2026,1808
BATCH-3554,MO-42,RM-59,2024-01-03,3409
BATCH-3555,MO-3023,RM-96,02/15/2026,1125
BATCH-3556,MO-4794,RM-107,2024-11-11,621
BATCH-3557,MO-4873,RM-52,2026-04-05,1538
BATCH-3558,MO-6645,RM-4,11-07-2025,4560
BATCH-3559,MO-6705,RM-57,2026-11-20,3164
BATCH-3560,MO-4767,RM-95,02/25/2025,4222
BATCH-3561,MO-6225,RM-21,2025-01-22,1021
BATCH-3562,MO-2082,RM-49,2025-07-10,378
BATCH-3563,MO-2536,RM-18,2024-10-04,2935
BATCH-3564,MO-6491,RM-114,10-12-2024,4695
BATCH-3565,MO-3167,RM-73,2024-03-06,444
BATCH-3566,MO-5509,RM-49,2026-04-18,3321
BATCH-3567,MO-4666,RM-22,2026-04-06,3858
BATCH-3568,MO-4960,RM-98,10/17/2026,99
BATCH-3569,MO-2190,RM-119,2024-07-16,4788
BATCH-3570,MO-2032,RM-59,26-01-2026,4698
BATCH-3571,MO-2863,RM-68,15-07-2024,3523
BATCH-3572,MO-1454,RM-22,2025-06-03,4735
BATCH-3573,MO-2381,RM-118,01/19/2025,1596
BATCH-3574,MO-3325,RM-104,11-09-2025,1738
BATCH-3575,MO-5676,RM-91,2025-03-28,3484
BATCH-3576,MO-2450,RM-46,2026-06-17,1633
BATCH-3577,MO-1626,RM-119,02/18/2025,2089
BATCH-3578,MO-6431,RM-115,09-05-2026,3805
BATCH-3579,MO-7575,RM-6,03/25/2024,4167
BATCH-3580,MO-2690,RM-38,08/19/2024,4094
BATCH-3581,MO-5922,RM-115,21-12-2025,2691
BATCH-3582,MO-1473,RM-75,2024-03-24,2937
BATCH-3583,MO-2606,RM-109,2026-07-10,3905
BATCH-3584,MO-319,RM-105,12/04/2025,770
BATCH-3585,MO-2764,RM-12,2024-06-03,940
BATCH-3586,MO-6310,RM-55,02/28/2026,4468
BATCH-3587,MO-6755,RM-5,26-02-2025,3160
BATCH-3588,MO-4158,RM-73,2025-07-06,4348
BATCH-3589,MO-5526,RM-91,22-05-2025,2002
BATCH-3590,MO-3379,RM-14,04/25/2024,858
BATCH-3591,MO-2219,RM-112,11-06-2025,4222
BATCH-3592,MO-1841,RM-24,2025-04-27,3059
BATCH-3593,MO-4358,RM-48,2025-10-22,694
BATCH-3594,MO-2144,RM-59,2024-02-17,4618
BATCH-3595,MO-2248,RM-47,2025-08-01,384
BATCH-3596,MO-7144,RM-57,03/23/2025,3057
BATCH-3597,MO-3712,RM-117,2026-06-24,1838
BATCH-3598,MO-2509,RM-11,2025-05-21,1790
BATCH-3599,MO-1919,RM-10,21-10-2024,2828
BATCH-3600,MO-2555,RM-68,04/26/2024,4141
BATCH-3601,MO-4171,RM-77,2026-10-07,3967
BATCH-3602,MO-6198,RM-41,06/22/2026,462
BATCH-3603,MO-7988,RM-77,06/20/2026,2913
BATCH-3604,MO-7195,RM-80,01/08/2025,3504
BATCH-3605,MO-3962,RM-46,2025-06-06,3689
BATCH-3606,MO-6374,RM-9,24-08-2024,1287
BATCH-3607,MO-634,RM-83,11-03-2026,1024
BATCH-3608,MO-3036,RM-25,2024-07-26,862
BATCH-3609,MO-5964,RM-32,12/23/2025,739
BATCH-3610,MO-7618,RM-29,11/27/2026,3388
BATCH-3611,MO-7438,RM-118,2024-08-26,179
BATCH-3612,MO-1201,RM-52,03/27/2026,843
BATCH-3613,MO-254,RM-26,11-10-2024,2805
BATCH-3614,MO-2816,RM-37,2024-08-28,655
BATCH-3615,MO-1763,RM-28,05/19/2025,1925
BATCH-3616,MO-176,RM-111,03/26/2024,2794
BATCH-3617,MO-784,RM-76,2025-07-13,1850
BATCH-3618,MO-62,RM-46,07/02/2026,4760
BATCH-3619,MO-184,RM-42,13-11-2025,1049
BATCH-3620,MO-6530,RM-83,07/06/2025,2561
BATCH-3621,MO-4135,RM-25,2025-06-18,2760
BATCH-3622,MO-867,RM-27,2024-02-24,793
BATCH-3623,MO-2696,RM-64,07/17/2025,900
BATCH-3624,MO-3556,RM-99,12/10/2024,959
BATCH-3625,MO-955,RM-29,03/04/2026,1197
BATCH-3626,MO-7238,RM-21,2024-04-28,464
BATCH-3627,MO-2403,RM-66,15-11-2025,2827
BATCH-3628,MO-4744,RM-67,2025-08-05,1782
BATCH-3629,MO-5652,RM-22,04/28/2026,2560
BATCH-3630,MO-2576,RM-12,04/10/2024,1252
BATCH-3631,MO-2560,RM-63,2026-07-21,1806
BATCH-3632,MO-7183,RM-68,2025-11-10,935
BATCH-3633,MO-2668,RM-104,11/06/2026,3246
BATCH-3634,MO-5101,RM-33,08/18/2026,4286
BATCH-3635,MO-6897,RM-10,2025-03-27,1727
BATCH-3636,MO-2217,RM-50,2025-07-03,2947
BATCH-3637,MO-4878,RM-92,2024-10-13,3442
BATCH-3638,MO-6673,RM-95,2025-12-12,2665
BATCH-3639,MO-2541,RM-9,2026-04-14,2977
BATCH-3640,MO-2289,RM-20,02-09-2025,22
BATCH-3641,MO-5466,RM-78,2026-10-27,3096
BATCH-3642,MO-1081,RM-51,2024-02-03,1801
BATCH-3643,MO-1356,RM-53,2025-11-10,2865
BATCH-3644,MO-69,RM-38,07/12/2024,789
BATCH-3645,MO-1326,RM-50,01/07/2026,3097
BATCH-3646,MO-95,RM-59,2026-02-21,479
BATCH-3647,MO-6448,RM-68,2024-01-10,948
BATCH-3648,MO-7304,RM-33,04/08/2024,929
BATCH-3649,MO-3027,RM-43,2025-10-20,1011
BATCH-3650,MO-4127,RM-28,2025-06-23,2619
BATCH-3651,MO-6198,RM-19,2024-02-03,2284
BATCH-3652,MO-402,RM-92,03-05-2024,4302
BATCH-3653,MO-971,RM-72,2026-09-23,1824
BATCH-3654,MO-4818,RM-48,2025-06-28,2080
BATCH-3655,MO-4666,RM-95,04/24/2026,1493
BATCH-3656,MO-203,RM-72,2024-06-07,1992
BATCH-3657,MO-5101,RM-85,2024-11-15,3967
BATCH-3658,MO-6368,RM-31,01/01/2025,3551
BATCH-3659,MO-5222,RM-101,2025-10-27,4537
BATCH-3660,MO-1800,RM-93,03/20/2024,4483
BATCH-3661,MO-3211,RM-39,2025-07-26,2533
BATCH-3662,MO-6322,RM-31,11/23/2025,2485
BATCH-3663,MO-1376,RM-45,2026-10-23,4735
BATCH-3664,MO-7379,RM-56,2025-10-04,957
BATCH-3665,MO-5397,RM-55,07/07/2024,4062
BATCH-3666,MO-5385,RM-116,06-05-2025,4069
BATCH-3667,MO-21,RM-59,2026-02-10,4577
BATCH-3668,MO-5921,RM-89,2025-01-06,2696
BATCH-3669,MO-5008,RM-22,2024-10-19,251
BATCH-3670,MO-6672,RM-114,2026-12-18,1809
BATCH-3671,MO-524,RM-75,2025-02-24,4539
BATCH-3672,MO-6617,RM-50,2026-01-01,1185
BATCH-3673,MO-4850,RM-51,2025-08-27,1057
BATCH-3674,MO-2682,RM-47,06/09/2026,135
BATCH-3675,MO-4582,RM-3,05/03/2024,913
BATCH-3676,MO-911,RM-117,2024-11-25,255
BATCH-3677,MO-7933,RM-64,19-04-2026,2487
BATCH-3678,MO-3136,RM-98,2025-06-26,2136
BATCH-3679,MO-556,RM-36,2024-12-19,39
BATCH-3680,MO-4830,RM-111,18-03-2024,1581
BATCH-3681,MO-6728,RM-114,11/07/2026,1201
BATCH-3682,MO-3160,RM-113,02/24/2026,553
BATCH-3683,MO-3078,RM-41,2025-04-12,3573
BATCH-3684,MO-3834,RM-90,18-08-2024,90
BATCH-3685,MO-2059,RM-42,2026-11-21,553
BATCH-3686,MO-6767,RM-103,2024-10-20,3181
BATCH-3687,MO-470,RM-56,2026-07-20,1803
BATCH-3688,MO-5411,RM-57,2024-09-25,2891
BATCH-3689,MO-1026,RM-42,2024-01-10,44
BATCH-3690,MO-2093,RM-116,09/03/2026,2181
BATCH-3691,MO-622,RM-31,2025-11-14,4125
BATCH-3692,MO-5162,RM-57,16-09-2026,3247
BATCH-3693,MO-7555,RM-47,11-10-2026,455
BATCH-3694,MO-5694,RM-39,2025-02-27,2834
BATCH-3695,MO-2761,RM-49,2025-04-21,1856
BATCH-3696,MO-4501,RM-21,2024-01-19,1678
BATCH-3697,MO-7135,RM-12,14-02-2026,42
BATCH-3698,MO-6168,RM-89,08/26/2025,2678
BATCH-3699,MO-5757,RM-57,01/12/2024,4066
BATCH-3700,MO-5789,RM-48,05/25/2024,2604
BATCH-3701,MO-2941,RM-70,04/19/2026,4744
BATCH-3702,MO-1809,RM-17,2024-08-26,1042
BATCH-3703,MO-6383,RM-32,07/18/2025,3008
BATCH-3704,MO-5803,RM-105,2024-06-08,3818
BATCH-3705,MO-937,RM-53,04/06/2024,1250
BATCH-3706,MO-1417,RM-53,2025-09-23,3279
BATCH-3707,MO-3042,RM-68,07/27/2024,3969
BATCH-3708,MO-2452,RM-72,2025-09-05,3325
BATCH-3709,MO-1633,RM-13,2026-10-05,3869
BATCH-3710,MO-95,RM-32,2025-05-05,2230
BATCH-3711,MO-4866,RM-58,2026-01-27,3293
BATCH-3712,MO-64,RM-110,2025-01-05,2122
BATCH-3713,MO-7196,RM-18,2025-11-12,3191
BATCH-3714,MO-5031,RM-76,09/09/2025,802
BATCH-3715,MO-6312,RM-112,03-10-2026,4554
BATCH-3716,MO-7017,RM-99,2024-11-28,1655
BATCH-3717,MO-3801,RM-23,23-02-2024,2397
BATCH-3718,MO-4676,RM-6,01-03-2024,2093
BATCH-3719,MO-5185,RM-102,09/22/2024,3239
BATCH-3720,MO-4194,RM-20,07-07-2026,2427
BATCH-3721,MO-4578,RM-32,04/06/2025,2252
BATCH-3722,MO-1601,RM-39,2024-04-22,1716
BATCH-3723,MO-7393,RM-53,03/10/2026,3016
BATCH-3724,MO-6653,RM-3,2024-12-26,1565
BATCH-3725,MO-2680,RM-79,2026-05-05,4609
BATCH-3726,MO-5467,RM-39,02/01/2025,2505
BATCH-3727,MO-4182,RM-51,2026-03-07,3926
BATCH-3728,MO-6778,RM-77,03-09-2024,1648
BATCH-3729,MO-2586,RM-88,2026-03-12,1380
BATCH-3730,MO-7136,RM-61,2024-12-23,1877
BATCH-3731,MO-766,RM-100,09/09/2026,3294
BATCH-3732,MO-259,RM-76,2026-01-28,1418
BATCH-3733,MO-3522,RM-100,2024-07-12,2216
BATCH-3734,MO-5628,RM-65,04/23/2024,1528
BATCH-3735,MO-5867,RM-6,2025-04-25,673
BATCH-3736,MO-4654,RM-36,06/25/2026,2617
BATCH-3737,MO-3114,RM-19,2024-02-15,1797
BATCH-3738,MO-7572,RM-68,2024-03-07,1632
BATCH-3739,MO-800,RM-22,2026-06-06,4600
BATCH-3740,MO-1754,RM-83,05/05/2025,1543
BATCH-3741,MO-3089,RM-56,08/22/2024,2314
BATCH-3742,MO-2163,RM-106,2024-07-04,4687
BATCH-3743,MO-5541,RM-73,08/17/2025,885
BATCH-3744,MO-2481,RM-64,2024-12-11,3601
BATCH-3745,MO-4012,RM-14,22-11-2025,646
BATCH-3746,MO-2027,RM-101,09/12/2024,541
BATCH-3747,MO-1477,RM-54,11-11-2026,2712
BATCH-3748,MO-7644,RM-26,2024-03-18,2297
BATCH-3749,MO-2927,RM-99,10-07-2026,1345
BATCH-3750,MO-1162,RM-80,11/26/2026,2924
BATCH-3751,MO-2752,RM-31,2024-11-23,4515
BATCH-3752,MO-1673,RM-64,2024-02-06,3287
BATCH-3753,MO-4053,RM-102,2026-12-07,632
BATCH-3754,MO-3827,RM-109,2026-08-16,2429
BATCH-3755,MO-3954,RM-61,18-03-2025,2760
BATCH-3756,MO-7817,RM-96,2026-08-14,3676
BATCH-3757,MO-1871,RM-10,2026-04-11,334
BATCH-3758,MO-7762,RM-50,2025-03-13,4609
BATCH-3759,MO-5544,RM-40,08/11/2024,1220
BATCH-3760,MO-7908,RM-32,04/16/2024,605
BATCH-3761,MO-7020,RM-86,2026-09-22,1428
BATCH-3762,MO-5395,RM-71,04/27/2024,3696
BATCH-3763,MO-3970,RM-8,2025-02-02,1481
BATCH-3764,MO-4379,RM-14,03-02-2026,2350
BATCH-3765,MO-1455,RM-30,07/26/2024,2176
BATCH-3766,MO-3472,RM-70,22-10-2026,1362
BATCH-3767,MO-3539,RM-17,2026-07-03,1583
BATCH-3768,MO-5120,RM-48,2024-02-13,2363
BATCH-3769,MO-1606,RM-111,24-06-2025,1907
BATCH-3770,MO-175,RM-88,11-10-2026,4612
BATCH-3771,MO-5202,RM-79,2024-09-04,3886
BATCH-3772,MO-3093,RM-38,2026-12-18,3720
BATCH-3773,MO-4151,RM-25,2024-07-11,2080
BATCH-3774,MO-4083,RM-11,2026-02-13,2788
BATCH-3775,MO-1752,RM-90,04/16/2026,482
BATCH-3776,MO-5124,RM-53,2024-09-24,3028
BATCH-3777,MO-2746,RM-47,2026-07-19,3894
BATCH-3778,MO-7921,RM-29,2024-09-13,3798
BATCH-3779,MO-2956,RM-32,2025-08-28,1676
BATCH-3780,MO-3647,RM-39,2026-11-05,3465
BATCH-3781,MO-4483,RM-19,2025-11-15,1144
BATCH-3782,MO-2122,RM-9,06/27/2024,1006
BATCH-3783,MO-7832,RM-109,06/24/2026,1791
BATCH-3784,MO-1733,RM-115,07/11/2025,243
BATCH-3785,MO-5619,RM-81,2025-06-08,787
BATCH-3786,MO-5277,RM-103,11/21/2024,2412
BATCH-3787,MO-3002,RM-100,07/05/2024,279
BATCH-3788,MO-7593,RM-78,07/06/2026,4319
BATCH-3789,MO-5309,RM-89,2024-09-11,754
BATCH-3790,MO-6478,RM-106,07/12/2024,2862
BATCH-3791,MO-2233,RM-2,2025-03-25,941
BATCH-3792,MO-7659,RM-61,2025-06-17,2749
BATCH-3793,MO-7520,RM-111,2025-05-18,3248
BATCH-3794,MO-6832,RM-108,2025-01-13,2926
BATCH-3795,MO-308,RM-19,03/22/2025,4191
BATCH-3796,MO-4510,RM-6,2024-02-17,1681
BATCH-3797,MO-7507,RM-17,2024-12-02,3021
BATCH-3798,MO-864,RM-1,05/06/2024,475
BATCH-3799,MO-1801,RM-49,2024-08-10,1889
BATCH-3800,MO-2031,RM-50,2026-06-28,3814
BATCH-3801,MO-3358,RM-4,2024-06-06,2946
BATCH-3802,MO-5796,RM-69,09/13/2025,4049
BATCH-3803,MO-1784,RM-53,2025-05-03,1266
BATCH-3804,MO-5605,RM-23,2026-11-13,3760
BATCH-3805,MO-7127,RM-17,2024-12-02,4013
BATCH-3806,MO-4419,RM-51,08/23/2025,450
BATCH-3807,MO-6316,RM-48,2026-04-04,2816
BATCH-3808,MO-738,RM-34,2024-09-04,2988
BATCH-3809,MO-625,RM-34,08/02/2024,4027
BATCH-3810,MO-5419,RM-10,04/07/2026,4111
BATCH-3811,MO-5432,RM-83,01/10/2024,3725
BATCH-3812,MO-4961,RM-57,2025-01-02,2697
BATCH-3813,MO-3247,RM-108,2024-10-18,2144
BATCH-3814,MO-5663,RM-36,25-09-2024,3122
BATCH-3815,MO-4360,RM-59,2026-07-25,1563
BATCH-3816,MO-2120,RM-28,09/27/2025,4240
BATCH-3817,MO-3895,RM-89,03/01/2026,4328
BATCH-3818,MO-5072,RM-29,10/11/2026,325
BATCH-3819,MO-6707,RM-67,2025-12-20,3394
BATCH-3820,MO-399,RM-104,2024-12-01,672
BATCH-3821,MO-790,RM-52,02/23/2024,936
BATCH-3822,MO-1640,RM-64,01/11/2025,2756
BATCH-3823,MO-7916,RM-71,2026-10-20,2922
BATCH-3824,MO-5166,RM-27,14-10-2024,3843
BATCH-3825,MO-586,RM-27,2025-06-17,2181
BATCH-3826,MO-7442,RM-12,12/06/2025,2023
BATCH-3827,MO-4126,RM-67,2025-05-22,4307
BATCH-3828,MO-2716,RM-30,06/06/2025,2802
BATCH-3829,MO-3516,RM-107,2025-06-10,3720
BATCH-3830,MO-6081,RM-25,2024-04-10,630
BATCH-3831,MO-3328,RM-5,07/17/2026,105
BATCH-3832,MO-6625,RM-103,2026-06-14,167
BATCH-3833,MO-4357,RM-115,10/19/2025,1673
BATCH-3834,MO-2810,RM-95,09/17/2024,1229
BATCH-3835,MO-887,RM-71,2024-07-15,4283
BATCH-3836,MO-5029,RM-54,06-06-2025,1069
BATCH-3837,MO-210,RM-115,12/21/2025,2390
BATCH-3838,MO-1070,RM-32,2025-04-12,1647
BATCH-3839,MO-6489,RM-80,2025-11-14,3840
BATCH-3840,MO-5389,RM-46,05/23/2024,617
BATCH-3841,MO-2477,RM-20,01/17/2026,2353
BATCH-3842,MO-5947,RM-41,08/17/2025,2699
BATCH-3843,MO-3036,RM-77,2025-05-15,2916
BATCH-3844,MO-2179,RM-62,2025-02-19,113
BATCH-3845,MO-6270,RM-114,2024-08-20,2431
BATCH-3846,MO-285,RM-88,2026-02-08,2154
BATCH-3847,MO-1083,RM-63,08-07-2024,2113
BATCH-3848,MO-1322,RM-30,2024-02-16,1524
BATCH-3849,MO-805,RM-54,2025-01-04,3290
BATCH-3850,MO-4472,RM-97,2026-12-13,4789
BATCH-3851,MO-4783,RM-54,2024-08-03,1376
BATCH-3852,MO-6292,RM-47,04/26/2025,3605
BATCH-3853,MO-7722,RM-113,15-10-2026,264
BATCH-3854,MO-1382,RM-6,09/24/2026,2616
BATCH-3855,MO-1524,RM-104,2024-02-09,4247
BATCH-3856,MO-4957,RM-115,2024-08-23,472
BATCH-3857,MO-154,RM-18,11/14/2026,1900
BATCH-3858,MO-6912,RM-50,2025-04-18,2136
BATCH-3859,MO-348,RM-45,2025-07-28,2010
BATCH-3860,MO-7337,RM-47,2025-05-01,3790
BATCH-3861,MO-4320,RM-50,2024-08-06,3789
BATCH-3862,MO-6709,RM-119,10-08-2026,1844
BATCH-3863,MO-4487,RM-49,10/21/2025,3727
BATCH-3864,MO-7623,RM-25,2025-05-08,2386
BATCH-3865,MO-1514,RM-3,2025-10-05,502
BATCH-3866,MO-3072,RM-101,2026-05-01,1924
BATCH-3867,MO-7189,RM-50,11/19/2026,627
BATCH-3868,MO-7364,RM-98,2025-07-14,4690
BATCH-3869,MO-89,RM-36,2025-03-18,1870
BATCH-3870,MO-1521,RM-54,25-09-2024,1063
BATCH-3871,MO-3275,RM-40,2026-05-05,1912
BATCH-3872,MO-1267,RM-73,05/23/2025,2363
BATCH-3873,MO-7352,RM-40,24-09-2025,2408
BATCH-3874,MO-3658,RM-90,2024-05-27,3907
BATCH-3875,MO-1706,RM-48,2026-07-17,2466
BATCH-3876,MO-5744,RM-101,22-05-2025,2182
BATCH-3877,MO-7764,RM-107,17-05-2024,3010
BATCH-3878,MO-6239,RM-107,2024-10-13,4240
BATCH-3879,MO-583,RM-35,2024-03-03,1196
BATCH-3880,MO-1776,RM-119,01/02/2024,1301
BATCH-3881,MO-1185,RM-30,05/06/2026,3668
BATCH-3882,MO-7436,RM-95,2026-07-28,3199
BATCH-3883,MO-916,RM-18,01/17/2025,731
BATCH-3884,MO-2278,RM-42,10-03-2026,1416
BATCH-3885,MO-818,RM-78,07/24/2026,3541
BATCH-3886,MO-2753,RM-98,2026-07-08,1706
BATCH-3887,MO-678,RM-58,12/03/2025,3238
BATCH-3888,MO-7096,RM-52,2026-01-11,3519
BATCH-3889,MO-2812,RM-37,2025-02-26,3912
BATCH-3890,MO-4528,RM-23,2025-05-05,1719
BATCH-3891,MO-7763,RM-7,21-03-2025,3629
BATCH-3892,MO-6778,RM-39,06/02/2025,4482
BATCH-3893,MO-7716,RM-77,09/06/2026,3535
BATCH-3894,MO-7373,RM-36,06/22/2025,2212
BATCH-3895,MO-6038,RM-120,26-03-2024,2675
BATCH-3896,MO-2770,RM-34,01-12-2026,2460
BATCH-3897,MO-5524,RM-92,03/28/2024,2920
BATCH-3898,MO-6701,RM-102,2025-12-19,3051
BATCH-3899,MO-227,RM-52,14-04-2025,3767
BATCH-3900,MO-7239,RM-13,06-06-2026,1632
BATCH-3901,MO-3473,RM-80,10/14/2026,3991
BATCH-3902,MO-2976,RM-56,04/16/2026,3373
BATCH-3903,MO-6289,RM-13,2025-09-12,4706
BATCH-3904,MO-2830,RM-28,12-10-2026,777
BATCH-3905,MO-7427,RM-59,2026-06-11,4540
BATCH-3906,MO-3400,RM-87,2025-05-23,4067
BATCH-3907,MO-6092,RM-116,09/23/2026,855
BATCH-3908,MO-601,RM-114,02/07/2024,1526
BATCH-3909,MO-7686,RM-62,2026-08-04,4090
BATCH-3910,MO-5716,RM-25,01/18/2024,3251
BATCH-3911,MO-1287,RM-95,05/23/2026,1076
BATCH-3912,MO-5159,RM-120,01/11/2025,3971
BATCH-3913,MO-6634,RM-87,2026-05-05,3932
BATCH-3914,MO-5853,RM-58,05/22/2024,1100
BATCH-3915,MO-7209,RM-14,2025-09-23,1172
BATCH-3916,MO-304,RM-2,2024-08-22,870
BATCH-3917,MO-650,RM-99,02/16/2024,3674
BATCH-3918,MO-434,RM-5,2025-10-21,2010
BATCH-3919,MO-101,RM-84,08-11-2024,4783
BATCH-3920,MO-4126,RM-103,26-09-2024,1099
BATCH-3921,MO-7721,RM-52,08/12/2024,4285
BATCH-3922,MO-2698,RM-44,04/27/2025,1514
BATCH-3923,MO-6095,RM-49,10/02/2025,1907
BATCH-3924,MO-5407,RM-57,2024-03-08,1337
BATCH-3925,MO-5820,RM-82,2024-09-14,479
BATCH-3926,MO-6274,RM-84,2024-05-14,2526
BATCH-3927,MO-1516,RM-84,2025-09-27,2607
BATCH-3928,MO-1350,RM-34,06/09/2026,2386
BATCH-3929,MO-741,RM-110,2026-08-28,1642
BATCH-3930,MO-4815,RM-44,2025-02-23,1958
BATCH-3931,MO-5598,RM-89,2025-10-17,4649
BATCH-3932,MO-103,RM-35,09/28/2025,4686
BATCH-3933,MO-4005,RM-63,10/05/2025,382
BATCH-3934,MO-1698,RM-119,2024-07-23,532
BATCH-3935,MO-7273,RM-12,2025-02-27,3293
BATCH-3936,MO-3033,RM-104,2025-01-04,1039
BATCH-3937,MO-7320,RM-53,2024-12-09,4252
BATCH-3938,MO-6545,RM-22,2024-06-26,336
BATCH-3939,MO-2599,RM-50,2025-10-22,1666
BATCH-3940,MO-6381,RM-31,12/19/2024,4653
BATCH-3941,MO-4184,RM-79,2024-12-01,2116
BATCH-3942,MO-5325,RM-26,2024-10-06,3463
BATCH-3943,MO-6768,RM-36,2024-11-08,3368
BATCH-3944,MO-3380,RM-56,2024-12-08,3868
BATCH-3945,MO-6537,RM-51,01/27/2024,1683
BATCH-3946,MO-4728,RM-93,2025-07-08,3210
BATCH-3947,MO-3938,RM-54,09/21/2025,475
BATCH-3948,MO-5416,RM-37,2024-09-12,2492
BATCH-3949,MO-2396,RM-116,12/13/2024,3247
BATCH-3950,MO-1832,RM-105,2026-05-23,4770
BATCH-3951,MO-3778,RM-16,01/09/2026,2170
BATCH-3952,MO-4840,RM-74,17-07-2025,1526
BATCH-3953,MO-3175,RM-16,2025-05-25,3040
BATCH-3954,MO-210,RM-41,2025-03-02,1739
BATCH-3955,MO-5623,RM-94,14-12-2025,1298
BATCH-3956,MO-2639,RM-3,2024-01-07,4725
BATCH-3957,MO-5639,RM-5,07/28/2026,247
BATCH-3958,MO-5459,RM-27,2025-10-22,94
BATCH-3959,MO-2961,RM-70,2025-04-07,3271
BATCH-3960,MO-7468,RM-78,2026-05-11,409
BATCH-3961,MO-5822,RM-105,10/02/2024,2359
BATCH-3962,MO-3501,RM-24,21-02-2026,382
BATCH-3963,MO-2366,RM-77,2024-10-22,3226
BATCH-3964,MO-5856,RM-93,07-09-2024,1045
BATCH-3965,MO-7276,RM-12,05/19/2024,899
BATCH-3966,MO-7803,RM-74,2024-06-05,3640
BATCH-3967,MO-7682,RM-19,09/28/2024,2930
BATCH-3968,MO-2667,RM-109,07-07-2025,2722
BATCH-3969,MO-3482,RM-20,2025-07-01,1177
BATCH-3970,MO-68,RM-91,2026-10-16,2904
BATCH-3971,MO-1754,RM-39,2025-05-02,1911
BATCH-3972,MO-1084,RM-106,06/13/2025,2353
BATCH-3973,MO-2112,RM-51,2025-11-13,2907
BATCH-3974,MO-177,RM-108,2025-12-05,1495
BATCH-3975,MO-6708,RM-56,04-09-2026,1969
BATCH-3976,MO-5318,RM-60,09/11/2024,1295
BATCH-3977,MO-5557,RM-37,03/18/2024,1640
BATCH-3978,MO-7124,RM-110,08-05-2026,681
BATCH-3979,MO-3479,RM-65,2024-07-07,4318
BATCH-3980,MO-4287,RM-118,2024-04-25,791
BATCH-3981,MO-2389,RM-6,2026-09-26,3621
BATCH-3982,MO-5814,RM-14,2026-02-02,4336
BATCH-3983,MO-7221,RM-50,11/14/2024,4057
BATCH-3984,MO-936,RM-89,26-06-2026,1762
BATCH-3985,MO-1617,RM-2,2024-03-24,1477
BATCH-3986,MO-6848,RM-104,2026-08-07,243
BATCH-3987,MO-3440,RM-7,03-02-2026,2647
BATCH-3988,MO-1058,RM-95,01-11-2025,1322
BATCH-3989,MO-6095,RM-27,2024-04-26,542
BATCH-3990,MO-753,RM-45,12-12-2024,226
BATCH-3991,MO-1471,RM-119,07/03/2025,2937
BATCH-3992,MO-2080,RM-9,2024-09-12,724
BATCH-3993,MO-5908,RM-76,23-12-2026,4451
BATCH-3994,MO-6440,RM-53,02/05/2025,2403
BATCH-3995,MO-6660,RM-46,03/10/2026,3244
BATCH-3996,MO-2480,RM-47,2024-07-20,2056
BATCH-3997,MO-5535,RM-67,2024-10-19,3437
BATCH-3998,MO-5486,RM-112,05/27/2024,4732
BATCH-3999,MO-1288,RM-72,2024-02-13,13
BATCH-4000,MO-3463,RM-3,2026-04-18,4233
BATCH-4001,MO-3480,RM-98,2024-08-20,1632
BATCH-4002,MO-4544,RM-94,2024-08-15,3034
BATCH-4003,MO-4930,RM-70,10/06/2026,2708
BATCH-4004,MO-7261,RM-69,2025-09-02,3758
BATCH-4005,MO-5187,RM-58,2025-08-09,1564
BATCH-4006,MO-7313,RM-26,05/27/2025,1201
BATCH-4007,MO-2398,RM-10,2026-09-11,3687
BATCH-4008,MO-2859,RM-111,06/13/2026,976
BATCH-4009,MO-7988,RM-119,2025-10-07,2367
BATCH-4010,MO-6432,RM-55,12/09/2025,174
BATCH-4011,MO-5460,RM-11,10/01/2025,3653
BATCH-4012,MO-2540,RM-89,21-11-2026,1958
BATCH-4013,MO-2069,RM-48,18-11-2024,4707
BATCH-4014,MO-2311,RM-9,05/18/2025,4518
BATCH-4015,MO-4333,RM-3,2025-03-07,1794
BATCH-4016,MO-6852,RM-31,06/18/2025,1047
BATCH-4017,MO-5997,RM-85,2025-10-17,4511
BATCH-4018,MO-6106,RM-9,12-12-2026,3758
BATCH-4019,MO-5861,RM-16,2025-04-07,2848
BATCH-4020,MO-4776,RM-107,2026-12-18,3759
BATCH-4021,MO-6553,RM-32,28-02-2024,1400
BATCH-4022,MO-2419,RM-115,02-08-2026,3445
BATCH-4023,MO-2146,RM-73,2024-05-27,1565
BATCH-4024,MO-749,RM-108,2025-01-27,3429
BATCH-4025,MO-50,RM-120,2026-12-13,154
BATCH-4026,MO-6223,RM-69,2026-01-02,4490
BATCH-4027,MO-3128,RM-6,2024-09-05,3793
BATCH-4028,MO-2856,RM-44,19-08-2024,2630
BATCH-4029,MO-2482,RM-67,2026-05-08,1917
BATCH-4030,MO-1526,RM-70,06/22/2025,505
BATCH-4031,MO-7542,RM-103,2025-12-21,222
BATCH-4032,MO-906,RM-95,2025-08-02,1939
BATCH-4033,MO-6346,RM-49,10/06/2026,2097
BATCH-4034,MO-6326,RM-11,11-01-2026,3523
BATCH-4035,MO-4029,RM-109,17-05-2024,1265
BATCH-4036,MO-2466,RM-17,01/06/2026,4444
BATCH-4037,MO-3613,RM-6,04/16/2024,3045
BATCH-4038,MO-4126,RM-96,08-02-2025,336
BATCH-4039,MO-3264,RM-90,2026-11-09,3218
BATCH-4040,MO-839,RM-27,01/09/2025,1683
BATCH-4041,MO-998,RM-2,08/25/2024,3529
BATCH-4042,MO-2980,RM-102,26-11-2025,1126
BATCH-4043,MO-2197,RM-18,11/16/2026,2226
BATCH-4044,MO-3317,RM-5,04/19/2026,4578
BATCH-4045,MO-4299,RM-64,15-09-2024,955
BATCH-4046,MO-4573,RM-66,22-06-2025,2564
BATCH-4047,MO-1969,RM-99,25-11-2024,3067
BATCH-4048,MO-4443,RM-96,2025-04-21,1499
BATCH-4049,MO-3865,RM-26,2026-11-15,1024
BATCH-4050,MO-6144,RM-69,03/08/2025,4458
BATCH-4051,MO-2624,RM-65,2024-07-16,3803
BATCH-4052,MO-1655,RM-46,2025-09-19,1951
BATCH-4053,MO-2137,RM-104,07-10-2024,4168
BATCH-4054,MO-7789,RM-42,10/03/2026,1501
BATCH-4055,MO-4412,RM-54,2024-05-10,2078
BATCH-4056,MO-6301,RM-85,2026-03-03,2406
BATCH-4057,MO-4832,RM-44,2026-12-11,4444
BATCH-4058,MO-1051,RM-83,12/06/2025,169
BATCH-4059,MO-1032,RM-67,12/04/2024,1257
BATCH-4060,MO-736,RM-49,10/14/2025,3756
BATCH-4061,MO-3853,RM-55,06-12-2024,3017
BATCH-4062,MO-7167,RM-69,2024-05-01,567
BATCH-4063,MO-959,RM-67,02/25/2026,4131
BATCH-4064,MO-6553,RM-45,2024-01-17,205
BATCH-4065,MO-1447,RM-111,04/14/2026,852
BATCH-4066,MO-3706,RM-85,2025-04-27,4234
BATCH-4067,MO-7463,RM-4,02/22/2024,512
BATCH-4068,MO-6272,RM-94,2026-10-20,2156
BATCH-4069,MO-21,RM-38,2024-02-21,4511
BATCH-4070,MO-7578,RM-83,2024-06-22,490
BATCH-4071,MO-6062,RM-46,2024-09-11,4117
BATCH-4072,MO-7595,RM-94,07/10/2026,1513
BATCH-4073,MO-2262,RM-10,10-08-2025,1629
BATCH-4074,MO-4086,RM-119,11/11/2024,909
BATCH-4075,MO-2020,RM-24,2025-12-06,3615
BATCH-4076,MO-500,RM-17,2025-09-08,751
BATCH-4077,MO-3933,RM-101,2024-07-28,1603
BATCH-4078,MO-75,RM-27,11/26/2026,4613
BATCH-4079,MO-7538,RM-109,2025-07-21,2152
BATCH-4080,MO-4202,RM-79,2026-03-04,420
BATCH-4081,MO-7131,RM-43,2026-10-28,3160
BATCH-4082,MO-1248,RM-85,14-10-2026,3012
BATCH-4083,MO-2464,RM-96,07/05/2025,2082
BATCH-4084,MO-1990,RM-84,2025-03-21,3129
BATCH-4085,MO-1939,RM-38,06-08-2024,1699
BATCH-4086,MO-2448,RM-86,2024-02-09,4371
BATCH-4087,MO-7201,RM-83,2025-10-27,2935
BATCH-4088,MO-142,RM-39,2024-05-07,3627
BATCH-4089,MO-4412,RM-65,07/11/2024,2551
BATCH-4090,MO-5199,RM-100,2024-06-11,2320
BATCH-4091,MO-4869,RM-102,08/19/2025,2728
BATCH-4092,MO-4479,RM-64,2025-11-20,3655
BATCH-4093,MO-4979,RM-80,2024-11-24,1454
BATCH-4094,MO-5199,RM-12,06/14/2026,660
BATCH-4095,MO-3616,RM-109,07/18/2024,4681
BATCH-4096,MO-6395,RM-96,2025-06-13,3639
BATCH-4097,MO-5564,RM-22,2024-12-22,1081
BATCH-4098,MO-7294,RM-36,04/28/2025,1159
BATCH-4099,MO-3116,RM-9,2025-11-18,2759
BATCH-4100,MO-4531,RM-43,2025-07-25,2717
BATCH-4101,MO-6557,RM-14,06-02-2026,702
BATCH-4102,MO-471,RM-89,2026-11-23,4497
BATCH-4103,MO-6975,RM-116,2026-02-15,4236
BATCH-4104,MO-5273,RM-30,2025-02-11,4470
BATCH-4105,MO-158,RM-61,06/06/2024,3896
BATCH-4106,MO-7058,RM-117,19-10-2026,4414
BATCH-4107,MO-942,RM-74,01-05-2024,3231
BATCH-4108,MO-6115,RM-15,2026-11-22,3123
BATCH-4109,MO-4181,RM-65,2026-04-20,182
BATCH-4110,MO-7732,RM-15,2024-03-19,3092
BATCH-4111,MO-734,RM-1,2025-04-16,942
BATCH-4112,MO-2095,RM-44,2026-04-06,4370
BATCH-4113,MO-7318,RM-28,06/03/2024,170
BATCH-4114,MO-1812,RM-86,27-10-2026,562
BATCH-4115,MO-1775,RM-53,2024-11-17,4283
BATCH-4116,MO-104,RM-114,2024-01-21,3378
BATCH-4117,MO-5529,RM-108,2024-04-23,419
BATCH-4118,MO-6969,RM-99,12/17/2025,3323
BATCH-4119,MO-465,RM-59,28-03-2026,1872
BATCH-4120,MO-6000,RM-52,08/14/2025,4554
BATCH-4121,MO-587,RM-16,01/15/2026,4216
BATCH-4122,MO-278,RM-85,2024-03-15,1663
BATCH-4123,MO-5904,RM-50,07/17/2026,1732
BATCH-4124,MO-3669,RM-48,2024-08-24,2921
BATCH-4125,MO-3200,RM-83,27-09-2024,330
BATCH-4126,MO-3500,RM-44,2025-10-12,1539
BATCH-4127,MO-2806,RM-16,08/16/2025,558
BATCH-4128,MO-720,RM-42,2024-10-24,1945
BATCH-4129,MO-3865,RM-62,10/19/2025,4413
BATCH-4130,MO-2118,RM-117,2024-10-04,1460
BATCH-4131,MO-7431,RM-91,24-04-2025,3593
BATCH-4132,MO-5258,RM-114,2024-09-28,85
BATCH-4133,MO-5592,RM-50,2026-08-15,887
BATCH-4134,MO-186,RM-30,21-09-2026,649
BATCH-4135,MO-5967,RM-70,2024-08-10,1844
BATCH-4136,MO-3498,RM-68,2026-12-26,1648
BATCH-4137,MO-2950,RM-74,08/19/2024,1327
BATCH-4138,MO-7265,RM-45,05-03-2025,47
BATCH-4139,MO-7992,RM-69,2024-01-12,799
BATCH-4140,MO-7190,RM-2,2025-01-10,2915
BATCH-4141,MO-6327,RM-10,2024-12-25,2860
BATCH-4142,MO-4566,RM-17,02/11/2025,3040
BATCH-4143,MO-7109,RM-69,21-04-2026,95
BATCH-4144,MO-6066,RM-25,06/14/2026,773
BATCH-4145,MO-1253,RM-79,01/24/2026,1791
BATCH-4146,MO-6803,RM-119,2024-03-26,530
BATCH-4147,MO-4507,RM-42,12/11/2026,964
BATCH-4148,MO-75,RM-57,01/19/2024,1022
BATCH-4149,MO-4992,RM-52,09-11-2024,1774
BATCH-4150,MO-79,RM-17,09/10/2024,1468
BATCH-4151,MO-1482,RM-82,2026-05-27,740
BATCH-4152,MO-1000,RM-45,2024-10-03,240
BATCH-4153,MO-6894,RM-75,05-12-2025,3827
BATCH-4154,MO-1904,RM-116,2025-04-05,2020
BATCH-4155,MO-6737,RM-44,2025-02-03,656
BATCH-4156,MO-5610,RM-2,05/15/2026,2120
BATCH-4157,MO-989,RM-3,2025-10-15,832
BATCH-4158,MO-4564,RM-64,06/24/2026,1846
BATCH-4159,MO-4386,RM-19,2025-11-06,3273
BATCH-4160,MO-6201,RM-48,2025-11-28,4757
BATCH-4161,MO-7425,RM-117,11/15/2024,4233
BATCH-4162,MO-4926,RM-13,2025-10-15,1452
BATCH-4163,MO-4763,RM-57,2026-12-13,4316
BATCH-4164,MO-4012,RM-56,16-08-2024,1815
BATCH-4165,MO-6048,RM-15,2024-07-09,3345
BATCH-4166,MO-6993,RM-36,14-01-2026,418
BATCH-4167,MO-144,RM-42,2026-05-25,3418
BATCH-4168,MO-3064,RM-119,2026-01-09,72
BATCH-4169,MO-7500,RM-106,01/05/2025,2227
BATCH-4170,MO-6455,RM-100,14-08-2024,3314
BATCH-4171,MO-1528,RM-51,10/07/2024,4535
BATCH-4172,MO-7359,RM-48,2025-10-04,2675
BATCH-4173,MO-3200,RM-81,2026-12-09,2433
BATCH-4174,MO-6667,RM-83,22-02-2025,3573
BATCH-4175,MO-7523,RM-78,2025-10-25,4441
BATCH-4176,MO-3981,RM-113,14-08-2025,4176
BATCH-4177,MO-317,RM-111,04/10/2024,642
BATCH-4178,MO-5397,RM-9,2026-04-08,4696
BATCH-4179,MO-525,RM-8,2025-02-25,2696
BATCH-4180,MO-4209,RM-74,2026-05-09,4005
BATCH-4181,MO-3250,RM-5,02/26/2024,3101
BATCH-4182,MO-2690,RM-30,2024-04-21,1432
BATCH-4183,MO-3917,RM-26,04/21/2026,917
BATCH-4184,MO-3732,RM-64,2025-08-04,948
BATCH-4185,MO-4709,RM-47,11/24/2024,3568
BATCH-4186,MO-1052,RM-74,2025-03-28,3463
BATCH-4187,MO-6926,RM-2,05/17/2026,2304
BATCH-4188,MO-581,RM-96,2026-10-06,3261
BATCH-4189,MO-2579,RM-13,19-12-2025,1943
BATCH-4190,MO-2673,RM-63,2026-11-02,2241
BATCH-4191,MO-7289,RM-112,2024-07-20,4588
BATCH-4192,MO-7662,RM-30,16-02-2025,4443
BATCH-4193,MO-7810,RM-62,11/10/2026,4568
BATCH-4194,MO-5368,RM-89,2024-08-19,3638
BATCH-4195,MO-1984,RM-88,2024-09-11,1120
BATCH-4196,MO-1548,RM-27,2024-08-15,2034
BATCH-4197,MO-7008,RM-21,09-06-2025,1830
BATCH-4198,MO-6219,RM-70,02/21/2025,593
BATCH-4199,MO-3968,RM-104,2024-01-13,4590
BATCH-4200,MO-3499,RM-54,2025-03-13,4435
BATCH-4201,MO-995,RM-7,07/19/2026,616
BATCH-4202,MO-1192,RM-61,10/12/2026,1017
BATCH-4203,MO-4606,RM-86,01/16/2026,4608
BATCH-4204,MO-7075,RM-16,2025-11-12,2373
BATCH-4205,MO-5147,RM-106,28-01-2026,1430
BATCH-4206,MO-4232,RM-29,2025-03-11,2356
BATCH-4207,MO-72,RM-62,2025-06-02,1043
BATCH-4208,MO-1821,RM-1,2025-01-17,4476
BATCH-4209,MO-5514,RM-114,10/19/2024,2189
BATCH-4210,MO-2170,RM-80,12/07/2026,2363
BATCH-4211,MO-1037,RM-101,03/17/2024,4029
BATCH-4212,MO-7752,RM-44,2025-03-24,3232
BATCH-4213,MO-3629,RM-31,20-02-2025,221
BATCH-4214,MO-7792,RM-46,06/04/2026,828
BATCH-4215,MO-5422,RM-120,2025-09-23,1492
BATCH-4216,MO-6270,RM-120,09/07/2025,3768
BATCH-4217,MO-6686,RM-83,2025-05-19,901
BATCH-4218,MO-4845,RM-21,2025-08-18,1537
BATCH-4219,MO-953,RM-85,2025-06-25,4534
BATCH-4220,MO-1939,RM-48,2026-04-27,4774
BATCH-4221,MO-2250,RM-72,2026-05-19,1337
BATCH-4222,MO-5669,RM-110,02/18/2024,3598
BATCH-4223,MO-6894,RM-98,10/08/2024,2895
BATCH-4224,MO-2831,RM-90,2025-08-23,3882
BATCH-4225,MO-6454,RM-85,2026-04-08,2019
BATCH-4226,MO-1710,RM-115,02/23/2024,4123
BATCH-4227,MO-6072,RM-5,2025-02-06,2281
BATCH-4228,MO-5956,RM-48,2024-01-06,435
BATCH-4229,MO-3257,RM-15,2026-06-11,2897
BATCH-4230,MO-4503,RM-62,06/08/2025,4453
BATCH-4231,MO-3974,RM-99,12/06/2025,748
BATCH-4232,MO-6619,RM-111,24-08-2024,2675
BATCH-4233,MO-6465,RM-112,2025-04-25,681
BATCH-4234,MO-391,RM-88,2026-02-07,366
BATCH-4235,MO-2261,RM-51,2024-02-12,3709
BATCH-4236,MO-7511,RM-106,2024-07-25,297
BATCH-4237,MO-821,RM-20,12/04/2024,829
BATCH-4238,MO-606,RM-112,09/26/2024,538
BATCH-4239,MO-4049,RM-10,2025-02-03,3401
BATCH-4240,MO-6729,RM-52,12/24/2025,3302
BATCH-4241,MO-3851,RM-50,23-01-2024,304
BATCH-4242,MO-2081,RM-108,2025-06-07,3088
BATCH-4243,MO-1171,RM-14,2024-05-19,3149
BATCH-4244,MO-4373,RM-41,2025-09-20,4787
BATCH-4245,MO-4016,RM-8,2025-03-23,697
BATCH-4246,MO-2820,RM-46,07/09/2025,3180
BATCH-4247,MO-2974,RM-43,2026-06-26,532
BATCH-4248,MO-1896,RM-29,2025-09-20,866
BATCH-4249,MO-4121,RM-4,09-08-2024,4354
BATCH-4250,MO-3397,RM-69,01-11-2026,1514
BATCH-4251,MO-5086,RM-108,2026-03-06,955
BATCH-4252,MO-6141,RM-5,2026-04-25,1582
BATCH-4253,MO-682,RM-1,2026-09-22,2257
BATCH-4254,MO-7142,RM-50,02/25/2025,2015
BATCH-4255,MO-5736,RM-89,10/13/2026,1726
BATCH-4256,MO-7461,RM-5,06-01-2025,257
BATCH-4257,MO-5436,RM-66,2026-10-20,95
BATCH-4258,MO-292,RM-57,2024-04-23,98
BATCH-4259,MO-1837,RM-107,2025-04-12,1072
BATCH-4260,MO-6283,RM-6,2024-11-21,1621
BATCH-4261,MO-5794,RM-93,2024-02-26,3014
BATCH-4262,MO-3246,RM-93,05/16/2024,586
BATCH-4263,MO-1955,RM-119,2025-03-20,204
BATCH-4264,MO-7181,RM-89,2024-03-23,2464
BATCH-4265,MO-3803,RM-103,2025-05-04,1227
BATCH-4266,MO-1068,RM-30,2024-01-08,4308
BATCH-4267,MO-6195,RM-57,2026-06-16,2684
BATCH-4268,MO-4214,RM-70,04-09-2025,4694
BATCH-4269,MO-4579,RM-70,2024-09-10,456
BATCH-4270,MO-2924,RM-60,2026-07-27,1300
BATCH-4271,MO-1413,RM-46,04-10-2026,4101
BATCH-4272,MO-3723,RM-56,2026-09-26,3332
BATCH-4273,MO-6177,RM-111,16-06-2026,954
BATCH-4274,MO-6258,RM-17,2024-01-18,3035
BATCH-4275,MO-6784,RM-14,09/06/2025,1193
BATCH-4276,MO-2653,RM-49,10/11/2024,2317
BATCH-4277,MO-210,RM-24,2025-06-21,2329
BATCH-4278,MO-3762,RM-31,2024-04-27,4335
BATCH-4279,MO-5497,RM-26,06/10/2025,2772
BATCH-4280,MO-3529,RM-37,2025-12-26,2219
BATCH-4281,MO-1994,RM-104,2025-03-01,4409
BATCH-4282,MO-1610,RM-59,2025-10-01,2706
BATCH-4283,MO-5859,RM-5,07-12-2024,3482
BATCH-4284,MO-2476,RM-104,2024-06-23,3338
BATCH-4285,MO-5486,RM-112,04-11-2025,1656
BATCH-4286,MO-1382,RM-22,05/11/2026,881
BATCH-4287,MO-3767,RM-43,04/08/2026,500
BATCH-4288,MO-1974,RM-64,2026-02-18,2517
BATCH-4289,MO-6002,RM-96,22-09-2024,3004
BATCH-4290,MO-1711,RM-64,02-08-2024,1975
BATCH-4291,MO-7277,RM-63,10/17/2026,778
BATCH-4292,MO-7539,RM-89,2026-08-14,3929
BATCH-4293,MO-7063,RM-106,05/04/2025,2006
BATCH-4294,MO-6432,RM-76,2026-01-16,2231
BATCH-4295,MO-2880,RM-42,2024-05-12,1067
BATCH-4296,MO-3960,RM-116,2024-03-22,133
BATCH-4297,MO-4314,RM-93,06/06/2025,1847
BATCH-4298,MO-1049,RM-55,07-01-2025,3347
BATCH-4299,MO-7577,RM-81,2025-05-26,1827
BATCH-4300,MO-2243,RM-110,11-11-2026,3973
BATCH-4301,MO-969,RM-40,2025-08-24,1528
BATCH-4302,MO-1103,RM-50,2026-04-21,400
BATCH-4303,MO-2184,RM-40,2026-12-12,819
BATCH-4304,MO-2207,RM-89,2024-05-19,909
BATCH-4305,MO-1999,RM-60,02/02/2024,551
BATCH-4306,MO-7233,RM-80,2025-03-10,399
BATCH-4307,MO-150,RM-87,2025-12-24,3989
BATCH-4308,MO-1953,RM-97,24-04-2026,4518
BATCH-4309,MO-7196,RM-23,17-09-2026,1050
BATCH-4310,MO-2175,RM-108,11-09-2026,4751
BATCH-4311,MO-1056,RM-29,04/13/2026,2815
BATCH-4312,MO-2926,RM-60,2024-08-26,1271
BATCH-4313,MO-7123,RM-35,2026-11-25,3017
BATCH-4314,MO-6575,RM-47,02/06/2026,41
BATCH-4315,MO-1537,RM-54,25-06-2024,1075
BATCH-4316,MO-4787,RM-117,2026-01-15,3637
BATCH-4317,MO-1327,RM-80,2024-04-15,242
BATCH-4318,MO-778,RM-109,2026-05-09,4095
BATCH-4319,MO-3309,RM-69,03/09/2026,3716
BATCH-4320,MO-4596,RM-114,08/18/2025,4635
BATCH-4321,MO-7588,RM-51,07/11/2026,285
BATCH-4322,MO-101,RM-20,2024-03-18,1188
BATCH-4323,MO-5273,RM-47,11/03/2025,542
BATCH-4324,MO-4560,RM-112,24-03-2026,2980
BATCH-4325,MO-2669,RM-77,2026-07-01,4367
BATCH-4326,MO-1345,RM-2,2024-02-01,2443
BATCH-4327,MO-7712,RM-95,2024-09-23,4564
BATCH-4328,MO-3461,RM-40,2025-02-12,680
BATCH-4329,MO-5548,RM-9,04/21/2024,4244
BATCH-4330,MO-5429,RM-82,16-10-2025,242
BATCH-4331,MO-4771,RM-82,04-07-2024,2562
BATCH-4332,MO-4862,RM-20,13-08-2025,3486
BATCH-4333,MO-540,RM-38,2025-05-27,2664
BATCH-4334,MO-5761,RM-49,2025-08-02,3044
BATCH-4335,MO-4149,RM-103,2026-02-11,640
BATCH-4336,MO-5267,RM-31,10-06-2024,2246
BATCH-4337,MO-3919,RM-115,2024-01-19,2281
BATCH-4338,MO-4605,RM-104,12/06/2026,3493
BATCH-4339,MO-4757,RM-102,2025-01-24,82
BATCH-4340,MO-4334,RM-99,03-12-2025,1953
BATCH-4341,MO-4629,RM-48,23-10-2026,3897
BATCH-4342,MO-3936,RM-107,2026-11-11,4200
BATCH-4343,MO-5757,RM-82,10/18/2024,3275
BATCH-4344,MO-5824,RM-73,07-08-2026,1464
BATCH-4345,MO-4861,RM-106,2025-07-04,4229
BATCH-4346,MO-485,RM-50,2025-06-21,2820
BATCH-4347,MO-7986,RM-25,2025-11-02,1673
BATCH-4348,MO-6981,RM-50,2025-12-03,3886
BATCH-4349,MO-4371,RM-57,2025-12-02,3507
BATCH-4350,MO-354,RM-61,22-08-2024,4517
BATCH-4351,MO-4865,RM-57,2025-07-26,4004
BATCH-4352,MO-6849,RM-53,2025-12-28,1761
BATCH-4353,MO-2654,RM-5,2026-03-06,973
BATCH-4354,MO-2814,RM-105,11/19/2026,978
BATCH-4355,MO-7576,RM-37,2026-08-05,250
BATCH-4356,MO-3778,RM-108,2024-06-14,217
BATCH-4357,MO-6816,RM-41,10/03/2024,1775
BATCH-4358,MO-5538,RM-57,2024-01-06,1814
BATCH-4359,MO-7008,RM-73,2024-03-03,3218
BATCH-4360,MO-1097,RM-53,06/23/2026,687
BATCH-4361,MO-3868,RM-65,08/24/2024,1755
BATCH-4362,MO-2659,RM-29,16-02-2024,1343
BATCH-4363,MO-329,RM-82,2025-04-10,958
BATCH-4364,MO-4699,RM-85,2024-08-21,4110
BATCH-4365,MO-6970,RM-90,01-06-2024,1737
BATCH-4366,MO-2579,RM-110,2026-03-10,3940
BATCH-4367,MO-5899,RM-50,10/21/2024,4132
BATCH-4368,MO-1882,RM-111,19-03-2024,58
BATCH-4369,MO-3651,RM-58,19-02-2026,172
BATCH-4370,MO-277,RM-61,2024-07-18,3959
BATCH-4371,MO-7133,RM-53,04/06/2025,4506
BATCH-4372,MO-4818,RM-58,2024-04-11,2626
BATCH-4373,MO-2279,RM-30,12/03/2025,4727
BATCH-4374,MO-3729,RM-47,2025-07-23,1511
BATCH-4375,MO-6140,RM-74,2025-01-07,366
BATCH-4376,MO-1406,RM-11,27-10-2026,2570
BATCH-4377,MO-314,RM-5,02/17/2025,4690
BATCH-4378,MO-4546,RM-91,2025-12-03,727
BATCH-4379,MO-5118,RM-87,2024-09-08,1620
BATCH-4380,MO-6252,RM-44,2025-11-27,73
BATCH-4381,MO-2932,RM-112,2025-05-15,2493
BATCH-4382,MO-4683,RM-78,2025-05-04,1202
BATCH-4383,MO-531,RM-43,12-01-2024,3730
BATCH-4384,MO-7852,RM-7,2026-06-14,389
BATCH-4385,MO-5127,RM-103,2026-08-10,4343
BATCH-4386,MO-3442,RM-39,2025-08-01,483
BATCH-4387,MO-3289,RM-14,02-12-2024,4051
BATCH-4388,MO-6663,RM-49,2024-09-25,3633
BATCH-4389,MO-7611,RM-45,08/06/2026,2963
BATCH-4390,MO-840,RM-78,2026-03-07,1442
BATCH-4391,MO-4761,RM-39,03/15/2025,4373
BATCH-4392,MO-6289,RM-45,04/03/2024,3476
BATCH-4393,MO-5180,RM-64,2025-07-23,354
BATCH-4394,MO-3219,RM-19,2024-03-23,2191
BATCH-4395,MO-766,RM-115,03/13/2025,4449
BATCH-4396,MO-6447,RM-28,2024-10-02,3134
BATCH-4397,MO-7161,RM-56,08/16/2026,1052
BATCH-4398,MO-3547,RM-107,2025-11-21,722
BATCH-4399,MO-2650,RM-67,13-02-2024,3263
BATCH-4400,MO-1566,RM-82,2024-04-21,3055
BATCH-4401,MO-6330,RM-50,25-06-2025,2104
BATCH-4402,MO-7640,RM-103,2026-01-15,312
BATCH-4403,MO-3576,RM-109,04-01-2024,2896
BATCH-4404,MO-3922,RM-43,2026-12-11,1142
BATCH-4405,MO-5313,RM-93,02/05/2024,330
BATCH-4406,MO-4525,RM-83,28-07-2025,2047
BATCH-4407,MO-809,RM-9,2025-08-17,3453
BATCH-4408,MO-7851,RM-51,07/09/2025,2438
BATCH-4409,MO-2324,RM-25,2026-04-14,1656
BATCH-4410,MO-5118,RM-84,01/14/2026,3478
BATCH-4411,MO-5048,RM-25,2024-07-26,1150
BATCH-4412,MO-3831,RM-67,12/28/2024,4353
BATCH-4413,MO-4273,RM-115,13-11-2024,2771
BATCH-4414,MO-4580,RM-68,2024-11-22,4134
BATCH-4415,MO-191,RM-66,2026-06-01,3734
BATCH-4416,MO-919,RM-117,2026-06-17,1389
BATCH-4417,MO-2606,RM-47,2024-05-24,3463
BATCH-4418,MO-563,RM-48,2026-04-15,2054
BATCH-4419,MO-4410,RM-21,07-01-2024,559
BATCH-4420,MO-4864,RM-29,2024-02-07,2302
BATCH-4421,MO-3697,RM-96,2026-03-27,967
BATCH-4422,MO-765,RM-49,05/19/2025,3261
BATCH-4423,MO-7621,RM-71,2026-04-01,828
BATCH-4424,MO-1899,RM-62,01/17/2024,2480
BATCH-4425,MO-1371,RM-70,2024-05-17,572
BATCH-4426,MO-1927,RM-118,04-11-2025,3615
BATCH-4427,MO-7488,RM-45,15-04-2026,865
BATCH-4428,MO-3722,RM-39,06-07-2024,1234
BATCH-4429,MO-2355,RM-111,23-05-2025,1594
BATCH-4430,MO-7249,RM-120,2025-05-24,1901
BATCH-4431,MO-6742,RM-93,06-03-2026,3702
BATCH-4432,MO-6294,RM-84,26-04-2024,2001
BATCH-4433,MO-4543,RM-65,05-10-2026,1823
BATCH-4434,MO-2172,RM-59,2026-07-21,3480
BATCH-4435,MO-1982,RM-120,02/23/2024,4724
BATCH-4436,MO-3724,RM-109,05/27/2026,3815
BATCH-4437,MO-57,RM-51,2025-04-04,1367
BATCH-4438,MO-6961,RM-83,09/18/2026,85
BATCH-4439,MO-3639,RM-4,2024-07-28,655
BATCH-4440,MO-1011,RM-72,04/05/2024,2870
BATCH-4441,MO-4844,RM-86,11/12/2024,4395
BATCH-4442,MO-747,RM-81,2026-10-10,630
BATCH-4443,MO-1441,RM-62,2024-02-11,2901
BATCH-4444,MO-1391,RM-57,2025-03-16,1662
BATCH-4445,MO-3929,RM-101,11/04/2026,1767
BATCH-4446,MO-799,RM-74,10-12-2025,4625
BATCH-4447,MO-331,RM-48,2026-12-06,1693
BATCH-4448,MO-7196,RM-60,2024-04-02,733
BATCH-4449,MO-30,RM-68,09/05/2026,1413
BATCH-4450,MO-6306,RM-101,2024-02-18,4347
BATCH-4451,MO-3195,RM-79,2025-02-19,1215
BATCH-4452,MO-6701,RM-27,2026-06-11,1168
BATCH-4453,MO-7121,RM-25,01-01-2026,2841
BATCH-4454,MO-532,RM-68,08/12/2025,165
BATCH-4455,MO-4355,RM-108,2025-11-20,855
BATCH-4456,MO-2293,RM-105,23-10-2025,189
BATCH-4457,MO-6375,RM-93,2024-08-15,2663
BATCH-4458,MO-5134,RM-119,2024-03-19,259
BATCH-4459,MO-4172,RM-14,2026-09-07,1360
BATCH-4460,MO-5172,RM-97,2024-11-20,2131
BATCH-4461,MO-2173,RM-79,01/18/2025,1810
BATCH-4462,MO-2444,RM-4,05/21/2025,3653
BATCH-4463,MO-5930,RM-10,04-10-2026,4396
BATCH-4464,MO-1343,RM-49,2025-02-04,3437
BATCH-4465,MO-541,RM-120,04/24/2025,2528
BATCH-4466,MO-7466,RM-32,01-08-2025,1642
BATCH-4467,MO-3819,RM-114,07-07-2024,2232
BATCH-4468,MO-2728,RM-112,2026-03-14,3970
BATCH-4469,MO-1770,RM-72,2026-05-22,3303
BATCH-4470,MO-5528,RM-100,2026-10-18,588
BATCH-4471,MO-7088,RM-113,06-11-2024,3187
BATCH-4472,MO-1112,RM-12,05/03/2025,3981
BATCH-4473,MO-5003,RM-101,2026-03-25,334
BATCH-4474,MO-1665,RM-74,2025-11-19,4265
BATCH-4475,MO-1632,RM-102,14-03-2025,1907
BATCH-4476,MO-7000,RM-1,08/21/2024,4653
BATCH-4477,MO-7951,RM-11,2024-01-19,37
BATCH-4478,MO-1976,RM-108,08-11-2026,2517
BATCH-4479,MO-5338,RM-79,2025-11-07,4456
BATCH-4480,MO-5281,RM-16,24-03-2026,3605
BATCH-4481,MO-5064,RM-42,2025-05-17,4295
BATCH-4482,MO-5232,RM-25,06/09/2025,4287
BATCH-4483,MO-3292,RM-103,2025-03-13,2563
BATCH-4484,MO-4088,RM-35,01-07-2024,555
BATCH-4485,MO-5282,RM-22,2024-02-16,1820
BATCH-4486,MO-900,RM-44,10/11/2024,2774
BATCH-4487,MO-2575,RM-119,01/19/2024,4126
BATCH-4488,MO-1575,RM-6,2024-03-15,1475
BATCH-4489,MO-6984,RM-22,27-12-2025,2761
BATCH-4490,MO-986,RM-10,2026-11-21,4250
BATCH-4491,MO-7835,RM-43,06/06/2024,4741
BATCH-4492,MO-7668,RM-113,08/11/2024,1766
BATCH-4493,MO-3019,RM-61,07/27/2026,3664
BATCH-4494,MO-1395,RM-76,01-06-2025,4080
BATCH-4495,MO-7506,RM-61,06/01/2025,4276
BATCH-4496,MO-2845,RM-8,03/11/2024,3494
BATCH-4497,MO-4008,RM-12,2024-04-07,749
BATCH-4498,MO-6739,RM-107,2026-11-16,4180
BATCH-4499,MO-2946,RM-40,2025-09-25,3067
BATCH-4500,MO-4635,RM-21,2024-09-04,4086
BATCH-4501,MO-3178,RM-18,04/02/2024,1110
BATCH-4502,MO-7208,RM-111,2025-08-27,4312
BATCH-4503,MO-2468,RM-69,2026-05-25,3203
BATCH-4504,MO-7775,RM-22,04/07/2024,730
BATCH-4505,MO-6222,RM-112,2026-04-02,3127
BATCH-4506,MO-3452,RM-93,2024-05-21,2249
BATCH-4507,MO-308,RM-99,2025-11-11,4608
BATCH-4508,MO-6549,RM-5,2024-05-10,4531
BATCH-4509,MO-434,RM-100,19-06-2026,358
BATCH-4510,MO-499,RM-117,11/01/2026,4504
BATCH-4511,MO-3575,RM-95,2025-01-21,1758
BATCH-4512,MO-2763,RM-1,2026-01-20,4037
BATCH-4513,MO-1246,RM-38,09/26/2024,4354
BATCH-4514,MO-1841,RM-92,2025-03-03,142
BATCH-4515,MO-4541,RM-97,2024-10-14,3555
BATCH-4516,MO-1892,RM-104,2024-02-20,628
BATCH-4517,MO-3896,RM-11,26-06-2024,4764
BATCH-4518,MO-1604,RM-6,25-01-2025,412
BATCH-4519,MO-4787,RM-55,2026-11-24,2678
BATCH-4520,MO-2677,RM-89,2026-03-10,1002
BATCH-4521,MO-2948,RM-54,2026-01-22,2375
BATCH-4522,MO-7755,RM-52,2026-01-19,1753
BATCH-4523,MO-178,RM-59,10/06/2026,4430
BATCH-4524,MO-4249,RM-26,2025-07-19,2705
BATCH-4525,MO-4331,RM-54,02/05/2024,3317
BATCH-4526,MO-1639,RM-8,01-02-2024,791
BATCH-4527,MO-226,RM-118,2024-05-25,4156
BATCH-4528,MO-6700,RM-78,2025-05-07,3571
BATCH-4529,MO-400,RM-55,10/10/2026,2520
BATCH-4530,MO-6197,RM-9,2024-09-25,1978
BATCH-4531,MO-6300,RM-59,04/06/2024,4021
BATCH-4532,MO-6102,RM-18,2024-06-19,1833
BATCH-4533,MO-780,RM-8,2025-11-06,1507
BATCH-4534,MO-3967,RM-15,12/14/2026,4790
BATCH-4535,MO-6074,RM-101,01/05/2024,1363
BATCH-4536,MO-2913,RM-28,27-10-2025,1484
BATCH-4537,MO-1338,RM-118,12/27/2024,1174
BATCH-4538,MO-2582,RM-69,2026-07-13,2150
BATCH-4539,MO-2294,RM-8,08/11/2025,4033
BATCH-4540,MO-2035,RM-94,2024-01-28,309
BATCH-4541,MO-389,RM-5,06/28/2026,87
BATCH-4542,MO-6324,RM-27,03/18/2026,2035
BATCH-4543,MO-7643,RM-69,2026-07-15,4003
BATCH-4544,MO-4667,RM-25,06-01-2026,2759
BATCH-4545,MO-3879,RM-66,01/11/2024,7
BATCH-4546,MO-3724,RM-58,08-06-2025,3272
BATCH-4547,MO-3554,RM-77,2025-10-26,4735
BATCH-4548,MO-4174,RM-91,2026-10-26,3167
BATCH-4549,MO-6766,RM-85,2024-04-21,1365
BATCH-4550,MO-4187,RM-7,2026-01-07,4708
BATCH-4551,MO-2316,RM-78,23-02-2024,2568
BATCH-4552,MO-3883,RM-95,2024-11-13,4629
BATCH-4553,MO-5836,RM-115,21-03-2026,4278
BATCH-4554,MO-4583,RM-43,2026-10-03,2039
BATCH-4555,MO-4964,RM-37,2026-05-09,4670
BATCH-4556,MO-7519,RM-50,03/23/2025,1312
BATCH-4557,MO-3735,RM-29,2024-02-27,1420
BATCH-4558,MO-5100,RM-5,17-03-2025,166
BATCH-4559,MO-7047,RM-111,2024-02-10,3735
BATCH-4560,MO-7550,RM-54,2024-05-25,3244
BATCH-4561,MO-4923,RM-103,2026-03-14,4052
BATCH-4562,MO-6891,RM-119,10/05/2026,1181
BATCH-4563,MO-561,RM-108,2026-05-22,1373
BATCH-4564,MO-6967,RM-87,2024-10-22,4019
BATCH-4565,MO-7351,RM-33,12/08/2024,778
BATCH-4566,MO-2771,RM-86,11/09/2024,2909
BATCH-4567,MO-2953,RM-79,16-07-2025,2633
BATCH-4568,MO-633,RM-115,24-12-2024,3131
BATCH-4569,MO-3308,RM-66,12-09-2024,4079
BATCH-4570,MO-49,RM-12,2026-01-01,2822
BATCH-4571,MO-5165,RM-103,07-01-2025,2190
BATCH-4572,MO-1126,RM-30,02/12/2026,3422
BATCH-4573,MO-5115,RM-18,2026-04-20,2800
BATCH-4574,MO-7279,RM-78,2026-04-21,3709
BATCH-4575,MO-3048,RM-6,01/17/2026,525
BATCH-4576,MO-152,RM-7,05/07/2024,2463
BATCH-4577,MO-5830,RM-96,08/15/2025,3170
BATCH-4578,MO-4132,RM-92,27-10-2026,861
BATCH-4579,MO-1319,RM-49,2025-09-20,3928
BATCH-4580,MO-1275,RM-42,08/16/2025,2006
BATCH-4581,MO-1651,RM-40,01/20/2024,2782
BATCH-4582,MO-5485,RM-91,03/21/2026,4580
BATCH-4583,MO-2058,RM-40,2025-02-04,1612
BATCH-4584,MO-6162,RM-65,2025-10-19,4009
BATCH-4585,MO-7739,RM-25,04/21/2025,2506
BATCH-4586,MO-4255,RM-61,2024-12-12,3332
BATCH-4587,MO-3355,RM-8,2026-04-06,2091
BATCH-4588,MO-618,RM-52,06/06/2024,4732
BATCH-4589,MO-5600,RM-93,2024-02-20,2480
BATCH-4590,MO-7903,RM-11,10-12-2024,2817
BATCH-4591,MO-4922,RM-47,10/26/2025,2940
BATCH-4592,MO-2102,RM-66,08/26/2026,1559
BATCH-4593,MO-1409,RM-83,2026-06-14,4167
BATCH-4594,MO-7854,RM-61,2026-05-01,4641
BATCH-4595,MO-2437,RM-64,09/24/2025,4150
BATCH-4596,MO-7734,RM-22,06/11/2026,1650
BATCH-4597,MO-323,RM-17,16-08-2024,2888
BATCH-4598,MO-807,RM-5,2024-08-05,1011
BATCH-4599,MO-4563,RM-110,03-11-2024,3137
BATCH-4600,MO-4439,RM-115,11-06-2026,1347
BATCH-4601,MO-5684,RM-119,04/20/2026,1148
BATCH-4602,MO-15,RM-70,07/22/2026,850
BATCH-4603,MO-2414,RM-105,2024-05-25,4755
BATCH-4604,MO-577,RM-103,08/19/2025,726
BATCH-4605,MO-1689,RM-87,03/27/2024,2643
BATCH-4606,MO-4058,RM-96,2024-12-24,367
BATCH-4607,MO-4319,RM-63,2026-11-12,4356
BATCH-4608,MO-4913,RM-77,03/05/2026,3160
BATCH-4609,MO-4208,RM-25,26-04-2024,1867
BATCH-4610,MO-5953,RM-113,2025-07-28,3203
BATCH-4611,MO-6018,RM-55,08/13/2025,4428
BATCH-4612,MO-2832,RM-71,2025-03-03,1221
BATCH-4613,MO-5122,RM-57,2024-11-19,3566
BATCH-4614,MO-1740,RM-45,2025-05-16,1812
BATCH-4615,MO-3341,RM-2,09/13/2026,2917
BATCH-4616,MO-7807,RM-95,06/22/2026,2874
BATCH-4617,MO-4243,RM-66,13-01-2024,3740
BATCH-4618,MO-3978,RM-70,12/27/2026,3821
BATCH-4619,MO-4863,RM-21,2026-03-09,1116
BATCH-4620,MO-4027,RM-24,2025-11-04,1927
BATCH-4621,MO-2356,RM-21,2024-12-27,2777
BATCH-4622,MO-6650,RM-11,2026-04-02,1305
BATCH-4623,MO-3507,RM-35,2026-11-01,2565
BATCH-4624,MO-7087,RM-22,14-03-2025,2689
BATCH-4625,MO-6695,RM-54,2025-06-18,3082
BATCH-4626,MO-767,RM-74,11/07/2024,51
BATCH-4627,MO-2971,RM-11,2025-04-24,2622
BATCH-4628,MO-3561,RM-72,2024-10-03,3668
BATCH-4629,MO-2259,RM-15,06/25/2025,2052
BATCH-4630,MO-3102,RM-54,12/09/2024,2893
BATCH-4631,MO-1310,RM-92,2024-08-03,2114
BATCH-4632,MO-5344,RM-81,2026-02-10,1282
BATCH-4633,MO-5122,RM-4,2025-02-04,2890
BATCH-4634,MO-3348,RM-95,2024-02-28,1476
BATCH-4635,MO-3081,RM-102,02-09-2024,2587
BATCH-4636,MO-6333,RM-30,20-12-2024,4211
BATCH-4637,MO-47,RM-61,2025-02-22,4515
BATCH-4638,MO-7902,RM-12,2024-11-10,1082
BATCH-4639,MO-5666,RM-61,06/08/2025,4592
BATCH-4640,MO-7696,RM-15,2025-03-11,4356
BATCH-4641,MO-2618,RM-103,2024-10-18,945
BATCH-4642,MO-2582,RM-114,13-09-2025,1013
BATCH-4643,MO-886,RM-111,07-08-2025,3619
BATCH-4644,MO-6812,RM-48,2025-01-12,2100
BATCH-4645,MO-908,RM-55,2024-01-10,3442
BATCH-4646,MO-493,RM-71,2024-07-07,388
BATCH-4647,MO-3754,RM-69,2025-06-19,1402
BATCH-4648,MO-6993,RM-78,10/04/2026,4754
BATCH-4649,MO-1349,RM-95,03/24/2024,3297
BATCH-4650,MO-6693,RM-50,2025-11-24,1531
BATCH-4651,MO-2978,RM-34,21-09-2024,3441
BATCH-4652,MO-4455,RM-8,2026-07-27,480
BATCH-4653,MO-3071,RM-103,2026-03-03,1150
BATCH-4654,MO-2985,RM-64,2024-06-02,4466
BATCH-4655,MO-5604,RM-120,04-02-2024,1804
BATCH-4656,MO-754,RM-103,22-01-2025,535
BATCH-4657,MO-6943,RM-120,04/01/2024,2702
BATCH-4658,MO-5585,RM-68,2024-04-28,779
BATCH-4659,MO-5182,RM-32,12/23/2024,2664
BATCH-4660,MO-6040,RM-80,2024-10-13,3449
BATCH-4661,MO-7188,RM-117,01/07/2026,3669
BATCH-4662,MO-4473,RM-37,08/04/2024,1694
BATCH-4663,MO-5946,RM-77,22-03-2024,2625
BATCH-4664,MO-3520,RM-20,2025-03-20,155
BATCH-4665,MO-1179,RM-2,19-03-2024,4020
BATCH-4666,MO-5366,RM-22,16-04-2026,238
BATCH-4667,MO-3420,RM-115,2026-08-27,74
BATCH-4668,MO-3735,RM-71,05/24/2024,746
BATCH-4669,MO-905,RM-6,2025-06-23,1565
BATCH-4670,MO-671,RM-79,01/16/2025,4433
BATCH-4671,MO-3779,RM-44,04/04/2026,3390
BATCH-4672,MO-1297,RM-109,2024-09-03,3258
BATCH-4673,MO-4839,RM-52,2025-03-22,3895
BATCH-4674,MO-4306,RM-33,2025-04-19,2489
BATCH-4675,MO-6902,RM-69,2026-11-15,4302
BATCH-4676,MO-1880,RM-108,01/12/2025,3672
BATCH-4677,MO-2404,RM-73,2024-09-18,1910
BATCH-4678,MO-4843,RM-22,2026-07-09,1378
BATCH-4679,MO-5410,RM-67,05/19/2025,2081
BATCH-4680,MO-650,RM-13,2026-01-25,4629
BATCH-4681,MO-357,RM-35,2026-05-13,1474
BATCH-4682,MO-5296,RM-40,16-04-2025,4616
BATCH-4683,MO-1930,RM-4,11/11/2024,1897
BATCH-4684,MO-5205,RM-44,2025-08-27,2574
BATCH-4685,MO-3753,RM-41,2025-04-12,2609
BATCH-4686,MO-6756,RM-45,01/10/2026,3186
BATCH-4687,MO-3902,RM-30,06/09/2025,1271
BATCH-4688,MO-7723,RM-2,2025-07-04,88
BATCH-4689,MO-5466,RM-91,2026-10-26,2087
BATCH-4690,MO-900,RM-78,2024-09-22,2217
BATCH-4691,MO-6535,RM-21,05/23/2025,4524
BATCH-4692,MO-2452,RM-67,2026-07-20,3065
BATCH-4693,MO-5692,RM-17,05/17/2025,3127
BATCH-4694,MO-3511,RM-101,2025-06-24,4543
BATCH-4695,MO-5455,RM-73,2026-08-04,2449
BATCH-4696,MO-4399,RM-79,10/18/2026,591
BATCH-4697,MO-2112,RM-21,2024-02-28,1302
BATCH-4698,MO-6039,RM-69,05/12/2025,4306
BATCH-4699,MO-7481,RM-52,20-06-2024,1866
BATCH-4700,MO-5670,RM-91,09/13/2024,3476
BATCH-4701,MO-3857,RM-25,19-12-2024,1373
BATCH-4702,MO-172,RM-48,2026-12-03,4347
BATCH-4703,MO-1023,RM-101,2025-10-21,4787
BATCH-4704,MO-7061,RM-113,07/04/2025,582
BATCH-4705,MO-2351,RM-90,01/12/2024,3254
BATCH-4706,MO-929,RM-17,2024-04-19,4564
BATCH-4707,MO-7652,RM-37,05/12/2025,4369
BATCH-4708,MO-1798,RM-50,2026-11-09,4746
BATCH-4709,MO-1414,RM-91,2024-10-08,4385
BATCH-4710,MO-7732,RM-115,03/13/2026,445
BATCH-4711,MO-181,RM-31,17-09-2024,862
BATCH-4712,MO-5633,RM-88,01/10/2025,4393
BATCH-4713,MO-2334,RM-112,2026-08-28,1402
BATCH-4714,MO-1234,RM-28,2024-10-25,1115
BATCH-4715,MO-3369,RM-25,01-07-2024,2151
BATCH-4716,MO-2561,RM-35,2024-08-20,177
BATCH-4717,MO-4684,RM-6,24-04-2026,3091
BATCH-4718,MO-4030,RM-119,01/11/2026,4204
BATCH-4719,MO-3335,RM-99,2026-06-24,2444
BATCH-4720,MO-3240,RM-103,13-03-2025,3625
BATCH-4721,MO-2030,RM-118,09/03/2024,97
BATCH-4722,MO-3865,RM-42,17-11-2024,3160
BATCH-4723,MO-2085,RM-1,2026-01-13,2160
BATCH-4724,MO-7749,RM-58,2025-10-05,672
BATCH-4725,MO-6995,RM-96,2025-05-14,3052
BATCH-4726,MO-2741,RM-22,2025-06-08,4041
BATCH-4727,MO-4340,RM-50,2025-03-09,576
BATCH-4728,MO-7782,RM-102,05-09-2024,3359
BATCH-4729,MO-4302,RM-120,18-09-2026,1990
BATCH-4730,MO-2649,RM-31,22-01-2024,1835
BATCH-4731,MO-5732,RM-68,27-05-2026,3258
BATCH-4732,MO-6066,RM-53,2025-04-11,1622
BATCH-4733,MO-5816,RM-27,02/24/2024,4427
BATCH-4734,MO-4516,RM-24,2025-03-24,2704
BATCH-4735,MO-2167,RM-37,17-09-2024,254
BATCH-4736,MO-6935,RM-15,2026-09-20,1952
BATCH-4737,MO-1892,RM-81,2026-05-28,2391
BATCH-4738,MO-6763,RM-106,2025-06-10,2389
BATCH-4739,MO-811,RM-60,07/13/2026,2501
BATCH-4740,MO-4663,RM-106,02/05/2025,3445
BATCH-4741,MO-1517,RM-65,2026-03-04,2813
BATCH-4742,MO-57,RM-114,07/25/2024,2983
BATCH-4743,MO-6804,RM-54,12-06-2025,3080
BATCH-4744,MO-5669,RM-34,09/08/2025,2633
BATCH-4745,MO-5990,RM-107,09-04-2024,4258
BATCH-4746,MO-1645,RM-63,2026-10-19,2501
BATCH-4747,MO-2754,RM-59,12/13/2025,3636
BATCH-4748,MO-2190,RM-46,2026-09-19,461
BATCH-4749,MO-2470,RM-9,2025-09-04,3817
BATCH-4750,MO-2411,RM-111,2026-09-25,1601
BATCH-4751,MO-5927,RM-7,2025-05-01,1195
BATCH-4752,MO-1871,RM-83,08/17/2026,3299
BATCH-4753,MO-4121,RM-61,2024-11-07,2823
BATCH-4754,MO-2644,RM-81,01-06-2024,3481
BATCH-4755,MO-3468,RM-60,04/06/2025,1349
BATCH-4756,MO-5877,RM-53,2024-05-25,463
BATCH-4757,MO-4744,RM-81,12/17/2026,3221
BATCH-4758,MO-6250,RM-101,10/10/2024,723
BATCH-4759,MO-7786,RM-29,08/17/2026,1363
BATCH-4760,MO-1775,RM-88,10/25/2026,3122
BATCH-4761,MO-1577,RM-8,18-04-2026,3456
BATCH-4762,MO-6526,RM-44,2025-04-16,3983
BATCH-4763,MO-922,RM-17,06/13/2024,3073
BATCH-4764,MO-651,RM-86,2026-04-20,1997
BATCH-4765,MO-259,RM-66,2026-05-12,23
BATCH-4766,MO-2544,RM-37,2025-02-06,1386
BATCH-4767,MO-843,RM-75,05-11-2026,2526
BATCH-4768,MO-4936,RM-56,03/16/2026,606
BATCH-4769,MO-6756,RM-40,05/12/2026,2154
BATCH-4770,MO-6226,RM-110,27-03-2024,1120
BATCH-4771,MO-847,RM-25,07/10/2026,4071
BATCH-4772,MO-3283,RM-60,14-03-2026,1874
BATCH-4773,MO-2758,RM-41,08/07/2025,4697
BATCH-4774,MO-1593,RM-68,07-03-2026,2470
BATCH-4775,MO-2930,RM-14,02/08/2024,1349
BATCH-4776,MO-7426,RM-42,23-11-2024,963
BATCH-4777,MO-7143,RM-112,07-01-2025,1586
BATCH-4778,MO-1242,RM-89,16-09-2025,2489
BATCH-4779,MO-5895,RM-29,03/19/2025,4522
BATCH-4780,MO-5196,RM-111,05-11-2025,1164
BATCH-4781,MO-7796,RM-2,2026-04-07,897
BATCH-4782,MO-7751,RM-112,01/06/2026,1409
BATCH-4783,MO-6443,RM-98,2025-11-23,880
BATCH-4784,MO-7031,RM-28,08/19/2025,2598
BATCH-4785,MO-3944,RM-108,2024-09-04,39
BATCH-4786,MO-972,RM-10,22-12-2026,1087
BATCH-4787,MO-7867,RM-12,2025-06-08,3078
BATCH-4788,MO-5325,RM-82,2024-09-25,10
BATCH-4789,MO-4432,RM-94,2025-08-07,3848
BATCH-4790,MO-1509,RM-21,20-06-2026,3052
BATCH-4791,MO-5446,RM-20,01/12/2026,3891
BATCH-4792,MO-5821,RM-51,07-09-2026,4450
BATCH-4793,MO-1768,RM-79,06/15/2026,3355
BATCH-4794,MO-263,RM-47,2026-06-07,4359
BATCH-4795,MO-4871,RM-111,2024-02-22,1470
BATCH-4796,MO-2891,RM-83,2024-04-12,4686
BATCH-4797,MO-6075,RM-19,06/05/2025,1441
BATCH-4798,MO-5650,RM-78,15-01-2024,2742
BATCH-4799,MO-318,RM-109,09-10-2026,2780
BATCH-4800,MO-7043,RM-76,2026-02-23,1265
BATCH-4801,MO-890,RM-115,28-10-2024,463
BATCH-4802,MO-7107,RM-23,14-12-2025,2983
BATCH-4803,MO-4818,RM-87,09/28/2024,676
BATCH-4804,MO-5774,RM-31,2025-05-01,2029
BATCH-4805,MO-7506,RM-81,12-05-2025,605
BATCH-4806,MO-5298,RM-24,10/25/2025,136
BATCH-4807,MO-4611,RM-90,2024-11-24,2549
BATCH-4808,MO-1982,RM-114,2024-03-03,2064
BATCH-4809,MO-213,RM-21,12/12/2025,4297
BATCH-4810,MO-2670,RM-59,02/21/2025,3195
BATCH-4811,MO-1823,RM-101,2024-01-09,2211
BATCH-4812,MO-4522,RM-31,2026-06-22,2879
BATCH-4813,MO-6744,RM-39,2025-01-01,4195
BATCH-4814,MO-4513,RM-30,02/05/2026,2073
BATCH-4815,MO-5151,RM-29,2026-08-02,1765
BATCH-4816,MO-7827,RM-8,24-08-2026,4063
BATCH-4817,MO-4280,RM-42,05/28/2024,1260
BATCH-4818,MO-3144,RM-51,18-07-2024,2823
BATCH-4819,MO-5147,RM-11,06/04/2024,3594
BATCH-4820,MO-7511,RM-58,03/15/2024,2695
BATCH-4821,MO-1662,RM-73,2025-04-23,1191
BATCH-4822,MO-2307,RM-119,19-09-2024,3582
BATCH-4823,MO-1615,RM-107,12/16/2024,783
BATCH-4824,MO-3680,RM-20,09-04-2024,1563
BATCH-4825,MO-5198,RM-108,02/22/2026,1689
BATCH-4826,MO-858,RM-117,2025-09-10,1271
BATCH-4827,MO-7788,RM-8,2024-07-16,1965
BATCH-4828,MO-1030,RM-51,2025-03-24,3293
BATCH-4829,MO-317,RM-26,2026-01-17,4672
BATCH-4830,MO-3992,RM-1,2025-08-15,2776
BATCH-4831,MO-1752,RM-112,2024-08-23,4512
BATCH-4832,MO-2862,RM-75,2026-03-26,4113
BATCH-4833,MO-6962,RM-71,01/19/2025,3356
BATCH-4834,MO-4308,RM-98,2026-02-26,3885
BATCH-4835,MO-3526,RM-49,2026-06-22,599
BATCH-4836,MO-5769,RM-89,2026-08-28,3388
BATCH-4837,MO-5982,RM-21,2025-06-27,320
BATCH-4838,MO-6702,RM-85,24-09-2025,553
BATCH-4839,MO-4332,RM-117,2025-01-05,4350
BATCH-4840,MO-5088,RM-5,2026-02-28,2659
BATCH-4841,MO-4563,RM-37,2025-06-07,2085
BATCH-4842,MO-817,RM-53,2024-03-21,4006
BATCH-4843,MO-6423,RM-6,02/15/2025,3153
BATCH-4844,MO-77,RM-35,09/01/2025,3533
BATCH-4845,MO-4296,RM-95,10/05/2026,4770
BATCH-4846,MO-7416,RM-12,2024-04-22,85
BATCH-4847,MO-4748,RM-61,2026-10-12,1753
BATCH-4848,MO-7842,RM-38,11/17/2026,2167
BATCH-4849,MO-2654,RM-85,2026-06-27,2278
BATCH-4850,MO-7456,RM-113,24-11-2024,1693
BATCH-4851,MO-2014,RM-87,2026-08-03,1987
BATCH-4852,MO-197,RM-66,04/26/2025,2170
BATCH-4853,MO-5271,RM-99,05-08-2024,1474
BATCH-4854,MO-3852,RM-104,2026-01-20,3768
BATCH-4855,MO-6654,RM-28,08/12/2026,1445
BATCH-4856,MO-1576,RM-84,2025-10-22,3175
BATCH-4857,MO-4737,RM-90,07-12-2025,2296
BATCH-4858,MO-5670,RM-11,2025-06-18,914
BATCH-4859,MO-1440,RM-109,05/05/2026,78
BATCH-4860,MO-1931,RM-42,2025-02-09,891
BATCH-4861,MO-7893,RM-14,02/05/2024,4552
BATCH-4862,MO-1235,RM-67,2024-03-14,3203
BATCH-4863,MO-5024,RM-64,2026-11-27,3567
BATCH-4864,MO-6421,RM-65,12/10/2026,2958
BATCH-4865,MO-808,RM-106,2024-04-10,1327
BATCH-4866,MO-7498,RM-66,06/26/2026,4194
BATCH-4867,MO-115,RM-33,10-02-2024,4457
BATCH-4868,MO-6949,RM-6,2026-01-20,3841
BATCH-4869,MO-5635,RM-102,2026-08-22,1013
BATCH-4870,MO-1620,RM-69,2024-02-19,4179
BATCH-4871,MO-4911,RM-2,22-01-2024,2167
BATCH-4872,MO-2181,RM-12,10-01-2026,291
BATCH-4873,MO-5857,RM-112,2026-10-27,1329
BATCH-4874,MO-6200,RM-72,25-10-2025,2868
BATCH-4875,MO-1036,RM-112,2024-04-18,2628
BATCH-4876,MO-5935,RM-26,2024-05-13,1279
BATCH-4877,MO-1827,RM-36,2026-05-01,2716
BATCH-4878,MO-5785,RM-35,2024-07-28,118
BATCH-4879,MO-3529,RM-77,12/22/2025,3695
BATCH-4880,MO-7036,RM-21,2026-06-17,3861
BATCH-4881,MO-6541,RM-102,20-08-2024,305
BATCH-4882,MO-7847,RM-83,2025-04-26,4448
BATCH-4883,MO-2595,RM-7,05-02-2025,3354
BATCH-4884,MO-1882,RM-11,04/26/2024,1205
BATCH-4885,MO-176,RM-93,2025-12-14,857
BATCH-4886,MO-1290,RM-8,2024-02-19,4522
BATCH-4887,MO-2241,RM-95,2025-07-20,3448
BATCH-4888,MO-4635,RM-42,11/19/2025,3523
BATCH-4889,MO-7053,RM-92,04-04-2026,3195
BATCH-4890,MO-806,RM-39,26-07-2024,979
BATCH-4891,MO-323,RM-81,2025-01-01,3218
BATCH-4892,MO-2041,RM-74,03/11/2025,1555
BATCH-4893,MO-2812,RM-9,09/09/2026,4430
BATCH-4894,MO-7411,RM-115,03/17/2025,804
BATCH-4895,MO-965,RM-94,2024-10-07,917
BATCH-4896,MO-5233,RM-57,09/15/2024,19
BATCH-4897,MO-3024,RM-95,2025-11-10,2135
BATCH-4898,MO-7392,RM-100,06/11/2024,987
BATCH-4899,MO-1294,RM-33,2026-04-07,1596
BATCH-4900,MO-1188,RM-73,2026-04-23,3445
BATCH-4901,MO-3131,RM-59,2026-04-16,48
BATCH-4902,MO-2321,RM-109,2026-11-08,2841
BATCH-4903,MO-6844,RM-93,2024-11-27,3593
BATCH-4904,MO-6183,RM-58,2026-02-09,3306
BATCH-4905,MO-4340,RM-29,11/21/2025,958
BATCH-4906,MO-5293,RM-22,2025-08-08,3412
BATCH-4907,MO-5976,RM-117,2025-02-06,3521
BATCH-4908,MO-5172,RM-108,03/13/2025,434
BATCH-4909,MO-7005,RM-98,2024-12-25,1125
BATCH-4910,MO-1892,RM-101,01/15/2024,2137
BATCH-4911,MO-4786,RM-73,2025-09-25,843
BATCH-4912,MO-2493,RM-63,12/01/2025,1054
BATCH-4913,MO-4392,RM-111,16-02-2026,1521
BATCH-4914,MO-3964,RM-73,2024-02-08,39
BATCH-4915,MO-4140,RM-88,23-07-2024,334
BATCH-4916,MO-6260,RM-24,2024-06-03,1823
BATCH-4917,MO-2582,RM-25,01/25/2026,124
BATCH-4918,MO-1085,RM-91,2026-02-01,2124
BATCH-4919,MO-7823,RM-4,12/19/2025,4180
BATCH-4920,MO-7392,RM-44,04/18/2026,1848
BATCH-4921,MO-647,RM-17,2024-09-19,2247
BATCH-4922,MO-4615,RM-84,2024-03-10,807
BATCH-4923,MO-5681,RM-89,2026-01-03,3668
BATCH-4924,MO-903,RM-1,2024-04-07,3484
BATCH-4925,MO-6412,RM-15,02-06-2025,2883
BATCH-4926,MO-656,RM-85,2024-04-01,498
BATCH-4927,MO-2104,RM-102,2024-09-18,857
BATCH-4928,MO-5000,RM-38,2026-02-01,1681
BATCH-4929,MO-4824,RM-70,04/13/2026,3239
BATCH-4930,MO-3116,RM-10,2024-01-20,592
BATCH-4931,MO-2317,RM-46,2025-11-01,2380
BATCH-4932,MO-2317,RM-39,04/09/2024,2246
BATCH-4933,MO-2647,RM-25,2026-06-17,3555
BATCH-4934,MO-1712,RM-7,05/25/2024,1104
BATCH-4935,MO-701,RM-68,2025-07-01,376
BATCH-4936,MO-1348,RM-12,05/17/2024,3255
BATCH-4937,MO-4270,RM-93,15-04-2024,3618
BATCH-4938,MO-5452,RM-71,2026-02-27,3131
BATCH-4939,MO-5167,RM-100,2024-10-17,2062
BATCH-4940,MO-1888,RM-66,16-10-2026,3672
BATCH-4941,MO-7446,RM-12,03/14/2025,3891
BATCH-4942,MO-2017,RM-113,2026-10-07,2093
BATCH-4943,MO-6429,RM-11,04-06-2026,110
BATCH-4944,MO-7943,RM-116,06/20/2025,4795
BATCH-4945,MO-1138,RM-111,2025-01-19,4762
BATCH-4946,MO-7310,RM-83,05/01/2025,1701
BATCH-4947,MO-5233,RM-31,08/14/2024,1638
BATCH-4948,MO-7918,RM-28,2026-07-16,1958
BATCH-4949,MO-5128,RM-28,2024-08-21,615
BATCH-4950,MO-5977,RM-37,08/09/2026,1886
BATCH-4951,MO-7457,RM-26,09/15/2025,1153
BATCH-4952,MO-7402,RM-53,09-12-2025,415
BATCH-4953,MO-506,RM-73,2025-07-04,836
BATCH-4954,MO-7191,RM-86,11/07/2026,1980
BATCH-4955,MO-3411,RM-17,2025-09-09,3539
BATCH-4956,MO-1915,RM-29,2025-09-16,3511
BATCH-4957,MO-2292,RM-52,11/28/2026,3919
BATCH-4958,MO-7460,RM-53,2026-09-11,4133
BATCH-4959,MO-2302,RM-110,2026-04-25,691
BATCH-4960,MO-6981,RM-28,2026-08-23,2955
BATCH-4961,MO-3841,RM-49,08/26/2024,3566
BATCH-4962,MO-1926,RM-64,2026-07-19,2274
BATCH-4963,MO-470,RM-77,26-05-2026,4738
BATCH-4964,MO-134,RM-44,2026-11-14,2311
BATCH-4965,MO-3046,RM-97,03/12/2026,3839
BATCH-4966,MO-3470,RM-21,07/03/2026,1563
BATCH-4967,MO-2875,RM-90,04-06-2024,2199
BATCH-4968,MO-4604,RM-10,2026-12-17,2566
BATCH-4969,MO-7647,RM-38,2025-10-13,685
BATCH-4970,MO-2628,RM-41,07-06-2026,3369
BATCH-4971,MO-4042,RM-62,2026-12-23,1538
BATCH-4972,MO-4775,RM-64,2025-05-12,3311
BATCH-4973,MO-6370,RM-99,13-04-2026,2019
BATCH-4974,MO-2648,RM-46,10/26/2026,596
BATCH-4975,MO-6205,RM-15,20-01-2025,4467
BATCH-4976,MO-4452,RM-76,11/28/2026,3221
BATCH-4977,MO-6877,RM-19,19-02-2024,886
BATCH-4978,MO-422,RM-45,20-10-2025,1548
BATCH-4979,MO-55,RM-18,2024-08-04,2862
BATCH-4980,MO-3241,RM-85,2024-10-08,527
BATCH-4981,MO-3027,RM-6,2025-01-16,3689
BATCH-4982,MO-7595,RM-56,05/23/2024,2792
BATCH-4983,MO-2983,RM-104,2025-07-14,350
BATCH-4984,MO-3036,RM-8,17-11-2025,966
BATCH-4985,MO-6198,RM-59,2025-12-14,3716
BATCH-4986,MO-3320,RM-57,08/27/2026,53
BATCH-4987,MO-2547,RM-22,28-05-2025,3818
BATCH-4988,MO-1374,RM-85,2026-04-21,3334
BATCH-4989,MO-3150,RM-78,2026-07-03,2281
BATCH-4990,MO-2360,RM-78,06/25/2024,3546
BATCH-4991,MO-1440,RM-41,23-12-2025,743
BATCH-4992,MO-453,RM-31,2026-03-14,2912
BATCH-4993,MO-5826,RM-77,2024-05-04,4205
BATCH-4994,MO-2489,RM-76,2026-10-27,3811
BATCH-4995,MO-2135,RM-101,13-01-2025,320
BATCH-4996,MO-4242,RM-71,01-11-2025,4167
BATCH-4997,MO-77,RM-12,2025-05-07,3112
BATCH-4998,MO-1730,RM-9,2024-08-04,3242
BATCH-4999,MO-2608,RM-96,2025-02-09,3711
BATCH-5000,MO-6878,RM-108,2024-05-22,1360
BATCH-5001,MO-7881,RM-68,03-06-2026,3209
BATCH-5002,MO-7757,RM-19,2026-01-18,3998
BATCH-5003,MO-1740,RM-26,2025-10-10,992
BATCH-5004,MO-2754,RM-85,2024-03-04,1185
BATCH-5005,MO-3568,RM-76,2025-05-10,106
BATCH-5006,MO-1373,RM-51,2026-10-13,4018
BATCH-5007,MO-6263,RM-17,2025-07-02,3175
BATCH-5008,MO-2269,RM-119,2025-10-27,2646
BATCH-5009,MO-7106,RM-45,02/14/2024,2812
BATCH-5010,MO-7696,RM-71,14-02-2025,2504
BATCH-5011,MO-707,RM-81,28-07-2024,652
BATCH-5012,MO-3714,RM-116,08/22/2025,401
BATCH-5013,MO-7019,RM-57,27-07-2026,864
BATCH-5014,MO-2978,RM-70,11/02/2024,3510
BATCH-5015,MO-648,RM-85,01/07/2024,3174
BATCH-5016,MO-5830,RM-67,04/15/2025,2599
BATCH-5017,MO-1255,RM-65,2024-03-12,290
BATCH-5018,MO-4310,RM-21,07-11-2025,3350
BATCH-5019,MO-5583,RM-26,24-01-2024,970
BATCH-5020,MO-7724,RM-89,2026-08-08,3417
BATCH-5021,MO-2866,RM-76,2024-12-14,3215
BATCH-5022,MO-185,RM-77,2025-09-28,4277
BATCH-5023,MO-4283,RM-59,04/11/2024,3442
BATCH-5024,MO-1356,RM-60,2026-07-17,243
BATCH-5025,MO-2932,RM-117,2025-11-14,2817
BATCH-5026,MO-4673,RM-10,2026-12-20,2258
BATCH-5027,MO-597,RM-111,25-01-2026,1959
BATCH-5028,MO-5432,RM-17,2026-04-18,1994
BATCH-5029,MO-2260,RM-16,2024-03-27,1079
BATCH-5030,MO-6983,RM-33,2024-03-24,4709
BATCH-5031,MO-7454,RM-66,23-05-2026,227
BATCH-5032,MO-912,RM-89,2024-04-10,303
BATCH-5033,MO-2559,RM-105,08/07/2025,4054
BATCH-5034,MO-457,RM-46,2026-05-14,1016
BATCH-5035,MO-3300,RM-10,09-10-2025,2811
BATCH-5036,MO-3116,RM-29,15-01-2026,4114
BATCH-5037,MO-2021,RM-17,2024-11-18,151
BATCH-5038,MO-5631,RM-90,11/14/2024,1279
BATCH-5039,MO-3556,RM-71,09/20/2025,4411
BATCH-5040,MO-805,RM-61,2026-08-22,722
BATCH-5041,MO-6034,RM-12,03-06-2026,506
BATCH-5042,MO-5576,RM-115,06-11-2026,4740
BATCH-5043,MO-1910,RM-39,04-03-2026,1481
BATCH-5044,MO-1229,RM-49,12/12/2026,1803
BATCH-5045,MO-5368,RM-56,2024-02-15,2913
BATCH-5046,MO-164,RM-76,2026-12-05,2126
BATCH-5047,MO-2955,RM-23,10/23/2024,1141
BATCH-5048,MO-4855,RM-85,03/05/2025,2916
BATCH-5049,MO-3892,RM-68,2024-08-23,4055
BATCH-5050,MO-4865,RM-91,08/15/2024,122
BATCH-5051,MO-6659,RM-63,02/08/2025,360
BATCH-5052,MO-7355,RM-101,08/16/2026,4444
BATCH-5053,MO-1045,RM-96,2024-01-08,1909
BATCH-5054,MO-2460,RM-70,06/25/2024,2241
BATCH-5055,MO-5054,RM-1,2025-05-28,4352
BATCH-5056,MO-6772,RM-44,2025-10-25,3823
BATCH-5057,MO-116,RM-74,11/01/2024,2377
BATCH-5058,MO-4877,RM-75,10/16/2025,3985
BATCH-5059,MO-4893,RM-94,12-04-2025,147
BATCH-5060,MO-3754,RM-23,2026-07-19,2972
BATCH-5061,MO-6292,RM-34,03/27/2025,2634
BATCH-5062,MO-951,RM-84,10/14/2024,4124
BATCH-5063,MO-5741,RM-61,2024-03-11,1367
BATCH-5064,MO-4539,RM-75,2026-04-17,4007
BATCH-5065,MO-6623,RM-50,03/03/2024,4314
BATCH-5066,MO-2612,RM-62,2024-11-11,2457
BATCH-5067,MO-1379,RM-87,2025-10-17,3436
BATCH-5068,MO-272,RM-113,09/11/2024,243
BATCH-5069,MO-4281,RM-42,02-08-2024,3583
BATCH-5070,MO-1654,RM-118,05-12-2025,2380
BATCH-5071,MO-3225,RM-65,11/24/2024,686
BATCH-5072,MO-2713,RM-62,06/15/2024,36
BATCH-5073,MO-1400,RM-61,2024-07-13,2800
BATCH-5074,MO-1636,RM-7,05/20/2025,2257
BATCH-5075,MO-7809,RM-75,17-09-2025,917
BATCH-5076,MO-2295,RM-109,2024-10-08,4183
BATCH-5077,MO-3230,RM-68,2025-11-09,1774
BATCH-5078,MO-2563,RM-24,2024-10-03,4537
BATCH-5079,MO-4595,RM-91,08/17/2025,107
BATCH-5080,MO-2534,RM-84,2026-11-23,1110
BATCH-5081,MO-7067,RM-8,2025-03-04,3572
BATCH-5082,MO-4150,RM-38,01-07-2025,4150
BATCH-5083,MO-485,RM-18,16-10-2025,1597
BATCH-5084,MO-3342,RM-81,11/16/2026,1461
BATCH-5085,MO-4378,RM-3,2026-03-26,854
BATCH-5086,MO-7577,RM-96,2026-04-11,144
BATCH-5087,MO-2965,RM-53,2026-05-06,4404
BATCH-5088,MO-3541,RM-4,2026-07-02,3680
BATCH-5089,MO-81,RM-30,26-09-2024,90
BATCH-5090,MO-1644,RM-36,2024-01-23,1217
BATCH-5091,MO-2492,RM-53,2026-11-19,1888
BATCH-5092,MO-6010,RM-98,11/08/2025,3390
BATCH-5093,MO-6483,RM-88,11/22/2026,896
BATCH-5094,MO-6393,RM-101,2024-11-16,3803
BATCH-5095,MO-3751,RM-48,12-01-2026,2002
BATCH-5096,MO-1337,RM-31,11/12/2025,3699
BATCH-5097,MO-5555,RM-20,06/14/2025,4716
BATCH-5098,MO-2755,RM-67,2024-08-18,1593
BATCH-5099,MO-1917,RM-43,18-05-2026,1189
BATCH-5100,MO-1516,RM-10,10/15/2025,3144
BATCH-5101,MO-7449,RM-28,17-09-2024,3887
BATCH-5102,MO-1666,RM-93,2024-10-19,487
BATCH-5103,MO-251,RM-56,12/16/2024,744
BATCH-5104,MO-1750,RM-93,2024-10-08,651
BATCH-5105,MO-6113,RM-61,17-11-2026,3696
BATCH-5106,MO-2956,RM-26,04-09-2026,2790
BATCH-5107,MO-5487,RM-100,18-09-2024,1490
BATCH-5108,MO-5636,RM-89,2025-04-07,1858
BATCH-5109,MO-2776,RM-67,06/09/2025,1772
BATCH-5110,MO-3367,RM-74,25-03-2026,3018
BATCH-5111,MO-3713,RM-86,02/22/2026,2105
BATCH-5112,MO-3978,RM-2,11/16/2026,1769
BATCH-5113,MO-31,RM-76,07/13/2024,454
BATCH-5114,MO-360,RM-38,12/18/2024,3206
BATCH-5115,MO-3340,RM-46,2025-05-06,1137
BATCH-5116,MO-7342,RM-92,2025-11-22,4553
BATCH-5117,MO-6869,RM-73,2024-09-06,3498
BATCH-5118,MO-7626,RM-13,02/26/2026,4336
BATCH-5119,MO-2569,RM-100,12/23/2024,3162
BATCH-5120,MO-2572,RM-6,06/14/2026,1840
BATCH-5121,MO-206,RM-61,25-05-2026,2050
BATCH-5122,MO-2051,RM-76,22-11-2026,316
BATCH-5123,MO-87,RM-74,10/06/2024,3990
BATCH-5124,MO-2623,RM-59,2024-10-25,1389
BATCH-5125,MO-2440,RM-28,09-09-2024,2423
BATCH-5126,MO-6166,RM-91,13-09-2025,3128
BATCH-5127,MO-7857,RM-14,04/28/2024,4626
BATCH-5128,MO-6238,RM-72,03/13/2024,3451
BATCH-5129,MO-7814,RM-96,03/21/2025,2785
BATCH-5130,MO-3689,RM-69,2024-06-12,4419
BATCH-5131,MO-6364,RM-102,2026-11-11,3941
BATCH-5132,MO-5242,RM-19,2024-04-28,2248
BATCH-5133,MO-2549,RM-78,24-03-2025,2417
BATCH-5134,MO-5118,RM-97,2024-07-02,2515
BATCH-5135,MO-507,RM-115,2025-12-04,1464
BATCH-5136,MO-5686,RM-8,2025-12-27,1508
BATCH-5137,MO-7203,RM-82,2025-08-14,3317
BATCH-5138,MO-5916,RM-116,07/20/2026,738
BATCH-5139,MO-3205,RM-41,27-06-2026,1235
BATCH-5140,MO-4518,RM-65,2025-03-19,3840
BATCH-5141,MO-7227,RM-100,2024-09-13,318
BATCH-5142,MO-5670,RM-45,2025-12-18,4310
BATCH-5143,MO-1973,RM-10,2026-03-08,4510
BATCH-5144,MO-1769,RM-110,09-10-2024,3484
BATCH-5145,MO-4898,RM-5,2024-11-04,354
BATCH-5146,MO-5312,RM-107,03/22/2024,740
BATCH-5147,MO-5653,RM-24,2024-12-21,575
BATCH-5148,MO-5035,RM-109,06-01-2026,4427
BATCH-5149,MO-7691,RM-94,2026-02-20,4488
BATCH-5150,MO-3273,RM-97,2026-11-05,2348
BATCH-5151,MO-3325,RM-61,2024-09-25,3957
BATCH-5152,MO-1840,RM-84,06/24/2024,3265
BATCH-5153,MO-3324,RM-60,2024-10-19,653
BATCH-5154,MO-6835,RM-60,2026-11-08,2296
BATCH-5155,MO-3851,RM-1,2025-05-10,883
BATCH-5156,MO-2770,RM-31,05/16/2025,3302
BATCH-5157,MO-2460,RM-91,2026-07-19,4719
BATCH-5158,MO-627,RM-55,08/10/2026,3603
BATCH-5159,MO-334,RM-4,2026-02-23,3966
BATCH-5160,MO-2781,RM-37,2026-03-01,1883
BATCH-5161,MO-1322,RM-96,13-08-2026,4005
BATCH-5162,MO-3384,RM-101,2024-01-03,3770
BATCH-5163,MO-6489,RM-7,2025-04-23,4348
BATCH-5164,MO-5560,RM-73,2025-09-18,1319
BATCH-5165,MO-5193,RM-54,2024-03-04,420
BATCH-5166,MO-7585,RM-15,2024-08-19,2061
BATCH-5167,MO-5084,RM-48,2025-10-11,2862
BATCH-5168,MO-515,RM-68,09/24/2026,1637
BATCH-5169,MO-6582,RM-101,26-02-2026,4009
BATCH-5170,MO-7583,RM-99,2026-08-21,4041
BATCH-5171,MO-6748,RM-20,2026-11-17,350
BATCH-5172,MO-6212,RM-30,11/15/2025,3300
BATCH-5173,MO-1502,RM-108,05/10/2024,2899
BATCH-5174,MO-7193,RM-30,2026-05-05,522
BATCH-5175,MO-7613,RM-17,2025-08-15,1595
BATCH-5176,MO-2787,RM-120,03/20/2025,707
BATCH-5177,MO-2458,RM-50,08-02-2026,4011
BATCH-5178,MO-1917,RM-102,2025-11-08,2688
BATCH-5179,MO-671,RM-109,12/18/2026,1817
BATCH-5180,MO-4926,RM-55,09/11/2025,3840
BATCH-5181,MO-1829,RM-92,07/11/2025,683
BATCH-5182,MO-3664,RM-55,2026-09-13,450
BATCH-5183,MO-6341,RM-60,2026-09-10,3467
BATCH-5184,MO-7859,RM-107,2024-08-28,4499
BATCH-5185,MO-3765,RM-49,26-04-2026,1670
BATCH-5186,MO-2508,RM-112,09/10/2025,2496
BATCH-5187,MO-5877,RM-78,2025-01-13,224
BATCH-5188,MO-3042,RM-48,01/26/2025,1918
BATCH-5189,MO-6919,RM-37,2025-05-18,3048
BATCH-5190,MO-5449,RM-57,2024-08-05,3001
BATCH-5191,MO-144,RM-114,2025-01-26,4072
BATCH-5192,MO-7061,RM-36,2025-03-17,90
BATCH-5193,MO-3140,RM-29,2025-08-16,2035
BATCH-5194,MO-6263,RM-30,2026-10-13,714
BATCH-5195,MO-2477,RM-20,01/27/2025,1854
BATCH-5196,MO-4246,RM-57,14-03-2024,1567
BATCH-5197,MO-7582,RM-39,08/01/2025,3456
BATCH-5198,MO-133,RM-41,05/04/2025,3442
BATCH-5199,MO-6821,RM-5,2025-12-25,3405
BATCH-5200,MO-4661,RM-66,06/13/2026,2916
BATCH-5201,MO-3194,RM-21,02-02-2024,1294
BATCH-5202,MO-937,RM-72,2024-08-18,4547
BATCH-5203,MO-5622,RM-60,12/20/2024,534
BATCH-5204,MO-6238,RM-41,23-02-2024,3562
BATCH-5205,MO-4045,RM-66,03/09/2026,1069
BATCH-5206,MO-7982,RM-57,11/09/2026,4791
BATCH-5207,MO-6245,RM-83,03/27/2026,1325
BATCH-5208,MO-6239,RM-77,2024-11-12,2550
BATCH-5209,MO-445,RM-9,03/07/2026,1276
BATCH-5210,MO-7224,RM-91,2025-12-16,2146
BATCH-5211,MO-6719,RM-114,08/02/2024,3043
BATCH-5212,MO-3074,RM-31,2026-09-23,1759
BATCH-5213,MO-7112,RM-7,10/02/2025,1995
BATCH-5214,MO-6521,RM-99,2025-05-13,4182
BATCH-5215,MO-3793,RM-66,11/22/2024,2239
BATCH-5216,MO-110,RM-54,2026-07-10,4536
BATCH-5217,MO-6561,RM-66,2025-10-24,4056
BATCH-5218,MO-785,RM-49,24-08-2026,1782
BATCH-5219,MO-7086,RM-48,2025-07-05,2087
BATCH-5220,MO-7670,RM-23,03-11-2024,1263
BATCH-5221,MO-3277,RM-85,08/13/2026,1938
BATCH-5222,MO-5234,RM-111,2024-04-24,1230
BATCH-5223,MO-839,RM-7,2025-04-11,1819
BATCH-5224,MO-2909,RM-56,2025-01-04,936
BATCH-5225,MO-2250,RM-14,03-10-2025,1075
BATCH-5226,MO-5259,RM-96,2025-12-26,2189
BATCH-5227,MO-4233,RM-51,2026-04-02,3823
BATCH-5228,MO-6865,RM-95,2024-09-04,1724
BATCH-5229,MO-1663,RM-80,2025-05-05,2581
BATCH-5230,MO-3968,RM-116,25-10-2025,111
BATCH-5231,MO-720,RM-58,08/24/2024,2632
BATCH-5232,MO-3687,RM-112,2026-10-25,4639
BATCH-5233,MO-5654,RM-22,2025-12-20,3214
BATCH-5234,MO-3292,RM-62,08/10/2025,974
BATCH-5235,MO-6574,RM-65,2025-11-21,2107
BATCH-5236,MO-361,RM-77,2025-03-06,4241
BATCH-5237,MO-1426,RM-50,11-10-2026,2192
BATCH-5238,MO-5511,RM-25,07-09-2026,4120
BATCH-5239,MO-522,RM-18,2025-02-18,3550
BATCH-5240,MO-7802,RM-9,02/28/2024,3527
BATCH-5241,MO-7870,RM-51,2024-10-20,2560
BATCH-5242,MO-6301,RM-117,2026-05-23,2435
BATCH-5243,MO-6789,RM-27,2026-07-21,4798
BATCH-5244,MO-6746,RM-41,2025-01-10,3321
BATCH-5245,MO-2169,RM-15,2025-09-16,4026
BATCH-5246,MO-569,RM-118,10/17/2024,3069
BATCH-5247,MO-3886,RM-91,2026-08-17,1159
BATCH-5248,MO-6508,RM-110,10/16/2025,1981
BATCH-5249,MO-2989,RM-7,01/02/2025,3180
BATCH-5250,MO-2777,RM-104,12-08-2025,4485
BATCH-5251,MO-2152,RM-29,2024-05-16,1216
BATCH-5252,MO-4283,RM-22,06/18/2024,2704
BATCH-5253,MO-4125,RM-101,2024-07-18,2242
BATCH-5254,MO-4510,RM-3,05/11/2025,3491
BATCH-5255,MO-6419,RM-91,16-04-2024,1195
BATCH-5256,MO-4341,RM-75,2026-01-15,3762
BATCH-5257,MO-7735,RM-13,2025-08-27,4547
BATCH-5258,MO-3646,RM-77,11-04-2024,4717
BATCH-5259,MO-2368,RM-93,2025-10-27,3556
BATCH-5260,MO-1341,RM-103,14-01-2024,1408
BATCH-5261,MO-6730,RM-35,2026-02-02,1525
BATCH-5262,MO-6147,RM-118,16-05-2025,2027
BATCH-5263,MO-1798,RM-56,01/11/2024,1723
BATCH-5264,MO-4522,RM-9,2026-11-28,1181
BATCH-5265,MO-6429,RM-32,12/16/2024,1319
BATCH-5266,MO-7182,RM-73,2026-06-02,2266
BATCH-5267,MO-184,RM-43,25-03-2026,2077
BATCH-5268,MO-2514,RM-100,2026-08-11,669
BATCH-5269,MO-782,RM-21,2026-03-03,3810
BATCH-5270,MO-5493,RM-82,05/07/2026,1767
BATCH-5271,MO-7233,RM-28,02/14/2025,4583
BATCH-5272,MO-2942,RM-8,2024-10-23,1070
BATCH-5273,MO-5284,RM-40,10/17/2025,4558
BATCH-5274,MO-2471,RM-64,2026-10-08,1403
BATCH-5275,MO-822,RM-57,11/18/2025,4712
BATCH-5276,MO-3963,RM-36,07/01/2025,46
BATCH-5277,MO-1846,RM-78,01/15/2024,2979
BATCH-5278,MO-4410,RM-87,10/02/2025,4078
BATCH-5279,MO-880,RM-74,02-07-2026,1176
BATCH-5280,MO-3413,RM-36,03/22/2026,3338
BATCH-5281,MO-1863,RM-100,2024-11-17,2040
BATCH-5282,MO-5773,RM-88,19-03-2026,4593
BATCH-5283,MO-820,RM-14,04/24/2024,3451
BATCH-5284,MO-3793,RM-47,2025-03-28,3268
BATCH-5285,MO-6439,RM-83,2024-11-06,4510
BATCH-5286,MO-3344,RM-5,2025-08-16,1734
BATCH-5287,MO-4823,RM-116,11/20/2026,1373
BATCH-5288,MO-5674,RM-104,03-12-2024,4680
BATCH-5289,MO-135,RM-55,19-04-2025,3667
BATCH-5290,MO-7855,RM-27,10/12/2024,1019
BATCH-5291,MO-1544,RM-54,07/06/2025,934
BATCH-5292,MO-3423,RM-112,2024-04-12,3933
BATCH-5293,MO-2633,RM-78,2025-01-26,3681
BATCH-5294,MO-5916,RM-14,2024-10-01,83
BATCH-5295,MO-1035,RM-2,2026-01-26,3211
BATCH-5296,MO-7094,RM-18,05/11/2025,1876
BATCH-5297,MO-3742,RM-29,01/17/2026,2700
BATCH-5298,MO-6727,RM-30,11/01/2026,4708
BATCH-5299,MO-2611,RM-33,2026-08-08,2151
BATCH-5300,MO-1582,RM-18,2025-05-18,4091
BATCH-5301,MO-7934,RM-17,04-05-2025,2009
BATCH-5302,MO-7350,RM-52,10/21/2024,4196
BATCH-5303,MO-7094,RM-53,2024-03-04,1208
BATCH-5304,MO-2615,RM-66,03/13/2026,2293
BATCH-5305,MO-402,RM-37,2026-02-07,2088
BATCH-5306,MO-2126,RM-84,2024-09-07,525
BATCH-5307,MO-6116,RM-36,2026-04-12,2715
BATCH-5308,MO-7603,RM-69,2026-02-17,3926
BATCH-5309,MO-2004,RM-89,2026-04-20,4330
BATCH-5310,MO-965,RM-17,2026-03-01,1674
BATCH-5311,MO-1495,RM-2,2025-06-27,2309
BATCH-5312,MO-6269,RM-120,2024-01-28,4772
BATCH-5313,MO-6515,RM-102,01/24/2025,1763
BATCH-5314,MO-7975,RM-92,2025-03-09,3254
BATCH-5315,MO-1780,RM-48,2025-07-06,1374
BATCH-5316,MO-5338,RM-38,2025-03-17,871
BATCH-5317,MO-4752,RM-31,24-06-2026,3967
BATCH-5318,MO-7957,RM-20,2025-11-19,2130
BATCH-5319,MO-1317,RM-95,2024-06-18,87
BATCH-5320,MO-6563,RM-89,2026-02-23,2674
BATCH-5321,MO-5164,RM-87,10/17/2025,1272
BATCH-5322,MO-3888,RM-113,2026-02-04,378
BATCH-5323,MO-7626,RM-64,2026-12-03,2166
BATCH-5324,MO-7239,RM-95,14-08-2024,2076
BATCH-5325,MO-1776,RM-29,2026-05-24,3036
BATCH-5326,MO-5068,RM-120,2025-01-16,3309
BATCH-5327,MO-3711,RM-109,2025-12-02,4349
BATCH-5328,MO-5058,RM-52,06/05/2025,1792
BATCH-5329,MO-6633,RM-69,03-03-2025,2738
BATCH-5330,MO-4018,RM-83,09/14/2024,3906
BATCH-5331,MO-768,RM-54,02/24/2026,3346
BATCH-5332,MO-6725,RM-96,2025-07-15,4701
BATCH-5333,MO-2627,RM-22,03/20/2024,4458
BATCH-5334,MO-6764,RM-101,2025-12-08,2231
BATCH-5335,MO-3173,RM-31,01/07/2025,782
BATCH-5336,MO-3356,RM-49,25-01-2024,1025
BATCH-5337,MO-7818,RM-114,22-10-2026,2976
BATCH-5338,MO-7558,RM-59,08/23/2024,1041
BATCH-5339,MO-5949,RM-24,04/07/2026,2321
BATCH-5340,MO-2670,RM-90,05/25/2026,1336
BATCH-5341,MO-347,RM-81,09-05-2024,2270
BATCH-5342,MO-1111,RM-21,2025-01-07,260
BATCH-5343,MO-762,RM-6,04/01/2026,3351
BATCH-5344,MO-3439,RM-116,2026-01-02,3194
BATCH-5345,MO-3973,RM-38,2025-11-21,4059
BATCH-5346,MO-5543,RM-81,03/27/2026,1610
BATCH-5347,MO-5674,RM-107,02/14/2024,604
BATCH-5348,MO-7181,RM-21,2025-06-28,1384
BATCH-5349,MO-2631,RM-108,2024-07-13,2199
BATCH-5350,MO-4221,RM-51,2025-11-17,1648
BATCH-5351,MO-1916,RM-117,09/01/2025,3135
BATCH-5352,MO-5824,RM-51,01/10/2026,2219
BATCH-5353,MO-5930,RM-114,07/17/2024,2283
BATCH-5354,MO-3687,RM-102,02/23/2025,1207
BATCH-5355,MO-4950,RM-83,2026-02-04,2604
BATCH-5356,MO-7982,RM-95,17-11-2026,3029
BATCH-5357,MO-466,RM-17,07/18/2026,1628
BATCH-5358,MO-1610,RM-119,06/14/2025,4601
BATCH-5359,MO-5033,RM-64,2025-08-09,3858
BATCH-5360,MO-647,RM-84,06/21/2024,3346
BATCH-5361,MO-167,RM-94,2026-07-14,35
BATCH-5362,MO-384,RM-7,2026-12-22,3000
BATCH-5363,MO-2478,RM-111,2026-01-22,484
BATCH-5364,MO-1446,RM-30,08-04-2026,4627
BATCH-5365,MO-3879,RM-64,28-03-2025,3955
BATCH-5366,MO-4098,RM-70,2026-02-28,1477
BATCH-5367,MO-2758,RM-55,2025-06-02,158
BATCH-5368,MO-7486,RM-14,2024-01-15,2805
BATCH-5369,MO-238,RM-77,2024-04-10,2530
BATCH-5370,MO-2282,RM-63,04/12/2025,1186
BATCH-5371,MO-4847,RM-114,2024-02-03,495
BATCH-5372,MO-1817,RM-24,2025-08-15,2533
BATCH-5373,MO-5416,RM-82,2026-04-24,2846
BATCH-5374,MO-4924,RM-120,2024-11-12,2858
BATCH-5375,MO-3736,RM-100,2026-11-28,1240
BATCH-5376,MO-4141,RM-96,15-11-2025,3892
BATCH-5377,MO-4658,RM-4,05/06/2024,3994
BATCH-5378,MO-5483,RM-68,20-09-2025,2286
BATCH-5379,MO-7511,RM-2,2026-01-08,3812
BATCH-5380,MO-7015,RM-24,12/14/2026,3337
BATCH-5381,MO-827,RM-30,2025-05-12,4168
BATCH-5382,MO-449,RM-55,09/18/2024,496
BATCH-5383,MO-1206,RM-34,03/13/2025,1812
BATCH-5384,MO-7480,RM-60,08/26/2025,2253
BATCH-5385,MO-5737,RM-98,11-05-2026,4104
BATCH-5386,MO-5017,RM-98,03-01-2026,380
BATCH-5387,MO-1670,RM-29,08/17/2024,3166
BATCH-5388,MO-4770,RM-50,2026-04-13,3231
BATCH-5389,MO-6054,RM-1,2026-05-14,3892
BATCH-5390,MO-2607,RM-67,06/14/2025,1768
BATCH-5391,MO-1395,RM-87,01-04-2026,1784
BATCH-5392,MO-2903,RM-104,2026-10-17,3054
BATCH-5393,MO-3652,RM-35,2026-03-04,4747
BATCH-5394,MO-5146,RM-28,2024-03-23,1168
BATCH-5395,MO-1828,RM-119,03/11/2025,2769
BATCH-5396,MO-7388,RM-57,2025-09-14,1460
BATCH-5397,MO-3677,RM-73,2025-02-17,1603
BATCH-5398,MO-7866,RM-17,25-06-2024,1077
BATCH-5399,MO-6391,RM-27,03/24/2024,2719
BATCH-5400,MO-5789,RM-108,19-04-2026,3107
BATCH-5401,MO-4763,RM-108,2026-03-03,607
BATCH-5402,MO-2901,RM-43,20-02-2026,2419
BATCH-5403,MO-6763,RM-58,12/22/2025,697
BATCH-5404,MO-3801,RM-80,28-04-2025,3816
BATCH-5405,MO-2614,RM-8,10/22/2026,539
BATCH-5406,MO-2175,RM-26,07/12/2025,4497
BATCH-5407,MO-4556,RM-22,2025-11-28,4522
BATCH-5408,MO-3582,RM-1,02/21/2025,3597
BATCH-5409,MO-570,RM-89,2024-01-23,797
BATCH-5410,MO-5688,RM-54,2026-10-04,620
BATCH-5411,MO-5129,RM-112,04/22/2026,3157
BATCH-5412,MO-5544,RM-82,2026-10-13,708
BATCH-5413,MO-2912,RM-106,12/21/2024,2495
BATCH-5414,MO-759,RM-20,2025-03-03,4256
BATCH-5415,MO-5041,RM-90,03/13/2026,413
BATCH-5416,MO-6348,RM-50,26-10-2025,464
BATCH-5417,MO-4087,RM-28,2025-07-11,3915
BATCH-5418,MO-7119,RM-62,2026-06-07,271
BATCH-5419,MO-1038,RM-5,2025-05-04,4129
BATCH-5420,MO-628,RM-110,13-11-2024,67
BATCH-5421,MO-2795,RM-5,02/20/2026,2169
BATCH-5422,MO-1643,RM-60,07/01/2025,1193
BATCH-5423,MO-1281,RM-71,2024-10-02,2619
BATCH-5424,MO-6517,RM-86,2025-10-22,4019
BATCH-5425,MO-6590,RM-75,2024-11-08,1758
BATCH-5426,MO-7259,RM-37,06/08/2026,2526
BATCH-5427,MO-1422,RM-55,19-07-2025,1046
BATCH-5428,MO-3481,RM-70,2026-08-11,617
BATCH-5429,MO-4519,RM-66,28-01-2026,4156
BATCH-5430,MO-1352,RM-43,2026-10-15,3216
BATCH-5431,MO-5473,RM-28,2024-10-12,2252
BATCH-5432,MO-4727,RM-59,2025-09-13,3474
BATCH-5433,MO-4946,RM-56,2024-11-18,2263
BATCH-5434,MO-547,RM-40,09/07/2026,3128
BATCH-5435,MO-698,RM-76,2024-09-09,3518
BATCH-5436,MO-4501,RM-18,13-03-2026,2624
BATCH-5437,MO-4033,RM-52,2026-11-25,1208
BATCH-5438,MO-7987,RM-93,07/01/2026,3850
BATCH-5439,MO-3379,RM-6,2024-06-12,2803
BATCH-5440,MO-6100,RM-23,08-08-2024,2637
BATCH-5441,MO-6454,RM-112,05-10-2026,1638
BATCH-5442,MO-5473,RM-40,2024-05-17,3775
BATCH-5443,MO-1578,RM-71,2026-02-24,1024
BATCH-5444,MO-3881,RM-20,2024-02-15,949
BATCH-5445,MO-7404,RM-96,2024-10-16,3028
BATCH-5446,MO-2239,RM-15,2025-06-07,4702
BATCH-5447,MO-5307,RM-3,2024-10-25,1870
BATCH-5448,MO-4437,RM-98,01/25/2025,4014
BATCH-5449,MO-1952,RM-114,2025-01-13,3884
BATCH-5450,MO-2013,RM-57,2024-07-12,4583
BATCH-5451,MO-7643,RM-99,2026-05-05,4532
BATCH-5452,MO-3305,RM-69,2025-02-12,2676
BATCH-5453,MO-184,RM-61,03/07/2025,3844
BATCH-5454,MO-3021,RM-82,02/26/2025,2429
BATCH-5455,MO-4039,RM-115,17-08-2026,2745
BATCH-5456,MO-1526,RM-33,2025-04-06,3582
BATCH-5457,MO-7632,RM-24,2025-03-05,108
BATCH-5458,MO-3712,RM-8,03/23/2026,1598
BATCH-5459,MO-6543,RM-66,2024-03-12,1124
BATCH-5460,MO-6270,RM-48,06/04/2025,4342
BATCH-5461,MO-7793,RM-49,03/07/2026,3867
BATCH-5462,MO-5365,RM-98,2026-03-03,627
BATCH-5463,MO-1785,RM-98,10/12/2024,872
BATCH-5464,MO-4821,RM-28,10-11-2026,4492
BATCH-5465,MO-296,RM-25,06/08/2025,294
BATCH-5466,MO-5600,RM-67,03-01-2025,4401
BATCH-5467,MO-4275,RM-49,2024-03-14,3312
BATCH-5468,MO-7562,RM-92,10/21/2025,1429
BATCH-5469,MO-4684,RM-2,01/19/2026,4325
BATCH-5470,MO-6937,RM-85,2026-10-21,3603
BATCH-5471,MO-6795,RM-53,08/05/2026,3781
BATCH-5472,MO-2274,RM-4,12/09/2024,3510
BATCH-5473,MO-3833,RM-18,21-05-2026,1404
BATCH-5474,MO-7325,RM-27,03/06/2024,4269
BATCH-5475,MO-2366,RM-29,2025-02-02,136
BATCH-5476,MO-1570,RM-118,2025-01-14,479
BATCH-5477,MO-4194,RM-42,13-05-2024,1646
BATCH-5478,MO-5921,RM-88,25-10-2026,3860
BATCH-5479,MO-958,RM-16,06-01-2024,4652
BATCH-5480,MO-774,RM-120,2026-09-13,3714
BATCH-5481,MO-1285,RM-99,2026-07-01,1504
BATCH-5482,MO-4237,RM-25,2024-07-13,1557
BATCH-5483,MO-4863,RM-67,2026-01-22,219
BATCH-5484,MO-2925,RM-76,2024-06-06,3555
BATCH-5485,MO-3482,RM-117,11/24/2026,4524
BATCH-5486,MO-1192,RM-83,2024-01-28,4795
BATCH-5487,MO-5499,RM-111,12/22/2026,219
BATCH-5488,MO-219,RM-75,09/12/2024,1392
BATCH-5489,MO-2201,RM-17,2025-09-23,1063
BATCH-5490,MO-4645,RM-67,23-04-2025,294
BATCH-5491,MO-6102,RM-76,07/08/2025,3744
BATCH-5492,MO-261,RM-105,14-11-2025,2555
BATCH-5493,MO-2792,RM-51,2024-10-01,466
BATCH-5494,MO-4160,RM-94,2026-11-27,1638
BATCH-5495,MO-3160,RM-8,03-07-2025,1370
BATCH-5496,MO-4371,RM-116,2024-04-06,3553
BATCH-5497,MO-1069,RM-25,2026-09-02,720
BATCH-5498,MO-3147,RM-76,2025-10-12,270
BATCH-5499,MO-6654,RM-116,03/03/2026,1533
BATCH-5500,MO-2614,RM-116,05/18/2026,2889
BATCH-5501,MO-5223,RM-88,2025-09-03,1177
BATCH-5502,MO-4184,RM-107,08/19/2026,2506
BATCH-5503,MO-5714,RM-114,2026-12-01,3124
BATCH-5504,MO-2944,RM-65,17-11-2024,4674
BATCH-5505,MO-4321,RM-41,2026-03-23,1999
BATCH-5506,MO-4830,RM-92,04/13/2025,795
BATCH-5507,MO-3540,RM-52,26-05-2024,1178
BATCH-5508,MO-6813,RM-111,2026-02-16,3121
BATCH-5509,MO-1946,RM-12,2026-02-04,3205
BATCH-5510,MO-3915,RM-63,22-01-2026,4307
BATCH-5511,MO-5670,RM-1,2024-04-12,3288
BATCH-5512,MO-6682,RM-78,01/15/2026,959
BATCH-5513,MO-5272,RM-70,24-04-2026,2659
BATCH-5514,MO-2803,RM-27,2024-07-28,165
BATCH-5515,MO-4195,RM-109,10-03-2026,3527
BATCH-5516,MO-5777,RM-42,03-08-2024,1037
BATCH-5517,MO-2205,RM-99,2024-11-08,3640
BATCH-5518,MO-7452,RM-78,2024-08-27,3714
BATCH-5519,MO-3373,RM-21,2025-08-10,573
BATCH-5520,MO-3393,RM-118,2025-01-08,3072
BATCH-5521,MO-1080,RM-95,2026-01-01,981
BATCH-5522,MO-5641,RM-67,2026-06-25,1930
BATCH-5523,MO-7692,RM-16,10/23/2024,1960
BATCH-5524,MO-5299,RM-109,2026-08-07,1854
BATCH-5525,MO-7918,RM-105,2024-07-10,464
BATCH-5526,MO-2924,RM-119,2024-09-06,3264
BATCH-5527,MO-13,RM-79,2025-08-09,313
BATCH-5528,MO-7323,RM-66,26-03-2025,3709
BATCH-5529,MO-6607,RM-12,02-07-2025,1795
BATCH-5530,MO-4661,RM-105,2025-02-27,193
BATCH-5531,MO-4966,RM-24,2025-01-02,1242
BATCH-5532,MO-7271,RM-71,2024-02-20,2892
BATCH-5533,MO-5177,RM-65,26-07-2026,288
BATCH-5534,MO-1239,RM-85,2025-08-26,931
BATCH-5535,MO-5081,RM-1,2026-11-01,3156
BATCH-5536,MO-4043,RM-25,03/19/2025,1680
BATCH-5537,MO-1455,RM-68,02/07/2026,2645
BATCH-5538,MO-5893,RM-91,2024-06-15,2829
BATCH-5539,MO-2378,RM-37,10/23/2026,2558
BATCH-5540,MO-6510,RM-108,2025-05-06,1898
BATCH-5541,MO-6987,RM-83,07/13/2024,1428
BATCH-5542,MO-5243,RM-66,03/10/2026,1573
BATCH-5543,MO-4587,RM-9,2024-12-05,1556
BATCH-5544,MO-1074,RM-4,2024-03-24,721
BATCH-5545,MO-3636,RM-84,06/04/2025,1281
BATCH-5546,MO-186,RM-106,2025-11-11,2425
BATCH-5547,MO-975,RM-97,05/01/2024,4321
BATCH-5548,MO-4399,RM-48,2025-06-15,2204
BATCH-5549,MO-4081,RM-14,10/16/2025,2712
BATCH-5550,MO-1476,RM-47,02/23/2024,2422
BATCH-5551,MO-7610,RM-74,05/12/2026,1008
BATCH-5552,MO-2433,RM-11,14-09-2025,2101
BATCH-5553,MO-5940,RM-14,2024-05-25,2492
BATCH-5554,MO-4627,RM-12,05/14/2024,4413
BATCH-5555,MO-1905,RM-71,06/03/2024,4418
BATCH-5556,MO-5104,RM-80,2025-03-03,410
BATCH-5557,MO-7112,RM-82,2024-09-12,2222
BATCH-5558,MO-1785,RM-103,11/05/2024,2278
BATCH-5559,MO-7845,RM-24,2024-07-10,3058
BATCH-5560,MO-2901,RM-35,2026-10-11,2602
BATCH-5561,MO-4201,RM-58,04/26/2026,3961
BATCH-5562,MO-6096,RM-30,2024-04-11,2306
BATCH-5563,MO-4144,RM-82,2025-07-10,2961
BATCH-5564,MO-4291,RM-29,20-05-2025,296
BATCH-5565,MO-3850,RM-94,2026-04-25,1786
BATCH-5566,MO-865,RM-99,2026-06-27,4727
BATCH-5567,MO-530,RM-41,04-05-2026,2491
BATCH-5568,MO-2939,RM-6,2024-01-19,180
BATCH-5569,MO-1173,RM-25,06/22/2025,1153
BATCH-5570,MO-393,RM-35,11/10/2024,495
BATCH-5571,MO-6599,RM-5,11-01-2026,1657
BATCH-5572,MO-3664,RM-97,06/22/2025,1529
BATCH-5573,MO-2912,RM-108,2026-09-25,234
BATCH-5574,MO-155,RM-96,06/27/2026,981
BATCH-5575,MO-7943,RM-4,2025-12-28,3907
BATCH-5576,MO-7876,RM-120,05/26/2026,2677
BATCH-5577,MO-7447,RM-6,2025-08-28,4579
BATCH-5578,MO-5712,RM-99,03/23/2024,1064
BATCH-5579,MO-3841,RM-103,2026-08-07,1538
BATCH-5580,MO-3779,RM-58,04/27/2025,28
BATCH-5581,MO-3151,RM-107,01-12-2025,3880
BATCH-5582,MO-7400,RM-14,2024-10-01,81
BATCH-5583,MO-4970,RM-80,2025-05-15,744
BATCH-5584,MO-7404,RM-5,10-05-2025,3575
BATCH-5585,MO-3006,RM-109,17-03-2025,4677
BATCH-5586,MO-5455,RM-94,20-03-2024,3375
BATCH-5587,MO-786,RM-88,2026-08-15,623
BATCH-5588,MO-472,RM-44,02/10/2024,2156
BATCH-5589,MO-5625,RM-112,02/20/2025,3190
BATCH-5590,MO-2242,RM-107,2026-09-12,3450
BATCH-5591,MO-3040,RM-30,2024-09-14,2093
BATCH-5592,MO-2228,RM-62,03-10-2026,3842
BATCH-5593,MO-3002,RM-63,2026-09-27,280
BATCH-5594,MO-7584,RM-1,04/08/2025,2007
BATCH-5595,MO-1290,RM-112,01/14/2025,598
BATCH-5596,MO-2727,RM-101,12/05/2025,3783
BATCH-5597,MO-1780,RM-99,2026-02-08,4750
BATCH-5598,MO-5007,RM-120,2026-11-26,4730
BATCH-5599,MO-1927,RM-114,01/08/2024,822
BATCH-5600,MO-2329,RM-52,01-09-2026,1931
BATCH-5601,MO-4607,RM-106,09/11/2024,3831
BATCH-5602,MO-7755,RM-20,2025-03-22,1916
BATCH-5603,MO-1926,RM-12,09/24/2024,3605
BATCH-5604,MO-5544,RM-31,07/16/2025,2474
BATCH-5605,MO-5722,RM-48,2024-02-16,3536
BATCH-5606,MO-1817,RM-66,17-05-2024,336
BATCH-5607,MO-39,RM-71,19-10-2024,4158
BATCH-5608,MO-7779,RM-51,2026-02-26,4744
BATCH-5609,MO-4431,RM-41,2026-02-15,1847
BATCH-5610,MO-4911,RM-9,2026-07-04,1367
BATCH-5611,MO-4766,RM-59,11/15/2026,2884
BATCH-5612,MO-7128,RM-54,09-02-2026,91
BATCH-5613,MO-897,RM-109,13-05-2026,311
BATCH-5614,MO-5778,RM-7,07-11-2026,133
BATCH-5615,MO-5366,RM-79,2024-07-09,3768
BATCH-5616,MO-5697,RM-59,07/24/2026,3567
BATCH-5617,MO-6739,RM-2,2024-05-22,2196
BATCH-5618,MO-1443,RM-5,06/26/2024,414
BATCH-5619,MO-4478,RM-67,28-04-2025,2457
BATCH-5620,MO-1017,RM-49,12/06/2024,77
BATCH-5621,MO-4710,RM-52,08/18/2024,4164
BATCH-5622,MO-7255,RM-2,12/25/2026,1104
BATCH-5623,MO-397,RM-14,12/01/2024,2103
BATCH-5624,MO-4634,RM-34,2026-07-08,4023
BATCH-5625,MO-2320,RM-65,2026-09-13,4738
BATCH-5626,MO-1632,RM-32,2024-10-06,236
BATCH-5627,MO-7955,RM-20,2026-08-18,1442
BATCH-5628,MO-6306,RM-51,2024-12-17,3516
BATCH-5629,MO-588,RM-91,2026-07-26,2212
BATCH-5630,MO-2675,RM-61,05/15/2025,1791
BATCH-5631,MO-5860,RM-120,2024-02-16,4225
BATCH-5632,MO-7911,RM-59,2026-08-01,1744
BATCH-5633,MO-2868,RM-44,09-01-2026,1989
BATCH-5634,MO-7694,RM-38,2025-11-11,2759
BATCH-5635,MO-7143,RM-59,07/24/2026,1031
BATCH-5636,MO-767,RM-7,2026-12-24,875
BATCH-5637,MO-2080,RM-19,2024-09-16,4596
BATCH-5638,MO-6930,RM-24,04-10-2025,3944
BATCH-5639,MO-5719,RM-42,12-01-2026,3407
BATCH-5640,MO-4038,RM-11,25-04-2026,1654
BATCH-5641,MO-1303,RM-64,16-03-2026,691
BATCH-5642,MO-5968,RM-22,11/01/2025,267
BATCH-5643,MO-4225,RM-44,2026-01-22,4445
BATCH-5644,MO-1786,RM-55,18-11-2024,1110
BATCH-5645,MO-13,RM-42,06-10-2024,3346
BATCH-5646,MO-2035,RM-97,06-05-2025,1258
BATCH-5647,MO-3473,RM-52,2024-12-15,2455
BATCH-5648,MO-6718,RM-9,05/12/2026,3924
BATCH-5649,MO-2349,RM-85,04/16/2026,2646
BATCH-5650,MO-5891,RM-101,11-08-2026,3163
BATCH-5651,MO-470,RM-32,2026-06-15,4770
BATCH-5652,MO-577,RM-33,12-02-2026,2116
BATCH-5653,MO-3432,RM-62,2024-12-08,3435
BATCH-5654,MO-7862,RM-65,2026-10-21,3878
BATCH-5655,MO-5892,RM-119,09/08/2024,5
BATCH-5656,MO-6870,RM-15,2026-10-06,3355
BATCH-5657,MO-6192,RM-79,2025-10-19,872
BATCH-5658,MO-3651,RM-75,09/19/2025,4624
BATCH-5659,MO-2024,RM-17,05/25/2026,2035
BATCH-5660,MO-6004,RM-104,2024-09-23,4196
BATCH-5661,MO-767,RM-68,2024-11-26,3486
BATCH-5662,MO-2946,RM-75,28-10-2024,1983
BATCH-5663,MO-7588,RM-116,11/12/2024,1495
BATCH-5664,MO-3494,RM-54,2026-12-03,3858
BATCH-5665,MO-7490,RM-40,20-06-2024,4406
BATCH-5666,MO-862,RM-12,2024-02-14,66
BATCH-5667,MO-1257,RM-107,07/11/2024,2149
BATCH-5668,MO-4367,RM-6,2025-09-15,749
BATCH-5669,MO-4771,RM-107,12/26/2024,2897
BATCH-5670,MO-419,RM-61,07-04-2024,2115
BATCH-5671,MO-7944,RM-97,2024-11-22,3615
BATCH-5672,MO-320,RM-111,08/26/2026,1082
BATCH-5673,MO-3501,RM-21,07-02-2025,34
BATCH-5674,MO-5373,RM-70,2025-09-27,3731
BATCH-5675,MO-2750,RM-94,2026-09-26,3163
BATCH-5676,MO-6389,RM-93,03/18/2024,4312
BATCH-5677,MO-2891,RM-95,2025-09-23,2224
BATCH-5678,MO-6650,RM-19,19-03-2024,833
BATCH-5679,MO-6981,RM-26,2025-07-08,3512
BATCH-5680,MO-3322,RM-42,2025-02-27,2711
BATCH-5681,MO-5575,RM-18,25-06-2026,3944
BATCH-5682,MO-4610,RM-82,11/13/2026,79
BATCH-5683,MO-2372,RM-87,05/22/2024,1593
BATCH-5684,MO-3503,RM-6,08/20/2026,1657
BATCH-5685,MO-3324,RM-87,2024-12-28,4325
BATCH-5686,MO-7652,RM-17,01/20/2024,3554
BATCH-5687,MO-3780,RM-93,2025-07-19,2725
BATCH-5688,MO-4826,RM-29,2025-08-09,1144
BATCH-5689,MO-5650,RM-41,2026-08-06,2256
BATCH-5690,MO-6036,RM-67,07/22/2026,3086
BATCH-5691,MO-6061,RM-50,01/23/2026,2702
BATCH-5692,MO-481,RM-50,15-03-2025,3885
BATCH-5693,MO-1156,RM-22,2026-04-12,2012
BATCH-5694,MO-5794,RM-41,16-02-2025,3499
BATCH-5695,MO-5044,RM-77,10/03/2025,822
BATCH-5696,MO-3313,RM-109,2026-10-22,1257
BATCH-5697,MO-7821,RM-24,2025-05-15,303
BATCH-5698,MO-2974,RM-59,2024-06-06,2810
BATCH-5699,MO-4314,RM-89,2024-07-18,3349
BATCH-5700,MO-5363,RM-48,14-01-2024,2889
BATCH-5701,MO-4118,RM-37,08/01/2025,4239
BATCH-5702,MO-1439,RM-97,04/02/2025,1945
BATCH-5703,MO-7093,RM-84,03/25/2025,437
BATCH-5704,MO-601,RM-59,2024-03-17,887
BATCH-5705,MO-2387,RM-67,2026-06-07,2186
BATCH-5706,MO-3972,RM-100,12-04-2025,804
BATCH-5707,MO-5319,RM-88,12/18/2025,611
BATCH-5708,MO-6939,RM-70,05/09/2024,1715
BATCH-5709,MO-1987,RM-40,12/14/2025,3997
BATCH-5710,MO-5113,RM-62,2025-11-07,4206
BATCH-5711,MO-5723,RM-7,2026-04-23,3427
BATCH-5712,MO-5877,RM-113,2025-04-06,1510
BATCH-5713,MO-7214,RM-17,2024-08-15,3617
BATCH-5714,MO-4093,RM-119,2025-05-27,1517
BATCH-5715,MO-4286,RM-80,10/08/2024,1950
BATCH-5716,MO-4932,RM-107,2025-06-06,1746
BATCH-5717,MO-229,RM-119,04-07-2026,2977
BATCH-5718,MO-6932,RM-105,05/12/2025,4343
BATCH-5719,MO-975,RM-12,04/10/2026,3008
BATCH-5720,MO-310,RM-38,2025-08-01,1679
BATCH-5721,MO-1079,RM-16,2026-04-04,3138
BATCH-5722,MO-5593,RM-19,05/16/2026,2506
BATCH-5723,MO-7274,RM-50,07-10-2024,2186
BATCH-5724,MO-1469,RM-45,07/12/2026,3597
BATCH-5725,MO-1376,RM-19,2025-05-20,2790
BATCH-5726,MO-7277,RM-55,06/18/2026,52
BATCH-5727,MO-5221,RM-48,2025-02-15,1696
BATCH-5728,MO-2950,RM-95,05/20/2024,1861
BATCH-5729,MO-5635,RM-105,2026-04-09,2037
BATCH-5730,MO-5131,RM-110,2024-05-22,4091
BATCH-5731,MO-2005,RM-113,2024-07-24,4257
BATCH-5732,MO-660,RM-75,06/08/2025,3865
BATCH-5733,MO-6653,RM-28,2024-04-01,1793
BATCH-5734,MO-3968,RM-13,2025-08-04,3769
BATCH-5735,MO-3901,RM-94,2024-12-06,2652
BATCH-5736,MO-4634,RM-73,2024-01-20,3578
BATCH-5737,MO-7010,RM-78,23-09-2025,1637
BATCH-5738,MO-7959,RM-41,24-10-2026,453
BATCH-5739,MO-3011,RM-112,2026-02-10,1470
BATCH-5740,MO-6552,RM-5,2026-06-09,1325
BATCH-5741,MO-5825,RM-48,01/01/2024,4740
BATCH-5742,MO-1733,RM-94,03-07-2025,4267
BATCH-5743,MO-3153,RM-80,22-12-2026,2808
BATCH-5744,MO-942,RM-72,02/22/2026,1180
BATCH-5745,MO-2974,RM-4,09/17/2026,4630
BATCH-5746,MO-6636,RM-82,03/01/2025,1167
BATCH-5747,MO-6145,RM-97,2026-11-13,2577
BATCH-5748,MO-6730,RM-101,11/04/2026,3047
BATCH-5749,MO-1648,RM-85,04/13/2025,3133
BATCH-5750,MO-285,RM-119,2026-08-09,1921
BATCH-5751,MO-5359,RM-39,09-02-2026,4181
BATCH-5752,MO-2006,RM-75,2024-07-09,1892
BATCH-5753,MO-4042,RM-51,2025-10-09,1789
BATCH-5754,MO-5098,RM-106,2025-12-10,1853
BATCH-5755,MO-5350,RM-4,24-04-2025,694
BATCH-5756,MO-6303,RM-113,2024-02-13,364
BATCH-5757,MO-4438,RM-7,01-06-2025,4714
BATCH-5758,MO-1271,RM-3,2026-03-18,2646
BATCH-5759,MO-817,RM-46,2026-06-28,201
BATCH-5760,MO-4635,RM-112,2025-09-20,1043
BATCH-5761,MO-5873,RM-35,03/21/2024,3435
BATCH-5762,MO-5872,RM-6,07/15/2026,485
BATCH-5763,MO-5720,RM-24,2025-08-06,2937
BATCH-5764,MO-522,RM-80,25-05-2024,916
BATCH-5765,MO-6546,RM-35,09/05/2026,4790
BATCH-5766,MO-438,RM-24,2026-08-28,2820
BATCH-5767,MO-7195,RM-46,17-04-2024,4159
BATCH-5768,MO-5017,RM-53,2024-11-14,3415
BATCH-5769,MO-5462,RM-43,14-02-2026,818
BATCH-5770,MO-5833,RM-14,15-11-2025,2025
BATCH-5771,MO-2304,RM-47,2024-11-03,803
BATCH-5772,MO-6863,RM-99,2024-12-13,1921
BATCH-5773,MO-1120,RM-55,25-01-2024,57
BATCH-5774,MO-1804,RM-2,01/12/2025,4031
BATCH-5775,MO-470,RM-84,2025-01-07,3725
BATCH-5776,MO-530,RM-14,05-04-2025,3008
BATCH-5777,MO-209,RM-106,2024-05-24,2078
BATCH-5778,MO-7316,RM-83,11/13/2025,380
BATCH-5779,MO-7012,RM-25,06/03/2026,1355
BATCH-5780,MO-5323,RM-9,21-10-2024,2788
BATCH-5781,MO-2253,RM-48,2026-04-01,244
BATCH-5782,MO-3576,RM-37,06/14/2025,4218
BATCH-5783,MO-1295,RM-78,2024-01-01,3979
BATCH-5784,MO-2800,RM-11,2025-07-06,1165
BATCH-5785,MO-5512,RM-84,05/21/2024,168
BATCH-5786,MO-7566,RM-40,10-09-2025,2866
BATCH-5787,MO-474,RM-83,01/25/2024,25
BATCH-5788,MO-6130,RM-47,2025-06-22,1209
BATCH-5789,MO-7096,RM-89,07-07-2026,4097
BATCH-5790,MO-3604,RM-35,2026-03-22,2697
BATCH-5791,MO-5255,RM-41,07-04-2025,302
BATCH-5792,MO-115,RM-88,2025-05-14,2500
BATCH-5793,MO-3174,RM-36,2025-02-28,326
BATCH-5794,MO-3549,RM-38,2026-06-06,166
BATCH-5795,MO-7624,RM-1,2026-03-17,3135
BATCH-5796,MO-5254,RM-33,2024-11-09,3862
BATCH-5797,MO-4123,RM-97,21-10-2024,3294
BATCH-5798,MO-2885,RM-88,02/03/2026,2439
BATCH-5799,MO-4788,RM-69,03/19/2025,4618
BATCH-5800,MO-7389,RM-61,2026-03-17,3794
BATCH-5801,MO-4010,RM-79,2025-05-14,3085
BATCH-5802,MO-1256,RM-8,2026-06-10,3418
BATCH-5803,MO-1252,RM-17,12/02/2025,1824
BATCH-5804,MO-6521,RM-2,03/06/2026,3199
BATCH-5805,MO-6756,RM-24,10/13/2024,2575
BATCH-5806,MO-6172,RM-96,2025-01-21,1233
BATCH-5807,MO-7629,RM-12,2025-11-27,2500
BATCH-5808,MO-7897,RM-34,2024-07-18,870
BATCH-5809,MO-1799,RM-48,2024-11-20,3813
BATCH-5810,MO-3215,RM-19,02/26/2025,4308
BATCH-5811,MO-1460,RM-88,10-08-2024,1484
BATCH-5812,MO-2967,RM-32,2025-06-22,2382
BATCH-5813,MO-2103,RM-78,01/23/2025,4239
BATCH-5814,MO-7543,RM-64,2026-08-08,2496
BATCH-5815,MO-7169,RM-59,2024-07-10,4011
BATCH-5816,MO-4226,RM-2,10/18/2025,708
BATCH-5817,MO-1580,RM-98,2024-07-08,1883
BATCH-5818,MO-2317,RM-6,01/11/2025,4720
BATCH-5819,MO-2433,RM-98,10/05/2026,2774
BATCH-5820,MO-6120,RM-80,04/21/2026,2672
BATCH-5821,MO-4642,RM-102,05/28/2024,1178
BATCH-5822,MO-2231,RM-33,2025-12-27,3783
BATCH-5823,MO-4426,RM-23,03/07/2026,4718
BATCH-5824,MO-2850,RM-114,17-06-2025,3790
BATCH-5825,MO-3208,RM-59,03/15/2024,3095
BATCH-5826,MO-6703,RM-36,2024-03-08,3360
BATCH-5827,MO-4408,RM-107,2026-01-23,4666
BATCH-5828,MO-5400,RM-44,2024-10-25,3018
BATCH-5829,MO-2837,RM-85,02/01/2025,2581
BATCH-5830,MO-6299,RM-88,10/15/2025,4573
BATCH-5831,MO-45,RM-100,11/16/2024,1088
BATCH-5832,MO-2266,RM-55,2024-07-28,93
BATCH-5833,MO-6657,RM-87,2025-02-16,1943
BATCH-5834,MO-6884,RM-103,2024-04-07,3075
BATCH-5835,MO-6591,RM-107,10/26/2026,1570
BATCH-5836,MO-7420,RM-77,2025-05-11,2427
BATCH-5837,MO-224,RM-57,01/25/2025,252
BATCH-5838,MO-3258,RM-93,2024-03-28,3963
BATCH-5839,MO-810,RM-28,01/24/2025,2267
BATCH-5840,MO-4946,RM-105,12-02-2026,3810
BATCH-5841,MO-5431,RM-41,10/21/2024,3748
BATCH-5842,MO-6187,RM-32,2026-06-19,1425
BATCH-5843,MO-1244,RM-107,25-05-2025,1055
BATCH-5844,MO-1492,RM-53,06/05/2025,65
BATCH-5845,MO-6945,RM-93,03/24/2026,1562
BATCH-5846,MO-6485,RM-64,2025-01-09,3448
BATCH-5847,MO-2062,RM-44,2026-09-03,1285
BATCH-5848,MO-4853,RM-12,01/07/2024,3105
BATCH-5849,MO-428,RM-65,19-08-2024,3681
BATCH-5850,MO-1933,RM-68,2025-03-28,1508
BATCH-5851,MO-4591,RM-100,08/16/2026,2408
BATCH-5852,MO-6102,RM-99,2026-02-21,2352
BATCH-5853,MO-5641,RM-84,2026-06-14,2264
BATCH-5854,MO-3457,RM-77,12/15/2026,4258
BATCH-5855,MO-6431,RM-61,2025-12-23,3607
BATCH-5856,MO-4162,RM-40,07/16/2026,3778
BATCH-5857,MO-766,RM-86,2024-06-01,1882
BATCH-5858,MO-2063,RM-15,2026-09-26,2760
BATCH-5859,MO-6821,RM-27,2025-08-03,364
BATCH-5860,MO-7311,RM-47,2024-11-25,3871
BATCH-5861,MO-762,RM-7,04/25/2026,824
BATCH-5862,MO-5829,RM-68,2026-06-01,1078
BATCH-5863,MO-3850,RM-22,2024-01-24,1376
BATCH-5864,MO-7827,RM-29,08/06/2024,2730
BATCH-5865,MO-7920,RM-64,2026-10-08,9
BATCH-5866,MO-525,RM-98,2024-03-19,514
BATCH-5867,MO-316,RM-83,2026-08-02,2864
BATCH-5868,MO-3316,RM-2,2025-02-01,2482
BATCH-5869,MO-5372,RM-71,02/11/2025,336
BATCH-5870,MO-3924,RM-100,2025-09-17,2898
BATCH-5871,MO-2197,RM-83,2025-08-04,4305
BATCH-5872,MO-1428,RM-96,08/04/2024,4038
BATCH-5873,MO-7605,RM-36,12/07/2024,790
BATCH-5874,MO-3802,RM-115,12/19/2025,475
BATCH-5875,MO-2926,RM-38,2025-04-02,2553
BATCH-5876,MO-3489,RM-106,05/18/2024,1219
BATCH-5877,MO-6094,RM-99,03/06/2026,3639
BATCH-5878,MO-6746,RM-49,11-08-2026,377
BATCH-5879,MO-5167,RM-90,2024-02-05,794
BATCH-5880,MO-2517,RM-115,10/23/2026,2058
BATCH-5881,MO-3730,RM-76,06/27/2025,2251
BATCH-5882,MO-735,RM-80,2024-04-09,929
BATCH-5883,MO-3921,RM-68,11/25/2026,3900
BATCH-5884,MO-5464,RM-7,2026-09-28,1690
BATCH-5885,MO-7833,RM-6,2024-02-23,1780
BATCH-5886,MO-5644,RM-108,2026-01-01,3818
BATCH-5887,MO-518,RM-77,20-11-2025,2258
BATCH-5888,MO-1002,RM-111,13-11-2026,1943
BATCH-5889,MO-1901,RM-93,05-07-2025,2930
BATCH-5890,MO-282,RM-117,2024-02-24,3562
BATCH-5891,MO-7060,RM-63,2026-12-15,4058
BATCH-5892,MO-5530,RM-79,28-03-2026,3501
BATCH-5893,MO-4770,RM-95,2025-03-24,2615
BATCH-5894,MO-2704,RM-11,2025-03-28,4311
BATCH-5895,MO-374,RM-97,2025-08-23,2184
BATCH-5896,MO-1410,RM-75,19-07-2025,189
BATCH-5897,MO-5944,RM-61,2025-04-23,3900
BATCH-5898,MO-1655,RM-58,25-08-2024,52
BATCH-5899,MO-7666,RM-87,2024-12-08,1553
BATCH-5900,MO-672,RM-20,06/19/2026,479
BATCH-5901,MO-1838,RM-51,12/12/2024,1848
BATCH-5902,MO-6630,RM-52,02-10-2024,3002
BATCH-5903,MO-838,RM-92,2025-03-12,1315
BATCH-5904,MO-2207,RM-95,2024-02-14,709
BATCH-5905,MO-1800,RM-103,2024-03-22,41
BATCH-5906,MO-3591,RM-96,2026-03-17,2980
BATCH-5907,MO-891,RM-18,2024-05-25,2063
BATCH-5908,MO-7228,RM-72,21-12-2024,3463
BATCH-5909,MO-4209,RM-65,02/24/2024,2961
BATCH-5910,MO-6072,RM-11,2024-05-09,4182
BATCH-5911,MO-3823,RM-84,01/18/2025,3700
BATCH-5912,MO-7499,RM-85,2025-07-22,4177
BATCH-5913,MO-5285,RM-23,2024-07-12,3868
BATCH-5914,MO-3895,RM-61,10/02/2026,4491
BATCH-5915,MO-4304,RM-35,2025-01-18,3699
BATCH-5916,MO-7909,RM-39,2024-06-27,1687
BATCH-5917,MO-2678,RM-39,25-05-2025,3324
BATCH-5918,MO-3321,RM-2,2025-03-11,1034
BATCH-5919,MO-2606,RM-8,01/27/2026,3362
BATCH-5920,MO-1984,RM-15,2025-02-16,4338
BATCH-5921,MO-7488,RM-52,10-02-2024,4649
BATCH-5922,MO-799,RM-28,2026-08-07,2579
BATCH-5923,MO-3587,RM-62,2024-03-19,4545
BATCH-5924,MO-1493,RM-74,2024-05-07,657
BATCH-5925,MO-7083,RM-105,24-10-2026,71
BATCH-5926,MO-5687,RM-79,04/26/2026,1047
BATCH-5927,MO-314,RM-68,09/24/2025,4196
BATCH-5928,MO-3501,RM-55,11/17/2025,3684
BATCH-5929,MO-4103,RM-44,08/08/2025,3153
BATCH-5930,MO-136,RM-45,2025-09-22,4122
BATCH-5931,MO-3767,RM-44,2026-03-28,4724
BATCH-5932,MO-2573,RM-18,2025-06-22,2711
BATCH-5933,MO-4641,RM-78,03/12/2025,127
BATCH-5934,MO-6582,RM-12,12/10/2026,3273
BATCH-5935,MO-388,RM-60,2026-04-06,4162
BATCH-5936,MO-4572,RM-90,2025-01-09,2503
BATCH-5937,MO-6760,RM-54,2026-05-27,1877
BATCH-5938,MO-443,RM-43,2024-07-14,3655
BATCH-5939,MO-1268,RM-76,28-10-2026,3755
BATCH-5940,MO-2995,RM-84,07/27/2024,4697
BATCH-5941,MO-6353,RM-67,2026-02-05,4128
BATCH-5942,MO-2681,RM-84,06/18/2025,2890
BATCH-5943,MO-7694,RM-10,2024-08-02,4506
BATCH-5944,MO-211,RM-111,08-11-2025,484
BATCH-5945,MO-4968,RM-17,2024-03-16,4283
BATCH-5946,MO-3011,RM-95,11/20/2026,2992
BATCH-5947,MO-2144,RM-96,01/23/2024,2256
BATCH-5948,MO-5781,RM-80,2024-01-24,3408
BATCH-5949,MO-6069,RM-60,10/01/2024,2752
BATCH-5950,MO-6318,RM-73,2025-10-19,4697
BATCH-5951,MO-7657,RM-6,12-07-2025,3734
BATCH-5952,MO-6375,RM-96,05-04-2026,1157
BATCH-5953,MO-2945,RM-13,10/07/2026,738
BATCH-5954,MO-4563,RM-18,2024-04-08,2553
BATCH-5955,MO-1935,RM-51,2025-10-26,1786
BATCH-5956,MO-6706,RM-105,05/16/2024,693
BATCH-5957,MO-137,RM-28,01-01-2024,3330
BATCH-5958,MO-7450,RM-103,10/04/2025,3724
BATCH-5959,MO-1696,RM-42,09/13/2026,1066
BATCH-5960,MO-7433,RM-95,2024-05-24,3973
BATCH-5961,MO-1492,RM-16,04/15/2025,110
BATCH-5962,MO-1679,RM-17,05/12/2025,2490
BATCH-5963,MO-4281,RM-78,10/05/2025,1761
BATCH-5964,MO-5883,RM-105,2025-11-05,1881
BATCH-5965,MO-6441,RM-5,11/25/2025,3533
BATCH-5966,MO-985,RM-89,2026-01-15,2318
BATCH-5967,MO-341,RM-14,17-02-2026,1723
BATCH-5968,MO-5405,RM-84,2024-01-14,490
BATCH-5969,MO-3403,RM-116,04/20/2024,3542
BATCH-5970,MO-4863,RM-62,19-05-2026,2993
BATCH-5971,MO-4559,RM-48,08/27/2026,193
BATCH-5972,MO-6171,RM-36,2025-01-01,4470
BATCH-5973,MO-6404,RM-31,12/12/2026,1290
BATCH-5974,MO-1668,RM-81,2026-06-03,4095
BATCH-5975,MO-3839,RM-48,2025-02-14,1888
BATCH-5976,MO-7313,RM-58,2026-07-25,327
BATCH-5977,MO-3921,RM-20,2026-05-08,1067
BATCH-5978,MO-7931,RM-42,2024-04-13,919
BATCH-5979,MO-503,RM-110,22-06-2024,1845
BATCH-5980,MO-1048,RM-71,2026-08-26,4797
BATCH-5981,MO-617,RM-105,02/14/2024,4241
BATCH-5982,MO-7846,RM-46,2024-05-17,4200
BATCH-5983,MO-5001,RM-77,19-04-2025,524
BATCH-5984,MO-1945,RM-19,02/05/2025,770
BATCH-5985,MO-246,RM-2,12/19/2024,3365
BATCH-5986,MO-1441,RM-12,03/16/2024,771
BATCH-5987,MO-6103,RM-49,11/22/2024,4461
BATCH-5988,MO-4229,RM-118,2026-01-08,2069
BATCH-5989,MO-1484,RM-35,06/08/2025,3951
BATCH-5990,MO-770,RM-33,02/23/2025,658
BATCH-5991,MO-5214,RM-57,2024-12-24,305
BATCH-5992,MO-6343,RM-98,03/19/2026,3987
BATCH-5993,MO-5181,RM-18,04/07/2026,2231
BATCH-5994,MO-774,RM-66,01/27/2025,1595
BATCH-5995,MO-6834,RM-46,2024-11-26,4054
BATCH-5996,MO-7208,RM-99,10/18/2025,1864
BATCH-5997,MO-4483,RM-53,11-01-2025,314
BATCH-5998,MO-7427,RM-33,2026-03-21,3332
BATCH-5999,MO-3225,RM-108,21-10-2024,628
BATCH-6000,MO-1497,RM-10,03/09/2025,2760
BATCH-6001,MO-3518,RM-10,2025-10-22,3755
BATCH-6002,MO-3731,RM-41,2024-10-16,2424
BATCH-6003,MO-1056,RM-85,01/24/2025,54
BATCH-6004,MO-5562,RM-108,19-09-2025,3810
BATCH-6005,MO-3089,RM-64,02/15/2024,2389
BATCH-6006,MO-1694,RM-70,03-02-2026,808
BATCH-6007,MO-7930,RM-84,10-07-2026,4074
BATCH-6008,MO-6895,RM-113,2024-12-09,1781
BATCH-6009,MO-7980,RM-49,2024-12-02,652
BATCH-6010,MO-2715,RM-16,05/15/2026,4581
BATCH-6011,MO-5724,RM-27,05/11/2024,385
BATCH-6012,MO-4980,RM-15,08-04-2026,887
BATCH-6013,MO-3822,RM-67,2025-10-19,1871
BATCH-6014,MO-410,RM-90,06/13/2024,2991
BATCH-6015,MO-5955,RM-96,2026-12-03,2534
BATCH-6016,MO-3266,RM-77,2025-07-10,3776
BATCH-6017,MO-6178,RM-116,16-01-2024,2812
BATCH-6018,MO-2711,RM-65,2026-03-11,3138
BATCH-6019,MO-797,RM-108,03-10-2025,767
BATCH-6020,MO-111,RM-39,20-08-2025,3074
BATCH-6021,MO-646,RM-15,2026-04-13,1116
BATCH-6022,MO-3212,RM-117,12/06/2026,850
BATCH-6023,MO-3350,RM-86,2024-06-03,2951
BATCH-6024,MO-6884,RM-110,07/04/2025,3239
BATCH-6025,MO-283,RM-79,2024-02-20,931
BATCH-6026,MO-5317,RM-75,2024-10-23,4637
BATCH-6027,MO-3041,RM-72,06-01-2026,3162
BATCH-6028,MO-5226,RM-35,2026-05-02,1617
BATCH-6029,MO-7861,RM-24,2024-11-26,932
BATCH-6030,MO-5206,RM-62,09/02/2025,350
BATCH-6031,MO-3977,RM-3,05/20/2024,1942
BATCH-6032,MO-78,RM-53,2024-04-04,1526
BATCH-6033,MO-1296,RM-50,2024-04-09,2015
BATCH-6034,MO-4452,RM-71,2024-03-11,2104
BATCH-6035,MO-2159,RM-53,2024-06-06,1029
BATCH-6036,MO-842,RM-25,07/20/2026,525
BATCH-6037,MO-4952,RM-92,2024-09-22,331
BATCH-6038,MO-6107,RM-10,08/19/2025,1412
BATCH-6039,MO-4809,RM-40,06/14/2024,2308
BATCH-6040,MO-7726,RM-75,04-09-2026,2372
BATCH-6041,MO-612,RM-70,07/26/2025,2281
BATCH-6042,MO-1752,RM-119,03/08/2024,309
BATCH-6043,MO-2169,RM-95,2026-12-12,1631
BATCH-6044,MO-7112,RM-47,2025-08-06,3549
BATCH-6045,MO-5157,RM-46,20-11-2026,4330
BATCH-6046,MO-5638,RM-91,20-01-2025,3318
BATCH-6047,MO-5088,RM-11,2024-02-09,4437
BATCH-6048,MO-3604,RM-12,2025-08-21,2703
BATCH-6049,MO-3410,RM-26,2026-04-03,1287
BATCH-6050,MO-4020,RM-19,2024-03-17,4678
BATCH-6051,MO-4863,RM-77,2026-11-05,597
BATCH-6052,MO-762,RM-80,15-02-2025,1209
BATCH-6053,MO-7234,RM-108,2026-05-20,3465
BATCH-6054,MO-2180,RM-28,07/05/2024,126
BATCH-6055,MO-1104,RM-67,22-07-2026,1854
BATCH-6056,MO-2150,RM-68,2026-04-01,3125
BATCH-6057,MO-6843,RM-23,2026-05-24,1841
BATCH-6058,MO-4208,RM-84,04/14/2025,3842
BATCH-6059,MO-3394,RM-55,07/20/2024,2706
BATCH-6060,MO-1662,RM-87,2026-10-14,3073
BATCH-6061,MO-1664,RM-30,04/03/2025,2793
BATCH-6062,MO-2224,RM-95,2025-01-03,3330
BATCH-6063,MO-5733,RM-106,05/08/2025,3469
BATCH-6064,MO-4995,RM-72,04/06/2024,3118
BATCH-6065,MO-1799,RM-95,2026-01-16,11
BATCH-6066,MO-2175,RM-64,2025-12-15,2695
BATCH-6067,MO-6824,RM-54,04/13/2024,3891
BATCH-6068,MO-385,RM-50,13-12-2024,1690
BATCH-6069,MO-2475,RM-65,2024-10-03,1576
BATCH-6070,MO-3340,RM-14,02/10/2026,1954
BATCH-6071,MO-5591,RM-28,2026-10-06,3843
BATCH-6072,MO-1904,RM-37,2026-08-07,1398
BATCH-6073,MO-3930,RM-118,2025-10-07,1377
BATCH-6074,MO-1287,RM-23,2025-07-19,3695
BATCH-6075,MO-1994,RM-53,2024-06-02,2019
BATCH-6076,MO-4714,RM-1,04-04-2026,3988
BATCH-6077,MO-7782,RM-66,16-04-2025,4151
BATCH-6078,MO-3526,RM-20,2025-07-08,4795
BATCH-6079,MO-2918,RM-62,2024-07-16,4585
BATCH-6080,MO-4384,RM-54,28-11-2024,1532
BATCH-6081,MO-6488,RM-103,12-04-2026,1699
BATCH-6082,MO-7297,RM-55,2025-01-15,4478
BATCH-6083,MO-3362,RM-44,03/20/2024,322
BATCH-6084,MO-6503,RM-19,08/03/2025,569
BATCH-6085,MO-6395,RM-70,10/11/2024,2199
BATCH-6086,MO-5598,RM-3,11/09/2025,29
BATCH-6087,MO-7479,RM-115,2025-08-05,3964
BATCH-6088,MO-7789,RM-35,06/01/2025,3657
BATCH-6089,MO-2668,RM-82,2025-12-13,2317
BATCH-6090,MO-1844,RM-97,2026-06-18,266
BATCH-6091,MO-1103,RM-10,2026-09-18,516
BATCH-6092,MO-500,RM-20,2024-10-21,2704
BATCH-6093,MO-5201,RM-75,2024-05-15,986
BATCH-6094,MO-586,RM-31,18-05-2025,939
BATCH-6095,MO-7968,RM-105,2025-05-20,2961
BATCH-6096,MO-1390,RM-3,07/13/2025,794
BATCH-6097,MO-6226,RM-64,21-04-2025,4728
BATCH-6098,MO-531,RM-10,09/17/2026,2002
BATCH-6099,MO-2736,RM-74,2026-07-08,983
BATCH-6100,MO-7127,RM-4,07/21/2026,1982
BATCH-6101,MO-1324,RM-106,2025-05-17,4397
BATCH-6102,MO-4760,RM-25,2025-06-03,2811
BATCH-6103,MO-4323,RM-12,2025-12-20,3571
BATCH-6104,MO-282,RM-118,05/10/2026,950
BATCH-6105,MO-2639,RM-31,2024-05-12,3600
BATCH-6106,MO-4681,RM-1,11/11/2024,2781
BATCH-6107,MO-301,RM-17,2026-07-02,2746
BATCH-6108,MO-5828,RM-37,10/22/2025,760
BATCH-6109,MO-1920,RM-28,2025-02-23,2370
BATCH-6110,MO-3205,RM-15,04/02/2026,475
BATCH-6111,MO-4753,RM-45,2026-01-19,880
BATCH-6112,MO-7880,RM-59,04/27/2024,2000
BATCH-6113,MO-4649,RM-89,23-01-2024,4007
BATCH-6114,MO-4434,RM-61,23-09-2025,895
BATCH-6115,MO-7103,RM-120,11/07/2025,1177
BATCH-6116,MO-7936,RM-20,09/16/2024,1538
BATCH-6117,MO-3003,RM-112,2025-08-22,725
BATCH-6118,MO-1013,RM-18,25-08-2025,1801
BATCH-6119,MO-815,RM-31,2025-07-27,3284
BATCH-6120,MO-207,RM-27,2025-10-13,3668
BATCH-6121,MO-395,RM-43,12/11/2026,3581
BATCH-6122,MO-401,RM-76,2025-11-11,3246
BATCH-6123,MO-7238,RM-37,2024-08-17,3205
BATCH-6124,MO-1648,RM-63,2025-05-06,3129
BATCH-6125,MO-725,RM-110,09/02/2024,3018
BATCH-6126,MO-459,RM-99,01/02/2026,1442
BATCH-6127,MO-4972,RM-32,24-01-2024,1912
BATCH-6128,MO-513,RM-23,2026-09-19,4544
BATCH-6129,MO-2176,RM-56,08/14/2026,2812
BATCH-6130,MO-607,RM-60,09/14/2024,979
BATCH-6131,MO-4122,RM-29,26-08-2024,2184
BATCH-6132,MO-715,RM-33,25-12-2025,3178
BATCH-6133,MO-3571,RM-48,11/04/2025,306
BATCH-6134,MO-4015,RM-59,2026-12-08,4499
BATCH-6135,MO-4098,RM-81,05/25/2026,743
BATCH-6136,MO-5074,RM-18,28-01-2025,4490
BATCH-6137,MO-3053,RM-119,2025-08-28,754
BATCH-6138,MO-543,RM-2,2025-04-04,1109
BATCH-6139,MO-5391,RM-6,03/05/2024,4179
BATCH-6140,MO-307,RM-20,2024-08-16,3762
BATCH-6141,MO-970,RM-109,01/26/2025,1681
BATCH-6142,MO-2742,RM-35,03/23/2024,3894
BATCH-6143,MO-4937,RM-107,2024-11-01,3068
BATCH-6144,MO-4115,RM-18,01/27/2025,838
BATCH-6145,MO-6572,RM-115,11/20/2026,3921
BATCH-6146,MO-1597,RM-55,08/23/2025,3025
BATCH-6147,MO-886,RM-18,2025-03-04,4320
BATCH-6148,MO-5716,RM-89,2026-05-02,413
BATCH-6149,MO-1557,RM-81,2024-09-14,1609
BATCH-6150,MO-2340,RM-119,2024-06-03,2035
BATCH-6151,MO-7803,RM-25,2025-06-06,3032
BATCH-6152,MO-2594,RM-75,2024-07-26,2393
BATCH-6153,MO-3552,RM-120,2026-10-15,3583
BATCH-6154,MO-2891,RM-31,10/25/2026,3776
BATCH-6155,MO-1550,RM-105,16-02-2024,4600
BATCH-6156,MO-1728,RM-105,2026-01-10,2687
BATCH-6157,MO-5775,RM-22,11/14/2024,4230
BATCH-6158,MO-2974,RM-76,2024-01-23,4791
BATCH-6159,MO-3085,RM-63,2024-11-04,4639
BATCH-6160,MO-646,RM-103,04/26/2026,3716
BATCH-6161,MO-7091,RM-8,2026-03-13,941
BATCH-6162,MO-7562,RM-40,06/17/2025,1787
BATCH-6163,MO-2199,RM-53,2024-08-13,1176
BATCH-6164,MO-7638,RM-8,2025-01-04,2405
BATCH-6165,MO-5890,RM-43,12/06/2024,3278
BATCH-6166,MO-2941,RM-97,2026-03-12,2325
BATCH-6167,MO-2646,RM-67,2025-12-26,754
BATCH-6168,MO-281,RM-41,2024-02-05,138
BATCH-6169,MO-3434,RM-43,2024-06-24,2673
BATCH-6170,MO-2266,RM-86,2024-02-27,4509
BATCH-6171,MO-6093,RM-46,08/05/2024,4238
BATCH-6172,MO-3671,RM-31,04/17/2024,3282
BATCH-6173,MO-4270,RM-74,2024-10-27,491
BATCH-6174,MO-2878,RM-84,08-04-2026,3114
BATCH-6175,MO-338,RM-7,2024-09-19,4001
BATCH-6176,MO-2500,RM-35,2025-10-02,2300
BATCH-6177,MO-1252,RM-2,25-12-2024,4012
BATCH-6178,MO-4475,RM-84,17-05-2025,14
BATCH-6179,MO-3315,RM-39,2025-08-05,1334
BATCH-6180,MO-7797,RM-4,2024-05-21,682
BATCH-6181,MO-3011,RM-119,07-05-2026,2288
BATCH-6182,MO-2647,RM-79,01/05/2025,688
BATCH-6183,MO-7180,RM-50,09-08-2024,4081
BATCH-6184,MO-444,RM-13,18-01-2026,165
BATCH-6185,MO-6778,RM-1,2025-04-17,3245
BATCH-6186,MO-2088,RM-88,02/06/2026,950
BATCH-6187,MO-2546,RM-69,2024-12-14,4085
BATCH-6188,MO-1985,RM-21,2024-02-05,3961
BATCH-6189,MO-6937,RM-1,10/19/2024,4223
BATCH-6190,MO-4519,RM-106,13-05-2024,265
BATCH-6191,MO-781,RM-109,2025-11-03,2715
BATCH-6192,MO-2209,RM-85,2024-03-04,1341
BATCH-6193,MO-4052,RM-81,03-08-2025,800
BATCH-6194,MO-2402,RM-54,06/12/2026,60
BATCH-6195,MO-4826,RM-12,2026-08-04,2704
BATCH-6196,MO-6904,RM-112,2026-08-13,26
BATCH-6197,MO-658,RM-85,2024-08-18,764
BATCH-6198,MO-7333,RM-99,07/17/2024,1041
BATCH-6199,MO-4201,RM-34,01-06-2026,4418
BATCH-6200,MO-6155,RM-37,2026-02-27,519
BATCH-6201,MO-4217,RM-88,03/12/2024,1916
BATCH-6202,MO-2621,RM-11,2026-10-27,1013
BATCH-6203,MO-6669,RM-24,24-07-2026,3003
BATCH-6204,MO-3643,RM-119,2025-12-20,2041
BATCH-6205,MO-5318,RM-76,08/28/2026,1575
BATCH-6206,MO-4651,RM-74,05/04/2026,4711
BATCH-6207,MO-3412,RM-8,2025-11-06,2097
BATCH-6208,MO-3849,RM-13,2024-12-01,3523
BATCH-6209,MO-7004,RM-56,06/01/2024,2079
BATCH-6210,MO-3092,RM-53,2026-04-26,3884
BATCH-6211,MO-6473,RM-54,2024-04-18,2693
BATCH-6212,MO-4120,RM-7,21-02-2025,770
BATCH-6213,MO-7139,RM-61,26-10-2025,3336
BATCH-6214,MO-7376,RM-4,12-02-2024,1647
BATCH-6215,MO-5054,RM-106,09/16/2026,621
BATCH-6216,MO-6018,RM-8,04/07/2024,2115
BATCH-6217,MO-7648,RM-95,02/17/2026,4237
BATCH-6218,MO-7293,RM-35,05/25/2026,1238
BATCH-6219,MO-4154,RM-117,2024-11-14,4245
BATCH-6220,MO-3625,RM-116,06/05/2026,4699
BATCH-6221,MO-5557,RM-18,03/18/2026,403
BATCH-6222,MO-4439,RM-68,03/23/2026,4336
BATCH-6223,MO-5115,RM-45,08/25/2026,323
BATCH-6224,MO-7357,RM-89,09-04-2026,3191
BATCH-6225,MO-5046,RM-75,2026-11-26,1993
BATCH-6226,MO-6131,RM-59,2025-10-21,4079
BATCH-6227,MO-537,RM-48,12/15/2024,2483
BATCH-6228,MO-5227,RM-77,2024-01-23,2832
BATCH-6229,MO-350,RM-28,2025-04-27,1925
BATCH-6230,MO-6012,RM-42,2026-03-27,3223
BATCH-6231,MO-3916,RM-71,13-09-2026,1933
BATCH-6232,MO-7355,RM-58,2024-11-17,258
BATCH-6233,MO-7003,RM-74,2026-08-10,3050
BATCH-6234,MO-1008,RM-80,2024-10-26,175
BATCH-6235,MO-4259,RM-2,2026-03-06,581
BATCH-6236,MO-2690,RM-11,08/13/2026,4547
BATCH-6237,MO-6070,RM-37,10/25/2025,4491
BATCH-6238,MO-5099,RM-47,13-12-2026,3383
BATCH-6239,MO-2686,RM-68,2024-10-18,144
BATCH-6240,MO-7730,RM-74,2024-04-05,1857
BATCH-6241,MO-5026,RM-116,07/02/2025,4198
BATCH-6242,MO-6833,RM-20,02-08-2026,3586
BATCH-6243,MO-1920,RM-98,18-08-2024,759
BATCH-6244,MO-2574,RM-91,02/20/2024,392
BATCH-6245,MO-1493,RM-108,02-05-2026,2621
BATCH-6246,MO-2777,RM-98,06/05/2026,3330
BATCH-6247,MO-4953,RM-29,21-09-2024,4357
BATCH-6248,MO-541,RM-38,15-01-2026,2863
BATCH-6249,MO-1250,RM-31,2024-05-08,1755
BATCH-6250,MO-5703,RM-107,01/25/2026,428
BATCH-6251,MO-3288,RM-78,03-11-2025,1601
BATCH-6252,MO-3550,RM-60,16-12-2025,3775
BATCH-6253,MO-4872,RM-27,2024-06-20,3808
BATCH-6254,MO-20,RM-81,2026-12-10,1752
BATCH-6255,MO-5379,RM-68,2024-09-07,3171
BATCH-6256,MO-6392,RM-106,15-05-2026,640
BATCH-6257,MO-54,RM-28,03/20/2025,806
BATCH-6258,MO-1315,RM-93,2026-07-24,1701
BATCH-6259,MO-7710,RM-21,2024-11-04,4550
BATCH-6260,MO-5932,RM-41,01/11/2026,4717
BATCH-6261,MO-6841,RM-91,01/02/2025,4719
BATCH-6262,MO-4769,RM-18,02/25/2026,3338
BATCH-6263,MO-2150,RM-11,2026-09-03,4209
BATCH-6264,MO-4676,RM-7,2024-09-26,1114
BATCH-6265,MO-6154,RM-52,09/22/2026,2288
BATCH-6266,MO-1194,RM-42,02/05/2026,922
BATCH-6267,MO-5405,RM-92,2025-04-12,2817
BATCH-6268,MO-7686,RM-18,06-03-2025,3655
BATCH-6269,MO-40,RM-39,2025-04-08,2861
BATCH-6270,MO-7267,RM-16,2024-12-09,1023
BATCH-6271,MO-2708,RM-37,08/11/2025,2117
BATCH-6272,MO-447,RM-87,13-05-2024,1969
BATCH-6273,MO-4398,RM-46,06/15/2024,1278
BATCH-6274,MO-1589,RM-1,01-04-2024,2415
BATCH-6275,MO-1511,RM-65,2024-10-10,765
BATCH-6276,MO-4969,RM-119,2025-12-19,253
BATCH-6277,MO-1884,RM-91,2025-09-23,4685
BATCH-6278,MO-7113,RM-67,2026-08-15,671
BATCH-6279,MO-2654,RM-112,15-09-2026,1757
BATCH-6280,MO-6318,RM-89,2024-12-27,4505
BATCH-6281,MO-1827,RM-108,05/16/2026,1317
BATCH-6282,MO-3615,RM-70,10/20/2024,4057
BATCH-6283,MO-6067,RM-99,2025-06-15,2884
BATCH-6284,MO-6853,RM-10,11-05-2026,3265
BATCH-6285,MO-5118,RM-55,18-03-2025,596
BATCH-6286,MO-95,RM-12,05-10-2025,1059
BATCH-6287,MO-3367,RM-108,2026-10-09,1767
BATCH-6288,MO-4280,RM-104,2026-01-26,955
BATCH-6289,MO-3187,RM-11,2026-05-15,22
BATCH-6290,MO-450,RM-53,2024-04-19,2763
BATCH-6291,MO-5795,RM-69,01/18/2025,191
BATCH-6292,MO-5939,RM-14,02/08/2024,2288
BATCH-6293,MO-1682,RM-61,2025-11-16,488
BATCH-6294,MO-7310,RM-41,06/05/2025,2945
BATCH-6295,MO-3956,RM-41,2026-04-15,2322
BATCH-6296,MO-6564,RM-42,22-12-2024,776
BATCH-6297,MO-1414,RM-44,01/01/2025,2964
BATCH-6298,MO-1112,RM-92,02/10/2026,4069
BATCH-6299,MO-5164,RM-26,2026-10-12,4626
BATCH-6300,MO-6985,RM-86,2026-04-17,4776
BATCH-6301,MO-2387,RM-119,2025-12-28,4567
BATCH-6302,MO-7461,RM-114,2024-02-28,4569
BATCH-6303,MO-6161,RM-10,17-10-2026,1557
BATCH-6304,MO-4186,RM-24,06-05-2024,2842
BATCH-6305,MO-6429,RM-102,08/06/2024,287
BATCH-6306,MO-4826,RM-20,06/24/2026,1997
BATCH-6307,MO-6241,RM-31,11-02-2026,3400
BATCH-6308,MO-1759,RM-63,05/24/2026,52
BATCH-6309,MO-7626,RM-96,04/19/2024,2278
BATCH-6310,MO-648,RM-33,12/07/2026,4447
BATCH-6311,MO-6437,RM-40,2025-05-25,1027
BATCH-6312,MO-5388,RM-113,12/18/2024,1962
BATCH-6313,MO-3376,RM-82,02/24/2024,2700
BATCH-6314,MO-5873,RM-11,04/16/2025,4612
BATCH-6315,MO-6475,RM-26,02/24/2025,4174
BATCH-6316,MO-3657,RM-65,09/11/2026,122
BATCH-6317,MO-4511,RM-90,08/23/2026,431
BATCH-6318,MO-4286,RM-49,08-02-2026,2895
BATCH-6319,MO-454,RM-101,2024-07-12,3635
BATCH-6320,MO-7397,RM-69,03/03/2025,677
BATCH-6321,MO-2433,RM-48,2026-04-15,1565
BATCH-6322,MO-6765,RM-79,2024-10-03,1579
BATCH-6323,MO-3698,RM-45,19-05-2026,1955
BATCH-6324,MO-7061,RM-11,2025-08-19,2245
BATCH-6325,MO-7353,RM-32,09/01/2024,437
BATCH-6326,MO-3701,RM-38,2024-06-08,1162
BATCH-6327,MO-3434,RM-60,2025-11-06,2030
BATCH-6328,MO-7798,RM-41,2024-09-04,3847
BATCH-6329,MO-5907,RM-110,11/04/2026,2069
BATCH-6330,MO-6778,RM-79,2024-09-15,2236
BATCH-6331,MO-7670,RM-100,04/13/2026,4671
BATCH-6332,MO-2830,RM-90,2024-10-27,2433
BATCH-6333,MO-1777,RM-113,2025-12-11,3491
BATCH-6334,MO-7265,RM-46,2024-03-16,1035
BATCH-6335,MO-2410,RM-47,2025-05-21,3305
BATCH-6336,MO-5008,RM-25,09/10/2024,2219
BATCH-6337,MO-422,RM-82,2024-07-17,1244
BATCH-6338,MO-1874,RM-16,2026-05-18,232
BATCH-6339,MO-7911,RM-48,08/07/2024,2680
BATCH-6340,MO-2310,RM-16,2025-05-07,2703
BATCH-6341,MO-1976,RM-4,04/17/2026,4541
BATCH-6342,MO-2989,RM-13,2025-11-26,1937
BATCH-6343,MO-5656,RM-113,27-05-2026,4484
BATCH-6344,MO-3261,RM-93,09/05/2025,437
BATCH-6345,MO-6927,RM-28,2026-01-26,497
BATCH-6346,MO-2818,RM-117,2025-04-09,3197
BATCH-6347,MO-7221,RM-98,02/01/2026,894
BATCH-6348,MO-2769,RM-49,19-08-2025,1203
BATCH-6349,MO-7200,RM-75,09/02/2026,1453
BATCH-6350,MO-7304,RM-14,08/15/2024,3084
BATCH-6351,MO-4259,RM-110,2025-07-18,626
BATCH-6352,MO-3771,RM-31,14-07-2025,3026
BATCH-6353,MO-1884,RM-31,25-03-2026,1216
BATCH-6354,MO-6588,RM-69,2025-08-03,4026
BATCH-6355,MO-553,RM-115,2025-02-07,647
BATCH-6356,MO-4944,RM-76,24-04-2026,594
BATCH-6357,MO-3720,RM-12,04-09-2025,224
BATCH-6358,MO-2705,RM-16,2026-02-20,4761
BATCH-6359,MO-2397,RM-54,20-09-2026,4739
BATCH-6360,MO-5963,RM-112,06-08-2024,182
BATCH-6361,MO-7024,RM-20,2026-08-24,1344
BATCH-6362,MO-5418,RM-91,2025-12-01,1654
BATCH-6363,MO-2953,RM-115,10/05/2025,4518
BATCH-6364,MO-2681,RM-86,01/28/2024,2833
BATCH-6365,MO-7054,RM-97,2025-04-28,1168
BATCH-6366,MO-84,RM-33,2024-06-27,2415
BATCH-6367,MO-845,RM-69,14-02-2026,2463
BATCH-6368,MO-1454,RM-31,15-03-2026,773
BATCH-6369,MO-1502,RM-89,2026-03-11,2214
BATCH-6370,MO-2492,RM-119,2024-05-23,1404
BATCH-6371,MO-5697,RM-44,2025-01-28,1052
BATCH-6372,MO-6769,RM-75,10/21/2026,2478
BATCH-6373,MO-2119,RM-16,2024-09-19,1085
BATCH-6374,MO-367,RM-56,2026-11-23,1463
BATCH-6375,MO-3739,RM-106,2026-05-08,591
BATCH-6376,MO-4358,RM-89,2025-11-21,1071
BATCH-6377,MO-7247,RM-85,2025-04-22,1178
BATCH-6378,MO-3913,RM-114,2024-07-25,1974
BATCH-6379,MO-1794,RM-102,16-04-2026,1116
BATCH-6380,MO-6008,RM-17,05/16/2025,811
BATCH-6381,MO-4132,RM-93,16-12-2025,3670
BATCH-6382,MO-7452,RM-52,2025-02-17,1910
BATCH-6383,MO-3477,RM-50,2025-05-22,1409
BATCH-6384,MO-1498,RM-115,02/11/2025,3370
BATCH-6385,MO-4133,RM-89,2025-05-18,1078
BATCH-6386,MO-2845,RM-11,2024-12-02,2439
BATCH-6387,MO-4097,RM-102,03/18/2025,4239
BATCH-6388,MO-3938,RM-71,05/17/2024,390
BATCH-6389,MO-3622,RM-33,2024-06-13,590
BATCH-6390,MO-1870,RM-107,24-04-2025,1159
BATCH-6391,MO-3658,RM-37,2026-03-16,2333
BATCH-6392,MO-7913,RM-70,2025-05-03,156
BATCH-6393,MO-6643,RM-52,16-08-2026,4177
BATCH-6394,MO-5429,RM-31,2024-12-12,316
BATCH-6395,MO-803,RM-19,06-09-2025,3813
BATCH-6396,MO-2982,RM-49,19-01-2024,3366
BATCH-6397,MO-3294,RM-48,2026-02-05,1146
BATCH-6398,MO-1301,RM-36,2025-01-24,1428
BATCH-6399,MO-5760,RM-117,04/13/2026,3687
BATCH-6400,MO-3517,RM-43,2024-12-27,3362
BATCH-6401,MO-533,RM-52,05/26/2026,880
BATCH-6402,MO-2554,RM-89,2026-08-25,2660
BATCH-6403,MO-6397,RM-7,2026-05-14,486
BATCH-6404,MO-1103,RM-2,2025-03-01,4379
BATCH-6405,MO-1445,RM-96,2024-03-19,3699
BATCH-6406,MO-7661,RM-2,24-04-2025,3219
BATCH-6407,MO-5342,RM-68,2025-05-19,443
BATCH-6408,MO-2373,RM-34,06-05-2026,1379
BATCH-6409,MO-4121,RM-95,2024-03-16,766
BATCH-6410,MO-896,RM-106,2025-02-03,1275
BATCH-6411,MO-4872,RM-5,18-08-2024,1058
BATCH-6412,MO-5627,RM-35,02/21/2026,2644
BATCH-6413,MO-4896,RM-14,04/06/2024,2511
BATCH-6414,MO-5086,RM-106,2026-10-28,628
BATCH-6415,MO-2977,RM-103,2026-05-20,2295
BATCH-6416,MO-612,RM-82,15-03-2025,4083
BATCH-6417,MO-977,RM-68,2026-05-04,115
BATCH-6418,MO-2705,RM-70,2025-01-18,3629
BATCH-6419,MO-3760,RM-44,2024-08-06,534
BATCH-6420,MO-3417,RM-42,11/16/2025,621
BATCH-6421,MO-6236,RM-15,03-08-2024,609
BATCH-6422,MO-3899,RM-119,10/19/2026,1159
BATCH-6423,MO-99,RM-83,2024-03-11,880
BATCH-6424,MO-7806,RM-61,2024-10-21,4699
BATCH-6425,MO-2674,RM-93,2024-02-11,1182
BATCH-6426,MO-3556,RM-83,2026-02-01,1679
BATCH-6427,MO-5951,RM-17,07/19/2025,1943
BATCH-6428,MO-5867,RM-14,16-11-2026,4481
BATCH-6429,MO-2045,RM-43,10/25/2024,341
BATCH-6430,MO-1035,RM-105,12/23/2026,4240
BATCH-6431,MO-1182,RM-59,12/27/2026,1111
BATCH-6432,MO-263,RM-109,2026-02-04,1571
BATCH-6433,MO-1113,RM-82,2024-03-07,2734
BATCH-6434,MO-776,RM-103,2025-10-06,1206
BATCH-6435,MO-3816,RM-11,22-10-2025,4602
BATCH-6436,MO-4989,RM-36,03-12-2024,4245
BATCH-6437,MO-5751,RM-42,09/02/2024,1412
BATCH-6438,MO-5257,RM-62,11/12/2026,3397
BATCH-6439,MO-62,RM-39,2025-05-06,1183
BATCH-6440,MO-3660,RM-4,20-04-2025,4175
BATCH-6441,MO-5607,RM-112,02/09/2026,3481
BATCH-6442,MO-2116,RM-69,2025-03-23,466
BATCH-6443,MO-8000,RM-113,03/08/2025,198
BATCH-6444,MO-2638,RM-44,06-08-2024,4195
BATCH-6445,MO-6930,RM-113,2024-03-25,1868
BATCH-6446,MO-529,RM-16,2025-08-03,2712
BATCH-6447,MO-5571,RM-107,2025-07-02,814
BATCH-6448,MO-4755,RM-79,2026-05-18,1478
BATCH-6449,MO-7671,RM-40,03-02-2026,1810
BATCH-6450,MO-6092,RM-70,01/21/2026,2757
BATCH-6451,MO-5992,RM-76,23-03-2024,4091
BATCH-6452,MO-840,RM-49,2026-04-24,4767
BATCH-6453,MO-6061,RM-114,2026-01-07,3491
BATCH-6454,MO-2429,RM-50,11-06-2026,2361
BATCH-6455,MO-6358,RM-89,2025-06-19,792
BATCH-6456,MO-2981,RM-22,2024-11-26,891
BATCH-6457,MO-1468,RM-111,2025-01-04,2175
BATCH-6458,MO-5097,RM-71,2026-05-01,3214
BATCH-6459,MO-1722,RM-43,07-04-2024,585
BATCH-6460,MO-4302,RM-63,08/25/2024,3337
BATCH-6461,MO-7300,RM-59,2026-10-12,193
BATCH-6462,MO-6398,RM-63,2024-05-07,4216
BATCH-6463,MO-7523,RM-11,2024-11-27,102
BATCH-6464,MO-7249,RM-82,2024-02-04,2304
BATCH-6465,MO-1785,RM-72,2026-08-02,3756
BATCH-6466,MO-3428,RM-93,2024-09-01,2934
BATCH-6467,MO-846,RM-63,2025-12-21,859
BATCH-6468,MO-5565,RM-32,06/20/2024,2535
BATCH-6469,MO-1640,RM-15,2024-07-28,3269
BATCH-6470,MO-89,RM-103,09-07-2026,1798
BATCH-6471,MO-1857,RM-53,01/01/2025,1789
BATCH-6472,MO-4649,RM-40,2025-07-13,1336
BATCH-6473,MO-2822,RM-36,12/15/2024,895
BATCH-6474,MO-4231,RM-94,2025-01-10,2030
BATCH-6475,MO-7008,RM-74,2025-02-28,4440
BATCH-6476,MO-5408,RM-11,2024-11-17,369
BATCH-6477,MO-7760,RM-33,2025-06-12,4169
BATCH-6478,MO-473,RM-5,2026-01-02,1657
BATCH-6479,MO-1968,RM-85,01/16/2026,3870
BATCH-6480,MO-1589,RM-96,2024-02-20,3674
BATCH-6481,MO-4788,RM-23,2024-10-01,1846
BATCH-6482,MO-7885,RM-41,2024-08-12,4433
BATCH-6483,MO-4372,RM-35,2026-06-20,757
BATCH-6484,MO-774,RM-108,07-05-2024,867
BATCH-6485,MO-5331,RM-28,01-03-2024,328
BATCH-6486,MO-2011,RM-76,25-08-2025,33
BATCH-6487,MO-3722,RM-27,02-06-2025,4467
BATCH-6488,MO-5455,RM-1,2025-09-22,2630
BATCH-6489,MO-7483,RM-21,02/10/2026,2960
BATCH-6490,MO-5015,RM-100,07/15/2026,1201
BATCH-6491,MO-2732,RM-14,2025-12-02,4475
BATCH-6492,MO-4850,RM-114,11/25/2024,3603
BATCH-6493,MO-367,RM-113,2025-04-14,2439
BATCH-6494,MO-6202,RM-28,14-02-2024,1125
BATCH-6495,MO-1344,RM-51,2026-01-10,623
BATCH-6496,MO-5003,RM-87,18-04-2024,821
BATCH-6497,MO-7173,RM-54,04-03-2024,4148
BATCH-6498,MO-4497,RM-87,09/13/2026,1434
BATCH-6499,MO-1839,RM-68,2026-01-15,2604
BATCH-6500,MO-3819,RM-90,15-09-2026,3019
BATCH-6501,MO-6996,RM-60,2025-10-21,3153
BATCH-6502,MO-3491,RM-116,04/09/2026,1675
BATCH-6503,MO-303,RM-5,19-07-2025,811
BATCH-6504,MO-5455,RM-19,04/20/2025,1812
BATCH-6505,MO-6046,RM-19,05/02/2025,3436
BATCH-6506,MO-244,RM-75,2026-02-01,1901
BATCH-6507,MO-511,RM-34,09-06-2026,138
BATCH-6508,MO-57,RM-101,2024-01-24,1673
BATCH-6509,MO-3794,RM-2,2025-08-01,1688
BATCH-6510,MO-3079,RM-84,2026-10-13,3325
BATCH-6511,MO-7818,RM-57,2026-08-21,2392
BATCH-6512,MO-7120,RM-32,01/09/2026,2350
BATCH-6513,MO-1968,RM-115,06/05/2026,3771
BATCH-6514,MO-686,RM-93,2026-12-18,2295
BATCH-6515,MO-6457,RM-66,04/28/2024,4705
BATCH-6516,MO-5215,RM-43,2025-01-27,1278
BATCH-6517,MO-3679,RM-72,2024-06-25,4530
BATCH-6518,MO-1692,RM-74,2026-04-02,2835
BATCH-6519,MO-7419,RM-93,2025-09-13,3775
BATCH-6520,MO-3376,RM-18,2024-07-14,1298
BATCH-6521,MO-2594,RM-4,2026-05-05,56
BATCH-6522,MO-6573,RM-106,08-01-2024,2520
BATCH-6523,MO-2947,RM-32,15-02-2024,3037
BATCH-6524,MO-691,RM-119,2024-01-23,1436
BATCH-6525,MO-3078,RM-58,09/01/2024,3861
BATCH-6526,MO-4209,RM-36,2026-12-04,579
BATCH-6527,MO-2427,RM-115,2026-11-10,3186
BATCH-6528,MO-1196,RM-82,03/26/2026,4191
BATCH-6529,MO-6164,RM-75,12/11/2025,761
BATCH-6530,MO-6720,RM-106,15-10-2024,4399
BATCH-6531,MO-1400,RM-95,06-02-2025,4797
BATCH-6532,MO-7653,RM-28,2024-03-07,571
BATCH-6533,MO-914,RM-77,2025-06-07,3239
BATCH-6534,MO-3377,RM-69,2026-10-01,4192
BATCH-6535,MO-7615,RM-53,01/09/2026,476
BATCH-6536,MO-5207,RM-119,27-04-2025,1123
BATCH-6537,MO-523,RM-61,2025-12-16,4322
BATCH-6538,MO-4569,RM-10,04/17/2026,2742
BATCH-6539,MO-3869,RM-98,06-10-2025,25
BATCH-6540,MO-3039,RM-23,2025-06-12,670
BATCH-6541,MO-6299,RM-112,2025-08-14,4538
BATCH-6542,MO-5892,RM-35,02/03/2024,1175
BATCH-6543,MO-3697,RM-49,05/06/2026,4342
BATCH-6544,MO-6794,RM-33,23-05-2024,2552
BATCH-6545,MO-4007,RM-91,12-05-2024,331
BATCH-6546,MO-5377,RM-53,02/12/2025,4353
BATCH-6547,MO-6829,RM-35,03/05/2024,2691
BATCH-6548,MO-2088,RM-71,09/16/2025,2961
BATCH-6549,MO-4205,RM-51,09/08/2025,1222
BATCH-6550,MO-2159,RM-106,02/07/2025,4756
BATCH-6551,MO-3738,RM-61,2024-03-25,350
BATCH-6552,MO-203,RM-120,2025-03-22,3911
BATCH-6553,MO-170,RM-22,03-01-2026,324
BATCH-6554,MO-5467,RM-43,06/19/2024,3848
BATCH-6555,MO-738,RM-54,2024-02-25,2914
BATCH-6556,MO-5244,RM-108,06/10/2025,4302
BATCH-6557,MO-5870,RM-36,10/10/2026,1523
BATCH-6558,MO-4014,RM-107,2025-01-11,3317
BATCH-6559,MO-932,RM-32,06/27/2025,3577
BATCH-6560,MO-3787,RM-11,2026-09-20,4026
BATCH-6561,MO-7198,RM-103,04/20/2026,1356
BATCH-6562,MO-7549,RM-73,2024-08-11,994
BATCH-6563,MO-6535,RM-87,2024-02-26,546
BATCH-6564,MO-1758,RM-46,2025-08-14,4179
BATCH-6565,MO-2273,RM-77,2024-11-14,4243
BATCH-6566,MO-3498,RM-103,2024-06-01,2160
BATCH-6567,MO-2648,RM-102,11/05/2024,760
BATCH-6568,MO-5913,RM-27,2024-08-09,129
BATCH-6569,MO-1506,RM-53,2024-10-10,1609
BATCH-6570,MO-339,RM-40,2026-09-06,2294
BATCH-6571,MO-3092,RM-22,09/22/2026,243
BATCH-6572,MO-48,RM-19,03-07-2026,657
BATCH-6573,MO-4736,RM-99,2026-11-17,3368
BATCH-6574,MO-2975,RM-31,08-12-2026,711
BATCH-6575,MO-2193,RM-73,21-06-2026,2521
BATCH-6576,MO-5324,RM-44,05-11-2025,3760
BATCH-6577,MO-490,RM-85,2026-09-05,2281
BATCH-6578,MO-294,RM-27,2026-04-25,4375
BATCH-6579,MO-314,RM-27,05/05/2024,4353
BATCH-6580,MO-1988,RM-107,2026-10-18,4087
BATCH-6581,MO-5242,RM-77,2024-10-13,3481
BATCH-6582,MO-7727,RM-16,01/27/2025,1459
BATCH-6583,MO-6850,RM-55,2024-04-22,4710
BATCH-6584,MO-476,RM-4,04/12/2026,732
BATCH-6585,MO-827,RM-28,01-08-2024,2668
BATCH-6586,MO-7954,RM-52,11/03/2024,4407
BATCH-6587,MO-4763,RM-56,2024-03-22,2347
BATCH-6588,MO-3866,RM-26,2025-02-14,3543
BATCH-6589,MO-5010,RM-52,2025-08-20,239
BATCH-6590,MO-5568,RM-64,2026-04-01,1194
BATCH-6591,MO-4577,RM-21,2025-10-23,3593
BATCH-6592,MO-4297,RM-42,2024-09-07,2524
BATCH-6593,MO-2840,RM-97,2025-11-26,4394
BATCH-6594,MO-948,RM-84,17-09-2026,1371
BATCH-6595,MO-692,RM-56,12-09-2024,461
BATCH-6596,MO-2547,RM-91,11/05/2024,4239
BATCH-6597,MO-2814,RM-23,2026-02-28,218
BATCH-6598,MO-5684,RM-24,2025-09-12,2243
BATCH-6599,MO-3838,RM-30,2025-03-17,4443
BATCH-6600,MO-4428,RM-53,07/26/2025,1353
BATCH-6601,MO-2348,RM-12,2024-11-16,1878
BATCH-6602,MO-3154,RM-99,04/05/2025,3468
BATCH-6603,MO-2282,RM-1,2026-09-09,162
BATCH-6604,MO-5866,RM-65,12/19/2024,4653
BATCH-6605,MO-5007,RM-55,08/18/2024,2612
BATCH-6606,MO-565,RM-77,09/10/2026,3451
BATCH-6607,MO-4807,RM-27,2026-08-24,727
BATCH-6608,MO-3438,RM-104,02/23/2025,2905
BATCH-6609,MO-7007,RM-54,2025-02-04,4200
BATCH-6610,MO-4961,RM-22,2024-02-08,4581
BATCH-6611,MO-5662,RM-62,2025-06-03,452
BATCH-6612,MO-5705,RM-43,09-05-2024,2067
BATCH-6613,MO-5703,RM-17,08/17/2025,227
BATCH-6614,MO-7151,RM-29,09-07-2024,498
BATCH-6615,MO-5206,RM-79,08/18/2026,788
BATCH-6616,MO-3547,RM-43,07/25/2026,2103
BATCH-6617,MO-6996,RM-20,2026-05-06,2750
BATCH-6618,MO-2450,RM-116,2024-02-01,552
BATCH-6619,MO-2736,RM-21,2024-01-06,3268
BATCH-6620,MO-6821,RM-1,2024-02-05,235
BATCH-6621,MO-5725,RM-90,2024-02-24,2965
BATCH-6622,MO-2066,RM-25,06/03/2025,728
BATCH-6623,MO-6335,RM-94,23-03-2026,2179
BATCH-6624,MO-3424,RM-99,2026-01-28,2179
BATCH-6625,MO-1605,RM-32,12/13/2025,639
BATCH-6626,MO-2614,RM-86,2024-05-27,3415
BATCH-6627,MO-7850,RM-18,01-09-2025,2899
BATCH-6628,MO-5713,RM-66,2026-07-27,1767
BATCH-6629,MO-2898,RM-106,26-02-2026,954
BATCH-6630,MO-1030,RM-73,2025-04-19,3067
BATCH-6631,MO-7486,RM-62,06-03-2026,1084
BATCH-6632,MO-5951,RM-23,2024-11-17,2307
BATCH-6633,MO-7521,RM-32,2026-12-25,4557
BATCH-6634,MO-7551,RM-61,2026-01-02,774
BATCH-6635,MO-5734,RM-43,27-02-2024,3055
BATCH-6636,MO-7915,RM-82,02-03-2025,601
BATCH-6637,MO-7156,RM-86,2026-05-06,2847
BATCH-6638,MO-3665,RM-2,2024-03-04,1581
BATCH-6639,MO-5904,RM-56,03/11/2025,55
BATCH-6640,MO-3442,RM-117,2025-03-01,3564
BATCH-6641,MO-2170,RM-87,02/13/2025,1270
BATCH-6642,MO-7582,RM-2,06/03/2025,2390
BATCH-6643,MO-3365,RM-6,08/04/2024,3614
BATCH-6644,MO-3951,RM-41,03/21/2025,3039
BATCH-6645,MO-1584,RM-99,05/26/2024,3939
BATCH-6646,MO-236,RM-12,2026-12-24,3385
BATCH-6647,MO-103,RM-105,2026-08-06,944
BATCH-6648,MO-4627,RM-85,11/27/2025,1741
BATCH-6649,MO-2549,RM-94,2025-03-25,4048
BATCH-6650,MO-3591,RM-119,12/25/2026,2461
BATCH-6651,MO-2821,RM-52,2025-12-24,2740
BATCH-6652,MO-1540,RM-65,02/19/2025,4773
BATCH-6653,MO-6243,RM-88,24-05-2025,2965
BATCH-6654,MO-3551,RM-87,01/26/2025,4542
BATCH-6655,MO-3127,RM-113,2026-03-09,4682
BATCH-6656,MO-3450,RM-30,2024-01-24,2083
BATCH-6657,MO-5037,RM-72,2024-07-22,3779
BATCH-6658,MO-333,RM-26,2025-05-14,270
BATCH-6659,MO-2516,RM-103,02-08-2024,3964
BATCH-6660,MO-5247,RM-57,2024-09-11,1022
BATCH-6661,MO-4417,RM-94,05/07/2026,219
BATCH-6662,MO-4452,RM-107,10/02/2024,2723
BATCH-6663,MO-1734,RM-63,04-02-2025,1328
BATCH-6664,MO-5839,RM-115,09/12/2024,3888
BATCH-6665,MO-5744,RM-15,03/24/2024,96
BATCH-6666,MO-5318,RM-92,03/14/2024,950
BATCH-6667,MO-6409,RM-32,05-08-2025,4345
BATCH-6668,MO-4715,RM-5,2024-05-05,4765
BATCH-6669,MO-132,RM-56,2025-08-16,3343
BATCH-6670,MO-7443,RM-79,2026-01-27,4594
BATCH-6671,MO-1395,RM-110,2024-03-07,4648
BATCH-6672,MO-2797,RM-67,2026-05-22,154
BATCH-6673,MO-741,RM-9,18-05-2024,849
BATCH-6674,MO-5002,RM-49,07/03/2024,3802
BATCH-6675,MO-4576,RM-2,22-01-2024,1391
BATCH-6676,MO-1991,RM-7,2024-07-04,968
BATCH-6677,MO-6049,RM-67,03/24/2024,2843
BATCH-6678,MO-856,RM-62,06/24/2024,1984
BATCH-6679,MO-4958,RM-44,04/25/2025,1273
BATCH-6680,MO-2441,RM-36,10/27/2024,1154
BATCH-6681,MO-5578,RM-119,2024-03-22,3929
BATCH-6682,MO-2502,RM-116,08/25/2026,1848
BATCH-6683,MO-1319,RM-52,24-11-2026,2485
BATCH-6684,MO-1965,RM-70,2024-06-08,569
BATCH-6685,MO-3176,RM-68,2026-03-19,3842
BATCH-6686,MO-2812,RM-56,2026-02-18,2170
BATCH-6687,MO-4061,RM-3,06/16/2024,2803
BATCH-6688,MO-835,RM-84,2024-07-07,2292
BATCH-6689,MO-1726,RM-33,2024-05-14,1503
BATCH-6690,MO-2438,RM-65,2026-08-15,2792
BATCH-6691,MO-490,RM-106,01/17/2026,3465
BATCH-6692,MO-1951,RM-76,2024-12-22,2006
BATCH-6693,MO-3417,RM-45,07/14/2026,4229
BATCH-6694,MO-6579,RM-115,02/17/2026,4014
BATCH-6695,MO-236,RM-91,10/17/2026,1132
BATCH-6696,MO-6941,RM-102,15-07-2024,4754
BATCH-6697,MO-7629,RM-39,2024-11-14,4111
BATCH-6698,MO-6187,RM-80,09/03/2025,4728
BATCH-6699,MO-2974,RM-61,06/04/2025,1760
BATCH-6700,MO-4001,RM-95,04/23/2025,3412
BATCH-6701,MO-5456,RM-40,10/06/2025,137
BATCH-6702,MO-7488,RM-23,07/13/2024,4228
BATCH-6703,MO-2656,RM-11,2024-05-08,4795
BATCH-6704,MO-5227,RM-101,2025-02-23,3140
BATCH-6705,MO-3626,RM-8,11-03-2025,3479
BATCH-6706,MO-6544,RM-23,18-12-2024,242
BATCH-6707,MO-1091,RM-7,2024-03-21,847
BATCH-6708,MO-2007,RM-36,2025-03-08,2331
BATCH-6709,MO-4794,RM-80,2025-02-28,1617
BATCH-6710,MO-52,RM-74,2025-04-21,292
BATCH-6711,MO-5905,RM-101,2024-11-18,75
BATCH-6712,MO-167,RM-65,10/16/2026,259
BATCH-6713,MO-7911,RM-32,11/04/2026,150
BATCH-6714,MO-3873,RM-52,2026-11-03,24
BATCH-6715,MO-4136,RM-78,2024-06-14,3919
BATCH-6716,MO-6159,RM-48,10-11-2025,1892
BATCH-6717,MO-1138,RM-13,2024-04-07,484
BATCH-6718,MO-3123,RM-96,2026-05-13,562
BATCH-6719,MO-53,RM-84,09/04/2025,4011
BATCH-6720,MO-5110,RM-119,2025-03-17,1787
BATCH-6721,MO-1133,RM-91,09-06-2024,4411
BATCH-6722,MO-1580,RM-1,2026-07-20,2822
BATCH-6723,MO-6035,RM-98,2026-05-14,2256
BATCH-6724,MO-1086,RM-73,2024-07-04,484
BATCH-6725,MO-4742,RM-88,09/14/2026,4018
BATCH-6726,MO-1467,RM-78,04/14/2026,3247
BATCH-6727,MO-5783,RM-90,2024-03-21,2574
BATCH-6728,MO-4011,RM-99,2024-02-23,4429
BATCH-6729,MO-438,RM-64,2024-06-11,3244
BATCH-6730,MO-2296,RM-86,12/02/2026,3005
BATCH-6731,MO-2112,RM-91,09/22/2025,3669
BATCH-6732,MO-1164,RM-17,2025-10-16,3281
BATCH-6733,MO-7089,RM-86,16-02-2025,2739
BATCH-6734,MO-6661,RM-7,2024-11-08,1672
BATCH-6735,MO-6809,RM-12,26-11-2025,2676
BATCH-6736,MO-5837,RM-80,2026-05-16,2137
BATCH-6737,MO-6247,RM-103,2025-09-20,1392
BATCH-6738,MO-2001,RM-41,2026-10-12,727
BATCH-6739,MO-6111,RM-3,2026-05-28,4363
BATCH-6740,MO-2003,RM-76,2024-08-06,3697
BATCH-6741,MO-7248,RM-2,09/08/2025,3204
BATCH-6742,MO-4424,RM-19,27-09-2026,4491
BATCH-6743,MO-3651,RM-5,10/10/2026,3774
BATCH-6744,MO-1084,RM-99,2026-09-19,4733
BATCH-6745,MO-5686,RM-6,24-05-2024,513
BATCH-6746,MO-3136,RM-97,2025-03-12,4728
BATCH-6747,MO-5717,RM-5,03/25/2025,857
BATCH-6748,MO-6696,RM-16,17-12-2026,2683
BATCH-6749,MO-3193,RM-71,05-01-2025,2729
BATCH-6750,MO-1735,RM-12,07/21/2025,2250
BATCH-6751,MO-7979,RM-8,2026-01-11,4675
BATCH-6752,MO-3604,RM-11,26-10-2026,931
BATCH-6753,MO-894,RM-96,20-03-2026,2478
BATCH-6754,MO-7429,RM-90,2026-06-09,3793
BATCH-6755,MO-5293,RM-93,10/18/2024,2709
BATCH-6756,MO-6318,RM-89,2025-05-07,2242
BATCH-6757,MO-4188,RM-16,09/14/2026,3770
BATCH-6758,MO-3973,RM-15,03/22/2024,2850
BATCH-6759,MO-1197,RM-39,04/22/2025,624
BATCH-6760,MO-6893,RM-67,24-08-2024,1096
BATCH-6761,MO-2553,RM-87,2026-02-11,1882
BATCH-6762,MO-6364,RM-109,13-04-2024,4769
BATCH-6763,MO-6518,RM-87,2026-04-02,2438
BATCH-6764,MO-2220,RM-55,11-03-2026,684
BATCH-6765,MO-2505,RM-85,10-10-2024,2714
BATCH-6766,MO-4123,RM-5,03-09-2026,449
BATCH-6767,MO-626,RM-12,2025-04-07,1591
BATCH-6768,MO-3165,RM-47,02/18/2024,2984
BATCH-6769,MO-473,RM-78,08/05/2024,2571
BATCH-6770,MO-3105,RM-62,11/05/2024,506
BATCH-6771,MO-7421,RM-17,22-11-2025,792
BATCH-6772,MO-2334,RM-74,09-10-2026,3500
BATCH-6773,MO-6438,RM-15,09-05-2025,3061
BATCH-6774,MO-7546,RM-80,02/23/2026,1557
BATCH-6775,MO-1064,RM-28,13-07-2025,334
BATCH-6776,MO-887,RM-3,11/24/2024,4701
BATCH-6777,MO-5369,RM-26,12/11/2026,3734
BATCH-6778,MO-5141,RM-18,20-03-2024,3292
BATCH-6779,MO-1516,RM-110,10-09-2024,20
BATCH-6780,MO-4801,RM-105,02/19/2024,3267
BATCH-6781,MO-1168,RM-94,09/24/2024,2879
BATCH-6782,MO-4089,RM-97,07/24/2026,359
BATCH-6783,MO-5309,RM-111,22-12-2025,3401
BATCH-6784,MO-7780,RM-83,25-06-2025,702
BATCH-6785,MO-823,RM-31,2024-06-28,716
BATCH-6786,MO-3073,RM-56,01-02-2025,4136
BATCH-6787,MO-6417,RM-92,2024-10-04,2057
BATCH-6788,MO-6358,RM-115,2025-05-19,1416
BATCH-6789,MO-1153,RM-85,06-11-2026,1481
BATCH-6790,MO-7966,RM-71,2025-05-21,4759
BATCH-6791,MO-5037,RM-60,01/13/2026,1752
BATCH-6792,MO-5359,RM-50,2026-04-17,3111
BATCH-6793,MO-6775,RM-91,22-09-2025,1675
BATCH-6794,MO-24,RM-39,06/06/2026,1206
BATCH-6795,MO-4771,RM-106,2024-11-08,4292
BATCH-6796,MO-4513,RM-34,2026-06-14,3325
BATCH-6797,MO-928,RM-67,12-04-2025,2126
BATCH-6798,MO-6102,RM-54,01/19/2024,255
BATCH-6799,MO-275,RM-95,11-01-2026,920
BATCH-6800,MO-889,RM-17,2024-07-16,3288
BATCH-6801,MO-3158,RM-113,2024-08-27,1524
BATCH-6802,MO-6524,RM-63,2026-06-25,1322
BATCH-6803,MO-6275,RM-9,2024-02-25,3700
BATCH-6804,MO-7582,RM-78,01-12-2026,2865
BATCH-6805,MO-2754,RM-35,02-07-2025,1210
BATCH-6806,MO-3687,RM-66,2024-07-02,547
BATCH-6807,MO-689,RM-8,2024-05-21,3034
BATCH-6808,MO-7160,RM-86,2025-02-07,3593
BATCH-6809,MO-7171,RM-82,2024-05-23,1483
BATCH-6810,MO-3553,RM-111,2025-12-04,3532
BATCH-6811,MO-6732,RM-88,2026-07-04,3122
BATCH-6812,MO-2875,RM-56,2026-06-13,2681
BATCH-6813,MO-4434,RM-54,05/06/2025,2948
BATCH-6814,MO-4108,RM-60,2025-12-01,132
BATCH-6815,MO-1631,RM-18,22-06-2025,1588
BATCH-6816,MO-743,RM-90,12/02/2024,3979
BATCH-6817,MO-772,RM-114,2025-01-14,3548
BATCH-6818,MO-4544,RM-21,12/08/2024,180
BATCH-6819,MO-4550,RM-28,2024-07-11,2380
BATCH-6820,MO-2609,RM-79,03/14/2025,2567
BATCH-6821,MO-5617,RM-97,10-12-2026,1023
BATCH-6822,MO-185,RM-34,12/21/2026,419
BATCH-6823,MO-2456,RM-15,2025-11-08,4119
BATCH-6824,MO-4659,RM-62,08/19/2024,565
BATCH-6825,MO-4344,RM-1,02/03/2025,4357
BATCH-6826,MO-6581,RM-34,2025-10-28,1051
BATCH-6827,MO-4301,RM-113,03/10/2025,2550
BATCH-6828,MO-625,RM-38,12/28/2026,706
BATCH-6829,MO-1690,RM-89,07-05-2026,1785
BATCH-6830,MO-5421,RM-120,10/23/2025,3846
BATCH-6831,MO-4352,RM-39,2026-07-10,3101
BATCH-6832,MO-1675,RM-115,2025-09-04,149
BATCH-6833,MO-4828,RM-12,2025-10-16,1023
BATCH-6834,MO-4684,RM-10,2024-02-05,582
BATCH-6835,MO-2667,RM-76,11/09/2025,3929
BATCH-6836,MO-2068,RM-55,2025-04-04,2484
BATCH-6837,MO-1245,RM-99,2026-06-01,3339
BATCH-6838,MO-6954,RM-75,2026-05-08,4315
BATCH-6839,MO-5424,RM-16,06/09/2025,1221
BATCH-6840,MO-5435,RM-73,09/23/2025,4539
BATCH-6841,MO-4675,RM-87,2024-09-06,486
BATCH-6842,MO-4250,RM-95,19-06-2026,4655
BATCH-6843,MO-2335,RM-85,03/14/2026,2700
BATCH-6844,MO-4804,RM-13,2025-08-16,1600
BATCH-6845,MO-5520,RM-70,12-05-2024,3481
BATCH-6846,MO-7083,RM-1,04/15/2026,1218
BATCH-6847,MO-3504,RM-87,27-05-2026,2692
BATCH-6848,MO-7346,RM-37,2024-03-14,1483
BATCH-6849,MO-5494,RM-55,04/08/2025,982
BATCH-6850,MO-1548,RM-25,09/23/2024,2118
BATCH-6851,MO-5846,RM-34,10/06/2024,1660
BATCH-6852,MO-6350,RM-73,10/17/2024,1295
BATCH-6853,MO-7450,RM-77,2025-02-18,2310
BATCH-6854,MO-6909,RM-17,03/16/2024,7
BATCH-6855,MO-268,RM-62,04/07/2026,1469
BATCH-6856,MO-1426,RM-68,2026-08-04,321
BATCH-6857,MO-1154,RM-21,08/12/2025,426
BATCH-6858,MO-4457,RM-74,2025-07-15,4346
BATCH-6859,MO-4334,RM-36,08/08/2026,3078
BATCH-6860,MO-3162,RM-82,12-02-2024,1115
BATCH-6861,MO-567,RM-26,2025-04-23,4586
BATCH-6862,MO-6694,RM-77,2025-08-19,940
BATCH-6863,MO-4946,RM-74,08/21/2025,3122
BATCH-6864,MO-4364,RM-58,11/02/2026,2163
BATCH-6865,MO-5411,RM-120,13-02-2026,54
BATCH-6866,MO-4989,RM-11,2025-11-27,2112
BATCH-6867,MO-6855,RM-1,09/27/2024,2554
BATCH-6868,MO-5025,RM-67,2026-11-27,3243
BATCH-6869,MO-3101,RM-64,04/12/2024,610
BATCH-6870,MO-5309,RM-92,11/20/2024,3587
BATCH-6871,MO-2914,RM-11,07/24/2026,814
BATCH-6872,MO-1158,RM-83,12/18/2024,3477
BATCH-6873,MO-4110,RM-99,2025-04-01,4175
BATCH-6874,MO-4501,RM-118,09/24/2026,3096
BATCH-6875,MO-3323,RM-59,12/20/2024,603
BATCH-6876,MO-4233,RM-46,21-07-2024,2843
BATCH-6877,MO-1761,RM-54,2024-09-19,213
BATCH-6878,MO-1274,RM-52,02/02/2026,1781
BATCH-6879,MO-7678,RM-1,10-11-2024,3575
BATCH-6880,MO-7416,RM-30,10/05/2026,2098
BATCH-6881,MO-7891,RM-62,2024-05-26,2842
BATCH-6882,MO-693,RM-34,08/08/2026,2415
BATCH-6883,MO-4437,RM-69,12/14/2024,2509
BATCH-6884,MO-1844,RM-14,2026-05-15,2284
BATCH-6885,MO-4554,RM-51,22-10-2025,2506
BATCH-6886,MO-6150,RM-89,07/04/2024,3191
BATCH-6887,MO-2308,RM-97,09-11-2025,4089
BATCH-6888,MO-6492,RM-111,10/23/2026,197
BATCH-6889,MO-1331,RM-13,2025-02-01,2193
BATCH-6890,MO-4057,RM-85,10/18/2025,1735
BATCH-6891,MO-2820,RM-73,10/08/2025,837
BATCH-6892,MO-3509,RM-10,05/03/2024,16
BATCH-6893,MO-5580,RM-2,2024-02-20,4429
BATCH-6894,MO-527,RM-41,04/04/2026,3077
BATCH-6895,MO-2219,RM-49,2024-04-19,908
BATCH-6896,MO-540,RM-106,01-05-2024,1429
BATCH-6897,MO-4501,RM-44,2024-06-12,3794
BATCH-6898,MO-154,RM-98,2025-03-07,363
BATCH-6899,MO-7222,RM-107,14-12-2024,1511
BATCH-6900,MO-4761,RM-4,08-08-2025,1060
BATCH-6901,MO-5281,RM-107,07-10-2024,659
BATCH-6902,MO-3776,RM-24,04/04/2026,1773
BATCH-6903,MO-3746,RM-60,11/26/2026,3596
BATCH-6904,MO-2440,RM-45,08/24/2025,2145
BATCH-6905,MO-952,RM-40,2026-08-15,556
BATCH-6906,MO-5428,RM-45,2024-11-08,2568
BATCH-6907,MO-5404,RM-108,2026-08-06,3170
BATCH-6908,MO-7054,RM-14,15-11-2026,1704
BATCH-6909,MO-1018,RM-119,2024-05-24,2633
BATCH-6910,MO-2549,RM-109,12-11-2026,2934
BATCH-6911,MO-1871,RM-42,2025-01-20,1370
BATCH-6912,MO-6037,RM-106,08/11/2026,1373
BATCH-6913,MO-6056,RM-7,2026-05-05,3536
BATCH-6914,MO-4585,RM-88,2024-08-24,1040
BATCH-6915,MO-2624,RM-53,16-11-2025,1823
BATCH-6916,MO-7173,RM-115,2025-08-12,1785
BATCH-6917,MO-7054,RM-85,03-08-2026,1433
BATCH-6918,MO-6228,RM-49,2025-04-19,1629
BATCH-6919,MO-6,RM-91,04-11-2025,2060
BATCH-6920,MO-3006,RM-5,2026-07-03,499
BATCH-6921,MO-1801,RM-49,12/15/2024,3953
BATCH-6922,MO-5405,RM-4,01/04/2026,2881
BATCH-6923,MO-6198,RM-78,10/01/2025,3536
BATCH-6924,MO-4129,RM-92,13-01-2026,389
BATCH-6925,MO-1023,RM-28,2025-07-19,3938
BATCH-6926,MO-1941,RM-104,2024-08-02,985
BATCH-6927,MO-2295,RM-35,06/07/2025,1826
BATCH-6928,MO-307,RM-20,09/09/2024,3598
BATCH-6929,MO-4153,RM-58,2026-02-23,200
BATCH-6930,MO-752,RM-50,2024-03-08,411
BATCH-6931,MO-3930,RM-4,2024-09-13,2757
BATCH-6932,MO-4404,RM-100,23-07-2024,4472
BATCH-6933,MO-6772,RM-116,17-08-2024,112
BATCH-6934,MO-332,RM-51,08/03/2026,2131
BATCH-6935,MO-5818,RM-74,07/02/2024,3297
BATCH-6936,MO-3677,RM-2,08-03-2024,1564
BATCH-6937,MO-965,RM-12,09-10-2025,3534
BATCH-6938,MO-7522,RM-28,13-09-2024,2441
BATCH-6939,MO-3933,RM-86,05/17/2024,3514
BATCH-6940,MO-1868,RM-50,2025-06-13,2187
BATCH-6941,MO-783,RM-55,2025-11-12,4366
BATCH-6942,MO-6583,RM-31,07-05-2024,2293
BATCH-6943,MO-7245,RM-20,02/05/2024,3992
BATCH-6944,MO-882,RM-84,2026-04-28,243
BATCH-6945,MO-7861,RM-106,2026-12-14,4691
BATCH-6946,MO-3830,RM-102,2025-10-07,265
BATCH-6947,MO-1988,RM-61,2025-01-18,4341
BATCH-6948,MO-3231,RM-1,25-07-2026,800
BATCH-6949,MO-5766,RM-38,2025-09-18,889
BATCH-6950,MO-3162,RM-1,13-11-2025,4003
BATCH-6951,MO-6134,RM-59,16-03-2024,4624
BATCH-6952,MO-6097,RM-33,2025-09-07,3108
BATCH-6953,MO-2830,RM-32,05-08-2026,420
BATCH-6954,MO-1526,RM-7,2024-09-15,4674
BATCH-6955,MO-2215,RM-53,2024-02-09,3437
BATCH-6956,MO-394,RM-6,06/26/2026,2343
BATCH-6957,MO-499,RM-94,06/10/2024,750
BATCH-6958,MO-1596,RM-28,07/25/2024,2663
BATCH-6959,MO-2091,RM-34,03/18/2025,3369
BATCH-6960,MO-3386,RM-10,02-12-2026,3045
BATCH-6961,MO-5636,RM-43,2025-07-27,3555
BATCH-6962,MO-504,RM-44,01/25/2025,4717
BATCH-6963,MO-2752,RM-5,01/19/2025,481
BATCH-6964,MO-7043,RM-19,2024-03-14,2746
BATCH-6965,MO-6183,RM-86,2024-09-07,238
BATCH-6966,MO-7366,RM-24,03/08/2026,1053
BATCH-6967,MO-125,RM-47,2026-09-11,1418
BATCH-6968,MO-2413,RM-20,2026-11-16,2801
BATCH-6969,MO-1082,RM-102,05/23/2026,141
BATCH-6970,MO-4259,RM-14,2026-10-27,1713
BATCH-6971,MO-135,RM-29,03/25/2024,2180
BATCH-6972,MO-6637,RM-55,2025-05-12,3486
BATCH-6973,MO-7417,RM-78,2025-03-02,2949
BATCH-6974,MO-3997,RM-17,02/02/2025,182
BATCH-6975,MO-3095,RM-4,06/24/2025,1731
BATCH-6976,MO-581,RM-53,17-05-2025,1469
BATCH-6977,MO-7337,RM-91,06/10/2026,15
BATCH-6978,MO-201,RM-106,25-01-2024,4192
BATCH-6979,MO-3879,RM-112,2024-05-20,4600
BATCH-6980,MO-6800,RM-98,2025-12-21,2342
BATCH-6981,MO-3869,RM-66,2024-10-14,1750
BATCH-6982,MO-2543,RM-6,10/12/2024,222
BATCH-6983,MO-2858,RM-50,2025-01-27,1321
BATCH-6984,MO-10,RM-58,09/20/2025,3953
BATCH-6985,MO-1103,RM-16,2025-04-22,980
BATCH-6986,MO-1470,RM-11,02/19/2026,3556
BATCH-6987,MO-1256,RM-103,2025-07-21,635
BATCH-6988,MO-4083,RM-114,25-05-2026,377
BATCH-6989,MO-1135,RM-77,02/17/2026,3249
BATCH-6990,MO-462,RM-76,2024-11-06,3947
BATCH-6991,MO-2200,RM-59,12-08-2024,3956
BATCH-6992,MO-3221,RM-64,10/18/2024,2421
BATCH-6993,MO-7399,RM-52,2024-11-27,2420
BATCH-6994,MO-6466,RM-24,14-01-2026,4789
BATCH-6995,MO-2095,RM-101,19-02-2025,1475
BATCH-6996,MO-6653,RM-34,2024-01-14,4010
BATCH-6997,MO-2634,RM-25,04/08/2025,2961
BATCH-6998,MO-5680,RM-96,04/17/2026,4121
BATCH-6999,MO-7210,RM-41,02/28/2024,219
BATCH-7000,MO-667,RM-61,02/18/2024,1453
BATCH-7001,MO-3289,RM-12,05/28/2026,393
BATCH-7002,MO-3975,RM-89,2025-04-07,1844
BATCH-7003,MO-2432,RM-97,2024-06-20,1400
BATCH-7004,MO-5814,RM-19,20-12-2024,4181
BATCH-7005,MO-7770,RM-44,2025-06-20,4314
BATCH-7006,MO-6785,RM-95,2024-10-17,1221
BATCH-7007,MO-1843,RM-78,05/16/2026,4149
BATCH-7008,MO-3446,RM-84,2026-01-26,1569
BATCH-7009,MO-7322,RM-5,2025-11-05,3718
BATCH-7010,MO-6431,RM-94,2025-10-19,4379
BATCH-7011,MO-7805,RM-102,05/15/2025,243
BATCH-7012,MO-2836,RM-35,2026-01-13,176
BATCH-7013,MO-5072,RM-11,2024-04-07,1755
BATCH-7014,MO-4083,RM-59,2024-02-19,3748
BATCH-7015,MO-3,RM-21,2026-10-28,2148
BATCH-7016,MO-1934,RM-47,2024-09-12,2979
BATCH-7017,MO-1274,RM-57,07/18/2026,3702
BATCH-7018,MO-2071,RM-82,2025-10-28,2508
BATCH-7019,MO-2687,RM-37,2026-10-24,1035
BATCH-7020,MO-6147,RM-102,04/25/2025,741
BATCH-7021,MO-1692,RM-16,08-06-2025,551
BATCH-7022,MO-5074,RM-49,2025-01-12,4134
BATCH-7023,MO-4669,RM-73,05-11-2024,4241
BATCH-7024,MO-602,RM-55,10/21/2024,2269
BATCH-7025,MO-2862,RM-23,2026-03-28,4769
BATCH-7026,MO-5331,RM-51,2024-10-18,3555
BATCH-7027,MO-2865,RM-118,2026-03-10,806
BATCH-7028,MO-7499,RM-47,2025-11-26,324
BATCH-7029,MO-2814,RM-103,2025-05-24,1711
BATCH-7030,MO-1980,RM-65,01/25/2025,4652
BATCH-7031,MO-4582,RM-15,2026-05-12,1753
BATCH-7032,MO-424,RM-71,02/02/2025,2760
BATCH-7033,MO-1532,RM-67,01/14/2026,272
BATCH-7034,MO-3492,RM-19,18-05-2024,4634
BATCH-7035,MO-7895,RM-109,08/12/2025,139
BATCH-7036,MO-5674,RM-29,01/11/2024,748
BATCH-7037,MO-2171,RM-3,19-04-2025,2662
BATCH-7038,MO-4878,RM-74,16-03-2024,2574
BATCH-7039,MO-7274,RM-100,2024-01-12,1989
BATCH-7040,MO-3629,RM-65,12/05/2024,2662
BATCH-7041,MO-2544,RM-79,04/19/2025,4100
BATCH-7042,MO-1763,RM-7,25-11-2026,1160
BATCH-7043,MO-7526,RM-87,20-10-2025,3829
BATCH-7044,MO-6995,RM-115,21-08-2026,3268
BATCH-7045,MO-6801,RM-83,2024-09-28,760
BATCH-7046,MO-6916,RM-10,2025-08-23,1797
BATCH-7047,MO-825,RM-77,2025-04-22,888
BATCH-7048,MO-3754,RM-55,08/23/2026,597
BATCH-7049,MO-7035,RM-70,03-01-2025,3941
BATCH-7050,MO-2937,RM-66,2024-06-12,3752
BATCH-7051,MO-2248,RM-44,18-02-2026,450
BATCH-7052,MO-1168,RM-87,08/19/2024,2792
BATCH-7053,MO-6024,RM-2,08/12/2026,4230
BATCH-7054,MO-1047,RM-28,10-12-2025,4730
BATCH-7055,MO-39,RM-82,2025-12-11,1643
BATCH-7056,MO-6331,RM-24,2026-06-04,4146
BATCH-7057,MO-6557,RM-52,2024-03-12,157
BATCH-7058,MO-377,RM-107,28-09-2024,3098
BATCH-7059,MO-7735,RM-85,2025-01-09,3606
BATCH-7060,MO-3736,RM-83,02/16/2026,235
BATCH-7061,MO-4952,RM-97,15-01-2026,746
BATCH-7062,MO-3700,RM-51,02/25/2025,3567
BATCH-7063,MO-7944,RM-7,01/19/2025,1691
BATCH-7064,MO-458,RM-114,06-03-2025,3883
BATCH-7065,MO-2729,RM-59,2024-12-07,2426
BATCH-7066,MO-6858,RM-15,11/21/2024,1501
BATCH-7067,MO-4091,RM-101,2025-07-26,3703
BATCH-7068,MO-626,RM-48,28-11-2024,1905
BATCH-7069,MO-3831,RM-106,05-06-2025,1816
BATCH-7070,MO-5213,RM-11,01/15/2025,1393
BATCH-7071,MO-5623,RM-32,2026-07-08,3888
BATCH-7072,MO-499,RM-31,2025-02-28,1565
BATCH-7073,MO-3324,RM-118,2026-01-20,486
BATCH-7074,MO-6890,RM-105,04/08/2024,4466
BATCH-7075,MO-550,RM-38,07/22/2026,1079
BATCH-7076,MO-7577,RM-48,09/05/2024,1494
BATCH-7077,MO-3939,RM-53,12/17/2024,3262
BATCH-7078,MO-394,RM-107,01/05/2024,601
BATCH-7079,MO-5435,RM-25,27-11-2025,1604
BATCH-7080,MO-6462,RM-99,2025-08-28,1206
BATCH-7081,MO-3404,RM-60,11/13/2026,1484
BATCH-7082,MO-6307,RM-112,2024-06-01,245
BATCH-7083,MO-693,RM-98,08/03/2026,3472
BATCH-7084,MO-6229,RM-53,2026-04-01,4082
BATCH-7085,MO-4548,RM-48,2026-07-22,1579
BATCH-7086,MO-7036,RM-39,2025-08-22,3371
BATCH-7087,MO-569,RM-2,11/12/2024,2921
BATCH-7088,MO-6268,RM-4,2025-03-05,235
BATCH-7089,MO-2060,RM-28,27-04-2024,229
BATCH-7090,MO-5635,RM-24,2025-08-24,542
BATCH-7091,MO-1995,RM-60,2026-09-13,4122
BATCH-7092,MO-2231,RM-40,2026-03-03,783
BATCH-7093,MO-1616,RM-67,2026-08-26,954
BATCH-7094,MO-6576,RM-99,2025-03-18,289
BATCH-7095,MO-1285,RM-61,12-07-2024,131
BATCH-7096,MO-245,RM-43,25-10-2026,2707
BATCH-7097,MO-4373,RM-119,2026-12-15,1128
BATCH-7098,MO-5255,RM-54,04/03/2026,647
BATCH-7099,MO-7319,RM-75,06/18/2026,3708
BATCH-7100,MO-1330,RM-110,2025-04-22,2475
BATCH-7101,MO-381,RM-65,2025-12-15,2742
BATCH-7102,MO-7400,RM-18,2024-03-13,4755
BATCH-7103,MO-569,RM-73,06/04/2026,545
BATCH-7104,MO-5332,RM-41,2024-03-09,3705
BATCH-7105,MO-3018,RM-45,2025-07-18,1848
BATCH-7106,MO-5611,RM-94,12-01-2024,665
BATCH-7107,MO-1635,RM-86,2025-04-28,3371
BATCH-7108,MO-5844,RM-65,2026-03-14,90
BATCH-7109,MO-3073,RM-52,2024-09-03,3026
BATCH-7110,MO-7380,RM-84,27-02-2024,2918
BATCH-7111,MO-1089,RM-101,2024-07-02,2474
BATCH-7112,MO-4283,RM-47,2026-06-04,4604
BATCH-7113,MO-3835,RM-59,25-04-2025,1474
BATCH-7114,MO-3239,RM-46,09/14/2024,1938
BATCH-7115,MO-4578,RM-66,2026-12-11,4242
BATCH-7116,MO-4119,RM-77,09-08-2026,2844
BATCH-7117,MO-2799,RM-90,01/16/2025,4384
BATCH-7118,MO-5467,RM-30,26-02-2024,3475
BATCH-7119,MO-6817,RM-87,12/12/2025,3409
BATCH-7120,MO-926,RM-88,2024-09-06,3270
BATCH-7121,MO-6630,RM-9,2026-02-14,4765
BATCH-7122,MO-6675,RM-37,2026-07-13,1100
BATCH-7123,MO-4219,RM-114,2025-07-09,2404
BATCH-7124,MO-460,RM-115,04/25/2026,4192
BATCH-7125,MO-958,RM-119,2025-02-21,3801
BATCH-7126,MO-2203,RM-113,2026-09-07,2360
BATCH-7127,MO-2149,RM-54,2024-07-23,3697
BATCH-7128,MO-2013,RM-111,04/22/2024,4066
BATCH-7129,MO-804,RM-54,02/28/2025,2322
BATCH-7130,MO-780,RM-75,2026-03-17,4269
BATCH-7131,MO-4322,RM-106,04/12/2025,123
BATCH-7132,MO-5971,RM-111,23-07-2025,2208
BATCH-7133,MO-450,RM-53,2026-01-23,884
BATCH-7134,MO-432,RM-86,2025-11-14,3423
BATCH-7135,MO-7846,RM-6,18-05-2026,3124
BATCH-7136,MO-3396,RM-9,2025-04-28,584
BATCH-7137,MO-2527,RM-83,2026-12-27,804
BATCH-7138,MO-3437,RM-94,03-02-2024,3793
BATCH-7139,MO-1524,RM-20,06/08/2025,1335
BATCH-7140,MO-6156,RM-80,2025-05-06,1935
BATCH-7141,MO-2180,RM-82,2025-11-13,1767
BATCH-7142,MO-2257,RM-66,27-01-2025,3399
BATCH-7143,MO-2396,RM-62,2026-03-13,3359
BATCH-7144,MO-265,RM-17,12-11-2024,698
BATCH-7145,MO-726,RM-69,01-07-2026,2322
BATCH-7146,MO-1237,RM-82,02/05/2025,125
BATCH-7147,MO-5539,RM-15,2025-03-19,2471
BATCH-7148,MO-3715,RM-56,2025-06-17,2636
BATCH-7149,MO-1910,RM-51,2025-06-17,2519
BATCH-7150,MO-3528,RM-120,12-07-2024,2274
BATCH-7151,MO-2322,RM-74,10/25/2025,2233
BATCH-7152,MO-7920,RM-89,2025-02-04,2243
BATCH-7153,MO-2316,RM-4,2025-09-11,4501
BATCH-7154,MO-4057,RM-64,06/26/2024,3878
BATCH-7155,MO-4544,RM-100,2024-06-19,1608
BATCH-7156,MO-1305,RM-80,2025-03-01,2970
BATCH-7157,MO-3843,RM-50,2024-09-05,1291
BATCH-7158,MO-4879,RM-95,05/18/2025,3046
BATCH-7159,MO-7424,RM-108,2026-12-18,256
BATCH-7160,MO-7921,RM-10,2026-12-25,1355
BATCH-7161,MO-6818,RM-78,02-07-2026,31
BATCH-7162,MO-2873,RM-47,2026-03-25,1949
BATCH-7163,MO-4780,RM-113,03/24/2024,4605
BATCH-7164,MO-1006,RM-103,13-11-2024,156
BATCH-7165,MO-1300,RM-80,2024-09-06,989
BATCH-7166,MO-3025,RM-112,2024-03-27,1389
BATCH-7167,MO-6080,RM-73,06/08/2026,832
BATCH-7168,MO-7078,RM-44,2026-07-11,3958
BATCH-7169,MO-1848,RM-10,03/06/2026,3610
BATCH-7170,MO-5023,RM-64,2025-09-24,1473
BATCH-7171,MO-2630,RM-21,2025-04-19,1684
BATCH-7172,MO-5766,RM-23,2025-08-02,1189
BATCH-7173,MO-4248,RM-101,2025-01-10,1716
BATCH-7174,MO-684,RM-38,17-08-2025,3131
BATCH-7175,MO-3066,RM-114,22-04-2025,839
BATCH-7176,MO-1429,RM-84,22-10-2025,2469
BATCH-7177,MO-4563,RM-46,2026-04-12,2206
BATCH-7178,MO-1398,RM-7,2026-01-10,2722
BATCH-7179,MO-3073,RM-41,2026-03-02,1074
BATCH-7180,MO-482,RM-51,2026-05-01,4374
BATCH-7181,MO-5740,RM-18,05-09-2024,4036
BATCH-7182,MO-5572,RM-92,01/20/2026,2472
BATCH-7183,MO-3070,RM-54,2026-09-25,3783
BATCH-7184,MO-3557,RM-99,24-11-2025,780
BATCH-7185,MO-1923,RM-87,07/13/2026,1622
BATCH-7186,MO-3775,RM-76,01/08/2026,653
BATCH-7187,MO-4084,RM-4,10/19/2025,4132
BATCH-7188,MO-1678,RM-7,06/20/2025,3016
BATCH-7189,MO-2137,RM-98,09/03/2024,3654
BATCH-7190,MO-3503,RM-50,2025-08-08,402
BATCH-7191,MO-6492,RM-50,18-11-2025,1693
BATCH-7192,MO-3167,RM-46,07/25/2024,153
BATCH-7193,MO-1443,RM-40,2024-04-06,2528
BATCH-7194,MO-2736,RM-80,2026-02-02,2922
BATCH-7195,MO-5905,RM-74,08/28/2025,857
BATCH-7196,MO-1058,RM-2,21-02-2026,2030
BATCH-7197,MO-4969,RM-10,2026-03-24,4378
BATCH-7198,MO-5698,RM-50,06/21/2024,1337
BATCH-7199,MO-656,RM-52,2026-02-18,3906
BATCH-7200,MO-7725,RM-11,07/12/2025,173
BATCH-7201,MO-5092,RM-111,2025-08-21,3076
BATCH-7202,MO-6902,RM-15,08/04/2024,2655
BATCH-7203,MO-7270,RM-95,11/08/2025,1808
BATCH-7204,MO-7274,RM-104,10/14/2025,657
BATCH-7205,MO-7468,RM-54,2024-11-09,25
BATCH-7206,MO-5919,RM-40,01/27/2024,2170
BATCH-7207,MO-734,RM-26,27-10-2024,3148
BATCH-7208,MO-2121,RM-5,2026-02-11,1159
BATCH-7209,MO-3849,RM-29,2024-05-20,4008
BATCH-7210,MO-2552,RM-51,03/10/2026,4364
BATCH-7211,MO-3778,RM-98,10/08/2025,1570
BATCH-7212,MO-3439,RM-31,04/04/2026,2307
BATCH-7213,MO-4020,RM-76,03/08/2024,4259
BATCH-7214,MO-4620,RM-8,2025-05-09,1452
BATCH-7215,MO-547,RM-58,2024-10-06,4743
BATCH-7216,MO-7738,RM-100,12/04/2024,3199
BATCH-7217,MO-4174,RM-40,2026-01-18,3683
BATCH-7218,MO-3515,RM-59,2024-08-21,597
BATCH-7219,MO-4024,RM-11,2026-12-17,3006
BATCH-7220,MO-3073,RM-115,15-02-2026,1168
BATCH-7221,MO-1804,RM-6,07/03/2026,41
BATCH-7222,MO-6421,RM-101,2026-08-09,1282
BATCH-7223,MO-513,RM-37,2025-09-20,4658
BATCH-7224,MO-256,RM-79,2026-07-10,1805
BATCH-7225,MO-278,RM-81,06-10-2025,4381
BATCH-7226,MO-65,RM-21,2024-04-20,3310
BATCH-7227,MO-4435,RM-52,12/06/2025,295
BATCH-7228,MO-3761,RM-51,2024-08-16,4093
BATCH-7229,MO-5684,RM-16,2024-12-11,2502
BATCH-7230,MO-7592,RM-61,02/09/2024,528
BATCH-7231,MO-6840,RM-39,02/14/2026,4786
BATCH-7232,MO-4053,RM-102,09/11/2024,4293
BATCH-7233,MO-497,RM-61,2024-05-21,849
BATCH-7234,MO-5523,RM-91,2024-06-19,4545
BATCH-7235,MO-278,RM-15,2024-03-07,1256
BATCH-7236,MO-5839,RM-84,10-07-2026,391
BATCH-7237,MO-4197,RM-116,01-01-2026,1811
BATCH-7238,MO-3016,RM-87,2026-04-23,1988
BATCH-7239,MO-911,RM-25,10/22/2025,2484
BATCH-7240,MO-1410,RM-78,2024-04-21,2937
BATCH-7241,MO-7469,RM-5,2026-06-08,1992
BATCH-7242,MO-2056,RM-118,14-01-2024,3723
BATCH-7243,MO-5065,RM-97,04/15/2026,584
BATCH-7244,MO-875,RM-105,04/14/2026,1529
BATCH-7245,MO-7452,RM-32,03/21/2024,1989
BATCH-7246,MO-3194,RM-74,2025-02-28,3653
BATCH-7247,MO-3767,RM-17,2026-04-19,447
BATCH-7248,MO-1898,RM-4,09/27/2025,2043
BATCH-7249,MO-3345,RM-117,08/19/2025,1320
BATCH-7250,MO-3675,RM-118,2026-03-13,3349
BATCH-7251,MO-3832,RM-65,2026-04-18,4794
BATCH-7252,MO-3824,RM-9,2026-05-13,1197
BATCH-7253,MO-1912,RM-21,2025-03-22,3850
BATCH-7254,MO-6025,RM-76,2025-02-14,2751
BATCH-7255,MO-7859,RM-91,2024-02-28,3796
BATCH-7256,MO-5535,RM-93,13-12-2025,240
BATCH-7257,MO-7418,RM-33,2026-09-12,4014
BATCH-7258,MO-3206,RM-10,2025-09-05,723
BATCH-7259,MO-2010,RM-117,04/04/2025,634
BATCH-7260,MO-5631,RM-34,2026-11-12,2049
BATCH-7261,MO-694,RM-38,2024-03-16,2568
BATCH-7262,MO-1834,RM-53,2025-01-26,1590
BATCH-7263,MO-6857,RM-48,2024-12-24,231
BATCH-7264,MO-1881,RM-79,11/07/2025,4489
BATCH-7265,MO-858,RM-77,02/15/2025,3269
BATCH-7266,MO-2392,RM-83,2026-10-10,2364
BATCH-7267,MO-2216,RM-89,2026-09-23,530
BATCH-7268,MO-5083,RM-73,2025-12-22,712
BATCH-7269,MO-1947,RM-94,14-01-2025,736
BATCH-7270,MO-3195,RM-49,2025-06-22,3804
BATCH-7271,MO-6717,RM-35,2024-03-11,1273
BATCH-7272,MO-1765,RM-32,2025-09-08,1204
BATCH-7273,MO-3361,RM-45,04/27/2026,2940
BATCH-7274,MO-2314,RM-1,16-09-2026,336
BATCH-7275,MO-4470,RM-82,2025-06-13,27
BATCH-7276,MO-4858,RM-91,11/07/2026,3704
BATCH-7277,MO-643,RM-79,2026-10-28,165
BATCH-7278,MO-104,RM-88,2025-02-11,57
BATCH-7279,MO-5250,RM-114,11/24/2024,2100
BATCH-7280,MO-6368,RM-89,23-10-2024,437
BATCH-7281,MO-1701,RM-71,2025-10-01,4057
BATCH-7282,MO-2416,RM-58,06-03-2026,4221
BATCH-7283,MO-6596,RM-90,2024-07-08,2351
BATCH-7284,MO-3080,RM-20,2024-11-05,4096
BATCH-7285,MO-4710,RM-73,06/10/2024,3538
BATCH-7286,MO-7477,RM-84,01/27/2026,4667
BATCH-7287,MO-6030,RM-5,2024-10-10,814
BATCH-7288,MO-3714,RM-32,2025-05-06,2483
BATCH-7289,MO-5025,RM-110,02/07/2025,1203
BATCH-7290,MO-4395,RM-61,06/24/2026,3539
BATCH-7291,MO-3639,RM-105,10/16/2026,4139
BATCH-7292,MO-6809,RM-47,05/22/2025,2971
BATCH-7293,MO-7762,RM-69,09/13/2026,3983
BATCH-7294,MO-3015,RM-33,08/15/2026,2806
BATCH-7295,MO-6259,RM-77,2024-11-19,1896
BATCH-7296,MO-2132,RM-81,10/22/2024,1305
BATCH-7297,MO-5146,RM-30,2024-10-02,270
BATCH-7298,MO-7259,RM-113,2024-05-17,4701
BATCH-7299,MO-4607,RM-110,12-08-2026,1447
BATCH-7300,MO-3100,RM-100,03/28/2025,3609
BATCH-7301,MO-7970,RM-112,23-11-2024,2506
BATCH-7302,MO-4662,RM-8,2024-02-20,539
BATCH-7303,MO-1153,RM-105,06-10-2025,4676
BATCH-7304,MO-3288,RM-39,2024-12-25,2871
BATCH-7305,MO-1476,RM-3,2024-07-15,1160
BATCH-7306,MO-1870,RM-52,02-07-2025,3419
BATCH-7307,MO-4759,RM-116,05/15/2025,4020
BATCH-7308,MO-7655,RM-105,10-08-2024,95
BATCH-7309,MO-3855,RM-73,12-11-2025,3763
BATCH-7310,MO-5180,RM-113,2024-10-12,83
BATCH-7311,MO-3544,RM-10,17-11-2024,362
BATCH-7312,MO-6832,RM-88,2026-05-04,764
BATCH-7313,MO-4773,RM-12,2024-02-17,4122
BATCH-7314,MO-2227,RM-39,2025-09-03,3991
BATCH-7315,MO-4736,RM-92,2025-01-05,794
BATCH-7316,MO-7897,RM-117,08/05/2025,3530
BATCH-7317,MO-6050,RM-94,2024-02-18,743
BATCH-7318,MO-1224,RM-83,2026-11-21,2815
BATCH-7319,MO-4978,RM-120,2026-05-05,1642
BATCH-7320,MO-4519,RM-56,12/13/2024,4252
BATCH-7321,MO-6944,RM-38,12/12/2025,3272
BATCH-7322,MO-1997,RM-89,23-01-2025,645
BATCH-7323,MO-1357,RM-69,05-03-2024,4432
BATCH-7324,MO-1079,RM-17,09/18/2026,1924
BATCH-7325,MO-5639,RM-41,18-01-2024,802
BATCH-7326,MO-3533,RM-5,07/21/2025,137
BATCH-7327,MO-5123,RM-103,2025-10-01,2509
BATCH-7328,MO-1299,RM-23,17-12-2024,2180
BATCH-7329,MO-7348,RM-93,06/26/2025,2268
BATCH-7330,MO-4181,RM-116,2024-11-03,3376
BATCH-7331,MO-7641,RM-95,2024-08-21,2919
BATCH-7332,MO-7920,RM-44,14-09-2025,4303
BATCH-7333,MO-5719,RM-78,05/20/2026,1900
BATCH-7334,MO-76,RM-6,10/09/2024,2026
BATCH-7335,MO-7733,RM-38,07/18/2024,3381
BATCH-7336,MO-4948,RM-68,2026-06-02,549
BATCH-7337,MO-7864,RM-6,06/05/2026,2084
BATCH-7338,MO-3744,RM-11,2026-03-11,3062
BATCH-7339,MO-495,RM-18,2026-11-06,1869
BATCH-7340,MO-1467,RM-41,28-07-2025,1672
BATCH-7341,MO-6476,RM-50,2024-07-18,1112
BATCH-7342,MO-2970,RM-101,2026-01-06,3579
BATCH-7343,MO-5867,RM-75,09/08/2026,1127
BATCH-7344,MO-4142,RM-71,2025-09-15,1568
BATCH-7345,MO-2840,RM-16,06-05-2026,3089
BATCH-7346,MO-7277,RM-3,01/18/2026,3202
BATCH-7347,MO-546,RM-102,2024-01-23,2644
BATCH-7348,MO-1480,RM-111,2025-04-12,1932
BATCH-7349,MO-3612,RM-11,05/11/2026,951
BATCH-7350,MO-596,RM-109,01/13/2026,2114
BATCH-7351,MO-4512,RM-26,22-02-2024,1238
BATCH-7352,MO-7361,RM-97,2025-10-25,4771
BATCH-7353,MO-214,RM-57,2026-07-07,4511
BATCH-7354,MO-146,RM-77,2026-11-25,48
BATCH-7355,MO-3625,RM-3,06/09/2024,3364
BATCH-7356,MO-136,RM-20,12-03-2025,1058
BATCH-7357,MO-4691,RM-104,2024-09-04,2810
BATCH-7358,MO-2307,RM-21,2025-09-18,196
BATCH-7359,MO-3379,RM-115,2024-11-14,762
BATCH-7360,MO-7585,RM-106,03/10/2026,3829
BATCH-7361,MO-6883,RM-6,02/02/2026,3692
BATCH-7362,MO-235,RM-57,11/27/2024,1701
BATCH-7363,MO-3715,RM-68,2024-02-19,3502
BATCH-7364,MO-1968,RM-59,2025-06-04,3272
BATCH-7365,MO-53,RM-8,2024-07-23,2488
BATCH-7366,MO-3921,RM-38,07/21/2024,3623
BATCH-7367,MO-4656,RM-12,2025-12-03,4020
BATCH-7368,MO-3146,RM-85,2025-10-09,2819
BATCH-7369,MO-7147,RM-103,2025-03-26,2223
BATCH-7370,MO-1095,RM-62,2026-04-14,1848
BATCH-7371,MO-3591,RM-101,2025-02-09,3516
BATCH-7372,MO-7213,RM-42,09/15/2026,3842
BATCH-7373,MO-5863,RM-7,2024-11-03,3699
BATCH-7374,MO-7972,RM-37,09/02/2026,2348
BATCH-7375,MO-1233,RM-35,09/28/2024,4323
BATCH-7376,MO-984,RM-68,04/03/2026,2991
BATCH-7377,MO-7429,RM-41,2025-12-09,410
BATCH-7378,MO-413,RM-53,2026-07-27,785
BATCH-7379,MO-6224,RM-98,25-02-2025,1981
BATCH-7380,MO-4752,RM-120,07/27/2026,2456
BATCH-7381,MO-1935,RM-79,2024-12-18,2522
BATCH-7382,MO-1510,RM-28,2026-01-20,532
BATCH-7383,MO-1088,RM-99,19-05-2024,1149
BATCH-7384,MO-4796,RM-22,01/03/2026,2179
BATCH-7385,MO-4587,RM-83,02/02/2025,1039
BATCH-7386,MO-4557,RM-9,2025-09-05,963
BATCH-7387,MO-5245,RM-15,2024-11-28,1179
BATCH-7388,MO-3470,RM-44,02/08/2026,2351
BATCH-7389,MO-6640,RM-37,2026-12-16,1365
BATCH-7390,MO-2936,RM-89,27-11-2024,4794
BATCH-7391,MO-6200,RM-100,2026-12-25,603
BATCH-7392,MO-6259,RM-57,09/27/2024,384
BATCH-7393,MO-2667,RM-107,28-07-2025,253
BATCH-7394,MO-662,RM-95,11/24/2024,3028
BATCH-7395,MO-654,RM-55,10-06-2026,3178
BATCH-7396,MO-6336,RM-36,02/18/2024,1134
BATCH-7397,MO-4885,RM-33,02/03/2026,4730
BATCH-7398,MO-7070,RM-15,11/16/2024,1905
BATCH-7399,MO-660,RM-85,09/27/2025,3144
BATCH-7400,MO-619,RM-88,2024-01-04,1930
BATCH-7401,MO-6268,RM-36,2026-11-14,3762
BATCH-7402,MO-4085,RM-38,26-09-2024,1779
BATCH-7403,MO-341,RM-99,07/23/2024,4420
BATCH-7404,MO-3429,RM-91,06/23/2024,1646
BATCH-7405,MO-814,RM-37,07/08/2024,3914
BATCH-7406,MO-1728,RM-70,02/18/2025,2581
BATCH-7407,MO-3549,RM-37,02/17/2024,1898
BATCH-7408,MO-6738,RM-107,09/07/2025,1308
BATCH-7409,MO-2819,RM-5,15-03-2024,915
BATCH-7410,MO-611,RM-1,2025-02-20,3155
BATCH-7411,MO-1481,RM-117,2025-01-08,421
BATCH-7412,MO-214,RM-64,2026-02-19,1699
BATCH-7413,MO-3447,RM-106,2024-09-24,1163
BATCH-7414,MO-755,RM-50,2024-08-10,4100
BATCH-7415,MO-1901,RM-96,2026-09-18,335
BATCH-7416,MO-5060,RM-19,2024-05-17,2303
BATCH-7417,MO-1421,RM-86,2024-04-04,1696
BATCH-7418,MO-5380,RM-10,07-04-2026,3507
BATCH-7419,MO-3013,RM-53,2024-08-06,1691
BATCH-7420,MO-6442,RM-40,03/20/2024,4532
BATCH-7421,MO-7806,RM-45,2025-09-21,928
BATCH-7422,MO-5440,RM-74,2024-04-05,1794
BATCH-7423,MO-7524,RM-78,19-10-2026,1734
BATCH-7424,MO-911,RM-65,10/14/2026,1918
BATCH-7425,MO-3648,RM-40,19-02-2024,2551
BATCH-7426,MO-3457,RM-106,2025-10-12,4136
BATCH-7427,MO-338,RM-31,2026-03-24,3396
BATCH-7428,MO-1961,RM-71,2026-11-12,3046
BATCH-7429,MO-7335,RM-10,2026-01-02,2977
BATCH-7430,MO-5529,RM-87,11/08/2024,4179
BATCH-7431,MO-5195,RM-109,2025-01-16,178
BATCH-7432,MO-7305,RM-8,12/26/2026,1496
BATCH-7433,MO-4086,RM-2,2026-03-13,2921
BATCH-7434,MO-6887,RM-23,26-09-2024,1216
BATCH-7435,MO-7838,RM-22,2025-12-05,688
BATCH-7436,MO-5032,RM-66,2026-11-17,3683
BATCH-7437,MO-5874,RM-53,2024-01-06,570
BATCH-7438,MO-5672,RM-107,08/19/2025,1845
BATCH-7439,MO-3825,RM-18,2024-01-25,28
BATCH-7440,MO-3267,RM-57,07/24/2025,1835
BATCH-7441,MO-5831,RM-47,04/26/2024,2434
BATCH-7442,MO-2903,RM-71,11-06-2024,651
BATCH-7443,MO-3474,RM-34,03/10/2025,767
BATCH-7444,MO-6128,RM-28,2025-03-25,2156
BATCH-7445,MO-4669,RM-88,11/08/2024,2565
BATCH-7446,MO-3369,RM-95,2025-09-28,3999
BATCH-7447,MO-5713,RM-51,07/17/2024,3964
BATCH-7448,MO-6971,RM-94,02/21/2026,1663
BATCH-7449,MO-5645,RM-37,17-03-2025,3778
BATCH-7450,MO-900,RM-29,10/05/2026,2572
BATCH-7451,MO-4283,RM-99,02/07/2025,1621
BATCH-7452,MO-5229,RM-46,22-03-2024,274
BATCH-7453,MO-2767,RM-104,2026-09-21,1204
BATCH-7454,MO-4392,RM-58,04/10/2024,269
BATCH-7455,MO-6519,RM-102,2026-01-23,2300
BATCH-7456,MO-3706,RM-41,07/06/2026,4485
BATCH-7457,MO-1634,RM-26,2026-11-27,1419
BATCH-7458,MO-2128,RM-54,09/04/2026,1382
BATCH-7459,MO-6526,RM-115,2026-01-11,1899
BATCH-7460,MO-5929,RM-93,03/20/2025,1195
BATCH-7461,MO-962,RM-73,11/17/2024,335
BATCH-7462,MO-3717,RM-40,2025-07-07,2226
BATCH-7463,MO-7863,RM-117,06/10/2024,1134
BATCH-7464,MO-6727,RM-58,03/07/2025,1838
BATCH-7465,MO-2450,RM-83,11-01-2024,970
BATCH-7466,MO-7439,RM-82,02-06-2025,4409
BATCH-7467,MO-786,RM-8,08/15/2024,1988
BATCH-7468,MO-1061,RM-46,26-05-2025,4253
BATCH-7469,MO-1657,RM-14,2026-11-02,1232
BATCH-7470,MO-3275,RM-9,2026-06-17,1325
BATCH-7471,MO-1007,RM-81,2026-11-01,4147
BATCH-7472,MO-1296,RM-38,2026-01-04,4115
BATCH-7473,MO-972,RM-20,2025-01-18,35
BATCH-7474,MO-6345,RM-50,20-11-2024,4588
BATCH-7475,MO-167,RM-86,2024-09-10,2452
BATCH-7476,MO-5356,RM-62,2025-06-23,554
BATCH-7477,MO-5919,RM-97,2026-02-20,3572
BATCH-7478,MO-2356,RM-63,03/27/2025,4167
BATCH-7479,MO-4974,RM-39,2024-08-06,1075
BATCH-7480,MO-3907,RM-39,12-03-2024,4663
BATCH-7481,MO-6033,RM-46,2026-01-19,4140
BATCH-7482,MO-2875,RM-104,11/27/2025,2862
BATCH-7483,MO-215,RM-120,01-05-2024,2832
BATCH-7484,MO-3542,RM-101,2026-07-14,1959
BATCH-7485,MO-5135,RM-81,23-02-2026,1544
BATCH-7486,MO-2963,RM-108,01/22/2025,4143
BATCH-7487,MO-5337,RM-106,10/17/2024,3920
BATCH-7488,MO-2117,RM-43,2024-01-17,318
BATCH-7489,MO-5246,RM-51,2026-02-17,341
BATCH-7490,MO-2647,RM-12,12/03/2024,3838
BATCH-7491,MO-135,RM-87,20-02-2024,2093
BATCH-7492,MO-471,RM-45,2024-08-11,1758
BATCH-7493,MO-4294,RM-87,10/07/2024,3186
BATCH-7494,MO-5451,RM-25,2025-09-03,305
BATCH-7495,MO-1423,RM-61,09/14/2026,4240
BATCH-7496,MO-471,RM-99,2025-11-02,33
BATCH-7497,MO-7382,RM-6,20-09-2024,3375
BATCH-7498,MO-7805,RM-73,2024-09-23,1222
BATCH-7499,MO-3269,RM-15,09/07/2024,3695
BATCH-7500,MO-3338,RM-4,06/28/2025,4562
BATCH-7501,MO-6431,RM-59,2024-11-10,1594
BATCH-7502,MO-7315,RM-74,2026-12-11,1466
BATCH-7503,MO-4136,RM-51,09/16/2024,703
BATCH-7504,MO-6296,RM-34,2024-09-21,4440
BATCH-7505,MO-7076,RM-107,2024-08-20,494
BATCH-7506,MO-4060,RM-94,06/27/2025,1681
BATCH-7507,MO-7642,RM-60,2026-05-09,3078
BATCH-7508,MO-6945,RM-28,01/04/2024,938
BATCH-7509,MO-5752,RM-111,11/05/2025,3318
BATCH-7510,MO-4103,RM-102,2026-03-04,4439
BATCH-7511,MO-3211,RM-15,2026-07-15,1896
BATCH-7512,MO-6048,RM-114,2025-03-21,1286
BATCH-7513,MO-88,RM-42,04-04-2024,1391
BATCH-7514,MO-4378,RM-99,11/06/2026,489
BATCH-7515,MO-46,RM-34,12/14/2026,1595
BATCH-7516,MO-1804,RM-21,2024-04-23,4637
BATCH-7517,MO-1396,RM-77,07/05/2024,1069
BATCH-7518,MO-507,RM-71,2025-02-05,4742
BATCH-7519,MO-1039,RM-87,10/09/2026,2658
BATCH-7520,MO-4859,RM-36,2026-01-22,3257
BATCH-7521,MO-2241,RM-69,07/18/2025,2217
BATCH-7522,MO-4301,RM-84,06/22/2024,2373
BATCH-7523,MO-6833,RM-84,2024-06-26,1472
BATCH-7524,MO-6266,RM-54,2026-04-10,2847
BATCH-7525,MO-975,RM-65,2024-09-07,1926
BATCH-7526,MO-5763,RM-38,2025-09-12,2821
BATCH-7527,MO-340,RM-72,09/11/2024,2479
BATCH-7528,MO-5679,RM-60,2026-09-09,2256
BATCH-7529,MO-162,RM-34,10/08/2024,962
BATCH-7530,MO-4748,RM-116,06-06-2026,3736
BATCH-7531,MO-844,RM-109,03/09/2024,3894
BATCH-7532,MO-867,RM-95,2026-03-27,4576
BATCH-7533,MO-7914,RM-79,2026-06-03,74
BATCH-7534,MO-2615,RM-54,07/18/2024,1579
BATCH-7535,MO-5428,RM-81,2025-02-18,2832
BATCH-7536,MO-2071,RM-42,2024-11-24,2739
BATCH-7537,MO-7313,RM-44,14-04-2026,873
BATCH-7538,MO-3588,RM-1,05/15/2025,4598
BATCH-7539,MO-7188,RM-70,03/27/2024,4653
BATCH-7540,MO-2646,RM-24,01/08/2024,3783
BATCH-7541,MO-5656,RM-6,05-10-2024,1027
BATCH-7542,MO-2414,RM-13,12/14/2024,2351
BATCH-7543,MO-5365,RM-120,2024-09-12,513
BATCH-7544,MO-5095,RM-11,04/23/2026,4197
BATCH-7545,MO-6884,RM-111,2026-12-07,967
BATCH-7546,MO-7516,RM-118,2026-11-27,4743
BATCH-7547,MO-5115,RM-63,2024-09-27,4132
BATCH-7548,MO-3835,RM-19,01/17/2024,583
BATCH-7549,MO-4119,RM-119,2025-04-28,687
BATCH-7550,MO-7006,RM-109,28-07-2026,670
BATCH-7551,MO-7841,RM-86,2026-09-07,277
BATCH-7552,MO-6103,RM-108,03/22/2026,2942
BATCH-7553,MO-5327,RM-62,10/01/2024,107
BATCH-7554,MO-1474,RM-46,22-01-2026,4438
BATCH-7555,MO-4885,RM-12,2025-06-09,3932
BATCH-7556,MO-5695,RM-89,02/24/2026,3251
BATCH-7557,MO-2820,RM-120,2024-08-16,3648
BATCH-7558,MO-3131,RM-42,2026-07-17,3456
BATCH-7559,MO-85,RM-78,20-11-2024,1871
BATCH-7560,MO-1293,RM-41,01/04/2025,2454
BATCH-7561,MO-3034,RM-61,28-12-2026,128
BATCH-7562,MO-1140,RM-111,09-04-2025,2800
BATCH-7563,MO-6119,RM-65,24-06-2025,4094
BATCH-7564,MO-6219,RM-23,2024-08-05,1013
BATCH-7565,MO-6459,RM-29,06/07/2026,220
BATCH-7566,MO-5900,RM-73,2024-07-22,586
BATCH-7567,MO-5610,RM-78,03/12/2026,2693
BATCH-7568,MO-3868,RM-44,2026-08-17,3520
BATCH-7569,MO-3029,RM-47,19-04-2024,2040
BATCH-7570,MO-7377,RM-73,2026-05-06,895
BATCH-7571,MO-5635,RM-107,2025-12-28,518
BATCH-7572,MO-7884,RM-11,2025-01-11,4800
BATCH-7573,MO-1430,RM-27,2026-08-05,4379
BATCH-7574,MO-5009,RM-89,2025-03-02,2817
BATCH-7575,MO-1892,RM-104,11/13/2026,3383
BATCH-7576,MO-5241,RM-108,14-07-2025,2308
BATCH-7577,MO-1825,RM-102,2025-06-11,17
BATCH-7578,MO-3254,RM-71,09/16/2024,696
BATCH-7579,MO-4097,RM-59,22-02-2024,2860
BATCH-7580,MO-5044,RM-116,09-10-2026,733
BATCH-7581,MO-828,RM-51,2024-02-06,2618
BATCH-7582,MO-837,RM-7,2024-08-01,3101
BATCH-7583,MO-7743,RM-29,14-10-2025,1921
BATCH-7584,MO-5720,RM-5,2025-07-13,1240
BATCH-7585,MO-5008,RM-29,2025-09-04,72
BATCH-7586,MO-7911,RM-109,15-06-2026,367
BATCH-7587,MO-3739,RM-60,04/10/2025,643
BATCH-7588,MO-2515,RM-14,2025-06-13,2436
BATCH-7589,MO-6513,RM-90,2026-02-01,3588
BATCH-7590,MO-3372,RM-39,2025-12-20,4761
BATCH-7591,MO-6331,RM-94,2024-08-04,310
BATCH-7592,MO-1097,RM-59,2026-12-03,3794
BATCH-7593,MO-442,RM-105,2025-07-24,3284
BATCH-7594,MO-6955,RM-82,25-11-2025,888
BATCH-7595,MO-7132,RM-40,03/19/2025,2392
BATCH-7596,MO-6822,RM-67,2026-03-15,3922
BATCH-7597,MO-7503,RM-82,2026-06-12,1546
BATCH-7598,MO-7969,RM-36,2024-01-22,4335
BATCH-7599,MO-3301,RM-46,05/25/2024,715
BATCH-7600,MO-2301,RM-97,24-11-2024,1555
BATCH-7601,MO-1672,RM-99,2025-05-16,1634
BATCH-7602,MO-7366,RM-97,09/26/2024,4716
BATCH-7603,MO-4698,RM-81,21-10-2026,3584
BATCH-7604,MO-3363,RM-50,23-03-2026,2735
BATCH-7605,MO-4131,RM-105,03/08/2026,3797
BATCH-7606,MO-4936,RM-73,2025-03-01,4308
BATCH-7607,MO-3486,RM-14,14-04-2024,2045
BATCH-7608,MO-4463,RM-53,22-05-2025,994
BATCH-7609,MO-1589,RM-100,04/27/2025,4594
BATCH-7610,MO-345,RM-80,2025-03-16,951
BATCH-7611,MO-6211,RM-94,13-01-2026,2986
BATCH-7612,MO-5438,RM-85,02-06-2026,2568
BATCH-7613,MO-3920,RM-86,11-03-2024,464
BATCH-7614,MO-7338,RM-94,03/08/2026,1575
BATCH-7615,MO-716,RM-12,04/20/2025,3518
BATCH-7616,MO-5902,RM-94,19-02-2024,1848
BATCH-7617,MO-5323,RM-37,2026-05-22,950
BATCH-7618,MO-605,RM-13,11/25/2025,882
BATCH-7619,MO-1244,RM-91,08-01-2025,2291
BATCH-7620,MO-3748,RM-113,2024-11-06,4433
BATCH-7621,MO-4890,RM-86,11-03-2025,4372
BATCH-7622,MO-427,RM-10,08/19/2025,1124
BATCH-7623,MO-6164,RM-92,2025-01-19,369
BATCH-7624,MO-6995,RM-108,2025-12-08,4380
BATCH-7625,MO-5908,RM-114,04/19/2024,2117
BATCH-7626,MO-7015,RM-66,07/26/2026,3473
BATCH-7627,MO-3164,RM-8,24-10-2026,1802
BATCH-7628,MO-4661,RM-5,01/26/2025,617
BATCH-7629,MO-3097,RM-72,2026-04-28,4208
BATCH-7630,MO-6006,RM-26,2026-02-02,3747
BATCH-7631,MO-4148,RM-13,2024-11-07,2981
BATCH-7632,MO-6452,RM-80,2024-02-13,4676
BATCH-7633,MO-4099,RM-112,05/20/2025,3843
BATCH-7634,MO-7277,RM-30,06/18/2024,2774
BATCH-7635,MO-2266,RM-63,2025-03-17,2158
BATCH-7636,MO-4176,RM-50,05/13/2026,1446
BATCH-7637,MO-6454,RM-63,2026-10-26,947
BATCH-7638,MO-4223,RM-81,04-02-2026,3096
BATCH-7639,MO-6385,RM-17,2024-12-02,1263
BATCH-7640,MO-2916,RM-85,2026-05-16,3687
BATCH-7641,MO-7906,RM-6,2026-03-17,2446
BATCH-7642,MO-1245,RM-5,06-10-2026,3552
BATCH-7643,MO-2748,RM-106,01/23/2025,2854
BATCH-7644,MO-3393,RM-51,2026-11-08,892
BATCH-7645,MO-1724,RM-99,08/28/2024,2206
BATCH-7646,MO-3146,RM-26,2026-01-15,2590
BATCH-7647,MO-5072,RM-33,03-12-2026,2122
BATCH-7648,MO-5113,RM-55,04/15/2024,469
BATCH-7649,MO-2787,RM-73,25-03-2025,4480
BATCH-7650,MO-5444,RM-96,22-07-2024,3908
BATCH-7651,MO-1219,RM-97,02/12/2025,3441
BATCH-7652,MO-5787,RM-51,15-09-2025,3417
BATCH-7653,MO-7736,RM-70,19-04-2024,1513
BATCH-7654,MO-6702,RM-23,2025-12-17,2560
BATCH-7655,MO-7654,RM-83,05/14/2025,3380
BATCH-7656,MO-7354,RM-65,2026-04-26,3649
BATCH-7657,MO-6091,RM-71,07-09-2025,3290
BATCH-7658,MO-6822,RM-16,25-05-2024,4031
BATCH-7659,MO-7935,RM-103,2026-01-17,57
BATCH-7660,MO-478,RM-24,07/05/2025,1730
BATCH-7661,MO-697,RM-89,07/17/2024,571
BATCH-7662,MO-4470,RM-81,2025-10-15,4114
BATCH-7663,MO-652,RM-34,2026-03-28,4044
BATCH-7664,MO-1892,RM-95,02-12-2025,3899
BATCH-7665,MO-6996,RM-92,22-04-2025,475
BATCH-7666,MO-7753,RM-53,2026-06-07,4565
BATCH-7667,MO-3808,RM-23,2025-08-23,2243
BATCH-7668,MO-1192,RM-26,07/24/2026,1498
BATCH-7669,MO-3425,RM-119,06/10/2025,4555
BATCH-7670,MO-2024,RM-36,2025-09-27,3389
BATCH-7671,MO-2191,RM-24,07-10-2025,852
BATCH-7672,MO-2181,RM-84,2026-10-17,786
BATCH-7673,MO-1611,RM-119,2025-10-24,2641
BATCH-7674,MO-7571,RM-62,14-08-2026,4120
BATCH-7675,MO-7262,RM-111,11/20/2025,86
BATCH-7676,MO-4387,RM-46,09-03-2026,4212
BATCH-7677,MO-4335,RM-24,2025-05-28,4120
BATCH-7678,MO-452,RM-34,2026-09-13,3536
BATCH-7679,MO-6823,RM-37,2024-05-24,3533
BATCH-7680,MO-6418,RM-110,01/28/2026,2856
BATCH-7681,MO-3244,RM-106,11/17/2025,4602
BATCH-7682,MO-1259,RM-37,01/07/2024,3619
BATCH-7683,MO-7604,RM-94,2026-04-15,4259
BATCH-7684,MO-2852,RM-51,08/17/2024,894
BATCH-7685,MO-1074,RM-115,2024-02-07,3532
BATCH-7686,MO-4847,RM-43,24-04-2026,3371
BATCH-7687,MO-1459,RM-9,2026-11-09,4544
BATCH-7688,MO-2469,RM-79,10/25/2026,878
BATCH-7689,MO-1204,RM-29,2025-05-19,1275
BATCH-7690,MO-3137,RM-93,2025-12-20,2579
BATCH-7691,MO-4715,RM-104,11/24/2024,2450
BATCH-7692,MO-6691,RM-92,2025-11-21,909
BATCH-7693,MO-3415,RM-91,2024-08-21,2774
BATCH-7694,MO-6578,RM-20,2025-08-21,601
BATCH-7695,MO-1948,RM-33,2026-05-19,1257
BATCH-7696,MO-3918,RM-17,20-04-2026,2312
BATCH-7697,MO-2164,RM-106,2026-08-20,1823
BATCH-7698,MO-6305,RM-109,2024-04-04,476
BATCH-7699,MO-1180,RM-32,2026-12-20,2086
BATCH-7700,MO-6093,RM-3,02/05/2024,615
BATCH-7701,MO-7985,RM-22,2026-05-06,1741
BATCH-7702,MO-7749,RM-21,2025-07-16,4328
BATCH-7703,MO-7922,RM-91,2024-10-16,4596
BATCH-7704,MO-1829,RM-34,03/07/2024,3360
BATCH-7705,MO-4429,RM-93,07/15/2026,3460
BATCH-7706,MO-2229,RM-55,10-08-2025,4631
BATCH-7707,MO-195,RM-2,2025-02-26,2321
BATCH-7708,MO-7247,RM-51,08/15/2026,4645
BATCH-7709,MO-2980,RM-65,2024-12-13,1954
BATCH-7710,MO-1817,RM-75,23-07-2024,2649
BATCH-7711,MO-6393,RM-31,2025-02-09,3258
BATCH-7712,MO-2218,RM-23,2026-12-25,1043
BATCH-7713,MO-7976,RM-8,2024-12-14,2875
BATCH-7714,MO-7497,RM-4,02-07-2025,2500
BATCH-7715,MO-7765,RM-73,09/05/2026,212
BATCH-7716,MO-509,RM-25,09-04-2025,4378
BATCH-7717,MO-4882,RM-15,2026-11-28,1635
BATCH-7718,MO-871,RM-108,2024-02-19,1379
BATCH-7719,MO-5605,RM-75,2026-02-07,4561
BATCH-7720,MO-24,RM-14,03/05/2025,2036
BATCH-7721,MO-3042,RM-76,2026-06-11,1118
BATCH-7722,MO-6353,RM-87,24-06-2025,4339
BATCH-7723,MO-4118,RM-112,04/01/2025,348
BATCH-7724,MO-4694,RM-73,06/19/2024,960
BATCH-7725,MO-484,RM-45,07/25/2025,1362
BATCH-7726,MO-7653,RM-24,2026-01-05,2428
BATCH-7727,MO-7484,RM-99,07/09/2024,1320
BATCH-7728,MO-2856,RM-38,09/25/2024,4787
BATCH-7729,MO-3796,RM-117,2024-12-21,3047
BATCH-7730,MO-4405,RM-44,2025-04-17,1947
BATCH-7731,MO-5672,RM-106,2025-03-28,492
BATCH-7732,MO-4148,RM-50,2024-08-25,1160
BATCH-7733,MO-7980,RM-80,04/08/2026,2281
BATCH-7734,MO-6192,RM-20,11-03-2025,3985
BATCH-7735,MO-4588,RM-102,2026-01-15,1495
BATCH-7736,MO-3412,RM-105,2026-04-09,2272
BATCH-7737,MO-5969,RM-7,02/28/2026,3240
BATCH-7738,MO-4557,RM-8,2026-07-16,1142
BATCH-7739,MO-2329,RM-63,2024-04-20,4255
BATCH-7740,MO-499,RM-107,25-03-2026,1376
BATCH-7741,MO-607,RM-13,07/06/2025,4369
BATCH-7742,MO-733,RM-2,28-01-2024,4445
BATCH-7743,MO-3293,RM-102,2025-06-22,274
BATCH-7744,MO-603,RM-82,2026-09-05,2092
BATCH-7745,MO-1657,RM-25,09/05/2024,1102
BATCH-7746,MO-3589,RM-66,05/15/2025,756
BATCH-7747,MO-2315,RM-59,06/26/2026,1721
BATCH-7748,MO-1314,RM-91,2024-08-02,2427
BATCH-7749,MO-6341,RM-95,05/05/2026,362
BATCH-7750,MO-4554,RM-60,21-08-2025,3443
BATCH-7751,MO-6208,RM-87,15-06-2024,3215
BATCH-7752,MO-6894,RM-68,11/05/2024,2464
BATCH-7753,MO-5767,RM-40,2026-02-15,3279
BATCH-7754,MO-6998,RM-91,03/13/2025,3682
BATCH-7755,MO-607,RM-117,2026-08-23,3455
BATCH-7756,MO-3943,RM-30,2024-02-14,2699
BATCH-7757,MO-3138,RM-78,05/23/2026,1558
BATCH-7758,MO-4851,RM-71,2026-06-18,4135
BATCH-7759,MO-6708,RM-100,08/22/2025,2021
BATCH-7760,MO-6991,RM-46,24-12-2025,1332
BATCH-7761,MO-4141,RM-4,2026-05-22,3863
BATCH-7762,MO-4103,RM-82,11/19/2024,1055
BATCH-7763,MO-3683,RM-87,08/10/2024,2799
BATCH-7764,MO-4758,RM-44,03/01/2024,2230
BATCH-7765,MO-20,RM-111,10/15/2024,3996
BATCH-7766,MO-646,RM-30,11/14/2024,1143
BATCH-7767,MO-3717,RM-96,27-09-2026,1551
BATCH-7768,MO-2090,RM-20,2025-07-26,3824
BATCH-7769,MO-3670,RM-27,02-04-2024,1031
BATCH-7770,MO-1786,RM-36,2024-02-27,4701
BATCH-7771,MO-2953,RM-16,2024-08-08,2333
BATCH-7772,MO-5744,RM-76,10/02/2024,2385
BATCH-7773,MO-6175,RM-53,21-03-2025,6
BATCH-7774,MO-4059,RM-95,02/12/2024,298
BATCH-7775,MO-4411,RM-4,2024-12-02,2554
BATCH-7776,MO-2020,RM-24,2025-11-20,1310
BATCH-7777,MO-4,RM-56,11/11/2024,3711
BATCH-7778,MO-66,RM-106,2026-11-19,4261
BATCH-7779,MO-7919,RM-21,2025-10-19,3663
BATCH-7780,MO-4068,RM-69,11-08-2024,1965
BATCH-7781,MO-6872,RM-88,2025-11-16,2699
BATCH-7782,MO-6885,RM-59,06/19/2024,3318
BATCH-7783,MO-6578,RM-65,2024-04-08,1096
BATCH-7784,MO-2683,RM-59,2026-11-08,4630
BATCH-7785,MO-342,RM-108,2025-02-02,3630
BATCH-7786,MO-1487,RM-34,11/09/2026,381
BATCH-7787,MO-7750,RM-62,2024-02-06,3675
BATCH-7788,MO-6310,RM-110,04-05-2025,2072
BATCH-7789,MO-3798,RM-107,2024-07-24,742
BATCH-7790,MO-5978,RM-16,2025-12-23,473
BATCH-7791,MO-808,RM-120,04/23/2025,1415
BATCH-7792,MO-5901,RM-30,2026-04-14,570
BATCH-7793,MO-5794,RM-13,02-08-2024,845
BATCH-7794,MO-898,RM-31,06/28/2025,3815
BATCH-7795,MO-3025,RM-1,02/16/2025,1128
BATCH-7796,MO-1782,RM-26,05/19/2026,3674
BATCH-7797,MO-4597,RM-14,2025-12-01,3879
BATCH-7798,MO-4356,RM-21,2026-01-11,3206
BATCH-7799,MO-6327,RM-91,2025-08-20,4279
BATCH-7800,MO-5367,RM-52,12/05/2024,177
BATCH-7801,MO-2291,RM-45,2024-05-02,3379
BATCH-7802,MO-2277,RM-43,2024-01-01,3050
BATCH-7803,MO-1647,RM-87,12/09/2025,1392
BATCH-7804,MO-2738,RM-62,2026-08-27,4161
BATCH-7805,MO-2598,RM-37,12/19/2025,1830
BATCH-7806,MO-7328,RM-105,2024-01-05,2902
BATCH-7807,MO-248,RM-35,2024-04-28,1751
BATCH-7808,MO-1909,RM-33,2024-03-13,1664
BATCH-7809,MO-3621,RM-20,27-01-2025,2637
BATCH-7810,MO-7424,RM-39,2025-08-02,1421
BATCH-7811,MO-7250,RM-2,2025-02-18,2266
BATCH-7812,MO-417,RM-115,2025-09-16,1455
BATCH-7813,MO-498,RM-115,25-09-2024,92
BATCH-7814,MO-6305,RM-65,07-02-2024,3655
BATCH-7815,MO-5853,RM-86,2025-03-10,4612
BATCH-7816,MO-7508,RM-10,2026-12-22,3637
BATCH-7817,MO-432,RM-27,11-05-2024,2164
BATCH-7818,MO-5368,RM-39,04-05-2026,724
BATCH-7819,MO-3136,RM-22,2025-01-10,363
BATCH-7820,MO-5347,RM-38,2024-10-05,315
BATCH-7821,MO-4257,RM-74,2026-12-04,654
BATCH-7822,MO-3998,RM-15,03/05/2025,4065
BATCH-7823,MO-2462,RM-29,2026-03-03,2813
BATCH-7824,MO-5473,RM-5,2026-07-21,4342
BATCH-7825,MO-2323,RM-120,2025-04-19,4635
BATCH-7826,MO-492,RM-27,2025-10-25,4322
BATCH-7827,MO-900,RM-89,2024-11-24,2299
BATCH-7828,MO-5217,RM-90,06-04-2024,3741
BATCH-7829,MO-1849,RM-43,2024-12-24,305
BATCH-7830,MO-1669,RM-106,2025-06-22,3095
BATCH-7831,MO-2058,RM-44,2025-07-21,3327
BATCH-7832,MO-7167,RM-14,2025-11-20,3599
BATCH-7833,MO-1771,RM-36,02-01-2024,397
BATCH-7834,MO-2760,RM-6,2024-01-21,542
BATCH-7835,MO-3454,RM-21,2024-04-23,3025
BATCH-7836,MO-3412,RM-54,2025-12-27,2168
BATCH-7837,MO-4714,RM-83,2025-06-05,1034
BATCH-7838,MO-7468,RM-18,11/01/2026,2385
BATCH-7839,MO-7451,RM-59,2025-11-21,1817
BATCH-7840,MO-7986,RM-27,2026-03-11,4082
BATCH-7841,MO-6029,RM-10,04/08/2026,3056
BATCH-7842,MO-3011,RM-94,2025-08-28,541
BATCH-7843,MO-5785,RM-63,11-06-2024,3914
BATCH-7844,MO-1410,RM-17,28-04-2025,65
BATCH-7845,MO-2055,RM-73,2025-07-23,4043
BATCH-7846,MO-5108,RM-1,2024-04-05,4053
BATCH-7847,MO-5687,RM-25,2025-08-22,4514
BATCH-7848,MO-6190,RM-27,2025-06-03,2582
BATCH-7849,MO-2207,RM-65,11/28/2024,1297
BATCH-7850,MO-328,RM-116,03/21/2025,2835
BATCH-7851,MO-6551,RM-105,2024-11-17,4221
BATCH-7852,MO-2268,RM-16,05-06-2025,4543
BATCH-7853,MO-3865,RM-25,2025-04-06,791
BATCH-7854,MO-5133,RM-114,07/24/2025,4758
BATCH-7855,MO-981,RM-60,17-08-2025,4786
BATCH-7856,MO-1698,RM-45,2025-12-21,4026
BATCH-7857,MO-7635,RM-21,2024-02-04,676
BATCH-7858,MO-4942,RM-46,2025-07-27,3121
BATCH-7859,MO-7285,RM-23,2025-05-20,1611
BATCH-7860,MO-6216,RM-67,2024-12-19,1498
BATCH-7861,MO-2738,RM-28,2024-08-26,3849
BATCH-7862,MO-2412,RM-66,2024-11-22,3106
BATCH-7863,MO-1219,RM-22,2024-12-12,3098
BATCH-7864,MO-4779,RM-69,14-10-2024,651
BATCH-7865,MO-340,RM-44,2025-06-12,2750
BATCH-7866,MO-5050,RM-85,04/16/2024,4760
BATCH-7867,MO-5152,RM-87,10/22/2026,2398
BATCH-7868,MO-2600,RM-81,12/05/2025,3980
BATCH-7869,MO-6646,RM-53,2026-02-04,4545
BATCH-7870,MO-2824,RM-13,06/19/2025,844
BATCH-7871,MO-2637,RM-37,11/07/2026,3230
BATCH-7872,MO-3692,RM-3,09/25/2026,74
BATCH-7873,MO-5020,RM-77,2025-09-11,1265
BATCH-7874,MO-7529,RM-78,2026-09-07,3276
BATCH-7875,MO-1663,RM-71,05/03/2025,1913
BATCH-7876,MO-3486,RM-57,05/28/2024,3519
BATCH-7877,MO-3014,RM-18,25-11-2025,3169
BATCH-7878,MO-3623,RM-96,2024-05-28,1001
BATCH-7879,MO-5110,RM-100,2026-06-16,1120
BATCH-7880,MO-321,RM-98,20-05-2026,4607
BATCH-7881,MO-1185,RM-11,2025-08-11,2115
BATCH-7882,MO-2564,RM-36,2024-07-28,2342
BATCH-7883,MO-4574,RM-63,2025-09-07,1054
BATCH-7884,MO-440,RM-56,02/11/2024,4076
BATCH-7885,MO-7425,RM-24,02-01-2026,2178
BATCH-7886,MO-5887,RM-10,01/16/2024,3761
BATCH-7887,MO-4324,RM-111,2026-02-03,3657
BATCH-7888,MO-987,RM-83,15-03-2024,1897
BATCH-7889,MO-7501,RM-63,2025-02-10,3868
BATCH-7890,MO-4954,RM-44,19-10-2025,3805
BATCH-7891,MO-2556,RM-84,2024-06-23,4428
BATCH-7892,MO-4735,RM-69,2025-06-17,2186
BATCH-7893,MO-7497,RM-97,10/13/2025,3652
BATCH-7894,MO-3991,RM-27,05/21/2026,1409
BATCH-7895,MO-3373,RM-32,2024-11-01,3143
BATCH-7896,MO-2782,RM-66,2024-04-07,2692
BATCH-7897,MO-1953,RM-90,09/23/2025,1622
BATCH-7898,MO-5264,RM-48,2024-09-07,684
BATCH-7899,MO-6432,RM-3,02-07-2025,2799
BATCH-7900,MO-2405,RM-13,2026-11-05,1925
BATCH-7901,MO-5086,RM-37,07-11-2024,2027
BATCH-7902,MO-4773,RM-116,28-05-2024,1125
BATCH-7903,MO-7377,RM-33,2024-09-16,1521
BATCH-7904,MO-719,RM-99,2025-07-07,3503
BATCH-7905,MO-561,RM-23,2025-08-22,1407
BATCH-7906,MO-5289,RM-55,2025-07-20,2760
BATCH-7907,MO-401,RM-80,11/21/2025,3867
BATCH-7908,MO-3148,RM-74,11/24/2025,1365
BATCH-7909,MO-4876,RM-20,2025-11-02,3992
BATCH-7910,MO-999,RM-35,27-09-2026,3625
BATCH-7911,MO-1061,RM-100,03/06/2025,819
BATCH-7912,MO-6935,RM-58,06/01/2025,1272
BATCH-7913,MO-1134,RM-67,2026-05-03,3663
BATCH-7914,MO-2019,RM-49,2026-02-18,2922
BATCH-7915,MO-3879,RM-48,07/03/2026,175
BATCH-7916,MO-1970,RM-45,2025-04-22,4385
BATCH-7917,MO-7465,RM-58,2024-02-25,877
BATCH-7918,MO-3729,RM-53,2025-01-18,664
BATCH-7919,MO-1618,RM-84,24-09-2025,2866
BATCH-7920,MO-1213,RM-114,07/09/2024,286
BATCH-7921,MO-2737,RM-8,02-08-2025,1842
BATCH-7922,MO-6445,RM-7,01/24/2026,392
BATCH-7923,MO-7355,RM-22,2025-03-25,2461
BATCH-7924,MO-1302,RM-69,02/28/2025,2159
BATCH-7925,MO-7144,RM-15,2024-11-15,126
BATCH-7926,MO-4370,RM-53,2025-11-01,1980
BATCH-7927,MO-4545,RM-101,01/09/2025,252
BATCH-7928,MO-3010,RM-51,02/21/2024,1397
BATCH-7929,MO-4840,RM-36,05/16/2026,4582
BATCH-7930,MO-4012,RM-89,2024-03-20,1331
BATCH-7931,MO-1985,RM-23,23-08-2025,876
BATCH-7932,MO-945,RM-67,04/12/2025,2890
BATCH-7933,MO-6448,RM-99,2025-12-02,3550
BATCH-7934,MO-167,RM-67,17-09-2024,1068
BATCH-7935,MO-6087,RM-40,2024-10-01,2238
BATCH-7936,MO-7000,RM-55,03/07/2026,677
BATCH-7937,MO-3355,RM-56,05/15/2024,2022
BATCH-7938,MO-7984,RM-101,06/17/2026,4293
BATCH-7939,MO-2892,RM-84,2026-05-18,3923
BATCH-7940,MO-5527,RM-44,2025-02-27,1359
BATCH-7941,MO-4143,RM-83,2026-06-13,4462
BATCH-7942,MO-2145,RM-34,2026-10-05,717
BATCH-7943,MO-6268,RM-43,11-02-2024,121
BATCH-7944,MO-7519,RM-114,2026-03-13,1919
BATCH-7945,MO-1777,RM-76,2026-06-05,2145
BATCH-7946,MO-2082,RM-106,2024-08-22,3380
BATCH-7947,MO-6198,RM-34,09/14/2026,1041
BATCH-7948,MO-1772,RM-119,2026-01-16,2807
BATCH-7949,MO-4446,RM-3,20-11-2025,3054
BATCH-7950,MO-7967,RM-95,2026-11-21,2560
BATCH-7951,MO-293,RM-21,06/07/2025,2585
BATCH-7952,MO-313,RM-59,11/18/2025,3838
BATCH-7953,MO-4901,RM-49,12/22/2026,4211
BATCH-7954,MO-7302,RM-4,10/19/2026,3605
BATCH-7955,MO-1494,RM-56,2024-07-10,2344
BATCH-7956,MO-448,RM-4,07/21/2026,2102
BATCH-7957,MO-4939,RM-120,2026-08-17,2307
BATCH-7958,MO-4097,RM-44,2024-07-18,3401
BATCH-7959,MO-5059,RM-31,2025-02-28,2034
BATCH-7960,MO-853,RM-31,22-07-2024,2436
BATCH-7961,MO-841,RM-3,21-12-2024,2593
BATCH-7962,MO-4052,RM-74,11/11/2024,4752
BATCH-7963,MO-2592,RM-63,12/06/2025,1270
BATCH-7964,MO-145,RM-42,2025-08-06,1134
BATCH-7965,MO-1161,RM-116,2026-09-17,913
BATCH-7966,MO-7169,RM-41,08/24/2024,2541
BATCH-7967,MO-1115,RM-41,2026-08-20,1451
BATCH-7968,MO-919,RM-68,2026-01-20,4044
BATCH-7969,MO-6711,RM-26,13-11-2025,3581
BATCH-7970,MO-1803,RM-112,23-01-2026,1858
BATCH-7971,MO-6911,RM-90,2026-12-11,300
BATCH-7972,MO-4571,RM-26,2024-12-11,727
BATCH-7973,MO-3753,RM-65,2025-06-08,517
BATCH-7974,MO-2082,RM-8,2024-12-23,3451
BATCH-7975,MO-1385,RM-35,07-07-2024,4294
BATCH-7976,MO-1531,RM-93,2026-09-24,752
BATCH-7977,MO-752,RM-13,05/27/2026,2013
BATCH-7978,MO-6619,RM-21,2025-03-25,4583
BATCH-7979,MO-2272,RM-85,09/14/2025,1091
BATCH-7980,MO-6758,RM-32,2024-05-25,88
BATCH-7981,MO-7020,RM-30,02/12/2024,2379
BATCH-7982,MO-3083,RM-46,01-06-2025,675
BATCH-7983,MO-5597,RM-57,03/16/2025,452
BATCH-7984,MO-7049,RM-91,2025-02-22,4571
BATCH-7985,MO-5896,RM-103,2026-09-02,1345
BATCH-7986,MO-4302,RM-59,04/06/2024,3871
BATCH-7987,MO-5085,RM-69,2026-05-09,3682
BATCH-7988,MO-3494,RM-75,2025-12-01,1851
BATCH-7989,MO-2116,RM-72,16-06-2026,4320
BATCH-7990,MO-4085,RM-91,09/10/2025,600
BATCH-7991,MO-7246,RM-112,05/10/2026,3544
BATCH-7992,MO-7384,RM-80,07-02-2026,3053
BATCH-7993,MO-2184,RM-8,2026-02-21,2072
BATCH-7994,MO-7166,RM-77,2024-04-23,2688
BATCH-7995,MO-430,RM-57,08/26/2024,321
BATCH-7996,MO-352,RM-28,2024-09-19,1250
BATCH-7997,MO-5929,RM-86,2024-11-28,1413
BATCH-7998,MO-4727,RM-24,04-06-2026,1600
BATCH-7999,MO-888,RM-112,01/23/2026,3135
BATCH-8000,MO-7720,RM-84,03/23/2024,3397
