check_id,batch_id,check_date,result,defect_count
QC-1,BATCH-7028,2024-06-26,pass,0
QC-2,BATCH-7459,09/04/2025,Pass,0
QC-3,BATCH-2360,2026-01-03,pass,0
QC-4,BATCH-112,20-05-2026,pass,0
QC-5,BATCH-3478,2026-10-24,fail,0
QC-6,BATCH-347,2025-06-28,PASS,0
QC-7,BATCH-7516,2024-09-12,PASS,0
QC-8,BATCH-3876,09/12/2024,pass,0
QC-9,BATCH-1577,04/18/2026,Pass,0
QC-10,BATCH-2172,2024-08-03,pass,0
QC-11,BATCH-5213,01-09-2026,Pass,0
QC-12,BATCH-1663,2024-05-05,Pass,0
QC-13,BATCH-6933,2024-01-04,pass,0
QC-14,BATCH-2639,2025-11-19,pass,0
QC-15,BATCH-2704,02/03/2026,PASS,0
QC-16,BATCH-7337,09/15/2024,PASS,0
QC-17,BATCH-7483,02-03-2024,PASS,0
QC-18,BATCH-6670,2025-11-19,pass,0
QC-19,BATCH-1949,2026-09-04,Pass,0
QC-20,BATCH-1631,08/25/2025,pass,0
QC-21,BATCH-5698,2025-09-08,Pass,0
QC-22,BATCH-6392,2025-12-12,pass,0
QC-23,BATCH-3720,2024-08-17,fail,0
QC-24,BATCH-2665,28-07-2024,Pass,0
QC-25,BATCH-6916,2025-06-28,Pass,0
QC-26,BATCH-5912,2026-08-19,PASS,0
QC-27,BATCH-1845,2024-11-12,pass,0
QC-28,BATCH-5968,07-01-2026,fail,0
QC-29,BATCH-5241,2025-04-02,pass,0
QC-30,BATCH-1387,06-09-2024,Pass,0
QC-31,BATCH-4508,19-05-2026,pass,0
QC-32,BATCH-3605,2025-05-15,fail,0
QC-33,BATCH-2525,2025-03-10,pass,0
QC-34,BATCH-1401,2024-11-18,PASS,0
QC-35,BATCH-1161,16-01-2025,PASS,0
QC-36,BATCH-5422,07/20/2026,pass,0
QC-37,BATCH-4181,02/03/2026,pass,10
QC-38,BATCH-4544,2024-08-02,pass,0
QC-39,BATCH-1971,11/16/2025,PASS,0
QC-40,BATCH-2500,2025-03-18,Pass,0
QC-41,BATCH-1812,2024-03-08,pass,0
QC-42,BATCH-3605,02/23/2026,PASS,0
QC-43,BATCH-6937,11/04/2026,pass,0
QC-44,BATCH-7727,01/22/2026,Pass,0
QC-45,BATCH-3363,2025-03-11,fail,0
QC-46,BATCH-2609,04/28/2024,Pass,0
QC-47,BATCH-4546,2025-09-14,PASS,4
QC-48,BATCH-5112,2025-06-17,pass,0
QC-49,BATCH-4968,2026-02-09,PASS,0
QC-50,BATCH-7553,2024-11-19,PASS,0
QC-51,BATCH-2417,2024-10-10,Pass,0
QC-52,BATCH-4407,01/11/2024,pass,0
QC-53,BATCH-3978,05/16/2024,Pass,0
QC-54,BATCH-2726,2026-08-06,PASS,0
QC-55,BATCH-6515,06/03/2026,Pass,0
QC-56,BATCH-558,11-04-2024,pass,0
QC-57,BATCH-6839,12/09/2024,Pass,0
QC-58,BATCH-5464,2026-04-25,fail,0
QC-59,BATCH-2809,01/07/2026,PASS,0
QC-60,BATCH-5605,09/27/2024,pass,0
QC-61,BATCH-2274,11-06-2026,PASS,0
QC-62,BATCH-1186,2026-06-27,PASS,0
QC-63,BATCH-1845,20-08-2025,fail,0
QC-64,BATCH-7566,18-12-2025,pass,0
QC-65,BATCH-7038,2025-02-17,pass,0
QC-66,BATCH-5149,2024-07-24,PASS,0
QC-67,BATCH-6424,2024-10-08,Pass,0
QC-68,BATCH-2231,2024-06-28,Pass,0
QC-69,BATCH-3961,03/18/2024,PASS,0
QC-70,BATCH-4524,2026-06-20,PASS,0
QC-71,BATCH-1880,01/21/2025,PASS,0
QC-72,BATCH-457,02/17/2026,Pass,0
QC-73,BATCH-6494,2024-10-26,Pass,7
QC-74,BATCH-6069,2024-06-23,PASS,0
QC-75,BATCH-2670,2026-07-16,PASS,0
QC-76,BATCH-510,2026-11-02,PASS,0
QC-77,BATCH-7008,23-04-2026,PASS,0
QC-78,BATCH-4211,21-08-2025,pass,0
QC-79,BATCH-4419,2025-12-06,fail,0
QC-80,BATCH-2727,2025-05-11,PASS,0
QC-81,BATCH-3095,09/08/2025,fail,0
QC-82,BATCH-4507,2026-05-23,Pass,0
QC-83,BATCH-6592,08/11/2024,Pass,0
QC-84,BATCH-2745,13-08-2025,pass,0
QC-85,BATCH-831,05/21/2026,Pass,0
QC-86,BATCH-1686,2024-02-27,Pass,0
QC-87,BATCH-1219,03/23/2024,Pass,0
QC-88,BATCH-6346,2024-04-12,Pass,0
QC-89,BATCH-7671,2024-05-05,Pass,0
QC-90,BATCH-7927,2025-01-28,PASS,0
QC-91,BATCH-4426,2026-02-22,Pass,0
QC-92,BATCH-2758,10/15/2024,Pass,0
QC-93,BATCH-863,10/02/2024,Pass,0
QC-94,BATCH-446,08-03-2024,PASS,0
QC-95,BATCH-6761,04/12/2026,pass,5
QC-96,BATCH-4587,01-07-2026,Pass,0
QC-97,BATCH-5738,20-04-2025,PASS,6
QC-98,BATCH-524,2024-03-05,pass,0
QC-99,BATCH-2504,06-09-2026,fail,0
QC-100,BATCH-853,2025-05-16,Pass,0
QC-101,BATCH-4942,2026-07-18,Pass,0
QC-102,BATCH-7419,2024-02-06,Pass,0
QC-103,BATCH-75,2026-08-27,PASS,0
QC-104,BATCH-6621,05/05/2026,Pass,0
QC-105,BATCH-6018,2025-08-27,Pass,0
QC-106,BATCH-250,2024-09-24,pass,0
QC-107,BATCH-7617,07/19/2025,Pass,0
QC-108,BATCH-2557,2024-03-25,Pass,0
QC-109,BATCH-814,06-08-2025,Pass,0
QC-110,BATCH-1330,2025-09-07,pass,9
QC-111,BATCH-4204,17-08-2026,pass,0
QC-112,BATCH-6385,2026-01-12,Pass,0
QC-113,BATCH-1253,04/27/2025,Pass,0
QC-114,BATCH-7017,26-02-2024,PASS,0
QC-115,BATCH-2609,2026-05-25,PASS,0
QC-116,BATCH-7136,11/22/2026,fail,0
QC-117,BATCH-7523,2026-03-07,Pass,3
QC-118,BATCH-892,10/10/2026,Pass,0
QC-119,BATCH-3474,2026-10-01,PASS,0
QC-120,BATCH-7082,14-12-2026,PASS,0
QC-121,BATCH-682,2026-07-23,pass,0
QC-122,BATCH-7462,2024-09-14,fail,0
QC-123,BATCH-3240,04/27/2024,pass,0
QC-124,BATCH-6851,2025-09-15,pass,0
QC-125,BATCH-3441,2024-08-17,Pass,0
QC-126,BATCH-7981,2024-07-14,Pass,0
QC-127,BATCH-1895,04/23/2025,Pass,0
QC-128,BATCH-3717,2024-05-18,PASS,0
QC-129,BATCH-3276,2026-12-06,Pass,0
QC-130,BATCH-7637,14-02-2026,PASS,0
QC-131,BATCH-6704,09/24/2025,PASS,0
QC-132,BATCH-7495,07/19/2025,PASS,0
QC-133,BATCH-3626,08/07/2025,pass,0
QC-134,BATCH-6979,08-10-2025,pass,0
QC-135,BATCH-4050,02/01/2025,Pass,0
QC-136,BATCH-6606,2025-01-06,PASS,20
QC-137,BATCH-254,2025-05-02,Pass,0
QC-138,BATCH-1160,2026-12-17,PASS,0
QC-139,BATCH-4607,2024-07-23,Pass,0
QC-140,BATCH-1823,2025-06-15,Pass,0
QC-141,BATCH-3836,08/07/2025,Pass,0
QC-142,BATCH-1414,09/17/2024,PASS,0
QC-143,BATCH-2666,2024-11-27,PASS,0
QC-144,BATCH-6796,2025-12-24,PASS,0
QC-145,BATCH-515,2024-04-14,PASS,0
QC-146,BATCH-1652,11/02/2025,Pass,0
QC-147,BATCH-4680,09/18/2026,Pass,0
QC-148,BATCH-3736,2025-01-01,Pass,0
QC-149,BATCH-6173,2024-05-24,Pass,0
QC-150,BATCH-6446,04-02-2026,PASS,0
QC-151,BATCH-4929,2024-10-25,PASS,0
QC-152,BATCH-997,05/04/2024,PASS,0
QC-153,BATCH-388,2024-08-22,Pass,0
QC-154,BATCH-6953,2024-02-23,Pass,0
QC-155,BATCH-51,06/22/2025,pass,0
QC-156,BATCH-3344,06-03-2026,PASS,0
QC-157,BATCH-3584,2026-04-27,PASS,0
QC-158,BATCH-4030,2026-03-14,Pass,0
QC-159,BATCH-6157,2025-02-12,pass,0
QC-160,BATCH-3905,2025-07-28,pass,0
QC-161,BATCH-7905,2024-05-22,Pass,0
QC-162,BATCH-4898,03/12/2024,PASS,0
QC-163,BATCH-1318,04/08/2026,Pass,13
QC-164,BATCH-6287,06/22/2024,pass,0
QC-165,BATCH-7584,25-12-2026,pass,0
QC-166,BATCH-7062,28-10-2025,PASS,0
QC-167,BATCH-3114,02-01-2024,PASS,0
QC-168,BATCH-3940,07/19/2025,Pass,0
QC-169,BATCH-4736,03/13/2025,pass,0
QC-170,BATCH-2789,01/25/2025,Pass,0
QC-171,BATCH-1720,2024-07-03,fail,0
QC-172,BATCH-3063,01/23/2025,fail,0
QC-173,BATCH-5431,2025-02-20,pass,17
QC-174,BATCH-7942,06/28/2025,Pass,0
QC-175,BATCH-2289,07/16/2026,pass,0
QC-176,BATCH-7635,2024-08-19,Pass,0
QC-177,BATCH-2498,2026-06-05,pass,0
QC-178,BATCH-2814,2026-06-07,PASS,0
QC-179,BATCH-4981,10-06-2024,pass,15
QC-180,BATCH-2044,08/08/2025,pass,0
QC-181,BATCH-3502,2024-12-01,pass,0
QC-182,BATCH-4121,2026-11-23,PASS,0
QC-183,BATCH-6822,04/02/2025,Pass,0
QC-184,BATCH-3584,2024-12-27,PASS,0
QC-185,BATCH-4324,25-10-2025,pass,0
QC-186,BATCH-6565,12/09/2025,Pass,0
QC-187,BATCH-3077,06/04/2025,pass,10
QC-188,BATCH-2776,01/04/2025,Pass,0
QC-189,BATCH-1128,2025-02-07,pass,0
QC-190,BATCH-7808,2025-07-28,Pass,0
QC-191,BATCH-3496,2024-11-21,pass,0
QC-192,BATCH-6535,04/10/2025,pass,0
QC-193,BATCH-3850,08/26/2026,Pass,0
QC-194,BATCH-6498,07/08/2025,Pass,0
QC-195,BATCH-5484,2026-08-24,Pass,0
QC-196,BATCH-33,2026-08-13,PASS,0
QC-197,BATCH-2218,2024-12-20,Pass,0
QC-198,BATCH-6189,2026-11-16,pass,0
QC-199,BATCH-7293,08/02/2024,fail,0
QC-200,BATCH-7395,2026-02-04,PASS,0
QC-201,BATCH-1501,01/15/2025,PASS,0
QC-202,BATCH-3196,2026-11-15,PASS,0
QC-203,BATCH-4890,09/01/2026,Pass,0
QC-204,BATCH-5475,28-02-2024,PASS,0
QC-205,BATCH-6529,2026-04-09,PASS,0
QC-206,BATCH-6206,27-03-2025,PASS,0
QC-207,BATCH-2288,2025-04-19,pass,0
QC-208,BATCH-4368,2024-09-23,PASS,0
QC-209,BATCH-807,03/22/2026,fail,0
QC-210,BATCH-1851,06/02/2025,PASS,17
QC-211,BATCH-4221,2024-10-02,pass,0
QC-212,BATCH-672,2026-06-23,Pass,0
QC-213,BATCH-5320,2024-12-16,Pass,0
QC-214,BATCH-576,05/12/2025,Pass,0
QC-215,BATCH-7568,2025-05-23,pass,0
QC-216,BATCH-1320,08/09/2026,Pass,0
QC-217,BATCH-3516,2024-12-21,PASS,0
QC-218,BATCH-5034,08/25/2024,pass,0
QC-219,BATCH-2807,2025-04-21,PASS,0
QC-220,BATCH-4796,2025-03-26,pass,0
QC-221,BATCH-7230,06/05/2026,pass,0
QC-222,BATCH-6110,08/13/2026,PASS,0
QC-223,BATCH-5939,15-09-2024,pass,0
QC-224,BATCH-6230,08/07/2024,pass,0
QC-225,BATCH-5514,2024-03-26,Pass,0
QC-226,BATCH-6713,2026-11-11,pass,0
QC-227,BATCH-5415,01/10/2026,pass,0
QC-228,BATCH-6373,12/26/2024,pass,0
QC-229,BATCH-6229,2025-10-03,pass,0
QC-230,BATCH-1110,2026-09-28,Pass,18
QC-231,BATCH-5813,08/01/2025,PASS,0
QC-232,BATCH-2734,09/03/2026,PASS,0
QC-233,BATCH-3801,2025-07-06,PASS,17
QC-234,BATCH-1255,09/07/2024,PASS,0
QC-235,BATCH-1319,03/15/2024,pass,0
QC-236,BATCH-3830,07/08/2025,Pass,0
QC-237,BATCH-774,2024-02-16,Pass,0
QC-238,BATCH-6244,2026-03-01,pass,0
QC-239,BATCH-6933,2024-09-18,pass,0
QC-240,BATCH-946,07/27/2025,pass,0
QC-241,BATCH-7938,2024-10-05,PASS,0
QC-242,BATCH-2357,04/10/2026,PASS,0
QC-243,BATCH-1263,2024-11-07,Pass,0
QC-244,BATCH-417,2024-11-09,Pass,0
QC-245,BATCH-4250,2026-09-16,pass,0
QC-246,BATCH-679,2025-07-13,Pass,0
QC-247,BATCH-7637,2025-07-15,Pass,0
QC-248,BATCH-4245,26-02-2024,Pass,0
QC-249,BATCH-1085,08-04-2025,Pass,0
QC-250,BATCH-6372,08/03/2024,PASS,0
QC-251,BATCH-329,2026-12-16,pass,0
QC-252,BATCH-3034,09/12/2024,pass,0
QC-253,BATCH-5926,10/22/2026,Pass,0
QC-254,BATCH-7299,03-11-2024,PASS,0
QC-255,BATCH-738,2026-06-08,fail,0
QC-256,BATCH-2329,04-09-2026,Pass,0
QC-257,BATCH-7283,2026-07-22,pass,3
QC-258,BATCH-2364,2026-05-17,PASS,1
QC-259,BATCH-3368,11/17/2026,pass,0
QC-260,BATCH-3161,07/01/2026,PASS,0
QC-261,BATCH-4496,2024-09-15,Pass,0
QC-262,BATCH-6041,2025-02-27,pass,0
QC-263,BATCH-4962,2025-10-08,PASS,0
QC-264,BATCH-1378,13-12-2026,pass,0
QC-265,BATCH-6561,2025-04-02,PASS,0
QC-266,BATCH-4411,2026-12-05,pass,0
QC-267,BATCH-84,09-07-2025,Pass,0
QC-268,BATCH-776,2025-07-05,Pass,0
QC-269,BATCH-7321,2026-11-04,pass,0
QC-270,BATCH-423,05/13/2026,Pass,0
QC-271,BATCH-1654,08/21/2024,PASS,0
QC-272,BATCH-3844,2025-08-01,pass,0
QC-273,BATCH-549,04/17/2025,fail,0
QC-274,BATCH-1595,2024-02-25,fail,0
QC-275,BATCH-6003,23-03-2025,PASS,0
QC-276,BATCH-1170,2024-03-11,pass,0
QC-277,BATCH-3003,12/28/2025,PASS,17
QC-278,BATCH-4410,05/19/2024,pass,0
QC-279,BATCH-4331,2024-09-02,fail,0
QC-280,BATCH-5464,2025-10-25,pass,17
QC-281,BATCH-7711,2024-11-24,pass,0
QC-282,BATCH-1544,2024-04-23,pass,0
QC-283,BATCH-1233,2025-01-23,PASS,18
QC-284,BATCH-1718,2026-04-10,PASS,0
QC-285,BATCH-6466,01-04-2024,PASS,0
QC-286,BATCH-1478,25-07-2024,fail,0
QC-287,BATCH-6517,06/11/2024,PASS,0
QC-288,BATCH-7403,2026-09-10,PASS,0
QC-289,BATCH-5966,05/05/2025,PASS,0
QC-290,BATCH-3173,04/04/2024,pass,0
QC-291,BATCH-7448,2025-09-25,PASS,0
QC-292,BATCH-1877,10/25/2024,Pass,0
QC-293,BATCH-416,09/27/2026,Pass,0
QC-294,BATCH-5723,07/03/2025,PASS,0
QC-295,BATCH-786,2024-01-07,PASS,0
QC-296,BATCH-2259,25-09-2024,Pass,0
QC-297,BATCH-5820,03/01/2025,pass,0
QC-298,BATCH-7595,06-05-2026,pass,0
QC-299,BATCH-273,07/11/2026,PASS,0
QC-300,BATCH-2894,2026-07-18,Pass,0
QC-301,BATCH-4558,2026-05-24,Pass,0
QC-302,BATCH-2535,05/11/2024,PASS,0
QC-303,BATCH-6941,2024-10-10,PASS,0
QC-304,BATCH-7073,2025-10-08,Pass,0
QC-305,BATCH-265,07/19/2026,Pass,0
QC-306,BATCH-5696,2026-04-21,Pass,0
QC-307,BATCH-6914,2025-07-19,Pass,0
QC-308,BATCH-1365,04-07-2026,Pass,0
QC-309,BATCH-3977,2024-05-27,Pass,0
QC-310,BATCH-4210,12/28/2026,PASS,0
QC-311,BATCH-4876,2024-06-13,Pass,0
QC-312,BATCH-4007,01/20/2026,pass,0
QC-313,BATCH-3422,26-09-2024,Pass,0
QC-314,BATCH-4973,2026-07-13,pass,9
QC-315,BATCH-7250,04/18/2026,Pass,0
QC-316,BATCH-3243,15-01-2026,Pass,0
QC-317,BATCH-7514,21-07-2024,pass,0
QC-318,BATCH-6511,02/27/2025,fail,0
QC-319,BATCH-3775,2025-12-07,Pass,0
QC-320,BATCH-1548,19-02-2024,Pass,0
QC-321,BATCH-2906,2025-03-05,PASS,0
QC-322,BATCH-5115,24-01-2024,Pass,0
QC-323,BATCH-1205,2025-06-26,Pass,0
QC-324,BATCH-2205,15-02-2024,PASS,0
QC-325,BATCH-7069,2025-05-08,pass,0
QC-326,BATCH-4196,24-07-2026,Pass,0
QC-327,BATCH-2663,21-10-2026,pass,0
QC-328,BATCH-5481,05/24/2025,Pass,0
QC-329,BATCH-4220,21-08-2024,Pass,0
QC-330,BATCH-117,2025-02-13,PASS,0
QC-331,BATCH-7623,2025-01-28,pass,0
QC-332,BATCH-1182,05/14/2025,pass,0
QC-333,BATCH-1061,01/05/2024,pass,0
QC-334,BATCH-7640,2025-07-26,pass,0
QC-335,BATCH-5864,2025-12-01,pass,0
QC-336,BATCH-4477,2026-04-24,Pass,0
QC-337,BATCH-3132,2024-10-22,PASS,0
QC-338,BATCH-751,2024-02-26,pass,0
QC-339,BATCH-3655,03/05/2025,pass,0
QC-340,BATCH-7544,05/22/2024,fail,14
QC-341,BATCH-6272,2024-10-09,PASS,0
QC-342,BATCH-3234,12/09/2026,pass,0
QC-343,BATCH-3897,2025-03-16,PASS,0
QC-344,BATCH-1061,2025-01-06,Pass,0
QC-345,BATCH-1511,04/08/2026,PASS,0
QC-346,BATCH-2088,21-05-2024,Pass,0
QC-347,BATCH-7814,2025-03-04,PASS,0
QC-348,BATCH-5092,2026-05-16,PASS,0
QC-349,BATCH-1896,2025-06-20,pass,0
QC-350,BATCH-1205,09-08-2026,pass,0
QC-351,BATCH-434,2025-07-11,Pass,0
QC-352,BATCH-4359,06/12/2026,pass,0
QC-353,BATCH-6453,25-11-2026,Pass,0
QC-354,BATCH-4690,05/21/2024,PASS,0
QC-355,BATCH-6561,2025-05-12,pass,0
QC-356,BATCH-1547,2026-11-21,pass,0
QC-357,BATCH-3321,2024-06-26,fail,3
QC-358,BATCH-3099,04/09/2025,Pass,0
QC-359,BATCH-2355,06/24/2025,Pass,0
QC-360,BATCH-2491,07/04/2026,PASS,0
QC-361,BATCH-5269,10/04/2026,Pass,0
QC-362,BATCH-6730,2026-03-10,fail,0
QC-363,BATCH-3161,2024-02-23,PASS,0
QC-364,BATCH-6583,07-08-2025,pass,0
QC-365,BATCH-3002,25-10-2024,fail,0
QC-366,BATCH-4111,28-08-2025,Pass,0
QC-367,BATCH-5540,11/17/2025,PASS,0
QC-368,BATCH-1772,27-02-2025,fail,0
QC-369,BATCH-6867,2026-08-22,pass,0
QC-370,BATCH-1598,2025-04-19,Pass,0
QC-371,BATCH-1615,2025-12-01,PASS,1
QC-372,BATCH-390,2024-11-28,pass,0
QC-373,BATCH-3696,2024-04-12,PASS,0
QC-374,BATCH-1191,2026-05-02,fail,0
QC-375,BATCH-1007,15-10-2025,PASS,0
QC-376,BATCH-2187,2026-05-20,PASS,0
QC-377,BATCH-4202,2026-09-04,Pass,0
QC-378,BATCH-4264,2025-12-26,pass,0
QC-379,BATCH-3729,08-05-2026,pass,0
QC-380,BATCH-2139,13-04-2025,Pass,0
QC-381,BATCH-3840,09-03-2024,fail,0
QC-382,BATCH-5842,2025-07-15,pass,0
QC-383,BATCH-1390,09/21/2025,PASS,0
QC-384,BATCH-3937,09-03-2026,fail,0
QC-385,BATCH-3380,11/09/2025,PASS,11
QC-386,BATCH-6813,2025-11-20,PASS,0
QC-387,BATCH-5461,2024-10-07,pass,0
QC-388,BATCH-5117,2024-08-27,Pass,15
QC-389,BATCH-5128,2025-05-23,pass,0
QC-390,BATCH-4562,2025-01-03,Pass,0
QC-391,BATCH-8,07/07/2025,pass,0
QC-392,BATCH-6412,10/18/2025,Pass,1
QC-393,BATCH-3337,2025-04-13,PASS,0
QC-394,BATCH-598,04/15/2025,pass,0
QC-395,BATCH-544,02/20/2025,PASS,0
QC-396,BATCH-1632,08/12/2024,Pass,0
QC-397,BATCH-5793,09-08-2026,Pass,0
QC-398,BATCH-2816,28-08-2025,PASS,0
QC-399,BATCH-3721,06/17/2024,pass,6
QC-400,BATCH-760,10/11/2024,Pass,0
QC-401,BATCH-7712,2024-12-13,pass,0
QC-402,BATCH-3422,2025-03-01,Pass,0
QC-403,BATCH-428,01/10/2025,PASS,0
QC-404,BATCH-3488,28-05-2024,PASS,0
QC-405,BATCH-3761,04/14/2024,PASS,0
QC-406,BATCH-2465,2024-10-21,pass,0
QC-407,BATCH-2840,11-08-2025,Pass,0
QC-408,BATCH-3148,07/12/2025,pass,0
QC-409,BATCH-5874,01/10/2024,Pass,0
QC-410,BATCH-2925,2024-02-24,fail,0
QC-411,BATCH-5902,2026-03-07,PASS,0
QC-412,BATCH-7573,11/26/2024,pass,20
QC-413,BATCH-7426,10/26/2025,PASS,0
QC-414,BATCH-3107,2026-03-10,pass,0
QC-415,BATCH-5616,15-05-2024,Pass,0
QC-416,BATCH-5886,01/05/2025,Pass,0
QC-417,BATCH-1504,11/19/2025,PASS,0
QC-418,BATCH-1254,2024-09-03,pass,0
QC-419,BATCH-1695,12/09/2026,pass,0
QC-420,BATCH-5193,18-12-2026,PASS,0
QC-421,BATCH-6838,10/03/2025,fail,0
QC-422,BATCH-6973,2024-05-10,PASS,0
QC-423,BATCH-3601,08/27/2024,PASS,0
QC-424,BATCH-5071,2026-06-01,PASS,0
QC-425,BATCH-6304,2024-12-11,pass,0
QC-426,BATCH-5287,2026-01-24,PASS,0
QC-427,BATCH-6971,04/09/2025,pass,0
QC-428,BATCH-2875,01/05/2024,pass,0
QC-429,BATCH-2513,05/27/2024,Pass,0
QC-430,BATCH-1693,2025-03-15,PASS,0
QC-431,BATCH-6883,02/07/2025,pass,0
QC-432,BATCH-1450,07/10/2025,Pass,0
QC-433,BATCH-5408,07/14/2024,PASS,7
QC-434,BATCH-3239,12/12/2024,Pass,0
QC-435,BATCH-1463,2026-10-17,Pass,0
QC-436,BATCH-6344,02/07/2026,PASS,0
QC-437,BATCH-3836,17-07-2025,Pass,20
QC-438,BATCH-1593,2025-05-26,Pass,0
QC-439,BATCH-779,11/05/2026,pass,0
QC-440,BATCH-1561,08/14/2026,Pass,0
QC-441,BATCH-3222,09/20/2025,Pass,0
QC-442,BATCH-4051,03/05/2024,Pass,0
QC-443,BATCH-6307,2024-01-27,pass,0
QC-444,BATCH-1782,2024-09-12,Pass,0
QC-445,BATCH-7825,09/20/2025,PASS,0
QC-446,BATCH-4070,19-07-2025,pass,0
QC-447,BATCH-3314,2025-05-07,Pass,0
QC-448,BATCH-3231,2025-01-10,Pass,0
QC-449,BATCH-5449,10/25/2024,Pass,0
QC-450,BATCH-5084,2025-04-19,pass,0
QC-451,BATCH-6256,2024-03-25,Pass,0
QC-452,BATCH-5327,06/25/2025,pass,17
QC-453,BATCH-2502,2024-02-03,pass,0
QC-454,BATCH-1930,2025-06-14,PASS,0
QC-455,BATCH-6154,2026-08-24,PASS,0
QC-456,BATCH-6171,2024-03-26,pass,0
QC-457,BATCH-6083,08/16/2024,PASS,0
QC-458,BATCH-4529,2025-06-27,PASS,0
QC-459,BATCH-4922,20-06-2025,pass,0
QC-460,BATCH-1444,2026-06-18,PASS,0
QC-461,BATCH-3214,2024-02-14,PASS,0
QC-462,BATCH-3198,2024-07-08,PASS,0
QC-463,BATCH-7860,2024-04-01,Pass,0
QC-464,BATCH-1503,02-03-2024,pass,0
QC-465,BATCH-171,2026-04-02,Pass,0
QC-466,BATCH-3391,2026-08-11,Pass,0
QC-467,BATCH-3233,02/21/2025,PASS,9
QC-468,BATCH-2397,06/13/2025,Pass,0
QC-469,BATCH-408,2024-05-02,PASS,0
QC-470,BATCH-6780,12/20/2025,Pass,0
QC-471,BATCH-7972,02/06/2024,PASS,0
QC-472,BATCH-6284,2025-08-26,PASS,0
QC-473,BATCH-4013,08/28/2026,Pass,0
QC-474,BATCH-5045,11/27/2024,Pass,0
QC-475,BATCH-4229,27-12-2024,pass,0
QC-476,BATCH-199,2025-10-24,pass,10
QC-477,BATCH-7235,2025-09-08,pass,0
QC-478,BATCH-1089,24-02-2026,Pass,0
QC-479,BATCH-3736,01-03-2025,Pass,0
QC-480,BATCH-5224,2024-04-09,PASS,0
QC-481,BATCH-7241,04/13/2024,PASS,0
QC-482,BATCH-6243,05-04-2026,Pass,0
QC-483,BATCH-4858,2024-01-21,Pass,0
QC-484,BATCH-656,2026-03-22,pass,0
QC-485,BATCH-3791,10/14/2026,Pass,0
QC-486,BATCH-3154,2026-06-28,PASS,0
QC-487,BATCH-5474,2026-01-18,Pass,0
QC-488,BATCH-562,18-09-2026,Pass,0
QC-489,BATCH-2249,2024-12-01,PASS,0
QC-490,BATCH-7587,10/25/2024,PASS,0
QC-491,BATCH-4176,17-09-2026,PASS,0
QC-492,BATCH-6067,10-04-2026,Pass,0
QC-493,BATCH-7578,2025-11-08,pass,0
QC-494,BATCH-1747,2026-08-09,pass,0
QC-495,BATCH-7637,06/09/2026,Pass,0
QC-496,BATCH-2111,2026-08-05,Pass,0
QC-497,BATCH-5561,2025-12-13,Pass,0
QC-498,BATCH-7904,2024-02-15,Pass,0
QC-499,BATCH-3664,01/28/2024,Pass,0
QC-500,BATCH-6673,2025-09-15,PASS,0
QC-501,BATCH-3774,08/14/2026,pass,0
QC-502,BATCH-6501,2024-08-25,PASS,0
QC-503,BATCH-1958,12/28/2026,Pass,0
QC-504,BATCH-1201,02/11/2026,PASS,0
QC-505,BATCH-4098,2024-11-25,Pass,0
QC-506,BATCH-498,2025-09-19,PASS,0
QC-507,BATCH-6711,2024-09-07,PASS,0
QC-508,BATCH-5049,2024-03-12,fail,0
QC-509,BATCH-782,06/26/2024,Pass,0
QC-510,BATCH-947,2026-04-04,Pass,0
QC-511,BATCH-466,03/22/2025,Pass,0
QC-512,BATCH-3995,2025-06-01,Pass,0
QC-513,BATCH-3192,2024-01-18,pass,0
QC-514,BATCH-6977,02/26/2024,pass,0
QC-515,BATCH-2427,2026-01-08,pass,0
QC-516,BATCH-1677,2024-02-28,Pass,0
QC-517,BATCH-4204,07/06/2024,pass,0
QC-518,BATCH-4660,2026-01-28,pass,0
QC-519,BATCH-6006,09/17/2025,pass,0
QC-520,BATCH-6789,04/11/2024,pass,0
QC-521,BATCH-6917,2025-10-22,pass,0
QC-522,BATCH-6085,07/13/2026,Pass,0
QC-523,BATCH-4172,2025-08-14,PASS,0
QC-524,BATCH-2081,08/08/2026,pass,0
QC-525,BATCH-4914,2025-01-09,PASS,15
QC-526,BATCH-3336,07/12/2026,PASS,0
QC-527,BATCH-1725,01/16/2026,Pass,0
QC-528,BATCH-4045,2026-07-27,PASS,0
QC-529,BATCH-5192,12/19/2024,pass,0
QC-530,BATCH-2106,2024-07-06,PASS,0
QC-531,BATCH-7032,02-07-2025,PASS,0
QC-532,BATCH-1797,2026-06-27,Pass,0
QC-533,BATCH-5095,13-09-2026,PASS,0
QC-534,BATCH-6405,05-03-2026,Pass,0
QC-535,BATCH-7531,08-01-2025,Pass,0
QC-536,BATCH-7805,2026-02-17,pass,0
QC-537,BATCH-4512,2024-11-27,Pass,0
QC-538,BATCH-6786,15-05-2026,pass,0
QC-539,BATCH-5143,2024-08-15,PASS,5
QC-540,BATCH-3753,06/22/2026,Pass,0
QC-541,BATCH-5195,05/05/2025,Pass,0
QC-542,BATCH-4471,13-12-2024,Pass,0
QC-543,BATCH-1982,24-02-2026,Pass,0
QC-544,BATCH-7,09/18/2025,PASS,0
QC-545,BATCH-1018,2026-01-20,Pass,0
QC-546,BATCH-7390,2026-02-07,PASS,0
QC-547,BATCH-6814,2024-09-18,PASS,0
QC-548,BATCH-7701,10/02/2026,pass,0
QC-549,BATCH-6345,2025-10-15,PASS,0
QC-550,BATCH-5325,01/14/2026,PASS,0
QC-551,BATCH-2700,02/21/2026,pass,0
QC-552,BATCH-3644,2025-03-22,PASS,0
QC-553,BATCH-6760,04-02-2026,pass,0
QC-554,BATCH-6911,2024-09-02,PASS,0
QC-555,BATCH-2871,08-08-2026,fail,0
QC-556,BATCH-7944,2025-04-04,PASS,0
QC-557,BATCH-7336,08/24/2024,Pass,0
QC-558,BATCH-4721,2026-09-06,pass,0
QC-559,BATCH-2328,11-11-2026,pass,0
QC-560,BATCH-1943,2024-05-04,PASS,0
QC-561,BATCH-137,2026-03-17,pass,0
QC-562,BATCH-775,2024-03-04,fail,0
QC-563,BATCH-1882,2026-09-25,PASS,20
QC-564,BATCH-2849,06/20/2025,pass,0
QC-565,BATCH-3206,10/11/2024,pass,0
QC-566,BATCH-1738,2025-11-16,pass,0
QC-567,BATCH-6938,2026-03-18,PASS,0
QC-568,BATCH-1312,06/15/2026,pass,0
QC-569,BATCH-1635,2026-06-28,fail,5
QC-570,BATCH-2062,2024-11-17,pass,0
QC-571,BATCH-3732,08/14/2025,pass,0
QC-572,BATCH-7307,2024-02-10,fail,4
QC-573,BATCH-3876,2025-06-02,PASS,0
QC-574,BATCH-3784,05-07-2025,PASS,0
QC-575,BATCH-3795,2025-09-18,PASS,0
QC-576,BATCH-7865,2024-11-02,PASS,0
QC-577,BATCH-2939,2026-06-05,PASS,0
QC-578,BATCH-670,2024-01-09,PASS,0
QC-579,BATCH-5592,2026-05-28,pass,0
QC-580,BATCH-7167,06/03/2024,pass,0
QC-581,BATCH-3178,2025-11-16,PASS,0
QC-582,BATCH-4713,01-08-2025,PASS,0
QC-583,BATCH-7013,2026-02-17,Pass,0
QC-584,BATCH-5866,2024-12-10,pass,0
QC-585,BATCH-4629,05-08-2026,PASS,0
QC-586,BATCH-4052,2026-03-21,PASS,0
QC-587,BATCH-6268,2026-10-13,PASS,0
QC-588,BATCH-5956,2025-12-20,pass,0
QC-589,BATCH-3866,2025-11-27,Pass,0
QC-590,BATCH-4980,2025-05-02,pass,8
QC-591,BATCH-6197,2025-03-20,pass,0
QC-592,BATCH-4023,2024-12-10,pass,0
QC-593,BATCH-1868,10/21/2026,PASS,0
QC-594,BATCH-3349,09/27/2025,Pass,0
QC-595,BATCH-2908,03/20/2025,PASS,0
QC-596,BATCH-7410,12/23/2024,PASS,0
QC-597,BATCH-2522,2024-11-26,PASS,0
QC-598,BATCH-3884,12-03-2026,PASS,0
QC-599,BATCH-6158,03-07-2025,Pass,0
QC-600,BATCH-6469,2024-01-08,PASS,0
QC-601,BATCH-4059,11/12/2025,Pass,0
QC-602,BATCH-1103,2024-12-01,PASS,0
QC-603,BATCH-3282,01/19/2024,pass,0
QC-604,BATCH-190,05-06-2026,pass,0
QC-605,BATCH-5435,2025-05-12,pass,0
QC-606,BATCH-4575,2026-01-21,PASS,0
QC-607,BATCH-3147,28-06-2026,PASS,0
QC-608,BATCH-6160,03/23/2025,PASS,0
QC-609,BATCH-5518,09/19/2024,PASS,0
QC-610,BATCH-3506,2024-05-19,PASS,0
QC-611,BATCH-2375,2024-11-26,Pass,0
QC-612,BATCH-4113,2024-01-03,pass,0
QC-613,BATCH-2190,06/06/2026,pass,0
QC-614,BATCH-3102,08/14/2026,PASS,0
QC-615,BATCH-6138,04/23/2024,PASS,0
QC-616,BATCH-3558,2024-09-28,PASS,0
QC-617,BATCH-771,2026-10-17,pass,15
QC-618,BATCH-317,03-04-2026,PASS,0
QC-619,BATCH-4730,06/11/2024,PASS,0
QC-620,BATCH-2862,2024-03-24,PASS,0
QC-621,BATCH-7024,18-07-2024,Pass,0
QC-622,BATCH-1075,09/26/2025,PASS,0
QC-623,BATCH-390,2026-12-02,pass,0
QC-624,BATCH-4251,10-11-2026,Pass,0
QC-625,BATCH-2690,2025-09-19,pass,0
QC-626,BATCH-1793,08/23/2025,pass,0
QC-627,BATCH-4360,02/05/2024,pass,0
QC-628,BATCH-7761,12/19/2025,fail,0
QC-629,BATCH-355,17-09-2025,PASS,0
QC-630,BATCH-1810,2024-07-16,PASS,0
QC-631,BATCH-2619,08/03/2024,pass,0
QC-632,BATCH-519,2025-07-03,PASS,0
QC-633,BATCH-6485,2024-09-28,fail,0
QC-634,BATCH-838,20-05-2024,PASS,0
QC-635,BATCH-1936,2024-08-16,Pass,0
QC-636,BATCH-3809,2025-09-22,pass,0
QC-637,BATCH-4878,2024-01-10,pass,0
QC-638,BATCH-5723,23-09-2024,Pass,0
QC-639,BATCH-811,03/13/2025,pass,0
QC-640,BATCH-5618,06/15/2026,pass,0
QC-641,BATCH-5838,2025-12-01,pass,0
QC-642,BATCH-914,2024-10-04,pass,0
QC-643,BATCH-6735,06/17/2026,Pass,0
QC-644,BATCH-49,03-08-2026,PASS,0
QC-645,BATCH-4985,2026-04-18,PASS,0
QC-646,BATCH-5894,2024-07-22,PASS,0
QC-647,BATCH-2330,2024-01-09,Pass,0
QC-648,BATCH-7107,06-01-2025,Pass,0
QC-649,BATCH-6270,2026-03-13,Pass,0
QC-650,BATCH-964,02/19/2025,fail,0
QC-651,BATCH-1463,08/04/2024,Pass,0
QC-652,BATCH-2163,12/02/2024,fail,0
QC-653,BATCH-6596,05-05-2024,PASS,0
QC-654,BATCH-5643,2024-08-02,PASS,0
QC-655,BATCH-3196,2026-08-09,PASS,0
QC-656,BATCH-6313,07/17/2024,PASS,0
QC-657,BATCH-4256,2026-12-25,Pass,0
QC-658,BATCH-6327,04/06/2024,pass,0
QC-659,BATCH-4259,2026-05-17,pass,0
QC-660,BATCH-461,12/04/2026,PASS,0
QC-661,BATCH-1133,02/16/2024,Pass,0
QC-662,BATCH-1787,2024-07-24,Pass,0
QC-663,BATCH-1036,2025-08-26,pass,0
QC-664,BATCH-2982,2026-02-13,PASS,0
QC-665,BATCH-5279,10/03/2026,PASS,0
QC-666,BATCH-5116,2024-11-10,PASS,0
QC-667,BATCH-3240,2024-06-05,PASS,0
QC-668,BATCH-2637,2025-12-28,PASS,0
QC-669,BATCH-5140,24-04-2025,pass,0
QC-670,BATCH-2099,09-06-2026,pass,0
QC-671,BATCH-4827,08-11-2024,PASS,0
QC-672,BATCH-2817,2025-08-25,PASS,0
QC-673,BATCH-2171,06/03/2024,fail,0
QC-674,BATCH-4765,2024-11-15,pass,0
QC-675,BATCH-2070,10/14/2026,Pass,0
QC-676,BATCH-4085,02/25/2025,pass,0
QC-677,BATCH-1458,2025-03-14,pass,0
QC-678,BATCH-882,2024-05-12,PASS,0
QC-679,BATCH-2812,2025-01-01,pass,0
QC-680,BATCH-1285,08-05-2025,pass,0
QC-681,BATCH-3953,2026-06-20,Pass,0
QC-682,BATCH-5471,05/26/2025,pass,0
QC-683,BATCH-1217,12/19/2025,fail,0
QC-684,BATCH-6241,2025-04-17,PASS,0
QC-685,BATCH-1508,2026-10-23,pass,0
QC-686,BATCH-1134,08/25/2025,pass,0
QC-687,BATCH-217,2025-03-09,fail,0
QC-688,BATCH-2646,2025-11-07,pass,0
QC-689,BATCH-2602,2025-02-20,pass,0
QC-690,BATCH-1739,2024-08-07,Pass,0
QC-691,BATCH-3790,2026-07-18,Pass,0
QC-692,BATCH-2611,07-07-2026,Pass,9
QC-693,BATCH-126,2025-06-23,pass,0
QC-694,BATCH-2593,2024-06-05,PASS,0
QC-695,BATCH-4077,10/12/2024,Pass,0
QC-696,BATCH-3649,11/20/2025,pass,0
QC-697,BATCH-4722,10/21/2024,pass,0
QC-698,BATCH-3425,2026-03-22,PASS,0
QC-699,BATCH-47,04-06-2025,PASS,0
QC-700,BATCH-2114,08/22/2024,Pass,0
QC-701,BATCH-4199,03/07/2025,Pass,0
QC-702,BATCH-6472,2025-03-04,Pass,0
QC-703,BATCH-1775,2025-03-20,Pass,0
QC-704,BATCH-5005,12/26/2024,Pass,0
QC-705,BATCH-7994,01/27/2025,Pass,2
QC-706,BATCH-7658,05/26/2025,PASS,0
QC-707,BATCH-3178,2025-12-03,PASS,0
QC-708,BATCH-6886,2024-09-09,Pass,0
QC-709,BATCH-6097,2024-12-23,pass,0
QC-710,BATCH-2228,01/09/2024,pass,0
QC-711,BATCH-243,08/11/2026,pass,0
QC-712,BATCH-3392,06/25/2024,pass,0
QC-713,BATCH-6437,2024-08-25,Pass,0
QC-714,BATCH-5677,08-10-2024,Pass,0
QC-715,BATCH-7281,01/02/2026,pass,0
QC-716,BATCH-2830,2026-02-26,pass,0
QC-717,BATCH-5822,11/22/2024,pass,0
QC-718,BATCH-6394,08-05-2026,PASS,0
QC-719,BATCH-276,09/16/2025,fail,0
QC-720,BATCH-10,2024-04-01,pass,0
QC-721,BATCH-1587,2025-06-26,PASS,0
QC-722,BATCH-5996,09/12/2026,Pass,0
QC-723,BATCH-838,2025-12-28,fail,0
QC-724,BATCH-7039,04/23/2026,pass,0
QC-725,BATCH-5246,2026-02-26,Pass,0
QC-726,BATCH-4375,2026-03-18,pass,0
QC-727,BATCH-6344,2025-10-21,Pass,0
QC-728,BATCH-7928,2024-11-15,Pass,0
QC-729,BATCH-2464,2026-08-18,pass,0
QC-730,BATCH-6988,2026-10-23,fail,0
QC-731,BATCH-6507,28-05-2026,PASS,0
QC-732,BATCH-254,05/28/2024,PASS,0
QC-733,BATCH-3592,2025-05-13,PASS,9
QC-734,BATCH-3977,05/13/2026,Pass,0
QC-735,BATCH-1133,2026-03-08,PASS,0
QC-736,BATCH-891,14-12-2025,Pass,0
QC-737,BATCH-2012,11/06/2025,pass,0
QC-738,BATCH-7279,2024-12-08,PASS,0
QC-739,BATCH-6936,2026-06-24,pass,0
QC-740,BATCH-5604,11/24/2026,PASS,0
QC-741,BATCH-445,02/25/2024,PASS,0
QC-742,BATCH-4937,13-12-2025,pass,0
QC-743,BATCH-7517,08/04/2024,pass,0
QC-744,BATCH-5761,12/16/2025,pass,0
QC-745,BATCH-6256,01/12/2025,fail,0
QC-746,BATCH-4991,28-12-2025,PASS,0
QC-747,BATCH-1865,2025-08-18,Pass,0
QC-748,BATCH-3926,07/20/2024,PASS,0
QC-749,BATCH-607,08/01/2026,PASS,0
QC-750,BATCH-3360,01-04-2026,PASS,0
QC-751,BATCH-635,02/15/2026,pass,0
QC-752,BATCH-1391,08/09/2026,fail,0
QC-753,BATCH-6163,2025-07-15,Pass,0
QC-754,BATCH-6385,27-05-2026,pass,0
QC-755,BATCH-5444,2025-10-08,PASS,0
QC-756,BATCH-5630,2024-07-18,PASS,0
QC-757,BATCH-134,03-01-2026,PASS,0
QC-758,BATCH-5817,04/05/2026,PASS,0
QC-759,BATCH-2358,2026-06-07,PASS,16
QC-760,BATCH-7262,07/20/2025,fail,0
QC-761,BATCH-1317,04-05-2024,Pass,0
QC-762,BATCH-508,03-08-2025,Pass,0
QC-763,BATCH-4738,09/13/2025,pass,0
QC-764,BATCH-4488,2024-04-23,PASS,0
QC-765,BATCH-5484,08/24/2024,Pass,0
QC-766,BATCH-7510,2025-09-01,Pass,0
QC-767,BATCH-5418,2026-10-03,pass,0
QC-768,BATCH-4008,2026-01-17,Pass,0
QC-769,BATCH-4156,2026-06-15,Pass,0
QC-770,BATCH-3429,22-03-2024,PASS,0
QC-771,BATCH-7709,09/26/2025,PASS,0
QC-772,BATCH-6123,08/21/2026,PASS,0
QC-773,BATCH-5122,22-09-2024,fail,12
QC-774,BATCH-17,2026-10-11,Pass,0
QC-775,BATCH-2987,03/20/2026,pass,0
QC-776,BATCH-4243,2024-01-17,PASS,0
QC-777,BATCH-6389,2026-02-24,Pass,16
QC-778,BATCH-3304,2024-08-01,PASS,0
QC-779,BATCH-3069,07/15/2026,pass,5
QC-780,BATCH-5771,2025-09-03,pass,0
QC-781,BATCH-1049,2026-08-09,PASS,0
QC-782,BATCH-2481,04-02-2026,pass,0
QC-783,BATCH-823,20-01-2024,Pass,0
QC-784,BATCH-1074,2025-10-11,Pass,0
QC-785,BATCH-5955,08/13/2024,PASS,0
QC-786,BATCH-2833,11/24/2025,pass,0
QC-787,BATCH-6937,25-12-2025,pass,0
QC-788,BATCH-7340,28-11-2024,pass,0
QC-789,BATCH-3190,18-03-2025,Pass,0
QC-790,BATCH-6232,2026-04-26,pass,0
QC-791,BATCH-3465,17-06-2024,PASS,0
QC-792,BATCH-6852,06-03-2025,pass,0
QC-793,BATCH-6202,01-08-2024,Pass,0
QC-794,BATCH-595,23-11-2026,PASS,0
QC-795,BATCH-3449,03-04-2026,Pass,0
QC-796,BATCH-1830,26-03-2025,Pass,0
QC-797,BATCH-6736,2026-12-05,PASS,0
QC-798,BATCH-878,08/20/2025,pass,0
QC-799,BATCH-270,2024-03-20,PASS,0
QC-800,BATCH-4687,2025-09-01,pass,0
QC-801,BATCH-6770,2024-01-22,pass,0
QC-802,BATCH-3996,12/07/2026,pass,0
QC-803,BATCH-4221,2026-03-06,Pass,0
QC-804,BATCH-2424,07/15/2026,PASS,0
QC-805,BATCH-5809,2026-06-19,PASS,0
QC-806,BATCH-4141,2024-07-19,pass,0
QC-807,BATCH-1415,2026-04-09,PASS,0
QC-808,BATCH-2970,2026-06-04,PASS,0
QC-809,BATCH-3265,2025-02-14,pass,0
QC-810,BATCH-2575,2026-07-21,PASS,0
QC-811,BATCH-4043,07/11/2025,PASS,0
QC-812,BATCH-424,08/10/2026,Pass,0
QC-813,BATCH-3121,06/21/2026,PASS,1
QC-814,BATCH-89,05/21/2025,PASS,0
QC-815,BATCH-3294,11/19/2025,pass,0
QC-816,BATCH-1977,04/25/2025,PASS,0
QC-817,BATCH-3839,01-12-2024,Pass,0
QC-818,BATCH-107,2024-12-11,PASS,0
QC-819,BATCH-1967,2025-12-11,fail,0
QC-820,BATCH-7515,08-06-2024,PASS,0
QC-821,BATCH-706,04-01-2026,pass,15
QC-822,BATCH-4818,08/02/2025,PASS,0
QC-823,BATCH-5601,22-03-2024,pass,0
QC-824,BATCH-5397,2026-01-24,PASS,0
QC-825,BATCH-7312,10/19/2025,PASS,0
QC-826,BATCH-4063,09/18/2024,Pass,0
QC-827,BATCH-1032,03/28/2026,pass,0
QC-828,BATCH-5176,2024-11-15,PASS,0
QC-829,BATCH-6064,21-04-2024,pass,0
QC-830,BATCH-6996,2026-08-20,PASS,0
QC-831,BATCH-2402,11/28/2025,fail,0
QC-832,BATCH-1067,2026-10-16,Pass,0
QC-833,BATCH-4595,10/18/2025,pass,0
QC-834,BATCH-5788,04/20/2024,fail,0
QC-835,BATCH-1426,2024-06-14,PASS,0
QC-836,BATCH-230,17-01-2026,pass,0
QC-837,BATCH-1602,04/15/2024,Pass,0
QC-838,BATCH-5344,2025-09-21,pass,0
QC-839,BATCH-6742,2025-02-11,pass,0
QC-840,BATCH-1933,15-09-2024,PASS,0
QC-841,BATCH-4619,2026-04-04,Pass,0
QC-842,BATCH-921,2026-04-12,pass,0
QC-843,BATCH-6589,2025-07-08,PASS,0
QC-844,BATCH-1453,2025-10-21,PASS,0
QC-845,BATCH-3679,2025-08-05,Pass,0
QC-846,BATCH-4616,03-12-2024,pass,0
QC-847,BATCH-5843,15-12-2025,Pass,0
QC-848,BATCH-1656,2026-10-01,Pass,0
QC-849,BATCH-7432,12-04-2025,fail,0
QC-850,BATCH-1864,2024-09-07,pass,0
QC-851,BATCH-5140,05/17/2026,PASS,0
QC-852,BATCH-6601,2025-06-14,Pass,0
QC-853,BATCH-7312,2025-03-25,PASS,0
QC-854,BATCH-1803,2025-02-19,PASS,0
QC-855,BATCH-6651,04/07/2026,Pass,0
QC-856,BATCH-1611,2025-12-01,pass,0
QC-857,BATCH-4197,04/25/2025,PASS,0
QC-858,BATCH-4305,2026-01-24,pass,0
QC-859,BATCH-2185,06/10/2026,PASS,0
QC-860,BATCH-2957,2024-01-21,fail,0
QC-861,BATCH-2459,2025-04-23,pass,0
QC-862,BATCH-5869,04/20/2025,pass,0
QC-863,BATCH-4872,2026-02-21,Pass,0
QC-864,BATCH-2229,11/08/2025,pass,0
QC-865,BATCH-1687,27-03-2024,PASS,13
QC-866,BATCH-7375,2026-07-26,pass,0
QC-867,BATCH-2216,2026-05-17,PASS,0
QC-868,BATCH-164,11-02-2024,pass,16
QC-869,BATCH-5803,2025-09-11,PASS,0
QC-870,BATCH-97,2026-06-26,PASS,0
QC-871,BATCH-6359,2026-04-25,PASS,0
QC-872,BATCH-2512,19-12-2025,PASS,0
QC-873,BATCH-4696,05/25/2026,pass,0
QC-874,BATCH-6008,26-06-2025,fail,0
QC-875,BATCH-7017,2025-03-06,pass,0
QC-876,BATCH-5293,2025-10-25,PASS,0
QC-877,BATCH-6992,08/05/2024,pass,0
QC-878,BATCH-6485,2026-02-05,pass,0
QC-879,BATCH-4350,2024-06-10,pass,0
QC-880,BATCH-7567,2025-05-27,Pass,0
QC-881,BATCH-6311,11/16/2026,fail,15
QC-882,BATCH-3155,02-11-2026,PASS,0
QC-883,BATCH-5805,2024-03-09,PASS,0
QC-884,BATCH-6566,28-12-2026,PASS,0
QC-885,BATCH-5951,12/17/2024,PASS,0
QC-886,BATCH-399,02/27/2024,Pass,0
QC-887,BATCH-4859,2026-08-23,PASS,0
QC-888,BATCH-7610,2026-05-28,pass,18
QC-889,BATCH-2331,06-02-2026,PASS,0
QC-890,BATCH-1978,2026-01-23,fail,0
QC-891,BATCH-2912,2024-03-06,Pass,0
QC-892,BATCH-6969,02/09/2025,Pass,0
QC-893,BATCH-60,01-04-2026,PASS,0
QC-894,BATCH-2306,2026-02-25,PASS,0
QC-895,BATCH-3978,2024-01-20,PASS,0
QC-896,BATCH-1922,15-02-2024,Pass,0
QC-897,BATCH-5963,05/21/2025,PASS,0
QC-898,BATCH-2106,2026-07-22,PASS,0
QC-899,BATCH-7701,04/22/2025,pass,0
QC-900,BATCH-59,10/13/2024,PASS,0
QC-901,BATCH-3439,2025-11-25,pass,0
QC-902,BATCH-7495,22-05-2025,PASS,0
QC-903,BATCH-6003,2025-09-20,Pass,0
QC-904,BATCH-3753,2026-06-19,Pass,0
QC-905,BATCH-3842,2025-04-22,pass,0
QC-906,BATCH-6615,2026-04-17,Pass,0
QC-907,BATCH-7167,08-12-2024,pass,0
QC-908,BATCH-2328,2024-10-15,PASS,0
QC-909,BATCH-15,2025-02-19,Pass,0
QC-910,BATCH-6018,01/14/2026,pass,0
QC-911,BATCH-6544,08/12/2024,Pass,0
QC-912,BATCH-5269,03/02/2024,PASS,0
QC-913,BATCH-7291,03/09/2025,Pass,0
QC-914,BATCH-1553,2024-01-08,PASS,0
QC-915,BATCH-7706,2024-05-26,pass,0
QC-916,BATCH-7050,19-06-2025,PASS,0
QC-917,BATCH-7169,19-04-2026,pass,0
QC-918,BATCH-845,05-09-2025,PASS,0
QC-919,BATCH-1324,11/25/2026,PASS,0
QC-920,BATCH-6196,11/19/2025,PASS,0
QC-921,BATCH-4440,03/16/2024,PASS,0
QC-922,BATCH-4299,10/04/2025,PASS,0
QC-923,BATCH-7057,25-09-2025,fail,0
QC-924,BATCH-2235,2024-08-10,Pass,0
QC-925,BATCH-188,15-09-2026,Pass,0
QC-926,BATCH-5272,2024-02-09,PASS,0
QC-927,BATCH-2212,09/08/2024,Pass,0
QC-928,BATCH-5870,02/14/2026,PASS,0
QC-929,BATCH-4412,2026-02-15,pass,0
QC-930,BATCH-1822,2026-01-13,pass,0
QC-931,BATCH-1433,2025-08-10,Pass,0
QC-932,BATCH-2959,16-04-2026,Pass,0
QC-933,BATCH-4130,11/01/2025,pass,6
QC-934,BATCH-1575,2026-04-12,pass,0
QC-935,BATCH-2539,10-10-2026,PASS,0
QC-936,BATCH-330,2024-01-22,fail,0
QC-937,BATCH-1745,2024-04-27,PASS,0
QC-938,BATCH-7688,2025-08-13,Pass,0
QC-939,BATCH-7182,10/16/2024,pass,0
QC-940,BATCH-7068,2026-04-06,PASS,0
QC-941,BATCH-7064,23-04-2026,fail,0
QC-942,BATCH-1983,26-04-2024,PASS,0
QC-943,BATCH-3804,2026-08-17,pass,0
QC-944,BATCH-2430,03/07/2024,PASS,0
QC-945,BATCH-4310,05/23/2025,PASS,0
QC-946,BATCH-457,2026-11-07,PASS,0
QC-947,BATCH-4761,04/04/2025,pass,0
QC-948,BATCH-149,2026-07-15,pass,0
QC-949,BATCH-6126,20-05-2025,pass,0
QC-950,BATCH-7368,2026-12-27,Pass,0
QC-951,BATCH-1376,2024-06-12,pass,0
QC-952,BATCH-3061,02-04-2025,PASS,0
QC-953,BATCH-1904,2025-02-05,PASS,0
QC-954,BATCH-6704,2026-11-18,PASS,0
QC-955,BATCH-681,2025-07-12,pass,0
QC-956,BATCH-6366,2024-09-17,PASS,8
QC-957,BATCH-6873,2024-02-08,PASS,0
QC-958,BATCH-7779,16-04-2024,pass,0
QC-959,BATCH-7248,2024-11-28,PASS,0
QC-960,BATCH-1445,2025-09-11,PASS,0
QC-961,BATCH-7512,2024-11-08,Pass,0
QC-962,BATCH-528,2025-07-19,pass,0
QC-963,BATCH-2839,2025-10-06,pass,0
QC-964,BATCH-3443,13-10-2025,Pass,0
QC-965,BATCH-4313,02/10/2025,Pass,0
QC-966,BATCH-5924,09/26/2025,PASS,0
QC-967,BATCH-2319,2024-03-20,PASS,0
QC-968,BATCH-7177,26-06-2025,Pass,0
QC-969,BATCH-7232,06/18/2024,PASS,0
QC-970,BATCH-1918,19-07-2025,PASS,0
QC-971,BATCH-1365,09/24/2026,PASS,0
QC-972,BATCH-2389,06/14/2026,PASS,0
QC-973,BATCH-6019,05/05/2024,Pass,0
QC-974,BATCH-3866,2025-07-18,Pass,0
QC-975,BATCH-2317,2025-03-16,pass,0
QC-976,BATCH-2981,03/06/2025,pass,0
QC-977,BATCH-6948,2025-01-18,pass,0
QC-978,BATCH-7820,2024-12-19,pass,0
QC-979,BATCH-3129,2026-08-13,pass,0
QC-980,BATCH-7243,2025-07-25,pass,0
QC-981,BATCH-3717,2024-05-19,fail,20
QC-982,BATCH-826,03/15/2026,PASS,0
QC-983,BATCH-2733,2025-05-26,pass,15
QC-984,BATCH-448,2024-08-14,PASS,0
QC-985,BATCH-5442,07/04/2024,pass,0
QC-986,BATCH-1570,2024-07-19,PASS,0
QC-987,BATCH-1657,15-03-2025,pass,0
QC-988,BATCH-1901,2025-04-04,pass,0
QC-989,BATCH-3208,2025-06-21,fail,0
QC-990,BATCH-6196,2025-07-04,pass,0
QC-991,BATCH-7770,01-08-2024,PASS,0
QC-992,BATCH-474,2025-02-25,Pass,0
QC-993,BATCH-6881,10/26/2024,Pass,0
QC-994,BATCH-83,08/01/2024,pass,0
QC-995,BATCH-4549,11/10/2026,PASS,0
QC-996,BATCH-3949,2026-03-09,Pass,0
QC-997,BATCH-1789,08-01-2026,PASS,0
QC-998,BATCH-6324,06-01-2025,Pass,0
QC-999,BATCH-2330,20-10-2026,Pass,0
QC-1000,BATCH-7410,2024-02-07,Pass,0
QC-1001,BATCH-2892,25-10-2024,Pass,0
QC-1002,BATCH-3263,2024-04-02,PASS,0
QC-1003,BATCH-883,05/12/2025,pass,0
QC-1004,BATCH-5460,19-03-2026,PASS,0
QC-1005,BATCH-6190,05/20/2025,PASS,0
QC-1006,BATCH-483,22-04-2026,PASS,0
QC-1007,BATCH-565,06/02/2025,fail,0
QC-1008,BATCH-4471,2025-12-11,PASS,4
QC-1009,BATCH-5978,02/17/2026,pass,0
QC-1010,BATCH-3203,20-09-2024,Pass,0
QC-1011,BATCH-2746,2025-08-09,Pass,0
QC-1012,BATCH-1284,08/15/2026,pass,0
QC-1013,BATCH-4490,11-09-2025,PASS,0
QC-1014,BATCH-5562,2026-06-05,PASS,0
QC-1015,BATCH-1551,2024-09-16,PASS,0
QC-1016,BATCH-7158,2024-12-09,PASS,0
QC-1017,BATCH-1146,02/06/2024,Pass,0
QC-1018,BATCH-2802,06/23/2024,Pass,2
QC-1019,BATCH-4798,2025-07-22,fail,0
QC-1020,BATCH-6442,2025-10-01,pass,0
QC-1021,BATCH-7050,2026-06-23,pass,0
QC-1022,BATCH-6549,07/01/2026,Pass,0
QC-1023,BATCH-851,05/24/2025,Pass,0
QC-1024,BATCH-6418,2024-08-18,pass,0
QC-1025,BATCH-55,2026-09-23,Pass,0
QC-1026,BATCH-2918,12/24/2026,PASS,0
QC-1027,BATCH-1049,05/22/2026,pass,0
QC-1028,BATCH-1601,2024-04-27,Pass,0
QC-1029,BATCH-5986,2024-04-21,fail,0
QC-1030,BATCH-2354,03/16/2025,PASS,0
QC-1031,BATCH-7151,05-06-2026,Pass,0
QC-1032,BATCH-6291,2025-09-04,pass,0
QC-1033,BATCH-6775,10-06-2026,pass,0
QC-1034,BATCH-3039,13-08-2026,PASS,0
QC-1035,BATCH-5735,2024-02-07,PASS,0
QC-1036,BATCH-5215,12-11-2026,pass,0
QC-1037,BATCH-4817,25-11-2026,Pass,0
QC-1038,BATCH-2859,03/14/2024,PASS,0
QC-1039,BATCH-3738,04/07/2026,pass,0
QC-1040,BATCH-5314,2025-12-25,pass,0
QC-1041,BATCH-2444,05-01-2024,pass,0
QC-1042,BATCH-5345,2024-08-26,Pass,0
QC-1043,BATCH-6268,2025-04-24,PASS,0
QC-1044,BATCH-290,16-12-2025,fail,0
QC-1045,BATCH-3818,10-07-2024,Pass,0
QC-1046,BATCH-4615,2025-02-07,fail,0
QC-1047,BATCH-6137,03/04/2025,pass,0
QC-1048,BATCH-2743,2025-08-10,PASS,0
QC-1049,BATCH-66,06/17/2025,PASS,0
QC-1050,BATCH-5276,11-01-2024,fail,0
QC-1051,BATCH-555,24-03-2024,Pass,0
QC-1052,BATCH-5196,07/03/2026,fail,0
QC-1053,BATCH-712,06/01/2025,pass,0
QC-1054,BATCH-7795,06/19/2025,PASS,0
QC-1055,BATCH-1136,2026-10-25,Pass,0
QC-1056,BATCH-7608,2026-08-01,pass,0
QC-1057,BATCH-1500,2024-03-02,pass,6
QC-1058,BATCH-5477,2024-05-11,fail,0
QC-1059,BATCH-1364,2025-05-24,PASS,0
QC-1060,BATCH-900,2024-10-23,PASS,0
QC-1061,BATCH-7114,2024-12-07,PASS,0
QC-1062,BATCH-3674,06/16/2025,fail,0
QC-1063,BATCH-3170,2026-12-09,PASS,0
QC-1064,BATCH-3022,10/25/2026,Pass,13
QC-1065,BATCH-7589,06/24/2026,Pass,0
QC-1066,BATCH-5153,2026-06-02,pass,0
QC-1067,BATCH-3079,2026-01-12,Pass,0
QC-1068,BATCH-2793,11-09-2024,pass,11
QC-1069,BATCH-198,2025-09-13,PASS,0
QC-1070,BATCH-7012,2026-02-22,Pass,20
QC-1071,BATCH-6455,2026-03-01,PASS,0
QC-1072,BATCH-1706,15-01-2024,PASS,0
QC-1073,BATCH-7058,2025-11-26,pass,0
QC-1074,BATCH-3489,2026-04-05,pass,0
QC-1075,BATCH-4756,09-01-2024,Pass,0
QC-1076,BATCH-4413,2026-03-03,PASS,0
QC-1077,BATCH-1131,2025-01-15,Pass,0
QC-1078,BATCH-2214,2024-02-23,Pass,0
QC-1079,BATCH-247,2025-12-06,PASS,0
QC-1080,BATCH-3285,06-05-2024,pass,0
QC-1081,BATCH-4185,02/28/2024,pass,0
QC-1082,BATCH-2086,2026-07-18,PASS,0
QC-1083,BATCH-6716,28-08-2024,Pass,0
QC-1084,BATCH-1314,01/02/2025,fail,0
QC-1085,BATCH-7878,02/24/2024,PASS,0
QC-1086,BATCH-7399,06/19/2026,fail,0
QC-1087,BATCH-2286,2025-10-05,pass,0
QC-1088,BATCH-2124,16-06-2024,PASS,0
QC-1089,BATCH-6082,2026-04-25,Pass,0
QC-1090,BATCH-6156,2026-02-08,PASS,0
QC-1091,BATCH-1682,12-12-2025,PASS,0
QC-1092,BATCH-6356,10-11-2025,Pass,0
QC-1093,BATCH-4378,2025-09-10,PASS,0
QC-1094,BATCH-412,2024-04-09,Pass,0
QC-1095,BATCH-3913,2025-03-19,PASS,0
QC-1096,BATCH-7060,08/24/2024,pass,0
QC-1097,BATCH-4955,10-03-2024,PASS,0
QC-1098,BATCH-1329,09/04/2024,Pass,0
QC-1099,BATCH-3708,01/07/2024,Pass,0
QC-1100,BATCH-1047,12-06-2025,pass,0
QC-1101,BATCH-7940,25-10-2025,pass,0
QC-1102,BATCH-7542,2026-10-24,PASS,0
QC-1103,BATCH-5400,2026-03-18,pass,0
QC-1104,BATCH-6806,2026-05-05,pass,0
QC-1105,BATCH-6814,2025-05-22,fail,6
QC-1106,BATCH-4240,21-07-2024,pass,0
QC-1107,BATCH-3051,08/25/2024,fail,0
QC-1108,BATCH-4457,2025-02-15,Pass,0
QC-1109,BATCH-1579,2025-10-18,PASS,0
QC-1110,BATCH-7515,2024-04-17,pass,0
QC-1111,BATCH-3656,02/04/2026,PASS,0
QC-1112,BATCH-4596,2025-07-24,Pass,0
QC-1113,BATCH-1994,2025-11-12,Pass,0
QC-1114,BATCH-714,2024-02-28,PASS,0
QC-1115,BATCH-4924,2024-04-20,Pass,0
QC-1116,BATCH-1559,02/19/2024,pass,0
QC-1117,BATCH-5049,2025-06-21,pass,0
QC-1118,BATCH-7630,2026-11-11,pass,0
QC-1119,BATCH-5015,2025-11-08,Pass,0
QC-1120,BATCH-890,13-09-2024,pass,0
QC-1121,BATCH-4134,2026-10-14,PASS,0
QC-1122,BATCH-5520,2026-07-14,Pass,0
QC-1123,BATCH-1753,12-11-2026,PASS,0
QC-1124,BATCH-3563,2025-03-25,Pass,0
QC-1125,BATCH-3080,03/27/2025,pass,0
QC-1126,BATCH-6286,2026-03-21,Pass,0
QC-1127,BATCH-1620,2024-07-22,pass,0
QC-1128,BATCH-2249,02/12/2024,Pass,0
QC-1129,BATCH-1309,08/13/2025,pass,0
QC-1130,BATCH-4237,2025-08-12,pass,0
QC-1131,BATCH-7017,2024-06-22,Pass,0
QC-1132,BATCH-5231,2024-09-02,pass,0
QC-1133,BATCH-3512,2026-01-14,pass,0
QC-1134,BATCH-5371,08/07/2025,fail,0
QC-1135,BATCH-6638,2026-05-10,Pass,0
QC-1136,BATCH-7339,2026-12-28,PASS,0
QC-1137,BATCH-2109,13-12-2025,Pass,0
QC-1138,BATCH-3025,2024-06-17,Pass,0
QC-1139,BATCH-2628,2025-12-12,PASS,0
QC-1140,BATCH-796,2026-04-08,Pass,0
QC-1141,BATCH-4722,05/04/2024,Pass,0
QC-1142,BATCH-4057,2024-03-04,PASS,0
QC-1143,BATCH-7740,2026-07-27,Pass,0
QC-1144,BATCH-7000,23-09-2024,pass,0
QC-1145,BATCH-3918,2025-03-05,pass,0
QC-1146,BATCH-4608,06/07/2024,pass,0
QC-1147,BATCH-4588,2024-05-14,PASS,0
QC-1148,BATCH-7924,2025-04-22,PASS,0
QC-1149,BATCH-2823,2024-09-11,Pass,0
QC-1150,BATCH-7231,2025-09-13,pass,0
QC-1151,BATCH-7941,2024-10-11,PASS,0
QC-1152,BATCH-5424,2026-08-28,pass,0
QC-1153,BATCH-7504,28-07-2024,Pass,0
QC-1154,BATCH-3401,05/15/2024,fail,0
QC-1155,BATCH-707,2026-08-01,PASS,0
QC-1156,BATCH-3357,07-11-2026,pass,0
QC-1157,BATCH-1879,13-06-2026,PASS,0
QC-1158,BATCH-4570,06/03/2025,PASS,0
QC-1159,BATCH-244,2025-06-17,pass,0
QC-1160,BATCH-88,2025-02-28,Pass,0
QC-1161,BATCH-3519,2025-09-26,pass,0
QC-1162,BATCH-6291,2026-10-01,PASS,0
QC-1163,BATCH-6552,03/02/2025,pass,0
QC-1164,BATCH-2750,2024-05-05,Pass,0
QC-1165,BATCH-7713,12-06-2024,fail,0
QC-1166,BATCH-5396,2024-05-21,fail,0
QC-1167,BATCH-1498,12/07/2024,Pass,18
QC-1168,BATCH-3978,2025-01-13,PASS,0
QC-1169,BATCH-7105,2025-10-20,pass,0
QC-1170,BATCH-3081,08/22/2024,fail,8
QC-1171,BATCH-5868,2026-11-10,Pass,0
QC-1172,BATCH-1153,2024-08-07,pass,0
QC-1173,BATCH-6172,2024-06-01,PASS,0
QC-1174,BATCH-5291,06/22/2026,pass,0
QC-1175,BATCH-7740,08/17/2024,PASS,0
QC-1176,BATCH-1651,10-06-2024,pass,0
QC-1177,BATCH-4044,2024-03-17,PASS,0
QC-1178,BATCH-2048,02/19/2024,pass,0
QC-1179,BATCH-4617,2024-10-24,Pass,0
QC-1180,BATCH-4239,02/11/2024,fail,0
QC-1181,BATCH-6983,2025-05-05,pass,0
QC-1182,BATCH-6759,2026-12-16,pass,0
QC-1183,BATCH-4342,2024-03-13,PASS,0
QC-1184,BATCH-3842,25-07-2024,Pass,0
QC-1185,BATCH-2446,2025-02-11,PASS,0
QC-1186,BATCH-445,07/01/2025,Pass,0
QC-1187,BATCH-4099,27-09-2026,pass,0
QC-1188,BATCH-2245,2025-04-03,PASS,0
QC-1189,BATCH-5491,14-05-2025,Pass,0
QC-1190,BATCH-5894,2026-05-04,fail,0
QC-1191,BATCH-5059,11/06/2025,pass,0
QC-1192,BATCH-5109,2025-03-13,Pass,0
QC-1193,BATCH-4761,2025-06-04,pass,0
QC-1194,BATCH-391,27-03-2025,pass,0
QC-1195,BATCH-3383,2025-12-15,fail,0
QC-1196,BATCH-6215,2026-09-08,pass,0
QC-1197,BATCH-6384,09/13/2026,PASS,0
QC-1198,BATCH-1658,2026-08-10,Pass,0
QC-1199,BATCH-6999,05-11-2026,PASS,0
QC-1200,BATCH-2641,2024-07-13,Pass,0
QC-1201,BATCH-819,2024-07-27,Pass,0
QC-1202,BATCH-6131,2024-10-07,pass,0
QC-1203,BATCH-4690,2024-02-20,PASS,0
QC-1204,BATCH-7848,05/12/2026,pass,0
QC-1205,BATCH-1405,2025-05-24,pass,0
QC-1206,BATCH-402,2025-11-03,pass,0
QC-1207,BATCH-7590,2024-12-21,PASS,0
QC-1208,BATCH-3719,21-10-2024,pass,0
QC-1209,BATCH-3072,11/17/2025,Pass,0
QC-1210,BATCH-3424,05-03-2024,Pass,0
QC-1211,BATCH-809,01-02-2024,pass,19
QC-1212,BATCH-5391,06/26/2025,PASS,0
QC-1213,BATCH-5701,28-03-2026,Pass,0
QC-1214,BATCH-5835,2024-06-28,PASS,0
QC-1215,BATCH-6897,28-06-2025,Pass,0
QC-1216,BATCH-823,15-09-2025,PASS,0
QC-1217,BATCH-1974,2025-09-22,Pass,0
QC-1218,BATCH-7182,2026-12-21,PASS,0
QC-1219,BATCH-4302,2026-04-04,pass,0
QC-1220,BATCH-3206,12/21/2025,Pass,0
QC-1221,BATCH-2035,08/10/2024,Pass,0
QC-1222,BATCH-2866,2024-10-28,pass,0
QC-1223,BATCH-403,2026-07-20,PASS,14
QC-1224,BATCH-5782,2025-11-11,pass,0
QC-1225,BATCH-1411,11/28/2026,pass,0
QC-1226,BATCH-2985,03-07-2024,PASS,0
QC-1227,BATCH-7380,02-07-2025,pass,0
QC-1228,BATCH-5061,06/27/2024,Pass,0
QC-1229,BATCH-3065,2024-05-21,PASS,0
QC-1230,BATCH-3784,2026-11-24,Pass,0
QC-1231,BATCH-605,03/25/2026,Pass,0
QC-1232,BATCH-721,2024-08-25,PASS,0
QC-1233,BATCH-5932,2024-07-07,PASS,0
QC-1234,BATCH-3565,04/23/2024,pass,0
QC-1235,BATCH-905,06/17/2025,pass,0
QC-1236,BATCH-5097,06/17/2025,pass,0
QC-1237,BATCH-5346,2026-04-26,pass,12
QC-1238,BATCH-75,2024-02-28,fail,0
QC-1239,BATCH-7289,01/08/2024,Pass,0
QC-1240,BATCH-5925,2025-06-16,fail,0
QC-1241,BATCH-225,07/07/2025,fail,0
QC-1242,BATCH-4319,2026-03-09,Pass,9
QC-1243,BATCH-2677,28-01-2025,PASS,0
QC-1244,BATCH-427,2026-02-19,PASS,0
QC-1245,BATCH-7823,2026-05-20,Pass,0
QC-1246,BATCH-2271,2026-04-07,Pass,0
QC-1247,BATCH-6430,07/16/2026,PASS,10
QC-1248,BATCH-1945,11-10-2024,pass,0
QC-1249,BATCH-3320,15-09-2025,pass,0
QC-1250,BATCH-1006,2024-01-05,PASS,0
QC-1251,BATCH-2093,04/28/2026,PASS,0
QC-1252,BATCH-6727,04/08/2026,PASS,0
QC-1253,BATCH-7661,08/20/2026,pass,6
QC-1254,BATCH-6778,2025-04-19,PASS,0
QC-1255,BATCH-6610,2025-07-02,pass,0
QC-1256,BATCH-5192,05/22/2025,PASS,0
QC-1257,BATCH-5406,22-12-2025,PASS,0
QC-1258,BATCH-7633,12/19/2026,PASS,0
QC-1259,BATCH-3384,03/13/2024,Pass,0
QC-1260,BATCH-3726,2025-07-19,Pass,0
QC-1261,BATCH-5853,11-12-2026,pass,0
QC-1262,BATCH-6852,04-05-2025,Pass,0
QC-1263,BATCH-2246,15-04-2025,PASS,0
QC-1264,BATCH-3455,2024-08-13,PASS,0
QC-1265,BATCH-7334,2025-11-04,pass,0
QC-1266,BATCH-2116,12-05-2024,pass,0
QC-1267,BATCH-5598,15-04-2025,pass,0
QC-1268,BATCH-4529,07-12-2024,PASS,0
QC-1269,BATCH-2536,04/28/2026,Pass,0
QC-1270,BATCH-3958,2026-02-04,pass,0
QC-1271,BATCH-5377,11/06/2024,PASS,0
QC-1272,BATCH-4728,2024-03-28,PASS,4
QC-1273,BATCH-225,2025-12-09,PASS,0
QC-1274,BATCH-5588,2025-03-06,Pass,0
QC-1275,BATCH-4484,02-12-2025,pass,0
QC-1276,BATCH-2510,03/02/2026,pass,0
QC-1277,BATCH-1660,09/23/2024,Pass,0
QC-1278,BATCH-3819,2024-04-03,Pass,0
QC-1279,BATCH-2422,14-11-2025,PASS,0
QC-1280,BATCH-1911,2024-02-09,pass,0
QC-1281,BATCH-4291,2025-11-10,Pass,0
QC-1282,BATCH-4698,10/23/2024,pass,0
QC-1283,BATCH-401,2024-12-06,Pass,0
QC-1284,BATCH-5560,2026-05-21,Pass,0
QC-1285,BATCH-6840,07-08-2026,PASS,0
QC-1286,BATCH-4111,06/07/2026,fail,0
QC-1287,BATCH-873,2025-06-01,pass,0
QC-1288,BATCH-4952,23-03-2024,PASS,0
QC-1289,BATCH-5319,24-02-2026,Pass,0
QC-1290,BATCH-231,2026-01-14,Pass,0
QC-1291,BATCH-4725,2025-06-08,Pass,0
QC-1292,BATCH-2915,02/21/2025,pass,0
QC-1293,BATCH-1403,02/09/2026,fail,0
QC-1294,BATCH-2508,06/19/2024,Pass,0
QC-1295,BATCH-2332,2024-08-08,pass,0
QC-1296,BATCH-1277,01/21/2026,Pass,0
QC-1297,BATCH-285,2026-05-04,PASS,0
QC-1298,BATCH-3000,2024-05-15,PASS,0
QC-1299,BATCH-2860,2026-05-12,PASS,0
QC-1300,BATCH-5531,2024-10-01,PASS,0
QC-1301,BATCH-3441,04-11-2026,PASS,0
QC-1302,BATCH-1444,2024-10-01,PASS,0
QC-1303,BATCH-5920,02-12-2024,pass,0
QC-1304,BATCH-5788,2025-07-28,pass,0
QC-1305,BATCH-3634,09/22/2026,pass,0
QC-1306,BATCH-4225,23-12-2026,Pass,3
QC-1307,BATCH-3089,06/01/2024,pass,0
QC-1308,BATCH-1225,10/27/2025,PASS,0
QC-1309,BATCH-6189,24-08-2024,fail,0
QC-1310,BATCH-7905,01/23/2026,PASS,0
QC-1311,BATCH-2208,04-05-2026,Pass,19
QC-1312,BATCH-6268,2024-04-26,PASS,0
QC-1313,BATCH-7702,11/09/2025,pass,0
QC-1314,BATCH-209,04/03/2025,pass,0
QC-1315,BATCH-5465,2024-11-03,Pass,0
QC-1316,BATCH-6443,2025-05-16,pass,0
QC-1317,BATCH-3294,06/22/2026,Pass,0
QC-1318,BATCH-4297,04/07/2026,PASS,15
QC-1319,BATCH-3597,2026-06-02,pass,0
QC-1320,BATCH-3828,2025-08-20,PASS,0
QC-1321,BATCH-6910,2025-12-21,pass,0
QC-1322,BATCH-2870,2026-08-27,Pass,0
QC-1323,BATCH-300,2025-05-02,pass,0
QC-1324,BATCH-7840,04/23/2026,pass,0
QC-1325,BATCH-7979,11/28/2026,Pass,0
QC-1326,BATCH-3325,25-04-2026,PASS,0
QC-1327,BATCH-189,2026-03-20,pass,1
QC-1328,BATCH-3382,2025-09-08,PASS,0
QC-1329,BATCH-1434,24-07-2026,pass,0
QC-1330,BATCH-1049,2024-04-06,pass,0
QC-1331,BATCH-7229,11-08-2025,PASS,0
QC-1332,BATCH-872,2026-04-10,Pass,0
QC-1333,BATCH-6935,2025-07-22,Pass,0
QC-1334,BATCH-3343,2025-03-24,Pass,3
QC-1335,BATCH-5180,2026-07-25,Pass,0
QC-1336,BATCH-5691,2024-07-02,PASS,0
QC-1337,BATCH-7275,2025-12-26,pass,0
QC-1338,BATCH-3635,05/17/2026,Pass,0
QC-1339,BATCH-4531,2024-09-18,Pass,0
QC-1340,BATCH-1012,07/07/2026,PASS,0
QC-1341,BATCH-7592,25-08-2024,pass,0
QC-1342,BATCH-1840,05/26/2025,PASS,0
QC-1343,BATCH-7535,09-12-2024,pass,0
QC-1344,BATCH-232,2026-03-20,fail,0
QC-1345,BATCH-7415,2026-04-05,PASS,0
QC-1346,BATCH-6457,2026-05-07,PASS,0
QC-1347,BATCH-1138,10/23/2025,pass,0
QC-1348,BATCH-6165,06/25/2024,PASS,0
QC-1349,BATCH-2472,01/16/2025,PASS,0
QC-1350,BATCH-966,18-11-2025,pass,0
QC-1351,BATCH-566,2026-09-06,Pass,0
QC-1352,BATCH-4271,2024-03-04,fail,0
QC-1353,BATCH-547,12/20/2026,PASS,0
QC-1354,BATCH-1757,2024-09-22,PASS,0
QC-1355,BATCH-5412,2025-04-24,PASS,0
QC-1356,BATCH-5207,2025-11-07,Pass,0
QC-1357,BATCH-4124,05/10/2025,fail,0
QC-1358,BATCH-1604,2026-10-10,PASS,0
QC-1359,BATCH-1348,2024-05-09,pass,0
QC-1360,BATCH-5548,05/27/2026,PASS,19
QC-1361,BATCH-6936,2025-02-12,Pass,0
QC-1362,BATCH-3592,2024-05-19,PASS,0
QC-1363,BATCH-684,05/25/2025,PASS,0
QC-1364,BATCH-1445,2025-10-25,PASS,0
QC-1365,BATCH-3703,10/25/2026,Pass,0
QC-1366,BATCH-1188,2025-03-11,pass,0
QC-1367,BATCH-5145,01-11-2024,PASS,8
QC-1368,BATCH-254,26-09-2024,PASS,0
QC-1369,BATCH-7693,2024-07-10,PASS,0
QC-1370,BATCH-7558,2024-01-13,pass,0
QC-1371,BATCH-1689,06/15/2026,PASS,0
QC-1372,BATCH-4393,2025-04-23,pass,0
QC-1373,BATCH-4983,04/06/2026,pass,0
QC-1374,BATCH-2980,04/15/2026,pass,0
QC-1375,BATCH-6998,2026-09-13,Pass,0
QC-1376,BATCH-6787,2026-05-25,fail,0
QC-1377,BATCH-3644,2025-12-02,Pass,0
QC-1378,BATCH-5025,05-04-2025,PASS,0
QC-1379,BATCH-1925,2026-07-19,PASS,0
QC-1380,BATCH-6096,2025-09-17,fail,0
QC-1381,BATCH-2673,12/18/2024,Pass,0
QC-1382,BATCH-6014,2026-11-22,pass,0
QC-1383,BATCH-5648,2026-09-13,Pass,0
QC-1384,BATCH-4096,12/03/2024,pass,0
QC-1385,BATCH-6449,2025-06-16,PASS,0
QC-1386,BATCH-7348,08/25/2025,pass,0
QC-1387,BATCH-6272,17-04-2026,Pass,0
QC-1388,BATCH-6988,2024-04-08,Pass,0
QC-1389,BATCH-3682,07/01/2025,PASS,0
QC-1390,BATCH-484,2024-01-13,Pass,0
QC-1391,BATCH-2045,26-08-2026,Pass,0
QC-1392,BATCH-2484,2025-12-02,PASS,0
QC-1393,BATCH-3090,05/03/2024,pass,0
QC-1394,BATCH-1866,2024-07-01,pass,0
QC-1395,BATCH-4960,11/07/2026,fail,0
QC-1396,BATCH-7685,09-08-2026,pass,0
QC-1397,BATCH-4281,2026-06-06,Pass,0
QC-1398,BATCH-2661,01/10/2025,Pass,0
QC-1399,BATCH-2304,13-12-2024,Pass,0
QC-1400,BATCH-4179,2026-05-11,Pass,0
QC-1401,BATCH-6548,2026-12-10,pass,0
QC-1402,BATCH-3008,2024-11-03,Pass,0
QC-1403,BATCH-6837,02/01/2025,pass,0
QC-1404,BATCH-2133,2026-07-12,PASS,0
QC-1405,BATCH-3016,2024-03-19,PASS,0
QC-1406,BATCH-3088,2025-11-06,Pass,0
QC-1407,BATCH-5881,2026-10-08,pass,0
QC-1408,BATCH-6296,2026-04-16,pass,0
QC-1409,BATCH-7328,2025-01-26,Pass,0
QC-1410,BATCH-4899,2026-05-22,pass,0
QC-1411,BATCH-4779,08/26/2025,PASS,0
QC-1412,BATCH-5429,2024-10-03,PASS,8
QC-1413,BATCH-4669,2024-05-05,PASS,0
QC-1414,BATCH-896,2024-02-04,pass,0
QC-1415,BATCH-7741,2026-03-01,pass,0
QC-1416,BATCH-1258,01/08/2026,PASS,0
QC-1417,BATCH-6258,2026-08-28,PASS,0
QC-1418,BATCH-2382,2024-07-21,pass,0
QC-1419,BATCH-2414,2026-09-10,PASS,0
QC-1420,BATCH-6025,2024-09-07,PASS,0
QC-1421,BATCH-636,2024-09-12,Pass,0
QC-1422,BATCH-1501,2026-10-13,fail,0
QC-1423,BATCH-6375,12-07-2024,PASS,0
QC-1424,BATCH-6410,19-09-2026,Pass,0
QC-1425,BATCH-2787,05/26/2026,Pass,0
QC-1426,BATCH-3642,2025-01-19,fail,0
QC-1427,BATCH-2750,12/12/2026,pass,0
QC-1428,BATCH-3962,09/17/2026,Pass,0
QC-1429,BATCH-199,2025-08-26,PASS,0
QC-1430,BATCH-6143,26-02-2026,PASS,0
QC-1431,BATCH-7431,12-11-2024,PASS,0
QC-1432,BATCH-5020,23-02-2026,PASS,0
QC-1433,BATCH-6899,2025-07-14,PASS,20
QC-1434,BATCH-621,2024-05-24,pass,0
QC-1435,BATCH-1183,2026-02-12,Pass,0
QC-1436,BATCH-3266,09/06/2026,Pass,0
QC-1437,BATCH-1956,2025-03-25,Pass,0
QC-1438,BATCH-3460,27-12-2024,pass,0
QC-1439,BATCH-4764,2025-07-26,pass,0
QC-1440,BATCH-3169,2026-06-06,pass,0
QC-1441,BATCH-7903,11-01-2025,Pass,0
QC-1442,BATCH-3664,2025-10-11,fail,13
QC-1443,BATCH-3491,03/21/2026,pass,0
QC-1444,BATCH-5950,2024-10-16,Pass,1
QC-1445,BATCH-416,09-03-2026,Pass,0
QC-1446,BATCH-1597,12/17/2025,Pass,0
QC-1447,BATCH-7022,11/12/2024,pass,0
QC-1448,BATCH-7869,01/03/2025,Pass,0
QC-1449,BATCH-3041,2026-08-09,pass,0
QC-1450,BATCH-4864,10/27/2024,PASS,0
QC-1451,BATCH-7503,15-12-2024,Pass,0
QC-1452,BATCH-6605,2024-09-09,Pass,0
QC-1453,BATCH-3406,05/16/2024,pass,0
QC-1454,BATCH-3054,02/16/2024,pass,0
QC-1455,BATCH-7548,2025-05-28,pass,17
QC-1456,BATCH-5214,03/02/2024,Pass,0
QC-1457,BATCH-2725,11-03-2024,pass,0
QC-1458,BATCH-6081,10/23/2024,Pass,0
QC-1459,BATCH-4390,01/02/2026,PASS,0
QC-1460,BATCH-3127,12/11/2025,pass,0
QC-1461,BATCH-7070,2025-05-26,pass,0
QC-1462,BATCH-3384,06/24/2025,PASS,0
QC-1463,BATCH-6829,16-12-2025,Pass,0
QC-1464,BATCH-4439,01/16/2026,pass,0
QC-1465,BATCH-7513,07/27/2024,PASS,0
QC-1466,BATCH-3829,26-03-2025,Pass,0
QC-1467,BATCH-4857,2025-09-17,Pass,0
QC-1468,BATCH-2696,01/20/2024,PASS,0
QC-1469,BATCH-1812,2024-04-06,Pass,0
QC-1470,BATCH-2454,04-12-2024,pass,0
QC-1471,BATCH-3114,03/23/2026,Pass,0
QC-1472,BATCH-4800,2026-12-21,pass,0
QC-1473,BATCH-1696,25-03-2026,Pass,0
QC-1474,BATCH-613,2024-06-13,Pass,0
QC-1475,BATCH-1964,10/26/2026,pass,0
QC-1476,BATCH-5603,2024-10-22,PASS,0
QC-1477,BATCH-6825,2024-05-05,PASS,0
QC-1478,BATCH-4047,2024-06-20,PASS,0
QC-1479,BATCH-1466,2025-10-05,fail,0
QC-1480,BATCH-7343,12/14/2026,PASS,0
QC-1481,BATCH-6401,2026-12-17,pass,0
QC-1482,BATCH-877,2026-10-08,pass,0
QC-1483,BATCH-3320,09/18/2026,fail,0
QC-1484,BATCH-5435,2025-12-04,PASS,0
QC-1485,BATCH-861,03/17/2026,PASS,0
QC-1486,BATCH-7101,12/01/2026,PASS,0
QC-1487,BATCH-6124,2025-11-03,pass,0
QC-1488,BATCH-7531,11/09/2024,PASS,0
QC-1489,BATCH-124,2025-06-23,PASS,0
QC-1490,BATCH-7727,02/11/2025,pass,0
QC-1491,BATCH-2131,04/21/2026,PASS,0
QC-1492,BATCH-2046,2025-08-26,PASS,13
QC-1493,BATCH-2130,2025-08-14,PASS,0
QC-1494,BATCH-7735,2026-04-01,PASS,0
QC-1495,BATCH-3455,2026-12-23,pass,0
QC-1496,BATCH-7587,03/03/2024,PASS,19
QC-1497,BATCH-1378,07/15/2026,Pass,0
QC-1498,BATCH-5665,2026-05-24,PASS,0
QC-1499,BATCH-2802,14-06-2024,pass,0
QC-1500,BATCH-5282,16-08-2025,PASS,0
QC-1501,BATCH-1089,2026-10-13,pass,0
QC-1502,BATCH-6222,08/14/2026,pass,0
QC-1503,BATCH-6877,2026-09-28,pass,0
QC-1504,BATCH-4396,2024-04-12,fail,0
QC-1505,BATCH-4928,2025-02-15,PASS,0
QC-1506,BATCH-4148,07/23/2026,Pass,0
QC-1507,BATCH-2373,2025-11-23,pass,0
QC-1508,BATCH-5572,2026-01-20,Pass,0
QC-1509,BATCH-1292,2025-04-22,PASS,0
QC-1510,BATCH-7473,2026-07-19,pass,0
QC-1511,BATCH-3375,2024-01-14,PASS,0
QC-1512,BATCH-6543,2026-04-21,PASS,2
QC-1513,BATCH-7227,05/03/2025,pass,0
QC-1514,BATCH-3381,2025-04-02,Pass,0
QC-1515,BATCH-1206,28-08-2026,pass,0
QC-1516,BATCH-5866,08/20/2024,pass,0
QC-1517,BATCH-2484,08/23/2026,pass,0
QC-1518,BATCH-7584,11/14/2024,PASS,0
QC-1519,BATCH-4288,06/02/2024,PASS,0
QC-1520,BATCH-6146,2026-03-11,Pass,0
QC-1521,BATCH-7945,2024-07-23,PASS,0
QC-1522,BATCH-1973,01/18/2024,PASS,0
QC-1523,BATCH-4798,08-06-2024,pass,0
QC-1524,BATCH-5077,04/27/2025,Pass,0
QC-1525,BATCH-6106,2024-03-05,pass,0
QC-1526,BATCH-6546,2026-10-14,pass,0
QC-1527,BATCH-7133,22-07-2024,Pass,0
QC-1528,BATCH-738,05/28/2024,PASS,0
QC-1529,BATCH-649,10/03/2024,PASS,0
QC-1530,BATCH-1525,02-11-2026,pass,0
QC-1531,BATCH-6271,12-12-2025,fail,0
QC-1532,BATCH-1306,02/18/2024,PASS,0
QC-1533,BATCH-6265,2024-01-26,Pass,0
QC-1534,BATCH-2019,10/14/2025,pass,0
QC-1535,BATCH-5055,10/11/2025,pass,0
QC-1536,BATCH-3014,20-07-2025,pass,0
QC-1537,BATCH-5254,2025-10-16,pass,0
QC-1538,BATCH-5720,09-09-2025,pass,0
QC-1539,BATCH-7701,2024-07-28,Pass,0
QC-1540,BATCH-927,06/24/2025,Pass,0
QC-1541,BATCH-6324,2024-07-18,PASS,0
QC-1542,BATCH-6799,11/23/2026,fail,0
QC-1543,BATCH-1089,2024-12-20,Pass,8
QC-1544,BATCH-1314,24-10-2025,pass,0
QC-1545,BATCH-2671,2026-10-19,pass,0
QC-1546,BATCH-6902,06/12/2025,Pass,0
QC-1547,BATCH-1720,2025-04-12,PASS,0
QC-1548,BATCH-5059,11/05/2024,Pass,0
QC-1549,BATCH-6048,2025-09-27,Pass,0
QC-1550,BATCH-343,2026-01-22,Pass,0
QC-1551,BATCH-6510,07/10/2025,Pass,0
QC-1552,BATCH-7442,07/15/2024,Pass,0
QC-1553,BATCH-97,20-05-2025,PASS,0
QC-1554,BATCH-608,2025-05-21,PASS,0
QC-1555,BATCH-2581,2026-06-18,fail,0
QC-1556,BATCH-7651,12/17/2024,Pass,0
QC-1557,BATCH-2582,11/09/2026,PASS,0
QC-1558,BATCH-5873,2025-09-16,pass,0
QC-1559,BATCH-1546,2024-05-04,pass,0
QC-1560,BATCH-6976,2026-11-03,PASS,0
QC-1561,BATCH-7187,2025-02-19,PASS,0
QC-1562,BATCH-1653,22-01-2024,pass,0
QC-1563,BATCH-5405,05/02/2025,PASS,0
QC-1564,BATCH-4184,2026-08-07,pass,0
QC-1565,BATCH-1415,06/03/2026,Pass,0
QC-1566,BATCH-958,09/03/2025,PASS,0
QC-1567,BATCH-2756,2025-06-24,pass,0
QC-1568,BATCH-4993,05/12/2024,Pass,0
QC-1569,BATCH-6878,05/01/2025,fail,0
QC-1570,BATCH-1354,2026-08-22,pass,0
QC-1571,BATCH-3326,2026-04-21,pass,0
QC-1572,BATCH-4341,08/15/2024,Pass,0
QC-1573,BATCH-7757,2026-11-11,PASS,0
QC-1574,BATCH-368,2026-01-02,Pass,0
QC-1575,BATCH-55,23-07-2025,PASS,0
QC-1576,BATCH-1690,2024-01-27,Pass,3
QC-1577,BATCH-3638,2024-06-17,pass,0
QC-1578,BATCH-2195,04-01-2024,PASS,0
QC-1579,BATCH-7121,2024-11-14,PASS,0
QC-1580,BATCH-2023,03/23/2024,PASS,0
QC-1581,BATCH-1963,11/10/2024,PASS,0
QC-1582,BATCH-3218,2025-03-07,PASS,0
QC-1583,BATCH-6994,2026-11-16,pass,0
QC-1584,BATCH-4506,2026-07-27,PASS,0
QC-1585,BATCH-1612,03/10/2026,PASS,0
QC-1586,BATCH-578,2025-06-12,pass,0
QC-1587,BATCH-1982,2025-12-10,pass,0
QC-1588,BATCH-6369,27-11-2026,PASS,0
QC-1589,BATCH-7198,2026-01-13,pass,0
QC-1590,BATCH-4167,2025-03-17,pass,0
QC-1591,BATCH-2116,01-01-2026,PASS,0
QC-1592,BATCH-5393,2026-01-25,pass,0
QC-1593,BATCH-3344,2025-03-04,pass,0
QC-1594,BATCH-6603,2024-05-27,PASS,0
QC-1595,BATCH-637,2024-03-12,PASS,0
QC-1596,BATCH-6298,2024-03-11,PASS,0
QC-1597,BATCH-1608,2024-11-10,pass,0
QC-1598,BATCH-4741,04-05-2026,pass,18
QC-1599,BATCH-4723,2024-09-20,PASS,0
QC-1600,BATCH-2210,12-11-2025,PASS,0
QC-1601,BATCH-4183,2025-02-22,pass,0
QC-1602,BATCH-609,02/11/2025,Pass,0
QC-1603,BATCH-1214,2025-09-19,pass,0
QC-1604,BATCH-6198,2026-06-06,pass,10
QC-1605,BATCH-5432,2025-10-18,Pass,0
QC-1606,BATCH-5769,2024-04-25,Pass,0
QC-1607,BATCH-3867,2024-06-13,PASS,0
QC-1608,BATCH-2735,2025-12-14,pass,0
QC-1609,BATCH-7838,2026-10-10,pass,0
QC-1610,BATCH-2047,2025-09-04,PASS,0
QC-1611,BATCH-1752,2025-02-04,Pass,0
QC-1612,BATCH-1413,2025-03-07,pass,0
QC-1613,BATCH-5394,02/05/2026,Pass,0
QC-1614,BATCH-4363,01/19/2026,pass,0
QC-1615,BATCH-6844,2026-04-06,Pass,0
QC-1616,BATCH-2562,10/11/2026,PASS,0
QC-1617,BATCH-3297,2024-12-22,Pass,0
QC-1618,BATCH-7034,08/06/2026,Pass,0
QC-1619,BATCH-3056,06/13/2024,Pass,0
QC-1620,BATCH-5067,2026-03-20,PASS,0
QC-1621,BATCH-3395,10-06-2024,Pass,0
QC-1622,BATCH-990,2025-06-21,Pass,0
QC-1623,BATCH-282,2024-10-16,Pass,0
QC-1624,BATCH-3080,2026-11-20,Pass,0
QC-1625,BATCH-3194,2024-05-03,PASS,0
QC-1626,BATCH-4588,2024-09-22,PASS,0
QC-1627,BATCH-2522,11/01/2024,Pass,0
QC-1628,BATCH-6451,01-08-2026,pass,0
QC-1629,BATCH-2344,02-11-2024,pass,0
QC-1630,BATCH-4110,11/10/2026,PASS,0
QC-1631,BATCH-2196,09/03/2026,pass,0
QC-1632,BATCH-450,06/02/2025,PASS,0
QC-1633,BATCH-4229,09/02/2025,Pass,0
QC-1634,BATCH-2684,10/26/2024,pass,0
QC-1635,BATCH-6420,07/18/2026,pass,0
QC-1636,BATCH-1271,2026-11-17,PASS,0
QC-1637,BATCH-7103,2026-09-19,PASS,0
QC-1638,BATCH-1983,01/08/2026,pass,0
QC-1639,BATCH-2273,2024-02-05,Pass,0
QC-1640,BATCH-187,2025-01-21,pass,0
QC-1641,BATCH-1127,25-12-2026,pass,0
QC-1642,BATCH-791,2025-12-14,PASS,0
QC-1643,BATCH-5996,03-11-2026,PASS,0
QC-1644,BATCH-324,2024-09-11,Pass,0
QC-1645,BATCH-4901,2025-11-11,pass,0
QC-1646,BATCH-2406,01/12/2024,PASS,0
QC-1647,BATCH-6800,2024-03-01,PASS,0
QC-1648,BATCH-592,27-12-2026,pass,0
QC-1649,BATCH-6161,2025-07-03,PASS,0
QC-1650,BATCH-1796,2024-07-05,Pass,0
QC-1651,BATCH-6449,04-07-2025,PASS,0
QC-1652,BATCH-4672,06/26/2026,PASS,0
QC-1653,BATCH-1155,2024-06-22,Pass,0
QC-1654,BATCH-5891,2024-04-16,PASS,0
QC-1655,BATCH-5431,13-10-2026,Pass,0
QC-1656,BATCH-4042,2024-09-16,PASS,0
QC-1657,BATCH-527,26-01-2025,PASS,0
QC-1658,BATCH-6992,2025-12-09,pass,0
QC-1659,BATCH-1432,2026-03-13,pass,0
QC-1660,BATCH-2616,2024-05-25,pass,0
QC-1661,BATCH-2917,2024-03-17,fail,0
QC-1662,BATCH-832,2026-02-18,pass,0
QC-1663,BATCH-3495,22-12-2025,PASS,0
QC-1664,BATCH-2436,12/10/2026,PASS,0
QC-1665,BATCH-6408,23-04-2024,PASS,0
QC-1666,BATCH-6178,2026-10-16,pass,0
QC-1667,BATCH-3157,15-08-2024,pass,0
QC-1668,BATCH-1738,2026-11-21,Pass,0
QC-1669,BATCH-793,04/10/2024,PASS,0
QC-1670,BATCH-4769,12/07/2024,pass,0
QC-1671,BATCH-2564,2025-08-17,pass,17
QC-1672,BATCH-3593,2024-03-10,pass,0
QC-1673,BATCH-6467,2026-10-04,PASS,0
QC-1674,BATCH-2770,28-03-2025,pass,0
QC-1675,BATCH-2791,01/28/2024,PASS,0
QC-1676,BATCH-648,2025-12-01,pass,0
QC-1677,BATCH-1395,11-08-2025,PASS,0
QC-1678,BATCH-786,2025-09-01,pass,0
QC-1679,BATCH-7344,2024-01-20,pass,0
QC-1680,BATCH-5694,23-07-2026,Pass,0
QC-1681,BATCH-7960,10/16/2025,PASS,0
QC-1682,BATCH-2820,01/06/2026,fail,6
QC-1683,BATCH-121,2026-12-01,PASS,0
QC-1684,BATCH-4127,03-06-2024,Pass,0
QC-1685,BATCH-7038,2026-06-27,pass,0
QC-1686,BATCH-2597,2026-07-01,Pass,0
QC-1687,BATCH-4855,07/21/2026,PASS,0
QC-1688,BATCH-7232,2026-09-15,pass,0
QC-1689,BATCH-4093,06/07/2024,Pass,0
QC-1690,BATCH-5824,2025-12-15,pass,0
QC-1691,BATCH-3112,05/08/2024,PASS,0
QC-1692,BATCH-1653,2025-11-15,Pass,0
QC-1693,BATCH-2845,2026-07-05,PASS,0
QC-1694,BATCH-1931,2026-09-23,Pass,0
QC-1695,BATCH-287,2026-12-01,PASS,0
QC-1696,BATCH-1905,09-06-2024,fail,0
QC-1697,BATCH-6517,25-12-2025,pass,0
QC-1698,BATCH-3266,01/10/2026,PASS,0
QC-1699,BATCH-5607,10/08/2026,pass,0
QC-1700,BATCH-1632,2024-12-25,Pass,0
QC-1701,BATCH-7592,2026-03-26,pass,0
QC-1702,BATCH-7527,2024-11-19,Pass,0
QC-1703,BATCH-447,08/21/2025,pass,0
QC-1704,BATCH-934,06/26/2026,pass,18
QC-1705,BATCH-1371,08/17/2026,PASS,0
QC-1706,BATCH-3230,04/27/2024,pass,0
QC-1707,BATCH-1081,05/23/2026,pass,0
QC-1708,BATCH-2359,03/26/2026,PASS,0
QC-1709,BATCH-2606,2026-05-18,PASS,0
QC-1710,BATCH-5462,07-07-2026,Pass,0
QC-1711,BATCH-534,2024-06-08,PASS,0
QC-1712,BATCH-6114,2026-03-18,Pass,0
QC-1713,BATCH-5152,2026-12-01,Pass,2
QC-1714,BATCH-7631,15-05-2026,pass,0
QC-1715,BATCH-6023,2024-09-01,Pass,0
QC-1716,BATCH-7788,2025-11-15,pass,0
QC-1717,BATCH-6518,2025-06-28,Pass,18
QC-1718,BATCH-432,07-01-2024,Pass,0
QC-1719,BATCH-1132,19-07-2026,Pass,15
QC-1720,BATCH-5185,26-08-2026,PASS,0
QC-1721,BATCH-724,10-06-2024,PASS,0
QC-1722,BATCH-267,05/28/2026,pass,0
QC-1723,BATCH-711,2024-08-09,pass,0
QC-1724,BATCH-3665,04/24/2026,Pass,0
QC-1725,BATCH-6797,03/09/2025,Pass,0
QC-1726,BATCH-3007,03/22/2025,Pass,0
QC-1727,BATCH-3359,06/09/2026,PASS,0
QC-1728,BATCH-6197,06/13/2025,pass,0
QC-1729,BATCH-7914,2025-10-26,pass,0
QC-1730,BATCH-7834,07/18/2024,Pass,0
QC-1731,BATCH-2541,2025-03-15,pass,0
QC-1732,BATCH-7158,09/09/2025,PASS,0
QC-1733,BATCH-4336,12/02/2025,PASS,0
QC-1734,BATCH-4952,01/08/2024,PASS,0
QC-1735,BATCH-7176,2026-06-27,PASS,0
QC-1736,BATCH-99,07/17/2024,pass,0
QC-1737,BATCH-5261,2024-03-19,PASS,0
QC-1738,BATCH-3067,2024-02-07,PASS,0
QC-1739,BATCH-2225,2024-04-05,pass,0
QC-1740,BATCH-2443,2024-08-21,PASS,0
QC-1741,BATCH-3516,04/11/2024,pass,0
QC-1742,BATCH-4503,06/05/2024,fail,0
QC-1743,BATCH-6336,2026-11-07,fail,0
QC-1744,BATCH-6340,01/08/2024,pass,0
QC-1745,BATCH-3186,11/05/2024,Pass,0
QC-1746,BATCH-4853,04-01-2026,Pass,0
QC-1747,BATCH-378,19-03-2024,PASS,0
QC-1748,BATCH-1768,21-10-2025,Pass,0
QC-1749,BATCH-48,05/03/2025,Pass,0
QC-1750,BATCH-6318,2024-04-19,Pass,0
QC-1751,BATCH-160,2024-12-14,PASS,14
QC-1752,BATCH-2902,10/15/2025,pass,0
QC-1753,BATCH-7744,11-08-2024,PASS,0
QC-1754,BATCH-1663,23-08-2026,Pass,0
QC-1755,BATCH-3023,2025-01-16,PASS,0
QC-1756,BATCH-4420,2025-10-19,PASS,0
QC-1757,BATCH-4603,2026-04-26,fail,0
QC-1758,BATCH-3071,2026-09-19,pass,0
QC-1759,BATCH-5816,2024-06-26,PASS,0
QC-1760,BATCH-1577,2026-12-14,pass,0
QC-1761,BATCH-4320,05/03/2024,pass,0
QC-1762,BATCH-6674,10/12/2024,Pass,0
QC-1763,BATCH-7903,21-01-2025,fail,0
QC-1764,BATCH-157,07/08/2025,fail,0
QC-1765,BATCH-2796,24-10-2025,PASS,0
QC-1766,BATCH-7287,2025-03-04,PASS,0
QC-1767,BATCH-2567,03/19/2025,Pass,0
QC-1768,BATCH-6649,10/04/2025,fail,0
QC-1769,BATCH-3261,2026-09-16,PASS,0
QC-1770,BATCH-5575,2025-03-14,pass,0
QC-1771,BATCH-973,2025-11-01,PASS,0
QC-1772,BATCH-4333,27-08-2024,PASS,3
QC-1773,BATCH-7875,2024-09-19,pass,0
QC-1774,BATCH-7473,11-03-2025,PASS,0
QC-1775,BATCH-6729,2024-08-16,PASS,0
QC-1776,BATCH-4069,02-01-2025,pass,0
QC-1777,BATCH-1016,05/13/2025,pass,0
QC-1778,BATCH-1651,04-01-2026,Pass,0
QC-1779,BATCH-5261,20-04-2026,Pass,0
QC-1780,BATCH-7918,04-08-2025,PASS,0
QC-1781,BATCH-4124,08/21/2026,PASS,0
QC-1782,BATCH-3499,01/23/2025,Pass,0
QC-1783,BATCH-5846,2024-09-15,PASS,0
QC-1784,BATCH-4568,06/16/2024,Pass,0
QC-1785,BATCH-2508,2024-04-26,Pass,3
QC-1786,BATCH-3862,05/19/2025,Pass,0
QC-1787,BATCH-4952,2026-02-16,pass,0
QC-1788,BATCH-1114,12-12-2024,Pass,0
QC-1789,BATCH-1768,2025-02-28,PASS,0
QC-1790,BATCH-3481,04/22/2025,Pass,0
QC-1791,BATCH-7926,05/02/2024,Pass,0
QC-1792,BATCH-62,2026-12-12,PASS,0
QC-1793,BATCH-1353,09/27/2025,Pass,0
QC-1794,BATCH-7005,2024-11-01,PASS,0
QC-1795,BATCH-573,12/22/2026,pass,0
QC-1796,BATCH-5164,2024-05-10,pass,0
QC-1797,BATCH-2924,2025-04-23,PASS,0
QC-1798,BATCH-778,09/21/2026,PASS,0
QC-1799,BATCH-1960,02/22/2025,pass,0
QC-1800,BATCH-4678,2026-09-15,PASS,0
QC-1801,BATCH-5794,09/19/2025,fail,0
QC-1802,BATCH-2600,11/16/2024,pass,0
QC-1803,BATCH-953,2026-01-03,Pass,0
QC-1804,BATCH-3600,2026-10-05,Pass,0
QC-1805,BATCH-4440,2025-02-18,Pass,0
QC-1806,BATCH-3662,01/18/2025,Pass,0
QC-1807,BATCH-796,2026-05-28,Pass,0
QC-1808,BATCH-1841,2024-09-06,Pass,0
QC-1809,BATCH-1943,2024-10-04,pass,0
QC-1810,BATCH-749,2026-07-03,PASS,0
QC-1811,BATCH-148,2026-05-04,fail,0
QC-1812,BATCH-1609,2024-03-24,pass,0
QC-1813,BATCH-3249,2026-01-09,Pass,0
QC-1814,BATCH-2634,2026-01-05,PASS,0
QC-1815,BATCH-7691,2026-04-08,pass,0
QC-1816,BATCH-7562,09-07-2026,pass,0
QC-1817,BATCH-3943,2025-01-10,Pass,0
QC-1818,BATCH-2495,10/04/2026,Pass,0
QC-1819,BATCH-425,10-08-2024,pass,11
QC-1820,BATCH-4100,25-10-2025,pass,0
QC-1821,BATCH-1194,05/04/2026,PASS,0
QC-1822,BATCH-4166,2024-02-04,pass,0
QC-1823,BATCH-4491,11/14/2026,Pass,0
QC-1824,BATCH-3410,2025-09-18,PASS,0
QC-1825,BATCH-247,26-10-2025,Pass,0
QC-1826,BATCH-4891,11/17/2025,Pass,0
QC-1827,BATCH-4356,10/26/2024,Pass,0
QC-1828,BATCH-286,07/14/2026,PASS,7
QC-1829,BATCH-5812,2026-07-11,Pass,0
QC-1830,BATCH-2914,07/19/2026,PASS,0
QC-1831,BATCH-6283,22-06-2024,Pass,0
QC-1832,BATCH-3700,02/27/2025,Pass,0
QC-1833,BATCH-4009,27-07-2024,fail,0
QC-1834,BATCH-2760,2024-12-28,pass,0
QC-1835,BATCH-6744,2026-04-18,pass,0
QC-1836,BATCH-703,2025-07-09,pass,0
QC-1837,BATCH-7677,2024-05-22,pass,0
QC-1838,BATCH-6521,2024-08-02,pass,0
QC-1839,BATCH-7893,03/20/2024,Pass,0
QC-1840,BATCH-4135,07/13/2026,Pass,0
QC-1841,BATCH-1740,2026-08-18,pass,18
QC-1842,BATCH-325,2026-08-15,pass,0
QC-1843,BATCH-2420,02/19/2026,pass,0
QC-1844,BATCH-6274,18-07-2024,pass,0
QC-1845,BATCH-4815,12-12-2024,Pass,0
QC-1846,BATCH-5397,2024-12-10,PASS,0
QC-1847,BATCH-3355,11/28/2025,pass,0
QC-1848,BATCH-7083,2025-08-12,PASS,0
QC-1849,BATCH-3977,21-10-2024,pass,0
QC-1850,BATCH-1682,17-11-2026,pass,0
QC-1851,BATCH-135,16-06-2024,pass,0
QC-1852,BATCH-4096,01/05/2026,Pass,0
QC-1853,BATCH-1875,02/22/2024,Pass,0
QC-1854,BATCH-7332,04/23/2024,PASS,0
QC-1855,BATCH-358,2024-11-16,pass,0
QC-1856,BATCH-3962,2026-07-11,Pass,0
QC-1857,BATCH-7741,03/27/2026,Pass,0
QC-1858,BATCH-2984,2026-07-21,pass,0
QC-1859,BATCH-2252,2026-05-26,PASS,0
QC-1860,BATCH-1419,06/21/2024,fail,0
QC-1861,BATCH-6789,2025-07-08,Pass,0
QC-1862,BATCH-370,03/21/2025,Pass,0
QC-1863,BATCH-1241,2025-12-27,PASS,0
QC-1864,BATCH-7551,07/19/2024,pass,0
QC-1865,BATCH-375,19-07-2025,fail,0
QC-1866,BATCH-7824,06/08/2026,fail,0
QC-1867,BATCH-6092,01/05/2026,PASS,0
QC-1868,BATCH-6705,2026-11-09,pass,0
QC-1869,BATCH-923,2025-06-28,pass,0
QC-1870,BATCH-4100,2025-11-24,fail,0
QC-1871,BATCH-1941,08/08/2024,pass,0
QC-1872,BATCH-978,2025-03-16,pass,11
QC-1873,BATCH-739,2026-07-17,Pass,0
QC-1874,BATCH-4124,2025-06-18,Pass,0
QC-1875,BATCH-522,2024-02-02,pass,0
QC-1876,BATCH-1734,2026-04-04,Pass,0
QC-1877,BATCH-6041,2025-12-22,pass,0
QC-1878,BATCH-3268,10/24/2024,fail,0
QC-1879,BATCH-7544,02/11/2025,pass,0
QC-1880,BATCH-5820,2024-07-15,Pass,0
QC-1881,BATCH-4407,2026-08-13,Pass,0
QC-1882,BATCH-3413,11/03/2026,pass,0
QC-1883,BATCH-6156,20-09-2026,Pass,0
QC-1884,BATCH-6423,11-03-2026,fail,0
QC-1885,BATCH-7371,2025-09-04,PASS,0
QC-1886,BATCH-6773,02-03-2026,fail,0
QC-1887,BATCH-6189,2025-01-17,PASS,0
QC-1888,BATCH-5478,01-10-2025,pass,0
QC-1889,BATCH-2190,2026-12-27,Pass,0
QC-1890,BATCH-5278,05/10/2025,PASS,0
QC-1891,BATCH-6454,2026-09-11,PASS,0
QC-1892,BATCH-3868,2024-09-04,PASS,0
QC-1893,BATCH-1437,2026-01-08,fail,0
QC-1894,BATCH-7575,25-03-2025,Pass,0
QC-1895,BATCH-950,2025-06-23,pass,0
QC-1896,BATCH-6071,2024-07-25,pass,0
QC-1897,BATCH-7355,2024-04-24,pass,0
QC-1898,BATCH-6263,2025-02-22,PASS,0
QC-1899,BATCH-4421,2024-01-02,Pass,0
QC-1900,BATCH-5653,2025-04-19,pass,0
QC-1901,BATCH-167,2024-07-27,Pass,0
QC-1902,BATCH-2344,2025-01-22,PASS,0
QC-1903,BATCH-7118,2024-09-17,pass,0
QC-1904,BATCH-1792,02/17/2025,Pass,0
QC-1905,BATCH-37,05/17/2024,PASS,0
QC-1906,BATCH-5078,05/04/2025,pass,0
QC-1907,BATCH-1659,2025-03-14,Pass,0
QC-1908,BATCH-3961,12/03/2025,pass,0
QC-1909,BATCH-1577,2025-05-17,fail,0
QC-1910,BATCH-7741,16-08-2026,PASS,0
QC-1911,BATCH-2061,15-01-2024,PASS,0
QC-1912,BATCH-4999,2024-11-01,pass,0
QC-1913,BATCH-803,05/04/2025,Pass,0
QC-1914,BATCH-7893,2026-01-27,PASS,0
QC-1915,BATCH-3912,26-08-2026,PASS,0
QC-1916,BATCH-6011,01/13/2024,pass,0
QC-1917,BATCH-3202,09/27/2024,PASS,0
QC-1918,BATCH-1872,22-05-2026,pass,0
QC-1919,BATCH-2516,11-05-2026,pass,0
QC-1920,BATCH-6702,2024-02-27,pass,0
QC-1921,BATCH-5954,2025-07-11,pass,0
QC-1922,BATCH-1928,08/03/2025,PASS,0
QC-1923,BATCH-6314,09/26/2024,Pass,0
QC-1924,BATCH-2362,2025-07-19,Pass,0
QC-1925,BATCH-3695,12/24/2024,fail,0
QC-1926,BATCH-2879,22-11-2026,Pass,0
QC-1927,BATCH-1192,06/25/2024,Pass,0
QC-1928,BATCH-6557,2025-09-24,Pass,0
QC-1929,BATCH-5040,02-01-2024,PASS,0
QC-1930,BATCH-6312,2026-10-18,PASS,10
QC-1931,BATCH-2193,10/23/2024,pass,19
QC-1932,BATCH-3881,2024-11-22,pass,0
QC-1933,BATCH-6471,2026-11-06,pass,0
QC-1934,BATCH-202,02/18/2025,PASS,0
QC-1935,BATCH-7221,2026-05-27,Pass,0
QC-1936,BATCH-6338,01/07/2026,pass,0
QC-1937,BATCH-1258,2025-05-22,PASS,0
QC-1938,BATCH-7028,2026-07-17,pass,0
QC-1939,BATCH-3451,2025-12-10,PASS,0
QC-1940,BATCH-4459,2024-01-19,PASS,0
QC-1941,BATCH-816,04/19/2026,Pass,20
QC-1942,BATCH-4965,11-01-2024,PASS,0
QC-1943,BATCH-6776,24-03-2025,PASS,0
QC-1944,BATCH-4273,01/06/2025,PASS,0
QC-1945,BATCH-3248,2024-03-26,Pass,0
QC-1946,BATCH-2267,2025-03-02,PASS,0
QC-1947,BATCH-1685,15-02-2024,pass,0
QC-1948,BATCH-2624,27-04-2026,PASS,0
QC-1949,BATCH-949,02/04/2025,pass,0
QC-1950,BATCH-4474,13-05-2024,pass,0
QC-1951,BATCH-6175,2026-12-21,Pass,0
QC-1952,BATCH-5738,21-02-2025,PASS,0
QC-1953,BATCH-7072,2024-04-26,PASS,0
QC-1954,BATCH-5781,08-12-2024,PASS,0
QC-1955,BATCH-7578,2024-04-27,PASS,0
QC-1956,BATCH-7491,09/09/2025,pass,20
QC-1957,BATCH-1769,11/23/2024,Pass,0
QC-1958,BATCH-2717,2026-08-26,PASS,0
QC-1959,BATCH-443,25-07-2025,PASS,0
QC-1960,BATCH-2336,07/09/2025,fail,0
QC-1961,BATCH-3423,2025-06-12,pass,0
QC-1962,BATCH-6746,2025-06-04,fail,13
QC-1963,BATCH-4729,02-11-2024,PASS,0
QC-1964,BATCH-7282,2024-03-11,Pass,0
QC-1965,BATCH-4602,2025-02-18,PASS,0
QC-1966,BATCH-3818,2025-06-21,PASS,0
QC-1967,BATCH-4281,2025-06-19,PASS,0
QC-1968,BATCH-3901,2025-10-18,Pass,0
QC-1969,BATCH-1372,2025-07-12,Pass,0
QC-1970,BATCH-3461,2024-08-15,pass,0
QC-1971,BATCH-5987,01/28/2025,Pass,0
QC-1972,BATCH-4964,2026-01-10,Pass,0
QC-1973,BATCH-496,2026-06-17,PASS,6
QC-1974,BATCH-3015,2025-04-18,PASS,0
QC-1975,BATCH-6179,2026-11-17,pass,0
QC-1976,BATCH-7104,2025-05-17,Pass,0
QC-1977,BATCH-3083,2025-05-28,pass,0
QC-1978,BATCH-1392,07/27/2026,fail,0
QC-1979,BATCH-6232,2026-07-28,Pass,0
QC-1980,BATCH-6725,09-11-2026,pass,0
QC-1981,BATCH-6451,2024-11-22,pass,0
QC-1982,BATCH-1208,11/22/2025,fail,0
QC-1983,BATCH-7434,2025-07-09,pass,0
QC-1984,BATCH-3854,2025-02-28,PASS,0
QC-1985,BATCH-6092,07/04/2026,PASS,0
QC-1986,BATCH-507,12/17/2026,Pass,0
QC-1987,BATCH-2465,2026-07-15,pass,0
QC-1988,BATCH-4996,20-10-2025,pass,0
QC-1989,BATCH-2745,02/12/2026,Pass,0
QC-1990,BATCH-7561,04/20/2024,pass,0
QC-1991,BATCH-6825,2024-11-24,PASS,0
QC-1992,BATCH-1196,03/12/2024,Pass,0
QC-1993,BATCH-235,2025-02-21,PASS,0
QC-1994,BATCH-6605,2024-03-03,Pass,0
QC-1995,BATCH-1692,2025-02-23,pass,0
QC-1996,BATCH-1989,20-06-2026,PASS,3
QC-1997,BATCH-5913,2025-12-16,fail,0
QC-1998,BATCH-3352,2024-06-20,pass,0
QC-1999,BATCH-617,17-10-2024,pass,0
QC-2000,BATCH-2650,2024-04-28,Pass,0
QC-2001,BATCH-2135,16-10-2026,pass,0
QC-2002,BATCH-3856,19-12-2024,fail,0
QC-2003,BATCH-3883,11/01/2026,Pass,0
QC-2004,BATCH-744,2026-12-26,pass,0
QC-2005,BATCH-1282,2026-01-04,PASS,0
QC-2006,BATCH-2391,2024-04-25,pass,0
QC-2007,BATCH-7223,07/01/2026,PASS,0
QC-2008,BATCH-495,2026-01-27,PASS,0
QC-2009,BATCH-6608,12/13/2024,Pass,0
QC-2010,BATCH-5857,2026-04-17,pass,0
QC-2011,BATCH-3044,09/02/2024,fail,3
QC-2012,BATCH-4415,06-12-2024,pass,0
QC-2013,BATCH-6900,2025-10-20,pass,0
QC-2014,BATCH-339,2024-09-28,Pass,0
QC-2015,BATCH-1355,08-10-2026,fail,0
QC-2016,BATCH-4761,05/23/2026,pass,0
QC-2017,BATCH-6800,25-10-2024,PASS,12
QC-2018,BATCH-7411,08/08/2024,pass,0
QC-2019,BATCH-3057,20-01-2024,Pass,0
QC-2020,BATCH-7817,2025-01-09,fail,0
QC-2021,BATCH-1909,03/21/2026,pass,0
QC-2022,BATCH-7519,08/24/2026,Pass,0
QC-2023,BATCH-4075,2024-05-15,PASS,0
QC-2024,BATCH-7578,2024-12-01,pass,0
QC-2025,BATCH-1690,26-01-2026,PASS,0
QC-2026,BATCH-1552,07/09/2025,Pass,2
QC-2027,BATCH-7711,2025-08-18,Pass,0
QC-2028,BATCH-6038,06/20/2026,Pass,0
QC-2029,BATCH-7997,2024-10-05,pass,0
QC-2030,BATCH-1535,04/07/2025,Pass,0
QC-2031,BATCH-3331,2026-03-05,pass,0
QC-2032,BATCH-7723,02/09/2025,pass,0
QC-2033,BATCH-7666,28-03-2026,fail,0
QC-2034,BATCH-5843,2025-10-06,Pass,0
QC-2035,BATCH-7083,09/15/2026,fail,0
QC-2036,BATCH-2621,05-12-2024,Pass,0
QC-2037,BATCH-524,2025-09-26,Pass,0
QC-2038,BATCH-5383,2024-08-09,Pass,0
QC-2039,BATCH-2776,07/14/2026,Pass,0
QC-2040,BATCH-7715,2026-11-25,PASS,0
QC-2041,BATCH-565,28-09-2025,pass,0
QC-2042,BATCH-4810,2025-12-21,PASS,0
QC-2043,BATCH-7493,2026-12-18,fail,0
QC-2044,BATCH-2231,02/22/2024,PASS,0
QC-2045,BATCH-5851,2024-01-12,Pass,0
QC-2046,BATCH-2148,01/25/2026,Pass,0
QC-2047,BATCH-7690,01/20/2024,fail,0
QC-2048,BATCH-1539,2024-09-10,PASS,0
QC-2049,BATCH-6425,10/16/2026,Pass,7
QC-2050,BATCH-4905,2025-06-04,Pass,0
QC-2051,BATCH-3423,11/14/2026,PASS,0
QC-2052,BATCH-6580,2026-10-08,PASS,0
QC-2053,BATCH-7924,2024-09-27,pass,9
QC-2054,BATCH-6075,16-07-2024,PASS,0
QC-2055,BATCH-264,17-09-2025,pass,0
QC-2056,BATCH-7284,12/26/2025,PASS,0
QC-2057,BATCH-6028,06/25/2024,pass,0
QC-2058,BATCH-7659,12/26/2026,Pass,3
QC-2059,BATCH-92,2025-10-22,Pass,0
QC-2060,BATCH-3913,10/02/2026,pass,0
QC-2061,BATCH-6624,2024-09-18,Pass,0
QC-2062,BATCH-155,2025-06-06,PASS,0
QC-2063,BATCH-5634,2025-04-26,pass,0
QC-2064,BATCH-4264,2026-02-25,Pass,0
QC-2065,BATCH-6819,04/17/2025,pass,0
QC-2066,BATCH-1207,2026-02-01,Pass,0
QC-2067,BATCH-1096,05/19/2026,Pass,0
QC-2068,BATCH-5174,2025-08-25,PASS,0
QC-2069,BATCH-3691,2026-03-13,Pass,0
QC-2070,BATCH-1555,2026-10-15,Pass,0
QC-2071,BATCH-5864,23-05-2026,Pass,0
QC-2072,BATCH-2295,04/27/2026,fail,19
QC-2073,BATCH-6077,06/14/2024,Pass,0
QC-2074,BATCH-6902,27-08-2025,Pass,0
QC-2075,BATCH-6747,10/25/2025,Pass,0
QC-2076,BATCH-7163,04-11-2025,Pass,0
QC-2077,BATCH-5325,2024-05-26,pass,0
QC-2078,BATCH-5893,07/20/2025,Pass,0
QC-2079,BATCH-6369,2025-04-26,Pass,0
QC-2080,BATCH-676,2025-11-21,PASS,0
QC-2081,BATCH-4543,2024-07-07,PASS,0
QC-2082,BATCH-4889,12/14/2025,Pass,0
QC-2083,BATCH-3409,10/04/2026,PASS,0
QC-2084,BATCH-5642,2026-04-23,pass,0
QC-2085,BATCH-519,2025-10-26,PASS,0
QC-2086,BATCH-1839,2026-03-14,PASS,0
QC-2087,BATCH-710,04/08/2026,pass,0
QC-2088,BATCH-1848,2024-03-05,pass,0
QC-2089,BATCH-1435,12/11/2024,Pass,0
QC-2090,BATCH-5911,2024-02-02,PASS,0
QC-2091,BATCH-876,2026-01-13,pass,0
QC-2092,BATCH-489,2025-06-12,Pass,0
QC-2093,BATCH-2805,2024-05-04,Pass,0
QC-2094,BATCH-2686,2026-10-18,Pass,0
QC-2095,BATCH-2994,01/28/2025,Pass,0
QC-2096,BATCH-261,06/04/2026,Pass,0
QC-2097,BATCH-2063,07/03/2024,PASS,0
QC-2098,BATCH-5614,01-08-2026,PASS,0
QC-2099,BATCH-6362,01/16/2025,Pass,0
QC-2100,BATCH-169,2024-06-13,Pass,0
QC-2101,BATCH-5112,2024-06-28,pass,0
QC-2102,BATCH-705,10/14/2024,Pass,0
QC-2103,BATCH-4143,2025-03-23,pass,0
QC-2104,BATCH-5680,06/07/2026,PASS,11
QC-2105,BATCH-7679,08-06-2024,PASS,0
QC-2106,BATCH-7454,11/28/2026,Pass,0
QC-2107,BATCH-2311,2024-04-17,pass,0
QC-2108,BATCH-7946,12-08-2026,Pass,0
QC-2109,BATCH-6441,2025-10-02,Pass,0
QC-2110,BATCH-5704,02/02/2026,Pass,0
QC-2111,BATCH-3147,01/04/2026,pass,0
QC-2112,BATCH-4016,2025-04-19,Pass,0
QC-2113,BATCH-3401,2025-03-21,PASS,0
QC-2114,BATCH-444,2026-11-23,PASS,0
QC-2115,BATCH-1798,2025-11-05,PASS,0
QC-2116,BATCH-3523,12/15/2026,PASS,0
QC-2117,BATCH-1794,10/18/2025,PASS,0
QC-2118,BATCH-6581,2025-05-25,PASS,8
QC-2119,BATCH-4961,2024-11-05,pass,19
QC-2120,BATCH-4666,08/12/2024,Pass,9
QC-2121,BATCH-6624,2026-06-10,PASS,0
QC-2122,BATCH-2942,14-03-2026,PASS,0
QC-2123,BATCH-6151,2026-11-25,pass,0
QC-2124,BATCH-1742,2026-11-17,PASS,0
QC-2125,BATCH-7940,01/19/2025,Pass,0
QC-2126,BATCH-6640,08/26/2025,pass,0
QC-2127,BATCH-1207,05/06/2026,Pass,0
QC-2128,BATCH-6768,01/14/2026,Pass,0
QC-2129,BATCH-4536,2025-01-16,PASS,0
QC-2130,BATCH-4998,07/08/2026,pass,0
QC-2131,BATCH-4935,19-08-2026,Pass,0
QC-2132,BATCH-3456,01/08/2026,pass,0
QC-2133,BATCH-6676,11/07/2026,pass,0
QC-2134,BATCH-2469,27-11-2026,pass,0
QC-2135,BATCH-6001,24-08-2024,pass,0
QC-2136,BATCH-3223,2025-08-22,PASS,0
QC-2137,BATCH-5716,2026-10-28,PASS,0
QC-2138,BATCH-5627,03/14/2024,PASS,9
QC-2139,BATCH-889,2024-08-28,pass,0
QC-2140,BATCH-2864,2024-01-14,Pass,0
QC-2141,BATCH-2838,09-07-2025,PASS,0
QC-2142,BATCH-684,07/10/2024,Pass,0
QC-2143,BATCH-4269,08-06-2025,Pass,0
QC-2144,BATCH-5089,2026-06-05,PASS,0
QC-2145,BATCH-2618,2026-05-11,PASS,0
QC-2146,BATCH-1423,05/03/2026,pass,0
QC-2147,BATCH-4907,2026-07-12,PASS,0
QC-2148,BATCH-2884,04/09/2025,PASS,0
QC-2149,BATCH-3630,24-06-2025,Pass,0
QC-2150,BATCH-2949,2025-03-22,fail,0
QC-2151,BATCH-5415,2026-05-15,Pass,0
QC-2152,BATCH-718,07/10/2026,Pass,0
QC-2153,BATCH-698,01/13/2024,PASS,0
QC-2154,BATCH-1024,2024-07-10,PASS,0
QC-2155,BATCH-4340,2025-02-13,Pass,0
QC-2156,BATCH-6165,03-12-2024,PASS,0
QC-2157,BATCH-471,2025-07-19,pass,0
QC-2158,BATCH-6127,2025-05-20,Pass,0
QC-2159,BATCH-7190,07-01-2026,pass,0
QC-2160,BATCH-1541,2024-01-12,PASS,0
QC-2161,BATCH-6365,2025-12-04,pass,0
QC-2162,BATCH-2403,2026-07-16,PASS,0
QC-2163,BATCH-12,2025-03-25,PASS,0
QC-2164,BATCH-3720,02/11/2024,pass,0
QC-2165,BATCH-5947,2024-09-06,pass,0
QC-2166,BATCH-6454,2024-04-17,pass,0
QC-2167,BATCH-4795,17-03-2025,pass,0
QC-2168,BATCH-3202,08-08-2026,pass,0
QC-2169,BATCH-5224,2024-02-10,pass,20
QC-2170,BATCH-4339,26-01-2024,PASS,0
QC-2171,BATCH-3832,2025-08-21,PASS,0
QC-2172,BATCH-744,02/25/2026,PASS,0
QC-2173,BATCH-1113,26-08-2025,Pass,0
QC-2174,BATCH-1109,2025-10-20,pass,17
QC-2175,BATCH-3801,2026-02-22,Pass,0
QC-2176,BATCH-5368,12/18/2024,Pass,0
QC-2177,BATCH-6283,2024-10-14,fail,0
QC-2178,BATCH-1821,2025-07-28,PASS,0
QC-2179,BATCH-136,2025-08-28,fail,15
QC-2180,BATCH-6527,2024-02-27,fail,0
QC-2181,BATCH-3359,2024-09-16,pass,0
QC-2182,BATCH-3026,02/08/2026,pass,0
QC-2183,BATCH-3448,2024-07-23,PASS,0
QC-2184,BATCH-5055,10/20/2026,Pass,0
QC-2185,BATCH-2709,02-12-2024,PASS,0
QC-2186,BATCH-3828,07/18/2025,pass,0
QC-2187,BATCH-4820,2026-07-01,Pass,0
QC-2188,BATCH-7295,13-10-2025,pass,0
QC-2189,BATCH-3480,13-05-2026,PASS,0
QC-2190,BATCH-5465,02/25/2026,Pass,0
QC-2191,BATCH-68,2024-11-17,Pass,0
QC-2192,BATCH-4075,2025-08-13,PASS,0
QC-2193,BATCH-7213,25-07-2025,pass,0
QC-2194,BATCH-255,17-12-2025,PASS,14
QC-2195,BATCH-6601,07/06/2024,PASS,0
QC-2196,BATCH-3735,13-05-2026,pass,10
QC-2197,BATCH-569,09-04-2026,pass,0
QC-2198,BATCH-1110,03/19/2024,PASS,0
QC-2199,BATCH-2469,2025-11-11,pass,0
QC-2200,BATCH-2217,2024-01-15,Pass,0
QC-2201,BATCH-4264,2024-01-23,Pass,18
QC-2202,BATCH-7285,2025-01-05,PASS,0
QC-2203,BATCH-4262,11/06/2026,pass,0
QC-2204,BATCH-5939,11/07/2026,pass,0
QC-2205,BATCH-259,2024-05-10,PASS,0
QC-2206,BATCH-2025,2024-02-13,Pass,0
QC-2207,BATCH-795,2025-07-18,Pass,18
QC-2208,BATCH-4308,12/19/2025,PASS,13
QC-2209,BATCH-4048,12/22/2025,pass,0
QC-2210,BATCH-2196,01-09-2025,pass,0
QC-2211,BATCH-7049,2024-02-02,PASS,0
QC-2212,BATCH-1128,2024-03-01,Pass,0
QC-2213,BATCH-4991,2024-12-01,PASS,0
QC-2214,BATCH-2828,2026-11-01,pass,0
QC-2215,BATCH-7292,10/10/2026,pass,0
QC-2216,BATCH-3010,2025-09-25,PASS,0
QC-2217,BATCH-2874,12/21/2024,PASS,0
QC-2218,BATCH-3329,2024-08-18,pass,0
QC-2219,BATCH-3812,2026-10-10,PASS,0
QC-2220,BATCH-1030,08/23/2025,PASS,0
QC-2221,BATCH-3336,2024-06-09,PASS,19
QC-2222,BATCH-1346,03/22/2026,pass,0
QC-2223,BATCH-6425,2024-05-01,pass,0
QC-2224,BATCH-1506,2024-05-20,fail,0
QC-2225,BATCH-3967,04/16/2026,PASS,0
QC-2226,BATCH-5875,2025-02-17,Pass,0
QC-2227,BATCH-5045,2024-11-04,PASS,0
QC-2228,BATCH-7764,21-07-2024,PASS,0
QC-2229,BATCH-7928,02/05/2025,pass,0
QC-2230,BATCH-5133,2025-09-01,PASS,0
QC-2231,BATCH-4384,11/03/2024,PASS,0
QC-2232,BATCH-4007,06-03-2025,pass,0
QC-2233,BATCH-3418,2026-04-22,pass,0
QC-2234,BATCH-6982,2026-06-08,Pass,0
QC-2235,BATCH-3485,21-12-2025,pass,5
QC-2236,BATCH-327,28-05-2026,fail,0
QC-2237,BATCH-2779,07-07-2024,PASS,0
QC-2238,BATCH-3587,02/20/2025,fail,0
QC-2239,BATCH-7745,20-07-2024,Pass,20
QC-2240,BATCH-4658,2024-12-17,PASS,0
QC-2241,BATCH-7170,13-02-2024,Pass,0
QC-2242,BATCH-3833,2025-04-10,pass,0
QC-2243,BATCH-353,05/12/2025,PASS,0
QC-2244,BATCH-6643,2024-12-06,pass,0
QC-2245,BATCH-7200,09/25/2024,PASS,0
QC-2246,BATCH-102,15-07-2024,Pass,0
QC-2247,BATCH-1751,15-12-2026,pass,0
QC-2248,BATCH-2862,08/09/2026,pass,0
QC-2249,BATCH-7729,23-02-2026,Pass,0
QC-2250,BATCH-2648,12/24/2026,pass,0
QC-2251,BATCH-5430,2024-08-09,PASS,13
QC-2252,BATCH-6637,14-05-2024,Pass,0
QC-2253,BATCH-3309,13-02-2026,Pass,0
QC-2254,BATCH-7196,2026-09-28,PASS,0
QC-2255,BATCH-833,24-02-2024,Pass,0
QC-2256,BATCH-6968,2025-08-07,pass,0
QC-2257,BATCH-1863,2025-08-03,Pass,0
QC-2258,BATCH-7398,03/14/2026,PASS,0
QC-2259,BATCH-2551,13-02-2025,pass,0
QC-2260,BATCH-71,2026-01-22,PASS,0
QC-2261,BATCH-7996,22-08-2026,PASS,0
QC-2262,BATCH-5045,2024-09-16,pass,0
QC-2263,BATCH-178,02/20/2025,PASS,0
QC-2264,BATCH-421,27-04-2025,PASS,0
QC-2265,BATCH-6036,09/16/2024,Pass,0
QC-2266,BATCH-2106,11/23/2024,PASS,0
QC-2267,BATCH-1677,04-11-2024,PASS,0
QC-2268,BATCH-1297,2024-10-28,Pass,0
QC-2269,BATCH-4406,04/13/2024,Pass,0
QC-2270,BATCH-640,08/11/2024,Pass,0
QC-2271,BATCH-2891,2024-09-09,Pass,0
QC-2272,BATCH-7236,02/12/2024,fail,0
QC-2273,BATCH-799,03/19/2024,fail,0
QC-2274,BATCH-4293,2026-12-18,Pass,0
QC-2275,BATCH-5775,04-01-2026,Pass,0
QC-2276,BATCH-1502,16-06-2024,pass,0
QC-2277,BATCH-865,2024-08-13,Pass,0
QC-2278,BATCH-2480,2024-08-15,Pass,0
QC-2279,BATCH-3715,2024-01-05,Pass,0
QC-2280,BATCH-3452,2024-12-19,pass,0
QC-2281,BATCH-4384,01/07/2025,pass,0
QC-2282,BATCH-3649,03/22/2024,pass,20
QC-2283,BATCH-5508,09/23/2024,pass,0
QC-2284,BATCH-3861,03/10/2026,Pass,0
QC-2285,BATCH-3599,06/07/2024,pass,0
QC-2286,BATCH-5268,17-01-2026,Pass,0
QC-2287,BATCH-3259,03-03-2024,fail,0
QC-2288,BATCH-4474,06/06/2025,pass,0
QC-2289,BATCH-3023,10/12/2026,PASS,0
QC-2290,BATCH-7722,11/28/2024,PASS,0
QC-2291,BATCH-3125,2024-05-23,PASS,0
QC-2292,BATCH-2039,03/21/2024,PASS,0
QC-2293,BATCH-734,11-11-2024,fail,0
QC-2294,BATCH-1582,04-09-2025,PASS,0
QC-2295,BATCH-7958,2024-04-06,pass,0
QC-2296,BATCH-4352,10/23/2024,PASS,1
QC-2297,BATCH-7193,03/26/2024,Pass,0
QC-2298,BATCH-1352,04/21/2026,PASS,0
QC-2299,BATCH-4554,2025-04-13,PASS,0
QC-2300,BATCH-3232,02/14/2024,pass,2
QC-2301,BATCH-591,2024-09-24,Pass,0
QC-2302,BATCH-7331,01/24/2025,Pass,0
QC-2303,BATCH-6227,2026-09-10,pass,0
QC-2304,BATCH-2866,16-09-2024,pass,0
QC-2305,BATCH-6703,07/18/2026,pass,7
QC-2306,BATCH-5340,2025-01-13,Pass,0
QC-2307,BATCH-7828,2025-08-19,Pass,0
QC-2308,BATCH-2116,2025-07-22,Pass,0
QC-2309,BATCH-2885,05/04/2025,pass,0
QC-2310,BATCH-2548,2026-05-11,Pass,0
QC-2311,BATCH-457,2025-06-10,PASS,0
QC-2312,BATCH-425,09/14/2024,pass,0
QC-2313,BATCH-1611,07-02-2026,pass,0
QC-2314,BATCH-4766,2024-07-06,pass,0
QC-2315,BATCH-2178,2026-10-09,Pass,0
QC-2316,BATCH-4361,27-05-2024,PASS,0
QC-2317,BATCH-2741,2026-04-05,PASS,0
QC-2318,BATCH-5833,2025-01-26,pass,0
QC-2319,BATCH-3161,11/21/2024,pass,0
QC-2320,BATCH-3784,2025-11-07,pass,0
QC-2321,BATCH-7603,2024-07-28,PASS,0
QC-2322,BATCH-282,23-11-2026,pass,0
QC-2323,BATCH-210,2025-08-19,PASS,0
QC-2324,BATCH-4137,2024-05-09,pass,0
QC-2325,BATCH-661,2026-09-21,PASS,0
QC-2326,BATCH-3248,10-11-2024,Pass,0
QC-2327,BATCH-7892,05/23/2024,Pass,0
QC-2328,BATCH-6968,20-10-2025,fail,0
QC-2329,BATCH-7706,2024-07-26,pass,0
QC-2330,BATCH-1351,01/12/2024,PASS,0
QC-2331,BATCH-442,2026-03-07,PASS,0
QC-2332,BATCH-5495,10/20/2026,Pass,0
QC-2333,BATCH-2826,2025-05-09,pass,0
QC-2334,BATCH-5453,04/09/2026,Pass,0
QC-2335,BATCH-7963,2024-05-09,pass,0
QC-2336,BATCH-1242,2025-09-19,pass,12
QC-2337,BATCH-897,08/19/2024,PASS,2
QC-2338,BATCH-2527,2024-01-14,PASS,0
QC-2339,BATCH-6137,2025-09-21,PASS,11
QC-2340,BATCH-4906,2025-07-11,Pass,0
QC-2341,BATCH-615,03/27/2025,pass,0
QC-2342,BATCH-7453,2024-08-14,PASS,0
QC-2343,BATCH-5115,03/08/2025,Pass,0
QC-2344,BATCH-5098,12/08/2024,PASS,0
QC-2345,BATCH-2385,2026-02-20,pass,0
QC-2346,BATCH-4924,15-03-2024,PASS,0
QC-2347,BATCH-6909,27-04-2025,PASS,19
QC-2348,BATCH-5564,2026-07-26,Pass,0
QC-2349,BATCH-7516,2024-11-21,PASS,0
QC-2350,BATCH-6766,07-08-2026,PASS,0
QC-2351,BATCH-7504,2025-05-20,pass,0
QC-2352,BATCH-5457,08/20/2026,PASS,14
QC-2353,BATCH-2437,2024-02-01,Pass,0
QC-2354,BATCH-1707,2025-04-24,pass,0
QC-2355,BATCH-1829,10/27/2025,Pass,0
QC-2356,BATCH-1890,03/13/2024,Pass,0
QC-2357,BATCH-1716,23-07-2025,PASS,0
QC-2358,BATCH-1472,22-09-2025,Pass,0
QC-2359,BATCH-3448,2025-09-14,PASS,0
QC-2360,BATCH-6469,09/11/2026,pass,0
QC-2361,BATCH-2409,2026-06-08,Pass,0
QC-2362,BATCH-5219,13-03-2024,PASS,0
QC-2363,BATCH-3454,11/21/2024,pass,0
QC-2364,BATCH-5219,2025-02-20,Pass,0
QC-2365,BATCH-4546,11/15/2025,PASS,0
QC-2366,BATCH-551,24-03-2024,Pass,5
QC-2367,BATCH-1702,04-02-2024,Pass,0
QC-2368,BATCH-5941,12/15/2024,Pass,0
QC-2369,BATCH-6787,2025-09-05,Pass,0
QC-2370,BATCH-3467,2026-07-04,pass,0
QC-2371,BATCH-539,09/22/2026,Pass,0
QC-2372,BATCH-2528,2025-10-12,Pass,0
QC-2373,BATCH-3144,2026-05-25,PASS,0
QC-2374,BATCH-4638,11-04-2024,fail,0
QC-2375,BATCH-1366,2025-01-19,pass,0
QC-2376,BATCH-51,2024-01-22,PASS,0
QC-2377,BATCH-5818,09/06/2026,Pass,0
QC-2378,BATCH-2698,2025-10-03,pass,0
QC-2379,BATCH-1218,2024-10-19,pass,0
QC-2380,BATCH-6885,2025-08-21,Pass,0
QC-2381,BATCH-6179,2026-02-04,pass,0
QC-2382,BATCH-804,2026-11-09,pass,0
QC-2383,BATCH-7013,05-06-2024,Pass,0
QC-2384,BATCH-5141,12/09/2024,fail,0
QC-2385,BATCH-5395,04-04-2025,PASS,0
QC-2386,BATCH-3745,09/08/2025,pass,0
QC-2387,BATCH-644,2026-01-04,PASS,0
QC-2388,BATCH-1028,19-10-2024,pass,0
QC-2389,BATCH-985,12/04/2025,PASS,0
QC-2390,BATCH-6259,2025-01-12,pass,0
QC-2391,BATCH-1843,2025-05-19,pass,0
QC-2392,BATCH-6134,2025-05-05,PASS,0
QC-2393,BATCH-5093,2024-09-27,pass,0
QC-2394,BATCH-2118,2024-07-16,Pass,0
QC-2395,BATCH-2838,2024-02-07,Pass,0
QC-2396,BATCH-970,25-06-2024,Pass,0
QC-2397,BATCH-248,2025-12-17,PASS,0
QC-2398,BATCH-5065,12/11/2026,PASS,0
QC-2399,BATCH-4449,11/22/2024,Pass,0
QC-2400,BATCH-5938,10/06/2026,pass,0
QC-2401,BATCH-3468,15-01-2024,PASS,0
QC-2402,BATCH-3370,06/04/2024,fail,0
QC-2403,BATCH-573,2024-12-20,Pass,0
QC-2404,BATCH-2702,08/25/2025,pass,0
QC-2405,BATCH-608,03/17/2025,PASS,0
QC-2406,BATCH-4888,10/21/2024,Pass,0
QC-2407,BATCH-626,14-10-2025,pass,0
QC-2408,BATCH-3221,06/04/2025,fail,0
QC-2409,BATCH-3223,2024-05-20,PASS,0
QC-2410,BATCH-4523,2024-04-06,Pass,0
QC-2411,BATCH-2126,2026-09-26,Pass,0
QC-2412,BATCH-7526,2026-06-27,Pass,0
QC-2413,BATCH-1332,07-10-2026,Pass,0
QC-2414,BATCH-6189,2025-06-24,fail,0
QC-2415,BATCH-908,28-01-2026,pass,0
QC-2416,BATCH-2790,05-11-2026,Pass,0
QC-2417,BATCH-2658,2024-08-23,Pass,0
QC-2418,BATCH-7795,2025-03-25,PASS,0
QC-2419,BATCH-5529,2025-09-14,PASS,0
QC-2420,BATCH-6027,2026-07-21,pass,0
QC-2421,BATCH-2379,2025-03-08,Pass,0
QC-2422,BATCH-3698,2025-02-26,pass,0
QC-2423,BATCH-3571,06/03/2024,PASS,0
QC-2424,BATCH-5573,2026-02-19,PASS,0
QC-2425,BATCH-2404,10/27/2026,PASS,0
QC-2426,BATCH-3230,05/17/2024,pass,0
QC-2427,BATCH-5484,2025-12-12,Pass,0
QC-2428,BATCH-7261,09/25/2026,Pass,0
QC-2429,BATCH-4689,2026-08-26,PASS,0
QC-2430,BATCH-3524,2025-12-17,PASS,0
QC-2431,BATCH-2407,10/16/2025,fail,0
QC-2432,BATCH-2045,2026-05-16,PASS,0
QC-2433,BATCH-5053,2024-05-21,pass,0
QC-2434,BATCH-6042,10/05/2024,PASS,0
QC-2435,BATCH-3315,2025-07-04,Pass,0
QC-2436,BATCH-5436,2025-01-24,pass,0
QC-2437,BATCH-1633,2026-10-20,Pass,0
QC-2438,BATCH-7611,2025-08-19,PASS,0
QC-2439,BATCH-4577,2024-03-27,Pass,0
QC-2440,BATCH-7717,2025-03-23,Pass,0
QC-2441,BATCH-6052,2024-09-19,PASS,0
QC-2442,BATCH-41,2024-01-27,pass,0
QC-2443,BATCH-7477,11/08/2025,PASS,0
QC-2444,BATCH-6154,2025-12-04,PASS,0
QC-2445,BATCH-5711,2026-07-12,pass,0
QC-2446,BATCH-2124,11/15/2025,Pass,0
QC-2447,BATCH-6584,24-02-2024,PASS,0
QC-2448,BATCH-7287,25-04-2026,Pass,0
QC-2449,BATCH-2307,2025-03-24,PASS,0
QC-2450,BATCH-208,01-03-2026,PASS,0
QC-2451,BATCH-6561,2024-10-21,pass,0
QC-2452,BATCH-5866,2025-07-25,PASS,0
QC-2453,BATCH-4951,25-03-2025,pass,0
QC-2454,BATCH-4968,03/20/2025,pass,0
QC-2455,BATCH-5042,2025-07-25,PASS,0
QC-2456,BATCH-3447,28-03-2024,PASS,0
QC-2457,BATCH-4427,2024-05-12,PASS,20
QC-2458,BATCH-284,11/11/2024,pass,0
QC-2459,BATCH-5707,2024-03-09,PASS,0
QC-2460,BATCH-2553,08/02/2025,fail,0
QC-2461,BATCH-733,21-10-2024,PASS,0
QC-2462,BATCH-6376,05/11/2025,PASS,8
QC-2463,BATCH-7961,10/10/2024,pass,0
QC-2464,BATCH-2330,2026-04-22,Pass,0
QC-2465,BATCH-542,2025-05-02,pass,0
QC-2466,BATCH-4704,2026-10-23,Pass,0
QC-2467,BATCH-4207,04/19/2024,PASS,0
QC-2468,BATCH-5223,2026-12-17,pass,0
QC-2469,BATCH-3104,2026-12-22,pass,0
QC-2470,BATCH-2778,01-02-2025,PASS,0
QC-2471,BATCH-3373,04-10-2025,PASS,0
QC-2472,BATCH-1227,14-12-2026,Pass,0
QC-2473,BATCH-3809,2025-09-09,Pass,0
QC-2474,BATCH-3075,2024-04-21,fail,0
QC-2475,BATCH-6539,2026-10-27,pass,0
QC-2476,BATCH-6954,05/21/2026,PASS,0
QC-2477,BATCH-514,06/13/2025,PASS,0
QC-2478,BATCH-4427,09/21/2026,pass,0
QC-2479,BATCH-4215,2025-06-10,PASS,0
QC-2480,BATCH-1768,08/19/2025,pass,0
QC-2481,BATCH-6940,04/08/2025,pass,0
QC-2482,BATCH-4700,10/21/2024,pass,0
QC-2483,BATCH-1634,07/06/2025,pass,0
QC-2484,BATCH-2675,2026-04-04,PASS,0
QC-2485,BATCH-4767,2026-07-24,pass,0
QC-2486,BATCH-1132,2025-11-14,pass,0
QC-2487,BATCH-1960,2024-03-12,pass,0
QC-2488,BATCH-1217,2026-05-03,PASS,0
QC-2489,BATCH-4449,2024-01-23,Pass,0
QC-2490,BATCH-7294,16-09-2025,PASS,0
QC-2491,BATCH-3071,04/04/2026,pass,0
QC-2492,BATCH-2996,2026-02-28,pass,0
QC-2493,BATCH-3174,2026-12-15,pass,0
QC-2494,BATCH-5810,10/19/2024,pass,0
QC-2495,BATCH-4051,2025-07-04,PASS,0
QC-2496,BATCH-18,2026-03-26,pass,0
QC-2497,BATCH-441,2024-01-02,Pass,0
QC-2498,BATCH-4054,12/22/2025,Pass,12
QC-2499,BATCH-3045,2024-02-05,pass,3
QC-2500,BATCH-3153,2024-09-15,fail,0
QC-2501,BATCH-5569,2025-07-13,pass,0
QC-2502,BATCH-3169,2025-07-22,pass,0
QC-2503,BATCH-224,2024-09-27,Pass,0
QC-2504,BATCH-1332,2025-12-19,fail,0
QC-2505,BATCH-1604,2026-02-28,pass,0
QC-2506,BATCH-3437,2024-11-26,pass,0
QC-2507,BATCH-946,2025-12-06,fail,0
QC-2508,BATCH-7174,2025-01-01,PASS,0
QC-2509,BATCH-7711,02-01-2025,Pass,0
QC-2510,BATCH-3352,2024-03-27,pass,0
QC-2511,BATCH-6638,01/22/2026,Pass,0
QC-2512,BATCH-93,02/09/2026,PASS,0
QC-2513,BATCH-2799,09/22/2024,pass,0
QC-2514,BATCH-3944,2026-01-26,PASS,0
QC-2515,BATCH-6639,03-05-2026,fail,0
QC-2516,BATCH-3037,2026-07-10,PASS,0
QC-2517,BATCH-810,06-02-2025,Pass,0
QC-2518,BATCH-1779,2024-06-22,pass,0
QC-2519,BATCH-3433,2026-01-28,fail,0
QC-2520,BATCH-2878,13-07-2024,pass,0
QC-2521,BATCH-7323,05/02/2025,Pass,0
QC-2522,BATCH-7089,2026-04-28,PASS,0
QC-2523,BATCH-3418,2024-01-28,pass,0
QC-2524,BATCH-3768,2026-08-26,Pass,0
QC-2525,BATCH-1801,2025-12-27,PASS,0
QC-2526,BATCH-1824,14-06-2024,pass,0
QC-2527,BATCH-5494,2024-11-28,Pass,0
QC-2528,BATCH-2855,19-08-2026,pass,0
QC-2529,BATCH-2695,08-12-2025,Pass,0
QC-2530,BATCH-5904,05-11-2026,PASS,5
QC-2531,BATCH-2211,06/23/2026,Pass,0
QC-2532,BATCH-3915,05/24/2025,Pass,0
QC-2533,BATCH-4817,04/13/2026,pass,0
QC-2534,BATCH-3592,26-12-2026,PASS,0
QC-2535,BATCH-6612,25-10-2025,pass,0
QC-2536,BATCH-1652,05/07/2024,Pass,0
QC-2537,BATCH-2045,06/01/2025,PASS,0
QC-2538,BATCH-7702,05/04/2026,PASS,0
QC-2539,BATCH-3224,27-08-2026,PASS,0
QC-2540,BATCH-2889,2026-07-07,PASS,0
QC-2541,BATCH-3584,22-10-2025,PASS,0
QC-2542,BATCH-7162,08/22/2026,pass,0
QC-2543,BATCH-3860,01/07/2026,PASS,0
QC-2544,BATCH-6596,2026-12-14,fail,0
QC-2545,BATCH-2511,2026-06-03,pass,0
QC-2546,BATCH-3899,2025-10-02,PASS,0
QC-2547,BATCH-3099,17-02-2026,Pass,0
QC-2548,BATCH-5361,07/28/2024,pass,0
QC-2549,BATCH-3852,2024-06-24,Pass,0
QC-2550,BATCH-6917,20-11-2026,pass,0
QC-2551,BATCH-5502,2026-06-18,pass,0
QC-2552,BATCH-7067,2026-01-11,Pass,0
QC-2553,BATCH-6636,09-03-2026,Pass,0
QC-2554,BATCH-5724,2024-05-04,Pass,0
QC-2555,BATCH-6190,2024-08-20,Pass,0
QC-2556,BATCH-6150,07/07/2025,Pass,0
QC-2557,BATCH-7954,2026-01-07,pass,0
QC-2558,BATCH-3782,2025-08-06,pass,0
QC-2559,BATCH-6161,2025-06-26,pass,0
QC-2560,BATCH-7226,2024-10-01,pass,0
QC-2561,BATCH-1766,12-02-2026,PASS,0
QC-2562,BATCH-5233,2026-10-14,Pass,0
QC-2563,BATCH-2696,2026-07-01,Pass,0
QC-2564,BATCH-1146,2026-08-12,Pass,0
QC-2565,BATCH-7376,02/18/2025,Pass,0
QC-2566,BATCH-3837,11/05/2026,PASS,0
QC-2567,BATCH-591,02/01/2025,PASS,0
QC-2568,BATCH-6272,13-08-2024,PASS,0
QC-2569,BATCH-7829,08/12/2026,PASS,0
QC-2570,BATCH-4295,2026-12-14,pass,0
QC-2571,BATCH-7808,2025-06-01,Pass,0
QC-2572,BATCH-3944,2026-12-22,PASS,0
QC-2573,BATCH-2283,2026-03-09,PASS,0
QC-2574,BATCH-5603,06/26/2025,PASS,0
QC-2575,BATCH-4545,12/11/2026,pass,0
QC-2576,BATCH-5547,08/02/2026,Pass,0
QC-2577,BATCH-1609,03/18/2025,pass,0
QC-2578,BATCH-3838,10/13/2026,Pass,0
QC-2579,BATCH-133,2026-04-10,PASS,0
QC-2580,BATCH-90,2025-07-11,PASS,0
QC-2581,BATCH-5272,2025-08-20,Pass,0
QC-2582,BATCH-5837,12/05/2026,pass,0
QC-2583,BATCH-851,2024-06-09,Pass,0
QC-2584,BATCH-1616,23-10-2025,pass,0
QC-2585,BATCH-5228,2024-02-03,PASS,0
QC-2586,BATCH-2514,19-06-2025,PASS,0
QC-2587,BATCH-3824,07/14/2025,Pass,0
QC-2588,BATCH-3170,09/16/2025,pass,0
QC-2589,BATCH-5466,2024-06-11,pass,0
QC-2590,BATCH-1831,2026-06-07,Pass,0
QC-2591,BATCH-326,2025-11-20,PASS,0
QC-2592,BATCH-7522,01-02-2025,pass,0
QC-2593,BATCH-24,2026-01-20,PASS,0
QC-2594,BATCH-6587,23-07-2024,Pass,0
QC-2595,BATCH-859,2025-04-17,PASS,0
QC-2596,BATCH-2058,11/21/2024,Pass,0
QC-2597,BATCH-7886,09-12-2025,PASS,0
QC-2598,BATCH-1772,23-02-2026,pass,0
QC-2599,BATCH-6534,2025-01-07,PASS,0
QC-2600,BATCH-6853,2024-07-25,pass,0
QC-2601,BATCH-6263,21-09-2026,pass,0
QC-2602,BATCH-5699,2025-11-01,Pass,0
QC-2603,BATCH-4064,2024-08-18,PASS,0
QC-2604,BATCH-7551,16-05-2026,pass,0
QC-2605,BATCH-1419,2024-06-28,PASS,0
QC-2606,BATCH-7236,05/15/2024,Pass,11
QC-2607,BATCH-5354,2026-11-14,Pass,0
QC-2608,BATCH-4816,2026-03-07,pass,0
QC-2609,BATCH-4540,2026-10-21,pass,0
QC-2610,BATCH-1662,2026-04-28,PASS,0
QC-2611,BATCH-7974,2024-05-07,Pass,0
QC-2612,BATCH-3068,2024-11-12,pass,0
QC-2613,BATCH-1009,03/14/2024,Pass,0
QC-2614,BATCH-5532,2026-05-19,pass,0
QC-2615,BATCH-5188,2025-06-05,fail,0
QC-2616,BATCH-7172,06/23/2026,pass,0
QC-2617,BATCH-1696,2025-01-21,fail,0
QC-2618,BATCH-7151,2025-10-19,pass,0
QC-2619,BATCH-2482,2025-04-05,PASS,0
QC-2620,BATCH-4365,10-04-2026,Pass,0
QC-2621,BATCH-4727,2025-01-22,Pass,0
QC-2622,BATCH-1481,2025-12-13,PASS,0
QC-2623,BATCH-4176,2025-08-11,Pass,0
QC-2624,BATCH-5536,03/15/2026,PASS,0
QC-2625,BATCH-4845,27-05-2026,pass,0
QC-2626,BATCH-3827,08/16/2025,Pass,0
QC-2627,BATCH-1431,2024-12-21,PASS,0
QC-2628,BATCH-6874,2026-11-19,PASS,0
QC-2629,BATCH-5993,17-03-2024,Pass,0
QC-2630,BATCH-364,10/25/2026,Pass,0
QC-2631,BATCH-3299,20-05-2026,Pass,0
QC-2632,BATCH-5821,28-02-2025,PASS,0
QC-2633,BATCH-2256,09/26/2024,PASS,0
QC-2634,BATCH-6233,2024-01-26,pass,0
QC-2635,BATCH-6575,2025-04-27,pass,11
QC-2636,BATCH-6668,24-04-2024,pass,0
QC-2637,BATCH-52,2026-12-16,Pass,0
QC-2638,BATCH-2244,2025-03-04,PASS,0
QC-2639,BATCH-5938,07/12/2026,Pass,0
QC-2640,BATCH-1248,01/24/2026,PASS,0
QC-2641,BATCH-1634,2025-12-08,Pass,0
QC-2642,BATCH-3902,09/14/2026,Pass,0
QC-2643,BATCH-2722,2024-02-28,PASS,0
QC-2644,BATCH-4896,06/19/2025,pass,20
QC-2645,BATCH-1285,06/13/2024,PASS,0
QC-2646,BATCH-408,04/28/2024,fail,0
QC-2647,BATCH-171,2024-02-22,pass,0
QC-2648,BATCH-5879,01/03/2024,Pass,0
QC-2649,BATCH-7244,08-09-2024,pass,0
QC-2650,BATCH-7108,07-07-2025,PASS,0
QC-2651,BATCH-3290,2025-07-17,Pass,0
QC-2652,BATCH-3839,24-07-2024,Pass,0
QC-2653,BATCH-7089,15-11-2024,Pass,0
QC-2654,BATCH-2131,06/21/2025,PASS,0
QC-2655,BATCH-481,2025-06-07,Pass,0
QC-2656,BATCH-6089,2024-06-17,pass,0
QC-2657,BATCH-5449,10-04-2025,PASS,0
QC-2658,BATCH-3023,12/25/2024,PASS,0
QC-2659,BATCH-7202,11/11/2025,Pass,0
QC-2660,BATCH-4827,06-04-2026,pass,0
QC-2661,BATCH-4712,18-04-2024,pass,0
QC-2662,BATCH-6294,2024-09-08,pass,0
QC-2663,BATCH-7790,2026-05-10,PASS,0
QC-2664,BATCH-3213,12/15/2025,PASS,0
QC-2665,BATCH-580,04/27/2025,Pass,0
QC-2666,BATCH-4458,07/16/2024,pass,0
QC-2667,BATCH-5384,2026-05-08,Pass,0
QC-2668,BATCH-753,2025-08-19,Pass,0
QC-2669,BATCH-3927,07-09-2024,Pass,0
QC-2670,BATCH-3502,08/05/2024,pass,0
QC-2671,BATCH-5833,2024-02-07,PASS,0
QC-2672,BATCH-5977,2026-08-07,pass,0
QC-2673,BATCH-1572,23-05-2025,pass,0
QC-2674,BATCH-7420,11/15/2024,fail,0
QC-2675,BATCH-5486,09-08-2026,Pass,0
QC-2676,BATCH-3907,2024-11-17,PASS,0
QC-2677,BATCH-1127,2025-10-04,PASS,0
QC-2678,BATCH-3462,2026-06-23,Pass,0
QC-2679,BATCH-1535,2025-01-26,Pass,0
QC-2680,BATCH-544,2026-03-09,pass,0
QC-2681,BATCH-94,04/24/2026,PASS,0
QC-2682,BATCH-1364,2024-12-17,pass,0
QC-2683,BATCH-4154,2025-05-12,PASS,13
QC-2684,BATCH-6818,01/06/2026,pass,0
QC-2685,BATCH-2070,2024-04-03,pass,0
QC-2686,BATCH-2437,15-03-2024,PASS,0
QC-2687,BATCH-3286,04/04/2025,PASS,0
QC-2688,BATCH-7985,2025-06-04,Pass,0
QC-2689,BATCH-3828,04-10-2024,PASS,0
QC-2690,BATCH-1527,2025-05-23,pass,0
QC-2691,BATCH-1078,25-06-2024,PASS,0
QC-2692,BATCH-4334,2026-05-14,PASS,0
QC-2693,BATCH-4833,2026-11-12,fail,0
QC-2694,BATCH-2316,11/27/2025,PASS,0
QC-2695,BATCH-5039,27-12-2026,Pass,0
QC-2696,BATCH-4813,2026-05-16,PASS,0
QC-2697,BATCH-5187,17-01-2026,PASS,0
QC-2698,BATCH-6018,2025-12-03,PASS,0
QC-2699,BATCH-4909,10/18/2026,Pass,0
QC-2700,BATCH-5107,2024-11-26,pass,0
QC-2701,BATCH-5539,2026-07-01,pass,0
QC-2702,BATCH-6113,02/12/2025,pass,0
QC-2703,BATCH-4348,2025-11-20,pass,0
QC-2704,BATCH-7242,2025-03-27,fail,0
QC-2705,BATCH-6510,08/05/2024,pass,0
QC-2706,BATCH-4161,2024-06-10,Pass,0
QC-2707,BATCH-2881,2024-07-01,pass,0
QC-2708,BATCH-4347,23-10-2024,pass,0
QC-2709,BATCH-789,2026-07-03,Pass,0
QC-2710,BATCH-5103,2025-09-20,Pass,0
QC-2711,BATCH-4172,05/23/2025,pass,0
QC-2712,BATCH-6836,07-05-2024,PASS,5
QC-2713,BATCH-4792,2024-06-15,Pass,0
QC-2714,BATCH-5299,2026-08-26,pass,0
QC-2715,BATCH-4141,2025-11-02,Pass,0
QC-2716,BATCH-4110,16-11-2025,pass,0
QC-2717,BATCH-2996,05/27/2025,pass,0
QC-2718,BATCH-5013,2026-07-23,Pass,0
QC-2719,BATCH-6860,05/25/2026,Pass,0
QC-2720,BATCH-7859,12/10/2024,PASS,0
QC-2721,BATCH-2874,06-05-2024,fail,0
QC-2722,BATCH-6728,01-08-2024,pass,0
QC-2723,BATCH-696,07/10/2026,pass,0
QC-2724,BATCH-5038,11-09-2026,PASS,0
QC-2725,BATCH-70,2024-06-08,fail,0
QC-2726,BATCH-1949,2025-10-14,PASS,0
QC-2727,BATCH-2312,14-05-2026,Pass,0
QC-2728,BATCH-6331,06/19/2026,PASS,0
QC-2729,BATCH-6214,26-07-2024,PASS,0
QC-2730,BATCH-1570,17-10-2025,pass,0
QC-2731,BATCH-1619,2025-10-08,fail,0
QC-2732,BATCH-7169,02-09-2024,Pass,0
QC-2733,BATCH-3824,10-07-2024,fail,0
QC-2734,BATCH-3107,2026-06-20,Pass,0
QC-2735,BATCH-2471,21-03-2024,pass,0
QC-2736,BATCH-6468,06/28/2025,Pass,0
QC-2737,BATCH-912,2026-11-04,pass,0
QC-2738,BATCH-4602,2024-01-17,Pass,0
QC-2739,BATCH-5814,2025-05-06,Pass,0
QC-2740,BATCH-3798,19-10-2026,Pass,0
QC-2741,BATCH-1565,2025-10-26,fail,0
QC-2742,BATCH-3654,2026-01-02,PASS,0
QC-2743,BATCH-4484,28-09-2025,pass,0
QC-2744,BATCH-3482,02/12/2026,PASS,0
QC-2745,BATCH-531,01/04/2024,PASS,0
QC-2746,BATCH-335,2024-10-20,pass,0
QC-2747,BATCH-72,2024-08-15,PASS,0
QC-2748,BATCH-7691,10/18/2025,fail,0
QC-2749,BATCH-930,19-08-2026,Pass,0
QC-2750,BATCH-7647,2025-03-09,fail,0
QC-2751,BATCH-1636,24-05-2024,Pass,0
QC-2752,BATCH-3537,21-12-2026,PASS,0
QC-2753,BATCH-227,09/16/2026,PASS,0
QC-2754,BATCH-6427,24-01-2026,PASS,0
QC-2755,BATCH-2883,11/27/2025,PASS,7
QC-2756,BATCH-4214,2024-08-09,pass,0
QC-2757,BATCH-4752,12/14/2026,pass,0
QC-2758,BATCH-6763,01-09-2026,Pass,0
QC-2759,BATCH-4369,12/06/2026,PASS,0
QC-2760,BATCH-5461,2026-10-17,pass,0
QC-2761,BATCH-5256,02/20/2024,Pass,0
QC-2762,BATCH-5293,17-05-2026,PASS,0
QC-2763,BATCH-5915,07-08-2024,pass,0
QC-2764,BATCH-3001,2025-01-28,PASS,0
QC-2765,BATCH-2009,2026-04-11,PASS,0
QC-2766,BATCH-3803,09-10-2025,pass,0
QC-2767,BATCH-1263,07/23/2025,fail,0
QC-2768,BATCH-7981,04-06-2026,PASS,0
QC-2769,BATCH-7107,03/09/2026,pass,0
QC-2770,BATCH-3312,2025-08-04,pass,0
QC-2771,BATCH-735,2024-05-24,Pass,0
QC-2772,BATCH-3113,20-08-2026,Pass,0
QC-2773,BATCH-7442,26-07-2026,PASS,0
QC-2774,BATCH-4678,01/23/2025,PASS,0
QC-2775,BATCH-5856,2024-01-07,pass,0
QC-2776,BATCH-3742,12/07/2024,pass,0
QC-2777,BATCH-3672,2026-02-26,pass,0
QC-2778,BATCH-3875,20-02-2026,pass,0
QC-2779,BATCH-4719,2025-12-22,Pass,0
QC-2780,BATCH-1973,04/09/2026,PASS,0
QC-2781,BATCH-6969,2025-06-28,Pass,0
QC-2782,BATCH-5666,2024-06-18,PASS,0
QC-2783,BATCH-7167,2025-07-18,PASS,0
QC-2784,BATCH-7868,2025-11-21,fail,0
QC-2785,BATCH-524,2025-09-15,fail,0
QC-2786,BATCH-542,2024-02-26,fail,0
QC-2787,BATCH-5756,2025-02-19,pass,0
QC-2788,BATCH-2394,10-08-2026,Pass,0
QC-2789,BATCH-7299,09/05/2024,PASS,0
QC-2790,BATCH-6140,2025-06-28,Pass,0
QC-2791,BATCH-4457,2025-09-24,PASS,0
QC-2792,BATCH-4057,2024-04-11,pass,0
QC-2793,BATCH-4824,2025-04-26,Pass,0
QC-2794,BATCH-506,2025-08-25,PASS,0
QC-2795,BATCH-5597,04/05/2026,Pass,18
QC-2796,BATCH-1499,2026-03-22,PASS,0
QC-2797,BATCH-107,14-04-2026,Pass,0
QC-2798,BATCH-2483,07/22/2024,pass,0
QC-2799,BATCH-3836,2024-12-04,pass,0
QC-2800,BATCH-1446,2026-04-12,pass,0
QC-2801,BATCH-4688,2025-09-17,PASS,0
QC-2802,BATCH-7619,07-06-2024,pass,0
QC-2803,BATCH-1820,06/11/2026,PASS,0
QC-2804,BATCH-1035,01/17/2024,pass,20
QC-2805,BATCH-6067,2025-12-23,Pass,0
QC-2806,BATCH-7887,2025-06-04,Pass,0
QC-2807,BATCH-2640,2026-02-08,fail,0
QC-2808,BATCH-6109,2024-10-23,pass,0
QC-2809,BATCH-383,11-03-2025,fail,0
QC-2810,BATCH-5697,12/23/2025,PASS,0
QC-2811,BATCH-6880,2025-02-20,Pass,0
QC-2812,BATCH-588,2025-12-07,PASS,0
QC-2813,BATCH-4702,2025-05-21,Pass,0
QC-2814,BATCH-6250,2025-04-15,pass,0
QC-2815,BATCH-2470,2025-10-02,PASS,0
QC-2816,BATCH-5762,2026-02-06,pass,0
QC-2817,BATCH-7526,21-01-2024,Pass,0
QC-2818,BATCH-419,03/03/2025,PASS,0
QC-2819,BATCH-6599,2026-01-22,Pass,0
QC-2820,BATCH-6665,2024-03-12,Pass,0
QC-2821,BATCH-7569,2026-03-15,PASS,0
QC-2822,BATCH-2958,2025-03-26,fail,0
QC-2823,BATCH-4166,21-02-2026,fail,0
QC-2824,BATCH-6542,07/12/2024,PASS,0
QC-2825,BATCH-1544,08/06/2025,Pass,0
QC-2826,BATCH-242,2024-04-21,PASS,0
QC-2827,BATCH-6253,12/14/2026,Pass,0
QC-2828,BATCH-5024,2025-11-07,pass,0
QC-2829,BATCH-2671,02/06/2026,Pass,0
QC-2830,BATCH-2167,2026-10-02,pass,0
QC-2831,BATCH-617,2024-06-20,pass,17
QC-2832,BATCH-3644,03/14/2025,pass,0
QC-2833,BATCH-2123,05/08/2026,PASS,0
QC-2834,BATCH-5725,17-02-2025,PASS,0
QC-2835,BATCH-7503,2024-11-26,Pass,0
QC-2836,BATCH-5909,09/25/2025,Pass,0
QC-2837,BATCH-6253,2024-09-24,Pass,0
QC-2838,BATCH-7272,2024-02-22,Pass,0
QC-2839,BATCH-1615,18-09-2026,PASS,0
QC-2840,BATCH-7972,06/22/2024,Pass,0
QC-2841,BATCH-7089,05-04-2025,PASS,0
QC-2842,BATCH-1798,04/10/2025,Pass,0
QC-2843,BATCH-1490,09/15/2024,Pass,12
QC-2844,BATCH-3197,05/16/2025,Pass,0
QC-2845,BATCH-5328,02-09-2024,pass,15
QC-2846,BATCH-1424,01/02/2026,PASS,0
QC-2847,BATCH-1061,2025-01-21,Pass,0
QC-2848,BATCH-4278,2026-08-03,pass,0
QC-2849,BATCH-295,2026-10-26,Pass,0
QC-2850,BATCH-5310,2026-05-27,pass,0
QC-2851,BATCH-7193,28-10-2025,Pass,0
QC-2852,BATCH-2785,10/23/2026,pass,0
QC-2853,BATCH-4483,10/07/2026,Pass,14
QC-2854,BATCH-4125,06/22/2026,Pass,0
QC-2855,BATCH-5313,2024-05-02,pass,0
QC-2856,BATCH-2066,11/12/2026,Pass,0
QC-2857,BATCH-4819,10-07-2025,Pass,0
QC-2858,BATCH-5158,01/19/2025,fail,0
QC-2859,BATCH-7370,2026-04-25,pass,0
QC-2860,BATCH-6501,2026-07-02,PASS,0
QC-2861,BATCH-5778,11-03-2026,Pass,0
QC-2862,BATCH-807,12/11/2025,fail,14
QC-2863,BATCH-480,2024-10-27,pass,10
QC-2864,BATCH-7331,2026-05-26,pass,0
QC-2865,BATCH-2187,10-06-2024,Pass,0
QC-2866,BATCH-117,27-08-2026,pass,0
QC-2867,BATCH-5017,2025-02-10,PASS,0
QC-2868,BATCH-3746,2024-02-21,PASS,0
QC-2869,BATCH-2787,2024-07-12,pass,0
QC-2870,BATCH-1676,2024-10-27,Pass,0
QC-2871,BATCH-2939,2024-06-10,fail,0
QC-2872,BATCH-50,2026-01-22,pass,12
QC-2873,BATCH-547,2024-02-23,Pass,0
QC-2874,BATCH-3456,2025-06-12,pass,0
QC-2875,BATCH-4668,2025-09-25,Pass,0
QC-2876,BATCH-1363,23-09-2026,PASS,0
QC-2877,BATCH-2297,12/27/2024,PASS,0
QC-2878,BATCH-4927,2026-09-21,pass,0
QC-2879,BATCH-1411,2026-02-19,PASS,0
QC-2880,BATCH-2256,12/07/2024,PASS,0
QC-2881,BATCH-7093,2024-06-17,Pass,0
QC-2882,BATCH-5172,2024-01-24,pass,0
QC-2883,BATCH-1345,2026-07-28,PASS,0
QC-2884,BATCH-6658,08/14/2025,PASS,0
QC-2885,BATCH-646,08/21/2025,PASS,0
QC-2886,BATCH-2086,10/20/2025,Pass,0
QC-2887,BATCH-6560,2024-02-08,Pass,0
QC-2888,BATCH-4083,2026-10-03,PASS,0
QC-2889,BATCH-5337,03-03-2026,pass,0
QC-2890,BATCH-637,2024-03-14,pass,0
QC-2891,BATCH-5789,2026-11-22,pass,1
QC-2892,BATCH-48,02-06-2026,fail,0
QC-2893,BATCH-7326,08/13/2026,fail,0
QC-2894,BATCH-648,2024-09-08,pass,0
QC-2895,BATCH-1381,2025-01-19,Pass,0
QC-2896,BATCH-94,2024-11-12,PASS,0
QC-2897,BATCH-204,06-07-2026,Pass,0
QC-2898,BATCH-678,2026-10-17,pass,0
QC-2899,BATCH-7743,2024-07-12,PASS,0
QC-2900,BATCH-300,02/08/2025,pass,0
QC-2901,BATCH-2748,2025-12-24,pass,0
QC-2902,BATCH-3229,04-03-2026,PASS,0
QC-2903,BATCH-4464,2026-01-05,pass,0
QC-2904,BATCH-1257,2025-12-04,PASS,0
QC-2905,BATCH-7735,02/21/2025,fail,0
QC-2906,BATCH-2632,2025-01-03,PASS,0
QC-2907,BATCH-3255,14-10-2025,pass,0
QC-2908,BATCH-6204,03/01/2025,PASS,0
QC-2909,BATCH-7499,04/17/2026,fail,0
QC-2910,BATCH-7038,12/25/2024,fail,11
QC-2911,BATCH-3443,07/23/2025,PASS,0
QC-2912,BATCH-7391,2024-08-24,pass,7
QC-2913,BATCH-312,2025-10-24,Pass,0
QC-2914,BATCH-6411,17-07-2024,Pass,0
QC-2915,BATCH-3716,07/04/2024,pass,0
QC-2916,BATCH-5635,2025-09-07,pass,0
QC-2917,BATCH-2612,2026-12-24,pass,0
QC-2918,BATCH-6174,01/12/2025,Pass,0
QC-2919,BATCH-2598,02/21/2025,fail,0
QC-2920,BATCH-270,23-12-2026,Pass,0
QC-2921,BATCH-2398,2026-10-06,Pass,0
QC-2922,BATCH-7506,2025-07-05,PASS,0
QC-2923,BATCH-4718,06/25/2026,Pass,0
QC-2924,BATCH-1823,18-06-2026,Pass,0
QC-2925,BATCH-2766,2026-06-08,Pass,0
QC-2926,BATCH-6783,12/08/2024,Pass,0
QC-2927,BATCH-3705,05/06/2025,pass,0
QC-2928,BATCH-4355,2026-04-04,Pass,0
QC-2929,BATCH-4461,2026-09-13,pass,0
QC-2930,BATCH-6479,2025-10-22,Pass,0
QC-2931,BATCH-785,03/25/2026,Pass,0
QC-2932,BATCH-3971,10-11-2024,PASS,0
QC-2933,BATCH-7878,2025-12-17,PASS,0
QC-2934,BATCH-6042,2024-06-13,PASS,0
QC-2935,BATCH-2969,25-10-2024,Pass,0
QC-2936,BATCH-1912,2025-04-07,Pass,0
QC-2937,BATCH-3789,2026-05-16,pass,0
QC-2938,BATCH-2772,23-04-2026,pass,0
QC-2939,BATCH-1450,04/03/2026,PASS,0
QC-2940,BATCH-1208,07/03/2026,PASS,0
QC-2941,BATCH-3869,07/26/2026,PASS,8
QC-2942,BATCH-476,22-01-2024,pass,0
QC-2943,BATCH-1798,2026-11-14,Pass,0
QC-2944,BATCH-2443,2024-06-08,PASS,0
QC-2945,BATCH-740,2024-03-14,pass,0
QC-2946,BATCH-2702,2025-08-07,Pass,0
QC-2947,BATCH-2668,04/05/2024,fail,0
QC-2948,BATCH-237,20-11-2025,pass,0
QC-2949,BATCH-1485,2024-11-12,Pass,0
QC-2950,BATCH-5887,2025-09-04,Pass,0
QC-2951,BATCH-6750,2026-12-08,Pass,0
QC-2952,BATCH-7579,2025-10-21,PASS,0
QC-2953,BATCH-1377,2025-09-19,Pass,0
QC-2954,BATCH-1422,2024-01-28,pass,0
QC-2955,BATCH-6745,2024-01-22,pass,0
QC-2956,BATCH-642,03/19/2025,Pass,0
QC-2957,BATCH-5898,2026-02-02,pass,0
QC-2958,BATCH-1955,01/28/2025,Pass,0
QC-2959,BATCH-2919,02-10-2024,PASS,0
QC-2960,BATCH-820,02/20/2026,pass,0
QC-2961,BATCH-6273,16-06-2025,pass,0
QC-2962,BATCH-2057,04/03/2025,Pass,0
QC-2963,BATCH-7364,2026-09-25,Pass,0
QC-2964,BATCH-4284,18-07-2025,fail,0
QC-2965,BATCH-1868,2026-07-13,Pass,0
QC-2966,BATCH-594,2024-05-17,pass,0
QC-2967,BATCH-7473,13-10-2025,PASS,0
QC-2968,BATCH-7926,08/07/2025,pass,0
QC-2969,BATCH-7226,17-09-2026,fail,10
QC-2970,BATCH-1155,2024-01-28,PASS,4
QC-2971,BATCH-5914,2025-09-24,PASS,0
QC-2972,BATCH-7673,2026-12-19,Pass,0
QC-2973,BATCH-6045,22-03-2024,fail,0
QC-2974,BATCH-5236,05/04/2024,Pass,0
QC-2975,BATCH-2022,2024-02-23,pass,0
QC-2976,BATCH-3065,04/05/2024,PASS,0
QC-2977,BATCH-4812,2026-12-04,PASS,0
QC-2978,BATCH-1150,2024-06-17,pass,0
QC-2979,BATCH-5040,2024-07-03,Pass,0
QC-2980,BATCH-6314,01/16/2026,PASS,0
QC-2981,BATCH-6890,02/05/2026,PASS,0
QC-2982,BATCH-6126,03-04-2024,PASS,0
QC-2983,BATCH-2307,2024-10-17,pass,0
QC-2984,BATCH-1884,05/11/2026,PASS,0
QC-2985,BATCH-7869,2024-11-25,pass,0
QC-2986,BATCH-1443,2025-10-03,Pass,0
QC-2987,BATCH-6090,2026-08-28,Pass,0
QC-2988,BATCH-5452,2026-12-14,pass,0
QC-2989,BATCH-6503,2025-03-06,pass,0
QC-2990,BATCH-4852,2025-09-20,pass,0
QC-2991,BATCH-6002,28-04-2025,pass,0
QC-2992,BATCH-2873,2024-12-19,Pass,0
QC-2993,BATCH-7245,2024-07-09,fail,0
QC-2994,BATCH-5434,09-03-2024,PASS,0
QC-2995,BATCH-99,2025-02-25,pass,12
QC-2996,BATCH-3731,09/06/2024,PASS,0
QC-2997,BATCH-4895,2024-09-05,PASS,0
QC-2998,BATCH-2703,11-06-2024,pass,0
QC-2999,BATCH-1886,2024-06-14,Pass,0
QC-3000,BATCH-5866,27-11-2025,PASS,0
QC-3001,BATCH-6680,2025-08-13,PASS,0
QC-3002,BATCH-2380,05-07-2024,PASS,0
QC-3003,BATCH-7248,03/12/2026,PASS,0
QC-3004,BATCH-4122,2024-01-01,pass,0
QC-3005,BATCH-595,2025-06-12,PASS,0
QC-3006,BATCH-2929,07/16/2026,PASS,0
QC-3007,BATCH-464,09/20/2026,PASS,0
QC-3008,BATCH-5926,2026-12-10,Pass,0
QC-3009,BATCH-3427,2026-11-01,pass,0
QC-3010,BATCH-7464,2026-06-27,Pass,0
QC-3011,BATCH-7285,22-08-2024,fail,0
QC-3012,BATCH-4316,2024-06-26,Pass,18
QC-3013,BATCH-1584,2026-02-14,PASS,0
QC-3014,BATCH-5317,2024-01-13,PASS,0
QC-3015,BATCH-433,07-05-2026,pass,0
QC-3016,BATCH-6069,05/24/2026,PASS,0
QC-3017,BATCH-5856,03/05/2025,PASS,0
QC-3018,BATCH-1496,2026-11-20,pass,0
QC-3019,BATCH-983,15-05-2025,pass,0
QC-3020,BATCH-7557,2025-08-27,PASS,0
QC-3021,BATCH-4556,2025-05-10,Pass,0
QC-3022,BATCH-5337,2024-06-03,PASS,0
QC-3023,BATCH-607,04/19/2026,Pass,15
QC-3024,BATCH-6697,01/28/2026,PASS,7
QC-3025,BATCH-2602,07/22/2026,pass,0
QC-3026,BATCH-1971,12/24/2026,PASS,0
QC-3027,BATCH-537,2026-09-01,Pass,7
QC-3028,BATCH-6314,04/01/2026,Pass,0
QC-3029,BATCH-3884,07/23/2024,Pass,0
QC-3030,BATCH-1284,09/16/2024,PASS,0
QC-3031,BATCH-7298,2026-05-01,Pass,0
QC-3032,BATCH-2492,25-10-2024,PASS,0
QC-3033,BATCH-6503,04/08/2025,Pass,0
QC-3034,BATCH-565,2026-10-12,Pass,0
QC-3035,BATCH-3557,2025-10-03,fail,0
QC-3036,BATCH-6484,2024-04-12,Pass,0
QC-3037,BATCH-7681,07/07/2026,pass,0
QC-3038,BATCH-2783,2024-04-10,PASS,0
QC-3039,BATCH-3828,03/12/2024,PASS,0
QC-3040,BATCH-5557,06/07/2026,pass,0
QC-3041,BATCH-4858,2026-07-24,Pass,0
QC-3042,BATCH-915,06/10/2026,pass,0
QC-3043,BATCH-270,09/24/2025,PASS,0
QC-3044,BATCH-4924,07-08-2024,Pass,0
QC-3045,BATCH-6231,12/16/2024,Pass,0
QC-3046,BATCH-5776,2026-11-04,pass,0
QC-3047,BATCH-6493,2024-11-09,PASS,0
QC-3048,BATCH-1996,2024-12-21,Pass,0
QC-3049,BATCH-1621,2024-07-04,PASS,0
QC-3050,BATCH-7,2025-01-13,pass,0
QC-3051,BATCH-3833,2024-12-21,pass,0
QC-3052,BATCH-5914,19-01-2024,Pass,0
QC-3053,BATCH-4784,2026-12-13,fail,0
QC-3054,BATCH-4394,2024-06-23,PASS,0
QC-3055,BATCH-1077,2024-09-23,pass,0
QC-3056,BATCH-2057,15-08-2024,fail,0
QC-3057,BATCH-5120,11/22/2025,pass,0
QC-3058,BATCH-868,2024-12-04,PASS,0
QC-3059,BATCH-1573,06/20/2026,pass,0
QC-3060,BATCH-319,05/17/2024,PASS,0
QC-3061,BATCH-410,2026-12-06,Pass,0
QC-3062,BATCH-2046,2025-02-03,pass,18
QC-3063,BATCH-1237,2024-05-28,PASS,0
QC-3064,BATCH-7584,2024-05-22,Pass,0
QC-3065,BATCH-1721,06/08/2025,Pass,0
QC-3066,BATCH-7017,2026-01-04,Pass,0
QC-3067,BATCH-2803,10-04-2024,PASS,0
QC-3068,BATCH-1045,05/16/2024,PASS,0
QC-3069,BATCH-2360,2024-05-14,pass,0
QC-3070,BATCH-1588,05/18/2024,fail,0
QC-3071,BATCH-5157,2026-03-07,PASS,0
QC-3072,BATCH-3309,2026-03-04,fail,0
QC-3073,BATCH-7762,2025-04-05,pass,0
QC-3074,BATCH-3663,14-09-2024,Pass,0
QC-3075,BATCH-2892,2024-08-27,pass,0
QC-3076,BATCH-5944,02/09/2025,Pass,0
QC-3077,BATCH-3350,05/06/2026,fail,6
QC-3078,BATCH-348,26-12-2024,Pass,0
QC-3079,BATCH-4087,10/27/2024,Pass,4
QC-3080,BATCH-7305,01/20/2025,PASS,0
QC-3081,BATCH-5435,08-03-2024,Pass,0
QC-3082,BATCH-153,2025-01-15,fail,0
QC-3083,BATCH-4287,2024-08-20,Pass,0
QC-3084,BATCH-7625,2026-09-15,pass,0
QC-3085,BATCH-908,09/23/2024,PASS,0
QC-3086,BATCH-5363,13-10-2025,pass,0
QC-3087,BATCH-2545,08/18/2024,PASS,0
QC-3088,BATCH-2269,2026-04-25,Pass,0
QC-3089,BATCH-6200,11/19/2026,fail,0
QC-3090,BATCH-3406,2024-01-01,Pass,0
QC-3091,BATCH-506,24-10-2024,fail,0
QC-3092,BATCH-2420,2026-05-23,pass,0
QC-3093,BATCH-6311,2024-05-06,pass,0
QC-3094,BATCH-5707,2024-08-01,Pass,0
QC-3095,BATCH-6331,2025-09-21,pass,0
QC-3096,BATCH-1987,01/04/2025,pass,0
QC-3097,BATCH-5482,19-09-2026,Pass,0
QC-3098,BATCH-5441,2024-06-08,Pass,0
QC-3099,BATCH-6558,04/03/2026,Pass,0
QC-3100,BATCH-2982,06-05-2025,pass,0
QC-3101,BATCH-3581,2025-01-22,pass,0
QC-3102,BATCH-6344,01/23/2025,pass,0
QC-3103,BATCH-5435,12/16/2024,Pass,0
QC-3104,BATCH-1252,12/12/2025,pass,0
QC-3105,BATCH-6014,12-02-2026,PASS,0
QC-3106,BATCH-4214,08/17/2026,pass,0
QC-3107,BATCH-6808,2026-06-17,Pass,0
QC-3108,BATCH-7776,03/20/2024,pass,0
QC-3109,BATCH-3525,07-07-2025,pass,0
QC-3110,BATCH-7001,2026-09-25,PASS,0
QC-3111,BATCH-1168,2026-04-01,fail,0
QC-3112,BATCH-5512,2025-07-22,pass,0
QC-3113,BATCH-320,2026-09-24,PASS,0
QC-3114,BATCH-4674,22-08-2026,PASS,0
QC-3115,BATCH-2279,2024-07-11,Pass,0
QC-3116,BATCH-6980,11/04/2026,Pass,0
QC-3117,BATCH-893,2026-09-10,PASS,0
QC-3118,BATCH-1486,2024-07-22,pass,0
QC-3119,BATCH-4304,12/22/2024,Pass,0
QC-3120,BATCH-3135,05/09/2024,pass,0
QC-3121,BATCH-7661,12-09-2024,PASS,0
QC-3122,BATCH-7524,2024-02-23,PASS,0
QC-3123,BATCH-2416,10/12/2025,Pass,0
QC-3124,BATCH-5068,12/10/2024,Pass,0
QC-3125,BATCH-7979,01/23/2026,PASS,0
QC-3126,BATCH-4487,2026-04-03,PASS,0
QC-3127,BATCH-6321,2026-06-09,PASS,0
QC-3128,BATCH-6871,02/19/2024,Pass,0
QC-3129,BATCH-6684,2026-03-19,pass,0
QC-3130,BATCH-4715,2024-09-28,Pass,0
QC-3131,BATCH-7556,2025-02-10,Pass,0
QC-3132,BATCH-1808,2026-02-03,pass,0
QC-3133,BATCH-7827,23-03-2025,Pass,0
QC-3134,BATCH-1324,2024-12-21,Pass,0
QC-3135,BATCH-6364,15-06-2026,Pass,0
QC-3136,BATCH-1327,2026-07-05,PASS,0
QC-3137,BATCH-6836,2024-06-18,PASS,0
QC-3138,BATCH-3859,02/11/2025,PASS,0
QC-3139,BATCH-2246,03/17/2024,PASS,0
QC-3140,BATCH-2492,10-03-2025,pass,0
QC-3141,BATCH-7877,04-05-2025,pass,0
QC-3142,BATCH-3484,2025-12-05,Pass,0
QC-3143,BATCH-2755,2025-03-16,pass,0
QC-3144,BATCH-1495,05/24/2024,pass,0
QC-3145,BATCH-4442,09/26/2024,PASS,0
QC-3146,BATCH-1396,19-05-2026,pass,0
QC-3147,BATCH-5697,2025-06-13,PASS,0
QC-3148,BATCH-3302,12/09/2025,Pass,0
QC-3149,BATCH-5678,27-12-2025,PASS,0
QC-3150,BATCH-4387,02-06-2025,Pass,0
QC-3151,BATCH-3436,09/01/2026,Pass,0
QC-3152,BATCH-2301,16-12-2024,Pass,0
QC-3153,BATCH-4088,17-07-2025,Pass,0
QC-3154,BATCH-5090,06/12/2025,Pass,0
QC-3155,BATCH-844,06/15/2024,pass,0
QC-3156,BATCH-128,2024-03-25,pass,16
QC-3157,BATCH-1879,10-06-2024,pass,11
QC-3158,BATCH-7821,2024-10-12,Pass,0
QC-3159,BATCH-1868,12/12/2026,PASS,0
QC-3160,BATCH-1210,2026-02-17,Pass,0
QC-3161,BATCH-7699,2025-09-11,PASS,0
QC-3162,BATCH-3276,2025-02-18,Pass,0
QC-3163,BATCH-445,03/13/2026,Pass,0
QC-3164,BATCH-7726,12/19/2025,pass,0
QC-3165,BATCH-1386,05/26/2025,pass,0
QC-3166,BATCH-2821,2025-06-12,Pass,0
QC-3167,BATCH-4422,09/05/2024,Pass,0
QC-3168,BATCH-6033,04/04/2025,pass,0
QC-3169,BATCH-4841,2026-03-06,PASS,0
QC-3170,BATCH-7258,2026-02-17,pass,0
QC-3171,BATCH-689,14-08-2024,pass,0
QC-3172,BATCH-3971,11-11-2024,Pass,0
QC-3173,BATCH-4636,12/04/2024,Pass,0
QC-3174,BATCH-7628,01/07/2026,pass,0
QC-3175,BATCH-1429,2025-03-27,Pass,0
QC-3176,BATCH-683,2024-03-11,Pass,0
QC-3177,BATCH-1827,26-10-2025,pass,0
QC-3178,BATCH-7190,18-11-2024,fail,0
QC-3179,BATCH-364,2026-04-11,Pass,0
QC-3180,BATCH-185,10/24/2025,pass,0
QC-3181,BATCH-797,2025-12-27,PASS,0
QC-3182,BATCH-3153,2025-08-11,Pass,0
QC-3183,BATCH-6080,03/12/2025,Pass,0
QC-3184,BATCH-3465,2026-07-20,Pass,0
QC-3185,BATCH-6128,03/15/2025,Pass,0
QC-3186,BATCH-7679,01/25/2024,fail,0
QC-3187,BATCH-413,2026-10-17,Pass,20
QC-3188,BATCH-622,2025-01-18,PASS,0
QC-3189,BATCH-7446,2025-10-03,pass,0
QC-3190,BATCH-4357,2024-01-09,pass,0
QC-3191,BATCH-190,02/09/2025,pass,2
QC-3192,BATCH-505,2026-05-14,Pass,0
QC-3193,BATCH-4782,05-08-2026,Pass,0
QC-3194,BATCH-2487,2024-08-24,fail,0
QC-3195,BATCH-610,08-03-2026,PASS,0
QC-3196,BATCH-5668,2025-07-18,pass,0
QC-3197,BATCH-7481,08/04/2026,Pass,0
QC-3198,BATCH-4982,2024-06-26,pass,0
QC-3199,BATCH-2647,2026-01-05,pass,0
QC-3200,BATCH-2313,14-11-2025,Pass,20
QC-3201,BATCH-563,05/09/2026,PASS,0
QC-3202,BATCH-1795,2025-07-23,pass,0
QC-3203,BATCH-7243,2026-03-25,pass,0
QC-3204,BATCH-4702,2025-11-13,PASS,0
QC-3205,BATCH-7912,2025-11-16,PASS,0
QC-3206,BATCH-5447,2026-07-28,fail,0
QC-3207,BATCH-435,2024-10-10,PASS,0
QC-3208,BATCH-6513,12/08/2025,Pass,0
QC-3209,BATCH-7252,2024-08-17,PASS,0
QC-3210,BATCH-7165,03/19/2025,pass,0
QC-3211,BATCH-728,11/22/2025,Pass,0
QC-3212,BATCH-7687,22-11-2026,Pass,0
QC-3213,BATCH-3525,02/20/2024,pass,0
QC-3214,BATCH-5119,2025-05-02,PASS,0
QC-3215,BATCH-1655,11/19/2026,PASS,0
QC-3216,BATCH-701,2024-04-28,pass,0
QC-3217,BATCH-6058,05/06/2025,PASS,0
QC-3218,BATCH-6806,2026-03-12,Pass,0
QC-3219,BATCH-4690,2024-06-19,PASS,0
QC-3220,BATCH-1832,2025-12-23,Pass,0
QC-3221,BATCH-5074,2025-11-01,PASS,0
QC-3222,BATCH-4094,03/23/2024,pass,0
QC-3223,BATCH-7569,2025-08-04,Pass,0
QC-3224,BATCH-813,01-07-2026,Pass,6
QC-3225,BATCH-2249,22-10-2026,PASS,0
QC-3226,BATCH-3530,2025-07-22,PASS,0
QC-3227,BATCH-4597,2024-05-13,PASS,0
QC-3228,BATCH-7167,2026-06-24,PASS,0
QC-3229,BATCH-6468,01-08-2026,PASS,0
QC-3230,BATCH-1616,26-09-2026,Pass,0
QC-3231,BATCH-5762,2025-07-27,Pass,0
QC-3232,BATCH-3797,08/02/2025,PASS,0
QC-3233,BATCH-7129,2026-03-12,PASS,0
QC-3234,BATCH-6158,2025-03-22,fail,0
QC-3235,BATCH-1343,09/04/2025,PASS,0
QC-3236,BATCH-5290,2024-04-28,PASS,0
QC-3237,BATCH-1515,01/17/2024,Pass,0
QC-3238,BATCH-7580,13-10-2024,Pass,0
QC-3239,BATCH-7766,01/23/2026,PASS,0
QC-3240,BATCH-1980,06/23/2025,Pass,0
QC-3241,BATCH-2013,25-12-2025,PASS,0
QC-3242,BATCH-6644,2024-11-10,PASS,0
QC-3243,BATCH-1070,06/25/2024,PASS,0
QC-3244,BATCH-6005,2024-03-11,Pass,0
QC-3245,BATCH-3688,27-10-2025,Pass,0
QC-3246,BATCH-5087,2026-08-03,fail,0
QC-3247,BATCH-1455,22-06-2024,Pass,0
QC-3248,BATCH-6293,01-09-2024,Pass,5
QC-3249,BATCH-7312,12/10/2025,PASS,15
QC-3250,BATCH-411,01/09/2025,PASS,0
QC-3251,BATCH-2312,2025-10-03,PASS,0
QC-3252,BATCH-995,04-12-2026,Pass,0
QC-3253,BATCH-3932,20-01-2026,PASS,0
QC-3254,BATCH-1663,2025-02-14,PASS,0
QC-3255,BATCH-1164,12/08/2024,pass,0
QC-3256,BATCH-985,2025-08-18,Pass,0
QC-3257,BATCH-3115,02-09-2025,fail,0
QC-3258,BATCH-331,06/04/2024,PASS,19
QC-3259,BATCH-4007,2026-08-24,Pass,0
QC-3260,BATCH-5496,03/03/2024,Pass,0
QC-3261,BATCH-3166,2026-12-12,PASS,0
QC-3262,BATCH-1190,06/11/2025,pass,0
QC-3263,BATCH-7184,06/14/2024,Pass,0
QC-3264,BATCH-7033,06-06-2024,PASS,0
QC-3265,BATCH-2258,03/04/2024,pass,0
QC-3266,BATCH-210,03/15/2026,PASS,0
QC-3267,BATCH-4446,2024-06-19,fail,0
QC-3268,BATCH-7222,09/09/2026,PASS,0
QC-3269,BATCH-3271,2025-07-22,Pass,0
QC-3270,BATCH-3514,2024-03-15,pass,0
QC-3271,BATCH-5245,11/12/2025,fail,0
QC-3272,BATCH-3801,2025-07-04,pass,0
QC-3273,BATCH-4243,01/25/2025,Pass,0
QC-3274,BATCH-875,03/23/2026,Pass,0
QC-3275,BATCH-1248,2025-10-04,pass,0
QC-3276,BATCH-7738,22-04-2024,PASS,0
QC-3277,BATCH-5558,12/14/2024,PASS,0
QC-3278,BATCH-3992,2024-06-08,pass,0
QC-3279,BATCH-2760,05/13/2026,Pass,0
QC-3280,BATCH-2831,2026-01-15,PASS,0
QC-3281,BATCH-1015,2026-06-27,pass,0
QC-3282,BATCH-336,28-11-2024,pass,0
QC-3283,BATCH-6003,2025-08-05,PASS,0
QC-3284,BATCH-7962,06/21/2024,PASS,0
QC-3285,BATCH-1252,23-04-2026,pass,0
QC-3286,BATCH-7518,04/25/2025,pass,0
QC-3287,BATCH-4831,04-05-2024,PASS,0
QC-3288,BATCH-4396,2026-04-08,Pass,0
QC-3289,BATCH-7725,2026-05-12,Pass,0
QC-3290,BATCH-4103,2026-11-03,Pass,0
QC-3291,BATCH-3484,2026-02-20,pass,0
QC-3292,BATCH-144,05/13/2026,Pass,0
QC-3293,BATCH-6324,2025-01-23,Pass,0
QC-3294,BATCH-418,2025-01-22,PASS,0
QC-3295,BATCH-801,2024-09-22,Pass,0
QC-3296,BATCH-4904,02-10-2024,pass,18
QC-3297,BATCH-7991,2026-10-23,Pass,0
QC-3298,BATCH-3189,2026-10-24,PASS,0
QC-3299,BATCH-4959,17-03-2025,PASS,0
QC-3300,BATCH-4989,11/26/2024,PASS,0
QC-3301,BATCH-4486,17-10-2025,Pass,0
QC-3302,BATCH-2522,2024-12-09,PASS,0
QC-3303,BATCH-145,2024-10-11,fail,0
QC-3304,BATCH-1020,2024-11-20,Pass,0
QC-3305,BATCH-232,27-05-2026,PASS,0
QC-3306,BATCH-4414,10/17/2026,Pass,0
QC-3307,BATCH-4222,2024-11-09,PASS,0
QC-3308,BATCH-7547,2024-02-17,Pass,0
QC-3309,BATCH-495,16-07-2026,PASS,0
QC-3310,BATCH-3163,05-05-2024,pass,0
QC-3311,BATCH-5629,10/09/2024,PASS,0
QC-3312,BATCH-4844,02/10/2025,Pass,0
QC-3313,BATCH-207,01/14/2025,Pass,0
QC-3314,BATCH-1996,2024-07-05,PASS,0
QC-3315,BATCH-1273,27-03-2024,PASS,0
QC-3316,BATCH-228,2026-05-22,Pass,2
QC-3317,BATCH-5820,07/17/2024,PASS,0
QC-3318,BATCH-7984,2026-05-25,fail,1
QC-3319,BATCH-3445,2025-02-09,PASS,0
QC-3320,BATCH-1454,10-10-2024,PASS,0
QC-3321,BATCH-1374,07/24/2024,PASS,0
QC-3322,BATCH-748,2024-04-22,PASS,0
QC-3323,BATCH-7919,2024-12-18,Pass,0
QC-3324,BATCH-3291,2026-11-04,pass,16
QC-3325,BATCH-5085,2026-12-28,PASS,0
QC-3326,BATCH-2027,05/21/2026,PASS,0
QC-3327,BATCH-3616,10/08/2024,Pass,0
QC-3328,BATCH-2923,04-11-2026,pass,0
QC-3329,BATCH-1680,2024-04-06,PASS,0
QC-3330,BATCH-6704,07-09-2024,PASS,0
QC-3331,BATCH-2187,03-07-2025,pass,0
QC-3332,BATCH-6882,2026-08-14,fail,6
QC-3333,BATCH-7633,2024-06-13,pass,0
QC-3334,BATCH-7042,2026-12-22,pass,0
QC-3335,BATCH-2965,2025-04-18,fail,0
QC-3336,BATCH-5544,2025-06-10,PASS,0
QC-3337,BATCH-569,2024-02-02,pass,0
QC-3338,BATCH-1432,2024-08-22,Pass,1
QC-3339,BATCH-4335,15-05-2026,fail,0
QC-3340,BATCH-6951,07/18/2025,pass,0
QC-3341,BATCH-5382,2025-04-25,PASS,0
QC-3342,BATCH-1706,06/14/2025,pass,0
QC-3343,BATCH-3971,2025-08-02,PASS,0
QC-3344,BATCH-3251,09/20/2025,fail,0
QC-3345,BATCH-2210,2026-08-04,Pass,0
QC-3346,BATCH-3209,2026-09-14,Pass,0
QC-3347,BATCH-1126,2026-10-13,PASS,0
QC-3348,BATCH-2038,2026-11-28,Pass,0
QC-3349,BATCH-4317,2025-03-09,PASS,0
QC-3350,BATCH-4106,16-05-2025,PASS,0
QC-3351,BATCH-5236,07/08/2024,PASS,0
QC-3352,BATCH-2604,09/01/2024,pass,0
QC-3353,BATCH-7073,2025-11-09,Pass,0
QC-3354,BATCH-6135,17-08-2026,pass,0
QC-3355,BATCH-44,20-09-2026,Pass,0
QC-3356,BATCH-3130,2026-11-03,pass,0
QC-3357,BATCH-5302,2025-08-19,Pass,0
QC-3358,BATCH-937,2024-05-15,pass,0
QC-3359,BATCH-1963,2025-08-15,Pass,0
QC-3360,BATCH-4315,06/08/2026,PASS,0
QC-3361,BATCH-2355,2026-02-07,pass,0
QC-3362,BATCH-5216,2024-06-26,Pass,0
QC-3363,BATCH-7755,2026-06-01,Pass,0
QC-3364,BATCH-1156,25-10-2025,Pass,0
QC-3365,BATCH-810,06/12/2025,pass,0
QC-3366,BATCH-2070,01/15/2024,pass,0
QC-3367,BATCH-3585,05/18/2024,Pass,0
QC-3368,BATCH-2608,04/25/2024,PASS,0
QC-3369,BATCH-5932,2026-01-05,pass,0
QC-3370,BATCH-7394,2024-01-18,pass,0
QC-3371,BATCH-4102,2025-06-01,pass,0
QC-3372,BATCH-5130,04/12/2025,Pass,16
QC-3373,BATCH-7321,2024-11-22,pass,0
QC-3374,BATCH-4549,2025-06-20,PASS,0
QC-3375,BATCH-3748,2026-10-03,PASS,0
QC-3376,BATCH-5177,11/10/2026,Pass,0
QC-3377,BATCH-4877,01/28/2024,pass,0
QC-3378,BATCH-3461,01/20/2025,pass,0
QC-3379,BATCH-2058,03/08/2025,pass,0
QC-3380,BATCH-965,03/18/2024,Pass,0
QC-3381,BATCH-5609,2024-03-17,PASS,0
QC-3382,BATCH-5672,10/23/2024,PASS,0
QC-3383,BATCH-5148,2025-04-05,PASS,0
QC-3384,BATCH-4064,2024-11-28,PASS,0
QC-3385,BATCH-3797,2026-01-22,PASS,0
QC-3386,BATCH-2431,07/15/2026,PASS,0
QC-3387,BATCH-1942,07/05/2025,Pass,0
QC-3388,BATCH-6901,12/08/2025,Pass,0
QC-3389,BATCH-3163,2025-12-02,pass,0
QC-3390,BATCH-725,24-02-2026,PASS,0
QC-3391,BATCH-3678,2024-08-02,pass,0
QC-3392,BATCH-5748,19-12-2026,PASS,0
QC-3393,BATCH-6643,02/01/2025,pass,0
QC-3394,BATCH-3825,14-08-2024,Pass,0
QC-3395,BATCH-1463,03/10/2025,pass,0
QC-3396,BATCH-2440,2026-03-05,PASS,0
QC-3397,BATCH-7417,2024-06-16,Pass,0
QC-3398,BATCH-7787,2024-05-04,Pass,0
QC-3399,BATCH-1134,02/05/2024,pass,0
QC-3400,BATCH-890,2026-10-10,Pass,0
QC-3401,BATCH-5632,2026-06-01,fail,0
QC-3402,BATCH-3920,06-06-2026,Pass,0
QC-3403,BATCH-2692,01/03/2024,Pass,0
QC-3404,BATCH-351,06/13/2025,Pass,0
QC-3405,BATCH-7550,26-02-2025,Pass,0
QC-3406,BATCH-1620,2024-04-13,PASS,0
QC-3407,BATCH-3530,09/03/2025,Pass,0
QC-3408,BATCH-6809,01/25/2025,Pass,0
QC-3409,BATCH-6474,05-07-2025,pass,3
QC-3410,BATCH-883,2026-12-25,pass,0
QC-3411,BATCH-3999,07/17/2025,pass,0
QC-3412,BATCH-6881,12-08-2024,Pass,0
QC-3413,BATCH-5025,2026-07-10,Pass,0
QC-3414,BATCH-1070,25-11-2026,PASS,0
QC-3415,BATCH-2308,2026-12-01,PASS,0
QC-3416,BATCH-4107,2025-11-21,Pass,0
QC-3417,BATCH-7578,10/15/2025,Pass,0
QC-3418,BATCH-2205,2025-04-02,Pass,0
QC-3419,BATCH-6874,2026-09-25,pass,0
QC-3420,BATCH-6912,01/01/2026,pass,0
QC-3421,BATCH-3314,17-01-2025,pass,9
QC-3422,BATCH-2474,02/17/2024,Pass,0
QC-3423,BATCH-1927,2026-09-07,pass,0
QC-3424,BATCH-3116,2024-06-09,Pass,0
QC-3425,BATCH-7906,23-10-2024,fail,0
QC-3426,BATCH-4295,2024-04-27,pass,0
QC-3427,BATCH-5208,10/09/2024,PASS,0
QC-3428,BATCH-2385,22-06-2026,PASS,0
QC-3429,BATCH-1572,19-02-2025,PASS,13
QC-3430,BATCH-7812,05/03/2025,PASS,0
QC-3431,BATCH-3416,2025-07-14,PASS,0
QC-3432,BATCH-7356,2026-04-06,pass,0
QC-3433,BATCH-655,12/05/2024,PASS,0
QC-3434,BATCH-662,02/13/2026,PASS,0
QC-3435,BATCH-1741,25-04-2026,PASS,0
QC-3436,BATCH-5007,10/08/2026,pass,0
QC-3437,BATCH-6661,2025-11-06,pass,0
QC-3438,BATCH-7331,15-03-2025,PASS,0
QC-3439,BATCH-5340,2026-11-23,PASS,0
QC-3440,BATCH-6847,08/28/2025,pass,0
QC-3441,BATCH-6463,02/21/2024,Pass,0
QC-3442,BATCH-3064,2024-09-13,Pass,0
QC-3443,BATCH-1504,10/19/2025,PASS,16
QC-3444,BATCH-5843,06/24/2026,Pass,0
QC-3445,BATCH-1296,2025-05-05,Pass,0
QC-3446,BATCH-4389,2024-08-11,PASS,0
QC-3447,BATCH-1895,08-05-2026,Pass,1
QC-3448,BATCH-5152,2025-05-15,Pass,0
QC-3449,BATCH-3264,02/14/2025,Pass,0
QC-3450,BATCH-3124,14-11-2026,fail,0
QC-3451,BATCH-3341,03/27/2026,pass,0
QC-3452,BATCH-234,11/25/2025,Pass,0
QC-3453,BATCH-5858,12/13/2026,PASS,0
QC-3454,BATCH-7704,02-04-2024,PASS,0
QC-3455,BATCH-3154,09/06/2024,Pass,0
QC-3456,BATCH-5130,12/06/2025,pass,0
QC-3457,BATCH-2747,2025-10-03,Pass,0
QC-3458,BATCH-3876,2024-10-16,PASS,0
QC-3459,BATCH-7242,01/07/2026,Pass,0
QC-3460,BATCH-7455,2024-07-05,Pass,0
QC-3461,BATCH-5850,2025-09-12,pass,0
QC-3462,BATCH-5698,2026-09-24,pass,0
QC-3463,BATCH-193,05/27/2024,PASS,0
QC-3464,BATCH-4359,2026-10-10,Pass,0
QC-3465,BATCH-733,11/25/2024,Pass,0
QC-3466,BATCH-830,04/27/2025,PASS,0
QC-3467,BATCH-1629,05/16/2025,Pass,0
QC-3468,BATCH-452,04/14/2026,fail,0
QC-3469,BATCH-6467,2026-03-16,PASS,0
QC-3470,BATCH-5947,2026-09-19,PASS,0
QC-3471,BATCH-307,02/14/2025,PASS,0
QC-3472,BATCH-4437,2024-04-23,Pass,0
QC-3473,BATCH-7749,2024-08-21,PASS,0
QC-3474,BATCH-5258,2024-06-20,PASS,0
QC-3475,BATCH-1989,03-04-2024,pass,0
QC-3476,BATCH-2532,2024-01-25,PASS,0
QC-3477,BATCH-4012,06-03-2024,Pass,0
QC-3478,BATCH-7716,26-01-2026,pass,0
QC-3479,BATCH-2629,2024-04-28,PASS,0
QC-3480,BATCH-3179,2024-04-07,fail,0
QC-3481,BATCH-7109,11-10-2026,pass,0
QC-3482,BATCH-5899,13-09-2024,Pass,0
QC-3483,BATCH-6884,2024-06-16,pass,6
QC-3484,BATCH-3856,2026-03-28,pass,0
QC-3485,BATCH-2726,2024-11-16,PASS,0
QC-3486,BATCH-6024,11/04/2026,pass,0
QC-3487,BATCH-910,2025-05-12,pass,0
QC-3488,BATCH-2403,06/22/2025,pass,0
QC-3489,BATCH-4121,03/27/2025,pass,0
QC-3490,BATCH-1545,2024-04-24,PASS,0
QC-3491,BATCH-2195,10/16/2025,Pass,0
QC-3492,BATCH-571,07/25/2025,Pass,0
QC-3493,BATCH-7379,2025-12-19,Pass,0
QC-3494,BATCH-4563,2026-07-02,pass,0
QC-3495,BATCH-6931,06/20/2024,pass,0
QC-3496,BATCH-7065,01-11-2024,pass,0
QC-3497,BATCH-1175,02/24/2024,PASS,0
QC-3498,BATCH-4527,2025-02-19,PASS,0
QC-3499,BATCH-4085,25-03-2025,pass,0
QC-3500,BATCH-209,07/25/2025,PASS,0
QC-3501,BATCH-3301,2025-09-11,PASS,0
QC-3502,BATCH-7856,2024-07-15,Pass,0
QC-3503,BATCH-4360,2024-07-20,Pass,0
QC-3504,BATCH-1363,11/02/2026,PASS,0
QC-3505,BATCH-6820,2025-04-25,PASS,0
QC-3506,BATCH-6734,17-09-2024,Pass,4
QC-3507,BATCH-1358,2024-05-01,Pass,0
QC-3508,BATCH-5010,2025-09-08,PASS,0
QC-3509,BATCH-7187,2026-04-12,pass,0
QC-3510,BATCH-6797,2026-07-06,pass,0
QC-3511,BATCH-4795,21-07-2024,Pass,2
QC-3512,BATCH-6885,2025-01-12,Pass,0
QC-3513,BATCH-1695,2026-09-01,Pass,0
QC-3514,BATCH-5370,04/10/2026,pass,0
QC-3515,BATCH-2571,2025-05-28,Pass,0
QC-3516,BATCH-3688,12-08-2025,Pass,0
QC-3517,BATCH-3644,2026-03-05,Pass,0
QC-3518,BATCH-1318,05/26/2025,PASS,0
QC-3519,BATCH-2927,2025-03-10,PASS,0
QC-3520,BATCH-2296,2025-06-26,pass,3
QC-3521,BATCH-1882,2025-01-20,pass,0
QC-3522,BATCH-4562,02/07/2024,Pass,0
QC-3523,BATCH-5406,2026-07-02,pass,0
QC-3524,BATCH-3471,06/04/2025,PASS,0
QC-3525,BATCH-6646,2025-10-24,fail,0
QC-3526,BATCH-4271,2024-06-12,PASS,0
QC-3527,BATCH-2125,15-01-2024,pass,0
QC-3528,BATCH-1014,2025-12-07,PASS,0
QC-3529,BATCH-76,2024-03-12,PASS,13
QC-3530,BATCH-387,2026-04-16,PASS,0
QC-3531,BATCH-6650,2025-12-11,PASS,0
QC-3532,BATCH-2145,02/17/2025,Pass,0
QC-3533,BATCH-1214,01/10/2025,Pass,0
QC-3534,BATCH-6532,05/20/2025,pass,0
QC-3535,BATCH-4507,2024-09-03,pass,0
QC-3536,BATCH-1337,19-12-2024,pass,0
QC-3537,BATCH-3790,02/04/2024,Pass,0
QC-3538,BATCH-161,2026-04-02,PASS,0
QC-3539,BATCH-2467,04/17/2024,PASS,0
QC-3540,BATCH-4900,03/18/2024,PASS,0
QC-3541,BATCH-1703,04-04-2025,Pass,0
QC-3542,BATCH-7895,2024-01-19,pass,0
QC-3543,BATCH-6190,09/16/2024,Pass,0
QC-3544,BATCH-7337,06/26/2024,PASS,0
QC-3545,BATCH-7785,2026-08-02,fail,0
QC-3546,BATCH-6731,11/10/2026,pass,0
QC-3547,BATCH-6298,2025-07-07,pass,0
QC-3548,BATCH-2577,2024-01-02,pass,0
QC-3549,BATCH-5819,2025-04-01,pass,0
QC-3550,BATCH-4138,2024-02-22,Pass,0
QC-3551,BATCH-894,2025-11-02,Pass,0
QC-3552,BATCH-4341,11/24/2025,PASS,20
QC-3553,BATCH-3138,2024-11-06,pass,0
QC-3554,BATCH-450,09/02/2024,Pass,0
QC-3555,BATCH-1494,08/03/2024,pass,0
QC-3556,BATCH-1180,2024-03-04,Pass,0
QC-3557,BATCH-5178,2024-01-16,pass,0
QC-3558,BATCH-1969,11/11/2024,pass,0
QC-3559,BATCH-1466,2024-06-21,PASS,0
QC-3560,BATCH-2752,09-08-2025,pass,0
QC-3561,BATCH-5316,2026-07-05,Pass,0
QC-3562,BATCH-983,22-10-2026,PASS,8
QC-3563,BATCH-3305,07/05/2025,pass,1
QC-3564,BATCH-597,10-07-2025,PASS,0
QC-3565,BATCH-3279,10/20/2026,PASS,0
QC-3566,BATCH-4888,2024-11-28,pass,0
QC-3567,BATCH-5389,07/26/2026,PASS,0
QC-3568,BATCH-1164,03-12-2025,Pass,0
QC-3569,BATCH-4968,2026-05-20,Pass,0
QC-3570,BATCH-5962,2024-01-21,fail,0
QC-3571,BATCH-4896,2026-09-27,fail,16
QC-3572,BATCH-3009,2024-02-18,pass,0
QC-3573,BATCH-7521,11/09/2025,Pass,0
QC-3574,BATCH-3868,20-12-2024,PASS,0
QC-3575,BATCH-840,2026-12-09,fail,0
QC-3576,BATCH-7428,10/18/2025,pass,0
QC-3577,BATCH-3151,12/11/2026,pass,0
QC-3578,BATCH-3704,02/24/2025,pass,0
QC-3579,BATCH-7596,2026-05-15,PASS,0
QC-3580,BATCH-7983,05-05-2026,pass,0
QC-3581,BATCH-4981,12/18/2025,Pass,0
QC-3582,BATCH-2446,2024-12-12,PASS,0
QC-3583,BATCH-1936,2024-04-04,Pass,0
QC-3584,BATCH-3800,2025-06-10,PASS,0
QC-3585,BATCH-2883,08/20/2024,pass,0
QC-3586,BATCH-5560,11/25/2026,Pass,18
QC-3587,BATCH-7579,2024-06-27,Pass,0
QC-3588,BATCH-4950,12/02/2025,PASS,0
QC-3589,BATCH-1541,2026-07-13,PASS,0
QC-3590,BATCH-570,11-05-2024,pass,0
QC-3591,BATCH-3898,09/23/2026,pass,0
QC-3592,BATCH-3651,07-08-2026,Pass,0
QC-3593,BATCH-2820,11/28/2025,PASS,0
QC-3594,BATCH-2913,2024-02-01,pass,0
QC-3595,BATCH-2836,2026-08-03,PASS,0
QC-3596,BATCH-7552,2026-05-03,Pass,0
QC-3597,BATCH-2188,09/01/2026,PASS,0
QC-3598,BATCH-6702,10/28/2025,PASS,0
QC-3599,BATCH-3824,2024-01-06,PASS,0
QC-3600,BATCH-4937,05/28/2026,PASS,0
QC-3601,BATCH-5614,08-08-2025,fail,0
QC-3602,BATCH-4468,07/22/2024,pass,0
QC-3603,BATCH-2208,02/15/2025,pass,0
QC-3604,BATCH-6550,01-05-2024,fail,0
QC-3605,BATCH-3646,09/27/2024,pass,0
QC-3606,BATCH-2621,01/13/2025,pass,0
QC-3607,BATCH-2821,2025-01-15,Pass,0
QC-3608,BATCH-607,13-09-2025,Pass,0
QC-3609,BATCH-3312,17-06-2026,PASS,0
QC-3610,BATCH-6949,2025-04-22,PASS,0
QC-3611,BATCH-5373,2026-04-21,pass,0
QC-3612,BATCH-3052,2026-06-02,pass,20
QC-3613,BATCH-4665,06/01/2025,pass,0
QC-3614,BATCH-3333,2026-10-14,PASS,0
QC-3615,BATCH-7893,11-05-2025,pass,0
QC-3616,BATCH-5311,2025-12-21,PASS,0
QC-3617,BATCH-4981,2025-12-19,pass,0
QC-3618,BATCH-1207,08/12/2026,pass,0
QC-3619,BATCH-1333,2024-10-20,PASS,0
QC-3620,BATCH-6984,01/19/2025,fail,0
QC-3621,BATCH-797,11/10/2025,PASS,0
QC-3622,BATCH-4742,24-12-2024,pass,0
QC-3623,BATCH-2619,08-11-2025,pass,0
QC-3624,BATCH-572,2025-08-16,PASS,0
QC-3625,BATCH-1026,08/13/2026,pass,0
QC-3626,BATCH-2188,2025-10-04,Pass,0
QC-3627,BATCH-2026,2025-09-04,pass,0
QC-3628,BATCH-3591,01/05/2025,Pass,0
QC-3629,BATCH-2203,11/15/2024,Pass,0
QC-3630,BATCH-6410,2024-08-26,fail,0
QC-3631,BATCH-5771,04-04-2025,PASS,0
QC-3632,BATCH-6683,13-11-2024,pass,0
QC-3633,BATCH-92,01-06-2024,Pass,0
QC-3634,BATCH-3066,2024-02-25,pass,0
QC-3635,BATCH-343,06/24/2026,Pass,0
QC-3636,BATCH-107,2026-03-26,Pass,0
QC-3637,BATCH-4658,2026-04-17,pass,0
QC-3638,BATCH-5513,2025-03-10,Pass,0
QC-3639,BATCH-3069,2026-07-23,Pass,0
QC-3640,BATCH-6371,2025-04-20,PASS,0
QC-3641,BATCH-7345,2024-02-12,fail,16
QC-3642,BATCH-6930,06/08/2026,fail,0
QC-3643,BATCH-3220,2025-03-13,Pass,4
QC-3644,BATCH-8000,25-06-2024,Pass,0
QC-3645,BATCH-213,2025-09-19,pass,0
QC-3646,BATCH-4558,2026-05-09,Pass,0
QC-3647,BATCH-70,10/28/2026,Pass,15
QC-3648,BATCH-1748,03-10-2024,pass,0
QC-3649,BATCH-1260,2025-10-17,PASS,11
QC-3650,BATCH-7912,03/17/2024,fail,0
QC-3651,BATCH-7340,27-11-2024,pass,0
QC-3652,BATCH-797,2026-04-15,PASS,0
QC-3653,BATCH-1557,08/11/2025,Pass,0
QC-3654,BATCH-6274,2025-12-02,pass,0
QC-3655,BATCH-2896,2026-05-06,Pass,5
QC-3656,BATCH-6830,2024-06-10,pass,0
QC-3657,BATCH-4351,26-03-2025,pass,0
QC-3658,BATCH-7839,16-03-2025,pass,0
QC-3659,BATCH-4675,2024-09-05,fail,0
QC-3660,BATCH-4454,03/24/2024,pass,0
QC-3661,BATCH-2876,2025-11-07,PASS,0
QC-3662,BATCH-2553,2025-09-14,pass,0
QC-3663,BATCH-3572,2025-07-10,pass,0
QC-3664,BATCH-6604,2026-03-21,pass,0
QC-3665,BATCH-7575,2025-08-20,Pass,0
QC-3666,BATCH-7575,10/18/2025,PASS,0
QC-3667,BATCH-4318,2024-02-22,Pass,0
QC-3668,BATCH-4570,07-02-2026,pass,0
QC-3669,BATCH-7169,2025-05-14,Pass,0
QC-3670,BATCH-6406,11/25/2024,pass,0
QC-3671,BATCH-6628,2026-02-23,Pass,0
QC-3672,BATCH-3861,02/05/2025,PASS,0
QC-3673,BATCH-1072,11/08/2024,Pass,0
QC-3674,BATCH-6723,2026-11-11,PASS,0
QC-3675,BATCH-7157,2026-03-02,PASS,0
QC-3676,BATCH-1320,03/12/2024,pass,0
QC-3677,BATCH-851,2024-02-07,Pass,0
QC-3678,BATCH-4601,2025-01-21,Pass,0
QC-3679,BATCH-5944,04/28/2024,pass,0
QC-3680,BATCH-934,03/24/2025,Pass,0
QC-3681,BATCH-3125,2025-08-24,pass,0
QC-3682,BATCH-6208,02/25/2024,Pass,0
QC-3683,BATCH-123,2024-12-09,Pass,0
QC-3684,BATCH-852,24-10-2026,pass,0
QC-3685,BATCH-1668,07/02/2025,PASS,0
QC-3686,BATCH-6223,2024-07-14,pass,0
QC-3687,BATCH-4692,11/26/2026,Pass,0
QC-3688,BATCH-6484,2026-07-05,Pass,0
QC-3689,BATCH-7221,2024-05-05,pass,0
QC-3690,BATCH-5942,2024-03-24,pass,0
QC-3691,BATCH-3865,12/04/2026,Pass,0
QC-3692,BATCH-2223,20-10-2026,pass,0
QC-3693,BATCH-3867,10/23/2026,pass,0
QC-3694,BATCH-1305,2024-06-08,Pass,0
QC-3695,BATCH-3626,2025-06-06,Pass,0
QC-3696,BATCH-2308,2026-03-15,fail,0
QC-3697,BATCH-4351,06-03-2024,pass,0
QC-3698,BATCH-7851,10-06-2025,pass,0
QC-3699,BATCH-2314,09/13/2025,PASS,0
QC-3700,BATCH-2669,07/03/2024,Pass,0
QC-3701,BATCH-2862,08/18/2025,PASS,0
QC-3702,BATCH-5485,2024-05-09,PASS,0
QC-3703,BATCH-3089,03/18/2024,pass,0
QC-3704,BATCH-7043,19-11-2025,Pass,0
QC-3705,BATCH-5833,2026-01-10,PASS,0
QC-3706,BATCH-1765,2025-01-25,PASS,0
QC-3707,BATCH-3754,2024-12-17,pass,0
QC-3708,BATCH-4254,08/20/2026,PASS,0
QC-3709,BATCH-51,03/28/2025,Pass,0
QC-3710,BATCH-6055,04/03/2024,PASS,0
QC-3711,BATCH-5963,2025-11-04,Pass,0
QC-3712,BATCH-6531,03-05-2025,pass,0
QC-3713,BATCH-672,2026-03-26,PASS,0
QC-3714,BATCH-6253,2026-02-03,Pass,0
QC-3715,BATCH-196,04/05/2026,Pass,0
QC-3716,BATCH-447,2025-11-16,Pass,0
QC-3717,BATCH-3152,09/22/2026,PASS,0
QC-3718,BATCH-3806,2025-08-14,PASS,0
QC-3719,BATCH-4513,2026-10-13,Pass,0
QC-3720,BATCH-7939,2025-05-10,pass,0
QC-3721,BATCH-209,04/08/2024,Pass,0
QC-3722,BATCH-1642,04/15/2025,pass,0
QC-3723,BATCH-7283,17-06-2026,pass,0
QC-3724,BATCH-4304,2025-08-28,Pass,0
QC-3725,BATCH-5877,2024-10-01,PASS,0
QC-3726,BATCH-7642,2026-07-19,pass,0
QC-3727,BATCH-2599,2026-08-06,Pass,0
QC-3728,BATCH-1318,2024-02-01,Pass,0
QC-3729,BATCH-5196,2025-09-07,PASS,0
QC-3730,BATCH-7664,2024-02-02,Pass,0
QC-3731,BATCH-3701,03/23/2026,pass,0
QC-3732,BATCH-5011,03/13/2026,Pass,0
QC-3733,BATCH-1901,25-08-2024,pass,0
QC-3734,BATCH-3035,2025-04-28,PASS,0
QC-3735,BATCH-4515,03/04/2025,PASS,0
QC-3736,BATCH-4540,17-05-2024,PASS,0
QC-3737,BATCH-3319,07/27/2026,pass,0
QC-3738,BATCH-5701,2025-09-12,pass,0
QC-3739,BATCH-1880,2025-03-22,pass,0
QC-3740,BATCH-3221,2025-10-28,fail,0
QC-3741,BATCH-2553,10/17/2024,pass,0
QC-3742,BATCH-7730,09-05-2024,PASS,0
QC-3743,BATCH-5839,2025-07-03,PASS,0
QC-3744,BATCH-3669,01-02-2025,PASS,0
QC-3745,BATCH-2958,2024-02-16,pass,0
QC-3746,BATCH-2950,03/07/2026,fail,0
QC-3747,BATCH-1664,04/11/2024,Pass,0
QC-3748,BATCH-591,2024-03-16,pass,0
QC-3749,BATCH-3545,2024-04-12,PASS,0
QC-3750,BATCH-3784,06/07/2026,Pass,0
QC-3751,BATCH-4055,13-05-2024,pass,0
QC-3752,BATCH-807,12/27/2026,pass,0
QC-3753,BATCH-7459,2025-07-03,pass,0
QC-3754,BATCH-6743,2025-06-16,Pass,0
QC-3755,BATCH-3535,07-03-2025,Pass,0
QC-3756,BATCH-626,2026-08-21,PASS,0
QC-3757,BATCH-1268,04/12/2025,PASS,0
QC-3758,BATCH-4755,02/09/2026,pass,0
QC-3759,BATCH-1499,2026-11-28,PASS,0
QC-3760,BATCH-728,03-10-2026,PASS,0
QC-3761,BATCH-5359,2024-06-12,Pass,0
QC-3762,BATCH-3346,2026-04-13,Pass,0
QC-3763,BATCH-1909,2024-02-22,Pass,0
QC-3764,BATCH-2601,11-02-2025,fail,0
QC-3765,BATCH-5349,03-07-2024,PASS,0
QC-3766,BATCH-6173,2026-03-17,pass,0
QC-3767,BATCH-5002,09/13/2024,pass,0
QC-3768,BATCH-1995,09/24/2024,Pass,0
QC-3769,BATCH-7484,2024-04-10,PASS,0
QC-3770,BATCH-321,2026-11-25,PASS,0
QC-3771,BATCH-7203,2026-09-20,Pass,0
QC-3772,BATCH-1794,09/03/2025,fail,0
QC-3773,BATCH-7866,07-08-2025,pass,0
QC-3774,BATCH-6243,2026-06-10,PASS,0
QC-3775,BATCH-7012,22-07-2026,Pass,0
QC-3776,BATCH-1130,2025-07-17,Pass,0
QC-3777,BATCH-4533,2025-05-19,pass,0
QC-3778,BATCH-795,21-05-2026,pass,0
QC-3779,BATCH-5597,2026-12-23,PASS,0
QC-3780,BATCH-2449,06/27/2024,Pass,0
QC-3781,BATCH-2868,2025-02-24,pass,17
QC-3782,BATCH-3694,08/08/2025,pass,0
QC-3783,BATCH-761,02/13/2025,Pass,0
QC-3784,BATCH-5044,2024-05-02,Pass,20
QC-3785,BATCH-442,16-07-2025,pass,0
QC-3786,BATCH-2403,2024-11-27,PASS,0
QC-3787,BATCH-3610,18-11-2025,Pass,0
QC-3788,BATCH-5946,06-03-2026,pass,0
QC-3789,BATCH-2481,2025-11-03,PASS,0
QC-3790,BATCH-4050,10/23/2026,Pass,0
QC-3791,BATCH-6337,15-09-2024,Pass,0
QC-3792,BATCH-6705,2026-03-12,fail,0
QC-3793,BATCH-5167,20-10-2026,Pass,0
QC-3794,BATCH-3132,2024-11-17,pass,0
QC-3795,BATCH-820,2025-07-26,PASS,0
QC-3796,BATCH-4248,2025-04-26,PASS,0
QC-3797,BATCH-46,03/28/2025,Pass,0
QC-3798,BATCH-5430,01-11-2026,pass,0
QC-3799,BATCH-6509,14-01-2025,Pass,0
QC-3800,BATCH-7883,02/12/2025,pass,0
QC-3801,BATCH-3435,01-05-2026,pass,0
QC-3802,BATCH-6174,11/23/2026,Pass,0
QC-3803,BATCH-6309,24-10-2025,pass,0
QC-3804,BATCH-781,12/26/2025,PASS,0
QC-3805,BATCH-5301,2025-01-11,PASS,0
QC-3806,BATCH-3745,2025-06-15,PASS,3
QC-3807,BATCH-4337,02/16/2024,pass,0
QC-3808,BATCH-6703,2024-02-04,pass,0
QC-3809,BATCH-4123,2026-06-08,pass,0
QC-3810,BATCH-213,02/08/2026,pass,0
QC-3811,BATCH-4125,2025-06-03,pass,0
QC-3812,BATCH-5290,2026-05-11,pass,0
QC-3813,BATCH-1140,16-12-2025,PASS,0
QC-3814,BATCH-5225,11/13/2024,Pass,0
QC-3815,BATCH-2091,2024-04-12,Pass,0
QC-3816,BATCH-3011,12/12/2024,Pass,0
QC-3817,BATCH-6726,07/17/2024,PASS,0
QC-3818,BATCH-800,2025-12-05,Pass,0
QC-3819,BATCH-5244,2025-06-26,Pass,0
QC-3820,BATCH-1115,2026-11-06,Pass,0
QC-3821,BATCH-2177,2026-11-13,pass,0
QC-3822,BATCH-7429,02-01-2025,PASS,0
QC-3823,BATCH-706,18-08-2024,Pass,0
QC-3824,BATCH-3313,02/03/2025,pass,0
QC-3825,BATCH-6563,2025-02-06,pass,0
QC-3826,BATCH-936,2025-03-20,PASS,0
QC-3827,BATCH-909,2026-07-06,Pass,0
QC-3828,BATCH-4756,2024-03-01,pass,0
QC-3829,BATCH-5393,2025-04-04,Pass,0
QC-3830,BATCH-6359,2025-07-18,pass,0
QC-3831,BATCH-6265,2026-03-15,pass,0
QC-3832,BATCH-3052,24-09-2025,PASS,0
QC-3833,BATCH-6496,2026-04-12,Pass,0
QC-3834,BATCH-1750,2025-09-10,pass,0
QC-3835,BATCH-7533,2025-07-15,pass,0
QC-3836,BATCH-2426,03/21/2024,pass,0
QC-3837,BATCH-5448,05-08-2026,PASS,5
QC-3838,BATCH-4656,2025-07-15,pass,0
QC-3839,BATCH-3669,2025-02-05,PASS,0
QC-3840,BATCH-5474,2025-01-25,PASS,0
QC-3841,BATCH-5478,20-03-2024,PASS,0
QC-3842,BATCH-1483,2025-09-24,pass,0
QC-3843,BATCH-5420,2025-05-18,PASS,0
QC-3844,BATCH-3665,09/23/2025,pass,0
QC-3845,BATCH-518,03/15/2025,pass,0
QC-3846,BATCH-6703,11-05-2025,pass,8
QC-3847,BATCH-5452,2025-02-12,PASS,0
QC-3848,BATCH-3808,2026-04-05,pass,0
QC-3849,BATCH-841,2024-08-24,Pass,0
QC-3850,BATCH-5404,01/18/2024,Pass,3
QC-3851,BATCH-713,2025-12-12,pass,0
QC-3852,BATCH-972,22-12-2025,PASS,0
QC-3853,BATCH-916,2024-01-15,pass,0
QC-3854,BATCH-1207,12/28/2026,pass,0
QC-3855,BATCH-6581,02/16/2024,PASS,0
QC-3856,BATCH-5205,11/11/2026,Pass,0
QC-3857,BATCH-6294,02/12/2025,PASS,0
QC-3858,BATCH-6730,2026-07-16,Pass,0
QC-3859,BATCH-1640,10/09/2024,Pass,0
QC-3860,BATCH-2607,2026-11-07,PASS,0
QC-3861,BATCH-2140,07-07-2025,Pass,0
QC-3862,BATCH-3979,01/18/2026,PASS,0
QC-3863,BATCH-6224,2025-06-05,pass,0
QC-3864,BATCH-2428,2025-06-19,PASS,0
QC-3865,BATCH-7695,04/14/2025,Pass,0
QC-3866,BATCH-1671,2024-06-01,pass,0
QC-3867,BATCH-6000,01/12/2026,pass,0
QC-3868,BATCH-1814,2025-05-17,Pass,0
QC-3869,BATCH-6639,2026-06-16,PASS,0
QC-3870,BATCH-4051,01/16/2025,PASS,0
QC-3871,BATCH-6138,12-04-2024,fail,0
QC-3872,BATCH-4859,08/07/2025,PASS,0
QC-3873,BATCH-3322,10/20/2024,pass,0
QC-3874,BATCH-5945,10/17/2026,Pass,0
QC-3875,BATCH-3999,2025-04-27,PASS,0
QC-3876,BATCH-4510,2024-06-10,pass,0
QC-3877,BATCH-1653,2025-03-27,pass,0
QC-3878,BATCH-3773,2025-06-14,pass,0
QC-3879,BATCH-7829,2024-05-17,pass,0
QC-3880,BATCH-1372,2026-04-22,Pass,0
QC-3881,BATCH-1580,07-12-2025,pass,0
QC-3882,BATCH-6084,10/27/2024,pass,0
QC-3883,BATCH-2811,2026-05-14,PASS,0
QC-3884,BATCH-7659,07/21/2026,Pass,0
QC-3885,BATCH-6880,07/02/2026,PASS,0
QC-3886,BATCH-6253,2024-07-19,pass,0
QC-3887,BATCH-187,2024-11-09,pass,0
QC-3888,BATCH-4286,07/24/2025,PASS,0
QC-3889,BATCH-4583,03/25/2024,pass,8
QC-3890,BATCH-3515,2024-12-14,PASS,0
QC-3891,BATCH-3667,12/16/2026,fail,0
QC-3892,BATCH-7935,2026-06-05,Pass,0
QC-3893,BATCH-6675,01/08/2025,Pass,9
QC-3894,BATCH-7202,01/15/2025,Pass,0
QC-3895,BATCH-6206,2024-09-24,PASS,0
QC-3896,BATCH-2411,04/18/2026,PASS,0
QC-3897,BATCH-2248,2026-01-08,Pass,0
QC-3898,BATCH-5689,2026-12-03,Pass,0
QC-3899,BATCH-2102,2026-03-25,pass,0
QC-3900,BATCH-1017,07/12/2026,PASS,0
QC-3901,BATCH-482,01/20/2024,pass,0
QC-3902,BATCH-3973,14-04-2025,PASS,0
QC-3903,BATCH-5106,2024-09-14,Pass,0
QC-3904,BATCH-5975,11-05-2026,Pass,0
QC-3905,BATCH-3157,2024-09-26,pass,0
QC-3906,BATCH-24,12/13/2026,fail,0
QC-3907,BATCH-7288,2026-06-21,pass,0
QC-3908,BATCH-5628,22-01-2024,PASS,0
QC-3909,BATCH-2771,2026-07-05,pass,0
QC-3910,BATCH-1492,03/26/2025,PASS,0
QC-3911,BATCH-5636,2026-11-03,PASS,0
QC-3912,BATCH-1202,03/03/2026,fail,0
QC-3913,BATCH-4282,09/11/2025,PASS,0
QC-3914,BATCH-2168,2026-05-03,pass,0
QC-3915,BATCH-660,2026-09-20,pass,0
QC-3916,BATCH-4818,2024-05-05,pass,0
QC-3917,BATCH-6195,2026-07-19,Pass,0
QC-3918,BATCH-5890,07/17/2024,Pass,0
QC-3919,BATCH-7574,2026-02-17,Pass,0
QC-3920,BATCH-4480,10/15/2026,Pass,0
QC-3921,BATCH-5422,05/26/2025,pass,0
QC-3922,BATCH-1901,2026-11-15,Pass,0
QC-3923,BATCH-7259,2025-09-16,PASS,0
QC-3924,BATCH-282,24-11-2026,PASS,0
QC-3925,BATCH-2843,2026-05-24,fail,0
QC-3926,BATCH-6962,2024-02-25,pass,0
QC-3927,BATCH-55,2025-11-24,pass,0
QC-3928,BATCH-1927,11/22/2024,PASS,0
QC-3929,BATCH-2376,2024-10-04,PASS,0
QC-3930,BATCH-3448,2026-05-05,PASS,0
QC-3931,BATCH-3258,19-05-2026,PASS,0
QC-3932,BATCH-1596,23-01-2026,Pass,0
QC-3933,BATCH-2908,2026-09-09,PASS,0
QC-3934,BATCH-1967,05-06-2026,PASS,0
QC-3935,BATCH-1533,10/07/2025,pass,0
QC-3936,BATCH-1704,2024-12-08,Pass,0
QC-3937,BATCH-2442,2025-01-27,pass,0
QC-3938,BATCH-5965,03/04/2026,Pass,0
QC-3939,BATCH-6845,26-07-2024,pass,0
QC-3940,BATCH-3897,04/03/2024,Pass,0
QC-3941,BATCH-2283,2026-11-28,Pass,0
QC-3942,BATCH-6768,11-10-2024,PASS,0
QC-3943,BATCH-4892,2026-05-23,PASS,0
QC-3944,BATCH-3583,08/12/2025,PASS,0
QC-3945,BATCH-4369,2025-05-09,PASS,0
QC-3946,BATCH-14,2025-11-03,PASS,0
QC-3947,BATCH-3621,06/22/2026,PASS,0
QC-3948,BATCH-2647,08/24/2024,pass,0
QC-3949,BATCH-3565,2026-09-15,PASS,0
QC-3950,BATCH-7062,2026-08-21,PASS,0
QC-3951,BATCH-2928,19-06-2025,PASS,0
QC-3952,BATCH-1210,2024-12-26,PASS,0
QC-3953,BATCH-5364,26-12-2025,pass,0
QC-3954,BATCH-2274,13-03-2024,PASS,0
QC-3955,BATCH-206,2024-01-25,Pass,0
QC-3956,BATCH-7524,2024-05-10,PASS,0
QC-3957,BATCH-6380,2026-10-12,Pass,0
QC-3958,BATCH-6452,05-03-2025,pass,0
QC-3959,BATCH-1286,2026-05-06,pass,0
QC-3960,BATCH-5907,08/19/2025,Pass,0
QC-3961,BATCH-7771,23-11-2025,Pass,0
QC-3962,BATCH-5534,2025-04-21,Pass,0
QC-3963,BATCH-2091,2025-03-13,PASS,0
QC-3964,BATCH-3709,08-01-2026,Pass,0
QC-3965,BATCH-846,2025-04-27,PASS,0
QC-3966,BATCH-7643,11-04-2024,PASS,1
QC-3967,BATCH-39,03/05/2026,Pass,0
QC-3968,BATCH-2838,07-11-2024,PASS,0
QC-3969,BATCH-1231,11/24/2024,fail,0
QC-3970,BATCH-6879,09/06/2024,pass,0
QC-3971,BATCH-7154,2025-12-17,PASS,0
QC-3972,BATCH-2429,03/23/2026,pass,0
QC-3973,BATCH-928,2025-09-07,PASS,0
QC-3974,BATCH-7911,23-01-2025,Pass,0
QC-3975,BATCH-7774,2026-01-25,PASS,0
QC-3976,BATCH-2354,01/09/2024,PASS,0
QC-3977,BATCH-6137,2025-12-06,pass,0
QC-3978,BATCH-1097,05/08/2025,fail,0
QC-3979,BATCH-2641,01-08-2024,Pass,0
QC-3980,BATCH-5475,2024-04-07,Pass,0
QC-3981,BATCH-7901,2024-08-02,Pass,0
QC-3982,BATCH-4325,2025-10-03,pass,0
QC-3983,BATCH-2164,2025-07-19,pass,0
QC-3984,BATCH-7710,2026-06-22,Pass,0
QC-3985,BATCH-3970,2026-04-09,pass,0
QC-3986,BATCH-7381,2024-09-06,PASS,0
QC-3987,BATCH-4528,12/15/2025,Pass,0
QC-3988,BATCH-2197,2025-09-11,pass,0
QC-3989,BATCH-802,2026-05-20,PASS,0
QC-3990,BATCH-6708,2024-06-28,Pass,0
QC-3991,BATCH-3948,2024-10-08,PASS,0
QC-3992,BATCH-7732,2024-07-04,PASS,0
QC-3993,BATCH-7779,2026-05-18,PASS,0
QC-3994,BATCH-596,2025-09-16,pass,0
QC-3995,BATCH-5550,11-04-2025,PASS,0
QC-3996,BATCH-1050,06-08-2025,PASS,0
QC-3997,BATCH-1737,09/17/2024,Pass,0
QC-3998,BATCH-7256,2024-11-24,PASS,1
QC-3999,BATCH-7245,2024-07-27,Pass,0
QC-4000,BATCH-3155,07/10/2025,Pass,0
QC-4001,BATCH-1978,10/14/2026,pass,0
QC-4002,BATCH-1587,2026-05-27,pass,0
QC-4003,BATCH-3995,2026-04-24,PASS,0
QC-4004,BATCH-4264,2025-01-04,PASS,0
QC-4005,BATCH-7764,2025-07-26,PASS,0
QC-4006,BATCH-5385,2024-02-02,Pass,0
QC-4007,BATCH-1103,2025-05-27,PASS,0
QC-4008,BATCH-6118,11/01/2025,Pass,0
QC-4009,BATCH-218,10/14/2026,pass,0
QC-4010,BATCH-766,2026-01-11,Pass,0
QC-4011,BATCH-1927,02/09/2024,pass,0
QC-4012,BATCH-3656,2026-07-12,Pass,0
QC-4013,BATCH-1049,2024-06-11,PASS,0
QC-4014,BATCH-6545,09-06-2024,pass,0
QC-4015,BATCH-2096,12/20/2026,PASS,0
QC-4016,BATCH-3815,2025-08-08,PASS,0
QC-4017,BATCH-2368,2024-05-12,Pass,0
QC-4018,BATCH-5286,06-07-2026,pass,11
QC-4019,BATCH-7648,2025-01-28,fail,0
QC-4020,BATCH-1201,2025-11-06,pass,7
QC-4021,BATCH-4989,2024-08-23,Pass,17
QC-4022,BATCH-7763,2026-04-06,PASS,0
QC-4023,BATCH-3235,02/11/2025,pass,0
QC-4024,BATCH-5922,2024-11-22,Pass,0
QC-4025,BATCH-61,2026-11-26,Pass,0
QC-4026,BATCH-6479,2026-02-17,PASS,0
QC-4027,BATCH-7655,04/14/2024,fail,0
QC-4028,BATCH-3087,2026-11-05,fail,3
QC-4029,BATCH-1886,2025-08-15,pass,0
QC-4030,BATCH-7600,10/22/2024,PASS,0
QC-4031,BATCH-4121,2024-10-04,pass,0
QC-4032,BATCH-5007,06/13/2026,PASS,0
QC-4033,BATCH-3778,2026-10-20,PASS,0
QC-4034,BATCH-2992,22-12-2026,pass,0
QC-4035,BATCH-1760,03/27/2026,pass,0
QC-4036,BATCH-1114,2026-01-09,pass,0
QC-4037,BATCH-2915,2026-04-25,fail,0
QC-4038,BATCH-4180,2026-01-21,PASS,0
QC-4039,BATCH-5376,2024-05-15,PASS,0
QC-4040,BATCH-6469,2026-05-16,pass,0
QC-4041,BATCH-4356,12/16/2025,Pass,0
QC-4042,BATCH-5627,03/01/2024,PASS,0
QC-4043,BATCH-2485,10/27/2024,Pass,0
QC-4044,BATCH-4185,2026-12-15,Pass,0
QC-4045,BATCH-981,03/27/2026,pass,4
QC-4046,BATCH-7415,2025-04-24,Pass,20
QC-4047,BATCH-3306,2025-09-25,fail,0
QC-4048,BATCH-5429,2025-10-22,pass,5
QC-4049,BATCH-3882,01/19/2025,PASS,0
QC-4050,BATCH-270,2025-09-05,pass,0
QC-4051,BATCH-1536,16-06-2026,PASS,0
QC-4052,BATCH-5296,2024-12-22,PASS,0
QC-4053,BATCH-3938,21-05-2026,Pass,0
QC-4054,BATCH-1257,13-10-2025,PASS,0
QC-4055,BATCH-3873,2024-09-11,fail,0
QC-4056,BATCH-6801,03-08-2025,Pass,0
QC-4057,BATCH-1050,05/12/2026,pass,0
QC-4058,BATCH-6836,2025-04-27,Pass,6
QC-4059,BATCH-2707,01/11/2024,Pass,0
QC-4060,BATCH-4367,2024-07-21,pass,0
QC-4061,BATCH-4819,02/17/2025,PASS,0
QC-4062,BATCH-2361,02-07-2024,pass,0
QC-4063,BATCH-1022,03/17/2024,Pass,0
QC-4064,BATCH-2148,11-11-2025,pass,0
QC-4065,BATCH-171,2026-03-03,pass,0
QC-4066,BATCH-137,2025-09-03,pass,0
QC-4067,BATCH-5376,08-04-2026,pass,0
QC-4068,BATCH-811,2026-12-05,fail,0
QC-4069,BATCH-886,05/05/2024,Pass,0
QC-4070,BATCH-1254,2024-01-10,Pass,0
QC-4071,BATCH-1977,2024-02-10,Pass,0
QC-4072,BATCH-1336,16-12-2025,pass,0
QC-4073,BATCH-1713,15-08-2025,Pass,0
QC-4074,BATCH-459,2026-04-03,pass,0
QC-4075,BATCH-5139,08/23/2025,pass,0
QC-4076,BATCH-1050,16-07-2024,Pass,15
QC-4077,BATCH-4106,2024-06-03,pass,0
QC-4078,BATCH-1054,2025-05-06,pass,0
QC-4079,BATCH-945,04/21/2026,pass,0
QC-4080,BATCH-6394,03/15/2026,pass,9
QC-4081,BATCH-4110,2026-07-05,Pass,18
QC-4082,BATCH-3217,2026-06-23,Pass,0
QC-4083,BATCH-2831,2024-04-13,PASS,0
QC-4084,BATCH-284,2026-06-02,Pass,0
QC-4085,BATCH-1472,2026-03-11,pass,0
QC-4086,BATCH-4634,2024-03-22,Pass,0
QC-4087,BATCH-1397,2025-07-16,PASS,0
QC-4088,BATCH-2232,2025-03-25,pass,0
QC-4089,BATCH-2665,12/25/2026,pass,0
QC-4090,BATCH-4241,2025-05-25,fail,0
QC-4091,BATCH-5553,2025-10-20,PASS,0
QC-4092,BATCH-7803,05/25/2024,Pass,0
QC-4093,BATCH-2225,2024-05-19,Pass,0
QC-4094,BATCH-7650,2026-03-16,Pass,0
QC-4095,BATCH-4551,2026-07-01,Pass,0
QC-4096,BATCH-7812,2025-05-14,pass,0
QC-4097,BATCH-2145,2025-05-09,pass,0
QC-4098,BATCH-4378,2026-05-12,PASS,0
QC-4099,BATCH-5113,08/12/2024,PASS,0
QC-4100,BATCH-5536,2026-07-13,PASS,0
QC-4101,BATCH-3672,06/15/2024,pass,0
QC-4102,BATCH-7162,2024-07-26,PASS,0
QC-4103,BATCH-6812,2025-10-27,PASS,0
QC-4104,BATCH-4001,2024-04-17,pass,0
QC-4105,BATCH-3602,2026-07-27,pass,19
QC-4106,BATCH-7672,07/21/2026,PASS,0
QC-4107,BATCH-3484,04/17/2026,Pass,0
QC-4108,BATCH-5568,05-08-2026,Pass,0
QC-4109,BATCH-2923,02/13/2024,PASS,0
QC-4110,BATCH-1625,07/14/2024,PASS,0
QC-4111,BATCH-5652,2026-08-12,pass,19
QC-4112,BATCH-5645,14-07-2025,pass,0
QC-4113,BATCH-1747,01-06-2026,Pass,0
QC-4114,BATCH-5799,2024-08-26,pass,0
QC-4115,BATCH-805,14-12-2025,PASS,0
QC-4116,BATCH-3777,2025-10-08,PASS,7
QC-4117,BATCH-3560,2024-10-21,pass,0
QC-4118,BATCH-5593,2024-08-20,Pass,0
QC-4119,BATCH-2262,2025-11-02,PASS,0
QC-4120,BATCH-7386,2024-01-17,Pass,0
QC-4121,BATCH-1106,04/21/2024,fail,0
QC-4122,BATCH-7384,2025-10-22,PASS,0
QC-4123,BATCH-478,09/18/2025,pass,0
QC-4124,BATCH-2035,12/21/2024,PASS,0
QC-4125,BATCH-86,09/12/2025,pass,0
QC-4126,BATCH-5211,2024-07-19,Pass,0
QC-4127,BATCH-5554,02/26/2024,Pass,0
QC-4128,BATCH-3000,07-10-2026,PASS,0
QC-4129,BATCH-1263,2026-08-17,PASS,0
QC-4130,BATCH-5899,2025-05-17,Pass,0
QC-4131,BATCH-2613,09/23/2024,pass,0
QC-4132,BATCH-6283,05/27/2024,pass,4
QC-4133,BATCH-2032,2024-06-02,pass,0
QC-4134,BATCH-5096,2026-07-21,pass,0
QC-4135,BATCH-5704,2026-05-19,pass,0
QC-4136,BATCH-1441,12/12/2024,PASS,0
QC-4137,BATCH-3008,12/22/2024,pass,0
QC-4138,BATCH-243,2025-04-16,pass,0
QC-4139,BATCH-899,2024-01-06,pass,0
QC-4140,BATCH-1342,12-05-2026,fail,0
QC-4141,BATCH-4494,2024-08-05,pass,0
QC-4142,BATCH-3667,2024-08-01,pass,0
QC-4143,BATCH-7656,11/13/2025,fail,0
QC-4144,BATCH-6262,04/16/2026,Pass,0
QC-4145,BATCH-574,2024-12-06,pass,0
QC-4146,BATCH-5438,09/18/2025,Pass,0
QC-4147,BATCH-3796,04/14/2024,Pass,0
QC-4148,BATCH-214,2024-12-14,PASS,0
QC-4149,BATCH-6405,27-02-2025,pass,0
QC-4150,BATCH-800,2026-02-02,PASS,0
QC-4151,BATCH-6989,2025-01-05,Pass,0
QC-4152,BATCH-3170,2026-09-06,pass,0
QC-4153,BATCH-2439,07/08/2024,PASS,0
QC-4154,BATCH-4202,2025-05-11,PASS,0
QC-4155,BATCH-68,2024-01-15,PASS,0
QC-4156,BATCH-7834,28-09-2024,PASS,20
QC-4157,BATCH-6220,06/10/2025,PASS,0
QC-4158,BATCH-2381,04/14/2024,PASS,0
QC-4159,BATCH-1192,12/24/2024,fail,0
QC-4160,BATCH-6381,2026-06-24,Pass,0
QC-4161,BATCH-790,2026-05-27,Pass,0
QC-4162,BATCH-7343,27-06-2024,PASS,0
QC-4163,BATCH-4014,2026-07-10,PASS,0
QC-4164,BATCH-7101,2026-07-15,Pass,0
QC-4165,BATCH-155,2025-07-18,Pass,0
QC-4166,BATCH-4781,2025-08-18,Pass,0
QC-4167,BATCH-5417,07/12/2024,pass,0
QC-4168,BATCH-1918,10/19/2025,fail,0
QC-4169,BATCH-4269,12/24/2025,PASS,0
QC-4170,BATCH-3524,28-08-2024,fail,0
QC-4171,BATCH-6691,12/05/2024,PASS,0
QC-4172,BATCH-2810,10/11/2025,Pass,0
QC-4173,BATCH-752,05/04/2024,fail,0
QC-4174,BATCH-6647,07-10-2025,pass,0
QC-4175,BATCH-7157,10/20/2025,Pass,7
QC-4176,BATCH-1136,09/11/2026,fail,4
QC-4177,BATCH-3721,08/20/2024,pass,0
QC-4178,BATCH-6293,11/23/2026,Pass,0
QC-4179,BATCH-6807,08/11/2025,Pass,0
QC-4180,BATCH-2265,2024-03-27,pass,0
QC-4181,BATCH-3483,05/24/2026,pass,0
QC-4182,BATCH-3415,07/22/2024,pass,0
QC-4183,BATCH-6547,2025-10-12,PASS,0
QC-4184,BATCH-392,02/06/2025,PASS,0
QC-4185,BATCH-3166,09-10-2024,pass,0
QC-4186,BATCH-4640,10/05/2026,Pass,0
QC-4187,BATCH-1878,2026-09-05,PASS,0
QC-4188,BATCH-3567,01-08-2026,PASS,0
QC-4189,BATCH-1989,2024-04-24,PASS,0
QC-4190,BATCH-7744,2024-07-27,pass,0
QC-4191,BATCH-6629,2026-04-28,pass,7
QC-4192,BATCH-159,12/13/2026,PASS,0
QC-4193,BATCH-3652,09/17/2026,PASS,0
QC-4194,BATCH-5923,2024-03-19,Pass,0
QC-4195,BATCH-1037,2026-11-28,pass,0
QC-4196,BATCH-5227,2025-05-24,PASS,0
QC-4197,BATCH-7854,07/18/2024,PASS,5
QC-4198,BATCH-5281,04/05/2025,PASS,0
QC-4199,BATCH-6724,2026-11-26,Pass,0
QC-4200,BATCH-1038,2024-01-19,pass,0
QC-4201,BATCH-6795,2025-05-10,Pass,0
QC-4202,BATCH-7931,2026-09-10,PASS,0
QC-4203,BATCH-6364,2026-03-23,Pass,0
QC-4204,BATCH-347,05/13/2025,Pass,0
QC-4205,BATCH-6735,08/15/2026,PASS,0
QC-4206,BATCH-3611,09-05-2024,fail,0
QC-4207,BATCH-4303,2024-06-10,pass,0
QC-4208,BATCH-7493,2024-12-04,Pass,17
QC-4209,BATCH-1909,2026-05-12,pass,0
QC-4210,BATCH-1888,05/02/2026,Pass,0
QC-4211,BATCH-2437,09/09/2025,Pass,5
QC-4212,BATCH-1532,04/10/2024,pass,0
QC-4213,BATCH-4487,16-06-2024,pass,0
QC-4214,BATCH-724,2026-04-27,PASS,0
QC-4215,BATCH-2115,2024-03-22,pass,0
QC-4216,BATCH-2029,2025-04-25,Pass,0
QC-4217,BATCH-6644,04/22/2024,PASS,0
QC-4218,BATCH-1536,06/25/2024,Pass,0
QC-4219,BATCH-3893,2026-12-08,PASS,0
QC-4220,BATCH-5814,12/15/2026,Pass,0
QC-4221,BATCH-6745,2024-09-17,fail,0
QC-4222,BATCH-1035,2024-07-11,Pass,0
QC-4223,BATCH-4438,2025-12-12,Pass,0
QC-4224,BATCH-6438,2024-01-17,Pass,0
QC-4225,BATCH-3505,2024-12-12,fail,0
QC-4226,BATCH-4698,27-12-2024,pass,0
QC-4227,BATCH-5184,2025-05-24,pass,0
QC-4228,BATCH-2591,16-01-2026,PASS,0
QC-4229,BATCH-4927,06/19/2025,Pass,0
QC-4230,BATCH-382,2026-07-28,pass,0
QC-4231,BATCH-7882,05/19/2026,PASS,1
QC-4232,BATCH-3829,2026-11-09,Pass,0
QC-4233,BATCH-4259,02/03/2024,pass,0
QC-4234,BATCH-6140,11/19/2026,Pass,0
QC-4235,BATCH-4357,2025-08-17,PASS,0
QC-4236,BATCH-2640,2025-06-20,PASS,20
QC-4237,BATCH-10,2025-04-16,PASS,0
QC-4238,BATCH-1534,15-04-2026,pass,0
QC-4239,BATCH-6882,09/19/2026,pass,0
QC-4240,BATCH-4732,2024-12-17,Pass,18
QC-4241,BATCH-5161,15-10-2024,Pass,0
QC-4242,BATCH-5114,05/21/2026,pass,0
QC-4243,BATCH-1782,2025-01-13,PASS,0
QC-4244,BATCH-4652,11/02/2025,pass,0
QC-4245,BATCH-7587,2024-04-18,pass,0
QC-4246,BATCH-2416,09/05/2026,pass,0
QC-4247,BATCH-4556,2024-03-01,pass,0
QC-4248,BATCH-7947,02/04/2026,Pass,0
QC-4249,BATCH-1882,2026-11-09,Pass,0
QC-4250,BATCH-3307,12/20/2025,fail,0
QC-4251,BATCH-3253,2025-05-17,PASS,0
QC-4252,BATCH-6961,03/11/2026,Pass,0
QC-4253,BATCH-143,08/09/2025,pass,0
QC-4254,BATCH-1661,08/22/2024,Pass,0
QC-4255,BATCH-7269,01-04-2025,PASS,0
QC-4256,BATCH-2970,2024-03-27,PASS,0
QC-4257,BATCH-4592,2025-05-07,fail,0
QC-4258,BATCH-2140,2024-04-09,Pass,0
QC-4259,BATCH-6003,08/08/2026,Pass,0
QC-4260,BATCH-4483,2024-12-07,pass,0
QC-4261,BATCH-7260,14-01-2024,pass,0
QC-4262,BATCH-60,2025-08-05,Pass,0
QC-4263,BATCH-2914,2024-02-17,pass,0
QC-4264,BATCH-3916,2025-03-01,PASS,0
QC-4265,BATCH-4726,2025-10-15,pass,1
QC-4266,BATCH-7331,10-08-2025,Pass,0
QC-4267,BATCH-4673,26-04-2024,PASS,3
QC-4268,BATCH-5361,11-11-2025,Pass,0
QC-4269,BATCH-6775,03/14/2024,pass,0
QC-4270,BATCH-6703,01-06-2026,PASS,0
QC-4271,BATCH-5972,2026-10-14,PASS,0
QC-4272,BATCH-4116,2026-11-16,Pass,0
QC-4273,BATCH-650,07/05/2024,pass,0
QC-4274,BATCH-2986,14-12-2024,pass,0
QC-4275,BATCH-4198,09-08-2024,Pass,0
QC-4276,BATCH-5319,06/02/2024,Pass,0
QC-4277,BATCH-3919,01/25/2024,PASS,0
QC-4278,BATCH-5039,2024-10-28,Pass,0
QC-4279,BATCH-4302,05/14/2026,Pass,0
QC-4280,BATCH-6418,2024-10-28,PASS,0
QC-4281,BATCH-3078,2025-02-21,Pass,0
QC-4282,BATCH-1158,14-07-2025,PASS,0
QC-4283,BATCH-1974,08/03/2026,pass,0
QC-4284,BATCH-6861,2024-08-02,PASS,0
QC-4285,BATCH-2766,2026-10-18,pass,0
QC-4286,BATCH-1501,2025-06-28,Pass,0
QC-4287,BATCH-7681,09/09/2024,PASS,0
QC-4288,BATCH-3013,10/11/2024,fail,0
QC-4289,BATCH-7686,2024-03-12,Pass,0
QC-4290,BATCH-7634,2024-04-10,pass,0
QC-4291,BATCH-2555,09/08/2025,Pass,0
QC-4292,BATCH-935,2024-04-10,PASS,0
QC-4293,BATCH-6306,05/26/2026,PASS,0
QC-4294,BATCH-3840,12-05-2025,Pass,0
QC-4295,BATCH-1837,07/17/2024,PASS,0
QC-4296,BATCH-6546,06/01/2025,pass,0
QC-4297,BATCH-4649,22-08-2025,pass,0
QC-4298,BATCH-3300,04-06-2026,fail,0
QC-4299,BATCH-7458,09/03/2026,pass,0
QC-4300,BATCH-2952,2025-08-08,Pass,0
QC-4301,BATCH-581,2024-06-27,pass,0
QC-4302,BATCH-3795,2025-12-18,pass,0
QC-4303,BATCH-6413,08/01/2026,pass,9
QC-4304,BATCH-4416,07-04-2026,pass,0
QC-4305,BATCH-7654,2024-07-24,pass,0
QC-4306,BATCH-616,2026-05-22,Pass,0
QC-4307,BATCH-1100,13-03-2026,PASS,0
QC-4308,BATCH-4102,25-07-2026,PASS,0
QC-4309,BATCH-1836,09/10/2026,Pass,0
QC-4310,BATCH-5588,10/28/2026,Pass,0
QC-4311,BATCH-5473,03/01/2025,Pass,0
QC-4312,BATCH-1964,07-09-2026,pass,13
QC-4313,BATCH-7879,2024-05-02,Pass,0
QC-4314,BATCH-172,2024-03-11,pass,0
QC-4315,BATCH-7281,10/13/2025,Pass,0
QC-4316,BATCH-3500,18-01-2026,PASS,0
QC-4317,BATCH-6397,18-12-2024,Pass,0
QC-4318,BATCH-1143,01/26/2025,PASS,0
QC-4319,BATCH-1219,03/19/2024,pass,0
QC-4320,BATCH-109,07/20/2024,PASS,0
QC-4321,BATCH-6916,01/27/2024,Pass,0
QC-4322,BATCH-5072,04/11/2024,PASS,5
QC-4323,BATCH-1744,2026-09-12,pass,0
QC-4324,BATCH-6106,09/09/2026,pass,0
QC-4325,BATCH-4449,2026-08-06,Pass,0
QC-4326,BATCH-6429,2026-04-23,pass,0
QC-4327,BATCH-1378,09-12-2026,PASS,0
QC-4328,BATCH-2008,02/28/2024,PASS,0
QC-4329,BATCH-6817,2024-02-24,pass,0
QC-4330,BATCH-5661,28-12-2025,pass,0
QC-4331,BATCH-5197,09/27/2024,Pass,0
QC-4332,BATCH-7310,2025-09-16,Pass,0
QC-4333,BATCH-4598,2024-08-21,fail,0
QC-4334,BATCH-972,2025-06-05,Pass,0
QC-4335,BATCH-7688,2026-07-02,Pass,0
QC-4336,BATCH-1379,05/24/2026,PASS,0
QC-4337,BATCH-1252,2026-01-17,PASS,0
QC-4338,BATCH-5354,11/13/2025,pass,0
QC-4339,BATCH-3466,01-08-2024,pass,0
QC-4340,BATCH-6009,2025-06-21,Pass,0
QC-4341,BATCH-5370,08/13/2024,pass,0
QC-4342,BATCH-6333,2026-10-27,pass,0
QC-4343,BATCH-3765,17-04-2026,pass,0
QC-4344,BATCH-4941,2026-07-11,Pass,0
QC-4345,BATCH-3042,02/16/2024,pass,14
QC-4346,BATCH-7260,2026-06-02,fail,0
QC-4347,BATCH-1217,2024-05-07,Pass,14
QC-4348,BATCH-3942,10/06/2024,Pass,0
QC-4349,BATCH-4221,2025-11-13,pass,19
QC-4350,BATCH-7896,2026-11-13,pass,0
QC-4351,BATCH-4609,2026-06-22,Pass,0
QC-4352,BATCH-5807,2024-10-26,PASS,0
QC-4353,BATCH-2629,2026-10-17,PASS,0
QC-4354,BATCH-5908,12/23/2026,PASS,0
QC-4355,BATCH-1421,2024-03-13,Pass,0
QC-4356,BATCH-4095,2026-03-23,PASS,0
QC-4357,BATCH-4974,2024-06-01,Pass,0
QC-4358,BATCH-4987,2024-01-20,PASS,0
QC-4359,BATCH-2426,06/15/2025,Pass,0
QC-4360,BATCH-2037,2026-06-20,pass,0
QC-4361,BATCH-2057,04-08-2026,PASS,0
QC-4362,BATCH-3065,2026-09-11,Pass,0
QC-4363,BATCH-6581,08/08/2024,pass,0
QC-4364,BATCH-7040,03/17/2025,pass,0
QC-4365,BATCH-6201,06/25/2025,pass,16
QC-4366,BATCH-6674,2025-11-16,pass,0
QC-4367,BATCH-6186,11/22/2026,pass,0
QC-4368,BATCH-4684,05/13/2025,pass,0
QC-4369,BATCH-2142,08/23/2024,Pass,0
QC-4370,BATCH-2731,11/21/2026,PASS,0
QC-4371,BATCH-332,04/27/2026,PASS,0
QC-4372,BATCH-535,01-12-2025,PASS,10
QC-4373,BATCH-1560,06/22/2026,Pass,0
QC-4374,BATCH-3735,08/20/2026,fail,0
QC-4375,BATCH-3371,2024-08-11,PASS,0
QC-4376,BATCH-4828,2024-05-22,Pass,0
QC-4377,BATCH-7203,2026-01-21,Pass,0
QC-4378,BATCH-445,10-06-2026,pass,20
QC-4379,BATCH-1265,2024-04-25,PASS,0
QC-4380,BATCH-6476,08/14/2025,Pass,0
QC-4381,BATCH-5528,11/02/2025,pass,0
QC-4382,BATCH-4628,10/11/2026,PASS,0
QC-4383,BATCH-2237,12/23/2024,pass,0
QC-4384,BATCH-3191,2026-09-11,Pass,0
QC-4385,BATCH-7900,12/06/2026,fail,0
QC-4386,BATCH-1507,2024-11-24,PASS,0
QC-4387,BATCH-6369,24-04-2025,pass,0
QC-4388,BATCH-2173,04-12-2026,PASS,0
QC-4389,BATCH-7284,04/23/2024,PASS,0
QC-4390,BATCH-6812,21-09-2024,fail,0
QC-4391,BATCH-718,02/25/2026,Pass,0
QC-4392,BATCH-6768,02-08-2024,PASS,16
QC-4393,BATCH-2365,2025-10-11,fail,0
QC-4394,BATCH-7198,02/07/2024,Pass,0
QC-4395,BATCH-7116,15-03-2026,pass,0
QC-4396,BATCH-7942,2025-06-07,PASS,0
QC-4397,BATCH-1628,2026-12-03,fail,0
QC-4398,BATCH-2036,2025-05-20,Pass,0
QC-4399,BATCH-2668,21-12-2026,pass,0
QC-4400,BATCH-1419,2024-06-16,PASS,0
QC-4401,BATCH-1994,17-11-2024,fail,0
QC-4402,BATCH-4162,04-08-2024,pass,0
QC-4403,BATCH-6531,2024-02-09,Pass,0
QC-4404,BATCH-6479,03/05/2025,PASS,0
QC-4405,BATCH-7739,09/12/2025,PASS,0
QC-4406,BATCH-2928,2024-05-10,Pass,0
QC-4407,BATCH-3794,2026-09-27,Pass,6
QC-4408,BATCH-7092,2024-10-06,pass,0
QC-4409,BATCH-2086,20-10-2025,PASS,0
QC-4410,BATCH-527,02/25/2024,Pass,0
QC-4411,BATCH-4257,2025-07-15,fail,0
QC-4412,BATCH-862,2026-01-28,Pass,0
QC-4413,BATCH-2951,2025-11-17,PASS,0
QC-4414,BATCH-3321,08/07/2026,Pass,0
QC-4415,BATCH-6454,11/27/2026,PASS,0
QC-4416,BATCH-3446,07/26/2024,Pass,0
QC-4417,BATCH-177,2025-04-08,PASS,0
QC-4418,BATCH-654,2025-12-20,Pass,0
QC-4419,BATCH-1947,08/13/2026,Pass,0
QC-4420,BATCH-5584,2025-01-12,PASS,0
QC-4421,BATCH-2391,01/16/2024,Pass,0
QC-4422,BATCH-7581,2024-03-12,PASS,0
QC-4423,BATCH-3187,2025-04-02,Pass,0
QC-4424,BATCH-2039,10-09-2024,Pass,0
QC-4425,BATCH-1154,2026-10-11,Pass,0
QC-4426,BATCH-4518,09-10-2024,pass,0
QC-4427,BATCH-3652,06/15/2026,PASS,9
QC-4428,BATCH-5110,03/25/2026,fail,0
QC-4429,BATCH-6283,11/01/2026,PASS,7
QC-4430,BATCH-7121,01/26/2025,Pass,0
QC-4431,BATCH-1981,19-09-2024,pass,0
QC-4432,BATCH-1568,10/19/2025,Pass,0
QC-4433,BATCH-6078,2026-01-26,pass,0
QC-4434,BATCH-5796,08/27/2025,fail,0
QC-4435,BATCH-5145,24-01-2025,PASS,0
QC-4436,BATCH-3494,2025-08-15,Pass,0
QC-4437,BATCH-6455,03/28/2026,pass,0
QC-4438,BATCH-4573,12/19/2024,Pass,0
QC-4439,BATCH-6782,01/15/2024,PASS,0
QC-4440,BATCH-6697,2026-08-22,Pass,0
QC-4441,BATCH-1334,2024-02-13,PASS,0
QC-4442,BATCH-6715,12/20/2025,pass,13
QC-4443,BATCH-1538,2025-07-04,PASS,0
QC-4444,BATCH-5466,13-12-2025,Pass,0
QC-4445,BATCH-2060,12/15/2025,pass,0
QC-4446,BATCH-2145,2025-11-17,pass,0
QC-4447,BATCH-4836,01/28/2026,PASS,0
QC-4448,BATCH-6537,2025-11-24,fail,0
QC-4449,BATCH-5377,2025-06-06,pass,0
QC-4450,BATCH-4804,26-06-2025,Pass,0
QC-4451,BATCH-4381,2024-07-10,Pass,0
QC-4452,BATCH-6999,2025-11-22,Pass,0
QC-4453,BATCH-511,2024-02-14,PASS,0
QC-4454,BATCH-254,06-11-2024,Pass,0
QC-4455,BATCH-2187,2025-12-07,Pass,0
QC-4456,BATCH-1341,05/26/2025,pass,5
QC-4457,BATCH-7596,07-01-2025,Pass,0
QC-4458,BATCH-7418,01-06-2026,pass,0
QC-4459,BATCH-2239,08/08/2026,Pass,0
QC-4460,BATCH-4990,2024-03-02,Pass,0
QC-4461,BATCH-569,10/24/2025,pass,0
QC-4462,BATCH-1418,2024-04-01,pass,0
QC-4463,BATCH-7583,2026-09-06,Pass,0
QC-4464,BATCH-4143,2026-03-13,Pass,0
QC-4465,BATCH-1035,11/27/2024,pass,0
QC-4466,BATCH-5747,2026-12-19,pass,0
QC-4467,BATCH-6985,2025-05-18,pass,0
QC-4468,BATCH-7386,2025-08-27,PASS,0
QC-4469,BATCH-2400,2024-10-19,pass,0
QC-4470,BATCH-1204,2025-10-22,pass,0
QC-4471,BATCH-3898,02/15/2026,Pass,0
QC-4472,BATCH-5313,2024-04-25,pass,0
QC-4473,BATCH-904,2024-05-28,Pass,0
QC-4474,BATCH-2500,2026-10-05,PASS,0
QC-4475,BATCH-7171,05/24/2025,PASS,0
QC-4476,BATCH-1627,2026-07-01,PASS,0
QC-4477,BATCH-4490,2024-08-13,fail,0
QC-4478,BATCH-5237,2024-01-02,Pass,0
QC-4479,BATCH-81,26-07-2024,Pass,0
QC-4480,BATCH-6591,07/07/2024,PASS,0
QC-4481,BATCH-4061,08-11-2026,pass,0
QC-4482,BATCH-3173,02/26/2024,PASS,0
QC-4483,BATCH-91,07/02/2024,PASS,0
QC-4484,BATCH-7624,08/09/2025,fail,0
QC-4485,BATCH-2557,09/24/2025,fail,0
QC-4486,BATCH-4936,24-04-2026,Pass,0
QC-4487,BATCH-6920,05-10-2026,pass,0
QC-4488,BATCH-7984,11/11/2026,PASS,0
QC-4489,BATCH-6469,2024-11-19,pass,0
QC-4490,BATCH-3337,02-07-2024,Pass,0
QC-4491,BATCH-4466,10-12-2026,fail,0
QC-4492,BATCH-6342,2025-01-25,PASS,12
QC-4493,BATCH-270,2024-03-22,PASS,0
QC-4494,BATCH-4054,2026-10-06,Pass,0
QC-4495,BATCH-5917,07/07/2024,PASS,0
QC-4496,BATCH-5154,2025-05-18,pass,0
QC-4497,BATCH-2833,2025-08-25,pass,0
QC-4498,BATCH-2186,2026-03-17,Pass,0
QC-4499,BATCH-7466,06/11/2024,pass,0
QC-4500,BATCH-1975,2024-05-10,Pass,0
QC-4501,BATCH-3529,01/01/2025,PASS,0
QC-4502,BATCH-4348,2026-11-20,pass,0
QC-4503,BATCH-7694,09/16/2026,pass,0
QC-4504,BATCH-344,02/24/2025,pass,0
QC-4505,BATCH-5191,03-09-2024,PASS,0
QC-4506,BATCH-2185,2025-02-07,pass,0
QC-4507,BATCH-3975,2024-11-20,Pass,0
QC-4508,BATCH-2329,2025-10-18,pass,0
QC-4509,BATCH-427,03/16/2024,PASS,0
QC-4510,BATCH-2581,03/07/2026,pass,0
QC-4511,BATCH-7836,22-11-2024,Pass,0
QC-4512,BATCH-3009,2024-09-12,PASS,0
QC-4513,BATCH-7534,2024-08-26,pass,0
QC-4514,BATCH-222,2024-11-07,pass,0
QC-4515,BATCH-682,2024-06-11,fail,0
QC-4516,BATCH-827,10/26/2025,Pass,0
QC-4517,BATCH-5804,2024-03-26,Pass,0
QC-4518,BATCH-4518,2025-06-08,PASS,0
QC-4519,BATCH-6952,05/20/2024,Pass,0
QC-4520,BATCH-5267,09/06/2024,pass,0
QC-4521,BATCH-3370,10/14/2025,Pass,0
QC-4522,BATCH-4248,07/13/2026,PASS,0
QC-4523,BATCH-1976,08/12/2024,pass,0
QC-4524,BATCH-3908,03/04/2026,pass,0
QC-4525,BATCH-6944,2026-12-09,pass,0
QC-4526,BATCH-3250,2026-07-06,PASS,0
QC-4527,BATCH-3606,07/07/2025,Pass,0
QC-4528,BATCH-1948,2026-05-24,pass,0
QC-4529,BATCH-2906,2025-07-11,Pass,0
QC-4530,BATCH-6472,05-06-2026,pass,0
QC-4531,BATCH-1936,2026-12-14,pass,0
QC-4532,BATCH-4855,08/25/2026,pass,0
QC-4533,BATCH-618,2024-06-06,PASS,0
QC-4534,BATCH-6865,11/21/2025,pass,0
QC-4535,BATCH-1381,2024-01-28,Pass,1
QC-4536,BATCH-7364,2025-01-16,PASS,0
QC-4537,BATCH-3352,2024-10-26,PASS,0
QC-4538,BATCH-187,05/03/2024,PASS,0
QC-4539,BATCH-718,2024-11-15,Pass,0
QC-4540,BATCH-7882,18-03-2026,Pass,8
QC-4541,BATCH-5451,25-06-2024,pass,0
QC-4542,BATCH-254,2024-09-24,PASS,0
QC-4543,BATCH-4606,2025-04-13,pass,0
QC-4544,BATCH-5877,02-07-2025,PASS,0
QC-4545,BATCH-7568,2024-09-02,Pass,0
QC-4546,BATCH-3326,2025-12-22,PASS,0
QC-4547,BATCH-4650,2025-08-06,pass,0
QC-4548,BATCH-3404,04/23/2024,pass,0
QC-4549,BATCH-4210,08/01/2024,pass,0
QC-4550,BATCH-2562,2024-08-21,pass,0
QC-4551,BATCH-3908,10/05/2024,Pass,0
QC-4552,BATCH-4787,2024-03-07,PASS,0
QC-4553,BATCH-7167,2025-09-03,Pass,0
QC-4554,BATCH-2932,15-06-2024,PASS,0
QC-4555,BATCH-5893,03/20/2025,fail,0
QC-4556,BATCH-5080,2026-09-19,pass,0
QC-4557,BATCH-6709,2024-07-22,Pass,0
QC-4558,BATCH-4096,02/08/2025,pass,0
QC-4559,BATCH-922,2025-10-23,pass,0
QC-4560,BATCH-6267,26-07-2025,Pass,0
QC-4561,BATCH-5694,08/10/2024,pass,0
QC-4562,BATCH-1295,05/05/2025,PASS,0
QC-4563,BATCH-4124,2024-10-19,pass,0
QC-4564,BATCH-4725,2026-01-22,pass,0
QC-4565,BATCH-4070,08/01/2026,PASS,0
QC-4566,BATCH-5264,04/13/2024,pass,0
QC-4567,BATCH-6229,2024-03-01,PASS,0
QC-4568,BATCH-4669,2024-05-28,Pass,0
QC-4569,BATCH-5732,2026-05-01,Pass,0
QC-4570,BATCH-941,2025-07-27,pass,0
QC-4571,BATCH-1970,2026-07-22,pass,0
QC-4572,BATCH-7446,2025-08-17,PASS,0
QC-4573,BATCH-7902,07/23/2026,pass,0
QC-4574,BATCH-5430,2026-09-21,PASS,0
QC-4575,BATCH-5917,2025-07-07,PASS,0
QC-4576,BATCH-1932,2026-08-26,PASS,7
QC-4577,BATCH-4603,09-01-2025,PASS,20
QC-4578,BATCH-4145,11-06-2025,pass,0
QC-4579,BATCH-3020,01/17/2025,fail,0
QC-4580,BATCH-4072,2026-02-04,Pass,0
QC-4581,BATCH-5203,2026-12-02,PASS,0
QC-4582,BATCH-2822,09/15/2025,pass,0
QC-4583,BATCH-1327,09/09/2025,PASS,0
QC-4584,BATCH-3664,2024-06-28,PASS,0
QC-4585,BATCH-3992,14-11-2026,Pass,0
QC-4586,BATCH-7899,2024-02-11,pass,0
QC-4587,BATCH-1295,2026-07-24,fail,0
QC-4588,BATCH-5536,11/02/2025,fail,0
QC-4589,BATCH-2319,21-09-2025,fail,0
QC-4590,BATCH-6824,2025-05-28,PASS,0
QC-4591,BATCH-4819,2026-01-02,pass,0
QC-4592,BATCH-3060,06/13/2024,pass,8
QC-4593,BATCH-1582,06/21/2024,pass,0
QC-4594,BATCH-4294,03-01-2024,PASS,0
QC-4595,BATCH-4243,2026-06-12,pass,0
QC-4596,BATCH-255,21-07-2025,PASS,0
QC-4597,BATCH-517,2025-06-25,fail,0
QC-4598,BATCH-1988,04/22/2026,pass,0
QC-4599,BATCH-6044,05/17/2025,PASS,0
QC-4600,BATCH-2352,2026-04-09,Pass,0
QC-4601,BATCH-217,2026-08-26,PASS,0
QC-4602,BATCH-4733,2026-06-10,Pass,0
QC-4603,BATCH-4844,02/09/2024,pass,0
QC-4604,BATCH-6195,2025-12-08,Pass,0
QC-4605,BATCH-5493,2026-08-02,Pass,0
QC-4606,BATCH-2541,2026-12-07,Pass,0
QC-4607,BATCH-854,2026-11-03,Pass,0
QC-4608,BATCH-5327,2024-11-16,PASS,0
QC-4609,BATCH-2013,2024-03-13,pass,0
QC-4610,BATCH-4228,2026-07-27,PASS,0
QC-4611,BATCH-775,06/23/2026,Pass,0
QC-4612,BATCH-7371,03/13/2026,Pass,0
QC-4613,BATCH-167,14-12-2025,Pass,0
QC-4614,BATCH-3303,17-05-2024,PASS,0
QC-4615,BATCH-818,18-08-2024,pass,0
QC-4616,BATCH-4981,06/05/2026,PASS,0
QC-4617,BATCH-5960,2024-03-01,Pass,0
QC-4618,BATCH-7918,2026-09-01,PASS,0
QC-4619,BATCH-7567,2025-05-19,Pass,0
QC-4620,BATCH-2034,12/26/2024,Pass,0
QC-4621,BATCH-6873,2024-01-15,fail,7
QC-4622,BATCH-5722,2025-09-12,pass,0
QC-4623,BATCH-6186,10-12-2026,pass,0
QC-4624,BATCH-45,25-09-2025,pass,0
QC-4625,BATCH-1347,06/12/2026,Pass,0
QC-4626,BATCH-2819,01/12/2025,Pass,0
QC-4627,BATCH-733,2026-03-25,Pass,0
QC-4628,BATCH-3649,2024-01-09,PASS,0
QC-4629,BATCH-2426,06/23/2026,Pass,0
QC-4630,BATCH-3448,06/09/2025,PASS,0
QC-4631,BATCH-4116,2026-05-16,Pass,0
QC-4632,BATCH-244,18-10-2024,pass,0
QC-4633,BATCH-2919,20-04-2026,PASS,0
QC-4634,BATCH-7220,03/22/2025,PASS,0
QC-4635,BATCH-3748,13-11-2026,PASS,0
QC-4636,BATCH-3299,2025-07-18,pass,0
QC-4637,BATCH-2611,2024-12-06,PASS,0
QC-4638,BATCH-3681,2024-06-16,Pass,0
QC-4639,BATCH-6938,2025-09-08,Pass,7
QC-4640,BATCH-7316,2025-11-02,pass,13
QC-4641,BATCH-7158,2026-03-14,pass,0
QC-4642,BATCH-4957,2024-06-08,Pass,0
QC-4643,BATCH-6435,01-11-2026,fail,0
QC-4644,BATCH-2030,2026-04-07,PASS,3
QC-4645,BATCH-2223,08/21/2024,Pass,0
QC-4646,BATCH-876,18-08-2026,Pass,0
QC-4647,BATCH-1695,11/16/2026,PASS,0
QC-4648,BATCH-5351,2025-01-12,Pass,0
QC-4649,BATCH-234,2024-02-28,fail,0
QC-4650,BATCH-4298,2026-09-25,pass,0
QC-4651,BATCH-3211,2025-10-12,PASS,0
QC-4652,BATCH-5016,2026-05-09,PASS,0
QC-4653,BATCH-7067,14-04-2024,pass,0
QC-4654,BATCH-6834,2026-09-22,PASS,0
QC-4655,BATCH-2585,08/13/2024,PASS,0
QC-4656,BATCH-2626,07/13/2024,PASS,0
QC-4657,BATCH-3604,2026-11-01,Pass,0
QC-4658,BATCH-723,2024-04-26,pass,0
QC-4659,BATCH-401,2026-08-05,PASS,0
QC-4660,BATCH-2337,05/20/2026,PASS,0
QC-4661,BATCH-1561,05/15/2024,PASS,0
QC-4662,BATCH-4262,2025-02-24,PASS,0
QC-4663,BATCH-1584,04/01/2024,Pass,0
QC-4664,BATCH-6628,2025-02-13,fail,0
QC-4665,BATCH-6679,2026-07-06,pass,0
QC-4666,BATCH-843,2024-10-04,Pass,0
QC-4667,BATCH-265,23-08-2026,pass,0
QC-4668,BATCH-3550,2026-08-22,Pass,0
QC-4669,BATCH-1224,2026-08-15,Pass,0
QC-4670,BATCH-6000,07-05-2024,pass,0
QC-4671,BATCH-2474,2024-11-02,PASS,0
QC-4672,BATCH-7093,05/26/2026,pass,0
QC-4673,BATCH-4786,2026-11-23,pass,0
QC-4674,BATCH-6948,2026-09-13,pass,0
QC-4675,BATCH-53,03/21/2025,pass,0
QC-4676,BATCH-1969,2025-02-21,Pass,0
QC-4677,BATCH-2563,2025-02-14,PASS,0
QC-4678,BATCH-3775,2026-05-10,Pass,0
QC-4679,BATCH-1241,02/15/2024,Pass,0
QC-4680,BATCH-3517,14-10-2025,PASS,0
QC-4681,BATCH-4029,08-06-2025,PASS,0
QC-4682,BATCH-7852,17-05-2025,pass,0
QC-4683,BATCH-2639,2024-02-13,fail,0
QC-4684,BATCH-4998,2025-09-27,pass,0
QC-4685,BATCH-5829,2025-08-03,Pass,0
QC-4686,BATCH-2668,18-01-2026,pass,0
QC-4687,BATCH-2428,2025-07-13,PASS,0
QC-4688,BATCH-7295,12/21/2025,PASS,0
QC-4689,BATCH-6654,2026-06-01,PASS,0
QC-4690,BATCH-5893,2025-01-09,Pass,0
QC-4691,BATCH-6568,11/12/2024,pass,0
QC-4692,BATCH-6647,28-11-2026,PASS,0
QC-4693,BATCH-315,2026-11-06,Pass,0
QC-4694,BATCH-3031,2025-08-13,pass,0
QC-4695,BATCH-388,2025-04-24,pass,0
QC-4696,BATCH-2833,04-12-2024,Pass,0
QC-4697,BATCH-6453,2024-12-05,PASS,0
QC-4698,BATCH-628,2024-03-19,Pass,0
QC-4699,BATCH-4854,01/21/2024,PASS,17
QC-4700,BATCH-2659,05/09/2025,PASS,0
QC-4701,BATCH-2826,2025-07-14,PASS,0
QC-4702,BATCH-1003,2024-01-08,Pass,0
QC-4703,BATCH-6583,12/22/2025,pass,0
QC-4704,BATCH-1281,2025-09-05,PASS,0
QC-4705,BATCH-7304,2024-02-23,Pass,0
QC-4706,BATCH-7322,2024-11-02,PASS,0
QC-4707,BATCH-5618,02/25/2026,PASS,0
QC-4708,BATCH-4047,2025-10-04,Pass,0
QC-4709,BATCH-4625,2024-06-11,Pass,0
QC-4710,BATCH-4941,10/11/2024,pass,0
QC-4711,BATCH-6582,01/09/2024,fail,0
QC-4712,BATCH-5614,13-05-2025,fail,0
QC-4713,BATCH-1279,11/12/2026,pass,0
QC-4714,BATCH-1760,2024-12-13,PASS,0
QC-4715,BATCH-5799,2026-11-09,Pass,0
QC-4716,BATCH-7893,2026-03-13,PASS,0
QC-4717,BATCH-1892,06/01/2026,pass,0
QC-4718,BATCH-5079,2024-03-27,fail,0
QC-4719,BATCH-2791,2025-10-14,PASS,0
QC-4720,BATCH-1516,16-10-2025,Pass,0
QC-4721,BATCH-2837,05/15/2025,Pass,0
QC-4722,BATCH-2409,22-05-2026,PASS,0
QC-4723,BATCH-6936,06/24/2025,PASS,0
QC-4724,BATCH-788,2026-11-21,Pass,0
QC-4725,BATCH-7089,2024-06-06,Pass,0
QC-4726,BATCH-606,2025-06-20,pass,14
QC-4727,BATCH-6270,18-12-2024,Pass,0
QC-4728,BATCH-371,06/12/2024,PASS,0
QC-4729,BATCH-3999,2026-10-24,pass,0
QC-4730,BATCH-554,12/01/2025,PASS,0
QC-4731,BATCH-6373,06/26/2026,pass,0
QC-4732,BATCH-4667,04/28/2025,PASS,0
QC-4733,BATCH-497,23-05-2025,PASS,0
QC-4734,BATCH-6397,2024-12-09,PASS,0
QC-4735,BATCH-2500,2025-12-28,pass,0
QC-4736,BATCH-3267,11/08/2024,pass,0
QC-4737,BATCH-1604,08-03-2024,PASS,0
QC-4738,BATCH-3487,2025-12-05,Pass,0
QC-4739,BATCH-5779,2024-09-17,pass,0
QC-4740,BATCH-569,01/20/2024,fail,0
QC-4741,BATCH-6981,2026-08-27,PASS,0
QC-4742,BATCH-2363,2024-03-11,PASS,0
QC-4743,BATCH-1999,04-02-2024,pass,0
QC-4744,BATCH-990,08/06/2026,PASS,0
QC-4745,BATCH-976,2026-09-11,pass,0
QC-4746,BATCH-4106,2024-09-05,PASS,0
QC-4747,BATCH-7038,2025-07-02,pass,0
QC-4748,BATCH-3612,24-04-2026,PASS,0
QC-4749,BATCH-7716,2025-06-10,pass,0
QC-4750,BATCH-7519,10/26/2025,pass,0
QC-4751,BATCH-2601,2026-06-12,Pass,0
QC-4752,BATCH-15,2024-01-08,PASS,0
QC-4753,BATCH-254,03/11/2026,PASS,0
QC-4754,BATCH-1573,2024-12-18,PASS,1
QC-4755,BATCH-253,2025-01-02,pass,0
QC-4756,BATCH-4675,04/19/2026,pass,0
QC-4757,BATCH-4845,2024-04-10,pass,0
QC-4758,BATCH-7999,2024-06-27,Pass,0
QC-4759,BATCH-1214,12/15/2026,pass,0
QC-4760,BATCH-4215,2024-09-07,Pass,0
QC-4761,BATCH-45,2024-07-27,pass,0
QC-4762,BATCH-7510,2026-10-05,Pass,0
QC-4763,BATCH-1848,12/14/2025,Pass,0
QC-4764,BATCH-705,03/24/2024,pass,0
QC-4765,BATCH-4698,2026-06-07,pass,0
QC-4766,BATCH-7603,05/16/2026,fail,0
QC-4767,BATCH-3025,02/13/2026,Pass,0
QC-4768,BATCH-7504,09/19/2026,fail,0
QC-4769,BATCH-1984,2026-10-06,pass,0
QC-4770,BATCH-3581,23-11-2026,pass,0
QC-4771,BATCH-226,01/17/2024,PASS,0
QC-4772,BATCH-3673,20-04-2026,pass,0
QC-4773,BATCH-4993,2025-09-12,Pass,0
QC-4774,BATCH-3631,04/25/2025,PASS,0
QC-4775,BATCH-7775,06-11-2025,Pass,0
QC-4776,BATCH-7376,13-01-2024,Pass,0
QC-4777,BATCH-1075,16-07-2026,Pass,0
QC-4778,BATCH-2346,2026-02-19,Pass,0
QC-4779,BATCH-5452,2024-12-18,pass,0
QC-4780,BATCH-7311,10/25/2025,Pass,0
QC-4781,BATCH-812,02/24/2026,PASS,15
QC-4782,BATCH-5916,08/10/2024,PASS,0
QC-4783,BATCH-6242,2026-01-06,pass,0
QC-4784,BATCH-1663,2026-07-25,PASS,0
QC-4785,BATCH-7599,08/10/2026,Pass,0
QC-4786,BATCH-1092,2024-11-01,pass,0
QC-4787,BATCH-7009,2026-08-11,PASS,0
QC-4788,BATCH-7500,2025-09-20,PASS,0
QC-4789,BATCH-4655,04/07/2026,pass,0
QC-4790,BATCH-4167,26-11-2024,PASS,0
QC-4791,BATCH-7906,18-06-2026,Pass,0
QC-4792,BATCH-4424,10/23/2024,PASS,0
QC-4793,BATCH-3015,2026-05-02,PASS,0
QC-4794,BATCH-3447,2026-12-03,pass,0
QC-4795,BATCH-6670,2025-05-02,fail,0
QC-4796,BATCH-3812,07/06/2026,PASS,0
QC-4797,BATCH-6696,2024-10-12,PASS,0
QC-4798,BATCH-39,2026-01-05,PASS,13
QC-4799,BATCH-784,14-12-2026,pass,0
QC-4800,BATCH-4585,08/26/2024,pass,9
QC-4801,BATCH-3103,13-04-2026,PASS,0
QC-4802,BATCH-6721,01/11/2024,PASS,0
QC-4803,BATCH-1149,2024-08-09,PASS,0
QC-4804,BATCH-3638,2026-03-23,Pass,0
QC-4805,BATCH-4593,2026-12-04,PASS,0
QC-4806,BATCH-2387,2025-09-05,Pass,0
QC-4807,BATCH-6537,02/06/2024,Pass,0
QC-4808,BATCH-138,2025-11-01,PASS,7
QC-4809,BATCH-2708,10-08-2025,Pass,0
QC-4810,BATCH-7523,09/06/2025,PASS,0
QC-4811,BATCH-6721,2026-02-17,PASS,0
QC-4812,BATCH-6993,12-11-2025,Pass,0
QC-4813,BATCH-1683,27-11-2026,PASS,0
QC-4814,BATCH-3353,2024-08-16,fail,0
QC-4815,BATCH-4225,03/16/2026,Pass,0
QC-4816,BATCH-2320,2025-11-13,PASS,0
QC-4817,BATCH-585,2025-05-18,pass,0
QC-4818,BATCH-5758,09/03/2024,Pass,0
QC-4819,BATCH-3651,2025-06-19,Pass,0
QC-4820,BATCH-6620,2025-01-18,pass,0
QC-4821,BATCH-1000,2025-05-14,pass,0
QC-4822,BATCH-3112,08-03-2026,pass,0
QC-4823,BATCH-5289,19-11-2025,Pass,0
QC-4824,BATCH-5538,03/16/2024,PASS,0
QC-4825,BATCH-4094,2025-01-11,pass,0
QC-4826,BATCH-664,01/01/2024,fail,0
QC-4827,BATCH-5418,11-12-2025,pass,0
QC-4828,BATCH-3599,17-02-2025,pass,0
QC-4829,BATCH-1781,2025-02-11,Pass,0
QC-4830,BATCH-7740,2025-02-06,pass,0
QC-4831,BATCH-1201,06-04-2026,pass,0
QC-4832,BATCH-5228,04/04/2025,pass,0
QC-4833,BATCH-7132,19-11-2024,PASS,0
QC-4834,BATCH-6375,2025-07-18,pass,2
QC-4835,BATCH-1379,2026-06-08,Pass,0
QC-4836,BATCH-2200,09/27/2024,pass,0
QC-4837,BATCH-6430,04-06-2026,pass,0
QC-4838,BATCH-4717,2025-10-13,pass,0
QC-4839,BATCH-1223,2025-01-09,pass,0
QC-4840,BATCH-2102,2025-12-05,pass,0
QC-4841,BATCH-6312,2026-08-19,pass,0
QC-4842,BATCH-6258,2026-07-19,PASS,0
QC-4843,BATCH-2737,05-05-2025,Pass,0
QC-4844,BATCH-6257,19-02-2024,PASS,0
QC-4845,BATCH-5143,01/06/2025,Pass,0
QC-4846,BATCH-1373,2025-12-22,pass,0
QC-4847,BATCH-5705,2026-02-05,fail,0
QC-4848,BATCH-7131,07-11-2025,PASS,0
QC-4849,BATCH-3266,02/06/2026,pass,0
QC-4850,BATCH-3835,2025-12-16,pass,0
QC-4851,BATCH-5138,10/21/2026,pass,0
QC-4852,BATCH-3475,2026-09-22,pass,0
QC-4853,BATCH-1611,02/20/2025,pass,0
QC-4854,BATCH-4671,2024-12-07,pass,0
QC-4855,BATCH-6045,10/24/2025,Pass,0
QC-4856,BATCH-1660,2026-10-12,pass,0
QC-4857,BATCH-5571,03/19/2026,PASS,0
QC-4858,BATCH-1771,2025-08-28,Pass,0
QC-4859,BATCH-3059,25-07-2026,PASS,0
QC-4860,BATCH-7652,03/02/2025,pass,0
QC-4861,BATCH-2821,01/08/2024,pass,0
QC-4862,BATCH-1764,05/20/2026,PASS,0
QC-4863,BATCH-6084,09-08-2026,Pass,0
QC-4864,BATCH-4931,2025-10-20,pass,0
QC-4865,BATCH-6098,2024-10-10,PASS,0
QC-4866,BATCH-5058,2025-06-10,PASS,0
QC-4867,BATCH-4492,08/19/2025,PASS,0
QC-4868,BATCH-7918,09/23/2024,Pass,0
QC-4869,BATCH-6140,23-09-2025,PASS,0
QC-4870,BATCH-3394,05/22/2026,PASS,0
QC-4871,BATCH-3767,2026-05-26,Pass,0
QC-4872,BATCH-7955,2024-03-07,Pass,0
QC-4873,BATCH-214,26-06-2024,PASS,0
QC-4874,BATCH-3982,11/25/2025,Pass,0
QC-4875,BATCH-4451,2024-08-27,Pass,0
QC-4876,BATCH-4496,11/18/2026,fail,0
QC-4877,BATCH-2431,2024-10-09,Pass,0
QC-4878,BATCH-1772,10/16/2026,Pass,0
QC-4879,BATCH-1080,2026-04-20,Pass,19
QC-4880,BATCH-1109,08/26/2026,Pass,0
QC-4881,BATCH-4948,26-06-2024,PASS,0
QC-4882,BATCH-1161,2024-05-15,PASS,0
QC-4883,BATCH-2714,2024-01-22,PASS,0
QC-4884,BATCH-1877,09/05/2025,PASS,0
QC-4885,BATCH-2338,2026-06-26,pass,5
QC-4886,BATCH-5316,2024-06-09,pass,0
QC-4887,BATCH-382,11-05-2025,pass,0
QC-4888,BATCH-1379,10/18/2026,PASS,0
QC-4889,BATCH-1994,2025-08-16,Pass,0
QC-4890,BATCH-894,03/07/2026,PASS,0
QC-4891,BATCH-3080,03/21/2024,Pass,0
QC-4892,BATCH-1868,2024-09-03,PASS,0
QC-4893,BATCH-4212,2026-04-03,pass,0
QC-4894,BATCH-2795,10-07-2026,PASS,0
QC-4895,BATCH-7054,05-08-2024,pass,0
QC-4896,BATCH-3406,2026-08-15,Pass,0
QC-4897,BATCH-2732,12/05/2024,PASS,0
QC-4898,BATCH-1530,2026-06-03,pass,0
QC-4899,BATCH-3148,2025-03-08,pass,13
QC-4900,BATCH-7238,2025-10-01,Pass,0
QC-4901,BATCH-4581,16-04-2024,Pass,0
QC-4902,BATCH-2336,2026-01-04,Pass,0
QC-4903,BATCH-6015,06/12/2026,pass,0
QC-4904,BATCH-7593,2024-02-26,Pass,0
QC-4905,BATCH-1012,02/19/2026,Pass,0
QC-4906,BATCH-1130,28-01-2024,PASS,0
QC-4907,BATCH-4722,11/15/2024,fail,0
QC-4908,BATCH-663,11-07-2026,PASS,0
QC-4909,BATCH-7462,08/23/2025,Pass,0
QC-4910,BATCH-3888,08/16/2025,fail,0
QC-4911,BATCH-4592,2024-10-08,pass,0
QC-4912,BATCH-1496,2024-09-06,PASS,0
QC-4913,BATCH-2687,2026-06-11,PASS,0
QC-4914,BATCH-4633,2024-10-18,pass,0
QC-4915,BATCH-4355,09/25/2026,PASS,0
QC-4916,BATCH-3612,2025-06-08,PASS,0
QC-4917,BATCH-1412,05/06/2025,PASS,0
QC-4918,BATCH-6891,2026-08-06,PASS,0
QC-4919,BATCH-7698,10/28/2026,PASS,0
QC-4920,BATCH-3851,2025-01-11,PASS,0
QC-4921,BATCH-5779,2026-08-09,PASS,0
QC-4922,BATCH-3182,02/10/2024,pass,0
QC-4923,BATCH-7604,04/11/2026,pass,0
QC-4924,BATCH-6652,2025-11-14,Pass,0
QC-4925,BATCH-1108,2026-10-19,Pass,0
QC-4926,BATCH-2437,2025-09-21,pass,0
QC-4927,BATCH-4007,2026-09-15,fail,0
QC-4928,BATCH-6505,08-06-2024,fail,0
QC-4929,BATCH-4188,09/27/2026,PASS,0
QC-4930,BATCH-3784,01/21/2026,Pass,0
QC-4931,BATCH-2561,18-10-2024,Pass,0
QC-4932,BATCH-7534,2024-09-20,PASS,0
QC-4933,BATCH-6005,21-01-2026,pass,0
QC-4934,BATCH-7691,2026-05-21,Pass,0
QC-4935,BATCH-163,02/26/2024,PASS,0
QC-4936,BATCH-5988,2026-01-04,pass,0
QC-4937,BATCH-3851,2024-08-27,fail,0
QC-4938,BATCH-14,01/01/2025,PASS,0
QC-4939,BATCH-4295,2024-12-01,fail,0
QC-4940,BATCH-5007,2026-01-20,fail,0
QC-4941,BATCH-3626,2026-05-07,Pass,0
QC-4942,BATCH-7912,04-07-2026,pass,0
QC-4943,BATCH-7554,2025-06-23,Pass,6
QC-4944,BATCH-2826,2026-08-13,Pass,0
QC-4945,BATCH-6992,2024-01-11,pass,0
QC-4946,BATCH-7961,2025-01-13,PASS,0
QC-4947,BATCH-3542,2026-11-24,PASS,0
QC-4948,BATCH-4883,04-09-2026,PASS,0
QC-4949,BATCH-7149,04/19/2025,pass,0
QC-4950,BATCH-4405,2026-06-23,PASS,0
QC-4951,BATCH-6465,15-09-2026,PASS,0
QC-4952,BATCH-6924,2024-08-03,pass,0
QC-4953,BATCH-1886,2026-11-15,PASS,0
QC-4954,BATCH-7407,2026-04-14,pass,0
QC-4955,BATCH-3849,12/09/2026,fail,0
QC-4956,BATCH-3036,20-01-2025,pass,0
QC-4957,BATCH-7513,2024-12-08,PASS,16
QC-4958,BATCH-6685,12/07/2025,fail,0
QC-4959,BATCH-257,09/02/2026,PASS,0
QC-4960,BATCH-4693,08/06/2025,Pass,0
QC-4961,BATCH-7339,2024-12-09,pass,0
QC-4962,BATCH-4273,03/19/2024,pass,0
QC-4963,BATCH-1160,2026-05-15,PASS,0
QC-4964,BATCH-3159,2025-02-18,PASS,0
QC-4965,BATCH-921,2026-08-04,pass,0
QC-4966,BATCH-410,2025-02-04,pass,0
QC-4967,BATCH-4570,2024-11-01,pass,0
QC-4968,BATCH-4653,07/18/2026,PASS,0
QC-4969,BATCH-3503,02/10/2024,PASS,12
QC-4970,BATCH-4453,2025-08-26,pass,0
QC-4971,BATCH-7671,11/08/2026,Pass,0
QC-4972,BATCH-6765,2026-04-06,pass,0
QC-4973,BATCH-6654,01-04-2026,Pass,0
QC-4974,BATCH-7742,2026-08-26,Pass,0
QC-4975,BATCH-4738,15-09-2025,PASS,0
QC-4976,BATCH-4469,06-03-2024,PASS,0
QC-4977,BATCH-7182,08-09-2025,fail,0
QC-4978,BATCH-2199,04/20/2025,Pass,0
QC-4979,BATCH-1676,2025-04-21,pass,0
QC-4980,BATCH-1974,2025-09-27,PASS,0
QC-4981,BATCH-404,05/09/2025,pass,0
QC-4982,BATCH-2404,2025-11-01,Pass,0
QC-4983,BATCH-2657,10/20/2026,Pass,0
QC-4984,BATCH-6043,2024-05-26,pass,0
QC-4985,BATCH-7291,2024-06-03,PASS,0
QC-4986,BATCH-5534,2024-10-09,PASS,0
QC-4987,BATCH-1399,2024-02-01,fail,4
QC-4988,BATCH-7979,11/11/2026,Pass,0
QC-4989,BATCH-4624,05/10/2025,Pass,0
QC-4990,BATCH-7023,01/23/2025,pass,0
QC-4991,BATCH-170,04/17/2025,Pass,0
QC-4992,BATCH-4082,2026-07-01,pass,0
QC-4993,BATCH-5426,04-06-2025,pass,0
QC-4994,BATCH-2388,03/21/2025,Pass,0
QC-4995,BATCH-6568,13-11-2024,PASS,4
QC-4996,BATCH-6557,28-03-2026,PASS,0
QC-4997,BATCH-82,04/17/2025,PASS,0
QC-4998,BATCH-3212,2025-12-19,pass,0
QC-4999,BATCH-2524,12/05/2024,PASS,0
QC-5000,BATCH-5380,05-06-2024,PASS,0
QC-5001,BATCH-7816,2024-07-26,PASS,0
QC-5002,BATCH-5,2026-10-07,pass,0
QC-5003,BATCH-2558,2026-11-21,Pass,0
QC-5004,BATCH-552,01/25/2025,pass,0
QC-5005,BATCH-6070,2026-10-21,PASS,0
QC-5006,BATCH-6171,2024-04-09,PASS,0
QC-5007,BATCH-6568,04/13/2026,Pass,0
QC-5008,BATCH-6161,2026-06-22,Pass,0
QC-5009,BATCH-1618,11/14/2025,Pass,0
QC-5010,BATCH-4293,2026-10-13,fail,20
QC-5011,BATCH-447,21-07-2026,Pass,0
QC-5012,BATCH-4095,03/18/2024,PASS,0
QC-5013,BATCH-3357,2024-10-02,pass,0
QC-5014,BATCH-7318,2025-07-08,pass,0
QC-5015,BATCH-6558,24-11-2024,pass,0
QC-5016,BATCH-837,12/03/2025,pass,0
QC-5017,BATCH-1159,2025-03-06,PASS,0
QC-5018,BATCH-7354,2024-03-14,Pass,0
QC-5019,BATCH-4947,2024-01-07,pass,0
QC-5020,BATCH-5888,17-09-2025,PASS,0
QC-5021,BATCH-3253,2026-06-20,Pass,0
QC-5022,BATCH-2957,2025-01-24,pass,0
QC-5023,BATCH-432,07-02-2026,Pass,0
QC-5024,BATCH-7723,02/21/2024,PASS,0
QC-5025,BATCH-7416,2025-03-16,PASS,0
QC-5026,BATCH-5160,2026-01-02,PASS,0
QC-5027,BATCH-3393,06-04-2025,pass,0
QC-5028,BATCH-7852,2025-10-18,Pass,0
QC-5029,BATCH-6453,2026-03-19,PASS,0
QC-5030,BATCH-1875,2026-11-23,PASS,0
QC-5031,BATCH-2030,21-05-2025,PASS,0
QC-5032,BATCH-5749,07/03/2025,pass,0
QC-5033,BATCH-4578,03-04-2026,PASS,0
QC-5034,BATCH-3446,2025-07-12,Pass,0
QC-5035,BATCH-1804,12/15/2025,fail,0
QC-5036,BATCH-3726,03/04/2026,Pass,0
QC-5037,BATCH-5432,2025-12-04,pass,0
QC-5038,BATCH-173,2026-10-27,PASS,0
QC-5039,BATCH-6267,2025-05-25,Pass,0
QC-5040,BATCH-7456,04-01-2025,PASS,0
QC-5041,BATCH-2180,06/04/2024,Pass,0
QC-5042,BATCH-6206,2024-10-18,Pass,0
QC-5043,BATCH-7752,2025-01-04,pass,0
QC-5044,BATCH-3031,2026-06-04,Pass,4
QC-5045,BATCH-6568,08/13/2026,Pass,0
QC-5046,BATCH-3854,23-01-2024,Pass,0
QC-5047,BATCH-3385,2024-07-03,Pass,0
QC-5048,BATCH-7829,08/27/2026,pass,0
QC-5049,BATCH-6507,2026-02-08,pass,0
QC-5050,BATCH-5098,2026-03-01,Pass,0
QC-5051,BATCH-4766,2025-09-27,Pass,0
QC-5052,BATCH-1595,2025-11-04,PASS,0
QC-5053,BATCH-2223,2024-11-16,pass,0
QC-5054,BATCH-4136,08/05/2026,PASS,14
QC-5055,BATCH-5632,12/02/2026,Pass,0
QC-5056,BATCH-1925,2024-01-05,pass,0
QC-5057,BATCH-4396,2024-11-16,fail,0
QC-5058,BATCH-6857,07/16/2025,PASS,0
QC-5059,BATCH-550,12-11-2025,PASS,0
QC-5060,BATCH-1216,09/23/2025,PASS,0
QC-5061,BATCH-2171,03/21/2025,fail,0
QC-5062,BATCH-6512,07/10/2025,pass,0
QC-5063,BATCH-2061,2025-11-09,Pass,0
QC-5064,BATCH-6322,2024-04-05,PASS,0
QC-5065,BATCH-6416,06/13/2026,PASS,0
QC-5066,BATCH-3648,2026-10-22,pass,0
QC-5067,BATCH-657,2024-12-27,PASS,0
QC-5068,BATCH-5442,08/09/2024,PASS,0
QC-5069,BATCH-706,2026-10-08,pass,0
QC-5070,BATCH-3475,10/22/2025,PASS,0
QC-5071,BATCH-5385,09-09-2026,pass,0
QC-5072,BATCH-6759,2024-10-01,Pass,0
QC-5073,BATCH-4657,2024-01-16,PASS,0
QC-5074,BATCH-1955,2024-02-28,Pass,0
QC-5075,BATCH-4971,05/25/2024,Pass,0
QC-5076,BATCH-5300,11/14/2026,pass,0
QC-5077,BATCH-7544,2024-01-15,Pass,20
QC-5078,BATCH-7962,12/06/2024,PASS,0
QC-5079,BATCH-3968,2024-07-28,Pass,0
QC-5080,BATCH-3453,12/14/2024,pass,17
QC-5081,BATCH-7930,10/10/2025,pass,0
QC-5082,BATCH-2773,27-03-2025,Pass,0
QC-5083,BATCH-942,11/27/2025,PASS,0
QC-5084,BATCH-984,08-06-2024,pass,0
QC-5085,BATCH-2036,07/01/2026,fail,0
QC-5086,BATCH-3780,2026-06-03,PASS,0
QC-5087,BATCH-2187,09/24/2025,Pass,0
QC-5088,BATCH-7877,07/09/2025,PASS,0
QC-5089,BATCH-4895,2026-11-01,pass,0
QC-5090,BATCH-2246,09/03/2024,Pass,0
QC-5091,BATCH-4498,07-06-2025,Pass,0
QC-5092,BATCH-5591,14-02-2025,Pass,0
QC-5093,BATCH-3991,2025-07-04,PASS,0
QC-5094,BATCH-5334,2024-06-13,pass,0
QC-5095,BATCH-7157,2026-04-07,fail,7
QC-5096,BATCH-1675,13-11-2024,Pass,0
QC-5097,BATCH-4773,2024-01-17,Pass,0
QC-5098,BATCH-5893,2026-11-21,fail,0
QC-5099,BATCH-5411,2025-03-06,pass,0
QC-5100,BATCH-3537,2024-06-19,fail,0
QC-5101,BATCH-3203,2025-08-06,PASS,0
QC-5102,BATCH-5977,2024-02-15,Pass,0
QC-5103,BATCH-6710,2024-03-11,pass,6
QC-5104,BATCH-7391,25-03-2026,PASS,0
QC-5105,BATCH-4031,2025-02-27,Pass,0
QC-5106,BATCH-2047,2024-03-17,pass,0
QC-5107,BATCH-4803,2025-02-07,pass,0
QC-5108,BATCH-4302,2026-05-06,Pass,0
QC-5109,BATCH-1542,14-07-2025,pass,5
QC-5110,BATCH-3411,2024-04-23,PASS,0
QC-5111,BATCH-3180,2024-03-02,pass,0
QC-5112,BATCH-2868,05/03/2024,PASS,0
QC-5113,BATCH-493,01-12-2024,PASS,0
QC-5114,BATCH-3028,2024-06-11,PASS,0
QC-5115,BATCH-4982,16-08-2025,PASS,0
QC-5116,BATCH-242,05/25/2026,pass,0
QC-5117,BATCH-3009,2024-09-24,Pass,0
QC-5118,BATCH-1680,2025-12-24,Pass,0
QC-5119,BATCH-4651,10/07/2026,pass,0
QC-5120,BATCH-3644,02-03-2024,Pass,0
QC-5121,BATCH-5293,01/09/2024,pass,0
QC-5122,BATCH-5539,19-01-2024,Pass,0
QC-5123,BATCH-2736,2026-05-20,PASS,0
QC-5124,BATCH-7318,27-10-2024,pass,0
QC-5125,BATCH-4318,10-03-2025,pass,0
QC-5126,BATCH-4279,2025-09-11,pass,17
QC-5127,BATCH-1711,2025-08-27,fail,0
QC-5128,BATCH-2640,04-01-2025,Pass,0
QC-5129,BATCH-5551,11-09-2024,pass,0
QC-5130,BATCH-1180,01/01/2024,PASS,0
QC-5131,BATCH-1215,12-02-2025,Pass,0
QC-5132,BATCH-1839,09/26/2024,Pass,0
QC-5133,BATCH-3906,2026-02-25,pass,0
QC-5134,BATCH-5821,04/26/2026,pass,0
QC-5135,BATCH-6102,2025-12-12,PASS,0
QC-5136,BATCH-4976,24-03-2024,PASS,0
QC-5137,BATCH-4792,06/18/2026,PASS,0
QC-5138,BATCH-3972,03-11-2025,pass,0
QC-5139,BATCH-5597,2025-05-21,pass,0
QC-5140,BATCH-5942,2024-08-25,fail,0
QC-5141,BATCH-3179,2025-09-22,Pass,0
QC-5142,BATCH-1879,2024-02-07,PASS,0
QC-5143,BATCH-5307,2024-08-12,pass,0
QC-5144,BATCH-4631,2024-11-15,Pass,0
QC-5145,BATCH-2826,2024-05-25,pass,0
QC-5146,BATCH-3292,2026-06-22,PASS,0
QC-5147,BATCH-1691,07-09-2026,pass,0
QC-5148,BATCH-4987,02-08-2026,pass,0
QC-5149,BATCH-7272,07/10/2026,pass,0
QC-5150,BATCH-448,22-04-2026,Pass,0
QC-5151,BATCH-4539,02/26/2025,Pass,0
QC-5152,BATCH-817,2026-08-13,Pass,0
QC-5153,BATCH-7256,2024-04-17,pass,0
QC-5154,BATCH-3244,11/05/2024,PASS,0
QC-5155,BATCH-6556,11/25/2024,pass,9
QC-5156,BATCH-2192,05/24/2025,Pass,0
QC-5157,BATCH-817,2024-02-02,PASS,0
QC-5158,BATCH-5000,07/23/2025,pass,0
QC-5159,BATCH-6988,2025-08-10,PASS,0
QC-5160,BATCH-4416,06/16/2025,PASS,0
QC-5161,BATCH-5997,2024-10-12,PASS,0
QC-5162,BATCH-2248,2024-09-10,PASS,0
QC-5163,BATCH-50,2026-06-05,PASS,0
QC-5164,BATCH-6926,10/10/2024,Pass,0
QC-5165,BATCH-4651,14-06-2024,fail,0
QC-5166,BATCH-471,11/01/2026,fail,0
QC-5167,BATCH-3866,2025-12-09,pass,0
QC-5168,BATCH-1047,2026-05-27,Pass,0
QC-5169,BATCH-7498,2026-01-19,pass,0
QC-5170,BATCH-5918,09/24/2025,Pass,0
QC-5171,BATCH-1463,2026-04-25,pass,0
QC-5172,BATCH-890,10-10-2026,Pass,0
QC-5173,BATCH-1876,08/27/2026,Pass,0
QC-5174,BATCH-2990,28-10-2024,pass,0
QC-5175,BATCH-2242,2026-04-06,PASS,0
QC-5176,BATCH-4392,2026-09-27,pass,0
QC-5177,BATCH-4514,2024-06-15,PASS,0
QC-5178,BATCH-7928,2026-02-09,pass,0
QC-5179,BATCH-7262,11/08/2024,Pass,0
QC-5180,BATCH-3256,02/08/2026,PASS,0
QC-5181,BATCH-5801,2024-01-13,Pass,0
QC-5182,BATCH-5510,02/21/2025,pass,0
QC-5183,BATCH-7257,10/06/2026,Pass,0
QC-5184,BATCH-3521,17-12-2026,PASS,0
QC-5185,BATCH-5942,04/14/2025,pass,20
QC-5186,BATCH-3143,2024-01-02,Pass,0
QC-5187,BATCH-1162,2024-12-25,Pass,0
QC-5188,BATCH-5925,27-06-2026,Pass,0
QC-5189,BATCH-3992,2025-11-08,Pass,0
QC-5190,BATCH-3508,06/02/2024,pass,0
QC-5191,BATCH-7050,05-05-2026,PASS,0
QC-5192,BATCH-152,01-12-2026,PASS,0
QC-5193,BATCH-1363,12/21/2024,Pass,0
QC-5194,BATCH-748,2024-12-20,pass,0
QC-5195,BATCH-1560,2024-11-05,Pass,0
QC-5196,BATCH-1901,2025-02-17,pass,0
QC-5197,BATCH-5876,2024-10-10,fail,0
QC-5198,BATCH-4838,05/07/2024,PASS,0
QC-5199,BATCH-5917,05/28/2025,pass,0
QC-5200,BATCH-2762,03/17/2025,fail,4
QC-5201,BATCH-6017,2024-03-28,PASS,0
QC-5202,BATCH-3572,2024-03-13,pass,0
QC-5203,BATCH-5731,14-05-2025,fail,0
QC-5204,BATCH-5372,2026-12-10,PASS,0
QC-5205,BATCH-117,2025-10-12,Pass,0
QC-5206,BATCH-4810,02/14/2024,Pass,14
QC-5207,BATCH-4891,05/01/2026,pass,0
QC-5208,BATCH-1433,06/24/2025,pass,0
QC-5209,BATCH-2477,2026-02-22,Pass,0
QC-5210,BATCH-7776,2024-06-11,PASS,0
QC-5211,BATCH-6220,2026-03-15,pass,0
QC-5212,BATCH-4910,06-05-2026,Pass,0
QC-5213,BATCH-2941,10/13/2025,pass,0
QC-5214,BATCH-2443,2026-12-21,Pass,0
QC-5215,BATCH-2629,2024-08-19,fail,0
QC-5216,BATCH-5284,2026-02-12,fail,0
QC-5217,BATCH-2886,2025-12-20,pass,0
QC-5218,BATCH-2779,2024-02-08,Pass,0
QC-5219,BATCH-2069,2025-12-19,PASS,0
QC-5220,BATCH-4822,01/05/2026,Pass,0
QC-5221,BATCH-2473,08/14/2026,PASS,0
QC-5222,BATCH-5262,2026-12-17,Pass,0
QC-5223,BATCH-1078,2025-12-06,pass,0
QC-5224,BATCH-2114,2025-02-26,PASS,0
QC-5225,BATCH-7499,2025-05-04,Pass,0
QC-5226,BATCH-2641,2025-11-06,Pass,0
QC-5227,BATCH-4604,08/05/2026,PASS,5
QC-5228,BATCH-5705,05-02-2025,PASS,0
QC-5229,BATCH-7737,07-06-2024,pass,0
QC-5230,BATCH-5814,2026-05-12,pass,0
QC-5231,BATCH-3348,2026-06-24,PASS,0
QC-5232,BATCH-2169,2025-12-12,Pass,8
QC-5233,BATCH-6437,01/23/2024,PASS,0
QC-5234,BATCH-6351,18-06-2026,Pass,0
QC-5235,BATCH-2409,2026-09-11,Pass,0
QC-5236,BATCH-6344,08/26/2024,PASS,0
QC-5237,BATCH-6651,2025-04-11,Pass,0
QC-5238,BATCH-7263,2026-06-09,pass,0
QC-5239,BATCH-4779,05/19/2024,Pass,0
QC-5240,BATCH-4260,2026-06-26,Pass,0
QC-5241,BATCH-2103,2025-10-20,Pass,0
QC-5242,BATCH-2946,02/24/2024,fail,0
QC-5243,BATCH-5101,12/10/2026,Pass,0
QC-5244,BATCH-6349,12/04/2025,Pass,0
QC-5245,BATCH-142,2026-02-28,fail,0
QC-5246,BATCH-6314,19-03-2024,pass,0
QC-5247,BATCH-4718,2024-12-15,Pass,0
QC-5248,BATCH-7234,22-03-2024,pass,0
QC-5249,BATCH-7380,02-11-2026,PASS,0
QC-5250,BATCH-2871,21-05-2026,pass,0
QC-5251,BATCH-3767,27-08-2024,pass,0
QC-5252,BATCH-4614,11/07/2026,Pass,0
QC-5253,BATCH-6377,01/21/2025,pass,0
QC-5254,BATCH-6335,2024-06-25,PASS,0
QC-5255,BATCH-2047,17-12-2026,Pass,0
QC-5256,BATCH-7175,12-07-2025,PASS,0
QC-5257,BATCH-4099,05/13/2024,fail,0
QC-5258,BATCH-2059,2026-03-14,fail,0
QC-5259,BATCH-6358,11/09/2026,Pass,0
QC-5260,BATCH-1611,2024-10-10,pass,0
QC-5261,BATCH-2663,2026-03-07,Pass,0
QC-5262,BATCH-5100,2025-07-26,pass,0
QC-5263,BATCH-1790,2025-06-03,Pass,18
QC-5264,BATCH-6851,10/25/2024,Pass,0
QC-5265,BATCH-6123,09/26/2026,pass,0
QC-5266,BATCH-7627,08/28/2025,PASS,0
QC-5267,BATCH-7018,2024-12-03,PASS,0
QC-5268,BATCH-3449,2026-02-09,pass,0
QC-5269,BATCH-1364,06/23/2025,pass,0
QC-5270,BATCH-3493,2025-09-24,pass,0
QC-5271,BATCH-2377,04/12/2026,PASS,0
QC-5272,BATCH-7647,2025-12-01,Pass,0
QC-5273,BATCH-67,2024-01-28,PASS,19
QC-5274,BATCH-3638,10/18/2026,pass,0
QC-5275,BATCH-3828,12/08/2025,Pass,0
QC-5276,BATCH-6161,2024-10-06,pass,0
QC-5277,BATCH-1758,02/01/2024,pass,0
QC-5278,BATCH-5613,04/18/2025,pass,0
QC-5279,BATCH-7140,08-07-2024,pass,0
QC-5280,BATCH-4058,10-02-2026,fail,10
QC-5281,BATCH-3533,03-12-2025,PASS,0
QC-5282,BATCH-2249,2026-02-07,fail,0
QC-5283,BATCH-5280,2026-02-23,Pass,0
QC-5284,BATCH-7984,2025-06-09,pass,0
QC-5285,BATCH-1950,2026-08-13,pass,0
QC-5286,BATCH-2745,2026-12-26,Pass,0
QC-5287,BATCH-6512,2026-03-03,PASS,0
QC-5288,BATCH-2955,11/28/2025,PASS,0
QC-5289,BATCH-3440,2024-03-11,Pass,0
QC-5290,BATCH-4026,2025-01-17,PASS,0
QC-5291,BATCH-7102,06/26/2026,fail,0
QC-5292,BATCH-1767,23-02-2026,Pass,0
QC-5293,BATCH-4077,2025-01-26,pass,0
QC-5294,BATCH-4195,2025-10-05,PASS,0
QC-5295,BATCH-1149,09/19/2024,Pass,0
QC-5296,BATCH-1581,04/06/2025,pass,0
QC-5297,BATCH-785,2026-02-12,fail,0
QC-5298,BATCH-6317,2025-09-16,PASS,0
QC-5299,BATCH-422,2026-01-20,PASS,13
QC-5300,BATCH-2315,12/24/2025,pass,0
QC-5301,BATCH-3076,02-04-2025,PASS,0
QC-5302,BATCH-4488,2024-06-05,PASS,0
QC-5303,BATCH-2724,08-07-2026,PASS,0
QC-5304,BATCH-886,2026-05-05,pass,0
QC-5305,BATCH-3156,2024-08-25,pass,0
QC-5306,BATCH-3253,2026-06-01,pass,0
QC-5307,BATCH-2526,26-01-2025,PASS,0
QC-5308,BATCH-5745,2024-07-14,pass,0
QC-5309,BATCH-6153,12/25/2025,PASS,0
QC-5310,BATCH-7509,10/27/2025,PASS,0
QC-5311,BATCH-5506,2025-06-20,PASS,0
QC-5312,BATCH-4615,2025-12-15,PASS,0
QC-5313,BATCH-331,2025-04-17,pass,0
QC-5314,BATCH-758,2026-02-02,PASS,0
QC-5315,BATCH-7189,12/01/2025,PASS,8
QC-5316,BATCH-1118,05/21/2025,Pass,0
QC-5317,BATCH-7118,2025-09-20,PASS,0
QC-5318,BATCH-5944,2024-06-10,PASS,0
QC-5319,BATCH-2756,2024-09-20,pass,0
QC-5320,BATCH-6423,2026-12-01,pass,0
QC-5321,BATCH-2750,2025-05-19,pass,0
QC-5322,BATCH-2873,2024-09-09,pass,0
QC-5323,BATCH-6588,24-08-2024,pass,8
QC-5324,BATCH-5131,2026-07-28,pass,0
QC-5325,BATCH-1891,2026-09-26,PASS,0
QC-5326,BATCH-318,03/26/2024,pass,0
QC-5327,BATCH-5900,12/06/2025,Pass,0
QC-5328,BATCH-46,11-08-2024,pass,0
QC-5329,BATCH-6516,02/17/2025,pass,0
QC-5330,BATCH-93,05/18/2026,PASS,0
QC-5331,BATCH-2069,2024-09-10,PASS,0
QC-5332,BATCH-6584,2025-12-26,PASS,0
QC-5333,BATCH-6981,2026-11-21,pass,0
QC-5334,BATCH-1241,08/09/2024,PASS,0
QC-5335,BATCH-2938,23-12-2026,Pass,0
QC-5336,BATCH-1791,2024-08-02,PASS,0
QC-5337,BATCH-7329,2026-08-01,pass,0
QC-5338,BATCH-3363,01/06/2024,Pass,0
QC-5339,BATCH-7837,10-09-2026,pass,0
QC-5340,BATCH-615,12/07/2024,PASS,0
QC-5341,BATCH-3458,22-01-2025,Pass,0
QC-5342,BATCH-4788,10/08/2025,pass,0
QC-5343,BATCH-7908,2026-10-03,PASS,0
QC-5344,BATCH-4126,11/20/2026,PASS,0
QC-5345,BATCH-5175,07-07-2025,fail,0
QC-5346,BATCH-2248,24-07-2025,PASS,0
QC-5347,BATCH-2503,2026-06-08,Pass,3
QC-5348,BATCH-2745,2025-05-26,PASS,0
QC-5349,BATCH-7329,2025-10-27,PASS,0
QC-5350,BATCH-6001,2025-07-17,PASS,20
QC-5351,BATCH-5966,2025-11-15,PASS,0
QC-5352,BATCH-1033,19-04-2025,pass,0
QC-5353,BATCH-4742,2024-03-10,pass,0
QC-5354,BATCH-4270,2025-11-08,PASS,0
QC-5355,BATCH-7256,17-09-2025,PASS,0
QC-5356,BATCH-1933,02-02-2025,PASS,0
QC-5357,BATCH-6460,2025-01-16,fail,0
QC-5358,BATCH-4808,12-09-2024,Pass,0
QC-5359,BATCH-7452,2024-01-11,pass,0
QC-5360,BATCH-3448,02/06/2026,pass,0
QC-5361,BATCH-7679,03-04-2024,pass,0
QC-5362,BATCH-6951,28-12-2026,Pass,0
QC-5363,BATCH-5091,02/22/2025,pass,12
QC-5364,BATCH-6338,2024-10-19,PASS,0
QC-5365,BATCH-4070,2024-01-10,Pass,0
QC-5366,BATCH-6403,16-05-2024,PASS,0
QC-5367,BATCH-4274,2026-11-17,Pass,0
QC-5368,BATCH-51,07-08-2026,pass,0
QC-5369,BATCH-6319,04/04/2026,pass,0
QC-5370,BATCH-7421,2026-11-28,pass,0
QC-5371,BATCH-7101,03/24/2025,pass,0
QC-5372,BATCH-1131,2025-01-08,fail,0
QC-5373,BATCH-3017,08/01/2026,pass,0
QC-5374,BATCH-4910,08/18/2024,Pass,0
QC-5375,BATCH-5140,21-04-2024,Pass,0
QC-5376,BATCH-4112,05/19/2026,pass,0
QC-5377,BATCH-7464,05/20/2025,pass,0
QC-5378,BATCH-633,2026-02-18,pass,0
QC-5379,BATCH-7285,02/25/2025,PASS,0
QC-5380,BATCH-5075,28-08-2024,Pass,0
QC-5381,BATCH-1177,2024-06-26,pass,0
QC-5382,BATCH-7673,2024-11-23,pass,9
QC-5383,BATCH-7751,2025-02-20,PASS,0
QC-5384,BATCH-7585,07/27/2025,PASS,0
QC-5385,BATCH-6544,02/28/2024,Pass,0
QC-5386,BATCH-2157,12-08-2024,pass,0
QC-5387,BATCH-6573,04/01/2026,Pass,0
QC-5388,BATCH-1745,2026-02-07,PASS,2
QC-5389,BATCH-4837,2024-11-15,fail,0
QC-5390,BATCH-6028,23-10-2024,PASS,0
QC-5391,BATCH-759,2026-07-06,PASS,0
QC-5392,BATCH-1193,11/05/2025,pass,0
QC-5393,BATCH-1023,13-12-2026,Pass,0
QC-5394,BATCH-1419,12-10-2026,pass,0
QC-5395,BATCH-6985,2025-02-18,PASS,0
QC-5396,BATCH-7821,04/03/2025,PASS,0
QC-5397,BATCH-5043,05/09/2024,Pass,0
QC-5398,BATCH-7752,26-01-2025,pass,0
QC-5399,BATCH-4103,02/26/2026,PASS,0
QC-5400,BATCH-3411,2026-04-08,PASS,0
QC-5401,BATCH-498,2024-03-26,pass,0
QC-5402,BATCH-5367,02/09/2024,Pass,0
QC-5403,BATCH-7394,2025-01-03,Pass,0
QC-5404,BATCH-3174,18-11-2026,pass,0
QC-5405,BATCH-5593,22-07-2025,PASS,0
QC-5406,BATCH-438,2026-06-03,PASS,0
QC-5407,BATCH-4496,2024-02-23,PASS,0
QC-5408,BATCH-1384,12/16/2025,pass,0
QC-5409,BATCH-4931,2024-09-15,fail,0
QC-5410,BATCH-5009,2024-06-19,pass,0
QC-5411,BATCH-3059,2026-09-28,PASS,0
QC-5412,BATCH-4482,2024-05-16,PASS,0
QC-5413,BATCH-3733,2024-03-07,PASS,0
QC-5414,BATCH-2399,24-12-2026,Pass,14
QC-5415,BATCH-6025,07/02/2025,PASS,0
QC-5416,BATCH-4439,2025-03-19,PASS,0
QC-5417,BATCH-2365,2024-05-24,Pass,0
QC-5418,BATCH-652,21-03-2026,pass,0
QC-5419,BATCH-760,2026-05-11,Pass,0
QC-5420,BATCH-3537,2025-02-11,Pass,0
QC-5421,BATCH-1235,12/27/2024,PASS,0
QC-5422,BATCH-1838,24-09-2024,fail,0
QC-5423,BATCH-1324,2025-11-27,PASS,0
QC-5424,BATCH-2582,12/26/2025,pass,0
QC-5425,BATCH-3887,2025-09-04,PASS,0
QC-5426,BATCH-96,2024-03-11,fail,0
QC-5427,BATCH-7159,2026-06-27,pass,0
QC-5428,BATCH-3965,2024-04-03,fail,0
QC-5429,BATCH-2734,2025-10-16,Pass,0
QC-5430,BATCH-3090,2025-04-05,fail,0
QC-5431,BATCH-3611,12/18/2025,PASS,0
QC-5432,BATCH-1170,2026-04-12,pass,0
QC-5433,BATCH-5630,06/24/2025,pass,0
QC-5434,BATCH-1584,04/03/2026,pass,0
QC-5435,BATCH-4012,2025-09-24,fail,0
QC-5436,BATCH-1239,01/17/2026,pass,0
QC-5437,BATCH-6176,2026-06-14,Pass,0
QC-5438,BATCH-48,2025-05-26,PASS,0
QC-5439,BATCH-3942,2024-11-07,Pass,8
QC-5440,BATCH-1542,06-01-2025,PASS,0
QC-5441,BATCH-551,04-03-2024,pass,0
QC-5442,BATCH-2135,04-05-2024,PASS,0
QC-5443,BATCH-1400,2026-12-19,pass,0
QC-5444,BATCH-7604,2025-07-11,PASS,0
QC-5445,BATCH-921,2025-05-11,PASS,0
QC-5446,BATCH-365,2025-06-19,PASS,0
QC-5447,BATCH-7401,2026-07-12,PASS,0
QC-5448,BATCH-7598,2026-01-05,PASS,0
QC-5449,BATCH-4893,2025-09-20,PASS,0
QC-5450,BATCH-4663,10/17/2024,PASS,0
QC-5451,BATCH-5426,2025-02-24,PASS,0
QC-5452,BATCH-1611,02-05-2025,pass,0
QC-5453,BATCH-4013,2024-10-11,Pass,0
QC-5454,BATCH-74,06/02/2024,pass,0
QC-5455,BATCH-2602,10/12/2024,pass,0
QC-5456,BATCH-4658,2026-08-14,pass,0
QC-5457,BATCH-6472,2025-05-06,PASS,0
QC-5458,BATCH-6258,2026-02-23,Pass,0
QC-5459,BATCH-6928,02/15/2026,pass,0
QC-5460,BATCH-2014,2025-08-27,PASS,0
QC-5461,BATCH-405,2025-02-23,Pass,0
QC-5462,BATCH-234,05/28/2026,Pass,0
QC-5463,BATCH-4385,2024-03-23,pass,0
QC-5464,BATCH-7262,2025-02-08,fail,0
QC-5465,BATCH-4990,13-07-2025,pass,0
QC-5466,BATCH-150,08/20/2026,Pass,0
QC-5467,BATCH-6903,03/26/2025,PASS,0
QC-5468,BATCH-4463,2025-09-27,pass,0
QC-5469,BATCH-6227,08-12-2024,pass,0
QC-5470,BATCH-3222,22-09-2025,PASS,0
QC-5471,BATCH-3388,2026-12-01,PASS,0
QC-5472,BATCH-6822,2024-01-14,fail,0
QC-5473,BATCH-2492,01/14/2025,pass,0
QC-5474,BATCH-5217,15-05-2025,pass,0
QC-5475,BATCH-5931,2024-01-16,Pass,19
QC-5476,BATCH-3778,2024-08-03,pass,0
QC-5477,BATCH-1787,06/05/2026,pass,0
QC-5478,BATCH-763,2025-11-15,PASS,0
QC-5479,BATCH-3250,05/13/2024,Pass,0
QC-5480,BATCH-5643,2024-05-18,pass,0
QC-5481,BATCH-3043,2026-03-06,fail,0
QC-5482,BATCH-330,2024-05-13,Pass,0
QC-5483,BATCH-5535,02/19/2025,Pass,0
QC-5484,BATCH-3208,2026-07-18,pass,0
QC-5485,BATCH-4159,01/03/2025,fail,0
QC-5486,BATCH-2506,01-11-2024,PASS,0
QC-5487,BATCH-2043,10/21/2024,pass,0
QC-5488,BATCH-6214,04/23/2026,pass,0
QC-5489,BATCH-210,02/15/2026,Pass,0
QC-5490,BATCH-6564,09/26/2026,PASS,0
QC-5491,BATCH-6020,18-03-2026,pass,0
QC-5492,BATCH-4050,01/09/2026,PASS,0
QC-5493,BATCH-5522,10/08/2026,Pass,0
QC-5494,BATCH-3169,2024-08-12,pass,0
QC-5495,BATCH-4456,04/11/2024,Pass,0
QC-5496,BATCH-6569,2025-03-03,pass,0
QC-5497,BATCH-5451,2024-08-11,pass,0
QC-5498,BATCH-7686,02/09/2024,pass,0
QC-5499,BATCH-5850,2025-03-23,Pass,0
QC-5500,BATCH-4904,09/08/2026,fail,0
QC-5501,BATCH-2453,2025-08-15,PASS,0
QC-5502,BATCH-1441,2024-04-17,Pass,0
QC-5503,BATCH-3190,09/07/2024,Pass,0
QC-5504,BATCH-2172,2025-03-17,pass,0
QC-5505,BATCH-7509,16-01-2024,pass,0
QC-5506,BATCH-6489,2024-02-03,PASS,0
QC-5507,BATCH-1596,09/10/2026,PASS,0
QC-5508,BATCH-4125,2024-03-17,Pass,0
QC-5509,BATCH-5273,21-12-2024,pass,0
QC-5510,BATCH-1936,2025-11-22,pass,0
QC-5511,BATCH-5055,2026-03-11,pass,0
QC-5512,BATCH-5236,2026-09-19,PASS,0
QC-5513,BATCH-7152,03-10-2024,pass,0
QC-5514,BATCH-4808,04/04/2026,Pass,0
QC-5515,BATCH-537,11/17/2025,pass,0
QC-5516,BATCH-5816,12/09/2026,PASS,0
QC-5517,BATCH-7446,2025-06-06,PASS,14
QC-5518,BATCH-4354,2024-10-18,PASS,0
QC-5519,BATCH-2797,2024-09-19,Pass,0
QC-5520,BATCH-3533,05/05/2024,PASS,0
QC-5521,BATCH-569,11/28/2026,fail,0
QC-5522,BATCH-1544,28-08-2025,PASS,0
QC-5523,BATCH-7950,2024-12-09,PASS,0
QC-5524,BATCH-86,24-06-2024,PASS,0
QC-5525,BATCH-6004,13-04-2026,pass,0
QC-5526,BATCH-4270,2025-09-12,pass,0
QC-5527,BATCH-2693,2026-06-17,PASS,0
QC-5528,BATCH-3878,2024-09-26,PASS,0
QC-5529,BATCH-3115,25-12-2026,PASS,6
QC-5530,BATCH-3483,04/18/2024,PASS,0
QC-5531,BATCH-7090,2025-12-26,Pass,0
QC-5532,BATCH-6245,2026-02-22,PASS,0
QC-5533,BATCH-6854,2026-01-15,pass,0
QC-5534,BATCH-7584,13-08-2025,PASS,0
QC-5535,BATCH-4457,2024-03-28,Pass,0
QC-5536,BATCH-4021,02-02-2025,pass,0
QC-5537,BATCH-3039,2025-11-11,PASS,0
QC-5538,BATCH-6980,2026-03-01,PASS,0
QC-5539,BATCH-6173,03/24/2024,pass,0
QC-5540,BATCH-3455,06/23/2024,pass,0
QC-5541,BATCH-5007,2026-12-21,pass,0
QC-5542,BATCH-6770,2024-03-12,PASS,14
QC-5543,BATCH-5464,2024-03-28,pass,0
QC-5544,BATCH-2763,2025-08-04,pass,0
QC-5545,BATCH-5766,09/06/2025,Pass,0
QC-5546,BATCH-7408,26-12-2024,Pass,0
QC-5547,BATCH-3882,2026-08-12,pass,20
QC-5548,BATCH-955,20-07-2024,Pass,0
QC-5549,BATCH-4892,08/01/2025,Pass,0
QC-5550,BATCH-653,2024-03-28,PASS,0
QC-5551,BATCH-396,2026-03-28,Pass,0
QC-5552,BATCH-2621,2026-01-12,Pass,0
QC-5553,BATCH-7743,2025-09-25,pass,0
QC-5554,BATCH-7313,25-05-2026,pass,0
QC-5555,BATCH-4722,2025-04-23,PASS,4
QC-5556,BATCH-7859,2024-08-07,pass,0
QC-5557,BATCH-7621,07/10/2024,Pass,0
QC-5558,BATCH-4240,2026-06-07,fail,0
QC-5559,BATCH-5683,2026-05-26,Pass,0
QC-5560,BATCH-1979,2025-06-19,pass,12
QC-5561,BATCH-2249,2025-08-24,pass,0
QC-5562,BATCH-583,08/16/2026,pass,0
QC-5563,BATCH-4072,2024-12-22,Pass,0
QC-5564,BATCH-7256,2026-10-26,pass,0
QC-5565,BATCH-7655,27-01-2026,pass,0
QC-5566,BATCH-7083,2024-07-15,PASS,0
QC-5567,BATCH-5511,01/15/2025,pass,0
QC-5568,BATCH-5859,2026-07-04,PASS,0
QC-5569,BATCH-538,03-10-2026,pass,3
QC-5570,BATCH-7029,2025-09-18,Pass,0
QC-5571,BATCH-3455,05-11-2024,pass,0
QC-5572,BATCH-3409,2024-07-28,pass,0
QC-5573,BATCH-1363,03-03-2024,Pass,0
QC-5574,BATCH-2220,2024-04-04,fail,0
QC-5575,BATCH-6517,02/26/2025,Pass,0
QC-5576,BATCH-6133,05-01-2024,Pass,0
QC-5577,BATCH-6386,2026-05-01,PASS,0
QC-5578,BATCH-1093,05/20/2025,PASS,0
QC-5579,BATCH-5157,06/03/2026,Pass,0
QC-5580,BATCH-6870,2024-10-05,pass,0
QC-5581,BATCH-7280,10/01/2026,PASS,0
QC-5582,BATCH-4194,24-05-2026,Pass,0
QC-5583,BATCH-7464,2024-03-25,PASS,0
QC-5584,BATCH-1075,01-06-2024,Pass,0
QC-5585,BATCH-4861,2024-10-15,PASS,0
QC-5586,BATCH-1251,2026-05-02,Pass,0
QC-5587,BATCH-5867,11/27/2026,PASS,0
QC-5588,BATCH-1202,07/07/2026,pass,0
QC-5589,BATCH-196,2026-01-09,Pass,0
QC-5590,BATCH-4352,04-01-2024,pass,0
QC-5591,BATCH-62,01/25/2026,PASS,0
QC-5592,BATCH-6315,27-09-2025,fail,0
QC-5593,BATCH-4567,08/08/2024,fail,0
QC-5594,BATCH-1239,19-05-2026,PASS,0
QC-5595,BATCH-2789,09/27/2025,pass,0
QC-5596,BATCH-6412,2026-01-10,Pass,12
QC-5597,BATCH-1123,2024-01-10,fail,0
QC-5598,BATCH-2750,2024-12-19,Pass,0
QC-5599,BATCH-5634,10/18/2025,Pass,0
QC-5600,BATCH-785,2024-05-06,Pass,0
QC-5601,BATCH-7916,2024-09-21,Pass,0
QC-5602,BATCH-5547,2024-11-22,pass,0
QC-5603,BATCH-4642,2025-10-22,Pass,0
QC-5604,BATCH-6361,05/12/2025,Pass,0
QC-5605,BATCH-4831,08-02-2025,pass,0
QC-5606,BATCH-175,2025-07-19,Pass,0
QC-5607,BATCH-591,04-05-2024,Pass,0
QC-5608,BATCH-5767,2024-09-15,Pass,2
QC-5609,BATCH-1984,08-10-2026,PASS,0
QC-5610,BATCH-111,12-12-2024,fail,0
QC-5611,BATCH-5268,2026-03-19,PASS,0
QC-5612,BATCH-3341,2024-02-28,pass,0
QC-5613,BATCH-2183,01/27/2025,pass,0
QC-5614,BATCH-6380,2024-03-28,pass,0
QC-5615,BATCH-4026,2024-03-24,PASS,0
QC-5616,BATCH-2774,2026-05-23,PASS,0
QC-5617,BATCH-5399,07/14/2024,pass,0
QC-5618,BATCH-606,2025-01-25,pass,0
QC-5619,BATCH-60,02/19/2024,pass,0
QC-5620,BATCH-7587,2024-11-05,PASS,0
QC-5621,BATCH-6491,03-08-2026,fail,0
QC-5622,BATCH-4879,01/08/2025,Pass,0
QC-5623,BATCH-3042,2026-11-23,pass,0
QC-5624,BATCH-5894,2024-07-17,Pass,0
QC-5625,BATCH-3798,22-01-2024,fail,0
QC-5626,BATCH-1822,06/22/2026,Pass,0
QC-5627,BATCH-6428,2026-04-25,Pass,0
QC-5628,BATCH-5821,09/27/2024,Pass,5
QC-5629,BATCH-3738,2025-03-28,pass,0
QC-5630,BATCH-6308,2026-09-15,PASS,0
QC-5631,BATCH-5526,05/02/2024,PASS,0
QC-5632,BATCH-2973,2026-03-28,Pass,0
QC-5633,BATCH-5809,2024-08-12,PASS,0
QC-5634,BATCH-6441,2025-04-10,pass,0
QC-5635,BATCH-2972,04/16/2026,PASS,0
QC-5636,BATCH-3982,2024-01-20,Pass,0
QC-5637,BATCH-1421,07/09/2026,Pass,0
QC-5638,BATCH-4364,2025-06-20,PASS,0
QC-5639,BATCH-3346,2024-09-13,Pass,0
QC-5640,BATCH-5579,03-11-2025,PASS,0
QC-5641,BATCH-1195,02/21/2026,PASS,0
QC-5642,BATCH-4706,2024-02-20,PASS,0
QC-5643,BATCH-1202,2025-04-16,Pass,0
QC-5644,BATCH-6798,24-08-2025,PASS,0
QC-5645,BATCH-7070,10/24/2025,Pass,0
QC-5646,BATCH-7183,08/06/2025,Pass,0
QC-5647,BATCH-3077,02-09-2025,pass,0
QC-5648,BATCH-5483,2024-07-18,PASS,0
QC-5649,BATCH-552,04-04-2025,PASS,0
QC-5650,BATCH-6148,2024-09-28,pass,0
QC-5651,BATCH-7111,21-05-2024,Pass,0
QC-5652,BATCH-1669,04/08/2024,Pass,0
QC-5653,BATCH-7029,10/28/2026,pass,0
QC-5654,BATCH-6244,2025-12-20,PASS,0
QC-5655,BATCH-5554,19-09-2026,PASS,0
QC-5656,BATCH-1835,2025-12-19,PASS,0
QC-5657,BATCH-7960,2025-04-11,Pass,0
QC-5658,BATCH-5476,2025-10-28,fail,0
QC-5659,BATCH-3089,2025-01-19,fail,0
QC-5660,BATCH-6972,07/02/2026,Pass,0
QC-5661,BATCH-6359,2025-03-26,PASS,14
QC-5662,BATCH-6521,2024-10-04,Pass,0
QC-5663,BATCH-4674,2026-01-17,pass,0
QC-5664,BATCH-5657,22-01-2025,Pass,0
QC-5665,BATCH-4419,2026-06-23,Pass,0
QC-5666,BATCH-932,09-09-2025,Pass,0
QC-5667,BATCH-6924,10/10/2026,Pass,0
QC-5668,BATCH-6523,2024-05-19,fail,12
QC-5669,BATCH-7679,03/25/2025,pass,0
QC-5670,BATCH-3280,2026-10-26,Pass,5
QC-5671,BATCH-5862,28-03-2025,Pass,0
QC-5672,BATCH-4742,2026-01-18,pass,0
QC-5673,BATCH-2161,2025-08-24,pass,0
QC-5674,BATCH-1321,2024-10-19,PASS,0
QC-5675,BATCH-2033,2024-01-10,Pass,0
QC-5676,BATCH-7336,02/21/2024,PASS,0
QC-5677,BATCH-5783,2026-08-23,Pass,0
QC-5678,BATCH-644,01/11/2025,PASS,0
QC-5679,BATCH-4293,2026-02-06,Pass,0
QC-5680,BATCH-1475,2024-07-04,PASS,0
QC-5681,BATCH-4984,01-05-2025,Pass,0
QC-5682,BATCH-7137,11/17/2026,PASS,0
QC-5683,BATCH-519,2025-05-26,Pass,0
QC-5684,BATCH-1671,2026-02-23,Pass,3
QC-5685,BATCH-7467,13-09-2024,pass,0
QC-5686,BATCH-3528,04/28/2025,pass,0
QC-5687,BATCH-6660,06/01/2026,PASS,0
QC-5688,BATCH-2255,12/15/2025,Pass,0
QC-5689,BATCH-841,2024-08-23,Pass,0
QC-5690,BATCH-1631,2024-11-22,pass,0
QC-5691,BATCH-983,07/02/2026,PASS,0
QC-5692,BATCH-7341,2024-12-17,PASS,12
QC-5693,BATCH-4769,07/27/2025,pass,0
QC-5694,BATCH-1317,12-09-2026,pass,0
QC-5695,BATCH-2518,06-10-2025,Pass,0
QC-5696,BATCH-4996,09-01-2024,Pass,0
QC-5697,BATCH-4353,05/18/2024,Pass,0
QC-5698,BATCH-6283,2025-02-14,fail,0
QC-5699,BATCH-4817,2026-06-03,pass,0
QC-5700,BATCH-1427,2025-02-13,pass,0
QC-5701,BATCH-5388,2026-04-13,Pass,0
QC-5702,BATCH-2903,2024-06-08,Pass,0
QC-5703,BATCH-1489,10/01/2025,Pass,0
QC-5704,BATCH-3024,2024-02-11,pass,0
QC-5705,BATCH-7575,2025-11-12,Pass,0
QC-5706,BATCH-2440,2025-09-08,Pass,0
QC-5707,BATCH-1577,06/21/2024,PASS,18
QC-5708,BATCH-1531,28-09-2025,Pass,0
QC-5709,BATCH-631,03/21/2024,pass,0
QC-5710,BATCH-5470,2024-05-22,PASS,0
QC-5711,BATCH-4939,08-09-2025,pass,0
QC-5712,BATCH-3299,06/02/2024,Pass,0
QC-5713,BATCH-3434,2024-01-23,PASS,0
QC-5714,BATCH-1723,2026-03-15,Pass,0
QC-5715,BATCH-3214,06/08/2024,pass,0
QC-5716,BATCH-1687,16-08-2026,PASS,0
QC-5717,BATCH-6441,2024-10-24,Pass,0
QC-5718,BATCH-7909,2025-12-28,Pass,0
QC-5719,BATCH-7050,2024-06-04,pass,0
QC-5720,BATCH-7325,15-09-2024,PASS,0
QC-5721,BATCH-5003,12/13/2026,PASS,0
QC-5722,BATCH-1941,2026-03-06,Pass,0
QC-5723,BATCH-2467,2024-01-02,Pass,0
QC-5724,BATCH-6422,02/10/2025,PASS,17
QC-5725,BATCH-1784,11/03/2026,pass,0
QC-5726,BATCH-6384,08/10/2024,Pass,0
QC-5727,BATCH-7370,2026-06-11,PASS,0
QC-5728,BATCH-6779,11/26/2025,Pass,0
QC-5729,BATCH-1977,2024-07-02,pass,0
QC-5730,BATCH-571,09/05/2024,Pass,0
QC-5731,BATCH-6278,2024-12-06,pass,0
QC-5732,BATCH-1849,2025-06-28,Pass,0
QC-5733,BATCH-3154,07-02-2024,pass,0
QC-5734,BATCH-6632,2025-11-15,Pass,0
QC-5735,BATCH-6999,11-05-2025,Pass,0
QC-5736,BATCH-7222,2025-11-04,Pass,0
QC-5737,BATCH-1858,06/01/2026,Pass,0
QC-5738,BATCH-1847,2026-01-01,Pass,0
QC-5739,BATCH-3840,2025-05-10,Pass,0
QC-5740,BATCH-554,05-09-2026,Pass,0
QC-5741,BATCH-3562,2024-03-04,PASS,0
QC-5742,BATCH-4574,2026-11-08,pass,0
QC-5743,BATCH-1371,2024-07-20,pass,0
QC-5744,BATCH-4010,2026-04-01,pass,0
QC-5745,BATCH-3560,11/28/2024,PASS,11
QC-5746,BATCH-2752,2026-04-07,Pass,15
QC-5747,BATCH-1745,02/25/2024,PASS,0
QC-5748,BATCH-2417,2026-05-05,PASS,0
QC-5749,BATCH-1965,01-04-2026,Pass,0
QC-5750,BATCH-514,24-12-2026,PASS,0
QC-5751,BATCH-867,23-06-2024,Pass,0
QC-5752,BATCH-872,2026-04-18,Pass,0
QC-5753,BATCH-4005,07/17/2026,Pass,0
QC-5754,BATCH-6779,24-01-2025,pass,0
QC-5755,BATCH-3099,2024-04-27,pass,0
QC-5756,BATCH-5056,24-07-2024,pass,0
QC-5757,BATCH-7774,2024-08-03,pass,0
QC-5758,BATCH-1577,2024-09-11,PASS,0
QC-5759,BATCH-4479,11/15/2026,pass,0
QC-5760,BATCH-810,08/14/2025,PASS,15
QC-5761,BATCH-471,2026-06-18,pass,0
QC-5762,BATCH-5615,2025-09-06,pass,0
QC-5763,BATCH-637,2024-05-04,Pass,0
QC-5764,BATCH-2060,2025-12-23,PASS,0
QC-5765,BATCH-2553,2024-04-03,PASS,0
QC-5766,BATCH-184,2025-08-10,pass,0
QC-5767,BATCH-6388,01/02/2026,pass,0
QC-5768,BATCH-4741,2025-09-13,Pass,0
QC-5769,BATCH-2675,2025-03-03,Pass,0
QC-5770,BATCH-4327,02/16/2025,Pass,0
QC-5771,BATCH-470,10-05-2026,PASS,0
QC-5772,BATCH-4193,2025-11-25,Pass,0
QC-5773,BATCH-3558,07-07-2025,PASS,0
QC-5774,BATCH-5528,05/14/2024,pass,0
QC-5775,BATCH-5661,2024-04-20,pass,0
QC-5776,BATCH-3052,05/22/2025,Pass,0
QC-5777,BATCH-1610,2024-04-19,Pass,0
QC-5778,BATCH-4928,12/25/2026,fail,0
QC-5779,BATCH-2277,02/07/2024,Pass,0
QC-5780,BATCH-5221,2025-04-04,Pass,0
QC-5781,BATCH-5408,17-07-2025,Pass,0
QC-5782,BATCH-7909,07/22/2026,Pass,0
QC-5783,BATCH-1034,2026-10-10,PASS,0
QC-5784,BATCH-6497,22-08-2024,Pass,0
QC-5785,BATCH-2099,2025-06-17,PASS,0
QC-5786,BATCH-3701,2024-11-19,PASS,0
QC-5787,BATCH-2064,03/07/2025,PASS,0
QC-5788,BATCH-3193,2026-07-10,Pass,0
QC-5789,BATCH-1294,09/03/2026,PASS,7
QC-5790,BATCH-596,27-05-2025,Pass,0
QC-5791,BATCH-4445,2024-09-27,Pass,0
QC-5792,BATCH-6648,2026-09-27,Pass,0
QC-5793,BATCH-5543,2026-04-06,PASS,0
QC-5794,BATCH-7295,02/16/2025,Pass,0
QC-5795,BATCH-5629,04-05-2026,pass,0
QC-5796,BATCH-6621,2025-01-06,pass,0
QC-5797,BATCH-4762,2025-10-14,pass,0
QC-5798,BATCH-3110,24-11-2026,pass,0
QC-5799,BATCH-4154,05/14/2025,Pass,9
QC-5800,BATCH-3930,09-02-2026,pass,0
QC-5801,BATCH-2246,2024-02-01,Pass,0
QC-5802,BATCH-3589,2024-04-24,Pass,0
QC-5803,BATCH-6706,12/14/2026,pass,0
QC-5804,BATCH-5755,13-06-2026,Pass,12
QC-5805,BATCH-2949,2025-04-15,PASS,5
QC-5806,BATCH-7796,07/12/2026,Pass,0
QC-5807,BATCH-5219,22-08-2026,pass,17
QC-5808,BATCH-6732,2025-05-07,Pass,0
QC-5809,BATCH-186,2026-05-02,Pass,0
QC-5810,BATCH-2426,2025-08-07,PASS,0
QC-5811,BATCH-4036,2024-07-28,Pass,15
QC-5812,BATCH-5176,2025-05-05,Pass,0
QC-5813,BATCH-3015,2025-04-18,fail,0
QC-5814,BATCH-6011,2025-10-14,PASS,0
QC-5815,BATCH-826,2025-06-24,Pass,0
QC-5816,BATCH-4324,2025-04-21,pass,0
QC-5817,BATCH-6886,01/01/2026,PASS,0
QC-5818,BATCH-7881,12/05/2025,pass,0
QC-5819,BATCH-7579,2024-05-03,pass,0
QC-5820,BATCH-3627,10-04-2024,PASS,0
QC-5821,BATCH-1463,2025-07-21,PASS,0
QC-5822,BATCH-1284,2024-11-21,fail,0
QC-5823,BATCH-234,05-12-2024,pass,0
QC-5824,BATCH-3692,09/05/2024,pass,0
QC-5825,BATCH-4468,2025-03-15,fail,0
QC-5826,BATCH-7096,26-02-2024,Pass,10
QC-5827,BATCH-5282,04/07/2024,Pass,0
QC-5828,BATCH-10,12/03/2026,Pass,0
QC-5829,BATCH-191,09/06/2026,PASS,0
QC-5830,BATCH-803,01/24/2025,Pass,0
QC-5831,BATCH-15,2024-02-24,Pass,0
QC-5832,BATCH-5877,2025-12-11,Pass,0
QC-5833,BATCH-638,02/12/2025,Pass,0
QC-5834,BATCH-7149,2025-10-09,PASS,0
QC-5835,BATCH-916,2026-01-13,PASS,0
QC-5836,BATCH-5025,01/02/2026,PASS,0
QC-5837,BATCH-1987,2026-04-20,pass,0
QC-5838,BATCH-6485,2024-07-19,Pass,0
QC-5839,BATCH-2946,01/18/2026,PASS,0
QC-5840,BATCH-1510,2026-12-02,Pass,0
QC-5841,BATCH-4880,2026-01-23,Pass,0
QC-5842,BATCH-3171,01/13/2025,Pass,0
QC-5843,BATCH-7130,27-10-2025,pass,0
QC-5844,BATCH-1663,2024-03-25,Pass,0
QC-5845,BATCH-2262,07/13/2026,Pass,0
QC-5846,BATCH-1678,28-03-2024,pass,12
QC-5847,BATCH-3136,02/02/2025,PASS,0
QC-5848,BATCH-7287,05/19/2024,Pass,0
QC-5849,BATCH-1837,09-02-2024,PASS,0
QC-5850,BATCH-2590,09/27/2026,pass,0
QC-5851,BATCH-3833,07/04/2026,pass,0
QC-5852,BATCH-3595,08/09/2024,PASS,0
QC-5853,BATCH-7354,2026-01-25,Pass,0
QC-5854,BATCH-3491,2026-12-07,Pass,0
QC-5855,BATCH-2376,01/16/2026,PASS,0
QC-5856,BATCH-441,12/13/2025,PASS,0
QC-5857,BATCH-2072,2024-07-02,pass,0
QC-5858,BATCH-6041,2024-01-09,PASS,0
QC-5859,BATCH-5590,2024-05-09,pass,0
QC-5860,BATCH-2236,2026-04-04,Pass,0
QC-5861,BATCH-658,09/24/2026,PASS,0
QC-5862,BATCH-1483,12/15/2025,pass,0
QC-5863,BATCH-7393,2026-02-11,pass,0
QC-5864,BATCH-2995,10/20/2025,pass,0
QC-5865,BATCH-6472,2026-08-16,Pass,0
QC-5866,BATCH-4918,2024-08-02,PASS,0
QC-5867,BATCH-677,2025-10-24,Pass,0
QC-5868,BATCH-2803,2025-10-15,PASS,0
QC-5869,BATCH-179,2024-01-03,pass,0
QC-5870,BATCH-3391,2026-08-19,PASS,0
QC-5871,BATCH-5077,05/28/2024,Pass,0
QC-5872,BATCH-4542,2025-09-27,Pass,0
QC-5873,BATCH-4459,2024-12-06,pass,0
QC-5874,BATCH-5284,08/09/2026,Pass,0
QC-5875,BATCH-5482,2025-10-08,Pass,0
QC-5876,BATCH-7208,2024-12-26,Pass,0
QC-5877,BATCH-396,18-05-2025,Pass,0
QC-5878,BATCH-5660,2025-07-07,pass,0
QC-5879,BATCH-5497,2026-10-09,PASS,0
QC-5880,BATCH-7424,06/04/2024,pass,0
QC-5881,BATCH-5288,2026-04-27,Pass,1
QC-5882,BATCH-3987,03/14/2024,PASS,0
QC-5883,BATCH-2887,2025-06-21,Pass,10
QC-5884,BATCH-1636,2026-06-13,PASS,0
QC-5885,BATCH-6576,06/15/2025,Pass,0
QC-5886,BATCH-980,03/21/2025,fail,0
QC-5887,BATCH-1635,04-06-2025,PASS,0
QC-5888,BATCH-5221,2025-08-25,pass,0
QC-5889,BATCH-2592,03/24/2024,PASS,0
QC-5890,BATCH-878,20-08-2026,PASS,7
QC-5891,BATCH-5784,2025-05-17,fail,16
QC-5892,BATCH-6657,2026-05-11,pass,0
QC-5893,BATCH-4655,05/24/2026,Pass,0
QC-5894,BATCH-1500,12/04/2025,pass,0
QC-5895,BATCH-5836,08/25/2026,PASS,0
QC-5896,BATCH-5362,2026-04-13,PASS,0
QC-5897,BATCH-5661,03/10/2024,Pass,0
QC-5898,BATCH-638,12/08/2024,pass,0
QC-5899,BATCH-2482,12/11/2025,pass,0
QC-5900,BATCH-5410,07/19/2026,Pass,0
QC-5901,BATCH-37,01/13/2025,Pass,0
QC-5902,BATCH-5415,14-06-2025,Pass,0
QC-5903,BATCH-6519,04/26/2024,PASS,0
QC-5904,BATCH-411,08/14/2024,Pass,0
QC-5905,BATCH-4055,16-09-2026,pass,0
QC-5906,BATCH-5400,2026-06-09,PASS,0
QC-5907,BATCH-4397,2024-11-15,fail,0
QC-5908,BATCH-7777,03/19/2026,pass,0
QC-5909,BATCH-4113,04/15/2024,PASS,0
QC-5910,BATCH-4527,20-04-2025,PASS,0
QC-5911,BATCH-4610,2025-07-21,fail,0
QC-5912,BATCH-4232,2026-12-02,Pass,0
QC-5913,BATCH-7847,04/02/2024,Pass,17
QC-5914,BATCH-7296,2026-06-13,Pass,0
QC-5915,BATCH-6741,04-07-2026,pass,0
QC-5916,BATCH-2782,06-12-2024,PASS,0
QC-5917,BATCH-2139,2025-02-07,Pass,0
QC-5918,BATCH-4112,12-09-2024,PASS,0
QC-5919,BATCH-4987,2025-07-14,PASS,0
QC-5920,BATCH-3062,2026-04-27,Pass,0
QC-5921,BATCH-3718,2024-12-17,Pass,0
QC-5922,BATCH-6588,11/14/2025,Pass,0
QC-5923,BATCH-85,08-09-2025,Pass,0
QC-5924,BATCH-1737,2026-04-24,Pass,0
QC-5925,BATCH-1354,2025-12-02,PASS,0
QC-5926,BATCH-1091,21-10-2024,PASS,0
QC-5927,BATCH-1434,04/15/2025,pass,0
QC-5928,BATCH-4745,2026-11-27,Pass,0
QC-5929,BATCH-5200,02/09/2026,pass,14
QC-5930,BATCH-777,2024-06-24,Pass,0
QC-5931,BATCH-2088,2024-03-03,pass,0
QC-5932,BATCH-6549,2026-04-26,PASS,0
QC-5933,BATCH-6197,2024-05-23,pass,0
QC-5934,BATCH-5506,08-07-2024,PASS,0
QC-5935,BATCH-1312,2026-05-09,Pass,0
QC-5936,BATCH-2963,2024-10-07,pass,0
QC-5937,BATCH-612,2026-04-19,PASS,0
QC-5938,BATCH-2105,02/22/2025,PASS,0
QC-5939,BATCH-4024,03-06-2025,Pass,0
QC-5940,BATCH-7769,02/27/2026,fail,4
QC-5941,BATCH-1382,2025-09-12,pass,0
QC-5942,BATCH-5904,2026-09-19,PASS,0
QC-5943,BATCH-2405,2024-04-24,fail,0
QC-5944,BATCH-5336,19-06-2025,Pass,0
QC-5945,BATCH-465,2025-02-18,fail,0
QC-5946,BATCH-3862,02-10-2025,Pass,0
QC-5947,BATCH-6642,2024-10-01,PASS,0
QC-5948,BATCH-5994,10-06-2025,PASS,0
QC-5949,BATCH-55,2024-12-21,pass,3
QC-5950,BATCH-6273,2024-01-14,Pass,1
QC-5951,BATCH-2029,2026-03-23,pass,0
QC-5952,BATCH-1255,12/01/2024,PASS,0
QC-5953,BATCH-6217,2025-11-03,PASS,0
QC-5954,BATCH-1657,11/22/2026,Pass,0
QC-5955,BATCH-174,2024-04-24,Pass,0
QC-5956,BATCH-1376,08/25/2026,pass,0
QC-5957,BATCH-4502,06/16/2024,pass,0
QC-5958,BATCH-3714,2026-11-25,pass,0
QC-5959,BATCH-6703,2025-03-19,PASS,0
QC-5960,BATCH-7305,2024-03-25,PASS,0
QC-5961,BATCH-4668,03/20/2025,Pass,0
QC-5962,BATCH-1688,02/07/2024,PASS,0
QC-5963,BATCH-3761,2026-11-18,pass,0
QC-5964,BATCH-2734,07/12/2025,fail,0
QC-5965,BATCH-4265,2026-12-08,PASS,0
QC-5966,BATCH-5217,06/06/2025,PASS,0
QC-5967,BATCH-6139,2024-08-13,PASS,0
QC-5968,BATCH-3549,13-10-2024,PASS,0
QC-5969,BATCH-891,23-04-2025,pass,0
QC-5970,BATCH-1287,2025-03-07,PASS,0
QC-5971,BATCH-5552,06/10/2024,PASS,0
QC-5972,BATCH-7144,12-03-2025,PASS,0
QC-5973,BATCH-5399,2025-04-14,pass,0
QC-5974,BATCH-329,2026-02-13,Pass,0
QC-5975,BATCH-5652,07/16/2024,PASS,0
QC-5976,BATCH-3482,2024-01-17,PASS,0
QC-5977,BATCH-164,2026-08-24,PASS,0
QC-5978,BATCH-7111,18-06-2025,Pass,0
QC-5979,BATCH-5567,2025-08-26,pass,0
QC-5980,BATCH-4278,2026-05-02,fail,0
QC-5981,BATCH-1008,11/23/2024,PASS,0
QC-5982,BATCH-6885,2025-10-13,PASS,4
QC-5983,BATCH-3162,2026-12-07,Pass,0
QC-5984,BATCH-3604,2024-01-01,PASS,0
QC-5985,BATCH-5090,01/06/2026,pass,0
QC-5986,BATCH-5633,2024-10-03,PASS,0
QC-5987,BATCH-7387,21-05-2024,fail,0
QC-5988,BATCH-5592,2025-09-20,pass,0
QC-5989,BATCH-5269,04-09-2024,Pass,0
QC-5990,BATCH-6476,24-05-2025,Pass,0
QC-5991,BATCH-2041,03/07/2026,pass,0
QC-5992,BATCH-7856,21-08-2025,PASS,0
QC-5993,BATCH-4231,2024-12-28,pass,2
QC-5994,BATCH-1836,2025-05-06,fail,0
QC-5995,BATCH-4513,09-09-2025,PASS,0
QC-5996,BATCH-2053,16-04-2026,Pass,0
QC-5997,BATCH-6287,2024-03-16,pass,0
QC-5998,BATCH-6132,2026-10-14,Pass,0
QC-5999,BATCH-2424,10/12/2024,fail,0
QC-6000,BATCH-5205,21-12-2026,pass,0
QC-6001,BATCH-3123,03/11/2024,Pass,0
QC-6002,BATCH-3881,05/23/2026,PASS,0
QC-6003,BATCH-4675,2026-09-02,Pass,0
QC-6004,BATCH-5570,2026-09-04,pass,9
QC-6005,BATCH-6762,21-04-2024,Pass,0
QC-6006,BATCH-1087,03/16/2024,Pass,0
QC-6007,BATCH-4287,2025-07-09,Pass,13
QC-6008,BATCH-1830,10/26/2024,pass,0
QC-6009,BATCH-3693,2026-11-15,Pass,0
QC-6010,BATCH-2151,03/14/2026,PASS,0
QC-6011,BATCH-6164,27-07-2024,PASS,0
QC-6012,BATCH-971,12/10/2024,fail,0
QC-6013,BATCH-1337,2026-04-24,pass,0
QC-6014,BATCH-2977,10/14/2026,PASS,0
QC-6015,BATCH-5573,2026-03-24,Pass,0
QC-6016,BATCH-6841,12/03/2024,PASS,0
QC-6017,BATCH-5272,16-10-2025,pass,0
QC-6018,BATCH-7001,21-08-2025,PASS,0
QC-6019,BATCH-4208,07/07/2026,PASS,14
QC-6020,BATCH-3066,20-10-2025,PASS,0
QC-6021,BATCH-5243,2024-05-14,PASS,18
QC-6022,BATCH-2535,01/10/2024,pass,0
QC-6023,BATCH-7856,2025-03-22,pass,0
QC-6024,BATCH-5007,2024-05-12,PASS,0
QC-6025,BATCH-5423,01/01/2026,pass,0
QC-6026,BATCH-1738,07/05/2024,Pass,0
QC-6027,BATCH-1343,2024-11-06,Pass,0
QC-6028,BATCH-1479,05/28/2024,pass,0
QC-6029,BATCH-2262,12/26/2025,Pass,0
QC-6030,BATCH-7841,02/02/2024,Pass,4
QC-6031,BATCH-5058,02-02-2026,Pass,0
QC-6032,BATCH-7660,07-02-2026,pass,0
QC-6033,BATCH-3514,2026-04-14,pass,0
QC-6034,BATCH-7952,02/12/2025,Pass,0
QC-6035,BATCH-6000,2026-07-06,Pass,0
QC-6036,BATCH-3102,11-01-2024,Pass,0
QC-6037,BATCH-4494,2024-11-12,fail,0
QC-6038,BATCH-7417,2026-08-22,pass,0
QC-6039,BATCH-7006,12/23/2025,PASS,0
QC-6040,BATCH-2391,2026-02-07,Pass,0
QC-6041,BATCH-7535,2026-08-20,pass,0
QC-6042,BATCH-5179,07/16/2025,PASS,0
QC-6043,BATCH-48,2026-04-10,Pass,0
QC-6044,BATCH-6867,12/08/2024,pass,0
QC-6045,BATCH-4547,2025-03-03,pass,0
QC-6046,BATCH-7592,2024-10-03,Pass,0
QC-6047,BATCH-2966,2026-06-11,fail,0
QC-6048,BATCH-4729,2025-10-18,pass,0
QC-6049,BATCH-3073,12/04/2026,PASS,0
QC-6050,BATCH-292,2026-12-09,pass,3
QC-6051,BATCH-7045,2025-08-14,Pass,0
QC-6052,BATCH-7661,08/04/2026,pass,0
QC-6053,BATCH-1906,01/02/2025,pass,0
QC-6054,BATCH-6639,2024-06-20,Pass,0
QC-6055,BATCH-5409,08-02-2026,PASS,0
QC-6056,BATCH-1277,2026-10-19,PASS,0
QC-6057,BATCH-1252,10-11-2025,PASS,0
QC-6058,BATCH-2720,20-06-2026,PASS,0
QC-6059,BATCH-7825,08/15/2026,pass,0
QC-6060,BATCH-4390,2026-01-07,pass,0
QC-6061,BATCH-7113,2024-02-23,Pass,0
QC-6062,BATCH-6824,2025-12-09,pass,0
QC-6063,BATCH-6252,09-03-2024,Pass,0
QC-6064,BATCH-84,2024-08-27,PASS,0
QC-6065,BATCH-5253,05/17/2025,PASS,0
QC-6066,BATCH-1727,2025-09-25,pass,0
QC-6067,BATCH-4999,2026-03-28,Pass,0
QC-6068,BATCH-3871,08/02/2025,pass,0
QC-6069,BATCH-7444,07/25/2026,Pass,0
QC-6070,BATCH-341,2025-09-11,PASS,0
QC-6071,BATCH-3783,06/15/2026,Pass,0
QC-6072,BATCH-1532,2024-04-03,Pass,0
QC-6073,BATCH-2842,2026-09-12,pass,0
QC-6074,BATCH-465,2025-06-19,PASS,0
QC-6075,BATCH-437,2025-02-02,Pass,0
QC-6076,BATCH-6918,2026-09-17,Pass,0
QC-6077,BATCH-1506,2024-02-15,Pass,0
QC-6078,BATCH-953,11/17/2026,pass,0
QC-6079,BATCH-929,2026-10-06,Pass,0
QC-6080,BATCH-1251,2024-01-22,Pass,0
QC-6081,BATCH-3512,07-04-2026,fail,0
QC-6082,BATCH-5245,2024-01-21,Pass,0
QC-6083,BATCH-5251,13-12-2025,PASS,0
QC-6084,BATCH-3028,07-02-2025,Pass,0
QC-6085,BATCH-1891,2025-01-22,Pass,0
QC-6086,BATCH-5505,01/12/2026,Pass,0
QC-6087,BATCH-5471,23-02-2024,pass,0
QC-6088,BATCH-5896,11/15/2026,pass,17
QC-6089,BATCH-2164,2026-03-04,PASS,18
QC-6090,BATCH-7001,05-04-2024,PASS,0
QC-6091,BATCH-4994,13-02-2026,Pass,0
QC-6092,BATCH-2814,27-12-2026,PASS,0
QC-6093,BATCH-6580,04/11/2024,pass,18
QC-6094,BATCH-4480,02/05/2026,pass,0
QC-6095,BATCH-5310,2024-05-02,pass,0
QC-6096,BATCH-7521,2025-08-05,PASS,0
QC-6097,BATCH-4209,2026-08-23,PASS,0
QC-6098,BATCH-3413,01/25/2026,pass,0
QC-6099,BATCH-163,2024-06-28,pass,0
QC-6100,BATCH-1597,01/03/2024,fail,0
QC-6101,BATCH-6707,08/26/2026,Pass,0
QC-6102,BATCH-6375,16-04-2026,pass,0
QC-6103,BATCH-487,2024-07-20,pass,0
QC-6104,BATCH-6097,2024-06-05,Pass,0
QC-6105,BATCH-6149,05/25/2024,fail,0
QC-6106,BATCH-7951,2024-09-26,pass,0
QC-6107,BATCH-4623,2024-11-08,Pass,0
QC-6108,BATCH-6358,06/24/2024,Pass,0
QC-6109,BATCH-849,2026-04-05,PASS,0
QC-6110,BATCH-651,14-07-2026,Pass,0
QC-6111,BATCH-7300,2024-07-04,PASS,0
QC-6112,BATCH-1022,10/02/2024,PASS,0
QC-6113,BATCH-1388,06/09/2024,Pass,0
QC-6114,BATCH-3773,15-05-2025,pass,17
QC-6115,BATCH-2486,2024-08-06,PASS,0
QC-6116,BATCH-5289,2025-06-17,pass,0
QC-6117,BATCH-7258,10/10/2025,Pass,0
QC-6118,BATCH-4385,16-06-2026,PASS,0
QC-6119,BATCH-6615,2025-04-22,Pass,0
QC-6120,BATCH-1649,11/28/2025,fail,0
QC-6121,BATCH-6736,12-12-2026,pass,0
QC-6122,BATCH-7971,2025-02-02,pass,0
QC-6123,BATCH-4612,12/04/2026,pass,0
QC-6124,BATCH-5018,07/19/2026,Pass,0
QC-6125,BATCH-5846,08-11-2025,PASS,0
QC-6126,BATCH-7928,09-03-2024,pass,16
QC-6127,BATCH-4916,2026-03-02,pass,0
QC-6128,BATCH-7909,05-03-2024,pass,0
QC-6129,BATCH-5633,02/20/2026,pass,19
QC-6130,BATCH-5268,2026-03-01,Pass,0
QC-6131,BATCH-5834,2026-05-16,pass,0
QC-6132,BATCH-2380,04/11/2024,PASS,0
QC-6133,BATCH-7784,12/04/2025,Pass,0
QC-6134,BATCH-6186,04/13/2025,Pass,10
QC-6135,BATCH-2573,2026-06-21,Pass,0
QC-6136,BATCH-6095,2026-02-08,PASS,0
QC-6137,BATCH-6898,2026-10-08,pass,0
QC-6138,BATCH-6715,10/12/2024,fail,0
QC-6139,BATCH-6855,06/01/2024,PASS,0
QC-6140,BATCH-2318,2026-07-03,pass,0
QC-6141,BATCH-849,09-10-2026,PASS,0
QC-6142,BATCH-3467,2024-07-10,pass,4
QC-6143,BATCH-6131,2026-09-10,Pass,0
QC-6144,BATCH-1342,2024-11-16,PASS,0
QC-6145,BATCH-1582,2025-10-15,pass,0
QC-6146,BATCH-1523,2025-08-01,PASS,0
QC-6147,BATCH-4201,18-01-2026,fail,0
QC-6148,BATCH-1892,08/14/2026,pass,0
QC-6149,BATCH-2050,17-09-2026,Pass,0
QC-6150,BATCH-5381,2026-12-19,PASS,0
QC-6151,BATCH-951,2026-03-05,Pass,0
QC-6152,BATCH-2839,2025-01-28,pass,8
QC-6153,BATCH-3244,2025-10-25,pass,0
QC-6154,BATCH-2295,09/16/2024,PASS,0
QC-6155,BATCH-3729,2024-01-07,PASS,0
QC-6156,BATCH-3199,2024-12-10,PASS,0
QC-6157,BATCH-3830,2026-03-03,PASS,0
QC-6158,BATCH-4307,2026-06-09,Pass,0
QC-6159,BATCH-7358,2025-10-10,Pass,0
QC-6160,BATCH-6673,2024-03-08,pass,0
QC-6161,BATCH-1268,2026-09-24,pass,0
QC-6162,BATCH-2758,2026-01-10,pass,0
QC-6163,BATCH-859,04/16/2025,PASS,0
QC-6164,BATCH-7026,10/26/2026,Pass,0
QC-6165,BATCH-5597,2026-08-25,PASS,0
QC-6166,BATCH-5537,2025-07-09,pass,0
QC-6167,BATCH-5697,08/01/2025,PASS,0
QC-6168,BATCH-6451,12-12-2025,pass,1
QC-6169,BATCH-2613,15-07-2025,pass,0
QC-6170,BATCH-6498,06/18/2026,Pass,0
QC-6171,BATCH-4455,2025-04-01,pass,0
QC-6172,BATCH-1155,2025-04-25,PASS,0
QC-6173,BATCH-5985,12/27/2024,PASS,0
QC-6174,BATCH-2342,18-10-2024,Pass,0
QC-6175,BATCH-5360,06/26/2026,Pass,0
QC-6176,BATCH-841,2024-08-16,pass,0
QC-6177,BATCH-6243,07/18/2026,PASS,0
QC-6178,BATCH-7119,2025-12-15,Pass,0
QC-6179,BATCH-6253,2026-10-27,Pass,0
QC-6180,BATCH-27,2026-10-14,PASS,0
QC-6181,BATCH-7984,2024-10-23,pass,0
QC-6182,BATCH-6881,2024-06-11,PASS,0
QC-6183,BATCH-7000,2026-07-14,pass,0
QC-6184,BATCH-14,02-12-2025,pass,13
QC-6185,BATCH-4378,2026-08-22,pass,0
QC-6186,BATCH-7090,2025-02-04,PASS,0
QC-6187,BATCH-4037,2026-11-11,Pass,0
QC-6188,BATCH-3255,2024-08-01,Pass,0
QC-6189,BATCH-5340,2024-01-09,pass,0
QC-6190,BATCH-5379,06/25/2025,Pass,0
QC-6191,BATCH-2129,2024-10-24,pass,0
QC-6192,BATCH-7829,2026-12-28,pass,0
QC-6193,BATCH-7742,26-09-2026,PASS,0
QC-6194,BATCH-7292,2024-09-10,PASS,0
QC-6195,BATCH-699,2025-06-24,pass,0
QC-6196,BATCH-1652,2026-08-14,PASS,0
QC-6197,BATCH-3721,2025-12-10,Pass,0
QC-6198,BATCH-6485,2024-08-04,pass,0
QC-6199,BATCH-246,2026-02-07,PASS,0
QC-6200,BATCH-4183,2025-09-15,Pass,0
QC-6201,BATCH-4961,2024-06-26,PASS,0
QC-6202,BATCH-2496,01-01-2026,PASS,0
QC-6203,BATCH-7130,03/21/2026,pass,0
QC-6204,BATCH-2243,25-06-2026,pass,0
QC-6205,BATCH-7361,04/13/2025,PASS,0
QC-6206,BATCH-6005,2026-01-20,pass,0
QC-6207,BATCH-1542,11/11/2024,Pass,0
QC-6208,BATCH-4943,2024-07-25,pass,0
QC-6209,BATCH-1321,13-01-2024,Pass,0
QC-6210,BATCH-5757,2026-10-11,PASS,0
QC-6211,BATCH-2603,2026-10-01,pass,0
QC-6212,BATCH-6146,2026-12-24,pass,0
QC-6213,BATCH-583,12/01/2024,pass,0
QC-6214,BATCH-1876,2024-04-24,PASS,0
QC-6215,BATCH-6215,09/11/2024,PASS,14
QC-6216,BATCH-3164,2024-12-06,PASS,0
QC-6217,BATCH-7492,12/20/2025,Pass,0
QC-6218,BATCH-689,11/15/2024,PASS,0
QC-6219,BATCH-5713,08/21/2026,Pass,0
QC-6220,BATCH-4021,08/26/2026,pass,0
QC-6221,BATCH-3138,2025-06-10,Pass,0
QC-6222,BATCH-6666,2026-02-15,pass,0
QC-6223,BATCH-6530,05/20/2024,PASS,0
QC-6224,BATCH-2732,05/14/2024,pass,0
QC-6225,BATCH-593,2026-06-27,Pass,0
QC-6226,BATCH-1752,03-03-2024,PASS,0
QC-6227,BATCH-909,2026-05-04,Pass,0
QC-6228,BATCH-3178,01/02/2026,pass,0
QC-6229,BATCH-589,08-02-2024,fail,0
QC-6230,BATCH-2477,2025-03-21,PASS,0
QC-6231,BATCH-4223,2024-01-09,pass,0
QC-6232,BATCH-739,2026-04-13,PASS,0
QC-6233,BATCH-6026,2025-10-20,pass,0
QC-6234,BATCH-7494,2025-10-17,pass,0
QC-6235,BATCH-1865,06-04-2025,pass,0
QC-6236,BATCH-4616,05/16/2025,pass,0
QC-6237,BATCH-6811,01/17/2026,pass,0
QC-6238,BATCH-435,04/10/2024,pass,0
QC-6239,BATCH-903,11/09/2026,PASS,16
QC-6240,BATCH-2723,04/09/2025,PASS,0
QC-6241,BATCH-1425,2026-06-06,pass,0
QC-6242,BATCH-90,19-07-2025,Pass,0
QC-6243,BATCH-56,02/22/2024,Pass,0
QC-6244,BATCH-3771,2026-04-28,Pass,0
QC-6245,BATCH-2699,01/21/2026,PASS,0
QC-6246,BATCH-211,2026-03-25,PASS,0
QC-6247,BATCH-6056,03/18/2024,pass,0
QC-6248,BATCH-6385,01/12/2026,Pass,0
QC-6249,BATCH-628,03/04/2025,Pass,0
QC-6250,BATCH-7188,2024-08-08,PASS,0
QC-6251,BATCH-470,2024-09-02,pass,0
QC-6252,BATCH-5028,14-01-2024,pass,0
QC-6253,BATCH-4021,19-11-2024,Pass,0
QC-6254,BATCH-5204,2024-01-13,PASS,0
QC-6255,BATCH-7220,04/20/2024,Pass,0
QC-6256,BATCH-7641,03-11-2025,Pass,0
QC-6257,BATCH-4396,12/24/2024,PASS,14
QC-6258,BATCH-80,2026-08-27,PASS,0
QC-6259,BATCH-2435,2026-01-18,Pass,0
QC-6260,BATCH-2633,21-10-2025,Pass,10
QC-6261,BATCH-1345,2025-02-18,PASS,0
QC-6262,BATCH-1806,2026-07-13,PASS,5
QC-6263,BATCH-4309,07/07/2024,PASS,0
QC-6264,BATCH-3372,2024-09-05,PASS,20
QC-6265,BATCH-6306,2024-05-18,pass,0
QC-6266,BATCH-6061,2024-10-24,Pass,0
QC-6267,BATCH-6812,2025-12-10,Pass,0
QC-6268,BATCH-1935,2024-07-25,Pass,0
QC-6269,BATCH-1252,20-09-2026,pass,0
QC-6270,BATCH-6386,04/22/2026,Pass,0
QC-6271,BATCH-797,2025-12-01,pass,6
QC-6272,BATCH-7468,19-11-2024,pass,0
QC-6273,BATCH-6846,2026-06-05,pass,0
QC-6274,BATCH-4847,2024-02-07,PASS,0
QC-6275,BATCH-2547,2024-01-25,pass,19
QC-6276,BATCH-1806,2024-09-14,Pass,16
QC-6277,BATCH-6292,19-10-2025,PASS,0
QC-6278,BATCH-540,2026-07-16,Pass,0
QC-6279,BATCH-4674,2024-03-07,PASS,0
QC-6280,BATCH-516,2024-05-25,Pass,0
QC-6281,BATCH-6863,2026-02-10,Pass,0
QC-6282,BATCH-2596,08/15/2025,pass,0
QC-6283,BATCH-5577,2024-07-13,Pass,0
QC-6284,BATCH-7901,2025-01-02,pass,0
QC-6285,BATCH-4048,2025-02-23,PASS,0
QC-6286,BATCH-1827,11/09/2024,Pass,0
QC-6287,BATCH-7986,08/01/2025,Pass,0
QC-6288,BATCH-7137,2026-03-14,PASS,0
QC-6289,BATCH-3730,2025-08-06,Pass,0
QC-6290,BATCH-791,09/13/2026,PASS,0
QC-6291,BATCH-7908,08-10-2024,PASS,0
QC-6292,BATCH-3552,2026-07-25,fail,0
QC-6293,BATCH-6109,13-07-2025,PASS,0
QC-6294,BATCH-3876,05/16/2026,fail,0
QC-6295,BATCH-5391,09-07-2025,pass,0
QC-6296,BATCH-73,25-04-2026,PASS,0
QC-6297,BATCH-5887,24-08-2026,Pass,0
QC-6298,BATCH-4728,2025-04-28,pass,0
QC-6299,BATCH-6966,2026-03-09,Pass,0
QC-6300,BATCH-6001,2024-01-24,pass,0
QC-6301,BATCH-728,2026-04-17,pass,0
QC-6302,BATCH-4453,07/27/2024,PASS,0
QC-6303,BATCH-7390,12/27/2024,PASS,0
QC-6304,BATCH-4376,2026-08-07,pass,18
QC-6305,BATCH-5017,18-04-2025,Pass,0
QC-6306,BATCH-702,02/14/2024,PASS,0
QC-6307,BATCH-7318,2024-05-14,pass,0
QC-6308,BATCH-795,13-06-2025,pass,0
QC-6309,BATCH-3113,2025-10-15,pass,0
QC-6310,BATCH-813,2026-02-14,PASS,0
QC-6311,BATCH-2712,02/06/2025,fail,0
QC-6312,BATCH-2103,19-07-2025,pass,0
QC-6313,BATCH-7255,2026-02-14,Pass,0
QC-6314,BATCH-3638,2024-12-26,pass,0
QC-6315,BATCH-3267,2024-01-17,Pass,0
QC-6316,BATCH-1764,2026-11-08,pass,0
QC-6317,BATCH-7583,17-07-2025,Pass,0
QC-6318,BATCH-4168,25-07-2025,Pass,0
QC-6319,BATCH-459,08/21/2024,PASS,0
QC-6320,BATCH-729,03/22/2026,PASS,0
QC-6321,BATCH-1954,2026-03-15,Pass,0
QC-6322,BATCH-4045,2026-12-09,PASS,0
QC-6323,BATCH-2299,28-03-2026,Pass,0
QC-6324,BATCH-3117,06-05-2024,pass,0
QC-6325,BATCH-741,2026-04-18,PASS,0
QC-6326,BATCH-4113,22-10-2025,Pass,0
QC-6327,BATCH-3189,24-04-2024,PASS,0
QC-6328,BATCH-4355,2025-04-19,PASS,0
QC-6329,BATCH-2106,2026-07-11,PASS,0
QC-6330,BATCH-698,07/01/2024,pass,0
QC-6331,BATCH-124,2024-10-06,pass,0
QC-6332,BATCH-476,07-10-2025,Pass,0
QC-6333,BATCH-4109,2024-09-18,pass,0
QC-6334,BATCH-4030,07/18/2025,Pass,0
QC-6335,BATCH-6987,2026-06-25,Pass,0
QC-6336,BATCH-1481,2024-10-01,pass,0
QC-6337,BATCH-3942,2025-10-24,PASS,0
QC-6338,BATCH-3729,2025-03-11,PASS,0
QC-6339,BATCH-2511,2026-10-08,pass,0
QC-6340,BATCH-3290,2025-12-07,pass,0
QC-6341,BATCH-4797,2026-10-21,PASS,0
QC-6342,BATCH-5560,2025-05-23,pass,0
QC-6343,BATCH-947,01/10/2024,pass,0
QC-6344,BATCH-6735,2026-10-28,Pass,0
QC-6345,BATCH-5719,2025-08-10,Pass,0
QC-6346,BATCH-2859,20-07-2024,fail,0
QC-6347,BATCH-4118,2025-02-19,PASS,0
QC-6348,BATCH-5588,2025-10-18,PASS,0
QC-6349,BATCH-766,2025-06-28,PASS,0
QC-6350,BATCH-3380,2026-12-27,Pass,1
QC-6351,BATCH-1387,09/20/2024,Pass,0
QC-6352,BATCH-3333,2025-08-23,fail,0
QC-6353,BATCH-7929,26-09-2025,Pass,0
QC-6354,BATCH-4122,2025-02-18,Pass,0
QC-6355,BATCH-4670,2026-03-14,Pass,0
QC-6356,BATCH-218,01/04/2025,Pass,0
QC-6357,BATCH-4953,2026-05-06,pass,0
QC-6358,BATCH-5784,2026-01-12,Pass,0
QC-6359,BATCH-5585,05/06/2024,Pass,0
QC-6360,BATCH-1175,05/17/2026,PASS,0
QC-6361,BATCH-1720,2026-09-27,pass,0
QC-6362,BATCH-3398,2024-12-20,PASS,0
QC-6363,BATCH-7786,07/10/2026,PASS,0
QC-6364,BATCH-6190,03/14/2024,PASS,0
QC-6365,BATCH-1008,07-10-2024,pass,0
QC-6366,BATCH-4159,11/26/2025,Pass,0
QC-6367,BATCH-658,2026-09-22,PASS,0
QC-6368,BATCH-5195,06/20/2026,Pass,7
QC-6369,BATCH-6873,21-10-2025,Pass,0
QC-6370,BATCH-1216,12-01-2026,PASS,3
QC-6371,BATCH-7101,08/16/2026,Pass,0
QC-6372,BATCH-2179,2024-09-01,PASS,0
QC-6373,BATCH-2703,2025-06-06,PASS,0
QC-6374,BATCH-3758,2026-03-06,PASS,0
QC-6375,BATCH-3863,2026-06-09,pass,0
QC-6376,BATCH-6952,2024-04-07,pass,0
QC-6377,BATCH-3268,27-06-2024,Pass,0
QC-6378,BATCH-7708,2025-02-15,PASS,0
QC-6379,BATCH-3137,11/25/2024,pass,0
QC-6380,BATCH-5424,09/14/2026,Pass,0
QC-6381,BATCH-7987,2025-05-11,PASS,0
QC-6382,BATCH-911,06/27/2024,Pass,0
QC-6383,BATCH-6903,2024-11-22,Pass,0
QC-6384,BATCH-333,18-03-2025,pass,0
QC-6385,BATCH-7165,2024-12-09,PASS,0
QC-6386,BATCH-51,03/15/2026,pass,0
QC-6387,BATCH-3655,08/22/2024,PASS,0
QC-6388,BATCH-557,2026-11-05,Pass,0
QC-6389,BATCH-4623,2026-03-27,pass,0
QC-6390,BATCH-3059,08/15/2025,PASS,0
QC-6391,BATCH-3157,2026-06-06,fail,0
QC-6392,BATCH-254,15-12-2024,PASS,0
QC-6393,BATCH-2148,2024-09-07,PASS,0
QC-6394,BATCH-514,2024-09-07,pass,0
QC-6395,BATCH-4903,2025-06-16,Pass,0
QC-6396,BATCH-5486,04/03/2026,fail,0
QC-6397,BATCH-1183,08-07-2025,pass,0
QC-6398,BATCH-5732,2025-08-25,Pass,0
QC-6399,BATCH-2753,14-08-2026,PASS,0
QC-6400,BATCH-1956,2025-03-01,PASS,0
QC-6401,BATCH-3972,09/11/2024,PASS,0
QC-6402,BATCH-2730,2024-10-23,PASS,0
QC-6403,BATCH-5319,2024-08-27,pass,0
QC-6404,BATCH-3446,2025-10-16,PASS,0
QC-6405,BATCH-2294,01/08/2026,PASS,16
QC-6406,BATCH-4289,13-09-2024,Pass,0
QC-6407,BATCH-2488,04-07-2025,Pass,0
QC-6408,BATCH-7688,06/01/2026,Pass,0
QC-6409,BATCH-6544,08/15/2024,Pass,0
QC-6410,BATCH-6724,02/16/2024,PASS,0
QC-6411,BATCH-1131,18-06-2024,PASS,0
QC-6412,BATCH-4533,2026-10-09,fail,0
QC-6413,BATCH-2656,2025-09-27,pass,0
QC-6414,BATCH-844,2026-04-14,pass,0
QC-6415,BATCH-2897,2025-02-02,PASS,0
QC-6416,BATCH-4709,04-11-2025,PASS,0
QC-6417,BATCH-4328,2025-03-07,pass,0
QC-6418,BATCH-5603,2024-08-15,pass,0
QC-6419,BATCH-2152,2024-01-28,pass,0
QC-6420,BATCH-3487,01-04-2024,pass,0
QC-6421,BATCH-2416,2024-03-06,PASS,0
QC-6422,BATCH-3985,10/02/2024,Pass,0
QC-6423,BATCH-6050,02/01/2026,PASS,0
QC-6424,BATCH-6096,05-11-2025,fail,0
QC-6425,BATCH-5039,2024-07-08,Pass,0
QC-6426,BATCH-6228,07/04/2024,PASS,0
QC-6427,BATCH-4444,14-06-2026,pass,0
QC-6428,BATCH-4168,2025-05-05,Pass,0
QC-6429,BATCH-3637,10-02-2026,pass,0
QC-6430,BATCH-3477,27-05-2025,PASS,0
QC-6431,BATCH-548,2024-12-19,pass,0
QC-6432,BATCH-7047,2024-07-18,PASS,0
QC-6433,BATCH-3110,2024-04-22,pass,0
QC-6434,BATCH-7608,2024-05-06,fail,0
QC-6435,BATCH-2123,2024-06-18,pass,0
QC-6436,BATCH-4855,2024-08-05,fail,0
QC-6437,BATCH-7621,11-11-2024,pass,0
QC-6438,BATCH-6015,2026-01-12,Pass,0
QC-6439,BATCH-2285,2025-04-08,Pass,0
QC-6440,BATCH-5203,2024-07-09,pass,0
QC-6441,BATCH-7126,2026-05-28,pass,18
QC-6442,BATCH-5915,2024-10-10,pass,0
QC-6443,BATCH-7884,2024-07-12,pass,0
QC-6444,BATCH-7449,16-08-2024,Pass,0
QC-6445,BATCH-314,2025-08-17,pass,0
QC-6446,BATCH-6012,2026-04-19,PASS,0
QC-6447,BATCH-7367,05/15/2025,pass,0
QC-6448,BATCH-2776,2025-08-28,Pass,0
QC-6449,BATCH-5793,24-12-2024,pass,0
QC-6450,BATCH-3998,2026-06-24,Pass,0
QC-6451,BATCH-991,08/19/2025,PASS,0
QC-6452,BATCH-2175,2024-07-28,PASS,0
QC-6453,BATCH-3859,14-09-2025,PASS,0
QC-6454,BATCH-5752,2025-09-13,Pass,0
QC-6455,BATCH-879,2024-02-11,PASS,0
QC-6456,BATCH-3513,2026-06-02,pass,0
QC-6457,BATCH-40,07/04/2025,pass,0
QC-6458,BATCH-2235,2025-04-05,Pass,0
QC-6459,BATCH-338,2024-07-25,PASS,0
QC-6460,BATCH-3260,01/23/2025,pass,0
QC-6461,BATCH-3108,2026-10-24,pass,0
QC-6462,BATCH-5857,12/21/2024,fail,0
QC-6463,BATCH-4976,2024-05-12,pass,0
QC-6464,BATCH-1173,2026-04-19,PASS,0
QC-6465,BATCH-4210,04/20/2025,fail,0
QC-6466,BATCH-7938,11-12-2024,pass,0
QC-6467,BATCH-2807,2026-03-21,Pass,0
QC-6468,BATCH-7395,05/12/2025,Pass,0
QC-6469,BATCH-4024,2025-12-16,Pass,0
QC-6470,BATCH-4524,2025-11-07,Pass,0
QC-6471,BATCH-5959,2025-08-13,Pass,4
QC-6472,BATCH-2643,2026-05-01,pass,0
QC-6473,BATCH-7186,05-03-2026,pass,0
QC-6474,BATCH-6187,2024-04-18,PASS,0
QC-6475,BATCH-993,09/05/2026,Pass,0
QC-6476,BATCH-7885,2025-01-16,pass,0
QC-6477,BATCH-2246,2026-05-24,PASS,18
QC-6478,BATCH-2196,12/06/2026,PASS,0
QC-6479,BATCH-4357,2025-08-09,PASS,0
QC-6480,BATCH-7837,01/22/2024,pass,0
QC-6481,BATCH-4253,11-09-2026,PASS,0
QC-6482,BATCH-4486,02-11-2026,Pass,0
QC-6483,BATCH-2644,2026-07-08,PASS,0
QC-6484,BATCH-3440,2024-04-09,PASS,0
QC-6485,BATCH-6299,2025-11-25,pass,0
QC-6486,BATCH-5469,2026-07-03,pass,0
QC-6487,BATCH-7537,04/16/2025,pass,0
QC-6488,BATCH-3359,2026-07-17,pass,0
QC-6489,BATCH-514,2025-07-22,Pass,0
QC-6490,BATCH-93,2025-08-13,Pass,0
QC-6491,BATCH-106,2024-01-20,pass,0
QC-6492,BATCH-950,08/16/2025,Pass,0
QC-6493,BATCH-2643,04/10/2024,PASS,0
QC-6494,BATCH-5423,2024-03-17,fail,0
QC-6495,BATCH-4895,2026-10-28,Pass,0
QC-6496,BATCH-2280,2026-12-20,fail,0
QC-6497,BATCH-1474,01/13/2024,pass,0
QC-6498,BATCH-5005,11-09-2025,pass,0
QC-6499,BATCH-5555,2025-10-14,PASS,0
QC-6500,BATCH-2566,2024-04-02,fail,0
QC-6501,BATCH-7735,2024-12-22,PASS,0
QC-6502,BATCH-7992,15-10-2024,Pass,0
QC-6503,BATCH-7253,2025-12-27,pass,0
QC-6504,BATCH-389,2025-03-06,Pass,0
QC-6505,BATCH-2399,05-02-2025,PASS,0
QC-6506,BATCH-2625,22-12-2026,PASS,0
QC-6507,BATCH-7825,2025-05-24,Pass,0
QC-6508,BATCH-6641,2026-08-19,Pass,0
QC-6509,BATCH-5020,2026-06-22,pass,0
QC-6510,BATCH-7469,2026-01-10,pass,0
QC-6511,BATCH-4250,06/04/2026,PASS,0
QC-6512,BATCH-4543,2025-02-18,fail,0
QC-6513,BATCH-5174,11/15/2026,pass,0
QC-6514,BATCH-5844,10/26/2025,pass,0
QC-6515,BATCH-3045,2026-04-19,PASS,0
QC-6516,BATCH-3844,06/27/2025,pass,9
QC-6517,BATCH-5534,23-03-2024,Pass,0
QC-6518,BATCH-6883,2024-04-27,Pass,0
QC-6519,BATCH-5619,19-06-2024,Pass,0
QC-6520,BATCH-6583,2026-05-18,Pass,0
QC-6521,BATCH-5228,06/11/2024,Pass,0
QC-6522,BATCH-1338,2025-01-15,Pass,0
QC-6523,BATCH-2913,2025-09-06,Pass,0
QC-6524,BATCH-2478,16-03-2025,PASS,8
QC-6525,BATCH-7525,04-07-2026,Pass,0
QC-6526,BATCH-1797,08-06-2024,PASS,0
QC-6527,BATCH-4714,10/25/2025,Pass,0
QC-6528,BATCH-5196,05/03/2026,Pass,0
QC-6529,BATCH-1206,2026-09-13,pass,0
QC-6530,BATCH-327,2026-05-15,pass,0
QC-6531,BATCH-293,2025-03-08,pass,0
QC-6532,BATCH-3551,01/25/2026,pass,0
QC-6533,BATCH-244,2026-11-20,Pass,0
QC-6534,BATCH-32,10-02-2026,Pass,0
QC-6535,BATCH-7073,07/10/2025,pass,12
QC-6536,BATCH-1542,2025-03-25,pass,0
QC-6537,BATCH-2403,2025-01-07,PASS,0
QC-6538,BATCH-6512,27-06-2024,pass,0
QC-6539,BATCH-5275,2025-05-18,pass,0
QC-6540,BATCH-7305,09-10-2026,PASS,0
QC-6541,BATCH-1496,2025-09-20,pass,0
QC-6542,BATCH-819,10/01/2024,PASS,0
QC-6543,BATCH-7052,2025-05-09,Pass,0
QC-6544,BATCH-269,06-09-2026,Pass,0
QC-6545,BATCH-4644,16-12-2025,Pass,0
QC-6546,BATCH-4906,03-07-2024,fail,0
QC-6547,BATCH-6879,07-06-2024,Pass,0
QC-6548,BATCH-399,15-08-2024,pass,0
QC-6549,BATCH-2931,01/09/2025,PASS,0
QC-6550,BATCH-7541,2026-01-06,PASS,0
QC-6551,BATCH-5403,2024-10-28,pass,0
QC-6552,BATCH-1989,01/26/2024,PASS,11
QC-6553,BATCH-2550,2025-04-26,pass,0
QC-6554,BATCH-2959,03-11-2025,PASS,0
QC-6555,BATCH-6903,08/16/2024,PASS,0
QC-6556,BATCH-1617,04/22/2024,Pass,16
QC-6557,BATCH-5323,26-12-2024,pass,0
QC-6558,BATCH-5148,06/26/2025,PASS,0
QC-6559,BATCH-332,12/26/2026,pass,0
QC-6560,BATCH-342,12/23/2025,pass,0
QC-6561,BATCH-4102,2025-09-28,pass,0
QC-6562,BATCH-673,25-04-2024,pass,0
QC-6563,BATCH-6493,04/02/2026,Pass,0
QC-6564,BATCH-6012,2025-09-28,pass,0
QC-6565,BATCH-2135,2026-04-22,Pass,0
QC-6566,BATCH-2629,07/11/2025,pass,0
QC-6567,BATCH-1650,16-08-2026,pass,0
QC-6568,BATCH-5054,2026-11-23,Pass,0
QC-6569,BATCH-6871,2025-05-02,PASS,1
QC-6570,BATCH-671,10/12/2025,Pass,0
QC-6571,BATCH-7864,05/09/2024,PASS,0
QC-6572,BATCH-317,08/02/2025,Pass,0
QC-6573,BATCH-2380,2026-09-11,Pass,0
QC-6574,BATCH-426,2024-10-09,Pass,0
QC-6575,BATCH-3541,2025-06-23,Pass,0
QC-6576,BATCH-3587,18-02-2024,PASS,0
QC-6577,BATCH-66,2025-08-01,PASS,0
QC-6578,BATCH-7043,02/03/2026,PASS,0
QC-6579,BATCH-3544,11-06-2026,Pass,0
QC-6580,BATCH-2159,2025-02-16,Pass,19
QC-6581,BATCH-2737,2024-08-10,PASS,0
QC-6582,BATCH-344,20-07-2024,Pass,0
QC-6583,BATCH-5458,06/21/2025,PASS,0
QC-6584,BATCH-1387,10/19/2025,pass,0
QC-6585,BATCH-938,08/24/2026,Pass,0
QC-6586,BATCH-6423,15-11-2026,PASS,0
QC-6587,BATCH-2841,2025-05-25,pass,0
QC-6588,BATCH-175,2024-07-21,pass,0
QC-6589,BATCH-4101,2025-02-25,fail,0
QC-6590,BATCH-2010,2024-03-17,PASS,0
QC-6591,BATCH-1708,2026-10-22,Pass,0
QC-6592,BATCH-5812,06/07/2025,Pass,0
QC-6593,BATCH-3352,12/21/2025,Pass,3
QC-6594,BATCH-2436,2026-03-20,PASS,0
QC-6595,BATCH-433,11/03/2025,Pass,0
QC-6596,BATCH-5790,05-02-2025,fail,0
QC-6597,BATCH-4182,2026-03-14,PASS,0
QC-6598,BATCH-7387,2024-08-17,PASS,0
QC-6599,BATCH-953,11/01/2026,PASS,0
QC-6600,BATCH-7934,2024-10-06,pass,0
QC-6601,BATCH-1692,05/13/2026,pass,0
QC-6602,BATCH-470,01-07-2025,pass,0
QC-6603,BATCH-4852,2025-06-27,PASS,0
QC-6604,BATCH-4712,12/18/2026,Pass,0
QC-6605,BATCH-7270,2025-11-18,Pass,0
QC-6606,BATCH-5159,2026-06-22,pass,0
QC-6607,BATCH-4694,2024-08-26,Pass,0
QC-6608,BATCH-591,03-10-2025,Pass,0
QC-6609,BATCH-7301,2026-01-20,PASS,0
QC-6610,BATCH-2098,10/10/2024,pass,0
QC-6611,BATCH-7879,12/27/2026,Pass,0
QC-6612,BATCH-2515,12/19/2024,PASS,0
QC-6613,BATCH-2370,2026-07-21,pass,0
QC-6614,BATCH-3012,03/17/2024,Pass,0
QC-6615,BATCH-6422,2026-07-10,PASS,0
QC-6616,BATCH-3854,2026-05-06,PASS,0
QC-6617,BATCH-2938,09/12/2026,Pass,0
QC-6618,BATCH-5286,09/10/2024,PASS,0
QC-6619,BATCH-4247,2025-09-28,fail,0
QC-6620,BATCH-738,2024-12-19,Pass,0
QC-6621,BATCH-3698,2024-06-06,pass,20
QC-6622,BATCH-5117,2026-03-27,PASS,0
QC-6623,BATCH-263,01-04-2026,Pass,0
QC-6624,BATCH-3678,2026-08-09,pass,0
QC-6625,BATCH-7883,27-01-2026,pass,0
QC-6626,BATCH-4077,2025-06-17,Pass,0
QC-6627,BATCH-2192,2025-04-25,PASS,0
QC-6628,BATCH-4839,2025-11-14,pass,0
QC-6629,BATCH-1138,08-05-2025,Pass,0
QC-6630,BATCH-3200,2026-06-10,pass,0
QC-6631,BATCH-5417,2026-10-06,pass,0
QC-6632,BATCH-146,2024-08-27,pass,0
QC-6633,BATCH-6974,2026-01-04,PASS,0
QC-6634,BATCH-1029,05/08/2026,pass,0
QC-6635,BATCH-6555,2025-11-21,Pass,0
QC-6636,BATCH-780,2026-01-25,PASS,0
QC-6637,BATCH-2154,11-12-2026,fail,0
QC-6638,BATCH-1044,10/14/2026,Pass,0
QC-6639,BATCH-5447,02/12/2026,PASS,0
QC-6640,BATCH-4822,2026-11-10,fail,0
QC-6641,BATCH-1963,26-10-2026,pass,0
QC-6642,BATCH-2512,2024-03-23,Pass,0
QC-6643,BATCH-5331,11/04/2025,pass,0
QC-6644,BATCH-2212,2025-04-24,Pass,0
QC-6645,BATCH-1499,2025-07-25,PASS,0
QC-6646,BATCH-6797,09-07-2025,PASS,0
QC-6647,BATCH-7265,2025-02-14,pass,0
QC-6648,BATCH-4237,2024-11-11,Pass,0
QC-6649,BATCH-6735,2024-08-05,pass,0
QC-6650,BATCH-7043,06/19/2024,PASS,0
QC-6651,BATCH-6693,2024-06-04,pass,0
QC-6652,BATCH-1234,02/12/2025,pass,0
QC-6653,BATCH-3044,01-10-2026,Pass,0
QC-6654,BATCH-2212,2024-12-02,Pass,0
QC-6655,BATCH-2963,08-07-2026,pass,0
QC-6656,BATCH-3569,04/20/2026,pass,0
QC-6657,BATCH-7692,2026-04-04,Pass,0
QC-6658,BATCH-2405,07/19/2025,PASS,0
QC-6659,BATCH-3314,2025-05-13,Pass,0
QC-6660,BATCH-839,24-03-2025,PASS,0
QC-6661,BATCH-611,2024-01-08,pass,0
QC-6662,BATCH-117,2026-02-25,Pass,4
QC-6663,BATCH-2158,10/18/2024,Pass,0
QC-6664,BATCH-2912,04-11-2024,PASS,1
QC-6665,BATCH-238,09/11/2026,PASS,0
QC-6666,BATCH-3620,2025-01-19,pass,0
QC-6667,BATCH-5439,12-08-2024,pass,0
QC-6668,BATCH-4787,2025-05-08,pass,0
QC-6669,BATCH-5408,2026-02-24,Pass,0
QC-6670,BATCH-5313,2026-03-24,fail,0
QC-6671,BATCH-8000,2026-03-27,PASS,0
QC-6672,BATCH-6728,2025-10-08,PASS,0
QC-6673,BATCH-4694,2024-02-17,pass,0
QC-6674,BATCH-5867,18-10-2025,PASS,0
QC-6675,BATCH-7140,2025-08-26,PASS,0
QC-6676,BATCH-2005,2026-03-06,PASS,0
QC-6677,BATCH-3897,07/07/2026,pass,0
QC-6678,BATCH-2414,11/15/2026,pass,0
QC-6679,BATCH-4035,10-10-2025,Pass,0
QC-6680,BATCH-3292,2026-08-09,pass,0
QC-6681,BATCH-4257,04/06/2024,fail,0
QC-6682,BATCH-3279,01-02-2025,Pass,0
QC-6683,BATCH-86,2024-09-04,fail,0
QC-6684,BATCH-3405,2026-01-15,PASS,0
QC-6685,BATCH-4650,2024-04-11,pass,0
QC-6686,BATCH-7103,2025-12-24,pass,0
QC-6687,BATCH-1936,2024-12-10,pass,0
QC-6688,BATCH-2586,10/06/2025,Pass,0
QC-6689,BATCH-2419,2026-11-27,PASS,0
QC-6690,BATCH-2950,27-10-2025,fail,0
QC-6691,BATCH-4794,08-02-2024,pass,0
QC-6692,BATCH-2232,2025-11-12,fail,0
QC-6693,BATCH-7753,2025-10-09,pass,0
QC-6694,BATCH-156,13-09-2024,Pass,0
QC-6695,BATCH-5763,06/07/2026,PASS,0
QC-6696,BATCH-3682,09/12/2024,PASS,0
QC-6697,BATCH-3507,01/08/2026,pass,0
QC-6698,BATCH-2245,2025-07-24,PASS,0
QC-6699,BATCH-3436,02/08/2025,Pass,0
QC-6700,BATCH-1526,26-11-2024,pass,0
QC-6701,BATCH-7198,02-04-2026,PASS,0
QC-6702,BATCH-879,2024-04-09,PASS,0
QC-6703,BATCH-7658,2024-05-03,pass,0
QC-6704,BATCH-3474,20-12-2026,PASS,0
QC-6705,BATCH-5037,2025-11-11,PASS,0
QC-6706,BATCH-4001,25-05-2024,Pass,0
QC-6707,BATCH-1434,2026-02-18,pass,0
QC-6708,BATCH-7979,08/18/2026,Pass,0
QC-6709,BATCH-179,2024-05-13,Pass,0
QC-6710,BATCH-450,18-07-2024,pass,0
QC-6711,BATCH-3220,13-02-2026,Pass,0
QC-6712,BATCH-2216,2026-04-12,pass,0
QC-6713,BATCH-1196,2026-01-12,Pass,0
QC-6714,BATCH-7757,18-10-2025,Pass,0
QC-6715,BATCH-2158,24-11-2024,Pass,0
QC-6716,BATCH-3361,08/08/2025,Pass,0
QC-6717,BATCH-4837,2024-01-18,Pass,0
QC-6718,BATCH-1112,2026-08-07,pass,0
QC-6719,BATCH-6479,2025-08-17,Pass,0
QC-6720,BATCH-161,08/11/2026,pass,0
QC-6721,BATCH-7487,2026-01-25,PASS,0
QC-6722,BATCH-5344,07/14/2025,pass,0
QC-6723,BATCH-1091,21-07-2025,Pass,0
QC-6724,BATCH-1444,21-07-2026,pass,0
QC-6725,BATCH-1968,10/17/2025,Pass,0
QC-6726,BATCH-7261,2026-08-25,pass,0
QC-6727,BATCH-3087,05/17/2024,PASS,0
QC-6728,BATCH-5214,18-06-2026,pass,0
QC-6729,BATCH-5135,2025-05-28,pass,0
QC-6730,BATCH-1852,08/07/2026,PASS,0
QC-6731,BATCH-4009,2025-01-06,pass,0
QC-6732,BATCH-4912,2025-03-25,Pass,0
QC-6733,BATCH-4420,03-09-2026,Pass,19
QC-6734,BATCH-5347,11-10-2026,PASS,0
QC-6735,BATCH-7309,07/20/2024,PASS,0
QC-6736,BATCH-5236,23-12-2024,Pass,18
QC-6737,BATCH-3024,2026-01-13,PASS,0
QC-6738,BATCH-4492,04/07/2025,Pass,0
QC-6739,BATCH-898,2025-09-01,pass,0
QC-6740,BATCH-5859,2026-01-27,pass,0
QC-6741,BATCH-7047,2025-11-12,Pass,0
QC-6742,BATCH-7746,2026-04-09,pass,0
QC-6743,BATCH-5102,2026-12-06,Pass,0
QC-6744,BATCH-7686,07/12/2025,PASS,0
QC-6745,BATCH-5004,11/10/2024,PASS,0
QC-6746,BATCH-3819,04-07-2026,pass,0
QC-6747,BATCH-5101,2025-03-25,pass,0
QC-6748,BATCH-3108,2025-09-24,Pass,0
QC-6749,BATCH-2881,04-12-2025,pass,0
QC-6750,BATCH-7005,2024-05-19,pass,0
QC-6751,BATCH-1827,2025-07-21,Pass,0
QC-6752,BATCH-2828,01-11-2024,pass,0
QC-6753,BATCH-63,05/06/2026,fail,0
QC-6754,BATCH-7632,21-11-2024,pass,0
QC-6755,BATCH-465,10/14/2025,PASS,0
QC-6756,BATCH-4724,2026-10-11,PASS,0
QC-6757,BATCH-5006,05/06/2026,PASS,0
QC-6758,BATCH-6000,2024-06-12,PASS,0
QC-6759,BATCH-7677,07/24/2026,Pass,0
QC-6760,BATCH-7262,03/24/2026,pass,0
QC-6761,BATCH-7711,2025-04-10,pass,0
QC-6762,BATCH-3238,2025-09-09,Pass,0
QC-6763,BATCH-2005,10/27/2024,Pass,0
QC-6764,BATCH-2071,12/15/2026,Pass,0
QC-6765,BATCH-2031,10-07-2024,fail,0
QC-6766,BATCH-5356,04/12/2024,PASS,13
QC-6767,BATCH-1923,2024-02-14,PASS,0
QC-6768,BATCH-4368,09-07-2024,pass,0
QC-6769,BATCH-2667,2026-02-23,Pass,0
QC-6770,BATCH-6908,2025-12-14,pass,0
QC-6771,BATCH-2846,19-09-2026,PASS,0
QC-6772,BATCH-3699,2026-03-09,pass,1
QC-6773,BATCH-7394,23-07-2026,pass,0
QC-6774,BATCH-7960,2024-03-27,PASS,0
QC-6775,BATCH-2828,2026-01-03,pass,0
QC-6776,BATCH-5265,2024-06-07,Pass,0
QC-6777,BATCH-5388,2025-01-24,PASS,0
QC-6778,BATCH-6343,08/15/2025,pass,0
QC-6779,BATCH-4969,2024-06-07,Pass,0
QC-6780,BATCH-6755,09/12/2026,pass,0
QC-6781,BATCH-6318,2024-08-09,Pass,0
QC-6782,BATCH-4414,14-09-2026,Pass,0
QC-6783,BATCH-6291,2024-05-21,Pass,0
QC-6784,BATCH-2242,10/04/2024,Pass,0
QC-6785,BATCH-4361,18-05-2025,pass,0
QC-6786,BATCH-365,2026-01-12,Pass,0
QC-6787,BATCH-176,10/03/2025,PASS,0
QC-6788,BATCH-1015,2026-01-25,PASS,0
QC-6789,BATCH-6568,2026-10-20,Pass,0
QC-6790,BATCH-259,12/11/2025,PASS,0
QC-6791,BATCH-6918,2025-09-16,PASS,0
QC-6792,BATCH-6001,2025-05-08,PASS,0
QC-6793,BATCH-4689,01/16/2024,Pass,0
QC-6794,BATCH-68,01/14/2024,Pass,0
QC-6795,BATCH-4522,06/12/2024,pass,0
QC-6796,BATCH-2250,2026-01-05,Pass,0
QC-6797,BATCH-4640,2024-07-24,pass,20
QC-6798,BATCH-3853,2025-12-12,pass,0
QC-6799,BATCH-559,10-12-2024,PASS,0
QC-6800,BATCH-5988,07/14/2025,pass,0
QC-6801,BATCH-5739,2025-04-18,Pass,0
QC-6802,BATCH-3788,2026-02-24,pass,0
QC-6803,BATCH-6027,05/08/2026,pass,0
QC-6804,BATCH-157,2025-03-05,pass,11
QC-6805,BATCH-6931,2024-03-17,PASS,0
QC-6806,BATCH-7929,2026-10-17,PASS,8
QC-6807,BATCH-4675,2024-11-09,Pass,0
QC-6808,BATCH-150,2024-07-01,Pass,0
QC-6809,BATCH-7402,02/03/2024,Pass,0
QC-6810,BATCH-3837,2026-02-01,pass,20
QC-6811,BATCH-1035,2024-02-16,pass,0
QC-6812,BATCH-5225,2026-06-02,Pass,0
QC-6813,BATCH-7269,2026-03-18,pass,0
QC-6814,BATCH-7769,22-11-2025,PASS,0
QC-6815,BATCH-3372,02/18/2024,pass,0
QC-6816,BATCH-6221,2026-02-01,PASS,0
QC-6817,BATCH-2739,03/15/2025,pass,0
QC-6818,BATCH-1437,2024-12-25,pass,0
QC-6819,BATCH-4406,07/03/2026,pass,0
QC-6820,BATCH-1543,01/28/2025,pass,0
QC-6821,BATCH-4324,2025-09-05,fail,0
QC-6822,BATCH-2228,01/10/2026,Pass,0
QC-6823,BATCH-3181,2024-05-22,pass,0
QC-6824,BATCH-2725,2025-01-12,PASS,0
QC-6825,BATCH-6234,2026-05-28,pass,0
QC-6826,BATCH-6204,2026-01-22,Pass,0
QC-6827,BATCH-3852,05/09/2026,Pass,0
QC-6828,BATCH-4302,03/24/2024,PASS,0
QC-6829,BATCH-2550,2024-12-28,pass,0
QC-6830,BATCH-4926,09/02/2024,pass,0
QC-6831,BATCH-5550,2026-07-01,PASS,0
QC-6832,BATCH-4047,05-05-2025,PASS,0
QC-6833,BATCH-7087,2024-03-10,PASS,0
QC-6834,BATCH-4332,2026-06-22,fail,0
QC-6835,BATCH-16,13-12-2024,Pass,0
QC-6836,BATCH-744,28-04-2026,pass,0
QC-6837,BATCH-2957,03/03/2024,pass,0
QC-6838,BATCH-829,05/22/2025,pass,0
QC-6839,BATCH-5475,2024-07-02,Pass,0
QC-6840,BATCH-3720,04/16/2025,pass,0
QC-6841,BATCH-5595,13-04-2024,fail,0
QC-6842,BATCH-7424,03/19/2024,Pass,0
QC-6843,BATCH-3541,2026-04-07,Pass,0
QC-6844,BATCH-2875,2025-11-26,pass,0
QC-6845,BATCH-6126,2024-08-08,fail,0
QC-6846,BATCH-7027,2026-03-11,pass,0
QC-6847,BATCH-3277,2026-07-26,PASS,0
QC-6848,BATCH-5017,2025-03-10,fail,0
QC-6849,BATCH-4482,03-07-2026,pass,0
QC-6850,BATCH-6011,2025-02-01,pass,0
QC-6851,BATCH-2446,03/27/2024,Pass,0
QC-6852,BATCH-6743,2024-10-15,PASS,0
QC-6853,BATCH-3911,03-06-2024,pass,0
QC-6854,BATCH-5217,2024-12-08,PASS,0
QC-6855,BATCH-6338,2024-11-21,Pass,0
QC-6856,BATCH-1824,11-05-2026,pass,0
QC-6857,BATCH-4951,03-02-2025,Pass,0
QC-6858,BATCH-2875,2024-06-25,PASS,0
QC-6859,BATCH-1064,2025-11-23,Pass,0
QC-6860,BATCH-4226,28-10-2026,PASS,0
QC-6861,BATCH-1175,01/18/2024,pass,0
QC-6862,BATCH-3160,09-06-2024,PASS,0
QC-6863,BATCH-3601,09/28/2025,PASS,0
QC-6864,BATCH-2531,2025-11-23,Pass,0
QC-6865,BATCH-3485,2025-09-24,PASS,18
QC-6866,BATCH-4470,20-08-2024,PASS,0
QC-6867,BATCH-6595,08/05/2025,pass,0
QC-6868,BATCH-1393,07-04-2026,pass,0
QC-6869,BATCH-4751,2025-12-17,pass,0
QC-6870,BATCH-2035,2025-08-04,pass,0
QC-6871,BATCH-7871,2024-11-28,pass,0
QC-6872,BATCH-5155,2026-01-13,pass,0
QC-6873,BATCH-5461,03/17/2025,pass,0
QC-6874,BATCH-1428,03/13/2024,PASS,0
QC-6875,BATCH-4323,07/24/2024,Pass,0
QC-6876,BATCH-946,2026-01-05,fail,0
QC-6877,BATCH-6579,2026-10-22,pass,0
QC-6878,BATCH-6194,2026-04-25,pass,0
QC-6879,BATCH-5787,2025-01-26,PASS,0
QC-6880,BATCH-7189,21-04-2025,PASS,0
QC-6881,BATCH-6240,2026-01-06,Pass,0
QC-6882,BATCH-2103,09/25/2024,Pass,0
QC-6883,BATCH-755,11/04/2024,PASS,0
QC-6884,BATCH-3242,08-11-2026,Pass,4
QC-6885,BATCH-3798,2025-05-22,pass,0
QC-6886,BATCH-1041,2024-01-04,PASS,0
QC-6887,BATCH-5693,11/10/2024,pass,0
QC-6888,BATCH-4973,08/12/2025,Pass,0
QC-6889,BATCH-2892,2024-05-25,pass,6
QC-6890,BATCH-2939,2025-12-20,PASS,0
QC-6891,BATCH-2999,17-05-2025,Pass,0
QC-6892,BATCH-1007,2026-02-24,pass,0
QC-6893,BATCH-5490,06/19/2025,pass,0
QC-6894,BATCH-5037,12/04/2026,pass,0
QC-6895,BATCH-124,04-03-2024,pass,0
QC-6896,BATCH-1704,2024-03-22,Pass,0
QC-6897,BATCH-4866,2025-01-23,pass,0
QC-6898,BATCH-3184,2025-06-02,Pass,0
QC-6899,BATCH-2158,06/04/2026,PASS,0
QC-6900,BATCH-5272,2024-04-16,Pass,0
QC-6901,BATCH-3,12-11-2026,pass,0
QC-6902,BATCH-38,09/09/2024,fail,0
QC-6903,BATCH-3271,2025-01-27,PASS,0
QC-6904,BATCH-6897,2025-02-04,PASS,0
QC-6905,BATCH-3404,2024-07-28,PASS,0
QC-6906,BATCH-1263,2026-07-16,fail,0
QC-6907,BATCH-2312,03/08/2025,pass,0
QC-6908,BATCH-3982,2024-10-11,pass,0
QC-6909,BATCH-2373,03/06/2026,PASS,0
QC-6910,BATCH-3840,2025-03-07,PASS,0
QC-6911,BATCH-7169,2026-11-04,PASS,0
QC-6912,BATCH-3326,09/28/2024,Pass,0
QC-6913,BATCH-5233,2026-09-15,Pass,0
QC-6914,BATCH-5219,2026-06-01,pass,0
QC-6915,BATCH-5125,24-01-2024,pass,0
QC-6916,BATCH-4885,2025-01-26,pass,0
QC-6917,BATCH-3103,12-11-2026,PASS,0
QC-6918,BATCH-4553,2024-04-24,PASS,0
QC-6919,BATCH-5454,2026-03-27,Pass,0
QC-6920,BATCH-7188,04/18/2026,PASS,0
QC-6921,BATCH-4260,2026-02-23,pass,0
QC-6922,BATCH-245,2026-05-23,Pass,0
QC-6923,BATCH-3715,2026-07-05,Pass,0
QC-6924,BATCH-2157,2026-02-17,PASS,0
QC-6925,BATCH-5939,03/25/2025,Pass,8
QC-6926,BATCH-3478,10/08/2025,PASS,0
QC-6927,BATCH-1130,2026-06-28,PASS,0
QC-6928,BATCH-3619,2026-11-28,PASS,0
QC-6929,BATCH-2404,03/21/2026,PASS,0
QC-6930,BATCH-6866,05/17/2024,PASS,0
QC-6931,BATCH-6052,2024-08-09,pass,0
QC-6932,BATCH-1134,23-05-2025,pass,0
QC-6933,BATCH-7160,08/13/2025,Pass,0
QC-6934,BATCH-2355,02/05/2024,fail,0
QC-6935,BATCH-1478,2024-07-02,pass,0
QC-6936,BATCH-7243,11-11-2026,PASS,0
QC-6937,BATCH-5765,07/18/2025,pass,0
QC-6938,BATCH-4023,2026-06-21,Pass,0
QC-6939,BATCH-6965,2024-08-22,PASS,0
QC-6940,BATCH-3527,2026-07-07,Pass,0
QC-6941,BATCH-932,10-06-2024,pass,0
QC-6942,BATCH-5556,26-09-2024,Pass,0
QC-6943,BATCH-5895,26-11-2026,PASS,0
QC-6944,BATCH-7292,06-02-2026,PASS,0
QC-6945,BATCH-7602,2025-05-10,pass,0
QC-6946,BATCH-4559,2024-10-10,PASS,0
QC-6947,BATCH-722,04/19/2026,Pass,0
QC-6948,BATCH-4418,2024-11-24,Pass,0
QC-6949,BATCH-892,10/11/2024,pass,0
QC-6950,BATCH-1003,05-04-2025,Pass,0
QC-6951,BATCH-2994,2024-07-01,PASS,0
QC-6952,BATCH-3980,24-11-2025,fail,0
QC-6953,BATCH-334,2026-01-19,pass,0
QC-6954,BATCH-4783,2026-11-28,Pass,0
QC-6955,BATCH-3305,08/16/2026,Pass,13
QC-6956,BATCH-1813,17-04-2026,pass,0
QC-6957,BATCH-204,11/05/2026,pass,0
QC-6958,BATCH-5734,2026-06-20,PASS,15
QC-6959,BATCH-7536,07-08-2024,fail,0
QC-6960,BATCH-6347,21-11-2024,Pass,0
QC-6961,BATCH-6758,06-04-2024,Pass,0
QC-6962,BATCH-7898,27-04-2025,PASS,0
QC-6963,BATCH-4772,2025-06-25,Pass,0
QC-6964,BATCH-6189,01/18/2025,Pass,0
QC-6965,BATCH-3364,2024-01-24,PASS,0
QC-6966,BATCH-5390,04/09/2026,PASS,0
QC-6967,BATCH-7927,2025-06-15,Pass,0
QC-6968,BATCH-5320,2025-01-09,pass,0
QC-6969,BATCH-186,2025-07-17,PASS,0
QC-6970,BATCH-4736,03/13/2025,pass,0
QC-6971,BATCH-3389,2024-12-06,Pass,0
QC-6972,BATCH-6383,2025-06-21,Pass,0
QC-6973,BATCH-5229,01/07/2025,fail,0
QC-6974,BATCH-2415,2025-12-11,fail,0
QC-6975,BATCH-1900,07-01-2024,fail,0
QC-6976,BATCH-3252,08/12/2026,Pass,0
QC-6977,BATCH-3406,2025-06-03,PASS,0
QC-6978,BATCH-5195,2024-11-22,pass,0
QC-6979,BATCH-5399,2024-10-06,fail,0
QC-6980,BATCH-6095,2024-12-21,pass,0
QC-6981,BATCH-5197,19-05-2026,fail,0
QC-6982,BATCH-3923,2026-03-28,Pass,0
QC-6983,BATCH-3104,10/08/2025,fail,0
QC-6984,BATCH-3709,06-05-2024,Pass,0
QC-6985,BATCH-6132,2026-06-28,fail,0
QC-6986,BATCH-5269,2024-02-04,pass,0
QC-6987,BATCH-3131,05-12-2025,pass,0
QC-6988,BATCH-3178,22-05-2025,pass,0
QC-6989,BATCH-7785,05-09-2025,pass,0
QC-6990,BATCH-4399,2026-06-22,Pass,0
QC-6991,BATCH-2789,08/27/2026,Pass,0
QC-6992,BATCH-3248,08-07-2025,pass,0
QC-6993,BATCH-5979,2026-01-28,fail,0
QC-6994,BATCH-5346,03/28/2026,PASS,0
QC-6995,BATCH-6539,08/05/2025,pass,0
QC-6996,BATCH-4529,27-04-2026,pass,0
QC-6997,BATCH-5319,2024-08-25,PASS,0
QC-6998,BATCH-4290,12-02-2026,PASS,0
QC-6999,BATCH-6990,2025-01-01,Pass,0
QC-7000,BATCH-2207,2024-06-23,pass,0
QC-7001,BATCH-6960,2025-01-05,Pass,0
QC-7002,BATCH-7217,2024-09-18,pass,0
QC-7003,BATCH-7288,2025-12-12,Pass,0
QC-7004,BATCH-5069,01/07/2024,PASS,0
QC-7005,BATCH-2051,02/15/2024,Pass,0
QC-7006,BATCH-3279,2026-04-26,Pass,0
QC-7007,BATCH-336,01/22/2024,pass,0
QC-7008,BATCH-3829,13-12-2024,Pass,0
QC-7009,BATCH-2235,2024-12-27,pass,0
QC-7010,BATCH-1110,12/11/2026,pass,0
QC-7011,BATCH-1919,12/03/2024,PASS,0
QC-7012,BATCH-7464,2026-05-17,pass,0
QC-7013,BATCH-3638,2025-04-25,pass,0
QC-7014,BATCH-1532,11/17/2024,pass,0
QC-7015,BATCH-7146,2025-04-02,PASS,0
QC-7016,BATCH-7489,24-03-2024,Pass,0
QC-7017,BATCH-1782,02-06-2025,PASS,0
QC-7018,BATCH-5619,12/15/2024,Pass,0
QC-7019,BATCH-6813,2026-12-10,PASS,0
QC-7020,BATCH-7610,03-10-2024,pass,0
QC-7021,BATCH-6690,2026-05-04,Pass,0
QC-7022,BATCH-766,06/01/2024,fail,0
QC-7023,BATCH-2901,02/26/2024,Pass,0
QC-7024,BATCH-2286,11/21/2026,Pass,0
QC-7025,BATCH-2691,05-11-2024,fail,0
QC-7026,BATCH-2765,22-12-2024,PASS,0
QC-7027,BATCH-3607,2025-08-04,Pass,0
QC-7028,BATCH-2768,2024-12-28,PASS,0
QC-7029,BATCH-5662,10/11/2026,PASS,0
QC-7030,BATCH-5658,2025-05-16,PASS,0
QC-7031,BATCH-4346,01/26/2024,Pass,0
QC-7032,BATCH-2062,2025-03-25,fail,0
QC-7033,BATCH-1982,2026-07-20,Pass,0
QC-7034,BATCH-3769,12/20/2025,PASS,0
QC-7035,BATCH-55,16-06-2026,PASS,0
QC-7036,BATCH-625,03/28/2025,PASS,0
QC-7037,BATCH-5761,08/12/2025,Pass,0
QC-7038,BATCH-7510,2025-03-10,Pass,0
QC-7039,BATCH-6237,01/02/2025,PASS,16
QC-7040,BATCH-3155,05-12-2025,PASS,0
QC-7041,BATCH-1099,12/06/2026,Pass,0
QC-7042,BATCH-5962,07/17/2025,Pass,0
QC-7043,BATCH-2776,2025-04-17,PASS,0
QC-7044,BATCH-7437,2026-07-26,PASS,0
QC-7045,BATCH-5724,20-10-2026,pass,0
QC-7046,BATCH-4375,05/01/2024,PASS,0
QC-7047,BATCH-671,05/06/2024,fail,0
QC-7048,BATCH-2604,27-09-2026,pass,0
QC-7049,BATCH-3577,07-02-2025,pass,0
QC-7050,BATCH-7780,01-02-2026,Pass,0
QC-7051,BATCH-1080,2025-04-05,pass,0
QC-7052,BATCH-1068,04/15/2026,PASS,0
QC-7053,BATCH-2881,2026-07-04,PASS,0
QC-7054,BATCH-5007,2026-12-17,PASS,0
QC-7055,BATCH-7283,01/19/2026,Pass,2
QC-7056,BATCH-1995,2024-03-09,PASS,0
QC-7057,BATCH-1342,2025-01-08,pass,0
QC-7058,BATCH-2142,03/27/2024,pass,0
QC-7059,BATCH-6204,2026-01-21,pass,0
QC-7060,BATCH-3023,17-11-2025,PASS,0
QC-7061,BATCH-1558,11-09-2024,Pass,0
QC-7062,BATCH-4456,2026-06-05,pass,0
QC-7063,BATCH-6762,08/10/2025,Pass,0
QC-7064,BATCH-1636,2024-09-01,pass,0
QC-7065,BATCH-1919,2025-09-13,Pass,0
QC-7066,BATCH-1453,2026-05-01,PASS,0
QC-7067,BATCH-2237,2024-08-26,pass,0
QC-7068,BATCH-7854,05/01/2025,pass,0
QC-7069,BATCH-1945,2025-07-03,PASS,0
QC-7070,BATCH-3649,10/09/2026,Pass,0
QC-7071,BATCH-2203,2024-02-12,Pass,0
QC-7072,BATCH-17,09/21/2024,PASS,0
QC-7073,BATCH-4928,2026-11-07,PASS,0
QC-7074,BATCH-3919,07/28/2026,pass,0
QC-7075,BATCH-4211,2025-01-08,PASS,0
QC-7076,BATCH-4440,2024-12-23,fail,0
QC-7077,BATCH-7911,2025-10-09,PASS,17
QC-7078,BATCH-656,11/07/2025,fail,0
QC-7079,BATCH-7312,2024-08-02,PASS,0
QC-7080,BATCH-5598,2024-03-11,Pass,0
QC-7081,BATCH-2523,10-06-2024,Pass,0
QC-7082,BATCH-66,2025-09-16,pass,0
QC-7083,BATCH-404,2024-10-10,PASS,0
QC-7084,BATCH-2077,2024-05-08,Pass,0
QC-7085,BATCH-4152,2026-08-28,pass,0
QC-7086,BATCH-127,18-08-2024,pass,0
QC-7087,BATCH-7246,2025-09-28,Pass,0
QC-7088,BATCH-984,26-08-2024,Pass,0
QC-7089,BATCH-650,02/23/2026,pass,0
QC-7090,BATCH-2585,2026-12-06,PASS,0
QC-7091,BATCH-6639,11/02/2025,pass,0
QC-7092,BATCH-7852,2026-09-12,pass,0
QC-7093,BATCH-6387,09-09-2025,Pass,0
QC-7094,BATCH-528,2024-04-13,PASS,0
QC-7095,BATCH-4933,2025-04-03,pass,0
QC-7096,BATCH-2003,12/20/2026,Pass,0
QC-7097,BATCH-716,2025-08-18,PASS,0
QC-7098,BATCH-5140,08/24/2026,PASS,0
QC-7099,BATCH-7297,2024-06-18,Pass,0
QC-7100,BATCH-301,2025-01-06,Pass,0
QC-7101,BATCH-5261,04/09/2024,Pass,0
QC-7102,BATCH-4838,2024-04-17,pass,0
QC-7103,BATCH-2524,2026-07-12,Pass,0
QC-7104,BATCH-7744,2025-06-27,Pass,0
QC-7105,BATCH-7500,06/16/2026,fail,0
QC-7106,BATCH-3692,11/13/2024,Pass,0
QC-7107,BATCH-2866,2025-06-04,Pass,0
QC-7108,BATCH-357,2024-08-08,pass,0
QC-7109,BATCH-7200,2024-02-14,PASS,0
QC-7110,BATCH-5564,2024-09-06,pass,0
QC-7111,BATCH-2021,2026-09-01,Pass,0
QC-7112,BATCH-2190,10-12-2024,pass,0
QC-7113,BATCH-371,12/02/2026,pass,0
QC-7114,BATCH-3379,2025-12-24,PASS,0
QC-7115,BATCH-2891,2025-10-24,Pass,0
QC-7116,BATCH-7824,11-02-2024,PASS,0
QC-7117,BATCH-5484,2024-02-06,Pass,14
QC-7118,BATCH-5828,03/24/2024,Pass,0
QC-7119,BATCH-2417,09/01/2025,fail,0
QC-7120,BATCH-3604,2024-05-21,fail,0
QC-7121,BATCH-7262,2026-03-19,PASS,7
QC-7122,BATCH-6680,2026-03-23,PASS,0
QC-7123,BATCH-3538,2026-04-21,PASS,0
QC-7124,BATCH-1403,07/24/2025,fail,0
QC-7125,BATCH-605,20-05-2026,PASS,0
QC-7126,BATCH-5740,2025-04-17,PASS,19
QC-7127,BATCH-6543,10-07-2025,pass,0
QC-7128,BATCH-3684,2026-11-01,fail,0
QC-7129,BATCH-3415,2024-11-28,pass,0
QC-7130,BATCH-2388,01/03/2024,PASS,0
QC-7131,BATCH-7153,2024-02-23,fail,0
QC-7132,BATCH-3093,2025-09-17,pass,0
QC-7133,BATCH-7332,2026-10-15,pass,0
QC-7134,BATCH-6732,2025-01-05,PASS,0
QC-7135,BATCH-5985,16-02-2024,PASS,0
QC-7136,BATCH-4002,2024-09-20,PASS,14
QC-7137,BATCH-6068,11-02-2025,PASS,0
QC-7138,BATCH-441,2026-06-18,pass,6
QC-7139,BATCH-6866,11/13/2025,pass,0
QC-7140,BATCH-1917,2024-06-11,Pass,0
QC-7141,BATCH-7072,04-05-2024,Pass,0
QC-7142,BATCH-3643,12/04/2026,PASS,0
QC-7143,BATCH-3126,2025-03-26,fail,0
QC-7144,BATCH-4496,01-04-2026,pass,0
QC-7145,BATCH-5163,2025-09-07,PASS,0
QC-7146,BATCH-4547,20-06-2026,PASS,0
QC-7147,BATCH-1171,2024-09-08,pass,0
QC-7148,BATCH-2026,01-04-2025,pass,0
QC-7149,BATCH-3819,04/12/2024,pass,0
QC-7150,BATCH-2407,2026-11-11,Pass,0
QC-7151,BATCH-7155,02/12/2026,Pass,0
QC-7152,BATCH-3280,10-01-2024,PASS,0
QC-7153,BATCH-1573,2026-09-26,Pass,0
QC-7154,BATCH-1727,04/11/2026,Pass,0
QC-7155,BATCH-6153,05/02/2026,Pass,0
QC-7156,BATCH-4504,2026-10-17,PASS,0
QC-7157,BATCH-4674,20-09-2024,PASS,0
QC-7158,BATCH-1982,2026-12-15,pass,0
QC-7159,BATCH-1788,2025-12-03,PASS,0
QC-7160,BATCH-5908,10/12/2025,pass,0
QC-7161,BATCH-3484,2025-07-12,Pass,0
QC-7162,BATCH-7511,2025-09-28,PASS,0
QC-7163,BATCH-3216,2026-11-13,pass,0
QC-7164,BATCH-575,2026-03-24,pass,0
QC-7165,BATCH-7725,2026-04-13,pass,0
QC-7166,BATCH-6481,27-01-2025,PASS,0
QC-7167,BATCH-2253,12-01-2025,PASS,0
QC-7168,BATCH-3590,2026-05-27,pass,2
QC-7169,BATCH-3247,2026-07-07,PASS,0
QC-7170,BATCH-3740,12/17/2025,pass,0
QC-7171,BATCH-4669,05/05/2025,PASS,0
QC-7172,BATCH-6534,06/18/2026,pass,0
QC-7173,BATCH-5695,09/08/2025,Pass,0
QC-7174,BATCH-1879,2024-09-25,PASS,0
QC-7175,BATCH-7060,2026-01-25,pass,0
QC-7176,BATCH-5943,2024-05-01,Pass,0
QC-7177,BATCH-2543,2024-07-22,pass,0
QC-7178,BATCH-6859,2024-10-10,fail,0
QC-7179,BATCH-2516,2025-01-23,pass,0
QC-7180,BATCH-986,2026-09-23,PASS,0
QC-7181,BATCH-219,07/14/2024,PASS,0
QC-7182,BATCH-5956,2024-09-12,PASS,0
QC-7183,BATCH-1061,03/20/2026,Pass,0
QC-7184,BATCH-2710,12/05/2025,Pass,0
QC-7185,BATCH-3630,08/05/2024,PASS,0
QC-7186,BATCH-6901,11/02/2026,PASS,0
QC-7187,BATCH-3379,12/03/2025,PASS,0
QC-7188,BATCH-3928,12/14/2026,PASS,0
QC-7189,BATCH-5849,03/24/2024,fail,0
QC-7190,BATCH-6426,2025-11-14,PASS,9
QC-7191,BATCH-2483,2024-06-22,PASS,0
QC-7192,BATCH-2606,2026-10-05,Pass,0
QC-7193,BATCH-3669,09/08/2026,pass,0
QC-7194,BATCH-7388,2024-07-08,pass,0
QC-7195,BATCH-571,2024-01-27,PASS,0
QC-7196,BATCH-7464,2026-05-24,Pass,0
QC-7197,BATCH-5377,2025-12-08,pass,0
QC-7198,BATCH-6778,02/23/2024,pass,0
QC-7199,BATCH-4197,2024-10-07,PASS,0
QC-7200,BATCH-5944,2024-06-03,Pass,0
QC-7201,BATCH-1836,2025-09-21,PASS,0
QC-7202,BATCH-1910,2026-10-28,pass,0
QC-7203,BATCH-2812,2025-11-07,pass,0
QC-7204,BATCH-5467,2025-09-23,PASS,0
QC-7205,BATCH-1739,2026-05-16,fail,0
QC-7206,BATCH-6680,26-11-2024,PASS,0
QC-7207,BATCH-3167,18-01-2024,pass,0
QC-7208,BATCH-3238,2025-07-03,Pass,0
QC-7209,BATCH-907,2024-02-27,PASS,0
QC-7210,BATCH-2679,07/08/2026,PASS,0
QC-7211,BATCH-6187,2025-11-16,Pass,0
QC-7212,BATCH-6688,2025-05-12,pass,0
QC-7213,BATCH-4362,2024-01-10,Pass,0
QC-7214,BATCH-7036,2024-02-13,PASS,0
QC-7215,BATCH-6417,01-05-2026,Pass,0
QC-7216,BATCH-2334,02/26/2026,pass,0
QC-7217,BATCH-5893,2024-04-25,fail,0
QC-7218,BATCH-5712,2024-02-09,Pass,0
QC-7219,BATCH-647,2024-07-06,PASS,0
QC-7220,BATCH-3566,07/23/2025,Pass,0
QC-7221,BATCH-4717,02-02-2024,pass,0
QC-7222,BATCH-1322,24-03-2026,PASS,0
QC-7223,BATCH-99,2024-12-02,PASS,0
QC-7224,BATCH-7214,10/18/2026,fail,0
QC-7225,BATCH-7062,03/06/2025,pass,0
QC-7226,BATCH-361,2025-06-06,Pass,0
QC-7227,BATCH-4745,14-10-2026,PASS,0
QC-7228,BATCH-6959,21-10-2026,pass,18
QC-7229,BATCH-3922,04/05/2025,Pass,0
QC-7230,BATCH-172,2025-04-18,PASS,0
QC-7231,BATCH-2413,15-06-2025,pass,0
QC-7232,BATCH-4799,09/26/2024,Pass,0
QC-7233,BATCH-809,06/25/2026,PASS,0
QC-7234,BATCH-3511,09/04/2025,Pass,0
QC-7235,BATCH-941,2025-06-03,PASS,0
QC-7236,BATCH-7090,2024-06-25,Pass,0
QC-7237,BATCH-6329,2025-06-26,PASS,0
QC-7238,BATCH-6498,2025-12-09,fail,0
QC-7239,BATCH-7938,2025-04-25,Pass,0
QC-7240,BATCH-196,19-05-2024,PASS,0
QC-7241,BATCH-6946,2024-05-08,pass,0
QC-7242,BATCH-7875,2025-02-27,Pass,0
QC-7243,BATCH-128,2025-11-04,Pass,0
QC-7244,BATCH-3392,13-09-2025,Pass,0
QC-7245,BATCH-7942,2024-02-16,Pass,0
QC-7246,BATCH-2340,10/11/2025,Pass,0
QC-7247,BATCH-7313,2024-02-28,Pass,12
QC-7248,BATCH-3511,2025-05-05,pass,0
QC-7249,BATCH-5151,01/17/2025,PASS,0
QC-7250,BATCH-3787,02/22/2024,pass,0
QC-7251,BATCH-5447,2026-08-21,pass,0
QC-7252,BATCH-2530,2026-11-08,PASS,0
QC-7253,BATCH-5230,2025-01-21,Pass,0
QC-7254,BATCH-1511,2025-01-22,pass,0
QC-7255,BATCH-722,2026-03-06,PASS,0
QC-7256,BATCH-1427,11/26/2024,Pass,0
QC-7257,BATCH-1924,12/23/2026,Pass,0
QC-7258,BATCH-4133,07/16/2024,fail,0
QC-7259,BATCH-7800,04-06-2026,Pass,0
QC-7260,BATCH-7423,12/14/2024,pass,0
QC-7261,BATCH-3925,2025-02-16,pass,0
QC-7262,BATCH-830,24-11-2026,Pass,0
QC-7263,BATCH-5312,2026-05-26,pass,0
QC-7264,BATCH-6052,2025-08-08,pass,0
QC-7265,BATCH-5510,2025-10-04,PASS,0
QC-7266,BATCH-6172,26-10-2025,Pass,0
QC-7267,BATCH-6472,2025-05-13,PASS,0
QC-7268,BATCH-246,08/23/2025,fail,0
QC-7269,BATCH-345,03-01-2025,Pass,0
QC-7270,BATCH-7982,2024-06-11,Pass,0
QC-7271,BATCH-5752,07/22/2024,fail,10
QC-7272,BATCH-3753,25-10-2026,fail,0
QC-7273,BATCH-7348,14-05-2024,pass,0
QC-7274,BATCH-3406,09/20/2026,pass,0
QC-7275,BATCH-6487,2026-01-08,Pass,0
QC-7276,BATCH-5157,05-01-2024,Pass,0
QC-7277,BATCH-992,2026-04-05,PASS,16
QC-7278,BATCH-4105,2026-03-10,pass,0
QC-7279,BATCH-2479,01/20/2024,Pass,0
QC-7280,BATCH-4468,06/09/2026,Pass,0
QC-7281,BATCH-3005,05/26/2025,fail,0
QC-7282,BATCH-3228,07-10-2024,pass,0
QC-7283,BATCH-1190,2024-11-01,pass,0
QC-7284,BATCH-2737,2025-07-07,PASS,0
QC-7285,BATCH-2035,07/15/2024,PASS,0
QC-7286,BATCH-952,20-10-2025,Pass,0
QC-7287,BATCH-1323,09/05/2024,Pass,0
QC-7288,BATCH-58,05/13/2026,Pass,0
QC-7289,BATCH-2105,02/20/2025,Pass,0
QC-7290,BATCH-896,2025-05-01,PASS,0
QC-7291,BATCH-5093,05/15/2025,Pass,0
QC-7292,BATCH-6514,2025-03-28,PASS,0
QC-7293,BATCH-787,09/20/2026,pass,0
QC-7294,BATCH-6226,2024-10-14,PASS,0
QC-7295,BATCH-5398,2026-09-10,pass,0
QC-7296,BATCH-6604,2024-03-12,Pass,0
QC-7297,BATCH-1465,2024-06-16,pass,0
QC-7298,BATCH-3257,19-06-2026,pass,0
QC-7299,BATCH-3149,07-03-2025,Pass,0
QC-7300,BATCH-3254,2024-01-07,pass,0
QC-7301,BATCH-5853,2026-08-09,PASS,20
QC-7302,BATCH-956,17-11-2026,Pass,0
QC-7303,BATCH-2620,2026-11-28,PASS,0
QC-7304,BATCH-5535,2026-08-28,Pass,0
QC-7305,BATCH-2433,11/26/2025,Pass,0
QC-7306,BATCH-5935,2025-08-24,PASS,0
QC-7307,BATCH-3510,01/25/2026,Pass,0
QC-7308,BATCH-4187,2026-06-27,pass,0
QC-7309,BATCH-7432,2024-12-22,Pass,0
QC-7310,BATCH-744,06/04/2024,PASS,0
QC-7311,BATCH-1776,2026-06-11,pass,0
QC-7312,BATCH-5278,2024-08-28,pass,0
QC-7313,BATCH-6325,11/11/2026,fail,18
QC-7314,BATCH-571,02/21/2024,Pass,0
QC-7315,BATCH-441,2024-07-21,pass,0
QC-7316,BATCH-6048,2024-11-27,PASS,0
QC-7317,BATCH-1478,17-10-2026,fail,2
QC-7318,BATCH-4879,2026-01-24,pass,0
QC-7319,BATCH-4615,06/26/2026,Pass,0
QC-7320,BATCH-6586,2025-12-26,PASS,0
QC-7321,BATCH-6707,03/28/2025,PASS,0
QC-7322,BATCH-6925,03/16/2026,fail,0
QC-7323,BATCH-4554,2025-06-19,PASS,0
QC-7324,BATCH-641,2024-09-10,pass,8
QC-7325,BATCH-2066,2026-07-08,pass,0
QC-7326,BATCH-1015,08/16/2025,pass,0
QC-7327,BATCH-4954,2024-10-04,PASS,0
QC-7328,BATCH-2237,2024-02-19,PASS,0
QC-7329,BATCH-609,01/26/2026,Pass,0
QC-7330,BATCH-4313,2026-05-06,Pass,0
QC-7331,BATCH-2401,2025-05-16,Pass,0
QC-7332,BATCH-1246,2025-07-23,pass,0
QC-7333,BATCH-857,26-06-2025,Pass,0
QC-7334,BATCH-5893,2026-10-06,pass,0
QC-7335,BATCH-929,06/01/2025,pass,0
QC-7336,BATCH-687,2025-09-16,PASS,0
QC-7337,BATCH-7282,12/24/2025,Pass,0
QC-7338,BATCH-7789,03/26/2026,fail,0
QC-7339,BATCH-2429,2026-10-14,pass,0
QC-7340,BATCH-96,2024-07-16,pass,0
QC-7341,BATCH-3526,2024-05-07,PASS,0
QC-7342,BATCH-4000,2025-06-26,pass,0
QC-7343,BATCH-3543,2026-04-28,pass,0
QC-7344,BATCH-5061,06/05/2026,fail,0
QC-7345,BATCH-3899,2026-08-07,Pass,0
QC-7346,BATCH-1377,2026-11-06,pass,0
QC-7347,BATCH-1147,23-01-2026,fail,0
QC-7348,BATCH-1043,09/23/2025,Pass,0
QC-7349,BATCH-2819,06/04/2026,PASS,0
QC-7350,BATCH-7678,18-10-2024,PASS,0
QC-7351,BATCH-602,2024-03-16,PASS,0
QC-7352,BATCH-4667,2024-07-20,PASS,0
QC-7353,BATCH-7770,04/27/2025,Pass,0
QC-7354,BATCH-3095,12-01-2025,Pass,0
QC-7355,BATCH-5573,26-07-2024,PASS,0
QC-7356,BATCH-7406,22-03-2026,Pass,0
QC-7357,BATCH-3631,14-08-2026,pass,0
QC-7358,BATCH-679,08/11/2024,PASS,0
QC-7359,BATCH-870,05/26/2024,PASS,0
QC-7360,BATCH-5916,2024-05-09,fail,0
QC-7361,BATCH-5895,09/18/2025,PASS,0
QC-7362,BATCH-7730,2025-02-24,Pass,0
QC-7363,BATCH-6503,2024-09-11,pass,0
QC-7364,BATCH-624,2024-07-09,Pass,0
QC-7365,BATCH-4687,2026-05-05,pass,0
QC-7366,BATCH-5440,06/12/2026,PASS,0
QC-7367,BATCH-5600,01/13/2025,PASS,0
QC-7368,BATCH-7803,2024-10-01,Pass,0
QC-7369,BATCH-902,11-10-2024,pass,0
QC-7370,BATCH-7383,10-04-2024,Pass,0
QC-7371,BATCH-624,2026-09-15,pass,0
QC-7372,BATCH-6375,2024-07-25,pass,6
QC-7373,BATCH-3082,03/28/2024,Pass,0
QC-7374,BATCH-6693,2025-07-03,Pass,0
QC-7375,BATCH-58,2025-02-08,PASS,0
QC-7376,BATCH-3665,2024-07-18,pass,0
QC-7377,BATCH-4469,04/23/2026,pass,0
QC-7378,BATCH-7416,01/27/2025,pass,0
QC-7379,BATCH-7145,21-07-2026,PASS,0
QC-7380,BATCH-2866,2026-12-26,pass,0
QC-7381,BATCH-7139,2024-09-27,PASS,0
QC-7382,BATCH-6283,2025-01-19,PASS,0
QC-7383,BATCH-7923,2025-08-23,PASS,0
QC-7384,BATCH-5364,03-04-2025,Pass,0
QC-7385,BATCH-7486,03-05-2025,PASS,0
QC-7386,BATCH-2867,2024-01-06,PASS,0
QC-7387,BATCH-4444,2024-11-27,pass,0
QC-7388,BATCH-610,09/16/2024,PASS,0
QC-7389,BATCH-3733,10-12-2024,PASS,0
QC-7390,BATCH-2435,2026-04-20,Pass,0
QC-7391,BATCH-3413,11/15/2026,pass,0
QC-7392,BATCH-4745,2025-02-09,pass,0
QC-7393,BATCH-3165,05-10-2026,pass,0
QC-7394,BATCH-779,09-03-2025,Pass,0
QC-7395,BATCH-6151,07/18/2024,pass,9
QC-7396,BATCH-2316,04-03-2025,Pass,0
QC-7397,BATCH-499,22-05-2025,Pass,0
QC-7398,BATCH-840,05/05/2026,PASS,0
QC-7399,BATCH-4742,2025-12-14,PASS,0
QC-7400,BATCH-4968,06/10/2024,Pass,0
QC-7401,BATCH-7059,2024-07-13,Pass,0
QC-7402,BATCH-7953,06-09-2024,pass,0
QC-7403,BATCH-1051,2026-09-04,Pass,0
QC-7404,BATCH-2417,02/12/2025,pass,0
QC-7405,BATCH-6196,02-07-2026,fail,0
QC-7406,BATCH-722,2025-05-10,fail,0
QC-7407,BATCH-4999,11/16/2026,PASS,0
QC-7408,BATCH-7903,01-01-2026,Pass,0
QC-7409,BATCH-1330,2025-09-19,Pass,0
QC-7410,BATCH-5234,2026-04-09,Pass,0
QC-7411,BATCH-5605,09/07/2024,pass,0
QC-7412,BATCH-5557,2025-02-12,PASS,0
QC-7413,BATCH-2289,23-12-2026,PASS,0
QC-7414,BATCH-4724,01/15/2026,PASS,0
QC-7415,BATCH-6193,02-05-2024,PASS,0
QC-7416,BATCH-5811,2025-03-18,pass,0
QC-7417,BATCH-2977,08/20/2025,PASS,0
QC-7418,BATCH-7849,11-07-2024,fail,0
QC-7419,BATCH-6457,2024-05-07,Pass,0
QC-7420,BATCH-2677,18-05-2025,PASS,0
QC-7421,BATCH-6538,2026-03-18,pass,0
QC-7422,BATCH-3300,28-05-2024,pass,0
QC-7423,BATCH-6650,2024-05-15,pass,0
QC-7424,BATCH-4139,11-06-2026,pass,0
QC-7425,BATCH-424,2026-06-25,Pass,0
QC-7426,BATCH-7200,11/27/2024,PASS,0
QC-7427,BATCH-962,2025-10-09,PASS,0
QC-7428,BATCH-5639,01/22/2025,pass,6
QC-7429,BATCH-1273,2024-04-21,Pass,0
QC-7430,BATCH-188,19-04-2026,pass,0
QC-7431,BATCH-4699,2024-02-08,pass,0
QC-7432,BATCH-5379,2026-05-04,PASS,0
QC-7433,BATCH-6094,2025-07-12,PASS,0
QC-7434,BATCH-3423,2024-10-06,pass,0
QC-7435,BATCH-4334,10/26/2025,fail,0
QC-7436,BATCH-3451,06/21/2025,fail,0
QC-7437,BATCH-6783,10/20/2026,Pass,0
QC-7438,BATCH-5980,2026-05-04,Pass,0
QC-7439,BATCH-4834,05-11-2026,PASS,0
QC-7440,BATCH-4231,24-04-2024,pass,0
QC-7441,BATCH-6471,13-05-2024,pass,0
QC-7442,BATCH-4979,2025-02-03,Pass,0
QC-7443,BATCH-2687,02/24/2024,Pass,0
QC-7444,BATCH-3780,2024-05-14,PASS,0
QC-7445,BATCH-1432,2026-09-06,pass,0
QC-7446,BATCH-2457,09/26/2025,Pass,0
QC-7447,BATCH-313,07/02/2026,Pass,0
QC-7448,BATCH-6302,2025-03-23,fail,0
QC-7449,BATCH-5705,2026-08-04,Pass,0
QC-7450,BATCH-2778,06/10/2026,PASS,0
QC-7451,BATCH-4298,2024-11-15,pass,0
QC-7452,BATCH-4236,2025-01-03,PASS,0
QC-7453,BATCH-6104,10/24/2026,PASS,0
QC-7454,BATCH-2518,20-04-2026,pass,0
QC-7455,BATCH-1343,2026-07-04,Pass,0
QC-7456,BATCH-2716,20-02-2026,PASS,0
QC-7457,BATCH-3955,2025-09-04,Pass,0
QC-7458,BATCH-5695,2024-02-04,Pass,0
QC-7459,BATCH-208,2024-12-04,pass,0
QC-7460,BATCH-4700,2026-02-18,Pass,0
QC-7461,BATCH-2786,2026-12-05,pass,0
QC-7462,BATCH-1745,2025-08-28,Pass,0
QC-7463,BATCH-6879,2025-03-13,pass,0
QC-7464,BATCH-7669,04/12/2024,pass,0
QC-7465,BATCH-6334,04/23/2024,pass,0
QC-7466,BATCH-1945,2025-01-25,pass,0
QC-7467,BATCH-4793,04/11/2024,Pass,0
QC-7468,BATCH-7855,2026-06-28,pass,0
QC-7469,BATCH-7403,17-10-2025,PASS,0
QC-7470,BATCH-2232,28-02-2025,PASS,6
QC-7471,BATCH-7057,09/10/2025,pass,0
QC-7472,BATCH-1890,2025-11-12,PASS,0
QC-7473,BATCH-5038,2026-10-04,PASS,0
QC-7474,BATCH-6752,2025-03-03,PASS,0
QC-7475,BATCH-6012,03/28/2024,fail,0
QC-7476,BATCH-7828,01/03/2024,Pass,20
QC-7477,BATCH-352,2025-06-06,pass,0
QC-7478,BATCH-3002,2026-12-13,PASS,0
QC-7479,BATCH-1130,07/20/2026,PASS,0
QC-7480,BATCH-7089,2025-10-22,pass,0
QC-7481,BATCH-3771,2025-02-11,PASS,0
QC-7482,BATCH-5583,2025-08-28,PASS,0
QC-7483,BATCH-2485,2025-03-27,PASS,0
QC-7484,BATCH-7989,2025-09-13,Pass,0
QC-7485,BATCH-5465,12/11/2025,pass,0
QC-7486,BATCH-1419,2026-01-07,PASS,0
QC-7487,BATCH-648,2025-07-17,PASS,18
QC-7488,BATCH-5210,10/23/2026,pass,0
QC-7489,BATCH-3302,2024-04-02,Pass,0
QC-7490,BATCH-3779,27-09-2024,PASS,0
QC-7491,BATCH-3330,02/22/2025,Pass,0
QC-7492,BATCH-6146,2026-06-02,Pass,0
QC-7493,BATCH-3593,06/24/2026,Pass,0
QC-7494,BATCH-6544,2025-11-17,Pass,0
QC-7495,BATCH-1418,05/16/2026,pass,0
QC-7496,BATCH-2381,05/09/2026,Pass,0
QC-7497,BATCH-7893,2025-02-02,Pass,0
QC-7498,BATCH-6202,02-12-2025,PASS,0
QC-7499,BATCH-6959,02/16/2024,pass,0
QC-7500,BATCH-772,2026-05-12,fail,0
QC-7501,BATCH-7963,2024-03-08,fail,0
QC-7502,BATCH-4169,07/14/2025,Pass,0
QC-7503,BATCH-7843,2024-02-16,PASS,0
QC-7504,BATCH-2114,2025-09-18,fail,0
QC-7505,BATCH-1131,07/03/2024,fail,0
QC-7506,BATCH-5102,2025-10-23,pass,0
QC-7507,BATCH-5068,09/10/2025,pass,0
QC-7508,BATCH-3098,2024-04-03,PASS,0
QC-7509,BATCH-3088,2024-10-04,Pass,0
QC-7510,BATCH-1836,2025-05-23,pass,0
QC-7511,BATCH-3445,2026-09-12,pass,0
QC-7512,BATCH-3902,04/10/2025,Pass,0
QC-7513,BATCH-7854,2025-11-27,Pass,0
QC-7514,BATCH-867,2024-03-19,Pass,0
QC-7515,BATCH-6716,2025-12-18,Pass,0
QC-7516,BATCH-905,18-08-2026,pass,0
QC-7517,BATCH-7427,2024-03-06,Pass,0
QC-7518,BATCH-4356,2025-03-23,PASS,0
QC-7519,BATCH-3635,2024-02-20,Pass,0
QC-7520,BATCH-6377,07/21/2025,Pass,0
QC-7521,BATCH-5869,06/10/2025,PASS,0
QC-7522,BATCH-3039,26-10-2025,fail,0
QC-7523,BATCH-611,2026-10-27,Pass,0
QC-7524,BATCH-2511,2025-05-19,PASS,0
QC-7525,BATCH-5099,03/09/2025,Pass,0
QC-7526,BATCH-4561,11/28/2025,Pass,0
QC-7527,BATCH-6980,2026-12-10,pass,0
QC-7528,BATCH-1026,27-01-2024,PASS,0
QC-7529,BATCH-3754,06/01/2026,PASS,0
QC-7530,BATCH-5270,2025-04-11,pass,0
QC-7531,BATCH-3691,2025-04-27,PASS,0
QC-7532,BATCH-268,2026-03-02,fail,0
QC-7533,BATCH-1184,10/12/2026,pass,0
QC-7534,BATCH-1914,2025-05-25,pass,0
QC-7535,BATCH-6839,05-12-2025,pass,0
QC-7536,BATCH-2819,04/09/2025,pass,0
QC-7537,BATCH-6772,2026-04-25,PASS,0
QC-7538,BATCH-2735,11/11/2026,pass,0
QC-7539,BATCH-3012,2025-08-18,PASS,0
QC-7540,BATCH-172,2026-03-02,pass,0
QC-7541,BATCH-188,2024-07-08,PASS,0
QC-7542,BATCH-6779,2026-01-17,pass,0
QC-7543,BATCH-2234,10-09-2026,Pass,0
QC-7544,BATCH-3876,10/18/2026,Pass,0
QC-7545,BATCH-7177,03-04-2026,pass,0
QC-7546,BATCH-6660,12-05-2025,pass,0
QC-7547,BATCH-6017,09/04/2025,PASS,0
QC-7548,BATCH-6164,11/21/2026,pass,0
QC-7549,BATCH-6751,2024-09-13,pass,0
QC-7550,BATCH-7809,2025-07-01,pass,0
QC-7551,BATCH-1172,2026-09-10,Pass,0
QC-7552,BATCH-949,2026-02-26,pass,0
QC-7553,BATCH-3794,2026-03-24,PASS,0
QC-7554,BATCH-1207,2025-06-08,Pass,0
QC-7555,BATCH-2489,2026-02-01,pass,0
QC-7556,BATCH-5235,2026-12-16,Pass,0
QC-7557,BATCH-2308,2026-10-02,pass,0
QC-7558,BATCH-2709,2026-11-04,Pass,0
QC-7559,BATCH-3920,08/27/2025,PASS,0
QC-7560,BATCH-5927,2024-06-27,Pass,0
QC-7561,BATCH-6299,06/26/2026,pass,0
QC-7562,BATCH-1865,03/14/2026,pass,0
QC-7563,BATCH-6494,27-05-2025,pass,0
QC-7564,BATCH-1655,2025-04-14,Pass,0
QC-7565,BATCH-5611,2025-08-06,PASS,0
QC-7566,BATCH-2081,27-10-2024,fail,0
QC-7567,BATCH-5532,2025-12-17,Pass,0
QC-7568,BATCH-1900,2025-05-23,Pass,15
QC-7569,BATCH-6872,2025-09-27,Pass,0
QC-7570,BATCH-4374,11/21/2026,Pass,0
QC-7571,BATCH-2419,2025-04-07,PASS,0
QC-7572,BATCH-6536,01/17/2025,PASS,0
QC-7573,BATCH-725,2026-07-15,pass,0
QC-7574,BATCH-4415,10/09/2026,pass,0
QC-7575,BATCH-751,2025-10-26,Pass,0
QC-7576,BATCH-3594,2026-07-16,PASS,0
QC-7577,BATCH-4380,2025-07-26,PASS,0
QC-7578,BATCH-2221,2025-11-23,Pass,0
QC-7579,BATCH-3152,2026-07-24,pass,0
QC-7580,BATCH-1903,2024-12-11,PASS,0
QC-7581,BATCH-3829,2026-08-27,fail,0
QC-7582,BATCH-5920,2026-03-03,pass,0
QC-7583,BATCH-4390,2024-06-15,Pass,0
QC-7584,BATCH-5669,2024-06-27,Pass,0
QC-7585,BATCH-2689,07-10-2025,pass,0
QC-7586,BATCH-7843,01/03/2025,Pass,0
QC-7587,BATCH-832,2025-08-12,PASS,0
QC-7588,BATCH-3019,04/07/2024,fail,0
QC-7589,BATCH-2637,2024-11-09,Pass,0
QC-7590,BATCH-4297,2024-10-10,pass,0
QC-7591,BATCH-4140,2025-12-02,Pass,13
QC-7592,BATCH-6646,04/25/2026,fail,0
QC-7593,BATCH-8000,01/05/2026,pass,0
QC-7594,BATCH-6035,12-07-2025,PASS,0
QC-7595,BATCH-804,10/09/2024,Pass,0
QC-7596,BATCH-2832,2026-01-16,fail,0
QC-7597,BATCH-1001,07/07/2024,PASS,0
QC-7598,BATCH-6115,2025-09-12,PASS,0
QC-7599,BATCH-3229,2024-05-05,pass,0
QC-7600,BATCH-7172,11/07/2026,PASS,0
QC-7601,BATCH-497,2026-05-07,Pass,0
QC-7602,BATCH-2906,2026-02-16,pass,0
QC-7603,BATCH-1671,2025-06-10,pass,0
QC-7604,BATCH-3835,2026-02-18,pass,0
QC-7605,BATCH-1343,07/09/2026,pass,0
QC-7606,BATCH-707,01/22/2026,Pass,0
QC-7607,BATCH-1076,2026-02-28,PASS,0
QC-7608,BATCH-5939,06-12-2025,Pass,0
QC-7609,BATCH-6925,14-05-2025,PASS,0
QC-7610,BATCH-3071,10/04/2024,Pass,0
QC-7611,BATCH-4439,05/07/2026,pass,0
QC-7612,BATCH-4246,2026-10-02,pass,0
QC-7613,BATCH-8000,18-02-2026,Pass,0
QC-7614,BATCH-4084,2026-06-02,PASS,0
QC-7615,BATCH-7731,07/03/2026,PASS,0
QC-7616,BATCH-4566,2026-09-09,Pass,0
QC-7617,BATCH-4031,2026-09-23,pass,0
QC-7618,BATCH-4136,2025-04-23,PASS,0
QC-7619,BATCH-6873,2024-09-01,PASS,0
QC-7620,BATCH-7514,04-08-2024,Pass,0
QC-7621,BATCH-604,2024-08-25,pass,0
QC-7622,BATCH-1407,2024-04-15,pass,0
QC-7623,BATCH-7001,01-12-2026,Pass,0
QC-7624,BATCH-6831,2026-09-24,PASS,10
QC-7625,BATCH-3877,02-05-2024,fail,0
QC-7626,BATCH-7870,03-12-2026,Pass,0
QC-7627,BATCH-1646,2026-12-06,pass,0
QC-7628,BATCH-6133,2025-07-04,pass,0
QC-7629,BATCH-4905,12/08/2026,Pass,0
QC-7630,BATCH-1521,2025-11-07,pass,0
QC-7631,BATCH-7784,03/01/2026,pass,0
QC-7632,BATCH-5220,06/04/2025,pass,3
QC-7633,BATCH-6793,2024-09-24,PASS,0
QC-7634,BATCH-5382,2024-07-11,Pass,0
QC-7635,BATCH-7245,2024-04-13,pass,0
QC-7636,BATCH-1473,08/12/2026,PASS,0
QC-7637,BATCH-6643,2025-07-09,fail,0
QC-7638,BATCH-576,01/03/2024,Pass,0
QC-7639,BATCH-2244,2024-07-21,PASS,0
QC-7640,BATCH-4282,2024-06-13,Pass,0
QC-7641,BATCH-6998,10/06/2025,PASS,10
QC-7642,BATCH-7331,2025-06-27,PASS,0
QC-7643,BATCH-1358,2026-05-01,Pass,0
QC-7644,BATCH-4062,27-06-2026,Pass,0
QC-7645,BATCH-115,2025-03-12,Pass,0
QC-7646,BATCH-287,2024-11-13,Pass,0
QC-7647,BATCH-450,2025-04-04,PASS,0
QC-7648,BATCH-5894,12/27/2024,PASS,11
QC-7649,BATCH-3408,09/05/2024,Pass,0
QC-7650,BATCH-6321,2026-08-26,pass,0
QC-7651,BATCH-4675,07-04-2025,Pass,0
QC-7652,BATCH-7494,2024-08-16,pass,0
QC-7653,BATCH-5502,2025-04-02,pass,0
QC-7654,BATCH-1157,2026-11-25,PASS,0
QC-7655,BATCH-2636,2024-10-14,PASS,0
QC-7656,BATCH-4330,2026-11-02,PASS,0
QC-7657,BATCH-7325,2026-11-02,PASS,0
QC-7658,BATCH-4996,2024-12-17,pass,0
QC-7659,BATCH-125,07/19/2024,pass,0
QC-7660,BATCH-2442,25-10-2024,PASS,0
QC-7661,BATCH-4205,04-10-2024,pass,0
QC-7662,BATCH-4702,01/17/2026,Pass,0
QC-7663,BATCH-1568,27-05-2024,PASS,0
QC-7664,BATCH-3407,2025-04-27,Pass,0
QC-7665,BATCH-6992,28-09-2026,pass,0
QC-7666,BATCH-664,2024-06-07,PASS,0
QC-7667,BATCH-6047,08/15/2026,pass,0
QC-7668,BATCH-475,2024-08-11,Pass,0
QC-7669,BATCH-6855,12/26/2025,Pass,1
QC-7670,BATCH-7632,05/24/2025,pass,0
QC-7671,BATCH-353,2024-02-21,PASS,0
QC-7672,BATCH-1506,2026-02-12,pass,0
QC-7673,BATCH-3075,2024-05-08,Pass,0
QC-7674,BATCH-6176,01/13/2024,Pass,0
QC-7675,BATCH-4475,23-10-2024,PASS,0
QC-7676,BATCH-6188,05/24/2024,pass,0
QC-7677,BATCH-2551,08/02/2026,pass,0
QC-7678,BATCH-3833,06/20/2026,PASS,0
QC-7679,BATCH-6847,16-04-2025,PASS,0
QC-7680,BATCH-4987,2025-04-06,pass,0
QC-7681,BATCH-3133,07/27/2026,pass,0
QC-7682,BATCH-6869,2026-05-01,PASS,0
QC-7683,BATCH-6293,2026-12-13,pass,0
QC-7684,BATCH-2247,02/12/2026,PASS,0
QC-7685,BATCH-882,03/25/2026,pass,0
QC-7686,BATCH-2665,04/18/2026,PASS,0
QC-7687,BATCH-7327,2024-12-05,PASS,0
QC-7688,BATCH-5471,2025-07-18,pass,0
QC-7689,BATCH-4678,2026-07-26,pass,0
QC-7690,BATCH-7304,09/15/2025,pass,0
QC-7691,BATCH-1223,2026-08-16,pass,0
QC-7692,BATCH-3651,2026-05-15,fail,0
QC-7693,BATCH-6782,2024-09-02,pass,0
QC-7694,BATCH-725,06/27/2026,pass,0
QC-7695,BATCH-7184,2026-03-13,PASS,0
QC-7696,BATCH-1018,02/04/2026,Pass,0
QC-7697,BATCH-1208,19-01-2026,fail,0
QC-7698,BATCH-5084,2024-03-17,pass,0
QC-7699,BATCH-3324,11/04/2026,pass,0
QC-7700,BATCH-682,12-03-2025,Pass,5
QC-7701,BATCH-1307,2025-11-05,PASS,0
QC-7702,BATCH-5284,2026-01-05,pass,0
QC-7703,BATCH-4024,2026-08-01,Pass,0
QC-7704,BATCH-5579,09/21/2024,PASS,0
QC-7705,BATCH-5179,2024-12-17,Pass,0
QC-7706,BATCH-57,2024-09-08,pass,0
QC-7707,BATCH-6736,08/16/2026,PASS,0
QC-7708,BATCH-5053,2025-11-22,PASS,0
QC-7709,BATCH-6914,2025-07-08,PASS,0
QC-7710,BATCH-361,2024-06-10,pass,0
QC-7711,BATCH-1873,2024-07-23,pass,0
QC-7712,BATCH-3904,14-03-2024,fail,0
QC-7713,BATCH-2575,09/08/2026,pass,0
QC-7714,BATCH-756,2024-05-21,pass,0
QC-7715,BATCH-562,06/28/2024,PASS,0
QC-7716,BATCH-5758,27-01-2024,PASS,0
QC-7717,BATCH-6109,02/25/2025,PASS,6
QC-7718,BATCH-878,2024-10-08,Pass,0
QC-7719,BATCH-6513,2026-06-25,Pass,0
QC-7720,BATCH-847,2026-10-15,fail,0
QC-7721,BATCH-5514,2025-06-17,PASS,0
QC-7722,BATCH-2449,07/10/2024,pass,0
QC-7723,BATCH-3275,09/19/2026,Pass,0
QC-7724,BATCH-4837,11/08/2026,PASS,0
QC-7725,BATCH-4245,2026-06-15,pass,0
QC-7726,BATCH-2617,11-10-2024,PASS,0
QC-7727,BATCH-5834,10/04/2025,pass,0
QC-7728,BATCH-5445,12/06/2026,PASS,0
QC-7729,BATCH-5624,22-02-2025,pass,0
QC-7730,BATCH-2959,2026-07-25,pass,0
QC-7731,BATCH-3836,06/15/2026,pass,0
QC-7732,BATCH-797,13-10-2025,PASS,5
QC-7733,BATCH-2233,2026-09-10,PASS,0
QC-7734,BATCH-7320,11-12-2024,PASS,0
QC-7735,BATCH-7105,2026-12-12,Pass,0
QC-7736,BATCH-6251,2025-09-22,pass,0
QC-7737,BATCH-2457,2024-12-24,pass,0
QC-7738,BATCH-7351,2026-02-02,pass,0
QC-7739,BATCH-2173,2025-12-06,PASS,0
QC-7740,BATCH-6809,2024-10-21,pass,0
QC-7741,BATCH-1824,2025-08-14,pass,5
QC-7742,BATCH-5652,2025-05-14,fail,0
QC-7743,BATCH-1013,02/24/2026,pass,0
QC-7744,BATCH-4875,18-03-2025,fail,0
QC-7745,BATCH-6297,07-02-2025,Pass,0
QC-7746,BATCH-3317,2024-12-22,Pass,0
QC-7747,BATCH-1079,2025-12-09,Pass,0
QC-7748,BATCH-3741,06/02/2026,PASS,0
QC-7749,BATCH-1384,15-08-2025,PASS,0
QC-7750,BATCH-7122,2026-03-07,PASS,0
QC-7751,BATCH-6147,2024-10-13,pass,0
QC-7752,BATCH-4189,2025-06-13,Pass,0
QC-7753,BATCH-107,2026-04-14,Pass,0
QC-7754,BATCH-5349,01/16/2024,PASS,0
QC-7755,BATCH-6444,2026-07-02,pass,0
QC-7756,BATCH-5476,2025-04-26,pass,0
QC-7757,BATCH-404,11-04-2026,pass,0
QC-7758,BATCH-6417,12/26/2024,pass,0
QC-7759,BATCH-225,2025-04-01,PASS,0
QC-7760,BATCH-3503,2024-01-05,pass,0
QC-7761,BATCH-3088,2025-03-01,pass,0
QC-7762,BATCH-4326,2025-02-22,Pass,0
QC-7763,BATCH-2189,2025-12-09,pass,0
QC-7764,BATCH-6474,2026-07-26,pass,0
QC-7765,BATCH-488,01/17/2025,pass,0
QC-7766,BATCH-7589,09/04/2026,Pass,0
QC-7767,BATCH-7233,2025-05-22,PASS,0
QC-7768,BATCH-764,2025-02-07,fail,0
QC-7769,BATCH-6441,2026-06-24,PASS,0
QC-7770,BATCH-6695,16-12-2026,Pass,0
QC-7771,BATCH-3712,06/22/2026,Pass,0
QC-7772,BATCH-2154,07-04-2024,Pass,0
QC-7773,BATCH-6930,12-07-2024,pass,0
QC-7774,BATCH-6158,02-01-2024,Pass,0
QC-7775,BATCH-17,04/09/2024,Pass,0
QC-7776,BATCH-3277,2026-02-04,PASS,0
QC-7777,BATCH-1922,11/07/2024,pass,0
QC-7778,BATCH-3038,24-02-2025,Pass,0
QC-7779,BATCH-7248,08/26/2025,PASS,0
QC-7780,BATCH-7117,22-11-2026,Pass,0
QC-7781,BATCH-137,11/03/2024,Pass,0
QC-7782,BATCH-3144,01/01/2026,PASS,0
QC-7783,BATCH-2409,05/05/2026,Pass,0
QC-7784,BATCH-4121,2024-10-27,Pass,0
QC-7785,BATCH-6561,02/27/2025,PASS,0
QC-7786,BATCH-3466,2025-03-11,PASS,0
QC-7787,BATCH-5974,2025-02-12,PASS,0
QC-7788,BATCH-6409,2025-08-28,PASS,0
QC-7789,BATCH-953,14-07-2024,Pass,0
QC-7790,BATCH-6002,09/03/2025,pass,0
QC-7791,BATCH-5708,2025-07-09,Pass,0
QC-7792,BATCH-2613,2024-05-02,pass,0
QC-7793,BATCH-7358,2024-08-19,PASS,0
QC-7794,BATCH-6086,08/18/2025,Pass,0
QC-7795,BATCH-6590,07-11-2024,pass,0
QC-7796,BATCH-5616,2026-03-19,PASS,0
QC-7797,BATCH-4938,2026-01-21,Pass,0
QC-7798,BATCH-2300,2026-03-14,Pass,0
QC-7799,BATCH-460,16-12-2026,PASS,0
QC-7800,BATCH-1096,07/03/2026,Pass,0
QC-7801,BATCH-6029,05-11-2024,PASS,0
QC-7802,BATCH-2548,2025-06-19,Pass,0
QC-7803,BATCH-5000,05/10/2025,Pass,0
QC-7804,BATCH-6605,2026-01-22,fail,0
QC-7805,BATCH-1808,2026-08-18,Pass,0
QC-7806,BATCH-3758,2025-06-03,pass,0
QC-7807,BATCH-5419,2026-03-01,pass,0
QC-7808,BATCH-2041,2026-12-13,Pass,0
QC-7809,BATCH-843,2024-04-26,Pass,0
QC-7810,BATCH-2921,04-08-2026,Pass,0
QC-7811,BATCH-6630,2026-08-09,PASS,15
QC-7812,BATCH-7067,2024-09-28,pass,0
QC-7813,BATCH-551,05/18/2026,pass,0
QC-7814,BATCH-4339,11-10-2026,Pass,7
QC-7815,BATCH-4077,01-02-2025,pass,0
QC-7816,BATCH-943,2026-10-08,pass,11
QC-7817,BATCH-6910,04/09/2026,pass,0
QC-7818,BATCH-4585,10/15/2024,PASS,0
QC-7819,BATCH-7756,2025-09-22,Pass,0
QC-7820,BATCH-420,01/12/2024,pass,0
QC-7821,BATCH-4779,28-12-2025,Pass,0
QC-7822,BATCH-2975,2024-03-13,fail,0
QC-7823,BATCH-3925,10/04/2025,pass,0
QC-7824,BATCH-6001,08/09/2024,pass,8
QC-7825,BATCH-1940,10-06-2025,Pass,0
QC-7826,BATCH-6041,2026-02-13,Pass,0
QC-7827,BATCH-4736,2024-11-07,PASS,0
QC-7828,BATCH-316,2026-01-25,PASS,0
QC-7829,BATCH-289,07/09/2026,Pass,0
QC-7830,BATCH-3442,2026-03-02,PASS,0
QC-7831,BATCH-4183,2025-12-26,PASS,0
QC-7832,BATCH-4908,28-09-2025,fail,0
QC-7833,BATCH-7396,09-01-2024,fail,0
QC-7834,BATCH-815,2024-06-27,PASS,0
QC-7835,BATCH-4384,20-01-2024,PASS,12
QC-7836,BATCH-2660,07/27/2025,Pass,0
QC-7837,BATCH-7634,09/26/2026,PASS,0
QC-7838,BATCH-6105,04/08/2025,pass,0
QC-7839,BATCH-3816,2025-11-15,PASS,0
QC-7840,BATCH-563,2025-12-08,Pass,0
QC-7841,BATCH-3549,17-11-2024,pass,0
QC-7842,BATCH-5200,06/17/2024,Pass,0
QC-7843,BATCH-4653,2026-07-11,Pass,0
QC-7844,BATCH-1244,2025-01-14,pass,0
QC-7845,BATCH-4600,04-01-2026,Pass,0
QC-7846,BATCH-3937,11/08/2026,PASS,0
QC-7847,BATCH-414,01/01/2025,Pass,0
QC-7848,BATCH-3958,23-04-2024,PASS,0
QC-7849,BATCH-2469,03-05-2026,pass,0
QC-7850,BATCH-5354,2024-06-03,pass,0
QC-7851,BATCH-1994,11/07/2026,pass,0
QC-7852,BATCH-6657,2024-07-13,PASS,0
QC-7853,BATCH-343,2024-06-12,fail,0
QC-7854,BATCH-1365,11/10/2026,Pass,0
QC-7855,BATCH-426,2026-07-20,pass,0
QC-7856,BATCH-4965,03-01-2024,PASS,0
QC-7857,BATCH-1881,2024-03-17,pass,0
QC-7858,BATCH-6360,2026-08-13,pass,0
QC-7859,BATCH-2232,27-08-2026,Pass,0
QC-7860,BATCH-952,2026-01-04,Pass,0
QC-7861,BATCH-5503,2024-07-15,Pass,0
QC-7862,BATCH-7890,2025-07-09,Pass,0
QC-7863,BATCH-1337,2024-08-16,Pass,0
QC-7864,BATCH-7515,2024-06-11,PASS,0
QC-7865,BATCH-5644,2026-10-24,Pass,0
QC-7866,BATCH-2342,05/05/2025,fail,0
QC-7867,BATCH-5983,11/16/2025,Pass,15
QC-7868,BATCH-1963,2026-10-19,pass,3
QC-7869,BATCH-3696,02-09-2025,PASS,15
QC-7870,BATCH-4591,05-11-2025,PASS,0
QC-7871,BATCH-1998,10/03/2024,pass,0
QC-7872,BATCH-4763,20-11-2026,Pass,0
QC-7873,BATCH-4797,2025-05-21,PASS,0
QC-7874,BATCH-728,2026-04-09,Pass,0
QC-7875,BATCH-7215,2024-02-19,Pass,0
QC-7876,BATCH-2718,01/10/2024,Pass,0
QC-7877,BATCH-3102,08-10-2025,pass,0
QC-7878,BATCH-436,2025-04-15,PASS,0
QC-7879,BATCH-628,2026-06-19,PASS,0
QC-7880,BATCH-3860,01/20/2025,pass,0
QC-7881,BATCH-1873,2025-06-01,PASS,0
QC-7882,BATCH-5117,02/05/2026,pass,0
QC-7883,BATCH-2574,08/18/2025,Pass,0
QC-7884,BATCH-7218,2024-06-25,Pass,16
QC-7885,BATCH-2536,2024-08-18,PASS,9
QC-7886,BATCH-7259,06/21/2026,PASS,0
QC-7887,BATCH-2741,2024-05-25,Pass,0
QC-7888,BATCH-7184,01/17/2025,PASS,0
QC-7889,BATCH-996,2025-12-16,Pass,0
QC-7890,BATCH-1355,2025-04-08,PASS,0
QC-7891,BATCH-3268,04/23/2024,Pass,0
QC-7892,BATCH-1863,2026-08-14,pass,0
QC-7893,BATCH-447,2025-03-20,PASS,0
QC-7894,BATCH-6268,07/18/2026,pass,0
QC-7895,BATCH-3701,09/04/2026,Pass,0
QC-7896,BATCH-5363,01-06-2026,Pass,0
QC-7897,BATCH-2436,2026-06-22,Pass,0
QC-7898,BATCH-1212,2025-05-26,pass,0
QC-7899,BATCH-6217,2025-12-11,fail,0
QC-7900,BATCH-7902,17-03-2024,Pass,0
QC-7901,BATCH-6085,12/23/2026,PASS,0
QC-7902,BATCH-663,13-07-2025,PASS,0
QC-7903,BATCH-3537,02-04-2026,pass,0
QC-7904,BATCH-5120,2025-06-04,Pass,0
QC-7905,BATCH-5202,2026-04-07,PASS,0
QC-7906,BATCH-5547,09-05-2026,Pass,0
QC-7907,BATCH-5050,23-10-2025,Pass,0
QC-7908,BATCH-5584,2024-10-28,Pass,0
QC-7909,BATCH-3307,03/28/2026,Pass,0
QC-7910,BATCH-2116,05/19/2025,Pass,0
QC-7911,BATCH-4243,2024-10-09,PASS,0
QC-7912,BATCH-5028,2026-05-12,fail,0
QC-7913,BATCH-3392,06-06-2024,PASS,0
QC-7914,BATCH-7904,2026-07-01,pass,0
QC-7915,BATCH-3644,26-10-2026,PASS,0
QC-7916,BATCH-6353,05/05/2026,Pass,0
QC-7917,BATCH-7633,2026-09-12,PASS,0
QC-7918,BATCH-6884,09/04/2024,pass,0
QC-7919,BATCH-5482,2025-07-15,Pass,0
QC-7920,BATCH-1313,07/20/2025,Pass,0
QC-7921,BATCH-1083,08/19/2026,pass,0
QC-7922,BATCH-7927,2026-04-17,pass,0
QC-7923,BATCH-4480,01/13/2025,Pass,0
QC-7924,BATCH-6761,2026-01-13,fail,0
QC-7925,BATCH-2265,2025-03-06,pass,0
QC-7926,BATCH-4232,01/19/2026,pass,0
QC-7927,BATCH-4970,19-02-2024,Pass,0
QC-7928,BATCH-861,2026-12-05,PASS,0
QC-7929,BATCH-2532,03/09/2024,Pass,0
QC-7930,BATCH-5138,2026-04-25,pass,0
QC-7931,BATCH-6129,13-05-2026,PASS,0
QC-7932,BATCH-4656,2026-01-22,pass,0
QC-7933,BATCH-6120,20-01-2025,PASS,0
QC-7934,BATCH-6586,05-03-2024,Pass,0
QC-7935,BATCH-531,12/10/2025,pass,0
QC-7936,BATCH-602,01/07/2026,fail,0
QC-7937,BATCH-706,2025-03-24,PASS,13
QC-7938,BATCH-1045,2026-08-21,pass,0
QC-7939,BATCH-3753,09/15/2025,pass,0
QC-7940,BATCH-1225,2026-07-11,PASS,9
QC-7941,BATCH-5679,2025-09-15,PASS,0
QC-7942,BATCH-4262,04/16/2025,Pass,0
QC-7943,BATCH-2943,10/06/2025,PASS,0
QC-7944,BATCH-1920,06/18/2026,Pass,0
QC-7945,BATCH-7253,04/25/2026,pass,0
QC-7946,BATCH-6321,2024-10-15,Pass,0
QC-7947,BATCH-3536,2025-12-26,Pass,0
QC-7948,BATCH-1983,2026-12-20,PASS,0
QC-7949,BATCH-523,2024-06-25,pass,0
QC-7950,BATCH-7771,09/22/2024,Pass,0
QC-7951,BATCH-5159,05/18/2026,pass,0
QC-7952,BATCH-6059,2026-07-14,pass,0
QC-7953,BATCH-6439,2025-10-12,PASS,0
QC-7954,BATCH-6890,2025-08-02,Pass,11
QC-7955,BATCH-6439,2025-03-19,Pass,0
QC-7956,BATCH-2957,28-12-2025,Pass,0
QC-7957,BATCH-5490,03/18/2025,fail,0
QC-7958,BATCH-4641,2024-12-24,pass,0
QC-7959,BATCH-813,04-06-2025,Pass,0
QC-7960,BATCH-4823,14-01-2025,fail,0
QC-7961,BATCH-2209,2025-09-12,pass,0
QC-7962,BATCH-288,28-10-2024,pass,0
QC-7963,BATCH-3032,2024-07-02,fail,0
QC-7964,BATCH-7731,2025-10-01,Pass,0
QC-7965,BATCH-3047,2026-01-09,PASS,0
QC-7966,BATCH-2577,2024-07-23,pass,0
QC-7967,BATCH-1267,03/19/2024,PASS,0
QC-7968,BATCH-403,2026-02-20,PASS,0
QC-7969,BATCH-783,2025-06-01,Pass,0
QC-7970,BATCH-1195,09/27/2025,Pass,0
QC-7971,BATCH-7880,12/06/2024,PASS,0
QC-7972,BATCH-7443,2026-03-25,PASS,0
QC-7973,BATCH-3802,2025-03-01,pass,0
QC-7974,BATCH-4709,2024-02-21,PASS,0
QC-7975,BATCH-3976,2024-03-20,Pass,0
QC-7976,BATCH-2557,01/12/2025,Pass,12
QC-7977,BATCH-1253,2024-05-28,pass,0
QC-7978,BATCH-448,2025-07-04,pass,0
QC-7979,BATCH-4453,10/16/2025,pass,0
QC-7980,BATCH-5832,06/15/2024,Pass,3
QC-7981,BATCH-2107,2025-06-13,pass,0
QC-7982,BATCH-4827,2025-08-02,Pass,0
QC-7983,BATCH-7901,2025-09-23,PASS,0
QC-7984,BATCH-943,2024-08-18,pass,0
QC-7985,BATCH-6400,2025-03-17,fail,0
QC-7986,BATCH-3934,2024-01-08,PASS,0
QC-7987,BATCH-5115,04/24/2024,PASS,0
QC-7988,BATCH-955,2025-08-12,Pass,0
QC-7989,BATCH-731,02/10/2026,PASS,0
QC-7990,BATCH-2658,2026-03-22,pass,0
QC-7991,BATCH-7025,2024-12-09,Pass,0
QC-7992,BATCH-7290,03/27/2026,PASS,0
QC-7993,BATCH-2006,2025-02-09,Pass,0
QC-7994,BATCH-975,2026-02-15,Pass,0
QC-7995,BATCH-4464,05/22/2026,pass,0
QC-7996,BATCH-941,2026-02-14,PASS,0
QC-7997,BATCH-3488,06-01-2024,Pass,0
QC-7998,BATCH-104,03/21/2024,Pass,0
QC-7999,BATCH-7056,11/11/2024,pass,0
QC-8000,BATCH-7388,2025-12-13,pass,0
