employee_id,name,department_id,position_id,subsidiary,hire_date,salary,email,status
E-1001,Carol Leo,D-27,P-94,saas,2021-06-20,25861,EMP1001@MERIDIAN.COM,active
E-1002,Jack David,D-33,P-38,retail,27-03-2023,"$31,807.00",emp1002@meridian.com,active
E-1003,PAUL CAROL,D-4,P-70,retail,12/11/2021,51024,emp1003@meridian.com,active
E-1004,  Xu Grace  ,D-34,P-110,retail,09/01/2017,52 162,emp1004@meridian.com,left
E-1005,Xu Nick,D-39,P-60,mfg,2018-07-09,15491,  emp1005@meridian. co  ,active
E-1006,  Liu Umar  ,D-17,P-56,retail,12/23/2026,"$58,651.00",emp1006@meridian.com,left
E-1007,zhang olive,D-6,P-119,mfg,03/12/2015,19560,  emp1007@meridian.COM  ,active
E-1008,  Leo David  ,D-22,P-52,saas,11/06/2021,"$42,584.00",emp1008@meridian. co,active
E-1009,ZHANG SAM,D-36,P-88,mfg,2023-06-20,46983,  emp1009@meridian.com  ,active
E-1010,Zhao Wendy,D-8,P-37,mfg,07/12/2021,29428,  emp1010@meridian.com  ,active
E-1011,Quinn Hu,D-32,P-87,retail,09/13/2017,"7 039,00",EMP1011@MERIDIAN. CO,active
E-1012,Zane Chen,D-23,P-112,mfg,11/06/2025,"$25,704.00",  emp1012@meridian. co  ,active
E-1013,GUO QUINN,D-30,P-85,mfg,04/21/2018,"$28,576.00",EMP1013@MERIDIAN. CO,active
E-1014,Carol Paul,D-25,P-33,retail,2024-08-08,"48 799,00",EMP1014@MERIDIAN. CO,left
E-1015,LEO WU,D-37,P-90,mfg,27-09-2019,54908,EMP1015@MERIDIAN.COM,left
E-1016,Alice Li,D-3,P-103,retail,2022-06-10,30736,emp1016@meridian.com,active
E-1017,Zane Bob,D-10,P-75,saas,06-01-2017,"20 157,00",emp1017@meridian.com,active
E-1018,zhao guo,D-19,P-11,mfg,08/01/2026,"$51,926.00",EMP1018@MERIDIAN.COM,active
E-1019,  Nick David  ,D-28,P-111,retail,2022-01-23,31347,EMP1019@MERIDIAN.COM,left
E-1020,david lin,D-4,P-110,saas,07-10-2019,27548,  emp1020@meridian.com  ,active
E-1021,Guo David,D-35,P-3,mfg,11/17/2023,43 709,  emp1021@meridian.COM  ,left
E-1022,Alice Wu,D-25,P-107,retail,2017-10-02,5562,EMP1022@MERIDIAN.COM,active
E-1023,Eve Wendy,D-30,P-70,retail,02/23/2025,"$48,880.00",emp1023@meridian. co,active
E-1024,  Xavier Chen  ,D-29,P-12,retail,2020-04-08,31970,emp1024@meridian.com,left
E-1025,Wu Wu,D-12,P-11,retail,22-10-2022,14308,  emp1025@meridian.COM  ,active
E-1026,Vera David,D-35,P-65,retail,2018-12-14,"$40,003.00",emp1026@meridian. co,active
E-1027,Nick Zane,D-27,P-74,retail,16-03-2023,"38 419,00",emp1027@meridian.com,active
E-1028,  Mona Wendy  ,D-35,P-43,retail,2021-03-06,7003,  emp1028@meridian.com  ,left
E-1029,  Olive Li  ,D-3,P-45,retail,2026-10-24,16883,emp1029@meridian. co,active
E-1030,Zhao Alice,D-31,P-25,mfg,2025-03-27,"$20,476.00",emp1030@meridian. co,active
E-1031,Wu Wang,D-40,P-50,retail,02/18/2016,8463,  emp1031@meridian.COM  ,active
E-1032,Eve Ivy,D-34,P-10,mfg,2021-09-20,"$11,537.00",  emp1032@meridian.com  ,active
E-1033,Ivy Wendy,D-24,P-3,retail,2015-09-12,43321,emp1033@meridian.com,active
E-1034,OLIVE SAM,D-31,P-81,mfg,2018-10-23,16770,emp1034@meridian. co,active
E-1035,ZHOU HENRY,D-31,P-8,retail,02/05/2022,34 511,emp1035@meridian. co,active
E-1036,Jack Sun,D-37,P-98,retail,2021-10-13,23621,emp1036@meridian.com,active
E-1037,Zhang Leo,D-31,P-80,retail,18-05-2019,13779,  emp1037@meridian. co  ,active
E-1038,Sun Chen,D-13,P-89,retail,2015-03-02,10695,EMP1038@MERIDIAN.COM,active
E-1039,VERA TINA,D-35,P-25,mfg,2021-01-12,"32 441,00",emp1039@meridian. co,active
E-1040,xavier zhou,D-7,P-45,mfg,20-03-2022,"$44,131.00",emp1040@meridian.com,active
E-1041,Nick Yuki,D-33,P-101,mfg,2017-02-05,26541,emp1041@meridian. co,left
E-1042,HU DAVID,D-2,P-21,saas,2021-12-03,40177,emp1042@meridian.com,active
E-1043,Yuki Hu,D-10,P-31,retail,12/26/2023,"$51,827.00",  emp1043@meridian. co  ,left
E-1044,Xavier Henry,D-26,P-82,saas,12/10/2015,28 327,emp1044@meridian. co,active
E-1045,  Zane Jack  ,D-9,P-80,retail,2020-12-07,33719,emp1045@meridian.COM,active
E-1046,Wendy Li,D-19,P-49,mfg,2020-12-05,18411,emp1046@meridian. co,active
E-1047,EVE XU,D-21,P-79,retail,12/06/2022,44 219,emp1047@meridian.COM,left
E-1048,GUO ROSE,D-34,P-20,retail,11/03/2023,"58 783,00",  emp1048@meridian. co  ,active
E-1049,CAROL QUINN,D-8,P-18,saas,06/28/2021,58163,emp1049@meridian.COM,active
E-1050,Sun Liu,D-37,P-31,mfg,14-08-2022,55061,  emp1050@meridian.com  ,left
E-1051,Zhang Li,D-21,P-103,mfg,19-01-2023,"$36,463.00",emp1051@meridian.com,active
E-1052,  Quinn Guo  ,D-15,P-3,retail,16-01-2026,17 954,  emp1052@meridian. co  ,active
E-1053,MONA ZANE,D-32,P-26,retail,2024-02-24,"$33,478.00",emp1053@meridian.com,left
E-1054,  Carol Sam  ,D-40,P-14,mfg,2015-04-01,"$33,264.00",EMP1054@MERIDIAN. CO,active
E-1055,Guo Grace,D-13,P-23,mfg,02/13/2026,35796,EMP1055@MERIDIAN.COM,active
E-1056,tina tina,D-34,P-85,mfg,2025-10-24,29140,emp1056@meridian.com,active
E-1057,Zane Eve,D-23,P-39,retail,25-09-2022,9925,EMP1057@MERIDIAN. CO,active
E-1058,Wu Rose,D-16,P-27,mfg,2022-03-15,"$26,495.00",  emp1058@meridian.com  ,active
E-1059,Quinn Sam,D-14,P-51,retail,2023-02-16,30557,emp1059@meridian.COM,active
E-1060,Sun Li,D-11,P-120,retail,07/27/2021,9109,  emp1060@meridian.COM  ,active
E-1061,Xavier Rose,D-38,P-23,retail,2016-04-09,"$55,458.00",emp1061@meridian. co,active
E-1062,Wang Sam,D-6,P-75,retail,02-01-2021,"$22,231.00",emp1062@meridian. co,left
E-1063,YUKI ROSE,D-38,P-25,mfg,03/06/2020,27187,emp1063@meridian.COM,active
E-1064,Sam Xavier,D-6,P-62,retail,06/09/2024,48541,emp1064@meridian.com,active
E-1065,Lin Carol,D-38,P-60,retail,2022-11-10,22631,  emp1065@meridian.com  ,active
E-1066,  Tina Tina  ,D-16,P-115,mfg,2024-09-25,31078,  emp1066@meridian.com  ,active
E-1067,  David Ivy  ,D-34,P-76,retail,03/05/2023,"$39,012.00",EMP1067@MERIDIAN.COM,active
E-1068,Wendy Sun,D-27,P-33,saas,2016-07-05,23850,  emp1068@meridian. co  ,active
E-1069,  Umar Nick  ,D-27,P-94,mfg,11/23/2022,27671,EMP1069@MERIDIAN.COM,active
E-1070,Nick Umar,D-18,P-43,retail,2020-08-28,"21 907,00",EMP1070@MERIDIAN.COM,left
E-1071,JACK LIN,D-28,P-76,mfg,03/26/2021,"$19,783.00",emp1071@meridian.com,active
E-1072,Liu Frank,D-3,P-61,retail,11-03-2026,58844,emp1072@meridian. co,active
E-1073,quinn yuki,D-9,P-29,retail,2021-04-14,"37 005,00",  emp1073@meridian.com  ,active
E-1074,MONA WU,D-33,P-119,retail,2023-10-17,49490,emp1074@meridian.com,active
E-1075,Mona Zane,D-28,P-91,retail,10-08-2023,"$37,324.00",emp1075@meridian. co,active
E-1076,VERA LIN,D-16,P-45,retail,09/14/2026,5053,EMP1076@MERIDIAN.COM,active
E-1077,PAUL DAVID,D-31,P-44,saas,01/18/2019,"$29,744.00",EMP1077@MERIDIAN. CO,active
E-1078,TINA HU,D-8,P-96,mfg,2016-05-11,"44 041,00",EMP1078@MERIDIAN.COM,active
E-1079,ALICE QUINN,D-10,P-22,retail,2023-10-04,"$53,464.00",emp1079@meridian.com,left
E-1080,Olive Yuki,D-37,P-60,mfg,2019-09-27,"24 783,00",  emp1080@meridian.COM  ,active
E-1081,SUN HENRY,D-20,P-76,retail,2020-11-11,"$46,907.00",EMP1081@MERIDIAN.COM,active
E-1082,VERA QUINN,D-7,P-98,mfg,20-01-2021,"$58,735.00",emp1082@meridian.com,left
E-1083,Vera Xavier,D-37,P-10,saas,2017-08-20,"$43,559.00",EMP1083@MERIDIAN.COM,active
E-1084,Carol Liu,D-17,P-111,mfg,04/08/2016,"$17,398.00",EMP1084@MERIDIAN.COM,active
E-1085,wu paul,D-1,P-87,saas,2020-12-28,"$47,403.00",EMP1085@MERIDIAN. CO,active
E-1086,Mona Sam,D-33,P-1,mfg,2019-07-02,"$53,945.00",  emp1086@meridian.com  ,active
E-1087,li carol,D-13,P-13,retail,03/11/2021,"30 907,00",EMP1087@MERIDIAN. CO,active
E-1088,Paul David,D-27,P-112,retail,23-10-2022,"48 046,00",  emp1088@meridian. co  ,active
E-1089,PAUL OLIVE,D-7,P-76,saas,2025-10-27,"$33,364.00",EMP1089@MERIDIAN. CO,active
E-1090,Zane Tina,D-28,P-60,retail,2016-01-07,"$36,742.00",emp1090@meridian. co,active
E-1091,LEO CAROL,D-37,P-63,mfg,10/01/2019,12694,emp1091@meridian.com,active
E-1092,WENDY LI,D-13,P-6,retail,03/20/2023,16 073,emp1092@meridian.COM,active
E-1093,Paul Henry,D-25,P-77,retail,02/12/2018,"$22,524.00",emp1093@meridian.COM,active
E-1094,Henry Zane,D-8,P-11,saas,2021-09-08,"$20,879.00",emp1094@meridian.COM,active
E-1095,Xavier Yuki,D-8,P-25,mfg,2018-10-04,"$12,737.00",EMP1095@MERIDIAN. CO,left
E-1096,bob jack,D-14,P-28,mfg,09/26/2022,43096,emp1096@meridian.COM,active
E-1097,Xu Tina,D-38,P-107,retail,11/02/2021,22154,emp1097@meridian.com,active
E-1098,chen xavier,D-17,P-81,retail,14-01-2026,"$23,061.00",emp1098@meridian. co,active
E-1099,Leo Xu,D-10,P-25,retail,07/01/2016,"$35,827.00",emp1099@meridian.com,left
E-1100,Henry David,D-8,P-108,retail,02/14/2021,14491,emp1100@meridian. co,active
E-1101,Zane Lin,D-32,P-40,mfg,2022-04-09,8984,EMP1101@MERIDIAN.COM,left
E-1102,WU ZHAO,D-5,P-53,retail,2019-12-12,"17 922,00",emp1102@meridian.COM,left
E-1103,karen vera,D-19,P-83,mfg,2022-10-18,32081,emp1103@meridian.com,active
E-1104,  Rose Mona  ,D-10,P-97,saas,2018-01-17,"$54,555.00",emp1104@meridian.com,active
E-1105,  Paul Umar  ,D-3,P-93,retail,02/12/2022,56 021,  emp1105@meridian.COM  ,active
E-1106,Vera Henry,D-36,P-118,mfg,04/27/2023,8197,EMP1106@MERIDIAN.COM,active
E-1107,Wang David,D-14,P-11,saas,24-04-2021,"$27,228.00",emp1107@meridian.COM,active
E-1108,ZHANG YUKI,D-31,P-107,retail,2017-05-05,25 322,EMP1108@MERIDIAN.COM,active
E-1109,  Guo Sun  ,D-12,P-53,mfg,2023-03-17,"$51,767.00",EMP1109@MERIDIAN. CO,active
E-1110,  David Tina  ,D-37,P-71,saas,2025-03-07,36666,  emp1110@meridian. co  ,active
E-1111,Bob David,D-9,P-10,saas,06/01/2016,36206,emp1111@meridian.com,active
E-1112,Zhang Carol,D-13,P-109,retail,2016-08-22,"$51,393.00",emp1112@meridian.com,active
E-1113,zhou li,D-2,P-9,mfg,10/12/2021,7480,emp1113@meridian.com,active
E-1114,UMAR LEO,D-32,P-61,mfg,09/10/2023,"$9,675.00",emp1114@meridian.com,active
E-1115,Alice Nick,D-28,P-29,retail,11/25/2023,"$48,830.00",emp1115@meridian.COM,active
E-1116,Grace Zhang,D-12,P-44,retail,11/26/2017,44 642,  emp1116@meridian.com  ,active
E-1117,Quinn David,D-25,P-99,mfg,06/17/2022,"$51,142.00",emp1117@meridian.com,active
E-1118,Quinn Jack,D-40,P-86,saas,09-04-2021,14442,emp1118@meridian.com,active
E-1119,Olive Wu,D-33,P-43,mfg,16-08-2021,"$17,687.00",emp1119@meridian. co,active
E-1120,WANG ALICE,D-4,P-84,retail,07/18/2025,57412,EMP1120@MERIDIAN. CO,left
E-1121,Jack Bob,D-21,P-80,mfg,2024-07-06,31719,emp1121@meridian.com,active
E-1122,Yuki Xu,D-14,P-39,retail,08/06/2025,6019,emp1122@meridian. co,active
E-1123,  Grace Carol  ,D-35,P-102,mfg,01/05/2024,"$12,870.00",emp1123@meridian.com,active
E-1124,Li Xu,D-26,P-32,retail,2016-04-07,"41 476,00",emp1124@meridian. co,left
E-1125,  Alice Zhou  ,D-39,P-17,retail,2024-07-27,"53 359,00",  emp1125@meridian. co  ,active
E-1126,Ivy Hu,D-7,P-26,mfg,2026-05-27,"$13,464.00",emp1126@meridian.com,active
E-1127,Zhang Rose,D-18,P-38,mfg,13-04-2026,"$8,261.00",emp1127@meridian. co,active
E-1128,ivy zhao,D-35,P-108,mfg,2025-03-13,"48 256,00",EMP1128@MERIDIAN.COM,active
E-1129,  Liu Vera  ,D-15,P-81,mfg,2016-08-28,9489,emp1129@meridian. co,active
E-1130,David Umar,D-36,P-23,retail,2019-06-08,45665,emp1130@meridian. co,active
E-1131,Wendy Rose,D-19,P-23,mfg,2022-05-16,22 239,EMP1131@MERIDIAN.COM,active
E-1132,David Wang,D-38,P-26,retail,10/02/2019,"$46,516.00",emp1132@meridian. co,active
E-1133,Sun Sam,D-31,P-59,saas,09/04/2025,"$40,293.00",EMP1133@MERIDIAN. CO,active
E-1134,CHEN IVY,D-24,P-102,retail,08/09/2015,12393,  emp1134@meridian.COM  ,active
E-1135,TINA DAVID,D-3,P-79,retail,2020-04-05,"$55,802.00",  emp1135@meridian.com  ,active
E-1136,Zhang Rose,D-24,P-5,retail,12-12-2015,45195,  emp1136@meridian. co  ,active
E-1137,  Alice Quinn  ,D-31,P-54,mfg,2020-06-10,"34 629,00",emp1137@meridian.com,active
E-1138,  Frank Grace  ,D-13,P-76,mfg,2015-11-20,6692,emp1138@meridian.com,active
E-1139,Eve Xu,D-18,P-48,retail,2025-02-22,37851,emp1139@meridian.COM,active
E-1140,  Xavier Wendy  ,D-24,P-28,retail,2021-05-10,16752,emp1140@meridian. co,active
E-1141,Nick Sam,D-12,P-80,saas,2021-05-08,25158,emp1141@meridian. co,active
E-1142,  Jack Vera  ,D-39,P-115,mfg,2024-04-14,59566,emp1142@meridian.com,active
E-1143,  Nick Mona  ,D-27,P-10,retail,2024-09-19,"$9,645.00",EMP1143@MERIDIAN.COM,active
E-1144,Xavier Bob,D-11,P-58,retail,2025-04-03,56362,emp1144@meridian.com,active
E-1145,Alice Bob,D-37,P-108,retail,2022-08-24,"$54,298.00",emp1145@meridian.COM,active
E-1146,FRANK TINA,D-12,P-49,mfg,2023-09-28,38612,EMP1146@MERIDIAN.COM,active
E-1147,  Grace Tina  ,D-38,P-61,mfg,09/02/2016,52656,emp1147@meridian.COM,active
E-1148,Rose Wendy,D-23,P-33,mfg,2022-01-09,"$9,366.00",emp1148@meridian.com,active
E-1149,YUKI MONA,D-33,P-4,retail,2026-03-18,"$48,456.00",emp1149@meridian. co,active
E-1150,CHEN VERA,D-17,P-46,mfg,03/12/2019,"$43,969.00",emp1150@meridian. co,active
E-1151,  Vera Wu  ,D-7,P-42,retail,2016-02-08,34871,emp1151@meridian. co,active
E-1152,Rose Zhao,D-30,P-12,mfg,05/28/2020,41641,emp1152@meridian.com,active
E-1153,  Henry Vera  ,D-9,P-109,retail,2020-06-04,"$21,342.00",EMP1153@MERIDIAN.COM,left
E-1154,Zhang Jack,D-33,P-101,retail,2016-07-18,24412,emp1154@meridian.com,active
E-1155,WU UMAR,D-36,P-79,saas,25-10-2015,9554,  emp1155@meridian.com  ,active
E-1156,Wu Olive,D-6,P-63,mfg,2022-07-19,7193,emp1156@meridian.COM,active
E-1157,Carol Henry,D-36,P-3,retail,26-05-2017,"$25,821.00",emp1157@meridian.com,left
E-1158,Vera Eve,D-6,P-29,mfg,04/05/2017,58283,EMP1158@MERIDIAN.COM,active
E-1159,paul rose,D-34,P-71,retail,05/14/2020,8842,emp1159@meridian. co,active
E-1160,GUO OLIVE,D-2,P-13,retail,16-12-2021,"$40,009.00",  emp1160@meridian. co  ,active
E-1161,mona nick,D-28,P-101,mfg,2024-01-02,18522,emp1161@meridian.com,active
E-1162,GRACE GUO,D-31,P-45,saas,2024-06-25,10 960,emp1162@meridian. co,active
E-1163,zhang sun,D-40,P-119,mfg,25-12-2016,"$22,199.00",emp1163@meridian. co,active
E-1164,Xu Zhou,D-28,P-11,mfg,19-11-2015,7181,  emp1164@meridian.COM  ,active
E-1165,Bob David,D-21,P-91,retail,07/10/2015,"$13,954.00",emp1165@meridian.com,left
E-1166,Guo Karen,D-16,P-53,retail,2021-06-12,"25 977,00",emp1166@meridian.com,active
E-1167,Paul Li,D-7,P-52,saas,10/19/2026,"37 917,00",EMP1167@MERIDIAN. CO,left
E-1168,Tina Vera,D-24,P-56,retail,2021-09-18,5266,emp1168@meridian. co,active
E-1169,Alice Leo,D-34,P-32,mfg,2023-06-25,"$58,772.00",  emp1169@meridian. co  ,left
E-1170,Paul Li,D-18,P-106,saas,05/11/2015,"$32,548.00",emp1170@meridian.COM,active
E-1171,Sun Zane,D-4,P-64,retail,2022-02-06,"41 372,00",emp1171@meridian.COM,left
E-1172,Li Quinn,D-24,P-60,saas,22-06-2023,56681,emp1172@meridian.COM,active
E-1173,  Wu Chen  ,D-20,P-80,retail,28-12-2022,46137,emp1173@meridian.COM,active
E-1174,  Zhou Nick  ,D-34,P-79,retail,08/11/2018,"$14,411.00",emp1174@meridian.COM,active
E-1175,FRANK JACK,D-39,P-60,saas,2020-01-17,12187,EMP1175@MERIDIAN.COM,left
E-1176,Xu Xu,D-25,P-3,retail,2024-04-20,46862,EMP1176@MERIDIAN.COM,active
E-1177,  Wu Chen  ,D-17,P-14,retail,2018-01-08,"$31,970.00",EMP1177@MERIDIAN.COM,left
E-1178,WU UMAR,D-35,P-5,mfg,06/28/2016,"$35,043.00",EMP1178@MERIDIAN.COM,left
E-1179,Chen David,D-31,P-117,saas,22-11-2026,6 282,  emp1179@meridian. co  ,left
E-1180,Zane Liu,D-31,P-120,retail,2017-07-24,"$49,013.00",emp1180@meridian.com,active
E-1181,Xu Ivy,D-31,P-12,mfg,2023-08-02,55998,emp1181@meridian. co,active
E-1182,  Li Eve  ,D-31,P-108,retail,04/09/2024,34437,  emp1182@meridian. co  ,active
E-1183,LIU ROSE,D-24,P-73,saas,12/14/2018,21792,emp1183@meridian.com,active
E-1184,Zhao Zhao,D-27,P-95,mfg,25-06-2015,29618,EMP1184@MERIDIAN. CO,active
E-1185,Guo Frank,D-36,P-71,retail,2015-03-23,"$42,961.00",EMP1185@MERIDIAN.COM,active
E-1186,Rose Nick,D-18,P-57,retail,2015-02-24,"$18,286.00",emp1186@meridian. co,active
E-1187,YUKI DAVID,D-23,P-74,saas,12/14/2024,13822,emp1187@meridian.com,left
E-1188,Leo Rose,D-9,P-110,retail,09/20/2024,12149,emp1188@meridian.COM,left
E-1189,Eve Mona,D-20,P-117,saas,10/06/2015,8965,emp1189@meridian. co,active
E-1190,Umar Paul,D-11,P-109,retail,07/25/2019,11119,emp1190@meridian.COM,active
E-1191,David Nick,D-6,P-12,retail,09-05-2020,"23 721,00",  emp1191@meridian.com  ,active
E-1192,Wang Li,D-40,P-9,retail,2024-12-11,44 839,emp1192@meridian.COM,active
E-1193,Sun Eve,D-29,P-110,saas,2021-02-07,25480,emp1193@meridian.COM,active
E-1194,Paul Quinn,D-40,P-4,retail,25-02-2023,6481,emp1194@meridian.com,active
E-1195,Grace Rose,D-22,P-53,retail,2022-04-24,52948,  emp1195@meridian.com  ,active
E-1196,GUO ZHAO,D-3,P-94,mfg,2025-08-25,"$32,428.00",emp1196@meridian.com,active
E-1197,zhou zhao,D-19,P-111,mfg,2020-01-27,56163,emp1197@meridian.com,left
E-1198,  Frank Grace  ,D-36,P-81,retail,2024-09-17,51998,emp1198@meridian.com,active
E-1199,  Ivy Ivy  ,D-16,P-10,mfg,08/01/2025,26946,  emp1199@meridian. co  ,active
E-1200,Grace Wendy,D-7,P-53,saas,04-08-2026,10656,emp1200@meridian.COM,active
E-1201,Henry Zhao,D-2,P-75,saas,02/19/2018,55582,EMP1201@MERIDIAN. CO,left
E-1202,  Liu Bob  ,D-6,P-25,saas,28-06-2016,33044,emp1202@meridian.com,active
E-1203,  Sam Zhao  ,D-10,P-118,mfg,2024-03-21,11800,emp1203@meridian.COM,active
E-1204,Frank Rose,D-32,P-117,retail,2026-08-06,54160,emp1204@meridian. co,active
E-1205,MONA WANG,D-34,P-95,saas,06/22/2022,"37 407,00",  emp1205@meridian.com  ,active
E-1206,  Wu Zane  ,D-18,P-65,saas,06/25/2026,9 975,emp1206@meridian.COM,active
E-1207,QUINN HENRY,D-21,P-91,mfg,2016-06-19,30423,emp1207@meridian. co,left
E-1208,tina sam,D-10,P-111,mfg,2016-03-09,"40 690,00",emp1208@meridian. co,active
E-1209,  Zane Xu  ,D-21,P-1,mfg,17-09-2021,"19 575,00",  emp1209@meridian. co  ,active
E-1210,Zhou Eve,D-20,P-64,mfg,05/27/2015,"$17,952.00",emp1210@meridian.COM,active
E-1211,Xu Zhao,D-22,P-37,mfg,2022-10-06,6 164,emp1211@meridian. co,active
E-1212,Hu Rose,D-9,P-110,retail,02/09/2021,58 574,EMP1212@MERIDIAN.COM,active
E-1213,  Guo Sun  ,D-27,P-25,saas,2015-05-23,57337,EMP1213@MERIDIAN.COM,active
E-1214,Tina Wang,D-12,P-93,mfg,2017-04-17,56344,emp1214@meridian.com,left
E-1215,GUO LIU,D-35,P-6,retail,25-01-2024,31282,emp1215@meridian.com,active
E-1216,Jack Bob,D-28,P-58,saas,03/22/2015,"9 598,00",EMP1216@MERIDIAN. CO,active
E-1217,CAROL LI,D-15,P-86,retail,2026-10-14,59200,EMP1217@MERIDIAN.COM,active
E-1218,LI NICK,D-1,P-11,retail,05-05-2017,"$16,340.00",  emp1218@meridian. co  ,left
E-1219,  Wendy Karen  ,D-31,P-90,mfg,2017-05-04,"$27,506.00",emp1219@meridian. co,active
E-1220,Paul Zane,D-36,P-94,mfg,02/04/2023,39845,  emp1220@meridian.com  ,active
E-1221,Zhang Carol,D-32,P-66,mfg,12/27/2024,59686,emp1221@meridian.COM,active
E-1222,ZHANG HU,D-21,P-13,retail,2025-11-16,"$46,523.00",EMP1222@MERIDIAN. CO,left
E-1223,zane sam,D-13,P-30,retail,2024-01-20,5962,emp1223@meridian. co,active
E-1224,mona wang,D-27,P-112,retail,2026-04-24,48 716,emp1224@meridian.COM,left
E-1225,Wu David,D-5,P-105,mfg,2021-03-17,51273,emp1225@meridian.com,left
E-1226,GRACE WU,D-26,P-3,retail,09-09-2016,"$9,409.00",  emp1226@meridian.com  ,active
E-1227,WU WENDY,D-18,P-55,retail,2016-06-24,"$37,017.00",emp1227@meridian. co,active
E-1228,Eve Liu,D-23,P-58,mfg,2026-12-05,9496,emp1228@meridian.COM,active
E-1229,  Olive Zhou  ,D-27,P-48,retail,2019-01-10,"$44,380.00",emp1229@meridian.com,active
E-1230,  Li Hu  ,D-33,P-1,retail,10-05-2022,"$56,993.00",EMP1230@MERIDIAN.COM,active
E-1231,chen carol,D-10,P-64,saas,2018-10-09,40964,emp1231@meridian. co,active
E-1232,  Wang Tina  ,D-14,P-62,retail,11/26/2016,36111,emp1232@meridian. co,active
E-1233,Yuki Paul,D-7,P-47,retail,06/24/2018,"$12,453.00",  emp1233@meridian.COM  ,active
E-1234,Wang Grace,D-30,P-91,retail,18-03-2022,32603,emp1234@meridian.COM,active
E-1235,Rose Ivy,D-35,P-104,mfg,15-08-2024,"$58,989.00",  emp1235@meridian. co  ,active
E-1236,Vera Wu,D-18,P-56,mfg,04/20/2018,52 775,emp1236@meridian.com,active
E-1237,Sam Lin,D-8,P-59,mfg,2024-08-15,"$42,937.00",emp1237@meridian.com,left
E-1238,david xu,D-1,P-115,retail,12/26/2017,"$53,809.00",EMP1238@MERIDIAN.COM,left
E-1239,WU LEO,D-1,P-48,retail,10-08-2026,56 633,emp1239@meridian.COM,active
E-1240,OLIVE ZHOU,D-6,P-51,mfg,09-01-2021,18288,emp1240@meridian.COM,active
E-1241,SUN CAROL,D-40,P-25,mfg,2023-04-22,"59 709,00",  emp1241@meridian. co  ,left
E-1242,Bob Mona,D-16,P-117,retail,2018-01-13,"45 887,00",emp1242@meridian. co,active
E-1243,Tina Hu,D-38,P-107,mfg,2017-01-03,15004,emp1243@meridian.com,active
E-1244,Carol Nick,D-27,P-91,retail,2020-08-23,"41 439,00",emp1244@meridian.COM,active
E-1245,Karen Jack,D-10,P-26,saas,2016-04-08,33640,emp1245@meridian.com,left
E-1246,Frank Tina,D-22,P-113,mfg,2025-04-08,15020,emp1246@meridian.com,active
E-1247,Vera Karen,D-11,P-8,mfg,2023-09-27,18538,EMP1247@MERIDIAN.COM,left
E-1248,paul frank,D-25,P-109,saas,2020-05-21,42873,  emp1248@meridian.com  ,active
E-1249,Bob Zhao,D-10,P-44,mfg,10-01-2017,"$35,267.00",emp1249@meridian.COM,active
E-1250,Zhao Nick,D-12,P-36,retail,02-10-2017,24592,emp1250@meridian.com,active
E-1251,Mona Henry,D-27,P-47,saas,09/19/2016,55925,emp1251@meridian.com,left
E-1252,Olive Wang,D-14,P-79,saas,2019-11-02,22287,  emp1252@meridian.com  ,active
E-1253,GUO CAROL,D-17,P-46,mfg,24-07-2021,9003,EMP1253@MERIDIAN. CO,left
E-1254,QUINN MONA,D-22,P-97,retail,02-02-2024,"$5,353.00",emp1254@meridian.com,active
E-1255,YUKI TINA,D-10,P-105,saas,2026-11-19,"$18,353.00",  emp1255@meridian.COM  ,left
E-1256,wu wang,D-5,P-44,retail,15-06-2022,23640,  emp1256@meridian.com  ,active
E-1257,Sun Alice,D-9,P-48,mfg,20-05-2021,"34 015,00",emp1257@meridian.COM,left
E-1258,ZHOU QUINN,D-27,P-23,mfg,2025-07-03,6429,emp1258@meridian.com,active
E-1259,SAM LIU,D-38,P-75,mfg,2015-09-25,"$31,495.00",emp1259@meridian.COM,active
E-1260,Zhou Wu,D-39,P-4,retail,17-11-2025,40111,  emp1260@meridian.COM  ,active
E-1261,Grace Karen,D-2,P-35,retail,21-12-2017,18 647,emp1261@meridian.COM,left
E-1262,Leo David,D-2,P-17,saas,2020-09-05,"$5,134.00",emp1262@meridian. co,left
E-1263,LEO DAVID,D-18,P-21,retail,09-08-2020,"$33,872.00",  emp1263@meridian.com  ,active
E-1264,  Alice Olive  ,D-30,P-17,retail,2022-09-25,47 955,emp1264@meridian.COM,active
E-1265,LI QUINN,D-34,P-115,retail,14-11-2023,17887,emp1265@meridian.COM,left
E-1266,karen tina,D-16,P-100,retail,2026-09-20,"$35,285.00",EMP1266@MERIDIAN.COM,active
E-1267,  Nick Wu  ,D-11,P-32,retail,2022-12-17,59741,  emp1267@meridian. co  ,active
E-1268,Li Guo,D-8,P-68,mfg,15-12-2019,"$53,364.00",emp1268@meridian. co,active
E-1269,  Leo Chen  ,D-24,P-79,retail,2022-10-26,15263,emp1269@meridian.COM,active
E-1270,Karen Li,D-12,P-44,mfg,17-02-2015,36869,  emp1270@meridian.com  ,active
E-1271,Lin Zhou,D-36,P-65,retail,2021-07-01,"$30,943.00",emp1271@meridian.com,active
E-1272,Karen Jack,D-23,P-89,retail,2018-11-07,45913,EMP1272@MERIDIAN.COM,active
E-1273,Chen Wang,D-18,P-62,mfg,2015-02-26,"33 711,00",  emp1273@meridian.COM  ,left
E-1274,xavier wang,D-38,P-27,mfg,10/07/2017,"$5,808.00",emp1274@meridian. co,active
E-1275,Zhou Li,D-16,P-67,saas,2016-11-09,19762,  emp1275@meridian. co  ,active
E-1276,  Quinn Quinn  ,D-32,P-27,mfg,2020-01-28,21330,emp1276@meridian.COM,active
E-1277,Chen Paul,D-27,P-33,retail,10/02/2019,11271,emp1277@meridian. co,left
E-1278,UMAR ZHANG,D-29,P-54,retail,03/22/2019,"$48,353.00",emp1278@meridian.com,active
E-1279,JACK ZHOU,D-12,P-54,mfg,07/14/2015,"55 620,00",emp1279@meridian.COM,active
E-1280,Zhang Xavier,D-24,P-100,mfg,2025-09-01,"$55,351.00",emp1280@meridian.com,active
E-1281,Olive Wu,D-9,P-29,saas,2022-03-22,51 542,emp1281@meridian. co,active
E-1282,mona umar,D-23,P-50,mfg,12-03-2020,28627,  emp1282@meridian.COM  ,active
E-1283,  Zhang Carol  ,D-9,P-86,saas,2018-06-06,11210,emp1283@meridian.com,active
E-1284,Yuki Carol,D-36,P-38,mfg,2017-09-01,"$53,031.00",  emp1284@meridian.COM  ,active
E-1285,Frank Zhou,D-16,P-111,saas,01/28/2015,"$45,400.00",EMP1285@MERIDIAN.COM,active
E-1286,Alice Sun,D-31,P-63,mfg,05-11-2022,44774,  emp1286@meridian.com  ,active
E-1287,Olive Xu,D-39,P-99,retail,2023-11-05,37424,emp1287@meridian.COM,active
E-1288,Liu Karen,D-26,P-109,retail,07-10-2018,8330,emp1288@meridian.COM,active
E-1289,Mona Ivy,D-23,P-104,saas,2021-05-20,"$52,050.00",emp1289@meridian. co,active
E-1290,UMAR SAM,D-16,P-43,mfg,06/05/2019,"$40,237.00",emp1290@meridian. co,active
E-1291,Zhou Xu,D-2,P-76,retail,2026-12-06,"42 837,00",emp1291@meridian. co,active
E-1292,SAM WENDY,D-10,P-62,saas,2018-11-21,28 622,  emp1292@meridian.com  ,active
E-1293,  Quinn Xu  ,D-27,P-24,saas,27-06-2018,36493,EMP1293@MERIDIAN. CO,active
E-1294,Grace Eve,D-18,P-114,mfg,11-03-2025,10357,  emp1294@meridian. co  ,active
E-1295,  Zhang Wu  ,D-6,P-88,retail,16-07-2024,32 249,emp1295@meridian. co,active
E-1296,Wu Yuki,D-18,P-67,retail,2015-01-07,42585,emp1296@meridian. co,active
E-1297,Zane Carol,D-12,P-32,mfg,02/24/2024,49631,EMP1297@MERIDIAN.COM,active
E-1298,Yuki Rose,D-9,P-36,mfg,2026-01-15,"$32,459.00",emp1298@meridian.com,active
E-1299,SUN ZHAO,D-1,P-108,mfg,07/27/2017,15 204,emp1299@meridian.COM,active
E-1300,Vera Zhou,D-31,P-10,retail,02/12/2016,34619,emp1300@meridian. co,left
E-1301,  Vera Leo  ,D-28,P-78,saas,2024-09-02,56994,emp1301@meridian.COM,active
E-1302,Zhao Nick,D-23,P-76,retail,03/02/2017,40261,emp1302@meridian. co,active
E-1303,  Nick Zane  ,D-29,P-68,retail,12/18/2016,54957,emp1303@meridian.com,active
E-1304,Wendy Grace,D-18,P-115,retail,2019-09-18,49725,emp1304@meridian.com,active
E-1305,Xavier Chen,D-9,P-66,mfg,08-01-2016,9897,emp1305@meridian. co,active
E-1306,Wang Alice,D-16,P-2,retail,04/09/2022,59 423,emp1306@meridian.com,active
E-1307,  Liu Grace  ,D-7,P-72,retail,10/16/2019,23147,emp1307@meridian. co,active
E-1308,  Karen Nick  ,D-16,P-31,mfg,03/02/2022,24681,emp1308@meridian.com,active
E-1309,OLIVE GRACE,D-21,P-74,retail,07-06-2024,49696,EMP1309@MERIDIAN. CO,active
E-1310,  Rose Xu  ,D-21,P-110,retail,2016-02-10,"$49,188.00",emp1310@meridian. co,active
E-1311,DAVID JACK,D-21,P-23,retail,2025-12-03,"$20,662.00",EMP1311@MERIDIAN.COM,left
E-1312,  Eve Jack  ,D-32,P-16,mfg,04/05/2020,42937,emp1312@meridian. co,active
E-1313,wu zhang,D-9,P-28,mfg,09/27/2023,"$19,450.00",emp1313@meridian.com,active
E-1314,YUKI TINA,D-10,P-29,mfg,13-01-2017,"54 999,00",emp1314@meridian.COM,active
E-1315,grace chen,D-1,P-52,retail,2015-08-28,33483,  emp1315@meridian.COM  ,active
E-1316,wu leo,D-19,P-9,retail,2025-06-02,"$55,841.00",  emp1316@meridian. co  ,active
E-1317,LIU HU,D-13,P-76,mfg,2022-10-18,28547,emp1317@meridian.com,active
E-1318,VERA UMAR,D-39,P-95,mfg,02/11/2020,"$9,522.00",EMP1318@MERIDIAN. CO,active
E-1319,WANG ROSE,D-34,P-111,retail,2023-06-15,"$58,963.00",emp1319@meridian. co,active
E-1320,GUO SAM,D-2,P-72,saas,01/08/2021,"$47,342.00",emp1320@meridian. co,active
E-1321,Li Xu,D-4,P-23,mfg,2024-01-28,"$17,560.00",emp1321@meridian. co,active
E-1322,  Wendy Li  ,D-5,P-11,mfg,2025-08-11,32710,EMP1322@MERIDIAN. CO,active
E-1323,JACK QUINN,D-35,P-40,saas,03/23/2024,35436,  emp1323@meridian. co  ,active
E-1324,  Alice Jack  ,D-22,P-117,retail,2023-08-13,31004,emp1324@meridian.com,active
E-1325,Vera Jack,D-13,P-15,retail,2025-06-23,"53 696,00",emp1325@meridian. co,active
E-1326,Zhao Nick,D-2,P-10,retail,03-02-2020,"$7,779.00",  emp1326@meridian.com  ,active
E-1327,JACK QUINN,D-8,P-104,mfg,02-04-2026,"$35,687.00",EMP1327@MERIDIAN.COM,active
E-1328,Wendy Liu,D-4,P-51,retail,11/03/2026,54232,EMP1328@MERIDIAN.COM,active
E-1329,Henry David,D-29,P-61,saas,2021-06-24,47649,emp1329@meridian. co,active
E-1330,Wu Umar,D-12,P-54,saas,2026-08-11,38580,emp1330@meridian.com,active
E-1331,  Lin Lin  ,D-3,P-54,retail,2019-08-02,26486,emp1331@meridian.COM,left
E-1332,Zhao Carol,D-5,P-103,saas,2026-11-19,7246,emp1332@meridian.com,active
E-1333,  Olive Alice  ,D-39,P-12,mfg,04/01/2018,32831,emp1333@meridian. co,active
E-1334,Olive Jack,D-14,P-13,mfg,2026-08-07,57445,emp1334@meridian.com,active
E-1335,karen lin,D-14,P-101,mfg,2023-08-02,18453,emp1335@meridian.com,active
E-1336,  David Chen  ,D-3,P-52,mfg,2023-02-15,56291,emp1336@meridian. co,left
E-1337,Karen Xu,D-11,P-106,mfg,02/01/2017,"$36,166.00",emp1337@meridian.com,active
E-1338,Zane Xavier,D-19,P-5,saas,2022-01-04,58492,emp1338@meridian.com,active
E-1339,Sun Mona,D-9,P-53,retail,2021-08-05,27541,emp1339@meridian.com,active
E-1340,Li Mona,D-35,P-62,mfg,01/17/2018,40177,emp1340@meridian.COM,active
E-1341,GUO WENDY,D-32,P-64,mfg,27-12-2020,"$24,659.00",emp1341@meridian. co,active
E-1342,zhao bob,D-18,P-94,retail,25-09-2015,"$44,815.00",  emp1342@meridian.com  ,active
E-1343,Li Yuki,D-16,P-38,mfg,2026-01-26,28212,emp1343@meridian. co,active
E-1344,UMAR WU,D-11,P-17,retail,18-12-2024,8169,EMP1344@MERIDIAN. CO,active
E-1345,  Xavier Li  ,D-23,P-64,retail,2019-03-21,55059,emp1345@meridian.com,active
E-1346,  Wang Wu  ,D-39,P-116,mfg,2021-11-24,38641,emp1346@meridian. co,active
E-1347,Frank Paul,D-36,P-67,retail,08-08-2018,14655,emp1347@meridian.com,active
E-1348,  Nick Vera  ,D-21,P-45,saas,2022-04-25,"$36,211.00",emp1348@meridian. co,left
E-1349,Li Rose,D-20,P-45,retail,2015-06-15,34 398,  emp1349@meridian.COM  ,active
E-1350,vera yuki,D-32,P-103,retail,2026-11-10,"16 786,00",emp1350@meridian.COM,active
E-1351,Leo Sun,D-18,P-94,mfg,2023-10-26,52 045,emp1351@meridian.com,left
E-1352,Xavier Wang,D-24,P-54,retail,12/17/2015,41003,EMP1352@MERIDIAN.COM,active
E-1353,Mona Vera,D-23,P-63,retail,2022-12-24,44823,emp1353@meridian.com,active
E-1354,jack ivy,D-26,P-40,saas,2024-09-03,"$55,823.00",emp1354@meridian.com,active
E-1355,Henry Bob,D-19,P-19,mfg,2018-11-21,42580,emp1355@meridian. co,active
E-1356,Wu Jack,D-33,P-47,saas,12/19/2026,30 159,emp1356@meridian.COM,active
E-1357,Rose Xavier,D-18,P-103,mfg,04/01/2025,"$43,098.00",emp1357@meridian.COM,active
E-1358,Umar Eve,D-25,P-29,mfg,2017-05-01,6846,  emp1358@meridian. co  ,active
E-1359,Alice Chen,D-17,P-111,saas,06/25/2018,54046,emp1359@meridian.com,active
E-1360,  Wendy Carol  ,D-5,P-27,retail,15-04-2016,"$50,288.00",EMP1360@MERIDIAN.COM,left
E-1361,  Frank Umar  ,D-10,P-30,retail,10-01-2022,"$49,573.00",EMP1361@MERIDIAN.COM,active
E-1362,Xavier Bob,D-1,P-111,retail,2025-01-17,"$49,651.00",  emp1362@meridian.com  ,active
E-1363,Ivy Mona,D-15,P-82,mfg,11/07/2021,27721,EMP1363@MERIDIAN. CO,active
E-1364,xavier umar,D-19,P-72,retail,2020-03-10,8321,  emp1364@meridian.com  ,active
E-1365,  Mona Nick  ,D-36,P-27,retail,2017-05-20,"$52,858.00",  emp1365@meridian.com  ,active
E-1366,Guo Paul,D-19,P-52,retail,2026-07-27,"12 398,00",emp1366@meridian.COM,active
E-1367,  Li Grace  ,D-40,P-74,retail,2020-07-21,7 456,emp1367@meridian.COM,active
E-1368,IVY GRACE,D-15,P-69,mfg,06/27/2023,"$39,019.00",emp1368@meridian.com,active
E-1369,Guo Zhang,D-5,P-80,retail,05/01/2019,"$6,428.00",emp1369@meridian. co,active
E-1370,  Rose Umar  ,D-13,P-106,retail,20-04-2017,"$46,299.00",emp1370@meridian. co,active
E-1371,olive sam,D-2,P-46,saas,2025-03-02,47230,emp1371@meridian.COM,active
E-1372,Sam Wendy,D-36,P-90,retail,2015-06-12,15 867,  emp1372@meridian.com  ,active
E-1373,JACK ZHANG,D-6,P-33,mfg,12/08/2015,51195,  emp1373@meridian.com  ,active
E-1374,David Lin,D-4,P-47,retail,2022-04-04,"$30,883.00",EMP1374@MERIDIAN.COM,active
E-1375,Karen Lin,D-36,P-24,saas,01-02-2017,53192,  emp1375@meridian.COM  ,active
E-1376,Ivy Wang,D-39,P-74,mfg,07/20/2025,27436,  emp1376@meridian. co  ,active
E-1377,Guo Karen,D-2,P-40,retail,2024-11-27,32820,emp1377@meridian.com,active
E-1378,jack jack,D-25,P-5,saas,2016-06-04,"55 033,00",EMP1378@MERIDIAN. CO,left
E-1379,  Wendy Rose  ,D-28,P-45,saas,2026-08-11,6196,emp1379@meridian.COM,active
E-1380,Quinn Lin,D-8,P-47,retail,02/12/2017,"$43,290.00",  emp1380@meridian.com  ,active
E-1381,  Sun Chen  ,D-14,P-110,mfg,12-04-2021,11 182,emp1381@meridian. co,active
E-1382,Xu Wendy,D-38,P-8,saas,2020-04-07,"$22,692.00",emp1382@meridian. co,active
E-1383,Xu Wendy,D-36,P-66,retail,2015-04-24,"$18,857.00",emp1383@meridian.COM,active
E-1384,Alice Henry,D-30,P-2,retail,2017-07-17,59212,EMP1384@MERIDIAN.COM,active
E-1385,Li Mona,D-34,P-83,retail,2026-01-09,15971,  emp1385@meridian.COM  ,active
E-1386,  Alice Zhou  ,D-25,P-45,retail,2017-03-27,"$24,150.00",EMP1386@MERIDIAN. CO,left
E-1387,WENDY MONA,D-5,P-30,retail,2023-04-19,15025,emp1387@meridian.COM,active
E-1388,CHEN ZHOU,D-30,P-76,retail,20-01-2015,21 332,emp1388@meridian. co,active
E-1389,sam xu,D-35,P-61,mfg,12-12-2021,"9 680,00",emp1389@meridian.COM,active
E-1390,Paul Zhang,D-32,P-9,retail,2024-11-15,"$56,987.00",emp1390@meridian.COM,active
E-1391,  Grace Tina  ,D-28,P-29,saas,08/27/2016,"$20,119.00",emp1391@meridian. co,active
E-1392,Yuki Zhao,D-16,P-75,mfg,08/02/2023,"$5,468.00",EMP1392@MERIDIAN.COM,active
E-1393,Henry Wang,D-40,P-66,retail,2021-11-17,41769,EMP1393@MERIDIAN.COM,active
E-1394,  Paul Sun  ,D-9,P-36,mfg,11/27/2022,25250,emp1394@meridian. co,left
E-1395,Olive David,D-31,P-83,mfg,04/12/2015,43619,  emp1395@meridian. co  ,left
E-1396,HENRY ROSE,D-19,P-4,saas,22-01-2024,"$52,221.00",  emp1396@meridian.COM  ,left
E-1397,MONA LIN,D-27,P-3,mfg,15-02-2016,"$47,448.00",emp1397@meridian. co,active
E-1398,Xavier Chen,D-3,P-28,saas,08/04/2025,39584,emp1398@meridian. co,active
E-1399,rose sam,D-17,P-5,mfg,2018-11-24,"$18,317.00",EMP1399@MERIDIAN. CO,active
E-1400,Karen Wu,D-35,P-15,saas,2020-12-22,26701,emp1400@meridian. co,left
E-1401,  Zhou Hu  ,D-39,P-27,retail,08/04/2025,31153,emp1401@meridian. co,active
E-1402,Chen Alice,D-40,P-54,saas,24-08-2024,"54 408,00",emp1402@meridian.com,active
E-1403,ROSE WU,D-29,P-87,retail,09/12/2023,7345,EMP1403@MERIDIAN. CO,active
E-1404,Alice Olive,D-8,P-37,retail,04-02-2026,"36 073,00",emp1404@meridian.com,left
E-1405,Guo Karen,D-27,P-84,retail,2020-10-19,48125,  emp1405@meridian.COM  ,active
E-1406,Bob Chen,D-28,P-27,retail,03/05/2026,49084,  emp1406@meridian.com  ,active
E-1407,  Umar Frank  ,D-13,P-114,retail,05/08/2026,"$13,389.00",EMP1407@MERIDIAN.COM,left
E-1408,  Rose Wang  ,D-16,P-68,retail,11/16/2026,49176,  emp1408@meridian.COM  ,active
E-1409,EVE TINA,D-33,P-79,retail,11/02/2025,42320,emp1409@meridian.COM,left
E-1410,  Zhao Liu  ,D-37,P-29,mfg,01-03-2016,10791,  emp1410@meridian.COM  ,left
E-1411,VERA UMAR,D-29,P-105,retail,2020-01-16,"$47,897.00",  emp1411@meridian. co  ,active
E-1412,Sam Zhao,D-19,P-88,retail,2024-02-02,49 419,emp1412@meridian.COM,active
E-1413,SAM ZANE,D-32,P-35,mfg,2026-12-16,"16 028,00",  emp1413@meridian. co  ,active
E-1414,Mona Hu,D-5,P-105,retail,2021-02-19,44693,EMP1414@MERIDIAN.COM,active
E-1415,Zhang Li,D-29,P-5,retail,2020-10-21,53 353,emp1415@meridian.COM,active
E-1416,Liu David,D-37,P-107,retail,13-09-2020,43812,emp1416@meridian.COM,active
E-1417,hu yuki,D-14,P-4,saas,11/16/2015,"20 199,00",  emp1417@meridian.com  ,active
E-1418,Paul Umar,D-37,P-95,retail,11/15/2021,"19 428,00",emp1418@meridian.com,active
E-1419,Nick Lin,D-24,P-52,saas,16-08-2025,"$30,242.00",  emp1419@meridian.COM  ,active
E-1420,  Ivy Karen  ,D-11,P-52,retail,06/07/2022,35454,emp1420@meridian.com,active
E-1421,  Rose Jack  ,D-23,P-107,retail,2026-04-23,"7 144,00",  emp1421@meridian.COM  ,active
E-1422,liu wendy,D-25,P-44,saas,2016-10-25,"$14,846.00",EMP1422@MERIDIAN. CO,left
E-1423,Lin Bob,D-26,P-69,retail,2016-02-03,"33 885,00",emp1423@meridian.com,active
E-1424,  Umar Ivy  ,D-25,P-29,retail,2016-02-14,"$59,029.00",emp1424@meridian.COM,active
E-1425,DAVID IVY,D-19,P-103,saas,2026-09-12,"$49,987.00",emp1425@meridian.COM,active
E-1426,Sam Wu,D-10,P-87,mfg,02/05/2025,"$55,708.00",emp1426@meridian.com,active
E-1427,  Xavier Wang  ,D-35,P-2,mfg,08-03-2016,"$37,515.00",emp1427@meridian.com,active
E-1428,Zhang Zane,D-1,P-33,saas,02/12/2022,58353,  emp1428@meridian.com  ,left
E-1429,Xu Xavier,D-3,P-53,saas,2020-11-15,"$33,848.00",emp1429@meridian.com,active
E-1430,OLIVE LIU,D-14,P-64,retail,2023-09-11,17 775,emp1430@meridian.COM,active
E-1431,  Mona Hu  ,D-20,P-81,mfg,2021-05-04,14697,  emp1431@meridian.COM  ,active
E-1432,Ivy David,D-39,P-20,retail,09/03/2016,"$39,898.00",emp1432@meridian.com,active
E-1433,li zhao,D-37,P-73,retail,07/17/2025,45963,emp1433@meridian. co,active
E-1434,NICK XU,D-30,P-93,retail,01/13/2018,"$8,928.00",emp1434@meridian.com,left
E-1435,Wendy Frank,D-27,P-83,saas,09/09/2024,"$40,903.00",EMP1435@MERIDIAN.COM,active
E-1436,Rose Bob,D-32,P-45,mfg,2018-12-14,22456,  emp1436@meridian.com  ,active
E-1437,ALICE SUN,D-38,P-29,retail,07/02/2025,11409,  emp1437@meridian.COM  ,active
E-1438,Mona Zhou,D-16,P-95,retail,09/04/2024,"$17,958.00",  emp1438@meridian.COM  ,active
E-1439,Hu Quinn,D-6,P-55,saas,07/07/2018,33018,emp1439@meridian. co,left
E-1440,Chen Yuki,D-40,P-94,retail,01/23/2017,"36 892,00",emp1440@meridian. co,active
E-1441,BOB UMAR,D-8,P-25,retail,2016-01-07,5759,EMP1441@MERIDIAN.COM,active
E-1442,lin sam,D-8,P-74,retail,21-01-2021,8 943,emp1442@meridian. co,active
E-1443,  Grace Eve  ,D-17,P-81,retail,2020-04-16,"$57,991.00",emp1443@meridian.com,left
E-1444,  Umar David  ,D-5,P-55,mfg,2025-06-16,56289,EMP1444@MERIDIAN. CO,active
E-1445,  Wu Leo  ,D-19,P-30,retail,2018-04-25,"$57,880.00",emp1445@meridian.COM,active
E-1446,Xu Hu,D-4,P-95,mfg,2026-06-05,8084,emp1446@meridian.COM,active
E-1447,  Nick Alice  ,D-39,P-112,mfg,06-07-2016,"$43,945.00",emp1447@meridian. co,active
E-1448,SAM ALICE,D-26,P-99,saas,2015-08-15,"$5,652.00",EMP1448@MERIDIAN.COM,active
E-1449,LIN TINA,D-19,P-80,retail,2023-12-27,17315,  emp1449@meridian. co  ,active
E-1450,Xu Wendy,D-7,P-38,retail,2024-04-15,31756,emp1450@meridian.COM,active
E-1451,  Sun Liu  ,D-23,P-29,retail,06/16/2021,32345,  emp1451@meridian.com  ,active
E-1452,Umar Paul,D-8,P-21,saas,2020-07-19,"$40,694.00",emp1452@meridian.com,active
E-1453,Xavier Wu,D-12,P-17,mfg,01/23/2017,"$35,193.00",emp1453@meridian.com,left
E-1454,  Carol Wendy  ,D-35,P-53,retail,2019-07-11,24490,emp1454@meridian.COM,active
E-1455,Lin Eve,D-40,P-49,retail,2021-09-16,"$52,890.00",emp1455@meridian.com,active
E-1456,  Paul Ivy  ,D-7,P-110,saas,04/20/2021,"$53,329.00",EMP1456@MERIDIAN.COM,active
E-1457,  Karen Henry  ,D-39,P-73,retail,2025-12-05,15931,EMP1457@MERIDIAN.COM,active
E-1458,Jack Wendy,D-2,P-64,retail,28-04-2020,"$39,852.00",  emp1458@meridian.com  ,active
E-1459,Wu Wu,D-8,P-80,saas,08-11-2020,43241,EMP1459@MERIDIAN.COM,left
E-1460,UMAR ZHAO,D-30,P-32,retail,2022-11-08,41451,emp1460@meridian. co,active
E-1461,Wu Umar,D-34,P-54,mfg,08-03-2019,59838,emp1461@meridian. co,left
E-1462,HENRY ZHAO,D-22,P-52,mfg,2024-11-10,"27 802,00",emp1462@meridian.com,left
E-1463,  Vera Wu  ,D-12,P-97,retail,10-07-2022,24150,emp1463@meridian.com,active
E-1464,Jack Wang,D-5,P-20,retail,2026-04-04,51362,EMP1464@MERIDIAN.COM,active
E-1465,Zhao Wang,D-4,P-47,saas,2026-08-24,6341,emp1465@meridian.com,left
E-1466,Nick Karen,D-39,P-56,mfg,08/01/2018,"$10,907.00",emp1466@meridian.com,active
E-1467,Grace Chen,D-2,P-3,saas,09/22/2025,"$32,161.00",emp1467@meridian.COM,active
E-1468,leo wu,D-7,P-104,mfg,2025-08-03,"$33,362.00",EMP1468@MERIDIAN.COM,active
E-1469,WU JACK,D-16,P-102,mfg,03/01/2018,44830,EMP1469@MERIDIAN. CO,active
E-1470,tina xavier,D-6,P-78,mfg,08/03/2020,56447,emp1470@meridian.com,active
E-1471,Wendy Li,D-3,P-9,mfg,06/12/2026,19959,emp1471@meridian.com,active
E-1472,Nick Lin,D-37,P-59,retail,2024-11-24,"$52,056.00",emp1472@meridian.com,active
E-1473,Zhou Paul,D-17,P-90,mfg,02-10-2025,20469,emp1473@meridian. co,active
E-1474,  Zhou Eve  ,D-17,P-88,retail,05/27/2015,39 882,emp1474@meridian. co,active
E-1475,Li Xavier,D-40,P-62,retail,2019-04-06,7 702,emp1475@meridian. co,active
E-1476,SAM HU,D-37,P-53,saas,2026-12-14,"$9,082.00",  emp1476@meridian.COM  ,active
E-1477,Paul Olive,D-21,P-41,mfg,25-06-2015,"$51,200.00",emp1477@meridian.COM,active
E-1478,  Sun Xu  ,D-28,P-95,saas,10-04-2015,23032,emp1478@meridian.com,active
E-1479,Quinn Eve,D-34,P-40,retail,07/07/2026,"$15,087.00",EMP1479@MERIDIAN.COM,active
E-1480,Xavier Xavier,D-18,P-2,retail,2018-07-18,"$36,536.00",emp1480@meridian.com,active
E-1481,Guo Lin,D-7,P-54,retail,23-03-2015,22117,emp1481@meridian. co,active
E-1482,  Frank Henry  ,D-7,P-11,retail,12/11/2019,30417,emp1482@meridian.com,active
E-1483,ZHOU NICK,D-4,P-34,mfg,10/11/2024,13412,EMP1483@MERIDIAN.COM,active
E-1484,  Zhao Zhou  ,D-17,P-9,retail,13-10-2023,45355,emp1484@meridian.com,active
E-1485,Zhang Sam,D-14,P-53,retail,14-01-2024,24540,emp1485@meridian.com,active
E-1486,chen rose,D-19,P-58,mfg,2020-12-09,51 582,emp1486@meridian. co,active
E-1487,zhao guo,D-34,P-16,mfg,03/12/2018,22392,emp1487@meridian.COM,active
E-1488,Hu Wu,D-35,P-17,saas,2020-05-21,11488,emp1488@meridian. co,active
E-1489,  Zhang Wu  ,D-39,P-35,retail,2023-06-09,55059,emp1489@meridian.com,active
E-1490,Leo Liu,D-1,P-16,saas,2017-03-06,23340,emp1490@meridian.com,active
E-1491,PAUL HU,D-24,P-13,retail,2023-02-22,26 016,emp1491@meridian.com,active
E-1492,  Sam Quinn  ,D-39,P-1,mfg,2018-12-03,33832,emp1492@meridian.COM,active
E-1493,Zhao Sam,D-19,P-119,mfg,06/20/2019,"39 117,00",EMP1493@MERIDIAN.COM,active
E-1494,Guo Paul,D-38,P-2,mfg,2023-11-27,16011,emp1494@meridian.com,left
E-1495,karen nick,D-3,P-20,saas,2020-06-24,53282,EMP1495@MERIDIAN.COM,active
E-1496,Guo Li,D-34,P-32,saas,2023-10-13,"41 721,00",emp1496@meridian.COM,active
E-1497,Chen Zhou,D-33,P-103,saas,2024-04-02,45724,emp1497@meridian.com,left
E-1498,GUO NICK,D-39,P-60,retail,01/05/2017,36325,emp1498@meridian.COM,active
E-1499,Wu Umar,D-39,P-101,mfg,03/27/2018,56535,emp1499@meridian.com,active
E-1500,Wu Xu,D-28,P-102,retail,06/08/2021,17 570,  emp1500@meridian.com  ,active
E-1501,PAUL XAVIER,D-1,P-70,retail,10-05-2024,23731,emp1501@meridian. co,active
E-1502,WU JACK,D-20,P-12,mfg,2016-05-04,56717,  emp1502@meridian.com  ,active
E-1503,Zhou Mona,D-22,P-47,mfg,01/14/2018,"$12,641.00",emp1503@meridian. co,active
E-1504,  Ivy Wendy  ,D-5,P-23,retail,2015-03-20,24176,  emp1504@meridian.com  ,active
E-1505,Eve Rose,D-9,P-72,retail,2022-05-16,"33 251,00",emp1505@meridian.com,active
E-1506,Xavier Wu,D-21,P-19,retail,25-08-2024,"$22,623.00",emp1506@meridian. co,active
E-1507,Quinn Jack,D-39,P-44,retail,2018-01-19,"$42,511.00",emp1507@meridian. co,active
E-1508,  Grace David  ,D-12,P-120,mfg,2020-01-16,59140,  emp1508@meridian. co  ,active
E-1509,David Ivy,D-4,P-5,retail,2022-06-02,35518,  emp1509@meridian.com  ,active
E-1510,WU LI,D-34,P-79,retail,2020-11-05,"35 765,00",EMP1510@MERIDIAN. CO,active
E-1511,Liu Zhang,D-31,P-79,retail,2022-11-13,57785,emp1511@meridian.com,active
E-1512,wendy alice,D-28,P-9,saas,2015-08-23,41166,emp1512@meridian. co,active
E-1513,Carol Paul,D-34,P-3,retail,15-03-2018,7277,emp1513@meridian. co,active
E-1514,ZHOU DAVID,D-2,P-86,retail,2019-04-26,45657,emp1514@meridian. co,active
E-1515,Nick Quinn,D-32,P-117,retail,2019-06-25,"$57,645.00",emp1515@meridian.com,active
E-1516,VERA VERA,D-4,P-105,retail,2020-12-02,54847,  emp1516@meridian.COM  ,active
E-1517,Leo Wendy,D-25,P-3,mfg,28-07-2022,"$9,299.00",emp1517@meridian.com,left
E-1518,MONA ZHOU,D-22,P-10,retail,2024-08-28,"$13,453.00",emp1518@meridian.com,active
E-1519,Zane Wang,D-18,P-70,mfg,2023-04-15,33902,emp1519@meridian.COM,active
E-1520,Sam Karen,D-14,P-86,mfg,09/24/2021,59777,emp1520@meridian. co,active
E-1521,HU SAM,D-20,P-18,saas,2025-06-24,"$27,901.00",emp1521@meridian.COM,active
E-1522,Guo David,D-2,P-53,retail,03/21/2026,16592,emp1522@meridian.COM,active
E-1523,  Xu Wu  ,D-37,P-25,retail,2025-12-05,18693,EMP1523@MERIDIAN.COM,active
E-1524,SUN LIU,D-25,P-27,retail,2020-01-10,21474,emp1524@meridian.com,active
E-1525,vera david,D-27,P-114,retail,2017-03-26,10 431,EMP1525@MERIDIAN. CO,left
E-1526,Ivy Umar,D-8,P-108,mfg,12-03-2020,6 809,emp1526@meridian.COM,active
E-1527,  Liu David  ,D-38,P-118,saas,2021-11-09,44656,EMP1527@MERIDIAN. CO,active
E-1528,XU MONA,D-20,P-109,retail,23-03-2020,39871,emp1528@meridian.com,active
E-1529,David Eve,D-30,P-76,retail,2021-03-17,"$59,197.00",EMP1529@MERIDIAN. CO,left
E-1530,ZHOU ZHOU,D-35,P-88,retail,05/18/2016,5171,emp1530@meridian.COM,active
E-1531,Zhao Hu,D-29,P-42,saas,2023-05-21,51996,emp1531@meridian.com,active
E-1532,QUINN SUN,D-16,P-73,retail,2016-04-24,31371,EMP1532@MERIDIAN.COM,active
E-1533,HU LEO,D-37,P-26,retail,2026-10-15,28362,EMP1533@MERIDIAN.COM,active
E-1534,Carol Li,D-25,P-13,retail,10/11/2016,28085,emp1534@meridian. co,active
E-1535,Lin Rose,D-18,P-97,retail,10-12-2017,28203,emp1535@meridian.com,active
E-1536,WANG LEO,D-27,P-32,retail,2025-11-25,"$46,718.00",EMP1536@MERIDIAN.COM,active
E-1537,LIN WANG,D-24,P-54,retail,2015-11-10,54114,emp1537@meridian.COM,active
E-1538,  Frank Zhou  ,D-12,P-98,retail,2023-02-10,35176,EMP1538@MERIDIAN.COM,active
E-1539,karen wendy,D-35,P-27,retail,05/23/2018,58798,emp1539@meridian.com,active
E-1540,HU KAREN,D-21,P-31,saas,2017-02-08,"11 253,00",emp1540@meridian.com,left
E-1541,Xu Zhang,D-37,P-32,mfg,21-02-2016,14176,emp1541@meridian. co,active
E-1542,henry rose,D-34,P-8,mfg,11/23/2017,29720,emp1542@meridian.com,active
E-1543,hu chen,D-40,P-40,retail,27-07-2022,52243,emp1543@meridian.COM,active
E-1544,Jack Xu,D-12,P-30,retail,24-10-2026,"$13,294.00",emp1544@meridian.COM,active
E-1545,  Henry Chen  ,D-21,P-84,saas,08-09-2015,"$36,988.00",emp1545@meridian. co,active
E-1546,  Alice Wang  ,D-7,P-11,retail,01/23/2021,19588,emp1546@meridian.COM,active
E-1547,Grace Li,D-31,P-17,retail,18-06-2022,"6 922,00",  emp1547@meridian.COM  ,active
E-1548,Wendy Tina,D-23,P-17,retail,2025-02-24,59381,emp1548@meridian.com,active
E-1549,  Wendy Li  ,D-26,P-30,mfg,16-12-2018,23 982,  emp1549@meridian.COM  ,active
E-1550,  Karen Zhao  ,D-18,P-16,retail,2025-12-13,35556,emp1550@meridian.com,active
E-1551,Grace Vera,D-28,P-46,retail,10/04/2021,"49 263,00",emp1551@meridian. co,active
E-1552,  Lin Henry  ,D-19,P-120,retail,08-02-2021,51892,emp1552@meridian.com,active
E-1553,Li Zane,D-5,P-78,retail,01/13/2019,27 460,  emp1553@meridian.com  ,active
E-1554,  Wendy Frank  ,D-8,P-75,mfg,07-06-2020,31 638,emp1554@meridian.COM,active
E-1555,  Olive Yuki  ,D-36,P-105,retail,2025-08-17,"$29,816.00",emp1555@meridian.COM,active
E-1556,WU HENRY,D-20,P-24,saas,15-05-2025,17 475,emp1556@meridian. co,active
E-1557,David Guo,D-5,P-93,mfg,2021-12-26,43832,EMP1557@MERIDIAN.COM,active
E-1558,  Wendy David  ,D-33,P-33,retail,2026-07-23,50449,  emp1558@meridian.COM  ,active
E-1559,Sam Vera,D-1,P-25,mfg,11-10-2025,25885,  emp1559@meridian.COM  ,active
E-1560,Xavier Nick,D-38,P-73,retail,2025-10-23,26 520,emp1560@meridian.com,active
E-1561,  Jack Karen  ,D-15,P-104,mfg,2021-05-15,"$29,647.00",emp1561@meridian. co,active
E-1562,Nick Xu,D-24,P-54,retail,2016-05-05,"$38,256.00",emp1562@meridian. co,active
E-1563,Xavier Wu,D-37,P-98,retail,21-11-2025,"$10,709.00",emp1563@meridian.COM,active
E-1564,Frank Frank,D-10,P-57,mfg,2020-06-18,30832,emp1564@meridian.com,active
E-1565,Wu Henry,D-13,P-47,retail,2017-10-05,49565,emp1565@meridian. co,active
E-1566,Eve Zhao,D-38,P-120,saas,2016-10-21,51 562,EMP1566@MERIDIAN. CO,active
E-1567,  Liu Wu  ,D-33,P-119,saas,2024-04-28,"42 933,00",  emp1567@meridian. co  ,active
E-1568,  Yuki Sun  ,D-39,P-28,saas,02/05/2016,14110,EMP1568@MERIDIAN.COM,active
E-1569,ROSE LEO,D-20,P-111,retail,2020-06-26,35 615,  emp1569@meridian.com  ,active
E-1570,Xu Quinn,D-16,P-4,saas,11/22/2022,"$33,632.00",emp1570@meridian.com,active
E-1571,Carol Alice,D-21,P-113,saas,09-04-2020,"$13,944.00",  emp1571@meridian.com  ,active
E-1572,ALICE BOB,D-10,P-44,mfg,2026-07-10,5562,  emp1572@meridian.COM  ,active
E-1573,Quinn Zhao,D-5,P-101,retail,08-11-2016,17 796,emp1573@meridian.com,active
E-1574,  Zhang Liu  ,D-25,P-100,saas,02/14/2015,29951,emp1574@meridian. co,active
E-1575,Grace Wendy,D-12,P-86,retail,03-04-2017,35795,emp1575@meridian. co,active
E-1576,XAVIER MONA,D-7,P-68,retail,04/19/2016,37 692,emp1576@meridian.com,left
E-1577,Vera Zhou,D-21,P-64,saas,2016-04-19,50932,emp1577@meridian.com,active
E-1578,FRANK LI,D-4,P-81,mfg,2015-08-27,"$7,956.00",  emp1578@meridian.COM  ,active
E-1579,  Guo Li  ,D-15,P-10,mfg,2017-08-15,16749,emp1579@meridian.com,active
E-1580,tina wu,D-9,P-78,mfg,2025-02-26,31668,emp1580@meridian. co,active
E-1581,Ivy Wendy,D-2,P-104,mfg,12/19/2015,19744,  emp1581@meridian.COM  ,active
E-1582,tina david,D-19,P-61,mfg,10/14/2026,49105,EMP1582@MERIDIAN. CO,left
E-1583,Zhou David,D-15,P-109,saas,2021-09-14,8869,EMP1583@MERIDIAN.COM,active
E-1584,WANG TINA,D-1,P-64,mfg,05/07/2017,26975,emp1584@meridian. co,active
E-1585,  Liu Grace  ,D-30,P-119,retail,10/08/2019,"$14,615.00",  emp1585@meridian. co  ,active
E-1586,  Nick Mona  ,D-20,P-67,retail,2023-05-12,24918,emp1586@meridian.com,left
E-1587,  Wu Zhao  ,D-2,P-74,retail,27-03-2022,23760,  emp1587@meridian. co  ,active
E-1588,Nick Guo,D-39,P-100,mfg,11/18/2024,17536,emp1588@meridian.com,active
E-1589,ALICE ZHAO,D-12,P-42,retail,01/01/2024,50 325,EMP1589@MERIDIAN.COM,active
E-1590,ZHAO HENRY,D-18,P-22,retail,11-03-2024,53 523,emp1590@meridian. co,active
E-1591,UMAR LEO,D-15,P-2,retail,02/21/2018,"32 304,00",  emp1591@meridian. co  ,active
E-1592,Umar Leo,D-11,P-103,saas,2015-04-27,"49 517,00",emp1592@meridian.com,active
E-1593,Wendy Liu,D-15,P-86,retail,03/24/2021,43551,EMP1593@MERIDIAN.COM,active
E-1594,Umar Wu,D-6,P-31,retail,2026-12-13,52498,emp1594@meridian.com,active
E-1595,Grace Zane,D-10,P-25,mfg,12/27/2017,50712,emp1595@meridian. co,active
E-1596,Olive Leo,D-24,P-116,retail,2022-07-11,"$9,088.00",  emp1596@meridian.COM  ,active
E-1597,wendy liu,D-32,P-87,mfg,08/13/2026,"31 529,00",emp1597@meridian. co,left
E-1598,Wu Zhou,D-37,P-17,mfg,22-05-2017,43021,EMP1598@MERIDIAN.COM,active
E-1599,eve guo,D-25,P-16,mfg,2023-08-22,19999,emp1599@meridian.com,active
E-1600,FRANK LI,D-35,P-14,saas,01/21/2016,7 006,emp1600@meridian.com,active
E-1601,  Bob Henry  ,D-6,P-44,retail,2026-10-11,7749,emp1601@meridian. co,active
E-1602,sam nick,D-33,P-46,saas,2017-06-24,28905,emp1602@meridian.COM,active
E-1603,  Quinn Olive  ,D-26,P-57,retail,18-01-2026,20671,emp1603@meridian.com,active
E-1604,zhang xu,D-32,P-19,retail,12/03/2015,"$51,819.00",emp1604@meridian. co,active
E-1605,alice grace,D-28,P-69,mfg,04/20/2020,26619,emp1605@meridian. co,left
E-1606,  Sun Sam  ,D-5,P-63,retail,03/08/2026,52326,  emp1606@meridian. co  ,active
E-1607,  Alice Wang  ,D-30,P-42,retail,04/18/2019,48254,  emp1607@meridian. co  ,active
E-1608,IVY ALICE,D-10,P-5,mfg,18-05-2025,57199,emp1608@meridian. co,left
E-1609,liu zhao,D-13,P-29,mfg,2018-04-03,19999,EMP1609@MERIDIAN.COM,active
E-1610,ALICE HU,D-22,P-99,mfg,2019-08-28,"$34,694.00",emp1610@meridian. co,active
E-1611,Sam Xu,D-37,P-84,saas,2025-06-06,"$22,397.00",EMP1611@MERIDIAN.COM,active
E-1612,Vera Zhang,D-26,P-77,retail,2023-03-18,5221,emp1612@meridian.COM,left
E-1613,Henry Rose,D-16,P-88,mfg,10/21/2019,"$24,929.00",EMP1613@MERIDIAN.COM,active
E-1614,WU SUN,D-21,P-3,retail,2016-02-13,"$15,332.00",emp1614@meridian.COM,active
E-1615,mona zhou,D-6,P-84,retail,27-10-2026,32462,emp1615@meridian. co,active
E-1616,David Zhao,D-24,P-80,retail,2016-08-26,59873,emp1616@meridian.COM,left
E-1617,DAVID JACK,D-37,P-54,saas,23-05-2025,"$27,779.00",emp1617@meridian.com,active
E-1618,Xavier Ivy,D-4,P-93,retail,26-11-2025,"$36,598.00",  emp1618@meridian.COM  ,left
E-1619,  Xu Karen  ,D-26,P-93,retail,2021-11-28,"$53,275.00",emp1619@meridian.COM,active
E-1620,lin wu,D-7,P-118,retail,2016-05-07,48465,  emp1620@meridian.COM  ,active
E-1621,  Wu Tina  ,D-16,P-25,retail,2023-04-18,45 325,  emp1621@meridian.com  ,active
E-1622,Guo Chen,D-17,P-24,retail,08/08/2020,10 664,emp1622@meridian. co,left
E-1623,  Alice Carol  ,D-3,P-95,mfg,2018-06-13,54589,emp1623@meridian.COM,active
E-1624,Mona Tina,D-31,P-115,retail,13-09-2016,33922,emp1624@meridian.COM,active
E-1625,Olive Zhou,D-32,P-7,saas,2023-07-25,"$32,157.00",emp1625@meridian.COM,active
E-1626,Sun Tina,D-32,P-18,retail,01-04-2024,40558,emp1626@meridian.com,active
E-1627,  David Frank  ,D-16,P-64,retail,15-12-2021,"41 810,00",emp1627@meridian.COM,active
E-1628,JACK PAUL,D-2,P-80,mfg,2017-02-13,"32 120,00",emp1628@meridian.com,active
E-1629,Chen Olive,D-5,P-1,retail,02/03/2016,42 039,emp1629@meridian. co,active
E-1630,Quinn Xu,D-14,P-57,mfg,2018-02-13,40175,  emp1630@meridian. co  ,active
E-1631,ZANE ZHANG,D-20,P-75,retail,2024-02-12,"$32,301.00",emp1631@meridian. co,left
E-1632,GUO EVE,D-32,P-116,mfg,2022-06-27,49763,  emp1632@meridian.COM  ,active
E-1633,Rose Olive,D-29,P-12,retail,09-06-2023,25233,  emp1633@meridian.com  ,active
E-1634,Wang Xavier,D-21,P-37,mfg,2022-06-26,45 201,EMP1634@MERIDIAN.COM,active
E-1635,XU KAREN,D-36,P-115,mfg,2026-11-27,47577,  emp1635@meridian.COM  ,active
E-1636,  Sun Zhao  ,D-17,P-14,retail,2020-02-23,"$54,598.00",emp1636@meridian.COM,active
E-1637,Yuki Quinn,D-32,P-31,retail,01-12-2015,"25 773,00",emp1637@meridian.com,active
E-1638,Lin Jack,D-38,P-26,retail,2026-02-08,7780,EMP1638@MERIDIAN.COM,active
E-1639,XU CAROL,D-4,P-115,retail,16-11-2024,29720,emp1639@meridian. co,active
E-1640,Wang Rose,D-15,P-119,saas,09-08-2019,39660,  emp1640@meridian.COM  ,left
E-1641,wendy liu,D-19,P-9,mfg,2015-09-02,12591,emp1641@meridian. co,active
E-1642,  Sun Paul  ,D-22,P-9,mfg,09-11-2019,"$24,288.00",  emp1642@meridian.com  ,active
E-1643,Jack Ivy,D-35,P-119,mfg,2021-04-02,50323,EMP1643@MERIDIAN. CO,active
E-1644,ZANE YUKI,D-3,P-55,mfg,2019-03-02,"$40,465.00",emp1644@meridian.com,active
E-1645,YUKI ROSE,D-39,P-72,mfg,06-07-2019,11361,emp1645@meridian.com,active
E-1646,Vera Tina,D-12,P-111,retail,01/23/2017,32555,emp1646@meridian. co,active
E-1647,Liu Wu,D-17,P-117,retail,2017-03-24,50258,EMP1647@MERIDIAN.COM,active
E-1648,  Frank Vera  ,D-21,P-99,retail,12-11-2021,15022,  emp1648@meridian. co  ,active
E-1649,Leo Lin,D-6,P-93,retail,03/20/2019,47235,emp1649@meridian.COM,active
E-1650,Zane Zhao,D-14,P-50,saas,2022-09-11,44110,emp1650@meridian.COM,active
E-1651,yuki zane,D-31,P-68,retail,2018-08-11,"$8,691.00",EMP1651@MERIDIAN.COM,active
E-1652,  Frank Guo  ,D-22,P-6,retail,12-07-2016,"22 006,00",emp1652@meridian.com,active
E-1653,Zhang Wang,D-17,P-92,saas,2015-02-15,10051,emp1653@meridian.COM,left
E-1654,Rose Zhao,D-8,P-50,retail,10/26/2020,"27 914,00",emp1654@meridian.com,active
E-1655,  Zane Ivy  ,D-36,P-78,mfg,2017-01-26,"22 209,00",emp1655@meridian.COM,active
E-1656,SAM LEO,D-14,P-46,saas,2026-12-05,43084,emp1656@meridian.COM,active
E-1657,Chen Jack,D-28,P-84,mfg,12/20/2025,31731,emp1657@meridian. co,active
E-1658,Guo Quinn,D-22,P-30,mfg,16-06-2021,"$34,150.00",emp1658@meridian.COM,active
E-1659,XU NICK,D-31,P-9,mfg,2016-06-05,41532,emp1659@meridian.COM,active
E-1660,  Zhou Eve  ,D-32,P-31,mfg,26-01-2021,10428,emp1660@meridian. co,left
E-1661,Lin Ivy,D-30,P-36,mfg,08-07-2024,"$37,968.00",emp1661@meridian. co,active
E-1662,Li Frank,D-5,P-58,saas,13-04-2023,22692,emp1662@meridian. co,active
E-1663,  Liu Ivy  ,D-38,P-89,mfg,12-07-2021,"$46,998.00",  emp1663@meridian.com  ,active
E-1664,Wang Karen,D-21,P-53,retail,2021-10-13,"$19,483.00",emp1664@meridian.com,active
E-1665,CAROL WANG,D-20,P-120,retail,2022-11-28,20916,emp1665@meridian.com,active
E-1666,Paul Tina,D-5,P-29,retail,26-04-2017,43449,emp1666@meridian. co,active
E-1667,  Rose Wang  ,D-21,P-91,mfg,09-06-2020,"$51,400.00",emp1667@meridian.COM,active
E-1668,Vera Paul,D-28,P-90,saas,04/28/2019,28388,emp1668@meridian. co,left
E-1669,Paul Henry,D-11,P-66,saas,2024-09-01,9115,emp1669@meridian.com,active
E-1670,Ivy Bob,D-4,P-1,saas,2020-03-10,"$7,798.00",EMP1670@MERIDIAN.COM,active
E-1671,Xu Vera,D-8,P-13,saas,2016-01-16,45343,emp1671@meridian.COM,active
E-1672,Ivy Yuki,D-8,P-76,retail,01-05-2025,"$8,591.00",emp1672@meridian.com,active
E-1673,  Li Mona  ,D-16,P-41,retail,2018-04-26,"$47,705.00",EMP1673@MERIDIAN. CO,active
E-1674,  Liu Xu  ,D-29,P-54,mfg,10/06/2021,"$15,318.00",EMP1674@MERIDIAN.COM,active
E-1675,Li Olive,D-12,P-68,retail,08/15/2015,47 687,emp1675@meridian.COM,active
E-1676,tina jack,D-24,P-49,retail,2017-12-10,17752,  emp1676@meridian.com  ,active
E-1677,Eve Vera,D-18,P-65,mfg,2020-06-04,31016,emp1677@meridian.COM,active
E-1678,BOB DAVID,D-12,P-88,mfg,2016-08-06,41790,emp1678@meridian.com,left
E-1679,Zhang David,D-38,P-22,saas,2015-05-22,44 330,emp1679@meridian.com,active
E-1680,zhou wu,D-30,P-82,mfg,2022-12-18,"$12,177.00",emp1680@meridian.COM,active
E-1681,IVY OLIVE,D-12,P-56,retail,2022-05-06,"$27,259.00",emp1681@meridian.com,left
E-1682,Quinn Vera,D-6,P-96,mfg,08/24/2022,"$51,240.00",  emp1682@meridian.com  ,active
E-1683,Jack Grace,D-1,P-2,mfg,2017-04-09,"$14,217.00",EMP1683@MERIDIAN.COM,active
E-1684,Wu Wang,D-4,P-36,saas,01/23/2022,55914,emp1684@meridian. co,active
E-1685,  Li Ivy  ,D-14,P-12,saas,2019-12-17,"$12,106.00",emp1685@meridian. co,active
E-1686,Hu Quinn,D-28,P-28,retail,2015-08-28,"$54,234.00",emp1686@meridian. co,active
E-1687,  Guo Bob  ,D-6,P-25,saas,01/24/2015,"$6,081.00",emp1687@meridian. co,active
E-1688,LIN LIU,D-11,P-19,mfg,06/17/2020,53295,emp1688@meridian.COM,left
E-1689,GRACE CAROL,D-40,P-71,retail,19-03-2022,43047,emp1689@meridian.COM,active
E-1690,Liu Bob,D-6,P-69,mfg,03/10/2025,6742,  emp1690@meridian.com  ,active
E-1691,Mona Chen,D-8,P-35,retail,2025-06-22,30638,emp1691@meridian. co,active
E-1692,Paul Liu,D-31,P-119,retail,2021-01-03,49339,  emp1692@meridian.COM  ,active
E-1693,mona wendy,D-16,P-93,retail,2024-01-14,"$59,579.00",emp1693@meridian.com,active
E-1694,  Karen Liu  ,D-7,P-44,saas,2020-10-25,25537,emp1694@meridian. co,active
E-1695,CHEN MONA,D-1,P-79,mfg,10/09/2025,"$42,130.00",EMP1695@MERIDIAN. CO,active
E-1696,wang sun,D-24,P-36,retail,16-12-2019,6479,EMP1696@MERIDIAN.COM,active
E-1697,  Tina Leo  ,D-30,P-71,retail,20-10-2023,12 694,emp1697@meridian. co,left
E-1698,Frank Lin,D-28,P-102,mfg,10/23/2019,39137,emp1698@meridian.COM,left
E-1699,Umar Hu,D-16,P-106,saas,02/21/2023,"$56,288.00",emp1699@meridian. co,active
E-1700,Eve Wu,D-1,P-70,mfg,2016-05-28,34351,emp1700@meridian.com,active
E-1701,Liu Wang,D-29,P-43,saas,2024-12-22,22935,  emp1701@meridian. co  ,active
E-1702,CAROL CHEN,D-19,P-54,saas,2023-08-28,24829,EMP1702@MERIDIAN. CO,active
E-1703,QUINN GUO,D-24,P-50,retail,23-11-2018,49483,EMP1703@MERIDIAN. CO,active
E-1704,Tina Carol,D-28,P-47,retail,2026-11-24,"8 012,00",emp1704@meridian.com,active
E-1705,Rose Sam,D-34,P-49,mfg,02/21/2023,38144,EMP1705@MERIDIAN.COM,active
E-1706,  Xu Zhang  ,D-1,P-55,retail,04/05/2024,29443,emp1706@meridian.COM,active
E-1707,XU XU,D-19,P-38,mfg,08-12-2016,"46 798,00",EMP1707@MERIDIAN. CO,active
E-1708,Sun Xavier,D-19,P-87,retail,19-08-2015,"$20,908.00",emp1708@meridian.com,active
E-1709,OLIVE ALICE,D-35,P-115,mfg,2025-08-25,53085,  emp1709@meridian.COM  ,active
E-1710,Olive Wang,D-22,P-102,retail,2021-06-28,44881,emp1710@meridian. co,active
E-1711,Wu Carol,D-19,P-9,retail,2020-07-27,39390,EMP1711@MERIDIAN.COM,active
E-1712,IVY XU,D-22,P-74,saas,08/07/2023,"57 243,00",emp1712@meridian.COM,left
E-1713,bob wendy,D-20,P-98,saas,2024-05-14,42 793,emp1713@meridian.com,active
E-1714,olive paul,D-19,P-43,retail,2020-09-15,"$51,964.00",emp1714@meridian.com,active
E-1715,  Wang Zhang  ,D-15,P-115,retail,2018-07-22,41980,  emp1715@meridian.com  ,left
E-1716,  Zane Wendy  ,D-40,P-16,saas,01-06-2023,45 705,EMP1716@MERIDIAN.COM,active
E-1717,Carol Wu,D-19,P-59,mfg,08/15/2022,"$40,573.00",EMP1717@MERIDIAN.COM,active
E-1718,David Rose,D-31,P-54,retail,2015-10-24,50282,EMP1718@MERIDIAN.COM,active
E-1719,Ivy Eve,D-32,P-80,retail,12/26/2021,8 687,emp1719@meridian.com,active
E-1720,Grace Jack,D-21,P-81,mfg,2017-09-16,"$49,745.00",emp1720@meridian. co,left
E-1721,Guo Zhou,D-19,P-19,retail,07-04-2019,"49 644,00",emp1721@meridian.com,active
E-1722,Wu Wang,D-26,P-110,mfg,2024-06-14,27611,EMP1722@MERIDIAN.COM,active
E-1723,Nick Zhang,D-28,P-33,retail,2017-06-11,36262,emp1723@meridian.COM,active
E-1724,Carol Zhang,D-36,P-42,saas,12/12/2023,57517,emp1724@meridian.com,active
E-1725,Tina Alice,D-32,P-21,retail,02/07/2019,48329,  emp1725@meridian.com  ,active
E-1726,ZHAO OLIVE,D-23,P-116,mfg,2020-06-07,59961,  emp1726@meridian.COM  ,active
E-1727,Rose Frank,D-39,P-1,retail,2020-08-01,23953,EMP1727@MERIDIAN.COM,active
E-1728,Grace Henry,D-17,P-49,mfg,09-08-2019,"$25,832.00",emp1728@meridian.com,left
E-1729,  Carol Wu  ,D-21,P-81,mfg,07/13/2018,53 328,  emp1729@meridian. co  ,active
E-1730,Ivy Xu,D-34,P-41,saas,2024-02-13,"24 778,00",EMP1730@MERIDIAN. CO,active
E-1731,  Leo Wendy  ,D-7,P-105,mfg,12/18/2024,"$12,385.00",emp1731@meridian.COM,active
E-1732,Lin Wendy,D-22,P-6,retail,2020-04-25,"$40,610.00",  emp1732@meridian.COM  ,active
E-1733,  Zhao Xavier  ,D-37,P-94,mfg,09-01-2023,43809,emp1733@meridian. co,active
E-1734,Eve Alice,D-26,P-110,retail,2025-06-25,14951,emp1734@meridian. co,left
E-1735,  Grace Bob  ,D-29,P-5,retail,2018-08-18,27240,EMP1735@MERIDIAN.COM,active
E-1736,  Zhang Alice  ,D-5,P-29,mfg,2025-07-24,35161,emp1736@meridian. co,left
E-1737,ZANE WU,D-12,P-2,saas,2018-03-11,"$15,071.00",emp1737@meridian.COM,active
E-1738,HENRY HU,D-23,P-60,retail,2020-10-08,20692,emp1738@meridian.COM,active
E-1739,Frank Liu,D-16,P-10,retail,2025-09-28,24187,  emp1739@meridian. co  ,active
E-1740,  Yuki Karen  ,D-35,P-43,retail,08/05/2021,44477,emp1740@meridian.COM,left
E-1741,  Umar Zhao  ,D-20,P-84,mfg,2022-02-01,54 716,emp1741@meridian. co,active
E-1742,DAVID TINA,D-19,P-20,retail,2020-09-25,34669,EMP1742@MERIDIAN. CO,active
E-1743,Sun Grace,D-6,P-34,mfg,2025-08-28,52344,emp1743@meridian.com,active
E-1744,UMAR NICK,D-26,P-14,mfg,01/05/2017,13560,EMP1744@MERIDIAN. CO,active
E-1745,OLIVE HU,D-23,P-80,retail,2020-08-28,8847,emp1745@meridian.COM,active
E-1746,Eve Rose,D-12,P-54,saas,2025-04-05,52035,EMP1746@MERIDIAN.COM,active
E-1747,  Xavier Quinn  ,D-15,P-30,retail,10/02/2018,8311,emp1747@meridian.COM,active
E-1748,WANG HU,D-15,P-24,mfg,02/11/2026,15 735,emp1748@meridian. co,active
E-1749,Tina Xu,D-18,P-82,retail,2024-03-17,"$7,836.00",  emp1749@meridian.COM  ,active
E-1750,MONA ROSE,D-2,P-19,retail,01-02-2018,"$22,056.00",  emp1750@meridian. co  ,active
E-1751,  Quinn Hu  ,D-35,P-26,mfg,21-07-2022,24191,emp1751@meridian.COM,active
E-1752,bob wu,D-17,P-2,saas,2023-01-26,"$43,543.00",  emp1752@meridian.COM  ,active
E-1753,eve wendy,D-34,P-43,saas,2018-04-06,48046,emp1753@meridian. co,left
E-1754,ROSE FRANK,D-1,P-19,mfg,2016-06-28,52030,emp1754@meridian.COM,active
E-1755,Quinn Tina,D-35,P-41,retail,06-09-2025,"$36,749.00",emp1755@meridian.COM,active
E-1756,Zhang Zhao,D-23,P-63,retail,16-04-2020,32890,  emp1756@meridian.com  ,left
E-1757,Lin Wu,D-11,P-87,saas,2022-03-06,"45 570,00",emp1757@meridian.COM,active
E-1758,Zhang Zhang,D-35,P-29,retail,2018-01-06,26585,emp1758@meridian.com,active
E-1759,  Paul Karen  ,D-15,P-75,mfg,2022-01-04,56853,EMP1759@MERIDIAN.COM,active
E-1760,LEO XU,D-36,P-16,retail,02/09/2026,25447,  emp1760@meridian. co  ,active
E-1761,guo yuki,D-10,P-39,retail,02/20/2019,28931,emp1761@meridian. co,active
E-1762,Paul Grace,D-23,P-39,retail,10/10/2025,51313,EMP1762@MERIDIAN.COM,active
E-1763,Vera Leo,D-35,P-58,retail,12-02-2015,47645,EMP1763@MERIDIAN.COM,active
E-1764,YUKI LI,D-35,P-23,retail,03/24/2019,"$8,383.00",emp1764@meridian.com,active
E-1765,  Vera Bob  ,D-33,P-38,retail,2015-04-14,"$59,202.00",emp1765@meridian. co,active
E-1766,WANG LEO,D-20,P-39,retail,2018-01-23,"22 725,00",emp1766@meridian.COM,left
E-1767,Sun Nick,D-25,P-76,retail,07-06-2021,"$26,151.00",emp1767@meridian.com,left
E-1768,David Rose,D-17,P-21,retail,11-12-2022,55147,emp1768@meridian. co,active
E-1769,Quinn Leo,D-21,P-98,mfg,2020-03-17,48003,emp1769@meridian. co,active
E-1770,CHEN ZANE,D-40,P-106,retail,13-01-2022,6282,  emp1770@meridian.com  ,active
E-1771,  Frank Alice  ,D-22,P-109,retail,02/12/2020,5 567,emp1771@meridian.com,active
E-1772,Zhao Zhao,D-29,P-83,retail,2019-08-05,35765,  emp1772@meridian. co  ,active
E-1773,bob nick,D-32,P-118,saas,2015-02-06,11282,EMP1773@MERIDIAN.COM,active
E-1774,David Xavier,D-11,P-79,retail,28-12-2022,"12 156,00",emp1774@meridian.com,active
E-1775,IVY KAREN,D-20,P-66,mfg,2015-03-13,27141,emp1775@meridian.com,active
E-1776,  Mona David  ,D-3,P-4,saas,26-04-2025,"$36,677.00",emp1776@meridian. co,active
E-1777,TINA ROSE,D-13,P-37,retail,2026-04-15,40168,EMP1777@MERIDIAN. CO,active
E-1778,  Liu Tina  ,D-29,P-25,retail,2018-06-10,"$16,069.00",emp1778@meridian.COM,active
E-1779,Henry Olive,D-22,P-116,saas,2026-02-10,25187,EMP1779@MERIDIAN.COM,active
E-1780,Li Vera,D-23,P-76,mfg,2016-09-19,7064,  emp1780@meridian. co  ,active
E-1781,Mona Wang,D-25,P-96,saas,10/17/2023,37254,emp1781@meridian.com,active
E-1782,Xavier Zhou,D-17,P-21,saas,2019-08-14,49706,emp1782@meridian.COM,active
E-1783,Tina Wang,D-40,P-117,retail,01-07-2018,12381,EMP1783@MERIDIAN.COM,active
E-1784,Carol Wu,D-3,P-39,retail,01/06/2023,19 288,emp1784@meridian.COM,left
E-1785,Yuki Carol,D-23,P-20,retail,07/25/2026,45070,  emp1785@meridian.com  ,active
E-1786,  Alice Quinn  ,D-1,P-2,mfg,02/27/2022,49 823,emp1786@meridian.com,left
E-1787,Yuki Tina,D-36,P-37,mfg,2020-09-22,25585,emp1787@meridian.COM,active
E-1788,Jack Paul,D-12,P-117,saas,13-07-2020,"$26,217.00",emp1788@meridian.com,active
E-1789,GRACE CAROL,D-15,P-65,saas,11/16/2024,"44 972,00",emp1789@meridian.COM,left
E-1790,Tina Hu,D-19,P-32,mfg,22-10-2026,"$27,750.00",  emp1790@meridian. co  ,active
E-1791,quinn wang,D-27,P-16,retail,2022-03-11,31727,emp1791@meridian.com,active
E-1792,Zhang Eve,D-37,P-99,retail,03/02/2015,"30 188,00",emp1792@meridian. co,active
E-1793,Zhang Hu,D-22,P-39,mfg,2022-01-06,40 804,emp1793@meridian.COM,active
E-1794,Paul Jack,D-32,P-3,retail,2019-01-27,"$14,806.00",EMP1794@MERIDIAN.COM,left
E-1795,Sun Ivy,D-11,P-47,retail,22-12-2015,59188,emp1795@meridian.com,active
E-1796,Paul Xu,D-17,P-87,mfg,07/03/2015,38443,emp1796@meridian.com,left
E-1797,Alice Wang,D-5,P-4,retail,01/11/2021,43661,emp1797@meridian. co,active
E-1798,Nick Hu,D-28,P-3,mfg,02/23/2025,"$46,199.00",emp1798@meridian.com,active
E-1799,ZANE MONA,D-40,P-41,retail,01/07/2015,5 992,EMP1799@MERIDIAN.COM,left
E-1800,Zhou Bob,D-10,P-20,retail,2023-03-09,42092,  emp1800@meridian. co  ,active
E-1801,CHEN ZHANG,D-13,P-63,saas,2020-10-09,45213,emp1801@meridian. co,active
E-1802,  Wu Grace  ,D-8,P-98,mfg,02/20/2016,37589,EMP1802@MERIDIAN. CO,active
E-1803,Lin Sam,D-40,P-59,retail,2018-12-18,6483,emp1803@meridian. co,active
E-1804,ivy karen,D-25,P-8,saas,2024-01-15,"$44,925.00",  emp1804@meridian.COM  ,active
E-1805,  Jack Zhou  ,D-1,P-60,saas,07/02/2025,"$22,737.00",emp1805@meridian.com,active
E-1806,Ivy Wu,D-5,P-34,saas,2018-07-26,57104,emp1806@meridian.com,active
E-1807,EVE FRANK,D-18,P-3,retail,2023-11-18,40 235,  emp1807@meridian.com  ,active
E-1808,Lin Wendy,D-9,P-4,retail,08/10/2020,"37 772,00",emp1808@meridian.com,active
E-1809,Bob Paul,D-34,P-54,mfg,2022-08-28,18928,emp1809@meridian. co,left
E-1810,Paul Jack,D-28,P-11,mfg,2025-11-21,"$33,097.00",emp1810@meridian. co,active
E-1811,LEO QUINN,D-36,P-86,mfg,2020-10-21,"$52,585.00",EMP1811@MERIDIAN.COM,left
E-1812,liu zhao,D-20,P-58,mfg,2025-05-10,"$29,715.00",emp1812@meridian. co,active
E-1813,wu david,D-23,P-74,retail,2026-09-11,30836,  emp1813@meridian.COM  ,active
E-1814,Wu Frank,D-9,P-105,retail,2018-10-25,"$43,880.00",emp1814@meridian.com,active
E-1815,Leo Li,D-9,P-72,saas,09/12/2016,14 718,  emp1815@meridian. co  ,active
E-1816,Paul Liu,D-35,P-40,retail,04/15/2015,58435,emp1816@meridian.com,active
E-1817,Zhou Mona,D-35,P-1,retail,01/16/2026,33 734,EMP1817@MERIDIAN. CO,left
E-1818,Wang Olive,D-11,P-3,saas,2025-04-21,45111,emp1818@meridian.COM,active
E-1819,Vera Lin,D-30,P-104,mfg,10/04/2019,40 875,emp1819@meridian.com,active
E-1820,Karen Ivy,D-26,P-12,retail,07/19/2018,"$59,351.00",EMP1820@MERIDIAN.COM,active
E-1821,  Henry Zhang  ,D-35,P-19,saas,2026-05-02,"$11,834.00",emp1821@meridian.COM,active
E-1822,  Eve Eve  ,D-15,P-111,retail,02/22/2026,"$6,972.00",emp1822@meridian. co,left
E-1823,  Chen Lin  ,D-18,P-35,retail,2023-11-27,"10 880,00",emp1823@meridian. co,active
E-1824,carol nick,D-21,P-1,mfg,08/24/2018,38428,EMP1824@MERIDIAN.COM,active
E-1825,David Wu,D-12,P-30,retail,2017-07-17,22988,emp1825@meridian.com,active
E-1826,Xavier Sun,D-15,P-64,saas,16-08-2019,24964,EMP1826@MERIDIAN.COM,left
E-1827,Xu Hu,D-24,P-20,retail,05/07/2025,20 174,emp1827@meridian.COM,left
E-1828,ALICE JACK,D-12,P-54,retail,2015-06-12,9137,emp1828@meridian. co,active
E-1829,Yuki Hu,D-13,P-43,mfg,2018-05-08,26876,  emp1829@meridian.COM  ,active
E-1830,TINA MONA,D-37,P-95,saas,2025-03-13,"$21,364.00",emp1830@meridian.com,left
E-1831,HU HU,D-18,P-51,saas,2023-07-28,"$5,002.00",emp1831@meridian.COM,active
E-1832,Zhou Olive,D-35,P-109,mfg,2016-08-12,"$57,668.00",emp1832@meridian.com,active
E-1833,Eve Umar,D-30,P-59,saas,2024-11-08,55196,emp1833@meridian. co,active
E-1834,  Jack Chen  ,D-38,P-119,retail,04/11/2024,49132,EMP1834@MERIDIAN.COM,active
E-1835,GUO UMAR,D-4,P-2,retail,11-01-2024,"$43,451.00",emp1835@meridian.COM,active
E-1836,  Eve Sam  ,D-25,P-114,mfg,2018-04-17,"$10,057.00",  emp1836@meridian.COM  ,left
E-1837,  Zhou Alice  ,D-3,P-33,mfg,2025-02-15,29281,EMP1837@MERIDIAN.COM,active
E-1838,OLIVE NICK,D-24,P-88,retail,07/27/2015,12671,EMP1838@MERIDIAN.COM,active
E-1839,Quinn Chen,D-20,P-58,retail,12-02-2023,17006,emp1839@meridian. co,active
E-1840,Zane Tina,D-9,P-64,retail,01/05/2015,50 166,emp1840@meridian.com,active
E-1841,TINA ALICE,D-15,P-42,retail,11/24/2021,"$43,265.00",  emp1841@meridian. co  ,active
E-1842,CAROL GUO,D-13,P-100,retail,2024-01-28,"16 436,00",EMP1842@MERIDIAN. CO,active
E-1843,  Guo Vera  ,D-30,P-113,retail,2026-07-08,27984,emp1843@meridian.COM,active
E-1844,Alice Umar,D-24,P-64,mfg,12/26/2023,"$31,975.00",emp1844@meridian. co,active
E-1845,  Zhang Yuki  ,D-24,P-47,mfg,2015-01-11,"$56,524.00",EMP1845@MERIDIAN.COM,active
E-1846,Hu Zhou,D-12,P-92,retail,2016-05-08,"$5,175.00",  emp1846@meridian.COM  ,active
E-1847,Li Li,D-26,P-78,retail,2025-07-20,6599,EMP1847@MERIDIAN.COM,active
E-1848,Tina Hu,D-29,P-5,mfg,09/23/2025,16739,  emp1848@meridian.com  ,active
E-1849,Xu Zhang,D-38,P-14,retail,04/23/2019,49514,EMP1849@MERIDIAN. CO,active
E-1850,UMAR XU,D-13,P-113,retail,2017-06-26,"$41,037.00",  emp1850@meridian. co  ,active
E-1851,david xu,D-28,P-113,mfg,2025-02-22,"$45,811.00",emp1851@meridian.com,active
E-1852,Frank Grace,D-3,P-51,mfg,01/06/2023,15224,  emp1852@meridian.com  ,active
E-1853,Guo Zhou,D-9,P-112,mfg,2026-12-21,"18 600,00",  emp1853@meridian.COM  ,active
E-1854,Xu Yuki,D-22,P-38,retail,07/13/2020,"$26,223.00",emp1854@meridian. co,active
E-1855,IVY VERA,D-38,P-36,mfg,11/04/2019,"$49,405.00",  emp1855@meridian.com  ,active
E-1856,  Vera Henry  ,D-27,P-4,mfg,2022-09-12,"56 200,00",emp1856@meridian.COM,left
E-1857,Carol Paul,D-9,P-61,retail,07/22/2023,11045,emp1857@meridian.COM,active
E-1858,Xavier Li,D-4,P-77,mfg,08-07-2021,5870,  emp1858@meridian. co  ,active
E-1859,VERA XU,D-29,P-60,mfg,2022-11-10,28187,emp1859@meridian. co,active
E-1860,  Tina Leo  ,D-39,P-49,retail,04/19/2018,"20 958,00",emp1860@meridian.com,active
E-1861,Xu Jack,D-24,P-108,retail,22-04-2015,"$15,963.00",emp1861@meridian. co,active
E-1862,YUKI KAREN,D-4,P-67,retail,2020-11-25,29156,EMP1862@MERIDIAN.COM,active
E-1863,Guo Vera,D-25,P-23,saas,01/04/2018,"$14,133.00",emp1863@meridian.COM,active
E-1864,  Karen Guo  ,D-24,P-98,saas,2016-03-01,"$7,100.00",emp1864@meridian. co,active
E-1865,zhang henry,D-22,P-56,mfg,2021-01-18,"9 737,00",EMP1865@MERIDIAN.COM,active
E-1866,  Grace Nick  ,D-28,P-6,mfg,03-10-2025,55469,EMP1866@MERIDIAN. CO,active
E-1867,Alice Rose,D-6,P-32,mfg,04/16/2017,41782,emp1867@meridian.COM,active
E-1868,Wu Wendy,D-21,P-85,retail,2020-10-19,41563,  emp1868@meridian. co  ,active
E-1869,Grace Wang,D-5,P-25,retail,2023-07-14,"$9,085.00",emp1869@meridian.COM,active
E-1870,Liu Zhao,D-24,P-54,retail,2015-01-24,15913,  emp1870@meridian. co  ,left
E-1871,Henry Zhou,D-9,P-47,saas,2016-04-10,"40 555,00",emp1871@meridian.com,active
E-1872,  Yuki Carol  ,D-23,P-58,retail,11/27/2020,"$13,394.00",emp1872@meridian.COM,active
E-1873,JACK FRANK,D-5,P-24,retail,05/27/2019,17653,emp1873@meridian.com,left
E-1874,Yuki Zhao,D-36,P-2,saas,2021-07-24,"$44,494.00",EMP1874@MERIDIAN.COM,active
E-1875,Paul Tina,D-32,P-63,saas,28-04-2019,39298,emp1875@meridian.com,left
E-1876,Zane Yuki,D-1,P-64,mfg,2025-04-23,"56 522,00",  emp1876@meridian.COM  ,active
E-1877,Carol Henry,D-21,P-57,mfg,05/25/2024,"$18,562.00",emp1877@meridian.com,active
E-1878,Guo Eve,D-8,P-80,retail,10-10-2021,"57 105,00",  emp1878@meridian.COM  ,left
E-1879,ivy david,D-4,P-14,retail,2026-08-18,45745,emp1879@meridian.com,active
E-1880,GUO MONA,D-10,P-120,saas,2019-05-26,"$51,319.00",  emp1880@meridian.com  ,active
E-1881,jack vera,D-25,P-19,retail,2024-08-26,"$56,877.00",  emp1881@meridian. co  ,active
E-1882,  Wendy Wendy  ,D-10,P-93,mfg,2016-07-24,"$48,005.00",emp1882@meridian.com,active
E-1883,ALICE ROSE,D-12,P-78,retail,08/12/2018,"$43,084.00",emp1883@meridian.COM,left
E-1884,XU KAREN,D-36,P-62,mfg,2025-03-16,"53 649,00",emp1884@meridian.com,active
E-1885,Sun Wu,D-2,P-93,saas,10/17/2016,"53 092,00",emp1885@meridian.COM,active
E-1886,Alice Ivy,D-34,P-67,retail,2021-06-03,27219,  emp1886@meridian. co  ,active
E-1887,  Quinn Mona  ,D-38,P-67,mfg,2017-05-19,"48 179,00",  emp1887@meridian. co  ,active
E-1888,  Olive Zane  ,D-1,P-12,retail,01/26/2022,20598,emp1888@meridian. co,active
E-1889,  Chen Lin  ,D-37,P-29,mfg,12/28/2016,24646,emp1889@meridian.COM,active
E-1890,  Umar Nick  ,D-23,P-49,mfg,03/07/2023,20090,emp1890@meridian. co,active
E-1891,Karen Umar,D-11,P-80,saas,2016-01-25,"$27,358.00",EMP1891@MERIDIAN.COM,active
E-1892,QUINN XU,D-33,P-88,retail,09/10/2018,"22 055,00",emp1892@meridian. co,left
E-1893,  Paul Wendy  ,D-28,P-4,mfg,2025-07-12,"$37,353.00",emp1893@meridian. co,active
E-1894,Rose Li,D-1,P-79,retail,2026-07-25,13694,  emp1894@meridian. co  ,active
E-1895,Sam Eve,D-3,P-17,mfg,2019-01-24,9965,emp1895@meridian. co,active
E-1896,Nick Lin,D-15,P-10,saas,2025-06-17,"$49,410.00",emp1896@meridian.com,active
E-1897,Wu Karen,D-37,P-68,retail,12/21/2024,"$13,168.00",  emp1897@meridian.com  ,left
E-1898,Zane Tina,D-36,P-69,retail,2023-08-18,44885,  emp1898@meridian. co  ,active
E-1899,lin zhang,D-34,P-16,mfg,2019-08-16,8891,emp1899@meridian.com,left
E-1900,Bob Quinn,D-11,P-43,retail,2019-08-08,54790,EMP1900@MERIDIAN.COM,active
E-1901,GUO JACK,D-23,P-16,mfg,04-01-2016,"$39,261.00",emp1901@meridian.COM,active
E-1902,Zhou Chen,D-26,P-5,retail,04-03-2018,57174,emp1902@meridian.COM,active
E-1903,Henry Nick,D-7,P-114,retail,2018-11-12,20439,emp1903@meridian. co,active
E-1904,  Rose Li  ,D-2,P-64,retail,09/27/2022,50 806,emp1904@meridian. co,active
E-1905,David Henry,D-33,P-116,saas,2026-03-26,50 228,emp1905@meridian. co,active
E-1906,Vera Zhao,D-9,P-66,retail,21-11-2026,19046,  emp1906@meridian.com  ,active
E-1907,LIN ZHOU,D-35,P-6,saas,06/10/2023,11567,EMP1907@MERIDIAN.COM,active
E-1908,CHEN WANG,D-14,P-120,mfg,14-12-2019,"30 417,00",emp1908@meridian.COM,active
E-1909,  Zhao Henry  ,D-26,P-18,mfg,10/28/2016,8 162,  emp1909@meridian.COM  ,active
E-1910,Sun Yuki,D-9,P-42,retail,11/08/2025,"$56,469.00",  emp1910@meridian.com  ,active
E-1911,ZHANG ZHAO,D-1,P-100,saas,2015-04-03,9047,emp1911@meridian.com,active
E-1912,  Chen Mona  ,D-32,P-83,retail,20-10-2015,"$27,206.00",EMP1912@MERIDIAN.COM,left
E-1913,ZHOU IVY,D-22,P-116,retail,12/20/2023,45 788,emp1913@meridian.COM,active
E-1914,  Alice Lin  ,D-32,P-99,retail,2021-09-01,"$48,398.00",emp1914@meridian. co,active
E-1915,  Zhang Ivy  ,D-9,P-17,retail,2021-09-13,6 707,  emp1915@meridian.com  ,active
E-1916,  Grace Bob  ,D-40,P-110,retail,07/06/2016,21538,emp1916@meridian.COM,active
E-1917,Wu David,D-23,P-93,mfg,09/19/2023,"$15,620.00",emp1917@meridian.com,active
E-1918,Li Zane,D-26,P-52,retail,08/06/2023,"10 002,00",emp1918@meridian.com,active
E-1919,Jack Lin,D-38,P-88,retail,2016-06-01,5192,EMP1919@MERIDIAN.COM,active
E-1920,PAUL ZHAO,D-1,P-10,retail,2020-11-07,"8 298,00",  emp1920@meridian. co  ,active
E-1921,David Zhang,D-30,P-81,retail,12/24/2025,"$40,755.00",emp1921@meridian.COM,active
E-1922,  Wu Quinn  ,D-2,P-44,retail,10/16/2021,"8 650,00",  emp1922@meridian.com  ,left
E-1923,  Umar Xu  ,D-40,P-68,saas,2023-04-20,"$17,186.00",  emp1923@meridian.COM  ,active
E-1924,LI ZANE,D-21,P-24,mfg,19-10-2025,7544,  emp1924@meridian. co  ,active
E-1925,Wendy Liu,D-25,P-32,retail,21-10-2020,"44 793,00",emp1925@meridian. co,active
E-1926,OLIVE NICK,D-15,P-14,mfg,2018-08-19,"25 425,00",EMP1926@MERIDIAN. CO,active
E-1927,Carol Liu,D-35,P-42,saas,2021-05-02,"$51,370.00",emp1927@meridian.com,active
E-1928,Frank Nick,D-36,P-70,retail,2018-07-04,"$24,991.00",emp1928@meridian.com,active
E-1929,WANG LIN,D-40,P-49,mfg,2015-12-21,57002,emp1929@meridian.COM,active
E-1930,NICK ZANE,D-6,P-58,saas,09/02/2018,48835,  emp1930@meridian.com  ,active
E-1931,Chen Vera,D-13,P-112,mfg,2017-02-15,"$57,012.00",emp1931@meridian.com,active
E-1932,Xu Eve,D-37,P-109,retail,2017-06-18,35989,emp1932@meridian.com,active
E-1933,LIU ZHANG,D-16,P-87,mfg,05-12-2025,15006,  emp1933@meridian. co  ,active
E-1934,Wu Carol,D-22,P-67,retail,2019-08-06,26989,emp1934@meridian. co,active
E-1935,Wu Li,D-9,P-118,retail,12/03/2015,"$11,992.00",emp1935@meridian.com,active
E-1936,Chen Zhou,D-28,P-39,mfg,18-05-2022,7625,emp1936@meridian.com,active
E-1937,WANG SAM,D-6,P-77,mfg,2016-11-25,"40 168,00",emp1937@meridian. co,active
E-1938,Frank Karen,D-7,P-19,mfg,2018-02-17,15 416,emp1938@meridian.COM,active
E-1939,tina guo,D-34,P-38,mfg,12/27/2018,"16 676,00",EMP1939@MERIDIAN.COM,active
E-1940,Mona Paul,D-4,P-107,retail,25-04-2018,11828,emp1940@meridian. co,left
E-1941,  Leo Li  ,D-21,P-56,mfg,2015-08-28,55970,  emp1941@meridian.COM  ,left
E-1942,Zhou Mona,D-4,P-41,retail,06/15/2024,22 645,emp1942@meridian. co,active
E-1943,Ivy Umar,D-15,P-75,saas,10/28/2018,32490,EMP1943@MERIDIAN.COM,active
E-1944,MONA VERA,D-5,P-85,saas,16-09-2022,14774,emp1944@meridian.com,active
E-1945,Xu Zhang,D-37,P-94,mfg,08/03/2024,11009,  emp1945@meridian. co  ,left
E-1946,WU CAROL,D-27,P-37,mfg,03/11/2016,42450,emp1946@meridian. co,active
E-1947,Paul Guo,D-14,P-7,retail,2021-09-20,"$46,864.00",  emp1947@meridian. co  ,active
E-1948,Leo Jack,D-5,P-26,mfg,08/16/2023,47158,  emp1948@meridian. co  ,active
E-1949,  Yuki Wu  ,D-2,P-60,retail,2024-05-14,7790,emp1949@meridian. co,active
E-1950,Xu Ivy,D-5,P-23,saas,2024-02-26,"$24,204.00",emp1950@meridian.com,active
E-1951,Zhang Sam,D-13,P-84,retail,16-03-2019,6272,EMP1951@MERIDIAN.COM,active
E-1952,  Bob Henry  ,D-9,P-113,saas,2024-08-08,"$6,815.00",emp1952@meridian. co,active
E-1953,Mona Quinn,D-9,P-119,retail,2026-09-19,56183,  emp1953@meridian.com  ,active
E-1954,Chen Leo,D-38,P-95,retail,2020-12-21,49353,EMP1954@MERIDIAN.COM,active
E-1955,henry olive,D-4,P-11,retail,17-09-2025,45 821,emp1955@meridian.COM,active
E-1956,Tina Yuki,D-15,P-99,retail,03/25/2023,42362,emp1956@meridian.com,active
E-1957,Wendy Wendy,D-28,P-106,mfg,02/19/2020,6214,emp1957@meridian. co,active
E-1958,Sam Chen,D-34,P-53,retail,07-01-2022,"13 638,00",emp1958@meridian.COM,active
E-1959,Umar Nick,D-5,P-9,retail,2026-12-23,"$10,760.00",  emp1959@meridian.com  ,active
E-1960,Hu David,D-8,P-36,mfg,2018-03-02,22169,  emp1960@meridian.com  ,active
E-1961,frank liu,D-39,P-87,retail,12/13/2021,39016,emp1961@meridian. co,active
E-1962,David Liu,D-9,P-12,saas,07/14/2022,"53 686,00",emp1962@meridian. co,active
E-1963,MONA FRANK,D-29,P-105,retail,2023-05-26,45872,emp1963@meridian.com,active
E-1964,carol rose,D-36,P-93,retail,11-02-2018,35454,emp1964@meridian.com,left
E-1965,Eve Li,D-16,P-53,retail,24-07-2019,"$45,156.00",emp1965@meridian. co,active
E-1966,Lin Alice,D-25,P-55,mfg,2018-10-21,"$21,521.00",emp1966@meridian. co,left
E-1967,Chen Eve,D-8,P-55,retail,2015-02-15,5921,emp1967@meridian. co,active
E-1968,nick yuki,D-13,P-68,mfg,02/06/2020,9 390,EMP1968@MERIDIAN.COM,active
E-1969,WU LIN,D-24,P-58,retail,2026-05-16,25544,EMP1969@MERIDIAN. CO,active
E-1970,Sun Jack,D-3,P-96,mfg,10/08/2025,"$47,540.00",EMP1970@MERIDIAN. CO,active
E-1971,  Sam Xu  ,D-7,P-13,retail,10/20/2023,"5 842,00",emp1971@meridian.COM,left
E-1972,Zhou Mona,D-4,P-73,mfg,01/13/2016,"48 609,00",emp1972@meridian. co,active
E-1973,  Tina Ivy  ,D-22,P-22,mfg,08/04/2017,19823,  emp1973@meridian. co  ,active
E-1974,Paul Liu,D-39,P-28,saas,09-07-2018,"53 102,00",emp1974@meridian.com,active
E-1975,QUINN NICK,D-2,P-73,retail,2025-08-01,27004,EMP1975@MERIDIAN.COM,active
E-1976,Karen Alice,D-10,P-69,mfg,2018-08-03,50786,EMP1976@MERIDIAN. CO,left
E-1977,  Olive Chen  ,D-37,P-35,retail,2016-06-21,33769,emp1977@meridian.com,active
E-1978,Eve Mona,D-29,P-78,retail,17-09-2016,"14 962,00",emp1978@meridian. co,left
E-1979,Zhao Ivy,D-38,P-68,mfg,2016-08-10,"52 529,00",EMP1979@MERIDIAN. CO,active
E-1980,  Quinn Umar  ,D-5,P-87,retail,2026-07-04,"$21,160.00",EMP1980@MERIDIAN. CO,active
E-1981,Wang Ivy,D-27,P-76,mfg,10/24/2022,22927,emp1981@meridian.COM,left
E-1982,  Zhang Rose  ,D-40,P-74,mfg,10/16/2015,"$32,779.00",emp1982@meridian.COM,active
E-1983,David Tina,D-3,P-100,mfg,2021-02-06,"$21,741.00",emp1983@meridian.COM,left
E-1984,LIN ZANE,D-26,P-105,mfg,2021-04-04,"$50,047.00",emp1984@meridian. co,active
E-1985,WU WANG,D-31,P-12,mfg,2015-05-16,15038,  emp1985@meridian.com  ,left
E-1986,wu wu,D-40,P-24,mfg,2020-12-03,"28 506,00",emp1986@meridian.COM,left
E-1987,Wu Jack,D-36,P-52,retail,2020-10-20,14651,emp1987@meridian.COM,active
E-1988,Wendy Grace,D-20,P-120,saas,2019-05-10,20039,  emp1988@meridian. co  ,active
E-1989,XAVIER ZHOU,D-12,P-92,mfg,2016-07-22,"$23,947.00",  emp1989@meridian.COM  ,active
E-1990,KAREN PAUL,D-37,P-9,saas,03/03/2017,"$59,426.00",emp1990@meridian. co,active
E-1991,Carol Sun,D-17,P-70,saas,2017-10-22,"$30,206.00",emp1991@meridian.com,active
E-1992,ivy olive,D-36,P-41,mfg,11/03/2017,30865,  emp1992@meridian. co  ,active
E-1993,Tina Xavier,D-10,P-92,retail,2022-11-09,45621,emp1993@meridian. co,left
E-1994,Lin Ivy,D-20,P-7,mfg,2020-07-05,"$26,105.00",emp1994@meridian. co,active
E-1995,Carol Jack,D-32,P-4,retail,2021-09-14,23228,emp1995@meridian. co,active
E-1996,Bob Liu,D-7,P-78,mfg,2026-09-03,22 399,EMP1996@MERIDIAN.COM,active
E-1997,JACK ZANE,D-12,P-101,retail,2023-09-01,16846,  emp1997@meridian.COM  ,left
E-1998,xu zhang,D-3,P-80,saas,10/01/2026,"$34,214.00",  emp1998@meridian.COM  ,active
E-1999,  Paul Sam  ,D-36,P-46,retail,2026-11-20,"$43,461.00",emp1999@meridian. co,active
E-2000,Wu Zane,D-36,P-61,retail,2022-09-22,"$36,939.00",emp2000@meridian. co,active
E-2001,TINA LI,D-18,P-68,mfg,2022-06-15,33580,emp2001@meridian.com,left
E-2002,Sam Alice,D-36,P-49,mfg,2026-02-18,41097,EMP2002@MERIDIAN. CO,active
E-2003,Wendy Grace,D-30,P-44,retail,07/09/2015,5424,emp2003@meridian.com,active
E-2004,quinn paul,D-29,P-4,saas,09-11-2023,"$7,349.00",emp2004@meridian.COM,active
E-2005,Wendy Zhou,D-16,P-70,mfg,2019-09-18,27 040,emp2005@meridian. co,active
E-2006,GUO LEO,D-20,P-111,saas,06-09-2021,28351,emp2006@meridian.COM,active
E-2007,Chen Sun,D-4,P-33,retail,2016-03-19,"$12,170.00",emp2007@meridian.COM,active
E-2008,SUN WU,D-6,P-42,retail,2018-05-26,"44 041,00",  emp2008@meridian.COM  ,active
E-2009,CHEN SAM,D-15,P-45,saas,2021-10-07,"$28,992.00",emp2009@meridian.COM,active
E-2010,DAVID VERA,D-29,P-52,retail,2022-04-16,"$55,368.00",EMP2010@MERIDIAN.COM,active
E-2011,  Umar Umar  ,D-11,P-49,mfg,22-01-2025,43195,emp2011@meridian.com,active
E-2012,  Rose Sun  ,D-26,P-91,retail,04/21/2017,22601,  emp2012@meridian. co  ,active
E-2013,Umar Jack,D-18,P-107,mfg,2024-04-05,44522,emp2013@meridian.COM,active
E-2014,Quinn Tina,D-37,P-12,retail,27-04-2019,"$37,321.00",emp2014@meridian. co,active
E-2015,Sam Chen,D-24,P-1,retail,02-02-2016,13075,  emp2015@meridian. co  ,active
E-2016,Mona Ivy,D-39,P-24,retail,23-02-2015,55135,emp2016@meridian.com,active
E-2017,Vera Mona,D-14,P-2,retail,03-04-2020,40450,emp2017@meridian.com,active
E-2018,vera tina,D-10,P-115,mfg,2017-01-01,10611,emp2018@meridian.com,left
E-2019,LI XU,D-23,P-113,mfg,18-04-2015,"$39,281.00",EMP2019@MERIDIAN.COM,left
E-2020,Paul Lin,D-2,P-12,mfg,2022-12-10,33246,emp2020@meridian. co,active
E-2021,Tina Ivy,D-22,P-25,mfg,04/12/2023,"17 183,00",emp2021@meridian.COM,left
E-2022,Xavier Henry,D-11,P-32,retail,2021-05-11,16108,EMP2022@MERIDIAN.COM,left
E-2023,  Leo Bob  ,D-29,P-117,mfg,12-06-2021,38 361,  emp2023@meridian.com  ,left
E-2024,  Zhou David  ,D-38,P-84,mfg,16-07-2022,40 736,  emp2024@meridian.com  ,active
E-2025,  Paul Olive  ,D-6,P-48,mfg,2017-09-24,49894,emp2025@meridian. co,left
E-2026,  Carol Li  ,D-1,P-2,mfg,2023-07-05,"$28,169.00",emp2026@meridian.COM,active
E-2027,  Karen Yuki  ,D-38,P-101,retail,09-06-2025,11388,EMP2027@MERIDIAN. CO,active
E-2028,  Mona Tina  ,D-18,P-12,retail,07/05/2018,21732,emp2028@meridian. co,active
E-2029,  Sun Hu  ,D-24,P-33,retail,01-10-2017,59686,emp2029@meridian.com,active
E-2030,  Guo Jack  ,D-18,P-51,retail,2016-05-02,46157,EMP2030@MERIDIAN.COM,active
E-2031,Yuki Carol,D-15,P-25,retail,2017-11-05,37077,  emp2031@meridian.COM  ,active
E-2032,Xavier Leo,D-6,P-11,mfg,2021-04-16,51899,EMP2032@MERIDIAN.COM,active
E-2033,xavier vera,D-36,P-1,retail,24-11-2018,"$22,508.00",EMP2033@MERIDIAN. CO,active
E-2034,henry sun,D-22,P-74,retail,2020-06-22,55200,EMP2034@MERIDIAN. CO,active
E-2035,eve wu,D-31,P-24,mfg,2023-06-17,49 643,emp2035@meridian.COM,active
E-2036,SAM BOB,D-27,P-15,saas,11/16/2025,"$33,735.00",emp2036@meridian. co,active
E-2037,ALICE PAUL,D-26,P-42,mfg,19-07-2023,20167,emp2037@meridian. co,active
E-2038,Xu Xu,D-10,P-102,retail,06/18/2025,28402,EMP2038@MERIDIAN. CO,active
E-2039,Tina Xavier,D-17,P-32,mfg,2015-07-03,"$44,368.00",emp2039@meridian.com,left
E-2040,Eve Nick,D-37,P-10,retail,07/07/2021,24 914,emp2040@meridian. co,active
E-2041,  Guo Eve  ,D-26,P-41,retail,11/13/2018,29862,EMP2041@MERIDIAN.COM,active
E-2042,Vera Liu,D-17,P-105,mfg,2017-03-15,21433,emp2042@meridian.com,active
E-2043,LIN PAUL,D-10,P-31,mfg,10/19/2018,17235,  emp2043@meridian.COM  ,active
E-2044,quinn karen,D-31,P-111,mfg,2018-03-20,51282,EMP2044@MERIDIAN.COM,active
E-2045,Guo Quinn,D-19,P-43,mfg,2019-12-09,11992,EMP2045@MERIDIAN.COM,active
E-2046,zane xu,D-33,P-73,saas,2021-06-01,"$25,500.00",emp2046@meridian. co,active
E-2047,NICK GRACE,D-7,P-29,retail,2022-12-11,30482,EMP2047@MERIDIAN.COM,left
E-2048,Olive Wendy,D-3,P-66,retail,01-11-2021,46 823,EMP2048@MERIDIAN.COM,active
E-2049,HU YUKI,D-18,P-116,retail,07/24/2018,"$22,976.00",emp2049@meridian.com,active
E-2050,nick quinn,D-22,P-43,saas,2023-05-04,"19 672,00",emp2050@meridian.com,active
E-2051,Tina Eve,D-10,P-44,mfg,2025-09-14,53627,emp2051@meridian.COM,active
E-2052,David Karen,D-24,P-94,retail,20-06-2020,57 321,  emp2052@meridian.COM  ,active
E-2053,Li Rose,D-24,P-17,retail,09/27/2016,"25 282,00",emp2053@meridian.com,active
E-2054,  Wu Zane  ,D-22,P-111,mfg,2019-05-23,"50 941,00",emp2054@meridian.COM,left
E-2055,Jack Bob,D-22,P-89,mfg,2020-05-21,7162,emp2055@meridian.com,active
E-2056,NICK OLIVE,D-36,P-30,mfg,2023-12-20,15888,emp2056@meridian.COM,active
E-2057,CHEN UMAR,D-17,P-73,retail,2026-11-08,"$52,764.00",emp2057@meridian. co,left
E-2058,Chen Eve,D-25,P-66,mfg,04/14/2025,"$20,303.00",emp2058@meridian. co,active
E-2059,Wu Chen,D-13,P-80,mfg,22-04-2022,30405,EMP2059@MERIDIAN. CO,left
E-2060,YUKI PAUL,D-19,P-56,saas,2021-08-20,"$10,269.00",emp2060@meridian.com,active
E-2061,vera zane,D-38,P-91,retail,06/27/2019,51 821,emp2061@meridian.com,active
E-2062,Zane Nick,D-25,P-97,retail,2017-04-15,"$33,662.00",emp2062@meridian.com,active
E-2063,Olive Wu,D-38,P-75,mfg,2025-07-14,21190,emp2063@meridian.com,active
E-2064,Jack Zhao,D-31,P-108,mfg,05/25/2026,16 370,emp2064@meridian.com,active
E-2065,Lin Alice,D-14,P-45,saas,2021-08-02,56 268,emp2065@meridian.COM,active
E-2066,Jack Frank,D-21,P-4,retail,2019-11-03,"$44,788.00",emp2066@meridian.com,left
E-2067,WU WU,D-6,P-15,retail,2023-04-03,"$28,517.00",  emp2067@meridian.com  ,active
E-2068,  Lin Chen  ,D-15,P-34,retail,01/21/2015,"$10,922.00",  emp2068@meridian.com  ,left
E-2069,  Olive Yuki  ,D-28,P-61,saas,12/13/2025,"$11,579.00",  emp2069@meridian.com  ,active
E-2070,Zhao Xavier,D-39,P-76,retail,2016-05-27,"$45,755.00",emp2070@meridian.com,active
E-2071,Rose Olive,D-35,P-120,retail,12/07/2024,38420,  emp2071@meridian.com  ,active
E-2072,Wang Grace,D-22,P-98,saas,2020-04-11,"$49,834.00",emp2072@meridian. co,active
E-2073,Eve Wu,D-34,P-97,retail,2021-09-16,33714,  emp2073@meridian.COM  ,left
E-2074,Jack Guo,D-34,P-32,retail,2019-09-15,41 364,emp2074@meridian. co,active
E-2075,JACK QUINN,D-12,P-61,retail,01/22/2022,"$37,298.00",emp2075@meridian.com,active
E-2076,Zhang Paul,D-12,P-6,saas,2018-11-09,"$40,404.00",emp2076@meridian. co,active
E-2077,Tina Xavier,D-19,P-35,mfg,2020-03-12,10464,emp2077@meridian.com,left
E-2078,Yuki Leo,D-22,P-3,retail,02/10/2019,9441,EMP2078@MERIDIAN.COM,active
E-2079,GUO KAREN,D-6,P-36,retail,21-11-2015,"49 687,00",EMP2079@MERIDIAN.COM,active
E-2080,NICK ZHAO,D-4,P-51,retail,21-05-2021,57488,  emp2080@meridian.COM  ,active
E-2081,Wu Wang,D-7,P-43,retail,01/03/2024,"$34,033.00",  emp2081@meridian.COM  ,left
E-2082,ZHOU WANG,D-17,P-64,retail,2020-03-18,18 761,emp2082@meridian. co,active
E-2083,WANG XAVIER,D-24,P-10,retail,10/05/2024,"$59,092.00",EMP2083@MERIDIAN.COM,active
E-2084,Bob Zane,D-7,P-106,retail,2020-06-07,52924,emp2084@meridian.com,active
E-2085,HU XAVIER,D-4,P-56,retail,2016-07-05,"$59,997.00",EMP2085@MERIDIAN.COM,active
E-2086,  Sam Nick  ,D-9,P-120,mfg,2024-11-01,47952,emp2086@meridian. co,active
E-2087,David Umar,D-28,P-56,saas,2026-09-22,37223,EMP2087@MERIDIAN. CO,active
E-2088,LIN LIN,D-17,P-9,retail,2026-03-08,"$44,305.00",emp2088@meridian.COM,active
E-2089,david ivy,D-7,P-87,retail,2020-05-25,6522,EMP2089@MERIDIAN.COM,active
E-2090,xavier zhang,D-21,P-114,retail,2018-09-03,19466,emp2090@meridian.com,active
E-2091,CAROL ZHANG,D-33,P-107,mfg,11/13/2020,59 985,emp2091@meridian.com,left
E-2092,  Xu Xavier  ,D-5,P-78,mfg,2020-01-09,"$21,956.00",emp2092@meridian. co,active
E-2093,Frank Wu,D-15,P-8,mfg,2026-07-15,"$54,107.00",emp2093@meridian.com,active
E-2094,  Xu Sam  ,D-17,P-90,retail,11-05-2018,30638,EMP2094@MERIDIAN.COM,active
E-2095,Jack Wu,D-16,P-28,retail,08/05/2023,"$54,549.00",  emp2095@meridian.COM  ,active
E-2096,LIN HENRY,D-36,P-8,retail,2024-09-18,31 767,EMP2096@MERIDIAN.COM,left
E-2097,Tina Tina,D-17,P-26,retail,2021-12-03,30990,EMP2097@MERIDIAN.COM,active
E-2098,Wu Eve,D-5,P-34,retail,2023-02-09,"$10,641.00",emp2098@meridian. co,active
E-2099,NICK UMAR,D-17,P-78,retail,2015-11-04,"6 486,00",emp2099@meridian. co,active
E-2100,LIN EVE,D-11,P-120,retail,10/04/2016,"$5,248.00",emp2100@meridian.com,active
E-2101,Guo Wu,D-2,P-37,retail,09/13/2022,"$29,827.00",emp2101@meridian.COM,active
E-2102,XU YUKI,D-40,P-12,retail,03/16/2025,39642,emp2102@meridian. co,active
E-2103,Wendy Wendy,D-33,P-108,retail,2020-09-08,13511,EMP2103@MERIDIAN.COM,active
E-2104,Wang Zhao,D-34,P-44,mfg,13-05-2024,40033,EMP2104@MERIDIAN.COM,active
E-2105,Lin Sun,D-36,P-31,retail,2021-04-23,41124,emp2105@meridian.COM,left
E-2106,Lin Frank,D-33,P-98,retail,02/09/2022,22182,emp2106@meridian.COM,active
E-2107,Mona Vera,D-18,P-82,retail,08/01/2023,"$48,922.00",emp2107@meridian.com,left
E-2108,umar zhou,D-10,P-22,mfg,13-08-2021,43344,EMP2108@MERIDIAN.COM,active
E-2109,Umar Wu,D-31,P-14,retail,01-09-2022,43294,emp2109@meridian.com,active
E-2110,Xu Karen,D-16,P-82,retail,2023-03-27,28881,emp2110@meridian.com,active
E-2111,  Xu Umar  ,D-19,P-4,saas,03/01/2022,59 900,  emp2111@meridian.com  ,active
E-2112,Hu Liu,D-7,P-3,retail,2022-07-18,29 103,emp2112@meridian.com,active
E-2113,Xu Wang,D-36,P-95,retail,07-05-2018,59188,emp2113@meridian.COM,active
E-2114,TINA SUN,D-23,P-26,saas,2019-02-24,"$7,519.00",emp2114@meridian. co,active
E-2115,Paul Frank,D-10,P-36,mfg,05/09/2018,30254,emp2115@meridian.com,active
E-2116,  Tina Xavier  ,D-27,P-116,mfg,2026-04-02,"$18,043.00",  emp2116@meridian.com  ,active
E-2117,  Eve Chen  ,D-18,P-24,saas,2016-08-10,"$14,304.00",  emp2117@meridian.com  ,active
E-2118,Yuki Mona,D-34,P-112,retail,07/12/2023,"42 800,00",emp2118@meridian. co,active
E-2119,GUO XU,D-36,P-47,retail,16-11-2021,"$49,075.00",emp2119@meridian. co,active
E-2120,HENRY SUN,D-35,P-109,saas,04/02/2022,19245,emp2120@meridian.com,active
E-2121,  Leo Zhou  ,D-32,P-23,retail,2025-02-24,24582,emp2121@meridian.COM,active
E-2122,Wang Hu,D-27,P-21,mfg,2019-02-02,"$30,335.00",EMP2122@MERIDIAN.COM,active
E-2123,leo xu,D-1,P-44,retail,23-06-2015,"$30,504.00",  emp2123@meridian.com  ,active
E-2124,HU XU,D-4,P-62,mfg,2024-12-27,"$28,482.00",emp2124@meridian.COM,left
E-2125,ivy wendy,D-9,P-72,saas,2021-06-17,33571,EMP2125@MERIDIAN. CO,active
E-2126,  Tina Sam  ,D-31,P-34,retail,05/11/2019,"$17,050.00",emp2126@meridian.com,active
E-2127,  Sun Guo  ,D-35,P-95,saas,2026-01-07,19840,  emp2127@meridian.COM  ,active
E-2128,Nick Zhou,D-33,P-69,retail,11/06/2019,"$6,048.00",EMP2128@MERIDIAN.COM,left
E-2129,Sam Grace,D-19,P-43,mfg,23-07-2017,9822,emp2129@meridian.COM,active
E-2130,Tina Rose,D-9,P-86,retail,03/15/2017,"$38,254.00",emp2130@meridian. co,active
E-2131,Ivy Paul,D-16,P-117,retail,2017-09-05,11323,emp2131@meridian. co,active
E-2132,HU ROSE,D-33,P-96,retail,16-08-2015,36532,emp2132@meridian.COM,active
E-2133,bob vera,D-36,P-62,saas,19-07-2023,37431,EMP2133@MERIDIAN. CO,active
E-2134,DAVID XAVIER,D-2,P-100,mfg,2026-11-06,28554,  emp2134@meridian.com  ,active
E-2135,Alice Leo,D-6,P-14,retail,01/02/2025,6982,emp2135@meridian. co,left
E-2136,LEO VERA,D-12,P-41,mfg,2015-04-19,57660,emp2136@meridian.COM,active
E-2137,Wu Wendy,D-31,P-59,saas,2021-06-02,18 698,emp2137@meridian.com,active
E-2138,Leo Guo,D-22,P-113,mfg,17-01-2026,21391,emp2138@meridian. co,left
E-2139,  Grace Lin  ,D-40,P-65,retail,2026-07-16,"$23,393.00",emp2139@meridian.com,active
E-2140,Wu Sun,D-26,P-89,mfg,03/26/2023,"$54,898.00",  emp2140@meridian.com  ,active
E-2141,  Zhou Guo  ,D-7,P-102,retail,2015-12-26,"$34,542.00",  emp2141@meridian.COM  ,left
E-2142,  Paul Wu  ,D-23,P-118,retail,2016-01-01,18972,emp2142@meridian.com,active
E-2143,Liu Mona,D-19,P-39,retail,10/09/2015,6 976,emp2143@meridian.COM,active
E-2144,Xavier David,D-2,P-101,retail,25-02-2023,"$37,910.00",EMP2144@MERIDIAN. CO,active
E-2145,Wu Yuki,D-26,P-39,retail,2020-05-24,"$43,626.00",emp2145@meridian. co,active
E-2146,Xu Zhang,D-24,P-62,mfg,2018-02-19,"8 128,00",emp2146@meridian.com,active
E-2147,Zane Xu,D-19,P-20,saas,16-06-2016,11 153,  emp2147@meridian.com  ,active
E-2148,XU GUO,D-30,P-59,retail,2021-09-02,8736,emp2148@meridian. co,active
E-2149,  Jack Mona  ,D-31,P-11,mfg,2018-10-13,39 639,emp2149@meridian.com,active
E-2150,  Zhang Rose  ,D-18,P-22,retail,08-11-2023,45 090,emp2150@meridian.com,active
E-2151,PAUL LIU,D-3,P-13,retail,07/01/2018,"$58,572.00",emp2151@meridian.COM,active
E-2152,Zane Jack,D-29,P-90,mfg,05-09-2025,"36 598,00",emp2152@meridian.com,active
E-2153,DAVID YUKI,D-13,P-44,retail,2015-11-19,"$28,013.00",emp2153@meridian. co,active
E-2154,WU BOB,D-19,P-64,retail,2023-12-15,"$20,229.00",emp2154@meridian.COM,active
E-2155,Chen Umar,D-32,P-92,retail,28-03-2019,56 067,emp2155@meridian. co,active
E-2156,Bob Carol,D-8,P-95,retail,2018-07-12,22842,emp2156@meridian.COM,active
E-2157,Nick Leo,D-9,P-81,retail,04/24/2024,54431,  emp2157@meridian. co  ,active
E-2158,Wu David,D-11,P-47,retail,2020-10-21,54285,EMP2158@MERIDIAN. CO,active
E-2159,  Bob Lin  ,D-37,P-80,retail,05/03/2016,21609,emp2159@meridian.com,active
E-2160,  Paul David  ,D-11,P-64,retail,08/26/2023,10417,emp2160@meridian.com,active
E-2161,Guo Ivy,D-15,P-30,retail,13-01-2025,47255,emp2161@meridian.com,active
E-2162,zhang liu,D-38,P-20,mfg,2019-01-25,9919,emp2162@meridian.com,active
E-2163,  Liu Zhang  ,D-3,P-85,mfg,11/03/2025,13710,emp2163@meridian. co,active
E-2164,Rose Yuki,D-5,P-60,retail,03/10/2026,44105,emp2164@meridian. co,left
E-2165,Karen Mona,D-30,P-101,retail,04/24/2024,"$22,546.00",EMP2165@MERIDIAN.COM,active
E-2166,David Olive,D-39,P-98,saas,2016-01-17,49592,  emp2166@meridian.com  ,active
E-2167,Wu Grace,D-1,P-11,mfg,04/18/2023,26144,  emp2167@meridian.COM  ,active
E-2168,Karen Hu,D-10,P-23,saas,2022-09-16,49398,emp2168@meridian. co,active
E-2169,grace sun,D-33,P-57,retail,10/03/2019,14852,emp2169@meridian.com,active
E-2170,Mona Chen,D-12,P-50,mfg,05-07-2026,"43 236,00",emp2170@meridian. co,active
E-2171,BOB VERA,D-6,P-11,saas,2026-05-26,51694,emp2171@meridian. co,active
E-2172,Mona Hu,D-39,P-111,saas,2019-05-19,55039,emp2172@meridian. co,active
E-2173,Yuki Yuki,D-40,P-56,mfg,2024-06-01,"$44,280.00",emp2173@meridian. co,active
E-2174,Quinn Hu,D-15,P-102,retail,2025-03-24,"$8,747.00",EMP2174@MERIDIAN. CO,active
E-2175,ALICE SAM,D-7,P-46,retail,05/02/2019,"11 246,00",EMP2175@MERIDIAN.COM,active
E-2176,ivy xavier,D-8,P-68,retail,11/05/2019,13000,emp2176@meridian.COM,active
E-2177,xu nick,D-30,P-21,saas,02-10-2026,"14 521,00",emp2177@meridian. co,active
E-2178,zane chen,D-36,P-41,saas,09/15/2025,32662,  emp2178@meridian.COM  ,active
E-2179,ALICE SAM,D-3,P-73,mfg,08/03/2018,"$11,033.00",emp2179@meridian. co,active
E-2180,Umar Grace,D-9,P-110,retail,2023-03-14,58496,emp2180@meridian. co,active
E-2181,Guo Zhou,D-22,P-65,retail,11/05/2021,7 657,emp2181@meridian.com,active
E-2182,Wendy Wu,D-28,P-115,mfg,2024-12-01,12860,emp2182@meridian.com,active
E-2183,Sam Sam,D-24,P-7,retail,06/10/2018,"$14,223.00",emp2183@meridian.com,left
E-2184,HU ZANE,D-40,P-114,retail,2022-11-03,"$19,400.00",EMP2184@MERIDIAN.COM,active
E-2185,Li Umar,D-22,P-92,saas,21-11-2021,"$52,873.00",emp2185@meridian. co,active
E-2186,  Karen Quinn  ,D-4,P-16,retail,16-07-2023,"$50,548.00",emp2186@meridian.COM,active
E-2187,Bob Zhou,D-3,P-120,retail,2025-05-03,33137,emp2187@meridian.COM,active
E-2188,  Guo Xavier  ,D-39,P-95,mfg,2024-02-18,31376,emp2188@meridian.com,left
E-2189,Xavier Xavier,D-39,P-29,retail,2019-07-25,31566,emp2189@meridian. co,active
E-2190,  David Vera  ,D-19,P-71,retail,2019-08-28,"$40,099.00",emp2190@meridian.com,left
E-2191,Nick Henry,D-15,P-31,saas,07/26/2022,21148,emp2191@meridian.com,active
E-2192,mona rose,D-22,P-92,mfg,2025-12-04,40 569,EMP2192@MERIDIAN. CO,active
E-2193,Henry Li,D-20,P-110,saas,13-01-2016,"36 597,00",emp2193@meridian.COM,active
E-2194,yuki carol,D-36,P-108,saas,19-02-2025,14423,emp2194@meridian.COM,left
E-2195,Lin Grace,D-35,P-78,retail,2025-11-15,"$47,407.00",emp2195@meridian. co,active
E-2196,  Mona Leo  ,D-1,P-80,mfg,2021-06-19,12415,EMP2196@MERIDIAN.COM,active
E-2197,SAM TINA,D-23,P-63,retail,06/25/2019,53129,emp2197@meridian.com,active
E-2198,  Chen Wu  ,D-28,P-11,mfg,2015-12-12,"$22,138.00",EMP2198@MERIDIAN.COM,active
E-2199,Li Wu,D-10,P-106,retail,2022-09-28,50 195,EMP2199@MERIDIAN. CO,active
E-2200,Paul Xu,D-27,P-78,saas,09/06/2024,"$9,311.00",emp2200@meridian.com,active
E-2201,HU WANG,D-15,P-49,mfg,2021-12-22,20073,emp2201@meridian.com,active
E-2202,Wang Quinn,D-25,P-54,retail,2016-02-26,19078,emp2202@meridian.COM,active
E-2203,NICK ZHOU,D-22,P-86,retail,2018-12-26,28862,emp2203@meridian.com,active
E-2204,Carol Quinn,D-18,P-21,saas,11/03/2020,"59 166,00",EMP2204@MERIDIAN. CO,active
E-2205,Yuki David,D-23,P-20,mfg,13-05-2026,54 193,EMP2205@MERIDIAN. CO,active
E-2206,LIU LIU,D-29,P-73,retail,10/10/2015,17611,  emp2206@meridian.com  ,active
E-2207,Eve Quinn,D-21,P-16,retail,18-08-2024,13170,  emp2207@meridian.com  ,active
E-2208,nick alice,D-17,P-52,mfg,2021-10-12,"27 060,00",  emp2208@meridian.COM  ,active
E-2209,LIN ZANE,D-40,P-116,mfg,2022-09-08,"$26,047.00",emp2209@meridian.com,left
E-2210,XU WU,D-12,P-15,retail,18-08-2023,53895,EMP2210@MERIDIAN. CO,active
E-2211,  Quinn Zhou  ,D-8,P-112,mfg,06/03/2020,38481,EMP2211@MERIDIAN.COM,active
E-2212,David Jack,D-38,P-1,retail,2026-12-22,53470,EMP2212@MERIDIAN.COM,active
E-2213,Zhang Alice,D-13,P-51,saas,2015-01-15,45749,EMP2213@MERIDIAN.COM,active
E-2214,  Liu Yuki  ,D-35,P-83,mfg,2022-07-19,23617,emp2214@meridian.com,active
E-2215,ALICE LEO,D-30,P-20,mfg,11/07/2016,58356,EMP2215@MERIDIAN. CO,active
E-2216,tina zhou,D-3,P-99,retail,22-06-2016,58887,emp2216@meridian.COM,active
E-2217,Xavier Liu,D-5,P-104,retail,10-01-2018,54111,emp2217@meridian.COM,active
E-2218,LI GUO,D-39,P-33,mfg,2024-12-12,23581,  emp2218@meridian.com  ,left
E-2219,Frank Chen,D-30,P-28,retail,2021-06-09,40076,emp2219@meridian.com,active
E-2220,Ivy Liu,D-28,P-120,retail,15-03-2017,41 621,emp2220@meridian.COM,active
E-2221,Karen David,D-18,P-71,mfg,2015-07-01,"$44,151.00",emp2221@meridian.com,left
E-2222,Frank Nick,D-16,P-43,saas,09/06/2024,41677,  emp2222@meridian.COM  ,active
E-2223,Bob Liu,D-27,P-71,mfg,2016-04-26,59 187,emp2223@meridian. co,active
E-2224,GUO WU,D-19,P-27,saas,2018-11-01,45581,emp2224@meridian.COM,active
E-2225,TINA FRANK,D-18,P-53,retail,10/10/2016,28264,emp2225@meridian.com,active
E-2226,  Lin Olive  ,D-32,P-101,saas,2020-11-21,"$20,317.00",EMP2226@MERIDIAN.COM,active
E-2227,MONA ALICE,D-19,P-116,retail,23-02-2026,42741,emp2227@meridian.COM,active
E-2228,LI XAVIER,D-36,P-88,saas,03/04/2021,"$45,796.00",  emp2228@meridian.com  ,active
E-2229,  Vera Wendy  ,D-32,P-117,saas,2019-07-04,"$6,832.00",emp2229@meridian. co,active
E-2230,PAUL JACK,D-40,P-109,retail,12-02-2026,7483,EMP2230@MERIDIAN.COM,active
E-2231,Sam Umar,D-32,P-25,mfg,08/01/2023,"$7,118.00",EMP2231@MERIDIAN. CO,active
E-2232,Wang Li,D-37,P-100,retail,11-01-2015,42245,emp2232@meridian.COM,left
E-2233,  Zane Umar  ,D-25,P-27,mfg,26-05-2019,43535,EMP2233@MERIDIAN. CO,active
E-2234,  Zhao Liu  ,D-38,P-97,retail,2021-06-28,"$43,599.00",emp2234@meridian.com,active
E-2235,Mona Xavier,D-38,P-5,mfg,2017-02-09,"$22,013.00",  emp2235@meridian.COM  ,left
E-2236,  Leo Sam  ,D-28,P-86,mfg,11/05/2020,39525,emp2236@meridian.com,active
E-2237,guo paul,D-8,P-111,retail,28-01-2019,"$25,901.00",emp2237@meridian.COM,active
E-2238,Carol Alice,D-31,P-113,retail,05/17/2018,"55 053,00",  emp2238@meridian.com  ,active
E-2239,Henry Yuki,D-33,P-117,mfg,2016-08-13,59 055,emp2239@meridian. co,active
E-2240,Chen Wang,D-18,P-47,mfg,2022-05-12,"$22,380.00",EMP2240@MERIDIAN.COM,active
E-2241,hu karen,D-32,P-9,saas,26-05-2021,28440,  emp2241@meridian.COM  ,left
E-2242,Wu Leo,D-33,P-101,retail,2016-12-06,"$16,016.00",emp2242@meridian.com,active
E-2243,Paul Guo,D-5,P-65,retail,2023-05-28,33073,emp2243@meridian.com,active
E-2244,Li Alice,D-36,P-10,mfg,2016-08-23,"$57,078.00",emp2244@meridian.COM,active
E-2245,Karen Ivy,D-10,P-50,retail,2026-02-24,42679,EMP2245@MERIDIAN.COM,active
E-2246,XU ROSE,D-39,P-68,mfg,12/03/2017,49835,  emp2246@meridian.COM  ,active
E-2247,Frank Lin,D-2,P-9,retail,11-01-2015,18414,  emp2247@meridian.com  ,active
E-2248,BOB CAROL,D-10,P-28,retail,06/17/2026,32306,emp2248@meridian.COM,active
E-2249,  Karen Wu  ,D-40,P-32,retail,03/15/2015,47246,  emp2249@meridian.com  ,active
E-2250,guo quinn,D-26,P-62,saas,10/03/2024,5 816,emp2250@meridian. co,active
E-2251,Paul Jack,D-40,P-62,retail,2015-04-25,6748,  emp2251@meridian.COM  ,active
E-2252,Rose Grace,D-26,P-59,mfg,2015-08-25,26213,emp2252@meridian.com,active
E-2253,Paul Zhao,D-12,P-63,mfg,2019-10-26,14241,emp2253@meridian.com,active
E-2254,  Zhou Karen  ,D-30,P-69,retail,11/08/2022,"$10,735.00",EMP2254@MERIDIAN.COM,active
E-2255,Yuki Vera,D-15,P-16,mfg,2022-03-13,28365,emp2255@meridian. co,left
E-2256,BOB ZHAO,D-12,P-11,retail,2024-10-28,25 172,emp2256@meridian.com,active
E-2257,Grace Bob,D-7,P-119,retail,04/14/2017,23718,  emp2257@meridian. co  ,active
E-2258,  Grace Zhou  ,D-3,P-79,mfg,16-11-2015,27920,EMP2258@MERIDIAN.COM,left
E-2259,Henry Ivy,D-39,P-24,retail,2023-12-24,20 751,EMP2259@MERIDIAN. CO,active
E-2260,Li Carol,D-20,P-45,mfg,2018-12-28,"$17,397.00",EMP2260@MERIDIAN.COM,active
E-2261,david lin,D-9,P-61,retail,2019-01-22,"13 947,00",emp2261@meridian.COM,active
E-2262,HENRY HU,D-37,P-37,saas,05/11/2022,46704,emp2262@meridian.com,active
E-2263,LIN YUKI,D-21,P-85,retail,2016-06-03,59050,EMP2263@MERIDIAN.COM,active
E-2264,  Nick Hu  ,D-31,P-55,mfg,2020-04-01,23843,  emp2264@meridian. co  ,active
E-2265,Bob Zhang,D-34,P-98,mfg,2019-07-23,37468,emp2265@meridian. co,active
E-2266,GRACE WANG,D-2,P-43,retail,2021-09-28,34107,  emp2266@meridian. co  ,left
E-2267,  Carol Alice  ,D-17,P-29,mfg,2020-04-16,10069,emp2267@meridian.com,active
E-2268,Leo Karen,D-22,P-12,mfg,05/14/2019,"$40,968.00",emp2268@meridian.COM,left
E-2269,  Eve Carol  ,D-13,P-81,retail,2025-05-17,55202,emp2269@meridian.com,active
E-2270,Liu Wang,D-19,P-37,retail,25-05-2021,7953,emp2270@meridian.com,active
E-2271,Chen Grace,D-17,P-4,retail,09/03/2022,30451,emp2271@meridian.COM,active
E-2272,Olive Leo,D-24,P-12,retail,2017-07-28,35495,emp2272@meridian.com,active
E-2273,Zhao Li,D-26,P-76,mfg,02/05/2023,28 253,emp2273@meridian. co,left
E-2274,WANG NICK,D-34,P-12,retail,01/07/2023,"$34,158.00",emp2274@meridian.COM,active
E-2275,Sam Bob,D-25,P-18,retail,05/06/2020,46320,  emp2275@meridian. co  ,left
E-2276,Li Bob,D-23,P-54,mfg,19-03-2022,"$23,521.00",emp2276@meridian.com,active
E-2277,Jack Yuki,D-26,P-76,mfg,21-11-2025,29453,emp2277@meridian.com,active
E-2278,WU PAUL,D-18,P-44,saas,2024-10-27,20230,emp2278@meridian. co,active
E-2279,Olive Nick,D-34,P-52,retail,2016-07-25,30856,EMP2279@MERIDIAN. CO,active
E-2280,  Zane Wendy  ,D-31,P-54,retail,11/25/2019,"36 498,00",emp2280@meridian.com,active
E-2281,LIU VERA,D-37,P-113,mfg,03/28/2020,36007,emp2281@meridian.com,active
E-2282,Henry Olive,D-6,P-72,retail,2020-10-18,"24 974,00",emp2282@meridian.com,active
E-2283,  Ivy Xavier  ,D-14,P-19,retail,11/02/2026,"$21,831.00",EMP2283@MERIDIAN. CO,active
E-2284,Jack Zhang,D-2,P-80,retail,11/02/2022,48136,emp2284@meridian. co,left
E-2285,ZHAO WU,D-30,P-52,saas,2016-02-15,55877,emp2285@meridian. co,active
E-2286,Leo Rose,D-10,P-11,mfg,09/10/2021,12263,emp2286@meridian.COM,active
E-2287,  Eve Eve  ,D-23,P-89,mfg,09-06-2018,19 434,emp2287@meridian.com,active
E-2288,Henry Guo,D-1,P-74,mfg,2020-01-06,"6 568,00",emp2288@meridian.COM,left
E-2289,nick jack,D-18,P-70,retail,09-11-2020,"12 007,00",emp2289@meridian. co,active
E-2290,  Rose Liu  ,D-18,P-51,saas,2022-12-28,15945,  emp2290@meridian.com  ,left
E-2291,GUO CAROL,D-18,P-102,retail,2016-06-26,41816,emp2291@meridian.com,active
E-2292,  Eve Li  ,D-10,P-82,retail,2015-09-15,17805,  emp2292@meridian. co  ,left
E-2293,bob grace,D-2,P-62,retail,2023-10-19,57276,emp2293@meridian.COM,active
E-2294,  Rose Rose  ,D-20,P-97,retail,2023-05-25,14103,  emp2294@meridian.com  ,active
E-2295,  Jack Guo  ,D-31,P-1,retail,2016-05-27,"$16,465.00",emp2295@meridian.com,active
E-2296,  Zane Lin  ,D-1,P-31,retail,2017-02-21,"$30,164.00",emp2296@meridian.COM,active
E-2297,Vera Sun,D-34,P-81,mfg,05-08-2016,34 404,  emp2297@meridian. co  ,active
E-2298,LIU ZHANG,D-36,P-91,retail,04/21/2022,44 182,  emp2298@meridian.COM  ,active
E-2299,Yuki Mona,D-36,P-37,retail,2024-07-09,22885,emp2299@meridian. co,active
E-2300,WU SAM,D-37,P-99,retail,07/08/2015,12960,emp2300@meridian. co,left
E-2301,Karen Wendy,D-23,P-71,retail,03/06/2023,"$13,781.00",EMP2301@MERIDIAN.COM,active
E-2302,LIN FRANK,D-14,P-117,saas,2015-09-09,"$7,448.00",EMP2302@MERIDIAN.COM,left
E-2303,Rose Sun,D-8,P-21,retail,2016-03-10,30032,  emp2303@meridian.COM  ,active
E-2304,alice grace,D-20,P-33,saas,2022-08-15,14 306,emp2304@meridian. co,active
E-2305,LIN LEO,D-36,P-44,retail,2020-03-02,22794,  emp2305@meridian.com  ,active
E-2306,Zhou Xu,D-38,P-54,retail,06/25/2020,"$59,556.00",EMP2306@MERIDIAN.COM,active
E-2307,  Zhou Grace  ,D-32,P-45,retail,2021-04-10,32287,emp2307@meridian.com,active
E-2308,Rose Grace,D-39,P-79,retail,08/17/2022,41567,EMP2308@MERIDIAN. CO,active
E-2309,Xavier Frank,D-37,P-109,saas,2017-11-19,56104,emp2309@meridian. co,active
E-2310,  Leo Liu  ,D-34,P-115,mfg,2025-08-18,"$9,408.00",emp2310@meridian.com,active
E-2311,ivy liu,D-37,P-43,mfg,04/23/2019,43918,emp2311@meridian.COM,active
E-2312,bob wu,D-34,P-4,mfg,2022-07-03,56986,EMP2312@MERIDIAN. CO,active
E-2313,Nick Mona,D-39,P-13,retail,2024-11-11,57933,emp2313@meridian.com,active
E-2314,FRANK EVE,D-33,P-58,retail,2018-08-27,27796,EMP2314@MERIDIAN.COM,active
E-2315,  Bob Grace  ,D-6,P-17,mfg,21-02-2025,57285,emp2315@meridian.com,active
E-2316,Alice Wang,D-33,P-70,mfg,2026-08-05,48845,emp2316@meridian. co,active
E-2317,XAVIER FRANK,D-14,P-10,retail,03-02-2016,"$46,376.00",emp2317@meridian.com,active
E-2318,Zane Chen,D-7,P-67,saas,01/05/2020,"$43,435.00",emp2318@meridian. co,active
E-2319,Yuki Alice,D-36,P-110,retail,01/17/2023,43719,emp2319@meridian. co,active
E-2320,Yuki Hu,D-18,P-87,retail,27-09-2018,41758,  emp2320@meridian.COM  ,active
E-2321,David Guo,D-30,P-81,retail,17-07-2025,"$33,190.00",  emp2321@meridian. co  ,left
E-2322,mona leo,D-16,P-92,saas,2020-05-10,"46 623,00",emp2322@meridian. co,left
E-2323,Sun Wu,D-20,P-63,mfg,09/15/2016,33520,emp2323@meridian. co,active
E-2324,Grace Yuki,D-33,P-38,retail,09/01/2016,14665,emp2324@meridian.COM,active
E-2325,Chen Wendy,D-32,P-35,saas,08/24/2015,29020,emp2325@meridian.COM,active
E-2326,Mona Eve,D-19,P-120,retail,02/16/2024,26822,emp2326@meridian.COM,active
E-2327,Yuki Wu,D-10,P-10,mfg,08/15/2021,55751,  emp2327@meridian.com  ,left
E-2328,  Henry Rose  ,D-40,P-41,retail,26-04-2018,56876,emp2328@meridian.com,active
E-2329,Eve Karen,D-37,P-28,mfg,03/12/2016,5045,emp2329@meridian. co,active
E-2330,Sam Zhang,D-20,P-60,saas,2019-09-10,18064,EMP2330@MERIDIAN.COM,active
E-2331,liu guo,D-15,P-23,mfg,10/13/2018,"$39,393.00",emp2331@meridian. co,active
E-2332,rose wu,D-21,P-116,saas,07/04/2017,19154,EMP2332@MERIDIAN.COM,active
E-2333,Mona Jack,D-24,P-36,retail,07/09/2020,"$40,366.00",emp2333@meridian.com,active
E-2334,Carol Leo,D-33,P-42,saas,10/25/2020,49182,emp2334@meridian.com,active
E-2335,  Zhang Zane  ,D-16,P-62,mfg,09/25/2024,"$34,384.00",emp2335@meridian.com,active
E-2336,  Frank Alice  ,D-30,P-24,mfg,08/16/2024,18040,emp2336@meridian. co,active
E-2337,Wu Liu,D-24,P-41,retail,2016-12-02,"$29,383.00",EMP2337@MERIDIAN.COM,active
E-2338,Yuki Ivy,D-2,P-28,retail,02/01/2026,45941,EMP2338@MERIDIAN.COM,left
E-2339,MONA CHEN,D-23,P-117,retail,02/07/2025,"$48,054.00",emp2339@meridian.com,active
E-2340,Zhang Li,D-16,P-73,retail,04/18/2023,"$13,862.00",emp2340@meridian. co,active
E-2341,CAROL VERA,D-40,P-31,retail,05/01/2022,23 902,EMP2341@MERIDIAN. CO,active
E-2342,Wu Frank,D-4,P-93,retail,2022-06-20,"$51,614.00",EMP2342@MERIDIAN. CO,active
E-2343,Henry Grace,D-9,P-17,mfg,2017-11-23,34842,emp2343@meridian.COM,active
E-2344,MONA LEO,D-4,P-16,retail,2018-09-05,17432,emp2344@meridian. co,active
E-2345,  Xu Yuki  ,D-29,P-28,saas,2018-09-27,55478,emp2345@meridian.com,active
E-2346,David Chen,D-4,P-79,retail,2020-06-24,"$6,462.00",EMP2346@MERIDIAN.COM,active
E-2347,Alice Liu,D-1,P-104,retail,2019-01-09,"$49,005.00",emp2347@meridian.COM,active
E-2348,  Chen Yuki  ,D-15,P-89,retail,25-03-2019,"$53,393.00",emp2348@meridian.com,active
E-2349,Wu Alice,D-35,P-30,mfg,23-08-2024,14 227,emp2349@meridian. co,active
E-2350,Chen Alice,D-8,P-58,retail,12/20/2019,"$20,069.00",emp2350@meridian.com,active
E-2351,Carol Grace,D-23,P-60,retail,2017-10-02,"34 939,00",  emp2351@meridian. co  ,active
E-2352,Li Xu,D-40,P-86,retail,04-11-2023,46450,EMP2352@MERIDIAN.COM,active
E-2353,Bob Quinn,D-16,P-34,saas,07/14/2020,"20 227,00",emp2353@meridian.com,active
E-2354,  Carol Wu  ,D-4,P-110,saas,21-01-2026,"$51,890.00",  emp2354@meridian. co  ,active
E-2355,VERA SAM,D-28,P-30,mfg,01/21/2017,56950,emp2355@meridian. co,active
E-2356,WENDY FRANK,D-10,P-23,retail,02-04-2022,55 240,emp2356@meridian. co,active
E-2357,  Frank Xu  ,D-4,P-83,saas,18-04-2026,19 267,  emp2357@meridian. co  ,active
E-2358,Paul Yuki,D-30,P-97,mfg,04-12-2019,45588,  emp2358@meridian.COM  ,active
E-2359,Sam Xavier,D-8,P-95,mfg,2023-01-28,"$46,536.00",EMP2359@MERIDIAN.COM,active
E-2360,Jack Eve,D-19,P-104,retail,08/09/2018,20819,  emp2360@meridian.com  ,active
E-2361,IVY WANG,D-17,P-24,mfg,2022-12-15,"$10,451.00",EMP2361@MERIDIAN.COM,active
E-2362,Sun Liu,D-19,P-37,retail,01/10/2024,58527,  emp2362@meridian. co  ,left
E-2363,Lin Hu,D-13,P-52,retail,2017-05-28,43672,emp2363@meridian.COM,active
E-2364,Umar Zhou,D-36,P-46,retail,19-02-2023,14 174,EMP2364@MERIDIAN.COM,active
E-2365,  Hu Bob  ,D-11,P-110,saas,2026-12-28,11358,emp2365@meridian.COM,active
E-2366,Alice Tina,D-39,P-49,retail,01-05-2026,17244,  emp2366@meridian. co  ,active
E-2367,umar grace,D-31,P-97,retail,10/03/2019,16 554,EMP2367@MERIDIAN.COM,active
E-2368,Mona Jack,D-10,P-103,mfg,12/01/2017,15667,emp2368@meridian.COM,active
E-2369,QUINN SAM,D-1,P-90,mfg,08/27/2021,"$28,284.00",emp2369@meridian. co,active
E-2370,tina xavier,D-25,P-119,retail,2022-02-10,32036,EMP2370@MERIDIAN.COM,active
E-2371,WANG GRACE,D-3,P-101,retail,12/22/2021,5450,  emp2371@meridian.COM  ,active
E-2372,Wu Olive,D-2,P-97,mfg,2021-06-21,57014,emp2372@meridian. co,active
E-2373,  Alice Wang  ,D-13,P-89,retail,11/07/2025,"$32,934.00",emp2373@meridian.COM,active
E-2374,David Vera,D-28,P-20,retail,2019-08-16,54584,emp2374@meridian.com,active
E-2375,Rose Nick,D-37,P-52,retail,21-08-2021,59601,emp2375@meridian.com,active
E-2376,  Frank Liu  ,D-6,P-60,retail,01/25/2025,"$47,343.00",emp2376@meridian. co,active
E-2377,Zhang Henry,D-13,P-80,saas,04/22/2025,52286,EMP2377@MERIDIAN.COM,active
E-2378,CHEN VERA,D-28,P-60,mfg,22-03-2018,"$18,605.00",emp2378@meridian. co,active
E-2379,BOB JACK,D-30,P-73,retail,07/02/2024,"$52,498.00",emp2379@meridian.com,left
E-2380,Mona Zhao,D-16,P-42,retail,2020-01-01,14373,emp2380@meridian. co,active
E-2381,Leo Grace,D-1,P-85,saas,2023-10-10,57 298,EMP2381@MERIDIAN. CO,active
E-2382,ROSE DAVID,D-8,P-57,retail,09/20/2022,54 179,emp2382@meridian.COM,active
E-2383,HENRY NICK,D-28,P-120,retail,2019-04-25,"$36,357.00",emp2383@meridian.COM,active
E-2384,HU LIN,D-33,P-69,mfg,02/22/2021,55137,EMP2384@MERIDIAN.COM,active
E-2385,Zhou Leo,D-31,P-2,saas,2015-10-08,13706,emp2385@meridian. co,active
E-2386,  Alice Zhao  ,D-13,P-76,saas,2016-06-18,17713,EMP2386@MERIDIAN. CO,active
E-2387,  Frank Karen  ,D-11,P-25,mfg,01/27/2021,29123,EMP2387@MERIDIAN.COM,active
E-2388,Sun Paul,D-39,P-108,retail,2023-11-22,13119,EMP2388@MERIDIAN. CO,active
E-2389,IVY LI,D-29,P-120,saas,23-05-2023,"$8,023.00",emp2389@meridian. co,active
E-2390,WU SUN,D-15,P-7,mfg,05/08/2025,7839,emp2390@meridian. co,active
E-2391,Grace Umar,D-25,P-89,mfg,2023-12-13,41698,  emp2391@meridian.com  ,active
E-2392,Wu Karen,D-12,P-60,mfg,2018-09-23,45481,emp2392@meridian.com,active
E-2393,yuki zane,D-7,P-33,retail,2016-12-14,59394,emp2393@meridian. co,active
E-2394,JACK ZHAO,D-35,P-60,mfg,2026-02-05,51143,emp2394@meridian.com,active
E-2395,UMAR WU,D-36,P-41,retail,2015-04-23,"$24,834.00",emp2395@meridian.com,left
E-2396,Liu Umar,D-17,P-81,retail,2017-03-17,57 349,emp2396@meridian.com,active
E-2397,Rose Carol,D-24,P-97,saas,03/21/2022,49209,emp2397@meridian. co,active
E-2398,Eve Sam,D-32,P-31,saas,2025-07-17,8951,  emp2398@meridian.COM  ,active
E-2399,Henry Wendy,D-19,P-59,retail,15-01-2015,10996,  emp2399@meridian.COM  ,active
E-2400,FRANK NICK,D-13,P-71,retail,01/08/2023,"$19,081.00",emp2400@meridian. co,active
E-2401,Bob Frank,D-33,P-47,saas,2026-08-10,20307,emp2401@meridian. co,active
E-2402,Bob Quinn,D-9,P-58,mfg,08/06/2023,47573,emp2402@meridian.com,left
E-2403,XU WENDY,D-33,P-60,retail,11/26/2018,"$43,617.00",emp2403@meridian.com,active
E-2404,Hu Nick,D-5,P-94,mfg,2019-11-21,10521,emp2404@meridian.com,active
E-2405,LIN XU,D-14,P-12,mfg,2016-01-21,46336,EMP2405@MERIDIAN.COM,active
E-2406,xavier chen,D-16,P-116,mfg,13-07-2019,"$7,407.00",EMP2406@MERIDIAN.COM,active
E-2407,Eve Li,D-24,P-19,retail,2020-07-10,53649,emp2407@meridian.com,left
E-2408,Lin Yuki,D-9,P-50,retail,09/08/2015,15224,  emp2408@meridian. co  ,active
E-2409,Eve Wang,D-17,P-80,retail,01/05/2026,42633,emp2409@meridian.COM,active
E-2410,  Bob Yuki  ,D-14,P-25,retail,01/18/2016,28238,EMP2410@MERIDIAN.COM,active
E-2411,Karen Ivy,D-11,P-22,saas,2019-06-05,57 133,EMP2411@MERIDIAN.COM,active
E-2412,Wang Karen,D-35,P-73,retail,2015-07-27,16 899,emp2412@meridian.COM,active
E-2413,Bob Zhang,D-23,P-20,mfg,2022-02-18,5882,  emp2413@meridian.COM  ,active
E-2414,Nick Sun,D-12,P-105,retail,2026-11-05,46318,  emp2414@meridian. co  ,active
E-2415,Wang Bob,D-6,P-52,retail,13-02-2025,56108,emp2415@meridian.com,active
E-2416,ZANE CHEN,D-3,P-91,mfg,11/11/2021,"$8,993.00",  emp2416@meridian. co  ,active
E-2417,Xavier Hu,D-4,P-15,retail,01/09/2021,42714,EMP2417@MERIDIAN.COM,left
E-2418,Bob Eve,D-34,P-111,mfg,04/04/2021,"$46,924.00",EMP2418@MERIDIAN. CO,active
E-2419,LIN XU,D-9,P-36,saas,2020-02-06,23 386,emp2419@meridian. co,left
E-2420,  Vera Wang  ,D-2,P-19,retail,2025-08-25,"$49,060.00",emp2420@meridian. co,active
E-2421,LEO DAVID,D-4,P-112,mfg,06/09/2024,26 841,  emp2421@meridian. co  ,active
E-2422,SUN ZHAO,D-34,P-15,retail,08/24/2024,"$46,833.00",EMP2422@MERIDIAN.COM,active
E-2423,  Chen Olive  ,D-4,P-110,retail,2021-11-12,52 966,EMP2423@MERIDIAN.COM,active
E-2424,Sam Tina,D-21,P-86,mfg,2019-07-14,57648,  emp2424@meridian.com  ,active
E-2425,Eve Wendy,D-38,P-56,retail,04/09/2021,16803,emp2425@meridian.com,active
E-2426,Lin Tina,D-6,P-26,retail,06/16/2017,16990,  emp2426@meridian. co  ,active
E-2427,leo alice,D-14,P-114,saas,2026-02-04,"$13,393.00",EMP2427@MERIDIAN. CO,active
E-2428,Umar Guo,D-10,P-87,mfg,06-02-2018,50 242,  emp2428@meridian.com  ,active
E-2429,Eve Paul,D-17,P-69,retail,2026-06-20,"19 448,00",EMP2429@MERIDIAN. CO,active
E-2430,  Chen Zhou  ,D-32,P-17,mfg,22-09-2025,18615,emp2430@meridian. co,active
E-2431,  Quinn Zane  ,D-38,P-23,retail,2015-05-01,40779,emp2431@meridian. co,active
E-2432,Grace Sun,D-7,P-113,retail,20-08-2021,"$5,373.00",  emp2432@meridian.COM  ,active
E-2433,  Xu Quinn  ,D-27,P-97,retail,2015-11-19,"$7,610.00",  emp2433@meridian.com  ,active
E-2434,  Paul Wendy  ,D-24,P-106,retail,09/04/2017,21152,EMP2434@MERIDIAN. CO,active
E-2435,Henry Umar,D-2,P-51,retail,12/11/2024,44 899,  emp2435@meridian.COM  ,left
E-2436,  Paul Guo  ,D-24,P-6,mfg,2015-10-21,"$36,047.00",  emp2436@meridian.com  ,left
E-2437,HENRY HENRY,D-5,P-64,saas,2024-02-19,10238,emp2437@meridian. co,active
E-2438,WANG BOB,D-14,P-97,mfg,19-07-2024,"49 547,00",emp2438@meridian.COM,active
E-2439,LEO GUO,D-24,P-53,saas,09/17/2015,14166,EMP2439@MERIDIAN. CO,active
E-2440,Zhang Eve,D-10,P-7,mfg,2024-09-16,33672,emp2440@meridian.COM,active
E-2441,QUINN LIN,D-16,P-112,retail,03/24/2024,"$35,124.00",emp2441@meridian.com,active
E-2442,David Mona,D-4,P-61,retail,2020-05-25,14495,emp2442@meridian.com,active
E-2443,olive xavier,D-35,P-49,retail,07/21/2016,"$26,767.00",emp2443@meridian.COM,active
E-2444,  Sam Li  ,D-39,P-10,saas,2016-02-08,56114,EMP2444@MERIDIAN.COM,left
E-2445,Leo Wang,D-14,P-11,mfg,03/03/2015,"$17,346.00",emp2445@meridian.com,active
E-2446,Yuki Zhou,D-13,P-118,mfg,2026-05-05,"$13,044.00",  emp2446@meridian.COM  ,active
E-2447,Carol Chen,D-11,P-19,mfg,2015-01-27,52936,emp2447@meridian. co,active
E-2448,DAVID ROSE,D-3,P-64,mfg,2024-02-16,"$41,108.00",emp2448@meridian.COM,active
E-2449,  Wu Li  ,D-16,P-106,retail,03/22/2022,42157,  emp2449@meridian. co  ,active
E-2450,Tina Yuki,D-31,P-107,mfg,10/15/2025,"$41,674.00",emp2450@meridian.COM,active
E-2451,jack wu,D-25,P-78,retail,2022-09-07,22845,emp2451@meridian.com,active
E-2452,IVY LI,D-12,P-112,mfg,04/01/2022,"$52,299.00",EMP2452@MERIDIAN.COM,active
E-2453,JACK LI,D-15,P-16,retail,2016-01-09,"$5,252.00",emp2453@meridian.com,active
E-2454,  Zhang Guo  ,D-25,P-37,retail,05/03/2026,52893,EMP2454@MERIDIAN. CO,active
E-2455,Umar Liu,D-36,P-61,retail,2026-01-03,14062,  emp2455@meridian.COM  ,active
E-2456,david xu,D-25,P-45,saas,2020-04-02,49420,EMP2456@MERIDIAN.COM,active
E-2457,Li Zhou,D-24,P-99,retail,12/16/2018,25605,EMP2457@MERIDIAN. CO,left
E-2458,Alice Tina,D-29,P-91,mfg,09-10-2025,6444,emp2458@meridian. co,active
E-2459,Umar Hu,D-40,P-28,retail,2018-12-25,43 897,  emp2459@meridian.com  ,left
E-2460,Wang Alice,D-24,P-106,retail,04/06/2026,10805,emp2460@meridian.com,active
E-2461,Wu Carol,D-1,P-118,retail,05-08-2024,12332,emp2461@meridian.com,active
E-2462,hu zhao,D-6,P-71,mfg,03/11/2026,30660,EMP2462@MERIDIAN.COM,active
E-2463,Lin Bob,D-39,P-56,saas,2020-06-04,12704,EMP2463@MERIDIAN. CO,left
E-2464,Tina Grace,D-7,P-68,retail,23-02-2018,"$16,916.00",emp2464@meridian.COM,active
E-2465,Grace Olive,D-12,P-48,retail,2018-01-10,"$26,794.00",EMP2465@MERIDIAN.COM,active
E-2466,  Zhang Jack  ,D-9,P-34,retail,11/12/2026,42239,emp2466@meridian.com,active
E-2467,  Lin Mona  ,D-40,P-33,retail,2019-09-12,10 894,emp2467@meridian. co,active
E-2468,Nick Sun,D-17,P-80,retail,2025-09-25,7100,  emp2468@meridian.COM  ,active
E-2469,Lin Guo,D-2,P-24,retail,02/22/2025,"$23,789.00",  emp2469@meridian.com  ,active
E-2470,  Sun Jack  ,D-38,P-103,saas,27-06-2017,28691,emp2470@meridian.COM,active
E-2471,  Henry Grace  ,D-40,P-100,retail,05/07/2023,"$18,787.00",EMP2471@MERIDIAN.COM,active
E-2472,  Ivy Mona  ,D-16,P-17,mfg,26-02-2026,18 671,emp2472@meridian.com,active
E-2473,david wang,D-39,P-112,mfg,2023-05-28,27750,emp2473@meridian.com,active
E-2474,Xu David,D-27,P-21,mfg,2022-01-09,29844,EMP2474@MERIDIAN. CO,left
E-2475,  Wu Paul  ,D-38,P-34,mfg,2021-06-21,45920,emp2475@meridian.COM,left
E-2476,DAVID ZHANG,D-24,P-82,saas,2022-06-09,17 633,EMP2476@MERIDIAN.COM,active
E-2477,ZHOU NICK,D-36,P-6,saas,2022-02-15,"$13,104.00",emp2477@meridian.com,active
E-2478,eve umar,D-34,P-36,retail,26-08-2023,12177,  emp2478@meridian.com  ,active
E-2479,GUO QUINN,D-11,P-63,retail,10/19/2021,50927,emp2479@meridian. co,left
E-2480,  Sam Zhao  ,D-27,P-107,mfg,2022-12-11,"$6,229.00",EMP2480@MERIDIAN.COM,active
E-2481,Carol Wu,D-8,P-1,mfg,15-01-2024,46703,emp2481@meridian.com,active
E-2482,  Carol Vera  ,D-34,P-55,mfg,2015-10-12,"25 675,00",emp2482@meridian.COM,active
E-2483,  Chen Alice  ,D-13,P-118,retail,2022-01-02,16492,emp2483@meridian.COM,active
E-2484,  Chen Ivy  ,D-10,P-81,retail,2020-10-21,32891,EMP2484@MERIDIAN.COM,active
E-2485,XU ZHOU,D-29,P-28,mfg,12/07/2019,"$14,001.00",EMP2485@MERIDIAN.COM,active
E-2486,CAROL WU,D-20,P-92,saas,26-03-2019,"5 285,00",EMP2486@MERIDIAN.COM,left
E-2487,Leo Nick,D-29,P-62,retail,04-01-2022,23518,EMP2487@MERIDIAN.COM,left
E-2488,  Karen Mona  ,D-11,P-24,retail,13-10-2018,17824,EMP2488@MERIDIAN. CO,active
E-2489,Vera Jack,D-5,P-28,retail,10-09-2016,"28 785,00",EMP2489@MERIDIAN.COM,active
E-2490,  Li Umar  ,D-23,P-104,mfg,2020-09-12,24072,emp2490@meridian.com,active
E-2491,Hu Alice,D-29,P-90,saas,24-06-2018,"5 549,00",EMP2491@MERIDIAN.COM,active
E-2492,Alice Alice,D-29,P-76,mfg,13-01-2023,"41 319,00",emp2492@meridian.COM,active
E-2493,  Sun David  ,D-38,P-54,retail,2023-03-27,45158,  emp2493@meridian. co  ,active
E-2494,  Wu Eve  ,D-26,P-50,retail,08-12-2019,43133,  emp2494@meridian.COM  ,active
E-2495,  Li Mona  ,D-36,P-12,retail,2025-08-09,39 192,emp2495@meridian. co,active
E-2496,Alice Wu,D-36,P-39,retail,2015-06-26,41366,emp2496@meridian. co,active
E-2497,TINA TINA,D-35,P-25,mfg,09/03/2026,26 669,emp2497@meridian. co,active
E-2498,  Sam Wendy  ,D-38,P-12,retail,2022-07-06,11926,emp2498@meridian. co,active
E-2499,  Grace Wu  ,D-23,P-90,retail,08-02-2015,"$8,052.00",  emp2499@meridian. co  ,active
E-2500,LI MONA,D-17,P-54,retail,2026-06-20,54965,  emp2500@meridian.com  ,active
E-2501,Paul Sun,D-26,P-90,retail,12/04/2018,55389,emp2501@meridian. co,left
E-2502,Li Wu,D-31,P-9,mfg,17-01-2020,27479,  emp2502@meridian.com  ,active
E-2503,Zhang Vera,D-27,P-45,mfg,06/06/2020,"$29,672.00",EMP2503@MERIDIAN.COM,active
E-2504,Zhang Rose,D-5,P-9,mfg,2022-11-10,8347,emp2504@meridian. co,active
E-2505,David Chen,D-16,P-13,retail,2020-11-21,16050,  emp2505@meridian.com  ,active
E-2506,  Bob Umar  ,D-20,P-78,mfg,03/28/2017,"$58,933.00",emp2506@meridian. co,active
E-2507,  Sam Tina  ,D-39,P-20,mfg,08/26/2024,"15 736,00",emp2507@meridian.com,active
E-2508,Carol Alice,D-24,P-4,saas,10/14/2022,46254,emp2508@meridian. co,active
E-2509,Zane Zane,D-18,P-76,retail,14-05-2025,"$34,537.00",emp2509@meridian. co,active
E-2510,WU GUO,D-30,P-62,retail,09/28/2017,28029,emp2510@meridian. co,active
E-2511,Yuki Zhao,D-35,P-20,retail,07/08/2020,45379,  emp2511@meridian.COM  ,active
E-2512,sam rose,D-17,P-108,retail,2023-07-09,22457,  emp2512@meridian. co  ,active
E-2513,Chen Frank,D-34,P-40,retail,2016-01-13,10842,EMP2513@MERIDIAN.COM,active
E-2514,Wu Sun,D-19,P-55,mfg,2017-03-20,"14 205,00",emp2514@meridian.COM,active
E-2515,Henry Nick,D-12,P-15,retail,2015-01-25,31290,EMP2515@MERIDIAN.COM,active
E-2516,Chen Leo,D-10,P-77,saas,17-04-2026,22540,emp2516@meridian. co,active
E-2517,li frank,D-38,P-57,retail,2020-07-01,47214,emp2517@meridian.com,active
E-2518,Frank Olive,D-2,P-38,mfg,13-08-2017,56164,  emp2518@meridian. co  ,active
E-2519,Jack Wu,D-36,P-49,retail,2018-09-06,"$57,607.00",emp2519@meridian.com,left
E-2520,paul lin,D-31,P-111,mfg,11-07-2018,"$22,421.00",  emp2520@meridian. co  ,active
E-2521,Sam Wu,D-18,P-60,saas,06/05/2026,42133,emp2521@meridian.com,left
E-2522,sam karen,D-4,P-115,mfg,2019-03-02,"$34,988.00",emp2522@meridian.com,active
E-2523,  Liu Sun  ,D-20,P-71,retail,18-04-2025,15540,  emp2523@meridian.COM  ,active
E-2524,Zhou Jack,D-36,P-49,retail,2022-08-17,"47 630,00",emp2524@meridian. co,active
E-2525,  Zhang Wendy  ,D-14,P-97,saas,2021-02-07,"12 743,00",  emp2525@meridian.com  ,active
E-2526,Frank Zhao,D-15,P-74,retail,2015-12-25,14221,EMP2526@MERIDIAN.COM,active
E-2527,Alice Li,D-15,P-40,retail,2018-11-14,"$50,750.00",emp2527@meridian.COM,active
E-2528,Eve Nick,D-35,P-97,retail,02/03/2016,50474,emp2528@meridian.COM,active
E-2529,Yuki Sun,D-31,P-116,retail,2026-12-12,50462,emp2529@meridian. co,active
E-2530,GUO MONA,D-22,P-20,saas,2019-07-07,18 393,emp2530@meridian.com,active
E-2531,KAREN XU,D-19,P-48,saas,13-01-2022,58352,EMP2531@MERIDIAN. CO,active
E-2532,Hu Vera,D-13,P-69,retail,2022-07-16,"$31,199.00",emp2532@meridian.COM,active
E-2533,Liu Sun,D-18,P-26,retail,2018-09-19,"$23,517.00",EMP2533@MERIDIAN.COM,active
E-2534,LIU WU,D-2,P-44,retail,2024-01-12,46163,emp2534@meridian.com,active
E-2535,Jack Zhao,D-11,P-73,retail,11/28/2018,7316,EMP2535@MERIDIAN. CO,active
E-2536,Paul Lin,D-16,P-41,retail,07/03/2018,36506,EMP2536@MERIDIAN. CO,left
E-2537,  Carol Wu  ,D-3,P-110,retail,2025-07-10,"15 984,00",emp2537@meridian. co,active
E-2538,Umar Lin,D-24,P-4,mfg,2026-02-23,47224,EMP2538@MERIDIAN.COM,active
E-2539,BOB HENRY,D-6,P-4,retail,10/18/2026,"$35,758.00",EMP2539@MERIDIAN.COM,active
E-2540,zane karen,D-3,P-15,mfg,03/08/2016,9425,emp2540@meridian.COM,left
E-2541,Xu David,D-21,P-51,retail,10/08/2021,"55 868,00",emp2541@meridian.com,active
E-2542,QUINN UMAR,D-15,P-87,mfg,01/21/2024,38413,emp2542@meridian.COM,active
E-2543,Carol Jack,D-17,P-93,mfg,12/10/2022,57225,emp2543@meridian.com,active
E-2544,PAUL CHEN,D-39,P-117,retail,2015-12-13,"$34,874.00",EMP2544@MERIDIAN.COM,active
E-2545,  Alice Wendy  ,D-1,P-46,mfg,11/17/2018,16751,  emp2545@meridian. co  ,active
E-2546,GUO BOB,D-37,P-22,saas,2020-08-14,"$40,088.00",EMP2546@MERIDIAN. CO,active
E-2547,Zane Tina,D-36,P-41,mfg,2015-11-09,26522,  emp2547@meridian. co  ,active
E-2548,Rose Chen,D-5,P-19,retail,2015-10-10,40248,emp2548@meridian. co,active
E-2549,yuki karen,D-22,P-95,retail,2021-09-09,"41 139,00",emp2549@meridian.com,active
E-2550,Mona Zane,D-32,P-50,mfg,2020-03-20,"$7,665.00",emp2550@meridian. co,active
E-2551,Xavier Wu,D-24,P-120,saas,2019-07-26,48598,emp2551@meridian.COM,left
E-2552,Li Sam,D-3,P-14,retail,2015-11-18,45543,emp2552@meridian.com,active
E-2553,Wu Zhou,D-32,P-38,saas,03/13/2018,"39 146,00",emp2553@meridian. co,active
E-2554,  Eve Yuki  ,D-9,P-64,retail,2015-03-26,12942,emp2554@meridian.com,left
E-2555,Sam Quinn,D-29,P-80,retail,01/01/2018,9654,  emp2555@meridian.COM  ,active
E-2556,  Eve Grace  ,D-6,P-61,retail,2024-10-25,40 748,emp2556@meridian.com,active
E-2557,Nick Nick,D-20,P-34,retail,2023-03-17,"$42,858.00",EMP2557@MERIDIAN.COM,active
E-2558,GUO YUKI,D-19,P-77,mfg,06/12/2017,46006,  emp2558@meridian.com  ,left
E-2559,grace carol,D-7,P-118,retail,10/01/2015,"21 100,00",emp2559@meridian.com,active
E-2560,Bob Alice,D-5,P-84,retail,2018-10-23,17198,  emp2560@meridian. co  ,active
E-2561,  Umar Carol  ,D-29,P-72,retail,02/19/2019,54444,emp2561@meridian. co,active
E-2562,Paul Henry,D-30,P-101,retail,08/03/2022,14784,EMP2562@MERIDIAN.COM,active
E-2563,WU CAROL,D-17,P-4,retail,02/27/2016,"$49,978.00",  emp2563@meridian. co  ,active
E-2564,Zhao Karen,D-14,P-96,retail,2020-06-10,"$33,035.00",  emp2564@meridian.COM  ,active
E-2565,SAM WU,D-6,P-85,saas,2018-09-19,40047,emp2565@meridian.com,active
E-2566,Bob Hu,D-7,P-117,retail,12/19/2018,"$15,968.00",emp2566@meridian.com,active
E-2567,CAROL XU,D-13,P-36,mfg,03/03/2018,58921,emp2567@meridian.COM,active
E-2568,Alice Chen,D-15,P-43,retail,2022-03-22,52 125,emp2568@meridian.COM,active
E-2569,  Sam Zhou  ,D-37,P-46,retail,15-04-2026,11 503,emp2569@meridian. co,left
E-2570,Leo Eve,D-22,P-27,mfg,2017-11-07,48046,emp2570@meridian. co,active
E-2571,wendy carol,D-21,P-102,retail,2019-07-19,38648,emp2571@meridian. co,left
E-2572,  Zane Eve  ,D-36,P-27,saas,12/26/2018,"$48,645.00",  emp2572@meridian.COM  ,left
E-2573,LIU WANG,D-27,P-60,saas,27-12-2020,"27 328,00",emp2573@meridian. co,active
E-2574,Liu Xu,D-15,P-95,retail,08/15/2023,13957,emp2574@meridian. co,active
E-2575,Wang Carol,D-17,P-1,mfg,2023-03-10,19537,  emp2575@meridian.com  ,active
E-2576,GRACE UMAR,D-26,P-29,saas,09/16/2025,"$28,825.00",emp2576@meridian.COM,active
E-2577,Zhao Wu,D-17,P-70,mfg,2025-06-09,14600,emp2577@meridian. co,active
E-2578,Zane Mona,D-21,P-77,retail,02/23/2020,"$31,709.00",emp2578@meridian. co,active
E-2579,Tina Ivy,D-8,P-63,mfg,12/08/2016,"$11,005.00",emp2579@meridian.COM,active
E-2580,Zhao Zhao,D-19,P-55,saas,01/06/2015,"$29,687.00",emp2580@meridian. co,active
E-2581,ROSE CHEN,D-34,P-82,retail,03/19/2019,"6 372,00",emp2581@meridian. co,active
E-2582,YUKI YUKI,D-30,P-28,mfg,04/06/2015,"$7,406.00",emp2582@meridian. co,active
E-2583,Nick Ivy,D-13,P-14,retail,2019-01-07,"$19,884.00",emp2583@meridian.COM,active
E-2584,  Leo Tina  ,D-36,P-77,retail,2019-08-28,7946,  emp2584@meridian.COM  ,active
E-2585,HENRY GRACE,D-20,P-53,retail,12/21/2021,5813,emp2585@meridian.com,left
E-2586,Wu Wendy,D-23,P-65,retail,09/15/2026,44595,  emp2586@meridian.COM  ,left
E-2587,Zhang Quinn,D-29,P-46,retail,2017-09-03,47640,emp2587@meridian.COM,active
E-2588,Karen Henry,D-16,P-15,retail,11-11-2016,52279,emp2588@meridian.com,active
E-2589,  Wu Xu  ,D-11,P-66,retail,2017-10-25,31272,emp2589@meridian.com,active
E-2590,Wu Wu,D-6,P-18,saas,2016-11-01,29 304,emp2590@meridian. co,active
E-2591,Paul Olive,D-25,P-91,saas,2024-10-06,"$22,704.00",EMP2591@MERIDIAN.COM,active
E-2592,Xavier Xu,D-37,P-9,mfg,2017-03-01,"$19,900.00",emp2592@meridian. co,active
E-2593,Ivy Henry,D-40,P-45,retail,14-04-2023,47131,  emp2593@meridian.com  ,active
E-2594,David Rose,D-25,P-103,retail,11/13/2015,"30 436,00",EMP2594@MERIDIAN.COM,active
E-2595,zhou hu,D-1,P-93,retail,2020-11-04,44397,  emp2595@meridian. co  ,active
E-2596,UMAR ALICE,D-32,P-59,retail,06/09/2024,29041,emp2596@meridian. co,active
E-2597,  Wang Vera  ,D-39,P-62,mfg,2015-09-17,"$49,757.00",emp2597@meridian. co,active
E-2598,  Xu Mona  ,D-36,P-73,mfg,03/02/2024,39497,emp2598@meridian. co,active
E-2599,ivy ivy,D-31,P-70,retail,12/25/2022,"$52,671.00",EMP2599@MERIDIAN.COM,left
E-2600,YUKI ZHOU,D-16,P-62,mfg,09/19/2019,31444,EMP2600@MERIDIAN.COM,active
E-2601,mona sun,D-15,P-85,retail,2017-05-05,28375,emp2601@meridian. co,active
E-2602,Wu Carol,D-31,P-96,retail,2018-09-26,"50 943,00",EMP2602@MERIDIAN.COM,active
E-2603,  Jack Hu  ,D-25,P-82,mfg,11/06/2024,26219,emp2603@meridian. co,active
E-2604,Olive Bob,D-3,P-26,mfg,2026-09-14,48 822,emp2604@meridian.com,active
E-2605,Wu Frank,D-17,P-4,retail,06-10-2018,34 686,emp2605@meridian. co,active
E-2606,  Frank Henry  ,D-22,P-49,retail,2020-10-04,35337,EMP2606@MERIDIAN.COM,active
E-2607,HU GUO,D-12,P-115,mfg,06/07/2017,28115,EMP2607@MERIDIAN.COM,active
E-2608,carol wu,D-38,P-66,mfg,2024-01-13,"7 036,00",emp2608@meridian. co,active
E-2609,Frank Ivy,D-1,P-81,mfg,05-12-2021,44928,emp2609@meridian.COM,active
E-2610,Bob Bob,D-17,P-44,saas,22-05-2016,"$47,261.00",emp2610@meridian. co,active
E-2611,DAVID EVE,D-3,P-54,retail,04/03/2021,"$38,312.00",emp2611@meridian.com,active
E-2612,  Jack Mona  ,D-1,P-84,saas,2026-06-03,"$37,560.00",emp2612@meridian.com,active
E-2613,Zhang Umar,D-29,P-14,retail,12-02-2018,42975,emp2613@meridian. co,left
E-2614,Xu Yuki,D-34,P-25,mfg,01/15/2017,6 366,emp2614@meridian.com,active
E-2615,rose mona,D-21,P-106,retail,2022-04-08,29469,emp2615@meridian.com,active
E-2616,vera quinn,D-26,P-42,retail,07/27/2021,"$30,923.00",emp2616@meridian.COM,active
E-2617,Xu Xu,D-29,P-98,retail,14-08-2017,"$16,991.00",EMP2617@MERIDIAN.COM,active
E-2618,Wu Leo,D-33,P-18,mfg,21-06-2018,28163,emp2618@meridian.com,active
E-2619,Xu Ivy,D-35,P-109,saas,02/24/2025,39843,emp2619@meridian.com,active
E-2620,Nick Yuki,D-26,P-10,retail,06/13/2021,36 129,  emp2620@meridian. co  ,active
E-2621,Xavier Umar,D-36,P-75,retail,2024-01-28,5873,  emp2621@meridian. co  ,active
E-2622,Mona Liu,D-29,P-50,retail,2018-07-09,44726,emp2622@meridian.com,active
E-2623,JACK CAROL,D-5,P-76,retail,08/15/2026,"$43,656.00",EMP2623@MERIDIAN. CO,left
E-2624,VERA NICK,D-6,P-118,mfg,2026-10-17,12939,EMP2624@MERIDIAN. CO,active
E-2625,Vera Lin,D-34,P-9,retail,2015-06-14,"$24,695.00",emp2625@meridian.com,active
E-2626,Olive Eve,D-12,P-78,retail,2019-08-14,24927,  emp2626@meridian.com  ,active
E-2627,carol olive,D-13,P-10,retail,04/18/2018,"$44,631.00",EMP2627@MERIDIAN. CO,active
E-2628,Olive Chen,D-40,P-112,retail,07/20/2023,48681,emp2628@meridian.com,active
E-2629,Eve Lin,D-18,P-29,mfg,05/19/2025,24349,  emp2629@meridian. co  ,active
E-2630,  Hu Grace  ,D-6,P-23,retail,2020-03-18,"43 240,00",  emp2630@meridian.COM  ,active
E-2631,ROSE MONA,D-14,P-5,retail,2019-03-18,"$23,352.00",emp2631@meridian. co,left
E-2632,  Ivy Alice  ,D-3,P-35,retail,25-12-2022,"$42,234.00",emp2632@meridian. co,active
E-2633,Zhang Hu,D-37,P-44,mfg,2017-01-09,50723,  emp2633@meridian. co  ,active
E-2634,carol sun,D-5,P-64,mfg,04/07/2021,38236,emp2634@meridian. co,active
E-2635,WU BOB,D-11,P-87,mfg,2016-08-19,26534,  emp2635@meridian.com  ,active
E-2636,Jack Chen,D-5,P-106,retail,2024-10-14,"$29,974.00",emp2636@meridian.com,left
E-2637,Sun Leo,D-31,P-119,retail,19-12-2016,"$22,401.00",emp2637@meridian.com,active
E-2638,NICK QUINN,D-22,P-95,retail,07/13/2016,48086,emp2638@meridian. co,left
E-2639,Tina Henry,D-26,P-23,mfg,24-08-2021,22202,emp2639@meridian.COM,active
E-2640,Wu Liu,D-32,P-111,mfg,2017-11-15,14 132,emp2640@meridian.COM,active
E-2641,david olive,D-24,P-29,retail,2026-09-17,"$38,864.00",emp2641@meridian.COM,active
E-2642,Wendy Grace,D-33,P-85,retail,03/17/2026,"$49,888.00",EMP2642@MERIDIAN.COM,active
E-2643,  Frank Mona  ,D-13,P-55,retail,2025-05-16,"$6,691.00",EMP2643@MERIDIAN. CO,active
E-2644,Li Tina,D-6,P-49,mfg,01/16/2017,6474,  emp2644@meridian. co  ,active
E-2645,Wu Yuki,D-23,P-118,retail,2024-03-04,11920,emp2645@meridian.com,active
E-2646,David Grace,D-8,P-99,mfg,2026-11-20,21780,emp2646@meridian.com,active
E-2647,Wu Zane,D-38,P-80,mfg,05/08/2018,32528,  emp2647@meridian.com  ,active
E-2648,Leo Guo,D-4,P-46,mfg,26-02-2024,6380,emp2648@meridian.COM,active
E-2649,  Grace Vera  ,D-6,P-90,saas,2017-10-02,"$54,004.00",emp2649@meridian.com,active
E-2650,  Mona Wu  ,D-20,P-58,retail,02/04/2024,40618,  emp2650@meridian.com  ,active
E-2651,  Olive Quinn  ,D-27,P-69,retail,07/16/2025,"$51,982.00",emp2651@meridian. co,active
E-2652,  Sun Hu  ,D-15,P-105,mfg,2021-10-04,"56 671,00",emp2652@meridian. co,active
E-2653,rose grace,D-33,P-12,retail,07/12/2018,"$37,623.00",emp2653@meridian.COM,active
E-2654,GUO FRANK,D-28,P-61,retail,2022-09-11,11255,emp2654@meridian.COM,active
E-2655,IVY XU,D-18,P-102,retail,2021-02-13,43376,emp2655@meridian. co,active
E-2656,WU WENDY,D-11,P-26,retail,06/09/2025,"$50,591.00",emp2656@meridian. co,left
E-2657,Lin Zhang,D-16,P-37,retail,2021-04-07,38448,  emp2657@meridian.com  ,left
E-2658,OLIVE CAROL,D-12,P-53,mfg,04/08/2026,39762,emp2658@meridian.COM,active
E-2659,  Wu Li  ,D-30,P-4,retail,07/10/2016,"$54,955.00",emp2659@meridian.com,active
E-2660,FRANK ROSE,D-36,P-67,retail,2022-10-17,59 607,emp2660@meridian.COM,left
E-2661,  Paul Xavier  ,D-21,P-52,mfg,19-12-2022,22688,EMP2661@MERIDIAN.COM,active
E-2662,lin karen,D-18,P-39,retail,06-10-2025,46260,emp2662@meridian. co,active
E-2663,Yuki Chen,D-6,P-85,mfg,06/02/2016,"$40,772.00",emp2663@meridian.COM,active
E-2664,UMAR LIN,D-10,P-110,mfg,2024-09-12,54297,emp2664@meridian. co,active
E-2665,  Xavier Xavier  ,D-22,P-63,saas,08/06/2020,15 518,  emp2665@meridian.com  ,active
E-2666,Chen Eve,D-28,P-11,retail,2020-11-08,"$45,680.00",  emp2666@meridian. co  ,active
E-2667,Henry Grace,D-18,P-16,retail,01/02/2017,"14 582,00",EMP2667@MERIDIAN. CO,active
E-2668,  Wu Mona  ,D-29,P-3,retail,2021-06-03,"56 504,00",emp2668@meridian.COM,active
E-2669,Xu Xavier,D-14,P-5,retail,24-01-2023,"$44,645.00",emp2669@meridian.COM,left
E-2670,Wang Zhou,D-26,P-50,retail,08-11-2016,"$6,651.00",emp2670@meridian. co,active
E-2671,Leo Eve,D-14,P-18,mfg,09/09/2025,31 244,emp2671@meridian.com,active
E-2672,  Tina Bob  ,D-31,P-4,mfg,2023-12-27,"53 212,00",emp2672@meridian. co,active
E-2673,Zane Guo,D-28,P-21,saas,20-01-2025,29356,emp2673@meridian.com,left
E-2674,hu grace,D-6,P-107,saas,05/18/2020,7970,emp2674@meridian.com,left
E-2675,Leo Sun,D-35,P-32,retail,2015-12-08,11733,  emp2675@meridian.com  ,left
E-2676,Hu Sam,D-18,P-9,saas,2019-08-13,31237,EMP2676@MERIDIAN.COM,active
E-2677,Vera Henry,D-19,P-73,retail,2019-04-14,"$48,095.00",emp2677@meridian.com,active
E-2678,Paul Alice,D-15,P-117,retail,2026-12-25,"$20,523.00",EMP2678@MERIDIAN.COM,active
E-2679,HU BOB,D-26,P-27,saas,2020-11-13,57566,emp2679@meridian.COM,active
E-2680,Henry Paul,D-36,P-85,retail,2026-03-26,42 340,  emp2680@meridian.COM  ,active
E-2681,  Olive Xu  ,D-28,P-69,retail,2015-10-28,"$23,681.00",EMP2681@MERIDIAN. CO,active
E-2682,Olive Zane,D-20,P-69,mfg,10/03/2020,"$55,443.00",emp2682@meridian. co,active
E-2683,  Nick Nick  ,D-17,P-80,mfg,2020-03-15,"$47,452.00",  emp2683@meridian.com  ,active
E-2684,Vera Jack,D-18,P-24,retail,07/12/2022,"40 151,00",emp2684@meridian. co,active
E-2685,ZANE TINA,D-23,P-50,saas,2025-03-19,"$57,438.00",emp2685@meridian.COM,active
E-2686,WU LEO,D-5,P-45,retail,04/17/2016,"22 144,00",emp2686@meridian.com,active
E-2687,grace vera,D-18,P-105,mfg,06/10/2023,"$44,603.00",emp2687@meridian. co,active
E-2688,UMAR LIU,D-6,P-15,mfg,02/15/2022,"51 051,00",emp2688@meridian.com,active
E-2689,  Xu Sam  ,D-4,P-77,retail,01/05/2025,"$36,708.00",emp2689@meridian.com,active
E-2690,Chen Sun,D-25,P-74,retail,2020-12-26,15029,EMP2690@MERIDIAN.COM,active
E-2691,IVY LI,D-20,P-24,mfg,12/07/2019,20 995,EMP2691@MERIDIAN.COM,active
E-2692,  Rose Eve  ,D-21,P-117,retail,02-05-2019,"$37,100.00",emp2692@meridian.com,left
E-2693,Bob Carol,D-9,P-56,mfg,2024-05-14,33004,emp2693@meridian.com,active
E-2694,BOB OLIVE,D-12,P-81,mfg,2024-04-17,35588,  emp2694@meridian.com  ,active
E-2695,TINA ZHOU,D-37,P-120,retail,04-04-2021,24 794,emp2695@meridian. co,active
E-2696,OLIVE YUKI,D-35,P-14,retail,07/13/2024,"$28,966.00",emp2696@meridian.COM,active
E-2697,  Zhang Olive  ,D-11,P-33,mfg,02-03-2016,22320,emp2697@meridian.com,active
E-2698,wang tina,D-28,P-30,retail,27-10-2025,"37 813,00",  emp2698@meridian.COM  ,active
E-2699,sam wendy,D-11,P-46,saas,09-11-2017,40934,  emp2699@meridian.com  ,active
E-2700,ZANE KAREN,D-4,P-10,mfg,2018-07-26,58404,emp2700@meridian.COM,active
E-2701,quinn wu,D-5,P-115,retail,06/03/2026,"$38,694.00",emp2701@meridian.COM,active
E-2702,Zhao Yuki,D-28,P-26,saas,02-01-2022,21786,EMP2702@MERIDIAN.COM,active
E-2703,carol henry,D-32,P-99,retail,2024-10-17,15946,emp2703@meridian.COM,left
E-2704,ZHANG LEO,D-21,P-115,retail,2016-07-16,30466,EMP2704@MERIDIAN.COM,active
E-2705,  Guo Alice  ,D-16,P-113,retail,27-09-2024,39403,  emp2705@meridian.COM  ,active
E-2706,Wendy Yuki,D-7,P-14,retail,11/10/2026,27056,emp2706@meridian.COM,active
E-2707,GRACE DAVID,D-1,P-114,saas,2022-03-10,47316,emp2707@meridian.COM,left
E-2708,HENRY KAREN,D-25,P-79,retail,2026-10-15,"$28,050.00",emp2708@meridian. co,active
E-2709,Wu Xavier,D-39,P-27,retail,2019-03-19,"$23,173.00",EMP2709@MERIDIAN. CO,active
E-2710,Leo David,D-8,P-29,saas,2019-05-01,"$49,844.00",emp2710@meridian. co,left
E-2711,eve zane,D-27,P-25,saas,2015-03-27,36731,emp2711@meridian. co,active
E-2712,  Hu Sun  ,D-39,P-59,retail,02/01/2026,35711,  emp2712@meridian.com  ,active
E-2713,Zane Rose,D-6,P-79,retail,07-01-2024,"34 136,00",emp2713@meridian. co,active
E-2714,Tina Eve,D-32,P-86,mfg,10/26/2023,38671,emp2714@meridian. co,left
E-2715,GUO ROSE,D-7,P-18,retail,03/02/2018,41228,emp2715@meridian. co,left
E-2716,Ivy Bob,D-12,P-79,mfg,14-03-2016,"$51,679.00",EMP2716@MERIDIAN.COM,active
E-2717,Vera Tina,D-12,P-70,mfg,11/07/2016,46492,emp2717@meridian.COM,active
E-2718,Yuki Olive,D-38,P-23,mfg,2023-08-20,"$53,858.00",emp2718@meridian.com,active
E-2719,Karen Yuki,D-14,P-105,retail,06/27/2019,27 459,emp2719@meridian.com,active
E-2720,Bob Tina,D-36,P-37,retail,2024-01-25,37006,emp2720@meridian.com,active
E-2721,Guo Wu,D-10,P-91,retail,2021-03-03,"$11,095.00",emp2721@meridian.COM,active
E-2722,  Xavier Chen  ,D-12,P-20,retail,16-09-2019,"$45,636.00",emp2722@meridian. co,left
E-2723,Wendy Jack,D-32,P-109,mfg,2016-01-07,"$35,197.00",  emp2723@meridian.com  ,active
E-2724,Olive Chen,D-25,P-120,mfg,08-01-2023,"39 081,00",  emp2724@meridian. co  ,active
E-2725,Karen Eve,D-5,P-118,retail,2017-10-26,36098,  emp2725@meridian. co  ,active
E-2726,Tina Eve,D-16,P-92,saas,08/17/2026,"$41,616.00",emp2726@meridian. co,active
E-2727,Karen Leo,D-30,P-50,mfg,2024-06-27,23786,EMP2727@MERIDIAN. CO,active
E-2728,Grace Grace,D-40,P-6,mfg,2021-06-20,19694,  emp2728@meridian.com  ,active
E-2729,  David Vera  ,D-38,P-17,retail,2021-02-24,58055,emp2729@meridian.com,active
E-2730,David Umar,D-28,P-34,retail,01/20/2025,10577,  emp2730@meridian. co  ,active
E-2731,Eve Karen,D-8,P-95,retail,2015-04-15,"27 829,00",EMP2731@MERIDIAN. CO,active
E-2732,Wu Wang,D-3,P-67,retail,2022-08-15,15 764,EMP2732@MERIDIAN.COM,active
E-2733,Rose Grace,D-9,P-52,retail,2022-05-11,19611,emp2733@meridian.COM,active
E-2734,  Wang Sun  ,D-21,P-11,retail,2018-06-23,18966,  emp2734@meridian.COM  ,active
E-2735,JACK UMAR,D-30,P-41,mfg,12-07-2016,"$21,634.00",emp2735@meridian. co,active
E-2736,Olive Zane,D-34,P-119,mfg,2016-12-08,46 513,emp2736@meridian.com,active
E-2737,ROSE SAM,D-6,P-8,retail,2024-12-16,"20 799,00",emp2737@meridian.COM,active
E-2738,Umar Liu,D-9,P-77,retail,2023-07-01,47233,emp2738@meridian. co,active
E-2739,  Wu Zhang  ,D-21,P-21,retail,2024-04-01,37002,emp2739@meridian.COM,left
E-2740,  Henry Quinn  ,D-27,P-113,mfg,02-02-2016,"$5,940.00",emp2740@meridian.COM,left
E-2741,carol henry,D-26,P-24,retail,2015-02-18,31100,emp2741@meridian. co,active
E-2742,Yuki Vera,D-3,P-67,saas,2025-06-25,"$6,932.00",emp2742@meridian. co,active
E-2743,Frank Tina,D-27,P-84,saas,01/10/2016,"$41,192.00",emp2743@meridian.com,left
E-2744,Wendy Xavier,D-11,P-74,retail,2024-06-12,38668,emp2744@meridian.COM,active
E-2745,Nick David,D-14,P-9,retail,2016-06-26,"$20,020.00",  emp2745@meridian.com  ,active
E-2746,zane tina,D-3,P-12,retail,2019-02-16,25004,emp2746@meridian.COM,active
E-2747,Karen Sun,D-15,P-67,retail,2021-11-13,19524,EMP2747@MERIDIAN. CO,active
E-2748,  David Quinn  ,D-19,P-37,mfg,03/02/2024,"$16,146.00",EMP2748@MERIDIAN. CO,active
E-2749,Rose Olive,D-35,P-73,retail,2022-10-27,36725,emp2749@meridian.com,active
E-2750,Olive Karen,D-1,P-84,retail,2016-11-11,38266,EMP2750@MERIDIAN. CO,active
E-2751,  Umar Li  ,D-25,P-106,retail,2020-05-03,"20 382,00",emp2751@meridian.COM,left
E-2752,Alice Frank,D-30,P-48,mfg,2022-04-26,12002,emp2752@meridian.COM,left
E-2753,  Liu Alice  ,D-5,P-8,retail,03/07/2016,15757,emp2753@meridian.com,active
E-2754,XU TINA,D-13,P-84,retail,2017-10-11,48276,  emp2754@meridian.COM  ,active
E-2755,Vera Zane,D-13,P-96,retail,2017-06-07,38484,emp2755@meridian.COM,active
E-2756,  Hu Xu  ,D-35,P-9,retail,14-05-2026,"$12,052.00",  emp2756@meridian.com  ,active
E-2757,Hu Xu,D-6,P-106,saas,19-12-2026,34616,emp2757@meridian. co,active
E-2758,ZHANG YUKI,D-29,P-35,retail,2018-11-11,28091,emp2758@meridian.com,active
E-2759,Yuki Chen,D-4,P-116,mfg,2025-04-06,17814,  emp2759@meridian. co  ,left
E-2760,Ivy Eve,D-24,P-30,mfg,2020-08-11,"21 160,00",EMP2760@MERIDIAN.COM,active
E-2761,Nick Wendy,D-11,P-99,mfg,08/04/2026,28004,emp2761@meridian. co,active
E-2762,quinn zhao,D-16,P-106,mfg,2015-07-21,52125,emp2762@meridian. co,left
E-2763,Olive Frank,D-34,P-4,retail,2020-10-21,15521,emp2763@meridian. co,active
E-2764,Sun Wu,D-21,P-88,saas,06/15/2015,"$50,831.00",emp2764@meridian.com,active
E-2765,Wu Quinn,D-31,P-100,mfg,08-01-2023,36393,emp2765@meridian.com,active
E-2766,NICK ZHAO,D-12,P-85,retail,12/22/2019,9 872,EMP2766@MERIDIAN.COM,active
E-2767,  Bob Paul  ,D-37,P-48,retail,18-07-2022,43 278,emp2767@meridian.com,active
E-2768,Xu Li,D-34,P-56,retail,2023-03-17,"50 277,00",emp2768@meridian.com,active
E-2769,Olive Tina,D-9,P-118,saas,02/14/2018,"59 414,00",EMP2769@MERIDIAN.COM,active
E-2770,Zane Yuki,D-21,P-29,retail,2025-03-02,"$22,879.00",emp2770@meridian.COM,active
E-2771,quinn li,D-2,P-56,mfg,04/07/2018,"$45,984.00",emp2771@meridian. co,active
E-2772,Henry Lin,D-22,P-46,retail,2018-02-17,57641,emp2772@meridian.com,active
E-2773,Rose Umar,D-7,P-104,saas,2019-02-01,55858,emp2773@meridian. co,active
E-2774,zane leo,D-22,P-92,retail,2026-05-14,"$23,806.00",emp2774@meridian.com,left
E-2775,QUINN HENRY,D-19,P-2,mfg,02-09-2015,"$9,236.00",emp2775@meridian.com,active
E-2776,Yuki Quinn,D-14,P-98,mfg,18-03-2022,"$39,448.00",emp2776@meridian.com,active
E-2777,KAREN SAM,D-31,P-109,retail,01/15/2019,24404,emp2777@meridian. co,active
E-2778,Liu Hu,D-26,P-82,mfg,04-10-2016,54002,EMP2778@MERIDIAN.COM,active
E-2779,Liu Frank,D-24,P-99,retail,22-04-2021,38625,emp2779@meridian.COM,left
E-2780,  Jack Olive  ,D-11,P-24,retail,2022-10-18,"10 530,00",emp2780@meridian. co,active
E-2781,mona sun,D-29,P-71,retail,2019-12-17,33069,emp2781@meridian.COM,active
E-2782,Wu Guo,D-9,P-52,retail,06/18/2021,8016,emp2782@meridian.COM,left
E-2783,Chen Nick,D-13,P-117,retail,12/22/2021,33795,EMP2783@MERIDIAN. CO,active
E-2784,Tina Nick,D-30,P-85,mfg,2021-12-25,12681,EMP2784@MERIDIAN.COM,active
E-2785,Sun Lin,D-7,P-4,retail,12/28/2023,35704,  emp2785@meridian.COM  ,active
E-2786,  Tina Bob  ,D-5,P-118,mfg,12/01/2020,35272,EMP2786@MERIDIAN. CO,active
E-2787,Bob Sun,D-26,P-116,retail,2023-07-22,28041,emp2787@meridian.com,active
E-2788,  Liu Zhao  ,D-10,P-83,mfg,2017-10-17,44315,EMP2788@MERIDIAN. CO,active
E-2789,ROSE OLIVE,D-29,P-1,retail,09-02-2022,"$46,022.00",  emp2789@meridian.com  ,active
E-2790,  Li Karen  ,D-23,P-88,saas,18-02-2016,"$54,609.00",  emp2790@meridian.com  ,active
E-2791,Wu Olive,D-5,P-114,retail,08/16/2023,42851,emp2791@meridian.com,active
E-2792,  Sun Yuki  ,D-21,P-7,mfg,2024-09-22,28404,  emp2792@meridian. co  ,active
E-2793,Quinn Vera,D-29,P-84,mfg,2025-01-07,13244,emp2793@meridian. co,left
E-2794,Lin Yuki,D-3,P-40,retail,2018-05-15,21692,EMP2794@MERIDIAN.COM,active
E-2795,Zhao Carol,D-9,P-86,mfg,2025-01-11,43325,emp2795@meridian.COM,active
E-2796,Sun Frank,D-16,P-116,retail,2021-06-27,"$54,119.00",emp2796@meridian.com,active
E-2797,  Nick Paul  ,D-20,P-22,retail,2021-04-15,29304,emp2797@meridian.com,active
E-2798,Zhang Jack,D-28,P-61,retail,2021-08-28,29465,emp2798@meridian. co,active
E-2799,Karen Liu,D-38,P-18,saas,12/05/2026,27616,EMP2799@MERIDIAN. CO,active
E-2800,Paul Eve,D-8,P-118,mfg,2021-11-19,"$37,238.00",emp2800@meridian.com,left
E-2801,ZANE ZHANG,D-12,P-60,retail,26-05-2024,54411,emp2801@meridian.com,active
E-2802,Hu Karen,D-13,P-38,retail,09/18/2016,"$26,350.00",  emp2802@meridian.com  ,active
E-2803,Frank Sam,D-36,P-22,mfg,2016-06-10,"$15,623.00",emp2803@meridian.COM,active
E-2804,  Lin Umar  ,D-35,P-24,mfg,03/22/2015,39815,emp2804@meridian.com,active
E-2805,Vera Xavier,D-40,P-45,mfg,01/20/2025,15005,emp2805@meridian. co,active
E-2806,  Liu Zane  ,D-34,P-111,mfg,01-06-2019,"$17,461.00",emp2806@meridian.com,active
E-2807,Karen Leo,D-40,P-82,retail,2019-12-03,21528,emp2807@meridian.COM,active
E-2808,Zhou Henry,D-17,P-25,mfg,2026-06-09,35385,emp2808@meridian. co,active
E-2809,Wang Leo,D-11,P-13,retail,2018-09-23,51521,  emp2809@meridian. co  ,left
E-2810,Sam Zhang,D-19,P-91,retail,2018-11-14,50900,emp2810@meridian.com,active
E-2811,Guo Liu,D-4,P-115,retail,04/28/2017,36 856,emp2811@meridian.com,left
E-2812,  Carol Guo  ,D-28,P-42,retail,02/08/2024,"$17,983.00",emp2812@meridian. co,left
E-2813,Sam Ivy,D-5,P-106,retail,20-04-2016,46895,emp2813@meridian.COM,active
E-2814,WU DAVID,D-10,P-60,retail,09/20/2016,"28 794,00",  emp2814@meridian.com  ,active
E-2815,Zhou Grace,D-14,P-14,saas,02-10-2019,14 986,emp2815@meridian. co,left
E-2816,  Wendy Lin  ,D-10,P-66,retail,02/14/2026,57727,emp2816@meridian.COM,active
E-2817,ALICE LEO,D-36,P-82,mfg,2019-09-02,12145,emp2817@meridian. co,active
E-2818,Jack Guo,D-39,P-30,retail,2022-02-08,53219,emp2818@meridian.com,active
E-2819,Yuki Olive,D-34,P-85,saas,2024-01-22,47168,EMP2819@MERIDIAN.COM,active
E-2820,Li Bob,D-13,P-102,saas,13-08-2025,"59 673,00",  emp2820@meridian. co  ,active
E-2821,Wu Xu,D-35,P-96,retail,2020-09-03,"59 485,00",emp2821@meridian.COM,active
E-2822,Wendy Mona,D-4,P-14,retail,2025-05-17,"$50,979.00",emp2822@meridian.com,active
E-2823,nick leo,D-9,P-50,retail,11/01/2016,"$43,442.00",EMP2823@MERIDIAN.COM,active
E-2824,Sun Chen,D-17,P-1,saas,18-11-2024,13 469,emp2824@meridian. co,active
E-2825,Bob Wu,D-4,P-98,retail,2023-06-15,59499,emp2825@meridian.com,left
E-2826,Bob Chen,D-10,P-38,mfg,03-11-2024,"$47,000.00",EMP2826@MERIDIAN. CO,active
E-2827,  Paul Wu  ,D-1,P-94,mfg,01/11/2021,"$47,579.00",  emp2827@meridian. co  ,active
E-2828,Rose Alice,D-11,P-102,mfg,09/17/2026,38130,emp2828@meridian.com,left
E-2829,alice zane,D-12,P-76,retail,2023-04-22,"$7,204.00",emp2829@meridian.COM,active
E-2830,  Sun Jack  ,D-31,P-68,saas,08/11/2023,"$13,921.00",emp2830@meridian. co,active
E-2831,Hu Ivy,D-13,P-88,retail,2015-07-16,"$35,260.00",emp2831@meridian.com,active
E-2832,  Leo Jack  ,D-39,P-47,saas,2025-02-13,22068,emp2832@meridian.com,left
E-2833,BOB WANG,D-31,P-109,retail,02/03/2024,"$19,050.00",  emp2833@meridian.com  ,active
E-2834,  Leo Xavier  ,D-37,P-14,saas,2024-11-05,40863,emp2834@meridian.com,left
E-2835,Quinn Guo,D-22,P-52,retail,05/12/2020,19552,emp2835@meridian.COM,active
E-2836,David Alice,D-20,P-38,retail,06/12/2019,15076,emp2836@meridian.com,active
E-2837,EVE HU,D-35,P-114,saas,2018-09-07,43035,emp2837@meridian. co,active
E-2838,Lin Rose,D-20,P-117,mfg,20-10-2022,"$44,040.00",EMP2838@MERIDIAN. CO,left
E-2839,vera chen,D-37,P-75,retail,02/07/2016,"$33,068.00",emp2839@meridian. co,active
E-2840,Frank Guo,D-11,P-35,mfg,05/13/2024,48721,emp2840@meridian.COM,active
E-2841,  Karen Olive  ,D-8,P-67,mfg,2023-12-26,"$50,882.00",EMP2841@MERIDIAN. CO,active
E-2842,KAREN LIU,D-26,P-16,saas,2016-11-07,54459,emp2842@meridian.com,active
E-2843,Lin Ivy,D-13,P-116,mfg,03/03/2023,39055,  emp2843@meridian.com  ,active
E-2844,Karen Paul,D-16,P-72,retail,2025-09-27,16150,  emp2844@meridian.COM  ,left
E-2845,Paul Wang,D-24,P-14,retail,2022-08-02,"28 111,00",  emp2845@meridian.com  ,active
E-2846,Carol Guo,D-27,P-76,mfg,05-10-2026,"$27,125.00",emp2846@meridian. co,active
E-2847,Liu Frank,D-11,P-113,retail,19-03-2020,"54 362,00",emp2847@meridian.com,active
E-2848,Hu Carol,D-25,P-17,mfg,01/04/2018,18 480,emp2848@meridian.com,active
E-2849,Grace Wendy,D-10,P-12,mfg,08/24/2024,27844,EMP2849@MERIDIAN.COM,left
E-2850,Grace Tina,D-15,P-33,retail,09/08/2022,15789,  emp2850@meridian.COM  ,active
E-2851,XU FRANK,D-9,P-90,retail,25-07-2018,41788,emp2851@meridian.com,active
E-2852,Leo Xu,D-15,P-63,retail,2016-12-01,"$26,707.00",  emp2852@meridian.COM  ,active
E-2853,Zhou Yuki,D-21,P-63,retail,2022-06-03,"$15,899.00",emp2853@meridian.com,left
E-2854,Wu Li,D-11,P-2,saas,2018-12-16,41359,emp2854@meridian.COM,active
E-2855,Jack Leo,D-16,P-25,retail,08/12/2025,"43 721,00",emp2855@meridian.com,active
E-2856,grace henry,D-20,P-6,mfg,2021-04-07,21572,emp2856@meridian.COM,active
E-2857,LEO KAREN,D-14,P-16,saas,07/21/2026,21578,emp2857@meridian. co,active
E-2858,  Rose Karen  ,D-22,P-34,retail,11/28/2024,"14 243,00",EMP2858@MERIDIAN.COM,active
E-2859,LEO XAVIER,D-29,P-95,retail,25-10-2022,38858,emp2859@meridian. co,left
E-2860,wang chen,D-22,P-31,mfg,2020-07-25,30307,emp2860@meridian. co,active
E-2861,Yuki Chen,D-16,P-77,mfg,12-08-2017,59475,emp2861@meridian.com,active
E-2862,Ivy Yuki,D-23,P-38,retail,2016-04-12,13731,  emp2862@meridian. co  ,left
E-2863,MONA PAUL,D-38,P-75,retail,11/01/2026,41251,emp2863@meridian.com,active
E-2864,li vera,D-31,P-82,mfg,2020-11-26,49229,emp2864@meridian. co,left
E-2865,Alice Yuki,D-40,P-117,retail,10/24/2022,11089,emp2865@meridian.COM,left
E-2866,  Mona Ivy  ,D-37,P-71,saas,2020-12-10,46450,  emp2866@meridian.com  ,active
E-2867,GRACE BOB,D-16,P-23,retail,2016-03-25,54 019,emp2867@meridian. co,active
E-2868,ZANE ZHANG,D-17,P-46,retail,2025-12-05,"8 271,00",  emp2868@meridian.COM  ,active
E-2869,Zhang Carol,D-33,P-19,saas,2023-01-04,10 242,  emp2869@meridian. co  ,active
E-2870,yuki wendy,D-11,P-78,retail,2016-02-11,"$57,155.00",emp2870@meridian.COM,active
E-2871,paul yuki,D-7,P-53,mfg,2018-07-19,"14 930,00",EMP2871@MERIDIAN. CO,active
E-2872,WU GRACE,D-14,P-43,retail,2018-04-24,6707,emp2872@meridian.com,active
E-2873,Guo Olive,D-20,P-24,retail,2023-11-26,"18 205,00",emp2873@meridian. co,active
E-2874,liu zhang,D-29,P-78,retail,2025-02-18,5496,emp2874@meridian.com,active
E-2875,  Zhou Ivy  ,D-35,P-116,retail,2019-07-15,21922,EMP2875@MERIDIAN. CO,active
E-2876,zane sam,D-24,P-41,saas,2017-03-13,"$24,488.00",emp2876@meridian.com,active
E-2877,Yuki Li,D-3,P-90,retail,2018-07-02,54 082,EMP2877@MERIDIAN.COM,left
E-2878,PAUL LEO,D-4,P-27,mfg,2019-02-24,"$25,430.00",emp2878@meridian. co,active
E-2879,  Wang Chen  ,D-14,P-111,retail,2021-11-18,"$39,489.00",emp2879@meridian.COM,active
E-2880,  Vera Wu  ,D-33,P-38,retail,12/24/2024,37491,emp2880@meridian.com,active
E-2881,Wu Zhou,D-23,P-11,mfg,26-11-2022,27442,emp2881@meridian. co,active
E-2882,Quinn Bob,D-6,P-14,retail,10-09-2020,26599,EMP2882@MERIDIAN. CO,active
E-2883,bob rose,D-34,P-13,mfg,2025-08-18,22402,emp2883@meridian.COM,active
E-2884,  Chen Wu  ,D-4,P-79,mfg,01-09-2015,30439,emp2884@meridian.com,active
E-2885,Zhao Lin,D-20,P-117,retail,08-03-2021,55 452,EMP2885@MERIDIAN. CO,active
E-2886,  Olive Zane  ,D-4,P-115,mfg,28-07-2015,33809,emp2886@meridian.com,left
E-2887,Wang Frank,D-20,P-32,mfg,10-02-2024,"$34,183.00",  emp2887@meridian.com  ,active
E-2888,Liu Paul,D-40,P-69,retail,2025-09-24,21907,emp2888@meridian.com,active
E-2889,  Frank Frank  ,D-22,P-48,mfg,2021-09-17,20 843,emp2889@meridian.com,active
E-2890,  Li Yuki  ,D-31,P-118,mfg,01/07/2019,53916,emp2890@meridian.COM,active
E-2891,  Rose Lin  ,D-18,P-50,retail,2025-11-23,"$33,877.00",emp2891@meridian.COM,active
E-2892,Guo Mona,D-23,P-113,mfg,2024-07-10,41033,emp2892@meridian.com,active
E-2893,  Karen Carol  ,D-19,P-55,mfg,2020-07-26,"$27,639.00",EMP2893@MERIDIAN.COM,active
E-2894,Rose Nick,D-25,P-104,retail,2015-06-17,"$32,602.00",emp2894@meridian. co,active
E-2895,Frank Zane,D-30,P-42,retail,2018-04-07,52404,emp2895@meridian.com,left
E-2896,WU XAVIER,D-33,P-61,retail,08/14/2017,51326,  emp2896@meridian. co  ,active
E-2897,Zhang Zane,D-4,P-48,mfg,2026-06-09,34445,emp2897@meridian.COM,active
E-2898,Henry Lin,D-28,P-112,mfg,2016-03-15,"$19,404.00",emp2898@meridian. co,left
E-2899,XU FRANK,D-20,P-74,mfg,2024-02-14,37878,EMP2899@MERIDIAN. CO,active
E-2900,Guo Zane,D-36,P-39,mfg,08-11-2016,7326,emp2900@meridian.COM,active
E-2901,Jack Lin,D-30,P-55,retail,2020-07-07,"22 338,00",EMP2901@MERIDIAN. CO,active
E-2902,VERA MONA,D-31,P-66,retail,10/15/2023,53829,emp2902@meridian.COM,left
E-2903,  Tina Ivy  ,D-6,P-12,retail,11/07/2019,"$50,894.00",emp2903@meridian.com,left
E-2904,Sun Olive,D-29,P-106,mfg,01/05/2022,9654,emp2904@meridian.com,active
E-2905,Liu Olive,D-37,P-14,saas,2017-08-16,29366,emp2905@meridian. co,active
E-2906,Wendy Zhang,D-4,P-27,mfg,01/01/2025,11 803,EMP2906@MERIDIAN.COM,active
E-2907,Alice Wu,D-21,P-77,saas,2020-04-07,"$59,260.00",  emp2907@meridian.COM  ,active
E-2908,Liu Henry,D-30,P-92,retail,04/23/2015,13636,emp2908@meridian.com,active
E-2909,Carol Hu,D-8,P-92,retail,2015-02-06,16850,EMP2909@MERIDIAN.COM,active
E-2910,  Carol Olive  ,D-12,P-38,mfg,26-10-2020,16141,emp2910@meridian.COM,active
E-2911,ALICE GUO,D-7,P-34,retail,05/21/2020,30591,  emp2911@meridian.com  ,active
E-2912,  Bob Li  ,D-17,P-70,retail,11-01-2021,42497,emp2912@meridian. co,active
E-2913,Umar Zhou,D-20,P-101,saas,10/09/2015,21320,EMP2913@MERIDIAN.COM,active
E-2914,HENRY GUO,D-27,P-84,saas,06/08/2019,34980,emp2914@meridian. co,active
E-2915,Frank Zhao,D-34,P-33,saas,2023-06-11,59664,emp2915@meridian.com,active
E-2916,Alice Quinn,D-15,P-46,saas,2017-08-04,53356,EMP2916@MERIDIAN.COM,left
E-2917,  Xavier Henry  ,D-16,P-42,retail,2015-01-07,29843,emp2917@meridian. co,active
E-2918,Zhang Quinn,D-5,P-62,mfg,2023-02-18,6 306,EMP2918@MERIDIAN. CO,active
E-2919,  Umar Hu  ,D-3,P-7,retail,2018-10-11,38580,emp2919@meridian.COM,active
E-2920,Leo Eve,D-15,P-51,saas,2016-03-25,"22 320,00",  emp2920@meridian. co  ,active
E-2921,  David Quinn  ,D-28,P-107,retail,2026-08-15,15317,emp2921@meridian.COM,active
E-2922,VERA YUKI,D-10,P-60,mfg,2017-11-12,"$48,469.00",emp2922@meridian. co,active
E-2923,wu vera,D-20,P-2,retail,2022-10-06,"44 268,00",EMP2923@MERIDIAN. CO,active
E-2924,xu leo,D-15,P-2,retail,2015-05-19,34843,emp2924@meridian.com,active
E-2925,  Wang David  ,D-12,P-96,mfg,28-12-2024,"11 747,00",emp2925@meridian. co,active
E-2926,Zane Liu,D-18,P-68,saas,2015-10-02,49157,emp2926@meridian.com,active
E-2927,  Sam Tina  ,D-33,P-108,saas,26-10-2018,"28 223,00",emp2927@meridian.com,active
E-2928,vera leo,D-3,P-21,saas,07/25/2015,"54 509,00",emp2928@meridian. co,active
E-2929,  Chen Sam  ,D-12,P-74,mfg,2020-08-26,44690,  emp2929@meridian. co  ,active
E-2930,IVY SUN,D-25,P-104,saas,2017-02-09,11918,emp2930@meridian. co,active
E-2931,Paul Henry,D-4,P-88,retail,2023-02-27,"38 643,00",emp2931@meridian.COM,left
E-2932,  Mona Leo  ,D-27,P-7,mfg,2015-03-07,"$23,515.00",EMP2932@MERIDIAN.COM,active
E-2933,  Frank Zhou  ,D-28,P-111,retail,27-02-2026,21600,emp2933@meridian.com,active
E-2934,  Leo Alice  ,D-33,P-116,mfg,24-04-2019,"41 964,00",emp2934@meridian.com,left
E-2935,HU LI,D-25,P-55,retail,2026-10-22,45441,EMP2935@MERIDIAN.COM,active
E-2936,Wu Li,D-34,P-52,mfg,06/23/2017,47831,emp2936@meridian.COM,active
E-2937,Wang Wu,D-15,P-54,mfg,2021-09-06,40749,emp2937@meridian.com,active
E-2938,Sam Sam,D-26,P-73,retail,02-09-2016,"$30,306.00",emp2938@meridian.com,active
E-2939,Li Carol,D-6,P-56,retail,08-10-2024,49 422,  emp2939@meridian.COM  ,active
E-2940,NICK JACK,D-13,P-27,mfg,2015-05-15,38871,emp2940@meridian.com,active
E-2941,CHEN TINA,D-32,P-60,retail,09/17/2021,"$32,967.00",  emp2941@meridian.com  ,active
E-2942,ROSE WU,D-4,P-46,retail,2021-02-10,"$35,796.00",emp2942@meridian. co,active
E-2943,ALICE LIN,D-35,P-71,retail,11/08/2018,"$33,242.00",  emp2943@meridian.com  ,active
E-2944,Carol Grace,D-23,P-13,retail,11/05/2025,"$52,355.00",  emp2944@meridian.COM  ,active
E-2945,Leo Yuki,D-17,P-14,retail,12/19/2023,45284,EMP2945@MERIDIAN.COM,active
E-2946,Zhao Sam,D-39,P-34,retail,08/17/2018,"7 139,00",emp2946@meridian. co,active
E-2947,Li Wang,D-5,P-101,mfg,16-12-2015,"$27,725.00",EMP2947@MERIDIAN.COM,left
E-2948,li grace,D-13,P-55,saas,04-08-2018,"$22,638.00",EMP2948@MERIDIAN.COM,active
E-2949,Xu Nick,D-28,P-55,retail,2017-11-17,6541,  emp2949@meridian. co  ,active
E-2950,david carol,D-18,P-72,mfg,12/18/2026,8608,emp2950@meridian.com,active
E-2951,Wang Zhou,D-31,P-8,retail,23-06-2023,28268,  emp2951@meridian. co  ,active
E-2952,ROSE XU,D-18,P-114,mfg,2021-09-27,"$46,203.00",emp2952@meridian.com,active
E-2953,UMAR TINA,D-39,P-28,retail,2023-03-19,40979,  emp2953@meridian. co  ,active
E-2954,CHEN UMAR,D-38,P-32,retail,11/13/2020,49270,emp2954@meridian.COM,left
E-2955,Chen Liu,D-6,P-3,saas,2024-03-22,"$50,000.00",emp2955@meridian.COM,active
E-2956,Zane Leo,D-14,P-80,retail,15-04-2018,48009,  emp2956@meridian.com  ,active
E-2957,  Xu Xu  ,D-2,P-90,retail,2020-06-18,6576,emp2957@meridian.COM,active
E-2958,Jack Liu,D-13,P-23,saas,16-01-2024,"$35,974.00",emp2958@meridian. co,active
E-2959,xu guo,D-28,P-104,mfg,12/19/2016,14072,emp2959@meridian. co,active
E-2960,Zhou Eve,D-2,P-56,retail,2019-05-07,33 116,emp2960@meridian. co,active
E-2961,li quinn,D-1,P-94,retail,2026-09-05,56214,emp2961@meridian. co,active
E-2962,Guo Xavier,D-18,P-86,mfg,22-05-2019,41832,EMP2962@MERIDIAN.COM,active
E-2963,Zhang Mona,D-29,P-29,retail,02/24/2016,23890,emp2963@meridian.com,active
E-2964,WU BOB,D-5,P-94,retail,10-07-2016,50287,emp2964@meridian.com,active
E-2965,Li Paul,D-22,P-64,mfg,18-03-2025,11779,EMP2965@MERIDIAN.COM,active
E-2966,Rose Jack,D-25,P-58,mfg,07/04/2017,"$28,612.00",emp2966@meridian.com,left
E-2967,WU OLIVE,D-31,P-33,retail,09/24/2023,39554,emp2967@meridian. co,active
E-2968,liu david,D-26,P-50,mfg,10/19/2026,23 898,EMP2968@MERIDIAN.COM,active
E-2969,Tina Guo,D-32,P-98,retail,2022-09-03,"$40,649.00",emp2969@meridian. co,left
E-2970,  Sam Alice  ,D-9,P-17,retail,2022-12-27,43261,emp2970@meridian.COM,active
E-2971,Xavier Leo,D-30,P-1,mfg,24-10-2024,"$56,808.00",emp2971@meridian. co,active
E-2972,ZHAO MONA,D-34,P-77,mfg,2020-12-15,"$37,642.00",emp2972@meridian.com,active
E-2973,Guo Alice,D-29,P-111,retail,12/02/2020,53359,emp2973@meridian.com,active
E-2974,Eve Jack,D-5,P-80,retail,2019-03-13,"$15,729.00",emp2974@meridian.COM,active
E-2975,Quinn Zhang,D-40,P-35,retail,10-10-2023,14948,emp2975@meridian.com,active
E-2976,Ivy Zhang,D-35,P-79,retail,16-05-2023,45565,emp2976@meridian.COM,active
E-2977,Wu Olive,D-18,P-89,retail,08-08-2017,"$43,032.00",emp2977@meridian.COM,active
E-2978,Olive David,D-24,P-48,retail,07/25/2022,"$51,307.00",EMP2978@MERIDIAN.COM,active
E-2979,Vera Paul,D-33,P-87,saas,18-07-2023,30588,EMP2979@MERIDIAN. CO,active
E-2980,Carol Quinn,D-8,P-14,mfg,2019-08-13,48200,  emp2980@meridian.COM  ,active
E-2981,  Chen Yuki  ,D-6,P-88,retail,12-08-2022,"32 018,00",EMP2981@MERIDIAN.COM,active
E-2982,Alice Guo,D-30,P-85,saas,04-07-2015,57495,EMP2982@MERIDIAN. CO,active
E-2983,ZHAO GUO,D-18,P-70,mfg,2019-08-23,"$53,473.00",emp2983@meridian. co,active
E-2984,Jack Wu,D-29,P-64,mfg,10/18/2025,15666,emp2984@meridian. co,left
E-2985,Mona Karen,D-30,P-39,retail,2023-11-17,42917,  emp2985@meridian.com  ,left
E-2986,CAROL LIU,D-35,P-101,saas,12/26/2016,26148,emp2986@meridian. co,active
E-2987,SUN FRANK,D-32,P-105,retail,24-06-2026,16775,  emp2987@meridian. co  ,active
E-2988,Wu Nick,D-26,P-117,mfg,05/18/2019,58 320,emp2988@meridian. co,active
E-2989,Paul Olive,D-31,P-64,mfg,2022-09-24,18826,emp2989@meridian. co,active
E-2990,zhao mona,D-35,P-7,mfg,2021-06-05,"53 846,00",emp2990@meridian. co,active
E-2991,  Olive Wendy  ,D-17,P-56,mfg,2015-11-23,19446,  emp2991@meridian.com  ,active
E-2992,Zane Yuki,D-13,P-64,mfg,12/12/2016,7479,  emp2992@meridian. co  ,active
E-2993,  Quinn Li  ,D-40,P-74,mfg,08/08/2017,51071,emp2993@meridian.com,active
E-2994,  Umar Frank  ,D-30,P-59,saas,2015-12-27,38581,emp2994@meridian.com,active
E-2995,  Liu Xu  ,D-22,P-70,retail,13-10-2015,"53 668,00",  emp2995@meridian.COM  ,active
E-2996,  Li Nick  ,D-17,P-91,retail,03-11-2022,"$7,510.00",emp2996@meridian. co,active
E-2997,Guo Zhou,D-17,P-7,saas,2019-07-19,7147,emp2997@meridian.COM,active
E-2998,  Chen Sun  ,D-8,P-67,retail,2016-05-21,20608,emp2998@meridian. co,active
E-2999,Li Alice,D-35,P-46,mfg,22-01-2017,"58 168,00",emp2999@meridian.com,active
E-3000,YUKI EVE,D-38,P-1,retail,10/28/2020,15245,emp3000@meridian. co,active
E-3001,Wendy Karen,D-26,P-3,retail,2016-04-04,"15 731,00",emp3001@meridian. co,active
E-3002,Rose Karen,D-6,P-100,retail,2019-11-21,44 591,emp3002@meridian.com,active
E-3003,Xavier David,D-30,P-114,retail,06/09/2025,18867,  emp3003@meridian.com  ,active
E-3004,Chen Tina,D-11,P-39,retail,12/24/2023,15835,  emp3004@meridian. co  ,active
E-3005,  Li Umar  ,D-16,P-42,retail,08-06-2021,39568,emp3005@meridian. co,active
E-3006,  Chen Quinn  ,D-2,P-79,mfg,2021-05-24,29078,EMP3006@MERIDIAN. CO,active
E-3007,Wang Eve,D-16,P-16,mfg,13-11-2021,20432,emp3007@meridian.COM,active
E-3008,alice ivy,D-36,P-101,mfg,08/28/2022,"$54,331.00",EMP3008@MERIDIAN.COM,left
E-3009,Carol Jack,D-8,P-74,mfg,2019-05-06,"$34,867.00",emp3009@meridian.COM,active
E-3010,Wu Yuki,D-23,P-63,retail,12/13/2024,"$29,404.00",emp3010@meridian. co,left
E-3011,rose li,D-36,P-108,retail,2017-08-17,"$41,127.00",emp3011@meridian. co,active
E-3012,GRACE HU,D-2,P-53,retail,04/13/2018,"$11,703.00",EMP3012@MERIDIAN.COM,left
E-3013,  Karen Rose  ,D-19,P-53,mfg,23-11-2015,26046,emp3013@meridian.COM,left
E-3014,  Olive Leo  ,D-6,P-29,retail,01/28/2021,35631,emp3014@meridian.COM,active
E-3015,ZHAO ZANE,D-21,P-49,mfg,26-05-2019,33113,EMP3015@MERIDIAN. CO,active
E-3016,ROSE XAVIER,D-1,P-69,retail,12-11-2016,50701,  emp3016@meridian. co  ,left
E-3017,Wu Mona,D-13,P-64,retail,23-12-2017,13 993,emp3017@meridian.com,active
E-3018,Rose Paul,D-22,P-36,mfg,09/14/2017,28491,emp3018@meridian.com,active
E-3019,wang olive,D-38,P-112,retail,2020-06-03,"$9,252.00",emp3019@meridian. co,active
E-3020,EVE SAM,D-31,P-33,retail,2020-08-27,13181,  emp3020@meridian.COM  ,active
E-3021,XAVIER HU,D-32,P-13,retail,04-08-2023,"$8,103.00",emp3021@meridian.COM,active
E-3022,Karen Li,D-2,P-99,retail,2015-11-20,"$17,183.00",emp3022@meridian.COM,left
E-3023,leo zhao,D-19,P-53,retail,02/22/2022,"12 193,00",emp3023@meridian.com,active
E-3024,  Sam Umar  ,D-5,P-70,retail,2025-02-20,28027,  emp3024@meridian. co  ,active
E-3025,Carol Frank,D-40,P-100,retail,19-07-2016,"$56,041.00",emp3025@meridian. co,active
E-3026,David Sam,D-24,P-112,mfg,25-11-2016,52 297,emp3026@meridian.COM,active
E-3027,  Rose Nick  ,D-34,P-100,mfg,2023-08-09,53719,emp3027@meridian. co,active
E-3028,  Frank Paul  ,D-22,P-115,saas,2024-05-08,34059,emp3028@meridian.COM,active
E-3029,Vera Tina,D-23,P-80,mfg,2017-09-01,44862,emp3029@meridian.COM,active
E-3030,Vera Yuki,D-26,P-12,saas,2025-02-14,"$16,875.00",emp3030@meridian.COM,active
E-3031,Zane Tina,D-10,P-93,mfg,10/15/2022,51 472,EMP3031@MERIDIAN.COM,active
E-3032,Grace Bob,D-7,P-83,mfg,17-07-2019,"39 612,00",emp3032@meridian. co,active
E-3033,Zane Olive,D-21,P-33,retail,2017-03-01,12 138,EMP3033@MERIDIAN.COM,active
E-3034,lin eve,D-6,P-39,retail,15-06-2021,"$46,277.00",emp3034@meridian.com,active
E-3035,  Chen Karen  ,D-5,P-14,mfg,2016-03-04,57 246,emp3035@meridian. co,active
E-3036,wu zhang,D-6,P-64,retail,2024-10-06,29010,emp3036@meridian.com,active
E-3037,Karen Carol,D-1,P-73,retail,2026-10-22,"$59,033.00",emp3037@meridian. co,active
E-3038,PAUL PAUL,D-3,P-44,retail,09/11/2018,56917,emp3038@meridian.com,active
E-3039,Grace Wang,D-33,P-106,saas,09/24/2017,42403,EMP3039@MERIDIAN.COM,active
E-3040,Olive Bob,D-4,P-96,retail,07-05-2026,"$29,435.00",emp3040@meridian.com,active
E-3041,  Vera Wu  ,D-32,P-116,mfg,02/06/2026,29501,EMP3041@MERIDIAN.COM,active
E-3042,Wu Olive,D-16,P-55,saas,08/10/2016,"$36,883.00",  emp3042@meridian.com  ,active
E-3043,Zane Zhao,D-39,P-80,mfg,2015-09-26,"45 843,00",  emp3043@meridian.COM  ,left
E-3044,  Leo Zhao  ,D-14,P-119,mfg,21-12-2020,14664,EMP3044@MERIDIAN. CO,left
E-3045,david zhao,D-12,P-51,mfg,2022-03-06,13392,emp3045@meridian. co,active
E-3046,Wang Li,D-8,P-81,saas,2015-10-05,27678,  emp3046@meridian.com  ,active
E-3047,  Sun Grace  ,D-28,P-19,mfg,02/21/2021,38 314,emp3047@meridian.com,left
E-3048,  Henry Lin  ,D-2,P-35,retail,12/15/2024,15561,  emp3048@meridian.com  ,active
E-3049,Wu Nick,D-15,P-5,retail,25-09-2023,20907,  emp3049@meridian.com  ,active
E-3050,sam grace,D-6,P-74,retail,2025-12-15,46949,emp3050@meridian.com,active
E-3051,Ivy Karen,D-28,P-34,retail,15-08-2025,51 512,emp3051@meridian. co,active
E-3052,  Chen Sam  ,D-19,P-62,mfg,02-11-2022,7997,emp3052@meridian.com,active
E-3053,FRANK VERA,D-29,P-16,retail,16-09-2020,28949,emp3053@meridian.com,active
E-3054,  Sam Wang  ,D-29,P-71,mfg,08/15/2024,"$33,809.00",  emp3054@meridian.COM  ,active
E-3055,ZANE GRACE,D-35,P-91,retail,19-10-2019,33807,  emp3055@meridian. co  ,active
E-3056,Paul Zhou,D-27,P-84,retail,2017-07-14,"42 902,00",emp3056@meridian.COM,active
E-3057,Henry Alice,D-26,P-12,saas,11/07/2023,"58 189,00",  emp3057@meridian.com  ,active
E-3058,NICK KAREN,D-33,P-6,mfg,2020-12-14,30128,  emp3058@meridian.COM  ,active
E-3059,Zhao Nick,D-28,P-110,saas,09/19/2024,14520,  emp3059@meridian.COM  ,active
E-3060,umar grace,D-38,P-120,mfg,2025-03-25,"$8,048.00",EMP3060@MERIDIAN. CO,active
E-3061,  Sun Nick  ,D-37,P-41,mfg,01/03/2017,"$29,850.00",emp3061@meridian. co,active
E-3062,YUKI KAREN,D-33,P-27,saas,11/28/2017,"12 162,00",EMP3062@MERIDIAN.COM,left
E-3063,Zhang Alice,D-26,P-78,mfg,05/20/2026,"$46,082.00",emp3063@meridian.com,active
E-3064,HU JACK,D-29,P-33,retail,2021-11-23,24641,emp3064@meridian. co,active
E-3065,Hu Karen,D-3,P-105,retail,25-01-2026,13967,  emp3065@meridian.COM  ,active
E-3066,Lin Henry,D-8,P-107,retail,2017-07-23,"$56,053.00",EMP3066@MERIDIAN.COM,left
E-3067,Lin David,D-32,P-78,retail,2025-01-10,38314,EMP3067@MERIDIAN.COM,active
E-3068,VERA CAROL,D-22,P-88,mfg,17-01-2016,56713,emp3068@meridian.com,active
E-3069,ZANE VERA,D-39,P-31,retail,03/24/2016,"$27,859.00",EMP3069@MERIDIAN.COM,active
E-3070,Eve Carol,D-27,P-7,retail,2021-03-09,21 647,  emp3070@meridian.COM  ,left
E-3071,  Yuki Alice  ,D-30,P-75,retail,25-02-2022,52 923,emp3071@meridian.COM,active
E-3072,  Olive Wang  ,D-39,P-90,retail,2021-06-25,33328,  emp3072@meridian.COM  ,active
E-3073,KAREN MONA,D-24,P-72,mfg,2019-01-22,28 188,emp3073@meridian.com,active
E-3074,Mona David,D-6,P-10,retail,2025-01-16,"39 527,00",emp3074@meridian.COM,active
E-3075,OLIVE ROSE,D-19,P-90,mfg,2019-11-27,"$46,415.00",EMP3075@MERIDIAN.COM,active
E-3076,Paul Ivy,D-37,P-113,saas,25-01-2020,17723,  emp3076@meridian.COM  ,active
E-3077,Mona Paul,D-30,P-25,retail,13-08-2023,48334,emp3077@meridian.com,active
E-3078,Vera Rose,D-27,P-78,mfg,03/09/2015,"$39,227.00",EMP3078@MERIDIAN.COM,active
E-3079,Henry Hu,D-29,P-72,saas,09/14/2019,"$7,663.00",EMP3079@MERIDIAN.COM,active
E-3080,Umar Leo,D-3,P-45,mfg,2016-04-27,"$46,564.00",EMP3080@MERIDIAN. CO,active
E-3081,Wendy Sun,D-8,P-84,saas,07/13/2016,6205,emp3081@meridian.com,active
E-3082,Frank Carol,D-6,P-62,retail,2018-03-22,27271,emp3082@meridian.COM,left
E-3083,Umar Tina,D-8,P-15,saas,01/04/2026,"$19,270.00",emp3083@meridian.COM,active
E-3084,XU OLIVE,D-35,P-17,retail,24-11-2020,36619,emp3084@meridian.COM,active
E-3085,  Alice David  ,D-16,P-49,retail,2018-01-24,"$20,222.00",  emp3085@meridian.com  ,active
E-3086,  Xavier Sun  ,D-34,P-64,retail,2026-02-18,"$20,070.00",emp3086@meridian. co,active
E-3087,DAVID GRACE,D-13,P-18,retail,08/24/2015,"$43,846.00",emp3087@meridian.com,active
E-3088,mona lin,D-4,P-73,retail,2015-11-09,"13 403,00",  emp3088@meridian.COM  ,active
E-3089,  Rose Wu  ,D-5,P-58,saas,2025-01-21,26408,emp3089@meridian. co,active
E-3090,Guo Yuki,D-23,P-108,retail,2016-08-25,23726,emp3090@meridian.com,active
E-3091,Wu Paul,D-28,P-87,retail,10/15/2016,44223,emp3091@meridian.COM,left
E-3092,Wendy Alice,D-12,P-22,retail,22-09-2019,12528,  emp3092@meridian. co  ,active
E-3093,  Wang Hu  ,D-40,P-77,saas,2019-08-22,"$10,722.00",emp3093@meridian. co,active
E-3094,  Mona Grace  ,D-8,P-107,saas,2015-06-13,"$19,922.00",emp3094@meridian.com,active
E-3095,Carol Grace,D-35,P-38,mfg,02/20/2020,25606,emp3095@meridian.COM,active
E-3096,Wu Olive,D-31,P-97,retail,07/19/2019,19225,  emp3096@meridian. co  ,active
E-3097,Wu Yuki,D-26,P-23,retail,23-02-2023,11895,  emp3097@meridian.com  ,active
E-3098,  Leo Leo  ,D-37,P-82,retail,2022-11-12,16904,emp3098@meridian.com,left
E-3099,WU XU,D-9,P-108,saas,09/04/2024,"33 187,00",  emp3099@meridian.COM  ,active
E-3100,Sam Umar,D-18,P-119,retail,10/19/2024,44046,emp3100@meridian.COM,active
E-3101,Jack Tina,D-37,P-50,retail,2019-04-24,32144,emp3101@meridian.com,active
E-3102,TINA HU,D-19,P-30,mfg,2017-04-28,46978,emp3102@meridian.COM,active
E-3103,GUO ZHAO,D-2,P-78,retail,22-12-2018,10754,emp3103@meridian. co,active
E-3104,Sun Zane,D-25,P-19,retail,2025-12-21,"$8,849.00",emp3104@meridian.COM,active
E-3105,  Frank Liu  ,D-12,P-9,mfg,02-06-2023,7 889,  emp3105@meridian.COM  ,active
E-3106,Xu Carol,D-15,P-2,mfg,06/24/2023,55802,EMP3106@MERIDIAN.COM,active
E-3107,Karen Xavier,D-34,P-39,saas,07/21/2016,"$23,856.00",emp3107@meridian. co,active
E-3108,Quinn Xavier,D-38,P-31,mfg,2016-09-22,56417,EMP3108@MERIDIAN.COM,active
E-3109,Olive Chen,D-23,P-33,saas,2025-03-01,"$43,372.00",emp3109@meridian.com,active
E-3110,  David Leo  ,D-33,P-26,mfg,11/02/2016,"44 006,00",emp3110@meridian. co,active
E-3111,  Carol Mona  ,D-29,P-8,retail,2019-12-08,11447,emp3111@meridian. co,active
E-3112,Guo Wu,D-34,P-20,retail,06-04-2021,"$17,438.00",emp3112@meridian.com,active
E-3113,  Umar Guo  ,D-24,P-55,saas,04/21/2024,17389,emp3113@meridian.COM,active
E-3114,Carol Zhao,D-35,P-76,mfg,07/15/2023,"15 459,00",  emp3114@meridian. co  ,active
E-3115,Zhao Xu,D-5,P-15,retail,06/26/2025,"$56,339.00",emp3115@meridian.COM,active
E-3116,  Karen Wu  ,D-25,P-25,retail,2026-04-20,37254,  emp3116@meridian.COM  ,active
E-3117,nick li,D-27,P-79,mfg,2020-06-26,"52 090,00",  emp3117@meridian. co  ,left
E-3118,Frank Tina,D-29,P-28,saas,02/18/2021,"$47,292.00",emp3118@meridian. co,active
E-3119,Guo Umar,D-19,P-70,saas,2023-01-16,17107,EMP3119@MERIDIAN.COM,left
E-3120,HENRY NICK,D-2,P-38,retail,2020-10-21,46816,EMP3120@MERIDIAN.COM,active
E-3121,  Nick Nick  ,D-27,P-35,saas,02-01-2017,"$31,423.00",emp3121@meridian.COM,active
E-3122,Xu Hu,D-1,P-73,retail,10/05/2020,40663,EMP3122@MERIDIAN. CO,active
E-3123,Wu Quinn,D-36,P-107,retail,2021-03-26,37529,emp3123@meridian. co,active
E-3124,Lin Guo,D-36,P-119,retail,10/20/2025,47112,emp3124@meridian.com,active
E-3125,EVE GUO,D-13,P-118,retail,2021-12-11,40 902,  emp3125@meridian.COM  ,active
E-3126,Zane Mona,D-6,P-117,retail,09/28/2015,"$47,467.00",EMP3126@MERIDIAN.COM,active
E-3127,Zhou Leo,D-16,P-77,mfg,09/23/2022,"$22,168.00",EMP3127@MERIDIAN.COM,active
E-3128,  Nick Sun  ,D-24,P-107,saas,08/23/2016,"$52,493.00",EMP3128@MERIDIAN.COM,active
E-3129,Paul Bob,D-6,P-119,mfg,2017-06-15,12182,emp3129@meridian. co,active
E-3130,Karen Bob,D-27,P-91,mfg,2026-10-24,6494,emp3130@meridian.COM,active
E-3131,Henry Wang,D-10,P-21,retail,15-02-2018,"$9,996.00",emp3131@meridian. co,active
E-3132,Paul Hu,D-1,P-21,mfg,2019-12-11,27075,EMP3132@MERIDIAN.COM,active
E-3133,GUO LI,D-1,P-38,saas,16-04-2025,56080,EMP3133@MERIDIAN. CO,active
E-3134,DAVID VERA,D-34,P-25,retail,2025-12-01,53792,emp3134@meridian. co,active
E-3135,Wu David,D-36,P-70,retail,12/17/2022,31 014,emp3135@meridian.com,active
E-3136,Guo Jack,D-7,P-58,retail,08-03-2023,33534,emp3136@meridian.COM,active
E-3137,Zhao David,D-29,P-112,retail,17-10-2022,"$45,959.00",  emp3137@meridian. co  ,left
E-3138,UMAR HENRY,D-6,P-77,retail,03/07/2016,12030,emp3138@meridian.COM,left
E-3139,Grace Alice,D-6,P-99,saas,20-09-2026,57117,emp3139@meridian.com,active
E-3140,Lin Karen,D-2,P-41,mfg,02/10/2026,"$8,794.00",  emp3140@meridian. co  ,active
E-3141,ZANE ZHOU,D-30,P-71,saas,2024-02-14,59 353,emp3141@meridian.com,active
E-3142,leo mona,D-20,P-113,saas,05-08-2016,"$57,785.00",EMP3142@MERIDIAN. CO,active
E-3143,liu xavier,D-35,P-10,mfg,08/16/2021,"$20,317.00",emp3143@meridian.COM,left
E-3144,SUN NICK,D-36,P-113,mfg,2026-04-16,40730,emp3144@meridian. co,left
E-3145,  Wu Liu  ,D-38,P-63,mfg,2020-01-24,26 090,emp3145@meridian.COM,left
E-3146,Lin Tina,D-32,P-21,mfg,04/07/2019,29 419,emp3146@meridian.COM,active
E-3147,Zhou Alice,D-38,P-64,retail,01/24/2021,10053,emp3147@meridian.COM,active
E-3148,  Carol Sun  ,D-28,P-60,retail,2018-03-06,"$52,581.00",  emp3148@meridian.com  ,active
E-3149,chen nick,D-24,P-110,mfg,2026-09-23,"$30,111.00",emp3149@meridian.com,active
E-3150,ZHOU JACK,D-2,P-35,retail,05-10-2017,5019,EMP3150@MERIDIAN.COM,active
E-3151,PAUL GUO,D-36,P-47,mfg,2023-04-18,14 893,EMP3151@MERIDIAN.COM,active
E-3152,GUO BOB,D-2,P-102,retail,2020-02-28,"$27,438.00",emp3152@meridian.com,active
E-3153,Zhou Lin,D-8,P-20,retail,2017-09-12,35424,EMP3153@MERIDIAN. CO,active
E-3154,Ivy Xu,D-19,P-30,mfg,2022-02-24,52212,emp3154@meridian.com,active
E-3155,Zhao Mona,D-13,P-15,mfg,2017-03-28,"$50,497.00",  emp3155@meridian. co  ,active
E-3156,sun wang,D-18,P-107,retail,09-09-2024,34103,emp3156@meridian.COM,active
E-3157,  Lin Guo  ,D-25,P-69,saas,01/27/2016,"$6,709.00",emp3157@meridian.com,active
E-3158,Zhao Wang,D-40,P-58,saas,2022-06-17,36943,  emp3158@meridian.COM  ,active
E-3159,wendy sun,D-35,P-56,retail,02/09/2021,34970,emp3159@meridian.COM,active
E-3160,Paul Xu,D-35,P-80,saas,2024-09-25,"$27,907.00",EMP3160@MERIDIAN. CO,active
E-3161,Guo Hu,D-22,P-54,retail,02/10/2017,10833,emp3161@meridian. co,active
E-3162,LIU YUKI,D-36,P-101,mfg,12/14/2019,38712,emp3162@meridian. co,active
E-3163,Zane Carol,D-19,P-70,retail,05/10/2022,6 405,emp3163@meridian.com,active
E-3164,  Wang Jack  ,D-9,P-112,mfg,2016-01-27,15628,EMP3164@MERIDIAN.COM,active
E-3165,BOB HU,D-26,P-59,retail,2017-07-20,54557,emp3165@meridian.COM,active
E-3166,Nick Mona,D-4,P-2,mfg,2017-10-01,56 361,EMP3166@MERIDIAN. CO,left
E-3167,  Frank Xavier  ,D-37,P-31,retail,03-11-2024,"$21,036.00",emp3167@meridian.com,left
E-3168,Ivy Tina,D-9,P-81,retail,2025-04-22,29238,emp3168@meridian.COM,active
E-3169,ZHAO HU,D-4,P-6,retail,07/25/2024,17736,EMP3169@MERIDIAN. CO,active
E-3170,WU NICK,D-8,P-110,retail,2020-10-07,27254,emp3170@meridian. co,active
E-3171,  Liu Yuki  ,D-28,P-21,mfg,2021-02-24,54792,EMP3171@MERIDIAN. CO,active
E-3172,Eve Xu,D-26,P-78,retail,2018-10-03,59817,EMP3172@MERIDIAN. CO,active
E-3173,  Olive Hu  ,D-19,P-111,retail,2025-02-01,"$29,759.00",emp3173@meridian. co,active
E-3174,Sam Eve,D-32,P-116,retail,2022-10-03,5731,emp3174@meridian.com,active
E-3175,QUINN SAM,D-12,P-10,retail,2022-08-01,"$26,229.00",emp3175@meridian. co,active
E-3176,  Li Leo  ,D-37,P-11,retail,2015-09-20,22 381,emp3176@meridian.com,active
E-3177,GRACE JACK,D-16,P-120,retail,02/07/2021,27503,emp3177@meridian.COM,active
E-3178,Zhao Leo,D-11,P-47,retail,06/05/2024,"55 081,00",emp3178@meridian. co,active
E-3179,SUN LIN,D-30,P-37,retail,2025-03-24,24 857,emp3179@meridian.COM,active
E-3180,Yuki David,D-11,P-64,retail,2019-07-16,"15 099,00",emp3180@meridian.com,active
E-3181,Sun David,D-30,P-23,mfg,2018-04-08,36210,emp3181@meridian.com,active
E-3182,Henry Leo,D-10,P-78,mfg,04-07-2023,39048,emp3182@meridian. co,active
E-3183,Chen Zhao,D-4,P-7,saas,07/28/2017,"$52,318.00",emp3183@meridian.com,active
E-3184,Lin Sun,D-24,P-72,mfg,04/13/2026,7751,emp3184@meridian.COM,active
E-3185,  Chen Umar  ,D-27,P-5,mfg,01/22/2025,41086,emp3185@meridian.COM,active
E-3186,Vera Bob,D-8,P-112,retail,02-03-2020,11 462,emp3186@meridian.com,left
E-3187,  Grace David  ,D-17,P-48,retail,2015-10-24,14 129,emp3187@meridian.com,active
E-3188,LIN DAVID,D-20,P-117,retail,09/20/2023,"$21,475.00",emp3188@meridian. co,active
E-3189,UMAR KAREN,D-40,P-35,saas,2016-06-03,"53 956,00",emp3189@meridian. co,active
E-3190,Li Eve,D-7,P-16,retail,2020-07-15,"$10,944.00",emp3190@meridian. co,left
E-3191,karen carol,D-7,P-44,saas,2024-06-23,"$35,222.00",emp3191@meridian.com,active
E-3192,Hu Zane,D-22,P-70,retail,2016-12-04,"$31,681.00",EMP3192@MERIDIAN.COM,active
E-3193,Olive Zane,D-16,P-61,retail,2017-09-23,42104,EMP3193@MERIDIAN. CO,left
E-3194,  Umar Zane  ,D-7,P-36,retail,07/17/2023,"34 102,00",EMP3194@MERIDIAN. CO,active
E-3195,Zane Sam,D-16,P-71,retail,2017-05-28,44696,emp3195@meridian. co,active
E-3196,Quinn Olive,D-15,P-104,retail,10/19/2026,"$19,862.00",  emp3196@meridian. co  ,left
E-3197,Frank Henry,D-32,P-8,mfg,2021-01-06,29708,emp3197@meridian. co,active
E-3198,Wu Leo,D-29,P-120,retail,2024-01-19,"$28,051.00",EMP3198@MERIDIAN. CO,left
E-3199,Wendy Chen,D-22,P-90,mfg,05/12/2016,37677,emp3199@meridian.COM,active
E-3200,  Leo Zane  ,D-33,P-63,retail,2022-03-18,40539,EMP3200@MERIDIAN.COM,active
E-3201,WU LIN,D-5,P-52,mfg,07-08-2015,"$30,857.00",emp3201@meridian. co,active
E-3202,LIU UMAR,D-9,P-67,retail,2020-01-07,35696,emp3202@meridian. co,left
E-3203,  Wu Carol  ,D-40,P-9,retail,2026-08-05,34918,emp3203@meridian.com,active
E-3204,LI KAREN,D-33,P-115,retail,2019-11-13,50879,  emp3204@meridian. co  ,active
E-3205,  Grace Guo  ,D-34,P-49,mfg,2017-08-21,44 021,  emp3205@meridian.com  ,active
E-3206,XAVIER OLIVE,D-39,P-46,mfg,2015-02-26,23625,EMP3206@MERIDIAN.COM,active
E-3207,  Guo Zhou  ,D-40,P-35,saas,02/15/2020,32134,  emp3207@meridian.com  ,active
E-3208,  Chen Wu  ,D-15,P-9,retail,27-11-2015,43703,  emp3208@meridian. co  ,active
E-3209,david tina,D-18,P-61,retail,2021-01-16,"$16,253.00",EMP3209@MERIDIAN.COM,active
E-3210,  Eve David  ,D-24,P-43,retail,04-07-2023,"$15,974.00",EMP3210@MERIDIAN. CO,active
E-3211,Bob Zane,D-10,P-116,mfg,2017-12-08,42038,emp3211@meridian. co,active
E-3212,PAUL KAREN,D-40,P-25,mfg,12/28/2023,"$5,676.00",emp3212@meridian. co,active
E-3213,HENRY WENDY,D-18,P-75,retail,06/11/2021,55065,emp3213@meridian. co,active
E-3214,GRACE WU,D-30,P-2,retail,13-03-2022,8 769,emp3214@meridian.com,left
E-3215,Olive Zhou,D-19,P-91,retail,2016-07-18,57158,emp3215@meridian.COM,active
E-3216,Karen Guo,D-31,P-115,saas,06/21/2018,"$22,818.00",emp3216@meridian.com,active
E-3217,  Zhou Bob  ,D-16,P-32,mfg,2018-02-24,"42 965,00",emp3217@meridian.COM,active
E-3218,  Lin Xu  ,D-25,P-95,mfg,12/02/2019,"$39,688.00",emp3218@meridian.com,active
E-3219,  Hu Wu  ,D-4,P-50,mfg,2020-06-16,10283,emp3219@meridian.COM,active
E-3220,  Tina Guo  ,D-29,P-22,saas,11/12/2024,"$24,237.00",EMP3220@MERIDIAN. CO,active
E-3221,  David Bob  ,D-25,P-23,retail,11/03/2018,"$36,007.00",emp3221@meridian. co,active
E-3222,grace zhang,D-17,P-82,retail,10/18/2026,52874,EMP3222@MERIDIAN. CO,active
E-3223,Yuki Quinn,D-2,P-45,retail,10/06/2018,49314,emp3223@meridian.COM,left
E-3224,Nick Yuki,D-28,P-55,retail,21-12-2016,"$44,652.00",emp3224@meridian. co,left
E-3225,Zhou Wu,D-4,P-55,retail,11-01-2018,37445,emp3225@meridian. co,left
E-3226,ZHANG LI,D-19,P-34,mfg,04/25/2026,10218,emp3226@meridian. co,left
E-3227,Guo Wu,D-28,P-25,retail,12/16/2021,56961,emp3227@meridian.com,active
E-3228,Bob Zane,D-11,P-67,saas,2022-10-13,56 399,  emp3228@meridian.com  ,active
E-3229,  Liu Quinn  ,D-15,P-98,mfg,2024-04-27,55801,emp3229@meridian. co,active
E-3230,xu rose,D-21,P-54,mfg,17-08-2020,"$6,270.00",  emp3230@meridian.com  ,active
E-3231,Nick Guo,D-13,P-60,saas,03/08/2015,27670,  emp3231@meridian.com  ,active
E-3232,QUINN ZHAO,D-9,P-23,mfg,2024-02-02,"42 038,00",emp3232@meridian.com,active
E-3233,UMAR ZHANG,D-7,P-108,mfg,2016-05-13,45935,emp3233@meridian. co,active
E-3234,yuki carol,D-36,P-25,mfg,2015-07-07,"$52,651.00",EMP3234@MERIDIAN.COM,active
E-3235,zane guo,D-11,P-43,retail,2024-01-12,52377,emp3235@meridian. co,active
E-3236,Zhao Hu,D-15,P-102,saas,11/02/2016,24 121,emp3236@meridian.com,active
E-3237,UMAR WU,D-10,P-36,saas,15-02-2025,"$10,265.00",emp3237@meridian.com,active
E-3238,SUN WANG,D-32,P-117,retail,10/02/2022,37434,EMP3238@MERIDIAN.COM,active
E-3239,ZHOU SAM,D-21,P-49,retail,09-07-2024,12985,emp3239@meridian.com,active
E-3240,Rose Leo,D-11,P-5,retail,04-06-2017,"$17,351.00",EMP3240@MERIDIAN.COM,active
E-3241,  Ivy Zhao  ,D-22,P-89,retail,2025-12-25,22144,emp3241@meridian.COM,left
E-3242,Wang Rose,D-11,P-13,mfg,2026-07-11,"$34,581.00",emp3242@meridian.com,active
E-3243,Wu Zhang,D-27,P-85,retail,2015-07-07,"$50,597.00",emp3243@meridian.com,left
E-3244,XAVIER ZHANG,D-10,P-22,mfg,05/11/2022,46 958,emp3244@meridian.COM,left
E-3245,Lin Hu,D-29,P-8,retail,2024-03-08,"$59,007.00",  emp3245@meridian. co  ,active
E-3246,WU TINA,D-1,P-106,retail,01-02-2024,54215,emp3246@meridian. co,active
E-3247,  Yuki Li  ,D-7,P-54,saas,2016-01-24,"$56,751.00",  emp3247@meridian. co  ,active
E-3248,Olive Chen,D-35,P-63,saas,07/20/2026,"$8,244.00",emp3248@meridian. co,active
E-3249,sun xu,D-20,P-10,mfg,05-02-2020,10 819,emp3249@meridian. co,active
E-3250,Olive Li,D-9,P-10,saas,2020-10-22,9408,emp3250@meridian.COM,active
E-3251,GUO DAVID,D-3,P-113,mfg,02/26/2018,"$58,180.00",EMP3251@MERIDIAN. CO,left
E-3252,ROSE XAVIER,D-30,P-9,mfg,2015-11-12,45714,emp3252@meridian.com,active
E-3253,  Chen Lin  ,D-14,P-75,retail,2017-05-25,11072,emp3253@meridian.com,active
E-3254,NICK MONA,D-33,P-64,retail,2020-04-04,"24 307,00",emp3254@meridian. co,left
E-3255,  Wang Paul  ,D-27,P-92,retail,04-01-2023,"$38,016.00",emp3255@meridian. co,active
E-3256,Eve Bob,D-29,P-35,saas,09/03/2021,"$22,180.00",emp3256@meridian.COM,active
E-3257,Bob Bob,D-13,P-116,mfg,2017-04-04,"18 971,00",  emp3257@meridian.COM  ,active
E-3258,ZHANG JACK,D-18,P-114,mfg,2020-08-21,"$25,316.00",  emp3258@meridian.com  ,active
E-3259,Karen Sam,D-26,P-44,mfg,2021-02-16,"$19,290.00",emp3259@meridian.COM,active
E-3260,Liu Wu,D-16,P-109,retail,21-03-2019,"13 423,00",emp3260@meridian. co,active
E-3261,Quinn Li,D-28,P-23,saas,2026-09-17,"$16,226.00",  emp3261@meridian. co  ,active
E-3262,Yuki Nick,D-40,P-119,mfg,06/18/2016,42883,emp3262@meridian.com,left
E-3263,  Liu Carol  ,D-5,P-93,saas,01-01-2019,"$10,404.00",emp3263@meridian.com,active
E-3264,Leo Ivy,D-33,P-34,retail,11-07-2019,"$23,322.00",emp3264@meridian. co,active
E-3265,Lin Rose,D-37,P-31,retail,15-05-2025,7712,emp3265@meridian.com,active
E-3266,Grace Jack,D-3,P-6,saas,09/21/2023,30884,emp3266@meridian.COM,active
E-3267,Xavier Zhou,D-9,P-110,mfg,12-01-2017,15694,  emp3267@meridian. co  ,active
E-3268,David Quinn,D-35,P-35,retail,2016-12-25,26846,emp3268@meridian.com,left
E-3269,Lin Bob,D-27,P-107,retail,06/15/2022,27900,EMP3269@MERIDIAN. CO,active
E-3270,QUINN LIN,D-16,P-58,mfg,2019-09-20,27330,emp3270@meridian.com,active
E-3271,zhao guo,D-12,P-26,retail,2018-05-08,41371,  emp3271@meridian.com  ,active
E-3272,  Chen Rose  ,D-9,P-72,mfg,2016-02-18,"$39,305.00",emp3272@meridian.COM,active
E-3273,Wu Vera,D-9,P-117,retail,2025-05-08,29256,emp3273@meridian.com,left
E-3274,Zhao Liu,D-30,P-82,mfg,2019-06-21,41774,emp3274@meridian.com,active
E-3275,Frank Eve,D-37,P-27,saas,2015-10-27,14112,emp3275@meridian.com,active
E-3276,EVE XAVIER,D-16,P-42,retail,2024-12-03,30428,  emp3276@meridian.com  ,active
E-3277,Eve David,D-28,P-57,retail,2021-06-06,20609,  emp3277@meridian.com  ,active
E-3278,Liu Tina,D-14,P-48,retail,15-07-2022,52114,  emp3278@meridian.com  ,left
E-3279,Alice Wu,D-9,P-69,saas,2020-02-09,35952,EMP3279@MERIDIAN. CO,active
E-3280,Sun Vera,D-32,P-109,saas,2016-09-01,"22 249,00",  emp3280@meridian.com  ,left
E-3281,  Zhou Grace  ,D-24,P-83,mfg,07/13/2021,"$27,073.00",emp3281@meridian.com,active
E-3282,Liu Henry,D-22,P-110,mfg,2015-07-09,57 147,emp3282@meridian.COM,active
E-3283,hu liu,D-40,P-94,retail,28-03-2021,"45 786,00",EMP3283@MERIDIAN.COM,left
E-3284,Xavier Wang,D-1,P-74,saas,2015-08-28,32 006,  emp3284@meridian.COM  ,active
E-3285,Alice Wu,D-21,P-105,retail,03/12/2016,12410,EMP3285@MERIDIAN. CO,active
E-3286,Vera Henry,D-28,P-59,retail,07/14/2018,44043,EMP3286@MERIDIAN.COM,active
E-3287,  Zhao Xavier  ,D-31,P-53,retail,19-02-2019,"$29,178.00",  emp3287@meridian. co  ,active
E-3288,OLIVE OLIVE,D-23,P-33,retail,2019-05-24,8 573,  emp3288@meridian.com  ,left
E-3289,  Zhang Sam  ,D-1,P-28,retail,2025-09-07,"$57,675.00",emp3289@meridian.COM,active
E-3290,Chen Jack,D-14,P-44,mfg,2018-03-12,53515,emp3290@meridian.COM,active
E-3291,Karen Carol,D-37,P-117,retail,01/03/2018,"57 576,00",  emp3291@meridian.com  ,active
E-3292,Henry Wu,D-23,P-22,mfg,12/24/2021,53492,emp3292@meridian.COM,left
E-3293,Zhou Tina,D-10,P-56,retail,26-11-2023,13 036,emp3293@meridian. co,active
E-3294,  Carol Xavier  ,D-39,P-65,retail,2021-05-08,8 169,emp3294@meridian. co,active
E-3295,Ivy Sun,D-2,P-56,retail,2016-09-22,"19 102,00",emp3295@meridian. co,active
E-3296,Xavier Liu,D-14,P-78,mfg,05/27/2021,28887,EMP3296@MERIDIAN. CO,active
E-3297,Liu Li,D-21,P-113,retail,2022-05-12,33769,emp3297@meridian.COM,active
E-3298,Yuki Olive,D-1,P-90,retail,2021-11-14,27391,emp3298@meridian.com,active
E-3299,Umar Zhou,D-39,P-95,mfg,07/04/2021,54403,EMP3299@MERIDIAN.COM,left
E-3300,Paul Tina,D-3,P-31,retail,2020-10-28,41170,  emp3300@meridian.COM  ,active
E-3301,  Sam Xu  ,D-33,P-112,saas,08/24/2026,23 827,  emp3301@meridian.com  ,active
E-3302,Olive Wu,D-10,P-11,mfg,08/16/2017,"$41,645.00",emp3302@meridian.com,left
E-3303,Bob Zhao,D-16,P-72,retail,2022-03-24,"$55,470.00",emp3303@meridian. co,active
E-3304,rose jack,D-27,P-11,retail,2019-12-25,23549,emp3304@meridian.com,active
E-3305,yuki rose,D-36,P-13,mfg,02/02/2023,15564,emp3305@meridian.com,active
E-3306,Zane Ivy,D-22,P-24,retail,02/20/2015,"24 442,00",emp3306@meridian.com,active
E-3307,wendy eve,D-22,P-34,mfg,04/12/2023,23178,emp3307@meridian. co,active
E-3308,Hu Frank,D-35,P-67,mfg,2025-09-13,48741,emp3308@meridian.com,left
E-3309,Ivy Zhao,D-33,P-60,retail,10/14/2026,54869,emp3309@meridian.COM,active
E-3310,Xavier Zhang,D-14,P-103,saas,2025-12-20,"$7,112.00",  emp3310@meridian.com  ,active
E-3311,sam olive,D-26,P-13,retail,10/15/2024,"8 832,00",emp3311@meridian. co,active
E-3312,  Nick Xavier  ,D-39,P-4,retail,02/26/2020,40603,EMP3312@MERIDIAN. CO,active
E-3313,TINA UMAR,D-34,P-88,retail,17-08-2024,13416,  emp3313@meridian.com  ,left
E-3314,Wendy Wu,D-37,P-77,retail,2025-07-05,"9 218,00",EMP3314@MERIDIAN.COM,active
E-3315,  Guo Wu  ,D-25,P-63,saas,2015-10-28,18848,EMP3315@MERIDIAN.COM,active
E-3316,  Frank Zane  ,D-15,P-5,mfg,17-12-2024,11426,emp3316@meridian.COM,active
E-3317,  Zhang Carol  ,D-40,P-90,retail,2019-04-10,50084,emp3317@meridian. co,active
E-3318,Quinn Grace,D-14,P-36,retail,11/09/2018,55307,  emp3318@meridian.com  ,active
E-3319,Jack Ivy,D-5,P-59,mfg,2016-10-10,39793,  emp3319@meridian.com  ,active
E-3320,David Zhao,D-35,P-93,retail,2020-04-17,"$47,476.00",EMP3320@MERIDIAN.COM,active
E-3321,Zhou Tina,D-2,P-2,retail,2023-10-26,"$11,946.00",emp3321@meridian. co,active
E-3322,Zhang Mona,D-14,P-89,retail,2025-01-10,31 830,emp3322@meridian. co,active
E-3323,lin rose,D-23,P-36,retail,11-03-2017,34457,emp3323@meridian.com,active
E-3324,Lin Zane,D-18,P-16,retail,2018-10-27,24780,emp3324@meridian.COM,active
E-3325,Nick Sam,D-36,P-54,mfg,2017-11-20,45787,EMP3325@MERIDIAN. CO,active
E-3326,Quinn David,D-1,P-98,retail,06/28/2020,48900,EMP3326@MERIDIAN. CO,active
E-3327,Zhao Henry,D-21,P-58,retail,2023-08-12,55060,emp3327@meridian. co,active
E-3328,Sam Zhang,D-38,P-51,mfg,2024-09-19,44 778,emp3328@meridian. co,active
E-3329,FRANK HU,D-13,P-109,retail,18-04-2021,13397,emp3329@meridian.COM,left
E-3330,li rose,D-20,P-25,saas,2026-10-10,42353,emp3330@meridian. co,active
E-3331,Wu Paul,D-10,P-98,retail,2021-02-18,59 202,emp3331@meridian.com,active
E-3332,Zhao Li,D-13,P-44,saas,20-11-2020,51684,emp3332@meridian.com,left
E-3333,ZHAO YUKI,D-23,P-46,retail,02/10/2019,17244,  emp3333@meridian. co  ,left
E-3334,  Yuki Li  ,D-28,P-66,saas,2015-01-20,"39 624,00",EMP3334@MERIDIAN.COM,active
E-3335,Olive Wu,D-26,P-67,saas,03-05-2019,17557,emp3335@meridian. co,active
E-3336,  Bob Mona  ,D-28,P-46,retail,2025-05-23,"$43,954.00",emp3336@meridian.com,active
E-3337,Bob Wendy,D-36,P-96,saas,2026-02-05,27771,emp3337@meridian. co,active
E-3338,Bob Yuki,D-28,P-6,mfg,12/09/2015,16685,emp3338@meridian.COM,active
E-3339,Vera Li,D-21,P-75,retail,01/26/2017,50822,emp3339@meridian. co,active
E-3340,LIN ALICE,D-12,P-104,mfg,24-10-2017,32 948,emp3340@meridian. co,active
E-3341,Wu Paul,D-34,P-112,mfg,21-04-2021,25694,emp3341@meridian.com,active
E-3342,Eve Zhao,D-35,P-60,mfg,2020-07-08,"$14,635.00",emp3342@meridian. co,active
E-3343,JACK ZHOU,D-5,P-23,retail,2018-12-12,"43 580,00",  emp3343@meridian. co  ,active
E-3344,Henry Karen,D-15,P-91,retail,07/04/2020,"$32,999.00",emp3344@meridian.COM,active
E-3345,  Wang Carol  ,D-32,P-42,mfg,06/04/2017,55660,emp3345@meridian.com,active
E-3346,xavier zane,D-7,P-105,retail,2015-01-11,"$21,240.00",  emp3346@meridian.COM  ,active
E-3347,karen vera,D-28,P-48,saas,28-11-2022,58 774,EMP3347@MERIDIAN.COM,active
E-3348,Wu Rose,D-18,P-76,mfg,02/19/2018,47000,emp3348@meridian.com,active
E-3349,  Nick Quinn  ,D-33,P-28,retail,2023-09-07,12663,emp3349@meridian. co,active
E-3350,tina zhao,D-33,P-63,retail,04/24/2019,5207,emp3350@meridian.com,left
E-3351,  Zhao Olive  ,D-21,P-21,retail,24-10-2017,53 852,emp3351@meridian. co,active
E-3352,wang tina,D-6,P-118,retail,2019-10-10,"$59,627.00",EMP3352@MERIDIAN.COM,active
E-3353,Carol Zhang,D-24,P-35,mfg,2026-04-28,9283,  emp3353@meridian.COM  ,active
E-3354,Wang Alice,D-30,P-117,retail,2023-07-08,45949,emp3354@meridian. co,left
E-3355,Alice Grace,D-37,P-52,retail,12/06/2025,"17 622,00",emp3355@meridian.com,active
E-3356,Paul Karen,D-25,P-108,saas,2018-11-20,52823,emp3356@meridian. co,active
E-3357,Liu Henry,D-35,P-112,mfg,06-10-2017,"$19,902.00",emp3357@meridian. co,active
E-3358,  Chen Yuki  ,D-4,P-61,saas,2025-04-04,40 913,emp3358@meridian. co,active
E-3359,  Lin Mona  ,D-37,P-67,saas,07/09/2022,"$20,479.00",  emp3359@meridian.com  ,active
E-3360,Wendy Xavier,D-13,P-29,mfg,07/15/2017,47275,emp3360@meridian.COM,active
E-3361,wang xu,D-23,P-117,mfg,08-02-2023,6457,emp3361@meridian.com,active
E-3362,KAREN LIN,D-37,P-47,mfg,2021-10-03,9079,emp3362@meridian.COM,active
E-3363,BOB WU,D-39,P-21,retail,2026-03-10,"12 275,00",  emp3363@meridian. co  ,left
E-3364,  Yuki Frank  ,D-5,P-115,retail,12-01-2019,37756,  emp3364@meridian.com  ,active
E-3365,Olive Zhou,D-14,P-67,saas,2019-09-11,30577,emp3365@meridian.COM,active
E-3366,  Wu Xavier  ,D-40,P-53,retail,2017-06-08,"42 028,00",emp3366@meridian.com,active
E-3367,SUN OLIVE,D-39,P-117,saas,2015-02-17,"$33,653.00",  emp3367@meridian. co  ,active
E-3368,Ivy Zhang,D-5,P-97,retail,2022-10-12,"$47,548.00",emp3368@meridian.com,active
E-3369,yuki grace,D-10,P-13,retail,21-10-2026,51507,emp3369@meridian.com,active
E-3370,Paul Hu,D-7,P-5,retail,26-07-2019,25849,emp3370@meridian.COM,active
E-3371,BOB ROSE,D-4,P-110,saas,03/22/2019,22339,  emp3371@meridian.com  ,active
E-3372,  Frank Li  ,D-15,P-40,retail,2015-09-23,"$16,628.00",emp3372@meridian.COM,active
E-3373,  Tina David  ,D-33,P-44,retail,02-03-2019,26 315,emp3373@meridian.COM,active
E-3374,  Wendy Chen  ,D-8,P-59,saas,2024-06-15,30195,emp3374@meridian.COM,left
E-3375,LIN UMAR,D-25,P-88,saas,2018-01-16,"$21,968.00",  emp3375@meridian.COM  ,active
E-3376,Yuki Zhang,D-34,P-117,saas,2018-12-27,9 284,EMP3376@MERIDIAN.COM,active
E-3377,ZHANG TINA,D-40,P-53,mfg,03/25/2016,32221,EMP3377@MERIDIAN.COM,active
E-3378,vera wang,D-40,P-110,retail,12/06/2020,"$52,644.00",EMP3378@MERIDIAN.COM,active
E-3379,ZHANG ZHAO,D-8,P-50,retail,2015-02-18,57730,emp3379@meridian.com,active
E-3380,sun zhou,D-30,P-18,retail,2021-06-28,37889,emp3380@meridian. co,active
E-3381,Zane Frank,D-8,P-70,mfg,2026-07-13,7336,  emp3381@meridian.com  ,active
E-3382,  Vera Carol  ,D-36,P-18,mfg,2019-04-05,"$49,108.00",  emp3382@meridian.COM  ,left
E-3383,CHEN WENDY,D-16,P-42,saas,04/23/2020,"$27,514.00",emp3383@meridian.COM,active
E-3384,QUINN YUKI,D-39,P-44,mfg,05/06/2024,"$7,000.00",EMP3384@MERIDIAN.COM,active
E-3385,XU LIU,D-37,P-79,retail,06/08/2015,58423,emp3385@meridian.com,active
E-3386,  Umar Rose  ,D-35,P-67,saas,2020-12-14,"$58,040.00",emp3386@meridian. co,active
E-3387,  Wendy Grace  ,D-34,P-70,saas,2020-04-02,41444,  emp3387@meridian.COM  ,active
E-3388,GUO WU,D-27,P-36,retail,23-04-2022,11824,  emp3388@meridian.COM  ,left
E-3389,Xu Vera,D-1,P-34,retail,2023-04-16,13359,emp3389@meridian.com,active
E-3390,Ivy Liu,D-28,P-101,retail,02/21/2021,48029,EMP3390@MERIDIAN. CO,active
E-3391,Wu Wu,D-19,P-52,retail,06/12/2024,"21 450,00",emp3391@meridian. co,active
E-3392,Zhao Olive,D-3,P-40,retail,02/13/2019,"$46,381.00",emp3392@meridian. co,active
E-3393,Olive Vera,D-34,P-114,saas,22-07-2018,"$8,105.00",  emp3393@meridian.com  ,active
E-3394,ivy vera,D-31,P-57,mfg,05-07-2019,"24 164,00",emp3394@meridian.com,active
E-3395,  Zhao Zane  ,D-6,P-97,mfg,2026-08-18,6778,emp3395@meridian.COM,active
E-3396,HU WANG,D-25,P-23,retail,2024-07-17,"$6,447.00",emp3396@meridian. co,active
E-3397,Paul Zane,D-29,P-105,retail,2022-12-21,"$51,577.00",emp3397@meridian.COM,active
E-3398,  Grace Frank  ,D-34,P-13,retail,14-06-2017,"$38,515.00",EMP3398@MERIDIAN. CO,active
E-3399,Henry Henry,D-1,P-40,retail,25-11-2026,39944,  emp3399@meridian. co  ,active
E-3400,ivy sun,D-9,P-21,mfg,2019-03-23,42832,EMP3400@MERIDIAN.COM,active
E-3401,Jack Henry,D-38,P-42,mfg,2023-10-05,8571,  emp3401@meridian. co  ,active
E-3402,Guo Vera,D-31,P-14,retail,2026-02-20,"41 348,00",emp3402@meridian. co,active
E-3403,CHEN XU,D-15,P-4,mfg,2016-11-09,45328,emp3403@meridian. co,left
E-3404,ALICE GRACE,D-19,P-48,retail,08/12/2021,"$27,230.00",  emp3404@meridian. co  ,left
E-3405,DAVID DAVID,D-4,P-50,retail,23-10-2025,"$18,808.00",emp3405@meridian.com,active
E-3406,QUINN UMAR,D-9,P-57,mfg,2019-12-08,39 426,emp3406@meridian. co,active
E-3407,WU YUKI,D-12,P-112,retail,2026-11-16,14585,EMP3407@MERIDIAN. CO,left
E-3408,SAM TINA,D-2,P-31,mfg,12/18/2015,"$31,037.00",emp3408@meridian.com,active
E-3409,  Frank David  ,D-29,P-9,retail,2023-08-15,7683,  emp3409@meridian. co  ,left
E-3410,Zhang Li,D-1,P-109,mfg,23-01-2025,"$45,249.00",emp3410@meridian.com,left
E-3411,Grace Chen,D-1,P-77,mfg,04/27/2023,54193,  emp3411@meridian.COM  ,active
E-3412,Sun Zhao,D-3,P-26,mfg,10-11-2016,54537,emp3412@meridian.com,left
E-3413,YUKI GRACE,D-9,P-28,retail,27-12-2024,50255,emp3413@meridian.com,active
E-3414,  Wendy Zhang  ,D-2,P-60,mfg,2020-05-14,"$15,338.00",emp3414@meridian.com,active
E-3415,Xu Eve,D-1,P-29,retail,20-03-2020,"$33,622.00",emp3415@meridian. co,active
E-3416,  Guo Tina  ,D-14,P-71,saas,2018-02-11,"52 892,00",EMP3416@MERIDIAN.COM,active
E-3417,xavier wang,D-34,P-101,retail,2022-05-23,15512,emp3417@meridian. co,active
E-3418,jack mona,D-36,P-4,retail,12/27/2023,7254,emp3418@meridian.com,active
E-3419,EVE JACK,D-14,P-11,retail,2024-10-26,"12 910,00",emp3419@meridian.COM,active
E-3420,Ivy Henry,D-19,P-108,saas,10/04/2018,59978,emp3420@meridian.COM,active
E-3421,ZHANG SUN,D-39,P-1,retail,2015-09-08,"$10,450.00",emp3421@meridian.COM,active
E-3422,Hu Yuki,D-18,P-57,retail,27-05-2023,"7 010,00",emp3422@meridian.COM,active
E-3423,LI IVY,D-10,P-90,mfg,2020-10-23,"$43,359.00",emp3423@meridian.COM,active
E-3424,Zhang Frank,D-26,P-4,retail,04/17/2015,7275,emp3424@meridian. co,active
E-3425,Olive Eve,D-1,P-118,retail,01/05/2017,46860,emp3425@meridian.COM,active
E-3426,zane paul,D-40,P-72,saas,08-02-2019,26184,emp3426@meridian.com,active
E-3427,Yuki Eve,D-40,P-2,mfg,08/23/2026,"$39,501.00",emp3427@meridian.COM,active
E-3428,paul xavier,D-25,P-99,retail,2015-08-12,7455,  emp3428@meridian.COM  ,left
E-3429,Sun Jack,D-26,P-111,retail,2016-02-26,"$38,282.00",  emp3429@meridian.COM  ,active
E-3430,  Umar Umar  ,D-10,P-49,saas,07/07/2022,53703,emp3430@meridian. co,active
E-3431,  Guo Karen  ,D-10,P-41,retail,12/03/2018,5476,emp3431@meridian. co,active
E-3432,ZANE HU,D-2,P-5,mfg,03/18/2022,"$48,946.00",EMP3432@MERIDIAN. CO,active
E-3433,Zhou Frank,D-18,P-40,mfg,2025-03-11,"6 926,00",emp3433@meridian.COM,active
E-3434,  Zhang David  ,D-5,P-6,saas,2024-05-09,37585,emp3434@meridian.COM,active
E-3435,Wendy Wang,D-8,P-56,retail,2020-02-18,"42 138,00",EMP3435@MERIDIAN.COM,active
E-3436,Frank Alice,D-30,P-10,mfg,02/24/2019,44276,EMP3436@MERIDIAN.COM,active
E-3437,  Chen Guo  ,D-40,P-50,mfg,2025-09-02,50288,EMP3437@MERIDIAN.COM,active
E-3438,PAUL ZHOU,D-10,P-37,retail,2020-09-25,13 697,  emp3438@meridian.com  ,left
E-3439,  Frank Vera  ,D-22,P-12,retail,2017-07-04,55865,emp3439@meridian.COM,active
E-3440,ivy eve,D-31,P-38,retail,2017-08-11,53475,emp3440@meridian.com,active
E-3441,Henry Ivy,D-10,P-64,retail,09/09/2025,33990,  emp3441@meridian. co  ,active
E-3442,  Sun Wu  ,D-14,P-74,retail,12/03/2026,"$16,459.00",emp3442@meridian.com,active
E-3443,Ivy Frank,D-34,P-88,mfg,2016-02-11,43 932,emp3443@meridian.com,left
E-3444,David Wang,D-6,P-32,retail,2020-03-22,"$32,727.00",emp3444@meridian. co,left
E-3445,NICK LI,D-31,P-46,retail,28-04-2020,29994,emp3445@meridian.COM,active
E-3446,Leo Guo,D-40,P-86,retail,2015-06-19,16122,  emp3446@meridian.com  ,active
E-3447,Leo Hu,D-13,P-78,mfg,2019-07-04,"$36,174.00",emp3447@meridian.COM,active
E-3448,Bob Umar,D-23,P-86,saas,2017-04-15,28553,  emp3448@meridian.COM  ,left
E-3449,SAM ZHOU,D-25,P-10,retail,03-03-2026,"$58,848.00",emp3449@meridian.COM,active
E-3450,Olive Leo,D-33,P-20,retail,02-06-2026,48652,EMP3450@MERIDIAN.COM,active
E-3451,Olive Henry,D-19,P-111,retail,05/20/2016,59 039,  emp3451@meridian. co  ,active
E-3452,lin liu,D-5,P-120,mfg,2018-05-27,"$11,493.00",  emp3452@meridian.com  ,active
E-3453,Nick Vera,D-37,P-111,retail,01/18/2021,32757,emp3453@meridian.COM,active
E-3454,Leo Bob,D-12,P-18,mfg,05/20/2026,"$7,792.00",emp3454@meridian.COM,left
E-3455,Liu Vera,D-9,P-12,retail,05/09/2022,52 050,EMP3455@MERIDIAN. CO,active
E-3456,  Nick Zhao  ,D-40,P-29,retail,2024-02-09,"$55,142.00",EMP3456@MERIDIAN.COM,active
E-3457,Zane Olive,D-38,P-120,saas,09/26/2018,"$37,106.00",emp3457@meridian. co,active
E-3458,guo tina,D-18,P-110,saas,2021-01-28,30 867,emp3458@meridian. co,active
E-3459,Ivy Rose,D-9,P-113,retail,2016-05-16,17674,emp3459@meridian. co,active
E-3460,Tina David,D-26,P-102,retail,12/16/2019,33860,emp3460@meridian.com,active
E-3461,zhao alice,D-30,P-31,mfg,01/11/2022,"$50,635.00",emp3461@meridian.com,active
E-3462,Zhang Umar,D-39,P-21,retail,11/14/2018,23722,emp3462@meridian. co,active
E-3463,Mona Tina,D-20,P-94,retail,2017-10-21,"20 516,00",emp3463@meridian.com,active
E-3464,  Lin Bob  ,D-24,P-88,mfg,06/10/2020,41587,  emp3464@meridian.com  ,active
E-3465,  Liu Yuki  ,D-24,P-63,saas,03/05/2025,"16 415,00",  emp3465@meridian.COM  ,active
E-3466,  Umar Zane  ,D-38,P-107,retail,12/21/2026,"$49,296.00",EMP3466@MERIDIAN.COM,left
E-3467,VERA WU,D-7,P-105,retail,2015-03-19,"21 215,00",EMP3467@MERIDIAN. CO,left
E-3468,BOB ZHAO,D-19,P-19,retail,02-05-2017,32878,emp3468@meridian. co,active
E-3469,Paul Vera,D-10,P-38,mfg,2016-05-02,"25 139,00",  emp3469@meridian.com  ,active
E-3470,Xavier Olive,D-27,P-49,saas,12-04-2019,25414,emp3470@meridian. co,active
E-3471,Zhao Guo,D-22,P-71,mfg,11-04-2020,"$43,748.00",EMP3471@MERIDIAN.COM,active
E-3472,Carol Jack,D-25,P-30,mfg,2016-05-20,38215,EMP3472@MERIDIAN.COM,active
E-3473,Wendy Vera,D-14,P-103,mfg,2025-06-18,"$22,012.00",emp3473@meridian.com,active
E-3474,  Lin Liu  ,D-17,P-18,mfg,2022-02-04,"$47,157.00",EMP3474@MERIDIAN.COM,active
E-3475,FRANK LIU,D-1,P-64,saas,2015-08-11,36374,  emp3475@meridian. co  ,left
E-3476,bob rose,D-40,P-2,retail,11/14/2024,50821,  emp3476@meridian. co  ,active
E-3477,Rose Bob,D-36,P-26,mfg,05/21/2022,57336,  emp3477@meridian.COM  ,active
E-3478,  Frank Liu  ,D-1,P-95,mfg,2023-02-24,"$34,247.00",emp3478@meridian.com,active
E-3479,  Zhang Zhou  ,D-36,P-7,retail,09/15/2020,"30 995,00",emp3479@meridian.COM,active
E-3480,Wang Yuki,D-9,P-56,retail,2025-02-17,"46 393,00",emp3480@meridian.com,active
E-3481,carol yuki,D-11,P-39,retail,05/26/2020,"$36,386.00",emp3481@meridian.com,left
E-3482,  Alice Grace  ,D-23,P-57,saas,08-12-2017,23581,EMP3482@MERIDIAN.COM,active
E-3483,ALICE SUN,D-34,P-33,retail,2020-02-24,"$12,087.00",emp3483@meridian.com,active
E-3484,  Lin David  ,D-31,P-67,retail,2021-12-21,18867,emp3484@meridian.com,left
E-3485,Lin Liu,D-9,P-9,retail,19-08-2021,"$58,591.00",emp3485@meridian.COM,active
E-3486,PAUL PAUL,D-36,P-34,retail,2019-04-13,"$24,252.00",  emp3486@meridian. co  ,left
E-3487,GRACE LI,D-37,P-47,retail,09/03/2020,47675,emp3487@meridian.COM,active
E-3488,CHEN SAM,D-26,P-107,retail,06/13/2015,6687,emp3488@meridian.COM,active
E-3489,Wu Mona,D-26,P-75,retail,04/03/2024,"13 638,00",  emp3489@meridian.COM  ,left
E-3490,GRACE ZHAO,D-10,P-32,retail,2025-09-20,"$9,776.00",  emp3490@meridian.com  ,active
E-3491,  Xu Karen  ,D-32,P-117,retail,2026-02-01,59761,emp3491@meridian.COM,active
E-3492,  Wu Xavier  ,D-22,P-66,mfg,2016-10-22,12809,EMP3492@MERIDIAN.COM,active
E-3493,  Leo Wang  ,D-9,P-63,retail,18-07-2024,44 559,EMP3493@MERIDIAN.COM,active
E-3494,  Zhou Lin  ,D-16,P-68,retail,14-04-2021,"14 631,00",  emp3494@meridian.com  ,active
E-3495,  Rose Henry  ,D-10,P-14,mfg,24-11-2020,59101,emp3495@meridian.com,active
E-3496,  Zane Leo  ,D-38,P-47,mfg,04/17/2023,24357,emp3496@meridian.com,left
E-3497,Nick Alice,D-28,P-2,retail,04/06/2015,"$16,799.00",emp3497@meridian. co,active
E-3498,Bob Tina,D-4,P-42,mfg,04/18/2015,"45 364,00",emp3498@meridian. co,active
E-3499,ZHANG HU,D-13,P-76,retail,05/28/2016,25755,emp3499@meridian. co,active
E-3500,  Zhang Eve  ,D-21,P-52,retail,07-01-2015,22545,emp3500@meridian.com,active
E-3501,Ivy Hu,D-25,P-74,mfg,09/03/2023,45 105,emp3501@meridian.COM,active
E-3502,Tina Alice,D-13,P-115,mfg,22-05-2016,12116,emp3502@meridian.com,active
E-3503,Wu Hu,D-10,P-110,retail,2025-03-28,"$9,273.00",emp3503@meridian. co,active
E-3504,  Zane Karen  ,D-10,P-120,mfg,2025-08-18,21127,emp3504@meridian. co,active
E-3505,sam karen,D-9,P-64,retail,09-05-2026,"$17,761.00",emp3505@meridian. co,left
E-3506,Lin Sun,D-10,P-2,retail,09-12-2022,"$44,164.00",EMP3506@MERIDIAN.COM,active
E-3507,Hu Jack,D-39,P-1,retail,04/05/2025,"$22,211.00",emp3507@meridian.com,active
E-3508,XU EVE,D-30,P-47,mfg,2022-01-13,41845,emp3508@meridian.COM,active
E-3509,XAVIER LIN,D-35,P-20,mfg,04/05/2016,"$26,166.00",emp3509@meridian.com,active
E-3510,  Xu Hu  ,D-31,P-100,saas,2021-02-28,35885,EMP3510@MERIDIAN. CO,active
E-3511,  Zane Zhao  ,D-34,P-108,retail,12/25/2024,"$14,884.00",EMP3511@MERIDIAN.COM,active
E-3512,  Paul Leo  ,D-11,P-75,retail,09/11/2022,"$50,994.00",EMP3512@MERIDIAN.COM,active
E-3513,Leo Zane,D-40,P-61,retail,06-06-2021,"55 910,00",emp3513@meridian.COM,active
E-3514,Alice Wang,D-4,P-77,mfg,2024-11-20,12362,  emp3514@meridian.com  ,active
E-3515,XAVIER NICK,D-34,P-13,retail,2018-01-28,"$24,409.00",EMP3515@MERIDIAN. CO,left
E-3516,  Zhou Umar  ,D-20,P-56,retail,2020-04-24,"$27,755.00",EMP3516@MERIDIAN.COM,active
E-3517,WU GUO,D-7,P-60,retail,06/05/2026,39913,EMP3517@MERIDIAN. CO,active
E-3518,Wu Jack,D-17,P-87,mfg,2016-09-12,"$39,461.00",  emp3518@meridian. co  ,active
E-3519,David David,D-28,P-85,saas,2015-05-17,57100,emp3519@meridian.com,active
E-3520,  Ivy Frank  ,D-37,P-34,mfg,2026-02-07,"$29,483.00",EMP3520@MERIDIAN.COM,active
E-3521,JACK ZANE,D-29,P-115,mfg,06/07/2020,"$30,136.00",emp3521@meridian. co,active
E-3522,SUN CAROL,D-13,P-82,retail,15-07-2017,56 122,EMP3522@MERIDIAN.COM,active
E-3523,Quinn Olive,D-13,P-62,mfg,04-08-2022,30965,emp3523@meridian. co,active
E-3524,MONA YUKI,D-10,P-17,mfg,2025-10-27,"$59,363.00",emp3524@meridian. co,active
E-3525,ZHOU SAM,D-8,P-94,retail,2015-02-04,5383,  emp3525@meridian.com  ,active
E-3526,Sam Lin,D-35,P-52,mfg,2023-04-25,5 826,emp3526@meridian.COM,left
E-3527,Rose Jack,D-7,P-65,mfg,10/24/2015,"$54,791.00",emp3527@meridian. co,active
E-3528,  Liu Zhou  ,D-39,P-19,retail,11-05-2015,7890,  emp3528@meridian.com  ,left
E-3529,Zane Xavier,D-15,P-44,mfg,2024-12-15,"42 306,00",emp3529@meridian.com,active
E-3530,frank olive,D-3,P-18,retail,2015-03-28,9420,  emp3530@meridian.COM  ,left
E-3531,yuki vera,D-24,P-13,saas,07/17/2016,5210,emp3531@meridian.COM,active
E-3532,Mona Karen,D-9,P-70,mfg,2026-07-20,7670,emp3532@meridian. co,active
E-3533,Leo Xavier,D-3,P-8,retail,07/12/2020,"$14,001.00",  emp3533@meridian.com  ,active
E-3534,Li Grace,D-30,P-19,retail,09/16/2024,"$47,761.00",EMP3534@MERIDIAN.COM,active
E-3535,Vera Zane,D-24,P-10,retail,2025-12-08,"$51,925.00",  emp3535@meridian. co  ,left
E-3536,Wu Rose,D-2,P-22,retail,05/15/2017,25086,EMP3536@MERIDIAN.COM,active
E-3537,  Quinn Frank  ,D-4,P-24,mfg,2018-07-08,"15 447,00",EMP3537@MERIDIAN.COM,active
E-3538,Eve Liu,D-3,P-57,retail,2025-06-26,"$47,676.00",emp3538@meridian. co,active
E-3539,WU ROSE,D-35,P-15,mfg,11/09/2026,53032,EMP3539@MERIDIAN.COM,active
E-3540,  Eve Quinn  ,D-37,P-92,retail,12/10/2024,"53 825,00",emp3540@meridian.com,active
E-3541,Hu Zhang,D-32,P-72,saas,05/24/2026,"$18,635.00",emp3541@meridian.com,active
E-3542,Zhao Tina,D-37,P-52,retail,12/24/2025,47217,EMP3542@MERIDIAN.COM,left
E-3543,  Olive Carol  ,D-6,P-83,mfg,2022-04-21,53709,emp3543@meridian. co,active
E-3544,Yuki Jack,D-9,P-49,retail,2021-09-19,6 074,  emp3544@meridian.com  ,active
E-3545,GRACE ZHANG,D-40,P-96,mfg,13-10-2023,38846,emp3545@meridian.COM,left
E-3546,quinn guo,D-19,P-111,mfg,2020-06-07,29765,emp3546@meridian.COM,left
E-3547,WENDY MONA,D-8,P-55,saas,17-07-2026,"$52,141.00",emp3547@meridian.COM,active
E-3548,Yuki Zhang,D-39,P-62,retail,26-05-2020,48981,emp3548@meridian.com,active
E-3549,Wendy Leo,D-18,P-9,retail,22-12-2019,"$41,456.00",emp3549@meridian.com,active
E-3550,Wu Bob,D-3,P-108,saas,2020-07-05,21089,  emp3550@meridian. co  ,active
E-3551,EVE YUKI,D-38,P-17,mfg,03/06/2025,46 381,emp3551@meridian.com,active
E-3552,MONA ROSE,D-4,P-21,mfg,2016-04-28,"$50,816.00",EMP3552@MERIDIAN. CO,active
E-3553,  Umar Xavier  ,D-28,P-47,mfg,2021-08-14,24469,emp3553@meridian.com,active
E-3554,Sam Zhang,D-8,P-5,retail,2015-05-16,37025,emp3554@meridian. co,left
E-3555,Wang Sam,D-19,P-57,mfg,2016-05-02,12217,emp3555@meridian.com,active
E-3556,  Umar Li  ,D-39,P-22,mfg,01/24/2025,59799,emp3556@meridian. co,left
E-3557,XU GUO,D-26,P-33,mfg,2015-08-03,38529,  emp3557@meridian.COM  ,left
E-3558,frank quinn,D-2,P-30,retail,2017-07-25,37820,emp3558@meridian.COM,active
E-3559,Mona Grace,D-1,P-99,mfg,08/01/2016,52324,  emp3559@meridian. co  ,active
E-3560,Yuki Leo,D-36,P-17,retail,11/27/2015,12 396,emp3560@meridian.COM,active
E-3561,zhou sam,D-40,P-101,saas,12/22/2015,47516,emp3561@meridian. co,left
E-3562,Carol David,D-33,P-85,mfg,2026-09-03,16 173,emp3562@meridian. co,active
E-3563,Zhang Paul,D-30,P-91,retail,2017-01-05,53110,  emp3563@meridian.com  ,active
E-3564,  Nick David  ,D-37,P-37,retail,2026-08-12,19754,emp3564@meridian.COM,active
E-3565,tina liu,D-22,P-93,retail,2016-04-05,"$30,862.00",emp3565@meridian.com,active
E-3566,  Wang Wu  ,D-23,P-70,retail,2017-12-15,"46 047,00",EMP3566@MERIDIAN. CO,left
E-3567,  Grace Zhao  ,D-16,P-98,mfg,06/10/2025,9349,emp3567@meridian.COM,active
E-3568,Sam Ivy,D-39,P-17,retail,2016-11-27,"$17,204.00",emp3568@meridian.com,active
E-3569,LIU NICK,D-26,P-100,retail,05/20/2020,57100,emp3569@meridian.com,active
E-3570,  Leo Li  ,D-1,P-57,retail,2023-02-22,"49 665,00",emp3570@meridian.com,active
E-3571,Li Xavier,D-30,P-77,retail,2020-01-21,39318,  emp3571@meridian.COM  ,active
E-3572,ALICE LEO,D-25,P-64,retail,2016-02-09,"$27,794.00",  emp3572@meridian. co  ,left
E-3573,  Wu Sun  ,D-21,P-29,retail,2023-05-15,13811,EMP3573@MERIDIAN.COM,active
E-3574,FRANK ZHOU,D-39,P-108,saas,01/14/2025,"$41,967.00",emp3574@meridian. co,active
E-3575,wu liu,D-32,P-24,saas,12/11/2021,"$6,771.00",EMP3575@MERIDIAN.COM,active
E-3576,  Leo Rose  ,D-23,P-33,retail,2019-08-14,47833,emp3576@meridian.COM,active
E-3577,tina rose,D-2,P-28,retail,2020-03-09,"$52,820.00",emp3577@meridian.COM,left
E-3578,  Nick Paul  ,D-18,P-71,mfg,2022-04-27,"$10,374.00",emp3578@meridian.com,left
E-3579,SUN GRACE,D-32,P-60,retail,11/05/2026,"$43,403.00",emp3579@meridian.com,active
E-3580,  Eve Alice  ,D-24,P-90,saas,16-02-2026,"45 716,00",emp3580@meridian.com,active
E-3581,Chen Henry,D-19,P-8,mfg,2025-11-28,"11 064,00",  emp3581@meridian.COM  ,active
E-3582,VERA WANG,D-4,P-110,retail,2024-11-14,5459,EMP3582@MERIDIAN.COM,active
E-3583,quinn quinn,D-26,P-85,mfg,2025-04-02,9973,emp3583@meridian.com,active
E-3584,WU YUKI,D-30,P-48,mfg,2020-12-22,"$28,901.00",  emp3584@meridian.com  ,active
E-3585,Tina Vera,D-11,P-88,mfg,2023-07-10,51104,  emp3585@meridian.com  ,active
E-3586,Zhao Ivy,D-28,P-105,mfg,17-10-2022,"49 205,00",emp3586@meridian. co,active
E-3587,jack wu,D-10,P-76,saas,12/23/2025,"34 936,00",emp3587@meridian.com,left
E-3588,Wendy Grace,D-14,P-79,retail,15-02-2022,50922,  emp3588@meridian.COM  ,active
E-3589,Olive Lin,D-6,P-70,retail,06/26/2025,45459,emp3589@meridian. co,active
E-3590,Xu Zhang,D-6,P-21,retail,2024-09-20,"24 615,00",  emp3590@meridian.COM  ,active
E-3591,  Zhang Guo  ,D-7,P-36,mfg,03/05/2026,42913,emp3591@meridian. co,active
E-3592,ZHAO FRANK,D-29,P-78,retail,06/27/2022,"25 450,00",emp3592@meridian.com,active
E-3593,Ivy Tina,D-39,P-53,retail,2017-12-09,22031,emp3593@meridian.com,active
E-3594,Bob Wu,D-38,P-11,retail,2016-07-07,"15 939,00",emp3594@meridian.COM,active
E-3595,Lin Jack,D-32,P-39,mfg,06/22/2023,24 446,emp3595@meridian.com,active
E-3596,Sun Paul,D-10,P-56,saas,09/17/2015,"$36,282.00",EMP3596@MERIDIAN.COM,active
E-3597,Sam Henry,D-17,P-59,retail,14-02-2016,"$58,243.00",emp3597@meridian. co,active
E-3598,Hu Chen,D-7,P-10,mfg,2020-12-16,31104,EMP3598@MERIDIAN. CO,left
E-3599,UMAR WENDY,D-37,P-74,mfg,2021-09-20,22 938,emp3599@meridian.com,active
E-3600,Mona Hu,D-9,P-91,mfg,28-12-2021,53916,EMP3600@MERIDIAN.COM,active
