lead_id,channel_id,company,email,created_at,quality
LD-1,CH-6,  Weyland-Yutani lead0  ,lead0@leads.io,03-04-2025,hot
LD-2,CH-4,Massive Dynamic lead1,LEAD1@SALES.NET,2025-08-06,HOT
LD-3,CH-1,LexCorp lead2,lead2@leads.io,2025-06-10,HOT
LD-4,CH-4,  Wayne Enterprises lead3  ,lead3@sales.net,18-07-2026,hot
LD-5,CH-6,hooli lead4,LEAD4@LEADS.IO,24-12-2025,HOT
LD-6,CH-4,Weyland-Yutani lead5,  lead5@prospect.com  ,2026-04-04,hot
LD-7,CH-5,Hooli lead6,lead6@leads.io,03-03-2025,cold
LD-8,CH-6,Pied Piper lead7,LEAD7@SALES.NET,09/15/2025,warm
LD-9,CH-4,  Blue Sun lead8  ,lead8@sales.net,2025-12-21,HOT
LD-10,CH-2,Stark Industries lead9,LEAD9@SALES.NET,2025-09-22,warm
LD-11,CH-8,Pied Piper lead10,lead10@prospect.com,2026-12-17,cold
LD-12,CH-4,Pied Piper lead11,LEAD11@PROSPECT.COM,2026-09-22,cold
LD-13,CH-2,  Acme Corp lead12  ,lead12@prospect.com,2026-10-20,cold
LD-14,CH-8,cyberdyne lead13,lead13@sales.net,12-09-2025,warm
LD-15,CH-4,Tyrell Corp lead14,lead14@sales.net,2026-10-09,hot
LD-16,CH-8,Globex lead15,  lead15@sales.net  ,2025-10-23,warm
LD-17,CH-2,Acme Corp lead16,lead16@prospect.com,2025-07-22,HOT
LD-18,CH-8,Wayne Enterprises lead17,lead17@prospect.com,12/22/2026,HOT
LD-19,CH-4,Stark Industries lead18,  lead18@prospect.com  ,2025-01-09,warm
LD-20,CH-1,CYBERDYNE LEAD19,  lead19@prospect.com  ,2025-02-15,HOT
LD-21,CH-1,  Blue Sun lead20  ,lead20@leads.io,2025-05-11,hot
LD-22,CH-3,acme corp lead21,  lead21@sales.net  ,2025-09-21,cold
LD-23,CH-1,Stark Industries lead22,lead22@prospect.com,2025-10-22,warm
LD-24,CH-1,Initech lead23,  lead23@leads.io  ,05/01/2025,hot
LD-25,CH-3,Aperture lead24,lead24@sales.net,2025-07-18,warm
LD-26,CH-2,Pied Piper lead25,lead25@prospect.com,2026-12-20,hot
LD-27,CH-7,Vandelay lead26,lead26@sales.net,2025-06-19,cold
LD-28,CH-8,Aperture lead27,lead27@leads.io,2025-04-23,HOT
LD-29,CH-6,stark industries lead28,  lead28@prospect.com  ,04/03/2026,cold
LD-30,CH-2,Tyrell Corp lead29,lead29@leads.io,2026-10-06,hot
LD-31,CH-1,Oscorp lead30,  lead30@sales.net  ,2026-11-02,warm
LD-32,CH-7,  Massive Dynamic lead31  ,lead31@leads.io,11/18/2025,warm
LD-33,CH-4,LEXCORP LEAD32,lead32@prospect.com,04/21/2025,HOT
LD-34,CH-5,UMBRELLA CO LEAD33,lead33@sales.net,09/08/2026,warm
LD-35,CH-8,Black Mesa lead34,  lead34@sales.net  ,2026-12-20,warm
LD-36,CH-6,Dunder Mifflin lead35,lead35@leads.io,12/19/2025,warm
LD-37,CH-7,stark industries lead36,  lead36@prospect.com  ,2026-12-13,HOT
LD-38,CH-1,LexCorp lead37,  lead37@leads.io  ,2026-12-26,warm
LD-39,CH-4,  Black Mesa lead38  ,lead38@prospect.com,09/05/2025,HOT
LD-40,CH-5,PIED PIPER LEAD39,lead39@leads.io,08-03-2026,warm
LD-41,CH-1,DUNDER MIFFLIN LEAD40,  lead40@prospect.com  ,2026-02-26,HOT
LD-42,CH-7,PIED PIPER LEAD41,lead41@sales.net,2025-07-10,warm
LD-43,CH-1,Black Mesa lead42,  lead42@sales.net  ,03/08/2026,cold
LD-44,CH-6,  Weyland-Yutani lead43  ,lead43@sales.net,11/24/2026,HOT
LD-45,CH-4,  Massive Dynamic lead44  ,  lead44@prospect.com  ,2026-07-23,hot
LD-46,CH-2,black mesa lead45,lead45@leads.io,01-11-2025,cold
LD-47,CH-2,Wayne Enterprises lead46,LEAD46@SALES.NET,11/04/2026,HOT
LD-48,CH-4,Oscorp lead47,lead47@prospect.com,2026-12-22,HOT
LD-49,CH-6,Wayne Enterprises lead48,lead48@prospect.com,2026-12-07,cold
LD-50,CH-7,Tyrell Corp lead49,  lead49@leads.io  ,2026-09-10,HOT
LD-51,CH-1,LEXCORP LEAD50,lead50@prospect.com,11/22/2025,cold
LD-52,CH-3,Initech lead51,lead51@prospect.com,2025-07-19,HOT
LD-53,CH-8,TYRELL CORP LEAD52,LEAD52@SALES.NET,05/08/2025,hot
LD-54,CH-1,  Blue Sun lead53  ,lead53@sales.net,2026-02-06,warm
LD-55,CH-4,APERTURE LEAD54,  lead54@leads.io  ,2025-09-15,HOT
LD-56,CH-4,  Oscorp lead55  ,  lead55@prospect.com  ,03/22/2026,warm
LD-57,CH-3,  Oscorp lead56  ,lead56@leads.io,11/17/2026,warm
LD-58,CH-3,umbrella co lead57,lead57@sales.net,03/28/2025,cold
LD-59,CH-7,  Stark Industries lead58  ,lead58@sales.net,2025-02-03,hot
LD-60,CH-8,  Aperture lead59  ,LEAD59@SALES.NET,28-09-2026,warm
LD-61,CH-6,LexCorp lead60,lead60@prospect.com,2025-09-04,cold
LD-62,CH-2,Pied Piper lead61,LEAD61@LEADS.IO,03/06/2026,hot
LD-63,CH-1,Stark Industries lead62,lead62@prospect.com,2026-10-10,cold
LD-64,CH-1,lexcorp lead63,LEAD63@LEADS.IO,2025-12-09,hot
LD-65,CH-4,Vandelay lead64,lead64@sales.net,04/25/2026,hot
LD-66,CH-1,  Weyland-Yutani lead65  ,lead65@prospect.com,2026-08-21,HOT
LD-67,CH-3,black mesa lead66,LEAD66@PROSPECT.COM,10-10-2026,warm
LD-68,CH-7,  Dunder Mifflin lead67  ,lead67@leads.io,06/09/2026,warm
LD-69,CH-8,  Stark Industries lead68  ,  lead68@leads.io  ,2026-05-10,cold
LD-70,CH-7,Aperture lead69,lead69@leads.io,20-02-2025,cold
LD-71,CH-3,Wayne Enterprises lead70,lead70@prospect.com,02/04/2025,cold
LD-72,CH-2,  Tyrell Corp lead0  ,lead71@sales.net,2026-12-06,HOT
LD-73,CH-5,pied piper lead1,LEAD72@SALES.NET,2025-06-06,cold
LD-74,CH-3,  Cyberdyne lead2  ,LEAD73@LEADS.IO,12/02/2025,cold
LD-75,CH-6,Stark Industries lead3,  lead74@leads.io  ,07/06/2025,warm
LD-76,CH-5,Massive Dynamic lead4,lead75@leads.io,06-02-2025,HOT
LD-77,CH-4,Cyberdyne lead5,  lead76@sales.net  ,08/24/2025,HOT
LD-78,CH-5,GLOBEX LEAD6,lead77@prospect.com,2025-08-23,warm
LD-79,CH-8,  Dunder Mifflin lead7  ,lead78@leads.io,2026-08-27,cold
LD-80,CH-7,Blue Sun lead8,lead79@prospect.com,2025-04-14,warm
LD-81,CH-3,  Dunder Mifflin lead9  ,lead80@leads.io,09/02/2025,HOT
LD-82,CH-5,Globex lead10,lead81@leads.io,2026-06-18,HOT
LD-83,CH-4,Globex lead11,LEAD82@LEADS.IO,2026-10-15,cold
LD-84,CH-2,Initech lead12,  lead83@leads.io  ,03-06-2026,HOT
LD-85,CH-4,Weyland-Yutani lead13,  lead84@prospect.com  ,12/11/2026,hot
LD-86,CH-4,Dunder Mifflin lead14,lead85@leads.io,2026-12-24,HOT
LD-87,CH-1,DUNDER MIFFLIN LEAD15,LEAD86@SALES.NET,14-06-2026,cold
LD-88,CH-6,  Massive Dynamic lead16  ,  lead87@leads.io  ,2026-09-07,warm
LD-89,CH-6,LexCorp lead17,lead88@sales.net,2025-07-10,HOT
LD-90,CH-7,LexCorp lead18,lead89@sales.net,2026-02-15,warm
LD-91,CH-7,BLACK MESA LEAD19,lead90@prospect.com,10/14/2026,HOT
LD-92,CH-4,Oscorp lead20,lead91@sales.net,12/28/2025,warm
LD-93,CH-1,  Acme Corp lead21  ,lead92@prospect.com,09/17/2026,cold
LD-94,CH-4,TYRELL CORP LEAD22,lead93@sales.net,08-08-2025,hot
LD-95,CH-8,ACME CORP LEAD23,  lead94@sales.net  ,02/08/2026,cold
LD-96,CH-4,Globex lead24,lead95@leads.io,06/10/2026,hot
LD-97,CH-5,Blue Sun lead25,lead96@leads.io,2026-03-25,cold
LD-98,CH-5,  Umbrella Co lead26  ,lead97@leads.io,2026-07-26,warm
LD-99,CH-4,WEYLAND-YUTANI LEAD27,lead98@leads.io,03/27/2026,cold
LD-100,CH-1,BLUE SUN LEAD28,lead99@sales.net,08/14/2026,cold
LD-101,CH-5,UMBRELLA CO LEAD29,LEAD100@LEADS.IO,07-09-2025,HOT
LD-102,CH-5,Acme Corp lead30,lead101@sales.net,2026-06-23,hot
LD-103,CH-1,  Dunder Mifflin lead31  ,  lead102@sales.net  ,2026-07-09,cold
LD-104,CH-4,HOOLI LEAD32,  lead103@prospect.com  ,07/06/2025,HOT
LD-105,CH-6,Globex lead33,lead104@sales.net,2025-01-27,HOT
LD-106,CH-8,OSCORP LEAD34,lead105@sales.net,10/15/2025,warm
LD-107,CH-6,APERTURE LEAD35,LEAD106@PROSPECT.COM,03-08-2026,HOT
LD-108,CH-5,Oscorp lead36,lead107@sales.net,21-05-2026,warm
LD-109,CH-5,Vandelay lead37,lead108@leads.io,20-01-2026,hot
LD-110,CH-7,Hooli lead38,lead109@sales.net,07/12/2026,cold
LD-111,CH-3,  Vandelay lead39  ,lead110@prospect.com,2025-10-08,hot
LD-112,CH-3,Initech lead40,  lead111@prospect.com  ,02/07/2026,cold
LD-113,CH-5,Umbrella Co lead41,LEAD112@SALES.NET,2026-03-05,cold
LD-114,CH-1,Tyrell Corp lead42,lead113@prospect.com,15-01-2025,hot
LD-115,CH-4,DUNDER MIFFLIN LEAD43,lead114@leads.io,2026-01-24,HOT
LD-116,CH-2,Vandelay lead44,lead115@prospect.com,2026-09-04,HOT
LD-117,CH-8,Weyland-Yutani lead45,LEAD116@LEADS.IO,2026-04-16,HOT
LD-118,CH-7,  Pied Piper lead46  ,lead117@leads.io,2025-07-13,hot
LD-119,CH-8,Wonka lead47,lead118@sales.net,2026-05-14,hot
LD-120,CH-6,  Oscorp lead48  ,lead119@sales.net,2025-06-06,cold
LD-121,CH-4,ACME CORP LEAD49,lead120@sales.net,20-01-2025,warm
LD-122,CH-1,Weyland-Yutani lead50,  lead121@sales.net  ,2026-08-12,hot
LD-123,CH-1,Aperture lead51,lead122@prospect.com,2026-11-01,cold
LD-124,CH-5,Umbrella Co lead52,lead123@sales.net,09-07-2025,warm
LD-125,CH-8,BLACK MESA LEAD53,lead124@leads.io,23-05-2025,hot
LD-126,CH-3,Oscorp lead54,lead125@prospect.com,2025-11-17,HOT
LD-127,CH-2,WAYNE ENTERPRISES LEAD55,LEAD126@SALES.NET,10/20/2025,cold
LD-128,CH-7,ACME CORP LEAD56,LEAD127@LEADS.IO,03/07/2025,cold
LD-129,CH-6,Tyrell Corp lead57,lead128@sales.net,2026-03-26,hot
LD-130,CH-2,Stark Industries lead58,lead129@leads.io,10/07/2026,HOT
LD-131,CH-2,  Initech lead59  ,lead130@prospect.com,19-03-2025,warm
LD-132,CH-1,massive dynamic lead60,LEAD131@SALES.NET,2026-02-05,warm
LD-133,CH-5,Weyland-Yutani lead61,lead132@leads.io,13-11-2025,hot
LD-134,CH-3,Stark Industries lead62,  lead133@sales.net  ,2026-02-14,HOT
LD-135,CH-7,  Oscorp lead63  ,LEAD134@SALES.NET,2025-04-04,cold
LD-136,CH-2,Dunder Mifflin lead64,lead135@leads.io,06-09-2025,HOT
LD-137,CH-7,Aperture lead65,  lead136@prospect.com  ,07/16/2025,hot
LD-138,CH-3,Blue Sun lead66,LEAD137@SALES.NET,04/24/2026,HOT
LD-139,CH-7,BLACK MESA LEAD67,lead138@leads.io,2025-04-26,warm
LD-140,CH-5,Oscorp lead68,lead139@sales.net,08/05/2025,cold
LD-141,CH-8,  Weyland-Yutani lead69  ,lead140@sales.net,06/01/2025,HOT
LD-142,CH-1,dunder mifflin lead70,lead141@sales.net,2026-09-23,warm
LD-143,CH-2,Wayne Enterprises lead0,lead142@leads.io,05/16/2025,HOT
LD-144,CH-4,Initech lead1,lead143@leads.io,03-09-2026,cold
LD-145,CH-8,BLUE SUN LEAD2,LEAD144@SALES.NET,2026-04-23,cold
LD-146,CH-7,Globex lead3,lead145@leads.io,2025-10-28,cold
LD-147,CH-6,Pied Piper lead4,lead146@prospect.com,06/21/2026,cold
LD-148,CH-8,BLUE SUN LEAD5,LEAD147@LEADS.IO,12-09-2025,warm
LD-149,CH-6,initech lead6,  lead148@prospect.com  ,2026-10-13,warm
LD-150,CH-8,Vandelay lead7,  lead149@leads.io  ,2025-04-25,HOT
LD-151,CH-8,acme corp lead8,lead150@sales.net,08/19/2026,warm
LD-152,CH-6,Stark Industries lead9,LEAD151@SALES.NET,2026-02-11,hot
LD-153,CH-6,OSCORP LEAD10,LEAD152@SALES.NET,2026-02-09,warm
LD-154,CH-1,Dunder Mifflin lead11,lead153@sales.net,2026-07-17,warm
LD-155,CH-7,Pied Piper lead12,lead154@prospect.com,10/06/2025,warm
LD-156,CH-4,WAYNE ENTERPRISES LEAD13,lead155@sales.net,07/26/2026,hot
LD-157,CH-4,Cyberdyne lead14,lead156@sales.net,2025-04-01,warm
LD-158,CH-6,  Globex lead15  ,LEAD157@PROSPECT.COM,2025-02-22,cold
LD-159,CH-3,Stark Industries lead16,  lead158@leads.io  ,11/06/2025,warm
LD-160,CH-6,Black Mesa lead17,LEAD159@SALES.NET,2025-04-21,warm
LD-161,CH-6,Wonka lead18,lead160@prospect.com,2026-07-16,hot
LD-162,CH-4,Wonka lead19,LEAD161@PROSPECT.COM,2026-12-18,hot
LD-163,CH-2,WONKA LEAD20,lead162@sales.net,10/09/2026,warm
LD-164,CH-7,  Stark Industries lead21  ,lead163@prospect.com,2026-06-01,warm
LD-165,CH-8,globex lead22,lead164@sales.net,2025-04-15,HOT
LD-166,CH-8,Stark Industries lead23,LEAD165@LEADS.IO,2025-09-04,cold
LD-167,CH-2,Tyrell Corp lead24,LEAD166@LEADS.IO,2025-05-09,warm
LD-168,CH-1,Umbrella Co lead25,  lead167@sales.net  ,28-02-2026,cold
LD-169,CH-1,  LexCorp lead26  ,  lead168@prospect.com  ,2025-01-04,HOT
LD-170,CH-8,  Weyland-Yutani lead27  ,  lead169@prospect.com  ,2025-03-18,cold
LD-171,CH-8,Globex lead28,lead170@sales.net,2025-12-07,warm
LD-172,CH-6,HOOLI LEAD29,lead171@sales.net,2025-03-05,HOT
LD-173,CH-2,  Tyrell Corp lead30  ,LEAD172@SALES.NET,09/14/2025,cold
LD-174,CH-5,Vandelay lead31,lead173@prospect.com,2026-08-19,hot
LD-175,CH-2,  Acme Corp lead32  ,LEAD174@SALES.NET,2026-05-27,warm
LD-176,CH-6,Dunder Mifflin lead33,lead175@sales.net,2025-10-08,warm
LD-177,CH-3,cyberdyne lead34,LEAD176@PROSPECT.COM,05/19/2026,warm
LD-178,CH-1,Massive Dynamic lead35,lead177@prospect.com,20-07-2026,cold
LD-179,CH-6,vandelay lead36,LEAD178@LEADS.IO,10/23/2026,hot
LD-180,CH-6,  Acme Corp lead37  ,LEAD179@SALES.NET,04/13/2025,cold
LD-181,CH-8,Cyberdyne lead38,lead180@sales.net,11/22/2025,HOT
LD-182,CH-2,Massive Dynamic lead39,lead181@sales.net,2025-01-16,warm
LD-183,CH-2,  Globex lead40  ,lead182@leads.io,2026-05-14,hot
LD-184,CH-8,stark industries lead41,lead183@sales.net,2026-09-13,HOT
LD-185,CH-1,Wayne Enterprises lead42,  lead184@prospect.com  ,07/19/2026,hot
LD-186,CH-4,GLOBEX LEAD43,  lead185@prospect.com  ,09/27/2025,warm
LD-187,CH-7,  Stark Industries lead44  ,LEAD186@SALES.NET,11/06/2025,HOT
LD-188,CH-3,Dunder Mifflin lead45,lead187@sales.net,03/21/2025,HOT
LD-189,CH-3,stark industries lead46,  lead188@leads.io  ,2026-03-21,warm
LD-190,CH-1,Massive Dynamic lead47,  lead189@leads.io  ,2026-04-22,hot
LD-191,CH-3,Oscorp lead48,LEAD190@LEADS.IO,2025-12-26,HOT
LD-192,CH-4,Oscorp lead49,LEAD191@SALES.NET,08-09-2025,HOT
LD-193,CH-8,APERTURE LEAD50,lead192@leads.io,25-01-2025,hot
LD-194,CH-8,  Cyberdyne lead51  ,lead193@sales.net,2026-10-28,HOT
LD-195,CH-3,  Stark Industries lead52  ,  lead194@leads.io  ,2026-02-10,cold
LD-196,CH-7,  Massive Dynamic lead53  ,lead195@sales.net,16-08-2026,cold
LD-197,CH-7,Massive Dynamic lead54,lead196@leads.io,2026-02-15,warm
LD-198,CH-1,LEXCORP LEAD55,lead197@leads.io,2026-10-10,HOT
LD-199,CH-5,  Initech lead56  ,  lead198@prospect.com  ,03/23/2026,HOT
LD-200,CH-3,Black Mesa lead57,lead199@leads.io,2025-07-03,HOT
LD-201,CH-5,  Massive Dynamic lead58  ,lead200@prospect.com,05/26/2025,warm
LD-202,CH-4,  Initech lead59  ,  lead201@leads.io  ,03/28/2025,HOT
LD-203,CH-6,Umbrella Co lead60,LEAD202@LEADS.IO,08/13/2026,warm
LD-204,CH-1,  Wonka lead61  ,  lead203@leads.io  ,2025-02-24,warm
LD-205,CH-8,CYBERDYNE LEAD62,lead204@prospect.com,2025-06-09,warm
LD-206,CH-7,  Stark Industries lead63  ,  lead205@sales.net  ,07/02/2025,HOT
LD-207,CH-3,Globex lead64,  lead206@leads.io  ,02/23/2026,cold
LD-208,CH-2,  Aperture lead65  ,lead207@prospect.com,2025-11-14,cold
LD-209,CH-6,Cyberdyne lead66,LEAD208@PROSPECT.COM,2026-11-13,cold
LD-210,CH-1,  LexCorp lead67  ,  lead209@prospect.com  ,2025-04-07,cold
LD-211,CH-8,vandelay lead68,lead210@sales.net,2025-10-07,HOT
LD-212,CH-6,Black Mesa lead69,lead211@sales.net,2026-12-11,hot
LD-213,CH-4,  Acme Corp lead70  ,lead212@leads.io,2026-03-05,hot
LD-214,CH-7,  Oscorp lead0  ,  lead213@leads.io  ,2025-04-12,cold
LD-215,CH-5,Acme Corp lead1,lead214@sales.net,12/09/2026,hot
LD-216,CH-3,  Wayne Enterprises lead2  ,  lead215@leads.io  ,2026-09-26,HOT
LD-217,CH-4,WONKA LEAD3,  lead216@sales.net  ,2025-12-04,cold
LD-218,CH-1,WAYNE ENTERPRISES LEAD4,lead217@prospect.com,01/03/2026,warm
LD-219,CH-2,Cyberdyne lead5,lead218@leads.io,09/20/2025,HOT
LD-220,CH-1,VANDELAY LEAD6,LEAD219@PROSPECT.COM,2026-12-19,cold
LD-221,CH-2,Aperture lead7,LEAD220@LEADS.IO,15-04-2026,hot
LD-222,CH-4,  Weyland-Yutani lead8  ,LEAD221@LEADS.IO,2026-02-02,warm
LD-223,CH-4,Oscorp lead9,LEAD222@SALES.NET,2025-04-04,hot
LD-224,CH-4,Cyberdyne lead10,LEAD223@PROSPECT.COM,2025-02-24,cold
LD-225,CH-2,tyrell corp lead11,LEAD224@SALES.NET,16-04-2026,hot
LD-226,CH-3,Initech lead12,lead225@prospect.com,05/20/2025,HOT
LD-227,CH-5,  Oscorp lead13  ,lead226@prospect.com,2025-08-01,hot
LD-228,CH-2,Weyland-Yutani lead14,LEAD227@LEADS.IO,2025-10-09,cold
LD-229,CH-8,Stark Industries lead15,lead228@leads.io,2026-02-27,HOT
LD-230,CH-2,Tyrell Corp lead16,  lead229@leads.io  ,02/26/2026,HOT
LD-231,CH-2,Vandelay lead17,  lead230@leads.io  ,2025-01-27,cold
LD-232,CH-3,Tyrell Corp lead18,LEAD231@PROSPECT.COM,2026-02-03,HOT
LD-233,CH-3,wayne enterprises lead19,  lead232@prospect.com  ,04/27/2025,cold
LD-234,CH-3,Aperture lead20,LEAD233@LEADS.IO,06-12-2025,hot
LD-235,CH-8,Black Mesa lead21,LEAD234@SALES.NET,2025-03-03,HOT
LD-236,CH-7,weyland-yutani lead22,LEAD235@SALES.NET,2026-12-12,HOT
LD-237,CH-4,Stark Industries lead23,lead236@prospect.com,26-03-2025,hot
LD-238,CH-6,Initech lead24,lead237@sales.net,2026-06-20,warm
LD-239,CH-1,Black Mesa lead25,lead238@leads.io,2026-12-06,hot
LD-240,CH-7,Globex lead26,  lead239@leads.io  ,2026-11-19,HOT
LD-241,CH-7,GLOBEX LEAD27,  lead240@prospect.com  ,2025-11-18,warm
LD-242,CH-6,  Initech lead28  ,  lead241@prospect.com  ,02-06-2026,hot
LD-243,CH-3,Pied Piper lead29,lead242@leads.io,09/28/2026,cold
LD-244,CH-5,Wayne Enterprises lead30,lead243@prospect.com,2025-09-01,warm
LD-245,CH-7,WEYLAND-YUTANI LEAD31,LEAD244@SALES.NET,2025-09-02,hot
LD-246,CH-2,Vandelay lead32,lead245@prospect.com,04/13/2026,HOT
LD-247,CH-3,Stark Industries lead33,lead246@sales.net,16-11-2026,cold
LD-248,CH-7,Dunder Mifflin lead34,  lead247@prospect.com  ,2025-02-13,hot
LD-249,CH-7,Black Mesa lead35,LEAD248@PROSPECT.COM,2025-05-22,hot
LD-250,CH-8,pied piper lead36,lead249@sales.net,01/13/2025,warm
LD-251,CH-3,Vandelay lead37,  lead250@prospect.com  ,2026-07-01,cold
LD-252,CH-4,CYBERDYNE LEAD38,lead251@prospect.com,2025-01-16,hot
LD-253,CH-5,  Wayne Enterprises lead39  ,  lead252@leads.io  ,2026-11-05,cold
LD-254,CH-5,  Hooli lead40  ,  lead253@sales.net  ,01/20/2025,HOT
LD-255,CH-6,weyland-yutani lead41,lead254@sales.net,04/19/2025,HOT
LD-256,CH-7,PIED PIPER LEAD42,lead255@leads.io,08/26/2025,cold
LD-257,CH-4,Weyland-Yutani lead43,  lead256@sales.net  ,2025-05-26,HOT
LD-258,CH-5,LEXCORP LEAD44,lead257@sales.net,16-05-2025,warm
LD-259,CH-6,Hooli lead45,  lead258@prospect.com  ,11-01-2026,cold
LD-260,CH-3,Cyberdyne lead46,  lead259@leads.io  ,03/18/2026,HOT
LD-261,CH-6,Aperture lead47,lead260@leads.io,05/02/2026,cold
LD-262,CH-4,LexCorp lead48,lead261@leads.io,20-01-2025,cold
LD-263,CH-4,LEXCORP LEAD49,  lead262@prospect.com  ,11-05-2026,warm
LD-264,CH-1,Globex lead50,lead263@leads.io,07/10/2026,hot
LD-265,CH-3,Acme Corp lead51,LEAD264@LEADS.IO,2026-10-28,HOT
LD-266,CH-4,Tyrell Corp lead52,LEAD265@PROSPECT.COM,2026-05-03,cold
LD-267,CH-8,LexCorp lead53,LEAD266@SALES.NET,2025-07-12,HOT
LD-268,CH-2,  Oscorp lead54  ,lead267@leads.io,2025-05-06,cold
LD-269,CH-5,Tyrell Corp lead55,  lead268@sales.net  ,2025-12-10,cold
LD-270,CH-2,Dunder Mifflin lead56,LEAD269@PROSPECT.COM,22-10-2026,HOT
LD-271,CH-1,LexCorp lead57,LEAD270@PROSPECT.COM,2025-01-15,cold
LD-272,CH-8,Initech lead58,  lead271@sales.net  ,07-12-2026,HOT
LD-273,CH-6,Pied Piper lead59,LEAD272@LEADS.IO,2026-09-06,cold
LD-274,CH-3,Cyberdyne lead60,LEAD273@PROSPECT.COM,04/14/2026,warm
LD-275,CH-6,  Aperture lead61  ,LEAD274@SALES.NET,2026-01-12,hot
LD-276,CH-6,Massive Dynamic lead62,lead275@leads.io,08/06/2026,hot
LD-277,CH-5,  Stark Industries lead63  ,  lead276@leads.io  ,03/06/2025,warm
LD-278,CH-1,Cyberdyne lead64,lead277@prospect.com,2025-10-28,warm
LD-279,CH-1,  Acme Corp lead65  ,lead278@prospect.com,10/11/2026,warm
LD-280,CH-8,STARK INDUSTRIES LEAD66,lead279@leads.io,27-09-2026,HOT
LD-281,CH-3,Umbrella Co lead67,LEAD280@PROSPECT.COM,02/27/2025,cold
LD-282,CH-2,BLUE SUN LEAD68,  lead281@prospect.com  ,07/08/2026,hot
LD-283,CH-2,BLUE SUN LEAD69,lead282@leads.io,07/21/2025,HOT
LD-284,CH-7,Acme Corp lead70,lead283@prospect.com,11-06-2026,hot
LD-285,CH-7,Hooli lead0,lead284@sales.net,2026-02-19,HOT
LD-286,CH-3,Umbrella Co lead1,lead285@prospect.com,2025-01-18,hot
LD-287,CH-7,PIED PIPER LEAD2,  lead286@prospect.com  ,2026-05-11,warm
LD-288,CH-1,Wonka lead3,  lead287@sales.net  ,05/06/2026,cold
LD-289,CH-3,Dunder Mifflin lead4,LEAD288@SALES.NET,2025-09-27,HOT
LD-290,CH-7,  Wayne Enterprises lead5  ,  lead289@leads.io  ,08/06/2025,warm
LD-291,CH-2,Pied Piper lead6,  lead290@prospect.com  ,2025-01-25,warm
LD-292,CH-6,Dunder Mifflin lead7,LEAD291@PROSPECT.COM,2025-12-04,warm
LD-293,CH-2,vandelay lead8,lead292@prospect.com,2026-10-15,cold
LD-294,CH-3,Weyland-Yutani lead9,LEAD293@LEADS.IO,2026-05-14,warm
LD-295,CH-5,Vandelay lead10,lead294@leads.io,2026-07-17,hot
LD-296,CH-6,  Acme Corp lead11  ,  lead295@prospect.com  ,08/11/2025,hot
LD-297,CH-4,initech lead12,lead296@sales.net,08/10/2026,warm
LD-298,CH-8,Vandelay lead13,lead297@prospect.com,2026-08-08,hot
LD-299,CH-8,MASSIVE DYNAMIC LEAD14,lead298@prospect.com,28-01-2026,warm
LD-300,CH-4,Vandelay lead15,LEAD299@PROSPECT.COM,2026-09-06,HOT
LD-301,CH-5,CYBERDYNE LEAD16,lead300@sales.net,2025-08-09,hot
LD-302,CH-6,WAYNE ENTERPRISES LEAD17,lead301@sales.net,2025-10-07,cold
LD-303,CH-4,GLOBEX LEAD18,  lead302@leads.io  ,04/08/2025,warm
LD-304,CH-6,Globex lead19,  lead303@leads.io  ,15-05-2025,warm
LD-305,CH-3,Dunder Mifflin lead20,lead304@sales.net,2026-02-08,warm
LD-306,CH-1,Wayne Enterprises lead21,lead305@prospect.com,2026-06-07,HOT
LD-307,CH-7,LexCorp lead22,  lead306@leads.io  ,2026-05-20,cold
LD-308,CH-3,Pied Piper lead23,lead307@prospect.com,2026-06-27,HOT
LD-309,CH-7,Oscorp lead24,  lead308@prospect.com  ,04/11/2025,cold
LD-310,CH-5,HOOLI LEAD25,lead309@prospect.com,2025-10-04,warm
LD-311,CH-8,UMBRELLA CO LEAD26,lead310@sales.net,12/28/2026,warm
LD-312,CH-4,  Massive Dynamic lead27  ,lead311@prospect.com,18-12-2026,HOT
LD-313,CH-1,VANDELAY LEAD28,lead312@leads.io,2026-04-14,warm
LD-314,CH-4,  Vandelay lead29  ,lead313@sales.net,2025-11-17,cold
LD-315,CH-4,Cyberdyne lead30,lead314@leads.io,10/08/2025,hot
LD-316,CH-3,Stark Industries lead31,LEAD315@PROSPECT.COM,01/20/2026,cold
LD-317,CH-5,INITECH LEAD32,lead316@sales.net,02/16/2025,hot
LD-318,CH-3,Hooli lead33,lead317@prospect.com,10/23/2025,warm
LD-319,CH-7,Black Mesa lead34,lead318@prospect.com,2026-07-24,warm
LD-320,CH-2,Vandelay lead35,LEAD319@LEADS.IO,2026-11-04,cold
LD-321,CH-7,wayne enterprises lead36,  lead320@leads.io  ,2026-10-21,HOT
LD-322,CH-4,Initech lead37,lead321@sales.net,2026-08-10,hot
LD-323,CH-1,Hooli lead38,LEAD322@PROSPECT.COM,2026-04-12,warm
LD-324,CH-3,  Oscorp lead39  ,LEAD323@PROSPECT.COM,2025-02-21,hot
LD-325,CH-8,Vandelay lead40,lead324@prospect.com,2026-06-20,hot
LD-326,CH-7,Dunder Mifflin lead41,LEAD325@PROSPECT.COM,10/07/2026,HOT
LD-327,CH-7,  Umbrella Co lead42  ,LEAD326@LEADS.IO,02/28/2026,hot
LD-328,CH-1,WEYLAND-YUTANI LEAD43,lead327@leads.io,25-10-2026,warm
LD-329,CH-8,  Aperture lead44  ,lead328@sales.net,04/28/2025,hot
LD-330,CH-2,  LexCorp lead45  ,lead329@sales.net,2026-05-24,hot
LD-331,CH-5,Umbrella Co lead46,lead330@leads.io,15-10-2025,warm
LD-332,CH-2,Oscorp lead47,  lead331@leads.io  ,01-08-2026,cold
LD-333,CH-1,Hooli lead48,lead332@prospect.com,26-10-2025,hot
LD-334,CH-5,tyrell corp lead49,lead333@prospect.com,2026-03-21,HOT
LD-335,CH-2,PIED PIPER LEAD50,lead334@sales.net,08-08-2025,warm
LD-336,CH-3,Black Mesa lead51,lead335@leads.io,2025-12-22,HOT
LD-337,CH-1,Stark Industries lead52,lead336@prospect.com,2025-04-10,hot
LD-338,CH-6,Vandelay lead53,lead337@leads.io,10/20/2026,cold
LD-339,CH-2,WAYNE ENTERPRISES LEAD54,  lead338@leads.io  ,23-09-2026,HOT
LD-340,CH-5,Massive Dynamic lead55,  lead339@sales.net  ,15-07-2026,hot
LD-341,CH-2,STARK INDUSTRIES LEAD56,lead340@prospect.com,2026-02-25,HOT
LD-342,CH-3,Hooli lead57,lead341@prospect.com,10-06-2025,warm
LD-343,CH-2,DUNDER MIFFLIN LEAD58,lead342@sales.net,24-04-2025,hot
LD-344,CH-2,Wonka lead59,LEAD343@PROSPECT.COM,2026-02-22,warm
LD-345,CH-5,Stark Industries lead60,  lead344@leads.io  ,27-06-2025,cold
LD-346,CH-6,oscorp lead61,  lead345@sales.net  ,17-02-2026,hot
LD-347,CH-3,lexcorp lead62,lead346@leads.io,2026-08-01,warm
LD-348,CH-8,Cyberdyne lead63,LEAD347@LEADS.IO,2025-09-28,warm
LD-349,CH-6,Tyrell Corp lead64,lead348@sales.net,18-08-2026,cold
LD-350,CH-8,Acme Corp lead65,lead349@sales.net,26-06-2026,HOT
LD-351,CH-6,Oscorp lead66,  lead350@leads.io  ,04/01/2026,hot
LD-352,CH-8,Blue Sun lead67,LEAD351@LEADS.IO,01-02-2025,hot
LD-353,CH-2,  Wonka lead68  ,lead352@prospect.com,24-11-2025,warm
LD-354,CH-4,Acme Corp lead69,lead353@leads.io,2026-01-14,hot
LD-355,CH-2,Initech lead70,  lead354@sales.net  ,03/02/2026,hot
LD-356,CH-4,Initech lead0,  lead355@leads.io  ,2025-06-19,HOT
LD-357,CH-8,aperture lead1,  lead356@leads.io  ,06/20/2025,warm
LD-358,CH-7,  Globex lead2  ,lead357@leads.io,2025-05-13,HOT
LD-359,CH-6,Acme Corp lead3,lead358@leads.io,2025-04-02,HOT
LD-360,CH-3,Cyberdyne lead4,  lead359@leads.io  ,2025-01-08,cold
LD-361,CH-5,Dunder Mifflin lead5,LEAD360@LEADS.IO,2025-08-03,warm
LD-362,CH-2,Pied Piper lead6,lead361@sales.net,2026-06-27,warm
LD-363,CH-2,BLACK MESA LEAD7,lead362@sales.net,2025-11-25,cold
LD-364,CH-4,Dunder Mifflin lead8,lead363@sales.net,2025-04-18,hot
LD-365,CH-3,globex lead9,lead364@leads.io,2026-06-24,cold
LD-366,CH-7,Weyland-Yutani lead10,lead365@sales.net,2026-10-10,HOT
LD-367,CH-6,stark industries lead11,LEAD366@SALES.NET,2025-12-05,cold
LD-368,CH-3,  Oscorp lead12  ,lead367@leads.io,2025-10-10,cold
LD-369,CH-8,Umbrella Co lead13,LEAD368@SALES.NET,12/27/2026,warm
LD-370,CH-3,Black Mesa lead14,LEAD369@PROSPECT.COM,2025-06-21,cold
LD-371,CH-7,Wayne Enterprises lead15,lead370@leads.io,12/05/2025,HOT
LD-372,CH-1,  Oscorp lead16  ,lead371@prospect.com,2026-07-19,hot
LD-373,CH-4,Tyrell Corp lead17,LEAD372@SALES.NET,2026-06-21,cold
LD-374,CH-1,Black Mesa lead18,LEAD373@LEADS.IO,2026-03-01,hot
LD-375,CH-8,Acme Corp lead19,  lead374@prospect.com  ,25-06-2026,cold
LD-376,CH-1,initech lead20,lead375@prospect.com,2026-05-19,HOT
LD-377,CH-8,Black Mesa lead21,lead376@prospect.com,2025-12-05,HOT
LD-378,CH-1,  Massive Dynamic lead22  ,  lead377@leads.io  ,2025-03-06,HOT
LD-379,CH-5,oscorp lead23,LEAD378@PROSPECT.COM,20-11-2026,HOT
LD-380,CH-3,ACME CORP LEAD24,  lead379@prospect.com  ,2025-04-07,cold
LD-381,CH-2,  Massive Dynamic lead25  ,lead380@leads.io,2026-05-15,cold
LD-382,CH-7,Pied Piper lead26,lead381@sales.net,10/26/2025,cold
LD-383,CH-2,Hooli lead27,LEAD382@PROSPECT.COM,10/18/2026,cold
LD-384,CH-5,Cyberdyne lead28,lead383@prospect.com,2026-03-27,cold
LD-385,CH-8,CYBERDYNE LEAD29,lead384@sales.net,01/05/2025,hot
LD-386,CH-8,Wayne Enterprises lead30,lead385@prospect.com,2025-05-10,warm
LD-387,CH-1,Weyland-Yutani lead31,lead386@prospect.com,17-04-2025,cold
LD-388,CH-1,weyland-yutani lead32,lead387@leads.io,2026-03-27,cold
LD-389,CH-1,  Dunder Mifflin lead33  ,  lead388@prospect.com  ,2025-11-03,HOT
LD-390,CH-8,dunder mifflin lead34,lead389@sales.net,2026-08-14,hot
LD-391,CH-7,Wayne Enterprises lead35,lead390@sales.net,03/17/2025,cold
LD-392,CH-1,Wonka lead36,lead391@sales.net,19-12-2025,warm
LD-393,CH-3,  Tyrell Corp lead37  ,lead392@leads.io,01/15/2026,warm
LD-394,CH-5,Aperture lead38,lead393@prospect.com,05/08/2026,HOT
LD-395,CH-8,Wonka lead39,lead394@prospect.com,2026-11-06,warm
LD-396,CH-4,massive dynamic lead40,lead395@sales.net,13-03-2026,HOT
LD-397,CH-7,WONKA LEAD41,LEAD396@LEADS.IO,2025-11-19,hot
LD-398,CH-1,Aperture lead42,lead397@sales.net,2026-11-11,cold
LD-399,CH-4,Tyrell Corp lead43,lead398@prospect.com,09/17/2026,HOT
LD-400,CH-7,Wonka lead44,lead399@leads.io,2026-03-25,HOT
LD-401,CH-6,Pied Piper lead45,LEAD400@LEADS.IO,2025-08-22,cold
LD-402,CH-8,tyrell corp lead46,lead401@leads.io,06/05/2025,hot
LD-403,CH-7,TYRELL CORP LEAD47,lead402@prospect.com,2026-01-19,HOT
LD-404,CH-3,Dunder Mifflin lead48,LEAD403@SALES.NET,2026-01-13,hot
LD-405,CH-6,vandelay lead49,lead404@prospect.com,2025-04-28,HOT
LD-406,CH-1,Wonka lead50,LEAD405@LEADS.IO,08/24/2025,cold
LD-407,CH-5,MASSIVE DYNAMIC LEAD51,LEAD406@PROSPECT.COM,2026-08-01,HOT
LD-408,CH-8,initech lead52,lead407@leads.io,02/11/2025,hot
LD-409,CH-5,Black Mesa lead53,LEAD408@PROSPECT.COM,07/20/2026,HOT
LD-410,CH-8,Hooli lead54,  lead409@prospect.com  ,06/24/2025,HOT
LD-411,CH-8,CYBERDYNE LEAD55,lead410@leads.io,20-08-2025,hot
LD-412,CH-8,Pied Piper lead56,lead411@prospect.com,07/14/2026,HOT
LD-413,CH-8,GLOBEX LEAD57,lead412@prospect.com,11-07-2025,hot
LD-414,CH-3,BLUE SUN LEAD58,lead413@sales.net,03/15/2026,HOT
LD-415,CH-3,Aperture lead59,  lead414@sales.net  ,06/12/2025,warm
LD-416,CH-4,Aperture lead60,lead415@sales.net,10-06-2026,cold
LD-417,CH-8,Dunder Mifflin lead61,lead416@leads.io,2025-07-10,warm
LD-418,CH-6,Dunder Mifflin lead62,  lead417@sales.net  ,2025-10-26,HOT
LD-419,CH-8,acme corp lead63,LEAD418@LEADS.IO,01/18/2026,HOT
LD-420,CH-4,Globex lead64,lead419@prospect.com,10-08-2026,HOT
LD-421,CH-6,BLUE SUN LEAD65,LEAD420@PROSPECT.COM,2025-10-10,warm
LD-422,CH-8,  Initech lead66  ,lead421@leads.io,10/23/2026,warm
LD-423,CH-3,  Wonka lead67  ,lead422@prospect.com,2025-11-02,cold
LD-424,CH-7,LexCorp lead68,LEAD423@SALES.NET,09/25/2026,warm
LD-425,CH-6,Black Mesa lead69,LEAD424@PROSPECT.COM,21-03-2026,cold
LD-426,CH-2,Oscorp lead70,lead425@leads.io,08/10/2025,HOT
LD-427,CH-7,LEXCORP LEAD0,lead426@leads.io,2026-10-04,HOT
LD-428,CH-3,weyland-yutani lead1,lead427@leads.io,08/09/2026,cold
LD-429,CH-4,oscorp lead2,lead428@prospect.com,2025-09-13,warm
LD-430,CH-6,  Vandelay lead3  ,lead429@prospect.com,23-07-2026,HOT
LD-431,CH-1,Globex lead4,lead430@prospect.com,11/27/2025,hot
LD-432,CH-1,BLUE SUN LEAD5,  lead431@leads.io  ,04/25/2025,hot
LD-433,CH-8,stark industries lead6,lead432@prospect.com,01/21/2025,hot
LD-434,CH-5,  Vandelay lead7  ,LEAD433@PROSPECT.COM,10-03-2026,HOT
LD-435,CH-1,Wayne Enterprises lead8,lead434@sales.net,2025-07-16,warm
LD-436,CH-1,Vandelay lead9,lead435@sales.net,06/24/2026,hot
LD-437,CH-8,Pied Piper lead10,  lead436@leads.io  ,2026-02-14,hot
LD-438,CH-6,Acme Corp lead11,  lead437@leads.io  ,2026-09-19,HOT
LD-439,CH-7,APERTURE LEAD12,lead438@prospect.com,10/21/2025,hot
LD-440,CH-8,Initech lead13,lead439@sales.net,2025-07-06,warm
LD-441,CH-8,Massive Dynamic lead14,lead440@leads.io,09/21/2026,hot
LD-442,CH-3,Wonka lead15,lead441@prospect.com,2026-11-17,HOT
LD-443,CH-8,  Wonka lead16  ,  lead442@leads.io  ,2025-07-13,cold
LD-444,CH-6,hooli lead17,LEAD443@LEADS.IO,2026-09-12,hot
LD-445,CH-7,Dunder Mifflin lead18,  lead444@sales.net  ,01/18/2025,cold
LD-446,CH-7,Hooli lead19,lead445@sales.net,11/04/2026,HOT
LD-447,CH-2,Tyrell Corp lead20,lead446@sales.net,06/10/2026,warm
LD-448,CH-8,Blue Sun lead21,LEAD447@LEADS.IO,2026-02-04,cold
LD-449,CH-5,  Oscorp lead22  ,LEAD448@LEADS.IO,10-02-2026,cold
LD-450,CH-4,  Initech lead23  ,lead449@sales.net,2025-09-16,warm
LD-451,CH-2,Wonka lead24,  lead450@sales.net  ,23-02-2026,warm
LD-452,CH-7,Vandelay lead25,lead451@leads.io,07/22/2026,HOT
LD-453,CH-7,STARK INDUSTRIES LEAD26,lead452@prospect.com,2025-09-11,hot
LD-454,CH-3,Wayne Enterprises lead27,lead453@leads.io,2026-08-14,hot
LD-455,CH-8,  Aperture lead28  ,lead454@prospect.com,08/21/2025,hot
LD-456,CH-5,stark industries lead29,lead455@leads.io,02/19/2025,HOT
LD-457,CH-6,Pied Piper lead30,lead456@leads.io,2025-02-15,cold
LD-458,CH-7,INITECH LEAD31,  lead457@sales.net  ,2026-01-07,HOT
LD-459,CH-2,UMBRELLA CO LEAD32,LEAD458@SALES.NET,2025-05-01,hot
LD-460,CH-3,  Massive Dynamic lead33  ,lead459@prospect.com,07/16/2026,HOT
LD-461,CH-7,tyrell corp lead34,lead460@sales.net,06/18/2025,HOT
LD-462,CH-4,Stark Industries lead35,lead461@prospect.com,06-02-2026,HOT
LD-463,CH-8,LexCorp lead36,LEAD462@PROSPECT.COM,2025-04-21,cold
LD-464,CH-8,UMBRELLA CO LEAD37,LEAD463@SALES.NET,19-04-2025,warm
LD-465,CH-8,  Globex lead38  ,LEAD464@SALES.NET,05/12/2025,hot
LD-466,CH-3,pied piper lead39,lead465@prospect.com,2025-10-01,hot
LD-467,CH-7,  Wonka lead40  ,lead466@sales.net,09/28/2025,hot
LD-468,CH-6,Hooli lead41,lead467@prospect.com,02/17/2025,hot
LD-469,CH-4,INITECH LEAD42,lead468@leads.io,11-05-2025,hot
LD-470,CH-3,  Cyberdyne lead43  ,lead469@leads.io,26-06-2025,warm
LD-471,CH-8,LEXCORP LEAD44,LEAD470@LEADS.IO,2025-11-15,warm
LD-472,CH-8,Stark Industries lead45,LEAD471@LEADS.IO,24-08-2025,cold
LD-473,CH-7,Pied Piper lead46,  lead472@prospect.com  ,2026-06-15,hot
LD-474,CH-7,  Stark Industries lead47  ,LEAD473@LEADS.IO,2026-01-16,HOT
LD-475,CH-8,Globex lead48,lead474@leads.io,19-11-2026,cold
LD-476,CH-2,weyland-yutani lead49,lead475@prospect.com,2025-01-05,warm
LD-477,CH-6,  Dunder Mifflin lead50  ,lead476@sales.net,2025-02-22,hot
LD-478,CH-7,  Tyrell Corp lead51  ,lead477@sales.net,08/10/2025,hot
LD-479,CH-7,weyland-yutani lead52,lead478@sales.net,09/10/2026,warm
LD-480,CH-5,HOOLI LEAD53,lead479@prospect.com,2025-12-07,HOT
LD-481,CH-4,WAYNE ENTERPRISES LEAD54,lead480@sales.net,24-04-2026,HOT
LD-482,CH-7,  Acme Corp lead55  ,LEAD481@PROSPECT.COM,2026-03-14,hot
LD-483,CH-5,Tyrell Corp lead56,lead482@sales.net,04/10/2026,hot
LD-484,CH-4,Hooli lead57,LEAD483@SALES.NET,2025-08-12,warm
LD-485,CH-8,Acme Corp lead58,lead484@leads.io,04/21/2026,cold
LD-486,CH-3,WAYNE ENTERPRISES LEAD59,lead485@leads.io,2026-12-15,HOT
LD-487,CH-2,OSCORP LEAD60,LEAD486@SALES.NET,2025-06-24,cold
LD-488,CH-4,LEXCORP LEAD61,  lead487@leads.io  ,02/08/2026,cold
LD-489,CH-3,Cyberdyne lead62,LEAD488@SALES.NET,07/26/2026,hot
LD-490,CH-3,Massive Dynamic lead63,lead489@sales.net,12-06-2026,HOT
LD-491,CH-1,ACME CORP LEAD64,LEAD490@SALES.NET,2026-08-20,cold
LD-492,CH-2,  Wonka lead65  ,LEAD491@PROSPECT.COM,2026-11-27,hot
LD-493,CH-2,aperture lead66,lead492@leads.io,11/18/2026,hot
LD-494,CH-4,  Wonka lead67  ,LEAD493@PROSPECT.COM,12/11/2026,hot
LD-495,CH-4,Initech lead68,LEAD494@PROSPECT.COM,2026-12-02,warm
LD-496,CH-4,Wayne Enterprises lead69,lead495@leads.io,24-07-2026,hot
LD-497,CH-7,BLACK MESA LEAD70,lead496@sales.net,2026-05-02,hot
LD-498,CH-7,Aperture lead0,  lead497@leads.io  ,11/18/2025,HOT
LD-499,CH-6,TYRELL CORP LEAD1,lead498@leads.io,2025-12-06,warm
LD-500,CH-5,  Umbrella Co lead2  ,lead499@sales.net,2025-03-28,warm
LD-501,CH-2,  Oscorp lead3  ,LEAD500@SALES.NET,05/05/2026,cold
LD-502,CH-7,Hooli lead4,LEAD501@PROSPECT.COM,2026-07-12,warm
LD-503,CH-3,  Hooli lead5  ,LEAD502@SALES.NET,04/18/2026,warm
LD-504,CH-1,STARK INDUSTRIES LEAD6,  lead503@prospect.com  ,05/02/2025,cold
LD-505,CH-2,Wonka lead7,LEAD504@SALES.NET,09-11-2025,warm
LD-506,CH-4,Aperture lead8,lead505@prospect.com,2026-11-06,HOT
LD-507,CH-4,aperture lead9,lead506@sales.net,13-07-2025,cold
LD-508,CH-1,Dunder Mifflin lead10,LEAD507@SALES.NET,2025-06-05,HOT
LD-509,CH-2,Stark Industries lead11,lead508@leads.io,2025-01-14,cold
LD-510,CH-7,LEXCORP LEAD12,lead509@leads.io,03/18/2026,HOT
LD-511,CH-7,GLOBEX LEAD13,lead510@leads.io,11/06/2025,hot
LD-512,CH-6,APERTURE LEAD14,lead511@sales.net,26-05-2026,HOT
LD-513,CH-5,Wayne Enterprises lead15,lead512@leads.io,02/27/2026,hot
LD-514,CH-3,WEYLAND-YUTANI LEAD16,lead513@leads.io,10/20/2026,warm
LD-515,CH-7,  Wonka lead17  ,lead514@sales.net,2025-06-22,cold
LD-516,CH-7,Globex lead18,lead515@sales.net,2026-04-27,hot
LD-517,CH-2,Tyrell Corp lead19,  lead516@prospect.com  ,2026-11-28,HOT
LD-518,CH-8,  Pied Piper lead20  ,lead517@sales.net,2025-06-23,hot
LD-519,CH-2,Globex lead21,  lead518@prospect.com  ,2025-09-01,hot
LD-520,CH-2,Vandelay lead22,lead519@sales.net,2025-09-12,cold
LD-521,CH-4,Aperture lead23,lead520@sales.net,06/03/2025,cold
LD-522,CH-4,Cyberdyne lead24,lead521@leads.io,10/16/2026,cold
LD-523,CH-2,UMBRELLA CO LEAD25,  lead522@prospect.com  ,2025-07-11,HOT
LD-524,CH-8,OSCORP LEAD26,lead523@leads.io,06/07/2026,cold
LD-525,CH-5,Wayne Enterprises lead27,  lead524@sales.net  ,02/13/2025,HOT
LD-526,CH-3,Stark Industries lead28,lead525@prospect.com,10-09-2025,HOT
LD-527,CH-1,Cyberdyne lead29,lead526@leads.io,2025-09-23,hot
LD-528,CH-5,dunder mifflin lead30,LEAD527@LEADS.IO,2025-09-14,cold
LD-529,CH-5,Tyrell Corp lead31,lead528@prospect.com,02-12-2025,cold
LD-530,CH-6,  Pied Piper lead32  ,LEAD529@SALES.NET,2026-01-16,hot
LD-531,CH-2,  Globex lead33  ,lead530@sales.net,2026-01-26,warm
LD-532,CH-2,  Aperture lead34  ,lead531@prospect.com,2025-03-06,warm
LD-533,CH-2,  Hooli lead35  ,LEAD532@LEADS.IO,09/20/2026,hot
LD-534,CH-6,LexCorp lead36,  lead533@sales.net  ,02/22/2026,HOT
LD-535,CH-2,Acme Corp lead37,LEAD534@LEADS.IO,05-06-2026,warm
LD-536,CH-8,PIED PIPER LEAD38,  lead535@sales.net  ,04-02-2025,hot
LD-537,CH-7,Hooli lead39,lead536@prospect.com,2026-07-19,HOT
LD-538,CH-1,LexCorp lead40,lead537@leads.io,13-03-2025,HOT
LD-539,CH-2,Tyrell Corp lead41,lead538@leads.io,15-05-2026,warm
LD-540,CH-8,UMBRELLA CO LEAD42,LEAD539@PROSPECT.COM,12/06/2025,warm
LD-541,CH-2,Hooli lead43,lead540@leads.io,03/25/2025,hot
LD-542,CH-6,  Acme Corp lead44  ,lead541@prospect.com,03/12/2025,warm
LD-543,CH-8,Stark Industries lead45,  lead542@sales.net  ,2025-07-22,cold
LD-544,CH-8,HOOLI LEAD46,  lead543@prospect.com  ,2026-11-22,cold
LD-545,CH-5,black mesa lead47,lead544@prospect.com,2026-11-05,hot
LD-546,CH-3,Weyland-Yutani lead48,LEAD545@LEADS.IO,04/04/2026,hot
LD-547,CH-3,  Wayne Enterprises lead49  ,lead546@leads.io,09-03-2025,warm
LD-548,CH-2,LexCorp lead50,  lead547@prospect.com  ,2025-08-04,hot
LD-549,CH-3,Blue Sun lead51,lead548@prospect.com,01/23/2025,hot
LD-550,CH-3,stark industries lead52,lead549@sales.net,07/20/2026,cold
LD-551,CH-8,  Tyrell Corp lead53  ,lead550@leads.io,11/26/2026,warm
LD-552,CH-4,LexCorp lead54,  lead551@leads.io  ,02/21/2025,hot
LD-553,CH-6,GLOBEX LEAD55,lead552@prospect.com,2026-12-20,hot
LD-554,CH-5,UMBRELLA CO LEAD56,lead553@sales.net,2025-11-21,warm
LD-555,CH-3,TYRELL CORP LEAD57,LEAD554@PROSPECT.COM,07/04/2025,HOT
LD-556,CH-6,Wonka lead58,lead555@sales.net,2025-08-27,hot
LD-557,CH-8,Dunder Mifflin lead59,  lead556@prospect.com  ,11/17/2026,HOT
LD-558,CH-3,Globex lead60,LEAD557@SALES.NET,03/10/2026,cold
LD-559,CH-8,Black Mesa lead61,lead558@sales.net,2026-09-10,cold
LD-560,CH-1,BLACK MESA LEAD62,lead559@prospect.com,07-03-2025,cold
LD-561,CH-7,Oscorp lead63,lead560@leads.io,02-03-2026,cold
LD-562,CH-3,Tyrell Corp lead64,lead561@prospect.com,2025-07-16,hot
LD-563,CH-5,UMBRELLA CO LEAD65,  lead562@leads.io  ,2026-07-26,hot
LD-564,CH-2,Dunder Mifflin lead66,  lead563@sales.net  ,08/22/2025,hot
LD-565,CH-2,Globex lead67,LEAD564@SALES.NET,2026-11-02,HOT
LD-566,CH-5,WAYNE ENTERPRISES LEAD68,lead565@prospect.com,2025-07-10,HOT
LD-567,CH-7,Dunder Mifflin lead69,lead566@prospect.com,2026-09-18,HOT
LD-568,CH-3,Initech lead70,lead567@leads.io,2026-03-18,warm
LD-569,CH-4,Dunder Mifflin lead0,lead568@sales.net,2026-03-20,cold
LD-570,CH-1,Tyrell Corp lead1,lead569@leads.io,2025-10-14,HOT
LD-571,CH-3,TYRELL CORP LEAD2,  lead570@prospect.com  ,08/04/2025,HOT
LD-572,CH-1,Weyland-Yutani lead3,lead571@prospect.com,05-06-2025,hot
LD-573,CH-2,OSCORP LEAD4,lead572@sales.net,01/25/2025,HOT
LD-574,CH-5,Umbrella Co lead5,lead573@sales.net,2026-05-17,cold
LD-575,CH-7,  Globex lead6  ,  lead574@prospect.com  ,2025-10-13,cold
LD-576,CH-6,UMBRELLA CO LEAD7,LEAD575@SALES.NET,2025-07-22,cold
LD-577,CH-8,Acme Corp lead8,lead576@sales.net,2026-06-20,warm
LD-578,CH-5,WAYNE ENTERPRISES LEAD9,  lead577@sales.net  ,2025-10-26,hot
LD-579,CH-1,  Initech lead10  ,  lead578@prospect.com  ,12/07/2026,hot
LD-580,CH-3,WEYLAND-YUTANI LEAD11,lead579@prospect.com,09/05/2025,cold
LD-581,CH-5,  Cyberdyne lead12  ,lead580@sales.net,05/14/2026,hot
LD-582,CH-1,pied piper lead13,  lead581@prospect.com  ,28-11-2026,HOT
LD-583,CH-6,LexCorp lead14,lead582@prospect.com,13-09-2026,warm
LD-584,CH-4,APERTURE LEAD15,  lead583@leads.io  ,07/16/2026,cold
LD-585,CH-4,  Dunder Mifflin lead16  ,lead584@sales.net,2026-03-15,HOT
LD-586,CH-3,Aperture lead17,  lead585@sales.net  ,2026-07-20,cold
LD-587,CH-7,Globex lead18,lead586@sales.net,12-07-2025,HOT
LD-588,CH-6,Oscorp lead19,lead587@sales.net,01/04/2025,hot
LD-589,CH-2,INITECH LEAD20,lead588@leads.io,2025-04-28,HOT
LD-590,CH-4,WEYLAND-YUTANI LEAD21,  lead589@leads.io  ,2025-02-20,cold
LD-591,CH-5,  Hooli lead22  ,lead590@leads.io,2025-05-25,hot
LD-592,CH-6,Dunder Mifflin lead23,lead591@prospect.com,06/02/2026,warm
LD-593,CH-6,hooli lead24,lead592@sales.net,2026-05-06,cold
LD-594,CH-8,  Wayne Enterprises lead25  ,lead593@prospect.com,09/17/2025,hot
LD-595,CH-6,Hooli lead26,lead594@sales.net,18-01-2026,cold
LD-596,CH-7,  Blue Sun lead27  ,lead595@leads.io,03-01-2026,warm
LD-597,CH-3,Hooli lead28,  lead596@leads.io  ,2026-04-23,warm
LD-598,CH-8,massive dynamic lead29,LEAD597@SALES.NET,12/08/2026,warm
LD-599,CH-2,Vandelay lead30,lead598@leads.io,03/04/2026,cold
LD-600,CH-4,Umbrella Co lead31,lead599@prospect.com,2025-03-22,hot
LD-601,CH-5,Oscorp lead32,lead600@prospect.com,2026-01-08,cold
LD-602,CH-2,OSCORP LEAD33,lead601@sales.net,2026-09-05,warm
LD-603,CH-4,Tyrell Corp lead34,lead602@prospect.com,12/19/2026,warm
LD-604,CH-4,Black Mesa lead35,  lead603@prospect.com  ,2026-06-14,warm
LD-605,CH-5,INITECH LEAD36,lead604@leads.io,03-01-2026,hot
LD-606,CH-6,  Blue Sun lead37  ,LEAD605@SALES.NET,2026-10-08,warm
LD-607,CH-5,Weyland-Yutani lead38,lead606@leads.io,09-10-2025,hot
LD-608,CH-2,TYRELL CORP LEAD39,lead607@prospect.com,06-08-2026,HOT
LD-609,CH-1,WONKA LEAD40,lead608@sales.net,2025-08-10,HOT
LD-610,CH-8,Initech lead41,lead609@leads.io,2025-06-01,cold
LD-611,CH-2,  Acme Corp lead42  ,lead610@prospect.com,08/20/2026,cold
LD-612,CH-7,Umbrella Co lead43,lead611@prospect.com,09/21/2025,cold
LD-613,CH-5,LEXCORP LEAD44,lead612@leads.io,2026-12-24,cold
LD-614,CH-2,lexcorp lead45,lead613@leads.io,2026-10-04,hot
LD-615,CH-7,globex lead46,LEAD614@SALES.NET,06/20/2025,HOT
LD-616,CH-1,tyrell corp lead47,lead615@prospect.com,2026-01-10,warm
LD-617,CH-2,Globex lead48,lead616@leads.io,2026-09-23,warm
LD-618,CH-6,Initech lead49,lead617@sales.net,2026-06-12,cold
LD-619,CH-3,Vandelay lead50,  lead618@sales.net  ,2026-12-19,warm
LD-620,CH-2,Blue Sun lead51,lead619@prospect.com,2025-04-13,hot
LD-621,CH-6,  Wonka lead52  ,lead620@prospect.com,2025-08-03,HOT
LD-622,CH-5,Wonka lead53,lead621@leads.io,11/10/2025,warm
LD-623,CH-5,  Tyrell Corp lead54  ,LEAD622@LEADS.IO,2026-11-17,warm
LD-624,CH-1,APERTURE LEAD55,lead623@leads.io,2025-05-07,HOT
LD-625,CH-1,STARK INDUSTRIES LEAD56,lead624@prospect.com,2025-07-04,HOT
LD-626,CH-7,BLACK MESA LEAD57,lead625@prospect.com,2026-11-26,cold
LD-627,CH-3,Wayne Enterprises lead58,lead626@prospect.com,2025-02-10,HOT
LD-628,CH-5,Wonka lead59,lead627@prospect.com,2025-11-06,HOT
LD-629,CH-4,CYBERDYNE LEAD60,  lead628@sales.net  ,06-01-2026,HOT
LD-630,CH-6,Oscorp lead61,lead629@leads.io,08/17/2025,HOT
LD-631,CH-4,Pied Piper lead62,lead630@sales.net,2025-08-22,cold
LD-632,CH-3,Weyland-Yutani lead63,LEAD631@LEADS.IO,08/04/2026,cold
LD-633,CH-5,Acme Corp lead64,LEAD632@PROSPECT.COM,09/05/2025,hot
LD-634,CH-2,  Weyland-Yutani lead65  ,lead633@prospect.com,11/08/2026,hot
LD-635,CH-1,  Aperture lead66  ,lead634@leads.io,13-12-2025,cold
LD-636,CH-3,oscorp lead67,lead635@sales.net,05-06-2025,warm
LD-637,CH-2,Pied Piper lead68,lead636@prospect.com,05/14/2025,cold
LD-638,CH-8,APERTURE LEAD69,  lead637@sales.net  ,04/15/2025,hot
LD-639,CH-4,  Initech lead70  ,lead638@prospect.com,12/18/2026,warm
LD-640,CH-4,Hooli lead0,lead639@leads.io,06-09-2025,hot
LD-641,CH-2,Blue Sun lead1,LEAD640@SALES.NET,2025-11-08,cold
LD-642,CH-2,stark industries lead2,LEAD641@PROSPECT.COM,2026-12-08,warm
LD-643,CH-6,  Stark Industries lead3  ,  lead642@prospect.com  ,2026-05-12,HOT
LD-644,CH-6,WEYLAND-YUTANI LEAD4,LEAD643@LEADS.IO,28-05-2026,warm
LD-645,CH-5,acme corp lead5,LEAD644@SALES.NET,13-07-2026,cold
LD-646,CH-8,BLUE SUN LEAD6,lead645@sales.net,26-02-2026,HOT
LD-647,CH-4,  Umbrella Co lead7  ,lead646@prospect.com,23-10-2025,hot
LD-648,CH-3,  Cyberdyne lead8  ,lead647@sales.net,2026-12-20,HOT
LD-649,CH-5,umbrella co lead9,  lead648@prospect.com  ,07-05-2026,hot
LD-650,CH-8,  LexCorp lead10  ,  lead649@leads.io  ,03-02-2026,warm
LD-651,CH-2,Wonka lead11,lead650@sales.net,11/23/2026,HOT
LD-652,CH-4,dunder mifflin lead12,lead651@leads.io,12/12/2026,warm
LD-653,CH-5,Globex lead13,lead652@prospect.com,15-07-2025,cold
LD-654,CH-1,Aperture lead14,lead653@sales.net,2026-01-11,hot
LD-655,CH-3,  Aperture lead15  ,lead654@prospect.com,2025-01-04,warm
LD-656,CH-8,Blue Sun lead16,lead655@prospect.com,2025-05-08,hot
LD-657,CH-7,Initech lead17,  lead656@leads.io  ,2026-05-10,hot
LD-658,CH-3,OSCORP LEAD18,  lead657@sales.net  ,2025-09-19,HOT
LD-659,CH-6,APERTURE LEAD19,lead658@prospect.com,10/18/2026,warm
LD-660,CH-8,Hooli lead20,LEAD659@LEADS.IO,07/07/2025,cold
LD-661,CH-4,Stark Industries lead21,LEAD660@PROSPECT.COM,2026-07-27,HOT
LD-662,CH-6,MASSIVE DYNAMIC LEAD22,lead661@leads.io,07/13/2026,HOT
LD-663,CH-3,Stark Industries lead23,lead662@leads.io,2026-04-20,warm
LD-664,CH-2,  Acme Corp lead24  ,lead663@sales.net,06/07/2025,hot
LD-665,CH-1,STARK INDUSTRIES LEAD25,  lead664@sales.net  ,2026-08-14,warm
LD-666,CH-2,Globex lead26,lead665@sales.net,06/01/2025,HOT
LD-667,CH-5,Acme Corp lead27,lead666@sales.net,2026-03-23,HOT
LD-668,CH-1,Wonka lead28,lead667@leads.io,17-05-2025,cold
LD-669,CH-2,wayne enterprises lead29,lead668@prospect.com,09-06-2025,cold
LD-670,CH-4,Wayne Enterprises lead30,lead669@prospect.com,2026-01-01,warm
LD-671,CH-6,Black Mesa lead31,LEAD670@LEADS.IO,04/15/2025,warm
LD-672,CH-3,  Stark Industries lead32  ,lead671@sales.net,06/07/2025,hot
LD-673,CH-3,VANDELAY LEAD33,  lead672@leads.io  ,01/19/2025,cold
LD-674,CH-5,Wayne Enterprises lead34,lead673@prospect.com,24-02-2026,warm
LD-675,CH-1,Hooli lead35,LEAD674@LEADS.IO,11/17/2025,hot
LD-676,CH-2,Tyrell Corp lead36,lead675@prospect.com,03/26/2025,cold
LD-677,CH-3,Aperture lead37,  lead676@prospect.com  ,2026-12-27,warm
LD-678,CH-5,Hooli lead38,lead677@sales.net,11/06/2026,HOT
LD-679,CH-3,WAYNE ENTERPRISES LEAD39,lead678@prospect.com,2026-10-02,warm
LD-680,CH-1,Initech lead40,lead679@prospect.com,02/21/2026,hot
LD-681,CH-6,Weyland-Yutani lead41,lead680@sales.net,02-10-2025,HOT
LD-682,CH-6,Hooli lead42,lead681@sales.net,2026-09-23,warm
LD-683,CH-6,LexCorp lead43,LEAD682@PROSPECT.COM,2025-12-06,cold
LD-684,CH-4,Aperture lead44,lead683@prospect.com,12-08-2026,warm
LD-685,CH-7,Umbrella Co lead45,lead684@leads.io,27-03-2026,cold
LD-686,CH-6,  Pied Piper lead46  ,lead685@prospect.com,2025-12-22,warm
LD-687,CH-8,WAYNE ENTERPRISES LEAD47,LEAD686@SALES.NET,03/04/2025,warm
LD-688,CH-5,wayne enterprises lead48,lead687@prospect.com,2025-02-24,warm
LD-689,CH-5,pied piper lead49,lead688@prospect.com,08/02/2026,cold
LD-690,CH-1,  Wonka lead50  ,lead689@leads.io,2025-10-02,hot
LD-691,CH-5,UMBRELLA CO LEAD51,lead690@sales.net,03/07/2025,hot
LD-692,CH-1,  Globex lead52  ,lead691@prospect.com,2025-05-03,HOT
LD-693,CH-4,Dunder Mifflin lead53,lead692@leads.io,20-08-2025,hot
LD-694,CH-3,Umbrella Co lead54,lead693@leads.io,13-03-2025,hot
LD-695,CH-2,Initech lead55,  lead694@leads.io  ,2026-06-23,warm
LD-696,CH-8,Wonka lead56,LEAD695@SALES.NET,2025-10-27,hot
LD-697,CH-4,Pied Piper lead57,lead696@sales.net,12-01-2025,warm
LD-698,CH-2,  Blue Sun lead58  ,lead697@leads.io,2025-08-06,warm
LD-699,CH-4,Wayne Enterprises lead59,lead698@leads.io,2026-03-28,cold
LD-700,CH-7,LexCorp lead60,LEAD699@SALES.NET,2025-10-10,HOT
LD-701,CH-4,  Massive Dynamic lead61  ,LEAD700@LEADS.IO,2025-01-14,warm
LD-702,CH-1,Oscorp lead62,LEAD701@SALES.NET,10-02-2025,HOT
LD-703,CH-3,Stark Industries lead63,lead702@sales.net,02/12/2026,warm
LD-704,CH-7,  Tyrell Corp lead64  ,lead703@leads.io,2026-01-11,HOT
LD-705,CH-5,Aperture lead65,LEAD704@LEADS.IO,2026-03-08,hot
LD-706,CH-8,  Tyrell Corp lead66  ,lead705@prospect.com,2026-06-23,hot
LD-707,CH-6,Acme Corp lead67,  lead706@prospect.com  ,2025-04-07,cold
LD-708,CH-3,Blue Sun lead68,lead707@prospect.com,2026-04-20,HOT
LD-709,CH-3,Initech lead69,  lead708@prospect.com  ,18-11-2026,cold
LD-710,CH-5,  LexCorp lead70  ,LEAD709@SALES.NET,2026-06-10,hot
LD-711,CH-4,Cyberdyne lead0,lead710@leads.io,19-10-2025,hot
LD-712,CH-6,  Acme Corp lead1  ,lead711@leads.io,2026-07-28,warm
LD-713,CH-8,Globex lead2,  lead712@prospect.com  ,01/10/2026,HOT
LD-714,CH-8,Umbrella Co lead3,lead713@prospect.com,2025-07-26,hot
LD-715,CH-2,Cyberdyne lead4,lead714@prospect.com,2025-02-02,hot
LD-716,CH-7,LexCorp lead5,  lead715@prospect.com  ,2025-11-27,warm
LD-717,CH-1,  Initech lead6  ,lead716@sales.net,2026-02-09,hot
LD-718,CH-3,BLUE SUN LEAD7,lead717@sales.net,11/09/2026,hot
LD-719,CH-1,Hooli lead8,lead718@sales.net,11/16/2026,HOT
LD-720,CH-5,Dunder Mifflin lead9,lead719@prospect.com,2026-07-12,HOT
LD-721,CH-6,Oscorp lead10,LEAD720@PROSPECT.COM,2026-05-06,warm
LD-722,CH-7,Hooli lead11,lead721@leads.io,06/06/2026,warm
LD-723,CH-5,Globex lead12,LEAD722@PROSPECT.COM,09/15/2026,hot
LD-724,CH-5,Initech lead13,LEAD723@LEADS.IO,2025-07-01,cold
LD-725,CH-7,LexCorp lead14,LEAD724@SALES.NET,02/07/2025,cold
LD-726,CH-4,Initech lead15,LEAD725@PROSPECT.COM,2025-06-06,warm
LD-727,CH-1,  Blue Sun lead16  ,lead726@leads.io,2025-06-04,cold
LD-728,CH-3,cyberdyne lead17,  lead727@sales.net  ,2025-04-14,warm
LD-729,CH-7,  Dunder Mifflin lead18  ,lead728@prospect.com,2025-12-20,cold
LD-730,CH-6,globex lead19,lead729@sales.net,2026-01-08,hot
LD-731,CH-6,LexCorp lead20,LEAD730@PROSPECT.COM,2026-08-11,HOT
LD-732,CH-8,Hooli lead21,LEAD731@PROSPECT.COM,2026-11-02,hot
LD-733,CH-2,Black Mesa lead22,LEAD732@PROSPECT.COM,2025-03-15,HOT
LD-734,CH-3,Blue Sun lead23,lead733@leads.io,03-10-2025,warm
LD-735,CH-7,  Vandelay lead24  ,lead734@prospect.com,2025-04-25,cold
LD-736,CH-4,wayne enterprises lead25,LEAD735@SALES.NET,07/17/2026,hot
LD-737,CH-5,Cyberdyne lead26,lead736@prospect.com,2025-05-05,warm
LD-738,CH-5,Tyrell Corp lead27,lead737@leads.io,2025-05-14,warm
LD-739,CH-8,OSCORP LEAD28,LEAD738@PROSPECT.COM,12-09-2025,HOT
LD-740,CH-5,  Aperture lead29  ,lead739@prospect.com,20-02-2025,warm
LD-741,CH-6,tyrell corp lead30,lead740@sales.net,21-05-2025,cold
LD-742,CH-4,  Wonka lead31  ,LEAD741@PROSPECT.COM,21-11-2026,warm
LD-743,CH-5,Cyberdyne lead32,LEAD742@SALES.NET,2025-11-25,HOT
LD-744,CH-8,globex lead33,lead743@prospect.com,2025-11-09,warm
LD-745,CH-7,black mesa lead34,LEAD744@LEADS.IO,11/17/2025,HOT
LD-746,CH-2,HOOLI LEAD35,LEAD745@SALES.NET,01-10-2025,cold
LD-747,CH-7,Massive Dynamic lead36,  lead746@prospect.com  ,2025-07-10,warm
LD-748,CH-6,  Cyberdyne lead37  ,lead747@leads.io,03/23/2025,warm
LD-749,CH-7,Acme Corp lead38,lead748@leads.io,2026-12-04,warm
LD-750,CH-6,Wonka lead39,  lead749@sales.net  ,2026-04-07,HOT
LD-751,CH-2,  Black Mesa lead40  ,lead750@sales.net,03/13/2025,hot
LD-752,CH-4,Hooli lead41,  lead751@sales.net  ,2025-11-02,cold
LD-753,CH-4,BLACK MESA LEAD42,lead752@leads.io,2026-08-21,warm
LD-754,CH-5,Acme Corp lead43,lead753@prospect.com,06/22/2026,warm
LD-755,CH-5,Tyrell Corp lead44,  lead754@prospect.com  ,2026-02-17,cold
LD-756,CH-2,VANDELAY LEAD45,lead755@leads.io,08/07/2026,hot
LD-757,CH-2,LEXCORP LEAD46,lead756@prospect.com,10/03/2025,warm
LD-758,CH-3,LexCorp lead47,lead757@prospect.com,2025-05-28,cold
LD-759,CH-4,Aperture lead48,lead758@leads.io,04-06-2025,warm
LD-760,CH-2,Globex lead49,lead759@leads.io,20-03-2025,warm
LD-761,CH-8,Pied Piper lead50,lead760@prospect.com,2026-02-06,HOT
LD-762,CH-1,vandelay lead51,LEAD761@LEADS.IO,2026-05-09,hot
LD-763,CH-2,Aperture lead52,lead762@sales.net,06-08-2025,HOT
LD-764,CH-6,LexCorp lead53,lead763@leads.io,08/02/2025,HOT
LD-765,CH-6,wayne enterprises lead54,LEAD764@LEADS.IO,2026-10-17,cold
LD-766,CH-6,BLUE SUN LEAD55,lead765@leads.io,2025-06-20,HOT
LD-767,CH-8,Blue Sun lead56,lead766@leads.io,03/05/2026,warm
LD-768,CH-2,Aperture lead57,lead767@sales.net,11/14/2025,warm
LD-769,CH-3,  Wonka lead58  ,lead768@leads.io,04/23/2026,hot
LD-770,CH-5,Stark Industries lead59,LEAD769@SALES.NET,2026-03-28,HOT
LD-771,CH-4,Massive Dynamic lead60,  lead770@prospect.com  ,2026-09-23,HOT
LD-772,CH-2,Blue Sun lead61,lead771@sales.net,12/04/2026,warm
LD-773,CH-8,Wonka lead62,  lead772@sales.net  ,2025-03-10,cold
LD-774,CH-7,  Wayne Enterprises lead63  ,LEAD773@LEADS.IO,2026-02-27,hot
LD-775,CH-7,Initech lead64,lead774@sales.net,2026-05-28,hot
LD-776,CH-8,pied piper lead65,lead775@prospect.com,2025-01-19,cold
LD-777,CH-8,  Massive Dynamic lead66  ,lead776@sales.net,14-03-2026,hot
LD-778,CH-6,INITECH LEAD67,lead777@leads.io,2025-06-05,HOT
LD-779,CH-1,globex lead68,lead778@leads.io,12/26/2025,hot
LD-780,CH-5,GLOBEX LEAD69,lead779@leads.io,02/08/2025,HOT
LD-781,CH-1,STARK INDUSTRIES LEAD70,LEAD780@PROSPECT.COM,10/08/2025,HOT
LD-782,CH-4,  Acme Corp lead0  ,  lead781@leads.io  ,02/21/2026,cold
LD-783,CH-5,LexCorp lead1,lead782@leads.io,03-09-2026,cold
LD-784,CH-8,Oscorp lead2,LEAD783@SALES.NET,2026-11-06,HOT
LD-785,CH-6,WONKA LEAD3,lead784@sales.net,08/18/2026,cold
LD-786,CH-6,Wonka lead4,lead785@sales.net,18-02-2026,hot
LD-787,CH-6,Blue Sun lead5,lead786@prospect.com,14-03-2025,hot
LD-788,CH-7,Tyrell Corp lead6,LEAD787@LEADS.IO,2025-12-07,HOT
LD-789,CH-3,weyland-yutani lead7,  lead788@prospect.com  ,2026-10-18,cold
LD-790,CH-5,umbrella co lead8,  lead789@leads.io  ,2026-05-28,hot
LD-791,CH-6,Globex lead9,  lead790@leads.io  ,08/25/2026,hot
LD-792,CH-3,VANDELAY LEAD10,lead791@prospect.com,2026-08-09,warm
LD-793,CH-7,hooli lead11,  lead792@leads.io  ,20-12-2026,HOT
LD-794,CH-6,initech lead12,lead793@prospect.com,09/13/2025,warm
LD-795,CH-4,Black Mesa lead13,lead794@sales.net,2025-08-14,hot
LD-796,CH-7,HOOLI LEAD14,lead795@sales.net,22-06-2025,cold
LD-797,CH-8,Blue Sun lead15,  lead796@prospect.com  ,03/17/2026,cold
LD-798,CH-1,DUNDER MIFFLIN LEAD16,lead797@leads.io,2026-06-03,HOT
LD-799,CH-6,Wonka lead17,lead798@prospect.com,2025-07-09,HOT
LD-800,CH-6,Stark Industries lead18,LEAD799@PROSPECT.COM,02/16/2025,hot
LD-801,CH-2,  Wonka lead19  ,lead800@sales.net,2026-01-01,hot
LD-802,CH-4,ACME CORP LEAD20,lead801@prospect.com,12/02/2025,HOT
LD-803,CH-6,Hooli lead21,LEAD802@PROSPECT.COM,2026-06-23,hot
LD-804,CH-8,weyland-yutani lead22,lead803@sales.net,2026-01-16,warm
LD-805,CH-8,Umbrella Co lead23,lead804@prospect.com,2026-07-25,HOT
LD-806,CH-5,Hooli lead24,lead805@leads.io,2026-09-21,HOT
LD-807,CH-1,Tyrell Corp lead25,lead806@sales.net,2025-04-11,cold
LD-808,CH-2,UMBRELLA CO LEAD26,LEAD807@SALES.NET,2026-12-25,warm
LD-809,CH-5,  Wayne Enterprises lead27  ,lead808@prospect.com,09/22/2026,hot
LD-810,CH-4,Wonka lead28,lead809@sales.net,2025-12-10,cold
LD-811,CH-8,Stark Industries lead29,  lead810@leads.io  ,10/24/2025,hot
LD-812,CH-4,ACME CORP LEAD30,LEAD811@SALES.NET,2025-07-27,hot
LD-813,CH-8,  Aperture lead31  ,  lead812@sales.net  ,2026-03-25,hot
LD-814,CH-6,Pied Piper lead32,lead813@leads.io,2026-06-03,hot
LD-815,CH-3,LexCorp lead33,  lead814@leads.io  ,2026-10-25,cold
LD-816,CH-5,Black Mesa lead34,lead815@prospect.com,05/23/2025,cold
LD-817,CH-4,APERTURE LEAD35,lead816@leads.io,11/25/2025,warm
LD-818,CH-6,  LexCorp lead36  ,LEAD817@SALES.NET,2025-03-05,HOT
LD-819,CH-6,INITECH LEAD37,lead818@leads.io,2025-03-14,hot
LD-820,CH-5,LexCorp lead38,  lead819@prospect.com  ,2026-03-18,cold
LD-821,CH-5,vandelay lead39,lead820@prospect.com,15-02-2026,warm
LD-822,CH-1,Oscorp lead40,  lead821@prospect.com  ,2025-04-16,cold
LD-823,CH-6,Globex lead41,lead822@sales.net,2025-11-17,warm
LD-824,CH-7,VANDELAY LEAD42,lead823@prospect.com,2026-04-27,cold
LD-825,CH-3,GLOBEX LEAD43,lead824@prospect.com,20-05-2026,HOT
LD-826,CH-1,TYRELL CORP LEAD44,lead825@prospect.com,06-02-2025,warm
LD-827,CH-8,LEXCORP LEAD45,lead826@prospect.com,07/06/2026,warm
LD-828,CH-2,APERTURE LEAD46,LEAD827@PROSPECT.COM,2026-01-04,warm
LD-829,CH-4,Aperture lead47,lead828@leads.io,06-01-2026,hot
LD-830,CH-5,WONKA LEAD48,  lead829@sales.net  ,03/20/2026,hot
LD-831,CH-2,Acme Corp lead49,LEAD830@SALES.NET,2025-08-23,cold
LD-832,CH-3,Oscorp lead50,  lead831@sales.net  ,10/12/2025,warm
LD-833,CH-1,VANDELAY LEAD51,lead832@leads.io,04/16/2025,hot
LD-834,CH-6,  Hooli lead52  ,LEAD833@LEADS.IO,05-04-2025,cold
LD-835,CH-4,BLUE SUN LEAD53,lead834@sales.net,09/17/2026,warm
LD-836,CH-2,  Blue Sun lead54  ,lead835@leads.io,2026-01-08,cold
LD-837,CH-5,STARK INDUSTRIES LEAD55,lead836@leads.io,08/09/2026,hot
LD-838,CH-6,Dunder Mifflin lead56,LEAD837@SALES.NET,2025-02-01,HOT
LD-839,CH-3,Acme Corp lead57,  lead838@prospect.com  ,2026-10-23,HOT
LD-840,CH-3,  Wayne Enterprises lead58  ,lead839@sales.net,06/11/2025,cold
LD-841,CH-1,  Umbrella Co lead59  ,lead840@sales.net,2026-05-01,HOT
LD-842,CH-1,initech lead60,  lead841@leads.io  ,05/21/2025,warm
LD-843,CH-8,  Aperture lead61  ,lead842@leads.io,09/07/2026,HOT
LD-844,CH-5,Tyrell Corp lead62,lead843@sales.net,07/04/2025,HOT
LD-845,CH-8,Wonka lead63,lead844@sales.net,2025-06-26,cold
LD-846,CH-6,  Pied Piper lead64  ,lead845@leads.io,17-06-2025,cold
LD-847,CH-4,Initech lead65,lead846@sales.net,01/17/2026,warm
LD-848,CH-4,Aperture lead66,  lead847@sales.net  ,2025-05-11,hot
LD-849,CH-1,Blue Sun lead67,  lead848@prospect.com  ,2026-09-27,cold
LD-850,CH-1,vandelay lead68,LEAD849@SALES.NET,2025-01-01,cold
LD-851,CH-1,  Dunder Mifflin lead69  ,lead850@leads.io,10-11-2026,hot
LD-852,CH-5,massive dynamic lead70,lead851@sales.net,05/05/2026,HOT
LD-853,CH-7,Aperture lead0,lead852@prospect.com,10/12/2026,hot
LD-854,CH-1,  Aperture lead1  ,lead853@prospect.com,2025-02-22,warm
LD-855,CH-1,Oscorp lead2,lead854@leads.io,04/17/2025,hot
LD-856,CH-3,VANDELAY LEAD3,lead855@leads.io,2025-12-27,hot
LD-857,CH-4,Aperture lead4,lead856@prospect.com,11-07-2025,warm
LD-858,CH-8,VANDELAY LEAD5,lead857@sales.net,2025-10-13,HOT
LD-859,CH-6,Vandelay lead6,lead858@sales.net,08-09-2025,cold
LD-860,CH-5,Globex lead7,  lead859@prospect.com  ,2026-05-09,hot
LD-861,CH-8,  Globex lead8  ,  lead860@sales.net  ,2025-12-15,HOT
LD-862,CH-5,OSCORP LEAD9,lead861@leads.io,2025-06-12,HOT
LD-863,CH-2,Hooli lead10,lead862@prospect.com,22-10-2025,hot
LD-864,CH-8,  Tyrell Corp lead11  ,lead863@leads.io,2026-12-03,cold
LD-865,CH-4,  Stark Industries lead12  ,lead864@prospect.com,07-01-2026,cold
LD-866,CH-6,DUNDER MIFFLIN LEAD13,lead865@prospect.com,2025-12-06,HOT
LD-867,CH-1,Aperture lead14,LEAD866@LEADS.IO,2025-03-16,cold
LD-868,CH-1,HOOLI LEAD15,lead867@sales.net,2025-02-15,HOT
LD-869,CH-8,ACME CORP LEAD16,LEAD868@PROSPECT.COM,09-08-2026,warm
LD-870,CH-2,Acme Corp lead17,  lead869@leads.io  ,03/04/2026,cold
LD-871,CH-1,  Umbrella Co lead18  ,lead870@sales.net,05/06/2025,cold
LD-872,CH-6,oscorp lead19,  lead871@leads.io  ,2025-02-09,hot
LD-873,CH-7,tyrell corp lead20,lead872@prospect.com,2026-05-01,hot
LD-874,CH-6,Pied Piper lead21,LEAD873@LEADS.IO,2025-11-14,cold
LD-875,CH-8,Weyland-Yutani lead22,lead874@prospect.com,02/18/2026,hot
LD-876,CH-3,WONKA LEAD23,lead875@leads.io,11/26/2026,warm
LD-877,CH-1,LexCorp lead24,lead876@sales.net,2025-07-18,hot
LD-878,CH-7,LEXCORP LEAD25,  lead877@leads.io  ,15-03-2026,cold
LD-879,CH-7,Massive Dynamic lead26,  lead878@sales.net  ,06/18/2026,HOT
LD-880,CH-2,umbrella co lead27,lead879@sales.net,07/15/2026,HOT
LD-881,CH-4,  Initech lead28  ,lead880@leads.io,21-10-2025,hot
LD-882,CH-3,Vandelay lead29,  lead881@sales.net  ,03/08/2026,hot
LD-883,CH-4,OSCORP LEAD30,LEAD882@SALES.NET,2025-06-05,warm
LD-884,CH-2,TYRELL CORP LEAD31,lead883@leads.io,06-07-2025,hot
LD-885,CH-1,TYRELL CORP LEAD32,lead884@sales.net,10/18/2025,warm
LD-886,CH-1,Stark Industries lead33,LEAD885@LEADS.IO,27-07-2026,warm
LD-887,CH-4,Aperture lead34,lead886@sales.net,2025-12-21,warm
LD-888,CH-4,Wonka lead35,  lead887@sales.net  ,05/28/2025,cold
LD-889,CH-8,Cyberdyne lead36,lead888@sales.net,2025-04-24,warm
LD-890,CH-7,Wonka lead37,lead889@prospect.com,2025-08-17,warm
LD-891,CH-1,  Black Mesa lead38  ,lead890@prospect.com,2025-07-23,HOT
LD-892,CH-8,Black Mesa lead39,LEAD891@PROSPECT.COM,05/21/2026,warm
LD-893,CH-7,Vandelay lead40,lead892@leads.io,23-10-2025,cold
LD-894,CH-4,WONKA LEAD41,lead893@sales.net,2026-01-23,warm
LD-895,CH-5,GLOBEX LEAD42,lead894@prospect.com,12/09/2026,HOT
LD-896,CH-3,INITECH LEAD43,LEAD895@SALES.NET,2025-07-23,hot
LD-897,CH-5,  Weyland-Yutani lead44  ,lead896@prospect.com,06/11/2025,warm
LD-898,CH-5,Wonka lead45,  lead897@prospect.com  ,2026-03-12,cold
LD-899,CH-6,  Umbrella Co lead46  ,  lead898@leads.io  ,08/14/2026,cold
LD-900,CH-8,Acme Corp lead47,lead899@sales.net,09/05/2025,HOT
LD-901,CH-2,BLACK MESA LEAD48,lead900@prospect.com,2025-09-12,HOT
LD-902,CH-1,Blue Sun lead49,lead901@leads.io,06/27/2026,warm
LD-903,CH-6,stark industries lead50,lead902@prospect.com,04/13/2025,hot
LD-904,CH-2,  Oscorp lead51  ,lead903@leads.io,2026-02-24,hot
LD-905,CH-7,acme corp lead52,lead904@prospect.com,01-04-2025,HOT
LD-906,CH-5,Aperture lead53,lead905@prospect.com,2025-04-14,warm
LD-907,CH-4,  Massive Dynamic lead54  ,lead906@leads.io,01/22/2026,cold
LD-908,CH-8,Weyland-Yutani lead55,lead907@sales.net,2025-09-10,hot
LD-909,CH-5,OSCORP LEAD56,  lead908@sales.net  ,14-11-2026,cold
LD-910,CH-4,black mesa lead57,lead909@leads.io,03/23/2025,cold
LD-911,CH-7,Oscorp lead58,LEAD910@SALES.NET,02/15/2025,hot
LD-912,CH-6,initech lead59,lead911@leads.io,2026-12-06,warm
LD-913,CH-2,Globex lead60,LEAD912@SALES.NET,22-04-2025,HOT
LD-914,CH-3,Pied Piper lead61,lead913@leads.io,24-09-2025,warm
LD-915,CH-4,  Blue Sun lead62  ,LEAD914@LEADS.IO,2025-04-24,cold
LD-916,CH-4,BLUE SUN LEAD63,lead915@leads.io,2026-01-26,HOT
LD-917,CH-8,Aperture lead64,lead916@sales.net,27-11-2026,warm
LD-918,CH-6,Globex lead65,lead917@sales.net,09/23/2025,warm
LD-919,CH-7,Umbrella Co lead66,lead918@prospect.com,08/25/2025,hot
LD-920,CH-6,  Vandelay lead67  ,LEAD919@SALES.NET,2025-12-12,warm
LD-921,CH-8,WAYNE ENTERPRISES LEAD68,LEAD920@PROSPECT.COM,07/27/2025,hot
LD-922,CH-5,massive dynamic lead69,lead921@prospect.com,09/18/2026,HOT
LD-923,CH-2,Pied Piper lead70,lead922@prospect.com,07/03/2025,cold
LD-924,CH-5,Black Mesa lead0,lead923@leads.io,04/07/2025,HOT
LD-925,CH-5,  Acme Corp lead1  ,LEAD924@PROSPECT.COM,01/23/2025,hot
LD-926,CH-2,Umbrella Co lead2,  lead925@sales.net  ,02/09/2025,hot
LD-927,CH-2,  Blue Sun lead3  ,LEAD926@LEADS.IO,2026-07-22,cold
LD-928,CH-8,Umbrella Co lead4,LEAD927@PROSPECT.COM,2026-03-28,hot
LD-929,CH-3,  Blue Sun lead5  ,lead928@leads.io,12/11/2026,hot
LD-930,CH-2,Oscorp lead6,LEAD929@PROSPECT.COM,11/24/2026,hot
LD-931,CH-8,Pied Piper lead7,lead930@prospect.com,2026-10-17,warm
LD-932,CH-8,Dunder Mifflin lead8,lead931@sales.net,11-04-2026,cold
LD-933,CH-7,WEYLAND-YUTANI LEAD9,lead932@sales.net,10/08/2025,HOT
LD-934,CH-4,Cyberdyne lead10,lead933@prospect.com,2026-04-18,warm
LD-935,CH-5,Vandelay lead11,LEAD934@LEADS.IO,09/21/2026,cold
LD-936,CH-5,LexCorp lead12,  lead935@sales.net  ,2025-01-23,HOT
LD-937,CH-1,Tyrell Corp lead13,LEAD936@SALES.NET,09/15/2026,HOT
LD-938,CH-6,Acme Corp lead14,lead937@leads.io,2026-08-08,HOT
LD-939,CH-6,MASSIVE DYNAMIC LEAD15,lead938@leads.io,2026-10-27,warm
LD-940,CH-3,CYBERDYNE LEAD16,  lead939@leads.io  ,2026-01-09,cold
LD-941,CH-5,WONKA LEAD17,lead940@leads.io,2025-04-09,cold
LD-942,CH-1,WEYLAND-YUTANI LEAD18,lead941@prospect.com,16-11-2025,HOT
LD-943,CH-6,Umbrella Co lead19,lead942@prospect.com,25-04-2026,cold
LD-944,CH-7,Umbrella Co lead20,  lead943@leads.io  ,23-10-2026,warm
LD-945,CH-8,APERTURE LEAD21,lead944@leads.io,12-01-2026,hot
LD-946,CH-1,Wayne Enterprises lead22,lead945@prospect.com,2025-11-28,hot
LD-947,CH-8,aperture lead23,lead946@sales.net,2025-08-28,HOT
LD-948,CH-4,Massive Dynamic lead24,LEAD947@SALES.NET,10/06/2026,hot
LD-949,CH-4,WAYNE ENTERPRISES LEAD25,lead948@prospect.com,02/24/2026,HOT
LD-950,CH-7,Blue Sun lead26,lead949@leads.io,02/03/2026,HOT
LD-951,CH-6,  Wonka lead27  ,lead950@prospect.com,2026-12-13,HOT
LD-952,CH-5,lexcorp lead28,lead951@prospect.com,2025-02-05,warm
LD-953,CH-5,  Acme Corp lead29  ,lead952@prospect.com,2026-06-23,hot
LD-954,CH-7,MASSIVE DYNAMIC LEAD30,LEAD953@SALES.NET,2026-10-09,HOT
LD-955,CH-7,Acme Corp lead31,lead954@prospect.com,01-01-2026,cold
LD-956,CH-2,Wonka lead32,lead955@leads.io,06/16/2025,hot
LD-957,CH-4,APERTURE LEAD33,lead956@leads.io,06-08-2025,cold
LD-958,CH-2,Acme Corp lead34,lead957@prospect.com,2025-08-06,hot
LD-959,CH-6,Stark Industries lead35,lead958@sales.net,10/18/2025,cold
LD-960,CH-7,Wonka lead36,lead959@prospect.com,05/02/2026,cold
LD-961,CH-7,GLOBEX LEAD37,  lead960@leads.io  ,12/16/2026,warm
LD-962,CH-7,Aperture lead38,LEAD961@LEADS.IO,2025-04-23,hot
LD-963,CH-4,Tyrell Corp lead39,LEAD962@SALES.NET,07/25/2025,cold
LD-964,CH-2,Dunder Mifflin lead40,lead963@sales.net,2025-02-23,hot
LD-965,CH-8,lexcorp lead41,lead964@sales.net,10/11/2026,cold
LD-966,CH-8,Black Mesa lead42,lead965@leads.io,14-04-2025,cold
LD-967,CH-8,WONKA LEAD43,lead966@leads.io,09/10/2025,warm
LD-968,CH-4,Wonka lead44,  lead967@prospect.com  ,04/25/2025,HOT
LD-969,CH-7,VANDELAY LEAD45,lead968@prospect.com,2025-04-07,HOT
LD-970,CH-5,Massive Dynamic lead46,lead969@sales.net,2026-07-16,hot
LD-971,CH-5,  Globex lead47  ,lead970@sales.net,2025-02-01,HOT
LD-972,CH-7,  Massive Dynamic lead48  ,lead971@prospect.com,2025-05-12,warm
LD-973,CH-7,Cyberdyne lead49,  lead972@sales.net  ,21-08-2026,HOT
LD-974,CH-7,APERTURE LEAD50,lead973@leads.io,2026-04-26,cold
LD-975,CH-1,LEXCORP LEAD51,lead974@prospect.com,02-01-2026,cold
LD-976,CH-7,Weyland-Yutani lead52,LEAD975@LEADS.IO,08/14/2026,HOT
LD-977,CH-7,PIED PIPER LEAD53,lead976@sales.net,2026-10-03,cold
LD-978,CH-5,Blue Sun lead54,  lead977@sales.net  ,08-02-2025,HOT
LD-979,CH-4,CYBERDYNE LEAD55,LEAD978@PROSPECT.COM,2025-01-26,warm
LD-980,CH-3,Vandelay lead56,lead979@prospect.com,07/26/2026,HOT
LD-981,CH-2,  LexCorp lead57  ,  lead980@leads.io  ,26-08-2026,hot
LD-982,CH-3,Black Mesa lead58,  lead981@prospect.com  ,01/11/2025,HOT
LD-983,CH-6,Pied Piper lead59,  lead982@leads.io  ,2025-12-08,HOT
LD-984,CH-6,Initech lead60,lead983@sales.net,10-05-2025,cold
LD-985,CH-8,WAYNE ENTERPRISES LEAD61,LEAD984@SALES.NET,2026-08-07,hot
LD-986,CH-3,hooli lead62,lead985@leads.io,10/27/2025,hot
LD-987,CH-1,Umbrella Co lead63,lead986@prospect.com,2025-02-17,HOT
LD-988,CH-5,Blue Sun lead64,lead987@leads.io,2025-10-21,cold
LD-989,CH-5,Umbrella Co lead65,lead988@sales.net,05/21/2026,cold
LD-990,CH-5,APERTURE LEAD66,  lead989@sales.net  ,12/23/2025,warm
LD-991,CH-2,Wonka lead67,lead990@prospect.com,06/27/2026,HOT
LD-992,CH-4,Oscorp lead68,lead991@leads.io,10/03/2025,HOT
LD-993,CH-5,Massive Dynamic lead69,lead992@sales.net,12/17/2026,cold
LD-994,CH-6,Pied Piper lead70,lead993@leads.io,2025-10-08,cold
LD-995,CH-8,Cyberdyne lead0,lead994@sales.net,18-07-2026,HOT
LD-996,CH-8,Oscorp lead1,lead995@prospect.com,07/19/2025,cold
LD-997,CH-2,  Acme Corp lead2  ,lead996@prospect.com,2025-04-18,HOT
LD-998,CH-1,Pied Piper lead3,  lead997@leads.io  ,25-10-2026,hot
LD-999,CH-3,Pied Piper lead4,lead998@prospect.com,2025-07-19,hot
LD-1000,CH-2,  Initech lead5  ,LEAD999@PROSPECT.COM,26-10-2025,warm
LD-1001,CH-4,Aperture lead6,lead1000@leads.io,2025-06-17,HOT
LD-1002,CH-1,Dunder Mifflin lead7,lead1001@prospect.com,2026-07-23,hot
LD-1003,CH-7,BLUE SUN LEAD8,lead1002@sales.net,2026-12-07,HOT
LD-1004,CH-2,Blue Sun lead9,lead1003@sales.net,01/17/2025,hot
LD-1005,CH-8,Tyrell Corp lead10,  lead1004@sales.net  ,2026-09-19,HOT
LD-1006,CH-2,BLACK MESA LEAD11,lead1005@leads.io,26-07-2025,cold
LD-1007,CH-6,Dunder Mifflin lead12,lead1006@sales.net,09-04-2026,hot
LD-1008,CH-4,Aperture lead13,  lead1007@sales.net  ,2025-03-13,cold
LD-1009,CH-1,Acme Corp lead14,lead1008@prospect.com,2026-07-04,hot
LD-1010,CH-5,wonka lead15,lead1009@leads.io,2025-02-06,HOT
LD-1011,CH-5,  Initech lead16  ,lead1010@sales.net,06/11/2025,warm
LD-1012,CH-1,umbrella co lead17,lead1011@sales.net,09/03/2026,HOT
LD-1013,CH-6,Dunder Mifflin lead18,lead1012@leads.io,2026-01-05,HOT
LD-1014,CH-1,Acme Corp lead19,lead1013@prospect.com,02/19/2026,hot
LD-1015,CH-2,Aperture lead20,lead1014@prospect.com,07-03-2025,cold
LD-1016,CH-5,LEXCORP LEAD21,lead1015@sales.net,02/21/2025,warm
LD-1017,CH-1,CYBERDYNE LEAD22,LEAD1016@PROSPECT.COM,2026-06-03,warm
LD-1018,CH-5,Oscorp lead23,  lead1017@prospect.com  ,2026-11-25,hot
LD-1019,CH-6,GLOBEX LEAD24,lead1018@sales.net,2025-11-20,hot
LD-1020,CH-4,Blue Sun lead25,LEAD1019@PROSPECT.COM,2026-08-23,warm
LD-1021,CH-5,  Aperture lead26  ,lead1020@leads.io,18-04-2025,HOT
LD-1022,CH-3,Wayne Enterprises lead27,lead1021@prospect.com,01/05/2026,cold
LD-1023,CH-5,  Dunder Mifflin lead28  ,LEAD1022@PROSPECT.COM,2025-07-12,warm
LD-1024,CH-4,  Hooli lead29  ,lead1023@leads.io,2025-03-28,hot
LD-1025,CH-6,ACME CORP LEAD30,  lead1024@prospect.com  ,02/28/2025,warm
LD-1026,CH-1,oscorp lead31,lead1025@prospect.com,2026-07-18,hot
LD-1027,CH-6,Massive Dynamic lead32,lead1026@sales.net,2025-05-05,hot
LD-1028,CH-2,Weyland-Yutani lead33,lead1027@leads.io,12/19/2026,cold
LD-1029,CH-6,APERTURE LEAD34,lead1028@sales.net,2025-09-09,cold
LD-1030,CH-3,STARK INDUSTRIES LEAD35,lead1029@leads.io,2026-05-17,cold
LD-1031,CH-8,INITECH LEAD36,lead1030@sales.net,2026-03-16,cold
LD-1032,CH-2,Pied Piper lead37,lead1031@leads.io,2025-08-22,warm
LD-1033,CH-7,  Weyland-Yutani lead38  ,LEAD1032@PROSPECT.COM,2025-01-27,hot
LD-1034,CH-2,Wayne Enterprises lead39,lead1033@prospect.com,05/07/2026,cold
LD-1035,CH-6,LexCorp lead40,  lead1034@prospect.com  ,18-03-2025,HOT
LD-1036,CH-5,aperture lead41,lead1035@leads.io,2025-06-21,hot
LD-1037,CH-5,massive dynamic lead42,lead1036@leads.io,01/01/2025,HOT
LD-1038,CH-8,  Massive Dynamic lead43  ,  lead1037@prospect.com  ,09/14/2025,cold
LD-1039,CH-3,APERTURE LEAD44,lead1038@sales.net,2026-11-01,hot
LD-1040,CH-6,blue sun lead45,LEAD1039@PROSPECT.COM,06/02/2026,hot
LD-1041,CH-5,Oscorp lead46,  lead1040@sales.net  ,16-01-2026,warm
LD-1042,CH-1,  Dunder Mifflin lead47  ,lead1041@prospect.com,2025-06-10,HOT
LD-1043,CH-7,LEXCORP LEAD48,  lead1042@leads.io  ,2025-07-15,HOT
LD-1044,CH-2,Tyrell Corp lead49,lead1043@prospect.com,2025-09-12,HOT
LD-1045,CH-8,Blue Sun lead50,  lead1044@prospect.com  ,2026-09-10,cold
LD-1046,CH-8,  Weyland-Yutani lead51  ,lead1045@prospect.com,01/22/2025,HOT
LD-1047,CH-8,  Tyrell Corp lead52  ,  lead1046@leads.io  ,2026-05-19,HOT
LD-1048,CH-4,aperture lead53,lead1047@prospect.com,06/06/2026,hot
LD-1049,CH-4,WAYNE ENTERPRISES LEAD54,lead1048@sales.net,2025-09-07,HOT
LD-1050,CH-3,  Dunder Mifflin lead55  ,lead1049@leads.io,09/03/2026,HOT
LD-1051,CH-7,  Acme Corp lead56  ,lead1050@prospect.com,06/08/2026,HOT
LD-1052,CH-3,  Initech lead57  ,lead1051@prospect.com,04/18/2026,hot
LD-1053,CH-6,BLACK MESA LEAD58,lead1052@prospect.com,11-02-2026,warm
LD-1054,CH-8,  Umbrella Co lead59  ,LEAD1053@SALES.NET,2026-07-04,HOT
LD-1055,CH-5,Blue Sun lead60,lead1054@leads.io,2026-10-14,cold
LD-1056,CH-1,  Weyland-Yutani lead61  ,lead1055@sales.net,2026-04-01,warm
LD-1057,CH-8,Oscorp lead62,  lead1056@sales.net  ,2026-07-03,warm
LD-1058,CH-1,aperture lead63,lead1057@sales.net,19-05-2026,HOT
LD-1059,CH-1,APERTURE LEAD64,lead1058@prospect.com,2025-07-10,cold
LD-1060,CH-2,  Aperture lead65  ,  lead1059@prospect.com  ,2025-01-25,HOT
LD-1061,CH-7,aperture lead66,lead1060@prospect.com,2026-01-25,hot
LD-1062,CH-5,Vandelay lead67,lead1061@prospect.com,2025-08-27,HOT
LD-1063,CH-5,umbrella co lead68,lead1062@sales.net,2026-10-07,hot
LD-1064,CH-4,Stark Industries lead69,lead1063@prospect.com,2025-11-04,HOT
LD-1065,CH-7,  Cyberdyne lead70  ,lead1064@sales.net,2025-01-19,HOT
LD-1066,CH-7,hooli lead0,  lead1065@sales.net  ,2025-08-08,warm
LD-1067,CH-5,Massive Dynamic lead1,lead1066@prospect.com,2026-07-28,cold
LD-1068,CH-2,GLOBEX LEAD2,lead1067@sales.net,28-12-2025,HOT
LD-1069,CH-6,Stark Industries lead3,lead1068@leads.io,2026-12-04,warm
LD-1070,CH-8,Blue Sun lead4,lead1069@leads.io,2026-09-03,warm
LD-1071,CH-6,Vandelay lead5,LEAD1070@LEADS.IO,2026-02-14,cold
LD-1072,CH-5,Weyland-Yutani lead6,LEAD1071@LEADS.IO,07/08/2025,warm
LD-1073,CH-6,Weyland-Yutani lead7,  lead1072@leads.io  ,2025-08-21,warm
LD-1074,CH-2,Vandelay lead8,lead1073@sales.net,04/08/2026,cold
LD-1075,CH-8,MASSIVE DYNAMIC LEAD9,lead1074@prospect.com,07/06/2026,HOT
LD-1076,CH-8,  Dunder Mifflin lead10  ,lead1075@prospect.com,2026-07-21,hot
LD-1077,CH-4,Dunder Mifflin lead11,LEAD1076@SALES.NET,2026-02-03,cold
LD-1078,CH-6,  Umbrella Co lead12  ,  lead1077@prospect.com  ,2025-03-22,warm
LD-1079,CH-8,BLUE SUN LEAD13,LEAD1078@LEADS.IO,2026-08-26,cold
LD-1080,CH-5,Black Mesa lead14,lead1079@leads.io,10/23/2025,hot
LD-1081,CH-2,  Dunder Mifflin lead15  ,lead1080@sales.net,13-06-2026,cold
LD-1082,CH-4,Weyland-Yutani lead16,  lead1081@leads.io  ,04/10/2025,cold
LD-1083,CH-6,  Pied Piper lead17  ,lead1082@sales.net,2025-07-04,cold
LD-1084,CH-3,Acme Corp lead18,lead1083@sales.net,11-01-2025,warm
LD-1085,CH-8,Black Mesa lead19,  lead1084@leads.io  ,27-02-2025,hot
LD-1086,CH-8,initech lead20,lead1085@sales.net,2025-04-16,warm
LD-1087,CH-2,Wayne Enterprises lead21,LEAD1086@SALES.NET,02/13/2025,cold
LD-1088,CH-2,Stark Industries lead22,lead1087@leads.io,05/23/2025,cold
LD-1089,CH-2,LexCorp lead23,lead1088@prospect.com,13-05-2026,cold
LD-1090,CH-3,aperture lead24,lead1089@sales.net,02-07-2025,cold
LD-1091,CH-4,Massive Dynamic lead25,lead1090@sales.net,2025-03-14,hot
LD-1092,CH-4,  Aperture lead26  ,LEAD1091@SALES.NET,2025-01-14,warm
LD-1093,CH-2,Umbrella Co lead27,LEAD1092@SALES.NET,2026-10-06,hot
LD-1094,CH-3,Blue Sun lead28,  lead1093@leads.io  ,06/28/2025,HOT
LD-1095,CH-4,Acme Corp lead29,  lead1094@sales.net  ,24-04-2025,cold
LD-1096,CH-5,Globex lead30,LEAD1095@PROSPECT.COM,17-11-2025,cold
LD-1097,CH-7,Hooli lead31,lead1096@prospect.com,2026-01-28,hot
LD-1098,CH-7,Hooli lead32,lead1097@prospect.com,23-04-2025,hot
LD-1099,CH-1,  Dunder Mifflin lead33  ,lead1098@leads.io,2025-12-27,hot
LD-1100,CH-7,  Dunder Mifflin lead34  ,lead1099@leads.io,02-01-2026,hot
LD-1101,CH-5,  Hooli lead35  ,lead1100@prospect.com,2025-02-02,warm
LD-1102,CH-3,Oscorp lead36,lead1101@sales.net,2026-10-14,HOT
LD-1103,CH-8,Blue Sun lead37,lead1102@prospect.com,12/24/2025,cold
LD-1104,CH-5,  Umbrella Co lead38  ,  lead1103@leads.io  ,12/18/2025,cold
LD-1105,CH-3,Wayne Enterprises lead39,lead1104@prospect.com,2026-09-23,cold
LD-1106,CH-6,Blue Sun lead40,LEAD1105@LEADS.IO,2025-05-22,cold
LD-1107,CH-4,  Stark Industries lead41  ,LEAD1106@PROSPECT.COM,06/28/2025,HOT
LD-1108,CH-6,  Initech lead42  ,LEAD1107@SALES.NET,11-02-2026,HOT
LD-1109,CH-8,  Vandelay lead43  ,lead1108@leads.io,2025-04-10,HOT
LD-1110,CH-3,Weyland-Yutani lead44,lead1109@leads.io,09/20/2026,cold
LD-1111,CH-2,ACME CORP LEAD45,lead1110@leads.io,2025-12-05,HOT
LD-1112,CH-1,  Initech lead46  ,  lead1111@sales.net  ,09/25/2025,cold
LD-1113,CH-7,Black Mesa lead47,  lead1112@prospect.com  ,2026-07-12,hot
LD-1114,CH-2,INITECH LEAD48,LEAD1113@SALES.NET,2026-05-18,hot
LD-1115,CH-6,LEXCORP LEAD49,lead1114@leads.io,23-04-2025,hot
LD-1116,CH-6,Acme Corp lead50,  lead1115@prospect.com  ,2025-11-14,hot
LD-1117,CH-4,  Initech lead51  ,lead1116@leads.io,2025-05-28,warm
LD-1118,CH-2,wayne enterprises lead52,LEAD1117@PROSPECT.COM,2025-05-16,hot
LD-1119,CH-5,Initech lead53,lead1118@sales.net,03/10/2026,warm
LD-1120,CH-2,tyrell corp lead54,  lead1119@leads.io  ,04/08/2026,HOT
LD-1121,CH-8,Vandelay lead55,  lead1120@prospect.com  ,2026-08-01,cold
LD-1122,CH-2,Tyrell Corp lead56,  lead1121@prospect.com  ,02/10/2025,cold
LD-1123,CH-2,Stark Industries lead57,lead1122@leads.io,2026-08-14,warm
LD-1124,CH-3,Stark Industries lead58,LEAD1123@SALES.NET,2026-04-07,HOT
LD-1125,CH-8,TYRELL CORP LEAD59,LEAD1124@SALES.NET,08/21/2026,hot
LD-1126,CH-7,  Globex lead60  ,lead1125@leads.io,2025-06-27,warm
LD-1127,CH-3,UMBRELLA CO LEAD61,lead1126@leads.io,2025-04-21,warm
LD-1128,CH-1,LEXCORP LEAD62,lead1127@sales.net,2025-10-28,hot
LD-1129,CH-1,Stark Industries lead63,  lead1128@leads.io  ,2026-08-14,cold
LD-1130,CH-4,BLACK MESA LEAD64,LEAD1129@SALES.NET,09/15/2025,hot
LD-1131,CH-8,oscorp lead65,lead1130@sales.net,01/05/2025,hot
LD-1132,CH-6,WEYLAND-YUTANI LEAD66,lead1131@prospect.com,2026-05-21,warm
LD-1133,CH-4,Wonka lead67,lead1132@leads.io,03/15/2026,HOT
LD-1134,CH-5,LexCorp lead68,LEAD1133@PROSPECT.COM,24-10-2026,cold
LD-1135,CH-5,  Massive Dynamic lead69  ,LEAD1134@LEADS.IO,2025-10-22,hot
LD-1136,CH-5,globex lead70,LEAD1135@LEADS.IO,03/22/2025,warm
LD-1137,CH-1,  Hooli lead0  ,lead1136@sales.net,04-03-2026,warm
LD-1138,CH-8,WONKA LEAD1,lead1137@leads.io,2025-07-03,cold
LD-1139,CH-2,dunder mifflin lead2,lead1138@leads.io,2025-08-24,HOT
LD-1140,CH-8,Wayne Enterprises lead3,lead1139@leads.io,10/18/2025,HOT
LD-1141,CH-4,Umbrella Co lead4,lead1140@prospect.com,08/17/2025,hot
LD-1142,CH-5,Wayne Enterprises lead5,  lead1141@leads.io  ,2025-11-11,warm
LD-1143,CH-6,Dunder Mifflin lead6,lead1142@leads.io,09/21/2025,hot
LD-1144,CH-7,Black Mesa lead7,LEAD1143@SALES.NET,2025-02-17,HOT
LD-1145,CH-3,LexCorp lead8,lead1144@prospect.com,14-06-2026,cold
LD-1146,CH-4,APERTURE LEAD9,lead1145@sales.net,10/06/2025,hot
LD-1147,CH-4,Wonka lead10,lead1146@leads.io,19-03-2025,hot
LD-1148,CH-2,STARK INDUSTRIES LEAD11,  lead1147@leads.io  ,2025-11-12,HOT
LD-1149,CH-6,Cyberdyne lead12,lead1148@leads.io,2026-06-22,HOT
LD-1150,CH-2,LEXCORP LEAD13,lead1149@leads.io,2026-06-17,HOT
LD-1151,CH-6,Oscorp lead14,  lead1150@sales.net  ,2026-03-14,cold
LD-1152,CH-3,BLUE SUN LEAD15,lead1151@leads.io,2025-05-14,hot
LD-1153,CH-8,Wayne Enterprises lead16,LEAD1152@PROSPECT.COM,2026-02-14,cold
LD-1154,CH-2,Wonka lead17,lead1153@sales.net,2026-06-05,cold
LD-1155,CH-1,aperture lead18,LEAD1154@PROSPECT.COM,25-04-2026,cold
LD-1156,CH-3,ACME CORP LEAD19,LEAD1155@LEADS.IO,2026-09-25,hot
LD-1157,CH-3,Acme Corp lead20,LEAD1156@LEADS.IO,08/10/2026,warm
LD-1158,CH-3,  Blue Sun lead21  ,  lead1157@sales.net  ,2026-03-16,cold
LD-1159,CH-5,Blue Sun lead22,lead1158@prospect.com,08/05/2025,hot
LD-1160,CH-4,Aperture lead23,LEAD1159@SALES.NET,08/17/2026,warm
LD-1161,CH-3,  Wayne Enterprises lead24  ,lead1160@prospect.com,2026-07-10,cold
LD-1162,CH-1,BLUE SUN LEAD25,lead1161@prospect.com,02/28/2025,HOT
LD-1163,CH-6,Stark Industries lead26,lead1162@leads.io,01/19/2026,HOT
LD-1164,CH-2,Black Mesa lead27,lead1163@prospect.com,2025-09-03,cold
LD-1165,CH-6,Black Mesa lead28,  lead1164@prospect.com  ,2025-11-04,warm
LD-1166,CH-8,APERTURE LEAD29,lead1165@sales.net,07/24/2026,hot
LD-1167,CH-5,WAYNE ENTERPRISES LEAD30,lead1166@leads.io,02/15/2025,cold
LD-1168,CH-4,Blue Sun lead31,lead1167@leads.io,2025-05-16,hot
LD-1169,CH-7,Wonka lead32,LEAD1168@LEADS.IO,08-01-2026,hot
LD-1170,CH-7,Dunder Mifflin lead33,lead1169@prospect.com,2026-10-23,hot
LD-1171,CH-1,Wayne Enterprises lead34,lead1170@sales.net,09/25/2025,cold
LD-1172,CH-1,DUNDER MIFFLIN LEAD35,lead1171@leads.io,2026-09-25,hot
LD-1173,CH-7,  Aperture lead36  ,  lead1172@leads.io  ,2025-12-20,hot
LD-1174,CH-1,Initech lead37,lead1173@leads.io,16-12-2025,cold
LD-1175,CH-7,initech lead38,lead1174@sales.net,2026-03-25,warm
LD-1176,CH-7,Cyberdyne lead39,lead1175@sales.net,24-08-2025,warm
LD-1177,CH-7,Black Mesa lead40,lead1176@leads.io,12-12-2026,hot
LD-1178,CH-4,APERTURE LEAD41,lead1177@leads.io,2025-05-28,HOT
LD-1179,CH-8,  Pied Piper lead42  ,lead1178@leads.io,25-07-2025,warm
LD-1180,CH-6,  LexCorp lead43  ,lead1179@sales.net,2025-07-18,cold
LD-1181,CH-1,stark industries lead44,lead1180@sales.net,19-09-2025,HOT
LD-1182,CH-3,  Wonka lead45  ,  lead1181@sales.net  ,03/27/2025,cold
LD-1183,CH-3,Globex lead46,  lead1182@prospect.com  ,11/18/2025,warm
LD-1184,CH-6,  Wayne Enterprises lead47  ,lead1183@sales.net,2026-09-25,hot
LD-1185,CH-8,Acme Corp lead48,lead1184@prospect.com,2025-12-27,warm
LD-1186,CH-5,Aperture lead49,  lead1185@sales.net  ,09/17/2026,hot
LD-1187,CH-6,  Globex lead50  ,lead1186@prospect.com,08/13/2026,hot
LD-1188,CH-2,  Blue Sun lead51  ,lead1187@sales.net,2025-06-18,hot
LD-1189,CH-8,  Black Mesa lead52  ,lead1188@prospect.com,09/23/2026,warm
LD-1190,CH-2,WAYNE ENTERPRISES LEAD53,LEAD1189@LEADS.IO,07/14/2026,warm
LD-1191,CH-6,GLOBEX LEAD54,  lead1190@leads.io  ,22-01-2026,cold
LD-1192,CH-8,BLUE SUN LEAD55,  lead1191@prospect.com  ,2025-07-18,cold
LD-1193,CH-3,  Wayne Enterprises lead56  ,lead1192@prospect.com,2025-02-01,cold
LD-1194,CH-6,wonka lead57,lead1193@prospect.com,01/26/2026,warm
LD-1195,CH-1,  Weyland-Yutani lead58  ,  lead1194@leads.io  ,2025-02-19,HOT
LD-1196,CH-3,Pied Piper lead59,lead1195@sales.net,09/16/2025,warm
LD-1197,CH-6,  Initech lead60  ,  lead1196@sales.net  ,14-11-2025,cold
LD-1198,CH-8,Vandelay lead61,  lead1197@prospect.com  ,2025-06-03,hot
LD-1199,CH-5,INITECH LEAD62,lead1198@prospect.com,2026-10-03,HOT
LD-1200,CH-8,Aperture lead63,LEAD1199@LEADS.IO,12-04-2026,hot
LD-1201,CH-6,  Black Mesa lead64  ,  lead1200@prospect.com  ,04/01/2025,hot
LD-1202,CH-1,Stark Industries lead65,lead1201@sales.net,01/28/2026,hot
LD-1203,CH-3,Massive Dynamic lead66,lead1202@sales.net,01/07/2026,warm
LD-1204,CH-2,  Initech lead67  ,  lead1203@sales.net  ,2026-12-08,cold
LD-1205,CH-5,INITECH LEAD68,lead1204@sales.net,03-07-2025,hot
LD-1206,CH-5,  Acme Corp lead69  ,LEAD1205@PROSPECT.COM,09-01-2026,warm
LD-1207,CH-4,  Tyrell Corp lead70  ,lead1206@prospect.com,25-06-2026,warm
LD-1208,CH-4,Oscorp lead0,lead1207@prospect.com,08/07/2025,cold
LD-1209,CH-4,  Wonka lead1  ,lead1208@prospect.com,2025-07-24,HOT
LD-1210,CH-2,Aperture lead2,lead1209@prospect.com,2026-03-03,HOT
LD-1211,CH-7,WONKA LEAD3,  lead1210@leads.io  ,08/12/2026,cold
LD-1212,CH-7,LEXCORP LEAD4,  lead1211@leads.io  ,02/15/2025,warm
LD-1213,CH-6,Weyland-Yutani lead5,LEAD1212@LEADS.IO,07/18/2026,HOT
LD-1214,CH-1,ACME CORP LEAD6,lead1213@prospect.com,12/13/2026,HOT
LD-1215,CH-3,Hooli lead7,lead1214@sales.net,2026-09-12,hot
LD-1216,CH-1,WEYLAND-YUTANI LEAD8,lead1215@prospect.com,2025-12-12,warm
LD-1217,CH-5,STARK INDUSTRIES LEAD9,LEAD1216@LEADS.IO,2026-11-06,cold
LD-1218,CH-1,  Dunder Mifflin lead10  ,  lead1217@sales.net  ,2025-09-21,cold
LD-1219,CH-4,Aperture lead11,lead1218@sales.net,2025-07-04,HOT
LD-1220,CH-7,Stark Industries lead12,lead1219@sales.net,2025-03-11,warm
LD-1221,CH-3,PIED PIPER LEAD13,LEAD1220@SALES.NET,2026-04-08,warm
LD-1222,CH-8,APERTURE LEAD14,lead1221@prospect.com,04/28/2025,hot
LD-1223,CH-1,acme corp lead15,  lead1222@sales.net  ,11/25/2026,hot
LD-1224,CH-3,PIED PIPER LEAD16,lead1223@sales.net,09/13/2026,hot
LD-1225,CH-4,OSCORP LEAD17,LEAD1224@SALES.NET,08/24/2025,cold
LD-1226,CH-4,VANDELAY LEAD18,lead1225@sales.net,2026-09-25,hot
LD-1227,CH-3,Black Mesa lead19,lead1226@prospect.com,10/12/2026,warm
LD-1228,CH-6,GLOBEX LEAD20,LEAD1227@SALES.NET,2026-07-23,HOT
LD-1229,CH-4,Dunder Mifflin lead21,  lead1228@sales.net  ,28-06-2025,cold
LD-1230,CH-8,UMBRELLA CO LEAD22,lead1229@sales.net,2026-11-08,HOT
LD-1231,CH-7,Initech lead23,lead1230@leads.io,2025-07-09,hot
LD-1232,CH-8,  Tyrell Corp lead24  ,  lead1231@prospect.com  ,2025-04-26,cold
LD-1233,CH-4,  Blue Sun lead25  ,  lead1232@sales.net  ,10-11-2026,HOT
LD-1234,CH-1,  Aperture lead26  ,lead1233@leads.io,2026-02-02,warm
LD-1235,CH-8,Pied Piper lead27,lead1234@prospect.com,2025-09-02,warm
LD-1236,CH-7,Black Mesa lead28,lead1235@leads.io,08/28/2025,cold
LD-1237,CH-3,Umbrella Co lead29,lead1236@prospect.com,2025-03-03,hot
LD-1238,CH-3,stark industries lead30,  lead1237@prospect.com  ,12-08-2025,HOT
LD-1239,CH-7,hooli lead31,LEAD1238@PROSPECT.COM,28-10-2026,warm
LD-1240,CH-6,wayne enterprises lead32,lead1239@sales.net,01/06/2026,HOT
LD-1241,CH-1,cyberdyne lead33,  lead1240@leads.io  ,2026-01-10,cold
LD-1242,CH-3,Pied Piper lead34,  lead1241@sales.net  ,2025-12-17,hot
LD-1243,CH-4,APERTURE LEAD35,lead1242@leads.io,04/19/2025,warm
LD-1244,CH-8,Cyberdyne lead36,  lead1243@sales.net  ,2025-09-13,HOT
LD-1245,CH-3,weyland-yutani lead37,lead1244@leads.io,10-11-2026,warm
LD-1246,CH-1,Vandelay lead38,LEAD1245@PROSPECT.COM,2026-05-21,warm
LD-1247,CH-4,Pied Piper lead39,lead1246@sales.net,2026-10-08,warm
LD-1248,CH-2,blue sun lead40,LEAD1247@PROSPECT.COM,2025-07-09,HOT
LD-1249,CH-5,Aperture lead41,  lead1248@prospect.com  ,06-10-2025,cold
LD-1250,CH-5,OSCORP LEAD42,lead1249@leads.io,2026-07-08,cold
LD-1251,CH-3,LexCorp lead43,lead1250@prospect.com,03/03/2026,cold
LD-1252,CH-5,WEYLAND-YUTANI LEAD44,  lead1251@sales.net  ,07/22/2026,cold
LD-1253,CH-1,WAYNE ENTERPRISES LEAD45,LEAD1252@SALES.NET,20-11-2026,HOT
LD-1254,CH-1,  Black Mesa lead46  ,lead1253@leads.io,2026-10-09,HOT
LD-1255,CH-8,  Hooli lead47  ,lead1254@prospect.com,14-05-2025,warm
LD-1256,CH-4,TYRELL CORP LEAD48,lead1255@sales.net,22-03-2025,cold
LD-1257,CH-8,Stark Industries lead49,LEAD1256@PROSPECT.COM,2026-09-11,hot
LD-1258,CH-1,tyrell corp lead50,LEAD1257@LEADS.IO,2026-03-10,hot
LD-1259,CH-2,acme corp lead51,LEAD1258@SALES.NET,2025-09-15,hot
LD-1260,CH-7,MASSIVE DYNAMIC LEAD52,lead1259@prospect.com,2026-06-07,HOT
LD-1261,CH-2,  Massive Dynamic lead53  ,lead1260@leads.io,16-03-2025,warm
LD-1262,CH-2,LEXCORP LEAD54,  lead1261@leads.io  ,2026-02-24,warm
LD-1263,CH-5,pied piper lead55,lead1262@sales.net,02/14/2026,warm
LD-1264,CH-1,Oscorp lead56,lead1263@sales.net,2026-04-24,warm
LD-1265,CH-2,weyland-yutani lead57,lead1264@sales.net,2026-07-15,hot
LD-1266,CH-5,wayne enterprises lead58,lead1265@sales.net,12/13/2026,HOT
LD-1267,CH-7,WONKA LEAD59,lead1266@leads.io,2025-03-16,hot
LD-1268,CH-3,Hooli lead60,lead1267@leads.io,2026-10-22,HOT
LD-1269,CH-1,UMBRELLA CO LEAD61,lead1268@sales.net,07/27/2025,hot
LD-1270,CH-5,Hooli lead62,lead1269@sales.net,2026-02-24,hot
LD-1271,CH-8,TYRELL CORP LEAD63,LEAD1270@LEADS.IO,05-05-2026,HOT
LD-1272,CH-2,Weyland-Yutani lead64,lead1271@prospect.com,05/10/2025,warm
LD-1273,CH-3,blue sun lead65,lead1272@sales.net,04/20/2025,HOT
LD-1274,CH-4,WAYNE ENTERPRISES LEAD66,LEAD1273@PROSPECT.COM,27-03-2026,HOT
LD-1275,CH-5,CYBERDYNE LEAD67,  lead1274@prospect.com  ,2026-05-25,HOT
LD-1276,CH-1,APERTURE LEAD68,lead1275@leads.io,06/14/2026,cold
LD-1277,CH-2,Initech lead69,lead1276@leads.io,09/16/2025,cold
LD-1278,CH-8,Vandelay lead70,  lead1277@prospect.com  ,2026-05-20,HOT
LD-1279,CH-5,Cyberdyne lead0,lead1278@sales.net,2026-07-03,cold
LD-1280,CH-4,  Massive Dynamic lead1  ,lead1279@sales.net,2025-04-21,hot
LD-1281,CH-7,  Cyberdyne lead2  ,LEAD1280@SALES.NET,2025-12-04,hot
LD-1282,CH-8,Blue Sun lead3,lead1281@sales.net,10/12/2026,warm
LD-1283,CH-4,black mesa lead4,lead1282@prospect.com,2025-12-27,cold
LD-1284,CH-3,VANDELAY LEAD5,  lead1283@prospect.com  ,08/18/2025,cold
LD-1285,CH-6,oscorp lead6,lead1284@prospect.com,2025-12-14,cold
LD-1286,CH-2,Umbrella Co lead7,LEAD1285@PROSPECT.COM,02/13/2025,HOT
LD-1287,CH-5,Pied Piper lead8,LEAD1286@SALES.NET,18-07-2025,hot
LD-1288,CH-4,Tyrell Corp lead9,lead1287@leads.io,04/26/2026,HOT
LD-1289,CH-5,VANDELAY LEAD10,lead1288@sales.net,2026-08-07,cold
LD-1290,CH-6,Tyrell Corp lead11,lead1289@leads.io,13-08-2026,HOT
LD-1291,CH-4,  Blue Sun lead12  ,lead1290@sales.net,2026-09-19,HOT
LD-1292,CH-6,  Stark Industries lead13  ,lead1291@prospect.com,08/24/2025,warm
LD-1293,CH-1,MASSIVE DYNAMIC LEAD14,LEAD1292@PROSPECT.COM,2026-07-16,HOT
LD-1294,CH-5,Acme Corp lead15,  lead1293@sales.net  ,10/07/2026,warm
LD-1295,CH-2,Hooli lead16,lead1294@prospect.com,10/03/2025,cold
LD-1296,CH-8,Wayne Enterprises lead17,lead1295@prospect.com,2026-10-09,HOT
LD-1297,CH-4,STARK INDUSTRIES LEAD18,  lead1296@leads.io  ,03-05-2026,warm
LD-1298,CH-3,  Cyberdyne lead19  ,  lead1297@sales.net  ,2025-05-10,hot
LD-1299,CH-2,Stark Industries lead20,lead1298@prospect.com,09-07-2025,hot
LD-1300,CH-7,Tyrell Corp lead21,LEAD1299@SALES.NET,2026-12-06,HOT
LD-1301,CH-4,pied piper lead22,LEAD1300@LEADS.IO,08/09/2026,hot
LD-1302,CH-2,Hooli lead23,lead1301@leads.io,2025-04-14,HOT
LD-1303,CH-2,BLUE SUN LEAD24,lead1302@leads.io,2025-10-07,cold
LD-1304,CH-3,Vandelay lead25,lead1303@leads.io,2026-11-15,cold
LD-1305,CH-4,Black Mesa lead26,  lead1304@leads.io  ,02/17/2026,warm
LD-1306,CH-2,Pied Piper lead27,lead1305@prospect.com,2026-10-13,warm
LD-1307,CH-4,Dunder Mifflin lead28,LEAD1306@LEADS.IO,2026-05-20,hot
LD-1308,CH-8,LEXCORP LEAD29,lead1307@sales.net,01/25/2026,hot
LD-1309,CH-4,OSCORP LEAD30,lead1308@leads.io,2026-01-18,warm
LD-1310,CH-5,Dunder Mifflin lead31,  lead1309@leads.io  ,2026-06-09,HOT
LD-1311,CH-4,Tyrell Corp lead32,lead1310@prospect.com,07/03/2025,HOT
LD-1312,CH-5,Wonka lead33,  lead1311@sales.net  ,2025-09-21,HOT
LD-1313,CH-5,Black Mesa lead34,lead1312@prospect.com,06/16/2025,hot
LD-1314,CH-2,BLACK MESA LEAD35,lead1313@sales.net,2026-05-08,warm
LD-1315,CH-3,Tyrell Corp lead36,LEAD1314@LEADS.IO,09/09/2026,hot
LD-1316,CH-2,Blue Sun lead37,lead1315@prospect.com,2026-07-09,cold
LD-1317,CH-1,  Oscorp lead38  ,  lead1316@sales.net  ,2026-02-27,warm
LD-1318,CH-7,Vandelay lead39,lead1317@sales.net,2026-04-05,HOT
LD-1319,CH-2,Cyberdyne lead40,lead1318@sales.net,04-04-2026,warm
LD-1320,CH-4,TYRELL CORP LEAD41,  lead1319@sales.net  ,2025-12-13,hot
LD-1321,CH-3,Weyland-Yutani lead42,lead1320@leads.io,2026-06-08,HOT
LD-1322,CH-6,Vandelay lead43,lead1321@sales.net,2025-05-05,hot
LD-1323,CH-3,Oscorp lead44,lead1322@leads.io,23-01-2025,hot
LD-1324,CH-1,Initech lead45,lead1323@sales.net,15-02-2026,cold
LD-1325,CH-7,  Wayne Enterprises lead46  ,lead1324@sales.net,2025-03-15,HOT
LD-1326,CH-8,  Vandelay lead47  ,lead1325@sales.net,03/05/2026,hot
LD-1327,CH-7,HOOLI LEAD48,lead1326@prospect.com,07/04/2025,hot
LD-1328,CH-7,  Weyland-Yutani lead49  ,  lead1327@leads.io  ,2025-10-12,cold
LD-1329,CH-7,  LexCorp lead50  ,lead1328@leads.io,2026-09-23,cold
LD-1330,CH-6,Globex lead51,  lead1329@sales.net  ,02/15/2026,warm
LD-1331,CH-3,Initech lead52,lead1330@prospect.com,2025-12-09,warm
LD-1332,CH-8,LEXCORP LEAD53,LEAD1331@PROSPECT.COM,01-04-2025,HOT
LD-1333,CH-2,ACME CORP LEAD54,lead1332@prospect.com,05/25/2026,cold
LD-1334,CH-5,  Globex lead55  ,  lead1333@leads.io  ,2026-04-16,cold
LD-1335,CH-7,Black Mesa lead56,LEAD1334@LEADS.IO,08/04/2026,cold
LD-1336,CH-4,  Vandelay lead57  ,lead1335@leads.io,21-07-2025,HOT
LD-1337,CH-8,UMBRELLA CO LEAD58,  lead1336@prospect.com  ,2025-02-25,hot
LD-1338,CH-1,Wayne Enterprises lead59,lead1337@leads.io,06/22/2026,cold
LD-1339,CH-4,Wayne Enterprises lead60,lead1338@sales.net,2025-11-02,hot
LD-1340,CH-3,Wayne Enterprises lead61,  lead1339@prospect.com  ,2026-02-14,cold
LD-1341,CH-6,  Weyland-Yutani lead62  ,lead1340@prospect.com,12/04/2026,hot
LD-1342,CH-3,Massive Dynamic lead63,  lead1341@prospect.com  ,2026-12-26,HOT
LD-1343,CH-5,Tyrell Corp lead64,lead1342@leads.io,09/24/2025,warm
LD-1344,CH-3,  Massive Dynamic lead65  ,lead1343@leads.io,2025-08-08,hot
LD-1345,CH-2,VANDELAY LEAD66,lead1344@prospect.com,02/17/2025,cold
LD-1346,CH-2,oscorp lead67,lead1345@prospect.com,2025-06-11,hot
LD-1347,CH-2,Black Mesa lead68,lead1346@leads.io,2025-08-23,warm
LD-1348,CH-7,Hooli lead69,lead1347@sales.net,2026-10-16,cold
LD-1349,CH-3,hooli lead70,lead1348@sales.net,2026-08-12,hot
LD-1350,CH-7,Weyland-Yutani lead0,lead1349@leads.io,2026-02-10,warm
LD-1351,CH-3,Acme Corp lead1,lead1350@leads.io,2026-07-23,hot
LD-1352,CH-8,Wayne Enterprises lead2,lead1351@sales.net,2025-02-04,warm
LD-1353,CH-7,Aperture lead3,lead1352@sales.net,2025-02-24,warm
LD-1354,CH-6,Blue Sun lead4,lead1353@sales.net,12/17/2026,hot
LD-1355,CH-2,Massive Dynamic lead5,lead1354@leads.io,04/05/2026,HOT
LD-1356,CH-1,BLUE SUN LEAD6,lead1355@prospect.com,11/20/2026,HOT
LD-1357,CH-3,aperture lead7,lead1356@leads.io,2025-11-07,warm
LD-1358,CH-7,Pied Piper lead8,lead1357@leads.io,2026-10-25,cold
LD-1359,CH-7,Acme Corp lead9,lead1358@leads.io,05/15/2026,hot
LD-1360,CH-6,LexCorp lead10,lead1359@sales.net,08/25/2025,HOT
LD-1361,CH-4,  Oscorp lead11  ,lead1360@sales.net,2026-03-11,HOT
LD-1362,CH-7,Wayne Enterprises lead12,lead1361@prospect.com,10/23/2025,cold
LD-1363,CH-2,VANDELAY LEAD13,lead1362@prospect.com,2025-07-20,HOT
LD-1364,CH-6,Hooli lead14,lead1363@sales.net,04/23/2026,HOT
LD-1365,CH-6,  Wayne Enterprises lead15  ,LEAD1364@PROSPECT.COM,2026-02-04,hot
LD-1366,CH-6,Cyberdyne lead16,lead1365@leads.io,2025-03-20,warm
LD-1367,CH-3,  Massive Dynamic lead17  ,lead1366@leads.io,2026-10-21,warm
LD-1368,CH-6,  Tyrell Corp lead18  ,  lead1367@prospect.com  ,18-12-2026,cold
LD-1369,CH-7,Acme Corp lead19,lead1368@leads.io,2025-04-25,cold
LD-1370,CH-8,wonka lead20,lead1369@sales.net,2026-04-15,cold
LD-1371,CH-8,Hooli lead21,LEAD1370@LEADS.IO,2026-07-13,HOT
LD-1372,CH-5,GLOBEX LEAD22,  lead1371@prospect.com  ,2025-07-14,hot
LD-1373,CH-7,DUNDER MIFFLIN LEAD23,lead1372@leads.io,2026-05-23,cold
LD-1374,CH-5,Pied Piper lead24,lead1373@prospect.com,08-04-2026,warm
LD-1375,CH-1,  Globex lead25  ,lead1374@sales.net,04/02/2026,hot
LD-1376,CH-5,WEYLAND-YUTANI LEAD26,  lead1375@sales.net  ,06-04-2026,hot
LD-1377,CH-8,  Cyberdyne lead27  ,LEAD1376@PROSPECT.COM,02/19/2025,warm
LD-1378,CH-5,Massive Dynamic lead28,LEAD1377@SALES.NET,04/11/2026,hot
LD-1379,CH-3,Aperture lead29,  lead1378@leads.io  ,13-12-2026,warm
LD-1380,CH-1,  Weyland-Yutani lead30  ,LEAD1379@PROSPECT.COM,2025-11-08,cold
LD-1381,CH-7,Weyland-Yutani lead31,  lead1380@leads.io  ,23-09-2025,warm
LD-1382,CH-8,  Stark Industries lead32  ,lead1381@prospect.com,05/20/2025,cold
LD-1383,CH-4,  Umbrella Co lead33  ,lead1382@prospect.com,2025-07-14,warm
LD-1384,CH-2,  Wonka lead34  ,lead1383@leads.io,07/20/2025,hot
LD-1385,CH-6,Hooli lead35,lead1384@leads.io,22-09-2025,HOT
LD-1386,CH-7,  Black Mesa lead36  ,LEAD1385@PROSPECT.COM,2025-06-18,HOT
LD-1387,CH-7,BLUE SUN LEAD37,LEAD1386@LEADS.IO,05/16/2026,cold
LD-1388,CH-7,  Dunder Mifflin lead38  ,lead1387@sales.net,25-03-2025,cold
LD-1389,CH-7,Wonka lead39,LEAD1388@PROSPECT.COM,03/25/2026,cold
LD-1390,CH-3,Oscorp lead40,LEAD1389@LEADS.IO,2025-12-10,HOT
LD-1391,CH-6,WEYLAND-YUTANI LEAD41,lead1390@prospect.com,2025-07-19,HOT
LD-1392,CH-5,OSCORP LEAD42,LEAD1391@PROSPECT.COM,07/17/2026,HOT
LD-1393,CH-4,Cyberdyne lead43,LEAD1392@LEADS.IO,2025-02-23,hot
LD-1394,CH-5,Massive Dynamic lead44,  lead1393@leads.io  ,2025-09-20,warm
LD-1395,CH-1,BLUE SUN LEAD45,lead1394@sales.net,07/16/2026,HOT
LD-1396,CH-4,Wayne Enterprises lead46,LEAD1395@LEADS.IO,24-05-2026,cold
LD-1397,CH-2,Vandelay lead47,LEAD1396@SALES.NET,2025-01-15,warm
LD-1398,CH-3,BLACK MESA LEAD48,lead1397@prospect.com,12/05/2025,hot
LD-1399,CH-8,HOOLI LEAD49,lead1398@prospect.com,11-10-2025,hot
LD-1400,CH-3,Acme Corp lead50,lead1399@leads.io,2025-03-21,HOT
LD-1401,CH-7,Pied Piper lead51,lead1400@leads.io,2026-03-18,HOT
LD-1402,CH-5,WONKA LEAD52,lead1401@prospect.com,03/06/2025,warm
LD-1403,CH-4,  Wayne Enterprises lead53  ,lead1402@prospect.com,2026-01-27,warm
LD-1404,CH-5,Initech lead54,lead1403@sales.net,08/26/2025,hot
LD-1405,CH-7,Acme Corp lead55,  lead1404@prospect.com  ,02/28/2025,cold
LD-1406,CH-4,  Vandelay lead56  ,lead1405@prospect.com,23-05-2026,HOT
LD-1407,CH-2,Dunder Mifflin lead57,lead1406@sales.net,2026-05-27,cold
LD-1408,CH-1,STARK INDUSTRIES LEAD58,  lead1407@prospect.com  ,2025-10-07,warm
LD-1409,CH-2,Black Mesa lead59,lead1408@prospect.com,04-01-2025,hot
LD-1410,CH-2,Black Mesa lead60,  lead1409@sales.net  ,18-06-2025,warm
LD-1411,CH-6,Wayne Enterprises lead61,LEAD1410@LEADS.IO,2026-06-01,cold
LD-1412,CH-6,  Massive Dynamic lead62  ,lead1411@sales.net,2026-04-13,HOT
LD-1413,CH-5,Weyland-Yutani lead63,LEAD1412@SALES.NET,2025-06-27,cold
LD-1414,CH-6,Stark Industries lead64,lead1413@prospect.com,07-08-2026,warm
LD-1415,CH-2,  Globex lead65  ,LEAD1414@SALES.NET,2025-09-24,warm
LD-1416,CH-4,STARK INDUSTRIES LEAD66,lead1415@leads.io,2025-01-11,warm
LD-1417,CH-3,Oscorp lead67,LEAD1416@SALES.NET,2026-03-11,cold
LD-1418,CH-1,Tyrell Corp lead68,  lead1417@leads.io  ,07/24/2026,warm
LD-1419,CH-3,  Dunder Mifflin lead69  ,lead1418@sales.net,2026-06-26,cold
LD-1420,CH-8,  Stark Industries lead70  ,lead1419@sales.net,06/05/2026,HOT
LD-1421,CH-8,  Wayne Enterprises lead0  ,lead1420@sales.net,2026-05-06,warm
LD-1422,CH-2,  Umbrella Co lead1  ,  lead1421@prospect.com  ,2026-09-03,warm
LD-1423,CH-7,Aperture lead2,lead1422@sales.net,2025-07-08,warm
LD-1424,CH-6,Dunder Mifflin lead3,lead1423@sales.net,11/18/2025,cold
LD-1425,CH-5,  Acme Corp lead4  ,lead1424@sales.net,07/19/2026,hot
LD-1426,CH-5,ACME CORP LEAD5,  lead1425@prospect.com  ,2026-09-20,warm
LD-1427,CH-1,OSCORP LEAD6,lead1426@prospect.com,25-02-2026,cold
LD-1428,CH-1,  Blue Sun lead7  ,lead1427@leads.io,02/26/2025,HOT
LD-1429,CH-5,Aperture lead8,lead1428@prospect.com,2026-05-09,warm
LD-1430,CH-7,  Stark Industries lead9  ,lead1429@sales.net,08/09/2026,hot
LD-1431,CH-4,Oscorp lead10,lead1430@sales.net,03-11-2025,hot
LD-1432,CH-5,  Oscorp lead11  ,lead1431@leads.io,03/10/2026,cold
LD-1433,CH-4,WONKA LEAD12,LEAD1432@LEADS.IO,2026-08-08,hot
LD-1434,CH-2,Acme Corp lead13,LEAD1433@PROSPECT.COM,2026-05-18,warm
LD-1435,CH-5,LexCorp lead14,lead1434@sales.net,07/03/2025,hot
LD-1436,CH-6,Oscorp lead15,lead1435@prospect.com,09/22/2026,hot
LD-1437,CH-4,  Stark Industries lead16  ,LEAD1436@LEADS.IO,2025-04-01,hot
LD-1438,CH-6,  Dunder Mifflin lead17  ,lead1437@prospect.com,2026-08-08,warm
LD-1439,CH-8,  Oscorp lead18  ,lead1438@leads.io,05/16/2025,warm
LD-1440,CH-1,DUNDER MIFFLIN LEAD19,lead1439@prospect.com,2026-09-28,hot
LD-1441,CH-8,WAYNE ENTERPRISES LEAD20,lead1440@prospect.com,04/06/2026,hot
LD-1442,CH-7,hooli lead21,lead1441@sales.net,2026-12-28,hot
LD-1443,CH-7,Dunder Mifflin lead22,LEAD1442@SALES.NET,12/01/2026,HOT
LD-1444,CH-1,Oscorp lead23,lead1443@prospect.com,05-08-2025,cold
LD-1445,CH-7,pied piper lead24,lead1444@prospect.com,09/04/2025,HOT
LD-1446,CH-2,Pied Piper lead25,LEAD1445@SALES.NET,04/28/2026,hot
LD-1447,CH-1,dunder mifflin lead26,lead1446@prospect.com,07-04-2026,cold
LD-1448,CH-2,Stark Industries lead27,  lead1447@prospect.com  ,26-12-2025,HOT
LD-1449,CH-5,Umbrella Co lead28,lead1448@leads.io,05/12/2026,HOT
LD-1450,CH-7,Massive Dynamic lead29,LEAD1449@PROSPECT.COM,08/19/2026,cold
LD-1451,CH-8,WONKA LEAD30,lead1450@leads.io,2025-09-03,warm
LD-1452,CH-3,pied piper lead31,lead1451@prospect.com,04/25/2026,HOT
LD-1453,CH-4,Black Mesa lead32,LEAD1452@LEADS.IO,02/24/2026,hot
LD-1454,CH-1,  Aperture lead33  ,LEAD1453@LEADS.IO,09/24/2026,cold
LD-1455,CH-7,Tyrell Corp lead34,lead1454@sales.net,06-04-2025,hot
LD-1456,CH-5,Pied Piper lead35,  lead1455@prospect.com  ,2026-10-14,hot
LD-1457,CH-6,Massive Dynamic lead36,lead1456@leads.io,15-10-2025,warm
LD-1458,CH-5,Pied Piper lead37,lead1457@prospect.com,2025-06-10,warm
LD-1459,CH-3,Wonka lead38,  lead1458@leads.io  ,2026-07-19,HOT
LD-1460,CH-4,TYRELL CORP LEAD39,  lead1459@prospect.com  ,2025-06-27,cold
LD-1461,CH-2,Blue Sun lead40,lead1460@leads.io,12/04/2025,hot
LD-1462,CH-4,cyberdyne lead41,LEAD1461@LEADS.IO,2026-09-22,HOT
LD-1463,CH-5,APERTURE LEAD42,  lead1462@prospect.com  ,2025-09-15,warm
LD-1464,CH-3,HOOLI LEAD43,LEAD1463@PROSPECT.COM,06/06/2026,HOT
LD-1465,CH-4,umbrella co lead44,lead1464@sales.net,2026-10-06,warm
LD-1466,CH-8,  LexCorp lead45  ,LEAD1465@LEADS.IO,04/15/2025,HOT
LD-1467,CH-4,  Cyberdyne lead46  ,lead1466@prospect.com,2025-05-04,HOT
LD-1468,CH-2,CYBERDYNE LEAD47,lead1467@prospect.com,2025-05-09,cold
LD-1469,CH-5,Dunder Mifflin lead48,lead1468@sales.net,06-04-2026,hot
LD-1470,CH-8,Wonka lead49,lead1469@leads.io,06/10/2026,cold
LD-1471,CH-1,Oscorp lead50,  lead1470@prospect.com  ,2025-03-09,cold
LD-1472,CH-2,STARK INDUSTRIES LEAD51,lead1471@leads.io,08/14/2026,cold
LD-1473,CH-8,  Oscorp lead52  ,  lead1472@leads.io  ,2026-06-06,HOT
LD-1474,CH-4,LexCorp lead53,lead1473@prospect.com,2026-03-14,HOT
LD-1475,CH-1,Hooli lead54,lead1474@sales.net,2026-08-13,cold
LD-1476,CH-4,Massive Dynamic lead55,  lead1475@leads.io  ,2026-04-08,warm
LD-1477,CH-3,Cyberdyne lead56,lead1476@prospect.com,2026-07-10,cold
LD-1478,CH-8,  Weyland-Yutani lead57  ,lead1477@sales.net,15-12-2026,hot
LD-1479,CH-2,Dunder Mifflin lead58,  lead1478@leads.io  ,11/05/2026,cold
LD-1480,CH-2,LexCorp lead59,lead1479@sales.net,02/21/2025,hot
LD-1481,CH-2,UMBRELLA CO LEAD60,lead1480@leads.io,2026-01-15,HOT
LD-1482,CH-2,  Blue Sun lead61  ,lead1481@leads.io,02/05/2026,warm
LD-1483,CH-7,Stark Industries lead62,lead1482@prospect.com,2026-05-20,cold
LD-1484,CH-7,Black Mesa lead63,lead1483@sales.net,17-04-2026,HOT
LD-1485,CH-4,  Black Mesa lead64  ,lead1484@sales.net,06/27/2026,HOT
LD-1486,CH-4,tyrell corp lead65,lead1485@leads.io,02/05/2026,cold
LD-1487,CH-6,  Vandelay lead66  ,LEAD1486@SALES.NET,14-11-2025,HOT
LD-1488,CH-3,oscorp lead67,  lead1487@prospect.com  ,12/28/2026,cold
LD-1489,CH-8,  Oscorp lead68  ,lead1488@sales.net,05/24/2026,warm
LD-1490,CH-2,pied piper lead69,lead1489@leads.io,2026-11-12,HOT
LD-1491,CH-4,Globex lead70,lead1490@prospect.com,06-07-2026,warm
LD-1492,CH-5,CYBERDYNE LEAD0,  lead1491@sales.net  ,21-05-2026,cold
LD-1493,CH-4,  Hooli lead1  ,lead1492@sales.net,2026-01-10,HOT
LD-1494,CH-8,Vandelay lead2,lead1493@prospect.com,2026-02-08,hot
LD-1495,CH-6,OSCORP LEAD3,lead1494@sales.net,25-01-2026,hot
LD-1496,CH-6,Wonka lead4,lead1495@leads.io,25-08-2025,warm
LD-1497,CH-5,wayne enterprises lead5,lead1496@prospect.com,2026-01-08,HOT
LD-1498,CH-6,Dunder Mifflin lead6,lead1497@leads.io,2025-01-14,cold
LD-1499,CH-2,Dunder Mifflin lead7,lead1498@prospect.com,11/02/2026,hot
LD-1500,CH-5,Aperture lead8,  lead1499@leads.io  ,2025-09-05,hot
LD-1501,CH-5,  Globex lead9  ,lead1500@sales.net,11-11-2026,HOT
LD-1502,CH-5,Aperture lead10,lead1501@prospect.com,03-12-2026,cold
LD-1503,CH-7,  Vandelay lead11  ,lead1502@sales.net,2026-07-21,HOT
LD-1504,CH-4,Vandelay lead12,lead1503@leads.io,2026-10-27,warm
LD-1505,CH-5,  Acme Corp lead13  ,LEAD1504@SALES.NET,03/21/2026,warm
LD-1506,CH-2,Cyberdyne lead14,LEAD1505@PROSPECT.COM,01/27/2026,cold
LD-1507,CH-6,INITECH LEAD15,  lead1506@sales.net  ,25-01-2026,cold
LD-1508,CH-2,acme corp lead16,  lead1507@leads.io  ,07/27/2025,hot
LD-1509,CH-3,Weyland-Yutani lead17,lead1508@prospect.com,19-07-2026,cold
LD-1510,CH-8,Tyrell Corp lead18,lead1509@sales.net,2026-12-01,HOT
LD-1511,CH-6,Aperture lead19,lead1510@leads.io,18-03-2026,hot
LD-1512,CH-2,Initech lead20,LEAD1511@SALES.NET,08-12-2025,HOT
LD-1513,CH-3,BLUE SUN LEAD21,lead1512@leads.io,2026-03-02,HOT
LD-1514,CH-4,Globex lead22,  lead1513@sales.net  ,02/22/2025,hot
LD-1515,CH-6,Wonka lead23,lead1514@prospect.com,24-08-2025,hot
LD-1516,CH-7,  Globex lead24  ,  lead1515@leads.io  ,2025-09-15,HOT
LD-1517,CH-1,Tyrell Corp lead25,lead1516@leads.io,03-06-2025,hot
LD-1518,CH-5,  Aperture lead26  ,lead1517@sales.net,2025-12-20,HOT
LD-1519,CH-1,Aperture lead27,LEAD1518@SALES.NET,04-08-2025,HOT
LD-1520,CH-2,DUNDER MIFFLIN LEAD28,LEAD1519@SALES.NET,2026-04-22,HOT
LD-1521,CH-4,Weyland-Yutani lead29,lead1520@leads.io,07/24/2025,warm
LD-1522,CH-4,WEYLAND-YUTANI LEAD30,LEAD1521@LEADS.IO,01/05/2026,hot
LD-1523,CH-2,  Initech lead31  ,lead1522@leads.io,01-09-2025,warm
LD-1524,CH-1,Stark Industries lead32,LEAD1523@LEADS.IO,25-01-2025,cold
LD-1525,CH-3,oscorp lead33,lead1524@leads.io,2025-09-18,hot
LD-1526,CH-2,BLUE SUN LEAD34,LEAD1525@SALES.NET,2025-04-23,cold
LD-1527,CH-7,Umbrella Co lead35,lead1526@prospect.com,03/17/2026,cold
LD-1528,CH-5,tyrell corp lead36,  lead1527@sales.net  ,10/09/2026,cold
LD-1529,CH-8,Stark Industries lead37,LEAD1528@PROSPECT.COM,2025-02-03,hot
LD-1530,CH-8,Tyrell Corp lead38,lead1529@prospect.com,2026-07-03,cold
LD-1531,CH-2,Weyland-Yutani lead39,LEAD1530@PROSPECT.COM,01-06-2026,warm
LD-1532,CH-7,Stark Industries lead40,lead1531@prospect.com,15-07-2026,cold
LD-1533,CH-7,black mesa lead41,lead1532@prospect.com,08/25/2025,hot
LD-1534,CH-4,Aperture lead42,LEAD1533@SALES.NET,2026-04-10,hot
LD-1535,CH-8,ACME CORP LEAD43,lead1534@sales.net,2025-05-03,cold
LD-1536,CH-5,WEYLAND-YUTANI LEAD44,  lead1535@leads.io  ,25-04-2026,HOT
LD-1537,CH-4,acme corp lead45,lead1536@leads.io,11/23/2026,cold
LD-1538,CH-8,Dunder Mifflin lead46,lead1537@prospect.com,09/01/2026,hot
LD-1539,CH-5,Dunder Mifflin lead47,  lead1538@prospect.com  ,2026-03-22,warm
LD-1540,CH-1,OSCORP LEAD48,lead1539@sales.net,2025-06-06,hot
LD-1541,CH-8,STARK INDUSTRIES LEAD49,lead1540@leads.io,01/20/2025,hot
LD-1542,CH-6,Tyrell Corp lead50,lead1541@leads.io,2026-10-10,hot
LD-1543,CH-3,  Umbrella Co lead51  ,lead1542@leads.io,2025-05-20,HOT
LD-1544,CH-2,Stark Industries lead52,lead1543@leads.io,2026-02-07,warm
LD-1545,CH-1,Tyrell Corp lead53,LEAD1544@PROSPECT.COM,01/18/2025,hot
LD-1546,CH-7,Pied Piper lead54,lead1545@leads.io,2025-12-08,warm
LD-1547,CH-5,Wayne Enterprises lead55,  lead1546@sales.net  ,11/09/2025,cold
LD-1548,CH-5,Pied Piper lead56,  lead1547@prospect.com  ,2025-06-23,HOT
LD-1549,CH-7,lexcorp lead57,lead1548@prospect.com,2025-12-27,cold
LD-1550,CH-5,Hooli lead58,lead1549@prospect.com,2025-01-09,HOT
LD-1551,CH-4,  Globex lead59  ,  lead1550@sales.net  ,2025-02-22,HOT
LD-1552,CH-7,Tyrell Corp lead60,lead1551@prospect.com,07/04/2026,warm
LD-1553,CH-8,aperture lead61,LEAD1552@SALES.NET,02/25/2025,HOT
LD-1554,CH-1,tyrell corp lead62,lead1553@sales.net,2026-06-11,hot
LD-1555,CH-7,Globex lead63,  lead1554@sales.net  ,2025-05-19,cold
LD-1556,CH-7,Acme Corp lead64,LEAD1555@PROSPECT.COM,05/24/2025,cold
LD-1557,CH-8,acme corp lead65,LEAD1556@LEADS.IO,04/18/2025,warm
LD-1558,CH-8,MASSIVE DYNAMIC LEAD66,lead1557@sales.net,20-01-2026,cold
LD-1559,CH-8,  Stark Industries lead67  ,lead1558@prospect.com,2026-06-16,cold
LD-1560,CH-3,VANDELAY LEAD68,lead1559@sales.net,12/16/2026,HOT
LD-1561,CH-4,Tyrell Corp lead69,LEAD1560@PROSPECT.COM,06-08-2025,cold
LD-1562,CH-2,WONKA LEAD70,lead1561@leads.io,2025-03-13,warm
LD-1563,CH-4,  Blue Sun lead0  ,lead1562@sales.net,2026-05-01,warm
LD-1564,CH-7,oscorp lead1,lead1563@leads.io,04/16/2026,hot
LD-1565,CH-8,  Hooli lead2  ,lead1564@leads.io,03/25/2026,warm
LD-1566,CH-6,APERTURE LEAD3,  lead1565@prospect.com  ,10-05-2026,cold
LD-1567,CH-4,  Globex lead4  ,LEAD1566@PROSPECT.COM,02/12/2026,HOT
LD-1568,CH-5,  Stark Industries lead5  ,lead1567@sales.net,07/08/2026,HOT
LD-1569,CH-5,Stark Industries lead6,  lead1568@prospect.com  ,10/12/2025,HOT
LD-1570,CH-2,lexcorp lead7,lead1569@prospect.com,03/15/2026,HOT
LD-1571,CH-2,Blue Sun lead8,lead1570@sales.net,2025-06-17,cold
LD-1572,CH-8,  Initech lead9  ,LEAD1571@LEADS.IO,2026-04-21,cold
LD-1573,CH-7,Aperture lead10,lead1572@sales.net,27-04-2025,HOT
LD-1574,CH-6,  Hooli lead11  ,lead1573@prospect.com,16-06-2026,HOT
LD-1575,CH-4,WAYNE ENTERPRISES LEAD12,lead1574@sales.net,02/16/2026,cold
LD-1576,CH-1,  Weyland-Yutani lead13  ,lead1575@leads.io,02-02-2025,hot
LD-1577,CH-6,initech lead14,lead1576@leads.io,03/16/2025,HOT
LD-1578,CH-1,  Wonka lead15  ,lead1577@sales.net,2025-02-11,cold
LD-1579,CH-3,  Aperture lead16  ,LEAD1578@SALES.NET,2026-07-10,cold
LD-1580,CH-4,WEYLAND-YUTANI LEAD17,lead1579@prospect.com,2025-07-26,cold
LD-1581,CH-6,UMBRELLA CO LEAD18,lead1580@leads.io,06/19/2026,hot
LD-1582,CH-2,  Pied Piper lead19  ,LEAD1581@SALES.NET,2025-07-10,HOT
LD-1583,CH-6,Wonka lead20,lead1582@prospect.com,2025-05-08,warm
LD-1584,CH-7,Umbrella Co lead21,  lead1583@leads.io  ,2026-02-15,cold
LD-1585,CH-8,DUNDER MIFFLIN LEAD22,LEAD1584@SALES.NET,01/24/2026,HOT
LD-1586,CH-3,Massive Dynamic lead23,lead1585@leads.io,2025-02-10,warm
LD-1587,CH-1,APERTURE LEAD24,lead1586@leads.io,2026-04-26,cold
LD-1588,CH-3,CYBERDYNE LEAD25,lead1587@leads.io,01/03/2026,cold
LD-1589,CH-8,WONKA LEAD26,lead1588@sales.net,12/21/2025,warm
LD-1590,CH-7,INITECH LEAD27,lead1589@prospect.com,2025-12-24,HOT
LD-1591,CH-8,Oscorp lead28,lead1590@sales.net,2026-02-26,hot
LD-1592,CH-7,black mesa lead29,LEAD1591@PROSPECT.COM,2026-08-11,HOT
LD-1593,CH-7,HOOLI LEAD30,  lead1592@leads.io  ,2025-02-13,HOT
LD-1594,CH-4,lexcorp lead31,lead1593@sales.net,2026-02-10,HOT
LD-1595,CH-5,Vandelay lead32,  lead1594@leads.io  ,16-12-2026,hot
LD-1596,CH-2,  Stark Industries lead33  ,lead1595@leads.io,03/02/2026,cold
LD-1597,CH-3,ACME CORP LEAD34,lead1596@sales.net,2026-05-17,warm
LD-1598,CH-2,Oscorp lead35,lead1597@leads.io,2025-01-14,warm
LD-1599,CH-5,LEXCORP LEAD36,lead1598@prospect.com,12-01-2025,warm
LD-1600,CH-6,ACME CORP LEAD37,  lead1599@sales.net  ,2025-12-25,HOT
LD-1601,CH-7,Black Mesa lead38,lead1600@leads.io,2025-01-26,cold
LD-1602,CH-3,Blue Sun lead39,lead1601@prospect.com,2025-09-25,hot
LD-1603,CH-4,Black Mesa lead40,lead1602@prospect.com,04/18/2025,cold
LD-1604,CH-1,  Wayne Enterprises lead41  ,LEAD1603@SALES.NET,15-07-2025,hot
LD-1605,CH-5,Massive Dynamic lead42,lead1604@prospect.com,22-07-2025,hot
LD-1606,CH-4,  Massive Dynamic lead43  ,lead1605@leads.io,24-07-2025,HOT
LD-1607,CH-7,Pied Piper lead44,lead1606@sales.net,18-06-2025,cold
LD-1608,CH-1,Oscorp lead45,  lead1607@sales.net  ,2026-02-26,cold
LD-1609,CH-4,  Cyberdyne lead46  ,LEAD1608@SALES.NET,2025-02-18,HOT
LD-1610,CH-6,Tyrell Corp lead47,LEAD1609@PROSPECT.COM,2025-03-24,warm
LD-1611,CH-4,Blue Sun lead48,lead1610@leads.io,05/09/2025,hot
LD-1612,CH-4,Initech lead49,lead1611@leads.io,08/06/2025,HOT
LD-1613,CH-8,pied piper lead50,lead1612@sales.net,10/28/2025,hot
LD-1614,CH-2,  Vandelay lead51  ,lead1613@leads.io,02/22/2026,HOT
LD-1615,CH-8,lexcorp lead52,lead1614@prospect.com,2026-05-23,cold
LD-1616,CH-3,Tyrell Corp lead53,  lead1615@prospect.com  ,2026-05-04,HOT
LD-1617,CH-4,Hooli lead54,LEAD1616@PROSPECT.COM,2025-10-12,HOT
LD-1618,CH-3,Wonka lead55,LEAD1617@LEADS.IO,08/24/2025,warm
LD-1619,CH-2,STARK INDUSTRIES LEAD56,lead1618@leads.io,2026-01-28,hot
LD-1620,CH-6,WAYNE ENTERPRISES LEAD57,lead1619@leads.io,2025-06-17,cold
LD-1621,CH-5,OSCORP LEAD58,lead1620@leads.io,2026-12-06,cold
LD-1622,CH-2,  Stark Industries lead59  ,lead1621@sales.net,2025-05-05,HOT
LD-1623,CH-7,Vandelay lead60,lead1622@sales.net,18-04-2025,hot
LD-1624,CH-5,UMBRELLA CO LEAD61,LEAD1623@SALES.NET,11-02-2026,cold
LD-1625,CH-2,Stark Industries lead62,LEAD1624@LEADS.IO,08/28/2025,HOT
LD-1626,CH-5,  Umbrella Co lead63  ,lead1625@sales.net,01/25/2026,HOT
LD-1627,CH-7,DUNDER MIFFLIN LEAD64,lead1626@leads.io,2025-10-01,hot
LD-1628,CH-1,  Wonka lead65  ,LEAD1627@PROSPECT.COM,18-02-2025,HOT
LD-1629,CH-4,Hooli lead66,lead1628@prospect.com,2026-06-16,hot
LD-1630,CH-4,Tyrell Corp lead67,lead1629@sales.net,03/03/2025,HOT
LD-1631,CH-2,  Blue Sun lead68  ,lead1630@sales.net,08/09/2025,HOT
LD-1632,CH-7,Wonka lead69,lead1631@sales.net,2026-04-16,hot
LD-1633,CH-2,Pied Piper lead70,  lead1632@leads.io  ,09/12/2026,HOT
LD-1634,CH-8,Stark Industries lead0,LEAD1633@SALES.NET,18-07-2026,HOT
LD-1635,CH-2,tyrell corp lead1,  lead1634@prospect.com  ,2026-12-07,HOT
LD-1636,CH-7,Vandelay lead2,LEAD1635@SALES.NET,15-09-2026,warm
LD-1637,CH-2,Black Mesa lead3,lead1636@leads.io,2025-10-18,HOT
LD-1638,CH-3,globex lead4,lead1637@sales.net,06/13/2026,HOT
LD-1639,CH-2,dunder mifflin lead5,LEAD1638@LEADS.IO,01/16/2026,HOT
LD-1640,CH-3,Vandelay lead6,LEAD1639@LEADS.IO,11/09/2025,hot
LD-1641,CH-4,Tyrell Corp lead7,  lead1640@prospect.com  ,2025-01-25,cold
LD-1642,CH-1,blue sun lead8,lead1641@sales.net,2025-12-06,warm
LD-1643,CH-7,Tyrell Corp lead9,  lead1642@sales.net  ,2026-03-09,warm
LD-1644,CH-3,LexCorp lead10,LEAD1643@LEADS.IO,01-10-2025,HOT
LD-1645,CH-2,  Umbrella Co lead11  ,  lead1644@sales.net  ,25-08-2026,hot
LD-1646,CH-3,Hooli lead12,LEAD1645@SALES.NET,06/17/2025,hot
LD-1647,CH-7,  Initech lead13  ,  lead1646@leads.io  ,2026-05-07,HOT
LD-1648,CH-8,Massive Dynamic lead14,  lead1647@leads.io  ,22-06-2025,hot
LD-1649,CH-7,Oscorp lead15,  lead1648@prospect.com  ,2025-06-02,warm
LD-1650,CH-7,Aperture lead16,lead1649@leads.io,11/25/2025,warm
LD-1651,CH-7,BLACK MESA LEAD17,lead1650@prospect.com,14-02-2026,warm
LD-1652,CH-2,Aperture lead18,  lead1651@sales.net  ,2025-05-11,hot
LD-1653,CH-2,INITECH LEAD19,  lead1652@leads.io  ,09/05/2026,HOT
LD-1654,CH-7,OSCORP LEAD20,lead1653@prospect.com,2025-09-15,HOT
LD-1655,CH-3,Oscorp lead21,lead1654@prospect.com,20-02-2025,HOT
LD-1656,CH-2,Stark Industries lead22,lead1655@leads.io,08/22/2025,hot
LD-1657,CH-8,Acme Corp lead23,  lead1656@prospect.com  ,2026-07-08,warm
LD-1658,CH-3,Stark Industries lead24,LEAD1657@PROSPECT.COM,2026-08-27,hot
LD-1659,CH-1,Umbrella Co lead25,lead1658@sales.net,28-06-2026,HOT
LD-1660,CH-3,Tyrell Corp lead26,  lead1659@sales.net  ,2026-06-16,HOT
LD-1661,CH-3,Cyberdyne lead27,lead1660@leads.io,2026-06-27,cold
LD-1662,CH-8,GLOBEX LEAD28,  lead1661@leads.io  ,2025-03-16,cold
LD-1663,CH-4,blue sun lead29,  lead1662@sales.net  ,2025-08-20,cold
LD-1664,CH-1,Initech lead30,lead1663@sales.net,2026-07-15,hot
LD-1665,CH-5,  Massive Dynamic lead31  ,  lead1664@leads.io  ,2025-09-15,hot
LD-1666,CH-5,  Weyland-Yutani lead32  ,lead1665@prospect.com,07-09-2025,warm
LD-1667,CH-3,APERTURE LEAD33,lead1666@leads.io,2026-10-07,cold
LD-1668,CH-2,Initech lead34,lead1667@leads.io,10/07/2025,cold
LD-1669,CH-4,WAYNE ENTERPRISES LEAD35,lead1668@leads.io,08-10-2025,cold
LD-1670,CH-1,Hooli lead36,lead1669@sales.net,15-12-2026,hot
LD-1671,CH-2,Weyland-Yutani lead37,LEAD1670@SALES.NET,2025-11-21,hot
LD-1672,CH-7,initech lead38,lead1671@prospect.com,2025-07-19,hot
LD-1673,CH-7,PIED PIPER LEAD39,lead1672@leads.io,04/16/2026,HOT
LD-1674,CH-5,Wayne Enterprises lead40,  lead1673@prospect.com  ,19-05-2025,HOT
LD-1675,CH-1,CYBERDYNE LEAD41,lead1674@prospect.com,2025-08-27,hot
LD-1676,CH-2,Black Mesa lead42,  lead1675@leads.io  ,06/16/2025,HOT
LD-1677,CH-1,DUNDER MIFFLIN LEAD43,  lead1676@prospect.com  ,2025-06-18,cold
LD-1678,CH-6,Tyrell Corp lead44,lead1677@leads.io,2025-03-05,hot
LD-1679,CH-7,Tyrell Corp lead45,LEAD1678@LEADS.IO,07/17/2025,HOT
LD-1680,CH-5,  Umbrella Co lead46  ,lead1679@leads.io,09/16/2025,warm
LD-1681,CH-1,initech lead47,LEAD1680@SALES.NET,2025-03-04,cold
LD-1682,CH-8,Vandelay lead48,lead1681@sales.net,2026-09-19,HOT
LD-1683,CH-1,wonka lead49,lead1682@leads.io,20-03-2025,warm
LD-1684,CH-7,stark industries lead50,lead1683@sales.net,2025-07-11,HOT
LD-1685,CH-1,WEYLAND-YUTANI LEAD51,lead1684@sales.net,2025-04-03,warm
LD-1686,CH-2,globex lead52,lead1685@sales.net,2025-02-24,warm
LD-1687,CH-2,Massive Dynamic lead53,lead1686@sales.net,2025-05-02,warm
LD-1688,CH-1,LEXCORP LEAD54,  lead1687@sales.net  ,2026-10-17,warm
LD-1689,CH-2,Vandelay lead55,lead1688@leads.io,2026-05-09,warm
LD-1690,CH-7,Oscorp lead56,  lead1689@sales.net  ,2025-02-03,warm
LD-1691,CH-5,VANDELAY LEAD57,  lead1690@prospect.com  ,08/20/2026,HOT
LD-1692,CH-5,Vandelay lead58,  lead1691@leads.io  ,2025-06-20,cold
LD-1693,CH-7,tyrell corp lead59,lead1692@prospect.com,26-12-2025,HOT
LD-1694,CH-8,  Massive Dynamic lead60  ,lead1693@sales.net,2026-12-09,HOT
LD-1695,CH-6,Wonka lead61,lead1694@sales.net,2026-02-06,warm
LD-1696,CH-7,Blue Sun lead62,  lead1695@sales.net  ,2025-09-03,warm
LD-1697,CH-3,  Initech lead63  ,lead1696@sales.net,02/22/2025,cold
LD-1698,CH-1,Weyland-Yutani lead64,lead1697@leads.io,02/16/2025,hot
LD-1699,CH-5,Cyberdyne lead65,lead1698@prospect.com,2025-07-19,HOT
LD-1700,CH-1,Wonka lead66,lead1699@sales.net,2026-07-13,hot
LD-1701,CH-3,Wayne Enterprises lead67,lead1700@leads.io,2025-01-17,cold
LD-1702,CH-1,Stark Industries lead68,LEAD1701@SALES.NET,18-12-2026,hot
LD-1703,CH-1,  Pied Piper lead69  ,lead1702@prospect.com,2025-01-09,cold
LD-1704,CH-8,WAYNE ENTERPRISES LEAD70,lead1703@leads.io,12/10/2026,hot
LD-1705,CH-6,  Weyland-Yutani lead0  ,lead1704@prospect.com,2025-05-26,warm
LD-1706,CH-5,LEXCORP LEAD1,LEAD1705@PROSPECT.COM,15-05-2025,hot
LD-1707,CH-4,Black Mesa lead2,lead1706@leads.io,2025-08-25,warm
LD-1708,CH-6,Initech lead3,lead1707@sales.net,15-04-2026,warm
LD-1709,CH-2,OSCORP LEAD4,lead1708@prospect.com,2026-02-24,HOT
LD-1710,CH-2,Umbrella Co lead5,lead1709@sales.net,09/15/2026,HOT
LD-1711,CH-7,massive dynamic lead6,lead1710@prospect.com,01-10-2026,hot
LD-1712,CH-7,Blue Sun lead7,lead1711@prospect.com,2025-04-25,cold
LD-1713,CH-3,Vandelay lead8,LEAD1712@PROSPECT.COM,2026-05-10,warm
LD-1714,CH-2,WAYNE ENTERPRISES LEAD9,lead1713@sales.net,2025-01-13,warm
LD-1715,CH-7,  Aperture lead10  ,  lead1714@sales.net  ,2026-07-16,hot
LD-1716,CH-1,Wayne Enterprises lead11,lead1715@prospect.com,06-03-2025,hot
LD-1717,CH-2,  Black Mesa lead12  ,lead1716@sales.net,2025-03-28,warm
LD-1718,CH-8,vandelay lead13,lead1717@sales.net,2026-09-03,hot
LD-1719,CH-4,INITECH LEAD14,  lead1718@prospect.com  ,2026-04-01,hot
LD-1720,CH-3,WONKA LEAD15,lead1719@leads.io,2025-02-17,hot
LD-1721,CH-1,APERTURE LEAD16,lead1720@leads.io,05-06-2025,hot
LD-1722,CH-6,LexCorp lead17,lead1721@prospect.com,01/07/2026,hot
LD-1723,CH-4,Wonka lead18,lead1722@leads.io,2025-05-05,HOT
LD-1724,CH-4,  Acme Corp lead19  ,LEAD1723@LEADS.IO,2025-03-27,hot
LD-1725,CH-1,ACME CORP LEAD20,lead1724@prospect.com,26-10-2025,HOT
LD-1726,CH-4,INITECH LEAD21,lead1725@leads.io,05-01-2025,hot
LD-1727,CH-8,ACME CORP LEAD22,lead1726@prospect.com,04-02-2025,warm
LD-1728,CH-5,  Stark Industries lead23  ,LEAD1727@LEADS.IO,2026-10-26,cold
LD-1729,CH-5,BLACK MESA LEAD24,  lead1728@prospect.com  ,05/07/2026,cold
LD-1730,CH-7,Stark Industries lead25,LEAD1729@LEADS.IO,01/10/2026,hot
LD-1731,CH-2,HOOLI LEAD26,lead1730@sales.net,2026-11-19,HOT
LD-1732,CH-1,Aperture lead27,lead1731@sales.net,23-04-2025,HOT
LD-1733,CH-1,Massive Dynamic lead28,LEAD1732@PROSPECT.COM,2026-11-17,HOT
LD-1734,CH-7,Globex lead29,lead1733@leads.io,2025-08-18,warm
LD-1735,CH-6,Tyrell Corp lead30,lead1734@prospect.com,22-03-2026,warm
LD-1736,CH-7,Aperture lead31,lead1735@sales.net,11/18/2026,cold
LD-1737,CH-4,  Umbrella Co lead32  ,  lead1736@sales.net  ,2026-11-03,HOT
LD-1738,CH-6,Hooli lead33,LEAD1737@SALES.NET,12/14/2026,HOT
LD-1739,CH-6,  Black Mesa lead34  ,  lead1738@leads.io  ,12-10-2025,hot
LD-1740,CH-3,Umbrella Co lead35,  lead1739@leads.io  ,2026-12-24,warm
LD-1741,CH-7,oscorp lead36,lead1740@prospect.com,2026-11-26,HOT
LD-1742,CH-7,Stark Industries lead37,lead1741@prospect.com,12/13/2026,HOT
LD-1743,CH-2,Acme Corp lead38,lead1742@leads.io,14-03-2026,cold
LD-1744,CH-6,stark industries lead39,lead1743@leads.io,04/23/2026,warm
LD-1745,CH-7,dunder mifflin lead40,lead1744@leads.io,2026-07-16,warm
LD-1746,CH-5,DUNDER MIFFLIN LEAD41,lead1745@prospect.com,2026-01-17,hot
LD-1747,CH-3,Dunder Mifflin lead42,lead1746@sales.net,2025-09-26,warm
LD-1748,CH-2,UMBRELLA CO LEAD43,lead1747@prospect.com,16-06-2025,hot
LD-1749,CH-6,Dunder Mifflin lead44,lead1748@leads.io,11/18/2025,warm
LD-1750,CH-2,Tyrell Corp lead45,  lead1749@leads.io  ,2025-04-15,HOT
LD-1751,CH-6,  Vandelay lead46  ,lead1750@sales.net,12/13/2026,hot
LD-1752,CH-4,Initech lead47,lead1751@prospect.com,10/12/2026,hot
LD-1753,CH-1,Umbrella Co lead48,lead1752@sales.net,2026-02-28,hot
LD-1754,CH-2,MASSIVE DYNAMIC LEAD49,  lead1753@leads.io  ,10/17/2026,hot
LD-1755,CH-8,BLUE SUN LEAD50,lead1754@leads.io,22-02-2025,cold
LD-1756,CH-7,Dunder Mifflin lead51,LEAD1755@SALES.NET,06/06/2026,HOT
LD-1757,CH-1,Umbrella Co lead52,  lead1756@leads.io  ,06/04/2026,cold
LD-1758,CH-3,  Weyland-Yutani lead53  ,LEAD1757@LEADS.IO,10-04-2026,hot
LD-1759,CH-6,Umbrella Co lead54,lead1758@sales.net,28-12-2025,cold
LD-1760,CH-2,Pied Piper lead55,LEAD1759@SALES.NET,2025-06-24,HOT
LD-1761,CH-8,Black Mesa lead56,lead1760@leads.io,09-08-2026,cold
LD-1762,CH-6,  Dunder Mifflin lead57  ,lead1761@sales.net,2026-12-09,cold
LD-1763,CH-3,Pied Piper lead58,LEAD1762@PROSPECT.COM,10/03/2026,cold
LD-1764,CH-4,Hooli lead59,lead1763@prospect.com,2026-07-18,cold
LD-1765,CH-4,BLUE SUN LEAD60,LEAD1764@SALES.NET,12-05-2026,hot
LD-1766,CH-6,Wayne Enterprises lead61,lead1765@prospect.com,2025-06-06,warm
LD-1767,CH-6,DUNDER MIFFLIN LEAD62,  lead1766@sales.net  ,2026-12-21,cold
LD-1768,CH-1,Dunder Mifflin lead63,lead1767@prospect.com,2025-07-12,warm
LD-1769,CH-8,VANDELAY LEAD64,lead1768@sales.net,2025-07-11,warm
LD-1770,CH-6,Pied Piper lead65,  lead1769@sales.net  ,02/17/2026,HOT
LD-1771,CH-1,blue sun lead66,  lead1770@leads.io  ,10/12/2025,cold
LD-1772,CH-4,Massive Dynamic lead67,lead1771@prospect.com,2025-11-19,hot
LD-1773,CH-3,Massive Dynamic lead68,  lead1772@leads.io  ,05/01/2025,warm
LD-1774,CH-1,  LexCorp lead69  ,lead1773@leads.io,01/01/2026,cold
LD-1775,CH-2,  Aperture lead70  ,LEAD1774@PROSPECT.COM,01/28/2026,warm
LD-1776,CH-8,massive dynamic lead0,lead1775@leads.io,03/27/2025,warm
LD-1777,CH-1,Hooli lead1,lead1776@prospect.com,2025-05-02,warm
LD-1778,CH-7,Hooli lead2,lead1777@prospect.com,13-09-2026,hot
LD-1779,CH-1,Initech lead3,lead1778@prospect.com,2026-05-13,hot
LD-1780,CH-3,Vandelay lead4,lead1779@leads.io,12/20/2025,HOT
LD-1781,CH-2,  Black Mesa lead5  ,lead1780@sales.net,2025-10-06,warm
LD-1782,CH-4,Pied Piper lead6,  lead1781@sales.net  ,2025-06-23,warm
LD-1783,CH-7,Umbrella Co lead7,lead1782@sales.net,2025-07-21,cold
LD-1784,CH-2,OSCORP LEAD8,  lead1783@leads.io  ,2025-03-24,cold
LD-1785,CH-8,Dunder Mifflin lead9,lead1784@prospect.com,09/17/2026,hot
LD-1786,CH-2,Acme Corp lead10,  lead1785@sales.net  ,02/08/2025,cold
LD-1787,CH-7,Aperture lead11,LEAD1786@LEADS.IO,2026-12-16,hot
LD-1788,CH-3,Dunder Mifflin lead12,lead1787@sales.net,07-06-2026,cold
LD-1789,CH-6,pied piper lead13,LEAD1788@PROSPECT.COM,2026-08-10,warm
LD-1790,CH-4,TYRELL CORP LEAD14,lead1789@prospect.com,2026-09-16,warm
LD-1791,CH-4,wayne enterprises lead15,LEAD1790@SALES.NET,15-12-2025,warm
LD-1792,CH-4,Pied Piper lead16,lead1791@sales.net,06/05/2025,cold
LD-1793,CH-2,  Vandelay lead17  ,lead1792@sales.net,2026-04-09,cold
LD-1794,CH-5,Hooli lead18,LEAD1793@SALES.NET,2025-04-08,cold
LD-1795,CH-5,aperture lead19,lead1794@sales.net,11/20/2026,hot
LD-1796,CH-6,  Black Mesa lead20  ,lead1795@leads.io,24-02-2026,warm
LD-1797,CH-8,Globex lead21,lead1796@leads.io,02/17/2026,HOT
LD-1798,CH-3,Weyland-Yutani lead22,lead1797@leads.io,12/03/2025,warm
LD-1799,CH-5,LexCorp lead23,  lead1798@sales.net  ,11/26/2026,cold
LD-1800,CH-8,APERTURE LEAD24,lead1799@sales.net,09/28/2026,cold
LD-1801,CH-1,WAYNE ENTERPRISES LEAD25,lead1800@leads.io,02/12/2025,hot
LD-1802,CH-6,Globex lead26,LEAD1801@LEADS.IO,2025-10-20,HOT
LD-1803,CH-8,ACME CORP LEAD27,lead1802@sales.net,08/02/2026,hot
LD-1804,CH-2,massive dynamic lead28,lead1803@leads.io,04-01-2025,HOT
LD-1805,CH-8,Wayne Enterprises lead29,lead1804@sales.net,25-04-2025,HOT
LD-1806,CH-5,Massive Dynamic lead30,lead1805@prospect.com,2026-12-01,cold
LD-1807,CH-6,tyrell corp lead31,LEAD1806@SALES.NET,2026-09-22,HOT
LD-1808,CH-8,lexcorp lead32,lead1807@sales.net,16-12-2026,hot
LD-1809,CH-5,Weyland-Yutani lead33,lead1808@leads.io,2025-02-01,hot
LD-1810,CH-8,Stark Industries lead34,lead1809@leads.io,2026-09-04,HOT
LD-1811,CH-7,GLOBEX LEAD35,  lead1810@prospect.com  ,06/17/2026,cold
LD-1812,CH-6,Tyrell Corp lead36,LEAD1811@PROSPECT.COM,2026-06-14,cold
LD-1813,CH-7,Wonka lead37,LEAD1812@SALES.NET,24-11-2026,warm
LD-1814,CH-6,STARK INDUSTRIES LEAD38,  lead1813@sales.net  ,07/20/2026,warm
LD-1815,CH-8,  Massive Dynamic lead39  ,lead1814@sales.net,07/28/2026,HOT
LD-1816,CH-3,APERTURE LEAD40,  lead1815@sales.net  ,07/12/2025,cold
LD-1817,CH-3,Weyland-Yutani lead41,LEAD1816@LEADS.IO,2026-08-22,hot
LD-1818,CH-2,LEXCORP LEAD42,lead1817@leads.io,03/17/2026,cold
LD-1819,CH-3,WAYNE ENTERPRISES LEAD43,lead1818@sales.net,2026-11-11,HOT
LD-1820,CH-5,Cyberdyne lead44,  lead1819@sales.net  ,2025-10-27,hot
LD-1821,CH-5,OSCORP LEAD45,lead1820@prospect.com,2025-01-12,warm
LD-1822,CH-2,vandelay lead46,lead1821@prospect.com,2025-10-21,cold
LD-1823,CH-2,Pied Piper lead47,  lead1822@sales.net  ,04-07-2026,warm
LD-1824,CH-5,Globex lead48,LEAD1823@PROSPECT.COM,10/27/2026,warm
LD-1825,CH-6,MASSIVE DYNAMIC LEAD49,LEAD1824@LEADS.IO,2026-01-03,warm
LD-1826,CH-4,  LexCorp lead50  ,lead1825@prospect.com,2026-04-24,warm
LD-1827,CH-4,Acme Corp lead51,lead1826@leads.io,2026-01-28,HOT
LD-1828,CH-6,Dunder Mifflin lead52,lead1827@prospect.com,2025-07-07,cold
LD-1829,CH-5,  Umbrella Co lead53  ,lead1828@prospect.com,01/20/2026,cold
LD-1830,CH-1,LexCorp lead54,LEAD1829@LEADS.IO,2025-03-21,hot
LD-1831,CH-2,  Vandelay lead55  ,lead1830@leads.io,2026-12-24,cold
LD-1832,CH-7,Vandelay lead56,lead1831@prospect.com,2025-08-21,warm
LD-1833,CH-5,Umbrella Co lead57,lead1832@prospect.com,2026-12-02,hot
LD-1834,CH-8,Wayne Enterprises lead58,lead1833@sales.net,05/26/2026,warm
LD-1835,CH-7,Blue Sun lead59,  lead1834@leads.io  ,2026-07-18,warm
LD-1836,CH-2,Oscorp lead60,LEAD1835@SALES.NET,2026-08-17,cold
LD-1837,CH-3,WAYNE ENTERPRISES LEAD61,LEAD1836@SALES.NET,2026-08-25,cold
LD-1838,CH-1,GLOBEX LEAD62,  lead1837@prospect.com  ,2025-08-17,cold
LD-1839,CH-5,Dunder Mifflin lead63,  lead1838@prospect.com  ,2025-12-14,HOT
LD-1840,CH-2,  Blue Sun lead64  ,LEAD1839@LEADS.IO,01/15/2026,hot
LD-1841,CH-2,Stark Industries lead65,lead1840@leads.io,2025-05-06,warm
LD-1842,CH-5,INITECH LEAD66,lead1841@sales.net,2026-04-19,hot
LD-1843,CH-3,Weyland-Yutani lead67,lead1842@sales.net,04/26/2026,warm
LD-1844,CH-5,  Stark Industries lead68  ,lead1843@sales.net,09/22/2026,HOT
LD-1845,CH-2,  Initech lead69  ,lead1844@prospect.com,2026-11-04,HOT
LD-1846,CH-5,  Umbrella Co lead70  ,LEAD1845@PROSPECT.COM,01/07/2026,HOT
LD-1847,CH-7,  LexCorp lead0  ,lead1846@sales.net,2026-01-21,warm
LD-1848,CH-2,CYBERDYNE LEAD1,lead1847@sales.net,03/02/2025,hot
LD-1849,CH-4,HOOLI LEAD2,lead1848@sales.net,2025-01-02,hot
LD-1850,CH-2,  Stark Industries lead3  ,lead1849@prospect.com,25-04-2025,hot
LD-1851,CH-4,Initech lead4,  lead1850@prospect.com  ,2026-05-15,HOT
LD-1852,CH-2,  Umbrella Co lead5  ,lead1851@sales.net,01-08-2025,hot
LD-1853,CH-3,Pied Piper lead6,lead1852@prospect.com,11-05-2026,cold
LD-1854,CH-6,Wayne Enterprises lead7,  lead1853@leads.io  ,07/13/2025,hot
LD-1855,CH-7,VANDELAY LEAD8,lead1854@prospect.com,2025-01-16,HOT
LD-1856,CH-7,Tyrell Corp lead9,lead1855@sales.net,04/23/2025,hot
LD-1857,CH-2,Cyberdyne lead10,lead1856@leads.io,2025-10-25,cold
LD-1858,CH-3,globex lead11,lead1857@leads.io,01/17/2026,cold
LD-1859,CH-6,CYBERDYNE LEAD12,  lead1858@prospect.com  ,2025-03-06,HOT
LD-1860,CH-3,WEYLAND-YUTANI LEAD13,LEAD1859@PROSPECT.COM,20-01-2026,HOT
LD-1861,CH-4,Aperture lead14,lead1860@prospect.com,2025-01-21,hot
LD-1862,CH-8,  Pied Piper lead15  ,lead1861@prospect.com,13-01-2025,HOT
LD-1863,CH-7,Umbrella Co lead16,  lead1862@sales.net  ,09/10/2025,HOT
LD-1864,CH-8,  Aperture lead17  ,LEAD1863@PROSPECT.COM,06/25/2025,warm
LD-1865,CH-6,weyland-yutani lead18,  lead1864@leads.io  ,2026-10-19,HOT
LD-1866,CH-1,TYRELL CORP LEAD19,lead1865@prospect.com,26-05-2026,hot
LD-1867,CH-8,WAYNE ENTERPRISES LEAD20,lead1866@leads.io,08/03/2025,HOT
LD-1868,CH-3,pied piper lead21,lead1867@sales.net,01-09-2026,hot
LD-1869,CH-3,APERTURE LEAD22,LEAD1868@SALES.NET,02-11-2026,HOT
LD-1870,CH-7,  Pied Piper lead23  ,lead1869@sales.net,2026-07-04,hot
LD-1871,CH-4,BLACK MESA LEAD24,LEAD1870@LEADS.IO,12/21/2026,warm
LD-1872,CH-8,Globex lead25,lead1871@sales.net,18-02-2025,HOT
LD-1873,CH-8,  Massive Dynamic lead26  ,  lead1872@prospect.com  ,2026-03-05,cold
LD-1874,CH-5,Blue Sun lead27,  lead1873@sales.net  ,09-09-2025,cold
LD-1875,CH-1,Dunder Mifflin lead28,lead1874@leads.io,03/15/2026,warm
LD-1876,CH-2,APERTURE LEAD29,lead1875@prospect.com,2025-11-19,cold
LD-1877,CH-2,Massive Dynamic lead30,LEAD1876@LEADS.IO,14-01-2026,cold
LD-1878,CH-4,Vandelay lead31,lead1877@prospect.com,2026-01-17,hot
LD-1879,CH-6,Acme Corp lead32,  lead1878@sales.net  ,2026-04-10,hot
LD-1880,CH-1,Wonka lead33,LEAD1879@LEADS.IO,2025-04-23,hot
LD-1881,CH-3,Massive Dynamic lead34,  lead1880@prospect.com  ,17-07-2026,hot
LD-1882,CH-1,Oscorp lead35,LEAD1881@SALES.NET,18-11-2025,warm
LD-1883,CH-8,  Dunder Mifflin lead36  ,  lead1882@sales.net  ,20-02-2026,cold
LD-1884,CH-5,WEYLAND-YUTANI LEAD37,lead1883@prospect.com,2026-04-20,cold
LD-1885,CH-3,  Stark Industries lead38  ,lead1884@leads.io,2026-10-01,cold
LD-1886,CH-8,Oscorp lead39,LEAD1885@PROSPECT.COM,2025-04-07,HOT
LD-1887,CH-8,Tyrell Corp lead40,lead1886@leads.io,2026-10-24,HOT
LD-1888,CH-6,Acme Corp lead41,lead1887@leads.io,2025-04-26,HOT
LD-1889,CH-5,Cyberdyne lead42,lead1888@leads.io,09/26/2026,HOT
LD-1890,CH-5,globex lead43,lead1889@sales.net,2025-08-14,HOT
LD-1891,CH-2,Vandelay lead44,lead1890@sales.net,2025-03-21,hot
LD-1892,CH-4,umbrella co lead45,  lead1891@leads.io  ,08-03-2025,HOT
LD-1893,CH-3,Aperture lead46,lead1892@leads.io,11-03-2025,hot
LD-1894,CH-5,  Hooli lead47  ,  lead1893@sales.net  ,03-10-2025,HOT
LD-1895,CH-2,DUNDER MIFFLIN LEAD48,  lead1894@prospect.com  ,2026-09-23,warm
LD-1896,CH-8,vandelay lead49,  lead1895@leads.io  ,2026-05-01,HOT
LD-1897,CH-3,  Acme Corp lead50  ,LEAD1896@LEADS.IO,11-02-2025,HOT
LD-1898,CH-4,Initech lead51,lead1897@sales.net,2025-01-23,cold
LD-1899,CH-4,  Blue Sun lead52  ,LEAD1898@PROSPECT.COM,2025-08-23,HOT
LD-1900,CH-4,Acme Corp lead53,lead1899@prospect.com,01/26/2026,hot
LD-1901,CH-7,Acme Corp lead54,  lead1900@sales.net  ,2025-11-15,hot
LD-1902,CH-7,STARK INDUSTRIES LEAD55,lead1901@leads.io,2025-10-15,HOT
LD-1903,CH-4,vandelay lead56,lead1902@leads.io,2026-08-20,cold
LD-1904,CH-7,Oscorp lead57,LEAD1903@LEADS.IO,2025-07-24,cold
LD-1905,CH-6,Umbrella Co lead58,  lead1904@sales.net  ,11/12/2025,cold
LD-1906,CH-3,Black Mesa lead59,lead1905@prospect.com,2025-04-17,hot
LD-1907,CH-2,  Blue Sun lead60  ,  lead1906@sales.net  ,2025-01-17,warm
LD-1908,CH-2,Cyberdyne lead61,LEAD1907@PROSPECT.COM,08/11/2026,cold
LD-1909,CH-6,Globex lead62,LEAD1908@PROSPECT.COM,2026-09-26,hot
LD-1910,CH-6,massive dynamic lead63,lead1909@leads.io,04/18/2025,HOT
LD-1911,CH-8,Stark Industries lead64,  lead1910@leads.io  ,2026-12-28,HOT
LD-1912,CH-5,Pied Piper lead65,lead1911@sales.net,25-01-2026,cold
LD-1913,CH-4,LEXCORP LEAD66,lead1912@sales.net,2026-09-25,warm
LD-1914,CH-7,WAYNE ENTERPRISES LEAD67,LEAD1913@SALES.NET,10/01/2026,hot
LD-1915,CH-6,tyrell corp lead68,lead1914@leads.io,05/04/2025,cold
LD-1916,CH-1,Black Mesa lead69,lead1915@sales.net,2025-11-24,warm
LD-1917,CH-8,LexCorp lead70,lead1916@prospect.com,2026-07-23,hot
LD-1918,CH-6,BLUE SUN LEAD0,lead1917@prospect.com,2026-02-05,hot
LD-1919,CH-6,Initech lead1,lead1918@sales.net,2025-09-14,warm
LD-1920,CH-1,initech lead2,lead1919@leads.io,2026-07-01,warm
LD-1921,CH-5,Cyberdyne lead3,lead1920@sales.net,23-04-2026,warm
LD-1922,CH-1,  Cyberdyne lead4  ,LEAD1921@SALES.NET,10-12-2025,cold
LD-1923,CH-3,BLUE SUN LEAD5,lead1922@leads.io,2026-07-03,warm
LD-1924,CH-7,APERTURE LEAD6,lead1923@prospect.com,12/05/2026,cold
LD-1925,CH-4,LexCorp lead7,LEAD1924@LEADS.IO,2025-09-07,hot
LD-1926,CH-5,HOOLI LEAD8,lead1925@prospect.com,11/11/2026,HOT
LD-1927,CH-6,STARK INDUSTRIES LEAD9,lead1926@leads.io,2026-04-28,warm
LD-1928,CH-8,  Blue Sun lead10  ,  lead1927@leads.io  ,01-01-2025,cold
LD-1929,CH-6,Globex lead11,  lead1928@leads.io  ,2026-10-10,warm
LD-1930,CH-4,wonka lead12,lead1929@leads.io,11/27/2025,hot
LD-1931,CH-7,acme corp lead13,lead1930@prospect.com,02-08-2026,cold
LD-1932,CH-5,Weyland-Yutani lead14,lead1931@leads.io,17-04-2025,hot
LD-1933,CH-3,ACME CORP LEAD15,lead1932@leads.io,02/03/2025,cold
LD-1934,CH-6,BLACK MESA LEAD16,lead1933@sales.net,17-09-2025,warm
LD-1935,CH-6,  Black Mesa lead17  ,lead1934@leads.io,2025-08-05,cold
LD-1936,CH-6,  Initech lead18  ,  lead1935@sales.net  ,2026-06-22,cold
LD-1937,CH-1,lexcorp lead19,lead1936@prospect.com,12/14/2026,warm
LD-1938,CH-1,massive dynamic lead20,lead1937@prospect.com,2026-02-11,cold
LD-1939,CH-8,Stark Industries lead21,LEAD1938@PROSPECT.COM,28-08-2026,hot
LD-1940,CH-2,Cyberdyne lead22,lead1939@leads.io,01/07/2026,hot
LD-1941,CH-5,Blue Sun lead23,lead1940@prospect.com,2026-12-09,HOT
LD-1942,CH-7,Oscorp lead24,lead1941@leads.io,08/05/2025,hot
LD-1943,CH-3,TYRELL CORP LEAD25,lead1942@leads.io,2026-11-24,HOT
LD-1944,CH-3,WAYNE ENTERPRISES LEAD26,lead1943@sales.net,12/07/2026,hot
LD-1945,CH-5,GLOBEX LEAD27,LEAD1944@PROSPECT.COM,08/11/2026,cold
LD-1946,CH-8,Aperture lead28,lead1945@prospect.com,05/14/2026,warm
LD-1947,CH-6,  Weyland-Yutani lead29  ,LEAD1946@LEADS.IO,2026-12-03,hot
LD-1948,CH-1,Umbrella Co lead30,lead1947@leads.io,28-03-2026,hot
LD-1949,CH-3,Aperture lead31,lead1948@sales.net,2025-06-27,cold
LD-1950,CH-8,  Massive Dynamic lead32  ,lead1949@prospect.com,01/18/2026,cold
LD-1951,CH-8,BLUE SUN LEAD33,LEAD1950@PROSPECT.COM,2026-04-16,hot
LD-1952,CH-3,Dunder Mifflin lead34,lead1951@leads.io,2026-05-09,cold
LD-1953,CH-7,  Initech lead35  ,lead1952@sales.net,2025-05-06,HOT
LD-1954,CH-2,stark industries lead36,lead1953@leads.io,2025-01-27,hot
LD-1955,CH-5,Wayne Enterprises lead37,  lead1954@sales.net  ,02/25/2026,warm
LD-1956,CH-7,Dunder Mifflin lead38,lead1955@prospect.com,2025-11-11,HOT
LD-1957,CH-1,INITECH LEAD39,lead1956@leads.io,03/27/2025,warm
LD-1958,CH-4,BLACK MESA LEAD40,lead1957@sales.net,24-12-2025,cold
LD-1959,CH-5,Pied Piper lead41,lead1958@leads.io,2026-02-07,HOT
LD-1960,CH-6,MASSIVE DYNAMIC LEAD42,LEAD1959@PROSPECT.COM,01-03-2025,hot
LD-1961,CH-2,BLUE SUN LEAD43,lead1960@prospect.com,13-02-2025,cold
LD-1962,CH-7,WONKA LEAD44,lead1961@sales.net,12/20/2025,hot
LD-1963,CH-2,Massive Dynamic lead45,lead1962@prospect.com,2025-02-10,warm
LD-1964,CH-3,Stark Industries lead46,  lead1963@prospect.com  ,2026-04-23,warm
LD-1965,CH-1,Wayne Enterprises lead47,lead1964@sales.net,2026-06-09,cold
LD-1966,CH-7,VANDELAY LEAD48,lead1965@sales.net,2026-10-26,cold
LD-1967,CH-1,Tyrell Corp lead49,lead1966@leads.io,06/13/2026,cold
LD-1968,CH-1,weyland-yutani lead50,  lead1967@prospect.com  ,19-05-2025,HOT
LD-1969,CH-4,dunder mifflin lead51,  lead1968@leads.io  ,07/02/2025,cold
LD-1970,CH-2,  Hooli lead52  ,lead1969@sales.net,2025-10-13,warm
LD-1971,CH-4,massive dynamic lead53,lead1970@sales.net,2026-02-08,HOT
LD-1972,CH-7,STARK INDUSTRIES LEAD54,  lead1971@leads.io  ,2025-09-10,warm
LD-1973,CH-8,WAYNE ENTERPRISES LEAD55,lead1972@leads.io,04/21/2026,hot
LD-1974,CH-6,Wayne Enterprises lead56,LEAD1973@PROSPECT.COM,2025-08-10,hot
LD-1975,CH-8,Wayne Enterprises lead57,lead1974@leads.io,2025-02-08,HOT
LD-1976,CH-5,Pied Piper lead58,  lead1975@leads.io  ,2025-01-13,cold
LD-1977,CH-4,aperture lead59,lead1976@leads.io,05/22/2026,hot
LD-1978,CH-4,BLUE SUN LEAD60,  lead1977@leads.io  ,10/24/2026,hot
LD-1979,CH-2,Wonka lead61,lead1978@leads.io,25-06-2026,hot
LD-1980,CH-3,Weyland-Yutani lead62,lead1979@leads.io,2026-09-20,warm
LD-1981,CH-6,WAYNE ENTERPRISES LEAD63,lead1980@sales.net,2025-12-22,cold
LD-1982,CH-1,  Black Mesa lead64  ,lead1981@sales.net,08/16/2026,hot
LD-1983,CH-1,Massive Dynamic lead65,lead1982@leads.io,2026-11-02,warm
LD-1984,CH-2,WAYNE ENTERPRISES LEAD66,LEAD1983@LEADS.IO,17-05-2025,cold
LD-1985,CH-1,acme corp lead67,  lead1984@prospect.com  ,07/13/2025,hot
LD-1986,CH-8,Aperture lead68,lead1985@prospect.com,13-08-2025,cold
LD-1987,CH-2,WONKA LEAD69,lead1986@sales.net,2026-12-01,cold
LD-1988,CH-1,Black Mesa lead70,lead1987@leads.io,2025-01-28,HOT
LD-1989,CH-5,Hooli lead0,  lead1988@leads.io  ,2026-05-17,warm
LD-1990,CH-1,WEYLAND-YUTANI LEAD1,lead1989@prospect.com,2025-08-22,cold
LD-1991,CH-2,Vandelay lead2,  lead1990@leads.io  ,2025-12-22,cold
LD-1992,CH-6,tyrell corp lead3,LEAD1991@PROSPECT.COM,09/27/2025,HOT
LD-1993,CH-1,Wayne Enterprises lead4,LEAD1992@LEADS.IO,2025-02-28,warm
LD-1994,CH-2,  Blue Sun lead5  ,lead1993@leads.io,26-05-2026,warm
LD-1995,CH-5,Hooli lead6,  lead1994@leads.io  ,08/05/2026,hot
LD-1996,CH-5,  Black Mesa lead7  ,LEAD1995@SALES.NET,2025-01-10,HOT
LD-1997,CH-4,Acme Corp lead8,lead1996@sales.net,12/14/2026,HOT
LD-1998,CH-2,  Pied Piper lead9  ,lead1997@sales.net,01-11-2025,warm
LD-1999,CH-8,GLOBEX LEAD10,lead1998@prospect.com,2026-06-27,cold
LD-2000,CH-3,  Aperture lead11  ,lead1999@sales.net,2026-05-27,cold
LD-2001,CH-6,Wonka lead12,LEAD2000@LEADS.IO,10/27/2026,warm
LD-2002,CH-7,Weyland-Yutani lead13,  lead2001@leads.io  ,23-12-2026,hot
LD-2003,CH-7,Vandelay lead14,LEAD2002@PROSPECT.COM,2025-04-08,hot
LD-2004,CH-8,Weyland-Yutani lead15,lead2003@leads.io,2025-11-26,HOT
LD-2005,CH-1,WEYLAND-YUTANI LEAD16,  lead2004@prospect.com  ,12-02-2026,cold
LD-2006,CH-5,Oscorp lead17,lead2005@sales.net,2026-04-07,hot
LD-2007,CH-6,Massive Dynamic lead18,LEAD2006@PROSPECT.COM,2025-06-21,hot
LD-2008,CH-6,Aperture lead19,lead2007@sales.net,01/14/2026,HOT
LD-2009,CH-3,Acme Corp lead20,lead2008@leads.io,2026-10-01,HOT
LD-2010,CH-7,DUNDER MIFFLIN LEAD21,  lead2009@leads.io  ,19-12-2026,HOT
LD-2011,CH-7,  Stark Industries lead22  ,LEAD2010@PROSPECT.COM,07/01/2026,cold
LD-2012,CH-8,Black Mesa lead23,lead2011@prospect.com,17-06-2025,hot
LD-2013,CH-1,  Tyrell Corp lead24  ,lead2012@sales.net,2026-07-14,HOT
LD-2014,CH-2,  Wayne Enterprises lead25  ,lead2013@sales.net,2025-12-19,warm
LD-2015,CH-3,Black Mesa lead26,lead2014@prospect.com,2025-03-19,hot
LD-2016,CH-8,Acme Corp lead27,LEAD2015@SALES.NET,04/25/2026,hot
LD-2017,CH-3,  Oscorp lead28  ,lead2016@sales.net,04/11/2026,cold
LD-2018,CH-5,Tyrell Corp lead29,lead2017@leads.io,2025-07-27,cold
LD-2019,CH-5,Acme Corp lead30,  lead2018@sales.net  ,09-04-2026,cold
LD-2020,CH-1,INITECH LEAD31,lead2019@prospect.com,2025-02-18,hot
LD-2021,CH-4,Wayne Enterprises lead32,lead2020@sales.net,08/23/2025,cold
LD-2022,CH-2,Weyland-Yutani lead33,LEAD2021@PROSPECT.COM,2025-02-11,HOT
LD-2023,CH-8,Black Mesa lead34,lead2022@sales.net,2026-05-08,cold
LD-2024,CH-5,Blue Sun lead35,lead2023@sales.net,08-11-2025,cold
LD-2025,CH-1,DUNDER MIFFLIN LEAD36,lead2024@leads.io,2026-10-01,hot
LD-2026,CH-4,  Massive Dynamic lead37  ,  lead2025@sales.net  ,2025-07-20,cold
LD-2027,CH-5,LEXCORP LEAD38,  lead2026@sales.net  ,09/04/2025,cold
LD-2028,CH-4,dunder mifflin lead39,LEAD2027@PROSPECT.COM,2026-04-04,HOT
LD-2029,CH-6,INITECH LEAD40,lead2028@sales.net,2025-08-20,warm
LD-2030,CH-1,Tyrell Corp lead41,lead2029@leads.io,2025-03-19,HOT
LD-2031,CH-4,Acme Corp lead42,lead2030@leads.io,08/11/2025,cold
LD-2032,CH-8,  Weyland-Yutani lead43  ,lead2031@prospect.com,08/03/2026,warm
LD-2033,CH-6,dunder mifflin lead44,lead2032@sales.net,05/21/2026,HOT
LD-2034,CH-3,BLACK MESA LEAD45,lead2033@sales.net,25-02-2026,warm
LD-2035,CH-5,aperture lead46,  lead2034@sales.net  ,2026-08-20,warm
LD-2036,CH-5,  Dunder Mifflin lead47  ,lead2035@sales.net,01/16/2026,hot
LD-2037,CH-6,  Massive Dynamic lead48  ,  lead2036@prospect.com  ,2026-09-06,warm
LD-2038,CH-5,LexCorp lead49,lead2037@sales.net,10/18/2026,HOT
LD-2039,CH-4,  Acme Corp lead50  ,lead2038@sales.net,04/10/2025,warm
LD-2040,CH-2,WONKA LEAD51,lead2039@prospect.com,2025-05-26,hot
LD-2041,CH-6,  Hooli lead52  ,LEAD2040@PROSPECT.COM,2026-08-19,HOT
LD-2042,CH-5,  Oscorp lead53  ,lead2041@leads.io,07-11-2025,HOT
LD-2043,CH-4,Massive Dynamic lead54,lead2042@leads.io,08/24/2026,HOT
LD-2044,CH-2,TYRELL CORP LEAD55,lead2043@sales.net,2026-11-18,cold
LD-2045,CH-5,Acme Corp lead56,lead2044@leads.io,04/14/2025,warm
LD-2046,CH-6,dunder mifflin lead57,lead2045@leads.io,08/20/2025,hot
LD-2047,CH-4,Cyberdyne lead58,  lead2046@leads.io  ,22-09-2025,hot
LD-2048,CH-4,Vandelay lead59,  lead2047@sales.net  ,2025-02-23,HOT
LD-2049,CH-2,OSCORP LEAD60,lead2048@prospect.com,2025-06-05,hot
LD-2050,CH-3,pied piper lead61,lead2049@leads.io,12/14/2026,hot
LD-2051,CH-1,Oscorp lead62,lead2050@leads.io,2025-05-27,hot
LD-2052,CH-4,Umbrella Co lead63,lead2051@prospect.com,2026-04-10,HOT
LD-2053,CH-6,Dunder Mifflin lead64,  lead2052@prospect.com  ,11-08-2025,cold
LD-2054,CH-2,DUNDER MIFFLIN LEAD65,lead2053@leads.io,2025-07-20,HOT
LD-2055,CH-1,Black Mesa lead66,lead2054@sales.net,2025-08-13,HOT
LD-2056,CH-2,Aperture lead67,lead2055@prospect.com,2026-01-03,hot
LD-2057,CH-6,BLUE SUN LEAD68,lead2056@leads.io,11/14/2026,cold
LD-2058,CH-7,Wonka lead69,lead2057@sales.net,2025-08-07,HOT
LD-2059,CH-1,  Blue Sun lead70  ,LEAD2058@PROSPECT.COM,2025-09-12,warm
LD-2060,CH-4,Wonka lead0,lead2059@leads.io,2026-05-02,HOT
LD-2061,CH-6,Aperture lead1,LEAD2060@SALES.NET,05/17/2026,HOT
LD-2062,CH-1,Oscorp lead2,lead2061@sales.net,2026-03-13,hot
LD-2063,CH-1,LexCorp lead3,  lead2062@leads.io  ,10/07/2025,HOT
LD-2064,CH-2,Tyrell Corp lead4,LEAD2063@SALES.NET,04-08-2026,hot
LD-2065,CH-8,  Initech lead5  ,lead2064@leads.io,2025-04-05,HOT
LD-2066,CH-6,Aperture lead6,lead2065@leads.io,03/08/2026,warm
LD-2067,CH-3,Massive Dynamic lead7,lead2066@sales.net,07-09-2025,hot
LD-2068,CH-2,wonka lead8,LEAD2067@SALES.NET,2026-03-06,cold
LD-2069,CH-5,Oscorp lead9,  lead2068@leads.io  ,2026-08-27,cold
LD-2070,CH-2,Oscorp lead10,lead2069@leads.io,2025-02-17,hot
LD-2071,CH-6,  Hooli lead11  ,  lead2070@prospect.com  ,04-12-2026,HOT
LD-2072,CH-3,Vandelay lead12,lead2071@prospect.com,26-10-2025,HOT
LD-2073,CH-8,Massive Dynamic lead13,lead2072@prospect.com,18-01-2025,HOT
LD-2074,CH-7,MASSIVE DYNAMIC LEAD14,lead2073@leads.io,2026-02-14,warm
LD-2075,CH-7,LexCorp lead15,lead2074@prospect.com,2025-10-21,cold
LD-2076,CH-2,Tyrell Corp lead16,lead2075@prospect.com,24-09-2025,HOT
LD-2077,CH-2,Dunder Mifflin lead17,  lead2076@sales.net  ,20-10-2026,hot
LD-2078,CH-3,Oscorp lead18,lead2077@prospect.com,09-11-2025,cold
LD-2079,CH-1,Dunder Mifflin lead19,  lead2078@sales.net  ,01/05/2026,HOT
LD-2080,CH-8,PIED PIPER LEAD20,  lead2079@prospect.com  ,2025-04-19,hot
LD-2081,CH-6,  Umbrella Co lead21  ,lead2080@leads.io,2026-01-18,warm
LD-2082,CH-5,  Wonka lead22  ,LEAD2081@PROSPECT.COM,2025-06-10,cold
LD-2083,CH-5,Dunder Mifflin lead23,lead2082@leads.io,05/12/2026,hot
LD-2084,CH-1,MASSIVE DYNAMIC LEAD24,LEAD2083@PROSPECT.COM,05/11/2026,hot
LD-2085,CH-5,BLACK MESA LEAD25,LEAD2084@PROSPECT.COM,04/07/2026,cold
LD-2086,CH-3,OSCORP LEAD26,  lead2085@sales.net  ,2025-08-10,hot
LD-2087,CH-6,LexCorp lead27,  lead2086@sales.net  ,11/28/2025,warm
LD-2088,CH-2,Initech lead28,lead2087@sales.net,02/26/2026,HOT
LD-2089,CH-7,  Tyrell Corp lead29  ,lead2088@sales.net,04/24/2026,HOT
LD-2090,CH-8,  Hooli lead30  ,lead2089@sales.net,2026-03-25,warm
LD-2091,CH-3,BLACK MESA LEAD31,lead2090@leads.io,2026-12-07,cold
LD-2092,CH-8,globex lead32,LEAD2091@LEADS.IO,03/17/2025,hot
LD-2093,CH-8,Wonka lead33,  lead2092@leads.io  ,15-06-2025,hot
LD-2094,CH-3,  Wayne Enterprises lead34  ,  lead2093@leads.io  ,10/26/2025,HOT
LD-2095,CH-3,LexCorp lead35,lead2094@sales.net,2025-11-11,HOT
LD-2096,CH-4,ACME CORP LEAD36,lead2095@leads.io,2025-06-10,cold
LD-2097,CH-2,Cyberdyne lead37,  lead2096@leads.io  ,2025-03-02,warm
LD-2098,CH-3,Aperture lead38,lead2097@leads.io,2026-10-24,warm
LD-2099,CH-4,Black Mesa lead39,  lead2098@sales.net  ,2025-12-19,cold
LD-2100,CH-7,Globex lead40,lead2099@leads.io,2025-08-28,warm
LD-2101,CH-2,Blue Sun lead41,lead2100@leads.io,06/24/2025,warm
LD-2102,CH-4,  Wonka lead42  ,lead2101@sales.net,16-05-2025,cold
LD-2103,CH-8,Stark Industries lead43,lead2102@prospect.com,2026-02-08,cold
LD-2104,CH-6,INITECH LEAD44,  lead2103@prospect.com  ,2025-03-09,hot
LD-2105,CH-6,Weyland-Yutani lead45,lead2104@prospect.com,2026-07-22,HOT
LD-2106,CH-3,OSCORP LEAD46,lead2105@sales.net,2025-11-10,warm
LD-2107,CH-5,LexCorp lead47,LEAD2106@LEADS.IO,08/16/2025,hot
LD-2108,CH-7,VANDELAY LEAD48,  lead2107@sales.net  ,02/16/2026,cold
LD-2109,CH-1,ACME CORP LEAD49,  lead2108@prospect.com  ,10/25/2026,warm
LD-2110,CH-8,LexCorp lead50,lead2109@sales.net,08/15/2026,hot
LD-2111,CH-3,Umbrella Co lead51,lead2110@leads.io,2026-06-21,warm
LD-2112,CH-6,Wayne Enterprises lead52,  lead2111@prospect.com  ,2025-04-26,hot
LD-2113,CH-4,Hooli lead53,lead2112@sales.net,2026-10-04,hot
LD-2114,CH-7,  Wayne Enterprises lead54  ,lead2113@prospect.com,27-10-2026,warm
LD-2115,CH-7,Massive Dynamic lead55,lead2114@prospect.com,2025-09-16,warm
LD-2116,CH-7,dunder mifflin lead56,lead2115@prospect.com,24-12-2026,HOT
LD-2117,CH-4,Oscorp lead57,lead2116@leads.io,2026-04-26,cold
LD-2118,CH-7,UMBRELLA CO LEAD58,  lead2117@prospect.com  ,10/05/2025,cold
LD-2119,CH-5,Wayne Enterprises lead59,  lead2118@sales.net  ,2026-03-06,HOT
LD-2120,CH-4,TYRELL CORP LEAD60,lead2119@sales.net,17-05-2026,HOT
LD-2121,CH-1,Globex lead61,lead2120@leads.io,05/25/2026,HOT
LD-2122,CH-2,Tyrell Corp lead62,lead2121@prospect.com,2025-04-22,warm
LD-2123,CH-6,VANDELAY LEAD63,  lead2122@prospect.com  ,2025-02-20,warm
LD-2124,CH-7,  Massive Dynamic lead64  ,lead2123@prospect.com,2026-12-05,hot
LD-2125,CH-5,Weyland-Yutani lead65,lead2124@prospect.com,06/09/2025,cold
LD-2126,CH-7,black mesa lead66,lead2125@sales.net,2025-03-25,cold
LD-2127,CH-5,UMBRELLA CO LEAD67,lead2126@prospect.com,07/05/2025,cold
LD-2128,CH-1,Wonka lead68,  lead2127@prospect.com  ,2025-05-02,HOT
LD-2129,CH-3,Blue Sun lead69,  lead2128@leads.io  ,02/20/2025,hot
LD-2130,CH-1,Globex lead70,LEAD2129@LEADS.IO,2025-09-05,hot
LD-2131,CH-7,WAYNE ENTERPRISES LEAD0,lead2130@sales.net,2025-01-24,cold
LD-2132,CH-3,Black Mesa lead1,lead2131@sales.net,2026-10-05,cold
LD-2133,CH-6,Black Mesa lead2,  lead2132@prospect.com  ,2026-09-27,hot
LD-2134,CH-5,Hooli lead3,  lead2133@prospect.com  ,2025-08-03,HOT
LD-2135,CH-2,Weyland-Yutani lead4,lead2134@sales.net,2025-03-23,cold
LD-2136,CH-5,  Pied Piper lead5  ,LEAD2135@LEADS.IO,2026-11-05,warm
LD-2137,CH-7,Initech lead6,LEAD2136@PROSPECT.COM,12-08-2026,HOT
LD-2138,CH-3,MASSIVE DYNAMIC LEAD7,lead2137@leads.io,2026-10-11,HOT
LD-2139,CH-5,blue sun lead8,LEAD2138@PROSPECT.COM,2025-07-19,hot
LD-2140,CH-1,Wayne Enterprises lead9,lead2139@leads.io,05/11/2025,warm
LD-2141,CH-8,LexCorp lead10,  lead2140@prospect.com  ,07-12-2026,cold
LD-2142,CH-2,Aperture lead11,LEAD2141@PROSPECT.COM,08-11-2026,cold
LD-2143,CH-7,Wayne Enterprises lead12,LEAD2142@LEADS.IO,2026-07-22,warm
LD-2144,CH-8,umbrella co lead13,LEAD2143@LEADS.IO,2025-11-15,hot
LD-2145,CH-3,globex lead14,LEAD2144@SALES.NET,04/02/2026,warm
LD-2146,CH-8,Hooli lead15,  lead2145@sales.net  ,11/18/2025,warm
LD-2147,CH-7,Umbrella Co lead16,lead2146@sales.net,2025-02-27,HOT
LD-2148,CH-8,  Oscorp lead17  ,lead2147@prospect.com,2026-11-13,warm
LD-2149,CH-7,Aperture lead18,LEAD2148@SALES.NET,2026-02-01,warm
LD-2150,CH-1,Globex lead19,lead2149@leads.io,04/10/2026,cold
LD-2151,CH-2,Pied Piper lead20,lead2150@prospect.com,2026-03-04,hot
LD-2152,CH-3,Stark Industries lead21,  lead2151@sales.net  ,2026-08-07,hot
LD-2153,CH-6,lexcorp lead22,lead2152@leads.io,25-07-2026,HOT
LD-2154,CH-3,Massive Dynamic lead23,lead2153@leads.io,2025-03-21,cold
LD-2155,CH-7,  Wonka lead24  ,lead2154@leads.io,2026-12-11,cold
LD-2156,CH-4,  Hooli lead25  ,LEAD2155@PROSPECT.COM,2026-12-04,cold
LD-2157,CH-6,Wayne Enterprises lead26,  lead2156@sales.net  ,2026-01-04,hot
LD-2158,CH-8,pied piper lead27,LEAD2157@LEADS.IO,26-06-2025,cold
LD-2159,CH-3,Hooli lead28,lead2158@leads.io,03/15/2026,HOT
LD-2160,CH-8,Black Mesa lead29,lead2159@leads.io,2026-07-21,hot
LD-2161,CH-8,Stark Industries lead30,lead2160@prospect.com,2025-03-05,hot
LD-2162,CH-8,Weyland-Yutani lead31,lead2161@prospect.com,2026-05-03,cold
LD-2163,CH-2,Massive Dynamic lead32,LEAD2162@LEADS.IO,2026-03-17,warm
LD-2164,CH-6,Vandelay lead33,lead2163@prospect.com,08/22/2026,hot
LD-2165,CH-1,Wonka lead34,lead2164@sales.net,2026-06-24,HOT
LD-2166,CH-7,PIED PIPER LEAD35,LEAD2165@SALES.NET,2026-04-18,HOT
LD-2167,CH-3,globex lead36,LEAD2166@PROSPECT.COM,2025-10-10,HOT
LD-2168,CH-7,WEYLAND-YUTANI LEAD37,  lead2167@sales.net  ,05/11/2026,cold
LD-2169,CH-4,BLACK MESA LEAD38,  lead2168@sales.net  ,2025-04-27,HOT
LD-2170,CH-3,stark industries lead39,lead2169@sales.net,04-06-2026,warm
LD-2171,CH-2,Stark Industries lead40,LEAD2170@SALES.NET,12/20/2025,cold
LD-2172,CH-7,Weyland-Yutani lead41,lead2171@sales.net,2025-04-22,cold
LD-2173,CH-4,Massive Dynamic lead42,lead2172@sales.net,2026-03-06,cold
LD-2174,CH-6,OSCORP LEAD43,lead2173@leads.io,20-06-2025,hot
LD-2175,CH-2,Blue Sun lead44,LEAD2174@SALES.NET,26-07-2025,cold
LD-2176,CH-7,Globex lead45,LEAD2175@PROSPECT.COM,19-11-2025,cold
LD-2177,CH-6,Black Mesa lead46,LEAD2176@LEADS.IO,05/04/2025,warm
LD-2178,CH-6,Cyberdyne lead47,  lead2177@prospect.com  ,2025-08-13,warm
LD-2179,CH-3,  Black Mesa lead48  ,lead2178@prospect.com,2026-11-17,hot
LD-2180,CH-4,Vandelay lead49,lead2179@leads.io,2025-07-18,warm
LD-2181,CH-3,DUNDER MIFFLIN LEAD50,lead2180@prospect.com,01/10/2025,cold
LD-2182,CH-2,Cyberdyne lead51,  lead2181@prospect.com  ,2025-03-14,HOT
LD-2183,CH-4,BLUE SUN LEAD52,lead2182@leads.io,2026-05-01,warm
LD-2184,CH-4,  Oscorp lead53  ,LEAD2183@LEADS.IO,2026-02-02,cold
LD-2185,CH-8,TYRELL CORP LEAD54,lead2184@leads.io,2026-10-13,cold
LD-2186,CH-4,  Blue Sun lead55  ,  lead2185@leads.io  ,23-02-2026,cold
LD-2187,CH-1,Weyland-Yutani lead56,lead2186@leads.io,04-09-2026,hot
LD-2188,CH-7,Black Mesa lead57,  lead2187@leads.io  ,02/14/2025,HOT
LD-2189,CH-7,  Pied Piper lead58  ,lead2188@leads.io,02-03-2026,HOT
LD-2190,CH-8,stark industries lead59,lead2189@leads.io,2026-03-17,warm
LD-2191,CH-4,Tyrell Corp lead60,lead2190@sales.net,2026-06-08,cold
LD-2192,CH-1,  Acme Corp lead61  ,lead2191@sales.net,2025-12-10,hot
LD-2193,CH-6,MASSIVE DYNAMIC LEAD62,lead2192@prospect.com,06-02-2026,warm
LD-2194,CH-1,dunder mifflin lead63,  lead2193@sales.net  ,22-02-2026,warm
LD-2195,CH-6,Blue Sun lead64,lead2194@prospect.com,2025-10-16,warm
LD-2196,CH-7,Globex lead65,lead2195@prospect.com,24-03-2026,hot
LD-2197,CH-4,GLOBEX LEAD66,lead2196@leads.io,2026-04-20,hot
LD-2198,CH-5,wonka lead67,  lead2197@leads.io  ,2025-09-22,hot
LD-2199,CH-5,DUNDER MIFFLIN LEAD68,  lead2198@sales.net  ,15-06-2025,cold
LD-2200,CH-2,VANDELAY LEAD69,lead2199@prospect.com,09-09-2025,cold
LD-2201,CH-7,Vandelay lead70,LEAD2200@LEADS.IO,06/24/2025,cold
LD-2202,CH-5,LexCorp lead0,  lead2201@leads.io  ,10-09-2025,cold
LD-2203,CH-5,  Black Mesa lead1  ,  lead2202@prospect.com  ,2026-04-19,cold
LD-2204,CH-5,Oscorp lead2,lead2203@leads.io,2025-12-28,warm
LD-2205,CH-5,Acme Corp lead3,LEAD2204@LEADS.IO,2025-01-10,warm
LD-2206,CH-2,WAYNE ENTERPRISES LEAD4,lead2205@prospect.com,03/19/2026,cold
LD-2207,CH-5,OSCORP LEAD5,lead2206@prospect.com,05/10/2026,warm
LD-2208,CH-3,umbrella co lead6,  lead2207@sales.net  ,2026-09-13,HOT
LD-2209,CH-1,CYBERDYNE LEAD7,lead2208@sales.net,04/20/2025,HOT
LD-2210,CH-3,Pied Piper lead8,lead2209@leads.io,2026-10-26,HOT
LD-2211,CH-7,Wonka lead9,lead2210@sales.net,2025-09-18,cold
LD-2212,CH-7,LexCorp lead10,  lead2211@leads.io  ,2025-01-16,hot
LD-2213,CH-5,PIED PIPER LEAD11,lead2212@sales.net,23-04-2025,HOT
LD-2214,CH-6,Hooli lead12,  lead2213@sales.net  ,11/20/2026,cold
LD-2215,CH-6,Cyberdyne lead13,lead2214@prospect.com,09/15/2025,cold
LD-2216,CH-6,  Massive Dynamic lead14  ,  lead2215@leads.io  ,2026-06-19,cold
LD-2217,CH-3,TYRELL CORP LEAD15,LEAD2216@LEADS.IO,2025-07-28,HOT
LD-2218,CH-8,Aperture lead16,LEAD2217@SALES.NET,05/06/2026,cold
LD-2219,CH-1,Oscorp lead17,lead2218@sales.net,2026-06-09,hot
LD-2220,CH-2,Vandelay lead18,LEAD2219@PROSPECT.COM,10/13/2026,cold
LD-2221,CH-3,HOOLI LEAD19,lead2220@prospect.com,22-02-2025,cold
LD-2222,CH-1,WEYLAND-YUTANI LEAD20,  lead2221@sales.net  ,2025-03-07,warm
LD-2223,CH-8,Aperture lead21,lead2222@prospect.com,2025-07-09,cold
LD-2224,CH-4,CYBERDYNE LEAD22,  lead2223@leads.io  ,16-04-2025,hot
LD-2225,CH-5,  Pied Piper lead23  ,lead2224@prospect.com,2025-07-02,HOT
LD-2226,CH-2,Hooli lead24,LEAD2225@SALES.NET,2025-09-09,HOT
LD-2227,CH-6,Globex lead25,lead2226@sales.net,27-07-2025,HOT
LD-2228,CH-6,Stark Industries lead26,LEAD2227@SALES.NET,2025-03-19,HOT
LD-2229,CH-3,OSCORP LEAD27,lead2228@prospect.com,09-01-2025,HOT
LD-2230,CH-1,Vandelay lead28,lead2229@leads.io,2026-11-10,hot
LD-2231,CH-3,LexCorp lead29,  lead2230@sales.net  ,2025-05-11,HOT
LD-2232,CH-4,WEYLAND-YUTANI LEAD30,lead2231@prospect.com,2025-07-07,HOT
LD-2233,CH-3,Aperture lead31,LEAD2232@PROSPECT.COM,2025-11-15,warm
LD-2234,CH-8,APERTURE LEAD32,lead2233@sales.net,2026-04-08,HOT
LD-2235,CH-8,Cyberdyne lead33,  lead2234@leads.io  ,2025-03-07,warm
LD-2236,CH-7,WEYLAND-YUTANI LEAD34,  lead2235@prospect.com  ,2026-11-06,HOT
LD-2237,CH-7,Blue Sun lead35,lead2236@sales.net,2025-06-09,HOT
LD-2238,CH-2,  Wayne Enterprises lead36  ,lead2237@leads.io,2026-02-23,cold
LD-2239,CH-4,Cyberdyne lead37,lead2238@sales.net,14-09-2025,cold
LD-2240,CH-8,Tyrell Corp lead38,lead2239@leads.io,04/24/2025,hot
LD-2241,CH-4,STARK INDUSTRIES LEAD39,  lead2240@leads.io  ,12/05/2026,warm
LD-2242,CH-3,CYBERDYNE LEAD40,lead2241@leads.io,03-08-2025,HOT
LD-2243,CH-1,  Pied Piper lead41  ,LEAD2242@LEADS.IO,2025-05-02,warm
LD-2244,CH-3,Oscorp lead42,LEAD2243@LEADS.IO,07/20/2026,hot
LD-2245,CH-5,dunder mifflin lead43,lead2244@prospect.com,2026-09-07,HOT
LD-2246,CH-7,Wayne Enterprises lead44,LEAD2245@LEADS.IO,20-08-2026,cold
LD-2247,CH-2,HOOLI LEAD45,lead2246@leads.io,03/28/2025,hot
LD-2248,CH-5,  Cyberdyne lead46  ,lead2247@prospect.com,2025-07-18,hot
LD-2249,CH-7,Umbrella Co lead47,lead2248@leads.io,05/02/2025,HOT
LD-2250,CH-5,Hooli lead48,LEAD2249@PROSPECT.COM,2026-02-28,warm
LD-2251,CH-2,  Blue Sun lead49  ,lead2250@prospect.com,2026-11-18,HOT
LD-2252,CH-8,Massive Dynamic lead50,LEAD2251@LEADS.IO,2025-12-15,hot
LD-2253,CH-2,  Dunder Mifflin lead51  ,  lead2252@prospect.com  ,11/25/2025,hot
LD-2254,CH-1,vandelay lead52,lead2253@prospect.com,05-08-2026,HOT
LD-2255,CH-5,Umbrella Co lead53,lead2254@prospect.com,23-02-2025,hot
LD-2256,CH-2,Pied Piper lead54,lead2255@prospect.com,10/13/2026,warm
LD-2257,CH-4,Wayne Enterprises lead55,LEAD2256@SALES.NET,09/05/2026,warm
LD-2258,CH-4,Initech lead56,lead2257@leads.io,2025-11-24,HOT
LD-2259,CH-2,Pied Piper lead57,LEAD2258@SALES.NET,2026-05-08,warm
LD-2260,CH-1,  Acme Corp lead58  ,lead2259@sales.net,2025-07-13,cold
LD-2261,CH-4,Aperture lead59,lead2260@sales.net,2025-07-12,warm
LD-2262,CH-1,  Cyberdyne lead60  ,  lead2261@leads.io  ,01/10/2026,cold
LD-2263,CH-3,UMBRELLA CO LEAD61,lead2262@leads.io,2025-07-01,warm
LD-2264,CH-5,  Stark Industries lead62  ,lead2263@sales.net,10/07/2026,HOT
LD-2265,CH-6,Oscorp lead63,lead2264@leads.io,2026-08-19,HOT
LD-2266,CH-2,BLACK MESA LEAD64,lead2265@sales.net,05/22/2026,hot
LD-2267,CH-4,Umbrella Co lead65,LEAD2266@PROSPECT.COM,11/13/2026,HOT
LD-2268,CH-1,Dunder Mifflin lead66,lead2267@prospect.com,02/25/2026,warm
LD-2269,CH-6,Acme Corp lead67,  lead2268@leads.io  ,07/11/2026,hot
LD-2270,CH-4,  Stark Industries lead68  ,lead2269@sales.net,2025-10-23,HOT
LD-2271,CH-8,MASSIVE DYNAMIC LEAD69,lead2270@prospect.com,2025-10-23,HOT
LD-2272,CH-2,WEYLAND-YUTANI LEAD70,  lead2271@sales.net  ,2025-12-14,hot
LD-2273,CH-1,Wayne Enterprises lead0,lead2272@leads.io,11/09/2026,hot
LD-2274,CH-4,Black Mesa lead1,lead2273@leads.io,2026-01-05,warm
LD-2275,CH-7,BLUE SUN LEAD2,lead2274@sales.net,08/28/2026,warm
LD-2276,CH-3,WONKA LEAD3,LEAD2275@LEADS.IO,01-01-2025,hot
LD-2277,CH-1,  Pied Piper lead4  ,  lead2276@leads.io  ,2026-11-10,warm
LD-2278,CH-6,WEYLAND-YUTANI LEAD5,lead2277@sales.net,2025-01-19,warm
LD-2279,CH-2,ACME CORP LEAD6,  lead2278@sales.net  ,2025-01-17,HOT
LD-2280,CH-1,blue sun lead7,lead2279@sales.net,10/11/2026,hot
LD-2281,CH-6,  Globex lead8  ,lead2280@leads.io,03-10-2026,HOT
LD-2282,CH-2,Pied Piper lead9,LEAD2281@SALES.NET,06-12-2026,cold
LD-2283,CH-3,Dunder Mifflin lead10,lead2282@sales.net,2026-04-11,hot
LD-2284,CH-4,BLACK MESA LEAD11,lead2283@prospect.com,2025-07-16,HOT
LD-2285,CH-2,GLOBEX LEAD12,lead2284@prospect.com,2026-04-07,cold
LD-2286,CH-3,Wonka lead13,  lead2285@prospect.com  ,2025-04-25,warm
LD-2287,CH-4,LEXCORP LEAD14,lead2286@prospect.com,2025-03-12,hot
LD-2288,CH-3,Tyrell Corp lead15,lead2287@leads.io,08/22/2026,hot
LD-2289,CH-5,massive dynamic lead16,  lead2288@prospect.com  ,2025-01-11,hot
LD-2290,CH-8,Black Mesa lead17,  lead2289@prospect.com  ,2025-07-13,warm
LD-2291,CH-7,LexCorp lead18,lead2290@sales.net,16-03-2025,hot
LD-2292,CH-4,  Oscorp lead19  ,  lead2291@leads.io  ,01/09/2025,hot
LD-2293,CH-5,Hooli lead20,lead2292@leads.io,2025-03-02,HOT
LD-2294,CH-8,Wonka lead21,LEAD2293@SALES.NET,17-11-2026,HOT
LD-2295,CH-5,Tyrell Corp lead22,lead2294@sales.net,2025-09-13,warm
LD-2296,CH-6,LexCorp lead23,lead2295@leads.io,2025-08-13,HOT
LD-2297,CH-6,Acme Corp lead24,lead2296@sales.net,11/17/2025,hot
LD-2298,CH-2,Acme Corp lead25,lead2297@prospect.com,02/01/2026,cold
LD-2299,CH-7,Acme Corp lead26,lead2298@leads.io,2025-06-13,warm
LD-2300,CH-7,  Black Mesa lead27  ,lead2299@sales.net,11/10/2025,cold
LD-2301,CH-2,Oscorp lead28,LEAD2300@SALES.NET,10/21/2025,cold
LD-2302,CH-1,Hooli lead29,  lead2301@leads.io  ,06-11-2026,hot
LD-2303,CH-8,Wonka lead30,lead2302@sales.net,09/24/2025,cold
LD-2304,CH-2,  Wonka lead31  ,lead2303@prospect.com,2026-08-26,warm
LD-2305,CH-6,  Weyland-Yutani lead32  ,lead2304@prospect.com,06/08/2026,warm
LD-2306,CH-2,Dunder Mifflin lead33,lead2305@sales.net,2025-06-15,cold
LD-2307,CH-6,UMBRELLA CO LEAD34,  lead2306@prospect.com  ,11/15/2026,cold
LD-2308,CH-8,CYBERDYNE LEAD35,lead2307@leads.io,2025-10-08,cold
LD-2309,CH-4,Wayne Enterprises lead36,LEAD2308@LEADS.IO,2025-06-05,cold
LD-2310,CH-1,Black Mesa lead37,  lead2309@prospect.com  ,2025-08-07,warm
LD-2311,CH-4,Massive Dynamic lead38,LEAD2310@LEADS.IO,04/03/2026,warm
LD-2312,CH-6,Hooli lead39,lead2311@prospect.com,2025-08-11,warm
LD-2313,CH-8,  Cyberdyne lead40  ,lead2312@sales.net,15-03-2026,hot
LD-2314,CH-2,Massive Dynamic lead41,lead2313@sales.net,2025-11-02,cold
LD-2315,CH-2,Wonka lead42,lead2314@leads.io,2025-04-12,hot
LD-2316,CH-8,Vandelay lead43,lead2315@prospect.com,2026-07-01,hot
LD-2317,CH-2,  Wayne Enterprises lead44  ,lead2316@sales.net,28-04-2026,HOT
LD-2318,CH-8,  Wayne Enterprises lead45  ,lead2317@prospect.com,25-12-2026,warm
LD-2319,CH-8,Wonka lead46,  lead2318@leads.io  ,2026-03-10,hot
LD-2320,CH-5,Pied Piper lead47,  lead2319@leads.io  ,2025-09-13,warm
LD-2321,CH-4,MASSIVE DYNAMIC LEAD48,LEAD2320@SALES.NET,2026-08-09,HOT
LD-2322,CH-5,Globex lead49,lead2321@sales.net,2026-04-26,HOT
LD-2323,CH-2,Pied Piper lead50,lead2322@sales.net,01/19/2026,HOT
LD-2324,CH-8,  Globex lead51  ,  lead2323@leads.io  ,02-06-2025,hot
LD-2325,CH-3,HOOLI LEAD52,lead2324@leads.io,2026-12-09,HOT
LD-2326,CH-8,  Weyland-Yutani lead53  ,lead2325@leads.io,07/08/2026,hot
LD-2327,CH-5,Oscorp lead54,lead2326@prospect.com,07/18/2025,HOT
LD-2328,CH-1,  Black Mesa lead55  ,lead2327@sales.net,2026-03-14,HOT
LD-2329,CH-2,Massive Dynamic lead56,LEAD2328@SALES.NET,01/15/2026,hot
LD-2330,CH-5,Weyland-Yutani lead57,lead2329@sales.net,03/02/2026,HOT
LD-2331,CH-1,Initech lead58,  lead2330@prospect.com  ,20-05-2026,hot
LD-2332,CH-2,Pied Piper lead59,LEAD2331@SALES.NET,2026-06-25,HOT
LD-2333,CH-1,OSCORP LEAD60,LEAD2332@SALES.NET,2026-08-01,HOT
LD-2334,CH-5,  Acme Corp lead61  ,  lead2333@sales.net  ,12/05/2026,HOT
LD-2335,CH-7,Wonka lead62,lead2334@sales.net,2025-09-27,HOT
LD-2336,CH-7,Weyland-Yutani lead63,  lead2335@prospect.com  ,2025-05-18,warm
LD-2337,CH-2,VANDELAY LEAD64,lead2336@prospect.com,2026-07-05,warm
LD-2338,CH-1,Initech lead65,lead2337@sales.net,2026-03-02,warm
LD-2339,CH-6,BLUE SUN LEAD66,  lead2338@leads.io  ,10/27/2025,HOT
LD-2340,CH-3,  Wonka lead67  ,lead2339@leads.io,2025-01-06,warm
LD-2341,CH-1,MASSIVE DYNAMIC LEAD68,lead2340@prospect.com,2026-02-25,cold
LD-2342,CH-6,WEYLAND-YUTANI LEAD69,LEAD2341@LEADS.IO,2026-05-04,warm
LD-2343,CH-7,BLACK MESA LEAD70,lead2342@sales.net,2025-09-22,warm
LD-2344,CH-7,LEXCORP LEAD0,lead2343@sales.net,2026-06-20,warm
LD-2345,CH-1,blue sun lead1,  lead2344@prospect.com  ,02-09-2026,hot
LD-2346,CH-6,  Umbrella Co lead2  ,lead2345@leads.io,01/23/2026,cold
LD-2347,CH-2,wayne enterprises lead3,lead2346@prospect.com,2026-02-27,HOT
LD-2348,CH-5,Massive Dynamic lead4,LEAD2347@PROSPECT.COM,10/05/2026,cold
LD-2349,CH-2,  Dunder Mifflin lead5  ,  lead2348@sales.net  ,07/08/2025,cold
LD-2350,CH-4,LexCorp lead6,lead2349@sales.net,07/17/2025,HOT
LD-2351,CH-5,OSCORP LEAD7,lead2350@sales.net,2025-06-16,hot
LD-2352,CH-1,Stark Industries lead8,lead2351@prospect.com,02-07-2025,warm
LD-2353,CH-4,Cyberdyne lead9,LEAD2352@LEADS.IO,17-09-2025,HOT
LD-2354,CH-6,  Globex lead10  ,lead2353@leads.io,2026-12-26,cold
LD-2355,CH-1,Massive Dynamic lead11,lead2354@prospect.com,07/11/2026,hot
LD-2356,CH-7,acme corp lead12,  lead2355@leads.io  ,2025-07-17,warm
LD-2357,CH-5,INITECH LEAD13,lead2356@sales.net,08/12/2026,cold
LD-2358,CH-4,Hooli lead14,  lead2357@prospect.com  ,2026-05-07,cold
LD-2359,CH-6,Oscorp lead15,lead2358@sales.net,01-02-2026,cold
LD-2360,CH-7,OSCORP LEAD16,  lead2359@leads.io  ,12/06/2026,HOT
LD-2361,CH-8,Blue Sun lead17,lead2360@sales.net,2026-03-19,hot
LD-2362,CH-2,globex lead18,LEAD2361@PROSPECT.COM,2025-06-19,cold
LD-2363,CH-3,  Weyland-Yutani lead19  ,  lead2362@sales.net  ,2025-03-05,cold
LD-2364,CH-8,Hooli lead20,lead2363@sales.net,19-11-2026,warm
LD-2365,CH-3,wonka lead21,  lead2364@leads.io  ,2025-09-14,cold
LD-2366,CH-6,Hooli lead22,lead2365@prospect.com,2025-05-01,cold
LD-2367,CH-1,LEXCORP LEAD23,  lead2366@sales.net  ,2025-04-19,hot
LD-2368,CH-2,  Blue Sun lead24  ,  lead2367@prospect.com  ,2025-05-19,HOT
LD-2369,CH-2,Black Mesa lead25,lead2368@prospect.com,06/04/2026,hot
LD-2370,CH-3,Oscorp lead26,lead2369@leads.io,2025-03-21,hot
LD-2371,CH-1,tyrell corp lead27,  lead2370@leads.io  ,28-06-2025,HOT
LD-2372,CH-5,Pied Piper lead28,lead2371@prospect.com,2025-04-20,warm
LD-2373,CH-5,DUNDER MIFFLIN LEAD29,LEAD2372@LEADS.IO,04/18/2026,HOT
LD-2374,CH-3,Stark Industries lead30,  lead2373@sales.net  ,2025-03-18,hot
LD-2375,CH-2,  Tyrell Corp lead31  ,  lead2374@prospect.com  ,2025-05-26,HOT
LD-2376,CH-7,Cyberdyne lead32,lead2375@leads.io,2026-08-19,warm
LD-2377,CH-1,Hooli lead33,lead2376@prospect.com,14-02-2025,warm
LD-2378,CH-3,  Massive Dynamic lead34  ,lead2377@prospect.com,2026-11-07,cold
LD-2379,CH-7,Weyland-Yutani lead35,lead2378@leads.io,2025-03-10,hot
LD-2380,CH-8,DUNDER MIFFLIN LEAD36,lead2379@prospect.com,10-02-2025,hot
LD-2381,CH-4,wayne enterprises lead37,lead2380@sales.net,21-06-2025,HOT
LD-2382,CH-3,WAYNE ENTERPRISES LEAD38,lead2381@prospect.com,10/19/2025,HOT
LD-2383,CH-4,Weyland-Yutani lead39,  lead2382@sales.net  ,26-04-2026,warm
LD-2384,CH-8,VANDELAY LEAD40,lead2383@prospect.com,11/20/2026,cold
LD-2385,CH-8,Umbrella Co lead41,lead2384@leads.io,2026-04-03,HOT
LD-2386,CH-4,Tyrell Corp lead42,lead2385@sales.net,2025-06-04,cold
LD-2387,CH-3,Globex lead43,LEAD2386@PROSPECT.COM,20-05-2026,hot
LD-2388,CH-4,  Acme Corp lead44  ,lead2387@leads.io,2026-10-09,cold
LD-2389,CH-8,Wayne Enterprises lead45,lead2388@prospect.com,09/25/2026,warm
LD-2390,CH-5,Globex lead46,lead2389@prospect.com,07/11/2025,hot
LD-2391,CH-4,INITECH LEAD47,lead2390@leads.io,03/19/2026,cold
LD-2392,CH-3,HOOLI LEAD48,  lead2391@leads.io  ,2026-04-28,warm
LD-2393,CH-8,WEYLAND-YUTANI LEAD49,lead2392@prospect.com,10/15/2025,HOT
LD-2394,CH-3,ACME CORP LEAD50,LEAD2393@SALES.NET,2026-05-14,hot
LD-2395,CH-7,oscorp lead51,LEAD2394@PROSPECT.COM,2025-03-03,warm
LD-2396,CH-1,tyrell corp lead52,lead2395@leads.io,2026-09-04,HOT
LD-2397,CH-7,Dunder Mifflin lead53,  lead2396@sales.net  ,2025-12-21,warm
LD-2398,CH-2,LexCorp lead54,  lead2397@sales.net  ,2025-06-28,cold
LD-2399,CH-8,Globex lead55,lead2398@prospect.com,27-08-2026,hot
LD-2400,CH-3,Tyrell Corp lead56,  lead2399@leads.io  ,09/02/2025,HOT
LD-2401,CH-2,Oscorp lead57,  lead2400@sales.net  ,2025-01-10,cold
LD-2402,CH-8,Blue Sun lead58,lead2401@leads.io,2026-03-08,HOT
LD-2403,CH-1,umbrella co lead59,lead2402@leads.io,2026-09-24,warm
LD-2404,CH-8,Aperture lead60,lead2403@sales.net,01-03-2025,warm
LD-2405,CH-6,  Globex lead61  ,LEAD2404@SALES.NET,2025-08-13,warm
LD-2406,CH-2,Globex lead62,lead2405@leads.io,2026-09-24,HOT
LD-2407,CH-4,CYBERDYNE LEAD63,lead2406@prospect.com,14-08-2026,cold
LD-2408,CH-6,Cyberdyne lead64,LEAD2407@LEADS.IO,2025-10-12,HOT
LD-2409,CH-7,  Blue Sun lead65  ,LEAD2408@LEADS.IO,09/14/2025,cold
LD-2410,CH-6,Oscorp lead66,LEAD2409@SALES.NET,2025-11-07,cold
LD-2411,CH-7,WONKA LEAD67,lead2410@sales.net,05/09/2026,HOT
LD-2412,CH-3,LexCorp lead68,lead2411@leads.io,10/04/2025,hot
LD-2413,CH-5,Tyrell Corp lead69,lead2412@sales.net,11/10/2026,hot
LD-2414,CH-4,Blue Sun lead70,lead2413@prospect.com,04-06-2025,cold
LD-2415,CH-6,INITECH LEAD0,lead2414@leads.io,08-06-2025,HOT
LD-2416,CH-3,  Dunder Mifflin lead1  ,LEAD2415@LEADS.IO,02/20/2026,hot
LD-2417,CH-4,  Globex lead2  ,  lead2416@prospect.com  ,2026-01-18,cold
LD-2418,CH-1,Blue Sun lead3,lead2417@sales.net,17-04-2025,cold
LD-2419,CH-3,Wayne Enterprises lead4,  lead2418@prospect.com  ,01/09/2026,cold
LD-2420,CH-7,wayne enterprises lead5,LEAD2419@LEADS.IO,09/12/2025,warm
LD-2421,CH-3,Wonka lead6,lead2420@sales.net,2025-12-27,HOT
LD-2422,CH-7,lexcorp lead7,  lead2421@sales.net  ,2025-08-15,hot
LD-2423,CH-1,cyberdyne lead8,lead2422@leads.io,2026-06-03,cold
LD-2424,CH-8,  Black Mesa lead9  ,lead2423@prospect.com,26-03-2025,hot
LD-2425,CH-6,Pied Piper lead10,LEAD2424@PROSPECT.COM,10/12/2026,warm
LD-2426,CH-2,  Weyland-Yutani lead11  ,lead2425@sales.net,2025-01-08,cold
LD-2427,CH-8,Pied Piper lead12,lead2426@sales.net,02/03/2025,warm
LD-2428,CH-2,Wayne Enterprises lead13,lead2427@leads.io,03/22/2025,cold
LD-2429,CH-6,  Black Mesa lead14  ,lead2428@prospect.com,15-08-2025,hot
LD-2430,CH-2,GLOBEX LEAD15,lead2429@prospect.com,2026-03-23,warm
LD-2431,CH-3,Massive Dynamic lead16,lead2430@sales.net,07-03-2025,HOT
LD-2432,CH-1,  Stark Industries lead17  ,lead2431@leads.io,2026-12-25,warm
LD-2433,CH-3,UMBRELLA CO LEAD18,LEAD2432@PROSPECT.COM,2025-04-05,warm
LD-2434,CH-7,cyberdyne lead19,LEAD2433@PROSPECT.COM,2026-02-09,cold
LD-2435,CH-8,weyland-yutani lead20,  lead2434@prospect.com  ,10/14/2026,HOT
LD-2436,CH-4,globex lead21,  lead2435@leads.io  ,2026-08-04,cold
LD-2437,CH-6,Wonka lead22,lead2436@prospect.com,08-06-2025,HOT
LD-2438,CH-3,  Acme Corp lead23  ,  lead2437@leads.io  ,2026-03-07,warm
LD-2439,CH-4,Acme Corp lead24,LEAD2438@SALES.NET,2026-08-25,HOT
LD-2440,CH-4,WONKA LEAD25,lead2439@leads.io,2026-06-16,HOT
LD-2441,CH-4,PIED PIPER LEAD26,lead2440@prospect.com,15-11-2025,HOT
LD-2442,CH-5,Black Mesa lead27,lead2441@sales.net,04/04/2025,HOT
LD-2443,CH-4,LEXCORP LEAD28,  lead2442@leads.io  ,2025-01-28,HOT
LD-2444,CH-2,Acme Corp lead29,lead2443@prospect.com,09-10-2026,warm
LD-2445,CH-5,Hooli lead30,LEAD2444@LEADS.IO,09/04/2026,cold
LD-2446,CH-3,Aperture lead31,  lead2445@prospect.com  ,2025-07-09,cold
LD-2447,CH-3,weyland-yutani lead32,  lead2446@leads.io  ,13-06-2026,hot
LD-2448,CH-3,dunder mifflin lead33,lead2447@sales.net,2025-01-18,warm
LD-2449,CH-6,Weyland-Yutani lead34,lead2448@leads.io,2025-12-11,HOT
LD-2450,CH-4,BLACK MESA LEAD35,lead2449@prospect.com,09/24/2026,HOT
LD-2451,CH-7,Blue Sun lead36,LEAD2450@LEADS.IO,2026-10-27,hot
LD-2452,CH-8,BLACK MESA LEAD37,lead2451@leads.io,10/08/2025,hot
LD-2453,CH-2,  Wayne Enterprises lead38  ,lead2452@leads.io,2025-01-14,HOT
LD-2454,CH-3,PIED PIPER LEAD39,lead2453@leads.io,2025-03-15,HOT
LD-2455,CH-4,Globex lead40,lead2454@prospect.com,04-08-2026,HOT
LD-2456,CH-1,weyland-yutani lead41,  lead2455@sales.net  ,2025-10-14,HOT
LD-2457,CH-2,massive dynamic lead42,lead2456@prospect.com,04/12/2026,hot
LD-2458,CH-5,Initech lead43,LEAD2457@LEADS.IO,09/14/2025,warm
LD-2459,CH-8,Aperture lead44,lead2458@leads.io,2025-07-03,hot
LD-2460,CH-5,weyland-yutani lead45,  lead2459@leads.io  ,2025-04-05,warm
LD-2461,CH-2,WAYNE ENTERPRISES LEAD46,lead2460@leads.io,2025-01-23,warm
LD-2462,CH-4,Dunder Mifflin lead47,lead2461@prospect.com,2026-01-11,cold
LD-2463,CH-6,Wayne Enterprises lead48,lead2462@leads.io,01/02/2026,cold
LD-2464,CH-2,  Wayne Enterprises lead49  ,lead2463@sales.net,04/09/2025,cold
LD-2465,CH-3,Tyrell Corp lead50,lead2464@leads.io,02-08-2025,hot
LD-2466,CH-3,Pied Piper lead51,lead2465@prospect.com,2026-06-01,hot
LD-2467,CH-4,OSCORP LEAD52,lead2466@leads.io,08/05/2025,warm
LD-2468,CH-7,wayne enterprises lead53,lead2467@prospect.com,08/22/2026,cold
LD-2469,CH-2,Hooli lead54,  lead2468@sales.net  ,07/23/2026,HOT
LD-2470,CH-7,DUNDER MIFFLIN LEAD55,lead2469@leads.io,2025-10-12,hot
LD-2471,CH-4,Dunder Mifflin lead56,lead2470@sales.net,05/25/2026,warm
LD-2472,CH-1,WAYNE ENTERPRISES LEAD57,LEAD2471@PROSPECT.COM,2026-01-20,HOT
LD-2473,CH-2,  Cyberdyne lead58  ,lead2472@leads.io,09-05-2025,HOT
LD-2474,CH-7,Blue Sun lead59,LEAD2473@PROSPECT.COM,2025-10-16,warm
LD-2475,CH-6,Initech lead60,lead2474@sales.net,09/13/2026,warm
LD-2476,CH-3,  Weyland-Yutani lead61  ,lead2475@prospect.com,2026-04-28,cold
LD-2477,CH-6,Oscorp lead62,LEAD2476@LEADS.IO,2025-01-08,HOT
LD-2478,CH-5,STARK INDUSTRIES LEAD63,lead2477@leads.io,20-01-2026,hot
LD-2479,CH-1,WEYLAND-YUTANI LEAD64,LEAD2478@SALES.NET,12-05-2025,HOT
LD-2480,CH-2,  Umbrella Co lead65  ,LEAD2479@PROSPECT.COM,01/27/2025,HOT
LD-2481,CH-6,Aperture lead66,lead2480@prospect.com,11-12-2026,warm
LD-2482,CH-1,Aperture lead67,  lead2481@sales.net  ,13-05-2026,hot
LD-2483,CH-5,Pied Piper lead68,lead2482@prospect.com,2026-01-25,hot
LD-2484,CH-5,PIED PIPER LEAD69,LEAD2483@SALES.NET,2025-01-22,cold
LD-2485,CH-1,stark industries lead70,lead2484@prospect.com,2026-06-09,HOT
LD-2486,CH-7,tyrell corp lead0,lead2485@prospect.com,2025-11-10,HOT
LD-2487,CH-8,Pied Piper lead1,lead2486@sales.net,03/11/2026,HOT
LD-2488,CH-5,Blue Sun lead2,  lead2487@prospect.com  ,27-03-2026,cold
LD-2489,CH-3,Acme Corp lead3,LEAD2488@SALES.NET,10/28/2025,HOT
LD-2490,CH-1,Aperture lead4,LEAD2489@LEADS.IO,2026-03-09,HOT
LD-2491,CH-6,Globex lead5,lead2490@leads.io,12/04/2025,warm
LD-2492,CH-2,  Wayne Enterprises lead6  ,lead2491@leads.io,06/21/2025,cold
LD-2493,CH-8,Oscorp lead7,lead2492@prospect.com,2025-08-19,hot
LD-2494,CH-7,aperture lead8,lead2493@sales.net,2025-01-27,HOT
LD-2495,CH-1,UMBRELLA CO LEAD9,  lead2494@prospect.com  ,07/17/2026,hot
LD-2496,CH-3,  Hooli lead10  ,lead2495@leads.io,12/11/2026,hot
LD-2497,CH-2,Aperture lead11,lead2496@prospect.com,2025-11-09,cold
LD-2498,CH-7,MASSIVE DYNAMIC LEAD12,lead2497@sales.net,2026-09-14,HOT
LD-2499,CH-6,  Acme Corp lead13  ,lead2498@sales.net,06/01/2025,cold
LD-2500,CH-5,Wayne Enterprises lead14,lead2499@leads.io,23-11-2026,hot
LD-2501,CH-1,  Oscorp lead15  ,lead2500@leads.io,06/21/2026,hot
LD-2502,CH-2,Blue Sun lead16,lead2501@sales.net,04/18/2025,cold
LD-2503,CH-8,  Wonka lead17  ,lead2502@leads.io,06/26/2025,hot
LD-2504,CH-8,Dunder Mifflin lead18,LEAD2503@PROSPECT.COM,17-05-2026,warm
LD-2505,CH-6,WAYNE ENTERPRISES LEAD19,lead2504@prospect.com,10/21/2026,HOT
LD-2506,CH-2,Globex lead20,lead2505@prospect.com,04/10/2025,warm
LD-2507,CH-8,TYRELL CORP LEAD21,lead2506@leads.io,2026-09-03,cold
LD-2508,CH-2,Stark Industries lead22,lead2507@prospect.com,2026-12-02,warm
LD-2509,CH-1,PIED PIPER LEAD23,lead2508@leads.io,2026-08-08,hot
LD-2510,CH-2,Blue Sun lead24,  lead2509@prospect.com  ,04-03-2026,warm
LD-2511,CH-1,  Umbrella Co lead25  ,lead2510@leads.io,12/06/2026,hot
LD-2512,CH-2,Dunder Mifflin lead26,lead2511@leads.io,2025-07-28,HOT
LD-2513,CH-1,Wonka lead27,lead2512@sales.net,2025-05-08,HOT
LD-2514,CH-6,  Tyrell Corp lead28  ,lead2513@sales.net,06/27/2026,HOT
LD-2515,CH-3,Vandelay lead29,lead2514@leads.io,09-03-2025,hot
LD-2516,CH-6,Pied Piper lead30,lead2515@sales.net,07/17/2026,warm
LD-2517,CH-6,Globex lead31,LEAD2516@LEADS.IO,2025-03-02,cold
LD-2518,CH-4,APERTURE LEAD32,  lead2517@prospect.com  ,01/26/2025,cold
LD-2519,CH-3,VANDELAY LEAD33,lead2518@prospect.com,10/05/2026,warm
LD-2520,CH-4,  Tyrell Corp lead34  ,lead2519@prospect.com,2026-10-15,warm
LD-2521,CH-4,Stark Industries lead35,lead2520@leads.io,2025-09-08,HOT
LD-2522,CH-6,globex lead36,lead2521@prospect.com,2026-12-12,hot
LD-2523,CH-8,  Massive Dynamic lead37  ,  lead2522@leads.io  ,05-08-2026,hot
LD-2524,CH-1,Wayne Enterprises lead38,lead2523@prospect.com,10/01/2026,HOT
LD-2525,CH-4,Cyberdyne lead39,LEAD2524@LEADS.IO,07/03/2026,cold
LD-2526,CH-7,LexCorp lead40,lead2525@sales.net,26-06-2026,warm
LD-2527,CH-6,Pied Piper lead41,LEAD2526@SALES.NET,2025-04-13,cold
LD-2528,CH-7,blue sun lead42,  lead2527@prospect.com  ,2025-01-07,HOT
LD-2529,CH-8,  Globex lead43  ,LEAD2528@LEADS.IO,03/10/2025,HOT
LD-2530,CH-4,Dunder Mifflin lead44,lead2529@leads.io,17-12-2026,warm
LD-2531,CH-8,BLUE SUN LEAD45,LEAD2530@LEADS.IO,2025-07-23,HOT
LD-2532,CH-2,Globex lead46,lead2531@sales.net,2026-12-17,hot
LD-2533,CH-7,Aperture lead47,lead2532@leads.io,2025-03-12,HOT
LD-2534,CH-3,TYRELL CORP LEAD48,LEAD2533@PROSPECT.COM,11/23/2026,HOT
LD-2535,CH-3,  Weyland-Yutani lead49  ,lead2534@prospect.com,26-06-2026,cold
LD-2536,CH-6,Wonka lead50,LEAD2535@PROSPECT.COM,2026-08-15,warm
LD-2537,CH-2,Umbrella Co lead51,lead2536@prospect.com,2026-07-25,HOT
LD-2538,CH-3,Vandelay lead52,LEAD2537@LEADS.IO,06/05/2026,warm
LD-2539,CH-2,blue sun lead53,  lead2538@prospect.com  ,2025-11-05,warm
LD-2540,CH-4,DUNDER MIFFLIN LEAD54,  lead2539@leads.io  ,01-07-2025,hot
LD-2541,CH-2,GLOBEX LEAD55,lead2540@sales.net,2025-09-11,cold
LD-2542,CH-7,Dunder Mifflin lead56,  lead2541@prospect.com  ,2025-09-17,cold
LD-2543,CH-7,massive dynamic lead57,lead2542@sales.net,2026-09-02,HOT
LD-2544,CH-1,Wonka lead58,LEAD2543@PROSPECT.COM,2026-07-09,warm
LD-2545,CH-7,Hooli lead59,lead2544@leads.io,2025-12-01,HOT
LD-2546,CH-8,Massive Dynamic lead60,  lead2545@sales.net  ,2026-09-09,HOT
LD-2547,CH-3,  Initech lead61  ,  lead2546@leads.io  ,02/03/2025,cold
LD-2548,CH-6,MASSIVE DYNAMIC LEAD62,lead2547@prospect.com,2026-01-22,HOT
LD-2549,CH-2,stark industries lead63,lead2548@sales.net,03-08-2025,cold
LD-2550,CH-6,STARK INDUSTRIES LEAD64,  lead2549@leads.io  ,2026-11-08,HOT
LD-2551,CH-4,WEYLAND-YUTANI LEAD65,LEAD2550@SALES.NET,2025-08-18,HOT
LD-2552,CH-2,INITECH LEAD66,lead2551@prospect.com,05-06-2026,HOT
LD-2553,CH-6,Aperture lead67,lead2552@prospect.com,2025-06-15,HOT
LD-2554,CH-6,Aperture lead68,LEAD2553@LEADS.IO,07/05/2026,hot
LD-2555,CH-1,ACME CORP LEAD69,LEAD2554@LEADS.IO,2025-09-28,cold
LD-2556,CH-2,Tyrell Corp lead70,lead2555@prospect.com,2025-10-06,cold
LD-2557,CH-1,WEYLAND-YUTANI LEAD0,lead2556@sales.net,03-01-2026,HOT
LD-2558,CH-7,Pied Piper lead1,lead2557@prospect.com,09/01/2026,hot
LD-2559,CH-1,tyrell corp lead2,lead2558@leads.io,09-01-2025,HOT
LD-2560,CH-4,vandelay lead3,lead2559@prospect.com,02/20/2025,cold
LD-2561,CH-3,pied piper lead4,  lead2560@prospect.com  ,05/18/2026,cold
LD-2562,CH-8,GLOBEX LEAD5,  lead2561@sales.net  ,04-08-2025,warm
LD-2563,CH-2,Weyland-Yutani lead6,lead2562@sales.net,09/27/2026,HOT
LD-2564,CH-5,CYBERDYNE LEAD7,LEAD2563@PROSPECT.COM,01/18/2025,HOT
LD-2565,CH-3,  Aperture lead8  ,  lead2564@leads.io  ,2026-07-27,hot
LD-2566,CH-7,Stark Industries lead9,LEAD2565@PROSPECT.COM,11/22/2025,cold
LD-2567,CH-2,WAYNE ENTERPRISES LEAD10,lead2566@sales.net,02/08/2026,warm
LD-2568,CH-6,Stark Industries lead11,lead2567@leads.io,2026-04-22,cold
LD-2569,CH-8,Weyland-Yutani lead12,LEAD2568@SALES.NET,05/27/2026,HOT
LD-2570,CH-6,ACME CORP LEAD13,  lead2569@sales.net  ,2026-04-20,HOT
LD-2571,CH-8,Umbrella Co lead14,lead2570@sales.net,2026-06-19,warm
LD-2572,CH-1,  Cyberdyne lead15  ,lead2571@sales.net,2025-12-26,hot
LD-2573,CH-4,Oscorp lead16,lead2572@sales.net,04/17/2025,HOT
LD-2574,CH-4,tyrell corp lead17,LEAD2573@LEADS.IO,2026-09-15,cold
LD-2575,CH-3,Vandelay lead18,lead2574@leads.io,04/10/2026,HOT
LD-2576,CH-7,black mesa lead19,lead2575@sales.net,03/18/2026,warm
LD-2577,CH-3,black mesa lead20,lead2576@sales.net,2025-06-22,warm
LD-2578,CH-1,Umbrella Co lead21,lead2577@sales.net,2025-11-21,hot
LD-2579,CH-4,Pied Piper lead22,lead2578@leads.io,2025-06-02,hot
LD-2580,CH-3,Stark Industries lead23,  lead2579@leads.io  ,07-01-2025,hot
LD-2581,CH-4,Pied Piper lead24,LEAD2580@LEADS.IO,2025-01-01,hot
LD-2582,CH-8,Pied Piper lead25,LEAD2581@PROSPECT.COM,2026-06-12,hot
LD-2583,CH-4,Globex lead26,lead2582@leads.io,11/09/2025,HOT
LD-2584,CH-1,aperture lead27,lead2583@sales.net,03/23/2026,hot
LD-2585,CH-2,BLUE SUN LEAD28,lead2584@sales.net,2026-08-11,HOT
LD-2586,CH-2,  Initech lead29  ,lead2585@sales.net,2026-04-12,HOT
LD-2587,CH-2,Initech lead30,lead2586@leads.io,15-01-2025,hot
LD-2588,CH-7,PIED PIPER LEAD31,lead2587@sales.net,2026-01-26,hot
LD-2589,CH-6,Hooli lead32,LEAD2588@LEADS.IO,10/28/2026,HOT
LD-2590,CH-5,Weyland-Yutani lead33,lead2589@leads.io,27-04-2025,warm
LD-2591,CH-3,Initech lead34,lead2590@sales.net,12/24/2025,hot
LD-2592,CH-5,  Blue Sun lead35  ,  lead2591@prospect.com  ,11/03/2025,hot
LD-2593,CH-2,  Initech lead36  ,lead2592@leads.io,2026-06-21,hot
LD-2594,CH-1,  Oscorp lead37  ,LEAD2593@SALES.NET,05/27/2025,warm
LD-2595,CH-3,Blue Sun lead38,lead2594@prospect.com,13-03-2025,warm
LD-2596,CH-4,Pied Piper lead39,lead2595@sales.net,27-07-2025,cold
LD-2597,CH-2,Hooli lead40,lead2596@prospect.com,05/28/2026,warm
LD-2598,CH-4,Oscorp lead41,lead2597@sales.net,03/24/2026,cold
LD-2599,CH-1,Wonka lead42,  lead2598@sales.net  ,02/15/2026,cold
LD-2600,CH-6,lexcorp lead43,lead2599@prospect.com,2026-05-12,cold
LD-2601,CH-2,Wonka lead44,lead2600@prospect.com,24-10-2025,cold
LD-2602,CH-2,WAYNE ENTERPRISES LEAD45,lead2601@leads.io,2025-10-17,HOT
LD-2603,CH-2,Tyrell Corp lead46,  lead2602@prospect.com  ,2026-09-11,warm
LD-2604,CH-7,Aperture lead47,lead2603@leads.io,2025-10-22,warm
LD-2605,CH-5,Wonka lead48,lead2604@prospect.com,20-07-2026,hot
LD-2606,CH-3,Stark Industries lead49,lead2605@sales.net,13-05-2026,HOT
LD-2607,CH-7,Aperture lead50,LEAD2606@PROSPECT.COM,01/14/2025,HOT
LD-2608,CH-3,Initech lead51,lead2607@prospect.com,08/12/2026,warm
LD-2609,CH-8,PIED PIPER LEAD52,LEAD2608@SALES.NET,2026-11-13,HOT
LD-2610,CH-5,  Globex lead53  ,LEAD2609@SALES.NET,03/28/2026,hot
LD-2611,CH-5,Oscorp lead54,lead2610@leads.io,13-02-2026,warm
LD-2612,CH-7,Oscorp lead55,lead2611@leads.io,2025-04-24,cold
LD-2613,CH-3,LEXCORP LEAD56,lead2612@leads.io,2026-03-25,warm
LD-2614,CH-4,Hooli lead57,lead2613@leads.io,05/22/2025,HOT
LD-2615,CH-3,Acme Corp lead58,lead2614@prospect.com,11/07/2026,hot
LD-2616,CH-8,Tyrell Corp lead59,lead2615@leads.io,01/19/2025,warm
LD-2617,CH-4,LexCorp lead60,  lead2616@prospect.com  ,11/19/2025,HOT
LD-2618,CH-4,Initech lead61,lead2617@sales.net,2025-01-01,warm
LD-2619,CH-8,BLACK MESA LEAD62,LEAD2618@SALES.NET,21-03-2026,HOT
LD-2620,CH-2,  Acme Corp lead63  ,lead2619@prospect.com,11/13/2026,hot
LD-2621,CH-5,  Pied Piper lead64  ,lead2620@leads.io,01/21/2025,hot
LD-2622,CH-4,  Massive Dynamic lead65  ,  lead2621@prospect.com  ,2026-09-06,warm
LD-2623,CH-5,  LexCorp lead66  ,  lead2622@prospect.com  ,2026-01-16,cold
LD-2624,CH-3,LEXCORP LEAD67,lead2623@leads.io,03/17/2026,cold
LD-2625,CH-7,WEYLAND-YUTANI LEAD68,lead2624@prospect.com,12/27/2026,hot
LD-2626,CH-7,LEXCORP LEAD69,lead2625@sales.net,05/23/2026,cold
LD-2627,CH-3,wayne enterprises lead70,LEAD2626@PROSPECT.COM,2025-11-08,HOT
LD-2628,CH-4,LexCorp lead0,lead2627@leads.io,2025-02-17,warm
LD-2629,CH-2,Aperture lead1,lead2628@sales.net,06/24/2025,warm
LD-2630,CH-4,Weyland-Yutani lead2,lead2629@leads.io,04/17/2026,hot
LD-2631,CH-8,Blue Sun lead3,lead2630@leads.io,08/12/2026,HOT
LD-2632,CH-3,LEXCORP LEAD4,lead2631@sales.net,2026-05-19,warm
LD-2633,CH-7,Black Mesa lead5,LEAD2632@PROSPECT.COM,04-01-2026,cold
LD-2634,CH-1,Dunder Mifflin lead6,  lead2633@leads.io  ,17-01-2026,HOT
LD-2635,CH-8,Dunder Mifflin lead7,lead2634@leads.io,06/04/2025,HOT
LD-2636,CH-2,initech lead8,lead2635@sales.net,2026-05-05,cold
LD-2637,CH-4,  Hooli lead9  ,  lead2636@prospect.com  ,2025-11-07,HOT
LD-2638,CH-6,blue sun lead10,  lead2637@sales.net  ,2026-06-14,HOT
LD-2639,CH-2,Black Mesa lead11,LEAD2638@PROSPECT.COM,11/12/2025,HOT
LD-2640,CH-1,Acme Corp lead12,LEAD2639@SALES.NET,16-01-2025,warm
LD-2641,CH-3,cyberdyne lead13,lead2640@sales.net,08-09-2026,hot
LD-2642,CH-8,Acme Corp lead14,lead2641@prospect.com,2026-08-03,hot
LD-2643,CH-3,Cyberdyne lead15,lead2642@sales.net,05/08/2026,hot
LD-2644,CH-7,  Weyland-Yutani lead16  ,lead2643@prospect.com,2026-12-18,hot
LD-2645,CH-6,  Aperture lead17  ,lead2644@leads.io,05/01/2026,hot
LD-2646,CH-3,  Globex lead18  ,lead2645@sales.net,09/10/2026,cold
LD-2647,CH-7,BLACK MESA LEAD19,LEAD2646@SALES.NET,2026-07-09,hot
LD-2648,CH-3,Massive Dynamic lead20,LEAD2647@PROSPECT.COM,13-03-2025,warm
LD-2649,CH-8,  Wayne Enterprises lead21  ,lead2648@sales.net,2026-09-22,HOT
LD-2650,CH-2,LexCorp lead22,lead2649@sales.net,2026-12-10,hot
LD-2651,CH-5,  Blue Sun lead23  ,lead2650@sales.net,2025-09-10,warm
LD-2652,CH-2,Wonka lead24,lead2651@leads.io,01/04/2025,cold
LD-2653,CH-4,Black Mesa lead25,lead2652@leads.io,2026-07-02,hot
LD-2654,CH-4,Tyrell Corp lead26,LEAD2653@SALES.NET,2025-03-21,warm
LD-2655,CH-5,Umbrella Co lead27,lead2654@prospect.com,2026-11-04,HOT
LD-2656,CH-3,  Cyberdyne lead28  ,lead2655@sales.net,22-09-2026,hot
LD-2657,CH-1,Blue Sun lead29,lead2656@sales.net,2026-08-23,cold
LD-2658,CH-1,WAYNE ENTERPRISES LEAD30,lead2657@prospect.com,17-02-2025,warm
LD-2659,CH-8,  Massive Dynamic lead31  ,  lead2658@leads.io  ,2025-11-01,HOT
LD-2660,CH-5,  Aperture lead32  ,lead2659@prospect.com,2025-01-03,HOT
LD-2661,CH-7,LexCorp lead33,LEAD2660@LEADS.IO,01-07-2026,hot
LD-2662,CH-7,  Pied Piper lead34  ,lead2661@prospect.com,2025-04-14,cold
LD-2663,CH-3,LEXCORP LEAD35,  lead2662@leads.io  ,02-02-2025,warm
LD-2664,CH-6,HOOLI LEAD36,LEAD2663@SALES.NET,16-10-2025,cold
LD-2665,CH-1,Vandelay lead37,lead2664@prospect.com,10/23/2025,HOT
LD-2666,CH-3,GLOBEX LEAD38,lead2665@sales.net,2026-01-24,warm
LD-2667,CH-8,  Dunder Mifflin lead39  ,  lead2666@leads.io  ,11/07/2026,HOT
LD-2668,CH-4,MASSIVE DYNAMIC LEAD40,lead2667@prospect.com,04/11/2026,warm
LD-2669,CH-3,LEXCORP LEAD41,LEAD2668@SALES.NET,01/07/2025,warm
LD-2670,CH-8,Oscorp lead42,lead2669@sales.net,2026-03-17,warm
LD-2671,CH-6,  Weyland-Yutani lead43  ,lead2670@prospect.com,06/23/2025,warm
LD-2672,CH-6,  Hooli lead44  ,lead2671@leads.io,28-08-2026,hot
LD-2673,CH-8,Stark Industries lead45,lead2672@leads.io,07/20/2025,hot
LD-2674,CH-4,Aperture lead46,  lead2673@prospect.com  ,10/03/2026,HOT
LD-2675,CH-1,BLUE SUN LEAD47,  lead2674@sales.net  ,07/25/2026,HOT
LD-2676,CH-4,Black Mesa lead48,lead2675@leads.io,2026-10-17,cold
LD-2677,CH-8,  Stark Industries lead49  ,lead2676@sales.net,09/05/2026,hot
LD-2678,CH-4,Wayne Enterprises lead50,lead2677@leads.io,15-10-2026,cold
LD-2679,CH-8,Tyrell Corp lead51,LEAD2678@PROSPECT.COM,23-07-2026,hot
LD-2680,CH-1,INITECH LEAD52,  lead2679@sales.net  ,04-03-2026,cold
LD-2681,CH-2,APERTURE LEAD53,LEAD2680@PROSPECT.COM,2025-12-13,warm
LD-2682,CH-6,Weyland-Yutani lead54,  lead2681@prospect.com  ,15-08-2025,cold
LD-2683,CH-3,Stark Industries lead55,LEAD2682@PROSPECT.COM,20-02-2025,cold
LD-2684,CH-6,Dunder Mifflin lead56,LEAD2683@SALES.NET,2025-04-22,hot
LD-2685,CH-2,  Initech lead57  ,  lead2684@leads.io  ,2026-07-08,cold
LD-2686,CH-1,  Umbrella Co lead58  ,lead2685@leads.io,2025-12-19,hot
LD-2687,CH-5,initech lead59,  lead2686@prospect.com  ,2026-06-17,cold
LD-2688,CH-1,Acme Corp lead60,lead2687@leads.io,2025-06-20,warm
LD-2689,CH-8,  Hooli lead61  ,lead2688@leads.io,2026-07-02,hot
LD-2690,CH-4,Oscorp lead62,lead2689@leads.io,2025-02-09,HOT
LD-2691,CH-4,Hooli lead63,lead2690@sales.net,2025-10-07,warm
LD-2692,CH-2,  Tyrell Corp lead64  ,LEAD2691@PROSPECT.COM,2026-12-27,cold
LD-2693,CH-4,Initech lead65,lead2692@prospect.com,19-12-2025,HOT
LD-2694,CH-6,Oscorp lead66,LEAD2693@LEADS.IO,2025-01-08,cold
LD-2695,CH-5,Pied Piper lead67,LEAD2694@LEADS.IO,03/05/2025,HOT
LD-2696,CH-6,Vandelay lead68,  lead2695@sales.net  ,2025-07-25,hot
LD-2697,CH-4,Aperture lead69,LEAD2696@PROSPECT.COM,2026-02-09,warm
LD-2698,CH-6,  Aperture lead70  ,lead2697@sales.net,2026-06-09,hot
LD-2699,CH-3,VANDELAY LEAD0,lead2698@sales.net,22-04-2026,warm
LD-2700,CH-8,  Wayne Enterprises lead1  ,lead2699@leads.io,05/25/2025,hot
LD-2701,CH-8,GLOBEX LEAD2,  lead2700@sales.net  ,2026-10-20,HOT
LD-2702,CH-1,TYRELL CORP LEAD3,lead2701@leads.io,2025-05-27,cold
LD-2703,CH-2,  Cyberdyne lead4  ,lead2702@sales.net,2025-01-16,cold
LD-2704,CH-1,hooli lead5,LEAD2703@PROSPECT.COM,2026-12-15,warm
LD-2705,CH-6,Tyrell Corp lead6,lead2704@leads.io,13-09-2025,cold
LD-2706,CH-4,ACME CORP LEAD7,lead2705@sales.net,2025-04-14,HOT
LD-2707,CH-4,Hooli lead8,lead2706@sales.net,06-02-2025,hot
LD-2708,CH-8,Globex lead9,lead2707@prospect.com,2026-03-17,cold
LD-2709,CH-2,LexCorp lead10,lead2708@leads.io,05/01/2025,cold
LD-2710,CH-3,LexCorp lead11,lead2709@leads.io,02/03/2025,warm
LD-2711,CH-1,OSCORP LEAD12,lead2710@prospect.com,2026-11-09,hot
LD-2712,CH-4,Black Mesa lead13,lead2711@prospect.com,2025-05-20,HOT
LD-2713,CH-5,weyland-yutani lead14,lead2712@prospect.com,02/08/2026,cold
LD-2714,CH-4,initech lead15,lead2713@sales.net,08-06-2025,cold
LD-2715,CH-3,GLOBEX LEAD16,lead2714@sales.net,06/05/2025,hot
LD-2716,CH-7,LexCorp lead17,lead2715@leads.io,2026-12-08,hot
LD-2717,CH-7,WEYLAND-YUTANI LEAD18,lead2716@sales.net,05/24/2025,hot
LD-2718,CH-6,Pied Piper lead19,lead2717@leads.io,05-10-2025,hot
LD-2719,CH-6,Dunder Mifflin lead20,LEAD2718@SALES.NET,09/01/2026,HOT
LD-2720,CH-8,  LexCorp lead21  ,lead2719@leads.io,2026-01-10,cold
LD-2721,CH-4,pied piper lead22,lead2720@leads.io,10/11/2025,HOT
LD-2722,CH-4,Oscorp lead23,lead2721@prospect.com,2025-08-17,hot
LD-2723,CH-5,UMBRELLA CO LEAD24,lead2722@sales.net,2026-03-07,hot
LD-2724,CH-6,Aperture lead25,LEAD2723@LEADS.IO,2025-10-17,HOT
LD-2725,CH-5,Wayne Enterprises lead26,lead2724@sales.net,2025-05-25,HOT
LD-2726,CH-6,  Acme Corp lead27  ,  lead2725@prospect.com  ,01/26/2025,warm
LD-2727,CH-2,STARK INDUSTRIES LEAD28,lead2726@leads.io,2026-12-03,HOT
LD-2728,CH-1,initech lead29,LEAD2727@SALES.NET,2026-08-21,warm
LD-2729,CH-7,Aperture lead30,lead2728@prospect.com,2026-01-03,hot
LD-2730,CH-6,WEYLAND-YUTANI LEAD31,lead2729@prospect.com,10/16/2025,warm
LD-2731,CH-3,Stark Industries lead32,LEAD2730@PROSPECT.COM,2026-01-06,HOT
LD-2732,CH-2,massive dynamic lead33,lead2731@leads.io,2025-04-26,HOT
LD-2733,CH-4,Tyrell Corp lead34,lead2732@sales.net,2025-03-15,warm
LD-2734,CH-8,Weyland-Yutani lead35,lead2733@sales.net,2026-09-23,cold
LD-2735,CH-8,Dunder Mifflin lead36,lead2734@sales.net,04-02-2025,HOT
LD-2736,CH-6,globex lead37,  lead2735@leads.io  ,2026-09-02,cold
LD-2737,CH-2,Weyland-Yutani lead38,lead2736@prospect.com,2025-11-23,HOT
LD-2738,CH-3,massive dynamic lead39,lead2737@leads.io,24-06-2025,hot
LD-2739,CH-5,  Wayne Enterprises lead40  ,  lead2738@prospect.com  ,27-01-2026,hot
LD-2740,CH-3,TYRELL CORP LEAD41,  lead2739@sales.net  ,06/28/2026,cold
LD-2741,CH-4,Weyland-Yutani lead42,LEAD2740@LEADS.IO,04-12-2026,cold
LD-2742,CH-6,ACME CORP LEAD43,lead2741@leads.io,01/18/2026,warm
LD-2743,CH-6,Vandelay lead44,  lead2742@leads.io  ,12/14/2025,cold
LD-2744,CH-6,BLUE SUN LEAD45,lead2743@prospect.com,2025-05-07,HOT
LD-2745,CH-6,Cyberdyne lead46,lead2744@leads.io,09/26/2025,cold
LD-2746,CH-5,Wonka lead47,LEAD2745@PROSPECT.COM,04/13/2025,HOT
LD-2747,CH-8,Pied Piper lead48,lead2746@sales.net,2025-10-22,warm
LD-2748,CH-2,Globex lead49,LEAD2747@PROSPECT.COM,05/27/2025,HOT
LD-2749,CH-7,BLACK MESA LEAD50,  lead2748@leads.io  ,08/07/2026,warm
LD-2750,CH-1,Weyland-Yutani lead51,lead2749@leads.io,09-04-2025,cold
LD-2751,CH-5,Umbrella Co lead52,lead2750@sales.net,22-09-2026,hot
LD-2752,CH-3,HOOLI LEAD53,lead2751@prospect.com,2025-02-05,warm
LD-2753,CH-5,Aperture lead54,lead2752@prospect.com,07/18/2026,cold
LD-2754,CH-8,Globex lead55,lead2753@prospect.com,2026-03-19,cold
LD-2755,CH-1,PIED PIPER LEAD56,lead2754@leads.io,2025-08-18,hot
LD-2756,CH-1,Blue Sun lead57,lead2755@leads.io,06/07/2026,hot
LD-2757,CH-6,Vandelay lead58,lead2756@prospect.com,03/14/2026,cold
LD-2758,CH-3,GLOBEX LEAD59,lead2757@leads.io,2026-03-01,HOT
LD-2759,CH-7,  Pied Piper lead60  ,LEAD2758@SALES.NET,2026-09-10,HOT
LD-2760,CH-3,acme corp lead61,LEAD2759@PROSPECT.COM,2025-11-04,cold
LD-2761,CH-4,Wayne Enterprises lead62,LEAD2760@LEADS.IO,19-06-2026,hot
LD-2762,CH-5,Blue Sun lead63,  lead2761@leads.io  ,23-11-2026,warm
LD-2763,CH-2,Wayne Enterprises lead64,lead2762@sales.net,12/26/2026,hot
LD-2764,CH-2,  Vandelay lead65  ,LEAD2763@PROSPECT.COM,03-02-2025,warm
LD-2765,CH-8,Black Mesa lead66,lead2764@leads.io,16-07-2025,HOT
LD-2766,CH-7,  Initech lead67  ,lead2765@leads.io,2025-01-16,warm
LD-2767,CH-2,Vandelay lead68,lead2766@leads.io,18-10-2026,HOT
LD-2768,CH-6,umbrella co lead69,lead2767@prospect.com,2026-11-07,cold
LD-2769,CH-8,Pied Piper lead70,lead2768@prospect.com,2025-02-02,cold
LD-2770,CH-2,Globex lead0,lead2769@prospect.com,12/02/2025,warm
LD-2771,CH-6,GLOBEX LEAD1,lead2770@prospect.com,2026-12-12,cold
LD-2772,CH-1,  Black Mesa lead2  ,LEAD2771@LEADS.IO,06/25/2025,cold
LD-2773,CH-5,Black Mesa lead3,  lead2772@leads.io  ,2025-02-11,hot
LD-2774,CH-3,Stark Industries lead4,lead2773@leads.io,12/28/2026,HOT
LD-2775,CH-4,  Hooli lead5  ,LEAD2774@SALES.NET,02/07/2026,cold
LD-2776,CH-6,Cyberdyne lead6,lead2775@prospect.com,07/18/2025,warm
LD-2777,CH-3,Vandelay lead7,lead2776@leads.io,2026-04-01,cold
LD-2778,CH-2,WONKA LEAD8,  lead2777@prospect.com  ,2026-01-17,cold
LD-2779,CH-6,blue sun lead9,lead2778@leads.io,2026-11-18,HOT
LD-2780,CH-5,  Dunder Mifflin lead10  ,lead2779@prospect.com,02/09/2025,hot
LD-2781,CH-7,Dunder Mifflin lead11,LEAD2780@LEADS.IO,06/14/2026,HOT
LD-2782,CH-4,Blue Sun lead12,lead2781@sales.net,2025-11-05,cold
LD-2783,CH-6,Stark Industries lead13,lead2782@sales.net,2026-09-11,warm
LD-2784,CH-8,Globex lead14,LEAD2783@LEADS.IO,11/02/2026,hot
LD-2785,CH-5,BLUE SUN LEAD15,lead2784@leads.io,02/15/2025,HOT
LD-2786,CH-8,wayne enterprises lead16,LEAD2785@LEADS.IO,08/25/2025,warm
LD-2787,CH-8,wayne enterprises lead17,lead2786@leads.io,2025-10-14,cold
LD-2788,CH-6,Massive Dynamic lead18,lead2787@prospect.com,10/08/2026,cold
LD-2789,CH-4,Weyland-Yutani lead19,lead2788@leads.io,14-12-2025,hot
LD-2790,CH-7,  Pied Piper lead20  ,lead2789@prospect.com,07/26/2026,cold
LD-2791,CH-8,  LexCorp lead21  ,lead2790@sales.net,2026-01-28,cold
LD-2792,CH-7,  Umbrella Co lead22  ,lead2791@leads.io,11/07/2026,HOT
LD-2793,CH-6,Black Mesa lead23,lead2792@leads.io,2026-03-11,cold
LD-2794,CH-4,Black Mesa lead24,lead2793@leads.io,2026-11-27,hot
LD-2795,CH-5,dunder mifflin lead25,lead2794@sales.net,05/15/2026,HOT
LD-2796,CH-2,Aperture lead26,lead2795@prospect.com,2026-04-21,hot
LD-2797,CH-4,Aperture lead27,lead2796@sales.net,2025-06-03,warm
LD-2798,CH-8,Tyrell Corp lead28,LEAD2797@LEADS.IO,2026-03-16,hot
LD-2799,CH-3,Tyrell Corp lead29,LEAD2798@LEADS.IO,2026-06-12,HOT
LD-2800,CH-8,Stark Industries lead30,  lead2799@sales.net  ,09/19/2025,HOT
LD-2801,CH-2,WONKA LEAD31,lead2800@leads.io,03/10/2026,warm
LD-2802,CH-6,  Weyland-Yutani lead32  ,lead2801@prospect.com,07-11-2025,HOT
LD-2803,CH-2,Blue Sun lead33,lead2802@sales.net,2025-07-10,hot
LD-2804,CH-7,LexCorp lead34,lead2803@sales.net,10/06/2026,cold
LD-2805,CH-2,Pied Piper lead35,  lead2804@leads.io  ,04-07-2026,hot
LD-2806,CH-6,Pied Piper lead36,LEAD2805@SALES.NET,2026-07-16,cold
LD-2807,CH-3,  Cyberdyne lead37  ,lead2806@leads.io,2025-01-16,warm
LD-2808,CH-1,  Blue Sun lead38  ,LEAD2807@LEADS.IO,02-10-2025,cold
LD-2809,CH-4,Dunder Mifflin lead39,lead2808@sales.net,2026-05-11,HOT
LD-2810,CH-2,Cyberdyne lead40,lead2809@prospect.com,07-09-2025,hot
LD-2811,CH-7,INITECH LEAD41,  lead2810@leads.io  ,2026-02-28,cold
LD-2812,CH-1,LEXCORP LEAD42,lead2811@leads.io,19-12-2026,warm
LD-2813,CH-7,Tyrell Corp lead43,LEAD2812@LEADS.IO,05/21/2026,cold
LD-2814,CH-1,  Aperture lead44  ,lead2813@leads.io,2026-07-22,hot
LD-2815,CH-8,Oscorp lead45,lead2814@leads.io,15-10-2025,cold
LD-2816,CH-1,  Blue Sun lead46  ,  lead2815@leads.io  ,2026-12-26,cold
LD-2817,CH-5,TYRELL CORP LEAD47,lead2816@leads.io,2026-10-14,warm
LD-2818,CH-3,  Aperture lead48  ,LEAD2817@LEADS.IO,2025-01-22,hot
LD-2819,CH-7,Massive Dynamic lead49,  lead2818@prospect.com  ,06/12/2025,HOT
LD-2820,CH-4,VANDELAY LEAD50,lead2819@sales.net,2025-04-10,HOT
LD-2821,CH-5,  Oscorp lead51  ,LEAD2820@PROSPECT.COM,05/28/2025,warm
LD-2822,CH-3,  Acme Corp lead52  ,lead2821@sales.net,28-12-2026,warm
LD-2823,CH-1,Oscorp lead53,lead2822@prospect.com,09-01-2026,HOT
LD-2824,CH-6,HOOLI LEAD54,  lead2823@sales.net  ,02/07/2025,HOT
LD-2825,CH-4,  Umbrella Co lead55  ,lead2824@prospect.com,10/07/2026,warm
LD-2826,CH-8,HOOLI LEAD56,lead2825@leads.io,10/19/2025,warm
LD-2827,CH-1,Globex lead57,lead2826@sales.net,2026-11-22,cold
LD-2828,CH-7,Weyland-Yutani lead58,lead2827@sales.net,08/01/2025,warm
LD-2829,CH-3,LEXCORP LEAD59,lead2828@prospect.com,2026-11-26,warm
LD-2830,CH-4,Black Mesa lead60,LEAD2829@LEADS.IO,2025-05-26,warm
LD-2831,CH-8,Stark Industries lead61,lead2830@prospect.com,11-02-2026,warm
LD-2832,CH-6,  Black Mesa lead62  ,lead2831@leads.io,07/12/2025,HOT
LD-2833,CH-7,Oscorp lead63,LEAD2832@SALES.NET,2025-08-27,warm
LD-2834,CH-2,CYBERDYNE LEAD64,lead2833@leads.io,05/01/2026,warm
LD-2835,CH-7,Globex lead65,LEAD2834@PROSPECT.COM,2025-01-18,warm
LD-2836,CH-2,black mesa lead66,LEAD2835@LEADS.IO,2025-04-11,warm
LD-2837,CH-5,Umbrella Co lead67,lead2836@sales.net,24-02-2025,warm
LD-2838,CH-6,Aperture lead68,lead2837@sales.net,06/04/2026,cold
LD-2839,CH-6,Massive Dynamic lead69,lead2838@leads.io,10/05/2025,HOT
LD-2840,CH-1,Umbrella Co lead70,lead2839@prospect.com,2026-09-27,cold
LD-2841,CH-6,Wayne Enterprises lead0,LEAD2840@LEADS.IO,2025-11-15,HOT
LD-2842,CH-6,  Massive Dynamic lead1  ,lead2841@prospect.com,11/10/2026,cold
LD-2843,CH-6,Globex lead2,lead2842@sales.net,2026-12-08,hot
LD-2844,CH-3,Cyberdyne lead3,lead2843@sales.net,06/06/2026,warm
LD-2845,CH-6,blue sun lead4,  lead2844@leads.io  ,06/21/2025,HOT
LD-2846,CH-6,globex lead5,lead2845@prospect.com,01/26/2026,hot
LD-2847,CH-8,Pied Piper lead6,lead2846@prospect.com,2025-08-24,hot
LD-2848,CH-2,LexCorp lead7,lead2847@prospect.com,04/16/2025,HOT
LD-2849,CH-5,Pied Piper lead8,lead2848@leads.io,2026-02-25,HOT
LD-2850,CH-5,Tyrell Corp lead9,lead2849@sales.net,04/15/2026,HOT
LD-2851,CH-3,Tyrell Corp lead10,LEAD2850@PROSPECT.COM,2026-08-21,warm
LD-2852,CH-3,Umbrella Co lead11,  lead2851@prospect.com  ,2025-07-07,cold
LD-2853,CH-1,Stark Industries lead12,lead2852@sales.net,03/26/2025,warm
LD-2854,CH-3,hooli lead13,LEAD2853@SALES.NET,08/14/2026,HOT
LD-2855,CH-3,blue sun lead14,lead2854@prospect.com,2025-08-19,cold
LD-2856,CH-6,LexCorp lead15,LEAD2855@PROSPECT.COM,11/03/2025,HOT
LD-2857,CH-6,Dunder Mifflin lead16,lead2856@prospect.com,02/05/2026,cold
LD-2858,CH-3,  Weyland-Yutani lead17  ,lead2857@prospect.com,2026-09-03,HOT
LD-2859,CH-5,LEXCORP LEAD18,lead2858@sales.net,2025-01-22,HOT
LD-2860,CH-4,Pied Piper lead19,lead2859@prospect.com,2026-02-09,HOT
LD-2861,CH-3,HOOLI LEAD20,lead2860@sales.net,2026-01-19,hot
LD-2862,CH-3,Pied Piper lead21,  lead2861@prospect.com  ,2025-08-07,warm
LD-2863,CH-8,Vandelay lead22,lead2862@leads.io,08-06-2025,warm
LD-2864,CH-5,WONKA LEAD23,LEAD2863@PROSPECT.COM,09/23/2026,hot
LD-2865,CH-5,Initech lead24,LEAD2864@SALES.NET,08/20/2025,cold
LD-2866,CH-1,  Wayne Enterprises lead25  ,lead2865@prospect.com,2026-05-21,HOT
LD-2867,CH-6,Tyrell Corp lead26,lead2866@sales.net,08/23/2026,hot
LD-2868,CH-2,GLOBEX LEAD27,lead2867@prospect.com,2026-12-26,cold
LD-2869,CH-5,Tyrell Corp lead28,lead2868@leads.io,01/19/2026,warm
LD-2870,CH-4,Pied Piper lead29,lead2869@leads.io,10/06/2025,hot
LD-2871,CH-2,WEYLAND-YUTANI LEAD30,LEAD2870@PROSPECT.COM,2026-01-13,hot
LD-2872,CH-1,  Tyrell Corp lead31  ,lead2871@sales.net,09-12-2025,hot
LD-2873,CH-4,  Aperture lead32  ,lead2872@prospect.com,2025-02-08,warm
LD-2874,CH-5,  Hooli lead33  ,lead2873@leads.io,2025-04-04,cold
LD-2875,CH-6,Tyrell Corp lead34,lead2874@sales.net,2026-03-15,HOT
LD-2876,CH-1,Massive Dynamic lead35,lead2875@sales.net,2025-04-17,cold
LD-2877,CH-1,  Wayne Enterprises lead36  ,lead2876@prospect.com,2026-10-24,cold
LD-2878,CH-7,GLOBEX LEAD37,  lead2877@sales.net  ,2025-02-06,hot
LD-2879,CH-1,Oscorp lead38,lead2878@leads.io,05-02-2026,HOT
LD-2880,CH-2,LEXCORP LEAD39,  lead2879@sales.net  ,2025-03-24,HOT
LD-2881,CH-7,  Massive Dynamic lead40  ,  lead2880@sales.net  ,08-05-2026,warm
LD-2882,CH-1,CYBERDYNE LEAD41,LEAD2881@LEADS.IO,09-07-2026,HOT
LD-2883,CH-2,APERTURE LEAD42,lead2882@leads.io,2025-07-15,hot
LD-2884,CH-7,Pied Piper lead43,lead2883@sales.net,2025-09-16,cold
LD-2885,CH-6,  Blue Sun lead44  ,lead2884@leads.io,2026-12-03,HOT
LD-2886,CH-3,  Acme Corp lead45  ,lead2885@sales.net,12/01/2026,hot
LD-2887,CH-6,  Pied Piper lead46  ,lead2886@sales.net,2026-06-27,warm
LD-2888,CH-5,Wayne Enterprises lead47,lead2887@sales.net,2026-05-15,warm
LD-2889,CH-7,Aperture lead48,lead2888@leads.io,2026-02-10,warm
LD-2890,CH-8,Oscorp lead49,  lead2889@leads.io  ,14-10-2026,HOT
LD-2891,CH-2,Oscorp lead50,  lead2890@sales.net  ,04-06-2025,hot
LD-2892,CH-1,Oscorp lead51,lead2891@prospect.com,08/12/2026,HOT
LD-2893,CH-1,oscorp lead52,lead2892@prospect.com,2026-12-27,cold
LD-2894,CH-1,Black Mesa lead53,lead2893@prospect.com,2026-10-09,HOT
LD-2895,CH-1,MASSIVE DYNAMIC LEAD54,  lead2894@prospect.com  ,2025-01-10,cold
LD-2896,CH-5,Umbrella Co lead55,lead2895@prospect.com,2025-08-12,warm
LD-2897,CH-6,hooli lead56,LEAD2896@PROSPECT.COM,2026-01-08,warm
LD-2898,CH-1,  Weyland-Yutani lead57  ,lead2897@prospect.com,2026-01-12,hot
LD-2899,CH-4,Cyberdyne lead58,LEAD2898@PROSPECT.COM,04/27/2026,warm
LD-2900,CH-6,Globex lead59,lead2899@sales.net,2025-08-16,HOT
LD-2901,CH-7,  Tyrell Corp lead60  ,  lead2900@prospect.com  ,06/12/2025,warm
LD-2902,CH-7,wayne enterprises lead61,LEAD2901@LEADS.IO,2025-07-16,hot
LD-2903,CH-6,Black Mesa lead62,lead2902@sales.net,02/15/2026,hot
LD-2904,CH-2,Aperture lead63,lead2903@prospect.com,2025-04-26,hot
LD-2905,CH-7,WONKA LEAD64,LEAD2904@LEADS.IO,09-07-2025,HOT
LD-2906,CH-2,Vandelay lead65,LEAD2905@SALES.NET,2026-12-23,warm
LD-2907,CH-6,  Initech lead66  ,LEAD2906@LEADS.IO,2025-01-23,hot
LD-2908,CH-2,Stark Industries lead67,  lead2907@prospect.com  ,03-07-2025,HOT
LD-2909,CH-4,Umbrella Co lead68,lead2908@prospect.com,2026-06-17,cold
LD-2910,CH-5,LexCorp lead69,lead2909@sales.net,08/28/2026,HOT
LD-2911,CH-8,  Massive Dynamic lead70  ,lead2910@sales.net,2026-01-01,HOT
LD-2912,CH-6,Stark Industries lead0,lead2911@prospect.com,2025-06-03,warm
LD-2913,CH-8,Aperture lead1,lead2912@leads.io,04/16/2026,cold
LD-2914,CH-6,Wonka lead2,lead2913@prospect.com,01/19/2026,HOT
LD-2915,CH-4,GLOBEX LEAD3,lead2914@sales.net,2025-12-19,HOT
LD-2916,CH-7,INITECH LEAD4,LEAD2915@SALES.NET,01-06-2026,hot
LD-2917,CH-1,ACME CORP LEAD5,lead2916@sales.net,2025-08-19,cold
LD-2918,CH-1,Wonka lead6,lead2917@prospect.com,2026-09-08,HOT
LD-2919,CH-3,  Umbrella Co lead7  ,LEAD2918@LEADS.IO,03/01/2025,cold
LD-2920,CH-4,WEYLAND-YUTANI LEAD8,  lead2919@sales.net  ,2026-04-04,cold
LD-2921,CH-3,Oscorp lead9,LEAD2920@PROSPECT.COM,16-09-2025,cold
LD-2922,CH-3,STARK INDUSTRIES LEAD10,  lead2921@prospect.com  ,19-01-2026,warm
LD-2923,CH-5,black mesa lead11,LEAD2922@SALES.NET,2025-07-04,hot
LD-2924,CH-3,  LexCorp lead12  ,  lead2923@leads.io  ,2026-01-08,cold
LD-2925,CH-8,Aperture lead13,lead2924@sales.net,2026-06-16,warm
LD-2926,CH-4,Cyberdyne lead14,  lead2925@prospect.com  ,2025-11-16,hot
LD-2927,CH-8,STARK INDUSTRIES LEAD15,lead2926@sales.net,10/07/2025,cold
LD-2928,CH-4,Aperture lead16,LEAD2927@PROSPECT.COM,2026-07-16,warm
LD-2929,CH-6,LexCorp lead17,LEAD2928@LEADS.IO,08/09/2026,warm
LD-2930,CH-5,STARK INDUSTRIES LEAD18,LEAD2929@LEADS.IO,11-06-2025,warm
LD-2931,CH-5,Oscorp lead19,LEAD2930@PROSPECT.COM,2025-01-18,HOT
LD-2932,CH-6,Stark Industries lead20,  lead2931@sales.net  ,2025-06-17,cold
LD-2933,CH-1,LEXCORP LEAD21,lead2932@sales.net,2026-03-25,HOT
LD-2934,CH-4,Cyberdyne lead22,lead2933@leads.io,09/18/2025,warm
LD-2935,CH-6,  Wonka lead23  ,lead2934@leads.io,2026-02-28,HOT
LD-2936,CH-5,Wayne Enterprises lead24,LEAD2935@LEADS.IO,2025-01-04,hot
LD-2937,CH-5,Weyland-Yutani lead25,lead2936@prospect.com,14-04-2025,cold
LD-2938,CH-3,Hooli lead26,lead2937@prospect.com,2026-11-19,warm
LD-2939,CH-2,WAYNE ENTERPRISES LEAD27,lead2938@sales.net,2025-06-23,HOT
LD-2940,CH-6,Tyrell Corp lead28,  lead2939@sales.net  ,02-01-2026,cold
LD-2941,CH-8,  Umbrella Co lead29  ,lead2940@prospect.com,06/27/2025,cold
LD-2942,CH-2,Wonka lead30,lead2941@prospect.com,2025-05-12,HOT
LD-2943,CH-4,HOOLI LEAD31,lead2942@prospect.com,19-01-2025,cold
LD-2944,CH-5,Oscorp lead32,lead2943@prospect.com,17-01-2026,warm
LD-2945,CH-5,Hooli lead33,LEAD2944@PROSPECT.COM,2026-11-12,warm
LD-2946,CH-2,black mesa lead34,lead2945@prospect.com,08/02/2026,warm
LD-2947,CH-5,HOOLI LEAD35,lead2946@leads.io,2025-11-25,HOT
LD-2948,CH-7,Aperture lead36,lead2947@sales.net,2025-04-14,HOT
LD-2949,CH-5,WAYNE ENTERPRISES LEAD37,lead2948@sales.net,2025-01-11,cold
LD-2950,CH-5,INITECH LEAD38,lead2949@prospect.com,01/12/2026,hot
LD-2951,CH-2,OSCORP LEAD39,lead2950@sales.net,2025-04-26,warm
LD-2952,CH-2,lexcorp lead40,LEAD2951@SALES.NET,2026-12-17,hot
LD-2953,CH-3,MASSIVE DYNAMIC LEAD41,lead2952@leads.io,06/17/2025,cold
LD-2954,CH-6,Aperture lead42,lead2953@prospect.com,2026-07-21,hot
LD-2955,CH-3,Tyrell Corp lead43,lead2954@sales.net,24-03-2026,hot
LD-2956,CH-2,umbrella co lead44,lead2955@sales.net,2026-05-23,HOT
LD-2957,CH-8,Aperture lead45,lead2956@prospect.com,08/09/2026,hot
LD-2958,CH-3,massive dynamic lead46,LEAD2957@SALES.NET,23-03-2026,cold
LD-2959,CH-2,Black Mesa lead47,LEAD2958@LEADS.IO,06-05-2026,HOT
LD-2960,CH-6,Pied Piper lead48,  lead2959@leads.io  ,2025-01-24,warm
LD-2961,CH-5,LexCorp lead49,  lead2960@prospect.com  ,2025-03-06,HOT
LD-2962,CH-5,LexCorp lead50,  lead2961@sales.net  ,06/08/2026,cold
LD-2963,CH-6,Wayne Enterprises lead51,LEAD2962@SALES.NET,20-06-2026,warm
LD-2964,CH-8,Dunder Mifflin lead52,LEAD2963@PROSPECT.COM,05-01-2025,hot
LD-2965,CH-1,wonka lead53,  lead2964@leads.io  ,23-04-2026,cold
LD-2966,CH-7,  Wonka lead54  ,LEAD2965@SALES.NET,2025-12-08,HOT
LD-2967,CH-5,Umbrella Co lead55,LEAD2966@PROSPECT.COM,11-09-2025,HOT
LD-2968,CH-4,INITECH LEAD56,  lead2967@sales.net  ,28-07-2025,HOT
LD-2969,CH-7,Tyrell Corp lead57,lead2968@prospect.com,2025-03-02,HOT
LD-2970,CH-3,Oscorp lead58,lead2969@prospect.com,2025-07-13,hot
LD-2971,CH-8,Hooli lead59,LEAD2970@SALES.NET,2025-11-14,HOT
LD-2972,CH-7,  Wayne Enterprises lead60  ,lead2971@prospect.com,2025-07-26,cold
LD-2973,CH-4,WEYLAND-YUTANI LEAD61,  lead2972@leads.io  ,17-11-2026,warm
LD-2974,CH-8,Wayne Enterprises lead62,lead2973@leads.io,2025-05-01,warm
LD-2975,CH-2,  Oscorp lead63  ,lead2974@leads.io,10/17/2026,hot
LD-2976,CH-6,PIED PIPER LEAD64,LEAD2975@PROSPECT.COM,2025-07-06,HOT
LD-2977,CH-4,WAYNE ENTERPRISES LEAD65,  lead2976@prospect.com  ,2025-05-24,warm
LD-2978,CH-1,Hooli lead66,lead2977@sales.net,2026-03-04,cold
LD-2979,CH-1,Acme Corp lead67,lead2978@sales.net,02/25/2026,HOT
LD-2980,CH-8,Globex lead68,lead2979@sales.net,2025-07-03,warm
LD-2981,CH-4,black mesa lead69,lead2980@sales.net,2026-03-04,HOT
LD-2982,CH-5,Cyberdyne lead70,lead2981@sales.net,2026-03-22,HOT
LD-2983,CH-5,dunder mifflin lead0,LEAD2982@SALES.NET,2025-12-26,cold
LD-2984,CH-6,Globex lead1,lead2983@sales.net,01/27/2026,hot
LD-2985,CH-1,Globex lead2,  lead2984@sales.net  ,12/22/2026,cold
LD-2986,CH-7,Tyrell Corp lead3,  lead2985@sales.net  ,2026-08-04,warm
LD-2987,CH-2,APERTURE LEAD4,LEAD2986@SALES.NET,25-01-2025,hot
LD-2988,CH-6,  Blue Sun lead5  ,  lead2987@prospect.com  ,2025-02-16,cold
LD-2989,CH-2,Tyrell Corp lead6,  lead2988@sales.net  ,02-10-2026,hot
LD-2990,CH-3,HOOLI LEAD7,lead2989@leads.io,2026-06-22,hot
LD-2991,CH-2,  Umbrella Co lead8  ,lead2990@leads.io,27-09-2025,warm
LD-2992,CH-3,MASSIVE DYNAMIC LEAD9,LEAD2991@PROSPECT.COM,12/18/2025,warm
LD-2993,CH-4,GLOBEX LEAD10,  lead2992@prospect.com  ,2026-10-08,hot
LD-2994,CH-4,  Hooli lead11  ,  lead2993@prospect.com  ,05/26/2025,warm
LD-2995,CH-5,LEXCORP LEAD12,LEAD2994@PROSPECT.COM,07/18/2026,warm
LD-2996,CH-5,INITECH LEAD13,lead2995@prospect.com,2025-11-28,cold
LD-2997,CH-6,Wonka lead14,lead2996@leads.io,2026-01-01,warm
LD-2998,CH-6,PIED PIPER LEAD15,  lead2997@leads.io  ,2026-07-01,cold
LD-2999,CH-3,LEXCORP LEAD16,lead2998@leads.io,2025-09-21,cold
LD-3000,CH-5,TYRELL CORP LEAD17,LEAD2999@LEADS.IO,21-03-2026,cold
LD-3001,CH-8,VANDELAY LEAD18,lead3000@sales.net,2026-07-17,cold
LD-3002,CH-8,DUNDER MIFFLIN LEAD19,  lead3001@leads.io  ,2025-03-06,warm
LD-3003,CH-6,aperture lead20,LEAD3002@PROSPECT.COM,08-09-2025,HOT
LD-3004,CH-4,  Massive Dynamic lead21  ,lead3003@sales.net,2025-02-28,cold
LD-3005,CH-2,  Hooli lead22  ,lead3004@leads.io,01/10/2025,hot
LD-3006,CH-4,OSCORP LEAD23,lead3005@leads.io,01/07/2026,HOT
LD-3007,CH-3,Globex lead24,lead3006@prospect.com,2026-02-01,HOT
LD-3008,CH-8,APERTURE LEAD25,lead3007@sales.net,22-03-2025,HOT
LD-3009,CH-5,  Initech lead26  ,LEAD3008@SALES.NET,20-09-2026,warm
LD-3010,CH-6,Wonka lead27,  lead3009@sales.net  ,08/09/2026,cold
LD-3011,CH-1,  Hooli lead28  ,lead3010@prospect.com,06/20/2026,cold
LD-3012,CH-5,  Massive Dynamic lead29  ,LEAD3011@SALES.NET,02/04/2026,warm
LD-3013,CH-7,  Blue Sun lead30  ,lead3012@leads.io,2026-01-17,HOT
LD-3014,CH-5,  Acme Corp lead31  ,lead3013@prospect.com,24-05-2025,hot
LD-3015,CH-4,Blue Sun lead32,LEAD3014@PROSPECT.COM,08/17/2025,HOT
LD-3016,CH-8,  Globex lead33  ,lead3015@sales.net,2025-09-10,warm
LD-3017,CH-3,hooli lead34,lead3016@prospect.com,11-11-2026,HOT
LD-3018,CH-1,Globex lead35,  lead3017@sales.net  ,2026-11-26,cold
LD-3019,CH-2,pied piper lead36,  lead3018@sales.net  ,12/06/2025,warm
LD-3020,CH-8,Cyberdyne lead37,lead3019@sales.net,06-03-2025,hot
LD-3021,CH-3,  Tyrell Corp lead38  ,LEAD3020@LEADS.IO,2026-01-20,hot
LD-3022,CH-7,Weyland-Yutani lead39,lead3021@sales.net,2026-02-23,warm
LD-3023,CH-2,Blue Sun lead40,  lead3022@sales.net  ,18-02-2025,hot
LD-3024,CH-4,  Initech lead41  ,lead3023@prospect.com,25-12-2026,warm
LD-3025,CH-4,Wayne Enterprises lead42,lead3024@prospect.com,14-02-2025,hot
LD-3026,CH-3,CYBERDYNE LEAD43,LEAD3025@PROSPECT.COM,16-06-2026,hot
LD-3027,CH-6,Wayne Enterprises lead44,lead3026@prospect.com,08/24/2026,HOT
LD-3028,CH-7,Wayne Enterprises lead45,LEAD3027@SALES.NET,02/26/2025,HOT
LD-3029,CH-2,Weyland-Yutani lead46,lead3028@leads.io,15-10-2025,cold
LD-3030,CH-7,Globex lead47,lead3029@leads.io,2026-11-08,cold
LD-3031,CH-4,Globex lead48,lead3030@leads.io,2026-10-07,hot
LD-3032,CH-6,BLACK MESA LEAD49,lead3031@prospect.com,05/05/2025,HOT
LD-3033,CH-4,INITECH LEAD50,lead3032@sales.net,2026-12-17,hot
LD-3034,CH-6,Oscorp lead51,  lead3033@prospect.com  ,2025-07-11,warm
LD-3035,CH-7,Acme Corp lead52,  lead3034@leads.io  ,2025-04-12,cold
LD-3036,CH-4,OSCORP LEAD53,  lead3035@sales.net  ,24-03-2026,hot
LD-3037,CH-4,dunder mifflin lead54,lead3036@prospect.com,2025-07-19,warm
LD-3038,CH-3,Wonka lead55,lead3037@leads.io,2026-12-12,cold
LD-3039,CH-2,  Vandelay lead56  ,  lead3038@leads.io  ,02/17/2026,cold
LD-3040,CH-6,VANDELAY LEAD57,  lead3039@leads.io  ,2025-10-15,hot
LD-3041,CH-7,Umbrella Co lead58,  lead3040@leads.io  ,08/27/2025,HOT
LD-3042,CH-3,  Vandelay lead59  ,lead3041@leads.io,05/25/2025,HOT
LD-3043,CH-6,  Oscorp lead60  ,lead3042@prospect.com,05/16/2025,cold
LD-3044,CH-5,Blue Sun lead61,lead3043@sales.net,10/23/2025,warm
LD-3045,CH-4,massive dynamic lead62,lead3044@leads.io,2025-10-25,HOT
LD-3046,CH-8,Wonka lead63,  lead3045@sales.net  ,03/14/2025,warm
LD-3047,CH-8,Initech lead64,LEAD3046@PROSPECT.COM,2025-10-21,cold
LD-3048,CH-3,acme corp lead65,lead3047@leads.io,2025-10-07,cold
LD-3049,CH-7,acme corp lead66,lead3048@leads.io,10/27/2026,HOT
LD-3050,CH-8,  Black Mesa lead67  ,lead3049@prospect.com,05-08-2026,warm
LD-3051,CH-2,  Pied Piper lead68  ,lead3050@prospect.com,03/14/2025,hot
LD-3052,CH-5,Massive Dynamic lead69,lead3051@sales.net,2025-12-23,warm
LD-3053,CH-7,Tyrell Corp lead70,  lead3052@sales.net  ,20-05-2026,hot
LD-3054,CH-8,Dunder Mifflin lead0,lead3053@prospect.com,2025-02-01,HOT
LD-3055,CH-2,Hooli lead1,lead3054@sales.net,2026-06-25,warm
LD-3056,CH-8,Massive Dynamic lead2,lead3055@prospect.com,2025-05-17,hot
LD-3057,CH-3,LexCorp lead3,lead3056@prospect.com,2026-05-24,hot
LD-3058,CH-2,Acme Corp lead4,LEAD3057@SALES.NET,2025-02-26,HOT
LD-3059,CH-8,  Wonka lead5  ,  lead3058@prospect.com  ,05/13/2025,HOT
LD-3060,CH-8,PIED PIPER LEAD6,  lead3059@prospect.com  ,05/11/2025,hot
LD-3061,CH-1,Tyrell Corp lead7,  lead3060@prospect.com  ,03-01-2025,HOT
LD-3062,CH-8,  Pied Piper lead8  ,LEAD3061@SALES.NET,2026-06-07,cold
LD-3063,CH-3,  Black Mesa lead9  ,  lead3062@prospect.com  ,09/07/2025,cold
LD-3064,CH-5,Acme Corp lead10,lead3063@prospect.com,01/25/2025,cold
LD-3065,CH-4,APERTURE LEAD11,lead3064@leads.io,2025-03-27,warm
LD-3066,CH-3,WAYNE ENTERPRISES LEAD12,  lead3065@leads.io  ,2026-08-16,HOT
LD-3067,CH-3,Aperture lead13,  lead3066@leads.io  ,2026-01-04,warm
LD-3068,CH-7,  Wonka lead14  ,  lead3067@sales.net  ,25-10-2025,HOT
LD-3069,CH-8,WONKA LEAD15,LEAD3068@LEADS.IO,05/10/2026,cold
LD-3070,CH-2,Dunder Mifflin lead16,LEAD3069@SALES.NET,2025-11-04,cold
LD-3071,CH-3,  LexCorp lead17  ,lead3070@sales.net,14-05-2026,cold
LD-3072,CH-2,Oscorp lead18,lead3071@prospect.com,08-06-2026,warm
LD-3073,CH-5,Initech lead19,  lead3072@leads.io  ,2025-04-07,hot
LD-3074,CH-1,Oscorp lead20,lead3073@leads.io,2025-06-25,cold
LD-3075,CH-5,DUNDER MIFFLIN LEAD21,LEAD3074@LEADS.IO,02/06/2026,HOT
LD-3076,CH-7,TYRELL CORP LEAD22,  lead3075@sales.net  ,04/07/2025,HOT
LD-3077,CH-6,UMBRELLA CO LEAD23,LEAD3076@SALES.NET,12/01/2026,hot
LD-3078,CH-6,Weyland-Yutani lead24,  lead3077@leads.io  ,2026-03-23,hot
LD-3079,CH-4,Stark Industries lead25,LEAD3078@LEADS.IO,2026-12-04,warm
LD-3080,CH-5,MASSIVE DYNAMIC LEAD26,lead3079@prospect.com,10-11-2026,HOT
LD-3081,CH-8,Cyberdyne lead27,lead3080@leads.io,07-12-2025,warm
LD-3082,CH-2,  Black Mesa lead28  ,lead3081@leads.io,2026-04-20,warm
LD-3083,CH-3,Initech lead29,lead3082@prospect.com,2025-09-26,HOT
LD-3084,CH-1,ACME CORP LEAD30,LEAD3083@LEADS.IO,24-12-2025,warm
LD-3085,CH-4,WEYLAND-YUTANI LEAD31,lead3084@leads.io,2025-04-07,warm
LD-3086,CH-2,Blue Sun lead32,LEAD3085@SALES.NET,2025-09-20,warm
LD-3087,CH-5,Blue Sun lead33,  lead3086@prospect.com  ,01/09/2025,hot
LD-3088,CH-6,Vandelay lead34,lead3087@prospect.com,2025-04-21,cold
LD-3089,CH-2,  Vandelay lead35  ,LEAD3088@PROSPECT.COM,08/16/2025,HOT
LD-3090,CH-8,  Weyland-Yutani lead36  ,lead3089@sales.net,2025-03-26,HOT
LD-3091,CH-7,Acme Corp lead37,LEAD3090@PROSPECT.COM,2025-01-10,hot
LD-3092,CH-1,Acme Corp lead38,LEAD3091@SALES.NET,2025-02-24,hot
LD-3093,CH-7,WEYLAND-YUTANI LEAD39,lead3092@sales.net,2025-03-06,cold
LD-3094,CH-4,Massive Dynamic lead40,lead3093@prospect.com,2025-05-01,hot
LD-3095,CH-4,acme corp lead41,lead3094@prospect.com,2026-06-10,warm
LD-3096,CH-3,UMBRELLA CO LEAD42,LEAD3095@LEADS.IO,2025-06-03,cold
LD-3097,CH-4,BLACK MESA LEAD43,lead3096@prospect.com,2025-05-27,warm
LD-3098,CH-1,Oscorp lead44,lead3097@prospect.com,2025-06-13,HOT
LD-3099,CH-2,APERTURE LEAD45,  lead3098@leads.io  ,2025-11-25,cold
LD-3100,CH-6,MASSIVE DYNAMIC LEAD46,lead3099@leads.io,06/18/2026,hot
LD-3101,CH-7,BLUE SUN LEAD47,lead3100@prospect.com,2026-02-08,warm
LD-3102,CH-3,Stark Industries lead48,  lead3101@leads.io  ,08-08-2026,hot
LD-3103,CH-8,weyland-yutani lead49,lead3102@prospect.com,09/15/2025,cold
LD-3104,CH-5,  Tyrell Corp lead50  ,lead3103@sales.net,2026-04-10,cold
LD-3105,CH-4,VANDELAY LEAD51,  lead3104@leads.io  ,25-06-2025,cold
LD-3106,CH-6,Hooli lead52,lead3105@leads.io,2025-12-06,HOT
LD-3107,CH-3,Stark Industries lead53,lead3106@leads.io,2025-04-18,hot
LD-3108,CH-2,Weyland-Yutani lead54,lead3107@prospect.com,02/21/2026,cold
LD-3109,CH-3,  Initech lead55  ,LEAD3108@PROSPECT.COM,2026-05-08,hot
LD-3110,CH-2,Aperture lead56,lead3109@sales.net,08/21/2025,warm
LD-3111,CH-7,initech lead57,lead3110@leads.io,2025-10-22,HOT
LD-3112,CH-6,Stark Industries lead58,lead3111@prospect.com,2026-11-01,HOT
LD-3113,CH-8,lexcorp lead59,  lead3112@prospect.com  ,2025-02-26,cold
LD-3114,CH-8,wayne enterprises lead60,lead3113@leads.io,2026-12-27,HOT
LD-3115,CH-1,Initech lead61,lead3114@sales.net,2025-07-03,hot
LD-3116,CH-2,Vandelay lead62,lead3115@prospect.com,2025-12-14,hot
LD-3117,CH-4,  Wonka lead63  ,lead3116@prospect.com,2025-10-19,warm
LD-3118,CH-7,  Dunder Mifflin lead64  ,lead3117@sales.net,2025-06-01,warm
LD-3119,CH-8,  Vandelay lead65  ,lead3118@sales.net,2026-04-24,HOT
LD-3120,CH-1,acme corp lead66,lead3119@leads.io,2025-07-06,hot
LD-3121,CH-8,LexCorp lead67,lead3120@prospect.com,2025-11-05,HOT
LD-3122,CH-3,Stark Industries lead68,lead3121@leads.io,14-04-2025,HOT
LD-3123,CH-1,Aperture lead69,lead3122@prospect.com,01/18/2026,warm
LD-3124,CH-6,  Globex lead70  ,  lead3123@leads.io  ,05-05-2026,warm
LD-3125,CH-3,STARK INDUSTRIES LEAD0,LEAD3124@SALES.NET,2026-06-20,hot
LD-3126,CH-4,Wayne Enterprises lead1,lead3125@leads.io,18-02-2025,HOT
LD-3127,CH-2,Wonka lead2,  lead3126@prospect.com  ,03/17/2026,hot
LD-3128,CH-3,Blue Sun lead3,lead3127@sales.net,06/05/2025,cold
LD-3129,CH-6,  Stark Industries lead4  ,lead3128@prospect.com,2026-12-03,hot
LD-3130,CH-3,Cyberdyne lead5,lead3129@prospect.com,06/04/2025,warm
LD-3131,CH-5,Wayne Enterprises lead6,lead3130@sales.net,02/14/2025,warm
LD-3132,CH-3,  Blue Sun lead7  ,lead3131@prospect.com,05-04-2025,HOT
LD-3133,CH-1,Pied Piper lead8,lead3132@leads.io,2025-11-26,hot
LD-3134,CH-5,PIED PIPER LEAD9,LEAD3133@PROSPECT.COM,01-11-2026,HOT
LD-3135,CH-6,Dunder Mifflin lead10,lead3134@leads.io,2025-03-01,warm
LD-3136,CH-8,LEXCORP LEAD11,lead3135@leads.io,2025-01-13,hot
LD-3137,CH-5,Cyberdyne lead12,lead3136@sales.net,2026-03-18,HOT
LD-3138,CH-3,Oscorp lead13,LEAD3137@SALES.NET,2026-12-08,hot
LD-3139,CH-4,LEXCORP LEAD14,  lead3138@prospect.com  ,06/01/2026,hot
LD-3140,CH-2,Acme Corp lead15,lead3139@sales.net,03/15/2026,warm
LD-3141,CH-3,  Stark Industries lead16  ,lead3140@leads.io,2025-11-22,hot
LD-3142,CH-7,  Black Mesa lead17  ,lead3141@prospect.com,27-09-2025,warm
LD-3143,CH-3,Massive Dynamic lead18,lead3142@sales.net,10-03-2025,HOT
LD-3144,CH-5,Tyrell Corp lead19,  lead3143@prospect.com  ,2026-11-12,hot
LD-3145,CH-7,Dunder Mifflin lead20,LEAD3144@SALES.NET,2026-11-14,cold
LD-3146,CH-4,GLOBEX LEAD21,LEAD3145@PROSPECT.COM,2025-08-04,cold
LD-3147,CH-1,  Wonka lead22  ,lead3146@leads.io,2025-07-01,cold
LD-3148,CH-4,Umbrella Co lead23,  lead3147@sales.net  ,2026-05-18,cold
LD-3149,CH-3,lexcorp lead24,lead3148@sales.net,28-07-2025,cold
LD-3150,CH-5,Acme Corp lead25,lead3149@prospect.com,17-02-2026,hot
LD-3151,CH-1,Hooli lead26,lead3150@sales.net,2026-06-25,HOT
LD-3152,CH-5,VANDELAY LEAD27,lead3151@prospect.com,07/27/2025,HOT
LD-3153,CH-8,  Oscorp lead28  ,LEAD3152@LEADS.IO,2026-05-19,HOT
LD-3154,CH-8,WAYNE ENTERPRISES LEAD29,lead3153@prospect.com,2026-12-02,HOT
LD-3155,CH-2,weyland-yutani lead30,lead3154@prospect.com,2026-11-03,hot
LD-3156,CH-2,Wayne Enterprises lead31,  lead3155@prospect.com  ,07/06/2026,hot
LD-3157,CH-7,CYBERDYNE LEAD32,lead3156@prospect.com,09-06-2026,hot
LD-3158,CH-4,BLACK MESA LEAD33,lead3157@prospect.com,08/27/2026,hot
LD-3159,CH-7,Blue Sun lead34,  lead3158@prospect.com  ,01/12/2025,warm
LD-3160,CH-3,umbrella co lead35,lead3159@sales.net,04/26/2025,cold
LD-3161,CH-3,pied piper lead36,lead3160@prospect.com,2026-07-19,hot
LD-3162,CH-2,  Acme Corp lead37  ,LEAD3161@LEADS.IO,2025-08-26,warm
LD-3163,CH-6,INITECH LEAD38,lead3162@prospect.com,13-02-2026,HOT
LD-3164,CH-6,  Blue Sun lead39  ,  lead3163@leads.io  ,2025-11-20,cold
LD-3165,CH-1,STARK INDUSTRIES LEAD40,lead3164@prospect.com,18-02-2025,warm
LD-3166,CH-2,Black Mesa lead41,lead3165@prospect.com,08/24/2026,hot
LD-3167,CH-2,Aperture lead42,  lead3166@prospect.com  ,01/01/2025,HOT
LD-3168,CH-2,Aperture lead43,lead3167@prospect.com,02/21/2025,cold
LD-3169,CH-6,Tyrell Corp lead44,  lead3168@leads.io  ,11/05/2025,HOT
LD-3170,CH-2,  LexCorp lead45  ,LEAD3169@LEADS.IO,2025-12-16,HOT
LD-3171,CH-5,Wayne Enterprises lead46,lead3170@sales.net,2026-10-23,warm
LD-3172,CH-6,Wonka lead47,lead3171@sales.net,2025-02-25,HOT
LD-3173,CH-5,Globex lead48,lead3172@prospect.com,2025-10-23,hot
LD-3174,CH-5,  Globex lead49  ,LEAD3173@LEADS.IO,07-05-2026,hot
LD-3175,CH-5,HOOLI LEAD50,  lead3174@leads.io  ,11/11/2026,hot
LD-3176,CH-8,APERTURE LEAD51,lead3175@leads.io,2025-02-03,cold
LD-3177,CH-4,  Wayne Enterprises lead52  ,lead3176@prospect.com,04/17/2025,hot
LD-3178,CH-3,Tyrell Corp lead53,LEAD3177@SALES.NET,2026-11-20,warm
LD-3179,CH-6,Globex lead54,lead3178@prospect.com,2026-07-16,warm
LD-3180,CH-2,Wayne Enterprises lead55,lead3179@sales.net,07/28/2025,cold
LD-3181,CH-8,Massive Dynamic lead56,lead3180@sales.net,04-10-2026,warm
LD-3182,CH-7,Stark Industries lead57,LEAD3181@PROSPECT.COM,05/10/2026,HOT
LD-3183,CH-8,Wayne Enterprises lead58,lead3182@sales.net,03/26/2025,warm
LD-3184,CH-7,Stark Industries lead59,LEAD3183@PROSPECT.COM,01/27/2025,HOT
LD-3185,CH-1,stark industries lead60,  lead3184@prospect.com  ,2026-04-04,hot
LD-3186,CH-2,UMBRELLA CO LEAD61,lead3185@prospect.com,27-08-2025,cold
LD-3187,CH-6,Umbrella Co lead62,LEAD3186@SALES.NET,2025-10-01,warm
LD-3188,CH-8,CYBERDYNE LEAD63,  lead3187@sales.net  ,2025-12-26,warm
LD-3189,CH-4,WEYLAND-YUTANI LEAD64,LEAD3188@LEADS.IO,2026-12-18,cold
LD-3190,CH-8,LexCorp lead65,LEAD3189@SALES.NET,2025-02-13,warm
LD-3191,CH-7,WEYLAND-YUTANI LEAD66,  lead3190@prospect.com  ,27-11-2026,HOT
LD-3192,CH-7,Wayne Enterprises lead67,lead3191@sales.net,2025-06-21,warm
LD-3193,CH-3,pied piper lead68,  lead3192@sales.net  ,2026-03-04,HOT
LD-3194,CH-1,Wonka lead69,LEAD3193@SALES.NET,2026-03-04,cold
LD-3195,CH-1,Cyberdyne lead70,lead3194@leads.io,08/07/2025,cold
LD-3196,CH-5,Wonka lead0,lead3195@prospect.com,19-08-2025,warm
LD-3197,CH-5,GLOBEX LEAD1,LEAD3196@PROSPECT.COM,06/07/2026,cold
LD-3198,CH-4,  Wonka lead2  ,lead3197@leads.io,2026-03-01,warm
LD-3199,CH-5,  Blue Sun lead3  ,  lead3198@prospect.com  ,2026-09-05,cold
LD-3200,CH-5,VANDELAY LEAD4,LEAD3199@SALES.NET,11/13/2026,cold
LD-3201,CH-2,Oscorp lead5,lead3200@leads.io,07/19/2026,warm
LD-3202,CH-5,Hooli lead6,lead3201@leads.io,08-10-2026,HOT
LD-3203,CH-6,Oscorp lead7,lead3202@sales.net,2025-02-01,cold
LD-3204,CH-8,umbrella co lead8,LEAD3203@LEADS.IO,13-10-2026,warm
LD-3205,CH-2,Hooli lead9,lead3204@prospect.com,2025-03-20,HOT
LD-3206,CH-8,aperture lead10,lead3205@sales.net,2025-09-27,cold
LD-3207,CH-1,pied piper lead11,lead3206@prospect.com,2026-01-05,cold
LD-3208,CH-2,  Globex lead12  ,  lead3207@sales.net  ,2025-07-19,cold
LD-3209,CH-6,Umbrella Co lead13,  lead3208@leads.io  ,02/10/2025,cold
LD-3210,CH-6,Black Mesa lead14,lead3209@prospect.com,14-04-2026,hot
LD-3211,CH-4,VANDELAY LEAD15,lead3210@leads.io,2025-04-22,cold
LD-3212,CH-6,  Pied Piper lead16  ,  lead3211@leads.io  ,02/08/2025,HOT
LD-3213,CH-2,LexCorp lead17,lead3212@sales.net,2025-06-23,HOT
LD-3214,CH-5,  Umbrella Co lead18  ,lead3213@sales.net,02/28/2025,HOT
LD-3215,CH-7,Black Mesa lead19,lead3214@prospect.com,2025-12-07,HOT
LD-3216,CH-2,LEXCORP LEAD20,LEAD3215@LEADS.IO,2025-11-03,cold
LD-3217,CH-8,MASSIVE DYNAMIC LEAD21,lead3216@leads.io,2025-06-01,HOT
LD-3218,CH-4,  Wonka lead22  ,lead3217@prospect.com,01-06-2025,cold
LD-3219,CH-7,WAYNE ENTERPRISES LEAD23,lead3218@sales.net,11/21/2026,warm
LD-3220,CH-4,  Umbrella Co lead24  ,LEAD3219@SALES.NET,2026-11-12,warm
LD-3221,CH-3,Initech lead25,  lead3220@leads.io  ,15-10-2026,hot
LD-3222,CH-7,DUNDER MIFFLIN LEAD26,  lead3221@prospect.com  ,12/04/2025,warm
LD-3223,CH-2,UMBRELLA CO LEAD27,lead3222@prospect.com,2026-04-01,warm
LD-3224,CH-3,Oscorp lead28,  lead3223@prospect.com  ,02/02/2025,hot
LD-3225,CH-1,  Globex lead29  ,lead3224@leads.io,2025-11-20,warm
LD-3226,CH-7,Acme Corp lead30,lead3225@prospect.com,2025-08-11,cold
LD-3227,CH-8,oscorp lead31,lead3226@leads.io,06/15/2026,warm
LD-3228,CH-2,Globex lead32,  lead3227@sales.net  ,2026-09-14,warm
LD-3229,CH-4,Umbrella Co lead33,lead3228@sales.net,2025-04-07,cold
LD-3230,CH-5,WONKA LEAD34,LEAD3229@PROSPECT.COM,04/28/2025,HOT
LD-3231,CH-6,BLUE SUN LEAD35,lead3230@leads.io,10-12-2025,cold
LD-3232,CH-6,Weyland-Yutani lead36,LEAD3231@LEADS.IO,10/01/2025,cold
LD-3233,CH-3,Blue Sun lead37,lead3232@sales.net,01/25/2025,warm
LD-3234,CH-7,  Cyberdyne lead38  ,lead3233@sales.net,10/25/2025,HOT
LD-3235,CH-6,MASSIVE DYNAMIC LEAD39,  lead3234@sales.net  ,2026-04-18,hot
LD-3236,CH-5,Umbrella Co lead40,  lead3235@prospect.com  ,06/22/2025,warm
LD-3237,CH-4,Vandelay lead41,lead3236@leads.io,20-12-2025,cold
LD-3238,CH-5,Initech lead42,  lead3237@leads.io  ,2025-03-28,cold
LD-3239,CH-3,Stark Industries lead43,lead3238@sales.net,2025-06-14,hot
LD-3240,CH-2,  Globex lead44  ,lead3239@sales.net,2026-02-24,hot
LD-3241,CH-4,  Wayne Enterprises lead45  ,lead3240@leads.io,01-05-2025,hot
LD-3242,CH-2,LexCorp lead46,lead3241@leads.io,01-06-2025,warm
LD-3243,CH-7,  Pied Piper lead47  ,lead3242@prospect.com,22-07-2025,cold
LD-3244,CH-6,Blue Sun lead48,LEAD3243@LEADS.IO,2026-11-26,warm
LD-3245,CH-8,  Umbrella Co lead49  ,lead3244@sales.net,2026-09-17,warm
LD-3246,CH-8,  Stark Industries lead50  ,lead3245@prospect.com,05/07/2026,warm
LD-3247,CH-2,tyrell corp lead51,  lead3246@leads.io  ,08/15/2026,hot
LD-3248,CH-2,Wayne Enterprises lead52,lead3247@prospect.com,2026-03-11,hot
LD-3249,CH-2,Wonka lead53,LEAD3248@PROSPECT.COM,2025-10-12,warm
LD-3250,CH-3,  Aperture lead54  ,lead3249@sales.net,2026-07-05,warm
LD-3251,CH-5,Tyrell Corp lead55,lead3250@leads.io,2026-12-25,cold
LD-3252,CH-8,WAYNE ENTERPRISES LEAD56,  lead3251@leads.io  ,07/23/2025,cold
LD-3253,CH-5,umbrella co lead57,  lead3252@sales.net  ,2026-09-28,HOT
LD-3254,CH-6,Umbrella Co lead58,lead3253@prospect.com,2026-01-08,HOT
LD-3255,CH-2,  Hooli lead59  ,lead3254@leads.io,2025-07-22,warm
LD-3256,CH-5,Globex lead60,LEAD3255@PROSPECT.COM,05/11/2026,hot
LD-3257,CH-4,Dunder Mifflin lead61,lead3256@leads.io,2025-03-03,hot
LD-3258,CH-3,Oscorp lead62,  lead3257@prospect.com  ,09/20/2025,HOT
LD-3259,CH-4,Acme Corp lead63,lead3258@leads.io,2025-05-05,warm
LD-3260,CH-8,Initech lead64,lead3259@sales.net,2026-01-17,HOT
LD-3261,CH-1,  LexCorp lead65  ,lead3260@prospect.com,09/23/2025,hot
LD-3262,CH-1,Pied Piper lead66,  lead3261@sales.net  ,09/12/2026,warm
LD-3263,CH-3,HOOLI LEAD67,lead3262@sales.net,01/24/2026,HOT
LD-3264,CH-5,Dunder Mifflin lead68,lead3263@prospect.com,06-06-2025,hot
LD-3265,CH-5,Wonka lead69,lead3264@sales.net,2025-05-05,warm
LD-3266,CH-7,Cyberdyne lead70,lead3265@leads.io,2025-07-14,cold
LD-3267,CH-2,UMBRELLA CO LEAD0,lead3266@prospect.com,2025-10-27,cold
LD-3268,CH-4,WONKA LEAD1,  lead3267@leads.io  ,2025-02-25,cold
LD-3269,CH-2,Aperture lead2,lead3268@sales.net,2026-02-22,hot
LD-3270,CH-8,Oscorp lead3,LEAD3269@SALES.NET,2025-08-08,hot
LD-3271,CH-4,Wayne Enterprises lead4,  lead3270@prospect.com  ,2026-11-24,cold
LD-3272,CH-4,Dunder Mifflin lead5,lead3271@leads.io,23-11-2026,warm
LD-3273,CH-3,Aperture lead6,LEAD3272@PROSPECT.COM,2025-04-06,cold
LD-3274,CH-1,HOOLI LEAD7,lead3273@prospect.com,2025-02-15,warm
LD-3275,CH-5,STARK INDUSTRIES LEAD8,lead3274@sales.net,2026-05-10,cold
LD-3276,CH-3,Tyrell Corp lead9,lead3275@leads.io,2025-09-14,HOT
LD-3277,CH-4,Aperture lead10,LEAD3276@PROSPECT.COM,05/19/2026,warm
LD-3278,CH-1,Acme Corp lead11,LEAD3277@SALES.NET,2025-04-19,cold
LD-3279,CH-2,  Pied Piper lead12  ,lead3278@sales.net,2026-05-01,HOT
LD-3280,CH-7,Blue Sun lead13,lead3279@prospect.com,03/03/2025,cold
LD-3281,CH-1,tyrell corp lead14,  lead3280@sales.net  ,09/23/2026,hot
LD-3282,CH-1,pied piper lead15,LEAD3281@SALES.NET,2026-06-12,cold
LD-3283,CH-4,Vandelay lead16,LEAD3282@LEADS.IO,01-07-2025,warm
LD-3284,CH-8,DUNDER MIFFLIN LEAD17,lead3283@prospect.com,2025-07-16,HOT
LD-3285,CH-2,  Wonka lead18  ,lead3284@prospect.com,2026-05-28,hot
LD-3286,CH-1,  Massive Dynamic lead19  ,  lead3285@sales.net  ,21-07-2026,HOT
LD-3287,CH-2,  Wonka lead20  ,lead3286@prospect.com,06-11-2025,warm
LD-3288,CH-4,Wayne Enterprises lead21,lead3287@prospect.com,13-02-2026,HOT
LD-3289,CH-2,PIED PIPER LEAD22,  lead3288@sales.net  ,16-12-2026,warm
LD-3290,CH-2,INITECH LEAD23,LEAD3289@LEADS.IO,2026-08-25,cold
LD-3291,CH-7,Acme Corp lead24,LEAD3290@PROSPECT.COM,24-08-2025,HOT
LD-3292,CH-6,  Pied Piper lead25  ,lead3291@leads.io,2026-03-26,hot
LD-3293,CH-1,  Acme Corp lead26  ,lead3292@leads.io,22-12-2025,warm
LD-3294,CH-5,Oscorp lead27,lead3293@leads.io,2025-02-27,warm
LD-3295,CH-8,  Cyberdyne lead28  ,LEAD3294@PROSPECT.COM,2026-06-24,HOT
LD-3296,CH-6,Stark Industries lead29,lead3295@sales.net,2026-07-07,hot
LD-3297,CH-2,Wayne Enterprises lead30,  lead3296@sales.net  ,06/17/2026,cold
LD-3298,CH-1,WAYNE ENTERPRISES LEAD31,lead3297@prospect.com,02/14/2025,HOT
LD-3299,CH-2,Massive Dynamic lead32,lead3298@prospect.com,2026-05-22,cold
LD-3300,CH-2,Stark Industries lead33,lead3299@prospect.com,2026-01-13,HOT
LD-3301,CH-3,  Hooli lead34  ,  lead3300@sales.net  ,11/01/2026,cold
LD-3302,CH-3,Hooli lead35,lead3301@sales.net,2025-08-01,cold
LD-3303,CH-3,Aperture lead36,LEAD3302@SALES.NET,2026-03-28,HOT
LD-3304,CH-5,Acme Corp lead37,  lead3303@prospect.com  ,2026-10-20,warm
LD-3305,CH-8,Blue Sun lead38,lead3304@leads.io,02/11/2026,cold
LD-3306,CH-5,Massive Dynamic lead39,  lead3305@prospect.com  ,2025-08-09,cold
LD-3307,CH-7,  Blue Sun lead40  ,  lead3306@prospect.com  ,2025-06-24,cold
LD-3308,CH-7,  Wayne Enterprises lead41  ,lead3307@leads.io,2025-12-15,HOT
LD-3309,CH-2,Tyrell Corp lead42,lead3308@prospect.com,21-01-2025,warm
LD-3310,CH-5,Oscorp lead43,  lead3309@sales.net  ,11/10/2025,cold
LD-3311,CH-8,Vandelay lead44,lead3310@sales.net,2026-10-02,cold
LD-3312,CH-4,Wonka lead45,lead3311@prospect.com,13-09-2026,cold
LD-3313,CH-2,TYRELL CORP LEAD46,  lead3312@prospect.com  ,2025-07-21,hot
LD-3314,CH-7,  Umbrella Co lead47  ,LEAD3313@LEADS.IO,07/25/2026,hot
LD-3315,CH-1,VANDELAY LEAD48,lead3314@leads.io,2025-08-17,warm
LD-3316,CH-3,WAYNE ENTERPRISES LEAD49,  lead3315@prospect.com  ,23-01-2026,cold
LD-3317,CH-2,  Pied Piper lead50  ,lead3316@prospect.com,2026-12-25,cold
LD-3318,CH-8,wayne enterprises lead51,lead3317@prospect.com,04/24/2026,hot
LD-3319,CH-3,Oscorp lead52,  lead3318@sales.net  ,12/13/2025,cold
LD-3320,CH-6,  Umbrella Co lead53  ,lead3319@leads.io,01/13/2026,HOT
LD-3321,CH-6,stark industries lead54,LEAD3320@PROSPECT.COM,01/01/2025,hot
LD-3322,CH-3,Weyland-Yutani lead55,LEAD3321@SALES.NET,06/20/2025,HOT
LD-3323,CH-4,vandelay lead56,LEAD3322@PROSPECT.COM,27-07-2026,hot
LD-3324,CH-4,Vandelay lead57,lead3323@prospect.com,20-04-2026,hot
LD-3325,CH-4,Stark Industries lead58,  lead3324@sales.net  ,04/18/2026,cold
LD-3326,CH-3,LexCorp lead59,LEAD3325@LEADS.IO,01/05/2026,hot
LD-3327,CH-2,Pied Piper lead60,lead3326@leads.io,2026-10-03,HOT
LD-3328,CH-1,Vandelay lead61,lead3327@sales.net,2025-05-06,cold
LD-3329,CH-6,pied piper lead62,  lead3328@prospect.com  ,2025-11-16,hot
LD-3330,CH-3,Hooli lead63,lead3329@leads.io,02/02/2026,HOT
LD-3331,CH-6,Aperture lead64,  lead3330@prospect.com  ,09/02/2025,cold
LD-3332,CH-6,Weyland-Yutani lead65,lead3331@prospect.com,03-11-2026,warm
LD-3333,CH-1,Oscorp lead66,lead3332@prospect.com,04/10/2025,HOT
LD-3334,CH-1,DUNDER MIFFLIN LEAD67,  lead3333@prospect.com  ,12/01/2026,hot
LD-3335,CH-6,Wonka lead68,LEAD3334@SALES.NET,18-05-2025,hot
LD-3336,CH-3,  Wonka lead69  ,lead3335@prospect.com,2026-07-22,warm
LD-3337,CH-6,Tyrell Corp lead70,LEAD3336@SALES.NET,11/26/2026,HOT
LD-3338,CH-4,wayne enterprises lead0,LEAD3337@SALES.NET,2026-02-26,hot
LD-3339,CH-5,  LexCorp lead1  ,lead3338@prospect.com,2025-01-07,warm
LD-3340,CH-6,Pied Piper lead2,LEAD3339@SALES.NET,11/09/2025,cold
LD-3341,CH-3,BLACK MESA LEAD3,LEAD3340@PROSPECT.COM,09/22/2026,HOT
LD-3342,CH-1,Initech lead4,  lead3341@sales.net  ,2026-12-14,HOT
LD-3343,CH-8,INITECH LEAD5,lead3342@leads.io,14-02-2025,warm
LD-3344,CH-2,  Vandelay lead6  ,  lead3343@leads.io  ,2025-08-22,warm
LD-3345,CH-5,Pied Piper lead7,lead3344@prospect.com,27-09-2025,hot
LD-3346,CH-1,stark industries lead8,LEAD3345@SALES.NET,10/26/2025,cold
LD-3347,CH-8,Oscorp lead9,lead3346@prospect.com,2026-02-12,hot
LD-3348,CH-6,Dunder Mifflin lead10,lead3347@prospect.com,2025-03-02,hot
LD-3349,CH-2,Oscorp lead11,lead3348@prospect.com,2026-03-15,warm
LD-3350,CH-3,INITECH LEAD12,  lead3349@sales.net  ,20-04-2026,HOT
LD-3351,CH-4,Dunder Mifflin lead13,lead3350@leads.io,2025-06-04,HOT
LD-3352,CH-5,APERTURE LEAD14,  lead3351@leads.io  ,2026-07-05,hot
LD-3353,CH-4,Tyrell Corp lead15,lead3352@prospect.com,18-11-2025,HOT
LD-3354,CH-3,Cyberdyne lead16,lead3353@prospect.com,14-03-2026,hot
LD-3355,CH-6,Globex lead17,lead3354@prospect.com,03/19/2026,warm
LD-3356,CH-2,Umbrella Co lead18,lead3355@sales.net,2026-02-20,hot
LD-3357,CH-8,Black Mesa lead19,lead3356@sales.net,05/24/2025,hot
LD-3358,CH-3,Weyland-Yutani lead20,lead3357@sales.net,08/24/2026,hot
LD-3359,CH-5,wonka lead21,LEAD3358@SALES.NET,10/04/2025,warm
LD-3360,CH-5,BLUE SUN LEAD22,  lead3359@leads.io  ,2025-04-16,HOT
LD-3361,CH-2,Wayne Enterprises lead23,lead3360@sales.net,16-07-2025,cold
LD-3362,CH-8,Umbrella Co lead24,lead3361@leads.io,2026-05-16,cold
LD-3363,CH-6,  Umbrella Co lead25  ,lead3362@sales.net,07/12/2025,HOT
LD-3364,CH-2,Blue Sun lead26,LEAD3363@PROSPECT.COM,03-11-2026,warm
LD-3365,CH-1,  Umbrella Co lead27  ,  lead3364@sales.net  ,26-06-2026,warm
LD-3366,CH-7,  Stark Industries lead28  ,lead3365@leads.io,08/11/2026,HOT
LD-3367,CH-6,CYBERDYNE LEAD29,lead3366@prospect.com,2026-06-22,hot
LD-3368,CH-2,  Stark Industries lead30  ,lead3367@leads.io,2026-05-09,warm
LD-3369,CH-7,  LexCorp lead31  ,lead3368@prospect.com,16-12-2026,warm
LD-3370,CH-6,Globex lead32,  lead3369@leads.io  ,2026-11-25,cold
LD-3371,CH-1,Oscorp lead33,LEAD3370@LEADS.IO,2026-02-05,hot
LD-3372,CH-2,  Initech lead34  ,  lead3371@leads.io  ,2026-08-25,warm
LD-3373,CH-5,Globex lead35,LEAD3372@PROSPECT.COM,03-09-2025,HOT
LD-3374,CH-8,BLACK MESA LEAD36,  lead3373@prospect.com  ,2026-10-19,cold
LD-3375,CH-2,Blue Sun lead37,LEAD3374@PROSPECT.COM,2026-02-05,HOT
LD-3376,CH-8,LexCorp lead38,lead3375@sales.net,2026-04-11,hot
LD-3377,CH-6,  Vandelay lead39  ,lead3376@sales.net,2026-10-04,warm
LD-3378,CH-4,Cyberdyne lead40,lead3377@leads.io,2026-03-02,warm
LD-3379,CH-6,Oscorp lead41,lead3378@leads.io,2026-03-20,HOT
LD-3380,CH-8,Cyberdyne lead42,lead3379@leads.io,2026-10-24,hot
LD-3381,CH-4,CYBERDYNE LEAD43,LEAD3380@SALES.NET,04/05/2025,hot
LD-3382,CH-2,  Tyrell Corp lead44  ,LEAD3381@LEADS.IO,2025-04-18,HOT
LD-3383,CH-6,GLOBEX LEAD45,lead3382@prospect.com,2026-01-16,HOT
LD-3384,CH-8,hooli lead46,lead3383@prospect.com,08/01/2025,hot
LD-3385,CH-4,  Globex lead47  ,  lead3384@leads.io  ,2025-01-20,cold
LD-3386,CH-2,Blue Sun lead48,  lead3385@sales.net  ,2025-10-19,cold
LD-3387,CH-6,  Hooli lead49  ,LEAD3386@SALES.NET,06/20/2026,cold
LD-3388,CH-4,INITECH LEAD50,LEAD3387@LEADS.IO,10/01/2025,cold
LD-3389,CH-1,Dunder Mifflin lead51,lead3388@leads.io,2025-07-17,HOT
LD-3390,CH-5,  Stark Industries lead52  ,lead3389@sales.net,2025-11-08,cold
LD-3391,CH-6,WEYLAND-YUTANI LEAD53,  lead3390@leads.io  ,13-09-2025,cold
LD-3392,CH-7,Pied Piper lead54,lead3391@prospect.com,2025-01-16,cold
LD-3393,CH-6,HOOLI LEAD55,lead3392@sales.net,12/16/2026,HOT
LD-3394,CH-2,  Blue Sun lead56  ,lead3393@sales.net,2026-01-05,HOT
LD-3395,CH-8,Tyrell Corp lead57,LEAD3394@PROSPECT.COM,2025-01-24,hot
LD-3396,CH-5,Black Mesa lead58,lead3395@sales.net,11/06/2026,hot
LD-3397,CH-4,  Stark Industries lead59  ,  lead3396@sales.net  ,2026-05-20,warm
LD-3398,CH-7,  Umbrella Co lead60  ,LEAD3397@PROSPECT.COM,02/06/2025,warm
LD-3399,CH-4,VANDELAY LEAD61,LEAD3398@LEADS.IO,05/20/2026,hot
LD-3400,CH-7,Weyland-Yutani lead62,lead3399@sales.net,2025-09-15,warm
LD-3401,CH-1,umbrella co lead63,lead3400@leads.io,2025-05-18,HOT
LD-3402,CH-4,  Aperture lead64  ,lead3401@prospect.com,09/10/2025,cold
LD-3403,CH-3,LEXCORP LEAD65,lead3402@sales.net,2026-06-07,warm
LD-3404,CH-4,Dunder Mifflin lead66,lead3403@prospect.com,2025-11-01,cold
LD-3405,CH-1,Pied Piper lead67,LEAD3404@PROSPECT.COM,10/08/2026,cold
LD-3406,CH-7,WAYNE ENTERPRISES LEAD68,LEAD3405@PROSPECT.COM,26-02-2026,hot
LD-3407,CH-7,DUNDER MIFFLIN LEAD69,lead3406@sales.net,05/15/2026,hot
LD-3408,CH-3,HOOLI LEAD70,  lead3407@leads.io  ,2025-03-13,hot
LD-3409,CH-1,  Hooli lead0  ,lead3408@prospect.com,06/19/2026,warm
LD-3410,CH-7,Blue Sun lead1,lead3409@prospect.com,11/17/2026,HOT
LD-3411,CH-1,Blue Sun lead2,lead3410@prospect.com,07/20/2026,warm
LD-3412,CH-2,Massive Dynamic lead3,lead3411@leads.io,16-06-2026,HOT
LD-3413,CH-7,Globex lead4,lead3412@leads.io,2025-03-15,hot
LD-3414,CH-4,initech lead5,lead3413@leads.io,2025-11-05,HOT
LD-3415,CH-6,Stark Industries lead6,LEAD3414@SALES.NET,06-10-2026,hot
LD-3416,CH-8,  Cyberdyne lead7  ,lead3415@leads.io,11/11/2026,hot
LD-3417,CH-2,Acme Corp lead8,  lead3416@leads.io  ,2025-02-14,HOT
LD-3418,CH-6,OSCORP LEAD9,lead3417@prospect.com,2026-01-14,cold
LD-3419,CH-8,lexcorp lead10,  lead3418@leads.io  ,2025-06-22,hot
LD-3420,CH-1,pied piper lead11,lead3419@leads.io,27-12-2026,warm
LD-3421,CH-7,TYRELL CORP LEAD12,lead3420@leads.io,10/01/2026,HOT
LD-3422,CH-2,INITECH LEAD13,LEAD3421@SALES.NET,2025-08-23,HOT
LD-3423,CH-3,Massive Dynamic lead14,lead3422@leads.io,01/20/2026,warm
LD-3424,CH-3,Vandelay lead15,  lead3423@leads.io  ,2026-12-07,HOT
LD-3425,CH-2,  Oscorp lead16  ,LEAD3424@LEADS.IO,06/28/2025,hot
LD-3426,CH-2,Black Mesa lead17,  lead3425@prospect.com  ,01/11/2026,warm
LD-3427,CH-7,black mesa lead18,  lead3426@sales.net  ,04-08-2025,HOT
LD-3428,CH-3,UMBRELLA CO LEAD19,  lead3427@sales.net  ,2026-05-17,warm
LD-3429,CH-3,Wonka lead20,  lead3428@sales.net  ,2026-04-07,hot
LD-3430,CH-2,Globex lead21,LEAD3429@LEADS.IO,2026-06-13,warm
LD-3431,CH-5,Black Mesa lead22,  lead3430@sales.net  ,2025-10-03,warm
LD-3432,CH-6,  Umbrella Co lead23  ,lead3431@prospect.com,2025-10-04,cold
LD-3433,CH-7,WEYLAND-YUTANI LEAD24,  lead3432@prospect.com  ,2026-02-01,cold
LD-3434,CH-2,Blue Sun lead25,lead3433@prospect.com,2026-11-05,HOT
LD-3435,CH-4,Wonka lead26,lead3434@sales.net,2025-04-10,HOT
LD-3436,CH-4,LexCorp lead27,lead3435@leads.io,2026-10-23,cold
LD-3437,CH-2,  Stark Industries lead28  ,LEAD3436@PROSPECT.COM,04/09/2026,HOT
LD-3438,CH-1,Acme Corp lead29,lead3437@sales.net,2025-06-03,warm
LD-3439,CH-7,  Globex lead30  ,  lead3438@leads.io  ,2025-08-25,HOT
LD-3440,CH-4,LexCorp lead31,  lead3439@sales.net  ,2025-03-01,HOT
LD-3441,CH-4,dunder mifflin lead32,lead3440@leads.io,2026-08-09,HOT
LD-3442,CH-3,cyberdyne lead33,lead3441@leads.io,09/24/2026,hot
LD-3443,CH-1,wayne enterprises lead34,  lead3442@leads.io  ,09/04/2025,cold
LD-3444,CH-5,wayne enterprises lead35,LEAD3443@PROSPECT.COM,07-05-2026,warm
LD-3445,CH-7,Oscorp lead36,lead3444@leads.io,2025-01-12,hot
LD-3446,CH-7,Initech lead37,  lead3445@prospect.com  ,11/17/2026,cold
LD-3447,CH-5,Massive Dynamic lead38,lead3446@leads.io,2026-02-11,HOT
LD-3448,CH-6,Vandelay lead39,lead3447@prospect.com,08-07-2025,hot
LD-3449,CH-2,Weyland-Yutani lead40,LEAD3448@LEADS.IO,2025-03-13,warm
LD-3450,CH-7,APERTURE LEAD41,lead3449@leads.io,12/24/2026,cold
LD-3451,CH-8,  Blue Sun lead42  ,lead3450@sales.net,2026-10-10,warm
LD-3452,CH-6,  Wonka lead43  ,lead3451@prospect.com,2025-05-06,HOT
LD-3453,CH-8,UMBRELLA CO LEAD44,lead3452@leads.io,01/01/2025,HOT
LD-3454,CH-8,Massive Dynamic lead45,  lead3453@leads.io  ,20-01-2026,hot
LD-3455,CH-4,Tyrell Corp lead46,lead3454@leads.io,2026-10-01,cold
LD-3456,CH-2,  Oscorp lead47  ,LEAD3455@LEADS.IO,2026-09-02,hot
LD-3457,CH-2,Globex lead48,LEAD3456@SALES.NET,04/05/2025,hot
LD-3458,CH-1,  Acme Corp lead49  ,lead3457@leads.io,2025-09-01,hot
LD-3459,CH-2,Tyrell Corp lead50,LEAD3458@PROSPECT.COM,2025-05-19,hot
LD-3460,CH-3,LexCorp lead51,lead3459@leads.io,06/07/2025,warm
LD-3461,CH-4,Globex lead52,lead3460@leads.io,09/24/2025,hot
LD-3462,CH-1,Hooli lead53,lead3461@sales.net,2025-12-06,cold
LD-3463,CH-8,Blue Sun lead54,lead3462@prospect.com,08-12-2025,cold
LD-3464,CH-3,Acme Corp lead55,lead3463@leads.io,2025-05-14,warm
LD-3465,CH-8,Dunder Mifflin lead56,lead3464@sales.net,11-03-2025,HOT
LD-3466,CH-5,GLOBEX LEAD57,  lead3465@prospect.com  ,2025-02-11,hot
LD-3467,CH-8,Dunder Mifflin lead58,lead3466@leads.io,13-10-2026,warm
LD-3468,CH-8,WONKA LEAD59,  lead3467@sales.net  ,2026-05-17,HOT
LD-3469,CH-4,DUNDER MIFFLIN LEAD60,lead3468@prospect.com,2025-06-28,HOT
LD-3470,CH-1,aperture lead61,LEAD3469@PROSPECT.COM,09/11/2026,hot
LD-3471,CH-8,  Wayne Enterprises lead62  ,lead3470@sales.net,08/03/2025,warm
LD-3472,CH-1,WAYNE ENTERPRISES LEAD63,  lead3471@prospect.com  ,2026-07-02,hot
LD-3473,CH-1,Dunder Mifflin lead64,lead3472@leads.io,2025-06-07,HOT
LD-3474,CH-7,Dunder Mifflin lead65,lead3473@prospect.com,16-07-2026,cold
LD-3475,CH-2,  Massive Dynamic lead66  ,lead3474@prospect.com,10/09/2026,hot
LD-3476,CH-7,  Vandelay lead67  ,lead3475@sales.net,2025-05-03,HOT
LD-3477,CH-4,blue sun lead68,lead3476@prospect.com,2025-04-04,HOT
LD-3478,CH-4,Massive Dynamic lead69,lead3477@leads.io,15-01-2026,HOT
LD-3479,CH-6,cyberdyne lead70,lead3478@sales.net,03/05/2025,hot
LD-3480,CH-8,Blue Sun lead0,LEAD3479@LEADS.IO,2025-01-27,hot
LD-3481,CH-7,Aperture lead1,lead3480@prospect.com,09/13/2025,hot
LD-3482,CH-4,  Dunder Mifflin lead2  ,  lead3481@prospect.com  ,2026-09-16,cold
LD-3483,CH-4,UMBRELLA CO LEAD3,lead3482@sales.net,10-01-2026,cold
LD-3484,CH-7,  Pied Piper lead4  ,  lead3483@sales.net  ,2025-09-21,warm
LD-3485,CH-4,Weyland-Yutani lead5,lead3484@prospect.com,2026-02-11,hot
LD-3486,CH-5,VANDELAY LEAD6,lead3485@prospect.com,2026-08-20,cold
LD-3487,CH-3,Tyrell Corp lead7,lead3486@sales.net,07-02-2026,HOT
LD-3488,CH-6,DUNDER MIFFLIN LEAD8,LEAD3487@PROSPECT.COM,01/20/2025,warm
LD-3489,CH-3,Wonka lead9,  lead3488@prospect.com  ,09-11-2026,HOT
LD-3490,CH-1,Weyland-Yutani lead10,lead3489@leads.io,06/21/2025,cold
LD-3491,CH-6,BLUE SUN LEAD11,lead3490@prospect.com,12/04/2025,cold
LD-3492,CH-2,Oscorp lead12,lead3491@leads.io,05/12/2026,hot
LD-3493,CH-4,Stark Industries lead13,lead3492@prospect.com,2025-10-07,HOT
LD-3494,CH-6,  LexCorp lead14  ,lead3493@leads.io,11/11/2026,HOT
LD-3495,CH-2,pied piper lead15,lead3494@sales.net,2026-10-28,warm
LD-3496,CH-3,  Aperture lead16  ,  lead3495@sales.net  ,08/02/2025,HOT
LD-3497,CH-2,black mesa lead17,lead3496@sales.net,2026-06-21,warm
LD-3498,CH-4,  Pied Piper lead18  ,LEAD3497@SALES.NET,04/13/2026,cold
LD-3499,CH-1,Initech lead19,LEAD3498@LEADS.IO,08/14/2025,cold
LD-3500,CH-8,Cyberdyne lead20,lead3499@leads.io,2025-04-24,hot
LD-3501,CH-6,Initech lead21,lead3500@prospect.com,08/17/2026,warm
LD-3502,CH-3,LEXCORP LEAD22,lead3501@sales.net,10/23/2025,cold
LD-3503,CH-6,  Dunder Mifflin lead23  ,lead3502@sales.net,2025-05-28,warm
LD-3504,CH-6,Massive Dynamic lead24,  lead3503@leads.io  ,03/03/2025,warm
LD-3505,CH-2,TYRELL CORP LEAD25,LEAD3504@PROSPECT.COM,2026-04-20,HOT
LD-3506,CH-8,Massive Dynamic lead26,lead3505@sales.net,03/09/2026,HOT
LD-3507,CH-7,  Oscorp lead27  ,lead3506@leads.io,2025-03-11,HOT
LD-3508,CH-3,OSCORP LEAD28,lead3507@leads.io,13-03-2026,cold
LD-3509,CH-7,Dunder Mifflin lead29,  lead3508@prospect.com  ,2025-02-05,HOT
LD-3510,CH-1,  LexCorp lead30  ,LEAD3509@LEADS.IO,07/03/2025,cold
LD-3511,CH-4,Blue Sun lead31,  lead3510@sales.net  ,01/27/2026,HOT
LD-3512,CH-5,Umbrella Co lead32,lead3511@sales.net,2026-08-23,hot
LD-3513,CH-3,CYBERDYNE LEAD33,lead3512@leads.io,2026-11-28,cold
LD-3514,CH-1,Oscorp lead34,lead3513@sales.net,2025-08-28,HOT
LD-3515,CH-1,Oscorp lead35,lead3514@sales.net,2026-08-08,cold
LD-3516,CH-3,Aperture lead36,lead3515@prospect.com,2026-02-21,hot
LD-3517,CH-4,massive dynamic lead37,  lead3516@prospect.com  ,2025-07-06,warm
LD-3518,CH-7,MASSIVE DYNAMIC LEAD38,  lead3517@prospect.com  ,2026-10-26,warm
LD-3519,CH-3,Oscorp lead39,  lead3518@sales.net  ,10/28/2025,cold
LD-3520,CH-7,umbrella co lead40,  lead3519@leads.io  ,17-07-2026,HOT
LD-3521,CH-6,cyberdyne lead41,lead3520@leads.io,04/11/2025,cold
LD-3522,CH-2,blue sun lead42,  lead3521@prospect.com  ,03/17/2025,warm
LD-3523,CH-2,Dunder Mifflin lead43,lead3522@sales.net,2025-09-20,warm
LD-3524,CH-6,OSCORP LEAD44,lead3523@sales.net,09/27/2025,cold
LD-3525,CH-8,MASSIVE DYNAMIC LEAD45,lead3524@prospect.com,2026-02-13,cold
LD-3526,CH-1,  Dunder Mifflin lead46  ,lead3525@prospect.com,2026-10-10,warm
LD-3527,CH-1,Dunder Mifflin lead47,lead3526@leads.io,07/23/2025,warm
LD-3528,CH-7,Stark Industries lead48,lead3527@sales.net,11-04-2026,warm
LD-3529,CH-2,  Weyland-Yutani lead49  ,lead3528@sales.net,2025-11-04,cold
LD-3530,CH-8,  Black Mesa lead50  ,lead3529@prospect.com,26-09-2025,warm
LD-3531,CH-5,Umbrella Co lead51,lead3530@sales.net,2025-10-24,hot
LD-3532,CH-5,WAYNE ENTERPRISES LEAD52,lead3531@prospect.com,04/15/2026,warm
LD-3533,CH-1,Globex lead53,lead3532@leads.io,03/02/2025,warm
LD-3534,CH-3,Tyrell Corp lead54,lead3533@leads.io,2026-01-10,hot
LD-3535,CH-3,Dunder Mifflin lead55,lead3534@leads.io,28-01-2025,cold
LD-3536,CH-8,  Initech lead56  ,  lead3535@leads.io  ,2025-04-08,cold
LD-3537,CH-6,  Weyland-Yutani lead57  ,  lead3536@sales.net  ,2026-12-06,warm
LD-3538,CH-5,OSCORP LEAD58,lead3537@prospect.com,10/19/2026,hot
LD-3539,CH-8,  Cyberdyne lead59  ,lead3538@prospect.com,06/22/2026,warm
LD-3540,CH-7,  Black Mesa lead60  ,lead3539@leads.io,2025-07-02,HOT
LD-3541,CH-4,vandelay lead61,lead3540@leads.io,2025-01-18,HOT
LD-3542,CH-8,  Aperture lead62  ,  lead3541@leads.io  ,2026-02-07,HOT
LD-3543,CH-4,Vandelay lead63,lead3542@leads.io,02/26/2025,HOT
LD-3544,CH-2,HOOLI LEAD64,  lead3543@sales.net  ,12/15/2025,HOT
LD-3545,CH-6,LexCorp lead65,lead3544@sales.net,03/08/2026,warm
LD-3546,CH-7,Stark Industries lead66,LEAD3545@PROSPECT.COM,2026-02-26,cold
LD-3547,CH-8,  Oscorp lead67  ,lead3546@sales.net,2025-09-05,hot
LD-3548,CH-3,Initech lead68,  lead3547@sales.net  ,06-08-2025,HOT
LD-3549,CH-7,Wonka lead69,lead3548@leads.io,02/04/2026,warm
LD-3550,CH-5,Wonka lead70,lead3549@prospect.com,07/16/2025,hot
LD-3551,CH-3,Oscorp lead0,lead3550@leads.io,06/15/2026,warm
LD-3552,CH-4,  Blue Sun lead1  ,lead3551@prospect.com,17-10-2026,HOT
LD-3553,CH-6,BLUE SUN LEAD2,LEAD3552@PROSPECT.COM,16-04-2026,hot
LD-3554,CH-2,  Globex lead3  ,lead3553@prospect.com,2025-03-09,hot
LD-3555,CH-1,pied piper lead4,  lead3554@sales.net  ,2026-08-19,HOT
LD-3556,CH-6,Stark Industries lead5,LEAD3555@LEADS.IO,2025-03-22,cold
LD-3557,CH-2,umbrella co lead6,lead3556@sales.net,08/23/2025,hot
LD-3558,CH-7,Wonka lead7,lead3557@leads.io,2025-06-20,hot
LD-3559,CH-4,Stark Industries lead8,lead3558@leads.io,01/08/2026,HOT
LD-3560,CH-7,Wayne Enterprises lead9,lead3559@sales.net,08/14/2026,cold
LD-3561,CH-7,BLUE SUN LEAD10,lead3560@prospect.com,2025-07-15,hot
LD-3562,CH-8,  Initech lead11  ,LEAD3561@SALES.NET,2026-08-05,warm
LD-3563,CH-7,  Vandelay lead12  ,LEAD3562@SALES.NET,2026-11-25,warm
LD-3564,CH-1,Umbrella Co lead13,lead3563@leads.io,2025-10-05,HOT
LD-3565,CH-4,MASSIVE DYNAMIC LEAD14,  lead3564@sales.net  ,12/20/2026,warm
LD-3566,CH-2,Umbrella Co lead15,  lead3565@prospect.com  ,2026-06-24,hot
LD-3567,CH-4,massive dynamic lead16,  lead3566@prospect.com  ,12/01/2026,warm
LD-3568,CH-2,hooli lead17,lead3567@sales.net,2025-06-13,hot
LD-3569,CH-3,Oscorp lead18,  lead3568@prospect.com  ,2025-04-19,cold
LD-3570,CH-1,initech lead19,lead3569@leads.io,2026-03-10,HOT
LD-3571,CH-6,Weyland-Yutani lead20,  lead3570@sales.net  ,2026-01-10,warm
LD-3572,CH-5,STARK INDUSTRIES LEAD21,  lead3571@prospect.com  ,2026-02-08,hot
LD-3573,CH-7,WEYLAND-YUTANI LEAD22,lead3572@leads.io,2026-02-10,cold
LD-3574,CH-8,INITECH LEAD23,lead3573@leads.io,2026-04-23,cold
LD-3575,CH-5,VANDELAY LEAD24,lead3574@prospect.com,2025-12-27,hot
LD-3576,CH-8,  Umbrella Co lead25  ,LEAD3575@PROSPECT.COM,03-04-2025,cold
LD-3577,CH-6,LexCorp lead26,lead3576@prospect.com,26-02-2025,warm
LD-3578,CH-2,BLACK MESA LEAD27,lead3577@prospect.com,03/25/2026,warm
LD-3579,CH-5,Aperture lead28,lead3578@sales.net,2026-07-20,HOT
LD-3580,CH-6,  Massive Dynamic lead29  ,lead3579@prospect.com,08/01/2025,cold
LD-3581,CH-6,  Wonka lead30  ,  lead3580@leads.io  ,2026-08-04,cold
LD-3582,CH-6,Blue Sun lead31,LEAD3581@SALES.NET,04-02-2025,warm
LD-3583,CH-1,Pied Piper lead32,LEAD3582@LEADS.IO,2026-11-25,hot
LD-3584,CH-4,Pied Piper lead33,lead3583@leads.io,2026-10-12,warm
LD-3585,CH-1,Dunder Mifflin lead34,lead3584@sales.net,09-06-2026,hot
LD-3586,CH-2,Wayne Enterprises lead35,lead3585@sales.net,2025-04-07,HOT
LD-3587,CH-5,WEYLAND-YUTANI LEAD36,lead3586@prospect.com,2025-04-18,hot
LD-3588,CH-2,Black Mesa lead37,lead3587@leads.io,2026-08-14,warm
LD-3589,CH-2,  Cyberdyne lead38  ,  lead3588@sales.net  ,2026-09-27,HOT
LD-3590,CH-7,Wonka lead39,lead3589@prospect.com,2026-05-20,HOT
LD-3591,CH-4,  Black Mesa lead40  ,LEAD3590@SALES.NET,11/22/2025,cold
LD-3592,CH-3,Tyrell Corp lead41,lead3591@sales.net,2026-06-25,HOT
LD-3593,CH-3,INITECH LEAD42,lead3592@leads.io,08-10-2025,hot
LD-3594,CH-1,  Oscorp lead43  ,lead3593@leads.io,12/01/2026,hot
LD-3595,CH-1,Umbrella Co lead44,lead3594@leads.io,07/26/2026,HOT
LD-3596,CH-2,  Blue Sun lead45  ,LEAD3595@LEADS.IO,2025-06-11,warm
LD-3597,CH-6,Cyberdyne lead46,  lead3596@sales.net  ,11/10/2025,hot
LD-3598,CH-4,Globex lead47,lead3597@sales.net,09-08-2026,warm
LD-3599,CH-8,Vandelay lead48,  lead3598@leads.io  ,2026-10-07,warm
LD-3600,CH-6,  Oscorp lead49  ,  lead3599@leads.io  ,2026-11-26,hot
LD-3601,CH-3,PIED PIPER LEAD50,lead3600@leads.io,2025-10-19,HOT
LD-3602,CH-6,  LexCorp lead51  ,lead3601@prospect.com,2025-09-22,hot
LD-3603,CH-3,  Vandelay lead52  ,LEAD3602@LEADS.IO,2025-02-21,cold
LD-3604,CH-7,Oscorp lead53,lead3603@leads.io,01/25/2025,warm
LD-3605,CH-3,Tyrell Corp lead54,lead3604@prospect.com,11/25/2026,cold
LD-3606,CH-8,  LexCorp lead55  ,  lead3605@leads.io  ,2026-07-23,cold
LD-3607,CH-7,WAYNE ENTERPRISES LEAD56,LEAD3606@SALES.NET,23-01-2025,HOT
LD-3608,CH-3,Pied Piper lead57,lead3607@prospect.com,19-12-2026,HOT
LD-3609,CH-6,STARK INDUSTRIES LEAD58,LEAD3608@SALES.NET,09/06/2025,HOT
LD-3610,CH-6,  Weyland-Yutani lead59  ,lead3609@prospect.com,2025-02-02,warm
LD-3611,CH-7,  Wayne Enterprises lead60  ,  lead3610@leads.io  ,2025-10-25,hot
LD-3612,CH-8,Hooli lead61,lead3611@sales.net,06/18/2025,HOT
LD-3613,CH-2,CYBERDYNE LEAD62,lead3612@leads.io,2026-02-12,HOT
LD-3614,CH-5,VANDELAY LEAD63,lead3613@prospect.com,2026-04-24,hot
LD-3615,CH-4,OSCORP LEAD64,LEAD3614@LEADS.IO,2025-01-28,cold
LD-3616,CH-8,Pied Piper lead65,lead3615@sales.net,10/16/2025,HOT
LD-3617,CH-6,Globex lead66,lead3616@prospect.com,2025-03-10,cold
LD-3618,CH-6,Weyland-Yutani lead67,LEAD3617@PROSPECT.COM,2026-11-10,hot
LD-3619,CH-8,OSCORP LEAD68,lead3618@sales.net,09/02/2026,HOT
LD-3620,CH-7,Blue Sun lead69,lead3619@leads.io,2025-02-19,hot
LD-3621,CH-2,Initech lead70,LEAD3620@LEADS.IO,06/05/2025,HOT
LD-3622,CH-3,HOOLI LEAD0,LEAD3621@PROSPECT.COM,2026-08-19,hot
LD-3623,CH-4,Oscorp lead1,lead3622@leads.io,11/04/2025,HOT
LD-3624,CH-7,Acme Corp lead2,  lead3623@prospect.com  ,2026-03-21,cold
LD-3625,CH-4,BLUE SUN LEAD3,LEAD3624@SALES.NET,06-04-2025,cold
LD-3626,CH-3,Dunder Mifflin lead4,LEAD3625@LEADS.IO,15-08-2026,warm
LD-3627,CH-6,VANDELAY LEAD5,  lead3626@prospect.com  ,2025-12-27,HOT
LD-3628,CH-4,Globex lead6,lead3627@prospect.com,2025-05-12,HOT
LD-3629,CH-4,weyland-yutani lead7,  lead3628@prospect.com  ,2025-06-14,warm
LD-3630,CH-2,Wonka lead8,lead3629@leads.io,20-08-2025,cold
LD-3631,CH-2,BLACK MESA LEAD9,lead3630@leads.io,2026-09-02,warm
LD-3632,CH-3,Oscorp lead10,lead3631@sales.net,2026-11-25,hot
LD-3633,CH-5,Wayne Enterprises lead11,lead3632@leads.io,10/14/2026,HOT
LD-3634,CH-1,  Weyland-Yutani lead12  ,lead3633@leads.io,2026-12-11,cold
LD-3635,CH-7,Vandelay lead13,LEAD3634@SALES.NET,2026-02-19,cold
LD-3636,CH-5,Wonka lead14,  lead3635@sales.net  ,09/03/2025,hot
LD-3637,CH-7,WEYLAND-YUTANI LEAD15,lead3636@leads.io,12/06/2026,HOT
LD-3638,CH-3,BLACK MESA LEAD16,  lead3637@prospect.com  ,25-02-2026,hot
LD-3639,CH-1,BLACK MESA LEAD17,lead3638@sales.net,06/22/2025,HOT
LD-3640,CH-7,  Black Mesa lead18  ,LEAD3639@LEADS.IO,24-01-2025,warm
LD-3641,CH-2,Tyrell Corp lead19,lead3640@leads.io,08/21/2026,warm
LD-3642,CH-3,Oscorp lead20,  lead3641@leads.io  ,01/28/2026,cold
LD-3643,CH-1,Globex lead21,lead3642@leads.io,2026-01-18,hot
LD-3644,CH-3,ACME CORP LEAD22,lead3643@sales.net,10/16/2025,cold
LD-3645,CH-3,OSCORP LEAD23,LEAD3644@SALES.NET,2025-07-01,HOT
LD-3646,CH-4,cyberdyne lead24,  lead3645@leads.io  ,21-10-2025,cold
LD-3647,CH-8,  Weyland-Yutani lead25  ,LEAD3646@PROSPECT.COM,10/28/2025,cold
LD-3648,CH-4,LEXCORP LEAD26,lead3647@prospect.com,2026-04-15,HOT
LD-3649,CH-3,Blue Sun lead27,  lead3648@prospect.com  ,07-07-2026,cold
LD-3650,CH-8,Black Mesa lead28,  lead3649@sales.net  ,10/17/2025,hot
LD-3651,CH-1,Tyrell Corp lead29,  lead3650@prospect.com  ,07/02/2026,cold
LD-3652,CH-4,WAYNE ENTERPRISES LEAD30,LEAD3651@SALES.NET,01/26/2025,hot
LD-3653,CH-1,WONKA LEAD31,  lead3652@sales.net  ,20-08-2025,HOT
LD-3654,CH-2,Aperture lead32,lead3653@sales.net,02/12/2025,cold
LD-3655,CH-3,pied piper lead33,lead3654@leads.io,05/13/2025,HOT
LD-3656,CH-6,  Cyberdyne lead34  ,  lead3655@prospect.com  ,2026-07-24,hot
LD-3657,CH-5,  Cyberdyne lead35  ,lead3656@sales.net,2026-10-19,HOT
LD-3658,CH-3,Stark Industries lead36,lead3657@sales.net,2025-12-16,cold
LD-3659,CH-6,Wonka lead37,lead3658@leads.io,2026-07-01,hot
LD-3660,CH-4,Umbrella Co lead38,  lead3659@prospect.com  ,2025-04-21,cold
LD-3661,CH-2,Umbrella Co lead39,LEAD3660@LEADS.IO,2026-03-24,HOT
LD-3662,CH-3,APERTURE LEAD40,  lead3661@sales.net  ,2026-04-08,cold
LD-3663,CH-3,Massive Dynamic lead41,lead3662@leads.io,2026-01-21,HOT
LD-3664,CH-4,  Vandelay lead42  ,lead3663@prospect.com,09-01-2026,HOT
LD-3665,CH-4,Wonka lead43,lead3664@sales.net,2026-07-22,HOT
LD-3666,CH-1,  Wayne Enterprises lead44  ,lead3665@prospect.com,09/16/2025,cold
LD-3667,CH-4,Acme Corp lead45,lead3666@prospect.com,2026-09-01,warm
LD-3668,CH-7,Pied Piper lead46,lead3667@prospect.com,2026-09-27,cold
LD-3669,CH-3,  Tyrell Corp lead47  ,lead3668@prospect.com,08/18/2025,HOT
LD-3670,CH-8,  Oscorp lead48  ,lead3669@sales.net,10/09/2026,hot
LD-3671,CH-1,Acme Corp lead49,lead3670@leads.io,14-12-2025,warm
LD-3672,CH-4,Blue Sun lead50,lead3671@prospect.com,2026-12-04,HOT
LD-3673,CH-4,DUNDER MIFFLIN LEAD51,LEAD3672@SALES.NET,2026-01-17,hot
LD-3674,CH-4,Stark Industries lead52,LEAD3673@PROSPECT.COM,05/10/2025,hot
LD-3675,CH-5,APERTURE LEAD53,LEAD3674@LEADS.IO,2026-05-12,warm
LD-3676,CH-3,  Blue Sun lead54  ,lead3675@prospect.com,2025-04-09,warm
LD-3677,CH-4,Wonka lead55,  lead3676@sales.net  ,2026-09-23,cold
LD-3678,CH-6,Dunder Mifflin lead56,lead3677@sales.net,05-10-2026,hot
LD-3679,CH-6,Wayne Enterprises lead57,  lead3678@prospect.com  ,09-02-2025,hot
LD-3680,CH-3,Black Mesa lead58,lead3679@prospect.com,2026-02-12,cold
LD-3681,CH-6,Cyberdyne lead59,lead3680@prospect.com,19-03-2026,warm
LD-3682,CH-2,UMBRELLA CO LEAD60,lead3681@sales.net,02/22/2025,HOT
LD-3683,CH-6,HOOLI LEAD61,LEAD3682@LEADS.IO,08-07-2025,warm
LD-3684,CH-1,  Initech lead62  ,lead3683@sales.net,04/19/2026,hot
LD-3685,CH-7,Globex lead63,lead3684@leads.io,12/27/2025,warm
LD-3686,CH-1,dunder mifflin lead64,lead3685@leads.io,15-02-2025,hot
LD-3687,CH-5,LEXCORP LEAD65,lead3686@prospect.com,2025-08-13,HOT
LD-3688,CH-5,  Tyrell Corp lead66  ,lead3687@leads.io,2026-03-17,HOT
LD-3689,CH-1,Massive Dynamic lead67,lead3688@sales.net,2026-11-15,HOT
LD-3690,CH-3,APERTURE LEAD68,lead3689@leads.io,2025-07-11,warm
LD-3691,CH-1,Pied Piper lead69,lead3690@sales.net,27-05-2026,HOT
LD-3692,CH-7,STARK INDUSTRIES LEAD70,lead3691@sales.net,2025-10-22,warm
LD-3693,CH-7,Vandelay lead0,lead3692@prospect.com,09/07/2025,HOT
LD-3694,CH-6,LexCorp lead1,lead3693@sales.net,2026-01-18,warm
LD-3695,CH-2,BLACK MESA LEAD2,lead3694@leads.io,25-11-2026,hot
LD-3696,CH-3,  Weyland-Yutani lead3  ,LEAD3695@PROSPECT.COM,02/27/2026,cold
LD-3697,CH-8,PIED PIPER LEAD4,lead3696@sales.net,02/20/2026,warm
LD-3698,CH-2,Dunder Mifflin lead5,lead3697@sales.net,05/26/2026,HOT
LD-3699,CH-4,  Umbrella Co lead6  ,lead3698@prospect.com,06/02/2026,warm
LD-3700,CH-2,Weyland-Yutani lead7,lead3699@prospect.com,23-10-2025,hot
LD-3701,CH-1,Umbrella Co lead8,lead3700@leads.io,03-08-2026,cold
LD-3702,CH-1,Oscorp lead9,lead3701@sales.net,2025-11-17,warm
LD-3703,CH-5,Oscorp lead10,LEAD3702@PROSPECT.COM,2026-12-25,HOT
LD-3704,CH-4,dunder mifflin lead11,lead3703@leads.io,05-04-2026,cold
LD-3705,CH-1,TYRELL CORP LEAD12,lead3704@leads.io,06/11/2026,warm
LD-3706,CH-2,Blue Sun lead13,lead3705@leads.io,24-03-2026,warm
LD-3707,CH-4,Black Mesa lead14,lead3706@prospect.com,13-08-2025,cold
LD-3708,CH-7,Vandelay lead15,lead3707@prospect.com,02/24/2026,HOT
LD-3709,CH-8,  Vandelay lead16  ,  lead3708@prospect.com  ,09/17/2026,warm
LD-3710,CH-2,  Blue Sun lead17  ,  lead3709@leads.io  ,2025-07-17,cold
LD-3711,CH-7,LexCorp lead18,lead3710@prospect.com,2026-01-16,cold
LD-3712,CH-3,Tyrell Corp lead19,lead3711@leads.io,2025-11-05,HOT
LD-3713,CH-5,Wayne Enterprises lead20,lead3712@sales.net,2026-06-28,hot
LD-3714,CH-3,Hooli lead21,LEAD3713@PROSPECT.COM,28-07-2025,cold
LD-3715,CH-6,Vandelay lead22,lead3714@prospect.com,2025-02-20,warm
LD-3716,CH-6,LexCorp lead23,lead3715@leads.io,06-04-2025,hot
LD-3717,CH-6,Stark Industries lead24,lead3716@sales.net,23-05-2025,HOT
LD-3718,CH-5,lexcorp lead25,lead3717@leads.io,03/19/2025,hot
LD-3719,CH-1,BLACK MESA LEAD26,lead3718@prospect.com,2025-05-17,hot
LD-3720,CH-8,Blue Sun lead27,  lead3719@leads.io  ,2025-02-23,HOT
LD-3721,CH-2,Hooli lead28,  lead3720@prospect.com  ,21-05-2025,warm
LD-3722,CH-6,  Dunder Mifflin lead29  ,lead3721@prospect.com,2025-07-08,warm
LD-3723,CH-7,Pied Piper lead30,lead3722@leads.io,2026-05-02,hot
LD-3724,CH-8,Initech lead31,LEAD3723@SALES.NET,16-03-2026,warm
LD-3725,CH-2,pied piper lead32,lead3724@prospect.com,2026-12-01,warm
LD-3726,CH-4,Oscorp lead33,lead3725@sales.net,2026-03-19,HOT
LD-3727,CH-3,Pied Piper lead34,lead3726@prospect.com,03/23/2026,HOT
LD-3728,CH-1,weyland-yutani lead35,LEAD3727@PROSPECT.COM,2026-11-06,hot
LD-3729,CH-4,  Tyrell Corp lead36  ,  lead3728@sales.net  ,2026-03-18,cold
LD-3730,CH-5,Stark Industries lead37,lead3729@sales.net,2026-02-19,cold
LD-3731,CH-6,Initech lead38,  lead3730@prospect.com  ,2026-09-26,HOT
LD-3732,CH-2,CYBERDYNE LEAD39,lead3731@prospect.com,07/18/2026,HOT
LD-3733,CH-5,ACME CORP LEAD40,lead3732@sales.net,2025-06-19,cold
LD-3734,CH-1,CYBERDYNE LEAD41,lead3733@prospect.com,03/19/2025,HOT
LD-3735,CH-1,Dunder Mifflin lead42,  lead3734@leads.io  ,10/24/2025,hot
LD-3736,CH-2,Initech lead43,lead3735@sales.net,2025-05-24,HOT
LD-3737,CH-3,STARK INDUSTRIES LEAD44,lead3736@prospect.com,2025-11-18,cold
LD-3738,CH-2,Dunder Mifflin lead45,lead3737@leads.io,2026-06-13,cold
LD-3739,CH-4,Umbrella Co lead46,LEAD3738@PROSPECT.COM,2025-09-20,hot
LD-3740,CH-1,PIED PIPER LEAD47,  lead3739@leads.io  ,2026-10-02,HOT
LD-3741,CH-2,  Globex lead48  ,  lead3740@leads.io  ,12/11/2026,HOT
LD-3742,CH-6,  Aperture lead49  ,lead3741@sales.net,2025-12-09,HOT
LD-3743,CH-7,VANDELAY LEAD50,lead3742@prospect.com,10/03/2026,hot
LD-3744,CH-6,  Wonka lead51  ,LEAD3743@SALES.NET,20-09-2026,HOT
LD-3745,CH-8,Tyrell Corp lead52,lead3744@prospect.com,04-04-2026,HOT
LD-3746,CH-4,BLACK MESA LEAD53,lead3745@leads.io,2025-02-02,hot
LD-3747,CH-6,CYBERDYNE LEAD54,lead3746@leads.io,04/18/2026,HOT
LD-3748,CH-3,Dunder Mifflin lead55,LEAD3747@SALES.NET,15-10-2026,hot
LD-3749,CH-1,VANDELAY LEAD56,lead3748@leads.io,2025-03-07,cold
LD-3750,CH-8,Cyberdyne lead57,  lead3749@prospect.com  ,2025-02-23,hot
LD-3751,CH-2,MASSIVE DYNAMIC LEAD58,lead3750@leads.io,2026-06-23,HOT
LD-3752,CH-8,  Blue Sun lead59  ,lead3751@sales.net,19-07-2025,cold
LD-3753,CH-4,LexCorp lead60,  lead3752@sales.net  ,2026-10-27,HOT
LD-3754,CH-8,  Tyrell Corp lead61  ,lead3753@sales.net,2025-03-17,warm
LD-3755,CH-8,  LexCorp lead62  ,lead3754@prospect.com,11/10/2026,HOT
LD-3756,CH-3,  Hooli lead63  ,  lead3755@leads.io  ,2025-05-28,HOT
LD-3757,CH-6,  Vandelay lead64  ,lead3756@leads.io,12/26/2025,warm
LD-3758,CH-4,Pied Piper lead65,lead3757@leads.io,09/04/2025,hot
LD-3759,CH-7,  Blue Sun lead66  ,lead3758@leads.io,04-06-2025,cold
LD-3760,CH-6,Cyberdyne lead67,lead3759@prospect.com,05/08/2025,warm
LD-3761,CH-6,Wonka lead68,LEAD3760@PROSPECT.COM,2026-04-02,hot
LD-3762,CH-8,  LexCorp lead69  ,  lead3761@prospect.com  ,04/04/2026,cold
LD-3763,CH-3,INITECH LEAD70,LEAD3762@LEADS.IO,2026-04-17,cold
LD-3764,CH-8,  Stark Industries lead0  ,  lead3763@sales.net  ,06/10/2025,cold
LD-3765,CH-6,Hooli lead1,lead3764@prospect.com,18-08-2025,warm
LD-3766,CH-3,  Initech lead2  ,LEAD3765@PROSPECT.COM,23-05-2025,cold
LD-3767,CH-1,Wayne Enterprises lead3,lead3766@leads.io,2026-10-18,HOT
LD-3768,CH-6,  Stark Industries lead4  ,lead3767@leads.io,01/09/2026,hot
LD-3769,CH-7,Dunder Mifflin lead5,lead3768@prospect.com,08/02/2026,warm
LD-3770,CH-2,Blue Sun lead6,lead3769@leads.io,05/18/2026,cold
LD-3771,CH-3,Hooli lead7,LEAD3770@LEADS.IO,2025-08-16,warm
LD-3772,CH-4,Tyrell Corp lead8,LEAD3771@SALES.NET,02/16/2025,HOT
LD-3773,CH-7,Pied Piper lead9,lead3772@leads.io,2025-11-12,HOT
LD-3774,CH-3,MASSIVE DYNAMIC LEAD10,lead3773@sales.net,2025-08-12,HOT
LD-3775,CH-2,  LexCorp lead11  ,LEAD3774@SALES.NET,09/25/2025,HOT
LD-3776,CH-7,WEYLAND-YUTANI LEAD12,lead3775@prospect.com,11/20/2025,warm
LD-3777,CH-2,Umbrella Co lead13,lead3776@sales.net,10/14/2026,hot
LD-3778,CH-8,  Massive Dynamic lead14  ,lead3777@prospect.com,2026-09-03,warm
LD-3779,CH-8,Wonka lead15,lead3778@sales.net,04/15/2025,cold
LD-3780,CH-1,  Wonka lead16  ,lead3779@leads.io,14-06-2026,cold
LD-3781,CH-3,Acme Corp lead17,  lead3780@prospect.com  ,12/19/2026,cold
LD-3782,CH-1,Tyrell Corp lead18,lead3781@prospect.com,2026-07-27,cold
LD-3783,CH-4,  Weyland-Yutani lead19  ,lead3782@prospect.com,12/13/2026,hot
LD-3784,CH-7,Stark Industries lead20,  lead3783@prospect.com  ,2026-01-12,cold
LD-3785,CH-5,acme corp lead21,lead3784@prospect.com,11/28/2025,warm
LD-3786,CH-8,APERTURE LEAD22,  lead3785@sales.net  ,27-09-2026,HOT
LD-3787,CH-1,WONKA LEAD23,lead3786@leads.io,2026-05-17,HOT
LD-3788,CH-3,Oscorp lead24,  lead3787@prospect.com  ,2026-01-18,cold
LD-3789,CH-4,Dunder Mifflin lead25,LEAD3788@PROSPECT.COM,11/01/2026,HOT
LD-3790,CH-3,  Globex lead26  ,lead3789@leads.io,2026-10-12,hot
LD-3791,CH-1,dunder mifflin lead27,lead3790@sales.net,2026-01-26,cold
LD-3792,CH-7,Cyberdyne lead28,  lead3791@sales.net  ,2026-05-21,hot
LD-3793,CH-7,Oscorp lead29,  lead3792@leads.io  ,08/16/2026,cold
LD-3794,CH-8,Wonka lead30,lead3793@leads.io,2025-11-14,HOT
LD-3795,CH-7,  Initech lead31  ,LEAD3794@PROSPECT.COM,10/23/2026,warm
LD-3796,CH-7,GLOBEX LEAD32,lead3795@leads.io,2026-12-23,hot
LD-3797,CH-6,Wayne Enterprises lead33,lead3796@prospect.com,2026-09-16,warm
LD-3798,CH-7,Blue Sun lead34,lead3797@sales.net,15-05-2026,HOT
LD-3799,CH-4,BLUE SUN LEAD35,lead3798@leads.io,09/21/2026,cold
LD-3800,CH-6,stark industries lead36,lead3799@sales.net,16-07-2025,cold
LD-3801,CH-8,aperture lead37,LEAD3800@PROSPECT.COM,17-08-2026,cold
LD-3802,CH-7,Cyberdyne lead38,lead3801@sales.net,2026-06-05,cold
LD-3803,CH-6,Umbrella Co lead39,lead3802@prospect.com,23-08-2026,hot
LD-3804,CH-3,Massive Dynamic lead40,lead3803@prospect.com,14-01-2026,warm
LD-3805,CH-8,Oscorp lead41,  lead3804@sales.net  ,2025-07-17,HOT
LD-3806,CH-3,UMBRELLA CO LEAD42,lead3805@leads.io,2026-06-21,warm
LD-3807,CH-2,Vandelay lead43,  lead3806@leads.io  ,02/06/2026,hot
LD-3808,CH-2,  Tyrell Corp lead44  ,lead3807@prospect.com,08/23/2025,hot
LD-3809,CH-2,hooli lead45,lead3808@prospect.com,07-04-2026,warm
LD-3810,CH-3,Acme Corp lead46,  lead3809@sales.net  ,2026-05-16,cold
LD-3811,CH-7,Stark Industries lead47,LEAD3810@SALES.NET,2025-11-18,hot
LD-3812,CH-8,WONKA LEAD48,LEAD3811@PROSPECT.COM,01-09-2026,warm
LD-3813,CH-7,Wonka lead49,LEAD3812@SALES.NET,2026-05-17,hot
LD-3814,CH-2,Cyberdyne lead50,lead3813@leads.io,2026-04-20,hot
LD-3815,CH-5,  Umbrella Co lead51  ,LEAD3814@SALES.NET,2026-12-07,cold
LD-3816,CH-8,Stark Industries lead52,LEAD3815@SALES.NET,01/16/2025,hot
LD-3817,CH-7,Massive Dynamic lead53,lead3816@sales.net,2026-09-22,HOT
LD-3818,CH-7,Wonka lead54,lead3817@sales.net,2025-09-25,hot
LD-3819,CH-5,CYBERDYNE LEAD55,LEAD3818@SALES.NET,2026-04-24,hot
LD-3820,CH-4,Stark Industries lead56,lead3819@prospect.com,06-11-2025,HOT
LD-3821,CH-1,  Wayne Enterprises lead57  ,lead3820@leads.io,2025-05-14,hot
LD-3822,CH-6,Dunder Mifflin lead58,lead3821@prospect.com,02-05-2026,HOT
LD-3823,CH-1,Dunder Mifflin lead59,lead3822@prospect.com,2026-10-17,hot
LD-3824,CH-5,Acme Corp lead60,LEAD3823@SALES.NET,01/03/2026,warm
LD-3825,CH-3,Dunder Mifflin lead61,lead3824@prospect.com,2026-02-14,warm
LD-3826,CH-4,MASSIVE DYNAMIC LEAD62,lead3825@sales.net,2025-11-15,hot
LD-3827,CH-7,Wayne Enterprises lead63,LEAD3826@SALES.NET,2026-01-12,HOT
LD-3828,CH-8,  Blue Sun lead64  ,lead3827@sales.net,2025-05-25,warm
LD-3829,CH-1,Pied Piper lead65,LEAD3828@LEADS.IO,24-09-2026,warm
LD-3830,CH-4,BLACK MESA LEAD66,LEAD3829@LEADS.IO,2026-11-22,HOT
LD-3831,CH-2,Weyland-Yutani lead67,lead3830@sales.net,2026-10-16,cold
LD-3832,CH-4,blue sun lead68,lead3831@sales.net,07/11/2026,cold
LD-3833,CH-3,APERTURE LEAD69,lead3832@leads.io,2026-07-01,warm
LD-3834,CH-8,Massive Dynamic lead70,lead3833@prospect.com,03/13/2025,warm
LD-3835,CH-5,Wonka lead0,  lead3834@prospect.com  ,2026-02-01,hot
LD-3836,CH-1,Stark Industries lead1,lead3835@sales.net,2026-02-03,hot
LD-3837,CH-6,VANDELAY LEAD2,LEAD3836@SALES.NET,05/01/2026,HOT
LD-3838,CH-3,  Wayne Enterprises lead3  ,LEAD3837@PROSPECT.COM,2025-07-04,HOT
LD-3839,CH-4,VANDELAY LEAD4,  lead3838@sales.net  ,03/12/2025,HOT
LD-3840,CH-4,Acme Corp lead5,lead3839@prospect.com,2025-04-26,hot
LD-3841,CH-8,LexCorp lead6,  lead3840@prospect.com  ,2025-08-18,HOT
LD-3842,CH-8,Hooli lead7,lead3841@leads.io,06/20/2025,warm
LD-3843,CH-1,  Initech lead8  ,  lead3842@prospect.com  ,12/07/2025,cold
LD-3844,CH-6,Tyrell Corp lead9,  lead3843@sales.net  ,07/11/2025,cold
LD-3845,CH-3,Wonka lead10,  lead3844@prospect.com  ,2026-03-27,warm
LD-3846,CH-6,WAYNE ENTERPRISES LEAD11,lead3845@leads.io,2025-04-01,hot
LD-3847,CH-7,Blue Sun lead12,lead3846@leads.io,25-02-2026,hot
LD-3848,CH-7,Globex lead13,lead3847@leads.io,2026-10-21,warm
LD-3849,CH-7,Vandelay lead14,lead3848@sales.net,2025-06-03,HOT
LD-3850,CH-6,  Aperture lead15  ,LEAD3849@SALES.NET,2025-04-05,HOT
LD-3851,CH-4,Massive Dynamic lead16,lead3850@prospect.com,2025-08-20,HOT
LD-3852,CH-6,LexCorp lead17,  lead3851@sales.net  ,05/22/2026,warm
LD-3853,CH-5,  Wayne Enterprises lead18  ,  lead3852@sales.net  ,2026-04-25,cold
LD-3854,CH-5,Aperture lead19,LEAD3853@SALES.NET,06/20/2025,warm
LD-3855,CH-6,  Aperture lead20  ,lead3854@prospect.com,2026-12-22,hot
LD-3856,CH-8,  Blue Sun lead21  ,LEAD3855@SALES.NET,2025-05-11,warm
LD-3857,CH-8,Dunder Mifflin lead22,  lead3856@sales.net  ,15-10-2026,warm
LD-3858,CH-2,OSCORP LEAD23,lead3857@leads.io,11/14/2026,HOT
LD-3859,CH-8,pied piper lead24,lead3858@prospect.com,07/20/2026,cold
LD-3860,CH-7,massive dynamic lead25,lead3859@prospect.com,2025-05-20,cold
LD-3861,CH-8,Vandelay lead26,LEAD3860@SALES.NET,2025-01-20,hot
LD-3862,CH-5,  Massive Dynamic lead27  ,LEAD3861@PROSPECT.COM,02/13/2025,hot
LD-3863,CH-3,WAYNE ENTERPRISES LEAD28,LEAD3862@LEADS.IO,10/09/2026,cold
LD-3864,CH-5,Pied Piper lead29,lead3863@sales.net,22-06-2026,warm
LD-3865,CH-3,Globex lead30,lead3864@prospect.com,2026-06-06,cold
LD-3866,CH-3,  Massive Dynamic lead31  ,lead3865@leads.io,2025-02-17,cold
LD-3867,CH-6,initech lead32,LEAD3866@SALES.NET,04/26/2026,warm
LD-3868,CH-7,  Wonka lead33  ,lead3867@leads.io,07/10/2026,HOT
LD-3869,CH-3,VANDELAY LEAD34,lead3868@leads.io,04/28/2026,HOT
LD-3870,CH-4,Stark Industries lead35,LEAD3869@PROSPECT.COM,13-10-2026,warm
LD-3871,CH-8,oscorp lead36,lead3870@sales.net,2026-09-22,cold
LD-3872,CH-1,black mesa lead37,lead3871@prospect.com,01/01/2026,hot
LD-3873,CH-3,WAYNE ENTERPRISES LEAD38,lead3872@prospect.com,2025-07-16,hot
LD-3874,CH-1,UMBRELLA CO LEAD39,lead3873@sales.net,02-05-2025,hot
LD-3875,CH-7,VANDELAY LEAD40,lead3874@prospect.com,12/03/2026,hot
LD-3876,CH-7,initech lead41,  lead3875@leads.io  ,2026-03-26,warm
LD-3877,CH-8,aperture lead42,lead3876@prospect.com,2026-07-09,hot
LD-3878,CH-6,APERTURE LEAD43,lead3877@sales.net,11/07/2025,cold
LD-3879,CH-7,  Cyberdyne lead44  ,LEAD3878@PROSPECT.COM,11/21/2026,cold
LD-3880,CH-8,  Wayne Enterprises lead45  ,lead3879@prospect.com,2026-01-06,warm
LD-3881,CH-2,cyberdyne lead46,LEAD3880@LEADS.IO,2026-02-02,hot
LD-3882,CH-1,Tyrell Corp lead47,lead3881@leads.io,09/05/2026,hot
LD-3883,CH-3,vandelay lead48,  lead3882@sales.net  ,2026-07-28,cold
LD-3884,CH-1,Dunder Mifflin lead49,lead3883@sales.net,12/05/2025,warm
LD-3885,CH-7,Dunder Mifflin lead50,lead3884@leads.io,07-06-2025,hot
LD-3886,CH-1,Weyland-Yutani lead51,lead3885@prospect.com,07/03/2025,HOT
LD-3887,CH-7,stark industries lead52,  lead3886@prospect.com  ,2025-11-17,cold
LD-3888,CH-2,Hooli lead53,  lead3887@sales.net  ,01/10/2025,HOT
LD-3889,CH-4,Weyland-Yutani lead54,lead3888@leads.io,2025-02-11,hot
LD-3890,CH-1,  Aperture lead55  ,lead3889@leads.io,08-10-2026,hot
LD-3891,CH-1,  Hooli lead56  ,lead3890@leads.io,24-09-2025,cold
LD-3892,CH-4,Cyberdyne lead57,  lead3891@sales.net  ,04/10/2025,cold
LD-3893,CH-2,Stark Industries lead58,LEAD3892@LEADS.IO,2026-07-11,warm
LD-3894,CH-8,LexCorp lead59,LEAD3893@SALES.NET,04/09/2026,warm
LD-3895,CH-2,aperture lead60,lead3894@prospect.com,02/27/2025,warm
LD-3896,CH-7,  Globex lead61  ,LEAD3895@PROSPECT.COM,25-06-2026,cold
LD-3897,CH-8,  Acme Corp lead62  ,  lead3896@sales.net  ,01/25/2026,HOT
LD-3898,CH-3,Pied Piper lead63,LEAD3897@PROSPECT.COM,12-09-2026,hot
LD-3899,CH-2,  Globex lead64  ,  lead3898@sales.net  ,12-02-2026,hot
LD-3900,CH-2,blue sun lead65,lead3899@prospect.com,2025-01-04,cold
LD-3901,CH-7,  Weyland-Yutani lead66  ,lead3900@sales.net,12/08/2026,warm
LD-3902,CH-8,Hooli lead67,lead3901@prospect.com,07/17/2025,warm
LD-3903,CH-1,BLACK MESA LEAD68,lead3902@sales.net,2026-09-20,hot
LD-3904,CH-5,Acme Corp lead69,LEAD3903@PROSPECT.COM,2026-05-16,hot
LD-3905,CH-6,Black Mesa lead70,lead3904@prospect.com,2026-05-24,warm
LD-3906,CH-7,Globex lead0,lead3905@leads.io,2025-06-16,cold
LD-3907,CH-2,Acme Corp lead1,lead3906@prospect.com,2026-04-04,hot
LD-3908,CH-6,Wonka lead2,LEAD3907@LEADS.IO,2026-11-22,hot
LD-3909,CH-7,Globex lead3,lead3908@prospect.com,2025-09-22,hot
LD-3910,CH-1,Tyrell Corp lead4,lead3909@leads.io,2026-04-19,warm
LD-3911,CH-5,Oscorp lead5,LEAD3910@SALES.NET,2026-04-23,hot
LD-3912,CH-8,Blue Sun lead6,lead3911@prospect.com,10/19/2025,cold
LD-3913,CH-2,dunder mifflin lead7,lead3912@leads.io,09-04-2026,hot
LD-3914,CH-4,Stark Industries lead8,lead3913@prospect.com,13-09-2025,hot
LD-3915,CH-1,  Oscorp lead9  ,lead3914@prospect.com,05/20/2025,hot
LD-3916,CH-3,Weyland-Yutani lead10,lead3915@prospect.com,2026-08-19,warm
LD-3917,CH-6,LexCorp lead11,lead3916@prospect.com,13-07-2025,HOT
LD-3918,CH-8,Initech lead12,  lead3917@sales.net  ,13-10-2025,cold
LD-3919,CH-4,  Aperture lead13  ,lead3918@sales.net,2025-06-01,cold
LD-3920,CH-8,VANDELAY LEAD14,lead3919@prospect.com,2025-07-20,warm
LD-3921,CH-7,CYBERDYNE LEAD15,lead3920@leads.io,2026-03-10,cold
LD-3922,CH-8,black mesa lead16,lead3921@sales.net,2025-05-21,HOT
LD-3923,CH-3,Tyrell Corp lead17,lead3922@leads.io,2025-08-14,warm
LD-3924,CH-4,Tyrell Corp lead18,lead3923@sales.net,2025-10-23,HOT
LD-3925,CH-1,BLUE SUN LEAD19,  lead3924@sales.net  ,04/16/2025,cold
LD-3926,CH-6,Umbrella Co lead20,LEAD3925@SALES.NET,01-02-2025,hot
LD-3927,CH-3,  Initech lead21  ,lead3926@sales.net,27-11-2025,cold
LD-3928,CH-3,LexCorp lead22,lead3927@leads.io,02/24/2026,hot
LD-3929,CH-5,PIED PIPER LEAD23,lead3928@prospect.com,2025-07-24,hot
LD-3930,CH-5,Aperture lead24,lead3929@prospect.com,08-10-2026,warm
LD-3931,CH-8,Massive Dynamic lead25,  lead3930@sales.net  ,09-09-2025,HOT
LD-3932,CH-5,Aperture lead26,lead3931@leads.io,09-02-2025,HOT
LD-3933,CH-5,DUNDER MIFFLIN LEAD27,lead3932@prospect.com,2026-07-23,cold
LD-3934,CH-6,LEXCORP LEAD28,LEAD3933@LEADS.IO,2025-06-17,hot
LD-3935,CH-2,UMBRELLA CO LEAD29,LEAD3934@SALES.NET,2026-04-15,warm
LD-3936,CH-5,Massive Dynamic lead30,  lead3935@prospect.com  ,01/09/2026,hot
LD-3937,CH-8,  Acme Corp lead31  ,LEAD3936@LEADS.IO,08-10-2026,hot
LD-3938,CH-4,Vandelay lead32,LEAD3937@PROSPECT.COM,15-01-2026,HOT
LD-3939,CH-6,Cyberdyne lead33,LEAD3938@SALES.NET,25-11-2025,warm
LD-3940,CH-6,Blue Sun lead34,LEAD3939@SALES.NET,14-03-2025,warm
LD-3941,CH-1,GLOBEX LEAD35,  lead3940@prospect.com  ,2025-02-22,HOT
LD-3942,CH-4,Hooli lead36,LEAD3941@SALES.NET,2026-05-22,hot
LD-3943,CH-4,  Acme Corp lead37  ,lead3942@prospect.com,2026-12-21,warm
LD-3944,CH-5,Hooli lead38,lead3943@sales.net,10/03/2026,HOT
LD-3945,CH-1,Tyrell Corp lead39,lead3944@leads.io,2025-10-07,cold
LD-3946,CH-3,DUNDER MIFFLIN LEAD40,  lead3945@prospect.com  ,05/18/2026,HOT
LD-3947,CH-3,Blue Sun lead41,LEAD3946@PROSPECT.COM,2025-05-27,HOT
LD-3948,CH-2,Cyberdyne lead42,lead3947@sales.net,2025-10-27,warm
LD-3949,CH-1,STARK INDUSTRIES LEAD43,LEAD3948@SALES.NET,2026-02-03,warm
LD-3950,CH-3,Black Mesa lead44,lead3949@prospect.com,2025-10-25,cold
LD-3951,CH-6,GLOBEX LEAD45,lead3950@leads.io,2026-03-02,HOT
LD-3952,CH-3,Aperture lead46,  lead3951@leads.io  ,2026-01-03,warm
LD-3953,CH-5,  Globex lead47  ,  lead3952@prospect.com  ,2025-10-04,cold
LD-3954,CH-4,stark industries lead48,LEAD3953@SALES.NET,2025-07-08,HOT
LD-3955,CH-7,  Tyrell Corp lead49  ,  lead3954@leads.io  ,2026-10-15,cold
LD-3956,CH-5,  Massive Dynamic lead50  ,  lead3955@prospect.com  ,12/18/2025,cold
LD-3957,CH-8,Vandelay lead51,lead3956@prospect.com,2026-12-18,cold
LD-3958,CH-2,  Stark Industries lead52  ,lead3957@prospect.com,2025-06-11,warm
LD-3959,CH-7,Pied Piper lead53,lead3958@sales.net,05/15/2026,cold
LD-3960,CH-5,LexCorp lead54,lead3959@leads.io,2025-03-20,HOT
LD-3961,CH-6,  Wayne Enterprises lead55  ,lead3960@leads.io,02/04/2026,HOT
LD-3962,CH-4,  Vandelay lead56  ,lead3961@prospect.com,2026-01-25,cold
LD-3963,CH-6,Wonka lead57,  lead3962@leads.io  ,2026-03-02,warm
LD-3964,CH-2,Oscorp lead58,  lead3963@sales.net  ,2026-01-15,HOT
LD-3965,CH-3,GLOBEX LEAD59,lead3964@leads.io,2026-06-16,warm
LD-3966,CH-8,Black Mesa lead60,lead3965@sales.net,07/13/2026,warm
LD-3967,CH-8,globex lead61,LEAD3966@LEADS.IO,2026-02-25,warm
LD-3968,CH-1,  Umbrella Co lead62  ,lead3967@leads.io,12/09/2026,warm
LD-3969,CH-8,Blue Sun lead63,lead3968@prospect.com,2026-09-03,warm
LD-3970,CH-1,LexCorp lead64,lead3969@prospect.com,2025-08-12,HOT
LD-3971,CH-5,  Aperture lead65  ,lead3970@prospect.com,09/12/2025,hot
LD-3972,CH-8,Globex lead66,  lead3971@leads.io  ,2025-07-11,cold
LD-3973,CH-7,Acme Corp lead67,LEAD3972@LEADS.IO,20-12-2026,hot
LD-3974,CH-4,Aperture lead68,LEAD3973@SALES.NET,19-08-2025,warm
LD-3975,CH-2,Black Mesa lead69,lead3974@leads.io,2025-05-27,HOT
LD-3976,CH-4,Weyland-Yutani lead70,lead3975@prospect.com,2026-03-24,cold
LD-3977,CH-3,Aperture lead0,lead3976@leads.io,04/08/2026,hot
LD-3978,CH-3,  Vandelay lead1  ,LEAD3977@LEADS.IO,07/06/2026,warm
LD-3979,CH-5,Wayne Enterprises lead2,  lead3978@leads.io  ,04/21/2025,cold
LD-3980,CH-4,  Wayne Enterprises lead3  ,lead3979@sales.net,2026-08-25,hot
LD-3981,CH-8,stark industries lead4,LEAD3980@PROSPECT.COM,2026-02-18,warm
LD-3982,CH-8,Hooli lead5,lead3981@sales.net,07/10/2025,hot
LD-3983,CH-1,  Initech lead6  ,LEAD3982@LEADS.IO,2026-12-21,cold
LD-3984,CH-2,Weyland-Yutani lead7,lead3983@prospect.com,20-03-2026,warm
LD-3985,CH-8,Stark Industries lead8,lead3984@sales.net,05/17/2025,warm
LD-3986,CH-2,LexCorp lead9,lead3985@leads.io,03/21/2026,HOT
LD-3987,CH-7,  Umbrella Co lead10  ,lead3986@prospect.com,2025-02-25,HOT
LD-3988,CH-6,black mesa lead11,lead3987@prospect.com,11/07/2025,HOT
LD-3989,CH-3,WEYLAND-YUTANI LEAD12,lead3988@prospect.com,2026-04-27,hot
LD-3990,CH-5,STARK INDUSTRIES LEAD13,LEAD3989@SALES.NET,11/23/2025,HOT
LD-3991,CH-8,LexCorp lead14,  lead3990@prospect.com  ,2026-10-06,cold
LD-3992,CH-8,  LexCorp lead15  ,lead3991@prospect.com,2025-03-02,hot
LD-3993,CH-8,  Blue Sun lead16  ,  lead3992@leads.io  ,02/13/2026,HOT
LD-3994,CH-6,black mesa lead17,lead3993@prospect.com,2025-07-06,hot
LD-3995,CH-6,Umbrella Co lead18,lead3994@prospect.com,03-09-2025,HOT
LD-3996,CH-7,Aperture lead19,  lead3995@sales.net  ,01-04-2026,cold
LD-3997,CH-7,  Black Mesa lead20  ,lead3996@prospect.com,2025-08-19,hot
LD-3998,CH-1,Blue Sun lead21,lead3997@prospect.com,2026-05-05,warm
LD-3999,CH-8,cyberdyne lead22,lead3998@leads.io,21-09-2026,HOT
LD-4000,CH-1,  Dunder Mifflin lead23  ,LEAD3999@SALES.NET,12/24/2026,cold
LD-4001,CH-1,Hooli lead24,lead4000@sales.net,2025-04-11,warm
LD-4002,CH-2,ACME CORP LEAD25,lead4001@prospect.com,2026-10-07,hot
LD-4003,CH-6,vandelay lead26,  lead4002@prospect.com  ,2025-09-20,HOT
LD-4004,CH-7,Oscorp lead27,lead4003@sales.net,2025-04-09,hot
LD-4005,CH-3,LexCorp lead28,lead4004@sales.net,12/15/2025,hot
LD-4006,CH-7,Umbrella Co lead29,LEAD4005@SALES.NET,04-12-2025,cold
LD-4007,CH-7,Hooli lead30,lead4006@leads.io,03/17/2025,HOT
LD-4008,CH-6,Black Mesa lead31,lead4007@leads.io,2025-11-25,cold
LD-4009,CH-6,Wonka lead32,lead4008@sales.net,2025-06-27,hot
LD-4010,CH-4,LexCorp lead33,lead4009@leads.io,2025-09-28,cold
LD-4011,CH-7,  Acme Corp lead34  ,lead4010@sales.net,2026-08-09,warm
LD-4012,CH-2,Tyrell Corp lead35,lead4011@prospect.com,19-06-2025,HOT
LD-4013,CH-2,Weyland-Yutani lead36,LEAD4012@PROSPECT.COM,09/18/2025,hot
LD-4014,CH-7,UMBRELLA CO LEAD37,  lead4013@prospect.com  ,14-06-2025,HOT
LD-4015,CH-8,Massive Dynamic lead38,  lead4014@leads.io  ,07/19/2025,hot
LD-4016,CH-3,WEYLAND-YUTANI LEAD39,LEAD4015@SALES.NET,10-04-2025,HOT
LD-4017,CH-1,Wayne Enterprises lead40,  lead4016@sales.net  ,2026-09-13,cold
LD-4018,CH-5,lexcorp lead41,LEAD4017@PROSPECT.COM,2025-10-27,cold
LD-4019,CH-5,  Wonka lead42  ,  lead4018@sales.net  ,2026-08-05,hot
LD-4020,CH-6,ACME CORP LEAD43,lead4019@prospect.com,12/19/2025,warm
LD-4021,CH-3,Pied Piper lead44,  lead4020@sales.net  ,2026-02-09,hot
LD-4022,CH-5,Umbrella Co lead45,  lead4021@sales.net  ,2025-01-14,cold
LD-4023,CH-1,  Dunder Mifflin lead46  ,lead4022@sales.net,2026-11-12,cold
LD-4024,CH-3,cyberdyne lead47,lead4023@sales.net,2025-01-25,warm
LD-4025,CH-1,APERTURE LEAD48,LEAD4024@LEADS.IO,13-07-2025,hot
LD-4026,CH-5,INITECH LEAD49,lead4025@prospect.com,21-07-2026,warm
LD-4027,CH-1,ACME CORP LEAD50,lead4026@prospect.com,2025-07-12,HOT
LD-4028,CH-6,blue sun lead51,lead4027@leads.io,03/18/2026,warm
LD-4029,CH-3,Acme Corp lead52,  lead4028@prospect.com  ,2025-01-19,HOT
LD-4030,CH-2,  Stark Industries lead53  ,LEAD4029@LEADS.IO,01/12/2026,HOT
LD-4031,CH-4,cyberdyne lead54,LEAD4030@SALES.NET,2026-09-22,hot
LD-4032,CH-2,pied piper lead55,lead4031@sales.net,2026-09-18,cold
LD-4033,CH-7,ACME CORP LEAD56,  lead4032@prospect.com  ,08-12-2026,warm
LD-4034,CH-4,INITECH LEAD57,lead4033@sales.net,2025-11-03,hot
LD-4035,CH-6,Black Mesa lead58,lead4034@leads.io,09/27/2026,hot
LD-4036,CH-3,HOOLI LEAD59,lead4035@leads.io,07/21/2026,HOT
LD-4037,CH-8,  Pied Piper lead60  ,lead4036@sales.net,24-10-2025,hot
LD-4038,CH-7,blue sun lead61,lead4037@sales.net,07/19/2026,hot
LD-4039,CH-4,  Massive Dynamic lead62  ,lead4038@sales.net,2025-12-10,hot
LD-4040,CH-2,Globex lead63,lead4039@prospect.com,2026-11-01,warm
LD-4041,CH-6,Oscorp lead64,lead4040@leads.io,2025-05-20,hot
LD-4042,CH-5,lexcorp lead65,lead4041@leads.io,2025-08-17,hot
LD-4043,CH-3,LexCorp lead66,  lead4042@leads.io  ,04-07-2026,hot
LD-4044,CH-8,Massive Dynamic lead67,lead4043@prospect.com,10/05/2026,cold
LD-4045,CH-6,INITECH LEAD68,LEAD4044@SALES.NET,2026-01-02,cold
LD-4046,CH-1,  Massive Dynamic lead69  ,  lead4045@prospect.com  ,2025-07-07,cold
LD-4047,CH-5,OSCORP LEAD70,lead4046@sales.net,2025-07-17,HOT
LD-4048,CH-5,  LexCorp lead0  ,lead4047@prospect.com,2025-10-21,warm
LD-4049,CH-1,Stark Industries lead1,lead4048@sales.net,2026-02-27,cold
LD-4050,CH-6,Cyberdyne lead2,lead4049@sales.net,2025-07-25,cold
LD-4051,CH-8,Initech lead3,lead4050@sales.net,2025-12-03,cold
LD-4052,CH-4,Vandelay lead4,  lead4051@leads.io  ,12/04/2025,cold
LD-4053,CH-8,Wayne Enterprises lead5,LEAD4052@PROSPECT.COM,2026-10-09,HOT
LD-4054,CH-6,  Dunder Mifflin lead6  ,  lead4053@prospect.com  ,07/11/2026,warm
LD-4055,CH-4,  Hooli lead7  ,lead4054@sales.net,2026-01-03,HOT
LD-4056,CH-8,Pied Piper lead8,lead4055@leads.io,12-05-2025,warm
LD-4057,CH-1,blue sun lead9,lead4056@sales.net,2025-12-23,hot
LD-4058,CH-1,Initech lead10,LEAD4057@LEADS.IO,09/03/2025,hot
LD-4059,CH-8,LexCorp lead11,LEAD4058@LEADS.IO,2026-11-01,HOT
LD-4060,CH-5,  Stark Industries lead12  ,lead4059@sales.net,21-06-2025,HOT
LD-4061,CH-6,Acme Corp lead13,lead4060@sales.net,05/18/2025,hot
LD-4062,CH-8,wayne enterprises lead14,LEAD4061@LEADS.IO,2026-11-01,cold
LD-4063,CH-8,LEXCORP LEAD15,LEAD4062@PROSPECT.COM,2026-05-02,cold
LD-4064,CH-5,  Blue Sun lead16  ,lead4063@sales.net,2026-02-07,warm
LD-4065,CH-4,WONKA LEAD17,lead4064@leads.io,05/24/2025,cold
LD-4066,CH-8,  Blue Sun lead18  ,lead4065@prospect.com,2025-12-01,warm
LD-4067,CH-3,  Weyland-Yutani lead19  ,LEAD4066@SALES.NET,2026-01-06,warm
LD-4068,CH-5,oscorp lead20,lead4067@leads.io,2026-09-24,cold
LD-4069,CH-7,INITECH LEAD21,lead4068@leads.io,20-09-2026,cold
LD-4070,CH-1,umbrella co lead22,lead4069@prospect.com,02/05/2026,hot
LD-4071,CH-5,Black Mesa lead23,lead4070@sales.net,02/17/2026,hot
LD-4072,CH-1,Vandelay lead24,lead4071@prospect.com,2025-10-25,warm
LD-4073,CH-7,  Tyrell Corp lead25  ,  lead4072@prospect.com  ,08-06-2025,hot
LD-4074,CH-7,Weyland-Yutani lead26,  lead4073@leads.io  ,16-09-2026,warm
LD-4075,CH-6,Stark Industries lead27,lead4074@prospect.com,2026-10-02,cold
LD-4076,CH-3,  Blue Sun lead28  ,lead4075@leads.io,2025-08-27,hot
LD-4077,CH-5,Dunder Mifflin lead29,  lead4076@prospect.com  ,08-02-2025,warm
LD-4078,CH-4,Black Mesa lead30,LEAD4077@SALES.NET,01/27/2026,cold
LD-4079,CH-1,Umbrella Co lead31,lead4078@sales.net,26-08-2025,warm
LD-4080,CH-7,Massive Dynamic lead32,LEAD4079@LEADS.IO,12/28/2025,hot
LD-4081,CH-8,CYBERDYNE LEAD33,lead4080@prospect.com,2026-08-14,HOT
LD-4082,CH-5,LexCorp lead34,lead4081@prospect.com,2026-08-09,warm
LD-4083,CH-8,wayne enterprises lead35,lead4082@prospect.com,21-03-2025,hot
LD-4084,CH-6,Weyland-Yutani lead36,  lead4083@leads.io  ,10/02/2026,cold
LD-4085,CH-5,Vandelay lead37,lead4084@sales.net,01-02-2026,HOT
LD-4086,CH-1,  Weyland-Yutani lead38  ,lead4085@prospect.com,01/20/2026,hot
LD-4087,CH-2,CYBERDYNE LEAD39,lead4086@sales.net,21-02-2026,warm
LD-4088,CH-1,Dunder Mifflin lead40,lead4087@sales.net,2026-12-04,warm
LD-4089,CH-5,  Tyrell Corp lead41  ,  lead4088@leads.io  ,2025-09-03,hot
LD-4090,CH-6,Globex lead42,  lead4089@prospect.com  ,2026-05-01,HOT
LD-4091,CH-6,Oscorp lead43,  lead4090@leads.io  ,2025-09-10,HOT
LD-4092,CH-4,GLOBEX LEAD44,lead4091@prospect.com,14-12-2026,hot
LD-4093,CH-3,BLUE SUN LEAD45,lead4092@sales.net,08/09/2026,hot
LD-4094,CH-8,Pied Piper lead46,lead4093@prospect.com,04/20/2026,cold
LD-4095,CH-5,Hooli lead47,lead4094@sales.net,2026-06-07,hot
LD-4096,CH-4,Initech lead48,  lead4095@prospect.com  ,11-01-2026,cold
LD-4097,CH-8,MASSIVE DYNAMIC LEAD49,lead4096@leads.io,2026-08-03,hot
LD-4098,CH-6,  Massive Dynamic lead50  ,lead4097@leads.io,2025-10-27,cold
LD-4099,CH-1,Wonka lead51,lead4098@leads.io,11/08/2025,hot
LD-4100,CH-4,Globex lead52,LEAD4099@SALES.NET,2025-06-17,hot
LD-4101,CH-7,Stark Industries lead53,lead4100@sales.net,2026-09-19,HOT
LD-4102,CH-1,Globex lead54,lead4101@sales.net,06/13/2025,HOT
LD-4103,CH-4,Acme Corp lead55,lead4102@prospect.com,01/23/2026,hot
LD-4104,CH-5,Wonka lead56,LEAD4103@LEADS.IO,10/10/2026,cold
LD-4105,CH-8,Vandelay lead57,  lead4104@leads.io  ,2026-03-21,HOT
LD-4106,CH-5,Acme Corp lead58,LEAD4105@LEADS.IO,2025-05-04,hot
LD-4107,CH-2,Aperture lead59,LEAD4106@PROSPECT.COM,2025-07-21,warm
LD-4108,CH-7,Stark Industries lead60,LEAD4107@PROSPECT.COM,2025-06-01,hot
LD-4109,CH-8,CYBERDYNE LEAD61,lead4108@sales.net,2026-04-23,cold
LD-4110,CH-3,Wonka lead62,  lead4109@leads.io  ,2026-05-21,warm
LD-4111,CH-7,Dunder Mifflin lead63,LEAD4110@PROSPECT.COM,2026-08-23,warm
LD-4112,CH-3,Acme Corp lead64,lead4111@prospect.com,2025-03-27,cold
LD-4113,CH-4,Dunder Mifflin lead65,  lead4112@sales.net  ,05/10/2026,warm
LD-4114,CH-7,Tyrell Corp lead66,  lead4113@leads.io  ,13-11-2025,hot
LD-4115,CH-6,Vandelay lead67,lead4114@prospect.com,2025-03-28,warm
LD-4116,CH-6,BLACK MESA LEAD68,LEAD4115@SALES.NET,2025-02-17,cold
LD-4117,CH-4,Umbrella Co lead69,LEAD4116@LEADS.IO,2025-02-17,cold
LD-4118,CH-2,Vandelay lead70,lead4117@leads.io,03/01/2026,hot
LD-4119,CH-1,  Oscorp lead0  ,lead4118@leads.io,25-09-2026,HOT
LD-4120,CH-1,Cyberdyne lead1,lead4119@sales.net,06/26/2025,cold
LD-4121,CH-4,Cyberdyne lead2,lead4120@sales.net,03/04/2025,hot
LD-4122,CH-1,  Tyrell Corp lead3  ,LEAD4121@LEADS.IO,2025-09-10,cold
LD-4123,CH-6,Stark Industries lead4,lead4122@sales.net,07/09/2026,hot
LD-4124,CH-7,weyland-yutani lead5,lead4123@sales.net,2026-04-25,HOT
LD-4125,CH-3,  Acme Corp lead6  ,lead4124@sales.net,2026-01-12,hot
LD-4126,CH-5,  Dunder Mifflin lead7  ,LEAD4125@LEADS.IO,2026-11-27,HOT
LD-4127,CH-1,Massive Dynamic lead8,lead4126@leads.io,2026-05-08,HOT
LD-4128,CH-6,black mesa lead9,  lead4127@prospect.com  ,04/15/2025,cold
LD-4129,CH-2,black mesa lead10,lead4128@sales.net,06/28/2025,hot
LD-4130,CH-5,black mesa lead11,lead4129@prospect.com,18-10-2025,warm
LD-4131,CH-1,CYBERDYNE LEAD12,lead4130@sales.net,2026-11-28,cold
LD-4132,CH-6,Stark Industries lead13,lead4131@sales.net,2026-09-07,HOT
LD-4133,CH-5,Stark Industries lead14,  lead4132@leads.io  ,05/04/2026,HOT
LD-4134,CH-8,Blue Sun lead15,LEAD4133@PROSPECT.COM,02-03-2025,hot
LD-4135,CH-6,Pied Piper lead16,lead4134@prospect.com,2025-01-26,warm
LD-4136,CH-7,Aperture lead17,lead4135@sales.net,2026-07-21,warm
LD-4137,CH-8,Globex lead18,lead4136@sales.net,06-05-2025,HOT
LD-4138,CH-1,Vandelay lead19,LEAD4137@PROSPECT.COM,10/20/2025,hot
LD-4139,CH-8,  Cyberdyne lead20  ,LEAD4138@LEADS.IO,10/02/2026,HOT
LD-4140,CH-2,Stark Industries lead21,LEAD4139@LEADS.IO,2025-03-21,cold
LD-4141,CH-5,CYBERDYNE LEAD22,LEAD4140@PROSPECT.COM,2025-07-15,cold
LD-4142,CH-1,GLOBEX LEAD23,lead4141@leads.io,28-05-2026,warm
LD-4143,CH-2,Pied Piper lead24,LEAD4142@PROSPECT.COM,05/05/2026,HOT
LD-4144,CH-7,Umbrella Co lead25,lead4143@sales.net,2026-04-12,hot
LD-4145,CH-1,LexCorp lead26,lead4144@leads.io,07/20/2026,HOT
LD-4146,CH-6,OSCORP LEAD27,lead4145@leads.io,2025-06-10,cold
LD-4147,CH-3,CYBERDYNE LEAD28,lead4146@prospect.com,12/28/2026,HOT
LD-4148,CH-7,Umbrella Co lead29,lead4147@sales.net,06-03-2026,HOT
LD-4149,CH-1,Dunder Mifflin lead30,LEAD4148@SALES.NET,2025-02-11,cold
LD-4150,CH-8,OSCORP LEAD31,lead4149@prospect.com,21-01-2026,hot
LD-4151,CH-3,LexCorp lead32,lead4150@leads.io,22-05-2026,warm
LD-4152,CH-3,initech lead33,lead4151@leads.io,2026-10-05,hot
LD-4153,CH-2,  Tyrell Corp lead34  ,  lead4152@prospect.com  ,2025-12-22,HOT
LD-4154,CH-6,LexCorp lead35,lead4153@prospect.com,2026-08-08,cold
LD-4155,CH-1,WONKA LEAD36,lead4154@sales.net,05/03/2025,hot
LD-4156,CH-2,LexCorp lead37,  lead4155@prospect.com  ,2025-02-18,cold
LD-4157,CH-6,Oscorp lead38,lead4156@leads.io,2025-12-04,cold
LD-4158,CH-2,GLOBEX LEAD39,lead4157@sales.net,05/11/2025,hot
LD-4159,CH-2,Globex lead40,  lead4158@sales.net  ,2025-07-07,cold
LD-4160,CH-7,  Umbrella Co lead41  ,LEAD4159@PROSPECT.COM,25-05-2025,HOT
LD-4161,CH-3,BLACK MESA LEAD42,lead4160@prospect.com,2026-10-12,HOT
LD-4162,CH-4,pied piper lead43,lead4161@sales.net,10/15/2026,HOT
LD-4163,CH-1,CYBERDYNE LEAD44,lead4162@leads.io,02/23/2025,cold
LD-4164,CH-1,DUNDER MIFFLIN LEAD45,lead4163@leads.io,2025-06-19,cold
LD-4165,CH-1,Cyberdyne lead46,lead4164@sales.net,2026-10-03,HOT
LD-4166,CH-6,VANDELAY LEAD47,lead4165@leads.io,2026-11-24,HOT
LD-4167,CH-6,APERTURE LEAD48,lead4166@sales.net,05/05/2025,HOT
LD-4168,CH-3,Tyrell Corp lead49,lead4167@leads.io,2026-12-14,cold
LD-4169,CH-7,Dunder Mifflin lead50,lead4168@leads.io,2026-05-27,cold
LD-4170,CH-5,WONKA LEAD51,lead4169@leads.io,17-10-2025,HOT
LD-4171,CH-7,Wayne Enterprises lead52,lead4170@leads.io,2025-01-18,HOT
LD-4172,CH-5,Blue Sun lead53,lead4171@leads.io,2026-11-14,warm
LD-4173,CH-5,Pied Piper lead54,  lead4172@prospect.com  ,2026-07-01,cold
LD-4174,CH-4,Wayne Enterprises lead55,LEAD4173@SALES.NET,2025-01-14,warm
LD-4175,CH-5,WONKA LEAD56,LEAD4174@LEADS.IO,05-02-2025,HOT
LD-4176,CH-3,Vandelay lead57,lead4175@sales.net,28-07-2025,HOT
LD-4177,CH-7,hooli lead58,LEAD4176@SALES.NET,02/11/2026,HOT
LD-4178,CH-4,Vandelay lead59,  lead4177@prospect.com  ,15-05-2026,HOT
LD-4179,CH-4,BLACK MESA LEAD60,lead4178@leads.io,2026-03-01,HOT
LD-4180,CH-8,  Wonka lead61  ,LEAD4179@PROSPECT.COM,12/22/2026,warm
LD-4181,CH-7,Umbrella Co lead62,LEAD4180@SALES.NET,26-06-2025,warm
LD-4182,CH-3,black mesa lead63,lead4181@sales.net,10/12/2026,cold
LD-4183,CH-3,  Stark Industries lead64  ,  lead4182@prospect.com  ,10/19/2026,cold
LD-4184,CH-4,Weyland-Yutani lead65,lead4183@prospect.com,2026-11-24,hot
LD-4185,CH-5,Wonka lead66,lead4184@sales.net,26-01-2026,HOT
LD-4186,CH-8,Acme Corp lead67,  lead4185@sales.net  ,2026-12-23,cold
LD-4187,CH-6,Globex lead68,lead4186@sales.net,2026-10-04,hot
LD-4188,CH-8,LexCorp lead69,lead4187@prospect.com,2025-01-21,warm
LD-4189,CH-3,Aperture lead70,lead4188@sales.net,2025-08-20,cold
LD-4190,CH-5,HOOLI LEAD0,LEAD4189@PROSPECT.COM,15-01-2026,HOT
LD-4191,CH-8,  Massive Dynamic lead1  ,lead4190@sales.net,11/21/2025,HOT
LD-4192,CH-5,Wayne Enterprises lead2,lead4191@sales.net,2025-03-03,warm
LD-4193,CH-7,Tyrell Corp lead3,  lead4192@sales.net  ,05/18/2026,cold
LD-4194,CH-5,Stark Industries lead4,lead4193@prospect.com,2025-07-10,warm
LD-4195,CH-8,ACME CORP LEAD5,lead4194@prospect.com,12/21/2025,cold
LD-4196,CH-3,  Umbrella Co lead6  ,lead4195@leads.io,25-06-2025,hot
LD-4197,CH-4,Initech lead7,lead4196@prospect.com,04/10/2025,warm
LD-4198,CH-8,Massive Dynamic lead8,lead4197@sales.net,2025-05-14,cold
LD-4199,CH-8,  Aperture lead9  ,  lead4198@leads.io  ,03/16/2026,cold
LD-4200,CH-1,oscorp lead10,lead4199@sales.net,04/04/2026,hot
LD-4201,CH-1,  Weyland-Yutani lead11  ,LEAD4200@LEADS.IO,2026-11-11,HOT
LD-4202,CH-5,BLUE SUN LEAD12,lead4201@sales.net,2025-12-10,hot
LD-4203,CH-1,Massive Dynamic lead13,lead4202@leads.io,2025-07-02,hot
LD-4204,CH-4,  Massive Dynamic lead14  ,  lead4203@leads.io  ,2025-03-15,warm
LD-4205,CH-6,Initech lead15,lead4204@prospect.com,03/23/2026,warm
LD-4206,CH-7,Wonka lead16,LEAD4205@PROSPECT.COM,07/20/2026,HOT
LD-4207,CH-4,UMBRELLA CO LEAD17,  lead4206@sales.net  ,2025-01-09,cold
LD-4208,CH-1,  Blue Sun lead18  ,LEAD4207@LEADS.IO,25-08-2025,cold
LD-4209,CH-6,Acme Corp lead19,  lead4208@prospect.com  ,2026-08-15,hot
LD-4210,CH-2,  Umbrella Co lead20  ,lead4209@leads.io,2026-01-14,cold
LD-4211,CH-6,Black Mesa lead21,LEAD4210@LEADS.IO,01-10-2025,cold
LD-4212,CH-8,Dunder Mifflin lead22,LEAD4211@LEADS.IO,2025-04-11,cold
LD-4213,CH-6,Globex lead23,LEAD4212@SALES.NET,09/04/2026,warm
LD-4214,CH-7,BLUE SUN LEAD24,  lead4213@leads.io  ,04-02-2026,warm
LD-4215,CH-7,  Oscorp lead25  ,lead4214@sales.net,07/14/2026,cold
LD-4216,CH-8,Pied Piper lead26,  lead4215@leads.io  ,06/07/2025,warm
LD-4217,CH-5,Wonka lead27,LEAD4216@SALES.NET,18-10-2026,hot
LD-4218,CH-8,Acme Corp lead28,lead4217@prospect.com,10/24/2026,hot
LD-4219,CH-7,  Hooli lead29  ,LEAD4218@SALES.NET,01/26/2026,hot
LD-4220,CH-2,blue sun lead30,lead4219@prospect.com,2026-06-06,hot
LD-4221,CH-2,umbrella co lead31,lead4220@sales.net,2025-03-28,cold
LD-4222,CH-6,  Cyberdyne lead32  ,lead4221@leads.io,12-03-2025,warm
LD-4223,CH-7,HOOLI LEAD33,lead4222@prospect.com,01/11/2026,cold
LD-4224,CH-1,  Tyrell Corp lead34  ,lead4223@sales.net,10/22/2026,warm
LD-4225,CH-2,  LexCorp lead35  ,lead4224@leads.io,2026-02-17,cold
LD-4226,CH-8,Wayne Enterprises lead36,lead4225@leads.io,08/18/2026,hot
LD-4227,CH-2,Black Mesa lead37,lead4226@prospect.com,2025-11-11,hot
LD-4228,CH-8,Wayne Enterprises lead38,  lead4227@sales.net  ,04/10/2026,hot
LD-4229,CH-1,Oscorp lead39,lead4228@sales.net,08-11-2026,cold
LD-4230,CH-8,Blue Sun lead40,lead4229@prospect.com,10-10-2025,hot
LD-4231,CH-6,  Aperture lead41  ,lead4230@prospect.com,11/21/2026,hot
LD-4232,CH-6,Vandelay lead42,lead4231@prospect.com,2026-01-27,cold
LD-4233,CH-1,Weyland-Yutani lead43,lead4232@sales.net,2026-09-09,cold
LD-4234,CH-8,umbrella co lead44,LEAD4233@SALES.NET,06/04/2026,cold
LD-4235,CH-6,WAYNE ENTERPRISES LEAD45,lead4234@prospect.com,04/27/2026,warm
LD-4236,CH-6,Stark Industries lead46,lead4235@prospect.com,02-04-2025,cold
LD-4237,CH-7,GLOBEX LEAD47,lead4236@sales.net,2025-06-08,HOT
LD-4238,CH-6,Initech lead48,lead4237@sales.net,23-01-2026,cold
LD-4239,CH-3,Massive Dynamic lead49,lead4238@prospect.com,07/09/2025,HOT
LD-4240,CH-3,pied piper lead50,LEAD4239@PROSPECT.COM,14-01-2025,cold
LD-4241,CH-8,  Oscorp lead51  ,lead4240@leads.io,2026-06-01,cold
LD-4242,CH-3,Weyland-Yutani lead52,lead4241@sales.net,2025-10-13,warm
LD-4243,CH-2,Black Mesa lead53,lead4242@leads.io,2025-05-27,warm
LD-4244,CH-8,GLOBEX LEAD54,lead4243@sales.net,06/13/2026,cold
LD-4245,CH-6,WONKA LEAD55,lead4244@sales.net,12/01/2026,cold
LD-4246,CH-5,  Oscorp lead56  ,lead4245@prospect.com,2026-05-19,hot
LD-4247,CH-6,Stark Industries lead57,lead4246@sales.net,2026-08-10,cold
LD-4248,CH-4,Dunder Mifflin lead58,lead4247@sales.net,09/18/2026,hot
LD-4249,CH-2,Umbrella Co lead59,lead4248@prospect.com,01/01/2026,cold
LD-4250,CH-3,  Black Mesa lead60  ,lead4249@sales.net,01/20/2025,warm
LD-4251,CH-6,  Stark Industries lead61  ,lead4250@sales.net,27-05-2026,HOT
LD-4252,CH-7,ACME CORP LEAD62,lead4251@prospect.com,27-09-2026,hot
LD-4253,CH-2,tyrell corp lead63,lead4252@prospect.com,2025-01-08,HOT
LD-4254,CH-7,Cyberdyne lead64,  lead4253@leads.io  ,10/22/2025,HOT
LD-4255,CH-2,Pied Piper lead65,lead4254@leads.io,26-09-2025,cold
LD-4256,CH-3,Pied Piper lead66,lead4255@prospect.com,2026-03-13,cold
LD-4257,CH-4,Blue Sun lead67,LEAD4256@PROSPECT.COM,2026-11-18,HOT
LD-4258,CH-6,Globex lead68,lead4257@leads.io,08/14/2026,warm
LD-4259,CH-8,LexCorp lead69,lead4258@prospect.com,08/17/2026,HOT
LD-4260,CH-3,Weyland-Yutani lead70,  lead4259@leads.io  ,19-10-2026,HOT
LD-4261,CH-5,LexCorp lead0,LEAD4260@LEADS.IO,2026-04-22,hot
LD-4262,CH-2,LEXCORP LEAD1,lead4261@leads.io,2025-10-22,cold
LD-4263,CH-4,DUNDER MIFFLIN LEAD2,LEAD4262@LEADS.IO,08/22/2025,cold
LD-4264,CH-7,VANDELAY LEAD3,LEAD4263@SALES.NET,18-10-2026,cold
LD-4265,CH-3,Aperture lead4,lead4264@leads.io,2025-07-08,HOT
LD-4266,CH-2,  Oscorp lead5  ,lead4265@prospect.com,01-02-2025,warm
LD-4267,CH-5,Initech lead6,LEAD4266@PROSPECT.COM,2025-09-14,warm
LD-4268,CH-6,Acme Corp lead7,lead4267@sales.net,2026-07-24,cold
LD-4269,CH-8,  Hooli lead8  ,lead4268@prospect.com,08-04-2026,cold
LD-4270,CH-2,Hooli lead9,lead4269@leads.io,2026-10-17,warm
LD-4271,CH-6,  Oscorp lead10  ,LEAD4270@PROSPECT.COM,2026-05-18,hot
LD-4272,CH-1,Black Mesa lead11,lead4271@sales.net,11/13/2026,HOT
LD-4273,CH-5,  Oscorp lead12  ,lead4272@leads.io,05/12/2025,hot
LD-4274,CH-4,  Tyrell Corp lead13  ,LEAD4273@PROSPECT.COM,2026-09-14,warm
LD-4275,CH-5,Acme Corp lead14,lead4274@prospect.com,2025-09-09,cold
LD-4276,CH-5,Aperture lead15,lead4275@sales.net,2025-07-08,cold
LD-4277,CH-8,HOOLI LEAD16,  lead4276@sales.net  ,03/25/2025,HOT
LD-4278,CH-6,vandelay lead17,lead4277@sales.net,2025-07-28,cold
LD-4279,CH-1,APERTURE LEAD18,lead4278@sales.net,2025-09-12,warm
LD-4280,CH-6,black mesa lead19,LEAD4279@SALES.NET,02-02-2026,warm
LD-4281,CH-7,  Oscorp lead20  ,LEAD4280@SALES.NET,2025-09-16,cold
LD-4282,CH-6,CYBERDYNE LEAD21,lead4281@prospect.com,2025-06-14,HOT
LD-4283,CH-1,Umbrella Co lead22,LEAD4282@PROSPECT.COM,2025-04-22,hot
LD-4284,CH-7,  Umbrella Co lead23  ,lead4283@prospect.com,11/02/2025,warm
LD-4285,CH-3,Acme Corp lead24,LEAD4284@PROSPECT.COM,15-10-2025,warm
LD-4286,CH-6,Wayne Enterprises lead25,  lead4285@leads.io  ,08-01-2026,hot
LD-4287,CH-2,  Acme Corp lead26  ,LEAD4286@SALES.NET,2026-07-10,cold
LD-4288,CH-5,TYRELL CORP LEAD27,  lead4287@sales.net  ,09/13/2026,hot
LD-4289,CH-5,  Wayne Enterprises lead28  ,LEAD4288@PROSPECT.COM,2026-05-10,hot
LD-4290,CH-7,stark industries lead29,  lead4289@leads.io  ,2026-07-04,hot
LD-4291,CH-8,  Vandelay lead30  ,lead4290@leads.io,2025-09-02,hot
LD-4292,CH-3,Stark Industries lead31,  lead4291@sales.net  ,11/06/2026,HOT
LD-4293,CH-4,Initech lead32,LEAD4292@SALES.NET,17-05-2025,cold
LD-4294,CH-4,Stark Industries lead33,  lead4293@sales.net  ,23-04-2026,hot
LD-4295,CH-2,Umbrella Co lead34,lead4294@sales.net,2025-03-12,cold
LD-4296,CH-3,Wayne Enterprises lead35,lead4295@sales.net,11/27/2025,hot
LD-4297,CH-5,  Acme Corp lead36  ,LEAD4296@LEADS.IO,2026-09-25,cold
LD-4298,CH-8,  Stark Industries lead37  ,LEAD4297@LEADS.IO,10-04-2026,hot
LD-4299,CH-7,Initech lead38,lead4298@leads.io,17-05-2026,HOT
LD-4300,CH-3,stark industries lead39,  lead4299@prospect.com  ,2026-10-04,hot
LD-4301,CH-7,Black Mesa lead40,lead4300@leads.io,2025-06-15,warm
LD-4302,CH-8,WEYLAND-YUTANI LEAD41,LEAD4301@SALES.NET,2026-05-16,hot
LD-4303,CH-4,Blue Sun lead42,lead4302@leads.io,05/15/2026,HOT
LD-4304,CH-8,  LexCorp lead43  ,lead4303@leads.io,2025-11-21,HOT
LD-4305,CH-3,Pied Piper lead44,lead4304@sales.net,2026-07-24,warm
LD-4306,CH-2,Hooli lead45,lead4305@prospect.com,2025-04-23,warm
LD-4307,CH-4,Pied Piper lead46,lead4306@prospect.com,05/16/2025,hot
LD-4308,CH-6,  Vandelay lead47  ,lead4307@prospect.com,06-08-2025,HOT
LD-4309,CH-6,UMBRELLA CO LEAD48,lead4308@sales.net,2026-12-02,warm
LD-4310,CH-2,wayne enterprises lead49,lead4309@sales.net,2025-06-28,cold
LD-4311,CH-5,Pied Piper lead50,  lead4310@sales.net  ,20-08-2026,HOT
LD-4312,CH-3,aperture lead51,lead4311@prospect.com,2026-07-10,hot
LD-4313,CH-7,Tyrell Corp lead52,lead4312@sales.net,09/17/2026,hot
LD-4314,CH-8,CYBERDYNE LEAD53,  lead4313@sales.net  ,2026-09-08,cold
LD-4315,CH-5,Black Mesa lead54,LEAD4314@PROSPECT.COM,2025-11-09,hot
LD-4316,CH-3,PIED PIPER LEAD55,lead4315@leads.io,01/15/2025,warm
LD-4317,CH-5,WEYLAND-YUTANI LEAD56,lead4316@sales.net,2026-10-05,cold
LD-4318,CH-4,Black Mesa lead57,lead4317@sales.net,02/10/2025,cold
LD-4319,CH-8,Hooli lead58,LEAD4318@LEADS.IO,04/09/2026,HOT
LD-4320,CH-2,  Initech lead59  ,lead4319@leads.io,2026-10-22,hot
LD-4321,CH-7,MASSIVE DYNAMIC LEAD60,  lead4320@leads.io  ,2025-10-22,hot
LD-4322,CH-7,  Hooli lead61  ,  lead4321@sales.net  ,08/12/2026,hot
LD-4323,CH-7,  Black Mesa lead62  ,lead4322@leads.io,2025-10-18,cold
LD-4324,CH-7,  Globex lead63  ,lead4323@leads.io,07/28/2025,cold
LD-4325,CH-2,ACME CORP LEAD64,LEAD4324@SALES.NET,11/18/2026,HOT
LD-4326,CH-8,Black Mesa lead65,lead4325@sales.net,06/24/2025,cold
LD-4327,CH-3,UMBRELLA CO LEAD66,  lead4326@sales.net  ,26-02-2025,HOT
LD-4328,CH-6,VANDELAY LEAD67,lead4327@prospect.com,2025-12-19,cold
LD-4329,CH-6,Pied Piper lead68,lead4328@prospect.com,27-07-2026,warm
LD-4330,CH-6,Tyrell Corp lead69,lead4329@prospect.com,01/16/2025,hot
LD-4331,CH-7,Wayne Enterprises lead70,LEAD4330@SALES.NET,03/14/2025,hot
LD-4332,CH-1,pied piper lead0,lead4331@prospect.com,07/09/2025,warm
LD-4333,CH-1,  Oscorp lead1  ,lead4332@leads.io,2026-09-20,warm
LD-4334,CH-5,LexCorp lead2,lead4333@leads.io,2025-02-24,hot
LD-4335,CH-7,  Acme Corp lead3  ,lead4334@sales.net,23-05-2025,cold
LD-4336,CH-8,MASSIVE DYNAMIC LEAD4,lead4335@leads.io,2025-05-18,warm
LD-4337,CH-2,Dunder Mifflin lead5,lead4336@sales.net,26-10-2026,cold
LD-4338,CH-3,Cyberdyne lead6,lead4337@leads.io,2026-09-09,hot
LD-4339,CH-1,Blue Sun lead7,  lead4338@sales.net  ,11/16/2025,cold
LD-4340,CH-2,hooli lead8,  lead4339@sales.net  ,02/20/2025,HOT
LD-4341,CH-5,Tyrell Corp lead9,lead4340@sales.net,24-07-2025,hot
LD-4342,CH-7,VANDELAY LEAD10,lead4341@prospect.com,2026-07-22,hot
LD-4343,CH-8,vandelay lead11,lead4342@sales.net,02-06-2026,hot
LD-4344,CH-1,  Black Mesa lead12  ,LEAD4343@LEADS.IO,04/03/2026,hot
LD-4345,CH-6,DUNDER MIFFLIN LEAD13,LEAD4344@SALES.NET,12/21/2026,HOT
LD-4346,CH-5,OSCORP LEAD14,  lead4345@sales.net  ,08/03/2025,hot
LD-4347,CH-6,Weyland-Yutani lead15,  lead4346@sales.net  ,05-07-2026,cold
LD-4348,CH-8,UMBRELLA CO LEAD16,  lead4347@prospect.com  ,09/24/2025,warm
LD-4349,CH-2,Oscorp lead17,LEAD4348@LEADS.IO,02/23/2026,warm
LD-4350,CH-8,STARK INDUSTRIES LEAD18,lead4349@prospect.com,2025-02-09,HOT
LD-4351,CH-3,  LexCorp lead19  ,  lead4350@leads.io  ,2025-03-04,HOT
LD-4352,CH-7,Hooli lead20,LEAD4351@PROSPECT.COM,14-03-2026,HOT
LD-4353,CH-8,Cyberdyne lead21,lead4352@leads.io,06/12/2025,HOT
LD-4354,CH-4,LexCorp lead22,  lead4353@sales.net  ,2026-11-08,warm
LD-4355,CH-5,Hooli lead23,lead4354@sales.net,2025-02-04,HOT
LD-4356,CH-3,  Vandelay lead24  ,lead4355@prospect.com,2025-12-03,hot
LD-4357,CH-1,  Blue Sun lead25  ,LEAD4356@PROSPECT.COM,2026-10-04,hot
LD-4358,CH-8,  Initech lead26  ,lead4357@prospect.com,04/06/2025,cold
LD-4359,CH-6,Globex lead27,lead4358@prospect.com,2025-12-12,HOT
LD-4360,CH-7,Acme Corp lead28,lead4359@sales.net,01/18/2025,HOT
LD-4361,CH-6,Acme Corp lead29,lead4360@leads.io,06/07/2025,HOT
LD-4362,CH-1,black mesa lead30,LEAD4361@PROSPECT.COM,2025-01-07,cold
LD-4363,CH-3,  Wonka lead31  ,lead4362@leads.io,2026-04-27,cold
LD-4364,CH-6,Hooli lead32,  lead4363@prospect.com  ,05/03/2025,warm
LD-4365,CH-1,Blue Sun lead33,  lead4364@prospect.com  ,04/15/2025,cold
LD-4366,CH-3,OSCORP LEAD34,lead4365@prospect.com,04-11-2026,hot
LD-4367,CH-2,CYBERDYNE LEAD35,lead4366@leads.io,2025-01-25,cold
LD-4368,CH-6,Stark Industries lead36,lead4367@sales.net,12/13/2025,warm
LD-4369,CH-4,BLUE SUN LEAD37,  lead4368@sales.net  ,06/03/2025,cold
LD-4370,CH-5,Stark Industries lead38,lead4369@sales.net,09/24/2026,warm
LD-4371,CH-7,Aperture lead39,  lead4370@prospect.com  ,08/17/2025,HOT
LD-4372,CH-6,PIED PIPER LEAD40,  lead4371@leads.io  ,01/25/2026,HOT
LD-4373,CH-4,Initech lead41,LEAD4372@PROSPECT.COM,09/17/2026,cold
LD-4374,CH-2,Tyrell Corp lead42,  lead4373@sales.net  ,2025-12-24,hot
LD-4375,CH-1,Hooli lead43,LEAD4374@SALES.NET,01/15/2026,HOT
LD-4376,CH-7,cyberdyne lead44,lead4375@sales.net,01/20/2025,warm
LD-4377,CH-1,Aperture lead45,lead4376@sales.net,2026-09-24,HOT
LD-4378,CH-4,Dunder Mifflin lead46,lead4377@leads.io,10-01-2026,HOT
LD-4379,CH-4,Acme Corp lead47,lead4378@leads.io,2025-03-24,HOT
LD-4380,CH-2,GLOBEX LEAD48,LEAD4379@PROSPECT.COM,28-03-2026,warm
LD-4381,CH-1,Wayne Enterprises lead49,lead4380@sales.net,2025-03-16,cold
LD-4382,CH-1,  Stark Industries lead50  ,lead4381@prospect.com,2025-07-03,HOT
LD-4383,CH-3,  Dunder Mifflin lead51  ,lead4382@leads.io,07-08-2025,warm
LD-4384,CH-3,INITECH LEAD52,lead4383@prospect.com,09/16/2025,warm
LD-4385,CH-4,Tyrell Corp lead53,lead4384@sales.net,03/05/2026,warm
LD-4386,CH-5,pied piper lead54,lead4385@prospect.com,2025-09-15,cold
LD-4387,CH-6,dunder mifflin lead55,lead4386@prospect.com,2026-11-25,cold
LD-4388,CH-1,  Hooli lead56  ,lead4387@leads.io,09/15/2026,hot
LD-4389,CH-5,Blue Sun lead57,lead4388@leads.io,2025-08-25,HOT
LD-4390,CH-1,Weyland-Yutani lead58,lead4389@sales.net,01-01-2025,HOT
LD-4391,CH-7,Initech lead59,lead4390@sales.net,2026-10-03,cold
LD-4392,CH-7,  Oscorp lead60  ,LEAD4391@SALES.NET,2025-06-05,cold
LD-4393,CH-1,globex lead61,lead4392@prospect.com,06/12/2025,HOT
LD-4394,CH-2,Pied Piper lead62,lead4393@leads.io,12/08/2025,warm
LD-4395,CH-5,WEYLAND-YUTANI LEAD63,lead4394@prospect.com,2025-07-10,warm
LD-4396,CH-4,  Wayne Enterprises lead64  ,lead4395@leads.io,06-03-2026,warm
LD-4397,CH-3,dunder mifflin lead65,  lead4396@prospect.com  ,08-03-2025,hot
LD-4398,CH-1,Initech lead66,lead4397@sales.net,07/06/2026,HOT
LD-4399,CH-4,Black Mesa lead67,lead4398@sales.net,2026-04-20,cold
LD-4400,CH-4,  Weyland-Yutani lead68  ,  lead4399@leads.io  ,06-02-2026,HOT
LD-4401,CH-7,Initech lead69,lead4400@prospect.com,2025-08-17,cold
LD-4402,CH-6,Wonka lead70,LEAD4401@PROSPECT.COM,2025-07-13,cold
LD-4403,CH-8,Hooli lead0,lead4402@leads.io,2026-02-18,warm
LD-4404,CH-7,  Cyberdyne lead1  ,lead4403@prospect.com,2026-01-26,HOT
LD-4405,CH-2,VANDELAY LEAD2,  lead4404@sales.net  ,01/02/2025,hot
LD-4406,CH-3,Wonka lead3,lead4405@sales.net,2025-10-05,cold
LD-4407,CH-6,ACME CORP LEAD4,lead4406@prospect.com,2025-02-13,HOT
LD-4408,CH-1,globex lead5,lead4407@prospect.com,2025-11-06,HOT
LD-4409,CH-1,blue sun lead6,lead4408@leads.io,2025-07-12,warm
LD-4410,CH-6,Hooli lead7,LEAD4409@SALES.NET,25-03-2026,warm
LD-4411,CH-7,Cyberdyne lead8,lead4410@prospect.com,2026-02-20,cold
LD-4412,CH-1,Tyrell Corp lead9,lead4411@sales.net,2025-07-02,HOT
LD-4413,CH-6,Acme Corp lead10,  lead4412@leads.io  ,02/05/2026,HOT
LD-4414,CH-1,Cyberdyne lead11,lead4413@leads.io,04-08-2025,HOT
LD-4415,CH-2,Tyrell Corp lead12,  lead4414@sales.net  ,04/25/2026,warm
LD-4416,CH-4,Wayne Enterprises lead13,lead4415@prospect.com,2026-12-10,cold
LD-4417,CH-1,  Vandelay lead14  ,LEAD4416@SALES.NET,11/16/2026,HOT
LD-4418,CH-1,Wonka lead15,lead4417@prospect.com,02/02/2025,hot
LD-4419,CH-1,Pied Piper lead16,lead4418@leads.io,2026-11-26,warm
LD-4420,CH-8,  Pied Piper lead17  ,LEAD4419@LEADS.IO,2026-02-23,cold
LD-4421,CH-2,blue sun lead18,lead4420@prospect.com,23-06-2025,warm
LD-4422,CH-3,  Globex lead19  ,lead4421@leads.io,2026-12-25,warm
LD-4423,CH-5,Stark Industries lead20,lead4422@prospect.com,2025-02-20,cold
LD-4424,CH-3,VANDELAY LEAD21,  lead4423@leads.io  ,2026-12-18,cold
LD-4425,CH-1,Weyland-Yutani lead22,LEAD4424@SALES.NET,2025-02-02,warm
LD-4426,CH-1,Hooli lead23,lead4425@sales.net,01/14/2025,hot
LD-4427,CH-7,Stark Industries lead24,  lead4426@sales.net  ,2026-10-10,cold
LD-4428,CH-3,  Cyberdyne lead25  ,LEAD4427@SALES.NET,09/18/2025,warm
LD-4429,CH-5,Initech lead26,lead4428@sales.net,17-04-2026,cold
LD-4430,CH-7,Stark Industries lead27,LEAD4429@PROSPECT.COM,2026-12-23,HOT
LD-4431,CH-6,umbrella co lead28,lead4430@sales.net,2025-12-27,cold
LD-4432,CH-3,PIED PIPER LEAD29,  lead4431@leads.io  ,2025-06-26,HOT
LD-4433,CH-6,  Weyland-Yutani lead30  ,LEAD4432@PROSPECT.COM,2025-05-20,warm
LD-4434,CH-1,  Hooli lead31  ,  lead4433@leads.io  ,25-09-2026,warm
LD-4435,CH-3,CYBERDYNE LEAD32,lead4434@leads.io,2025-07-13,cold
LD-4436,CH-7,Acme Corp lead33,lead4435@leads.io,2025-10-05,hot
LD-4437,CH-1,Hooli lead34,  lead4436@leads.io  ,03/17/2025,cold
LD-4438,CH-7,BLUE SUN LEAD35,lead4437@prospect.com,2025-01-17,warm
LD-4439,CH-2,CYBERDYNE LEAD36,lead4438@leads.io,2025-08-14,hot
LD-4440,CH-3,Acme Corp lead37,lead4439@leads.io,2026-08-12,HOT
LD-4441,CH-5,initech lead38,lead4440@leads.io,03/05/2026,cold
LD-4442,CH-6,Vandelay lead39,  lead4441@sales.net  ,2026-05-06,warm
LD-4443,CH-4,Dunder Mifflin lead40,lead4442@prospect.com,2025-06-25,warm
LD-4444,CH-1,Umbrella Co lead41,lead4443@leads.io,2025-09-28,hot
LD-4445,CH-2,Initech lead42,  lead4444@leads.io  ,2026-10-12,warm
LD-4446,CH-2,Pied Piper lead43,LEAD4445@LEADS.IO,05-08-2026,cold
LD-4447,CH-2,LexCorp lead44,lead4446@leads.io,05/01/2025,hot
LD-4448,CH-4,Massive Dynamic lead45,lead4447@leads.io,10/15/2026,hot
LD-4449,CH-7,WONKA LEAD46,lead4448@sales.net,2025-01-25,hot
LD-4450,CH-8,Oscorp lead47,  lead4449@sales.net  ,2026-06-17,HOT
LD-4451,CH-5,Cyberdyne lead48,lead4450@prospect.com,07/08/2026,warm
LD-4452,CH-1,  Acme Corp lead49  ,lead4451@leads.io,2025-10-13,hot
LD-4453,CH-7,Blue Sun lead50,LEAD4452@LEADS.IO,15-02-2026,warm
LD-4454,CH-2,Initech lead51,lead4453@sales.net,2026-12-22,cold
LD-4455,CH-8,Dunder Mifflin lead52,lead4454@sales.net,01/01/2026,cold
LD-4456,CH-1,  Globex lead53  ,lead4455@sales.net,2026-07-15,cold
LD-4457,CH-5,Tyrell Corp lead54,lead4456@leads.io,2026-07-18,warm
LD-4458,CH-4,Massive Dynamic lead55,lead4457@sales.net,2026-01-24,cold
LD-4459,CH-3,  Hooli lead56  ,  lead4458@sales.net  ,02/18/2025,hot
LD-4460,CH-4,massive dynamic lead57,  lead4459@prospect.com  ,2026-10-15,warm
LD-4461,CH-5,Wonka lead58,lead4460@sales.net,04/02/2026,warm
LD-4462,CH-5,dunder mifflin lead59,lead4461@leads.io,2026-07-15,cold
LD-4463,CH-3,GLOBEX LEAD60,lead4462@leads.io,01/16/2025,hot
LD-4464,CH-8,Globex lead61,LEAD4463@LEADS.IO,09/27/2026,hot
LD-4465,CH-3,  Initech lead62  ,lead4464@sales.net,23-07-2025,hot
LD-4466,CH-4,ACME CORP LEAD63,lead4465@leads.io,2026-01-07,hot
LD-4467,CH-3,Oscorp lead64,lead4466@leads.io,2025-05-14,warm
LD-4468,CH-2,  Globex lead65  ,  lead4467@sales.net  ,03/03/2025,hot
LD-4469,CH-6,Vandelay lead66,  lead4468@leads.io  ,2026-02-27,cold
LD-4470,CH-6,VANDELAY LEAD67,LEAD4469@LEADS.IO,15-03-2025,HOT
LD-4471,CH-6,Cyberdyne lead68,  lead4470@leads.io  ,11-02-2026,HOT
LD-4472,CH-6,PIED PIPER LEAD69,LEAD4471@PROSPECT.COM,06/27/2026,warm
LD-4473,CH-1,Initech lead70,lead4472@sales.net,2025-06-18,hot
LD-4474,CH-5,  Pied Piper lead0  ,lead4473@prospect.com,2025-09-17,cold
LD-4475,CH-3,Pied Piper lead1,lead4474@prospect.com,2025-04-11,cold
LD-4476,CH-6,  Wonka lead2  ,lead4475@prospect.com,27-07-2026,cold
LD-4477,CH-7,Hooli lead3,lead4476@leads.io,2026-12-14,warm
LD-4478,CH-4,Dunder Mifflin lead4,  lead4477@sales.net  ,2025-05-10,cold
LD-4479,CH-8,  Umbrella Co lead5  ,  lead4478@prospect.com  ,09/02/2025,cold
LD-4480,CH-4,Black Mesa lead6,  lead4479@leads.io  ,2025-01-14,HOT
LD-4481,CH-8,Blue Sun lead7,LEAD4480@LEADS.IO,2025-11-22,cold
LD-4482,CH-7,Black Mesa lead8,lead4481@prospect.com,2026-06-07,hot
LD-4483,CH-6,Black Mesa lead9,lead4482@prospect.com,22-01-2026,warm
LD-4484,CH-3,DUNDER MIFFLIN LEAD10,lead4483@leads.io,2025-07-02,hot
LD-4485,CH-2,GLOBEX LEAD11,LEAD4484@SALES.NET,2026-04-01,HOT
LD-4486,CH-2,Tyrell Corp lead12,lead4485@prospect.com,2025-01-21,cold
LD-4487,CH-2,ACME CORP LEAD13,  lead4486@prospect.com  ,2026-04-05,warm
LD-4488,CH-5,pied piper lead14,lead4487@sales.net,2025-04-03,warm
LD-4489,CH-2,  Globex lead15  ,lead4488@leads.io,2025-11-12,hot
LD-4490,CH-5,WAYNE ENTERPRISES LEAD16,lead4489@prospect.com,07/02/2025,warm
LD-4491,CH-6,Weyland-Yutani lead17,lead4490@leads.io,2025-03-26,HOT
LD-4492,CH-8,APERTURE LEAD18,  lead4491@sales.net  ,2025-07-27,warm
LD-4493,CH-1,Wonka lead19,LEAD4492@SALES.NET,2026-12-23,hot
LD-4494,CH-2,Aperture lead20,lead4493@sales.net,17-03-2025,HOT
LD-4495,CH-6,GLOBEX LEAD21,LEAD4494@SALES.NET,2025-12-15,warm
LD-4496,CH-3,LexCorp lead22,lead4495@prospect.com,06/05/2026,cold
LD-4497,CH-5,massive dynamic lead23,LEAD4496@PROSPECT.COM,05-02-2026,cold
LD-4498,CH-6,cyberdyne lead24,  lead4497@prospect.com  ,2025-08-19,HOT
LD-4499,CH-5,  Tyrell Corp lead25  ,  lead4498@prospect.com  ,03-04-2025,hot
LD-4500,CH-1,WAYNE ENTERPRISES LEAD26,LEAD4499@PROSPECT.COM,10-12-2025,warm
LD-4501,CH-8,  Tyrell Corp lead27  ,lead4500@leads.io,19-11-2025,cold
LD-4502,CH-2,umbrella co lead28,lead4501@sales.net,2025-11-11,hot
LD-4503,CH-3,Tyrell Corp lead29,lead4502@leads.io,2025-09-05,cold
LD-4504,CH-1,Vandelay lead30,lead4503@prospect.com,17-04-2026,hot
LD-4505,CH-5,VANDELAY LEAD31,LEAD4504@LEADS.IO,03/07/2025,cold
LD-4506,CH-6,Umbrella Co lead32,  lead4505@prospect.com  ,02/14/2025,warm
LD-4507,CH-5,Cyberdyne lead33,  lead4506@prospect.com  ,08-04-2025,warm
LD-4508,CH-1,GLOBEX LEAD34,  lead4507@prospect.com  ,11/24/2026,HOT
LD-4509,CH-5,BLUE SUN LEAD35,  lead4508@prospect.com  ,2025-12-15,HOT
LD-4510,CH-6,Wonka lead36,  lead4509@sales.net  ,03/19/2025,warm
LD-4511,CH-5,DUNDER MIFFLIN LEAD37,lead4510@sales.net,2026-01-12,warm
LD-4512,CH-1,  Initech lead38  ,lead4511@prospect.com,2026-12-26,warm
LD-4513,CH-6,  Vandelay lead39  ,LEAD4512@LEADS.IO,08/27/2026,cold
LD-4514,CH-4,WONKA LEAD40,LEAD4513@SALES.NET,06-08-2026,hot
LD-4515,CH-2,Hooli lead41,  lead4514@leads.io  ,01/05/2025,HOT
LD-4516,CH-7,Initech lead42,lead4515@leads.io,12-07-2026,warm
LD-4517,CH-8,Hooli lead43,  lead4516@sales.net  ,2026-06-18,cold
LD-4518,CH-6,PIED PIPER LEAD44,lead4517@leads.io,2025-05-06,cold
LD-4519,CH-3,  Oscorp lead45  ,lead4518@prospect.com,2026-01-11,hot
LD-4520,CH-8,ACME CORP LEAD46,lead4519@leads.io,01-10-2026,warm
LD-4521,CH-2,  Black Mesa lead47  ,lead4520@sales.net,2026-12-08,HOT
LD-4522,CH-5,Dunder Mifflin lead48,lead4521@sales.net,2025-04-17,hot
LD-4523,CH-7,Dunder Mifflin lead49,LEAD4522@SALES.NET,06/04/2025,hot
LD-4524,CH-6,WEYLAND-YUTANI LEAD50,  lead4523@prospect.com  ,2026-03-12,hot
LD-4525,CH-4,WEYLAND-YUTANI LEAD51,lead4524@sales.net,2025-05-03,hot
LD-4526,CH-8,DUNDER MIFFLIN LEAD52,  lead4525@sales.net  ,2025-08-14,warm
LD-4527,CH-2,BLACK MESA LEAD53,lead4526@leads.io,10/19/2026,warm
LD-4528,CH-6,Vandelay lead54,lead4527@sales.net,2026-02-05,hot
LD-4529,CH-4,WEYLAND-YUTANI LEAD55,lead4528@prospect.com,2026-07-23,cold
LD-4530,CH-2,  Globex lead56  ,  lead4529@prospect.com  ,02/08/2025,warm
LD-4531,CH-4,Hooli lead57,lead4530@prospect.com,2026-05-26,warm
LD-4532,CH-6,blue sun lead58,  lead4531@prospect.com  ,03/22/2025,hot
LD-4533,CH-8,APERTURE LEAD59,LEAD4532@PROSPECT.COM,2026-08-14,HOT
LD-4534,CH-7,Acme Corp lead60,  lead4533@prospect.com  ,2026-07-25,cold
LD-4535,CH-6,DUNDER MIFFLIN LEAD61,  lead4534@prospect.com  ,27-03-2026,cold
LD-4536,CH-5,Hooli lead62,  lead4535@sales.net  ,03/11/2025,hot
LD-4537,CH-7,  Massive Dynamic lead63  ,  lead4536@leads.io  ,2025-03-01,cold
LD-4538,CH-2,LexCorp lead64,LEAD4537@LEADS.IO,14-01-2025,HOT
LD-4539,CH-1,dunder mifflin lead65,LEAD4538@PROSPECT.COM,2026-04-05,warm
LD-4540,CH-1,dunder mifflin lead66,lead4539@sales.net,2026-08-27,hot
LD-4541,CH-2,stark industries lead67,lead4540@sales.net,05-03-2025,warm
LD-4542,CH-3,Blue Sun lead68,  lead4541@leads.io  ,08/28/2026,cold
LD-4543,CH-5,weyland-yutani lead69,lead4542@prospect.com,19-10-2025,cold
LD-4544,CH-8,  Aperture lead70  ,LEAD4543@PROSPECT.COM,2025-12-14,HOT
LD-4545,CH-6,blue sun lead0,LEAD4544@SALES.NET,2026-04-15,cold
LD-4546,CH-1,Black Mesa lead1,  lead4545@sales.net  ,09/08/2026,warm
LD-4547,CH-8,  LexCorp lead2  ,lead4546@sales.net,2026-12-16,hot
LD-4548,CH-8,LEXCORP LEAD3,LEAD4547@PROSPECT.COM,13-08-2025,HOT
LD-4549,CH-4,Cyberdyne lead4,  lead4548@leads.io  ,2026-11-25,cold
LD-4550,CH-1,blue sun lead5,lead4549@leads.io,2026-12-28,HOT
LD-4551,CH-1,Wonka lead6,  lead4550@sales.net  ,2025-04-21,HOT
LD-4552,CH-7,OSCORP LEAD7,lead4551@leads.io,04-10-2026,HOT
LD-4553,CH-5,  Stark Industries lead8  ,lead4552@prospect.com,2025-03-05,hot
LD-4554,CH-7,Aperture lead9,LEAD4553@LEADS.IO,06/08/2026,hot
LD-4555,CH-7,Globex lead10,lead4554@sales.net,06/19/2025,hot
LD-4556,CH-2,  Oscorp lead11  ,LEAD4555@LEADS.IO,2026-12-15,hot
LD-4557,CH-5,STARK INDUSTRIES LEAD12,lead4556@leads.io,2025-01-24,HOT
LD-4558,CH-4,Wonka lead13,lead4557@prospect.com,2026-03-26,cold
LD-4559,CH-7,hooli lead14,  lead4558@leads.io  ,06/21/2026,cold
LD-4560,CH-8,  Blue Sun lead15  ,LEAD4559@PROSPECT.COM,2026-10-01,cold
LD-4561,CH-4,UMBRELLA CO LEAD16,lead4560@leads.io,06/05/2026,HOT
LD-4562,CH-6,aperture lead17,  lead4561@leads.io  ,11/16/2025,warm
LD-4563,CH-1,Weyland-Yutani lead18,  lead4562@sales.net  ,27-01-2026,warm
LD-4564,CH-4,Aperture lead19,lead4563@sales.net,14-07-2026,hot
LD-4565,CH-4,Stark Industries lead20,  lead4564@sales.net  ,07/23/2026,HOT
LD-4566,CH-4,Dunder Mifflin lead21,lead4565@leads.io,07/27/2026,HOT
LD-4567,CH-6,VANDELAY LEAD22,lead4566@sales.net,2025-03-02,warm
LD-4568,CH-8,WEYLAND-YUTANI LEAD23,  lead4567@prospect.com  ,21-03-2026,warm
LD-4569,CH-4,  Oscorp lead24  ,lead4568@prospect.com,14-02-2026,warm
LD-4570,CH-6,Wayne Enterprises lead25,lead4569@sales.net,2026-08-22,cold
LD-4571,CH-3,Globex lead26,LEAD4570@LEADS.IO,2026-04-05,hot
LD-4572,CH-1,DUNDER MIFFLIN LEAD27,LEAD4571@PROSPECT.COM,2026-12-26,HOT
LD-4573,CH-8,Initech lead28,  lead4572@leads.io  ,07/20/2026,HOT
LD-4574,CH-5,Cyberdyne lead29,lead4573@leads.io,04/18/2026,cold
LD-4575,CH-5,INITECH LEAD30,LEAD4574@SALES.NET,2025-03-07,cold
LD-4576,CH-3,wayne enterprises lead31,lead4575@leads.io,2025-08-28,warm
LD-4577,CH-2,Wayne Enterprises lead32,lead4576@sales.net,08/17/2026,warm
LD-4578,CH-3,LexCorp lead33,LEAD4577@SALES.NET,07/16/2025,warm
LD-4579,CH-1,Dunder Mifflin lead34,lead4578@sales.net,01/02/2025,HOT
LD-4580,CH-1,hooli lead35,  lead4579@leads.io  ,2026-03-08,warm
LD-4581,CH-3,Initech lead36,lead4580@leads.io,04-06-2025,hot
LD-4582,CH-6,Wayne Enterprises lead37,  lead4581@leads.io  ,2025-04-19,warm
LD-4583,CH-5,INITECH LEAD38,LEAD4582@LEADS.IO,2025-05-24,warm
LD-4584,CH-5,Black Mesa lead39,lead4583@sales.net,12/05/2025,hot
LD-4585,CH-3,Wonka lead40,lead4584@sales.net,09/11/2026,cold
LD-4586,CH-1,  Wonka lead41  ,lead4585@leads.io,01/17/2026,warm
LD-4587,CH-4,black mesa lead42,lead4586@sales.net,04/12/2026,hot
LD-4588,CH-6,Pied Piper lead43,lead4587@prospect.com,2026-09-05,hot
LD-4589,CH-2,  Hooli lead44  ,lead4588@sales.net,2026-02-01,warm
LD-4590,CH-3,HOOLI LEAD45,LEAD4589@LEADS.IO,07/25/2026,cold
LD-4591,CH-8,Dunder Mifflin lead46,lead4590@prospect.com,2026-08-24,cold
LD-4592,CH-4,Tyrell Corp lead47,LEAD4591@LEADS.IO,2026-04-21,cold
LD-4593,CH-4,  Wonka lead48  ,lead4592@prospect.com,04-12-2025,hot
LD-4594,CH-4,MASSIVE DYNAMIC LEAD49,lead4593@leads.io,07-01-2026,HOT
LD-4595,CH-3,Pied Piper lead50,lead4594@prospect.com,2026-10-24,cold
LD-4596,CH-8,Umbrella Co lead51,lead4595@leads.io,2026-05-20,hot
LD-4597,CH-6,oscorp lead52,lead4596@prospect.com,10/25/2026,warm
LD-4598,CH-2,CYBERDYNE LEAD53,lead4597@leads.io,19-01-2025,HOT
LD-4599,CH-3,  Dunder Mifflin lead54  ,lead4598@leads.io,09/11/2026,cold
LD-4600,CH-4,WAYNE ENTERPRISES LEAD55,lead4599@prospect.com,2025-04-19,cold
LD-4601,CH-4,  Acme Corp lead56  ,LEAD4600@PROSPECT.COM,2025-12-05,HOT
LD-4602,CH-2,Dunder Mifflin lead57,LEAD4601@LEADS.IO,2025-09-10,cold
LD-4603,CH-4,Stark Industries lead58,lead4602@sales.net,21-11-2025,warm
LD-4604,CH-8,vandelay lead59,LEAD4603@PROSPECT.COM,12-03-2026,warm
LD-4605,CH-6,massive dynamic lead60,LEAD4604@SALES.NET,2025-04-11,warm
LD-4606,CH-6,Wayne Enterprises lead61,lead4605@sales.net,2026-11-26,hot
LD-4607,CH-4,Dunder Mifflin lead62,lead4606@sales.net,13-06-2025,warm
LD-4608,CH-1,Hooli lead63,lead4607@leads.io,06-08-2026,HOT
LD-4609,CH-7,lexcorp lead64,LEAD4608@LEADS.IO,2026-11-28,hot
LD-4610,CH-8,Stark Industries lead65,lead4609@leads.io,04/15/2026,hot
LD-4611,CH-4,WONKA LEAD66,lead4610@prospect.com,2026-08-10,hot
LD-4612,CH-3,  Vandelay lead67  ,LEAD4611@PROSPECT.COM,2025-07-23,hot
LD-4613,CH-6,Hooli lead68,lead4612@sales.net,22-04-2025,hot
LD-4614,CH-6,Acme Corp lead69,  lead4613@sales.net  ,2025-08-22,cold
LD-4615,CH-6,  Umbrella Co lead70  ,lead4614@prospect.com,15-04-2026,cold
LD-4616,CH-3,  Oscorp lead0  ,  lead4615@sales.net  ,2026-05-05,hot
LD-4617,CH-5,APERTURE LEAD1,lead4616@sales.net,02/01/2025,HOT
LD-4618,CH-5,OSCORP LEAD2,lead4617@prospect.com,2025-06-07,warm
LD-4619,CH-5,BLUE SUN LEAD3,  lead4618@leads.io  ,2025-03-16,cold
LD-4620,CH-3,MASSIVE DYNAMIC LEAD4,  lead4619@sales.net  ,2025-09-22,cold
LD-4621,CH-6,Oscorp lead5,lead4620@sales.net,2026-02-23,HOT
LD-4622,CH-1,Stark Industries lead6,  lead4621@prospect.com  ,2026-12-05,HOT
LD-4623,CH-6,BLACK MESA LEAD7,lead4622@leads.io,07-08-2026,hot
LD-4624,CH-3,Blue Sun lead8,  lead4623@sales.net  ,01/21/2025,cold
LD-4625,CH-1,Tyrell Corp lead9,lead4624@sales.net,09/21/2026,HOT
LD-4626,CH-1,  Wonka lead10  ,LEAD4625@PROSPECT.COM,2026-07-20,hot
LD-4627,CH-6,WAYNE ENTERPRISES LEAD11,lead4626@leads.io,2025-04-16,cold
LD-4628,CH-7,BLUE SUN LEAD12,  lead4627@prospect.com  ,2025-06-12,hot
LD-4629,CH-7,DUNDER MIFFLIN LEAD13,LEAD4628@LEADS.IO,08-01-2025,cold
LD-4630,CH-1,UMBRELLA CO LEAD14,lead4629@prospect.com,24-12-2026,warm
LD-4631,CH-5,INITECH LEAD15,lead4630@leads.io,2026-04-14,cold
LD-4632,CH-6,  Hooli lead16  ,lead4631@prospect.com,06/17/2026,HOT
LD-4633,CH-2,  Dunder Mifflin lead17  ,lead4632@sales.net,04/14/2026,warm
LD-4634,CH-2,Cyberdyne lead18,lead4633@prospect.com,2025-11-15,cold
LD-4635,CH-5,Blue Sun lead19,  lead4634@prospect.com  ,12/07/2026,cold
LD-4636,CH-3,LEXCORP LEAD20,LEAD4635@LEADS.IO,16-12-2026,HOT
LD-4637,CH-5,Globex lead21,lead4636@prospect.com,2025-07-27,warm
LD-4638,CH-3,Pied Piper lead22,  lead4637@prospect.com  ,04-08-2026,hot
LD-4639,CH-5,  Vandelay lead23  ,lead4638@prospect.com,2026-03-19,HOT
LD-4640,CH-6,Globex lead24,lead4639@prospect.com,2026-04-26,HOT
LD-4641,CH-4,VANDELAY LEAD25,lead4640@leads.io,27-09-2026,cold
LD-4642,CH-3,Vandelay lead26,  lead4641@sales.net  ,2026-04-03,hot
LD-4643,CH-5,Vandelay lead27,LEAD4642@PROSPECT.COM,2026-12-05,cold
LD-4644,CH-4,PIED PIPER LEAD28,lead4643@sales.net,10/26/2026,warm
LD-4645,CH-2,globex lead29,lead4644@prospect.com,09-07-2026,HOT
LD-4646,CH-8,globex lead30,lead4645@prospect.com,2026-12-10,cold
LD-4647,CH-1,Wonka lead31,lead4646@sales.net,08/26/2025,hot
LD-4648,CH-2,  Cyberdyne lead32  ,  lead4647@prospect.com  ,2025-04-17,hot
LD-4649,CH-1,Weyland-Yutani lead33,lead4648@prospect.com,2025-04-12,HOT
LD-4650,CH-8,Blue Sun lead34,lead4649@sales.net,2025-05-13,warm
LD-4651,CH-6,DUNDER MIFFLIN LEAD35,LEAD4650@LEADS.IO,2026-11-17,cold
LD-4652,CH-1,  Hooli lead36  ,LEAD4651@PROSPECT.COM,2025-07-16,HOT
LD-4653,CH-4,Globex lead37,  lead4652@leads.io  ,04/26/2026,hot
LD-4654,CH-8,STARK INDUSTRIES LEAD38,LEAD4653@PROSPECT.COM,2025-01-28,HOT
LD-4655,CH-1,  Black Mesa lead39  ,lead4654@leads.io,2026-03-03,warm
LD-4656,CH-6,Black Mesa lead40,LEAD4655@LEADS.IO,2026-11-17,HOT
LD-4657,CH-3,  Hooli lead41  ,lead4656@leads.io,2025-03-24,cold
LD-4658,CH-8,Tyrell Corp lead42,lead4657@prospect.com,10/19/2026,hot
LD-4659,CH-1,Dunder Mifflin lead43,lead4658@sales.net,04/26/2026,hot
LD-4660,CH-4,  Blue Sun lead44  ,LEAD4659@PROSPECT.COM,2026-09-24,warm
LD-4661,CH-2,Globex lead45,LEAD4660@SALES.NET,2026-11-16,warm
LD-4662,CH-8,VANDELAY LEAD46,  lead4661@sales.net  ,2025-03-10,warm
LD-4663,CH-1,stark industries lead47,lead4662@prospect.com,05/24/2026,cold
LD-4664,CH-8,  Aperture lead48  ,  lead4663@prospect.com  ,2025-09-21,hot
LD-4665,CH-2,VANDELAY LEAD49,lead4664@prospect.com,2025-05-08,cold
LD-4666,CH-4,  Weyland-Yutani lead50  ,lead4665@leads.io,2026-12-19,cold
LD-4667,CH-4,BLACK MESA LEAD51,lead4666@sales.net,2025-07-06,cold
LD-4668,CH-3,Hooli lead52,  lead4667@leads.io  ,06/08/2025,HOT
LD-4669,CH-5,APERTURE LEAD53,lead4668@sales.net,2026-08-23,HOT
LD-4670,CH-7,OSCORP LEAD54,LEAD4669@SALES.NET,2025-10-28,cold
LD-4671,CH-3,Initech lead55,lead4670@sales.net,2026-03-17,hot
LD-4672,CH-8,Tyrell Corp lead56,lead4671@leads.io,05/22/2026,hot
LD-4673,CH-3,Massive Dynamic lead57,LEAD4672@PROSPECT.COM,03/04/2025,cold
LD-4674,CH-1,  Initech lead58  ,lead4673@prospect.com,2025-12-28,cold
LD-4675,CH-6,Wayne Enterprises lead59,LEAD4674@SALES.NET,14-12-2025,warm
LD-4676,CH-6,LEXCORP LEAD60,  lead4675@leads.io  ,2026-03-15,cold
LD-4677,CH-2,Massive Dynamic lead61,lead4676@leads.io,02/10/2026,cold
LD-4678,CH-7,Oscorp lead62,lead4677@prospect.com,2026-09-07,cold
LD-4679,CH-1,  Oscorp lead63  ,lead4678@leads.io,2026-09-24,warm
LD-4680,CH-4,Stark Industries lead64,LEAD4679@LEADS.IO,2025-04-20,warm
LD-4681,CH-1,Oscorp lead65,  lead4680@sales.net  ,2026-11-11,cold
LD-4682,CH-6,  Vandelay lead66  ,  lead4681@leads.io  ,04/19/2025,warm
LD-4683,CH-7,Acme Corp lead67,LEAD4682@PROSPECT.COM,20-02-2025,cold
LD-4684,CH-7,OSCORP LEAD68,  lead4683@prospect.com  ,07-08-2026,hot
LD-4685,CH-8,Black Mesa lead69,lead4684@prospect.com,2026-04-07,cold
LD-4686,CH-2,  Aperture lead70  ,  lead4685@sales.net  ,2026-08-20,cold
LD-4687,CH-4,dunder mifflin lead0,lead4686@sales.net,2026-06-20,warm
LD-4688,CH-5,Cyberdyne lead1,  lead4687@sales.net  ,2026-03-21,hot
LD-4689,CH-6,Cyberdyne lead2,  lead4688@leads.io  ,26-01-2025,cold
LD-4690,CH-7,LexCorp lead3,LEAD4689@LEADS.IO,01/10/2026,cold
LD-4691,CH-7,Oscorp lead4,lead4690@prospect.com,03/01/2026,warm
LD-4692,CH-1,Pied Piper lead5,lead4691@prospect.com,12/08/2026,cold
LD-4693,CH-1,APERTURE LEAD6,  lead4692@prospect.com  ,10/24/2026,HOT
LD-4694,CH-5,Pied Piper lead7,lead4693@prospect.com,2025-10-19,HOT
LD-4695,CH-3,Acme Corp lead8,lead4694@leads.io,09/01/2026,hot
LD-4696,CH-1,Pied Piper lead9,lead4695@leads.io,02/12/2025,HOT
LD-4697,CH-4,Weyland-Yutani lead10,lead4696@prospect.com,25-02-2025,cold
LD-4698,CH-2,  Aperture lead11  ,lead4697@leads.io,2025-07-11,warm
LD-4699,CH-7,Aperture lead12,LEAD4698@LEADS.IO,11/03/2025,cold
LD-4700,CH-3,Wayne Enterprises lead13,  lead4699@sales.net  ,17-01-2026,HOT
LD-4701,CH-1,  Dunder Mifflin lead14  ,lead4700@sales.net,2026-12-15,cold
LD-4702,CH-1,vandelay lead15,LEAD4701@PROSPECT.COM,06/20/2026,cold
LD-4703,CH-7,Weyland-Yutani lead16,LEAD4702@SALES.NET,11/27/2026,warm
LD-4704,CH-3,Dunder Mifflin lead17,  lead4703@prospect.com  ,03/23/2025,hot
LD-4705,CH-2,Oscorp lead18,lead4704@sales.net,04/25/2025,HOT
LD-4706,CH-4,BLACK MESA LEAD19,lead4705@prospect.com,2026-07-13,hot
LD-4707,CH-2,Wonka lead20,LEAD4706@LEADS.IO,13-02-2026,cold
LD-4708,CH-2,Pied Piper lead21,lead4707@prospect.com,2026-08-04,cold
LD-4709,CH-1,Weyland-Yutani lead22,LEAD4708@LEADS.IO,2026-09-06,warm
LD-4710,CH-8,Massive Dynamic lead23,  lead4709@sales.net  ,2026-12-14,HOT
LD-4711,CH-5,stark industries lead24,lead4710@leads.io,2025-07-13,hot
LD-4712,CH-4,Cyberdyne lead25,  lead4711@prospect.com  ,2026-07-02,HOT
LD-4713,CH-1,Dunder Mifflin lead26,  lead4712@prospect.com  ,2025-06-15,warm
LD-4714,CH-8,Initech lead27,lead4713@leads.io,2025-12-01,hot
LD-4715,CH-8,  Massive Dynamic lead28  ,LEAD4714@LEADS.IO,2025-07-20,warm
LD-4716,CH-3,Initech lead29,lead4715@sales.net,2026-11-26,cold
LD-4717,CH-7,Dunder Mifflin lead30,lead4716@sales.net,06/10/2025,cold
LD-4718,CH-5,Initech lead31,lead4717@sales.net,04/24/2025,hot
LD-4719,CH-8,Hooli lead32,lead4718@sales.net,2026-05-16,hot
LD-4720,CH-1,globex lead33,lead4719@leads.io,2025-08-14,HOT
LD-4721,CH-4,Oscorp lead34,lead4720@prospect.com,2025-10-17,hot
LD-4722,CH-2,Blue Sun lead35,lead4721@leads.io,12/17/2025,hot
LD-4723,CH-6,OSCORP LEAD36,lead4722@prospect.com,22-01-2026,hot
LD-4724,CH-1,Wayne Enterprises lead37,  lead4723@sales.net  ,2026-04-06,hot
LD-4725,CH-3,Weyland-Yutani lead38,LEAD4724@PROSPECT.COM,21-03-2026,hot
LD-4726,CH-7,Hooli lead39,lead4725@sales.net,2025-01-14,warm
LD-4727,CH-7,Initech lead40,lead4726@sales.net,2025-07-22,hot
LD-4728,CH-2,Massive Dynamic lead41,lead4727@leads.io,10-04-2026,HOT
LD-4729,CH-8,Pied Piper lead42,lead4728@prospect.com,04/14/2025,hot
LD-4730,CH-5,UMBRELLA CO LEAD43,lead4729@prospect.com,09-06-2026,HOT
LD-4731,CH-2,  Tyrell Corp lead44  ,lead4730@sales.net,2026-08-18,hot
LD-4732,CH-7,  Wonka lead45  ,lead4731@prospect.com,01/06/2026,warm
LD-4733,CH-2,Massive Dynamic lead46,  lead4732@sales.net  ,22-04-2026,HOT
LD-4734,CH-5,Wayne Enterprises lead47,lead4733@leads.io,11/23/2025,HOT
LD-4735,CH-7,GLOBEX LEAD48,  lead4734@prospect.com  ,2026-11-26,cold
LD-4736,CH-2,Vandelay lead49,  lead4735@prospect.com  ,03/12/2026,cold
LD-4737,CH-8,Wonka lead50,LEAD4736@SALES.NET,09/06/2026,cold
LD-4738,CH-5,APERTURE LEAD51,lead4737@prospect.com,2026-02-06,HOT
LD-4739,CH-5,Globex lead52,  lead4738@prospect.com  ,2025-06-02,hot
LD-4740,CH-8,Massive Dynamic lead53,lead4739@sales.net,08/22/2026,warm
LD-4741,CH-2,Stark Industries lead54,  lead4740@leads.io  ,02-06-2026,warm
LD-4742,CH-2,LexCorp lead55,lead4741@sales.net,2025-06-09,warm
LD-4743,CH-3,VANDELAY LEAD56,  lead4742@leads.io  ,08/22/2026,cold
LD-4744,CH-8,  Globex lead57  ,  lead4743@leads.io  ,2026-02-04,cold
LD-4745,CH-2,WONKA LEAD58,lead4744@leads.io,2026-04-11,warm
LD-4746,CH-4,STARK INDUSTRIES LEAD59,lead4745@sales.net,2026-08-28,cold
LD-4747,CH-7,weyland-yutani lead60,LEAD4746@SALES.NET,2026-05-11,warm
LD-4748,CH-1,massive dynamic lead61,LEAD4747@PROSPECT.COM,21-10-2026,hot
LD-4749,CH-5,Aperture lead62,lead4748@leads.io,19-06-2026,HOT
LD-4750,CH-5,VANDELAY LEAD63,LEAD4749@LEADS.IO,2026-05-04,cold
LD-4751,CH-8,WAYNE ENTERPRISES LEAD64,lead4750@prospect.com,2026-08-28,hot
LD-4752,CH-1,LexCorp lead65,  lead4751@leads.io  ,2026-10-13,warm
LD-4753,CH-5,Oscorp lead66,lead4752@prospect.com,09-01-2026,warm
LD-4754,CH-2,Cyberdyne lead67,lead4753@leads.io,2026-06-14,warm
LD-4755,CH-3,Oscorp lead68,lead4754@sales.net,2025-05-19,warm
LD-4756,CH-1,umbrella co lead69,lead4755@leads.io,2025-01-28,warm
LD-4757,CH-5,  Cyberdyne lead70  ,lead4756@prospect.com,10/10/2025,hot
LD-4758,CH-5,UMBRELLA CO LEAD0,  lead4757@prospect.com  ,2025-10-20,warm
LD-4759,CH-7,Initech lead1,lead4758@leads.io,06/20/2025,cold
LD-4760,CH-5,BLUE SUN LEAD2,lead4759@leads.io,2026-04-11,HOT
LD-4761,CH-7,Aperture lead3,lead4760@prospect.com,2025-09-07,HOT
LD-4762,CH-5,Dunder Mifflin lead4,lead4761@sales.net,05/23/2026,cold
LD-4763,CH-2,  Pied Piper lead5  ,lead4762@sales.net,2025-09-08,HOT
LD-4764,CH-4,  Black Mesa lead6  ,lead4763@sales.net,2026-09-08,HOT
LD-4765,CH-7,LexCorp lead7,  lead4764@sales.net  ,08-08-2025,warm
LD-4766,CH-7,Umbrella Co lead8,lead4765@prospect.com,11-01-2026,cold
LD-4767,CH-1,ACME CORP LEAD9,  lead4766@leads.io  ,2025-04-28,warm
LD-4768,CH-1,Stark Industries lead10,lead4767@sales.net,08-06-2026,hot
LD-4769,CH-6,Weyland-Yutani lead11,  lead4768@sales.net  ,2026-09-06,warm
LD-4770,CH-1,Dunder Mifflin lead12,lead4769@sales.net,01/25/2025,warm
LD-4771,CH-8,  Oscorp lead13  ,LEAD4770@SALES.NET,01/20/2025,warm
LD-4772,CH-6,Cyberdyne lead14,lead4771@prospect.com,2026-03-01,cold
LD-4773,CH-7,Blue Sun lead15,lead4772@prospect.com,15-02-2025,hot
LD-4774,CH-4,BLACK MESA LEAD16,LEAD4773@LEADS.IO,2025-01-06,cold
LD-4775,CH-1,Black Mesa lead17,lead4774@sales.net,05/02/2025,HOT
LD-4776,CH-8,Cyberdyne lead18,LEAD4775@LEADS.IO,2026-01-18,cold
LD-4777,CH-2,vandelay lead19,LEAD4776@LEADS.IO,20-12-2026,hot
LD-4778,CH-5,Tyrell Corp lead20,LEAD4777@SALES.NET,2025-07-20,cold
LD-4779,CH-7,  Wonka lead21  ,lead4778@sales.net,2025-03-15,HOT
LD-4780,CH-7,Stark Industries lead22,lead4779@prospect.com,2025-12-17,hot
LD-4781,CH-6,wonka lead23,LEAD4780@LEADS.IO,2026-07-20,warm
LD-4782,CH-8,  Tyrell Corp lead24  ,  lead4781@prospect.com  ,26-09-2025,HOT
LD-4783,CH-7,Pied Piper lead25,lead4782@prospect.com,2026-05-19,hot
LD-4784,CH-7,Pied Piper lead26,lead4783@prospect.com,2025-12-08,cold
LD-4785,CH-7,Wonka lead27,lead4784@leads.io,2025-07-09,warm
LD-4786,CH-3,MASSIVE DYNAMIC LEAD28,lead4785@sales.net,2025-10-20,warm
LD-4787,CH-5,UMBRELLA CO LEAD29,lead4786@leads.io,2026-04-16,HOT
LD-4788,CH-1,  Wayne Enterprises lead30  ,LEAD4787@LEADS.IO,16-11-2025,hot
LD-4789,CH-6,Massive Dynamic lead31,lead4788@leads.io,2025-01-08,HOT
LD-4790,CH-4,Acme Corp lead32,lead4789@leads.io,08-09-2026,hot
LD-4791,CH-4,Umbrella Co lead33,lead4790@sales.net,2026-07-06,cold
LD-4792,CH-6,LexCorp lead34,lead4791@sales.net,01/13/2025,warm
LD-4793,CH-5,Black Mesa lead35,lead4792@sales.net,2026-02-08,warm
LD-4794,CH-3,Oscorp lead36,lead4793@sales.net,2025-07-04,warm
LD-4795,CH-2,pied piper lead37,LEAD4794@PROSPECT.COM,26-04-2026,cold
LD-4796,CH-6,  Cyberdyne lead38  ,  lead4795@prospect.com  ,2026-05-19,HOT
LD-4797,CH-4,Aperture lead39,LEAD4796@PROSPECT.COM,2026-06-14,warm
LD-4798,CH-7,  Tyrell Corp lead40  ,LEAD4797@PROSPECT.COM,09/18/2026,cold
LD-4799,CH-5,  Cyberdyne lead41  ,LEAD4798@SALES.NET,19-05-2026,cold
LD-4800,CH-1,Hooli lead42,lead4799@prospect.com,2025-11-28,warm
LD-4801,CH-6,MASSIVE DYNAMIC LEAD43,  lead4800@sales.net  ,2026-03-05,cold
LD-4802,CH-8,Wonka lead44,LEAD4801@LEADS.IO,2025-01-08,HOT
LD-4803,CH-7,Acme Corp lead45,lead4802@prospect.com,2025-09-11,hot
LD-4804,CH-4,aperture lead46,lead4803@prospect.com,10/06/2026,cold
LD-4805,CH-6,massive dynamic lead47,lead4804@sales.net,11/05/2026,HOT
LD-4806,CH-2,Acme Corp lead48,  lead4805@sales.net  ,2025-04-10,warm
LD-4807,CH-3,Acme Corp lead49,  lead4806@prospect.com  ,01/11/2026,hot
LD-4808,CH-6,BLACK MESA LEAD50,lead4807@prospect.com,2025-07-23,cold
LD-4809,CH-6,Dunder Mifflin lead51,  lead4808@sales.net  ,17-06-2025,HOT
LD-4810,CH-2,  Vandelay lead52  ,LEAD4809@LEADS.IO,2026-06-02,hot
LD-4811,CH-2,Umbrella Co lead53,  lead4810@prospect.com  ,08/15/2026,HOT
LD-4812,CH-5,Wayne Enterprises lead54,LEAD4811@LEADS.IO,06/03/2025,HOT
LD-4813,CH-2,Aperture lead55,lead4812@sales.net,2025-02-16,HOT
LD-4814,CH-7,  Umbrella Co lead56  ,lead4813@sales.net,2025-12-03,hot
LD-4815,CH-3,APERTURE LEAD57,lead4814@sales.net,2025-05-24,warm
LD-4816,CH-6,Cyberdyne lead58,  lead4815@leads.io  ,11/26/2026,hot
LD-4817,CH-3,  Wonka lead59  ,LEAD4816@LEADS.IO,2025-10-17,warm
LD-4818,CH-8,LexCorp lead60,lead4817@prospect.com,01-07-2026,hot
LD-4819,CH-1,Acme Corp lead61,LEAD4818@LEADS.IO,09/19/2025,hot
LD-4820,CH-4,Hooli lead62,  lead4819@sales.net  ,17-12-2025,hot
LD-4821,CH-2,  Globex lead63  ,lead4820@sales.net,09/26/2026,hot
LD-4822,CH-6,Blue Sun lead64,lead4821@sales.net,2026-09-05,warm
LD-4823,CH-7,Tyrell Corp lead65,lead4822@sales.net,2025-09-16,HOT
LD-4824,CH-2,Stark Industries lead66,  lead4823@prospect.com  ,2026-12-19,hot
LD-4825,CH-3,  Oscorp lead67  ,LEAD4824@SALES.NET,2026-06-14,cold
LD-4826,CH-8,GLOBEX LEAD68,lead4825@leads.io,2025-09-11,warm
LD-4827,CH-7,Hooli lead69,LEAD4826@PROSPECT.COM,2025-12-21,hot
LD-4828,CH-3,  Umbrella Co lead70  ,  lead4827@sales.net  ,2025-09-03,cold
LD-4829,CH-2,dunder mifflin lead0,LEAD4828@PROSPECT.COM,2026-02-08,hot
LD-4830,CH-7,Initech lead1,lead4829@leads.io,14-08-2026,warm
LD-4831,CH-1,Globex lead2,  lead4830@prospect.com  ,2025-07-13,warm
LD-4832,CH-4,lexcorp lead3,lead4831@leads.io,2026-03-23,cold
LD-4833,CH-4,ACME CORP LEAD4,  lead4832@sales.net  ,2026-04-01,warm
LD-4834,CH-7,Acme Corp lead5,  lead4833@sales.net  ,12-03-2026,hot
LD-4835,CH-8,Black Mesa lead6,lead4834@prospect.com,12/19/2025,cold
LD-4836,CH-4,Oscorp lead7,lead4835@leads.io,03/22/2025,cold
LD-4837,CH-1,Umbrella Co lead8,lead4836@prospect.com,2025-07-26,hot
LD-4838,CH-7,  Pied Piper lead9  ,lead4837@sales.net,03/14/2026,hot
LD-4839,CH-1,Acme Corp lead10,lead4838@prospect.com,2026-02-12,cold
LD-4840,CH-2,INITECH LEAD11,LEAD4839@PROSPECT.COM,09-02-2025,cold
LD-4841,CH-2,  Oscorp lead12  ,lead4840@leads.io,05/05/2025,warm
LD-4842,CH-6,TYRELL CORP LEAD13,  lead4841@sales.net  ,08/14/2025,HOT
LD-4843,CH-4,Weyland-Yutani lead14,  lead4842@sales.net  ,03/16/2025,HOT
LD-4844,CH-4,  Aperture lead15  ,  lead4843@prospect.com  ,2025-01-22,cold
LD-4845,CH-6,  Blue Sun lead16  ,  lead4844@leads.io  ,2025-06-08,hot
LD-4846,CH-1,  Tyrell Corp lead17  ,lead4845@sales.net,26-01-2025,warm
LD-4847,CH-4,Umbrella Co lead18,LEAD4846@LEADS.IO,2026-12-27,cold
LD-4848,CH-7,WAYNE ENTERPRISES LEAD19,lead4847@leads.io,10/24/2025,HOT
LD-4849,CH-4,Wayne Enterprises lead20,lead4848@prospect.com,16-05-2026,hot
LD-4850,CH-8,WEYLAND-YUTANI LEAD21,lead4849@sales.net,2026-10-28,warm
LD-4851,CH-5,Black Mesa lead22,LEAD4850@SALES.NET,2026-03-19,HOT
LD-4852,CH-3,massive dynamic lead23,LEAD4851@PROSPECT.COM,2025-01-07,cold
LD-4853,CH-1,WEYLAND-YUTANI LEAD24,lead4852@prospect.com,04/27/2026,hot
LD-4854,CH-3,Wonka lead25,lead4853@sales.net,2025-01-11,HOT
LD-4855,CH-7,Pied Piper lead26,lead4854@prospect.com,08/11/2025,hot
LD-4856,CH-8,massive dynamic lead27,  lead4855@prospect.com  ,2025-10-08,cold
LD-4857,CH-3,HOOLI LEAD28,lead4856@sales.net,2026-12-03,HOT
LD-4858,CH-1,  Initech lead29  ,lead4857@prospect.com,06/13/2025,cold
LD-4859,CH-5,TYRELL CORP LEAD30,LEAD4858@PROSPECT.COM,01/08/2025,HOT
LD-4860,CH-7,dunder mifflin lead31,  lead4859@sales.net  ,05/19/2026,HOT
LD-4861,CH-3,LexCorp lead32,  lead4860@leads.io  ,2025-10-28,cold
LD-4862,CH-7,  Wayne Enterprises lead33  ,lead4861@prospect.com,10/24/2026,HOT
LD-4863,CH-7,WONKA LEAD34,lead4862@sales.net,2025-07-05,hot
LD-4864,CH-3,Globex lead35,lead4863@prospect.com,2026-07-03,warm
LD-4865,CH-1,Weyland-Yutani lead36,lead4864@prospect.com,23-04-2025,cold
LD-4866,CH-8,Weyland-Yutani lead37,LEAD4865@LEADS.IO,2025-04-16,hot
LD-4867,CH-8,Dunder Mifflin lead38,lead4866@leads.io,08/22/2026,hot
LD-4868,CH-4,Tyrell Corp lead39,lead4867@leads.io,11-06-2026,warm
LD-4869,CH-4,Vandelay lead40,LEAD4868@PROSPECT.COM,12/12/2026,warm
LD-4870,CH-5,Oscorp lead41,lead4869@prospect.com,07/02/2025,hot
LD-4871,CH-3,WAYNE ENTERPRISES LEAD42,lead4870@prospect.com,03-02-2025,warm
LD-4872,CH-4,TYRELL CORP LEAD43,lead4871@leads.io,05/25/2025,warm
LD-4873,CH-5,Tyrell Corp lead44,LEAD4872@PROSPECT.COM,2026-02-06,warm
LD-4874,CH-3,GLOBEX LEAD45,LEAD4873@SALES.NET,2026-04-28,cold
LD-4875,CH-7,TYRELL CORP LEAD46,lead4874@leads.io,06/13/2026,HOT
LD-4876,CH-6,Dunder Mifflin lead47,lead4875@sales.net,2025-12-16,HOT
LD-4877,CH-6,INITECH LEAD48,lead4876@prospect.com,10/22/2026,HOT
LD-4878,CH-2,LEXCORP LEAD49,lead4877@sales.net,2026-02-18,HOT
LD-4879,CH-3,globex lead50,lead4878@leads.io,2025-05-17,cold
LD-4880,CH-3,Massive Dynamic lead51,  lead4879@prospect.com  ,27-11-2026,warm
LD-4881,CH-6,Wayne Enterprises lead52,LEAD4880@SALES.NET,2026-11-13,cold
LD-4882,CH-3,Hooli lead53,  lead4881@leads.io  ,2026-02-11,cold
LD-4883,CH-6,  Massive Dynamic lead54  ,lead4882@sales.net,09/27/2025,cold
LD-4884,CH-6,Weyland-Yutani lead55,lead4883@leads.io,2025-04-14,hot
LD-4885,CH-7,Weyland-Yutani lead56,  lead4884@leads.io  ,2026-03-02,warm
LD-4886,CH-1,Vandelay lead57,  lead4885@leads.io  ,2025-10-23,hot
LD-4887,CH-4,Oscorp lead58,lead4886@sales.net,2026-03-28,hot
LD-4888,CH-8,Cyberdyne lead59,LEAD4887@PROSPECT.COM,24-01-2025,hot
LD-4889,CH-5,Aperture lead60,lead4888@sales.net,2026-12-28,hot
LD-4890,CH-8,Blue Sun lead61,LEAD4889@PROSPECT.COM,12-01-2026,HOT
LD-4891,CH-5,globex lead62,  lead4890@leads.io  ,06/15/2026,HOT
LD-4892,CH-2,  Cyberdyne lead63  ,lead4891@prospect.com,16-04-2026,HOT
LD-4893,CH-3,  Pied Piper lead64  ,lead4892@prospect.com,2025-07-12,cold
LD-4894,CH-1,Wonka lead65,  lead4893@sales.net  ,01-02-2026,hot
LD-4895,CH-4,tyrell corp lead66,lead4894@prospect.com,2025-08-19,hot
LD-4896,CH-8,  Black Mesa lead67  ,LEAD4895@SALES.NET,18-04-2025,HOT
LD-4897,CH-1,hooli lead68,lead4896@leads.io,04/27/2026,HOT
LD-4898,CH-3,DUNDER MIFFLIN LEAD69,lead4897@sales.net,05-02-2026,cold
LD-4899,CH-7,MASSIVE DYNAMIC LEAD70,  lead4898@prospect.com  ,02/15/2026,hot
LD-4900,CH-5,  Vandelay lead0  ,lead4899@leads.io,2026-03-10,cold
LD-4901,CH-2,  Blue Sun lead1  ,lead4900@prospect.com,2026-06-26,hot
LD-4902,CH-6,Black Mesa lead2,lead4901@prospect.com,03/25/2025,HOT
LD-4903,CH-8,Vandelay lead3,  lead4902@sales.net  ,05/13/2026,hot
LD-4904,CH-3,Stark Industries lead4,LEAD4903@SALES.NET,2025-08-23,HOT
LD-4905,CH-1,  Globex lead5  ,lead4904@leads.io,2025-04-20,HOT
LD-4906,CH-2,vandelay lead6,lead4905@leads.io,06/04/2026,HOT
LD-4907,CH-8,  Pied Piper lead7  ,lead4906@sales.net,2025-11-11,hot
LD-4908,CH-5,  Globex lead8  ,lead4907@prospect.com,10/01/2026,HOT
LD-4909,CH-6,Pied Piper lead9,lead4908@sales.net,2026-02-11,warm
LD-4910,CH-4,Weyland-Yutani lead10,lead4909@prospect.com,2026-06-09,hot
LD-4911,CH-6,  Stark Industries lead11  ,LEAD4910@PROSPECT.COM,2026-04-14,warm
LD-4912,CH-3,Wayne Enterprises lead12,lead4911@sales.net,2026-10-22,hot
LD-4913,CH-8,  Wonka lead13  ,LEAD4912@SALES.NET,2026-09-03,HOT
LD-4914,CH-7,Dunder Mifflin lead14,lead4913@prospect.com,2025-07-21,HOT
LD-4915,CH-7,VANDELAY LEAD15,  lead4914@leads.io  ,2025-08-28,warm
LD-4916,CH-7,Wonka lead16,  lead4915@leads.io  ,03-10-2025,warm
LD-4917,CH-1,hooli lead17,lead4916@sales.net,2026-07-01,hot
LD-4918,CH-1,hooli lead18,lead4917@sales.net,2026-02-06,warm
LD-4919,CH-7,Initech lead19,lead4918@leads.io,10/26/2026,hot
LD-4920,CH-4,Pied Piper lead20,LEAD4919@LEADS.IO,24-02-2025,HOT
LD-4921,CH-3,Wonka lead21,lead4920@prospect.com,12/17/2025,cold
LD-4922,CH-8,umbrella co lead22,lead4921@prospect.com,2026-08-24,cold
LD-4923,CH-1,  Hooli lead23  ,lead4922@sales.net,2026-05-19,cold
LD-4924,CH-7,PIED PIPER LEAD24,  lead4923@prospect.com  ,2025-05-14,hot
LD-4925,CH-8,Wonka lead25,lead4924@sales.net,04/14/2025,hot
LD-4926,CH-5,Aperture lead26,lead4925@sales.net,10/13/2026,HOT
LD-4927,CH-4,Dunder Mifflin lead27,LEAD4926@PROSPECT.COM,07-09-2025,warm
LD-4928,CH-6,Blue Sun lead28,LEAD4927@LEADS.IO,11-03-2026,cold
LD-4929,CH-5,  Cyberdyne lead29  ,LEAD4928@LEADS.IO,20-09-2026,hot
LD-4930,CH-2,Stark Industries lead30,lead4929@prospect.com,2025-12-02,hot
LD-4931,CH-2,vandelay lead31,lead4930@sales.net,2026-07-17,warm
LD-4932,CH-3,Cyberdyne lead32,lead4931@prospect.com,11/28/2025,HOT
LD-4933,CH-6,STARK INDUSTRIES LEAD33,LEAD4932@SALES.NET,11/24/2025,hot
LD-4934,CH-7,VANDELAY LEAD34,lead4933@sales.net,2026-06-21,warm
LD-4935,CH-2,Aperture lead35,LEAD4934@SALES.NET,02-07-2025,warm
LD-4936,CH-4,Cyberdyne lead36,lead4935@sales.net,2026-10-23,HOT
LD-4937,CH-1,Hooli lead37,LEAD4936@LEADS.IO,24-04-2026,warm
LD-4938,CH-5,wonka lead38,LEAD4937@LEADS.IO,27-11-2025,hot
LD-4939,CH-3,Vandelay lead39,lead4938@sales.net,02/26/2025,cold
LD-4940,CH-4,wayne enterprises lead40,lead4939@prospect.com,19-02-2025,hot
LD-4941,CH-7,Hooli lead41,lead4940@prospect.com,08/07/2026,HOT
LD-4942,CH-7,initech lead42,lead4941@prospect.com,2026-01-14,HOT
LD-4943,CH-1,Initech lead43,  lead4942@prospect.com  ,02/09/2026,cold
LD-4944,CH-8,BLUE SUN LEAD44,LEAD4943@LEADS.IO,17-03-2025,hot
LD-4945,CH-8,  Wonka lead45  ,lead4944@prospect.com,2026-09-12,cold
LD-4946,CH-5,UMBRELLA CO LEAD46,lead4945@leads.io,2026-08-04,HOT
LD-4947,CH-3,  Initech lead47  ,LEAD4946@LEADS.IO,2025-12-18,warm
LD-4948,CH-3,Black Mesa lead48,lead4947@sales.net,2025-01-13,warm
LD-4949,CH-8,APERTURE LEAD49,LEAD4948@SALES.NET,2025-09-06,warm
LD-4950,CH-3,Vandelay lead50,lead4949@leads.io,10-03-2025,HOT
LD-4951,CH-5,Aperture lead51,lead4950@sales.net,07/26/2026,cold
LD-4952,CH-2,  Weyland-Yutani lead52  ,  lead4951@prospect.com  ,2026-03-15,cold
LD-4953,CH-6,  Initech lead53  ,  lead4952@sales.net  ,07/18/2025,hot
LD-4954,CH-2,Wonka lead54,  lead4953@leads.io  ,2026-09-27,warm
LD-4955,CH-2,Oscorp lead55,lead4954@prospect.com,2025-08-12,cold
LD-4956,CH-6,aperture lead56,lead4955@prospect.com,08-11-2026,HOT
LD-4957,CH-2,Massive Dynamic lead57,lead4956@leads.io,2026-04-18,hot
LD-4958,CH-2,tyrell corp lead58,lead4957@leads.io,2025-01-15,HOT
LD-4959,CH-8,Dunder Mifflin lead59,lead4958@sales.net,2026-09-05,HOT
LD-4960,CH-6,INITECH LEAD60,lead4959@prospect.com,2025-01-24,HOT
LD-4961,CH-3,Stark Industries lead61,LEAD4960@LEADS.IO,07-08-2025,hot
LD-4962,CH-8,black mesa lead62,  lead4961@leads.io  ,2026-11-03,warm
LD-4963,CH-2,WEYLAND-YUTANI LEAD63,LEAD4962@PROSPECT.COM,2025-07-25,HOT
LD-4964,CH-8,WONKA LEAD64,lead4963@prospect.com,02-03-2026,warm
LD-4965,CH-8,STARK INDUSTRIES LEAD65,  lead4964@prospect.com  ,06-04-2026,cold
LD-4966,CH-4,Vandelay lead66,lead4965@sales.net,2026-05-10,hot
LD-4967,CH-4,  Globex lead67  ,lead4966@prospect.com,2026-04-01,cold
LD-4968,CH-4,Cyberdyne lead68,LEAD4967@SALES.NET,01/11/2026,hot
LD-4969,CH-5,Wayne Enterprises lead69,lead4968@sales.net,2025-04-14,HOT
LD-4970,CH-7,APERTURE LEAD70,LEAD4969@SALES.NET,2026-03-08,hot
LD-4971,CH-8,initech lead0,lead4970@sales.net,03/14/2026,warm
LD-4972,CH-3,Umbrella Co lead1,lead4971@leads.io,08/07/2026,warm
LD-4973,CH-7,Initech lead2,lead4972@sales.net,2026-06-11,cold
LD-4974,CH-8,Tyrell Corp lead3,lead4973@sales.net,07/21/2025,hot
LD-4975,CH-1,Initech lead4,lead4974@prospect.com,2026-04-19,warm
LD-4976,CH-7,  Blue Sun lead5  ,lead4975@prospect.com,2026-09-10,HOT
LD-4977,CH-4,Globex lead6,lead4976@prospect.com,02/16/2025,hot
LD-4978,CH-4,  Pied Piper lead7  ,  lead4977@leads.io  ,2025-06-09,HOT
LD-4979,CH-6,VANDELAY LEAD8,lead4978@leads.io,08/11/2025,cold
LD-4980,CH-3,  Wonka lead9  ,lead4979@prospect.com,2025-10-03,warm
LD-4981,CH-1,Umbrella Co lead10,  lead4980@sales.net  ,01-12-2026,HOT
LD-4982,CH-5,APERTURE LEAD11,LEAD4981@SALES.NET,07/27/2026,HOT
LD-4983,CH-8,  Globex lead12  ,lead4982@leads.io,24-12-2025,warm
LD-4984,CH-1,  Wonka lead13  ,lead4983@sales.net,2025-04-09,hot
LD-4985,CH-7,Tyrell Corp lead14,LEAD4984@SALES.NET,08/15/2026,warm
LD-4986,CH-3,Hooli lead15,LEAD4985@SALES.NET,2025-04-20,cold
LD-4987,CH-7,  Wayne Enterprises lead16  ,LEAD4986@LEADS.IO,2025-09-01,HOT
LD-4988,CH-3,Umbrella Co lead17,LEAD4987@PROSPECT.COM,2026-03-12,warm
LD-4989,CH-5,acme corp lead18,  lead4988@leads.io  ,12/26/2025,HOT
LD-4990,CH-6,Wonka lead19,lead4989@sales.net,2025-03-20,cold
LD-4991,CH-1,Oscorp lead20,lead4990@sales.net,05-07-2025,cold
LD-4992,CH-3,lexcorp lead21,  lead4991@leads.io  ,12/17/2026,warm
LD-4993,CH-1,Pied Piper lead22,LEAD4992@LEADS.IO,2025-06-17,cold
LD-4994,CH-3,wayne enterprises lead23,lead4993@leads.io,2026-01-22,HOT
LD-4995,CH-5,STARK INDUSTRIES LEAD24,lead4994@leads.io,2026-10-26,cold
LD-4996,CH-2,Tyrell Corp lead25,lead4995@prospect.com,2026-05-27,warm
LD-4997,CH-7,Acme Corp lead26,  lead4996@leads.io  ,16-04-2026,cold
LD-4998,CH-7,tyrell corp lead27,  lead4997@leads.io  ,2026-05-18,cold
LD-4999,CH-7,Oscorp lead28,LEAD4998@PROSPECT.COM,2025-11-06,cold
LD-5000,CH-6,Oscorp lead29,  lead4999@sales.net  ,09/01/2025,HOT
