payment_id,invoice_id,amount,method,status,paid_date
SP-1,SI-3298,"$4,025.00",card,success,07/11/2026
SP-2,SI-5938,4160,bank_transfer,success,27-02-2025
SP-3,SI-5251,3009,bank_transfer,success,08-02-2025
SP-4,SI-1502,425.00,alipay,success,2025-10-22
SP-5,SI-654,"$2,391.00",alipay,pending,2025-06-09
SP-6,SI-2810,1879,card,SUCCESS,05/25/2026
SP-7,SI-3130,1092,alipay,success,02/17/2024
SP-8,SI-2047,1406,bank_transfer,pending,2025-08-16
SP-9,SI-4446,"1,541.00",alipay,SUCCESS,2026-06-24
SP-10,SI-4136,"$4,436.00",wechat,SUCCESS,2024-06-26
SP-11,SI-3775,$967.00,alipay,success,2024-03-27
SP-12,SI-1329,"2,114.00",bank_transfer,success,2025-02-21
SP-13,SI-3266,"$3,335.00",alipay,success,08/25/2026
SP-14,SI-1986,"3,256.00",wechat,pending,2026-11-13
SP-15,SI-5227,"$3,565.00",bank_transfer,SUCCESS,01/01/2025
SP-16,SI-4370,3948,bank_transfer,pending,17-05-2024
SP-17,SI-4278,$462.00,alipay,SUCCESS,08/13/2024
SP-18,SI-1167,"$1,138.00",wechat,success,2025-04-11
SP-19,SI-5624,"$1,005.00",card,pending,03/03/2025
SP-20,SI-2875,"$3,724.00",wechat,pending,20-07-2024
SP-21,SI-4540,$583.00,wechat,pending,2025-03-19
SP-22,SI-3207,3266,wechat,pending,06/18/2024
SP-23,SI-1504,"$4,697.00",wechat,SUCCESS,2026-12-23
SP-24,SI-2538,"4,767.00",alipay,success,2025-03-01
SP-25,SI-772,"$3,646.00",card,success,05/18/2025
SP-26,SI-1280,4730,card,pending,2024-08-06
SP-27,SI-659,1923,bank_transfer,SUCCESS,2025-12-16
SP-28,SI-2895,3056,card,success,2026-06-09
SP-29,SI-2287,"$3,068.00",bank_transfer,pending,2025-09-19
SP-30,SI-991,3710,card,failed,03/04/2024
SP-31,SI-3390,218,alipay,pending,12/03/2026
SP-32,SI-1054,"2,858.00",bank_transfer,SUCCESS,2025-10-26
SP-33,SI-756,2232,card,pending,20-04-2026
SP-34,SI-3454,167,card,SUCCESS,2025-03-12
SP-35,SI-3887,3419,bank_transfer,success,2026-04-03
SP-36,SI-5122,"$3,455.00",alipay,SUCCESS,2026-01-06
SP-37,SI-909,"2,347.00",bank_transfer,SUCCESS,2024-09-21
SP-38,SI-4371,"$3,991.00",card,pending,06/10/2026
SP-39,SI-3473,1757,wechat,success,2025-10-12
SP-40,SI-208,2048,card,pending,09-07-2026
SP-41,SI-1628,765,bank_transfer,success,07/03/2024
SP-42,SI-1607,2653,bank_transfer,pending,2026-12-11
SP-43,SI-1707,3551,bank_transfer,success,2025-06-24
SP-44,SI-3665,"$2,939.00",alipay,SUCCESS,2024-05-11
SP-45,SI-2123,$323.00,wechat,success,2025-11-22
SP-46,SI-2218,4748,wechat,pending,2026-03-16
SP-47,SI-2819,3077,bank_transfer,pending,2025-05-16
SP-48,SI-3615,3519,alipay,failed,2026-11-24
SP-49,SI-5226,3244,card,SUCCESS,07/27/2024
SP-50,SI-5420,639.00,bank_transfer,pending,01/23/2025
SP-51,SI-4964,"$4,114.00",alipay,success,2024-07-17
SP-52,SI-3166,"$4,623.00",card,pending,2025-09-27
SP-53,SI-2562,1625,alipay,success,2025-01-04
SP-54,SI-1050,"$2,322.00",wechat,SUCCESS,04/28/2024
SP-55,SI-834,"$4,097.00",alipay,SUCCESS,2025-08-11
SP-56,SI-1179,4303,alipay,success,2026-08-05
SP-57,SI-3225,$122.00,card,success,2025-11-27
SP-58,SI-5330,4278,alipay,SUCCESS,2024-05-07
SP-59,SI-580,1027,wechat,success,2024-04-20
SP-60,SI-4004,"4,635.00",card,success,11/22/2025
SP-61,SI-3160,"1,050.00",bank_transfer,success,12/20/2025
SP-62,SI-124,"$1,367.00",wechat,pending,03/02/2024
SP-63,SI-2256,"4,158.00",wechat,SUCCESS,2025-04-24
SP-64,SI-731,1133,bank_transfer,pending,2025-04-21
SP-65,SI-282,2199,bank_transfer,pending,07/02/2026
SP-66,SI-4668,"4,760.00",bank_transfer,pending,2025-12-28
SP-67,SI-5293,700,alipay,failed,04/27/2026
SP-68,SI-5596,"3,702.00",card,SUCCESS,09-04-2026
SP-69,SI-4854,"4,958.00",alipay,pending,12-07-2026
SP-70,SI-4024,2852,alipay,SUCCESS,2025-04-15
SP-71,SI-5149,"2,296.00",alipay,failed,2025-11-21
SP-72,SI-1078,"$3,260.00",wechat,pending,12/09/2024
SP-73,SI-5115,503,bank_transfer,pending,2025-08-05
SP-74,SI-919,4679,card,pending,09/03/2026
SP-75,SI-4677,$399.00,bank_transfer,failed,2025-10-17
SP-76,SI-2339,3445,wechat,failed,06/02/2026
SP-77,SI-643,4510,wechat,success,19-07-2025
SP-78,SI-4930,"4,506.00",card,failed,08-11-2025
SP-79,SI-4133,782,card,SUCCESS,2024-09-20
SP-80,SI-2567,4507,bank_transfer,success,2025-06-15
SP-81,SI-1070,"2,894.00",card,success,2025-10-22
SP-82,SI-5383,295.00,wechat,SUCCESS,09-02-2026
SP-83,SI-3054,2748,alipay,success,07/27/2025
SP-84,SI-1769,2817,bank_transfer,SUCCESS,12/08/2026
SP-85,SI-2544,$966.00,bank_transfer,failed,08/18/2026
SP-86,SI-3777,658,wechat,pending,15-03-2026
SP-87,SI-3999,"$2,327.00",card,SUCCESS,07-08-2025
SP-88,SI-3198,"$1,749.00",alipay,success,07/23/2024
SP-89,SI-4026,1762,bank_transfer,success,04/02/2026
SP-90,SI-5356,217,bank_transfer,success,2024-01-21
SP-91,SI-4470,4521,wechat,SUCCESS,2024-08-09
SP-92,SI-4305,4405,alipay,success,15-09-2024
SP-93,SI-1144,3850,bank_transfer,SUCCESS,2025-11-01
SP-94,SI-3756,"$3,221.00",alipay,pending,2026-06-25
SP-95,SI-1425,2939,card,success,07/08/2026
SP-96,SI-448,182.00,card,pending,09/24/2024
SP-97,SI-1411,1129,alipay,pending,08/09/2025
SP-98,SI-3979,125,card,SUCCESS,2026-10-02
SP-99,SI-4652,"$2,335.00",wechat,failed,2025-07-13
SP-100,SI-5233,"$3,775.00",wechat,pending,02/08/2025
SP-101,SI-4516,"2,423.00",bank_transfer,SUCCESS,2024-08-17
SP-102,SI-105,"$1,620.00",wechat,success,28-09-2026
SP-103,SI-2758,696,alipay,success,2026-06-05
SP-104,SI-2739,"$4,063.00",card,SUCCESS,07-01-2024
SP-105,SI-4095,"2,955.00",bank_transfer,SUCCESS,01-07-2026
SP-106,SI-3682,"4,263.00",wechat,SUCCESS,10-05-2025
SP-107,SI-493,"4,685.00",card,success,02/07/2025
SP-108,SI-700,"$1,657.00",bank_transfer,pending,2025-10-01
SP-109,SI-5765,1822,wechat,pending,02/21/2025
SP-110,SI-4032,"$1,953.00",wechat,SUCCESS,2024-09-13
SP-111,SI-757,3034,bank_transfer,success,12/26/2024
SP-112,SI-2540,2026,wechat,pending,2026-11-21
SP-113,SI-2561,"2,974.00",alipay,success,2025-02-13
SP-114,SI-5716,2478,bank_transfer,SUCCESS,2024-10-24
SP-115,SI-649,"$4,800.00",card,failed,05/23/2025
SP-116,SI-1832,"$1,962.00",wechat,success,2024-12-11
SP-117,SI-1355,4815,card,SUCCESS,2025-11-08
SP-118,SI-1272,"$2,938.00",wechat,success,09/21/2025
SP-119,SI-1470,1265,wechat,SUCCESS,02/10/2025
SP-120,SI-1116,103,card,pending,28-11-2024
SP-121,SI-5494,850,wechat,pending,2026-10-25
SP-122,SI-1798,"4,053.00",alipay,SUCCESS,02-07-2026
SP-123,SI-4130,"$1,230.00",bank_transfer,pending,2025-04-01
SP-124,SI-2549,"3,256.00",wechat,success,2026-12-28
SP-125,SI-1787,"$1,674.00",card,pending,2024-07-22
SP-126,SI-2708,4466,card,pending,2026-12-13
SP-127,SI-110,"$3,983.00",alipay,SUCCESS,25-09-2024
SP-128,SI-3815,1829,alipay,failed,07/27/2024
SP-129,SI-5733,4549,bank_transfer,success,04/17/2025
SP-130,SI-324,"$3,049.00",bank_transfer,pending,2026-07-23
SP-131,SI-2027,"$1,350.00",wechat,success,12/27/2024
SP-132,SI-5680,"$4,976.00",alipay,success,09/13/2024
SP-133,SI-1970,"$4,919.00",bank_transfer,pending,2025-05-22
SP-134,SI-83,"4,415.00",bank_transfer,success,09/17/2024
SP-135,SI-3298,"$3,452.00",alipay,success,2025-12-14
SP-136,SI-258,$861.00,alipay,SUCCESS,2025-11-18
SP-137,SI-4250,211,bank_transfer,SUCCESS,2025-12-22
SP-138,SI-4451,"$2,923.00",wechat,success,2026-01-20
SP-139,SI-3313,899,card,success,2024-05-23
SP-140,SI-3478,1446,card,failed,2025-11-17
SP-141,SI-4039,1449,bank_transfer,pending,02/21/2025
SP-142,SI-3196,"$1,299.00",alipay,SUCCESS,2025-03-25
SP-143,SI-4148,1819,card,pending,09/28/2026
SP-144,SI-4023,"$4,497.00",alipay,SUCCESS,11/10/2024
SP-145,SI-4248,$749.00,alipay,success,01/22/2024
SP-146,SI-5178,2529,wechat,SUCCESS,2026-05-20
SP-147,SI-3388,4977,wechat,SUCCESS,2026-12-22
SP-148,SI-1110,"3,602.00",wechat,failed,2024-07-03
SP-149,SI-2002,"$1,690.00",wechat,success,2024-09-08
SP-150,SI-2616,2968,bank_transfer,success,06/11/2026
SP-151,SI-5928,"$3,737.00",alipay,SUCCESS,10/06/2024
SP-152,SI-5351,"$1,008.00",alipay,success,10/03/2026
SP-153,SI-2659,249,alipay,SUCCESS,2025-11-26
SP-154,SI-2546,2498,card,success,10-03-2024
SP-155,SI-3730,"$3,204.00",wechat,success,02/28/2026
SP-156,SI-3226,"$3,197.00",alipay,SUCCESS,12/22/2025
SP-157,SI-5,"1,823.00",card,SUCCESS,02/19/2025
SP-158,SI-4304,1552,card,SUCCESS,04/18/2025
SP-159,SI-5529,187,card,success,2026-02-09
SP-160,SI-5175,366,wechat,pending,2024-08-28
SP-161,SI-2239,3891,alipay,SUCCESS,09-06-2026
SP-162,SI-905,"$1,310.00",alipay,failed,11/19/2024
SP-163,SI-864,"3,567.00",wechat,success,2024-02-04
SP-164,SI-3333,"4,791.00",bank_transfer,success,10/04/2024
SP-165,SI-2394,4551,wechat,success,28-03-2024
SP-166,SI-5939,3676,wechat,success,2024-02-17
SP-167,SI-1317,2983,card,SUCCESS,2024-01-03
SP-168,SI-4978,"$1,603.00",alipay,pending,14-02-2024
SP-169,SI-3097,"$3,045.00",bank_transfer,SUCCESS,2024-03-19
SP-170,SI-4778,2123,wechat,SUCCESS,2026-05-12
SP-171,SI-5321,3388,wechat,success,02-03-2024
SP-172,SI-2497,596.00,wechat,success,11-01-2026
SP-173,SI-4179,"$2,953.00",wechat,SUCCESS,2025-08-20
SP-174,SI-5914,"$2,237.00",alipay,SUCCESS,20-01-2026
SP-175,SI-1165,1950,alipay,success,2026-10-11
SP-176,SI-4701,4399,card,success,2026-04-17
SP-177,SI-5987,432,card,SUCCESS,03-06-2026
SP-178,SI-2365,"4,812.00",wechat,pending,2025-04-11
SP-179,SI-4608,1063,bank_transfer,SUCCESS,27-10-2024
SP-180,SI-2747,2001,wechat,pending,2025-09-06
SP-181,SI-612,"$4,632.00",card,success,2024-10-25
SP-182,SI-4670,"1,281.00",alipay,success,2025-01-24
SP-183,SI-4354,4497,wechat,success,2025-08-05
SP-184,SI-1463,"2,207.00",bank_transfer,pending,2025-05-13
SP-185,SI-513,"3,607.00",alipay,pending,2025-11-14
SP-186,SI-2682,"2,847.00",card,SUCCESS,2025-06-01
SP-187,SI-177,$756.00,card,success,2024-04-27
SP-188,SI-946,2629,alipay,success,10/23/2025
SP-189,SI-3372,306,bank_transfer,success,08/25/2025
SP-190,SI-1918,2210,card,success,2026-07-19
SP-191,SI-3868,$911.00,wechat,success,10/15/2024
SP-192,SI-2725,"2,912.00",alipay,pending,02/28/2024
SP-193,SI-4843,562.00,card,pending,11/07/2026
SP-194,SI-2205,"4,441.00",bank_transfer,success,2026-02-04
SP-195,SI-4816,"$2,879.00",card,pending,2025-04-07
SP-196,SI-3934,648,bank_transfer,pending,2024-10-24
SP-197,SI-3811,"4,979.00",bank_transfer,SUCCESS,2025-04-06
SP-198,SI-3551,"$3,984.00",wechat,SUCCESS,2025-05-12
SP-199,SI-3098,3205,alipay,pending,2024-09-04
SP-200,SI-4760,1855,bank_transfer,success,2026-10-01
SP-201,SI-3296,"$3,930.00",bank_transfer,failed,12/04/2025
SP-202,SI-2974,323,card,failed,2024-04-11
SP-203,SI-5245,"$2,075.00",wechat,success,25-06-2026
SP-204,SI-1144,2705,wechat,failed,01/26/2024
SP-205,SI-2861,"$2,834.00",bank_transfer,success,16-06-2024
SP-206,SI-3144,"2,802.00",card,SUCCESS,11/10/2024
SP-207,SI-3773,"2,931.00",wechat,pending,08-01-2024
SP-208,SI-1658,"4,422.00",card,pending,2024-11-11
SP-209,SI-2175,4786,bank_transfer,SUCCESS,18-05-2025
SP-210,SI-1995,1352,alipay,success,04/14/2026
SP-211,SI-249,"$4,164.00",alipay,pending,2026-05-18
SP-212,SI-2732,"4,390.00",alipay,failed,2026-12-05
SP-213,SI-4203,347,bank_transfer,SUCCESS,2025-02-12
SP-214,SI-1374,552,card,success,23-10-2026
SP-215,SI-3774,"$3,510.00",alipay,success,06/20/2024
SP-216,SI-5847,116,card,success,10/01/2026
SP-217,SI-5453,422,bank_transfer,SUCCESS,2025-01-16
SP-218,SI-650,"$4,924.00",card,SUCCESS,12/14/2026
SP-219,SI-4650,$646.00,card,success,2024-05-11
SP-220,SI-2497,"$3,981.00",card,pending,08-06-2026
SP-221,SI-878,"$2,632.00",card,success,2025-11-10
SP-222,SI-5705,"3,066.00",card,SUCCESS,06-12-2026
SP-223,SI-3451,2869,wechat,SUCCESS,06/04/2025
SP-224,SI-273,$355.00,card,pending,2024-06-01
SP-225,SI-304,$308.00,card,pending,2024-08-18
SP-226,SI-2769,4101,alipay,success,2024-05-28
SP-227,SI-5754,941,wechat,success,2025-02-11
SP-228,SI-1777,"2,794.00",card,pending,2024-11-02
SP-229,SI-645,"$4,076.00",alipay,SUCCESS,2026-07-13
SP-230,SI-187,138,alipay,success,2025-04-28
SP-231,SI-3873,448,wechat,success,11/24/2024
SP-232,SI-3928,"$4,751.00",card,success,07/24/2026
SP-233,SI-2748,"$1,547.00",card,SUCCESS,09/18/2024
SP-234,SI-3685,2395,card,SUCCESS,2024-04-27
SP-235,SI-2632,530,card,SUCCESS,22-01-2026
SP-236,SI-5545,"1,256.00",card,pending,2026-04-19
SP-237,SI-4769,"$1,559.00",card,pending,2024-11-21
SP-238,SI-1474,4372,bank_transfer,success,07/02/2024
SP-239,SI-5941,"1,997.00",card,success,06-06-2026
SP-240,SI-238,"$2,076.00",bank_transfer,failed,03/18/2026
SP-241,SI-3413,"$3,425.00",card,failed,2026-06-07
SP-242,SI-798,1947,wechat,success,2024-11-23
SP-243,SI-5679,"$3,004.00",alipay,SUCCESS,04/21/2025
SP-244,SI-5837,3316,wechat,success,2024-01-05
SP-245,SI-558,380,wechat,pending,10-04-2024
SP-246,SI-3506,"$2,628.00",card,SUCCESS,2025-09-06
SP-247,SI-5586,"$2,300.00",wechat,success,05-03-2024
SP-248,SI-4014,860,alipay,success,2025-04-19
SP-249,SI-3081,4342,wechat,pending,2025-02-27
SP-250,SI-5814,"$4,521.00",card,pending,15-02-2024
SP-251,SI-2869,4378,bank_transfer,SUCCESS,2024-08-15
SP-252,SI-2706,"$2,474.00",bank_transfer,failed,2025-06-08
SP-253,SI-3625,"$1,071.00",alipay,success,06/11/2024
SP-254,SI-4605,4308,alipay,SUCCESS,2024-08-08
SP-255,SI-4026,2005,alipay,pending,09/20/2026
SP-256,SI-655,861,card,pending,08-09-2026
SP-257,SI-3652,2219,wechat,SUCCESS,2026-06-12
SP-258,SI-2060,150.00,wechat,success,2026-12-04
SP-259,SI-1440,3774,alipay,pending,02/11/2024
SP-260,SI-84,2844,card,success,12/18/2026
SP-261,SI-446,2330,wechat,pending,03/16/2025
SP-262,SI-4910,2670,wechat,failed,02-05-2024
SP-263,SI-4336,2203,alipay,SUCCESS,02/28/2026
SP-264,SI-1180,3010,card,failed,01/06/2024
SP-265,SI-3436,989,alipay,pending,27-06-2026
SP-266,SI-3793,"3,718.00",alipay,pending,04/23/2024
SP-267,SI-3542,"4,047.00",bank_transfer,success,08-12-2026
SP-268,SI-5002,"$1,170.00",wechat,success,2025-07-23
SP-269,SI-5622,372,wechat,SUCCESS,2025-06-26
SP-270,SI-3334,3647,card,success,09/16/2024
SP-271,SI-5319,2572,alipay,success,03/18/2026
SP-272,SI-4089,480,wechat,SUCCESS,2026-10-22
SP-273,SI-686,3153,wechat,SUCCESS,2024-06-13
SP-274,SI-1140,1655,bank_transfer,pending,2026-07-18
SP-275,SI-4164,4534,bank_transfer,pending,10-10-2025
SP-276,SI-1242,568,alipay,pending,2025-01-19
SP-277,SI-1233,"$3,266.00",card,success,2025-01-03
SP-278,SI-5552,"$4,347.00",card,SUCCESS,2025-05-03
SP-279,SI-1861,2864,bank_transfer,pending,04/06/2026
SP-280,SI-1712,847,bank_transfer,failed,07/05/2025
SP-281,SI-3114,$179.00,wechat,failed,2026-05-08
SP-282,SI-3860,"$2,939.00",alipay,SUCCESS,07/21/2024
SP-283,SI-4088,3829,card,pending,07-08-2024
SP-284,SI-1790,"$4,001.00",alipay,success,10/19/2024
SP-285,SI-1795,2199,alipay,pending,2026-06-06
SP-286,SI-1343,"$1,431.00",bank_transfer,pending,03-01-2026
SP-287,SI-5695,1147,wechat,success,27-02-2024
SP-288,SI-2581,496.00,card,SUCCESS,2025-04-10
SP-289,SI-2616,2435,wechat,failed,04-04-2026
SP-290,SI-338,"$2,558.00",card,pending,26-09-2024
SP-291,SI-4227,152,card,pending,2025-06-22
SP-292,SI-5661,"3,374.00",wechat,failed,2025-11-21
SP-293,SI-2451,"$1,130.00",bank_transfer,SUCCESS,10/03/2024
SP-294,SI-4797,"$4,190.00",wechat,SUCCESS,2026-01-02
SP-295,SI-5258,3781,alipay,SUCCESS,2024-02-07
SP-296,SI-4235,3838,card,success,2026-10-15
SP-297,SI-2181,3408,card,pending,2026-09-17
SP-298,SI-5020,"1,255.00",wechat,success,2025-06-12
SP-299,SI-3644,"$2,397.00",alipay,SUCCESS,09/26/2026
SP-300,SI-1893,"$3,464.00",card,SUCCESS,06-02-2024
SP-301,SI-1465,2073,wechat,pending,2026-07-08
SP-302,SI-5683,$827.00,bank_transfer,failed,02/09/2024
SP-303,SI-3645,"$3,961.00",alipay,success,2025-08-27
SP-304,SI-4979,541,alipay,failed,2025-07-11
SP-305,SI-3850,755,bank_transfer,success,2024-07-24
SP-306,SI-2219,"$1,963.00",card,pending,2026-10-11
SP-307,SI-4528,779,bank_transfer,SUCCESS,09/02/2025
SP-308,SI-3539,3587,alipay,SUCCESS,2024-05-01
SP-309,SI-2341,"$2,055.00",bank_transfer,SUCCESS,2026-10-24
SP-310,SI-1783,3584,wechat,failed,2026-05-01
SP-311,SI-5166,1997,bank_transfer,SUCCESS,2024-10-06
SP-312,SI-1027,433.00,bank_transfer,success,12-05-2026
SP-313,SI-1277,4062,card,SUCCESS,01/22/2026
SP-314,SI-5677,3180,alipay,pending,06/19/2025
SP-315,SI-3338,$605.00,card,success,2026-03-19
SP-316,SI-4874,293,bank_transfer,failed,2026-11-06
SP-317,SI-2324,"2,706.00",bank_transfer,SUCCESS,24-01-2026
SP-318,SI-1207,"1,652.00",wechat,SUCCESS,2026-03-07
SP-319,SI-3337,962.00,alipay,success,17-04-2024
SP-320,SI-5680,$194.00,bank_transfer,pending,05/24/2025
SP-321,SI-4766,"3,514.00",wechat,pending,2024-12-02
SP-322,SI-4508,1455,bank_transfer,success,2024-01-18
SP-323,SI-1448,"2,668.00",card,pending,2026-07-25
SP-324,SI-5273,4208,alipay,pending,2025-02-24
SP-325,SI-4762,3212,bank_transfer,SUCCESS,11/21/2025
SP-326,SI-3862,518,card,success,2026-09-26
SP-327,SI-4824,"$1,878.00",card,pending,2025-08-27
SP-328,SI-38,3149,card,SUCCESS,10-11-2024
SP-329,SI-5613,"1,499.00",bank_transfer,SUCCESS,2024-06-23
SP-330,SI-5902,"$4,477.00",bank_transfer,success,2024-02-07
SP-331,SI-4635,"$4,108.00",alipay,SUCCESS,2026-09-11
SP-332,SI-288,"2,347.00",bank_transfer,SUCCESS,2026-03-14
SP-333,SI-3918,1760,wechat,SUCCESS,11/21/2025
SP-334,SI-3300,913,wechat,success,2024-06-19
SP-335,SI-471,"3,557.00",alipay,success,13-09-2025
SP-336,SI-2162,1081,bank_transfer,SUCCESS,08-09-2024
SP-337,SI-1344,4587,card,failed,08/08/2026
SP-338,SI-5812,1501,wechat,SUCCESS,2026-05-05
SP-339,SI-346,"3,095.00",card,success,10/23/2025
SP-340,SI-3639,1847,alipay,SUCCESS,01-05-2025
SP-341,SI-5613,3457,card,failed,2026-10-23
SP-342,SI-5057,3324,alipay,success,05/02/2026
SP-343,SI-5531,1238,bank_transfer,SUCCESS,2024-12-21
SP-344,SI-4574,"1,992.00",card,failed,2024-07-26
SP-345,SI-2444,$419.00,bank_transfer,pending,2026-11-01
SP-346,SI-1866,"2,677.00",card,success,07/10/2026
SP-347,SI-3753,"$2,478.00",wechat,pending,2025-07-05
SP-348,SI-2186,"4,684.00",bank_transfer,SUCCESS,2025-02-13
SP-349,SI-3762,3470,card,success,2024-05-14
SP-350,SI-5701,$867.00,wechat,success,2025-08-14
SP-351,SI-2708,3811,card,success,05/13/2024
SP-352,SI-736,2290,alipay,success,2026-02-26
SP-353,SI-362,1630,card,SUCCESS,2026-09-12
SP-354,SI-96,"$2,372.00",alipay,SUCCESS,2026-10-01
SP-355,SI-2976,"4,478.00",bank_transfer,SUCCESS,2024-11-10
SP-356,SI-672,1329,bank_transfer,success,2024-08-06
SP-357,SI-1151,"$1,737.00",wechat,SUCCESS,2026-01-04
SP-358,SI-32,4484,bank_transfer,success,2024-06-02
SP-359,SI-2657,3202,bank_transfer,SUCCESS,2026-01-17
SP-360,SI-2443,"4,614.00",wechat,pending,07-06-2026
SP-361,SI-2024,2510,card,SUCCESS,2025-03-24
SP-362,SI-3106,"$3,714.00",bank_transfer,success,2025-03-17
SP-363,SI-3732,"$2,109.00",alipay,pending,03/14/2025
SP-364,SI-3544,1862,wechat,SUCCESS,04/17/2026
SP-365,SI-4872,3914,wechat,pending,28-06-2025
SP-366,SI-2446,3957,wechat,SUCCESS,2024-10-12
SP-367,SI-212,3252,card,success,2025-10-13
SP-368,SI-1335,2044,alipay,success,2025-03-08
SP-369,SI-1163,2276,bank_transfer,success,27-03-2025
SP-370,SI-2920,$846.00,alipay,success,2025-09-22
SP-371,SI-5202,"$3,186.00",card,failed,2026-09-19
SP-372,SI-933,396,wechat,pending,2024-09-01
SP-373,SI-5565,2247,card,pending,2026-08-27
SP-374,SI-823,2632,alipay,success,2026-02-23
SP-375,SI-2846,"4,544.00",bank_transfer,success,2024-09-08
SP-376,SI-440,257,wechat,success,2025-12-06
SP-377,SI-1533,"$3,658.00",bank_transfer,SUCCESS,2024-02-08
SP-378,SI-5390,"$1,832.00",card,SUCCESS,2026-01-15
SP-379,SI-3338,2532,card,success,08-04-2024
SP-380,SI-2239,"4,685.00",alipay,SUCCESS,2026-03-24
SP-381,SI-3622,2483,bank_transfer,SUCCESS,2024-09-09
SP-382,SI-4142,2658,card,SUCCESS,2025-12-23
SP-383,SI-563,2555,bank_transfer,success,2024-01-15
SP-384,SI-2206,"$3,078.00",card,success,12/13/2024
SP-385,SI-1843,2760,wechat,pending,11/20/2024
SP-386,SI-3858,3521,alipay,success,07/10/2024
SP-387,SI-4064,278.00,bank_transfer,success,10/08/2025
SP-388,SI-4107,2307,wechat,SUCCESS,2026-08-17
SP-389,SI-3429,"1,515.00",bank_transfer,success,13-01-2025
SP-390,SI-1510,"2,401.00",card,failed,2025-07-05
SP-391,SI-4700,188,wechat,success,2026-07-21
SP-392,SI-2383,"1,954.00",alipay,success,07/15/2025
SP-393,SI-2465,1899,bank_transfer,pending,2024-10-15
SP-394,SI-3611,2268,bank_transfer,success,2025-04-04
SP-395,SI-2083,2524,card,SUCCESS,17-01-2026
SP-396,SI-3239,4104,card,success,04/02/2024
SP-397,SI-3816,1361,card,SUCCESS,09-12-2026
SP-398,SI-2339,4380,card,pending,2025-12-22
SP-399,SI-3588,"1,139.00",bank_transfer,SUCCESS,11/10/2024
SP-400,SI-5086,"4,517.00",card,success,06/03/2025
SP-401,SI-1327,1702,card,SUCCESS,04-02-2024
SP-402,SI-5390,"$4,687.00",alipay,success,12/21/2025
SP-403,SI-5311,"3,953.00",wechat,pending,2025-02-11
SP-404,SI-4854,4501,card,SUCCESS,2025-09-28
SP-405,SI-4604,"$4,825.00",card,SUCCESS,11/26/2025
SP-406,SI-392,"$4,419.00",wechat,failed,05/21/2024
SP-407,SI-1802,542.00,bank_transfer,SUCCESS,26-09-2024
SP-408,SI-81,1238,wechat,pending,11/14/2026
SP-409,SI-3300,"$3,225.00",alipay,success,07/16/2024
SP-410,SI-5694,943,wechat,success,2025-12-10
SP-411,SI-2434,598,bank_transfer,pending,2025-02-17
SP-412,SI-1139,2535,alipay,SUCCESS,2026-03-04
SP-413,SI-1842,346,wechat,success,2026-07-09
SP-414,SI-1533,"$4,882.00",wechat,pending,02/27/2025
SP-415,SI-1951,2487,wechat,SUCCESS,2026-01-10
SP-416,SI-5261,"$2,411.00",bank_transfer,SUCCESS,2026-11-22
SP-417,SI-4792,1748,bank_transfer,success,26-04-2024
SP-418,SI-2964,993,card,pending,16-02-2024
SP-419,SI-3184,3034,bank_transfer,pending,11/09/2025
SP-420,SI-2425,"2,357.00",bank_transfer,success,01-06-2026
SP-421,SI-1955,"2,775.00",alipay,success,03-04-2024
SP-422,SI-3359,"1,607.00",alipay,SUCCESS,2025-02-11
SP-423,SI-5801,2033,alipay,pending,01/18/2026
SP-424,SI-4923,"3,237.00",card,SUCCESS,2026-10-05
SP-425,SI-1562,3045,bank_transfer,pending,2026-06-25
SP-426,SI-2,4364,alipay,success,2025-03-11
SP-427,SI-612,$575.00,card,SUCCESS,07/19/2026
SP-428,SI-1209,204,wechat,SUCCESS,03-02-2026
SP-429,SI-3879,668,card,success,2024-05-24
SP-430,SI-5898,1452,alipay,pending,2025-04-23
SP-431,SI-2051,"$1,880.00",alipay,SUCCESS,2024-11-14
SP-432,SI-3733,3039,alipay,success,28-11-2026
SP-433,SI-5778,3250,card,success,03/09/2024
SP-434,SI-1510,"$2,749.00",bank_transfer,SUCCESS,03/06/2025
SP-435,SI-575,4726,wechat,pending,12/16/2026
SP-436,SI-1798,"1,773.00",bank_transfer,SUCCESS,22-04-2025
SP-437,SI-761,3227,card,success,2025-12-06
SP-438,SI-1002,3271,card,pending,02/20/2025
SP-439,SI-3703,"2,006.00",card,SUCCESS,2026-04-27
SP-440,SI-2136,257,bank_transfer,success,27-03-2024
SP-441,SI-5630,2924,wechat,success,06/01/2024
SP-442,SI-4348,"$2,137.00",card,success,2026-02-21
SP-443,SI-171,2433,bank_transfer,SUCCESS,11/07/2025
SP-444,SI-1124,"$2,180.00",wechat,pending,2024-03-27
SP-445,SI-3497,"$3,651.00",alipay,success,2024-12-28
SP-446,SI-1791,4355,wechat,pending,2025-09-23
SP-447,SI-4400,3549,alipay,pending,2025-01-01
SP-448,SI-908,4607,bank_transfer,success,2026-06-28
SP-449,SI-955,3768,alipay,SUCCESS,2026-01-13
SP-450,SI-956,"1,792.00",alipay,pending,2026-11-14
SP-451,SI-1588,157,alipay,SUCCESS,2026-02-27
SP-452,SI-4021,"1,485.00",bank_transfer,SUCCESS,08/17/2024
SP-453,SI-5935,2847,alipay,SUCCESS,28-11-2024
SP-454,SI-3588,"$3,081.00",card,success,03/19/2024
SP-455,SI-367,"$3,722.00",alipay,pending,07/11/2025
SP-456,SI-3723,$984.00,wechat,pending,2024-09-10
SP-457,SI-4909,"$2,573.00",bank_transfer,pending,2026-09-26
SP-458,SI-4215,3692,card,pending,2025-02-28
SP-459,SI-2099,2216,bank_transfer,SUCCESS,2025-03-08
SP-460,SI-1306,4835,alipay,SUCCESS,2025-11-26
SP-461,SI-4288,"$2,330.00",bank_transfer,SUCCESS,04/24/2025
SP-462,SI-551,513,wechat,SUCCESS,25-08-2025
SP-463,SI-5445,"$2,007.00",bank_transfer,success,15-07-2026
SP-464,SI-812,"3,226.00",alipay,success,04/12/2024
SP-465,SI-24,4373,card,SUCCESS,02-09-2025
SP-466,SI-4966,3745,alipay,SUCCESS,2026-03-13
SP-467,SI-1223,909,alipay,success,05/17/2026
SP-468,SI-363,938,bank_transfer,SUCCESS,11/25/2025
SP-469,SI-4315,2351,alipay,SUCCESS,01/15/2025
SP-470,SI-5649,"$4,890.00",card,SUCCESS,2026-07-07
SP-471,SI-672,"$2,683.00",bank_transfer,SUCCESS,05-06-2025
SP-472,SI-4409,4581,bank_transfer,failed,14-11-2024
SP-473,SI-306,4704,wechat,failed,2026-05-28
SP-474,SI-2233,$435.00,wechat,success,05-03-2024
SP-475,SI-32,"$1,741.00",alipay,success,2026-09-05
SP-476,SI-136,2967,bank_transfer,SUCCESS,07/02/2024
SP-477,SI-2418,1243,bank_transfer,pending,2024-06-01
SP-478,SI-554,"2,902.00",wechat,pending,2025-05-27
SP-479,SI-4141,4982,alipay,success,2026-01-24
SP-480,SI-4791,"1,369.00",bank_transfer,SUCCESS,13-01-2025
SP-481,SI-5540,"4,022.00",alipay,failed,2025-03-24
SP-482,SI-2941,"$1,129.00",alipay,pending,2026-11-24
SP-483,SI-2232,"$2,542.00",bank_transfer,pending,2024-09-12
SP-484,SI-2348,4408,card,SUCCESS,28-09-2024
SP-485,SI-1792,"2,071.00",wechat,success,02/25/2025
SP-486,SI-4450,189,card,success,2025-01-12
SP-487,SI-1429,1625,bank_transfer,success,2026-12-28
SP-488,SI-3240,2137,card,failed,03/25/2024
SP-489,SI-2203,"$3,918.00",alipay,failed,2025-08-16
SP-490,SI-754,"3,472.00",bank_transfer,SUCCESS,02-02-2024
SP-491,SI-4545,2226,wechat,success,01/19/2025
SP-492,SI-4799,$379.00,alipay,SUCCESS,2026-05-04
SP-493,SI-2707,1310,bank_transfer,pending,2024-07-22
SP-494,SI-2999,"2,040.00",wechat,success,20-10-2026
SP-495,SI-4843,1563,card,pending,2026-09-27
SP-496,SI-2458,$671.00,wechat,success,2025-09-02
SP-497,SI-104,3983,bank_transfer,success,03/15/2025
SP-498,SI-3648,"3,802.00",alipay,pending,2024-08-10
SP-499,SI-2548,"$4,987.00",alipay,SUCCESS,02/22/2024
SP-500,SI-2954,133,bank_transfer,failed,2025-01-10
SP-501,SI-2931,"$4,322.00",wechat,pending,2024-07-05
SP-502,SI-832,1914,alipay,SUCCESS,24-12-2024
SP-503,SI-948,1606,wechat,pending,11/06/2025
SP-504,SI-1154,4785,alipay,SUCCESS,13-06-2025
SP-505,SI-5502,1812,card,pending,2025-04-01
SP-506,SI-92,"2,212.00",card,pending,10/27/2026
SP-507,SI-1771,539,bank_transfer,pending,14-06-2025
SP-508,SI-4937,4105,alipay,pending,03/16/2024
SP-509,SI-2652,151,wechat,pending,2026-08-07
SP-510,SI-4089,3107,alipay,success,09/03/2024
SP-511,SI-5251,"$2,960.00",bank_transfer,SUCCESS,07/09/2026
SP-512,SI-5982,"$1,665.00",wechat,SUCCESS,14-09-2025
SP-513,SI-2921,1361,alipay,SUCCESS,12/01/2024
SP-514,SI-1713,533,bank_transfer,pending,2026-02-08
SP-515,SI-4538,2732,wechat,SUCCESS,02-06-2024
SP-516,SI-918,3903,card,pending,01/08/2025
SP-517,SI-4747,"1,857.00",bank_transfer,success,10/28/2026
SP-518,SI-1296,3750,card,success,01-06-2025
SP-519,SI-1144,180,bank_transfer,pending,06-02-2025
SP-520,SI-2048,"$2,914.00",alipay,pending,2025-06-20
SP-521,SI-3372,2979,bank_transfer,SUCCESS,2024-03-07
SP-522,SI-2941,4024,card,success,2026-06-27
SP-523,SI-124,1429,wechat,success,04/25/2026
SP-524,SI-2061,1078,alipay,SUCCESS,25-06-2026
SP-525,SI-4083,4978,bank_transfer,success,2025-04-10
SP-526,SI-896,678,bank_transfer,success,04/17/2024
SP-527,SI-4347,2758,wechat,pending,09/05/2026
SP-528,SI-1907,1554,bank_transfer,SUCCESS,06/16/2024
SP-529,SI-2777,2920,card,failed,07/06/2025
SP-530,SI-3407,"$4,408.00",alipay,SUCCESS,2026-02-12
SP-531,SI-845,"$3,625.00",card,failed,2025-09-19
SP-532,SI-1951,$254.00,card,SUCCESS,08/13/2026
SP-533,SI-5225,"1,597.00",bank_transfer,success,2024-10-21
SP-534,SI-885,"$1,822.00",card,pending,15-02-2025
SP-535,SI-1677,"$3,789.00",alipay,success,18-04-2026
SP-536,SI-1139,"$2,168.00",card,success,2025-05-15
SP-537,SI-2302,"$1,694.00",wechat,SUCCESS,2026-06-28
SP-538,SI-3987,"$4,590.00",card,SUCCESS,07/11/2026
SP-539,SI-847,"$1,243.00",card,SUCCESS,06-02-2024
SP-540,SI-4080,2230,alipay,pending,2025-02-20
SP-541,SI-2096,1020,bank_transfer,success,10-12-2024
SP-542,SI-5700,3111,bank_transfer,SUCCESS,2026-01-27
SP-543,SI-4416,242,card,failed,2026-04-17
SP-544,SI-5739,2320,card,success,2025-12-13
SP-545,SI-1799,"2,358.00",card,success,2024-08-11
SP-546,SI-5202,1134,alipay,pending,2025-11-05
SP-547,SI-1531,"$2,102.00",alipay,SUCCESS,2024-03-02
SP-548,SI-3542,4787,wechat,SUCCESS,2024-12-07
SP-549,SI-5019,"$3,545.00",card,SUCCESS,07/11/2025
SP-550,SI-1396,"3,952.00",bank_transfer,SUCCESS,2025-09-26
SP-551,SI-3695,3588,alipay,pending,27-07-2025
SP-552,SI-659,"$4,733.00",card,success,2024-03-19
SP-553,SI-5626,2821,bank_transfer,pending,05/27/2026
SP-554,SI-5010,"4,182.00",bank_transfer,SUCCESS,15-07-2025
SP-555,SI-4457,"$3,785.00",bank_transfer,success,06/21/2025
SP-556,SI-1940,"$1,523.00",wechat,pending,2026-08-11
SP-557,SI-3026,"4,637.00",alipay,pending,01/11/2026
SP-558,SI-5170,442.00,wechat,SUCCESS,11/12/2026
SP-559,SI-2510,"2,086.00",bank_transfer,SUCCESS,2024-11-09
SP-560,SI-2909,4806,alipay,SUCCESS,20-12-2026
SP-561,SI-242,"2,658.00",alipay,success,17-04-2025
SP-562,SI-2520,4133,card,success,2026-01-03
SP-563,SI-5671,$551.00,alipay,success,02/19/2025
SP-564,SI-4005,"3,233.00",wechat,success,18-12-2025
SP-565,SI-1767,1339,bank_transfer,success,2026-09-19
SP-566,SI-146,"2,036.00",alipay,pending,10/03/2024
SP-567,SI-3342,159.00,wechat,success,2024-02-05
SP-568,SI-4530,2823,alipay,SUCCESS,2025-03-08
SP-569,SI-403,$856.00,card,success,2025-05-09
SP-570,SI-179,4080,card,SUCCESS,09/01/2026
SP-571,SI-489,"$1,788.00",card,pending,04/07/2024
SP-572,SI-2246,4913,wechat,success,2026-12-14
SP-573,SI-5130,3362,wechat,success,2025-01-15
SP-574,SI-976,"4,880.00",card,success,2025-11-23
SP-575,SI-180,462,alipay,pending,05/25/2026
SP-576,SI-1046,"$1,131.00",wechat,pending,03/14/2026
SP-577,SI-185,4341,card,SUCCESS,05/07/2025
SP-578,SI-428,2332,card,pending,2025-05-02
SP-579,SI-3104,4885,card,success,2024-11-01
SP-580,SI-2483,3989,card,SUCCESS,10-06-2024
SP-581,SI-4939,1877,wechat,success,2025-05-25
SP-582,SI-3518,"$3,090.00",alipay,SUCCESS,03/07/2024
SP-583,SI-2256,"$1,923.00",wechat,failed,2024-10-13
SP-584,SI-92,196,bank_transfer,pending,2025-06-09
SP-585,SI-5289,"2,018.00",wechat,success,10/28/2026
SP-586,SI-4621,442,alipay,pending,12/28/2025
SP-587,SI-1433,2896,bank_transfer,success,19-05-2025
SP-588,SI-346,"3,138.00",alipay,pending,12/24/2025
SP-589,SI-2223,"2,106.00",bank_transfer,success,2025-07-09
SP-590,SI-4868,$814.00,card,success,05/26/2026
SP-591,SI-4147,1050,wechat,SUCCESS,15-02-2024
SP-592,SI-2973,1449,card,SUCCESS,2024-02-15
SP-593,SI-5748,"$2,490.00",alipay,success,2026-11-02
SP-594,SI-3205,792.00,alipay,success,28-11-2025
SP-595,SI-3833,3656,wechat,pending,2025-01-15
SP-596,SI-984,3429,card,pending,2026-05-14
SP-597,SI-5019,4820,bank_transfer,failed,06/16/2026
SP-598,SI-826,4137,bank_transfer,success,10/18/2026
SP-599,SI-1576,215.00,wechat,SUCCESS,06-12-2025
SP-600,SI-3239,3130,card,SUCCESS,03/12/2025
SP-601,SI-2890,3568,bank_transfer,success,16-07-2025
SP-602,SI-527,"$4,604.00",wechat,success,08/17/2026
SP-603,SI-874,"$4,725.00",bank_transfer,pending,27-05-2025
SP-604,SI-470,3763,wechat,success,2026-10-13
SP-605,SI-3505,"3,994.00",bank_transfer,success,2024-06-07
SP-606,SI-2719,4801,card,pending,2025-08-20
SP-607,SI-853,1105,wechat,pending,2024-05-19
SP-608,SI-5269,1159,card,success,2025-01-11
SP-609,SI-2312,1138,bank_transfer,SUCCESS,2024-04-12
SP-610,SI-1505,"$1,872.00",bank_transfer,success,05/02/2026
SP-611,SI-1685,3745,alipay,pending,2025-10-18
SP-612,SI-5135,$753.00,card,SUCCESS,2026-07-22
SP-613,SI-4585,"$4,664.00",alipay,pending,2024-07-08
SP-614,SI-3525,"$4,572.00",wechat,SUCCESS,09/20/2026
SP-615,SI-5145,4199,card,success,2024-07-28
SP-616,SI-2926,"3,177.00",bank_transfer,pending,2026-09-27
SP-617,SI-1083,2390,bank_transfer,SUCCESS,2024-10-04
SP-618,SI-2746,1119,alipay,success,2026-03-21
SP-619,SI-5615,601,card,pending,09/13/2025
SP-620,SI-674,4626,card,failed,2026-08-16
SP-621,SI-4959,327,alipay,pending,2026-05-04
SP-622,SI-2521,"$3,434.00",bank_transfer,success,2026-08-13
SP-623,SI-1663,1747,wechat,success,05/17/2026
SP-624,SI-4514,4833,bank_transfer,SUCCESS,2025-08-10
SP-625,SI-2365,"$1,778.00",bank_transfer,success,02/22/2024
SP-626,SI-1874,"$2,155.00",card,SUCCESS,2025-12-13
SP-627,SI-2418,2722,card,SUCCESS,2025-09-28
SP-628,SI-5474,"2,989.00",wechat,SUCCESS,10/20/2024
SP-629,SI-1064,398,card,success,11/18/2025
SP-630,SI-2104,"$4,811.00",bank_transfer,pending,2024-04-20
SP-631,SI-1099,1213,wechat,pending,01-07-2026
SP-632,SI-1330,3492,card,pending,08/26/2026
SP-633,SI-5057,509.00,card,failed,2026-12-11
SP-634,SI-5449,2132,bank_transfer,pending,2024-11-01
SP-635,SI-5812,1873,wechat,pending,2026-05-14
SP-636,SI-1650,4215,alipay,pending,2024-11-27
SP-637,SI-4423,"$1,543.00",card,SUCCESS,06-02-2026
SP-638,SI-4443,3771,alipay,success,2026-11-14
SP-639,SI-2418,1844,card,success,2026-08-05
SP-640,SI-2156,2508,wechat,success,04/04/2024
SP-641,SI-2715,"4,197.00",bank_transfer,pending,2026-08-03
SP-642,SI-2937,615,card,pending,03-10-2024
SP-643,SI-164,$526.00,alipay,SUCCESS,2024-07-12
SP-644,SI-3942,2067,card,SUCCESS,2026-06-01
SP-645,SI-1073,2484,alipay,SUCCESS,05/01/2025
SP-646,SI-4399,3417,bank_transfer,pending,2025-12-24
SP-647,SI-2573,1116,card,SUCCESS,17-05-2026
SP-648,SI-2721,"$1,183.00",alipay,success,08/15/2026
SP-649,SI-1591,4923,bank_transfer,SUCCESS,2024-10-11
SP-650,SI-4585,"$3,443.00",bank_transfer,success,2025-04-22
SP-651,SI-2514,"4,088.00",card,pending,01/28/2025
SP-652,SI-2443,1905,bank_transfer,success,10/25/2025
SP-653,SI-2543,"2,235.00",wechat,success,04/16/2024
SP-654,SI-2540,"$1,706.00",alipay,pending,2025-10-17
SP-655,SI-3328,"$2,629.00",wechat,SUCCESS,10-06-2026
SP-656,SI-3249,"$3,621.00",alipay,SUCCESS,2026-05-21
SP-657,SI-4339,2875,bank_transfer,success,2026-07-08
SP-658,SI-4855,"$2,428.00",bank_transfer,SUCCESS,2024-01-12
SP-659,SI-5162,"$2,872.00",wechat,pending,2025-02-21
SP-660,SI-1785,"$1,572.00",card,pending,2024-12-23
SP-661,SI-5953,353,bank_transfer,SUCCESS,2024-05-25
SP-662,SI-838,"$1,009.00",wechat,failed,10/11/2026
SP-663,SI-2226,285,wechat,SUCCESS,2024-11-28
SP-664,SI-5288,"4,646.00",card,success,2026-08-03
SP-665,SI-322,786.00,wechat,SUCCESS,23-08-2025
SP-666,SI-5517,301,wechat,pending,16-10-2025
SP-667,SI-4027,"$3,445.00",card,pending,02-04-2024
SP-668,SI-3533,$359.00,bank_transfer,success,2024-10-22
SP-669,SI-2849,4914,wechat,success,09/12/2024
SP-670,SI-5989,4270,alipay,failed,10/13/2025
SP-671,SI-4174,2360,card,success,2025-01-12
SP-672,SI-1333,894,card,SUCCESS,01/11/2025
SP-673,SI-4683,3342,card,SUCCESS,04/25/2024
SP-674,SI-4184,"1,980.00",bank_transfer,pending,2025-09-18
SP-675,SI-1969,2742,wechat,pending,2025-07-02
SP-676,SI-2775,$167.00,bank_transfer,SUCCESS,2024-02-18
SP-677,SI-2138,168,alipay,success,28-08-2026
SP-678,SI-1518,"$2,235.00",wechat,SUCCESS,2026-11-21
SP-679,SI-330,"$1,860.00",alipay,SUCCESS,2025-01-17
SP-680,SI-1449,"$3,015.00",card,pending,2025-09-27
SP-681,SI-4184,4121,wechat,failed,08-04-2026
SP-682,SI-2279,"4,853.00",card,failed,2024-06-27
SP-683,SI-2841,"$2,931.00",wechat,pending,2024-01-18
SP-684,SI-3710,3603,bank_transfer,SUCCESS,2025-06-17
SP-685,SI-2529,3439,bank_transfer,failed,2026-07-15
SP-686,SI-2928,"$3,342.00",wechat,success,11/03/2026
SP-687,SI-1351,1614,wechat,success,01-04-2025
SP-688,SI-3598,"$2,513.00",card,success,2026-08-26
SP-689,SI-3085,3949,alipay,success,02/11/2025
SP-690,SI-5858,627,card,pending,26-06-2026
SP-691,SI-1672,4419,alipay,pending,2025-03-12
SP-692,SI-3871,"$3,192.00",bank_transfer,success,09/20/2024
SP-693,SI-1590,824,bank_transfer,failed,05/07/2024
SP-694,SI-1258,1546,wechat,SUCCESS,25-10-2025
SP-695,SI-992,889,bank_transfer,SUCCESS,14-07-2024
SP-696,SI-3577,$533.00,alipay,SUCCESS,2024-01-27
SP-697,SI-3728,$784.00,card,SUCCESS,03-09-2024
SP-698,SI-176,880.00,card,success,2024-10-22
SP-699,SI-5475,1729,wechat,success,2025-10-05
SP-700,SI-1262,625,bank_transfer,SUCCESS,13-11-2025
SP-701,SI-5735,586,wechat,SUCCESS,19-07-2024
SP-702,SI-2562,4449,alipay,failed,15-08-2024
SP-703,SI-761,"$1,195.00",alipay,success,08/10/2025
SP-704,SI-4254,"$2,604.00",wechat,pending,2025-03-28
SP-705,SI-4141,"1,490.00",wechat,SUCCESS,2026-07-14
SP-706,SI-381,4614,card,SUCCESS,2025-11-20
SP-707,SI-2063,"$3,023.00",bank_transfer,success,2024-04-02
SP-708,SI-3596,"3,384.00",card,pending,02/10/2026
SP-709,SI-613,1633,card,success,2026-08-23
SP-710,SI-5391,"3,751.00",bank_transfer,success,2025-07-19
SP-711,SI-1505,"$2,724.00",wechat,failed,14-08-2024
SP-712,SI-53,"$4,936.00",bank_transfer,pending,2024-09-12
SP-713,SI-3973,"4,046.00",bank_transfer,SUCCESS,10/08/2026
SP-714,SI-4001,"1,298.00",wechat,SUCCESS,11/17/2024
SP-715,SI-421,2453,bank_transfer,pending,2025-06-16
SP-716,SI-4430,161,alipay,SUCCESS,2026-03-18
SP-717,SI-4193,2002,alipay,failed,2026-09-06
SP-718,SI-2928,"1,968.00",bank_transfer,SUCCESS,2024-12-22
SP-719,SI-3511,115.00,bank_transfer,success,2026-07-19
SP-720,SI-4171,3706,card,pending,04/22/2025
SP-721,SI-5814,"3,640.00",card,success,2024-08-21
SP-722,SI-4689,$415.00,alipay,success,2025-02-09
SP-723,SI-2859,1177,wechat,success,07-07-2024
SP-724,SI-2656,"4,372.00",wechat,SUCCESS,08/07/2026
SP-725,SI-561,1670,alipay,SUCCESS,01/09/2026
SP-726,SI-3748,"2,904.00",card,pending,2024-08-04
SP-727,SI-1840,1900,alipay,SUCCESS,2026-11-10
SP-728,SI-1744,2208,alipay,pending,10-12-2026
SP-729,SI-4032,828,alipay,SUCCESS,05/28/2024
SP-730,SI-2964,"2,254.00",alipay,SUCCESS,02/25/2024
SP-731,SI-2499,$475.00,wechat,success,10-11-2024
SP-732,SI-5522,379,card,pending,2025-12-23
SP-733,SI-901,"$4,311.00",bank_transfer,success,17-05-2025
SP-734,SI-5478,476,bank_transfer,pending,2025-01-26
SP-735,SI-3686,"$1,001.00",alipay,success,11/13/2024
SP-736,SI-907,$255.00,card,pending,2025-07-17
SP-737,SI-5662,"2,006.00",card,success,24-08-2024
SP-738,SI-3145,4195,card,success,2026-07-21
SP-739,SI-4303,3655,alipay,pending,08/13/2026
SP-740,SI-5940,603,bank_transfer,pending,05-11-2026
SP-741,SI-3342,"$1,445.00",wechat,pending,18-05-2025
SP-742,SI-3739,2133,wechat,SUCCESS,2024-05-07
SP-743,SI-5102,2719,bank_transfer,pending,13-09-2024
SP-744,SI-268,"$2,948.00",card,success,2024-12-11
SP-745,SI-133,"3,713.00",alipay,SUCCESS,2024-02-12
SP-746,SI-4263,"$1,131.00",card,success,10-11-2026
SP-747,SI-4083,313,alipay,pending,05/14/2025
SP-748,SI-5733,2181,bank_transfer,success,27-03-2026
SP-749,SI-5157,616.00,bank_transfer,success,2024-04-12
SP-750,SI-3454,3362,alipay,SUCCESS,06/08/2025
SP-751,SI-3564,"$4,785.00",card,SUCCESS,12/03/2026
SP-752,SI-4524,"2,734.00",alipay,SUCCESS,19-12-2024
SP-753,SI-1872,"3,957.00",card,SUCCESS,04/18/2024
SP-754,SI-1262,2746,card,SUCCESS,06/04/2025
SP-755,SI-5649,"$4,180.00",bank_transfer,SUCCESS,2025-06-13
SP-756,SI-5157,"$3,673.00",bank_transfer,SUCCESS,2026-02-07
SP-757,SI-85,$908.00,alipay,failed,2026-11-15
SP-758,SI-5102,4418,card,pending,2024-03-07
SP-759,SI-4239,2782,card,SUCCESS,10/13/2024
SP-760,SI-5530,1670,card,SUCCESS,14-03-2026
SP-761,SI-4239,"$4,076.00",alipay,pending,06/24/2025
SP-762,SI-1497,891,wechat,pending,2026-07-09
SP-763,SI-302,"1,219.00",wechat,SUCCESS,18-08-2026
SP-764,SI-4313,4761,card,success,2026-09-03
SP-765,SI-3642,4417,card,success,2024-06-17
SP-766,SI-2729,4828,alipay,pending,2024-06-19
SP-767,SI-2221,721,alipay,failed,2024-01-09
SP-768,SI-3986,3774,alipay,success,2025-08-07
SP-769,SI-5345,"1,615.00",alipay,SUCCESS,11-01-2025
SP-770,SI-9,127,wechat,success,2025-03-05
SP-771,SI-938,"$1,650.00",wechat,pending,07/09/2025
SP-772,SI-4212,"2,462.00",bank_transfer,pending,2025-02-07
SP-773,SI-543,534,card,success,17-01-2024
SP-774,SI-2217,3874,wechat,SUCCESS,05/06/2026
SP-775,SI-4529,3165,alipay,SUCCESS,19-12-2026
SP-776,SI-5998,$292.00,bank_transfer,pending,10/08/2024
SP-777,SI-3291,799.00,alipay,SUCCESS,07/24/2026
SP-778,SI-322,3117,bank_transfer,success,04/11/2025
SP-779,SI-1559,4078,alipay,pending,17-04-2024
SP-780,SI-1520,"$3,602.00",bank_transfer,success,2026-07-03
SP-781,SI-5544,$148.00,bank_transfer,SUCCESS,26-06-2026
SP-782,SI-2397,2149,alipay,failed,2026-11-10
SP-783,SI-3106,2653,alipay,SUCCESS,12/08/2025
SP-784,SI-3105,$224.00,alipay,SUCCESS,22-12-2026
SP-785,SI-5032,1826,card,success,10/05/2025
SP-786,SI-2823,"4,722.00",card,failed,06/08/2024
SP-787,SI-854,4726,wechat,failed,18-10-2026
SP-788,SI-5522,2937,wechat,success,2025-06-08
SP-789,SI-293,1077,bank_transfer,pending,2024-06-12
SP-790,SI-4465,"4,615.00",alipay,pending,10/20/2026
SP-791,SI-1710,"$4,003.00",card,failed,2024-09-24
SP-792,SI-4400,1299,alipay,pending,11/02/2024
SP-793,SI-1496,"$4,226.00",bank_transfer,SUCCESS,10-08-2026
SP-794,SI-1846,4005,alipay,success,08/13/2025
SP-795,SI-758,"$4,717.00",wechat,pending,12/16/2026
SP-796,SI-373,4019,wechat,SUCCESS,2024-08-07
SP-797,SI-2672,"$1,375.00",bank_transfer,success,2025-11-15
SP-798,SI-5534,1959,bank_transfer,pending,2026-03-12
SP-799,SI-1640,"$1,878.00",wechat,success,2024-12-22
SP-800,SI-5849,"$3,071.00",bank_transfer,pending,2025-02-16
SP-801,SI-5986,"$4,636.00",alipay,success,11/13/2025
SP-802,SI-2651,1787,bank_transfer,success,02/20/2026
SP-803,SI-179,"1,844.00",alipay,pending,04-08-2024
SP-804,SI-3157,3128,bank_transfer,pending,2025-03-24
SP-805,SI-5406,913,alipay,SUCCESS,12/09/2026
SP-806,SI-5149,$893.00,bank_transfer,pending,06-10-2025
SP-807,SI-962,3691,bank_transfer,SUCCESS,06/20/2024
SP-808,SI-4604,1830,card,SUCCESS,2024-03-18
SP-809,SI-5446,2811,card,pending,01/19/2025
SP-810,SI-3807,"1,062.00",bank_transfer,failed,05-11-2026
SP-811,SI-2430,"$3,522.00",wechat,success,12/23/2025
SP-812,SI-3469,"2,453.00",card,success,06-06-2025
SP-813,SI-5461,2597,card,SUCCESS,2026-03-06
SP-814,SI-155,"$2,531.00",wechat,success,2025-07-28
SP-815,SI-3104,"3,356.00",card,success,2025-01-12
SP-816,SI-3043,"$1,831.00",alipay,SUCCESS,08/18/2026
SP-817,SI-2666,"4,753.00",alipay,SUCCESS,2025-08-07
SP-818,SI-5862,"$3,311.00",wechat,success,09/21/2025
SP-819,SI-5420,"$2,397.00",wechat,success,17-01-2026
SP-820,SI-199,1455,alipay,pending,2026-05-21
SP-821,SI-5504,105,wechat,SUCCESS,2025-02-22
SP-822,SI-4857,$485.00,wechat,success,2024-06-01
SP-823,SI-4704,608,wechat,pending,2025-12-11
SP-824,SI-388,"4,754.00",card,pending,08/04/2025
SP-825,SI-5367,"$1,341.00",bank_transfer,SUCCESS,27-08-2025
SP-826,SI-48,3807,alipay,pending,10/27/2026
SP-827,SI-3657,4691,wechat,SUCCESS,02/02/2024
SP-828,SI-5363,"$2,078.00",wechat,pending,2026-10-15
SP-829,SI-1939,"$1,820.00",card,SUCCESS,18-11-2024
SP-830,SI-535,4699,alipay,success,2026-06-02
SP-831,SI-1695,4626,wechat,pending,2026-09-27
SP-832,SI-3702,"4,448.00",card,success,09/12/2025
SP-833,SI-1698,3476,bank_transfer,success,26-01-2024
SP-834,SI-3851,"$3,003.00",alipay,success,19-06-2024
SP-835,SI-2858,"$4,939.00",wechat,pending,2025-04-11
SP-836,SI-1955,2650,wechat,pending,2026-09-05
SP-837,SI-982,3382,bank_transfer,pending,12/09/2025
SP-838,SI-4085,3407,card,pending,2024-12-06
SP-839,SI-5704,"1,691.00",card,pending,2026-02-15
SP-840,SI-5063,"$1,595.00",alipay,pending,2024-11-06
SP-841,SI-4620,"$1,537.00",card,failed,10-02-2025
SP-842,SI-2281,1051,bank_transfer,pending,08-08-2026
SP-843,SI-4357,"3,156.00",bank_transfer,SUCCESS,2024-01-20
SP-844,SI-3243,3828,card,success,2025-08-11
SP-845,SI-5535,623.00,card,SUCCESS,03/17/2024
SP-846,SI-1171,"1,663.00",bank_transfer,failed,2024-10-18
SP-847,SI-4228,2195,alipay,failed,16-05-2026
SP-848,SI-5572,1107,wechat,SUCCESS,2025-04-17
SP-849,SI-2797,"3,047.00",wechat,SUCCESS,2026-02-11
SP-850,SI-3210,2723,bank_transfer,success,23-04-2024
SP-851,SI-5492,1044,alipay,SUCCESS,02-08-2025
SP-852,SI-2246,2138,alipay,pending,2024-03-28
SP-853,SI-4109,857,bank_transfer,failed,09/13/2026
SP-854,SI-4377,4644,alipay,pending,07/08/2025
SP-855,SI-5719,"$1,374.00",wechat,SUCCESS,04/02/2025
SP-856,SI-1056,$374.00,wechat,SUCCESS,03/24/2026
SP-857,SI-5619,"2,684.00",bank_transfer,success,11/07/2024
SP-858,SI-3995,226.00,wechat,success,2024-11-18
SP-859,SI-4781,"$1,749.00",bank_transfer,SUCCESS,08-12-2025
SP-860,SI-354,3331,alipay,pending,2024-09-22
SP-861,SI-5173,"$2,825.00",alipay,success,25-05-2025
SP-862,SI-983,2019,wechat,SUCCESS,2024-01-23
SP-863,SI-4139,"$2,296.00",alipay,pending,2025-10-13
SP-864,SI-2208,4845,alipay,pending,23-12-2026
SP-865,SI-1435,1520,card,pending,18-03-2025
SP-866,SI-548,1088,wechat,success,2026-05-28
SP-867,SI-4698,2222,card,success,11/25/2024
SP-868,SI-5002,3282,card,pending,2025-12-02
SP-869,SI-2980,1468,wechat,success,2024-12-20
SP-870,SI-2678,585,card,SUCCESS,02-07-2026
SP-871,SI-5952,4664,wechat,success,19-10-2026
SP-872,SI-3807,962,wechat,success,2026-09-07
SP-873,SI-4802,400,wechat,SUCCESS,2025-09-07
SP-874,SI-4017,3761,card,success,05/03/2026
SP-875,SI-5477,484.00,bank_transfer,pending,18-03-2025
SP-876,SI-1901,"1,355.00",wechat,failed,2025-06-16
SP-877,SI-4931,3938,bank_transfer,SUCCESS,2025-01-09
SP-878,SI-4443,2825,bank_transfer,pending,15-12-2024
SP-879,SI-1237,"2,557.00",wechat,pending,06/15/2026
SP-880,SI-2826,613,bank_transfer,success,2025-09-04
SP-881,SI-4085,4545,card,pending,2024-01-23
SP-882,SI-4748,"2,582.00",card,pending,2026-04-08
SP-883,SI-3992,3153,bank_transfer,success,11/05/2024
SP-884,SI-4257,"$3,287.00",wechat,pending,06/23/2026
SP-885,SI-243,$552.00,card,SUCCESS,12/05/2024
SP-886,SI-415,"$4,506.00",alipay,SUCCESS,2024-04-23
SP-887,SI-3853,3957,bank_transfer,success,2025-07-25
SP-888,SI-2042,791,bank_transfer,success,07/11/2026
SP-889,SI-5013,"$3,140.00",card,pending,2026-02-26
SP-890,SI-38,3069,alipay,SUCCESS,09/14/2025
SP-891,SI-3365,"$4,802.00",card,SUCCESS,2026-08-04
SP-892,SI-2544,"$4,157.00",alipay,success,16-12-2025
SP-893,SI-3755,995,card,pending,01/15/2025
SP-894,SI-1982,"$1,036.00",wechat,success,2024-10-20
SP-895,SI-1630,"$3,347.00",alipay,pending,2024-10-10
SP-896,SI-2965,$830.00,alipay,SUCCESS,12/25/2024
SP-897,SI-543,4736,wechat,success,27-03-2025
SP-898,SI-1994,"3,182.00",wechat,pending,2026-01-14
SP-899,SI-1373,$148.00,bank_transfer,pending,07/17/2026
SP-900,SI-5596,"4,715.00",alipay,success,06/07/2026
SP-901,SI-4778,1984,wechat,SUCCESS,19-09-2024
SP-902,SI-453,2582,card,pending,2024-08-05
SP-903,SI-4492,1611,wechat,SUCCESS,04/20/2026
SP-904,SI-2994,"$3,107.00",wechat,success,2026-04-13
SP-905,SI-5357,1258,alipay,SUCCESS,2025-03-10
SP-906,SI-4466,988.00,alipay,pending,26-02-2024
SP-907,SI-3917,597,bank_transfer,pending,11/03/2026
SP-908,SI-4610,"1,706.00",card,success,22-07-2025
SP-909,SI-2194,"3,729.00",alipay,SUCCESS,07/09/2024
SP-910,SI-2060,"3,903.00",bank_transfer,success,2026-09-06
SP-911,SI-5730,2657,card,SUCCESS,10/12/2026
SP-912,SI-4479,"$4,949.00",alipay,SUCCESS,11-05-2026
SP-913,SI-5279,"3,642.00",bank_transfer,SUCCESS,2025-08-03
SP-914,SI-904,"$1,034.00",wechat,success,2024-01-13
SP-915,SI-2137,3497,card,SUCCESS,04/12/2025
SP-916,SI-5948,"$4,208.00",card,pending,09/21/2026
SP-917,SI-118,1362,wechat,success,2024-01-20
SP-918,SI-5171,"$3,076.00",wechat,success,27-09-2024
SP-919,SI-1307,"$1,281.00",card,SUCCESS,01/02/2024
SP-920,SI-2936,"$2,114.00",card,success,05/02/2024
SP-921,SI-2295,3316,card,success,2024-07-21
SP-922,SI-3981,"$3,850.00",card,pending,10/27/2024
SP-923,SI-1621,"1,982.00",wechat,success,2025-07-24
SP-924,SI-3257,2537,bank_transfer,success,14-11-2024
SP-925,SI-1280,2529,wechat,success,01/05/2026
SP-926,SI-1931,1752,bank_transfer,success,20-02-2024
SP-927,SI-175,"2,867.00",wechat,pending,11/19/2026
SP-928,SI-4686,"1,006.00",card,SUCCESS,28-10-2026
SP-929,SI-1109,861,alipay,success,2024-06-13
SP-930,SI-3282,1974,card,pending,2024-10-03
SP-931,SI-5457,$401.00,bank_transfer,SUCCESS,21-08-2025
SP-932,SI-980,"$3,015.00",bank_transfer,pending,21-03-2024
SP-933,SI-3726,4648,alipay,failed,2025-04-27
SP-934,SI-5682,1801,alipay,pending,2026-10-09
SP-935,SI-2038,2684,wechat,success,2026-05-16
SP-936,SI-4522,3996,card,success,07/11/2025
SP-937,SI-2088,"1,241.00",card,SUCCESS,2025-07-22
SP-938,SI-3444,"3,594.00",wechat,success,05/05/2024
SP-939,SI-65,1936,alipay,SUCCESS,2024-10-28
SP-940,SI-5386,$294.00,card,SUCCESS,17-11-2024
SP-941,SI-3595,3436,wechat,SUCCESS,06/26/2024
SP-942,SI-3116,$369.00,wechat,pending,2026-01-13
SP-943,SI-1610,"2,709.00",card,SUCCESS,2024-04-19
SP-944,SI-3020,"$3,216.00",alipay,success,2025-01-21
SP-945,SI-3453,"$3,312.00",alipay,failed,2024-02-21
SP-946,SI-5455,"4,082.00",wechat,pending,2024-04-28
SP-947,SI-4393,"$2,667.00",bank_transfer,pending,12/04/2025
SP-948,SI-125,"2,379.00",alipay,pending,2024-05-27
SP-949,SI-3033,1662,wechat,SUCCESS,2026-09-02
SP-950,SI-4187,"$4,741.00",alipay,SUCCESS,07/08/2024
SP-951,SI-397,"$3,397.00",alipay,success,2025-10-24
SP-952,SI-2260,2034,bank_transfer,success,2024-04-09
SP-953,SI-5838,"1,499.00",alipay,success,2026-06-22
SP-954,SI-2976,282.00,bank_transfer,pending,2026-07-10
SP-955,SI-1087,2714,alipay,success,11-07-2025
SP-956,SI-655,496,alipay,SUCCESS,2024-10-27
SP-957,SI-1490,4097,card,SUCCESS,2024-09-04
SP-958,SI-1907,1283,wechat,SUCCESS,01/10/2024
SP-959,SI-2342,1886,card,SUCCESS,2024-06-06
SP-960,SI-5696,"1,670.00",wechat,SUCCESS,08/12/2025
SP-961,SI-4542,"1,405.00",bank_transfer,SUCCESS,2024-09-08
SP-962,SI-3024,"$3,585.00",card,success,2025-08-25
SP-963,SI-2205,4567,card,pending,01-07-2026
SP-964,SI-1022,"4,285.00",wechat,failed,2026-09-01
SP-965,SI-4225,2157,bank_transfer,pending,11-08-2024
SP-966,SI-734,1144,bank_transfer,SUCCESS,2024-11-09
SP-967,SI-4004,4135,alipay,pending,2024-01-07
SP-968,SI-5293,"1,045.00",alipay,pending,03/14/2024
SP-969,SI-1785,$652.00,wechat,pending,2026-06-02
SP-970,SI-4406,"2,763.00",card,SUCCESS,2024-01-14
SP-971,SI-194,2361,bank_transfer,pending,2025-05-28
SP-972,SI-5857,"$1,772.00",alipay,failed,2025-08-10
SP-973,SI-1512,"4,475.00",card,success,2024-01-18
SP-974,SI-113,2570,bank_transfer,success,2026-06-01
SP-975,SI-408,"$2,888.00",bank_transfer,pending,2024-08-16
SP-976,SI-1668,"$1,155.00",wechat,failed,04-03-2026
SP-977,SI-336,"1,379.00",wechat,pending,2024-09-26
SP-978,SI-1129,"$2,091.00",alipay,SUCCESS,01/26/2025
SP-979,SI-82,2580,card,SUCCESS,2024-12-07
SP-980,SI-1704,"1,604.00",alipay,SUCCESS,02/27/2026
SP-981,SI-2642,385,bank_transfer,pending,2025-04-10
SP-982,SI-5457,729.00,wechat,pending,2026-04-06
SP-983,SI-5407,741,alipay,pending,2026-06-18
SP-984,SI-4975,1845,bank_transfer,pending,02/07/2026
SP-985,SI-4948,260,card,SUCCESS,17-10-2026
SP-986,SI-5195,"4,549.00",wechat,success,01/19/2024
SP-987,SI-2039,2422,alipay,SUCCESS,2025-08-12
SP-988,SI-4503,"4,948.00",bank_transfer,pending,27-08-2026
SP-989,SI-5527,483.00,bank_transfer,success,2024-01-18
SP-990,SI-1986,"$1,311.00",wechat,SUCCESS,14-10-2025
SP-991,SI-4524,"$2,392.00",alipay,failed,2025-03-15
SP-992,SI-26,2928,card,SUCCESS,2024-09-03
SP-993,SI-4795,"2,367.00",bank_transfer,success,10/10/2025
SP-994,SI-351,4329,bank_transfer,pending,2025-08-18
SP-995,SI-509,"1,508.00",card,success,18-02-2026
SP-996,SI-3758,4134,bank_transfer,SUCCESS,03/07/2024
SP-997,SI-763,4613,bank_transfer,failed,2025-03-12
SP-998,SI-5560,"$2,331.00",bank_transfer,SUCCESS,2025-04-03
SP-999,SI-3605,"$4,909.00",alipay,success,2026-08-17
SP-1000,SI-588,2490,bank_transfer,failed,2026-03-22
SP-1001,SI-95,"1,966.00",card,SUCCESS,2024-07-01
SP-1002,SI-5078,458,alipay,SUCCESS,11/09/2024
SP-1003,SI-5274,"1,334.00",alipay,success,02/17/2026
SP-1004,SI-1793,1498,alipay,pending,03/26/2024
SP-1005,SI-4770,$730.00,card,SUCCESS,2025-12-26
SP-1006,SI-110,265,bank_transfer,pending,2026-05-18
SP-1007,SI-2868,"$4,259.00",bank_transfer,pending,02/02/2026
SP-1008,SI-5472,3431,bank_transfer,pending,2025-02-01
SP-1009,SI-475,4467,alipay,success,2024-10-04
SP-1010,SI-2826,"4,061.00",wechat,pending,2026-04-26
SP-1011,SI-4151,"$3,409.00",bank_transfer,pending,24-03-2024
SP-1012,SI-4068,"$3,150.00",card,SUCCESS,10-04-2026
SP-1013,SI-270,893,alipay,pending,2024-03-23
SP-1014,SI-5388,1108,card,SUCCESS,2025-06-14
SP-1015,SI-602,"$4,497.00",alipay,success,2025-07-25
SP-1016,SI-1012,1401,alipay,success,02/19/2026
SP-1017,SI-5181,4088,alipay,SUCCESS,27-01-2026
SP-1018,SI-3012,"2,123.00",bank_transfer,SUCCESS,06/25/2025
SP-1019,SI-2730,"$4,132.00",alipay,pending,16-01-2025
SP-1020,SI-5001,382,alipay,success,03/09/2026
SP-1021,SI-5738,"1,195.00",alipay,pending,01/07/2026
SP-1022,SI-3548,1781,card,failed,2026-06-12
SP-1023,SI-3353,"$2,137.00",bank_transfer,pending,2025-03-11
SP-1024,SI-1425,$982.00,wechat,success,2026-03-05
SP-1025,SI-3699,303,card,SUCCESS,2024-09-18
SP-1026,SI-4593,1636,bank_transfer,success,2026-05-08
SP-1027,SI-1963,208,alipay,SUCCESS,28-10-2025
SP-1028,SI-5185,"2,408.00",bank_transfer,failed,2025-08-21
SP-1029,SI-2951,4247,card,success,09/08/2025
SP-1030,SI-3408,4459,alipay,success,2024-08-27
SP-1031,SI-5896,"$2,166.00",alipay,success,2026-11-27
SP-1032,SI-1488,4012,bank_transfer,pending,03/17/2024
SP-1033,SI-1829,2175,bank_transfer,pending,11/02/2025
SP-1034,SI-2909,"$3,077.00",wechat,pending,07/20/2026
SP-1035,SI-2513,2829,bank_transfer,SUCCESS,24-04-2025
SP-1036,SI-3359,"1,274.00",bank_transfer,success,2024-11-27
SP-1037,SI-3000,"2,116.00",wechat,pending,08/12/2026
SP-1038,SI-2820,"2,493.00",alipay,SUCCESS,2026-04-16
SP-1039,SI-5043,$501.00,wechat,success,07/27/2024
SP-1040,SI-4296,3592,alipay,success,2026-05-15
SP-1041,SI-1832,"2,737.00",bank_transfer,pending,2024-05-22
SP-1042,SI-1151,1540,wechat,pending,12/08/2025
SP-1043,SI-3208,1487,alipay,SUCCESS,2024-01-18
SP-1044,SI-5570,2788,wechat,pending,04-06-2024
SP-1045,SI-5664,3640,wechat,success,2024-08-12
SP-1046,SI-1432,3667,bank_transfer,success,2026-11-05
SP-1047,SI-4965,"1,919.00",wechat,failed,2025-03-09
SP-1048,SI-5373,783,wechat,success,08/08/2024
SP-1049,SI-3144,3461,wechat,SUCCESS,2025-11-04
SP-1050,SI-4838,2494,wechat,pending,01/19/2026
SP-1051,SI-3331,"2,329.00",alipay,pending,2025-12-19
SP-1052,SI-1260,3983,bank_transfer,failed,01/22/2024
SP-1053,SI-4116,4450,card,pending,2024-01-02
SP-1054,SI-5914,3064,alipay,pending,2025-05-25
SP-1055,SI-1689,1098,wechat,SUCCESS,05/27/2026
SP-1056,SI-5266,1280,card,pending,2025-02-19
SP-1057,SI-5684,"4,224.00",alipay,pending,2026-02-06
SP-1058,SI-4155,"2,872.00",wechat,failed,07-02-2024
SP-1059,SI-2270,3385,card,SUCCESS,2024-11-13
SP-1060,SI-2226,$341.00,wechat,pending,01-02-2026
SP-1061,SI-789,$410.00,bank_transfer,pending,11/09/2025
SP-1062,SI-4336,"3,110.00",card,SUCCESS,2025-06-07
SP-1063,SI-2974,4697,alipay,SUCCESS,25-09-2025
SP-1064,SI-693,185,alipay,pending,14-08-2024
SP-1065,SI-3411,"3,605.00",wechat,SUCCESS,06/16/2025
SP-1066,SI-1558,4445,bank_transfer,SUCCESS,06-05-2025
SP-1067,SI-2198,3059,alipay,SUCCESS,2025-02-21
SP-1068,SI-3035,"4,513.00",bank_transfer,SUCCESS,09/21/2024
SP-1069,SI-1670,956.00,alipay,failed,24-02-2025
SP-1070,SI-2904,"$2,423.00",alipay,success,27-01-2024
SP-1071,SI-4253,"$4,722.00",alipay,SUCCESS,24-09-2025
SP-1072,SI-3636,"4,056.00",alipay,failed,12/05/2025
SP-1073,SI-1745,3130,alipay,SUCCESS,13-01-2025
SP-1074,SI-5793,192,wechat,pending,03/16/2024
SP-1075,SI-2307,634,alipay,success,2026-08-04
SP-1076,SI-5328,1067,wechat,failed,2024-02-24
SP-1077,SI-2137,1116,alipay,failed,2024-01-10
SP-1078,SI-5438,$700.00,alipay,pending,2024-08-16
SP-1079,SI-4056,"$3,947.00",card,SUCCESS,09/13/2024
SP-1080,SI-2883,3017,card,pending,2024-12-06
SP-1081,SI-5919,"2,738.00",bank_transfer,success,05/27/2026
SP-1082,SI-748,"$3,733.00",wechat,SUCCESS,26-01-2024
SP-1083,SI-4284,"$2,223.00",wechat,success,2024-04-20
SP-1084,SI-4734,"3,901.00",alipay,SUCCESS,2025-11-24
SP-1085,SI-924,1434,bank_transfer,pending,11/11/2024
SP-1086,SI-2518,"$3,303.00",wechat,success,2024-08-20
SP-1087,SI-4083,3943,card,SUCCESS,26-03-2026
SP-1088,SI-3010,3082,card,SUCCESS,2026-06-11
SP-1089,SI-742,3605,wechat,SUCCESS,11/01/2025
SP-1090,SI-551,"$3,854.00",wechat,success,12/12/2025
SP-1091,SI-5827,"4,968.00",bank_transfer,success,2024-02-04
SP-1092,SI-2121,"$2,136.00",bank_transfer,pending,07/02/2025
SP-1093,SI-5109,1211,card,SUCCESS,2024-01-22
SP-1094,SI-3384,"2,117.00",wechat,SUCCESS,11/27/2024
SP-1095,SI-3418,3992,card,pending,11/28/2026
SP-1096,SI-2765,2251,bank_transfer,SUCCESS,2025-03-27
SP-1097,SI-5711,332,card,success,09/01/2024
SP-1098,SI-5972,"4,727.00",alipay,SUCCESS,2025-04-07
SP-1099,SI-2969,"2,651.00",wechat,pending,06/17/2025
SP-1100,SI-347,4908,card,SUCCESS,2024-09-04
SP-1101,SI-4023,2346,wechat,success,2026-05-13
SP-1102,SI-4123,2480,card,success,2025-01-17
SP-1103,SI-3512,683,card,pending,01/05/2026
SP-1104,SI-2512,1359,wechat,failed,2024-04-05
SP-1105,SI-15,2425,alipay,success,06/15/2026
SP-1106,SI-860,"$2,310.00",card,failed,2026-01-22
SP-1107,SI-50,"1,027.00",bank_transfer,failed,2025-12-27
SP-1108,SI-644,4528,alipay,pending,2026-06-19
SP-1109,SI-5438,"$4,170.00",card,success,2024-07-27
SP-1110,SI-2559,"$3,910.00",card,success,02/18/2024
SP-1111,SI-4065,"$4,859.00",bank_transfer,pending,2026-10-05
SP-1112,SI-3695,797,bank_transfer,success,04/09/2024
SP-1113,SI-372,"$4,651.00",card,success,2024-05-12
SP-1114,SI-2731,1732,card,pending,2025-03-18
SP-1115,SI-4494,888.00,wechat,pending,04/28/2024
SP-1116,SI-311,"4,049.00",card,pending,2024-12-28
SP-1117,SI-5935,"1,240.00",bank_transfer,pending,08/14/2024
SP-1118,SI-486,"1,188.00",bank_transfer,failed,08/13/2026
SP-1119,SI-3691,"1,625.00",wechat,success,2025-09-02
SP-1120,SI-5983,728,bank_transfer,pending,07-08-2024
SP-1121,SI-2596,4240,card,success,12/10/2024
SP-1122,SI-2185,$152.00,wechat,SUCCESS,2025-01-03
SP-1123,SI-2025,4742,wechat,pending,2026-10-17
SP-1124,SI-4566,"$1,641.00",card,SUCCESS,2026-04-18
SP-1125,SI-4497,3341,bank_transfer,SUCCESS,06/06/2024
SP-1126,SI-2094,"$2,018.00",card,pending,02/05/2024
SP-1127,SI-1770,"3,919.00",bank_transfer,pending,14-07-2024
SP-1128,SI-2804,"3,308.00",bank_transfer,SUCCESS,14-02-2024
SP-1129,SI-5668,861.00,alipay,pending,2025-03-27
SP-1130,SI-4067,$464.00,bank_transfer,success,2024-01-23
SP-1131,SI-1260,"$4,196.00",card,pending,07-02-2025
SP-1132,SI-2542,2979,wechat,success,2024-07-18
SP-1133,SI-3246,811,wechat,SUCCESS,2026-02-21
SP-1134,SI-665,1950,bank_transfer,pending,2024-03-18
SP-1135,SI-3718,4938,alipay,SUCCESS,2025-11-19
SP-1136,SI-1928,4484,alipay,success,2025-11-08
SP-1137,SI-5086,"$2,988.00",wechat,pending,07/19/2024
SP-1138,SI-4205,"$1,242.00",wechat,failed,2025-05-22
SP-1139,SI-547,2217,alipay,success,2026-12-16
SP-1140,SI-1955,1678,bank_transfer,SUCCESS,2024-07-19
SP-1141,SI-1748,"2,588.00",alipay,success,2025-09-14
SP-1142,SI-1324,4398,bank_transfer,pending,05-09-2024
SP-1143,SI-3758,2229,alipay,pending,23-07-2026
SP-1144,SI-716,3724,bank_transfer,SUCCESS,06/21/2025
SP-1145,SI-5040,681,bank_transfer,pending,2026-08-08
SP-1146,SI-3312,2463,wechat,pending,2025-12-09
SP-1147,SI-5445,"$1,498.00",alipay,success,2025-01-20
SP-1148,SI-3580,"$4,634.00",bank_transfer,SUCCESS,2026-02-05
SP-1149,SI-4206,989,card,success,2024-08-03
SP-1150,SI-1649,"$4,802.00",bank_transfer,success,08/13/2024
SP-1151,SI-1794,"$3,524.00",alipay,failed,2025-06-25
SP-1152,SI-4413,$979.00,card,success,20-04-2026
SP-1153,SI-2803,"$3,287.00",wechat,success,2025-04-19
SP-1154,SI-2096,2570,wechat,pending,2025-01-19
SP-1155,SI-3524,3800,bank_transfer,pending,18-04-2026
SP-1156,SI-128,"$4,459.00",wechat,success,2025-05-16
SP-1157,SI-2340,726,alipay,success,05/20/2025
SP-1158,SI-1892,521,alipay,success,13-05-2024
SP-1159,SI-726,"$1,823.00",card,SUCCESS,10/14/2024
SP-1160,SI-4739,"3,291.00",alipay,success,21-03-2026
SP-1161,SI-4961,1345,alipay,SUCCESS,22-05-2026
SP-1162,SI-596,"2,043.00",wechat,SUCCESS,26-09-2024
SP-1163,SI-4870,558,alipay,failed,02-03-2025
SP-1164,SI-1036,"$1,448.00",card,SUCCESS,02/14/2024
SP-1165,SI-3460,"$2,323.00",alipay,pending,05/06/2025
SP-1166,SI-1935,4332,card,pending,23-08-2026
SP-1167,SI-3562,945,wechat,pending,2025-02-12
SP-1168,SI-2572,"$4,368.00",bank_transfer,pending,11/11/2024
SP-1169,SI-4289,"1,690.00",wechat,success,16-10-2025
SP-1170,SI-2381,$576.00,wechat,success,03/12/2024
SP-1171,SI-700,$694.00,alipay,pending,2024-07-05
SP-1172,SI-4795,"$3,683.00",bank_transfer,SUCCESS,2024-07-24
SP-1173,SI-1353,2404,bank_transfer,pending,07/06/2024
SP-1174,SI-5948,$718.00,alipay,SUCCESS,22-02-2025
SP-1175,SI-4530,$555.00,card,SUCCESS,04/21/2025
SP-1176,SI-5820,"$3,142.00",bank_transfer,SUCCESS,18-12-2025
SP-1177,SI-5311,"1,074.00",bank_transfer,pending,12/01/2025
SP-1178,SI-2285,338,card,SUCCESS,2026-02-24
SP-1179,SI-1785,"3,616.00",bank_transfer,SUCCESS,2025-10-03
SP-1180,SI-5926,2924,alipay,success,01-12-2024
SP-1181,SI-1669,"$2,637.00",alipay,pending,12-01-2024
SP-1182,SI-5766,643,wechat,success,2026-05-07
SP-1183,SI-4258,4896,bank_transfer,SUCCESS,2025-05-08
SP-1184,SI-4028,627.00,card,SUCCESS,02/01/2025
SP-1185,SI-1548,152.00,wechat,success,2025-09-02
SP-1186,SI-399,"$2,953.00",bank_transfer,success,2026-08-04
SP-1187,SI-632,344,bank_transfer,SUCCESS,2026-01-18
SP-1188,SI-4226,$270.00,wechat,SUCCESS,2026-12-18
SP-1189,SI-3143,369,bank_transfer,pending,2025-04-04
SP-1190,SI-2995,"$3,934.00",alipay,SUCCESS,10/17/2026
SP-1191,SI-4872,"1,281.00",wechat,success,2024-04-02
SP-1192,SI-942,1285,wechat,SUCCESS,2024-05-04
SP-1193,SI-34,"4,151.00",bank_transfer,SUCCESS,07/28/2024
SP-1194,SI-1264,2082,card,SUCCESS,05/07/2024
SP-1195,SI-5890,1566,alipay,pending,2025-04-03
SP-1196,SI-4067,4282,wechat,pending,03-03-2026
SP-1197,SI-1594,"$2,734.00",alipay,success,05/08/2026
SP-1198,SI-758,3286,card,SUCCESS,2026-07-26
SP-1199,SI-216,4390,card,success,18-05-2024
SP-1200,SI-519,"$2,947.00",alipay,pending,2026-08-03
SP-1201,SI-4693,"4,748.00",card,success,04/10/2026
SP-1202,SI-3692,1948,alipay,failed,01-08-2025
SP-1203,SI-5471,"$3,472.00",wechat,SUCCESS,2024-08-18
SP-1204,SI-2872,1836,bank_transfer,SUCCESS,15-04-2024
SP-1205,SI-2213,1608,bank_transfer,pending,07/05/2025
SP-1206,SI-1232,"$3,285.00",wechat,SUCCESS,2025-12-11
SP-1207,SI-1896,"$4,118.00",wechat,success,2026-11-05
SP-1208,SI-3305,4288,bank_transfer,SUCCESS,2025-05-01
SP-1209,SI-5171,"4,903.00",alipay,SUCCESS,2026-10-10
SP-1210,SI-1800,1532,bank_transfer,success,05-02-2025
SP-1211,SI-1601,"$4,745.00",card,SUCCESS,05-05-2026
SP-1212,SI-1650,3269,card,SUCCESS,07/07/2026
SP-1213,SI-4124,2478,alipay,pending,2024-09-18
SP-1214,SI-1235,"3,110.00",bank_transfer,SUCCESS,06/14/2025
SP-1215,SI-5965,1490,bank_transfer,success,2026-06-06
SP-1216,SI-5342,"2,197.00",wechat,pending,02-12-2025
SP-1217,SI-3195,"$3,961.00",wechat,success,05-11-2024
SP-1218,SI-2758,3665,card,pending,2024-06-03
SP-1219,SI-4041,"4,595.00",alipay,SUCCESS,01/17/2024
SP-1220,SI-4336,1209,wechat,SUCCESS,04/06/2025
SP-1221,SI-4559,4950,bank_transfer,SUCCESS,2025-11-23
SP-1222,SI-5007,4858,bank_transfer,pending,03/12/2026
SP-1223,SI-5892,"4,103.00",card,pending,2026-09-04
SP-1224,SI-114,2568,alipay,SUCCESS,2025-02-07
SP-1225,SI-5686,$791.00,alipay,pending,24-11-2026
SP-1226,SI-5830,"$3,496.00",wechat,SUCCESS,2025-01-07
SP-1227,SI-637,1114,alipay,pending,17-07-2026
SP-1228,SI-5842,1631,wechat,pending,26-10-2025
SP-1229,SI-1125,$770.00,wechat,pending,25-11-2024
SP-1230,SI-3663,1188,bank_transfer,SUCCESS,2025-11-19
SP-1231,SI-2412,3386,card,success,2025-06-06
SP-1232,SI-2885,2134,alipay,pending,2024-04-04
SP-1233,SI-1058,4686,bank_transfer,success,19-02-2026
SP-1234,SI-1184,"$2,747.00",bank_transfer,SUCCESS,2026-02-01
SP-1235,SI-3643,"$2,241.00",card,pending,01/15/2024
SP-1236,SI-4786,"4,007.00",alipay,SUCCESS,2025-04-04
SP-1237,SI-2346,550.00,bank_transfer,success,06-05-2024
SP-1238,SI-4764,"4,283.00",card,success,2024-10-16
SP-1239,SI-5096,2008,bank_transfer,pending,2024-10-05
SP-1240,SI-893,"$4,209.00",bank_transfer,success,2026-08-21
SP-1241,SI-2287,2125,card,SUCCESS,2025-10-27
SP-1242,SI-3452,"$1,197.00",bank_transfer,SUCCESS,2025-06-10
SP-1243,SI-622,"$4,964.00",alipay,pending,2026-12-08
SP-1244,SI-5248,2576,bank_transfer,pending,2026-08-22
SP-1245,SI-1785,"$4,867.00",alipay,success,21-11-2025
SP-1246,SI-5146,"$1,801.00",wechat,success,2024-10-17
SP-1247,SI-4615,3675,bank_transfer,success,2025-10-28
SP-1248,SI-1506,3659,card,failed,07-08-2026
SP-1249,SI-4667,"$1,625.00",card,success,2024-10-19
SP-1250,SI-2588,319,bank_transfer,success,2025-11-19
SP-1251,SI-191,1115,bank_transfer,pending,2024-06-06
SP-1252,SI-1827,"$4,834.00",card,pending,2024-06-24
SP-1253,SI-507,"$2,892.00",wechat,pending,2025-07-07
SP-1254,SI-5192,4633,card,success,2026-03-15
SP-1255,SI-873,"3,468.00",card,SUCCESS,2024-11-26
SP-1256,SI-2185,509,bank_transfer,failed,2026-09-18
SP-1257,SI-3319,"3,834.00",bank_transfer,success,05/26/2026
SP-1258,SI-1921,913,card,SUCCESS,11/20/2025
SP-1259,SI-5616,4697,card,pending,2026-05-26
SP-1260,SI-1950,1360,wechat,failed,2024-10-26
SP-1261,SI-2962,3518,card,SUCCESS,2024-06-12
SP-1262,SI-815,"$3,956.00",card,success,2026-07-02
SP-1263,SI-4573,"1,770.00",alipay,pending,11/09/2024
SP-1264,SI-4484,"$3,691.00",bank_transfer,failed,07/28/2024
SP-1265,SI-2795,3254,card,pending,02/07/2025
SP-1266,SI-3250,"$1,210.00",card,success,2024-02-09
SP-1267,SI-513,"$3,057.00",wechat,failed,09/24/2025
SP-1268,SI-2847,2602,alipay,SUCCESS,2025-06-14
SP-1269,SI-423,3567,wechat,SUCCESS,2024-05-21
SP-1270,SI-3930,3752,bank_transfer,SUCCESS,2026-05-10
SP-1271,SI-3709,857.00,card,success,2025-07-21
SP-1272,SI-5038,4664,alipay,SUCCESS,06-11-2026
SP-1273,SI-427,2020,wechat,pending,08/03/2025
SP-1274,SI-3910,3512,alipay,success,01/27/2024
SP-1275,SI-2852,3713,card,failed,08/13/2026
SP-1276,SI-5316,"$3,321.00",bank_transfer,success,2025-06-16
SP-1277,SI-4271,"2,734.00",alipay,SUCCESS,2026-01-22
SP-1278,SI-3351,"1,202.00",bank_transfer,pending,2024-12-21
SP-1279,SI-4294,578,wechat,SUCCESS,2024-05-22
SP-1280,SI-4956,874,wechat,pending,17-01-2024
SP-1281,SI-192,4276,alipay,pending,08/09/2026
SP-1282,SI-5939,643,bank_transfer,success,2024-07-11
SP-1283,SI-929,1073,alipay,success,12/07/2024
SP-1284,SI-2232,4010,card,pending,11/02/2026
SP-1285,SI-2269,"2,249.00",bank_transfer,success,2026-09-10
SP-1286,SI-2161,1887,wechat,success,2026-11-05
SP-1287,SI-4623,4394,card,pending,2025-12-25
SP-1288,SI-5985,347,alipay,SUCCESS,2026-11-15
SP-1289,SI-3991,2713,bank_transfer,SUCCESS,06/10/2026
SP-1290,SI-5454,"2,106.00",card,SUCCESS,12/14/2024
SP-1291,SI-43,3886,wechat,success,01/12/2024
SP-1292,SI-2965,2964,alipay,pending,12-09-2026
SP-1293,SI-5374,4358,alipay,SUCCESS,2024-06-16
SP-1294,SI-3818,1963,alipay,pending,2026-07-26
SP-1295,SI-3339,"4,061.00",wechat,success,07/22/2026
SP-1296,SI-4758,"1,247.00",alipay,pending,2025-03-05
SP-1297,SI-5058,"2,119.00",bank_transfer,pending,06/17/2024
SP-1298,SI-4906,"$1,950.00",bank_transfer,failed,2025-02-04
SP-1299,SI-3393,2255,wechat,pending,07/13/2024
SP-1300,SI-5318,"$4,391.00",wechat,pending,10/06/2024
SP-1301,SI-3514,1526,card,SUCCESS,04/17/2026
SP-1302,SI-51,$767.00,card,success,03-08-2025
SP-1303,SI-3641,$218.00,card,pending,2025-01-12
SP-1304,SI-5269,"$1,070.00",wechat,pending,2024-07-03
SP-1305,SI-3756,499,card,SUCCESS,24-10-2025
SP-1306,SI-4037,"1,364.00",card,pending,03/07/2024
SP-1307,SI-548,"$2,053.00",alipay,SUCCESS,22-10-2025
SP-1308,SI-517,4938,wechat,success,10/11/2024
SP-1309,SI-2114,"$3,257.00",alipay,SUCCESS,18-08-2026
SP-1310,SI-5758,"$2,442.00",wechat,success,2025-08-14
SP-1311,SI-3452,2953,bank_transfer,SUCCESS,2026-10-14
SP-1312,SI-3600,"$2,172.00",wechat,success,05/13/2025
SP-1313,SI-4445,2153,bank_transfer,success,11/28/2024
SP-1314,SI-3323,2157,card,SUCCESS,2024-08-08
SP-1315,SI-1304,"4,769.00",wechat,pending,2025-07-08
SP-1316,SI-132,"2,192.00",bank_transfer,success,06-11-2026
SP-1317,SI-5705,"1,148.00",bank_transfer,SUCCESS,07/01/2026
SP-1318,SI-3549,2609,wechat,success,14-01-2026
SP-1319,SI-763,"$1,835.00",alipay,SUCCESS,2024-09-18
SP-1320,SI-1000,3917,alipay,success,2024-11-20
SP-1321,SI-3147,1247,alipay,failed,2024-08-02
SP-1322,SI-1869,3892,card,failed,16-05-2024
SP-1323,SI-3630,"4,192.00",wechat,SUCCESS,01-07-2025
SP-1324,SI-5143,"$1,666.00",alipay,pending,07/21/2024
SP-1325,SI-2988,"1,975.00",bank_transfer,SUCCESS,2024-10-02
SP-1326,SI-3320,3308,wechat,success,11/05/2025
SP-1327,SI-4563,2198,wechat,success,2026-08-17
SP-1328,SI-1842,1345,bank_transfer,pending,2026-05-21
SP-1329,SI-5093,3681,alipay,success,05/25/2024
SP-1330,SI-2355,"$3,395.00",wechat,success,12/28/2025
SP-1331,SI-3092,"3,467.00",bank_transfer,success,2024-01-15
SP-1332,SI-3867,"$4,417.00",wechat,SUCCESS,25-07-2025
SP-1333,SI-5267,535,alipay,success,2026-03-01
SP-1334,SI-4881,460,bank_transfer,pending,2026-03-04
SP-1335,SI-5535,"4,268.00",alipay,SUCCESS,10/26/2025
SP-1336,SI-5686,"$1,808.00",alipay,SUCCESS,08/17/2024
SP-1337,SI-185,"$4,166.00",card,SUCCESS,2024-11-01
SP-1338,SI-4714,"$3,963.00",bank_transfer,SUCCESS,2024-08-24
SP-1339,SI-991,"$1,234.00",alipay,failed,02/07/2024
SP-1340,SI-2627,"2,259.00",alipay,success,04/21/2026
SP-1341,SI-5685,"$2,502.00",bank_transfer,SUCCESS,01-04-2026
SP-1342,SI-2812,4801,wechat,success,2026-11-23
SP-1343,SI-2429,4026,card,pending,08/27/2025
SP-1344,SI-1370,$412.00,alipay,pending,2026-06-22
SP-1345,SI-79,"$2,705.00",alipay,SUCCESS,12/08/2025
SP-1346,SI-2569,"$1,386.00",bank_transfer,pending,2026-08-26
SP-1347,SI-1808,3123,alipay,success,03/11/2024
SP-1348,SI-728,"$2,944.00",card,pending,2025-10-06
SP-1349,SI-1569,3300,alipay,pending,01/02/2026
SP-1350,SI-3121,"$2,753.00",card,pending,2025-05-26
SP-1351,SI-2244,"1,296.00",wechat,SUCCESS,05/12/2025
SP-1352,SI-2279,866,bank_transfer,success,14-08-2025
SP-1353,SI-880,$683.00,bank_transfer,pending,2024-07-03
SP-1354,SI-157,247,wechat,success,01-09-2026
SP-1355,SI-4221,"$3,802.00",bank_transfer,success,28-04-2024
SP-1356,SI-3039,"1,726.00",alipay,SUCCESS,2026-05-06
SP-1357,SI-3682,"$1,176.00",wechat,failed,2026-07-24
SP-1358,SI-5120,4780,bank_transfer,SUCCESS,2024-06-25
SP-1359,SI-4277,2154,wechat,SUCCESS,25-07-2026
SP-1360,SI-373,"4,154.00",card,SUCCESS,2024-06-17
SP-1361,SI-5141,3575,bank_transfer,success,2026-03-07
SP-1362,SI-5312,"$2,315.00",card,pending,2026-04-02
SP-1363,SI-3028,"$4,340.00",card,success,2025-11-16
SP-1364,SI-1086,568.00,card,SUCCESS,09/14/2025
SP-1365,SI-5067,2705,wechat,success,07/21/2025
SP-1366,SI-5190,3850,wechat,SUCCESS,2024-01-16
SP-1367,SI-4098,"3,374.00",wechat,success,2026-08-28
SP-1368,SI-673,$286.00,bank_transfer,success,02/15/2024
SP-1369,SI-3919,"$4,863.00",alipay,pending,2025-09-21
SP-1370,SI-3405,$565.00,bank_transfer,success,2026-12-17
SP-1371,SI-1561,2671,bank_transfer,pending,11/27/2026
SP-1372,SI-3669,2812,card,SUCCESS,2025-09-25
SP-1373,SI-1138,"$1,450.00",alipay,SUCCESS,2026-12-11
SP-1374,SI-2861,"$2,136.00",card,pending,2024-01-14
SP-1375,SI-1058,"2,150.00",wechat,success,10-03-2025
SP-1376,SI-3280,"$3,977.00",alipay,pending,22-02-2026
SP-1377,SI-3603,"1,745.00",bank_transfer,pending,12/10/2024
SP-1378,SI-2518,2900,bank_transfer,SUCCESS,10/27/2025
SP-1379,SI-1702,3921,alipay,success,12/25/2024
SP-1380,SI-3534,"4,590.00",alipay,SUCCESS,2025-04-27
SP-1381,SI-1131,"4,394.00",card,success,2024-04-28
SP-1382,SI-549,$418.00,wechat,pending,23-08-2025
SP-1383,SI-526,4593,wechat,success,13-01-2024
SP-1384,SI-4388,"$1,969.00",alipay,failed,2025-08-13
SP-1385,SI-1720,4776,bank_transfer,success,10/20/2025
SP-1386,SI-2265,430,bank_transfer,pending,09/22/2024
SP-1387,SI-2894,4387,card,SUCCESS,25-02-2026
SP-1388,SI-1957,779,bank_transfer,pending,14-12-2025
SP-1389,SI-1850,"$1,313.00",wechat,SUCCESS,2025-12-07
SP-1390,SI-4213,1564,alipay,pending,2024-03-20
SP-1391,SI-4183,444,alipay,success,09-01-2024
SP-1392,SI-5550,172,bank_transfer,success,2026-06-26
SP-1393,SI-3750,"$4,798.00",card,SUCCESS,24-02-2026
SP-1394,SI-5340,"$2,093.00",wechat,success,07/19/2024
SP-1395,SI-1326,"1,365.00",bank_transfer,pending,02/15/2024
SP-1396,SI-1816,3828,alipay,success,05/10/2024
SP-1397,SI-1308,"$4,979.00",alipay,pending,03/24/2025
SP-1398,SI-2165,1550,wechat,success,2024-11-25
SP-1399,SI-5152,$481.00,card,success,2025-05-14
SP-1400,SI-5118,"$4,421.00",card,pending,2024-06-03
SP-1401,SI-1158,"$1,952.00",card,SUCCESS,06/25/2026
SP-1402,SI-3161,4491,card,SUCCESS,2024-08-11
SP-1403,SI-3736,625.00,wechat,success,2024-07-04
SP-1404,SI-4366,"$3,369.00",bank_transfer,success,10/15/2024
SP-1405,SI-3452,648.00,bank_transfer,pending,2026-05-07
SP-1406,SI-1808,$940.00,wechat,success,03-11-2026
SP-1407,SI-1409,"$3,895.00",wechat,SUCCESS,2026-02-24
SP-1408,SI-4125,1595,card,SUCCESS,2026-04-10
SP-1409,SI-2588,"1,492.00",wechat,SUCCESS,2025-06-10
SP-1410,SI-2274,5000,card,pending,01/25/2024
SP-1411,SI-1673,"$4,166.00",bank_transfer,SUCCESS,2024-02-28
SP-1412,SI-5934,1858,wechat,SUCCESS,2026-12-16
SP-1413,SI-1188,1641,alipay,success,06/26/2024
SP-1414,SI-2900,4059,bank_transfer,success,11-08-2025
SP-1415,SI-5853,3697,wechat,success,2026-04-10
SP-1416,SI-1103,3004,alipay,failed,2024-11-02
SP-1417,SI-5863,"$2,661.00",bank_transfer,pending,2026-03-08
SP-1418,SI-87,"3,241.00",bank_transfer,pending,12/20/2025
SP-1419,SI-5530,"4,329.00",alipay,success,2024-03-19
SP-1420,SI-1276,2967,alipay,pending,2024-01-27
SP-1421,SI-3054,357,card,success,04/05/2024
SP-1422,SI-4775,"$4,348.00",alipay,success,04/27/2026
SP-1423,SI-4542,931.00,bank_transfer,SUCCESS,2025-10-12
SP-1424,SI-1230,3824,alipay,success,2025-01-03
SP-1425,SI-5964,2301,alipay,pending,2024-10-19
SP-1426,SI-1910,2673,alipay,pending,27-09-2026
SP-1427,SI-1529,"$2,191.00",wechat,pending,24-06-2024
SP-1428,SI-717,329,wechat,pending,21-02-2026
SP-1429,SI-148,"2,919.00",wechat,pending,07/26/2025
SP-1430,SI-156,4637,alipay,failed,2024-04-16
SP-1431,SI-152,384,card,SUCCESS,2026-01-17
SP-1432,SI-5088,"3,942.00",wechat,failed,2024-02-21
SP-1433,SI-2891,1088,wechat,SUCCESS,2024-06-23
SP-1434,SI-4905,694,bank_transfer,SUCCESS,2026-05-24
SP-1435,SI-5722,"$3,314.00",wechat,success,19-08-2026
SP-1436,SI-5810,3161,wechat,success,2024-09-18
SP-1437,SI-805,"2,119.00",card,success,08-07-2025
SP-1438,SI-1965,1667,card,success,2025-08-18
SP-1439,SI-100,4855,card,pending,05/15/2026
SP-1440,SI-1971,$361.00,wechat,SUCCESS,04/27/2025
SP-1441,SI-281,"$3,125.00",card,success,01/01/2026
SP-1442,SI-3097,"3,130.00",card,pending,01/10/2024
SP-1443,SI-3231,167.00,alipay,success,2026-06-10
SP-1444,SI-315,2760,card,pending,2026-04-27
SP-1445,SI-960,"$1,547.00",bank_transfer,SUCCESS,2025-12-08
SP-1446,SI-856,"$3,184.00",alipay,SUCCESS,2024-04-18
SP-1447,SI-4987,3386,card,success,2025-08-03
SP-1448,SI-4192,"$3,943.00",bank_transfer,success,2024-05-01
SP-1449,SI-4989,"$2,605.00",wechat,success,09/05/2024
SP-1450,SI-1134,"$3,890.00",wechat,success,2026-06-04
SP-1451,SI-4417,"$2,123.00",bank_transfer,success,05-06-2025
SP-1452,SI-901,2082,card,SUCCESS,2026-06-17
SP-1453,SI-1355,"$3,289.00",alipay,SUCCESS,08/10/2025
SP-1454,SI-1635,4052,card,pending,08/04/2026
SP-1455,SI-5702,"$4,436.00",card,success,2024-01-08
SP-1456,SI-2462,4337,wechat,success,05/23/2026
SP-1457,SI-2692,"$2,526.00",card,pending,03/01/2024
SP-1458,SI-2720,"$3,595.00",card,failed,2024-05-15
SP-1459,SI-4246,"$1,776.00",alipay,success,28-12-2026
SP-1460,SI-1851,3570,wechat,pending,16-08-2026
SP-1461,SI-2801,"4,773.00",card,failed,2024-07-23
SP-1462,SI-1243,"$1,175.00",bank_transfer,failed,2025-01-10
SP-1463,SI-4167,"$3,028.00",alipay,success,2024-09-13
SP-1464,SI-4930,3705,bank_transfer,SUCCESS,11/08/2026
SP-1465,SI-338,2081,card,SUCCESS,2026-11-01
SP-1466,SI-2153,"$2,213.00",wechat,pending,2026-09-19
SP-1467,SI-5607,2901,card,success,2025-02-20
SP-1468,SI-3093,"$3,137.00",card,pending,2026-07-08
SP-1469,SI-2953,2159,alipay,pending,2026-09-14
SP-1470,SI-4828,3242,wechat,SUCCESS,2026-11-05
SP-1471,SI-514,2541,alipay,pending,2026-09-03
SP-1472,SI-182,"2,445.00",bank_transfer,success,2024-12-04
SP-1473,SI-962,2973,wechat,SUCCESS,2025-08-23
SP-1474,SI-4307,"4,763.00",bank_transfer,SUCCESS,2025-12-28
SP-1475,SI-5330,4149,bank_transfer,SUCCESS,2026-08-23
SP-1476,SI-168,4498,card,pending,09/03/2024
SP-1477,SI-3980,843,bank_transfer,success,2026-01-18
SP-1478,SI-1429,2044,alipay,SUCCESS,2026-02-11
SP-1479,SI-1718,2840,bank_transfer,SUCCESS,05/07/2026
SP-1480,SI-164,"2,185.00",bank_transfer,pending,05/26/2025
SP-1481,SI-5102,"$1,017.00",bank_transfer,SUCCESS,13-05-2024
SP-1482,SI-3892,2597,card,failed,2025-03-05
SP-1483,SI-5600,$613.00,alipay,SUCCESS,2026-06-27
SP-1484,SI-5620,4811,bank_transfer,failed,2025-04-20
SP-1485,SI-4870,1173,card,SUCCESS,2025-12-11
SP-1486,SI-3742,"$2,184.00",alipay,success,2025-04-18
SP-1487,SI-4471,3087,wechat,SUCCESS,08-12-2024
SP-1488,SI-5610,3189,wechat,success,03/09/2024
SP-1489,SI-99,807,bank_transfer,pending,2024-08-18
SP-1490,SI-1001,2183,card,pending,12/13/2026
SP-1491,SI-3783,"$4,981.00",alipay,SUCCESS,12/04/2024
SP-1492,SI-3634,470.00,card,SUCCESS,09-06-2024
SP-1493,SI-3292,1979,card,SUCCESS,2025-11-14
SP-1494,SI-1235,1070,card,SUCCESS,2024-01-18
SP-1495,SI-3860,1857,alipay,success,2024-08-19
SP-1496,SI-1025,1127,card,pending,2026-03-02
SP-1497,SI-3746,4105,wechat,pending,07/06/2024
SP-1498,SI-2524,"$1,590.00",card,pending,2025-06-26
SP-1499,SI-97,2271,card,pending,01/15/2024
SP-1500,SI-5273,628,bank_transfer,SUCCESS,2026-08-24
SP-1501,SI-5293,"$2,207.00",alipay,SUCCESS,2025-03-18
SP-1502,SI-4094,$927.00,alipay,pending,2024-04-08
SP-1503,SI-4098,$460.00,wechat,SUCCESS,05/17/2026
SP-1504,SI-1961,1671,alipay,pending,2026-02-02
SP-1505,SI-1132,"4,706.00",alipay,success,2026-04-08
SP-1506,SI-174,1643,card,success,2024-02-18
SP-1507,SI-3136,"4,952.00",wechat,success,03/22/2024
SP-1508,SI-4164,"1,616.00",card,pending,2025-08-20
SP-1509,SI-2116,2782,alipay,SUCCESS,09-08-2026
SP-1510,SI-1465,3182,alipay,SUCCESS,07-02-2024
SP-1511,SI-4190,"$1,299.00",card,success,2026-05-24
SP-1512,SI-4729,"3,279.00",alipay,failed,2025-08-27
SP-1513,SI-5255,"$2,992.00",alipay,pending,2026-03-24
SP-1514,SI-5430,"$4,020.00",alipay,SUCCESS,02/08/2026
SP-1515,SI-760,"$4,188.00",card,success,21-04-2024
SP-1516,SI-1197,"$1,976.00",alipay,pending,08-07-2024
SP-1517,SI-3558,2710,alipay,failed,2024-04-07
SP-1518,SI-5376,3228,alipay,pending,2025-12-21
SP-1519,SI-670,101,card,pending,2026-09-17
SP-1520,SI-1098,"3,828.00",bank_transfer,pending,2025-08-04
SP-1521,SI-1060,4819,wechat,success,19-08-2024
SP-1522,SI-1680,"$2,708.00",bank_transfer,success,2026-09-18
SP-1523,SI-1278,2335,bank_transfer,SUCCESS,2025-02-15
SP-1524,SI-2305,1158,card,SUCCESS,2026-08-08
SP-1525,SI-1967,"$2,759.00",wechat,failed,10/04/2025
SP-1526,SI-5919,"$4,983.00",alipay,success,16-06-2026
SP-1527,SI-5091,4905,bank_transfer,success,03/13/2024
SP-1528,SI-3486,1471,card,success,2024-07-19
SP-1529,SI-360,4087,alipay,success,2026-03-26
SP-1530,SI-5268,"2,565.00",alipay,success,02-11-2024
SP-1531,SI-3883,3371,bank_transfer,pending,12-12-2025
SP-1532,SI-3610,4460,card,SUCCESS,04-01-2024
SP-1533,SI-4210,1931,bank_transfer,failed,2025-09-03
SP-1534,SI-4679,3205,alipay,success,2024-01-21
SP-1535,SI-1498,"$4,884.00",wechat,failed,2025-09-09
SP-1536,SI-1513,"$3,941.00",bank_transfer,success,10/12/2024
SP-1537,SI-3481,1202,bank_transfer,pending,2025-05-16
SP-1538,SI-4849,2442,wechat,SUCCESS,2024-10-28
SP-1539,SI-2882,"$2,988.00",bank_transfer,SUCCESS,07/24/2026
SP-1540,SI-563,3277,wechat,SUCCESS,06/22/2025
SP-1541,SI-5693,2113,wechat,pending,2024-12-06
SP-1542,SI-2497,"2,664.00",wechat,SUCCESS,2025-12-23
SP-1543,SI-355,2815,wechat,success,13-10-2024
SP-1544,SI-3446,916,alipay,SUCCESS,01/23/2025
SP-1545,SI-1633,"$2,147.00",card,SUCCESS,2025-03-08
SP-1546,SI-5105,2522,bank_transfer,pending,2026-10-18
SP-1547,SI-810,"$1,210.00",alipay,success,2026-11-01
SP-1548,SI-1541,4340,alipay,success,2025-09-28
SP-1549,SI-772,447,alipay,pending,05/27/2026
SP-1550,SI-3883,"1,106.00",card,success,2026-07-03
SP-1551,SI-5318,2495,alipay,pending,2026-10-09
SP-1552,SI-5522,"4,337.00",alipay,pending,2026-11-06
SP-1553,SI-743,4394,card,success,2025-07-12
SP-1554,SI-2503,856,alipay,pending,2025-11-16
SP-1555,SI-3999,2653,wechat,pending,2025-08-22
SP-1556,SI-308,"4,527.00",wechat,success,06/03/2026
SP-1557,SI-2411,"3,495.00",card,pending,2025-06-09
SP-1558,SI-270,798,alipay,success,2025-01-24
SP-1559,SI-1763,943,card,success,2026-07-25
SP-1560,SI-4334,1719,alipay,success,2024-12-28
SP-1561,SI-4574,"2,066.00",wechat,SUCCESS,10/14/2026
SP-1562,SI-1948,"2,330.00",wechat,SUCCESS,06/26/2024
SP-1563,SI-496,"$2,550.00",wechat,pending,08/23/2025
SP-1564,SI-4199,3403,card,failed,2024-01-03
SP-1565,SI-4181,3079,card,SUCCESS,2026-09-26
SP-1566,SI-5842,"$3,516.00",alipay,SUCCESS,2024-02-06
SP-1567,SI-5798,1963,bank_transfer,SUCCESS,2025-05-26
SP-1568,SI-4868,"1,443.00",bank_transfer,success,01-08-2026
SP-1569,SI-2826,"4,639.00",alipay,SUCCESS,2026-12-09
SP-1570,SI-1301,"$4,647.00",alipay,success,2024-10-04
SP-1571,SI-941,1700,card,pending,2025-04-01
SP-1572,SI-5613,"$4,849.00",bank_transfer,pending,07-06-2026
SP-1573,SI-5147,640,alipay,failed,04/22/2024
SP-1574,SI-3274,"$3,504.00",wechat,SUCCESS,2024-10-04
SP-1575,SI-92,3937,bank_transfer,success,14-12-2024
SP-1576,SI-3583,141,wechat,SUCCESS,12-01-2026
SP-1577,SI-4885,737,card,pending,2024-08-20
SP-1578,SI-1337,3051,card,success,2024-04-22
SP-1579,SI-5037,"4,725.00",card,success,27-08-2025
SP-1580,SI-4647,"1,427.00",wechat,SUCCESS,09-06-2025
SP-1581,SI-5196,4633,bank_transfer,success,2024-09-05
SP-1582,SI-1196,"4,268.00",wechat,success,2026-03-20
SP-1583,SI-5032,4871,alipay,success,24-11-2025
SP-1584,SI-3850,$283.00,bank_transfer,success,16-04-2024
SP-1585,SI-855,"$4,889.00",bank_transfer,success,08/04/2024
SP-1586,SI-1559,2608,card,SUCCESS,2026-11-16
SP-1587,SI-1552,"$4,988.00",wechat,success,2024-09-28
SP-1588,SI-2063,2453,wechat,success,27-09-2026
SP-1589,SI-2713,"2,054.00",wechat,SUCCESS,15-04-2025
SP-1590,SI-158,232,bank_transfer,SUCCESS,2025-03-28
SP-1591,SI-3622,"1,506.00",wechat,failed,2024-04-01
SP-1592,SI-5297,"$2,823.00",bank_transfer,success,2025-05-24
SP-1593,SI-3488,4804,bank_transfer,SUCCESS,01/01/2026
SP-1594,SI-4460,"$3,096.00",card,success,12/22/2024
SP-1595,SI-2485,"3,543.00",alipay,success,2026-02-07
SP-1596,SI-3099,2840,card,success,2025-12-05
SP-1597,SI-1589,530,bank_transfer,pending,21-09-2026
SP-1598,SI-1465,2931,card,SUCCESS,02/28/2024
SP-1599,SI-3525,846,bank_transfer,success,06/22/2024
SP-1600,SI-5154,3553,card,pending,2026-01-07
SP-1601,SI-3438,4682,bank_transfer,success,05/10/2025
SP-1602,SI-4948,176.00,card,SUCCESS,07-11-2025
SP-1603,SI-5037,626.00,card,pending,2026-09-21
SP-1604,SI-2892,1767,wechat,failed,2024-08-15
SP-1605,SI-1100,"1,229.00",card,success,2026-11-15
SP-1606,SI-4344,3344,wechat,SUCCESS,10/21/2025
SP-1607,SI-2724,697,card,SUCCESS,12-10-2025
SP-1608,SI-4235,1901,bank_transfer,pending,2025-09-15
SP-1609,SI-2425,1120,wechat,pending,27-11-2025
SP-1610,SI-947,"3,738.00",wechat,pending,08/11/2026
SP-1611,SI-1786,"$2,181.00",bank_transfer,success,2024-11-07
SP-1612,SI-5297,970,bank_transfer,failed,01/28/2025
SP-1613,SI-4611,"3,755.00",card,success,2025-04-23
SP-1614,SI-2558,2974,wechat,failed,2024-06-04
SP-1615,SI-1825,533,wechat,pending,12-04-2025
SP-1616,SI-3520,"2,629.00",wechat,failed,06-01-2024
SP-1617,SI-3044,"2,074.00",alipay,pending,2024-09-27
SP-1618,SI-3035,1865,card,SUCCESS,2024-01-21
SP-1619,SI-3684,3681,bank_transfer,success,2025-08-09
SP-1620,SI-5786,834,card,SUCCESS,2024-07-28
SP-1621,SI-63,$906.00,wechat,pending,23-04-2025
SP-1622,SI-2457,4692,wechat,SUCCESS,2024-11-14
SP-1623,SI-1829,2900,alipay,success,2026-06-06
SP-1624,SI-2385,3440,card,pending,02/04/2025
SP-1625,SI-1674,"1,024.00",alipay,success,11/05/2024
SP-1626,SI-2201,912.00,card,success,04/11/2025
SP-1627,SI-1386,"$2,749.00",wechat,pending,07/11/2025
SP-1628,SI-4183,140,alipay,success,2025-09-21
SP-1629,SI-5438,3016,card,SUCCESS,2026-09-28
SP-1630,SI-1790,1032,card,success,2026-06-09
SP-1631,SI-5660,"$3,795.00",card,SUCCESS,11/06/2026
SP-1632,SI-5067,3606,bank_transfer,pending,12-11-2025
SP-1633,SI-4142,4980,bank_transfer,success,2024-05-01
SP-1634,SI-2296,1124,alipay,success,04/02/2025
SP-1635,SI-1119,1475,bank_transfer,SUCCESS,10-10-2026
SP-1636,SI-5655,"$2,882.00",alipay,success,2026-04-25
SP-1637,SI-2970,2900,bank_transfer,SUCCESS,02-09-2026
SP-1638,SI-2701,"3,441.00",wechat,success,01/25/2025
SP-1639,SI-1310,2934,card,pending,2026-06-25
SP-1640,SI-5670,"2,851.00",alipay,success,05/15/2026
SP-1641,SI-1424,"4,350.00",card,SUCCESS,2025-01-01
SP-1642,SI-5887,2203,alipay,SUCCESS,18-05-2026
SP-1643,SI-5487,374,wechat,SUCCESS,09/04/2026
SP-1644,SI-829,2530,bank_transfer,SUCCESS,2025-10-20
SP-1645,SI-576,936,bank_transfer,pending,2024-09-18
SP-1646,SI-2302,"4,323.00",alipay,pending,2026-04-04
SP-1647,SI-5111,"$1,319.00",card,success,2024-04-09
SP-1648,SI-1953,933,bank_transfer,pending,10/23/2026
SP-1649,SI-3255,4746,alipay,failed,21-02-2024
SP-1650,SI-3108,"$1,252.00",card,success,2026-07-05
SP-1651,SI-2458,3260,card,success,2025-02-09
SP-1652,SI-5308,1171,card,SUCCESS,01/08/2025
SP-1653,SI-183,2288,wechat,SUCCESS,12/08/2026
SP-1654,SI-4651,4941,alipay,SUCCESS,2024-04-05
SP-1655,SI-2497,"$2,427.00",bank_transfer,failed,2025-09-07
SP-1656,SI-5602,357,card,pending,01/06/2025
SP-1657,SI-2595,2965,card,SUCCESS,11-06-2026
SP-1658,SI-4359,"3,768.00",alipay,success,2024-01-19
SP-1659,SI-2316,"3,753.00",wechat,success,03/24/2025
SP-1660,SI-2196,354.00,bank_transfer,success,2024-08-19
SP-1661,SI-3599,"2,352.00",alipay,success,2026-08-04
SP-1662,SI-1717,"$2,207.00",alipay,failed,2026-08-04
SP-1663,SI-353,"4,911.00",bank_transfer,failed,2024-03-01
SP-1664,SI-1296,4080,alipay,SUCCESS,2024-07-11
SP-1665,SI-3295,4605,wechat,pending,01/20/2024
SP-1666,SI-1257,3824,card,pending,04/15/2024
SP-1667,SI-2942,3763,bank_transfer,failed,11/08/2026
SP-1668,SI-4234,"3,704.00",wechat,success,2026-05-05
SP-1669,SI-5746,"4,512.00",card,success,2026-01-22
SP-1670,SI-3060,1007,wechat,failed,18-04-2025
SP-1671,SI-3770,"$2,733.00",wechat,SUCCESS,12/09/2025
SP-1672,SI-3420,"$1,967.00",bank_transfer,pending,2025-03-23
SP-1673,SI-3988,936,bank_transfer,success,2025-06-19
SP-1674,SI-3465,2584,alipay,failed,12/13/2026
SP-1675,SI-646,"3,141.00",card,SUCCESS,11/15/2026
SP-1676,SI-2980,1870,bank_transfer,failed,2025-08-05
SP-1677,SI-2524,655.00,bank_transfer,SUCCESS,2026-09-10
SP-1678,SI-907,"1,184.00",wechat,pending,07/03/2024
SP-1679,SI-4316,2727,wechat,SUCCESS,03/20/2026
SP-1680,SI-235,2168,alipay,pending,2024-04-01
SP-1681,SI-5184,2215,alipay,failed,2024-10-22
SP-1682,SI-4214,4494,wechat,success,2026-12-27
SP-1683,SI-5261,"4,505.00",wechat,success,04/11/2024
SP-1684,SI-364,"$1,705.00",bank_transfer,success,2025-04-05
SP-1685,SI-5541,"4,638.00",alipay,pending,2026-03-14
SP-1686,SI-3377,685,wechat,failed,2024-02-01
SP-1687,SI-2263,2835,wechat,pending,2024-03-22
SP-1688,SI-4922,"3,349.00",wechat,pending,2024-05-09
SP-1689,SI-3211,$887.00,bank_transfer,pending,12/17/2024
SP-1690,SI-2274,2499,card,SUCCESS,05/07/2025
SP-1691,SI-5152,"$2,013.00",alipay,SUCCESS,09-05-2025
SP-1692,SI-3730,1597,wechat,SUCCESS,2025-03-25
SP-1693,SI-2856,"$3,927.00",card,failed,2026-07-03
SP-1694,SI-2521,4614,bank_transfer,pending,12/03/2024
SP-1695,SI-4337,"3,886.00",card,success,2025-02-09
SP-1696,SI-250,3227,alipay,success,2025-12-20
SP-1697,SI-5993,"3,964.00",card,success,09/21/2025
SP-1698,SI-5507,722,bank_transfer,success,11/24/2024
SP-1699,SI-3640,450,wechat,pending,2026-02-03
SP-1700,SI-3770,4116,alipay,success,2024-09-15
SP-1701,SI-1573,$859.00,bank_transfer,pending,08/09/2026
SP-1702,SI-587,1432,alipay,pending,2025-11-13
SP-1703,SI-2886,1899,bank_transfer,SUCCESS,2025-11-28
SP-1704,SI-1237,3084,alipay,success,16-06-2026
SP-1705,SI-2708,2173,card,pending,2024-02-19
SP-1706,SI-3003,"$1,881.00",card,success,2025-09-13
SP-1707,SI-3090,1697,bank_transfer,pending,2024-08-05
SP-1708,SI-3365,"$1,574.00",bank_transfer,pending,20-06-2024
SP-1709,SI-5888,"2,327.00",card,pending,07/22/2024
SP-1710,SI-5866,1731,wechat,success,2025-05-06
SP-1711,SI-837,1897,card,success,2025-10-13
SP-1712,SI-5641,"4,980.00",bank_transfer,SUCCESS,2024-08-22
SP-1713,SI-953,"$1,311.00",bank_transfer,pending,2025-03-14
SP-1714,SI-1165,406.00,wechat,pending,05-02-2026
SP-1715,SI-1796,232,wechat,success,2026-03-25
SP-1716,SI-4722,146,bank_transfer,success,02/05/2025
SP-1717,SI-2327,"1,388.00",wechat,SUCCESS,2026-03-23
SP-1718,SI-5242,182,alipay,pending,2024-04-13
SP-1719,SI-4511,1019,bank_transfer,failed,2024-04-13
SP-1720,SI-80,707.00,alipay,SUCCESS,2026-07-20
SP-1721,SI-3061,"$2,095.00",wechat,SUCCESS,2025-04-24
SP-1722,SI-2478,512,wechat,pending,23-07-2024
SP-1723,SI-1685,1322,bank_transfer,failed,2026-01-26
SP-1724,SI-3260,840.00,alipay,success,02/16/2024
SP-1725,SI-5357,"$4,244.00",wechat,pending,10/07/2026
SP-1726,SI-1674,705,card,success,03-02-2026
SP-1727,SI-5624,"4,628.00",wechat,pending,2025-06-11
SP-1728,SI-2942,804,alipay,success,2024-08-20
SP-1729,SI-2434,4700,card,pending,08/26/2025
SP-1730,SI-4104,"$1,271.00",card,failed,06/22/2026
SP-1731,SI-462,3626,wechat,success,07-09-2024
SP-1732,SI-733,"3,393.00",alipay,SUCCESS,04/15/2024
SP-1733,SI-863,1642,wechat,success,2024-03-17
SP-1734,SI-1213,884,bank_transfer,pending,08/19/2024
SP-1735,SI-278,"4,778.00",bank_transfer,failed,2025-10-08
SP-1736,SI-4303,"2,989.00",wechat,SUCCESS,18-08-2024
SP-1737,SI-787,"$4,655.00",wechat,pending,17-02-2026
SP-1738,SI-108,"4,502.00",bank_transfer,pending,2024-05-17
SP-1739,SI-125,2575,wechat,success,23-03-2025
SP-1740,SI-5747,2252,bank_transfer,success,2025-01-02
SP-1741,SI-4509,2357,wechat,SUCCESS,04/01/2024
SP-1742,SI-5637,2900,alipay,success,2026-04-04
SP-1743,SI-5692,3390,bank_transfer,pending,2025-01-23
SP-1744,SI-3206,234,bank_transfer,pending,2024-02-09
SP-1745,SI-2109,298,bank_transfer,pending,08/26/2024
SP-1746,SI-985,"$4,019.00",card,success,07/11/2025
SP-1747,SI-2599,"3,937.00",alipay,SUCCESS,02/22/2025
SP-1748,SI-2020,4042,alipay,pending,2026-04-27
SP-1749,SI-3335,3531,card,success,05/13/2025
SP-1750,SI-2999,1232,card,failed,09/15/2026
SP-1751,SI-3045,"$3,086.00",alipay,success,07/10/2024
SP-1752,SI-1823,"2,758.00",alipay,SUCCESS,2024-04-28
SP-1753,SI-5868,"$4,905.00",bank_transfer,pending,2025-07-17
SP-1754,SI-2626,2767,wechat,SUCCESS,27-08-2024
SP-1755,SI-2139,704.00,alipay,SUCCESS,2025-11-28
SP-1756,SI-3965,"$1,049.00",bank_transfer,failed,09/01/2024
SP-1757,SI-909,3707,alipay,SUCCESS,2026-11-18
SP-1758,SI-816,"4,620.00",wechat,SUCCESS,2026-09-17
SP-1759,SI-4366,"1,375.00",wechat,SUCCESS,16-02-2024
SP-1760,SI-4353,"1,142.00",wechat,pending,2026-12-22
SP-1761,SI-2599,"1,186.00",card,SUCCESS,2026-01-12
SP-1762,SI-5347,"4,787.00",bank_transfer,success,17-07-2024
SP-1763,SI-3517,4606,wechat,success,08/01/2025
SP-1764,SI-4443,2409,alipay,pending,06-07-2024
SP-1765,SI-5086,"4,070.00",card,pending,2026-08-05
SP-1766,SI-2058,"4,287.00",alipay,SUCCESS,2025-03-17
SP-1767,SI-3409,"$4,294.00",bank_transfer,SUCCESS,04-03-2025
SP-1768,SI-5515,4198,card,success,2024-11-20
SP-1769,SI-3309,984.00,alipay,success,2025-01-09
SP-1770,SI-2600,"$2,248.00",bank_transfer,failed,2025-06-17
SP-1771,SI-1094,3129,wechat,success,19-10-2026
SP-1772,SI-4741,$833.00,card,SUCCESS,2024-06-12
SP-1773,SI-2863,2425,bank_transfer,success,02-02-2025
SP-1774,SI-4722,2046,card,SUCCESS,2025-08-09
SP-1775,SI-3377,"1,616.00",card,success,15-06-2026
SP-1776,SI-2244,3655,card,success,2024-11-06
SP-1777,SI-3432,"$4,422.00",bank_transfer,SUCCESS,02/21/2024
SP-1778,SI-5951,"$1,496.00",card,pending,18-05-2025
SP-1779,SI-2954,486.00,bank_transfer,SUCCESS,2026-11-24
SP-1780,SI-2071,"$2,259.00",alipay,success,04-02-2025
SP-1781,SI-2633,4040,bank_transfer,pending,2026-10-01
SP-1782,SI-1665,999,wechat,pending,23-12-2026
SP-1783,SI-797,3249,card,success,2024-06-10
SP-1784,SI-2089,$946.00,card,success,2025-09-19
SP-1785,SI-3461,"$2,442.00",wechat,pending,2025-08-20
SP-1786,SI-2209,4946,bank_transfer,pending,04-12-2024
SP-1787,SI-706,3625,bank_transfer,SUCCESS,2025-11-21
SP-1788,SI-2111,"4,897.00",wechat,success,28-03-2025
SP-1789,SI-94,1131,bank_transfer,SUCCESS,11/22/2024
SP-1790,SI-2488,"3,847.00",bank_transfer,SUCCESS,2025-07-27
SP-1791,SI-3413,3777,alipay,pending,2025-06-11
SP-1792,SI-4153,4250,card,success,01/11/2024
SP-1793,SI-4598,"2,430.00",wechat,success,2025-08-26
SP-1794,SI-1626,"$3,306.00",bank_transfer,success,2026-07-07
SP-1795,SI-3462,2464,card,pending,2024-12-21
SP-1796,SI-2930,"$1,633.00",card,failed,2025-03-16
SP-1797,SI-2704,4806,alipay,pending,21-11-2024
SP-1798,SI-577,"$1,385.00",card,success,2024-12-17
SP-1799,SI-559,3070,alipay,SUCCESS,06/16/2025
SP-1800,SI-5115,"$3,895.00",bank_transfer,success,23-01-2025
SP-1801,SI-3286,4511,bank_transfer,SUCCESS,02/18/2026
SP-1802,SI-1660,634.00,wechat,SUCCESS,03/27/2025
SP-1803,SI-1107,894,wechat,pending,25-09-2025
SP-1804,SI-3830,846,wechat,pending,2025-10-05
SP-1805,SI-5642,3258,wechat,success,2026-01-21
SP-1806,SI-3294,"$3,476.00",alipay,pending,03/08/2025
SP-1807,SI-4460,2166,alipay,failed,25-01-2026
SP-1808,SI-5097,320,wechat,pending,11/28/2025
SP-1809,SI-3890,2081,alipay,success,07/16/2025
SP-1810,SI-3769,1996,alipay,pending,01/15/2024
SP-1811,SI-2338,1824,card,success,2025-09-16
SP-1812,SI-988,4442,card,SUCCESS,06/28/2026
SP-1813,SI-2892,"$3,287.00",bank_transfer,success,2024-06-08
SP-1814,SI-4733,"$2,235.00",bank_transfer,SUCCESS,2025-07-20
SP-1815,SI-3616,3976,bank_transfer,SUCCESS,01-01-2026
SP-1816,SI-749,"1,340.00",wechat,failed,2025-11-04
SP-1817,SI-3255,"4,535.00",wechat,pending,26-11-2024
SP-1818,SI-3769,"2,774.00",wechat,success,06/18/2024
SP-1819,SI-3614,"3,844.00",card,success,10-08-2025
SP-1820,SI-5325,4600,alipay,success,2024-04-13
SP-1821,SI-5366,2919,alipay,pending,2024-03-03
SP-1822,SI-3490,"$1,113.00",wechat,pending,2025-02-17
SP-1823,SI-674,2236,alipay,SUCCESS,07-02-2026
SP-1824,SI-912,1626,bank_transfer,success,07/19/2024
SP-1825,SI-5176,4746,bank_transfer,pending,2024-06-15
SP-1826,SI-466,4968,bank_transfer,SUCCESS,19-03-2024
SP-1827,SI-874,"$4,218.00",bank_transfer,SUCCESS,02/28/2025
SP-1828,SI-5957,1318,card,pending,2024-03-21
SP-1829,SI-1709,$366.00,alipay,pending,10/27/2026
SP-1830,SI-3740,738,bank_transfer,SUCCESS,2026-03-28
SP-1831,SI-1958,"$4,478.00",bank_transfer,SUCCESS,2024-01-22
SP-1832,SI-28,1849,wechat,success,2026-11-12
SP-1833,SI-5945,1163,wechat,success,2026-11-22
SP-1834,SI-3536,2127,alipay,success,22-10-2026
SP-1835,SI-791,4923,alipay,pending,02/17/2026
SP-1836,SI-1955,1744,bank_transfer,pending,2026-08-27
SP-1837,SI-4027,3126,wechat,pending,16-07-2024
SP-1838,SI-4696,$552.00,alipay,success,2024-04-08
SP-1839,SI-5414,"$3,621.00",card,pending,12/26/2026
SP-1840,SI-2806,2527,alipay,pending,2024-08-04
SP-1841,SI-478,2060,wechat,SUCCESS,2025-05-06
SP-1842,SI-2110,"$2,920.00",alipay,SUCCESS,2024-08-12
SP-1843,SI-3395,"2,288.00",alipay,success,2026-11-16
SP-1844,SI-4936,1199,bank_transfer,success,2026-06-01
SP-1845,SI-539,"$2,005.00",bank_transfer,success,2024-08-18
SP-1846,SI-5170,"1,637.00",card,success,12/01/2026
SP-1847,SI-3295,1740,bank_transfer,pending,18-01-2026
SP-1848,SI-58,3286,bank_transfer,success,15-05-2025
SP-1849,SI-919,"4,051.00",bank_transfer,success,2025-06-20
SP-1850,SI-4645,641,alipay,pending,2024-07-02
SP-1851,SI-5471,"3,473.00",bank_transfer,SUCCESS,2026-02-21
SP-1852,SI-1739,2159,alipay,pending,2024-10-21
SP-1853,SI-3244,3411,alipay,pending,24-09-2024
SP-1854,SI-4739,99,wechat,SUCCESS,2026-02-04
SP-1855,SI-4350,"$4,553.00",bank_transfer,pending,03/22/2024
SP-1856,SI-3667,"$4,475.00",card,success,2026-08-07
SP-1857,SI-1602,"$2,360.00",alipay,success,04/12/2025
SP-1858,SI-2009,4612,wechat,SUCCESS,2025-03-24
SP-1859,SI-2000,1275,card,SUCCESS,2024-02-13
SP-1860,SI-2992,4317,card,SUCCESS,23-04-2025
SP-1861,SI-4475,"2,623.00",alipay,SUCCESS,10/18/2024
SP-1862,SI-3578,"$3,303.00",wechat,SUCCESS,2024-04-16
SP-1863,SI-1607,$125.00,bank_transfer,SUCCESS,2024-11-13
SP-1864,SI-5588,"$3,998.00",wechat,failed,12/18/2025
SP-1865,SI-4504,"$2,751.00",wechat,pending,04/15/2026
SP-1866,SI-3065,"4,986.00",wechat,success,11/17/2024
SP-1867,SI-3883,2532,card,pending,2024-09-02
SP-1868,SI-279,4128,wechat,SUCCESS,2025-12-10
SP-1869,SI-5020,"$1,561.00",wechat,success,2025-03-07
SP-1870,SI-512,1639,wechat,pending,23-08-2026
SP-1871,SI-5247,2961,bank_transfer,failed,18-04-2026
SP-1872,SI-4018,"$1,749.00",card,SUCCESS,2025-09-24
SP-1873,SI-564,431,bank_transfer,pending,06/22/2024
SP-1874,SI-3105,226,alipay,pending,2025-04-03
SP-1875,SI-1051,469,wechat,pending,04-09-2024
SP-1876,SI-1606,"$3,016.00",alipay,SUCCESS,2024-03-12
SP-1877,SI-1435,503,card,SUCCESS,2025-03-18
SP-1878,SI-482,"$1,130.00",card,success,08/10/2026
SP-1879,SI-1723,"4,694.00",card,failed,2026-09-12
SP-1880,SI-5772,"$1,454.00",alipay,SUCCESS,12-04-2026
SP-1881,SI-1837,2710,alipay,pending,2026-04-14
SP-1882,SI-4558,"1,266.00",bank_transfer,pending,07/28/2025
SP-1883,SI-4662,1644,alipay,SUCCESS,09/13/2026
SP-1884,SI-1483,"$2,534.00",alipay,success,05/23/2024
SP-1885,SI-2188,552,alipay,pending,2026-08-18
SP-1886,SI-1524,468,bank_transfer,success,2026-10-06
SP-1887,SI-5143,2174,bank_transfer,success,2026-08-18
SP-1888,SI-2339,4845,card,success,2026-06-27
SP-1889,SI-5143,"$1,590.00",card,pending,26-04-2024
SP-1890,SI-281,446.00,card,SUCCESS,2025-01-09
SP-1891,SI-1599,"3,129.00",alipay,success,2026-07-26
SP-1892,SI-5921,1423,wechat,SUCCESS,04/17/2026
SP-1893,SI-1664,"$4,705.00",card,pending,2025-11-14
SP-1894,SI-5313,"$2,974.00",bank_transfer,SUCCESS,10/05/2025
SP-1895,SI-1807,4508,card,SUCCESS,27-08-2025
SP-1896,SI-5235,634,alipay,SUCCESS,2024-12-01
SP-1897,SI-2918,"3,502.00",wechat,failed,2026-07-07
SP-1898,SI-1509,4687,alipay,SUCCESS,06/21/2025
SP-1899,SI-141,2055,bank_transfer,pending,04/17/2024
SP-1900,SI-3968,3865,wechat,pending,10/04/2024
SP-1901,SI-4207,1528,alipay,SUCCESS,02/05/2025
SP-1902,SI-1267,1132,bank_transfer,success,07/11/2026
SP-1903,SI-2524,2381,wechat,pending,27-08-2025
SP-1904,SI-125,"$1,406.00",alipay,pending,2025-11-23
SP-1905,SI-2740,"$1,437.00",card,SUCCESS,2024-11-03
SP-1906,SI-4807,"$4,513.00",bank_transfer,failed,2024-05-06
SP-1907,SI-2600,4742,bank_transfer,pending,2026-03-02
SP-1908,SI-1063,"$4,192.00",alipay,SUCCESS,04/21/2024
SP-1909,SI-4632,"1,450.00",alipay,success,2024-02-07
SP-1910,SI-3370,"$2,105.00",wechat,pending,2026-03-20
SP-1911,SI-2144,4045,alipay,success,2025-10-05
SP-1912,SI-1860,3544,wechat,SUCCESS,2026-04-10
SP-1913,SI-2628,"$4,300.00",wechat,success,2024-11-19
SP-1914,SI-3169,4332,alipay,pending,2025-05-20
SP-1915,SI-4334,1379,bank_transfer,success,26-06-2026
SP-1916,SI-2259,2744,alipay,success,09/18/2026
SP-1917,SI-4458,$373.00,bank_transfer,pending,2026-08-05
SP-1918,SI-142,663,bank_transfer,success,23-03-2024
SP-1919,SI-2965,2876,card,SUCCESS,2025-12-15
SP-1920,SI-5885,"3,021.00",alipay,SUCCESS,03-06-2026
SP-1921,SI-2433,4311,card,success,04/04/2024
SP-1922,SI-1394,1410,bank_transfer,SUCCESS,2025-05-05
SP-1923,SI-5287,207.00,card,SUCCESS,01/25/2025
SP-1924,SI-2524,"1,906.00",card,success,04/05/2025
SP-1925,SI-4019,1602,alipay,pending,04/10/2025
SP-1926,SI-4315,646,bank_transfer,success,12/26/2025
SP-1927,SI-556,3430,alipay,pending,18-12-2025
SP-1928,SI-5425,"2,645.00",bank_transfer,pending,2026-08-12
SP-1929,SI-5271,312,alipay,success,2024-10-12
SP-1930,SI-2051,"2,674.00",bank_transfer,SUCCESS,08/01/2026
SP-1931,SI-261,4708,card,success,09/27/2026
SP-1932,SI-813,"3,538.00",alipay,pending,12/02/2026
SP-1933,SI-1221,4253,wechat,SUCCESS,06/26/2024
SP-1934,SI-4253,$858.00,card,pending,2025-04-25
SP-1935,SI-5668,3412,alipay,pending,2024-04-10
SP-1936,SI-2482,720,bank_transfer,success,2025-03-14
SP-1937,SI-3035,4239,wechat,success,06/23/2026
SP-1938,SI-1245,2630,wechat,success,12-04-2026
SP-1939,SI-1666,4322,bank_transfer,SUCCESS,2026-06-13
SP-1940,SI-5392,$771.00,alipay,SUCCESS,2026-05-14
SP-1941,SI-3221,1840,bank_transfer,pending,2025-05-21
SP-1942,SI-1363,2472,card,success,2024-01-06
SP-1943,SI-648,"3,664.00",bank_transfer,pending,2026-08-20
SP-1944,SI-5648,781,alipay,pending,06/08/2026
SP-1945,SI-3429,4828,alipay,SUCCESS,10-03-2025
SP-1946,SI-233,"$3,851.00",wechat,SUCCESS,2026-10-11
SP-1947,SI-3062,3368,bank_transfer,success,2025-09-23
SP-1948,SI-3389,"3,951.00",alipay,pending,04/13/2025
SP-1949,SI-5558,4933,alipay,success,07-11-2025
SP-1950,SI-5417,"$4,516.00",card,SUCCESS,2024-10-13
SP-1951,SI-1748,217,card,success,2025-09-19
SP-1952,SI-4701,538,bank_transfer,pending,09/21/2025
SP-1953,SI-295,2125,bank_transfer,pending,09-09-2025
SP-1954,SI-1821,"$2,845.00",bank_transfer,success,27-11-2024
SP-1955,SI-4574,3068,card,SUCCESS,22-06-2025
SP-1956,SI-4514,4210,card,SUCCESS,2025-11-02
SP-1957,SI-496,3051,bank_transfer,success,2025-06-18
SP-1958,SI-5764,3993,bank_transfer,pending,14-05-2026
SP-1959,SI-775,4607,wechat,SUCCESS,04-09-2024
SP-1960,SI-3561,"$2,308.00",wechat,pending,04/04/2026
SP-1961,SI-4020,4321,wechat,pending,02-10-2024
SP-1962,SI-2677,3557,card,pending,11/07/2025
SP-1963,SI-5257,4173,alipay,pending,2024-04-02
SP-1964,SI-476,4094,wechat,pending,20-03-2024
SP-1965,SI-1002,1795,card,failed,2024-02-21
SP-1966,SI-526,1670,bank_transfer,pending,2025-03-08
SP-1967,SI-3275,"$3,379.00",card,SUCCESS,08/21/2024
SP-1968,SI-4225,$966.00,bank_transfer,success,05-08-2025
SP-1969,SI-1467,"1,519.00",card,SUCCESS,2026-05-13
SP-1970,SI-2496,2941,card,success,2024-10-18
SP-1971,SI-5875,"$1,790.00",card,success,03/08/2026
SP-1972,SI-5675,"$4,266.00",alipay,success,12/15/2026
SP-1973,SI-1169,1830,bank_transfer,success,12-11-2026
SP-1974,SI-5054,3565,card,success,11-05-2024
SP-1975,SI-1198,"$2,211.00",wechat,SUCCESS,12/23/2026
SP-1976,SI-2026,"4,717.00",bank_transfer,pending,2026-12-15
SP-1977,SI-209,"$3,306.00",card,success,21-09-2024
SP-1978,SI-5584,3633,alipay,SUCCESS,10-07-2025
SP-1979,SI-2836,"$3,873.00",bank_transfer,SUCCESS,2025-01-15
SP-1980,SI-643,1551,bank_transfer,success,07/06/2025
SP-1981,SI-2181,"2,522.00",bank_transfer,SUCCESS,2026-03-25
SP-1982,SI-158,"1,371.00",alipay,pending,2025-12-03
SP-1983,SI-3413,4383,bank_transfer,pending,06/10/2026
SP-1984,SI-983,953,card,SUCCESS,2026-02-17
SP-1985,SI-4307,"4,549.00",alipay,SUCCESS,2024-10-08
SP-1986,SI-422,389.00,card,pending,2026-05-23
SP-1987,SI-2785,286,bank_transfer,failed,05/27/2024
SP-1988,SI-59,"$1,343.00",bank_transfer,SUCCESS,14-01-2026
SP-1989,SI-2708,"4,069.00",alipay,SUCCESS,04/15/2026
SP-1990,SI-670,"$4,738.00",bank_transfer,SUCCESS,2024-04-10
SP-1991,SI-2573,3306,card,SUCCESS,2024-11-01
SP-1992,SI-3885,$948.00,alipay,success,12/16/2025
SP-1993,SI-2076,3453,bank_transfer,pending,2024-07-11
SP-1994,SI-2941,3495,alipay,SUCCESS,04-11-2025
SP-1995,SI-4220,"$3,562.00",card,success,07/16/2024
SP-1996,SI-4990,102,wechat,SUCCESS,02/23/2026
SP-1997,SI-2860,"1,809.00",alipay,pending,03/13/2025
SP-1998,SI-4917,3666,wechat,SUCCESS,2026-03-10
SP-1999,SI-3195,"3,394.00",card,SUCCESS,2026-09-20
SP-2000,SI-5026,"2,974.00",wechat,SUCCESS,2024-10-22
SP-2001,SI-2720,"$3,743.00",card,pending,2025-01-01
SP-2002,SI-1404,625,card,success,06/04/2026
SP-2003,SI-3940,"$1,519.00",card,pending,2025-12-19
SP-2004,SI-5740,$509.00,bank_transfer,pending,23-01-2025
SP-2005,SI-33,2808,card,SUCCESS,07/20/2026
SP-2006,SI-1844,$719.00,wechat,success,05/15/2025
SP-2007,SI-52,3196,bank_transfer,success,01/24/2026
SP-2008,SI-3328,"2,861.00",wechat,success,2026-08-14
SP-2009,SI-4723,1805,bank_transfer,failed,08/19/2024
SP-2010,SI-1915,400,bank_transfer,SUCCESS,2024-01-25
SP-2011,SI-1132,"1,537.00",card,success,03/20/2026
SP-2012,SI-4383,1685,alipay,success,2026-01-15
SP-2013,SI-2823,3582,card,SUCCESS,08/26/2025
SP-2014,SI-1878,"2,383.00",wechat,SUCCESS,09/20/2025
SP-2015,SI-510,930.00,alipay,SUCCESS,2026-12-23
SP-2016,SI-182,"$3,796.00",bank_transfer,pending,09/18/2024
SP-2017,SI-255,3770,card,failed,03/01/2024
SP-2018,SI-342,"$3,576.00",card,pending,03-01-2026
SP-2019,SI-2448,856,bank_transfer,pending,06/22/2025
SP-2020,SI-2276,2655,wechat,failed,2025-09-06
SP-2021,SI-3939,4499,alipay,SUCCESS,12/03/2026
SP-2022,SI-2921,2917,bank_transfer,pending,03-07-2026
SP-2023,SI-3412,"3,887.00",wechat,failed,2025-03-25
SP-2024,SI-4352,"3,677.00",bank_transfer,SUCCESS,14-08-2025
SP-2025,SI-4275,3515,card,SUCCESS,09-05-2026
SP-2026,SI-5757,1328,bank_transfer,pending,05/19/2024
SP-2027,SI-3437,"1,634.00",bank_transfer,pending,2025-08-05
SP-2028,SI-746,2013,wechat,success,2025-03-17
SP-2029,SI-3714,"$2,448.00",alipay,SUCCESS,23-03-2024
SP-2030,SI-4858,858,wechat,pending,2026-10-22
SP-2031,SI-2896,3138,bank_transfer,pending,2026-09-08
SP-2032,SI-2496,4778,wechat,success,11-09-2025
SP-2033,SI-5588,4643,bank_transfer,failed,27-02-2024
SP-2034,SI-3192,216,alipay,success,2026-07-12
SP-2035,SI-5271,"$2,829.00",wechat,pending,2026-12-27
SP-2036,SI-5718,4673,card,SUCCESS,2025-10-18
SP-2037,SI-5426,"$4,979.00",alipay,SUCCESS,2024-05-21
SP-2038,SI-2281,3845,card,success,2025-10-10
SP-2039,SI-1595,533,alipay,pending,2025-11-23
SP-2040,SI-5552,1079,alipay,pending,2025-10-25
SP-2041,SI-5842,937,alipay,pending,19-05-2025
SP-2042,SI-192,"$4,464.00",alipay,success,05/25/2026
SP-2043,SI-569,3181,bank_transfer,success,2025-07-01
SP-2044,SI-2957,"$4,487.00",alipay,pending,2026-06-24
SP-2045,SI-1587,"$4,787.00",bank_transfer,pending,2025-10-15
SP-2046,SI-3583,1463,card,SUCCESS,12/11/2025
SP-2047,SI-948,"2,464.00",card,success,07-11-2026
SP-2048,SI-5227,2862,alipay,SUCCESS,21-03-2024
SP-2049,SI-3030,$629.00,wechat,pending,2024-08-12
SP-2050,SI-4118,"$2,296.00",bank_transfer,success,04/09/2026
SP-2051,SI-1308,"$3,312.00",bank_transfer,pending,02/09/2024
SP-2052,SI-1980,"2,769.00",wechat,pending,09/10/2026
SP-2053,SI-2344,543,wechat,pending,2026-06-17
SP-2054,SI-154,3732,wechat,pending,05/22/2025
SP-2055,SI-397,716.00,alipay,pending,04-09-2024
SP-2056,SI-3311,"3,107.00",card,SUCCESS,07/23/2024
SP-2057,SI-5281,"2,338.00",bank_transfer,success,2024-02-05
SP-2058,SI-1189,2046,card,SUCCESS,05/06/2024
SP-2059,SI-864,"$4,781.00",bank_transfer,failed,2026-10-14
SP-2060,SI-5566,839,card,SUCCESS,2025-03-02
SP-2061,SI-2533,1357,bank_transfer,SUCCESS,03-07-2026
SP-2062,SI-709,1581,wechat,pending,05/20/2026
SP-2063,SI-1401,"2,785.00",alipay,success,07/28/2026
SP-2064,SI-2410,683,wechat,pending,05/23/2024
SP-2065,SI-733,"$4,051.00",bank_transfer,SUCCESS,2026-05-26
SP-2066,SI-4267,3997,bank_transfer,pending,2025-01-23
SP-2067,SI-3105,"$3,992.00",bank_transfer,pending,21-10-2024
SP-2068,SI-2143,"4,541.00",card,SUCCESS,2024-06-26
SP-2069,SI-4323,3835,alipay,SUCCESS,10/19/2026
SP-2070,SI-990,"3,358.00",wechat,pending,2025-09-11
SP-2071,SI-2405,"4,085.00",card,success,2024-09-04
SP-2072,SI-3154,2626,card,success,2026-04-04
SP-2073,SI-3228,"$4,205.00",bank_transfer,success,17-10-2026
SP-2074,SI-4698,"2,184.00",alipay,pending,04/10/2025
SP-2075,SI-1863,"$4,603.00",card,success,11/01/2024
SP-2076,SI-2884,3751,card,success,01/26/2026
SP-2077,SI-4780,670,card,success,08-11-2024
SP-2078,SI-2451,"1,723.00",card,success,24-02-2026
SP-2079,SI-4621,2284,card,failed,07-06-2026
SP-2080,SI-3109,305.00,alipay,SUCCESS,08-07-2024
SP-2081,SI-296,719,alipay,success,2025-02-15
SP-2082,SI-3134,3157,wechat,success,2025-08-15
SP-2083,SI-4850,3293,card,pending,2026-05-27
SP-2084,SI-546,$938.00,wechat,SUCCESS,2024-02-23
SP-2085,SI-780,3653,wechat,success,2026-08-24
SP-2086,SI-1855,$627.00,alipay,SUCCESS,2024-08-16
SP-2087,SI-4471,2970,bank_transfer,pending,2025-08-11
SP-2088,SI-3058,"$2,080.00",alipay,SUCCESS,20-10-2024
SP-2089,SI-4405,873,alipay,success,2025-07-13
SP-2090,SI-1478,"$3,235.00",card,success,09/21/2025
SP-2091,SI-3026,"$3,103.00",bank_transfer,pending,09/14/2024
SP-2092,SI-3443,3749,card,success,2025-03-09
SP-2093,SI-224,"3,142.00",wechat,failed,2024-05-22
SP-2094,SI-5338,"4,899.00",alipay,success,2025-02-07
SP-2095,SI-2262,"$2,402.00",alipay,SUCCESS,11/13/2026
SP-2096,SI-3250,2008,alipay,SUCCESS,03/13/2025
SP-2097,SI-5804,1924,wechat,success,2025-12-23
SP-2098,SI-1078,3066,card,success,2025-11-22
SP-2099,SI-4214,"4,968.00",alipay,SUCCESS,10/27/2025
SP-2100,SI-2385,1262,alipay,success,10/12/2025
SP-2101,SI-1189,"2,483.00",card,pending,02/06/2026
SP-2102,SI-2934,"$4,775.00",bank_transfer,SUCCESS,01/14/2024
SP-2103,SI-4922,2452,bank_transfer,failed,2026-03-16
SP-2104,SI-4701,516,card,SUCCESS,07/18/2026
SP-2105,SI-1550,"2,311.00",wechat,pending,2026-01-16
SP-2106,SI-451,$259.00,bank_transfer,pending,2026-11-08
SP-2107,SI-5362,"$1,929.00",bank_transfer,pending,2025-06-13
SP-2108,SI-5323,4619,wechat,SUCCESS,2025-12-21
SP-2109,SI-2760,"$3,868.00",card,SUCCESS,21-03-2026
SP-2110,SI-2244,"2,141.00",card,success,2024-06-25
SP-2111,SI-5333,246,bank_transfer,pending,2026-03-03
SP-2112,SI-94,"$3,131.00",bank_transfer,SUCCESS,02-04-2025
SP-2113,SI-3710,$964.00,card,pending,08-10-2026
SP-2114,SI-2558,160,card,pending,19-01-2025
SP-2115,SI-3088,"2,128.00",bank_transfer,success,09/13/2024
SP-2116,SI-1187,3872,alipay,success,2024-07-25
SP-2117,SI-5529,"2,660.00",wechat,SUCCESS,04-05-2025
SP-2118,SI-1963,3084,bank_transfer,success,2024-06-12
SP-2119,SI-4030,1209,card,failed,2024-09-24
SP-2120,SI-5494,"2,294.00",wechat,pending,2025-06-20
SP-2121,SI-3504,3676,wechat,SUCCESS,04/04/2026
SP-2122,SI-572,"$1,606.00",wechat,success,11/03/2026
SP-2123,SI-5339,"2,473.00",bank_transfer,SUCCESS,06/08/2024
SP-2124,SI-4377,3265,bank_transfer,SUCCESS,2026-12-16
SP-2125,SI-2355,798,wechat,pending,04/06/2025
SP-2126,SI-692,4630,card,pending,2025-02-26
SP-2127,SI-4661,2813,card,success,2025-04-27
SP-2128,SI-125,2815,card,pending,2025-09-16
SP-2129,SI-1957,3730,card,pending,23-11-2025
SP-2130,SI-2483,2164,card,pending,03/17/2025
SP-2131,SI-2322,3453,alipay,pending,03/24/2026
SP-2132,SI-5009,1782,alipay,success,06-01-2026
SP-2133,SI-3685,4614,wechat,success,12/16/2026
SP-2134,SI-371,"$2,310.00",alipay,success,05/04/2025
SP-2135,SI-2284,4617,wechat,SUCCESS,16-04-2026
SP-2136,SI-441,1502,bank_transfer,failed,07/27/2024
SP-2137,SI-4426,2712,bank_transfer,success,2024-01-22
SP-2138,SI-5475,"$3,641.00",wechat,pending,22-03-2025
SP-2139,SI-2701,226.00,bank_transfer,pending,13-11-2026
SP-2140,SI-1226,"$2,979.00",bank_transfer,failed,17-02-2025
SP-2141,SI-5760,1032,card,SUCCESS,2024-11-11
SP-2142,SI-4015,1455,alipay,success,2024-10-11
SP-2143,SI-1468,4652,wechat,pending,2024-07-04
SP-2144,SI-109,"$4,553.00",wechat,pending,2024-11-06
SP-2145,SI-3042,"$3,835.00",card,pending,2026-01-03
SP-2146,SI-26,2333,bank_transfer,pending,05-01-2024
SP-2147,SI-5421,"3,116.00",bank_transfer,success,2025-12-25
SP-2148,SI-4241,2154,card,success,2024-03-17
SP-2149,SI-2745,"4,029.00",alipay,SUCCESS,2025-11-24
SP-2150,SI-5825,"2,423.00",bank_transfer,SUCCESS,2026-02-25
SP-2151,SI-3322,3407,alipay,pending,24-06-2024
SP-2152,SI-5742,2885,card,failed,06/08/2026
SP-2153,SI-1519,657,card,SUCCESS,11/22/2024
SP-2154,SI-1688,2093,bank_transfer,success,2025-04-10
SP-2155,SI-3321,4889,wechat,failed,2026-05-28
SP-2156,SI-1213,"$4,017.00",bank_transfer,success,08/01/2024
SP-2157,SI-631,390,wechat,SUCCESS,04/16/2024
SP-2158,SI-3922,"2,514.00",wechat,pending,05-11-2024
SP-2159,SI-4641,"$1,783.00",alipay,pending,2024-03-21
SP-2160,SI-2190,1728,card,pending,2026-07-28
SP-2161,SI-530,"2,917.00",card,pending,12-04-2025
SP-2162,SI-5516,2111,bank_transfer,SUCCESS,2024-07-22
SP-2163,SI-3373,1648,card,success,05/09/2025
SP-2164,SI-824,1778,card,failed,2026-06-02
SP-2165,SI-1149,2773,alipay,SUCCESS,10/08/2025
SP-2166,SI-755,2763,card,SUCCESS,19-12-2026
SP-2167,SI-3895,4379,alipay,pending,15-06-2024
SP-2168,SI-1910,3994,wechat,SUCCESS,2026-09-01
SP-2169,SI-1031,3757,bank_transfer,success,09/02/2025
SP-2170,SI-5531,"$3,187.00",wechat,success,19-08-2024
SP-2171,SI-2822,"3,710.00",card,failed,2025-02-24
SP-2172,SI-4693,"$4,207.00",wechat,success,2025-03-03
SP-2173,SI-2857,269.00,bank_transfer,success,2025-01-16
SP-2174,SI-4015,"$4,135.00",card,SUCCESS,2026-01-22
SP-2175,SI-4563,"1,540.00",wechat,success,2025-10-05
SP-2176,SI-1964,$265.00,bank_transfer,SUCCESS,2025-02-05
SP-2177,SI-3690,1045,bank_transfer,pending,2026-06-05
SP-2178,SI-1951,"$2,303.00",wechat,pending,2026-08-06
SP-2179,SI-1288,3196,wechat,pending,04/15/2024
SP-2180,SI-2194,"$2,506.00",alipay,failed,2025-09-20
SP-2181,SI-2278,"$3,244.00",card,success,2026-11-12
SP-2182,SI-5791,2695,card,success,2024-10-11
SP-2183,SI-3096,$558.00,wechat,success,10/10/2025
SP-2184,SI-1318,3987,card,pending,04/13/2025
SP-2185,SI-4355,754.00,bank_transfer,success,2025-04-23
SP-2186,SI-5161,"1,480.00",alipay,pending,19-12-2025
SP-2187,SI-2712,"2,039.00",bank_transfer,failed,2026-10-17
SP-2188,SI-2633,$465.00,bank_transfer,SUCCESS,09/10/2026
SP-2189,SI-205,3429,wechat,SUCCESS,2024-06-14
SP-2190,SI-2571,2941,alipay,SUCCESS,01/26/2026
SP-2191,SI-4412,"2,703.00",card,pending,2025-07-03
SP-2192,SI-1558,"4,915.00",wechat,pending,11/04/2025
SP-2193,SI-5427,4436,card,success,09/11/2024
SP-2194,SI-5711,3013,bank_transfer,pending,2024-04-26
SP-2195,SI-1001,626,wechat,SUCCESS,07-12-2025
SP-2196,SI-4709,"3,856.00",bank_transfer,pending,2024-06-14
SP-2197,SI-5511,"$3,206.00",card,pending,2024-11-20
SP-2198,SI-721,2053,bank_transfer,SUCCESS,23-07-2025
SP-2199,SI-3923,4054,alipay,success,2025-12-15
SP-2200,SI-1607,"$1,209.00",bank_transfer,success,2025-02-27
SP-2201,SI-1913,1776,bank_transfer,success,09/13/2026
SP-2202,SI-4843,3703,card,failed,05/05/2026
SP-2203,SI-4140,648,bank_transfer,pending,2025-02-24
SP-2204,SI-4111,"2,644.00",card,success,2024-07-16
SP-2205,SI-1698,"2,526.00",alipay,SUCCESS,2025-01-21
SP-2206,SI-4316,1600,card,SUCCESS,2026-05-28
SP-2207,SI-3545,"1,765.00",wechat,success,12/20/2026
SP-2208,SI-2520,4279,alipay,pending,07-04-2026
SP-2209,SI-3996,$441.00,bank_transfer,success,10/11/2025
SP-2210,SI-4840,"2,277.00",alipay,SUCCESS,2024-04-09
SP-2211,SI-2392,4013,alipay,success,04-05-2025
SP-2212,SI-3707,3103,wechat,success,2025-06-08
SP-2213,SI-4000,"$3,177.00",card,SUCCESS,2024-02-02
SP-2214,SI-613,"$4,553.00",card,success,2026-07-26
SP-2215,SI-700,"$2,408.00",wechat,success,2024-03-25
SP-2216,SI-4821,3625,wechat,success,2026-07-01
SP-2217,SI-64,2413,wechat,SUCCESS,2026-11-02
SP-2218,SI-3805,"$2,850.00",card,pending,01/13/2025
SP-2219,SI-3250,2231,alipay,SUCCESS,2026-01-27
SP-2220,SI-699,583.00,bank_transfer,success,2024-12-01
SP-2221,SI-4528,$267.00,alipay,SUCCESS,2024-03-08
SP-2222,SI-3794,523,bank_transfer,success,01/19/2025
SP-2223,SI-3911,3559,alipay,success,2025-12-26
SP-2224,SI-1716,"$2,192.00",bank_transfer,success,11/20/2026
SP-2225,SI-3770,$330.00,wechat,pending,09/10/2024
SP-2226,SI-2772,4079,wechat,failed,2025-04-25
SP-2227,SI-5769,4706,wechat,pending,2024-02-21
SP-2228,SI-116,106.00,card,success,2026-12-18
SP-2229,SI-3472,3917,bank_transfer,SUCCESS,09/06/2026
SP-2230,SI-4570,3372,bank_transfer,SUCCESS,07/16/2025
SP-2231,SI-4626,$910.00,wechat,SUCCESS,2025-08-22
SP-2232,SI-4241,"$1,326.00",alipay,success,02/10/2025
SP-2233,SI-1216,"$3,919.00",alipay,pending,02/06/2026
SP-2234,SI-1479,"1,496.00",bank_transfer,failed,2024-02-19
SP-2235,SI-3317,"4,615.00",card,SUCCESS,2025-02-16
SP-2236,SI-4843,1809,alipay,success,10/25/2024
SP-2237,SI-2793,$508.00,alipay,failed,06/08/2026
SP-2238,SI-1935,4584,bank_transfer,SUCCESS,12/15/2024
SP-2239,SI-3994,"2,793.00",alipay,SUCCESS,2025-09-09
SP-2240,SI-1425,4625,card,SUCCESS,08/26/2025
SP-2241,SI-3479,"3,810.00",alipay,success,25-12-2025
SP-2242,SI-5208,658,alipay,SUCCESS,2024-09-11
SP-2243,SI-5475,485,card,failed,08/20/2024
SP-2244,SI-5157,"$1,271.00",wechat,pending,24-11-2026
SP-2245,SI-3878,"$3,487.00",bank_transfer,SUCCESS,2025-09-18
SP-2246,SI-3538,$748.00,card,pending,2024-11-15
SP-2247,SI-77,"3,202.00",card,pending,2026-04-02
SP-2248,SI-959,$832.00,alipay,pending,2024-09-22
SP-2249,SI-3865,"$4,052.00",card,success,2024-08-04
SP-2250,SI-2028,3657,wechat,SUCCESS,06/20/2026
SP-2251,SI-4840,146.00,alipay,pending,10/20/2026
SP-2252,SI-5646,4573,alipay,pending,2024-10-02
SP-2253,SI-319,"$3,138.00",bank_transfer,SUCCESS,09-09-2026
SP-2254,SI-1164,449.00,bank_transfer,SUCCESS,2025-04-23
SP-2255,SI-493,"$4,281.00",alipay,failed,2026-09-22
SP-2256,SI-4818,"$3,920.00",bank_transfer,pending,2024-09-08
SP-2257,SI-4554,3938,bank_transfer,SUCCESS,09/15/2026
SP-2258,SI-1715,2275,card,pending,2026-04-23
SP-2259,SI-5065,572,card,pending,09/02/2024
SP-2260,SI-2633,1547,wechat,success,2025-10-26
SP-2261,SI-5716,2165,card,pending,05/10/2024
SP-2262,SI-3352,4181,card,SUCCESS,2024-03-07
SP-2263,SI-2592,"$1,258.00",bank_transfer,success,05/04/2026
SP-2264,SI-3580,835.00,card,failed,21-11-2024
SP-2265,SI-3992,1914,wechat,success,10/21/2026
SP-2266,SI-5346,257,alipay,success,20-09-2025
SP-2267,SI-2077,"$1,577.00",bank_transfer,success,2024-05-27
SP-2268,SI-4890,4342,bank_transfer,success,01/21/2025
SP-2269,SI-4693,"2,795.00",card,success,10-11-2026
SP-2270,SI-3360,2892,wechat,failed,2026-04-09
SP-2271,SI-3898,4583,wechat,SUCCESS,02/13/2026
SP-2272,SI-2328,2830,wechat,SUCCESS,2026-11-04
SP-2273,SI-3252,120,bank_transfer,pending,2026-06-05
SP-2274,SI-3119,3714,bank_transfer,pending,06-12-2025
SP-2275,SI-3498,2292,alipay,SUCCESS,05/14/2025
SP-2276,SI-3061,"2,975.00",card,SUCCESS,06/12/2025
SP-2277,SI-5296,2112,bank_transfer,SUCCESS,05/18/2025
SP-2278,SI-5547,4040,alipay,success,2024-04-26
SP-2279,SI-4538,$831.00,alipay,SUCCESS,18-01-2024
SP-2280,SI-767,"3,047.00",bank_transfer,pending,09/27/2024
SP-2281,SI-5350,4354,alipay,SUCCESS,03/20/2025
SP-2282,SI-3450,746,bank_transfer,SUCCESS,2025-12-03
SP-2283,SI-5010,"$4,363.00",bank_transfer,success,2025-12-13
SP-2284,SI-1143,$410.00,bank_transfer,success,2024-06-17
SP-2285,SI-4421,3578,bank_transfer,SUCCESS,15-01-2025
SP-2286,SI-1290,"$1,080.00",card,pending,01/02/2025
SP-2287,SI-3119,"$1,500.00",bank_transfer,SUCCESS,19-02-2026
SP-2288,SI-791,1136,wechat,success,2025-03-12
SP-2289,SI-3880,1524,card,SUCCESS,18-01-2024
SP-2290,SI-4807,"$1,639.00",alipay,SUCCESS,07-12-2024
SP-2291,SI-4661,"$3,898.00",alipay,pending,02/12/2024
SP-2292,SI-2081,806,alipay,success,2026-03-01
SP-2293,SI-4616,"$2,058.00",alipay,SUCCESS,02-07-2025
SP-2294,SI-658,"2,111.00",card,pending,18-11-2026
SP-2295,SI-1461,"$1,495.00",alipay,pending,2025-09-19
SP-2296,SI-758,"1,181.00",wechat,SUCCESS,13-11-2026
SP-2297,SI-1066,"$1,128.00",wechat,pending,2026-08-02
SP-2298,SI-5622,4185,card,SUCCESS,2026-05-22
SP-2299,SI-2526,"$1,639.00",bank_transfer,SUCCESS,05/23/2026
SP-2300,SI-433,3770,card,SUCCESS,11-09-2025
SP-2301,SI-5565,3659,card,pending,2024-03-13
SP-2302,SI-1067,4781,wechat,success,12-10-2026
SP-2303,SI-4314,"$2,206.00",wechat,SUCCESS,2025-06-04
SP-2304,SI-4429,"1,112.00",bank_transfer,success,2026-02-02
SP-2305,SI-971,"$4,168.00",wechat,SUCCESS,08/02/2025
SP-2306,SI-4222,$392.00,wechat,SUCCESS,11/25/2026
SP-2307,SI-677,"4,910.00",wechat,pending,06/01/2026
SP-2308,SI-3353,"3,969.00",card,success,09/04/2024
SP-2309,SI-2645,"$3,097.00",alipay,pending,2025-11-07
SP-2310,SI-3174,4406,bank_transfer,failed,11-07-2024
SP-2311,SI-4947,"$2,861.00",wechat,SUCCESS,2026-02-04
SP-2312,SI-3183,1243,card,pending,15-05-2024
SP-2313,SI-4417,2243,card,success,2025-02-12
SP-2314,SI-781,$385.00,wechat,failed,2024-03-11
SP-2315,SI-1679,203.00,bank_transfer,SUCCESS,2026-10-15
SP-2316,SI-4823,"$3,796.00",card,pending,2026-04-25
SP-2317,SI-664,"$1,642.00",alipay,success,10/26/2024
SP-2318,SI-3141,"$1,960.00",alipay,success,11/14/2024
SP-2319,SI-4792,"$1,640.00",alipay,failed,24-07-2025
SP-2320,SI-3403,"$2,399.00",bank_transfer,SUCCESS,2024-06-18
SP-2321,SI-2054,$452.00,bank_transfer,pending,01/15/2024
SP-2322,SI-5956,4445,bank_transfer,SUCCESS,2026-09-26
SP-2323,SI-5521,"4,026.00",wechat,SUCCESS,09-03-2026
SP-2324,SI-1417,"3,151.00",card,success,2026-02-17
SP-2325,SI-4036,4815,wechat,SUCCESS,02/25/2026
SP-2326,SI-921,"$4,552.00",alipay,SUCCESS,07/06/2024
SP-2327,SI-3026,2316,card,success,2026-06-26
SP-2328,SI-2587,$784.00,alipay,pending,06/07/2024
SP-2329,SI-1036,2811,card,pending,2025-10-09
SP-2330,SI-1744,337.00,bank_transfer,success,2024-06-03
SP-2331,SI-2467,185.00,card,success,08/03/2026
SP-2332,SI-272,1796,wechat,success,2024-10-08
SP-2333,SI-2434,"$1,916.00",bank_transfer,success,13-11-2026
SP-2334,SI-1501,"$2,427.00",bank_transfer,SUCCESS,12/12/2024
SP-2335,SI-773,"$4,918.00",wechat,SUCCESS,08/28/2025
SP-2336,SI-2865,"$3,052.00",wechat,failed,2025-10-05
SP-2337,SI-5304,$827.00,alipay,pending,2024-01-07
SP-2338,SI-5106,"$2,394.00",alipay,failed,09/24/2026
SP-2339,SI-2705,"$1,664.00",card,SUCCESS,04/01/2026
SP-2340,SI-1359,3881,alipay,success,2026-04-05
SP-2341,SI-4079,"$1,187.00",bank_transfer,SUCCESS,10-01-2026
SP-2342,SI-1427,2726,wechat,failed,2025-07-11
SP-2343,SI-571,1087,alipay,SUCCESS,05-10-2024
SP-2344,SI-1120,4720,alipay,SUCCESS,26-09-2026
SP-2345,SI-2384,2715,bank_transfer,SUCCESS,07/16/2026
SP-2346,SI-4154,"3,964.00",wechat,SUCCESS,2024-04-19
SP-2347,SI-1933,"2,621.00",bank_transfer,SUCCESS,03-05-2026
SP-2348,SI-2499,"$1,681.00",card,SUCCESS,2024-07-18
SP-2349,SI-4119,"3,859.00",alipay,success,2024-04-25
SP-2350,SI-722,3091,alipay,pending,11/03/2026
SP-2351,SI-866,"$1,255.00",wechat,pending,07/08/2025
SP-2352,SI-2126,3115,wechat,pending,06-04-2025
SP-2353,SI-598,"$2,438.00",card,failed,08/19/2024
SP-2354,SI-4447,"1,983.00",card,SUCCESS,2024-10-23
SP-2355,SI-3098,"$1,385.00",card,SUCCESS,09-10-2025
SP-2356,SI-2482,4457,card,SUCCESS,10-10-2025
SP-2357,SI-826,3165,bank_transfer,pending,2024-01-22
SP-2358,SI-522,"4,584.00",bank_transfer,SUCCESS,16-08-2025
SP-2359,SI-2179,1806,wechat,pending,21-04-2024
SP-2360,SI-4439,3977,wechat,pending,02/21/2026
SP-2361,SI-2919,"4,290.00",card,pending,2025-12-09
SP-2362,SI-402,"$3,068.00",bank_transfer,success,02/27/2024
SP-2363,SI-2269,2298,card,success,17-10-2024
SP-2364,SI-3666,2241,wechat,success,2026-03-19
SP-2365,SI-2179,4538,alipay,pending,2025-10-17
SP-2366,SI-234,"$3,667.00",alipay,pending,2026-04-06
SP-2367,SI-150,"2,881.00",alipay,success,2025-02-02
SP-2368,SI-347,"1,503.00",card,success,26-12-2026
SP-2369,SI-5007,4916,wechat,SUCCESS,2024-06-24
SP-2370,SI-2448,3390,wechat,pending,07/03/2025
SP-2371,SI-4482,4099,wechat,success,25-11-2026
SP-2372,SI-5066,4346,bank_transfer,pending,2024-10-11
SP-2373,SI-5159,1621,alipay,SUCCESS,2026-12-15
SP-2374,SI-620,$963.00,wechat,success,27-03-2025
SP-2375,SI-4862,"$4,668.00",bank_transfer,pending,13-08-2024
SP-2376,SI-5435,1117,alipay,SUCCESS,2024-09-10
SP-2377,SI-4729,1585,card,pending,05/02/2026
SP-2378,SI-3500,"4,727.00",wechat,SUCCESS,2026-09-07
SP-2379,SI-146,"$4,422.00",wechat,pending,2026-01-18
SP-2380,SI-4741,679.00,card,success,12/14/2026
SP-2381,SI-5131,1087,card,pending,03/27/2026
SP-2382,SI-4121,"3,887.00",card,pending,23-03-2026
SP-2383,SI-5582,1854,alipay,SUCCESS,2025-05-28
SP-2384,SI-4793,"$3,447.00",card,pending,2024-05-20
SP-2385,SI-4614,3647,bank_transfer,SUCCESS,2026-12-20
SP-2386,SI-141,4892,card,SUCCESS,2025-11-17
SP-2387,SI-2312,4464,alipay,pending,2025-06-13
SP-2388,SI-4791,"3,787.00",alipay,pending,2024-08-06
SP-2389,SI-2019,"$1,340.00",bank_transfer,SUCCESS,2025-05-28
SP-2390,SI-2895,1880,card,pending,2024-07-06
SP-2391,SI-4345,3883,wechat,pending,2025-06-13
SP-2392,SI-166,4507,wechat,success,2024-03-04
SP-2393,SI-1157,1430,alipay,success,04/16/2026
SP-2394,SI-3207,"$2,884.00",card,success,03/11/2026
SP-2395,SI-5596,2788,wechat,pending,02-10-2024
SP-2396,SI-2017,1552,wechat,success,2025-06-26
SP-2397,SI-1013,2716,alipay,success,2024-12-23
SP-2398,SI-5454,1953,wechat,failed,2025-02-15
SP-2399,SI-5870,"3,103.00",wechat,failed,2026-03-25
SP-2400,SI-4186,"$2,042.00",card,SUCCESS,09/25/2024
SP-2401,SI-3023,"4,959.00",wechat,success,2026-01-07
SP-2402,SI-4855,4881,card,success,2024-02-22
SP-2403,SI-1221,2130,card,failed,11/10/2024
SP-2404,SI-4209,"3,333.00",card,pending,2025-02-03
SP-2405,SI-2693,"$4,079.00",wechat,SUCCESS,2024-09-20
SP-2406,SI-4280,4598,bank_transfer,SUCCESS,03/01/2024
SP-2407,SI-1155,"$2,708.00",card,success,2026-03-17
SP-2408,SI-4277,"$3,946.00",bank_transfer,pending,2025-06-10
SP-2409,SI-970,669,card,pending,2024-09-26
SP-2410,SI-1805,178,wechat,failed,28-03-2025
SP-2411,SI-3712,2383,bank_transfer,success,06/17/2026
SP-2412,SI-4011,880.00,card,SUCCESS,09/01/2024
SP-2413,SI-823,4232,bank_transfer,success,05/14/2026
SP-2414,SI-2726,$218.00,alipay,success,06-03-2025
SP-2415,SI-820,1132,wechat,success,05/18/2025
SP-2416,SI-2143,858,bank_transfer,pending,05-11-2024
SP-2417,SI-2309,4868,wechat,SUCCESS,03/08/2024
SP-2418,SI-1419,"$1,639.00",wechat,SUCCESS,2026-03-01
SP-2419,SI-3219,"$3,310.00",alipay,success,2025-08-21
SP-2420,SI-5824,1886,alipay,failed,2025-09-24
SP-2421,SI-1094,854,bank_transfer,success,2024-11-13
SP-2422,SI-1718,4669,alipay,success,2026-05-11
SP-2423,SI-5503,1229,wechat,success,2025-01-26
SP-2424,SI-1077,4596,card,pending,2026-10-04
SP-2425,SI-4086,1480,card,success,12/12/2026
SP-2426,SI-230,1000,card,SUCCESS,05-01-2026
SP-2427,SI-1813,1333,card,success,2026-10-06
SP-2428,SI-3046,2171,card,SUCCESS,2026-12-01
SP-2429,SI-3974,"4,112.00",wechat,pending,2025-06-14
SP-2430,SI-464,"$2,012.00",alipay,SUCCESS,27-02-2025
SP-2431,SI-5956,3783,bank_transfer,failed,10/26/2024
SP-2432,SI-2626,1952,wechat,success,10-08-2024
SP-2433,SI-2364,903,wechat,pending,2026-11-01
SP-2434,SI-2215,"2,780.00",bank_transfer,SUCCESS,2024-09-10
SP-2435,SI-2923,"1,429.00",bank_transfer,pending,04-02-2024
SP-2436,SI-5694,"3,288.00",card,pending,26-01-2025
SP-2437,SI-356,2015,wechat,pending,2025-11-10
SP-2438,SI-4456,"2,893.00",card,success,03/17/2024
SP-2439,SI-5565,3622,wechat,pending,08/07/2026
SP-2440,SI-1095,"2,232.00",alipay,pending,2026-04-21
SP-2441,SI-2925,3418,alipay,success,2024-06-02
SP-2442,SI-1259,4411,wechat,failed,06/27/2024
SP-2443,SI-991,2079,alipay,pending,2024-08-24
SP-2444,SI-4942,3705,alipay,success,2024-04-18
SP-2445,SI-2758,"$3,105.00",wechat,pending,2024-05-12
SP-2446,SI-1759,3312,card,pending,2024-09-20
SP-2447,SI-2073,4016,bank_transfer,SUCCESS,2025-11-21
SP-2448,SI-898,"4,204.00",bank_transfer,pending,24-02-2026
SP-2449,SI-4967,3787,wechat,pending,2025-10-20
SP-2450,SI-347,2741,card,success,2024-07-10
SP-2451,SI-1038,"1,442.00",wechat,SUCCESS,03-04-2026
SP-2452,SI-2437,1075,alipay,failed,03/20/2026
SP-2453,SI-2,3751,wechat,pending,01-08-2025
SP-2454,SI-3797,108,wechat,pending,06/19/2025
SP-2455,SI-3657,3393,alipay,pending,2025-04-21
SP-2456,SI-1388,2074,bank_transfer,success,2024-02-12
SP-2457,SI-5756,2514,alipay,pending,2026-12-04
SP-2458,SI-532,"$3,720.00",wechat,success,2026-04-03
SP-2459,SI-3581,"2,962.00",bank_transfer,SUCCESS,21-08-2024
SP-2460,SI-5503,"1,124.00",alipay,success,2024-03-09
SP-2461,SI-5353,"$1,314.00",wechat,pending,2024-06-01
SP-2462,SI-3702,$287.00,wechat,SUCCESS,03/28/2025
SP-2463,SI-1438,"3,390.00",card,pending,21-02-2024
SP-2464,SI-5629,$375.00,wechat,failed,2026-12-01
SP-2465,SI-1895,"3,358.00",bank_transfer,SUCCESS,21-10-2025
SP-2466,SI-848,4747,alipay,success,2024-12-12
SP-2467,SI-3099,2302,wechat,success,24-03-2024
SP-2468,SI-2440,2680,alipay,pending,2024-11-24
SP-2469,SI-1948,3321,wechat,pending,2026-06-22
SP-2470,SI-4371,"$3,075.00",card,SUCCESS,2024-06-05
SP-2471,SI-4811,$701.00,bank_transfer,success,09/26/2025
SP-2472,SI-2706,"1,995.00",alipay,pending,2026-01-07
SP-2473,SI-3683,"4,170.00",alipay,success,2024-12-02
SP-2474,SI-643,4506,bank_transfer,pending,2025-09-16
SP-2475,SI-3985,"1,557.00",alipay,pending,2025-01-09
SP-2476,SI-2270,1042,wechat,success,2026-01-03
SP-2477,SI-5492,"$4,662.00",wechat,pending,2026-05-15
SP-2478,SI-5277,3097,bank_transfer,success,19-10-2026
SP-2479,SI-1045,981,bank_transfer,success,2025-06-08
SP-2480,SI-1966,1200,wechat,failed,03-01-2026
SP-2481,SI-264,738,bank_transfer,success,02/18/2024
SP-2482,SI-5853,1598,bank_transfer,success,10-04-2026
SP-2483,SI-2414,2264,card,SUCCESS,2026-11-26
SP-2484,SI-2277,411,wechat,pending,2026-04-12
SP-2485,SI-4960,4930,card,success,10/05/2024
SP-2486,SI-5203,"4,918.00",wechat,success,12/28/2024
SP-2487,SI-1373,"3,759.00",alipay,pending,2026-12-27
SP-2488,SI-4973,"2,756.00",bank_transfer,failed,24-12-2025
SP-2489,SI-3825,3935,card,SUCCESS,07/02/2026
SP-2490,SI-3055,1890,bank_transfer,pending,12/21/2026
SP-2491,SI-3733,4137,card,pending,2025-03-15
SP-2492,SI-4394,768.00,bank_transfer,failed,2026-06-27
SP-2493,SI-2819,919.00,bank_transfer,success,06-03-2024
SP-2494,SI-1521,4690,wechat,pending,2025-01-05
SP-2495,SI-5054,4916,alipay,SUCCESS,08/16/2025
SP-2496,SI-1549,450,bank_transfer,SUCCESS,2024-01-28
SP-2497,SI-5405,"3,894.00",alipay,pending,23-08-2025
SP-2498,SI-2077,2998,wechat,pending,13-05-2026
SP-2499,SI-4315,1649,card,pending,2024-08-18
SP-2500,SI-3636,2176,alipay,success,07-10-2025
SP-2501,SI-3335,2429,card,pending,2025-07-15
SP-2502,SI-3559,"$3,504.00",alipay,SUCCESS,04/18/2026
SP-2503,SI-2323,2077,bank_transfer,pending,11/03/2024
SP-2504,SI-2586,"$2,460.00",card,pending,2026-09-24
SP-2505,SI-4902,"$3,351.00",bank_transfer,pending,14-04-2024
SP-2506,SI-2530,"$1,471.00",card,pending,17-12-2025
SP-2507,SI-5390,"$4,786.00",bank_transfer,failed,2026-06-18
SP-2508,SI-2467,981,bank_transfer,success,11-09-2026
SP-2509,SI-190,191.00,wechat,success,2024-05-19
SP-2510,SI-533,4652,wechat,SUCCESS,2025-01-14
SP-2511,SI-4332,"$3,463.00",wechat,pending,2024-03-23
SP-2512,SI-3892,"3,038.00",card,SUCCESS,24-08-2024
SP-2513,SI-5487,551,alipay,SUCCESS,07-10-2025
SP-2514,SI-1684,2522,bank_transfer,success,12/05/2024
SP-2515,SI-3828,"$4,494.00",wechat,pending,2025-07-27
SP-2516,SI-1503,"$4,072.00",bank_transfer,SUCCESS,07/25/2026
SP-2517,SI-838,4194,alipay,SUCCESS,18-11-2025
SP-2518,SI-66,"$4,371.00",wechat,failed,2026-08-19
SP-2519,SI-3025,683,wechat,success,2025-02-08
SP-2520,SI-1325,120.00,card,pending,2024-03-25
SP-2521,SI-27,4507,alipay,success,2025-08-12
SP-2522,SI-1218,"$3,380.00",wechat,success,10/25/2025
SP-2523,SI-4547,"1,225.00",alipay,pending,2024-01-17
SP-2524,SI-5381,"2,248.00",alipay,success,2025-11-07
SP-2525,SI-5957,3454,alipay,SUCCESS,2025-04-01
SP-2526,SI-1207,"$1,200.00",alipay,success,01/06/2024
SP-2527,SI-4483,4955,bank_transfer,SUCCESS,2026-02-28
SP-2528,SI-2173,2127,bank_transfer,failed,2025-01-20
SP-2529,SI-4982,"$4,820.00",bank_transfer,pending,07-06-2025
SP-2530,SI-1629,"$3,295.00",bank_transfer,success,2026-07-13
SP-2531,SI-579,2722,alipay,success,2024-05-06
SP-2532,SI-3934,"2,979.00",card,SUCCESS,10-07-2025
SP-2533,SI-602,"4,299.00",card,SUCCESS,2026-09-25
SP-2534,SI-5304,"$3,089.00",wechat,success,10/25/2026
SP-2535,SI-35,2700,card,SUCCESS,08/16/2026
SP-2536,SI-2281,3619,alipay,SUCCESS,2024-09-01
SP-2537,SI-5238,"1,168.00",wechat,pending,2025-07-14
SP-2538,SI-2556,1890,card,SUCCESS,06/22/2026
SP-2539,SI-3721,"4,879.00",bank_transfer,SUCCESS,2026-10-01
SP-2540,SI-2299,3472,alipay,pending,2024-06-19
SP-2541,SI-3771,4444,card,success,11/20/2024
SP-2542,SI-4941,1392,alipay,SUCCESS,04/27/2024
SP-2543,SI-4182,$494.00,card,pending,2026-10-15
SP-2544,SI-3792,"$3,744.00",wechat,success,07/11/2025
SP-2545,SI-1933,3856,alipay,failed,12-11-2025
SP-2546,SI-5777,"$4,180.00",alipay,success,15-12-2025
SP-2547,SI-4331,893,card,failed,12/10/2026
SP-2548,SI-1627,"1,581.00",alipay,success,11/27/2024
SP-2549,SI-2276,1248,card,pending,07-02-2026
SP-2550,SI-1725,4382,wechat,pending,2026-07-01
SP-2551,SI-2666,2621,wechat,SUCCESS,06/08/2026
SP-2552,SI-2049,2933,bank_transfer,failed,2026-06-26
SP-2553,SI-1602,4196,bank_transfer,SUCCESS,2025-01-09
SP-2554,SI-5866,"3,317.00",card,pending,2025-04-11
SP-2555,SI-4008,827.00,alipay,SUCCESS,12/23/2025
SP-2556,SI-3491,3739,wechat,SUCCESS,2024-10-05
SP-2557,SI-58,2188,bank_transfer,pending,2026-09-23
SP-2558,SI-2004,"2,810.00",alipay,SUCCESS,25-04-2026
SP-2559,SI-835,"$2,152.00",wechat,success,04/17/2026
SP-2560,SI-775,$100.00,bank_transfer,success,25-03-2024
SP-2561,SI-5596,948,card,success,07/26/2025
SP-2562,SI-3807,"$3,747.00",alipay,success,2024-02-10
SP-2563,SI-5666,3908,wechat,SUCCESS,10-09-2026
SP-2564,SI-1479,"$1,100.00",alipay,success,03-08-2024
SP-2565,SI-3049,398.00,card,SUCCESS,2026-07-06
SP-2566,SI-4982,1523,alipay,pending,2025-09-21
SP-2567,SI-3903,"$2,978.00",alipay,pending,2026-12-02
SP-2568,SI-4623,"4,486.00",card,success,01/01/2024
SP-2569,SI-3162,4913,card,success,2024-04-08
SP-2570,SI-2948,726,alipay,SUCCESS,11/01/2025
SP-2571,SI-111,"$3,492.00",wechat,pending,2024-06-14
SP-2572,SI-5910,4421,card,success,2025-10-18
SP-2573,SI-4186,"3,850.00",alipay,failed,2025-05-07
SP-2574,SI-4556,"$3,098.00",card,SUCCESS,16-11-2026
SP-2575,SI-5281,764,wechat,pending,22-07-2026
SP-2576,SI-1196,3320,alipay,SUCCESS,2024-09-24
SP-2577,SI-1089,"$2,471.00",bank_transfer,success,07/16/2024
SP-2578,SI-4674,2628,card,pending,2025-07-11
SP-2579,SI-4494,"$3,655.00",bank_transfer,success,2026-11-11
SP-2580,SI-263,4849,card,SUCCESS,04/20/2025
SP-2581,SI-4861,"2,141.00",bank_transfer,SUCCESS,2026-04-08
SP-2582,SI-2913,1862,bank_transfer,pending,13-04-2024
SP-2583,SI-384,2408,bank_transfer,SUCCESS,2025-03-07
SP-2584,SI-4128,2342,wechat,pending,2025-07-28
SP-2585,SI-5940,"$3,897.00",card,success,27-09-2024
SP-2586,SI-3343,"$2,220.00",alipay,SUCCESS,2026-01-11
SP-2587,SI-3436,4676,bank_transfer,SUCCESS,09/12/2026
SP-2588,SI-418,1885,card,success,2025-04-27
SP-2589,SI-3080,1787,bank_transfer,pending,2026-02-09
SP-2590,SI-5965,"3,923.00",bank_transfer,pending,01/13/2024
SP-2591,SI-5104,"$3,540.00",bank_transfer,pending,2024-02-12
SP-2592,SI-3446,2509,alipay,success,04/20/2026
SP-2593,SI-329,"$3,119.00",bank_transfer,success,2026-07-24
SP-2594,SI-44,652.00,alipay,SUCCESS,2026-09-21
SP-2595,SI-3511,"2,874.00",bank_transfer,success,10/27/2024
SP-2596,SI-4979,1551,wechat,SUCCESS,07/19/2025
SP-2597,SI-2647,"1,276.00",wechat,pending,24-06-2025
SP-2598,SI-1762,4710,card,pending,2024-05-18
SP-2599,SI-541,3316,wechat,success,04-08-2026
SP-2600,SI-3797,629,alipay,SUCCESS,2024-06-04
SP-2601,SI-494,"$2,048.00",wechat,success,15-06-2024
SP-2602,SI-3436,"$1,731.00",card,pending,2026-01-18
SP-2603,SI-4987,2837,alipay,pending,2025-04-20
SP-2604,SI-4734,730,bank_transfer,SUCCESS,2024-03-23
SP-2605,SI-580,4164,card,SUCCESS,12/28/2024
SP-2606,SI-1250,3776,card,success,2024-11-25
SP-2607,SI-4126,659,wechat,SUCCESS,22-05-2024
SP-2608,SI-1724,"$2,536.00",card,success,2024-04-02
SP-2609,SI-5693,"$4,863.00",wechat,SUCCESS,01/07/2026
SP-2610,SI-838,"$1,923.00",wechat,success,2026-08-15
SP-2611,SI-2971,"4,553.00",alipay,pending,28-10-2025
SP-2612,SI-687,3633,bank_transfer,SUCCESS,03/15/2024
SP-2613,SI-1233,1835,alipay,SUCCESS,2024-04-01
SP-2614,SI-119,"1,771.00",bank_transfer,pending,2025-08-22
SP-2615,SI-4110,4763,card,failed,2024-07-19
SP-2616,SI-905,3242,wechat,SUCCESS,06/17/2026
SP-2617,SI-3188,"1,906.00",wechat,pending,12/17/2026
SP-2618,SI-2904,779,alipay,success,2024-08-01
SP-2619,SI-673,"$3,981.00",wechat,pending,2024-09-07
SP-2620,SI-2981,"$2,876.00",alipay,success,05/28/2025
SP-2621,SI-1196,2247,card,SUCCESS,2025-01-08
SP-2622,SI-5809,212,bank_transfer,SUCCESS,02/16/2026
SP-2623,SI-4212,"3,803.00",wechat,pending,16-03-2026
SP-2624,SI-5976,4940,wechat,SUCCESS,09/24/2026
SP-2625,SI-4648,4798,wechat,success,2024-11-22
SP-2626,SI-2085,"$3,656.00",wechat,SUCCESS,2024-02-14
SP-2627,SI-4729,"$3,611.00",bank_transfer,SUCCESS,2024-08-17
SP-2628,SI-2927,3869,bank_transfer,pending,2025-04-19
SP-2629,SI-1624,"$1,915.00",bank_transfer,success,12/09/2024
SP-2630,SI-3953,1503,card,failed,03/12/2025
SP-2631,SI-5822,"$4,948.00",alipay,pending,05/02/2026
SP-2632,SI-2111,"$3,425.00",wechat,success,2025-07-26
SP-2633,SI-5304,2070,alipay,SUCCESS,19-09-2026
SP-2634,SI-1685,"$3,509.00",bank_transfer,SUCCESS,2026-09-23
SP-2635,SI-61,"4,080.00",card,pending,03/28/2025
SP-2636,SI-3930,1768,wechat,SUCCESS,03/02/2025
SP-2637,SI-5995,"4,652.00",bank_transfer,pending,10/25/2024
SP-2638,SI-3329,"$2,530.00",bank_transfer,success,2024-07-06
SP-2639,SI-2920,"1,815.00",card,pending,01-12-2025
SP-2640,SI-1637,"3,519.00",card,pending,02/12/2024
SP-2641,SI-1756,3545,card,SUCCESS,2024-06-28
SP-2642,SI-5480,"$2,205.00",alipay,SUCCESS,2024-08-10
SP-2643,SI-3996,"1,515.00",bank_transfer,failed,2024-01-18
SP-2644,SI-5605,685.00,wechat,success,2024-10-11
SP-2645,SI-4418,1657,wechat,pending,11/25/2025
SP-2646,SI-3464,916,wechat,SUCCESS,27-03-2025
SP-2647,SI-1425,668,alipay,pending,19-03-2025
SP-2648,SI-3384,1405,alipay,success,09/24/2026
SP-2649,SI-3933,3066,bank_transfer,pending,11-02-2024
SP-2650,SI-3252,"2,147.00",bank_transfer,pending,02/11/2026
SP-2651,SI-5998,912.00,alipay,SUCCESS,04/19/2024
SP-2652,SI-3090,1211,wechat,success,2024-10-06
SP-2653,SI-2527,3636,alipay,pending,12-07-2024
SP-2654,SI-859,4319,card,success,2025-12-26
SP-2655,SI-5713,4230,card,SUCCESS,2026-01-04
SP-2656,SI-328,"3,999.00",card,SUCCESS,2026-08-25
SP-2657,SI-1794,"2,365.00",card,SUCCESS,23-06-2026
SP-2658,SI-4796,4766,card,pending,12/04/2025
SP-2659,SI-2695,3142,bank_transfer,pending,09/17/2024
SP-2660,SI-3077,"2,920.00",wechat,success,2025-10-24
SP-2661,SI-4838,"3,634.00",wechat,SUCCESS,2024-03-26
SP-2662,SI-4100,"$3,929.00",bank_transfer,SUCCESS,2026-06-28
SP-2663,SI-3870,1092,bank_transfer,success,10/24/2025
SP-2664,SI-1738,$781.00,alipay,SUCCESS,01/11/2026
SP-2665,SI-5024,2632,card,success,27-07-2024
SP-2666,SI-1958,"1,637.00",wechat,pending,2024-11-08
SP-2667,SI-4776,893,bank_transfer,pending,01/27/2024
SP-2668,SI-3009,3904,card,SUCCESS,2025-05-09
SP-2669,SI-2947,1110,bank_transfer,success,09/16/2026
SP-2670,SI-1262,3342,card,SUCCESS,04/15/2024
SP-2671,SI-5514,1120,wechat,pending,2026-09-19
SP-2672,SI-1364,"$3,276.00",wechat,failed,2024-12-04
SP-2673,SI-5127,"$4,878.00",bank_transfer,success,2026-03-26
SP-2674,SI-37,"$1,295.00",wechat,pending,08/17/2024
SP-2675,SI-1366,4617,wechat,failed,2026-08-16
SP-2676,SI-3171,"2,430.00",bank_transfer,success,03/11/2025
SP-2677,SI-904,3320,alipay,failed,2024-09-22
SP-2678,SI-440,2029,wechat,SUCCESS,01/07/2024
SP-2679,SI-398,"$1,690.00",alipay,SUCCESS,23-09-2026
SP-2680,SI-2473,"$3,480.00",wechat,success,2024-10-01
SP-2681,SI-1407,"$2,315.00",bank_transfer,failed,12-05-2024
SP-2682,SI-2856,"$1,562.00",alipay,pending,2024-04-11
SP-2683,SI-1834,2141,alipay,success,2025-06-15
SP-2684,SI-3663,"4,075.00",bank_transfer,success,2024-12-17
SP-2685,SI-1491,4587,card,success,2025-04-04
SP-2686,SI-339,824,bank_transfer,pending,08/16/2025
SP-2687,SI-3034,743,alipay,pending,2024-08-11
SP-2688,SI-823,"$1,476.00",alipay,success,2024-07-26
SP-2689,SI-4687,2067,bank_transfer,success,03/04/2024
SP-2690,SI-4838,816,alipay,pending,2026-08-23
SP-2691,SI-375,3465,alipay,SUCCESS,2024-01-09
SP-2692,SI-4038,"$4,598.00",bank_transfer,pending,01-05-2026
SP-2693,SI-3449,"$2,501.00",bank_transfer,failed,04-07-2024
SP-2694,SI-920,"$2,100.00",bank_transfer,SUCCESS,07/06/2026
SP-2695,SI-77,"$1,429.00",bank_transfer,SUCCESS,12/27/2024
SP-2696,SI-1711,"2,555.00",bank_transfer,success,10/18/2025
SP-2697,SI-4760,1581,wechat,success,10/28/2025
SP-2698,SI-1871,643,alipay,SUCCESS,01/05/2025
SP-2699,SI-3146,"2,738.00",alipay,failed,07/16/2026
SP-2700,SI-4496,"$2,394.00",alipay,SUCCESS,02-12-2026
SP-2701,SI-1427,"3,287.00",card,SUCCESS,2024-08-21
SP-2702,SI-4436,3401,wechat,success,2026-11-22
SP-2703,SI-3666,1202,wechat,success,10-06-2025
SP-2704,SI-4120,"4,636.00",alipay,success,2026-03-10
SP-2705,SI-5997,1093,alipay,success,2026-08-18
SP-2706,SI-5612,2419,alipay,success,13-03-2025
SP-2707,SI-4364,"1,377.00",alipay,pending,2024-06-19
SP-2708,SI-875,2235,alipay,SUCCESS,10/15/2026
SP-2709,SI-609,954,bank_transfer,success,2024-09-17
SP-2710,SI-1164,1400,wechat,pending,2025-01-08
SP-2711,SI-4158,2952,bank_transfer,success,21-09-2026
SP-2712,SI-3642,4557,bank_transfer,SUCCESS,07/08/2024
SP-2713,SI-336,"$1,904.00",bank_transfer,pending,2025-05-23
SP-2714,SI-3828,"1,528.00",bank_transfer,SUCCESS,15-02-2024
SP-2715,SI-467,"4,551.00",wechat,SUCCESS,08/26/2024
SP-2716,SI-4697,2492,wechat,success,2026-12-01
SP-2717,SI-257,272.00,bank_transfer,SUCCESS,04-06-2024
SP-2718,SI-775,537,alipay,success,2026-07-04
SP-2719,SI-424,"2,048.00",card,success,09/18/2025
SP-2720,SI-1735,"$2,714.00",bank_transfer,SUCCESS,06/21/2024
SP-2721,SI-5040,4219,wechat,pending,2024-09-24
SP-2722,SI-2588,2472,wechat,pending,10/14/2024
SP-2723,SI-4155,"$4,292.00",alipay,pending,2024-04-25
SP-2724,SI-158,"$3,545.00",bank_transfer,success,02-12-2026
SP-2725,SI-5767,"$4,707.00",card,pending,24-07-2025
SP-2726,SI-1551,296.00,card,pending,10-08-2025
SP-2727,SI-5461,"$4,136.00",bank_transfer,pending,2024-12-07
SP-2728,SI-1649,856,wechat,pending,19-04-2025
SP-2729,SI-894,"$3,375.00",alipay,success,02/22/2026
SP-2730,SI-4513,4772,bank_transfer,pending,07/22/2026
SP-2731,SI-5617,3038,wechat,pending,10/05/2025
SP-2732,SI-3893,3357,bank_transfer,SUCCESS,03-12-2026
SP-2733,SI-3179,262,wechat,SUCCESS,2024-03-23
SP-2734,SI-2420,"$1,555.00",card,success,2025-02-14
SP-2735,SI-4428,"1,894.00",alipay,SUCCESS,10/05/2025
SP-2736,SI-1125,"$1,615.00",alipay,pending,08/20/2026
SP-2737,SI-4824,$877.00,alipay,success,2024-02-23
SP-2738,SI-316,"2,830.00",card,pending,05/24/2026
SP-2739,SI-748,3638,alipay,success,28-05-2026
SP-2740,SI-4234,"$4,550.00",wechat,failed,03-09-2026
SP-2741,SI-315,1938,wechat,SUCCESS,2025-11-14
SP-2742,SI-2047,2412,wechat,success,09/18/2026
SP-2743,SI-5983,678,bank_transfer,pending,12/20/2024
SP-2744,SI-727,4994,alipay,success,08/04/2026
SP-2745,SI-685,"$2,868.00",alipay,SUCCESS,2026-11-28
SP-2746,SI-3200,4149,wechat,success,2024-04-05
SP-2747,SI-1052,3059,card,pending,28-11-2024
SP-2748,SI-4745,2134,bank_transfer,pending,2026-12-21
SP-2749,SI-4928,2392,card,SUCCESS,2026-07-14
SP-2750,SI-27,818,alipay,success,28-01-2026
SP-2751,SI-4829,"$3,277.00",card,SUCCESS,2025-01-22
SP-2752,SI-106,"$2,372.00",card,SUCCESS,14-07-2026
SP-2753,SI-1715,"1,801.00",card,SUCCESS,08-12-2025
SP-2754,SI-4710,3856,alipay,success,09/15/2026
SP-2755,SI-938,"$2,978.00",card,pending,07/28/2025
SP-2756,SI-2059,2808,wechat,SUCCESS,05/10/2025
SP-2757,SI-1448,484.00,card,SUCCESS,2026-11-07
SP-2758,SI-4289,2603,bank_transfer,SUCCESS,08/08/2026
SP-2759,SI-3795,255.00,card,success,2026-06-06
SP-2760,SI-2394,1797,card,pending,2024-09-03
SP-2761,SI-3887,"$1,226.00",alipay,failed,20-02-2026
SP-2762,SI-227,4351,wechat,failed,2024-01-28
SP-2763,SI-4606,4479,wechat,success,2025-01-10
SP-2764,SI-781,"1,712.00",wechat,success,2024-03-11
SP-2765,SI-5021,"4,589.00",alipay,SUCCESS,06/23/2026
SP-2766,SI-396,491,card,success,2025-05-23
SP-2767,SI-4373,617,alipay,failed,18-01-2024
SP-2768,SI-3793,"$2,516.00",card,success,06-08-2026
SP-2769,SI-564,"$4,700.00",card,success,22-10-2025
SP-2770,SI-1292,"$1,159.00",bank_transfer,failed,2026-07-06
SP-2771,SI-2848,531.00,wechat,pending,2025-05-23
SP-2772,SI-4683,"4,669.00",alipay,SUCCESS,2025-02-01
SP-2773,SI-2108,"$2,191.00",wechat,SUCCESS,2026-11-10
SP-2774,SI-3447,"$3,908.00",card,SUCCESS,2025-08-22
SP-2775,SI-5494,"$1,096.00",alipay,pending,2026-08-10
SP-2776,SI-1268,"2,440.00",alipay,success,2025-12-15
SP-2777,SI-3432,"4,419.00",card,SUCCESS,11/24/2025
SP-2778,SI-935,"1,340.00",card,pending,2024-11-06
SP-2779,SI-2592,"$4,956.00",bank_transfer,pending,09/19/2024
SP-2780,SI-4186,3503,wechat,pending,2025-12-18
SP-2781,SI-3904,"$3,101.00",alipay,pending,2025-03-25
SP-2782,SI-1001,1957,card,pending,2025-07-27
SP-2783,SI-5788,4060,wechat,pending,01/14/2025
SP-2784,SI-2313,173,bank_transfer,pending,2025-12-11
SP-2785,SI-3590,462,alipay,SUCCESS,2025-06-01
SP-2786,SI-5345,"$3,180.00",alipay,SUCCESS,2024-06-20
SP-2787,SI-1508,"1,870.00",alipay,SUCCESS,2025-03-28
SP-2788,SI-663,3663,alipay,SUCCESS,2026-04-14
SP-2789,SI-4225,4168,bank_transfer,SUCCESS,06/15/2024
SP-2790,SI-3331,456,card,SUCCESS,08/15/2026
SP-2791,SI-3707,"$4,953.00",wechat,failed,2025-09-16
SP-2792,SI-1839,"2,757.00",alipay,SUCCESS,2026-01-24
SP-2793,SI-3045,1831,card,success,2026-03-16
SP-2794,SI-4028,"$4,504.00",card,success,02/16/2026
SP-2795,SI-2918,"$1,179.00",wechat,success,2025-06-04
SP-2796,SI-1387,"$3,340.00",bank_transfer,SUCCESS,2024-07-11
SP-2797,SI-3429,"$4,626.00",alipay,success,2024-02-03
SP-2798,SI-305,4080,bank_transfer,pending,12/13/2024
SP-2799,SI-1789,2539,alipay,pending,19-12-2026
SP-2800,SI-483,"$2,275.00",card,pending,2026-04-01
SP-2801,SI-1646,1871,bank_transfer,success,2026-01-13
SP-2802,SI-3809,"$1,960.00",bank_transfer,failed,22-04-2026
SP-2803,SI-778,"3,864.00",card,success,12-08-2026
SP-2804,SI-1293,3981,bank_transfer,success,20-01-2025
SP-2805,SI-2759,"4,445.00",alipay,success,07-11-2024
SP-2806,SI-5034,352.00,alipay,failed,05/01/2025
SP-2807,SI-4365,"$3,502.00",bank_transfer,success,2024-11-09
SP-2808,SI-4989,4178,bank_transfer,SUCCESS,2026-02-15
SP-2809,SI-4512,1138,wechat,success,04/25/2025
SP-2810,SI-3032,1105,alipay,pending,2025-06-07
SP-2811,SI-865,"$2,899.00",card,SUCCESS,14-09-2024
SP-2812,SI-1640,4881,card,SUCCESS,12/05/2025
SP-2813,SI-1910,"3,380.00",bank_transfer,SUCCESS,09/13/2026
SP-2814,SI-2947,2502,alipay,pending,2024-03-19
SP-2815,SI-3251,3747,bank_transfer,pending,26-06-2024
SP-2816,SI-4702,812,alipay,success,2025-03-07
SP-2817,SI-2664,2905,alipay,pending,2025-04-09
SP-2818,SI-3703,"$4,640.00",card,SUCCESS,21-09-2024
SP-2819,SI-4401,"2,748.00",bank_transfer,success,05/05/2024
SP-2820,SI-2129,3085,alipay,pending,27-10-2026
SP-2821,SI-1526,4751,wechat,SUCCESS,10/27/2024
SP-2822,SI-77,3246,wechat,pending,2025-05-18
SP-2823,SI-2127,"$2,775.00",card,pending,05/24/2025
SP-2824,SI-3671,992.00,alipay,SUCCESS,04/14/2024
SP-2825,SI-274,"3,923.00",alipay,failed,19-12-2024
SP-2826,SI-1933,1727,card,SUCCESS,2025-08-03
SP-2827,SI-5320,"$1,508.00",alipay,success,2026-04-10
SP-2828,SI-3814,"$3,230.00",wechat,pending,10-12-2024
SP-2829,SI-138,"2,651.00",bank_transfer,SUCCESS,2024-02-28
SP-2830,SI-3032,990.00,wechat,SUCCESS,04/21/2026
SP-2831,SI-5534,2637,wechat,SUCCESS,2025-02-18
SP-2832,SI-4386,"$4,256.00",alipay,SUCCESS,2024-05-18
SP-2833,SI-3346,944,wechat,success,2026-02-07
SP-2834,SI-1529,4484,alipay,success,02-07-2024
SP-2835,SI-3832,"$2,506.00",bank_transfer,SUCCESS,23-05-2025
SP-2836,SI-2079,4271,bank_transfer,SUCCESS,2026-04-13
SP-2837,SI-2945,3926,wechat,pending,2025-05-23
SP-2838,SI-2822,"3,917.00",bank_transfer,SUCCESS,2025-08-07
SP-2839,SI-1400,"1,973.00",wechat,failed,26-01-2024
SP-2840,SI-2512,4048,card,success,15-10-2026
SP-2841,SI-2114,4540,wechat,pending,03/17/2026
SP-2842,SI-3248,"1,867.00",alipay,success,2026-10-18
SP-2843,SI-4880,"$3,414.00",wechat,pending,06/20/2025
SP-2844,SI-3018,319,alipay,pending,2024-04-16
SP-2845,SI-5173,"1,580.00",alipay,SUCCESS,2026-06-19
SP-2846,SI-4070,4048,wechat,failed,04-09-2024
SP-2847,SI-1375,1058,bank_transfer,SUCCESS,2026-09-19
SP-2848,SI-3195,1875,alipay,pending,2025-02-01
SP-2849,SI-309,"3,373.00",alipay,success,07-03-2024
SP-2850,SI-5822,1428,alipay,pending,2025-09-18
SP-2851,SI-5587,"$2,709.00",wechat,pending,2024-11-06
SP-2852,SI-2563,2024,card,success,01/26/2026
SP-2853,SI-4259,1877,bank_transfer,SUCCESS,11/26/2024
SP-2854,SI-3510,3010,bank_transfer,success,08/08/2026
SP-2855,SI-384,$971.00,wechat,failed,2026-02-14
SP-2856,SI-4212,302,card,success,2025-03-12
SP-2857,SI-5333,"$1,500.00",card,success,2026-08-27
SP-2858,SI-5215,4578,alipay,success,2026-06-05
SP-2859,SI-3534,"$2,927.00",bank_transfer,pending,2026-12-03
SP-2860,SI-5495,1424,bank_transfer,pending,25-06-2026
SP-2861,SI-1638,727,card,pending,2024-02-17
SP-2862,SI-526,303,card,pending,04-07-2026
SP-2863,SI-4874,964,wechat,SUCCESS,02/08/2025
SP-2864,SI-4431,2780,bank_transfer,pending,08/23/2025
SP-2865,SI-2084,3056,bank_transfer,SUCCESS,26-11-2026
SP-2866,SI-5387,2009,bank_transfer,SUCCESS,10/23/2025
SP-2867,SI-1612,1299,wechat,pending,04/25/2025
SP-2868,SI-4429,2109,bank_transfer,pending,2025-10-17
SP-2869,SI-3844,$706.00,alipay,success,2025-01-27
SP-2870,SI-5290,"3,697.00",bank_transfer,success,2025-09-06
SP-2871,SI-3640,1608,bank_transfer,success,2026-09-17
SP-2872,SI-1226,"2,234.00",alipay,success,01/21/2024
SP-2873,SI-4367,1587,wechat,success,09/28/2024
SP-2874,SI-393,$914.00,alipay,SUCCESS,07/22/2024
SP-2875,SI-4440,1300,alipay,pending,2025-01-24
SP-2876,SI-4413,1107,bank_transfer,success,2026-12-08
SP-2877,SI-1519,548,alipay,SUCCESS,2026-05-18
SP-2878,SI-1279,569.00,wechat,pending,17-06-2024
SP-2879,SI-113,2917,card,failed,2025-10-11
SP-2880,SI-247,309,wechat,SUCCESS,11/17/2026
SP-2881,SI-1241,2419,card,SUCCESS,2024-08-28
SP-2882,SI-1389,4687,bank_transfer,pending,01/02/2026
SP-2883,SI-5335,"$2,887.00",wechat,success,03/25/2025
SP-2884,SI-4712,4796,alipay,pending,16-07-2026
SP-2885,SI-3822,"$3,120.00",card,pending,2025-11-20
SP-2886,SI-455,779,alipay,SUCCESS,2025-07-01
SP-2887,SI-1648,1217,wechat,SUCCESS,20-04-2024
SP-2888,SI-1071,2985,card,success,02/19/2026
SP-2889,SI-5537,3737,wechat,success,08/07/2025
SP-2890,SI-4668,3020,alipay,success,09/02/2026
SP-2891,SI-4525,4234,alipay,SUCCESS,15-01-2025
SP-2892,SI-4032,"$1,262.00",bank_transfer,pending,10/24/2025
SP-2893,SI-3442,3926,bank_transfer,SUCCESS,2024-11-18
SP-2894,SI-760,544,bank_transfer,pending,2024-11-20
SP-2895,SI-1631,1756,card,SUCCESS,04/06/2026
SP-2896,SI-4085,171.00,card,success,05-09-2026
SP-2897,SI-1558,4904,alipay,pending,2026-03-12
SP-2898,SI-3435,3784,alipay,pending,2025-06-19
SP-2899,SI-5732,2765,bank_transfer,success,2026-09-23
SP-2900,SI-2115,701,card,failed,12/20/2026
SP-2901,SI-1591,"$1,060.00",card,SUCCESS,03/13/2025
SP-2902,SI-2010,"$3,341.00",alipay,failed,2026-04-12
SP-2903,SI-1118,1168,wechat,success,2026-02-08
SP-2904,SI-4318,2252,bank_transfer,success,02/27/2025
SP-2905,SI-4609,4030,alipay,success,2024-09-25
SP-2906,SI-2928,$191.00,card,SUCCESS,02/08/2025
SP-2907,SI-5285,1028,card,pending,2026-03-25
SP-2908,SI-1517,"$1,702.00",wechat,success,10/02/2024
SP-2909,SI-1022,"$3,193.00",bank_transfer,SUCCESS,28-11-2026
SP-2910,SI-4037,851,bank_transfer,pending,2026-07-27
SP-2911,SI-5958,3838,wechat,failed,2026-12-27
SP-2912,SI-241,932,card,success,2026-08-25
SP-2913,SI-934,"4,645.00",bank_transfer,pending,2024-09-03
SP-2914,SI-4012,$200.00,wechat,success,2026-03-27
SP-2915,SI-3697,"$4,355.00",card,pending,08/04/2025
SP-2916,SI-3123,706,card,SUCCESS,14-10-2026
SP-2917,SI-3014,"$2,323.00",alipay,pending,05/17/2024
SP-2918,SI-848,3850,wechat,failed,24-06-2026
SP-2919,SI-5859,1160,bank_transfer,SUCCESS,2026-04-23
SP-2920,SI-5909,"1,577.00",bank_transfer,success,2025-07-06
SP-2921,SI-2010,"$4,947.00",wechat,SUCCESS,25-04-2025
SP-2922,SI-4446,2209,card,success,2026-05-20
SP-2923,SI-2939,"$1,374.00",wechat,SUCCESS,2025-05-07
SP-2924,SI-5599,"$4,307.00",bank_transfer,success,2025-08-14
SP-2925,SI-1168,484.00,bank_transfer,success,2025-04-14
SP-2926,SI-78,"2,330.00",alipay,pending,2026-12-02
SP-2927,SI-679,$690.00,wechat,success,2026-12-09
SP-2928,SI-5888,"$2,045.00",wechat,SUCCESS,08/21/2025
SP-2929,SI-1962,1035,card,success,07-12-2024
SP-2930,SI-5868,3878,bank_transfer,SUCCESS,2024-07-10
SP-2931,SI-2716,$730.00,card,failed,2026-10-28
SP-2932,SI-4272,2306,bank_transfer,failed,2025-11-07
SP-2933,SI-924,2637,card,SUCCESS,09-01-2025
SP-2934,SI-5505,"3,360.00",bank_transfer,SUCCESS,2025-05-05
SP-2935,SI-1072,"$2,634.00",card,success,10/07/2026
SP-2936,SI-3883,4730,bank_transfer,success,05/04/2026
SP-2937,SI-5711,"$2,533.00",wechat,pending,2024-12-15
SP-2938,SI-5098,"$1,621.00",bank_transfer,success,2024-08-22
SP-2939,SI-2017,2635,alipay,success,2026-08-03
SP-2940,SI-3886,"$1,003.00",alipay,pending,11/07/2026
SP-2941,SI-254,"$2,091.00",bank_transfer,pending,26-07-2026
SP-2942,SI-49,"$1,545.00",alipay,pending,2024-09-28
SP-2943,SI-5716,"$1,327.00",card,failed,02-12-2026
SP-2944,SI-501,$326.00,card,SUCCESS,04-06-2024
SP-2945,SI-5285,"$3,800.00",wechat,success,2025-08-27
SP-2946,SI-3443,3399,alipay,success,10/17/2024
SP-2947,SI-1528,"2,986.00",card,success,2025-11-17
SP-2948,SI-4641,313,card,success,27-09-2025
SP-2949,SI-217,"$4,053.00",alipay,pending,2026-04-16
SP-2950,SI-2787,2054,card,pending,09-05-2025
SP-2951,SI-2562,"$1,859.00",bank_transfer,SUCCESS,2026-02-06
SP-2952,SI-1977,"2,795.00",card,success,2025-09-14
SP-2953,SI-4392,"$3,972.00",bank_transfer,pending,2025-08-05
SP-2954,SI-3782,2482,alipay,SUCCESS,2025-02-22
SP-2955,SI-2807,"$2,773.00",bank_transfer,pending,2025-04-25
SP-2956,SI-4709,4058,bank_transfer,pending,08/26/2024
SP-2957,SI-3699,$682.00,bank_transfer,SUCCESS,10/06/2025
SP-2958,SI-3104,"$3,651.00",alipay,success,2026-05-12
SP-2959,SI-145,2062,bank_transfer,pending,2026-09-16
SP-2960,SI-4115,"1,852.00",bank_transfer,pending,08/08/2026
SP-2961,SI-4620,$212.00,card,SUCCESS,09/24/2026
SP-2962,SI-2439,726,wechat,failed,2026-05-17
SP-2963,SI-5604,2402,wechat,success,2025-01-01
SP-2964,SI-3062,"$4,748.00",card,pending,07-08-2024
SP-2965,SI-4095,"$1,856.00",card,failed,12/02/2025
SP-2966,SI-4264,"4,618.00",wechat,success,2024-08-07
SP-2967,SI-1963,3228,wechat,pending,2026-07-05
SP-2968,SI-5932,2446,wechat,pending,2024-03-22
SP-2969,SI-2783,$941.00,card,SUCCESS,2024-10-25
SP-2970,SI-377,"$1,228.00",wechat,SUCCESS,2024-03-11
SP-2971,SI-4866,1577,card,SUCCESS,2025-03-23
SP-2972,SI-4835,"$2,109.00",bank_transfer,success,2026-03-21
SP-2973,SI-5837,"2,719.00",alipay,pending,11-06-2026
SP-2974,SI-3604,3728,wechat,pending,2026-12-09
SP-2975,SI-3079,"1,424.00",wechat,SUCCESS,2025-06-15
SP-2976,SI-5529,272,card,failed,2024-03-10
SP-2977,SI-2740,"4,808.00",bank_transfer,pending,06-08-2026
SP-2978,SI-1420,1772,bank_transfer,success,19-01-2024
SP-2979,SI-288,"1,129.00",bank_transfer,SUCCESS,10/21/2026
SP-2980,SI-5079,4413,bank_transfer,pending,2024-10-20
SP-2981,SI-956,"$2,622.00",alipay,pending,2025-09-27
SP-2982,SI-338,649,card,pending,09-01-2024
SP-2983,SI-1221,"$1,875.00",card,SUCCESS,15-12-2026
SP-2984,SI-4954,656,card,failed,2025-01-05
SP-2985,SI-5067,"3,728.00",wechat,success,2026-06-01
SP-2986,SI-165,1049,card,pending,2024-12-25
SP-2987,SI-3679,1796,wechat,SUCCESS,16-02-2024
SP-2988,SI-802,"3,742.00",card,success,2025-10-25
SP-2989,SI-1132,2928,bank_transfer,pending,2025-12-23
SP-2990,SI-2726,4862,wechat,failed,07/26/2026
SP-2991,SI-1728,"$4,228.00",alipay,pending,2024-03-14
SP-2992,SI-62,1508,card,pending,2025-04-15
SP-2993,SI-4911,"$1,675.00",wechat,success,06/20/2026
SP-2994,SI-387,$979.00,card,SUCCESS,2025-07-16
SP-2995,SI-1661,1721,alipay,failed,09/22/2024
SP-2996,SI-3902,"$4,708.00",bank_transfer,success,2024-10-14
SP-2997,SI-4667,"1,963.00",card,success,2025-11-01
SP-2998,SI-4299,4032,wechat,SUCCESS,2026-03-20
SP-2999,SI-4627,"$3,832.00",alipay,SUCCESS,2026-05-10
SP-3000,SI-2080,2197,card,pending,09/08/2026
SP-3001,SI-1793,3622,alipay,SUCCESS,2026-03-21
SP-3002,SI-200,"2,531.00",bank_transfer,pending,2025-11-19
SP-3003,SI-5005,$250.00,card,SUCCESS,03-02-2025
SP-3004,SI-4293,$119.00,alipay,failed,10/27/2026
SP-3005,SI-3583,402,bank_transfer,success,03/26/2025
SP-3006,SI-2999,4522,alipay,SUCCESS,12/23/2024
SP-3007,SI-3331,"3,208.00",card,success,25-07-2026
SP-3008,SI-5623,1143,card,pending,17-03-2024
SP-3009,SI-860,890,card,success,01/23/2026
SP-3010,SI-452,$978.00,alipay,pending,06/14/2024
SP-3011,SI-2168,1999,wechat,pending,03/22/2025
SP-3012,SI-447,"4,534.00",wechat,pending,2024-04-04
SP-3013,SI-927,"$4,308.00",card,SUCCESS,2024-04-17
SP-3014,SI-204,"3,647.00",bank_transfer,SUCCESS,01-07-2024
SP-3015,SI-5462,4875,card,success,06/04/2024
SP-3016,SI-5824,3333,wechat,success,10/02/2025
SP-3017,SI-3380,1607,bank_transfer,pending,17-06-2024
SP-3018,SI-2928,1301,alipay,failed,11/06/2024
SP-3019,SI-4923,4281,bank_transfer,pending,2026-04-21
SP-3020,SI-3151,"3,218.00",bank_transfer,pending,04/26/2026
SP-3021,SI-2903,"$1,883.00",alipay,SUCCESS,08/28/2025
SP-3022,SI-5513,502,wechat,SUCCESS,28-08-2024
SP-3023,SI-1312,4667,alipay,pending,2024-04-27
SP-3024,SI-1288,1977,alipay,pending,04/24/2024
SP-3025,SI-317,1808,card,pending,03/05/2026
SP-3026,SI-440,"$1,445.00",wechat,SUCCESS,2026-05-09
SP-3027,SI-3320,2729,bank_transfer,SUCCESS,2026-03-16
SP-3028,SI-3552,"$4,258.00",wechat,SUCCESS,05/17/2026
SP-3029,SI-1452,3294,alipay,pending,15-06-2024
SP-3030,SI-3025,"3,065.00",card,SUCCESS,2026-09-03
SP-3031,SI-566,"4,018.00",alipay,SUCCESS,12/25/2026
SP-3032,SI-5464,"3,711.00",bank_transfer,SUCCESS,10/16/2025
SP-3033,SI-3376,1878,alipay,pending,10-09-2026
SP-3034,SI-4844,$130.00,alipay,success,05-01-2025
SP-3035,SI-944,4017,card,pending,09/22/2026
SP-3036,SI-1990,"4,384.00",wechat,failed,06/19/2026
SP-3037,SI-4366,"1,550.00",card,SUCCESS,01/05/2024
SP-3038,SI-2092,"2,962.00",card,success,2025-09-01
SP-3039,SI-1776,314,wechat,pending,2026-11-28
SP-3040,SI-1520,4434,alipay,success,12/14/2024
SP-3041,SI-2308,3161,wechat,success,2024-01-17
SP-3042,SI-803,"$2,126.00",wechat,pending,2024-03-19
SP-3043,SI-4971,2722,bank_transfer,pending,11/06/2024
SP-3044,SI-1684,4946,wechat,success,21-07-2025
SP-3045,SI-3312,"4,063.00",alipay,pending,2024-06-22
SP-3046,SI-5974,"$4,796.00",card,pending,08/11/2024
SP-3047,SI-4244,471,bank_transfer,pending,12-07-2024
SP-3048,SI-46,2466,wechat,pending,16-08-2025
SP-3049,SI-4989,838,wechat,success,06/06/2024
SP-3050,SI-369,4062,card,SUCCESS,06/12/2025
SP-3051,SI-5400,970.00,alipay,success,05/03/2024
SP-3052,SI-221,943,card,pending,12-11-2024
SP-3053,SI-2462,4527,wechat,success,05/05/2024
SP-3054,SI-5983,372,alipay,pending,2025-08-07
SP-3055,SI-1739,"2,167.00",alipay,pending,2026-12-25
SP-3056,SI-3800,3522,alipay,success,2026-08-01
SP-3057,SI-71,1021,wechat,pending,2024-07-08
SP-3058,SI-699,"2,602.00",bank_transfer,pending,2026-07-04
SP-3059,SI-4987,389.00,bank_transfer,pending,08/18/2026
SP-3060,SI-1532,"$4,862.00",wechat,pending,2024-10-21
SP-3061,SI-5769,"$4,396.00",card,pending,13-12-2024
SP-3062,SI-4229,3692,bank_transfer,failed,08/06/2026
SP-3063,SI-4409,905,card,pending,2025-09-09
SP-3064,SI-3027,2698,card,SUCCESS,2024-06-21
SP-3065,SI-5447,2133,bank_transfer,pending,05/17/2024
SP-3066,SI-2842,"$2,677.00",alipay,SUCCESS,05/01/2024
SP-3067,SI-2450,3697,bank_transfer,pending,2024-08-04
SP-3068,SI-5485,1231,alipay,success,02/22/2025
SP-3069,SI-2496,"$3,000.00",wechat,pending,2024-10-27
SP-3070,SI-4712,3794,alipay,success,04/01/2025
SP-3071,SI-2898,"4,758.00",wechat,SUCCESS,19-10-2026
SP-3072,SI-3100,1648,alipay,pending,06/12/2025
SP-3073,SI-1746,4612,card,SUCCESS,04/18/2025
SP-3074,SI-2475,1705,wechat,SUCCESS,2026-12-16
SP-3075,SI-3468,4500,card,failed,2024-07-06
SP-3076,SI-3931,1793,wechat,pending,28-05-2026
SP-3077,SI-1506,"$4,186.00",alipay,SUCCESS,01-05-2024
SP-3078,SI-5208,3161,card,pending,2024-07-28
SP-3079,SI-5588,$694.00,wechat,pending,2024-07-27
SP-3080,SI-5125,4623,card,success,2024-06-17
SP-3081,SI-4429,2287,alipay,success,2024-09-22
SP-3082,SI-1661,"$1,564.00",wechat,success,12/21/2025
SP-3083,SI-5083,"3,972.00",wechat,pending,12/18/2025
SP-3084,SI-3059,"$1,299.00",wechat,SUCCESS,2026-01-18
SP-3085,SI-3647,"1,773.00",card,pending,07/09/2024
SP-3086,SI-5323,115,wechat,success,2026-11-07
SP-3087,SI-699,$641.00,wechat,SUCCESS,07/26/2026
SP-3088,SI-2022,$618.00,alipay,success,2025-11-22
SP-3089,SI-4907,"$4,796.00",wechat,pending,13-04-2024
SP-3090,SI-4762,2600,alipay,success,01/09/2026
SP-3091,SI-4241,427.00,card,success,28-05-2024
SP-3092,SI-1917,1605,wechat,SUCCESS,06-10-2024
SP-3093,SI-2216,"$2,014.00",card,failed,12/06/2025
SP-3094,SI-1025,"4,291.00",card,success,2024-12-03
SP-3095,SI-1448,"$2,781.00",wechat,SUCCESS,04/01/2025
SP-3096,SI-3021,2162,wechat,pending,2026-05-03
SP-3097,SI-709,"$1,446.00",wechat,pending,2025-04-28
SP-3098,SI-692,4493,wechat,SUCCESS,25-05-2025
SP-3099,SI-5483,3401,card,success,05/18/2025
SP-3100,SI-2943,3249,card,SUCCESS,2025-11-14
SP-3101,SI-438,"2,271.00",alipay,SUCCESS,2025-07-28
SP-3102,SI-2393,"1,078.00",card,SUCCESS,2026-08-23
SP-3103,SI-2972,"$3,349.00",wechat,success,07/23/2026
SP-3104,SI-5604,"4,177.00",alipay,pending,2024-06-12
SP-3105,SI-2754,3281,card,success,2025-10-20
SP-3106,SI-3246,"$4,399.00",alipay,success,2026-09-05
SP-3107,SI-2691,612,card,pending,2024-01-08
SP-3108,SI-1872,3178,wechat,SUCCESS,2024-04-02
SP-3109,SI-5258,1039,bank_transfer,pending,2026-11-25
SP-3110,SI-1911,"1,464.00",alipay,pending,10/12/2025
SP-3111,SI-3542,4894,wechat,success,2024-12-06
SP-3112,SI-4109,"$4,242.00",alipay,pending,07/20/2025
SP-3113,SI-2063,$770.00,wechat,pending,06-05-2026
SP-3114,SI-597,4903,wechat,pending,05-03-2025
SP-3115,SI-5771,"3,180.00",wechat,SUCCESS,2026-06-19
SP-3116,SI-3118,"4,667.00",wechat,pending,04/27/2025
SP-3117,SI-4266,"$1,592.00",alipay,success,04-06-2024
SP-3118,SI-814,"$3,638.00",alipay,SUCCESS,06/27/2026
SP-3119,SI-5854,"$3,339.00",alipay,SUCCESS,11/05/2026
SP-3120,SI-645,$909.00,bank_transfer,SUCCESS,01/25/2025
SP-3121,SI-1757,"$4,553.00",wechat,SUCCESS,08/07/2024
SP-3122,SI-3401,"4,759.00",wechat,SUCCESS,2025-05-06
SP-3123,SI-20,1980,alipay,success,06/07/2025
SP-3124,SI-1655,"$1,610.00",card,SUCCESS,2024-10-22
SP-3125,SI-1419,832,bank_transfer,success,2025-07-03
SP-3126,SI-967,"2,610.00",wechat,success,09-03-2025
SP-3127,SI-1400,2218,alipay,SUCCESS,2026-01-14
SP-3128,SI-4489,1161,bank_transfer,pending,2024-05-01
SP-3129,SI-4846,3515,alipay,SUCCESS,2025-06-06
SP-3130,SI-4352,1434,bank_transfer,success,07/01/2024
SP-3131,SI-3529,817,bank_transfer,SUCCESS,2024-11-12
SP-3132,SI-1184,"4,057.00",wechat,success,2026-02-17
SP-3133,SI-2029,"$3,931.00",bank_transfer,success,2026-12-27
SP-3134,SI-1995,2249,wechat,failed,2025-09-28
SP-3135,SI-4417,1316,alipay,failed,2026-05-13
SP-3136,SI-3006,"2,185.00",wechat,SUCCESS,2026-07-25
SP-3137,SI-1749,"$1,571.00",wechat,SUCCESS,10/15/2026
SP-3138,SI-2195,"3,919.00",alipay,success,2024-11-13
SP-3139,SI-5115,973,alipay,success,07/18/2026
SP-3140,SI-3531,3604,card,pending,08/07/2026
SP-3141,SI-2617,"$3,290.00",alipay,pending,20-04-2026
SP-3142,SI-2010,2501,wechat,pending,04/01/2024
SP-3143,SI-507,"1,451.00",alipay,SUCCESS,16-12-2025
SP-3144,SI-3673,2699,bank_transfer,success,2026-04-11
SP-3145,SI-2623,"$3,465.00",wechat,success,2026-12-22
SP-3146,SI-676,$201.00,bank_transfer,success,10/14/2024
SP-3147,SI-5590,756.00,bank_transfer,SUCCESS,2024-12-25
SP-3148,SI-2268,"4,834.00",alipay,pending,2026-12-22
SP-3149,SI-831,"4,667.00",alipay,SUCCESS,2025-08-19
SP-3150,SI-143,"$4,301.00",card,SUCCESS,2026-08-20
SP-3151,SI-4323,"$3,482.00",bank_transfer,pending,24-07-2026
SP-3152,SI-2215,4094,card,pending,04/25/2024
SP-3153,SI-1800,1798,card,pending,07/07/2024
SP-3154,SI-5160,"$2,643.00",card,SUCCESS,2025-09-07
SP-3155,SI-1019,"$1,505.00",alipay,SUCCESS,2026-07-06
SP-3156,SI-4566,"$3,298.00",alipay,success,2025-10-20
SP-3157,SI-2385,"$3,646.00",card,pending,02/26/2024
SP-3158,SI-5378,1976,wechat,SUCCESS,2024-12-26
SP-3159,SI-2144,"$3,569.00",bank_transfer,SUCCESS,12/05/2026
SP-3160,SI-1813,3010,card,SUCCESS,17-12-2026
SP-3161,SI-822,"2,161.00",alipay,success,2026-06-18
SP-3162,SI-5979,"2,583.00",alipay,failed,2026-03-14
SP-3163,SI-4879,4635,bank_transfer,pending,11-03-2026
SP-3164,SI-5176,4121,bank_transfer,SUCCESS,2025-03-05
SP-3165,SI-5432,3467,card,SUCCESS,08-07-2025
SP-3166,SI-3028,1736,wechat,SUCCESS,25-05-2025
SP-3167,SI-2078,1666,card,SUCCESS,24-02-2024
SP-3168,SI-1627,1711,card,SUCCESS,11-01-2026
SP-3169,SI-2912,2520,bank_transfer,pending,2025-09-22
SP-3170,SI-576,770,bank_transfer,pending,2025-12-18
SP-3171,SI-3991,1025,bank_transfer,success,09/20/2026
SP-3172,SI-4403,"$3,847.00",bank_transfer,pending,2024-05-20
SP-3173,SI-1343,"1,492.00",alipay,pending,09-10-2024
SP-3174,SI-3074,474.00,alipay,success,2025-03-28
SP-3175,SI-1561,"3,733.00",card,failed,2025-10-01
SP-3176,SI-434,2952,wechat,pending,07/16/2026
SP-3177,SI-2773,4720,card,SUCCESS,2024-09-24
SP-3178,SI-2610,"1,174.00",wechat,failed,26-01-2026
SP-3179,SI-1842,4372,card,pending,20-06-2024
SP-3180,SI-3663,"$1,167.00",wechat,pending,2024-02-27
SP-3181,SI-1830,"1,285.00",alipay,pending,04/07/2026
SP-3182,SI-4690,$632.00,alipay,SUCCESS,2026-09-13
SP-3183,SI-1939,2882,card,pending,2026-07-24
SP-3184,SI-1049,"$4,976.00",wechat,SUCCESS,2025-10-10
SP-3185,SI-2218,1626,card,SUCCESS,2025-12-10
SP-3186,SI-3007,359,wechat,SUCCESS,2025-12-03
SP-3187,SI-3831,"4,278.00",alipay,pending,2025-08-08
SP-3188,SI-3645,4191,wechat,success,2024-12-21
SP-3189,SI-396,"$3,829.00",card,success,2026-06-26
SP-3190,SI-759,"3,968.00",alipay,success,11/05/2026
SP-3191,SI-3176,"$1,040.00",alipay,SUCCESS,10/24/2024
SP-3192,SI-3411,1802,wechat,failed,06/13/2026
SP-3193,SI-2632,"3,978.00",alipay,SUCCESS,2025-02-23
SP-3194,SI-710,163,wechat,pending,09/16/2025
SP-3195,SI-3861,"$1,111.00",wechat,success,2024-02-14
SP-3196,SI-3262,2986,card,success,12-09-2025
SP-3197,SI-5218,"3,095.00",alipay,success,2025-07-08
SP-3198,SI-1625,"3,505.00",wechat,SUCCESS,09-10-2026
SP-3199,SI-3784,217,alipay,success,07/13/2025
SP-3200,SI-1193,1888,bank_transfer,pending,04-05-2025
SP-3201,SI-827,168,alipay,pending,2025-01-26
SP-3202,SI-4196,"2,878.00",wechat,success,10/20/2026
SP-3203,SI-3408,3910,card,SUCCESS,2024-01-02
SP-3204,SI-5298,2700,alipay,SUCCESS,2026-07-25
SP-3205,SI-128,1387,card,success,20-02-2024
SP-3206,SI-5630,"$2,538.00",alipay,SUCCESS,05/23/2025
SP-3207,SI-2423,"3,506.00",alipay,success,2024-04-05
SP-3208,SI-1815,527,alipay,SUCCESS,26-08-2024
SP-3209,SI-4785,"3,526.00",alipay,pending,08/14/2026
SP-3210,SI-390,$604.00,bank_transfer,pending,27-01-2026
SP-3211,SI-5079,"$4,548.00",card,success,03/20/2026
SP-3212,SI-2876,2107,card,SUCCESS,06/26/2024
SP-3213,SI-888,3808,bank_transfer,pending,2025-05-27
SP-3214,SI-4686,"$4,181.00",alipay,pending,2025-09-11
SP-3215,SI-655,"1,942.00",alipay,SUCCESS,2026-05-01
SP-3216,SI-2982,"$3,744.00",alipay,failed,09/01/2026
SP-3217,SI-2084,"$2,299.00",bank_transfer,pending,2024-02-10
SP-3218,SI-5625,3920,card,success,2026-08-12
SP-3219,SI-1460,"2,146.00",card,failed,2025-02-25
SP-3220,SI-3024,"1,013.00",bank_transfer,failed,11-07-2024
SP-3221,SI-4884,"4,657.00",alipay,success,2025-07-24
SP-3222,SI-1119,3114,alipay,success,08/17/2024
SP-3223,SI-1016,"1,660.00",bank_transfer,success,2025-08-14
SP-3224,SI-2719,975,alipay,SUCCESS,06/03/2026
SP-3225,SI-4664,$156.00,bank_transfer,SUCCESS,04/09/2025
SP-3226,SI-3580,4869,alipay,success,2025-08-04
SP-3227,SI-3468,"$3,155.00",wechat,success,20-03-2025
SP-3228,SI-3646,"4,940.00",bank_transfer,pending,2026-06-26
SP-3229,SI-2819,4976,wechat,success,2024-03-19
SP-3230,SI-3476,$782.00,alipay,pending,10/06/2025
SP-3231,SI-541,"3,787.00",alipay,SUCCESS,2026-09-23
SP-3232,SI-2119,3447,alipay,success,2024-12-23
SP-3233,SI-5585,"2,502.00",card,SUCCESS,2024-11-10
SP-3234,SI-4504,"3,433.00",card,SUCCESS,26-10-2024
SP-3235,SI-343,3833,card,success,08/08/2026
SP-3236,SI-3692,"2,456.00",wechat,success,03-09-2025
SP-3237,SI-2707,"$1,848.00",alipay,failed,2025-04-23
SP-3238,SI-4238,"$3,166.00",bank_transfer,success,01/28/2024
SP-3239,SI-5329,2285,wechat,pending,2025-11-21
SP-3240,SI-2739,"$2,338.00",alipay,failed,04/25/2025
SP-3241,SI-2687,"$3,152.00",alipay,success,2025-12-20
SP-3242,SI-203,1420,bank_transfer,success,2025-11-23
SP-3243,SI-1186,"$4,870.00",bank_transfer,success,05/08/2024
SP-3244,SI-5253,4024,alipay,SUCCESS,04/20/2024
SP-3245,SI-1841,"1,082.00",wechat,failed,09/21/2024
SP-3246,SI-670,"$2,705.00",bank_transfer,SUCCESS,22-10-2026
SP-3247,SI-1925,2318,alipay,pending,2025-09-23
SP-3248,SI-2623,"4,968.00",card,SUCCESS,2025-05-17
SP-3249,SI-5658,1291,alipay,SUCCESS,04/12/2024
SP-3250,SI-1479,932,alipay,pending,23-09-2025
SP-3251,SI-1621,4877,wechat,pending,03/19/2026
SP-3252,SI-3334,"$2,806.00",wechat,success,2026-03-22
SP-3253,SI-5448,4381,alipay,pending,05/17/2024
SP-3254,SI-3735,2505,alipay,success,2026-10-12
SP-3255,SI-4164,"$1,314.00",bank_transfer,failed,2024-11-03
SP-3256,SI-4310,2414,bank_transfer,SUCCESS,2026-08-26
SP-3257,SI-4415,665,bank_transfer,success,2024-02-15
SP-3258,SI-2673,"4,670.00",alipay,failed,2024-08-27
SP-3259,SI-56,"$2,460.00",alipay,success,06/12/2026
SP-3260,SI-936,828.00,bank_transfer,failed,01-11-2026
SP-3261,SI-4381,3427,wechat,success,2026-05-03
SP-3262,SI-1274,3764,card,success,2026-03-14
SP-3263,SI-4657,849,bank_transfer,success,10/04/2024
SP-3264,SI-3182,"$4,851.00",wechat,SUCCESS,2024-12-15
SP-3265,SI-3085,753,card,success,2024-11-06
SP-3266,SI-5509,"$2,475.00",card,failed,06/18/2025
SP-3267,SI-567,"$1,254.00",card,pending,2025-01-28
SP-3268,SI-635,"$3,506.00",bank_transfer,success,15-08-2026
SP-3269,SI-739,2662,bank_transfer,SUCCESS,2024-11-24
SP-3270,SI-115,"$1,564.00",alipay,SUCCESS,2024-07-18
SP-3271,SI-853,2332,alipay,success,01/25/2025
SP-3272,SI-414,"$3,685.00",wechat,pending,25-04-2026
SP-3273,SI-2178,"$3,476.00",card,pending,12/10/2026
SP-3274,SI-4950,"$2,364.00",alipay,pending,06/24/2026
SP-3275,SI-5957,606,wechat,pending,2024-05-19
SP-3276,SI-1255,4760,card,failed,08/09/2024
SP-3277,SI-1790,704,alipay,SUCCESS,2026-05-09
SP-3278,SI-914,2248,alipay,SUCCESS,2025-01-23
SP-3279,SI-5912,318,card,pending,20-04-2024
SP-3280,SI-5819,4597,alipay,success,04/07/2025
SP-3281,SI-2654,4110,card,SUCCESS,2024-09-18
SP-3282,SI-3996,1678,bank_transfer,pending,2024-02-14
SP-3283,SI-860,1033,wechat,SUCCESS,2026-02-25
SP-3284,SI-361,"$4,747.00",bank_transfer,pending,2026-02-03
SP-3285,SI-932,2452,bank_transfer,SUCCESS,2025-05-25
SP-3286,SI-3147,"2,638.00",bank_transfer,SUCCESS,09/09/2024
SP-3287,SI-1133,772,bank_transfer,failed,08/20/2024
SP-3288,SI-332,406,alipay,success,2026-04-13
SP-3289,SI-75,4208,card,pending,08-11-2026
SP-3290,SI-4653,"2,587.00",card,pending,2024-07-05
SP-3291,SI-13,2226,bank_transfer,pending,03-01-2025
SP-3292,SI-3756,$120.00,bank_transfer,SUCCESS,06/16/2026
SP-3293,SI-1512,2193,wechat,success,2026-04-12
SP-3294,SI-507,"$4,930.00",wechat,SUCCESS,2026-12-26
SP-3295,SI-5360,$967.00,wechat,SUCCESS,2026-10-10
SP-3296,SI-991,4891,alipay,failed,2026-01-05
SP-3297,SI-1798,$247.00,bank_transfer,pending,04-11-2026
SP-3298,SI-5682,"$4,965.00",alipay,success,01/07/2025
SP-3299,SI-801,199,bank_transfer,SUCCESS,2026-09-22
SP-3300,SI-274,4726,card,pending,2024-05-08
SP-3301,SI-993,4642,bank_transfer,failed,2025-05-27
SP-3302,SI-5500,3849,wechat,success,2025-01-14
SP-3303,SI-5297,$297.00,wechat,SUCCESS,2024-01-26
SP-3304,SI-5704,"$1,877.00",wechat,success,2026-12-26
SP-3305,SI-3070,2660,bank_transfer,failed,06/06/2024
SP-3306,SI-2905,"$1,834.00",card,SUCCESS,2026-07-11
SP-3307,SI-1573,3885,card,failed,12/02/2024
SP-3308,SI-5682,4734,bank_transfer,success,20-10-2025
SP-3309,SI-1838,1399,alipay,SUCCESS,2026-11-02
SP-3310,SI-1181,727.00,bank_transfer,SUCCESS,01/13/2025
SP-3311,SI-4798,"$3,335.00",card,failed,27-11-2026
SP-3312,SI-2334,"$3,384.00",wechat,SUCCESS,2026-01-22
SP-3313,SI-738,"$3,441.00",wechat,success,2025-12-11
SP-3314,SI-1831,"2,789.00",card,success,2025-11-15
SP-3315,SI-2659,3511,card,SUCCESS,01/20/2025
SP-3316,SI-3739,"$1,841.00",alipay,pending,2025-12-12
SP-3317,SI-876,2920,alipay,pending,01/28/2026
SP-3318,SI-2932,1495,wechat,success,2025-10-04
SP-3319,SI-5002,"2,431.00",bank_transfer,SUCCESS,27-03-2025
SP-3320,SI-3433,"$2,967.00",wechat,pending,2026-09-28
SP-3321,SI-4558,"$3,067.00",wechat,success,2026-12-27
SP-3322,SI-152,"4,272.00",card,SUCCESS,2024-09-26
SP-3323,SI-2385,321,card,pending,10/12/2024
SP-3324,SI-3723,1256,wechat,success,07/05/2026
SP-3325,SI-3476,$663.00,alipay,success,2026-09-10
SP-3326,SI-2892,"$4,584.00",card,pending,02/20/2024
SP-3327,SI-2366,4417,card,pending,09/23/2025
SP-3328,SI-1777,"$1,991.00",card,SUCCESS,2026-07-12
SP-3329,SI-827,"2,703.00",alipay,SUCCESS,11/14/2025
SP-3330,SI-4848,387,card,pending,04/28/2025
SP-3331,SI-4501,$736.00,alipay,SUCCESS,12-08-2025
SP-3332,SI-4802,"$1,199.00",bank_transfer,pending,11/11/2024
SP-3333,SI-4785,"1,074.00",bank_transfer,SUCCESS,2025-12-25
SP-3334,SI-4579,3760,bank_transfer,success,2024-09-18
SP-3335,SI-5096,3220,wechat,success,2026-06-27
SP-3336,SI-4623,1546,card,failed,07/25/2026
SP-3337,SI-1153,$694.00,card,SUCCESS,21-03-2024
SP-3338,SI-1131,2381,card,success,2025-11-10
SP-3339,SI-3809,"$4,320.00",bank_transfer,pending,2024-03-08
SP-3340,SI-1746,3156,bank_transfer,pending,08/15/2024
SP-3341,SI-4714,2343,card,success,11-10-2024
SP-3342,SI-749,"$1,724.00",bank_transfer,SUCCESS,2024-10-02
SP-3343,SI-3862,"1,524.00",alipay,pending,2025-09-12
SP-3344,SI-3773,"$3,864.00",alipay,SUCCESS,10-10-2025
SP-3345,SI-67,3767,alipay,SUCCESS,12/20/2025
SP-3346,SI-1639,1357,bank_transfer,SUCCESS,03/20/2025
SP-3347,SI-3003,"$3,608.00",card,SUCCESS,2024-01-16
SP-3348,SI-1848,"$2,316.00",alipay,pending,2026-05-22
SP-3349,SI-3743,"2,943.00",wechat,pending,08/07/2026
SP-3350,SI-768,4527,wechat,pending,04-01-2026
SP-3351,SI-1052,"$3,358.00",bank_transfer,success,02/23/2024
SP-3352,SI-3872,751,wechat,SUCCESS,2026-11-11
SP-3353,SI-208,2560,wechat,success,2024-02-16
SP-3354,SI-1794,307,card,pending,2024-08-23
SP-3355,SI-2602,"$2,112.00",bank_transfer,pending,04/03/2026
SP-3356,SI-5566,"1,600.00",bank_transfer,success,10/22/2024
SP-3357,SI-163,2112,bank_transfer,pending,2024-11-03
SP-3358,SI-4689,110,card,pending,2026-12-07
SP-3359,SI-1763,"$3,273.00",bank_transfer,pending,2026-06-24
SP-3360,SI-1503,2830,alipay,SUCCESS,2024-09-08
SP-3361,SI-3650,"$1,748.00",alipay,SUCCESS,11-12-2026
SP-3362,SI-1451,275,wechat,pending,08-08-2024
SP-3363,SI-330,"1,483.00",alipay,success,02/10/2024
SP-3364,SI-5955,100.00,bank_transfer,pending,2025-05-28
SP-3365,SI-2410,"$4,285.00",wechat,SUCCESS,2024-02-13
SP-3366,SI-2564,3708,wechat,success,2025-02-09
SP-3367,SI-4893,"$4,350.00",bank_transfer,success,2026-07-23
SP-3368,SI-5485,2577,wechat,SUCCESS,10/18/2026
SP-3369,SI-1514,"3,080.00",bank_transfer,pending,26-04-2026
SP-3370,SI-3093,3765,wechat,pending,2026-06-01
SP-3371,SI-67,1109,alipay,success,2025-08-24
SP-3372,SI-3766,4680,card,success,2024-02-14
SP-3373,SI-3443,"4,597.00",alipay,success,2026-08-27
SP-3374,SI-4415,"$3,763.00",wechat,SUCCESS,08/09/2024
SP-3375,SI-4714,"$4,622.00",alipay,pending,12/15/2024
SP-3376,SI-5000,3462,wechat,success,2024-11-05
SP-3377,SI-4930,3691,card,SUCCESS,07/07/2024
SP-3378,SI-4964,4253,bank_transfer,failed,2025-10-15
SP-3379,SI-2480,"$4,806.00",alipay,SUCCESS,06/12/2024
SP-3380,SI-4900,"$2,838.00",wechat,success,06/12/2025
SP-3381,SI-5257,4969,card,SUCCESS,2024-04-09
SP-3382,SI-1064,"$1,120.00",bank_transfer,SUCCESS,2026-11-25
SP-3383,SI-5612,1291,card,SUCCESS,2026-05-11
SP-3384,SI-2566,1936,wechat,SUCCESS,2025-01-25
SP-3385,SI-707,$726.00,alipay,SUCCESS,13-05-2025
SP-3386,SI-3230,4298,card,pending,2024-01-09
SP-3387,SI-40,"$2,143.00",bank_transfer,success,01-01-2025
SP-3388,SI-373,1029,wechat,SUCCESS,2026-08-12
SP-3389,SI-1144,"1,925.00",wechat,pending,12/23/2026
SP-3390,SI-1641,3983,alipay,success,08/17/2026
SP-3391,SI-23,"$1,797.00",wechat,SUCCESS,12/20/2025
SP-3392,SI-4551,2528,alipay,pending,2024-01-22
SP-3393,SI-1644,816,card,SUCCESS,11/28/2024
SP-3394,SI-2553,"$1,730.00",bank_transfer,SUCCESS,2024-04-21
SP-3395,SI-5183,$277.00,bank_transfer,SUCCESS,11/25/2025
SP-3396,SI-1367,$256.00,wechat,SUCCESS,24-05-2024
SP-3397,SI-2375,850,wechat,SUCCESS,2026-07-11
SP-3398,SI-676,4431,wechat,success,2024-11-22
SP-3399,SI-3955,"2,145.00",bank_transfer,SUCCESS,2026-06-17
SP-3400,SI-1730,2224,wechat,pending,25-10-2025
SP-3401,SI-3683,$359.00,bank_transfer,failed,2025-10-09
SP-3402,SI-3388,"$4,341.00",bank_transfer,pending,2025-03-28
SP-3403,SI-2033,"$4,429.00",alipay,pending,2024-12-24
SP-3404,SI-4076,"2,258.00",bank_transfer,pending,08/24/2025
SP-3405,SI-5207,3593,card,SUCCESS,05/11/2024
SP-3406,SI-8,$362.00,bank_transfer,SUCCESS,2024-03-10
SP-3407,SI-5009,"4,624.00",alipay,failed,2024-06-11
SP-3408,SI-2033,$186.00,wechat,SUCCESS,04/11/2025
SP-3409,SI-4673,$933.00,card,SUCCESS,10/02/2024
SP-3410,SI-512,847,wechat,SUCCESS,11-03-2025
SP-3411,SI-1860,2956,alipay,SUCCESS,2026-12-27
SP-3412,SI-2869,4117,alipay,success,11/13/2025
SP-3413,SI-4510,"2,340.00",card,success,2025-04-10
SP-3414,SI-4007,"3,253.00",card,SUCCESS,2025-07-25
SP-3415,SI-405,4759,alipay,pending,2026-08-28
SP-3416,SI-5589,4308,card,pending,09/04/2026
SP-3417,SI-2397,1338,alipay,failed,2026-09-21
SP-3418,SI-4557,$884.00,card,pending,2024-05-07
SP-3419,SI-293,787,card,success,2026-11-22
SP-3420,SI-1500,$140.00,wechat,pending,09-01-2024
SP-3421,SI-1703,"$1,233.00",bank_transfer,pending,2025-06-15
SP-3422,SI-5244,"4,154.00",wechat,SUCCESS,2024-02-19
SP-3423,SI-4839,"1,999.00",alipay,success,20-06-2024
SP-3424,SI-3586,"2,296.00",bank_transfer,SUCCESS,2025-03-24
SP-3425,SI-382,"3,693.00",alipay,success,06/18/2025
SP-3426,SI-5489,3756,alipay,success,21-07-2024
SP-3427,SI-2523,719.00,alipay,pending,02/15/2024
SP-3428,SI-3944,3819,bank_transfer,pending,2026-10-25
SP-3429,SI-2306,3748,wechat,failed,05/12/2025
SP-3430,SI-4911,"$2,566.00",wechat,failed,04-08-2025
SP-3431,SI-2064,2084,card,success,25-03-2024
SP-3432,SI-5082,1451,card,pending,10/25/2025
SP-3433,SI-3494,836,card,success,2026-03-21
SP-3434,SI-3291,$264.00,bank_transfer,pending,25-02-2024
SP-3435,SI-3612,4764,alipay,pending,2024-10-12
SP-3436,SI-3467,4029,alipay,pending,2025-04-01
SP-3437,SI-1808,$462.00,wechat,pending,04/27/2024
SP-3438,SI-5465,2700,wechat,pending,09-07-2025
SP-3439,SI-2988,4008,bank_transfer,pending,2026-07-02
SP-3440,SI-117,"$1,896.00",bank_transfer,success,2024-10-22
SP-3441,SI-4172,"2,652.00",wechat,SUCCESS,2024-03-22
SP-3442,SI-3074,"4,148.00",bank_transfer,SUCCESS,2026-07-14
SP-3443,SI-1269,"$3,134.00",card,pending,12/20/2024
SP-3444,SI-5890,4605,wechat,success,06/06/2026
SP-3445,SI-1780,4140,card,success,2025-09-22
SP-3446,SI-4634,"$4,648.00",alipay,pending,07/12/2024
SP-3447,SI-4956,"4,251.00",wechat,pending,2025-04-28
SP-3448,SI-399,"3,928.00",card,SUCCESS,08/11/2025
SP-3449,SI-2852,"$1,580.00",alipay,SUCCESS,2024-07-16
SP-3450,SI-17,1370,card,success,2024-11-14
SP-3451,SI-436,"$2,358.00",bank_transfer,pending,04/21/2024
SP-3452,SI-5612,"$4,780.00",card,SUCCESS,2026-09-24
SP-3453,SI-230,912.00,wechat,success,11-05-2025
SP-3454,SI-2488,"$3,228.00",card,pending,2026-12-06
SP-3455,SI-5395,"3,723.00",wechat,success,2025-11-15
SP-3456,SI-1687,4618,bank_transfer,pending,2026-06-02
SP-3457,SI-5668,"$3,913.00",wechat,SUCCESS,2024-07-21
SP-3458,SI-2667,"$1,981.00",bank_transfer,success,01/08/2024
SP-3459,SI-3968,"4,484.00",alipay,SUCCESS,08/14/2024
SP-3460,SI-4765,"$1,320.00",alipay,SUCCESS,2024-08-23
SP-3461,SI-3765,4553,card,pending,02/13/2025
SP-3462,SI-979,2077,card,SUCCESS,2026-12-05
SP-3463,SI-561,1214,bank_transfer,SUCCESS,2025-06-01
SP-3464,SI-444,"$2,786.00",card,pending,05/17/2025
SP-3465,SI-2616,4027,alipay,SUCCESS,2024-03-05
SP-3466,SI-1325,"$3,808.00",card,failed,2024-07-11
SP-3467,SI-5860,"$2,086.00",card,success,20-01-2024
SP-3468,SI-4489,"2,789.00",card,success,2025-08-02
SP-3469,SI-2894,"2,363.00",alipay,pending,2024-01-17
SP-3470,SI-1666,"$4,869.00",alipay,SUCCESS,21-10-2026
SP-3471,SI-5199,"1,096.00",card,success,06/02/2024
SP-3472,SI-907,$690.00,alipay,success,2025-03-18
SP-3473,SI-3008,"$3,516.00",alipay,success,2025-04-07
SP-3474,SI-4283,284,card,SUCCESS,17-08-2026
SP-3475,SI-3419,2025,wechat,success,2024-11-14
SP-3476,SI-5094,"$3,682.00",bank_transfer,pending,2026-02-19
SP-3477,SI-2614,3019,bank_transfer,SUCCESS,2024-10-10
SP-3478,SI-5442,2937,card,SUCCESS,2024-06-26
SP-3479,SI-2478,3434,wechat,success,2024-05-13
SP-3480,SI-4942,3002,card,failed,2026-04-10
SP-3481,SI-2964,"$2,875.00",alipay,SUCCESS,04/28/2026
SP-3482,SI-3080,"$3,776.00",alipay,SUCCESS,05/24/2025
SP-3483,SI-4383,"$4,835.00",card,pending,06-07-2026
SP-3484,SI-3482,1147,card,SUCCESS,2026-10-22
SP-3485,SI-2223,2012,bank_transfer,success,2025-07-28
SP-3486,SI-2030,"$2,535.00",card,success,2024-09-03
SP-3487,SI-1269,"$1,834.00",card,pending,2025-10-08
SP-3488,SI-4408,3646,card,success,04/14/2024
SP-3489,SI-3093,4592,wechat,SUCCESS,06/14/2025
SP-3490,SI-5824,635,bank_transfer,success,12-06-2025
SP-3491,SI-1790,4619,alipay,SUCCESS,2024-07-08
SP-3492,SI-4469,1413,bank_transfer,SUCCESS,01/24/2025
SP-3493,SI-4620,$702.00,card,pending,08/10/2025
SP-3494,SI-4142,3147,wechat,success,19-11-2024
SP-3495,SI-1292,$640.00,wechat,success,2025-08-23
SP-3496,SI-5365,4303,card,pending,2026-12-28
SP-3497,SI-791,"$4,558.00",bank_transfer,pending,2025-01-28
SP-3498,SI-25,2577,bank_transfer,pending,11/15/2024
SP-3499,SI-5429,"1,323.00",alipay,pending,10/28/2024
SP-3500,SI-4826,"2,840.00",card,SUCCESS,17-06-2025
SP-3501,SI-5956,2313,wechat,failed,2025-03-09
SP-3502,SI-2009,"$4,026.00",alipay,SUCCESS,2026-01-24
SP-3503,SI-3714,"2,886.00",alipay,success,2026-09-16
SP-3504,SI-996,2935,wechat,pending,01/18/2026
SP-3505,SI-5875,2410,wechat,success,2026-01-01
SP-3506,SI-1500,606,alipay,success,09/02/2024
SP-3507,SI-2737,2063,wechat,success,2025-05-28
SP-3508,SI-4954,"$2,952.00",card,success,2024-10-16
SP-3509,SI-2432,1946,alipay,SUCCESS,2025-07-05
SP-3510,SI-4663,"$4,011.00",alipay,pending,2026-10-27
SP-3511,SI-5385,"4,423.00",card,pending,04/13/2025
SP-3512,SI-771,$720.00,wechat,SUCCESS,08-02-2025
SP-3513,SI-1755,3034,card,success,11-12-2026
SP-3514,SI-2779,2158,card,success,02-05-2026
SP-3515,SI-3007,"3,379.00",wechat,success,04/02/2024
SP-3516,SI-142,1230,wechat,success,2025-02-19
SP-3517,SI-1122,2302,alipay,pending,2024-07-04
SP-3518,SI-5630,1789,alipay,SUCCESS,11/03/2025
SP-3519,SI-3360,243.00,card,pending,20-08-2024
SP-3520,SI-273,4500,alipay,success,2025-11-18
SP-3521,SI-745,2534,alipay,success,10/11/2024
SP-3522,SI-3691,"1,040.00",bank_transfer,success,09/24/2026
SP-3523,SI-5388,"$2,793.00",wechat,success,05/09/2025
SP-3524,SI-1273,"4,561.00",alipay,SUCCESS,09/08/2024
SP-3525,SI-3598,2762,wechat,success,2025-10-13
SP-3526,SI-4359,3943,alipay,pending,2026-03-01
SP-3527,SI-4850,2659,wechat,SUCCESS,2026-09-28
SP-3528,SI-432,2755,card,SUCCESS,09-09-2026
SP-3529,SI-2592,$548.00,alipay,SUCCESS,2024-08-22
SP-3530,SI-5391,"$3,013.00",bank_transfer,SUCCESS,2026-02-27
SP-3531,SI-3805,"$3,157.00",bank_transfer,success,2026-11-21
SP-3532,SI-3972,480,card,failed,06/07/2026
SP-3533,SI-3791,"$2,334.00",alipay,pending,08/16/2026
SP-3534,SI-726,"2,399.00",card,success,2025-11-05
SP-3535,SI-1957,"$1,666.00",wechat,success,09/24/2026
SP-3536,SI-4850,1692,alipay,SUCCESS,26-12-2025
SP-3537,SI-1649,1335,wechat,success,2026-06-12
SP-3538,SI-2833,"1,752.00",alipay,SUCCESS,07/18/2024
SP-3539,SI-967,2415,card,SUCCESS,2026-04-07
SP-3540,SI-1619,3207,alipay,success,2024-11-11
SP-3541,SI-1538,705.00,alipay,SUCCESS,2026-10-27
SP-3542,SI-2875,1457,alipay,success,2026-08-26
SP-3543,SI-373,4169,alipay,pending,2024-01-19
SP-3544,SI-613,"2,086.00",card,SUCCESS,11/07/2025
SP-3545,SI-4802,1583,card,SUCCESS,11-04-2026
SP-3546,SI-4541,1201,alipay,SUCCESS,2026-12-21
SP-3547,SI-2531,"$2,687.00",alipay,SUCCESS,09-11-2025
SP-3548,SI-3353,"$4,797.00",wechat,pending,02/28/2024
SP-3549,SI-5432,"2,502.00",bank_transfer,success,09/28/2026
SP-3550,SI-5603,4950,wechat,failed,2025-09-16
SP-3551,SI-943,2869,bank_transfer,SUCCESS,16-06-2025
SP-3552,SI-5390,1856,card,pending,20-09-2025
SP-3553,SI-4707,1745,card,failed,2025-02-08
SP-3554,SI-1041,"$1,222.00",bank_transfer,pending,2024-12-26
SP-3555,SI-1763,"1,006.00",bank_transfer,SUCCESS,2024-10-25
SP-3556,SI-2988,2741,alipay,SUCCESS,09-03-2024
SP-3557,SI-2711,1316,bank_transfer,pending,2025-03-17
SP-3558,SI-4993,894,alipay,failed,2024-09-21
SP-3559,SI-5212,750,bank_transfer,pending,06-07-2026
SP-3560,SI-3492,1699,bank_transfer,success,2026-05-28
SP-3561,SI-3417,4236,wechat,success,2025-04-17
SP-3562,SI-4512,"$3,641.00",bank_transfer,SUCCESS,2026-10-17
SP-3563,SI-884,414,alipay,pending,02/27/2026
SP-3564,SI-4453,"3,387.00",alipay,pending,2026-05-04
SP-3565,SI-3821,"3,324.00",card,success,2026-01-27
SP-3566,SI-1368,"$4,635.00",card,pending,2026-12-16
SP-3567,SI-3865,"$3,258.00",wechat,SUCCESS,2026-04-14
SP-3568,SI-2782,"3,520.00",wechat,pending,2024-06-02
SP-3569,SI-4926,2014,wechat,success,2026-05-10
SP-3570,SI-4698,1872,bank_transfer,failed,12/18/2024
SP-3571,SI-3647,"$3,158.00",card,success,2024-12-24
SP-3572,SI-5730,545.00,card,success,01/07/2024
SP-3573,SI-1548,1358,card,success,2025-03-15
SP-3574,SI-1008,551.00,wechat,SUCCESS,2024-01-23
SP-3575,SI-5868,"2,653.00",alipay,SUCCESS,2026-06-12
SP-3576,SI-271,1906,alipay,SUCCESS,09/17/2025
SP-3577,SI-4465,"$2,329.00",wechat,success,2024-04-17
SP-3578,SI-2064,"$4,678.00",card,success,09/14/2024
SP-3579,SI-4209,"$1,728.00",alipay,pending,25-12-2024
SP-3580,SI-3267,3793,card,pending,2025-05-04
SP-3581,SI-5798,4344,card,success,11/27/2024
SP-3582,SI-3240,"$1,353.00",wechat,SUCCESS,01/04/2026
SP-3583,SI-4936,4558,bank_transfer,SUCCESS,23-09-2025
SP-3584,SI-403,3726,card,success,07/13/2026
SP-3585,SI-2535,4837,wechat,success,2024-05-05
SP-3586,SI-5030,3977,alipay,success,09/16/2025
SP-3587,SI-1209,523,bank_transfer,success,08/11/2024
SP-3588,SI-715,964,alipay,SUCCESS,2024-12-07
SP-3589,SI-1400,3042,card,SUCCESS,11/06/2024
SP-3590,SI-2431,"1,179.00",card,pending,08/26/2025
SP-3591,SI-2459,"$2,622.00",card,pending,2025-01-24
SP-3592,SI-5088,"1,682.00",wechat,success,09-07-2026
SP-3593,SI-1893,"4,374.00",card,pending,15-02-2026
SP-3594,SI-4101,1111,card,SUCCESS,2024-09-04
SP-3595,SI-5302,328.00,bank_transfer,failed,2024-12-23
SP-3596,SI-4876,104,wechat,pending,2025-12-17
SP-3597,SI-495,3645,alipay,SUCCESS,2026-09-22
SP-3598,SI-2154,"$2,711.00",card,pending,2026-06-02
SP-3599,SI-3008,"4,091.00",alipay,success,2026-10-04
SP-3600,SI-1831,"$4,441.00",bank_transfer,pending,2026-07-15
SP-3601,SI-3477,1721,bank_transfer,failed,04/21/2024
SP-3602,SI-1382,4938,wechat,success,2026-04-19
SP-3603,SI-1003,"$3,537.00",bank_transfer,success,2024-04-02
SP-3604,SI-1477,4604,card,pending,05-12-2024
SP-3605,SI-5507,$477.00,bank_transfer,success,2025-03-25
SP-3606,SI-3891,"$3,016.00",wechat,SUCCESS,07/05/2026
SP-3607,SI-386,1331,bank_transfer,success,03/15/2026
SP-3608,SI-3606,"$2,846.00",alipay,pending,09/24/2025
SP-3609,SI-3166,878,card,success,2026-05-10
SP-3610,SI-5728,"$4,184.00",card,success,2026-10-23
SP-3611,SI-3909,"$3,350.00",bank_transfer,success,2025-04-15
SP-3612,SI-2286,1892,bank_transfer,pending,26-06-2025
SP-3613,SI-5755,1443,card,SUCCESS,03/19/2024
SP-3614,SI-1741,974,card,success,03-12-2025
SP-3615,SI-2836,4485,bank_transfer,success,2025-11-21
SP-3616,SI-2891,4001,bank_transfer,success,2024-03-18
SP-3617,SI-3082,1132,card,failed,01/22/2025
SP-3618,SI-1495,"$2,059.00",alipay,success,2026-03-27
SP-3619,SI-437,2217,alipay,SUCCESS,05/20/2025
SP-3620,SI-2569,"1,679.00",wechat,SUCCESS,05/07/2026
SP-3621,SI-5157,"$3,705.00",wechat,pending,08/23/2024
SP-3622,SI-1087,615,card,success,12/13/2024
SP-3623,SI-5426,2123,wechat,failed,21-09-2024
SP-3624,SI-3870,"$3,600.00",bank_transfer,SUCCESS,2026-02-25
SP-3625,SI-2947,1682,bank_transfer,pending,04/19/2024
SP-3626,SI-3207,4722,alipay,pending,2025-07-14
SP-3627,SI-5934,"$3,125.00",wechat,success,2024-10-27
SP-3628,SI-4289,4200,card,pending,2024-10-17
SP-3629,SI-809,4373,card,failed,2025-06-20
SP-3630,SI-3511,4024,wechat,pending,2026-01-27
SP-3631,SI-4410,2358,alipay,success,08/12/2024
SP-3632,SI-4736,"$1,942.00",alipay,SUCCESS,01/12/2026
SP-3633,SI-806,3884,alipay,SUCCESS,2025-12-14
SP-3634,SI-3217,2848,wechat,SUCCESS,10/28/2024
SP-3635,SI-4388,"4,951.00",alipay,SUCCESS,11/06/2025
SP-3636,SI-3931,"2,918.00",wechat,SUCCESS,2025-06-04
SP-3637,SI-2739,2424,wechat,success,2025-04-12
SP-3638,SI-2286,711,bank_transfer,success,2024-11-16
SP-3639,SI-352,"$3,541.00",wechat,SUCCESS,27-06-2026
SP-3640,SI-4383,1545,card,pending,2024-01-14
SP-3641,SI-32,"3,397.00",alipay,success,2024-05-06
SP-3642,SI-3885,"4,739.00",card,success,23-05-2024
SP-3643,SI-4662,"$2,852.00",wechat,pending,07-07-2024
SP-3644,SI-819,$860.00,alipay,pending,2024-09-15
SP-3645,SI-3091,$228.00,wechat,SUCCESS,05/01/2025
SP-3646,SI-5024,"$2,544.00",alipay,success,2026-05-10
SP-3647,SI-3396,"$2,791.00",alipay,SUCCESS,26-09-2024
SP-3648,SI-2687,1047,alipay,pending,2024-08-04
SP-3649,SI-5073,866,alipay,SUCCESS,01/20/2026
SP-3650,SI-928,"$4,968.00",alipay,success,08-06-2024
SP-3651,SI-2229,"4,273.00",alipay,success,2026-08-03
SP-3652,SI-610,"$1,660.00",card,pending,10/14/2025
SP-3653,SI-3634,"2,038.00",bank_transfer,pending,04/16/2024
SP-3654,SI-3234,"$3,251.00",wechat,pending,2026-12-07
SP-3655,SI-5622,"4,547.00",bank_transfer,failed,2024-10-05
SP-3656,SI-925,"$1,873.00",wechat,pending,08/14/2026
SP-3657,SI-3796,1105,wechat,SUCCESS,07-11-2026
SP-3658,SI-573,2789,bank_transfer,success,2025-12-25
SP-3659,SI-5851,"$3,226.00",alipay,pending,2024-06-06
SP-3660,SI-2253,2990,card,success,07/22/2025
SP-3661,SI-2246,"$3,116.00",bank_transfer,success,11/01/2025
SP-3662,SI-1152,1252,alipay,failed,11/12/2024
SP-3663,SI-3949,"$1,415.00",card,success,2026-01-11
SP-3664,SI-3939,289,bank_transfer,SUCCESS,2024-05-24
SP-3665,SI-5394,2771,alipay,SUCCESS,02/20/2025
SP-3666,SI-4204,3572,card,pending,10/27/2025
SP-3667,SI-839,3403,alipay,pending,2026-04-16
SP-3668,SI-3480,"3,877.00",card,success,08/01/2024
SP-3669,SI-3533,"$2,567.00",card,pending,12/18/2026
SP-3670,SI-1492,"$4,778.00",alipay,SUCCESS,2026-06-05
SP-3671,SI-4585,"$2,743.00",alipay,failed,2024-08-28
SP-3672,SI-2910,$489.00,alipay,success,2025-03-05
SP-3673,SI-2070,"$4,911.00",alipay,SUCCESS,05/25/2026
SP-3674,SI-2120,"$2,507.00",wechat,success,14-08-2025
SP-3675,SI-3020,"$2,205.00",card,success,08-07-2026
SP-3676,SI-3147,2620,bank_transfer,success,02/06/2024
SP-3677,SI-116,"$4,159.00",bank_transfer,pending,2024-05-24
SP-3678,SI-5590,"$2,792.00",card,SUCCESS,12/24/2026
SP-3679,SI-4950,$445.00,card,pending,2026-02-03
SP-3680,SI-4884,377,bank_transfer,pending,04/21/2025
SP-3681,SI-5001,4623,bank_transfer,failed,03/12/2025
SP-3682,SI-2309,2036,alipay,SUCCESS,2026-11-10
SP-3683,SI-4752,"2,045.00",wechat,success,19-02-2026
SP-3684,SI-5195,"$4,570.00",bank_transfer,success,07/10/2025
SP-3685,SI-1325,"$1,101.00",bank_transfer,SUCCESS,01/20/2026
SP-3686,SI-5326,4789,wechat,SUCCESS,21-07-2026
SP-3687,SI-4417,"$3,435.00",bank_transfer,success,2025-08-23
SP-3688,SI-3351,"$2,792.00",alipay,success,12/24/2025
SP-3689,SI-4435,"$4,862.00",alipay,success,08/13/2025
SP-3690,SI-384,1658,alipay,pending,03-05-2026
SP-3691,SI-1475,"2,987.00",bank_transfer,SUCCESS,2025-11-24
SP-3692,SI-365,3292,alipay,success,2025-01-26
SP-3693,SI-814,"$4,315.00",bank_transfer,success,12/22/2026
SP-3694,SI-4473,"$1,623.00",card,success,11/04/2026
SP-3695,SI-5162,2297,bank_transfer,pending,2024-07-24
SP-3696,SI-3621,"4,066.00",bank_transfer,success,19-02-2024
SP-3697,SI-1167,4704,wechat,pending,2025-07-04
SP-3698,SI-5901,$730.00,bank_transfer,SUCCESS,2026-02-01
SP-3699,SI-3647,"$4,589.00",card,SUCCESS,03/20/2025
SP-3700,SI-1838,2911,alipay,success,09/18/2024
SP-3701,SI-5112,"$1,658.00",alipay,SUCCESS,2026-09-08
SP-3702,SI-3087,"2,882.00",wechat,failed,03-07-2026
SP-3703,SI-1215,4333,alipay,SUCCESS,2025-01-11
SP-3704,SI-2044,"1,535.00",card,pending,28-02-2026
SP-3705,SI-3080,1169,card,SUCCESS,2026-08-20
SP-3706,SI-2489,"3,281.00",bank_transfer,pending,03-03-2024
SP-3707,SI-5944,2748,bank_transfer,success,20-04-2026
SP-3708,SI-796,"1,746.00",card,success,2024-07-27
SP-3709,SI-1079,$824.00,card,SUCCESS,01/09/2024
SP-3710,SI-1537,1719,card,pending,2024-06-19
SP-3711,SI-460,4323,card,SUCCESS,2026-12-08
SP-3712,SI-768,3195,bank_transfer,success,11/24/2026
SP-3713,SI-3036,"1,878.00",wechat,SUCCESS,08/21/2024
SP-3714,SI-2021,"$1,232.00",card,SUCCESS,19-02-2026
SP-3715,SI-5294,"1,151.00",alipay,pending,07/27/2026
SP-3716,SI-2228,"2,208.00",bank_transfer,pending,08/26/2024
SP-3717,SI-2255,2965,wechat,SUCCESS,05/08/2025
SP-3718,SI-1908,115.00,card,pending,2024-07-18
SP-3719,SI-3629,2023,alipay,success,14-04-2026
SP-3720,SI-4891,450,wechat,pending,2024-01-21
SP-3721,SI-3334,2159,card,success,2024-07-21
SP-3722,SI-4478,"$1,819.00",card,pending,06/04/2025
SP-3723,SI-5044,"$3,505.00",card,pending,2026-05-26
SP-3724,SI-3180,$717.00,wechat,success,2026-05-03
SP-3725,SI-1216,"2,430.00",alipay,pending,2024-03-22
SP-3726,SI-2488,$838.00,card,SUCCESS,2025-08-12
SP-3727,SI-5819,2464,alipay,SUCCESS,03-02-2024
SP-3728,SI-3655,221.00,wechat,success,2026-03-06
SP-3729,SI-2210,3598,card,pending,2025-01-27
SP-3730,SI-2640,"$4,515.00",alipay,SUCCESS,2024-09-27
SP-3731,SI-2480,4937,wechat,SUCCESS,11-01-2026
SP-3732,SI-5939,538,wechat,pending,2026-03-24
SP-3733,SI-5966,"$1,297.00",card,SUCCESS,19-09-2026
SP-3734,SI-1591,754.00,card,SUCCESS,2026-05-28
SP-3735,SI-1611,"$2,519.00",alipay,SUCCESS,2025-02-14
SP-3736,SI-3839,"$1,542.00",wechat,SUCCESS,25-03-2025
SP-3737,SI-2394,1781,wechat,SUCCESS,03/24/2025
SP-3738,SI-2953,"3,148.00",wechat,SUCCESS,05/03/2024
SP-3739,SI-3780,4158,wechat,success,2025-03-18
SP-3740,SI-2322,"$4,535.00",bank_transfer,success,05/18/2026
SP-3741,SI-4913,"$1,886.00",wechat,pending,2026-12-12
SP-3742,SI-1695,"4,463.00",card,pending,17-03-2025
SP-3743,SI-5589,$765.00,alipay,failed,05/08/2025
SP-3744,SI-234,3394,card,failed,03/12/2024
SP-3745,SI-5706,"$2,364.00",alipay,success,2025-05-13
SP-3746,SI-548,4268,card,success,2025-03-12
SP-3747,SI-5933,1879,wechat,failed,23-01-2024
SP-3748,SI-2703,$293.00,alipay,success,03-05-2026
SP-3749,SI-4465,3078,bank_transfer,success,2024-01-15
SP-3750,SI-5294,"$4,076.00",alipay,pending,2025-02-16
SP-3751,SI-5085,2522,wechat,pending,2025-04-22
SP-3752,SI-2409,"$4,437.00",card,failed,01-08-2026
SP-3753,SI-3939,1268,wechat,SUCCESS,2024-11-12
SP-3754,SI-3233,"4,286.00",wechat,pending,05/05/2025
SP-3755,SI-1123,"1,701.00",alipay,success,2026-03-24
SP-3756,SI-4888,3046,alipay,success,2025-11-17
SP-3757,SI-3245,$461.00,bank_transfer,success,11-08-2026
SP-3758,SI-3719,"$1,205.00",card,SUCCESS,2025-08-09
SP-3759,SI-3835,1175,wechat,success,2025-11-11
SP-3760,SI-4380,"$4,056.00",card,SUCCESS,21-06-2026
SP-3761,SI-5811,"$4,087.00",card,success,02-02-2024
SP-3762,SI-2566,2476,bank_transfer,pending,06/19/2024
SP-3763,SI-2850,4784,wechat,SUCCESS,12/20/2025
SP-3764,SI-2612,2818,bank_transfer,SUCCESS,11/24/2026
SP-3765,SI-3135,"$4,802.00",wechat,SUCCESS,2026-11-26
SP-3766,SI-3211,"$4,271.00",alipay,pending,27-04-2025
SP-3767,SI-1387,3547,alipay,pending,2024-09-05
SP-3768,SI-5581,209,card,pending,2024-04-19
SP-3769,SI-3470,"1,126.00",bank_transfer,failed,01/12/2024
SP-3770,SI-1594,$149.00,wechat,pending,11-11-2025
SP-3771,SI-2225,3392,wechat,SUCCESS,12/17/2025
SP-3772,SI-620,"$4,719.00",alipay,SUCCESS,10/28/2024
SP-3773,SI-4037,2981,card,success,03/14/2026
SP-3774,SI-75,"$1,456.00",bank_transfer,success,09/28/2024
SP-3775,SI-4607,"2,578.00",wechat,failed,10/23/2024
SP-3776,SI-3464,2930,bank_transfer,success,04-09-2024
SP-3777,SI-4945,"$4,783.00",wechat,pending,02-02-2025
SP-3778,SI-652,"$1,406.00",wechat,pending,04-11-2024
SP-3779,SI-1755,"$3,696.00",bank_transfer,SUCCESS,06-01-2025
SP-3780,SI-509,2089,alipay,pending,2025-07-09
SP-3781,SI-709,1489,bank_transfer,SUCCESS,13-06-2025
SP-3782,SI-5567,"$1,665.00",wechat,success,06/18/2024
SP-3783,SI-5358,4507,card,pending,11/18/2025
SP-3784,SI-2132,4015,alipay,SUCCESS,2024-03-28
SP-3785,SI-5722,"3,987.00",alipay,pending,17-12-2024
SP-3786,SI-5167,2933,bank_transfer,SUCCESS,2024-08-02
SP-3787,SI-4426,"$3,090.00",card,pending,2025-09-11
SP-3788,SI-5385,895.00,alipay,SUCCESS,2026-01-07
SP-3789,SI-5590,"$1,312.00",bank_transfer,pending,2024-08-13
SP-3790,SI-4405,"$4,005.00",alipay,SUCCESS,02/07/2026
SP-3791,SI-3135,"3,544.00",bank_transfer,SUCCESS,2025-03-01
SP-3792,SI-4365,1419,alipay,success,2026-11-21
SP-3793,SI-5544,326,wechat,failed,2026-03-28
SP-3794,SI-5182,2145,bank_transfer,failed,2024-06-07
SP-3795,SI-649,1250,card,SUCCESS,2025-06-11
SP-3796,SI-3450,"2,255.00",wechat,SUCCESS,2025-09-07
SP-3797,SI-5461,2262,card,pending,20-09-2026
SP-3798,SI-5461,"$1,128.00",card,SUCCESS,2026-02-13
SP-3799,SI-6,2803,bank_transfer,success,09/21/2025
SP-3800,SI-1211,894,card,success,2025-10-23
SP-3801,SI-5840,"$2,461.00",bank_transfer,SUCCESS,01/03/2025
SP-3802,SI-2748,"2,631.00",bank_transfer,SUCCESS,2026-01-25
SP-3803,SI-2830,"1,660.00",card,SUCCESS,14-10-2026
SP-3804,SI-3548,1136,wechat,SUCCESS,08/15/2025
SP-3805,SI-4635,4789,alipay,success,11/07/2025
SP-3806,SI-3464,"$3,020.00",wechat,pending,2024-07-19
SP-3807,SI-3798,$912.00,bank_transfer,success,12/23/2026
SP-3808,SI-968,$147.00,wechat,success,2025-10-08
SP-3809,SI-2228,277,alipay,SUCCESS,07/07/2024
SP-3810,SI-4739,"$1,598.00",card,pending,02/15/2025
SP-3811,SI-5444,2673,wechat,pending,2025-01-13
SP-3812,SI-5236,"$4,334.00",bank_transfer,pending,2025-08-04
SP-3813,SI-3414,448,card,pending,2024-12-06
SP-3814,SI-2989,704.00,card,pending,19-04-2024
SP-3815,SI-4282,"1,033.00",card,failed,2026-12-02
SP-3816,SI-4689,1955,bank_transfer,success,2024-03-15
SP-3817,SI-3998,"$3,838.00",card,SUCCESS,2024-04-14
SP-3818,SI-2823,"1,548.00",card,SUCCESS,2025-07-17
SP-3819,SI-4198,2162,alipay,success,10/08/2026
SP-3820,SI-4669,692,bank_transfer,SUCCESS,03/11/2025
SP-3821,SI-2241,1425,card,success,2024-07-19
SP-3822,SI-5124,2581,card,success,12-03-2026
SP-3823,SI-4756,3697,wechat,pending,2025-08-27
SP-3824,SI-1105,"$1,925.00",wechat,pending,2025-07-12
SP-3825,SI-799,3308,card,pending,2026-02-01
SP-3826,SI-4236,"$3,199.00",wechat,success,2025-11-25
SP-3827,SI-3440,1060,bank_transfer,SUCCESS,2025-01-24
SP-3828,SI-504,"$3,707.00",card,pending,09/08/2026
SP-3829,SI-274,"$3,619.00",wechat,SUCCESS,06-12-2024
SP-3830,SI-3989,3227,alipay,failed,2024-03-08
SP-3831,SI-2778,1217,alipay,pending,02/22/2025
SP-3832,SI-2941,2211,bank_transfer,pending,2025-04-07
SP-3833,SI-4645,781,card,SUCCESS,09-08-2024
SP-3834,SI-3511,983,card,pending,05/05/2024
SP-3835,SI-3427,3743,bank_transfer,pending,01-06-2025
SP-3836,SI-2941,1962,wechat,pending,2025-04-21
SP-3837,SI-5606,2284,wechat,success,2026-12-17
SP-3838,SI-2486,"2,683.00",alipay,SUCCESS,15-04-2025
SP-3839,SI-953,258,alipay,SUCCESS,04/14/2026
SP-3840,SI-2976,"$2,893.00",card,SUCCESS,2026-08-25
SP-3841,SI-4497,"4,092.00",wechat,success,10/06/2025
SP-3842,SI-5195,1795,bank_transfer,pending,05/13/2026
SP-3843,SI-830,4896,alipay,SUCCESS,2025-12-11
SP-3844,SI-2301,2829,card,pending,2024-11-28
SP-3845,SI-5816,"$3,451.00",wechat,pending,10/09/2024
SP-3846,SI-2803,$958.00,bank_transfer,pending,2026-05-15
SP-3847,SI-2481,"$1,380.00",bank_transfer,success,20-09-2024
SP-3848,SI-1468,3123,bank_transfer,SUCCESS,2024-12-12
SP-3849,SI-650,2860,card,success,2026-03-03
SP-3850,SI-5104,"$2,560.00",wechat,pending,2026-03-19
SP-3851,SI-2369,"3,557.00",bank_transfer,SUCCESS,2024-06-12
SP-3852,SI-2723,281.00,card,pending,07/04/2025
SP-3853,SI-232,"$1,077.00",wechat,SUCCESS,27-03-2026
SP-3854,SI-2612,3595,alipay,pending,03/08/2025
SP-3855,SI-2504,4841,card,success,2025-11-18
SP-3856,SI-5276,1173,wechat,success,2026-05-01
SP-3857,SI-5883,726,wechat,SUCCESS,19-10-2026
SP-3858,SI-607,"$3,709.00",wechat,SUCCESS,08/19/2025
SP-3859,SI-5086,"$1,245.00",bank_transfer,SUCCESS,22-08-2026
SP-3860,SI-494,"$4,867.00",wechat,pending,2024-08-24
SP-3861,SI-5515,1846,alipay,pending,2025-07-22
SP-3862,SI-3611,3816,bank_transfer,pending,09/09/2024
SP-3863,SI-4046,"2,101.00",alipay,success,2025-05-04
SP-3864,SI-1880,"$3,446.00",wechat,success,24-03-2026
SP-3865,SI-3559,687,wechat,pending,06/09/2026
SP-3866,SI-4868,$678.00,bank_transfer,pending,2024-09-06
SP-3867,SI-1817,$755.00,wechat,failed,01/07/2024
SP-3868,SI-3072,"$2,743.00",wechat,SUCCESS,07/04/2026
SP-3869,SI-1237,2612,wechat,pending,2024-05-08
SP-3870,SI-3601,3783,bank_transfer,success,06/21/2024
SP-3871,SI-1948,"3,726.00",bank_transfer,pending,22-05-2026
SP-3872,SI-2991,"$4,049.00",alipay,SUCCESS,2025-08-13
SP-3873,SI-1840,4826,alipay,success,2024-03-18
SP-3874,SI-1609,3964,alipay,success,2026-02-11
SP-3875,SI-5944,$643.00,bank_transfer,SUCCESS,04/22/2024
SP-3876,SI-1112,"$1,467.00",alipay,pending,2024-12-21
SP-3877,SI-3199,"4,813.00",alipay,success,11/05/2026
SP-3878,SI-2718,1212,bank_transfer,pending,03-07-2025
SP-3879,SI-4591,1852,wechat,pending,12/11/2025
SP-3880,SI-5914,"$1,952.00",alipay,success,2024-10-05
SP-3881,SI-3091,"$3,762.00",wechat,success,2025-05-16
SP-3882,SI-775,4810,card,SUCCESS,2025-04-14
SP-3883,SI-5566,"1,216.00",alipay,success,07/20/2026
SP-3884,SI-4948,"$3,436.00",wechat,SUCCESS,04/13/2026
SP-3885,SI-5026,"$4,468.00",wechat,pending,2025-08-26
SP-3886,SI-3780,"4,115.00",card,pending,2026-03-28
SP-3887,SI-5066,"$3,003.00",alipay,SUCCESS,2025-02-09
SP-3888,SI-5950,255,wechat,success,06-01-2026
SP-3889,SI-4669,4328,bank_transfer,SUCCESS,12/17/2024
SP-3890,SI-2375,"$4,524.00",wechat,pending,2026-07-28
SP-3891,SI-4763,4134,card,success,05/20/2024
SP-3892,SI-3594,"3,230.00",bank_transfer,failed,01/12/2026
SP-3893,SI-1895,3043,wechat,success,2024-07-01
SP-3894,SI-4670,4094,bank_transfer,success,2025-08-20
SP-3895,SI-3437,2127,wechat,success,2026-01-04
SP-3896,SI-2325,"$3,452.00",card,SUCCESS,2026-04-27
SP-3897,SI-445,649.00,bank_transfer,success,11/22/2026
SP-3898,SI-702,4708,bank_transfer,success,11/14/2025
SP-3899,SI-3763,1105,bank_transfer,SUCCESS,12/17/2026
SP-3900,SI-55,401.00,card,pending,2026-05-18
SP-3901,SI-5650,"$1,451.00",wechat,pending,04/28/2024
SP-3902,SI-4104,"$2,084.00",card,pending,17-05-2026
SP-3903,SI-1305,"2,525.00",card,success,2024-08-06
SP-3904,SI-4513,2750,bank_transfer,pending,2025-09-05
SP-3905,SI-4549,3912,card,failed,15-12-2025
SP-3906,SI-2550,2645,card,pending,2024-01-03
SP-3907,SI-426,594.00,bank_transfer,success,09/07/2026
SP-3908,SI-1226,3092,bank_transfer,success,24-11-2024
SP-3909,SI-4369,4831,card,pending,12/14/2024
SP-3910,SI-3125,2097,card,SUCCESS,11/28/2024
SP-3911,SI-5362,"1,925.00",bank_transfer,pending,2026-01-07
SP-3912,SI-449,593,card,pending,2025-05-26
SP-3913,SI-569,"1,545.00",card,pending,10/03/2026
SP-3914,SI-1940,840.00,card,success,2024-10-22
SP-3915,SI-2967,"3,993.00",bank_transfer,success,08/17/2024
SP-3916,SI-3205,"$1,025.00",alipay,success,14-09-2024
SP-3917,SI-5901,2323,bank_transfer,success,2026-01-10
SP-3918,SI-5950,1792,bank_transfer,pending,2026-02-15
SP-3919,SI-5074,"$1,781.00",bank_transfer,success,2026-03-04
SP-3920,SI-3360,4389,wechat,pending,2026-02-05
SP-3921,SI-4619,"4,011.00",wechat,pending,17-07-2024
SP-3922,SI-4008,1126,card,SUCCESS,03-05-2026
SP-3923,SI-2727,2210,wechat,failed,01/19/2026
SP-3924,SI-839,4024,alipay,pending,2024-10-14
SP-3925,SI-3462,3567,bank_transfer,success,2026-01-02
SP-3926,SI-5450,1254,bank_transfer,failed,12/06/2025
SP-3927,SI-3119,"$2,764.00",card,success,2025-05-28
SP-3928,SI-1192,1600,bank_transfer,SUCCESS,2025-05-05
SP-3929,SI-368,4249,card,SUCCESS,08/20/2026
SP-3930,SI-4409,"$2,304.00",card,SUCCESS,26-09-2026
SP-3931,SI-4941,2337,alipay,SUCCESS,2026-09-04
SP-3932,SI-4309,1232,alipay,pending,2025-09-07
SP-3933,SI-3583,"$3,168.00",bank_transfer,failed,22-01-2026
SP-3934,SI-5740,"3,331.00",wechat,success,2026-06-09
SP-3935,SI-5716,2770,alipay,SUCCESS,2024-12-05
SP-3936,SI-5866,2756,alipay,pending,2025-09-17
SP-3937,SI-5358,143.00,card,SUCCESS,2026-12-22
SP-3938,SI-4489,"$1,214.00",card,success,10/05/2026
SP-3939,SI-5024,2635,alipay,success,16-10-2024
SP-3940,SI-4005,4742,alipay,success,21-01-2025
SP-3941,SI-3089,"3,725.00",wechat,pending,2025-04-20
SP-3942,SI-1028,"$2,584.00",card,pending,2024-08-24
SP-3943,SI-1130,$648.00,card,pending,2026-05-11
SP-3944,SI-1722,"$1,144.00",card,SUCCESS,17-06-2026
SP-3945,SI-3804,"$2,605.00",wechat,success,2024-03-22
SP-3946,SI-1302,4619,bank_transfer,SUCCESS,16-08-2025
SP-3947,SI-5091,454.00,bank_transfer,SUCCESS,2025-08-24
SP-3948,SI-5150,$737.00,bank_transfer,SUCCESS,02/07/2026
SP-3949,SI-4237,1489,alipay,success,12/10/2025
SP-3950,SI-589,"1,614.00",bank_transfer,pending,07/23/2024
SP-3951,SI-2543,1986,alipay,success,2025-12-14
SP-3952,SI-915,"$2,256.00",bank_transfer,SUCCESS,07/26/2024
SP-3953,SI-3775,4583,alipay,SUCCESS,2026-10-03
SP-3954,SI-5017,1647,card,pending,02/28/2026
SP-3955,SI-590,"2,902.00",bank_transfer,success,05/06/2026
SP-3956,SI-3216,"1,957.00",alipay,pending,2024-02-17
SP-3957,SI-3748,2217,alipay,pending,07/14/2024
SP-3958,SI-1706,"$2,231.00",card,pending,04/15/2026
SP-3959,SI-1461,"3,028.00",wechat,failed,07/14/2026
SP-3960,SI-5464,358,card,SUCCESS,2025-10-25
SP-3961,SI-2047,2915,card,pending,2024-10-27
SP-3962,SI-1690,215,bank_transfer,failed,02/26/2024
SP-3963,SI-507,"2,468.00",card,success,2026-07-09
SP-3964,SI-2052,4827,card,failed,2025-03-03
SP-3965,SI-4105,2148,wechat,pending,2026-02-12
SP-3966,SI-594,2188,card,pending,2026-01-20
SP-3967,SI-1553,"$1,068.00",bank_transfer,pending,06/02/2025
SP-3968,SI-1168,610,card,success,2025-07-27
SP-3969,SI-4861,"4,894.00",bank_transfer,pending,2026-05-05
SP-3970,SI-5145,3156,alipay,success,10/10/2026
SP-3971,SI-1075,4425,wechat,success,08/10/2026
SP-3972,SI-490,"3,060.00",card,success,08-10-2024
SP-3973,SI-5581,"$1,092.00",wechat,pending,2024-10-24
SP-3974,SI-3699,"4,825.00",wechat,success,06-07-2024
SP-3975,SI-5189,3186,card,failed,09/19/2026
SP-3976,SI-5048,$573.00,wechat,SUCCESS,08/03/2025
SP-3977,SI-2837,1382,bank_transfer,failed,20-03-2025
SP-3978,SI-2025,"$1,748.00",bank_transfer,success,25-08-2025
SP-3979,SI-4437,"$4,909.00",alipay,SUCCESS,2026-09-17
SP-3980,SI-5761,"1,035.00",bank_transfer,pending,27-03-2024
SP-3981,SI-529,"1,846.00",wechat,pending,2025-11-25
SP-3982,SI-4216,"3,179.00",alipay,pending,2025-02-23
SP-3983,SI-2942,"$2,104.00",wechat,SUCCESS,02-09-2024
SP-3984,SI-3254,"$2,284.00",wechat,SUCCESS,2024-12-25
SP-3985,SI-3687,"$1,937.00",alipay,failed,2026-10-27
SP-3986,SI-910,"1,229.00",bank_transfer,success,2024-08-26
SP-3987,SI-3361,2994,wechat,SUCCESS,2026-02-11
SP-3988,SI-5460,3332,bank_transfer,pending,07/09/2026
SP-3989,SI-188,2216,wechat,pending,15-01-2024
SP-3990,SI-2631,2117,alipay,pending,2024-01-22
SP-3991,SI-5669,100,wechat,success,27-05-2025
SP-3992,SI-3109,"4,788.00",bank_transfer,SUCCESS,2026-01-07
SP-3993,SI-917,2744,bank_transfer,success,2026-04-12
SP-3994,SI-3697,1538,card,success,2024-09-10
SP-3995,SI-546,$566.00,bank_transfer,success,2026-01-03
SP-3996,SI-5092,"3,415.00",bank_transfer,SUCCESS,2025-11-22
SP-3997,SI-700,"$4,827.00",bank_transfer,success,2026-09-05
SP-3998,SI-5864,"$2,141.00",card,success,2026-09-08
SP-3999,SI-2090,"$1,384.00",card,pending,2025-07-22
SP-4000,SI-3348,$453.00,wechat,SUCCESS,06-06-2025
SP-4001,SI-860,"$2,293.00",bank_transfer,pending,10/21/2026
SP-4002,SI-1622,"$2,620.00",card,success,12/25/2026
SP-4003,SI-515,"$3,705.00",alipay,SUCCESS,05-05-2026
SP-4004,SI-3804,"$1,238.00",card,pending,2025-02-25
SP-4005,SI-5428,"$3,637.00",bank_transfer,SUCCESS,14-08-2024
SP-4006,SI-483,3809,card,pending,02-05-2026
SP-4007,SI-2069,2627,bank_transfer,success,10/14/2026
SP-4008,SI-3642,"1,081.00",bank_transfer,success,07/06/2026
SP-4009,SI-1414,"1,481.00",bank_transfer,success,01-10-2025
SP-4010,SI-4624,"$4,579.00",bank_transfer,success,2026-01-15
SP-4011,SI-5418,241,card,SUCCESS,05/14/2026
SP-4012,SI-665,3537,wechat,SUCCESS,2025-10-21
SP-4013,SI-4842,"2,601.00",wechat,success,27-08-2026
SP-4014,SI-5654,908,alipay,SUCCESS,01-11-2024
SP-4015,SI-4441,"1,991.00",bank_transfer,SUCCESS,03/12/2026
SP-4016,SI-2382,4806,bank_transfer,SUCCESS,2026-10-11
SP-4017,SI-3789,"$2,685.00",bank_transfer,pending,07/18/2026
SP-4018,SI-5339,1631,alipay,SUCCESS,16-09-2024
SP-4019,SI-1741,"$1,538.00",alipay,failed,2025-07-27
SP-4020,SI-5810,"3,238.00",wechat,failed,02/05/2025
SP-4021,SI-545,3033,bank_transfer,SUCCESS,03/20/2024
SP-4022,SI-1534,1743,bank_transfer,pending,2025-09-06
SP-4023,SI-421,"1,183.00",wechat,success,2024-01-05
SP-4024,SI-2590,"4,152.00",bank_transfer,pending,08/13/2025
SP-4025,SI-3952,"1,419.00",alipay,SUCCESS,23-03-2026
SP-4026,SI-321,212,wechat,pending,18-09-2024
SP-4027,SI-2282,"$1,748.00",alipay,SUCCESS,06-06-2024
SP-4028,SI-5227,136,bank_transfer,success,2026-10-28
SP-4029,SI-4152,226,bank_transfer,success,09/17/2026
SP-4030,SI-2890,2556,card,SUCCESS,04/15/2025
SP-4031,SI-5038,558,card,SUCCESS,06-06-2024
SP-4032,SI-140,1204,wechat,pending,2025-03-09
SP-4033,SI-3760,"$4,926.00",bank_transfer,success,2026-09-24
SP-4034,SI-4819,3672,bank_transfer,success,2024-03-19
SP-4035,SI-3396,133.00,card,pending,2025-04-18
SP-4036,SI-1983,3485,card,success,12/19/2024
SP-4037,SI-1900,3759,alipay,success,03/13/2025
SP-4038,SI-5006,"$1,085.00",bank_transfer,success,2026-07-07
SP-4039,SI-3213,"$4,205.00",wechat,failed,2026-02-25
SP-4040,SI-3685,"2,106.00",bank_transfer,pending,18-05-2025
SP-4041,SI-4498,"4,442.00",alipay,success,2024-09-14
SP-4042,SI-1654,257,bank_transfer,pending,12/15/2025
SP-4043,SI-3480,2599,card,success,2025-02-24
SP-4044,SI-2572,4741,wechat,pending,10/14/2026
SP-4045,SI-2291,2565,bank_transfer,success,02/03/2024
SP-4046,SI-5370,2279,card,success,2024-06-28
SP-4047,SI-5999,4760,wechat,pending,2024-03-04
SP-4048,SI-1,1701,card,pending,15-11-2025
SP-4049,SI-3873,637,bank_transfer,pending,01/06/2025
SP-4050,SI-857,936,wechat,pending,2025-11-04
SP-4051,SI-233,"$3,734.00",bank_transfer,success,2026-09-04
SP-4052,SI-1907,99,bank_transfer,pending,23-12-2024
SP-4053,SI-1270,125,bank_transfer,failed,2024-12-24
SP-4054,SI-2505,"$2,003.00",wechat,SUCCESS,2025-09-05
SP-4055,SI-4830,110,wechat,success,2025-07-12
SP-4056,SI-1867,"1,090.00",card,success,10/05/2024
SP-4057,SI-5308,3261,alipay,success,03/10/2024
SP-4058,SI-4033,2402,alipay,success,2026-10-18
SP-4059,SI-3123,2744,alipay,SUCCESS,10/21/2025
SP-4060,SI-3707,3457,wechat,pending,03/04/2026
SP-4061,SI-2677,"2,562.00",bank_transfer,pending,2024-10-12
SP-4062,SI-2256,2673,alipay,SUCCESS,2024-01-27
SP-4063,SI-409,3155,bank_transfer,SUCCESS,01/03/2025
SP-4064,SI-1871,$246.00,bank_transfer,success,04/27/2024
SP-4065,SI-1359,1508,alipay,SUCCESS,2024-11-14
SP-4066,SI-1300,"2,687.00",alipay,SUCCESS,2025-04-21
SP-4067,SI-3209,"$3,260.00",bank_transfer,pending,2026-11-02
SP-4068,SI-3209,"$4,891.00",card,pending,06-05-2026
SP-4069,SI-4395,4257,alipay,SUCCESS,01-03-2025
SP-4070,SI-2102,"$4,288.00",bank_transfer,SUCCESS,11/14/2024
SP-4071,SI-1850,4544,bank_transfer,failed,02/14/2026
SP-4072,SI-4671,"2,024.00",bank_transfer,pending,08/18/2024
SP-4073,SI-4868,"1,761.00",bank_transfer,SUCCESS,05/12/2024
SP-4074,SI-1713,"2,516.00",bank_transfer,SUCCESS,2024-12-08
SP-4075,SI-2538,4746,alipay,pending,2025-07-22
SP-4076,SI-4741,1123,bank_transfer,pending,2026-10-08
SP-4077,SI-5532,3497,wechat,pending,2025-12-19
SP-4078,SI-3210,"4,307.00",wechat,pending,2025-11-19
SP-4079,SI-5183,350.00,alipay,pending,2026-11-26
SP-4080,SI-837,4759,alipay,pending,2026-08-03
SP-4081,SI-2477,127,alipay,SUCCESS,07/09/2026
SP-4082,SI-3081,4747,card,SUCCESS,08/28/2025
SP-4083,SI-2107,"4,380.00",alipay,failed,2024-07-12
SP-4084,SI-5344,"2,777.00",card,failed,04/14/2024
SP-4085,SI-2951,"1,323.00",bank_transfer,SUCCESS,2025-06-03
SP-4086,SI-1081,$511.00,wechat,pending,2025-12-15
SP-4087,SI-5645,"3,468.00",wechat,pending,09-02-2025
SP-4088,SI-1648,"$2,145.00",bank_transfer,success,2025-09-04
SP-4089,SI-585,510,card,pending,2024-09-15
SP-4090,SI-5751,"$1,657.00",bank_transfer,success,26-12-2025
SP-4091,SI-362,4151,card,pending,04-08-2026
SP-4092,SI-2645,3049,card,pending,10/06/2025
SP-4093,SI-4255,527,alipay,pending,12/16/2024
SP-4094,SI-1372,"$3,443.00",wechat,pending,25-04-2024
SP-4095,SI-3693,"2,718.00",bank_transfer,pending,08-03-2025
SP-4096,SI-4830,"$4,388.00",card,pending,19-11-2025
SP-4097,SI-1930,325,alipay,pending,2025-01-25
SP-4098,SI-672,562,card,pending,2026-04-25
SP-4099,SI-757,"1,321.00",bank_transfer,failed,17-09-2026
SP-4100,SI-2248,2950,alipay,pending,08-10-2025
SP-4101,SI-830,429,card,failed,2025-01-16
SP-4102,SI-4387,$871.00,card,SUCCESS,2024-11-28
SP-4103,SI-1461,2665,alipay,SUCCESS,2024-10-07
SP-4104,SI-2676,1432,bank_transfer,SUCCESS,2026-10-19
SP-4105,SI-4970,3821,bank_transfer,pending,2026-08-23
SP-4106,SI-692,"$4,089.00",wechat,pending,2025-05-16
SP-4107,SI-3881,"$4,897.00",wechat,success,13-03-2026
SP-4108,SI-4093,3697,alipay,success,18-02-2024
SP-4109,SI-3730,2989,wechat,success,07/08/2025
SP-4110,SI-4585,"$4,014.00",card,pending,2025-07-01
SP-4111,SI-4699,433.00,alipay,SUCCESS,2024-06-03
SP-4112,SI-4331,"4,818.00",alipay,failed,11-07-2025
SP-4113,SI-5350,"$4,775.00",card,pending,2026-02-28
SP-4114,SI-3740,$868.00,card,failed,17-04-2026
SP-4115,SI-2746,"1,658.00",wechat,pending,2025-02-02
SP-4116,SI-2831,"$4,965.00",alipay,SUCCESS,12/17/2026
SP-4117,SI-3635,309,card,success,16-10-2026
SP-4118,SI-926,2368,card,success,2026-03-16
SP-4119,SI-3795,771,alipay,SUCCESS,09-02-2024
SP-4120,SI-2050,"$4,613.00",bank_transfer,SUCCESS,08/05/2024
SP-4121,SI-300,1540,card,pending,28-07-2026
SP-4122,SI-2694,1054,alipay,success,16-05-2026
SP-4123,SI-865,4461,wechat,pending,11-07-2024
SP-4124,SI-1336,"$1,638.00",bank_transfer,SUCCESS,14-03-2024
SP-4125,SI-396,"$4,766.00",alipay,pending,02/13/2026
SP-4126,SI-5229,4357,bank_transfer,pending,20-04-2026
SP-4127,SI-4927,201,alipay,success,05/15/2025
SP-4128,SI-18,590,bank_transfer,success,2026-02-21
SP-4129,SI-2001,"1,789.00",bank_transfer,pending,10/27/2024
SP-4130,SI-2606,"$1,347.00",alipay,failed,2025-11-10
SP-4131,SI-2776,443.00,card,pending,15-05-2024
SP-4132,SI-5066,4857,wechat,pending,2025-03-17
SP-4133,SI-1903,3871,alipay,success,2025-01-04
SP-4134,SI-2886,"$3,174.00",alipay,pending,2026-05-11
SP-4135,SI-3230,2136,card,success,2025-10-25
SP-4136,SI-3599,$305.00,alipay,success,07/03/2025
SP-4137,SI-3722,"3,335.00",card,pending,15-03-2026
SP-4138,SI-2710,1467,wechat,pending,11/21/2025
SP-4139,SI-1511,863,alipay,success,13-11-2026
SP-4140,SI-5130,"$4,365.00",wechat,success,14-11-2026
SP-4141,SI-4366,"4,426.00",alipay,failed,15-05-2026
SP-4142,SI-4051,2315,bank_transfer,success,2025-08-26
SP-4143,SI-4072,789,bank_transfer,pending,2025-04-10
SP-4144,SI-5548,"$4,997.00",bank_transfer,pending,2025-03-05
SP-4145,SI-657,"4,619.00",bank_transfer,SUCCESS,2025-08-23
SP-4146,SI-803,"$1,128.00",card,pending,2024-04-24
SP-4147,SI-5171,1316,alipay,SUCCESS,07/17/2025
SP-4148,SI-3180,428,bank_transfer,SUCCESS,25-03-2026
SP-4149,SI-5964,"2,806.00",card,pending,2026-05-22
SP-4150,SI-1742,3690,wechat,success,2026-10-03
SP-4151,SI-5847,4877,alipay,SUCCESS,05-02-2026
SP-4152,SI-5459,"$4,618.00",wechat,success,2025-11-06
SP-4153,SI-4040,"4,755.00",card,success,2025-11-09
SP-4154,SI-3291,1345,wechat,success,05/28/2024
SP-4155,SI-1515,395,alipay,SUCCESS,2026-12-19
SP-4156,SI-3879,4268,wechat,success,2025-03-22
SP-4157,SI-569,$161.00,wechat,pending,05/06/2026
SP-4158,SI-5849,"$4,274.00",alipay,failed,2025-05-08
SP-4159,SI-1584,"3,564.00",alipay,success,12/07/2026
SP-4160,SI-4603,"4,012.00",wechat,SUCCESS,05/20/2026
SP-4161,SI-920,4308,bank_transfer,success,07/15/2025
SP-4162,SI-3896,4684,card,pending,07/25/2026
SP-4163,SI-3250,"1,469.00",card,pending,2026-10-06
SP-4164,SI-1833,2094,wechat,success,03/26/2026
SP-4165,SI-3391,"$2,054.00",bank_transfer,SUCCESS,2024-04-11
SP-4166,SI-3314,"$3,078.00",bank_transfer,SUCCESS,06/26/2025
SP-4167,SI-1301,3936,bank_transfer,success,2024-06-17
SP-4168,SI-1051,3049,card,pending,03/04/2024
SP-4169,SI-5760,"$1,401.00",card,SUCCESS,09-10-2024
SP-4170,SI-4794,"4,457.00",alipay,SUCCESS,2026-12-22
SP-4171,SI-4865,"$1,566.00",card,success,02/19/2024
SP-4172,SI-3103,3150,alipay,SUCCESS,13-12-2024
SP-4173,SI-690,"$3,026.00",alipay,success,2024-11-09
SP-4174,SI-464,4183,wechat,SUCCESS,2024-10-15
SP-4175,SI-4261,2828,card,pending,2024-08-22
SP-4176,SI-724,895,wechat,pending,12/09/2024
SP-4177,SI-3178,2759,bank_transfer,pending,04-10-2025
SP-4178,SI-1575,$600.00,bank_transfer,pending,2025-04-05
SP-4179,SI-206,"$3,596.00",bank_transfer,success,2025-01-16
SP-4180,SI-3089,"2,800.00",bank_transfer,failed,04/21/2025
SP-4181,SI-1601,674,bank_transfer,failed,2026-05-10
SP-4182,SI-4093,848,bank_transfer,pending,2024-08-21
SP-4183,SI-514,519,alipay,pending,03/24/2024
SP-4184,SI-2034,3209,bank_transfer,SUCCESS,2025-12-28
SP-4185,SI-800,"$4,324.00",bank_transfer,SUCCESS,04/27/2025
SP-4186,SI-1543,"$1,731.00",alipay,pending,10/15/2025
SP-4187,SI-2683,"$4,982.00",alipay,success,2026-10-21
SP-4188,SI-2217,"2,038.00",card,success,2025-05-21
SP-4189,SI-4859,4342,card,pending,2025-04-26
SP-4190,SI-156,3454,alipay,failed,2024-11-27
SP-4191,SI-957,4188,wechat,success,11/17/2025
SP-4192,SI-3673,"$4,406.00",alipay,success,2026-06-16
SP-4193,SI-2231,3691,alipay,pending,08/15/2025
SP-4194,SI-2729,"1,079.00",card,failed,01/14/2026
SP-4195,SI-1134,"$1,908.00",wechat,success,2025-10-16
SP-4196,SI-4514,$469.00,card,pending,01/20/2026
SP-4197,SI-2621,3187,card,success,01-01-2024
SP-4198,SI-3510,"1,696.00",wechat,success,12/19/2024
SP-4199,SI-1610,"$2,087.00",wechat,pending,2026-11-17
SP-4200,SI-2640,309.00,card,success,23-07-2026
SP-4201,SI-1424,4774,card,SUCCESS,05/03/2024
SP-4202,SI-1900,3995,alipay,failed,2026-03-15
SP-4203,SI-2525,"3,731.00",card,SUCCESS,2026-09-03
SP-4204,SI-843,3498,wechat,success,11/02/2024
SP-4205,SI-4349,4890,card,success,2025-08-09
SP-4206,SI-1640,"$4,873.00",card,success,2026-12-28
SP-4207,SI-4959,3123,bank_transfer,SUCCESS,2026-08-21
SP-4208,SI-657,"$4,770.00",wechat,success,2024-04-23
SP-4209,SI-2733,"2,706.00",wechat,SUCCESS,2026-05-12
SP-4210,SI-606,"$4,091.00",card,SUCCESS,06/26/2024
SP-4211,SI-5025,"1,693.00",alipay,success,2026-03-15
SP-4212,SI-4899,"4,635.00",card,success,05/21/2026
SP-4213,SI-3712,"$3,760.00",card,success,2024-01-17
SP-4214,SI-451,3150,bank_transfer,failed,2025-10-18
SP-4215,SI-1476,"2,981.00",alipay,success,2024-11-18
SP-4216,SI-328,"$2,796.00",card,SUCCESS,2025-02-18
SP-4217,SI-4712,643,card,failed,2024-07-14
SP-4218,SI-2504,447.00,wechat,success,2025-09-23
SP-4219,SI-802,"$4,466.00",bank_transfer,SUCCESS,2025-10-23
SP-4220,SI-2513,"$4,978.00",alipay,pending,24-01-2024
SP-4221,SI-5548,"$4,965.00",alipay,pending,2025-02-24
SP-4222,SI-2349,"$3,487.00",wechat,failed,05-04-2026
SP-4223,SI-745,"$2,694.00",bank_transfer,success,21-10-2026
SP-4224,SI-5582,"4,587.00",bank_transfer,SUCCESS,2024-11-18
SP-4225,SI-2065,1750,bank_transfer,SUCCESS,2025-12-12
SP-4226,SI-5779,"$4,389.00",bank_transfer,success,07-06-2026
SP-4227,SI-5086,"$4,464.00",bank_transfer,SUCCESS,08/26/2025
SP-4228,SI-2047,$310.00,bank_transfer,SUCCESS,2026-02-01
SP-4229,SI-1584,"$1,707.00",bank_transfer,pending,09/17/2025
SP-4230,SI-4922,"$1,361.00",alipay,pending,2026-08-16
SP-4231,SI-1244,"3,853.00",wechat,SUCCESS,16-09-2025
SP-4232,SI-4872,2138,card,SUCCESS,2026-04-22
SP-4233,SI-4723,4696,card,success,22-08-2025
SP-4234,SI-5967,$792.00,wechat,SUCCESS,2024-01-14
SP-4235,SI-3724,668.00,bank_transfer,pending,07/04/2024
SP-4236,SI-4892,1010,alipay,success,05-11-2026
SP-4237,SI-4465,"4,118.00",card,success,16-05-2024
SP-4238,SI-1685,4113,bank_transfer,success,12/20/2026
SP-4239,SI-1959,"$2,342.00",card,pending,24-09-2025
SP-4240,SI-4957,"$2,307.00",bank_transfer,success,2025-09-23
SP-4241,SI-4,1024,bank_transfer,pending,11-07-2025
SP-4242,SI-4414,"$1,687.00",card,success,12/23/2025
SP-4243,SI-1894,"$4,272.00",bank_transfer,pending,2024-08-21
SP-4244,SI-3845,2871,bank_transfer,pending,2025-02-02
SP-4245,SI-3408,"1,720.00",card,pending,2024-12-10
SP-4246,SI-2392,3138,alipay,SUCCESS,2025-10-23
SP-4247,SI-47,3501,alipay,SUCCESS,2025-04-11
SP-4248,SI-4315,"1,135.00",bank_transfer,pending,2024-08-22
SP-4249,SI-3059,"2,076.00",card,success,2026-02-15
SP-4250,SI-2770,$554.00,card,pending,2026-04-09
SP-4251,SI-2375,966.00,wechat,SUCCESS,03/12/2024
SP-4252,SI-2400,"3,252.00",alipay,SUCCESS,2025-09-14
SP-4253,SI-61,664,alipay,SUCCESS,2025-08-05
SP-4254,SI-4891,"3,456.00",alipay,pending,2025-11-02
SP-4255,SI-3129,"2,066.00",wechat,SUCCESS,12/27/2025
SP-4256,SI-888,3666,wechat,SUCCESS,10/25/2024
SP-4257,SI-4914,"4,414.00",card,SUCCESS,2025-08-22
SP-4258,SI-4765,"$4,574.00",alipay,SUCCESS,2025-05-14
SP-4259,SI-4550,"$4,516.00",card,success,2026-06-23
SP-4260,SI-405,$142.00,card,failed,2025-12-09
SP-4261,SI-745,1411,card,success,02-05-2025
SP-4262,SI-1968,513,wechat,pending,2026-11-14
SP-4263,SI-1049,531,alipay,SUCCESS,2024-06-08
SP-4264,SI-2572,571,card,success,04/12/2025
SP-4265,SI-5812,2073,alipay,success,2026-12-15
SP-4266,SI-5563,1914,alipay,success,03/17/2026
SP-4267,SI-3938,509,card,SUCCESS,07/23/2024
SP-4268,SI-3124,4340,wechat,SUCCESS,13-01-2024
SP-4269,SI-231,$301.00,alipay,SUCCESS,12-04-2024
SP-4270,SI-2408,867,wechat,pending,2025-11-27
SP-4271,SI-736,2822,alipay,SUCCESS,2026-04-04
SP-4272,SI-5515,"4,056.00",bank_transfer,pending,21-08-2025
SP-4273,SI-4982,259,alipay,SUCCESS,2025-03-19
SP-4274,SI-2685,1357,bank_transfer,success,03/23/2026
SP-4275,SI-3040,2808,card,success,07/18/2025
SP-4276,SI-4541,3291,alipay,pending,02/26/2026
SP-4277,SI-4928,$614.00,wechat,SUCCESS,28-11-2026
SP-4278,SI-3781,$521.00,card,SUCCESS,12/07/2025
SP-4279,SI-3800,4237,bank_transfer,SUCCESS,2026-09-03
SP-4280,SI-860,"$4,263.00",bank_transfer,failed,08/27/2025
SP-4281,SI-3179,1236,alipay,pending,2025-09-27
SP-4282,SI-122,"3,699.00",alipay,success,25-01-2024
SP-4283,SI-2829,630.00,card,success,06/06/2026
SP-4284,SI-4682,"$3,866.00",alipay,pending,2025-04-07
SP-4285,SI-3560,"$2,979.00",bank_transfer,pending,10/06/2025
SP-4286,SI-380,2476,alipay,failed,25-03-2026
SP-4287,SI-1551,$686.00,alipay,SUCCESS,09/01/2024
SP-4288,SI-5826,676,alipay,pending,03/18/2025
SP-4289,SI-705,3605,card,success,2025-10-15
SP-4290,SI-872,3305,bank_transfer,success,2026-12-24
SP-4291,SI-5534,248.00,alipay,success,04-11-2026
SP-4292,SI-2810,"$2,985.00",alipay,SUCCESS,2024-12-01
SP-4293,SI-5954,"$3,868.00",alipay,SUCCESS,2026-12-23
SP-4294,SI-1704,$810.00,bank_transfer,success,2026-12-06
SP-4295,SI-4183,1384,bank_transfer,success,2025-08-26
SP-4296,SI-3792,204,card,SUCCESS,2026-07-24
SP-4297,SI-4945,195,card,success,01/21/2024
SP-4298,SI-779,4008,bank_transfer,pending,11/07/2026
SP-4299,SI-5881,3083,wechat,SUCCESS,13-05-2026
SP-4300,SI-1698,$164.00,card,pending,2026-11-27
SP-4301,SI-4159,617,alipay,SUCCESS,2024-02-14
SP-4302,SI-869,"$1,268.00",alipay,success,12/10/2025
SP-4303,SI-243,"4,980.00",alipay,success,08/14/2026
SP-4304,SI-2575,2279,wechat,failed,08/16/2025
SP-4305,SI-1310,751,card,failed,10/20/2026
SP-4306,SI-2452,"3,887.00",alipay,success,24-08-2026
SP-4307,SI-1235,3419,wechat,pending,2024-10-25
SP-4308,SI-2418,"4,688.00",bank_transfer,success,04/16/2025
SP-4309,SI-537,"1,329.00",wechat,SUCCESS,2025-01-18
SP-4310,SI-5299,2186,wechat,SUCCESS,03/04/2025
SP-4311,SI-5655,"$2,458.00",bank_transfer,pending,2026-05-25
SP-4312,SI-5582,1253,alipay,failed,13-10-2026
SP-4313,SI-4157,773,card,pending,2024-02-15
SP-4314,SI-2490,"$4,140.00",card,failed,2026-06-19
SP-4315,SI-4556,"1,669.00",card,pending,2026-11-28
SP-4316,SI-5988,3931,wechat,pending,27-09-2026
SP-4317,SI-1705,4885,bank_transfer,SUCCESS,13-12-2026
SP-4318,SI-5935,"1,386.00",alipay,pending,08/05/2025
SP-4319,SI-2316,3083,bank_transfer,success,2025-11-05
SP-4320,SI-59,514,card,failed,07/12/2026
SP-4321,SI-2591,682.00,card,SUCCESS,11/06/2026
SP-4322,SI-4762,4911,wechat,SUCCESS,2024-04-05
SP-4323,SI-871,"3,973.00",card,success,2024-09-24
SP-4324,SI-953,2807,wechat,success,11/03/2025
SP-4325,SI-1236,3524,alipay,pending,11/03/2024
SP-4326,SI-2100,2209,card,SUCCESS,04-05-2025
SP-4327,SI-59,"4,546.00",bank_transfer,success,2024-09-27
SP-4328,SI-5711,4376,bank_transfer,success,2026-06-28
SP-4329,SI-631,4913,bank_transfer,SUCCESS,08-09-2025
SP-4330,SI-72,"$1,535.00",card,pending,10-06-2024
SP-4331,SI-40,499.00,bank_transfer,SUCCESS,12/13/2026
SP-4332,SI-2891,"4,686.00",alipay,pending,2024-11-19
SP-4333,SI-3486,4068,card,pending,2025-04-18
SP-4334,SI-2518,3575,wechat,success,20-10-2025
SP-4335,SI-4851,2652,card,pending,09/26/2026
SP-4336,SI-1603,1994,card,SUCCESS,02/03/2024
SP-4337,SI-3,173,wechat,pending,10-06-2026
SP-4338,SI-1601,"1,520.00",bank_transfer,failed,02-11-2024
SP-4339,SI-5223,342.00,bank_transfer,pending,2026-12-20
SP-4340,SI-3476,"3,454.00",wechat,pending,2024-02-10
SP-4341,SI-1458,1213,alipay,pending,2026-05-12
SP-4342,SI-714,1318,alipay,success,09/02/2024
SP-4343,SI-4439,"2,504.00",card,success,2025-10-22
SP-4344,SI-3792,387,card,SUCCESS,2025-10-06
SP-4345,SI-2458,4889,wechat,success,23-02-2024
SP-4346,SI-5911,3070,bank_transfer,success,2024-07-01
SP-4347,SI-3746,710,alipay,success,04/03/2026
SP-4348,SI-3698,"4,359.00",bank_transfer,SUCCESS,01/18/2025
SP-4349,SI-4433,4389,card,success,11/21/2025
SP-4350,SI-2847,"$2,355.00",card,SUCCESS,2025-07-03
SP-4351,SI-3393,"$2,693.00",alipay,pending,2025-08-03
SP-4352,SI-4847,3455,wechat,pending,2025-03-05
SP-4353,SI-4901,"$2,092.00",bank_transfer,success,09/18/2026
SP-4354,SI-5960,165,alipay,pending,2024-06-17
SP-4355,SI-790,$511.00,wechat,success,2024-03-20
SP-4356,SI-2229,2853,wechat,success,2024-10-18
SP-4357,SI-5777,"$1,278.00",bank_transfer,pending,09/28/2026
SP-4358,SI-1751,"$1,764.00",alipay,SUCCESS,02/12/2025
SP-4359,SI-5014,4988,wechat,failed,2026-06-13
SP-4360,SI-4028,1119,alipay,success,2026-09-20
SP-4361,SI-3602,4617,card,success,12-10-2025
SP-4362,SI-5995,"$1,627.00",card,success,2025-01-04
SP-4363,SI-1331,"$1,373.00",card,SUCCESS,2026-11-08
SP-4364,SI-1078,2862,card,SUCCESS,2024-07-11
SP-4365,SI-4801,$617.00,wechat,SUCCESS,2026-09-15
SP-4366,SI-1347,$346.00,card,pending,2026-08-22
SP-4367,SI-3913,2776,wechat,pending,2024-11-04
SP-4368,SI-1833,4013,wechat,failed,2024-05-20
SP-4369,SI-2110,2955,card,success,27-03-2025
SP-4370,SI-1235,"$4,773.00",alipay,pending,12/23/2026
SP-4371,SI-326,541,alipay,pending,2026-03-22
SP-4372,SI-717,$838.00,bank_transfer,pending,26-04-2024
SP-4373,SI-1683,"4,109.00",wechat,SUCCESS,14-12-2026
SP-4374,SI-3388,3796,bank_transfer,pending,07/06/2026
SP-4375,SI-3551,4813,alipay,SUCCESS,11-12-2024
SP-4376,SI-5591,1836,wechat,pending,2026-11-27
SP-4377,SI-3593,"$1,586.00",alipay,success,2026-03-01
SP-4378,SI-2486,"$2,067.00",alipay,SUCCESS,2026-05-14
SP-4379,SI-4380,"$3,722.00",bank_transfer,SUCCESS,2024-05-10
SP-4380,SI-1679,710.00,bank_transfer,success,10/05/2024
SP-4381,SI-3331,"$2,742.00",alipay,pending,06/19/2024
SP-4382,SI-604,4296,card,SUCCESS,2025-01-21
SP-4383,SI-410,"3,618.00",wechat,pending,2024-07-05
SP-4384,SI-109,"1,647.00",bank_transfer,SUCCESS,06/16/2026
SP-4385,SI-1152,4486,bank_transfer,pending,07/15/2025
SP-4386,SI-5184,"$3,492.00",bank_transfer,SUCCESS,2025-10-08
SP-4387,SI-5942,"$3,228.00",bank_transfer,SUCCESS,2025-02-25
SP-4388,SI-496,296.00,alipay,success,12/26/2025
SP-4389,SI-4984,"4,686.00",wechat,failed,28-10-2024
SP-4390,SI-4176,3915,alipay,SUCCESS,2025-11-27
SP-4391,SI-1762,2242,wechat,pending,2025-02-17
SP-4392,SI-311,"$4,904.00",card,SUCCESS,2026-04-19
SP-4393,SI-752,"$1,026.00",wechat,success,2024-04-11
SP-4394,SI-5219,3025,card,success,2024-07-08
SP-4395,SI-514,"$3,213.00",bank_transfer,success,2026-04-09
SP-4396,SI-2555,"$3,622.00",alipay,success,2025-05-13
SP-4397,SI-2689,"$1,257.00",bank_transfer,pending,2024-05-07
SP-4398,SI-236,4204,wechat,pending,2025-07-01
SP-4399,SI-2815,3685,alipay,failed,08/08/2024
SP-4400,SI-3195,"$1,724.00",bank_transfer,SUCCESS,2024-05-19
SP-4401,SI-5618,865.00,bank_transfer,pending,12-12-2025
SP-4402,SI-2570,895,bank_transfer,pending,2024-10-15
SP-4403,SI-2243,374,alipay,SUCCESS,02-10-2025
SP-4404,SI-1293,420,wechat,pending,2025-08-06
SP-4405,SI-2392,"4,396.00",bank_transfer,failed,2024-05-24
SP-4406,SI-1451,4078,bank_transfer,SUCCESS,07/26/2026
SP-4407,SI-746,414,alipay,success,2026-09-23
SP-4408,SI-1617,"4,627.00",wechat,pending,12-02-2025
SP-4409,SI-1678,2754,alipay,success,2025-01-07
SP-4410,SI-5158,"$1,698.00",alipay,pending,05-12-2026
SP-4411,SI-570,3762,bank_transfer,success,2024-07-18
SP-4412,SI-234,3141,wechat,success,2025-09-08
SP-4413,SI-2319,1282,bank_transfer,failed,12/14/2024
SP-4414,SI-713,"$3,913.00",alipay,failed,2024-08-01
SP-4415,SI-4064,"$3,861.00",card,pending,2025-05-10
SP-4416,SI-140,"$2,624.00",alipay,SUCCESS,2025-10-09
SP-4417,SI-649,3331,alipay,success,03/03/2024
SP-4418,SI-3804,4276,card,success,10/14/2026
SP-4419,SI-2707,1946,alipay,success,2026-10-27
SP-4420,SI-2013,2272,card,pending,2026-04-09
SP-4421,SI-490,"$3,579.00",wechat,SUCCESS,2024-01-27
SP-4422,SI-905,"1,730.00",bank_transfer,pending,04/28/2024
SP-4423,SI-4520,1717,alipay,success,2024-08-27
SP-4424,SI-1038,1250,alipay,success,05/01/2026
SP-4425,SI-4195,1722,alipay,pending,2025-06-04
SP-4426,SI-2295,"1,273.00",wechat,pending,12/10/2026
SP-4427,SI-5598,4358,card,success,04/14/2026
SP-4428,SI-4070,424,bank_transfer,SUCCESS,01/26/2024
SP-4429,SI-3642,2137,wechat,success,11/08/2025
SP-4430,SI-3941,1444,bank_transfer,success,2025-01-27
SP-4431,SI-508,2145,card,success,07-08-2024
SP-4432,SI-3529,2875,bank_transfer,success,2026-09-28
SP-4433,SI-3626,2912,wechat,pending,2025-01-27
SP-4434,SI-772,984,wechat,success,2025-03-21
SP-4435,SI-892,"3,700.00",wechat,pending,2024-03-25
SP-4436,SI-2650,3309,alipay,success,2026-12-14
SP-4437,SI-1633,1887,alipay,SUCCESS,2026-03-12
SP-4438,SI-1729,"$4,246.00",bank_transfer,SUCCESS,12-12-2026
SP-4439,SI-1023,2678,alipay,failed,11/01/2025
SP-4440,SI-1219,681,wechat,pending,12/16/2025
SP-4441,SI-4549,"$2,125.00",bank_transfer,success,2024-04-22
SP-4442,SI-3325,"3,947.00",bank_transfer,pending,26-03-2025
SP-4443,SI-4555,"$2,994.00",wechat,success,12/08/2026
SP-4444,SI-1239,4717,card,success,04-09-2026
SP-4445,SI-5263,1446,bank_transfer,pending,10/28/2025
SP-4446,SI-2803,1771,alipay,pending,09/15/2025
SP-4447,SI-4930,2018,bank_transfer,success,2024-12-04
SP-4448,SI-52,"1,714.00",bank_transfer,success,12/26/2025
SP-4449,SI-1221,775,alipay,SUCCESS,08/25/2026
SP-4450,SI-3605,"$3,433.00",wechat,failed,2026-03-24
SP-4451,SI-857,"3,792.00",bank_transfer,SUCCESS,2025-03-21
SP-4452,SI-4191,"$4,456.00",alipay,pending,03-09-2024
SP-4453,SI-2377,"1,038.00",card,success,2025-11-03
SP-4454,SI-1876,3374,alipay,success,2025-07-11
SP-4455,SI-3622,"$1,658.00",card,SUCCESS,2025-06-01
SP-4456,SI-5577,"$2,105.00",bank_transfer,SUCCESS,2024-10-18
SP-4457,SI-6,"$2,548.00",card,pending,13-11-2026
SP-4458,SI-2727,1058,card,SUCCESS,04-09-2026
SP-4459,SI-1457,1517,bank_transfer,success,13-02-2024
SP-4460,SI-3459,2649,wechat,success,06-02-2024
SP-4461,SI-3304,2681,bank_transfer,SUCCESS,2026-08-13
SP-4462,SI-5043,3488,bank_transfer,success,12/07/2025
SP-4463,SI-3139,4427,card,success,2024-06-24
SP-4464,SI-3696,"3,782.00",alipay,failed,2024-08-03
SP-4465,SI-4953,3354,bank_transfer,failed,2026-07-02
SP-4466,SI-2817,"$4,151.00",alipay,pending,2025-10-02
SP-4467,SI-4802,3828,card,pending,2025-07-02
SP-4468,SI-470,2702,alipay,SUCCESS,2025-10-01
SP-4469,SI-2273,1063,wechat,SUCCESS,09/24/2026
SP-4470,SI-3698,3107,card,success,02-10-2025
SP-4471,SI-1384,"$4,640.00",wechat,SUCCESS,2024-07-05
SP-4472,SI-5768,276,card,SUCCESS,2026-04-04
SP-4473,SI-5403,$634.00,wechat,success,2025-03-22
SP-4474,SI-5547,1460,card,pending,2024-10-24
SP-4475,SI-4404,1896,wechat,failed,08-11-2026
SP-4476,SI-4671,523,bank_transfer,success,02/07/2025
SP-4477,SI-3290,1942,bank_transfer,success,12/10/2024
SP-4478,SI-2186,1438,bank_transfer,pending,2025-04-21
SP-4479,SI-3103,"$3,263.00",bank_transfer,pending,2024-12-21
SP-4480,SI-3684,2050,card,success,07-06-2025
SP-4481,SI-2298,369,wechat,success,12/10/2025
SP-4482,SI-3314,"$2,247.00",wechat,pending,02/28/2025
SP-4483,SI-3217,"$2,844.00",alipay,pending,11/07/2025
SP-4484,SI-1468,"$1,975.00",wechat,failed,2024-10-28
SP-4485,SI-999,4678,wechat,success,2024-06-27
SP-4486,SI-912,"$1,956.00",alipay,pending,06/01/2026
SP-4487,SI-5295,"$2,256.00",alipay,pending,26-02-2024
SP-4488,SI-4855,268,bank_transfer,failed,13-12-2026
SP-4489,SI-2494,"3,577.00",wechat,SUCCESS,04/08/2024
SP-4490,SI-3478,"2,634.00",bank_transfer,SUCCESS,2026-10-22
SP-4491,SI-4666,"3,433.00",card,pending,2025-01-02
SP-4492,SI-3586,$914.00,bank_transfer,pending,2024-06-07
SP-4493,SI-5222,3986,wechat,SUCCESS,08/09/2025
SP-4494,SI-3304,3739,card,pending,04/26/2025
SP-4495,SI-3771,"$3,458.00",wechat,pending,14-11-2024
SP-4496,SI-5717,3393,alipay,pending,2024-10-16
SP-4497,SI-1735,3637,wechat,failed,06-12-2026
SP-4498,SI-4292,"$3,934.00",alipay,success,01/03/2024
SP-4499,SI-2016,"1,836.00",alipay,SUCCESS,21-06-2025
SP-4500,SI-5498,"$1,235.00",alipay,pending,11/21/2026
SP-4501,SI-2835,1922,wechat,failed,25-08-2024
SP-4502,SI-555,1574,alipay,success,05/05/2024
SP-4503,SI-804,"$4,835.00",wechat,success,12/10/2025
SP-4504,SI-4965,4016,bank_transfer,pending,10-03-2025
SP-4505,SI-502,"4,204.00",bank_transfer,failed,23-03-2026
SP-4506,SI-450,"$4,018.00",card,success,2025-12-24
SP-4507,SI-3466,99.00,card,success,2026-11-01
SP-4508,SI-3090,"4,027.00",alipay,SUCCESS,04-03-2025
SP-4509,SI-4513,"$3,932.00",wechat,SUCCESS,13-11-2024
SP-4510,SI-2338,"$3,225.00",card,pending,2024-07-21
SP-4511,SI-193,292,card,SUCCESS,09-05-2024
SP-4512,SI-2551,3318,card,SUCCESS,01/16/2024
SP-4513,SI-4139,"$3,704.00",wechat,pending,2025-12-14
SP-4514,SI-2919,4760,wechat,SUCCESS,2024-07-18
SP-4515,SI-4348,3078,alipay,pending,24-09-2025
SP-4516,SI-4655,"$4,876.00",card,pending,2024-09-28
SP-4517,SI-708,"$4,740.00",bank_transfer,success,2024-06-12
SP-4518,SI-5050,304,bank_transfer,pending,02/09/2024
SP-4519,SI-5723,"1,369.00",alipay,pending,2026-01-24
SP-4520,SI-4535,"2,767.00",card,pending,12/28/2026
SP-4521,SI-5051,"$1,073.00",card,success,11-08-2025
SP-4522,SI-4965,1225,bank_transfer,pending,18-12-2025
SP-4523,SI-3749,1290,card,pending,2026-10-12
SP-4524,SI-672,1042,alipay,SUCCESS,11-03-2024
SP-4525,SI-1035,"2,510.00",bank_transfer,success,05-02-2025
SP-4526,SI-5444,2182,card,SUCCESS,2024-03-09
SP-4527,SI-1993,397.00,bank_transfer,pending,01/04/2025
SP-4528,SI-5860,"4,363.00",card,pending,01-05-2025
SP-4529,SI-818,"4,312.00",wechat,pending,12-07-2026
SP-4530,SI-3468,4818,card,SUCCESS,2024-04-24
SP-4531,SI-4338,"$2,376.00",wechat,pending,2024-05-27
SP-4532,SI-5458,4720,bank_transfer,success,23-11-2025
SP-4533,SI-3545,2875,wechat,pending,2025-07-13
SP-4534,SI-280,3526,card,SUCCESS,2026-03-02
SP-4535,SI-458,"$3,958.00",bank_transfer,SUCCESS,2025-03-17
SP-4536,SI-3519,205,wechat,success,2026-10-20
SP-4537,SI-2969,4914,alipay,SUCCESS,2026-04-19
SP-4538,SI-5664,2018,wechat,pending,2026-07-21
SP-4539,SI-2901,3960,card,success,2026-09-15
SP-4540,SI-2605,1000,alipay,pending,2026-11-19
SP-4541,SI-3808,"2,861.00",wechat,failed,2026-07-14
SP-4542,SI-258,2552,wechat,success,02/23/2026
SP-4543,SI-4238,4397,alipay,SUCCESS,2026-03-05
SP-4544,SI-5286,2031,bank_transfer,SUCCESS,2024-04-26
SP-4545,SI-5541,"2,821.00",bank_transfer,success,2025-06-08
SP-4546,SI-5558,"2,725.00",alipay,pending,2025-11-12
SP-4547,SI-838,645,wechat,SUCCESS,2026-12-21
SP-4548,SI-5192,"$2,186.00",wechat,pending,2025-07-20
SP-4549,SI-2462,2978,card,SUCCESS,2026-09-16
SP-4550,SI-4455,767.00,bank_transfer,pending,2024-12-24
SP-4551,SI-2085,"$4,607.00",alipay,success,2024-08-27
SP-4552,SI-3578,1893,wechat,SUCCESS,2026-10-18
SP-4553,SI-4155,"$1,178.00",bank_transfer,success,2025-04-11
SP-4554,SI-1221,"$2,081.00",wechat,pending,2024-01-01
SP-4555,SI-3700,2482,alipay,SUCCESS,02/13/2025
SP-4556,SI-1339,4604,card,failed,2024-04-06
SP-4557,SI-1281,1012,alipay,SUCCESS,05/22/2024
SP-4558,SI-5372,"4,893.00",wechat,success,08/20/2024
SP-4559,SI-1217,"4,926.00",wechat,pending,2024-08-09
SP-4560,SI-2629,"$1,587.00",wechat,SUCCESS,05/10/2024
SP-4561,SI-2564,"$3,281.00",alipay,SUCCESS,02/26/2024
SP-4562,SI-5452,4414,bank_transfer,pending,07/25/2024
SP-4563,SI-4710,"2,285.00",wechat,pending,2024-11-26
SP-4564,SI-2617,"$3,881.00",wechat,pending,2026-01-07
SP-4565,SI-3696,"$1,770.00",card,pending,2025-10-15
SP-4566,SI-4932,$786.00,card,pending,03/02/2024
SP-4567,SI-4678,"3,955.00",wechat,pending,02/02/2025
SP-4568,SI-2144,2639,bank_transfer,SUCCESS,2026-08-24
SP-4569,SI-5599,$525.00,card,pending,2024-03-28
SP-4570,SI-1843,"$4,612.00",wechat,success,10/19/2024
SP-4571,SI-5117,"$2,035.00",wechat,SUCCESS,10-01-2026
SP-4572,SI-4328,1825,wechat,SUCCESS,11/06/2026
SP-4573,SI-636,4040,bank_transfer,success,2025-10-04
SP-4574,SI-4429,"$2,807.00",card,pending,03/06/2025
SP-4575,SI-294,"$3,855.00",wechat,SUCCESS,15-08-2024
SP-4576,SI-1438,"2,509.00",alipay,pending,01/16/2025
SP-4577,SI-2772,550,bank_transfer,pending,2025-11-15
SP-4578,SI-4664,"$4,320.00",card,pending,2025-10-17
SP-4579,SI-3982,"1,180.00",card,SUCCESS,2026-04-06
SP-4580,SI-2034,"$2,546.00",card,SUCCESS,2024-06-03
SP-4581,SI-202,4398,wechat,success,07/04/2024
SP-4582,SI-43,3984,bank_transfer,pending,2026-08-13
SP-4583,SI-2421,209,card,success,2025-12-14
SP-4584,SI-3464,"4,846.00",bank_transfer,success,2024-08-25
SP-4585,SI-2470,4065,card,success,2024-11-27
SP-4586,SI-5805,$849.00,alipay,success,2025-06-13
SP-4587,SI-5780,"$3,214.00",alipay,success,02/21/2026
SP-4588,SI-5196,4843,bank_transfer,success,12/18/2025
SP-4589,SI-5574,"$1,645.00",wechat,success,06/16/2025
SP-4590,SI-5373,3124,alipay,success,19-11-2025
SP-4591,SI-123,825,wechat,SUCCESS,08/03/2026
SP-4592,SI-4932,"$4,246.00",card,success,12/16/2026
SP-4593,SI-4893,222.00,wechat,success,02/27/2024
SP-4594,SI-1576,2507,wechat,failed,06-08-2024
SP-4595,SI-2472,2121,wechat,pending,2026-02-09
SP-4596,SI-984,"$2,025.00",card,success,07/22/2025
SP-4597,SI-3695,185.00,bank_transfer,failed,2025-09-28
SP-4598,SI-4471,801,bank_transfer,SUCCESS,2025-05-12
SP-4599,SI-4118,"$2,851.00",card,SUCCESS,2025-10-13
SP-4600,SI-2381,1755,card,success,2025-03-09
SP-4601,SI-2793,"$1,713.00",wechat,pending,01/07/2025
SP-4602,SI-5045,690,bank_transfer,SUCCESS,2024-09-24
SP-4603,SI-5241,"4,074.00",wechat,pending,12/11/2025
SP-4604,SI-1597,"$1,018.00",wechat,pending,03-09-2025
SP-4605,SI-1003,"$1,395.00",wechat,SUCCESS,12/14/2026
SP-4606,SI-3587,2092,wechat,SUCCESS,25-09-2024
SP-4607,SI-5440,"$3,402.00",wechat,pending,02/07/2025
SP-4608,SI-740,"1,802.00",wechat,success,2026-05-11
SP-4609,SI-3755,$690.00,alipay,success,01/05/2025
SP-4610,SI-4978,2311,alipay,pending,22-02-2026
SP-4611,SI-728,1812,wechat,success,06/17/2025
SP-4612,SI-3802,"4,362.00",alipay,pending,03/23/2025
SP-4613,SI-4629,$171.00,card,SUCCESS,05/04/2025
SP-4614,SI-5898,4538,wechat,failed,10/23/2024
SP-4615,SI-4600,2720,bank_transfer,failed,2026-01-15
SP-4616,SI-4793,2304,card,pending,2025-02-15
SP-4617,SI-4349,794,card,SUCCESS,2026-01-17
SP-4618,SI-4976,1834,alipay,SUCCESS,17-07-2026
SP-4619,SI-327,"2,225.00",card,failed,20-07-2025
SP-4620,SI-4502,133,bank_transfer,pending,2026-08-05
SP-4621,SI-539,"$2,086.00",alipay,SUCCESS,2025-12-14
SP-4622,SI-5293,229.00,wechat,pending,02/05/2024
SP-4623,SI-1963,4203,bank_transfer,pending,2025-09-27
SP-4624,SI-2333,2204,card,SUCCESS,08/26/2024
SP-4625,SI-5450,"$2,035.00",bank_transfer,success,2026-03-01
SP-4626,SI-2761,3151,card,success,2024-08-16
SP-4627,SI-4860,$753.00,wechat,failed,2024-02-08
SP-4628,SI-3424,"$2,623.00",wechat,success,2026-09-26
SP-4629,SI-4533,4073,wechat,success,2025-03-25
SP-4630,SI-2596,"$3,748.00",bank_transfer,pending,07/14/2024
SP-4631,SI-1694,1687,alipay,pending,21-10-2025
SP-4632,SI-1181,"$3,747.00",card,SUCCESS,04-01-2024
SP-4633,SI-5721,"2,481.00",alipay,pending,2026-10-11
SP-4634,SI-5736,"$2,607.00",alipay,SUCCESS,2026-05-26
SP-4635,SI-4679,4499,alipay,failed,2024-07-18
SP-4636,SI-2780,2707,alipay,pending,2025-08-13
SP-4637,SI-4740,3668,bank_transfer,success,2025-07-03
SP-4638,SI-2560,1769,card,failed,03/26/2025
SP-4639,SI-2330,3011,card,SUCCESS,2024-10-05
SP-4640,SI-5353,"$1,437.00",wechat,failed,11/21/2026
SP-4641,SI-5161,4928,card,failed,2024-05-18
SP-4642,SI-2752,"$2,525.00",wechat,pending,18-01-2024
SP-4643,SI-5197,3872,card,SUCCESS,2025-07-15
SP-4644,SI-2773,"3,137.00",card,success,2025-08-08
SP-4645,SI-4413,"$2,270.00",wechat,pending,04-02-2024
SP-4646,SI-2108,2654,bank_transfer,failed,2024-04-24
SP-4647,SI-5114,"3,913.00",wechat,success,2025-09-16
SP-4648,SI-1338,3739,wechat,success,11-09-2026
SP-4649,SI-329,"4,083.00",bank_transfer,pending,24-11-2026
SP-4650,SI-1422,"$4,715.00",alipay,pending,03/23/2024
SP-4651,SI-51,"1,446.00",bank_transfer,success,2026-06-11
SP-4652,SI-935,1010,alipay,pending,09/12/2025
SP-4653,SI-3525,2230,wechat,failed,19-08-2025
SP-4654,SI-2989,2679,alipay,SUCCESS,2026-04-03
SP-4655,SI-2752,$367.00,alipay,success,10/23/2024
SP-4656,SI-789,396,card,SUCCESS,2025-01-01
SP-4657,SI-4685,536,alipay,SUCCESS,01/09/2025
SP-4658,SI-2606,$926.00,alipay,SUCCESS,12/24/2024
SP-4659,SI-3067,"$2,517.00",alipay,SUCCESS,24-08-2026
SP-4660,SI-4761,4812,bank_transfer,success,2024-08-28
SP-4661,SI-5396,4962,bank_transfer,pending,2024-12-03
SP-4662,SI-4671,2209,bank_transfer,pending,02-08-2024
SP-4663,SI-236,150,alipay,pending,2026-10-26
SP-4664,SI-5100,$479.00,alipay,SUCCESS,2025-03-16
SP-4665,SI-365,4356,wechat,success,07/21/2025
SP-4666,SI-1499,4733,bank_transfer,SUCCESS,2025-05-16
SP-4667,SI-5285,"$1,799.00",alipay,success,2024-09-21
SP-4668,SI-230,"4,720.00",bank_transfer,success,2026-07-11
SP-4669,SI-4570,2050,wechat,SUCCESS,01/05/2025
SP-4670,SI-3729,"$4,987.00",alipay,failed,2024-04-10
SP-4671,SI-4009,3655,bank_transfer,success,16-05-2026
SP-4672,SI-5169,"2,993.00",alipay,SUCCESS,05-08-2025
SP-4673,SI-3800,1038,wechat,pending,2024-09-26
SP-4674,SI-1692,1923,card,pending,2024-02-23
SP-4675,SI-5066,"$2,173.00",alipay,SUCCESS,2024-08-19
SP-4676,SI-3192,3458,card,failed,07/02/2024
SP-4677,SI-1909,3492,wechat,success,18-02-2024
SP-4678,SI-783,2776,wechat,pending,05/08/2024
SP-4679,SI-4428,"$2,587.00",wechat,success,11/03/2025
SP-4680,SI-891,4773,card,SUCCESS,2025-09-09
SP-4681,SI-853,$753.00,bank_transfer,pending,10/02/2026
SP-4682,SI-4827,"$3,467.00",wechat,pending,02/05/2024
SP-4683,SI-5796,988,bank_transfer,pending,2025-04-24
SP-4684,SI-1220,209.00,wechat,pending,2024-10-14
SP-4685,SI-2045,1832,alipay,success,2026-07-20
SP-4686,SI-388,"$1,994.00",bank_transfer,pending,12/15/2026
SP-4687,SI-1628,"$2,342.00",bank_transfer,failed,05/03/2025
SP-4688,SI-1498,3734,bank_transfer,pending,2025-01-14
SP-4689,SI-3843,"$3,151.00",bank_transfer,pending,2026-07-02
SP-4690,SI-5621,$643.00,card,pending,06/07/2026
SP-4691,SI-3182,"3,851.00",bank_transfer,SUCCESS,2025-08-22
SP-4692,SI-3101,"$4,313.00",alipay,success,2024-08-18
SP-4693,SI-524,3660,card,pending,12/20/2025
SP-4694,SI-4363,1562,bank_transfer,SUCCESS,02/20/2026
SP-4695,SI-4894,"$4,070.00",wechat,failed,27-02-2026
SP-4696,SI-2230,2432,wechat,failed,13-10-2025
SP-4697,SI-1129,"$1,832.00",wechat,pending,2026-04-08
SP-4698,SI-3231,4810,wechat,success,2024-02-03
SP-4699,SI-5719,$755.00,card,success,07-02-2026
SP-4700,SI-5272,"$4,974.00",bank_transfer,SUCCESS,2025-05-18
SP-4701,SI-782,1810,wechat,failed,2025-08-26
SP-4702,SI-5868,"4,468.00",wechat,success,03/16/2026
SP-4703,SI-1812,"$2,810.00",alipay,pending,2025-06-06
SP-4704,SI-3178,818,alipay,failed,04/14/2025
SP-4705,SI-2636,"$1,768.00",alipay,pending,2025-04-26
SP-4706,SI-4360,4371,wechat,SUCCESS,2026-06-13
SP-4707,SI-2535,"$1,941.00",alipay,failed,03/13/2024
SP-4708,SI-2711,3909,wechat,success,01/05/2025
SP-4709,SI-5378,4150,card,SUCCESS,2026-09-08
SP-4710,SI-152,"$2,094.00",bank_transfer,success,2026-12-12
SP-4711,SI-2887,"$3,844.00",wechat,failed,09/13/2025
SP-4712,SI-1197,2964,card,success,2025-09-17
SP-4713,SI-4337,4645,card,failed,2024-08-17
SP-4714,SI-3800,553,bank_transfer,pending,2024-04-16
SP-4715,SI-3368,2123,wechat,failed,2026-11-09
SP-4716,SI-1918,"$1,086.00",bank_transfer,SUCCESS,04/28/2025
SP-4717,SI-1819,2187,wechat,SUCCESS,08/20/2026
SP-4718,SI-615,185.00,card,pending,24-02-2025
SP-4719,SI-2276,"2,919.00",wechat,SUCCESS,06-04-2024
SP-4720,SI-3099,688.00,bank_transfer,success,09/28/2024
SP-4721,SI-1782,"$1,783.00",card,pending,06-07-2025
SP-4722,SI-4075,"$1,736.00",alipay,pending,2024-06-16
SP-4723,SI-2734,4246,alipay,pending,02/05/2025
SP-4724,SI-5283,"$1,596.00",alipay,pending,2024-01-06
SP-4725,SI-5325,"$2,841.00",bank_transfer,SUCCESS,2024-04-08
SP-4726,SI-1090,3484,alipay,failed,04/22/2024
SP-4727,SI-4008,722,wechat,success,2025-09-08
SP-4728,SI-2320,4109,card,failed,27-08-2024
SP-4729,SI-3011,$275.00,bank_transfer,pending,10/26/2024
SP-4730,SI-490,"$2,777.00",alipay,pending,2025-11-24
SP-4731,SI-868,"4,472.00",card,failed,19-09-2025
SP-4732,SI-5096,$170.00,card,SUCCESS,13-11-2026
SP-4733,SI-5548,"2,062.00",bank_transfer,pending,26-10-2025
SP-4734,SI-2670,1983,alipay,SUCCESS,03/06/2024
SP-4735,SI-2626,"$1,302.00",card,success,2024-08-18
SP-4736,SI-2781,"$1,264.00",card,pending,2025-12-04
SP-4737,SI-5226,$288.00,bank_transfer,pending,18-03-2026
SP-4738,SI-1126,2086,alipay,SUCCESS,2025-10-27
SP-4739,SI-4789,"$2,798.00",card,failed,02-07-2025
SP-4740,SI-3933,"$4,630.00",bank_transfer,pending,20-03-2024
SP-4741,SI-1350,"$4,766.00",card,pending,2024-12-08
SP-4742,SI-2146,4213,alipay,SUCCESS,2024-06-17
SP-4743,SI-2496,4304,wechat,success,08/12/2026
SP-4744,SI-2776,517.00,alipay,failed,06/21/2024
SP-4745,SI-5292,3951,wechat,success,2026-06-23
SP-4746,SI-5684,509,alipay,success,2025-09-27
SP-4747,SI-5719,186,alipay,success,11/05/2026
SP-4748,SI-4590,$517.00,wechat,pending,06/19/2024
SP-4749,SI-5460,"4,745.00",bank_transfer,SUCCESS,02/10/2025
SP-4750,SI-1959,2942,bank_transfer,pending,07/10/2026
SP-4751,SI-5706,3557,card,SUCCESS,02-11-2024
SP-4752,SI-1594,2123,card,failed,2025-10-15
SP-4753,SI-1598,4601,card,failed,08/01/2026
SP-4754,SI-1437,1012,card,SUCCESS,05-12-2026
SP-4755,SI-2201,1915,bank_transfer,success,05-09-2026
SP-4756,SI-3704,160,bank_transfer,pending,2026-06-16
SP-4757,SI-5768,"$2,058.00",bank_transfer,SUCCESS,19-06-2026
SP-4758,SI-1779,"2,863.00",card,SUCCESS,05/26/2024
SP-4759,SI-2385,2879,card,SUCCESS,2024-12-05
SP-4760,SI-155,"1,938.00",card,SUCCESS,2026-08-25
SP-4761,SI-532,2728,alipay,pending,2025-05-22
SP-4762,SI-5997,318,card,failed,2024-08-20
SP-4763,SI-1817,3760,wechat,pending,2025-06-10
SP-4764,SI-3907,489,alipay,success,02-10-2026
SP-4765,SI-4666,"1,186.00",card,SUCCESS,01/12/2025
SP-4766,SI-59,"$2,777.00",wechat,pending,05-12-2025
SP-4767,SI-1425,"1,312.00",wechat,pending,2026-10-15
SP-4768,SI-5611,576.00,alipay,success,05-04-2026
SP-4769,SI-5179,167.00,bank_transfer,pending,06/02/2026
SP-4770,SI-3128,4214,wechat,SUCCESS,2025-09-18
SP-4771,SI-3726,2556,bank_transfer,pending,2024-04-20
SP-4772,SI-4811,"$2,205.00",bank_transfer,SUCCESS,2025-07-27
SP-4773,SI-657,3388,card,pending,2024-03-27
SP-4774,SI-50,2143,card,SUCCESS,05/07/2024
SP-4775,SI-2710,"3,385.00",card,failed,11/08/2026
SP-4776,SI-4611,4527,alipay,success,2025-05-25
SP-4777,SI-5735,"3,422.00",card,SUCCESS,06-12-2026
SP-4778,SI-3260,4338,bank_transfer,success,06/22/2024
SP-4779,SI-3059,"$2,476.00",card,failed,27-05-2024
SP-4780,SI-5518,2603,alipay,success,22-06-2025
SP-4781,SI-2838,4568,bank_transfer,success,09/07/2025
SP-4782,SI-1989,1698,bank_transfer,SUCCESS,2026-06-27
SP-4783,SI-2128,465.00,bank_transfer,SUCCESS,2024-07-05
SP-4784,SI-3216,3201,alipay,success,2024-01-23
SP-4785,SI-5558,"$4,316.00",alipay,SUCCESS,02/16/2026
SP-4786,SI-4414,"$1,308.00",wechat,pending,08/01/2026
SP-4787,SI-2065,"$3,247.00",bank_transfer,pending,08-02-2024
SP-4788,SI-836,"2,123.00",alipay,SUCCESS,15-01-2026
SP-4789,SI-5146,452,card,failed,09-11-2025
SP-4790,SI-5367,2150,bank_transfer,pending,09/15/2024
SP-4791,SI-4342,"$1,511.00",wechat,pending,2026-12-28
SP-4792,SI-3742,"4,918.00",card,failed,01/19/2024
SP-4793,SI-4019,$967.00,card,success,2026-10-24
SP-4794,SI-4916,3080,bank_transfer,pending,2025-04-24
SP-4795,SI-2703,$139.00,card,pending,04/26/2024
SP-4796,SI-1119,2762,bank_transfer,pending,03/19/2026
SP-4797,SI-5436,"2,953.00",alipay,pending,2026-04-02
SP-4798,SI-4431,"$4,097.00",wechat,success,12/11/2025
SP-4799,SI-686,1171,card,SUCCESS,2024-03-28
SP-4800,SI-5412,837,bank_transfer,pending,09/14/2026
SP-4801,SI-4982,$923.00,wechat,success,2025-08-20
SP-4802,SI-2703,"3,513.00",bank_transfer,SUCCESS,2025-12-25
SP-4803,SI-1301,894.00,bank_transfer,success,2024-08-02
SP-4804,SI-5605,"3,754.00",alipay,success,05/11/2024
SP-4805,SI-3909,3512,wechat,success,09/04/2026
SP-4806,SI-267,"$4,073.00",bank_transfer,pending,2025-05-19
SP-4807,SI-2803,4080,card,SUCCESS,06/20/2025
SP-4808,SI-2687,194,bank_transfer,pending,2024-09-20
SP-4809,SI-5603,2370,alipay,SUCCESS,2024-07-22
SP-4810,SI-958,"$4,139.00",bank_transfer,success,20-10-2024
SP-4811,SI-889,2516,bank_transfer,success,2024-07-13
SP-4812,SI-2232,"2,655.00",card,failed,2025-02-20
SP-4813,SI-3343,4432,bank_transfer,SUCCESS,07/24/2026
SP-4814,SI-3520,973.00,wechat,SUCCESS,2024-01-04
SP-4815,SI-3749,3616,alipay,pending,2025-11-21
SP-4816,SI-5126,263,wechat,success,2025-12-19
SP-4817,SI-727,985,card,success,01-12-2025
SP-4818,SI-5666,"2,915.00",card,success,27-06-2025
SP-4819,SI-3769,"$3,707.00",alipay,pending,2026-03-26
SP-4820,SI-3000,$916.00,card,SUCCESS,03-05-2026
SP-4821,SI-456,2916,wechat,SUCCESS,19-11-2025
SP-4822,SI-1750,"$2,389.00",wechat,SUCCESS,2026-07-09
SP-4823,SI-1323,"1,377.00",wechat,SUCCESS,07/20/2024
SP-4824,SI-3012,3296,card,SUCCESS,2026-12-25
SP-4825,SI-1286,$352.00,alipay,pending,17-01-2025
SP-4826,SI-3286,574.00,wechat,SUCCESS,2024-09-09
SP-4827,SI-4166,"$2,423.00",bank_transfer,pending,2024-08-24
SP-4828,SI-761,"$1,742.00",card,SUCCESS,2024-09-25
SP-4829,SI-4380,842,alipay,pending,15-03-2025
SP-4830,SI-4211,$274.00,card,SUCCESS,2026-09-09
SP-4831,SI-5307,1192,bank_transfer,pending,02/04/2024
SP-4832,SI-1422,3247,alipay,SUCCESS,2024-08-14
SP-4833,SI-3477,513.00,wechat,SUCCESS,27-11-2024
SP-4834,SI-1798,"$1,195.00",wechat,success,08/20/2026
SP-4835,SI-4340,1478,wechat,pending,2025-12-25
SP-4836,SI-5851,2565,wechat,success,01/07/2024
SP-4837,SI-2947,"$1,892.00",wechat,SUCCESS,2025-08-10
SP-4838,SI-1240,"$2,074.00",wechat,pending,2024-10-18
SP-4839,SI-907,"$1,044.00",alipay,pending,2026-01-10
SP-4840,SI-2058,3182,card,SUCCESS,2025-10-23
SP-4841,SI-795,"1,984.00",bank_transfer,pending,2024-05-09
SP-4842,SI-2641,296,card,success,2025-09-24
SP-4843,SI-3461,"$4,645.00",alipay,pending,2026-07-24
SP-4844,SI-4980,603,wechat,SUCCESS,2026-07-04
SP-4845,SI-923,"$3,269.00",card,success,08/25/2024
SP-4846,SI-1353,"2,459.00",bank_transfer,success,12/13/2024
SP-4847,SI-3650,2532,bank_transfer,success,2025-06-25
SP-4848,SI-5909,4502,wechat,pending,03/03/2024
SP-4849,SI-4496,"$2,310.00",wechat,success,2025-07-11
SP-4850,SI-5677,"4,456.00",wechat,SUCCESS,07/12/2024
SP-4851,SI-3503,582,alipay,success,2025-06-14
SP-4852,SI-169,4171,alipay,pending,04/08/2024
SP-4853,SI-84,"3,303.00",bank_transfer,SUCCESS,05/05/2024
SP-4854,SI-1551,"$2,640.00",alipay,success,07/03/2024
SP-4855,SI-3804,"$3,297.00",wechat,failed,05/15/2026
SP-4856,SI-2246,968,alipay,pending,08/12/2026
SP-4857,SI-5419,322,alipay,SUCCESS,02-05-2024
SP-4858,SI-1496,2125,bank_transfer,SUCCESS,2026-03-04
SP-4859,SI-2812,556,card,pending,2026-05-25
SP-4860,SI-208,"$3,072.00",card,success,2026-12-28
SP-4861,SI-5036,"$1,450.00",alipay,success,2026-01-07
SP-4862,SI-4973,4147,alipay,failed,21-11-2026
SP-4863,SI-4315,329,alipay,SUCCESS,02/21/2025
SP-4864,SI-1341,"3,578.00",alipay,SUCCESS,21-12-2025
SP-4865,SI-5049,"$1,972.00",card,success,07/17/2025
SP-4866,SI-4620,987.00,card,SUCCESS,2025-09-02
SP-4867,SI-2754,"$3,471.00",bank_transfer,pending,2024-11-09
SP-4868,SI-4548,4469,alipay,SUCCESS,26-05-2025
SP-4869,SI-2894,1317,wechat,SUCCESS,07/16/2024
SP-4870,SI-1654,"$1,561.00",bank_transfer,success,2025-01-28
SP-4871,SI-5227,3499,card,SUCCESS,05/01/2025
SP-4872,SI-3379,898,alipay,pending,2024-08-09
SP-4873,SI-2505,"3,528.00",wechat,pending,2026-11-04
SP-4874,SI-2472,803,wechat,pending,2025-09-28
SP-4875,SI-5833,4682,card,success,2025-02-04
SP-4876,SI-480,671,wechat,SUCCESS,2026-03-11
SP-4877,SI-201,2095,bank_transfer,success,02/01/2024
SP-4878,SI-1133,"2,235.00",alipay,pending,2024-02-27
SP-4879,SI-4771,4336,bank_transfer,pending,2025-04-04
SP-4880,SI-1750,1038,card,success,08/04/2025
SP-4881,SI-1182,2406,alipay,SUCCESS,11/07/2024
SP-4882,SI-2799,2268,bank_transfer,success,11/17/2026
SP-4883,SI-1761,246.00,bank_transfer,failed,2025-10-27
SP-4884,SI-2194,275,alipay,success,06/16/2024
SP-4885,SI-5723,"$4,129.00",card,SUCCESS,2024-02-10
SP-4886,SI-5120,2599,alipay,success,09-07-2024
SP-4887,SI-939,$592.00,alipay,pending,12/28/2026
SP-4888,SI-3667,"$3,638.00",wechat,pending,2025-07-05
SP-4889,SI-3352,4450,bank_transfer,SUCCESS,2026-03-03
SP-4890,SI-239,"$4,595.00",wechat,pending,2026-04-04
SP-4891,SI-4422,1190,bank_transfer,SUCCESS,04/19/2026
SP-4892,SI-2295,"2,860.00",bank_transfer,success,2025-07-09
SP-4893,SI-1203,1767,wechat,pending,14-04-2025
SP-4894,SI-3708,4236,bank_transfer,failed,04/05/2026
SP-4895,SI-2257,3449,alipay,success,2026-03-05
SP-4896,SI-5605,"3,413.00",alipay,SUCCESS,09-07-2025
SP-4897,SI-5481,"$3,267.00",alipay,pending,2026-07-24
SP-4898,SI-3994,3926,bank_transfer,pending,03-04-2024
SP-4899,SI-3067,3001,alipay,success,2025-07-02
SP-4900,SI-2609,"3,135.00",alipay,SUCCESS,2025-06-12
SP-4901,SI-2047,3055,alipay,success,01/05/2026
SP-4902,SI-5479,"1,306.00",bank_transfer,success,12/18/2026
SP-4903,SI-3068,2452,bank_transfer,success,2026-05-24
SP-4904,SI-1265,"4,214.00",card,pending,2025-02-14
SP-4905,SI-5635,2708,bank_transfer,SUCCESS,2024-07-18
SP-4906,SI-2526,800,alipay,SUCCESS,2025-04-19
SP-4907,SI-4271,3962,bank_transfer,SUCCESS,07/21/2024
SP-4908,SI-1524,"3,524.00",bank_transfer,SUCCESS,2025-08-11
SP-4909,SI-232,4473,alipay,SUCCESS,2025-04-11
SP-4910,SI-3751,"$3,732.00",wechat,SUCCESS,07/10/2024
SP-4911,SI-2872,"$3,758.00",bank_transfer,success,2026-09-22
SP-4912,SI-2685,3648,wechat,pending,01/15/2024
SP-4913,SI-1330,4692,alipay,pending,2024-03-17
SP-4914,SI-1429,"1,977.00",alipay,pending,2025-03-04
SP-4915,SI-5563,1251,wechat,pending,03-06-2024
SP-4916,SI-4858,889.00,card,failed,11-06-2025
SP-4917,SI-4463,4221,wechat,SUCCESS,03-02-2025
SP-4918,SI-989,1637,wechat,pending,2024-09-03
SP-4919,SI-3056,578,bank_transfer,pending,07/01/2026
SP-4920,SI-4879,"$2,910.00",alipay,failed,08-07-2025
SP-4921,SI-5066,862,bank_transfer,SUCCESS,2025-05-15
SP-4922,SI-2070,"3,447.00",bank_transfer,SUCCESS,08/14/2024
SP-4923,SI-745,3223,bank_transfer,pending,2024-01-17
SP-4924,SI-5019,1825,card,pending,2025-12-01
SP-4925,SI-1855,1003,alipay,SUCCESS,2024-08-22
SP-4926,SI-5475,4257,card,SUCCESS,01/09/2024
SP-4927,SI-3173,3885,card,pending,08/28/2024
SP-4928,SI-3395,226,wechat,SUCCESS,12/25/2024
SP-4929,SI-3814,1826,card,success,2024-10-27
SP-4930,SI-5472,2427,wechat,success,2025-05-24
SP-4931,SI-5149,$210.00,card,success,03/07/2024
SP-4932,SI-4574,"$2,435.00",alipay,pending,06/04/2025
SP-4933,SI-5628,"$4,344.00",bank_transfer,pending,2026-02-06
SP-4934,SI-2958,"3,134.00",wechat,success,05/27/2026
SP-4935,SI-3961,2646,bank_transfer,success,11/23/2025
SP-4936,SI-3428,$460.00,card,SUCCESS,03/20/2024
SP-4937,SI-5808,1999,wechat,pending,09/11/2026
SP-4938,SI-4663,"$2,474.00",wechat,SUCCESS,2026-06-03
SP-4939,SI-2857,"$1,858.00",alipay,success,09/02/2026
SP-4940,SI-828,1362,wechat,SUCCESS,01/18/2026
SP-4941,SI-220,4110,wechat,pending,01/20/2024
SP-4942,SI-1550,4914,alipay,success,10/18/2024
SP-4943,SI-4569,"$4,590.00",alipay,SUCCESS,08/12/2024
SP-4944,SI-3861,$704.00,card,success,02/16/2024
SP-4945,SI-2450,"2,669.00",card,success,2024-04-25
SP-4946,SI-2183,106.00,bank_transfer,success,06/02/2026
SP-4947,SI-3166,$478.00,card,success,02-01-2026
SP-4948,SI-4234,1407,bank_transfer,SUCCESS,07/17/2024
SP-4949,SI-2452,"$1,117.00",wechat,SUCCESS,12/11/2026
SP-4950,SI-4674,"$3,191.00",alipay,pending,2024-09-12
SP-4951,SI-2516,"2,506.00",alipay,pending,02/14/2024
SP-4952,SI-5681,4933,wechat,SUCCESS,03-10-2026
SP-4953,SI-1119,4537,card,SUCCESS,04/03/2024
SP-4954,SI-3609,"$1,466.00",card,SUCCESS,09/24/2024
SP-4955,SI-4634,4531,alipay,success,2025-09-16
SP-4956,SI-4924,"4,388.00",card,failed,19-09-2026
SP-4957,SI-2140,3366,alipay,SUCCESS,13-11-2024
SP-4958,SI-2669,3347,bank_transfer,success,02-07-2024
SP-4959,SI-5496,2607,bank_transfer,SUCCESS,2024-05-02
SP-4960,SI-5743,241.00,bank_transfer,failed,2026-01-21
SP-4961,SI-5154,"2,977.00",card,SUCCESS,2024-01-25
SP-4962,SI-3279,2753,wechat,pending,04-01-2025
SP-4963,SI-2659,3497,alipay,pending,10/22/2026
SP-4964,SI-2136,782,alipay,success,02/02/2025
SP-4965,SI-5590,"1,607.00",card,SUCCESS,09/26/2024
SP-4966,SI-914,$753.00,wechat,SUCCESS,09/05/2024
SP-4967,SI-459,"$2,361.00",bank_transfer,success,02/28/2026
SP-4968,SI-4699,"4,941.00",wechat,failed,2024-12-28
SP-4969,SI-5474,"3,333.00",wechat,SUCCESS,2024-09-15
SP-4970,SI-2008,"$4,428.00",card,SUCCESS,2025-05-12
SP-4971,SI-844,2345,bank_transfer,pending,2026-03-25
SP-4972,SI-1167,"$4,200.00",alipay,success,11-06-2025
SP-4973,SI-3012,"4,769.00",wechat,success,2024-04-16
SP-4974,SI-651,"1,007.00",bank_transfer,success,2024-08-01
SP-4975,SI-1457,"$4,720.00",wechat,SUCCESS,2026-12-27
SP-4976,SI-4952,"3,324.00",wechat,pending,2026-03-16
SP-4977,SI-1368,"$1,136.00",alipay,pending,2025-03-11
SP-4978,SI-3621,$793.00,wechat,pending,2024-07-18
SP-4979,SI-1562,$193.00,bank_transfer,success,09/23/2024
SP-4980,SI-1291,"1,394.00",alipay,pending,2024-01-23
SP-4981,SI-3023,4797,alipay,success,23-11-2026
SP-4982,SI-1378,686,alipay,SUCCESS,2024-07-25
SP-4983,SI-3664,2445,bank_transfer,SUCCESS,2025-12-08
SP-4984,SI-5806,"$3,384.00",wechat,pending,06-12-2024
SP-4985,SI-1014,"3,786.00",wechat,success,2024-11-13
SP-4986,SI-5743,491.00,card,pending,10-04-2026
SP-4987,SI-585,"1,911.00",alipay,success,2024-12-20
SP-4988,SI-4916,2281,alipay,failed,2026-08-02
SP-4989,SI-1734,"$2,299.00",wechat,SUCCESS,08/11/2024
SP-4990,SI-2316,"2,616.00",card,SUCCESS,06/25/2025
SP-4991,SI-4238,4844,bank_transfer,SUCCESS,2026-08-13
SP-4992,SI-3368,4233,card,success,23-01-2025
SP-4993,SI-4219,3770,bank_transfer,SUCCESS,04/09/2025
SP-4994,SI-5430,"3,912.00",bank_transfer,success,2026-03-24
SP-4995,SI-2864,"$4,326.00",alipay,pending,02/04/2024
SP-4996,SI-5806,3891,wechat,success,2024-05-20
SP-4997,SI-4971,3656,wechat,SUCCESS,01/02/2025
SP-4998,SI-3220,3902,bank_transfer,SUCCESS,09/03/2024
SP-4999,SI-942,909.00,card,pending,2026-05-25
SP-5000,SI-5524,$517.00,bank_transfer,SUCCESS,2025-08-25
SP-5001,SI-1485,$873.00,alipay,SUCCESS,10-03-2024
SP-5002,SI-5329,2520,wechat,pending,01-08-2025
SP-5003,SI-2759,2428,alipay,SUCCESS,2026-06-26
SP-5004,SI-5301,3809,card,pending,2025-06-27
SP-5005,SI-5625,"3,855.00",wechat,success,2024-04-20
SP-5006,SI-3333,$188.00,bank_transfer,failed,2026-08-22
SP-5007,SI-4289,$351.00,wechat,SUCCESS,09/21/2024
SP-5008,SI-4710,1806,card,success,08-01-2024
SP-5009,SI-5762,"$1,583.00",alipay,success,2025-07-28
SP-5010,SI-1116,1066,card,SUCCESS,2026-10-16
SP-5011,SI-2033,958,bank_transfer,pending,09/08/2025
SP-5012,SI-3598,155.00,alipay,pending,2025-03-07
SP-5013,SI-507,$533.00,bank_transfer,success,2024-10-07
SP-5014,SI-868,4710,card,SUCCESS,2026-08-08
SP-5015,SI-3764,"3,423.00",card,success,04/19/2025
SP-5016,SI-1855,133.00,card,SUCCESS,2024-02-04
SP-5017,SI-4015,854.00,alipay,success,2024-10-21
SP-5018,SI-4234,1886,alipay,pending,2024-07-11
SP-5019,SI-399,3246,alipay,SUCCESS,10-04-2025
SP-5020,SI-5503,4680,card,success,2025-05-04
SP-5021,SI-1328,2962,bank_transfer,success,05-06-2025
SP-5022,SI-2520,3915,bank_transfer,SUCCESS,2024-09-26
SP-5023,SI-2369,464,card,success,10/28/2026
SP-5024,SI-4788,"$3,088.00",bank_transfer,success,2024-04-28
SP-5025,SI-4088,3421,alipay,success,2025-06-18
SP-5026,SI-2611,"$2,102.00",alipay,pending,2025-09-14
SP-5027,SI-5425,"3,302.00",card,SUCCESS,2025-11-26
SP-5028,SI-155,683.00,card,pending,03/09/2024
SP-5029,SI-353,353,wechat,SUCCESS,2025-02-26
SP-5030,SI-1290,"$4,948.00",card,SUCCESS,2024-05-16
SP-5031,SI-264,"$3,237.00",card,pending,2024-02-14
SP-5032,SI-1803,3979,alipay,pending,2026-05-22
SP-5033,SI-4676,3099,wechat,success,12/21/2025
SP-5034,SI-482,2491,card,SUCCESS,13-04-2024
SP-5035,SI-5168,2139,wechat,success,10-07-2024
SP-5036,SI-1524,"4,065.00",wechat,pending,21-09-2025
SP-5037,SI-2051,4050,alipay,pending,2024-06-26
SP-5038,SI-117,2119,bank_transfer,SUCCESS,03/11/2026
SP-5039,SI-4810,"$1,167.00",card,success,17-01-2026
SP-5040,SI-2057,4188,bank_transfer,failed,03/15/2024
SP-5041,SI-5789,480,alipay,SUCCESS,2024-05-18
SP-5042,SI-1396,3050,wechat,SUCCESS,07/16/2024
SP-5043,SI-910,265,bank_transfer,pending,2025-06-19
SP-5044,SI-1218,$963.00,wechat,success,07/16/2026
SP-5045,SI-2102,1966,bank_transfer,SUCCESS,12/23/2026
SP-5046,SI-3989,"3,328.00",card,SUCCESS,2026-08-01
SP-5047,SI-3789,"$1,050.00",wechat,SUCCESS,11/06/2026
SP-5048,SI-4000,"$2,152.00",bank_transfer,success,2026-06-07
SP-5049,SI-2289,2071,wechat,success,2024-12-10
SP-5050,SI-5115,"$3,306.00",bank_transfer,success,2025-09-10
SP-5051,SI-84,"2,906.00",alipay,SUCCESS,2025-10-02
SP-5052,SI-5768,"3,882.00",card,SUCCESS,2025-10-04
SP-5053,SI-5714,"$2,718.00",bank_transfer,pending,2026-01-01
SP-5054,SI-2629,1882,alipay,pending,03/26/2026
SP-5055,SI-4908,"1,206.00",wechat,success,2025-02-05
SP-5056,SI-4944,1543,alipay,SUCCESS,2025-02-22
SP-5057,SI-5529,"$1,733.00",bank_transfer,success,07/20/2025
SP-5058,SI-633,1046,wechat,failed,2025-10-22
SP-5059,SI-5117,1530,card,SUCCESS,02-03-2024
SP-5060,SI-4380,4090,bank_transfer,pending,2026-08-16
SP-5061,SI-2386,3483,bank_transfer,failed,06/20/2026
SP-5062,SI-322,4781,wechat,success,23-04-2025
SP-5063,SI-3083,2662,alipay,pending,02/28/2026
SP-5064,SI-1867,3873,card,failed,10/09/2024
SP-5065,SI-2190,"4,403.00",wechat,SUCCESS,2024-07-02
SP-5066,SI-2030,1780,card,pending,2025-03-06
SP-5067,SI-932,3890,wechat,SUCCESS,2026-02-10
SP-5068,SI-4577,"1,897.00",alipay,SUCCESS,2026-06-24
SP-5069,SI-1356,"$3,115.00",wechat,pending,2026-10-13
SP-5070,SI-5374,879,wechat,pending,04/21/2024
SP-5071,SI-4535,"1,835.00",wechat,SUCCESS,2025-03-02
SP-5072,SI-3082,311,alipay,SUCCESS,2025-09-16
SP-5073,SI-2652,3499,card,pending,2026-01-21
SP-5074,SI-3802,2406,wechat,SUCCESS,2025-02-01
SP-5075,SI-5459,1174,bank_transfer,SUCCESS,2025-02-21
SP-5076,SI-4652,1466,card,SUCCESS,04/02/2026
SP-5077,SI-1738,$824.00,wechat,pending,07/20/2024
SP-5078,SI-3875,3780,bank_transfer,success,2026-01-13
SP-5079,SI-3243,4606,wechat,success,01/28/2026
SP-5080,SI-5728,2161,wechat,pending,2025-08-27
SP-5081,SI-3096,"4,174.00",card,success,07/16/2024
SP-5082,SI-5913,3772,card,SUCCESS,2025-05-08
SP-5083,SI-3266,"$3,335.00",alipay,SUCCESS,2025-06-18
SP-5084,SI-1422,"$1,810.00",card,pending,2026-01-14
SP-5085,SI-140,1282,bank_transfer,SUCCESS,2026-07-13
SP-5086,SI-1799,"$3,765.00",card,success,03/13/2025
SP-5087,SI-52,"$1,703.00",card,SUCCESS,23-11-2024
SP-5088,SI-4953,2402,alipay,SUCCESS,2025-06-18
SP-5089,SI-2361,1154,alipay,failed,10/22/2025
SP-5090,SI-2033,3120,bank_transfer,SUCCESS,26-03-2026
SP-5091,SI-5692,3865,bank_transfer,pending,2026-01-22
SP-5092,SI-5078,799,wechat,SUCCESS,08/13/2024
SP-5093,SI-3170,732,bank_transfer,SUCCESS,20-03-2024
SP-5094,SI-3085,"1,431.00",bank_transfer,success,2024-04-03
SP-5095,SI-4220,2250,alipay,SUCCESS,2024-11-17
SP-5096,SI-2630,995,alipay,success,11/12/2025
SP-5097,SI-3758,4163,bank_transfer,SUCCESS,2026-03-01
SP-5098,SI-447,2853,alipay,pending,2025-09-07
SP-5099,SI-179,4792,alipay,SUCCESS,2026-03-24
SP-5100,SI-5385,3040,alipay,success,13-06-2025
SP-5101,SI-645,"$3,850.00",alipay,success,2025-10-06
SP-5102,SI-20,3518,alipay,SUCCESS,2025-02-06
SP-5103,SI-2207,613,bank_transfer,SUCCESS,13-01-2025
SP-5104,SI-315,1078,wechat,success,12/07/2026
SP-5105,SI-5215,527,wechat,failed,2025-05-21
SP-5106,SI-4666,4587,bank_transfer,pending,19-06-2026
SP-5107,SI-1935,235,wechat,failed,02/28/2024
SP-5108,SI-1932,$385.00,card,SUCCESS,03/27/2025
SP-5109,SI-2126,"$3,277.00",alipay,failed,2026-02-17
SP-5110,SI-172,"2,174.00",bank_transfer,SUCCESS,2024-07-14
SP-5111,SI-217,"3,840.00",wechat,pending,07/26/2026
SP-5112,SI-1157,"$1,007.00",wechat,success,22-09-2025
SP-5113,SI-1223,4550,wechat,success,2024-07-20
SP-5114,SI-3860,"$4,388.00",wechat,success,03/19/2024
SP-5115,SI-2221,"$4,404.00",wechat,pending,08/07/2024
SP-5116,SI-4884,4455,alipay,SUCCESS,11/11/2024
SP-5117,SI-5662,"2,749.00",alipay,SUCCESS,11/11/2026
SP-5118,SI-4901,"$1,236.00",bank_transfer,pending,2026-08-26
SP-5119,SI-4007,1083,bank_transfer,pending,2024-03-05
SP-5120,SI-3297,"1,883.00",wechat,SUCCESS,01/08/2026
SP-5121,SI-3905,"3,752.00",wechat,failed,03/01/2025
SP-5122,SI-4407,1362,bank_transfer,SUCCESS,06/18/2024
SP-5123,SI-4261,"$4,498.00",wechat,success,03/22/2024
SP-5124,SI-5795,4427,alipay,SUCCESS,2024-04-20
SP-5125,SI-3514,3827,wechat,success,2024-09-08
SP-5126,SI-5671,"$3,334.00",card,SUCCESS,2024-01-17
SP-5127,SI-2129,"2,217.00",alipay,success,2026-04-18
SP-5128,SI-3466,"2,618.00",bank_transfer,success,2026-02-22
SP-5129,SI-4548,"3,607.00",alipay,SUCCESS,2024-09-20
SP-5130,SI-3589,"2,881.00",bank_transfer,SUCCESS,2026-01-28
SP-5131,SI-1904,1202,bank_transfer,success,2024-05-13
SP-5132,SI-1588,"$3,034.00",bank_transfer,success,2025-12-24
SP-5133,SI-866,"1,957.00",wechat,SUCCESS,25-07-2025
SP-5134,SI-3051,"4,082.00",alipay,SUCCESS,2025-12-14
SP-5135,SI-4314,"$2,127.00",wechat,success,27-04-2025
SP-5136,SI-5977,3412,alipay,success,2024-10-02
SP-5137,SI-538,$434.00,wechat,failed,2024-10-21
SP-5138,SI-4055,"1,662.00",wechat,pending,11/10/2024
SP-5139,SI-2954,$728.00,wechat,pending,2024-05-28
SP-5140,SI-1771,"$3,609.00",alipay,pending,2025-11-23
SP-5141,SI-4209,967,card,success,24-03-2024
SP-5142,SI-2359,4151,card,SUCCESS,09-09-2026
SP-5143,SI-5042,2784,card,failed,04-03-2025
SP-5144,SI-1798,2754,wechat,pending,2025-04-12
SP-5145,SI-4414,4479,card,failed,2026-02-20
SP-5146,SI-2021,1174,card,failed,06/10/2026
SP-5147,SI-2828,4587,alipay,success,19-06-2026
SP-5148,SI-4092,4472,bank_transfer,success,26-02-2026
SP-5149,SI-1729,"$4,555.00",wechat,SUCCESS,2025-02-14
SP-5150,SI-268,"4,484.00",card,SUCCESS,2025-01-10
SP-5151,SI-4395,1970,bank_transfer,success,2026-06-07
SP-5152,SI-5904,$420.00,bank_transfer,pending,27-02-2026
SP-5153,SI-2617,697,alipay,success,22-07-2026
SP-5154,SI-1548,4603,alipay,SUCCESS,11/16/2024
SP-5155,SI-2085,"$1,867.00",card,success,11/07/2025
SP-5156,SI-4306,4775,card,SUCCESS,2024-07-01
SP-5157,SI-5732,"4,088.00",bank_transfer,success,2025-03-10
SP-5158,SI-1226,$232.00,wechat,SUCCESS,13-01-2026
SP-5159,SI-775,4884,bank_transfer,success,06/14/2024
SP-5160,SI-2233,"$2,443.00",card,success,2025-10-18
SP-5161,SI-3261,"$2,616.00",card,SUCCESS,10/01/2024
SP-5162,SI-368,"3,025.00",bank_transfer,pending,08-05-2024
SP-5163,SI-2930,"1,577.00",card,failed,12/15/2026
SP-5164,SI-4138,1247,card,SUCCESS,2026-12-25
SP-5165,SI-701,1818,wechat,SUCCESS,2024-05-05
SP-5166,SI-2971,379.00,card,pending,06-03-2026
SP-5167,SI-1631,"$1,511.00",wechat,SUCCESS,20-08-2025
SP-5168,SI-5127,2555,wechat,pending,2025-05-09
SP-5169,SI-2812,"2,121.00",alipay,failed,2026-07-20
SP-5170,SI-1834,"$3,286.00",alipay,success,2025-01-02
SP-5171,SI-4339,648.00,alipay,SUCCESS,2025-07-14
SP-5172,SI-490,1991,alipay,failed,11/03/2024
SP-5173,SI-2110,"$3,726.00",wechat,pending,2024-01-13
SP-5174,SI-2177,3124,wechat,SUCCESS,12/06/2024
SP-5175,SI-803,505,card,SUCCESS,07/05/2024
SP-5176,SI-134,814.00,wechat,pending,2025-03-28
SP-5177,SI-1270,"$1,833.00",wechat,pending,2024-12-07
SP-5178,SI-5272,1577,alipay,SUCCESS,2024-04-14
SP-5179,SI-1992,"$4,489.00",alipay,success,2026-02-12
SP-5180,SI-695,"3,254.00",wechat,SUCCESS,11/13/2024
SP-5181,SI-2448,"$3,200.00",bank_transfer,pending,2025-05-20
SP-5182,SI-1522,2987,card,success,01/21/2025
SP-5183,SI-5306,"$4,360.00",alipay,success,07/06/2026
SP-5184,SI-384,4848,wechat,success,2026-12-20
SP-5185,SI-1956,$140.00,wechat,failed,2025-04-06
SP-5186,SI-2793,366,card,success,07/28/2026
SP-5187,SI-2391,4733,wechat,SUCCESS,2025-12-22
SP-5188,SI-3463,241,wechat,SUCCESS,2026-10-13
SP-5189,SI-3099,2546,bank_transfer,SUCCESS,2024-05-24
SP-5190,SI-5178,"$2,214.00",wechat,SUCCESS,07/11/2026
SP-5191,SI-3885,"$2,126.00",wechat,success,04/23/2025
SP-5192,SI-4372,"$1,699.00",wechat,SUCCESS,01/02/2024
SP-5193,SI-5816,566,wechat,SUCCESS,2025-01-01
SP-5194,SI-4311,"3,536.00",card,SUCCESS,2025-12-11
SP-5195,SI-2166,570,alipay,success,09/12/2024
SP-5196,SI-2922,3561,card,SUCCESS,2026-10-21
SP-5197,SI-5711,"$1,494.00",wechat,failed,2025-08-28
SP-5198,SI-555,3389,card,success,2024-06-04
SP-5199,SI-272,"2,810.00",wechat,success,2025-06-20
SP-5200,SI-2263,"1,097.00",card,SUCCESS,27-04-2024
SP-5201,SI-3754,955,wechat,pending,2024-10-02
SP-5202,SI-5938,"4,646.00",card,pending,10/26/2025
SP-5203,SI-1139,579.00,alipay,pending,2024-09-26
SP-5204,SI-3391,"$2,694.00",bank_transfer,SUCCESS,03/12/2026
SP-5205,SI-5203,3881,alipay,failed,05-06-2025
SP-5206,SI-3502,4938,alipay,pending,07/03/2025
SP-5207,SI-5068,"$1,640.00",alipay,SUCCESS,2025-09-13
SP-5208,SI-5317,841,wechat,SUCCESS,2024-02-14
SP-5209,SI-1978,4537,wechat,pending,2026-04-09
SP-5210,SI-5425,1628,alipay,success,13-01-2024
SP-5211,SI-2233,2991,card,pending,2025-12-28
SP-5212,SI-3769,"$1,925.00",alipay,success,05-10-2025
SP-5213,SI-5133,$286.00,bank_transfer,pending,2026-04-18
SP-5214,SI-5858,"4,091.00",alipay,pending,05/26/2024
SP-5215,SI-46,3429,bank_transfer,pending,2025-10-13
SP-5216,SI-5052,3940,card,failed,04-10-2024
SP-5217,SI-674,1268,alipay,success,05/26/2024
SP-5218,SI-1695,2049,wechat,SUCCESS,08/24/2025
SP-5219,SI-5420,"3,956.00",card,success,2025-12-18
SP-5220,SI-287,3704,card,pending,2026-07-08
SP-5221,SI-4211,"3,245.00",bank_transfer,failed,2025-12-02
SP-5222,SI-3970,"2,307.00",card,success,02/02/2026
SP-5223,SI-1922,119,bank_transfer,SUCCESS,03/12/2026
SP-5224,SI-1396,568,bank_transfer,SUCCESS,07/02/2024
SP-5225,SI-839,4005,alipay,SUCCESS,2025-07-05
SP-5226,SI-4097,"$3,473.00",alipay,pending,2025-11-01
SP-5227,SI-2892,"$3,428.00",card,SUCCESS,2024-09-13
SP-5228,SI-1228,2949,card,success,23-12-2025
SP-5229,SI-5129,2762,alipay,pending,02-12-2024
SP-5230,SI-989,3893,bank_transfer,pending,06/04/2025
SP-5231,SI-1056,"3,155.00",card,failed,2025-05-03
SP-5232,SI-422,4800,bank_transfer,pending,2026-06-19
SP-5233,SI-207,1221,wechat,success,09-02-2026
SP-5234,SI-2150,434,alipay,success,2026-02-22
SP-5235,SI-842,3075,wechat,failed,2025-02-16
SP-5236,SI-2392,4444,card,pending,07/21/2026
SP-5237,SI-2034,4054,wechat,SUCCESS,2025-04-16
SP-5238,SI-2030,3388,alipay,SUCCESS,2024-03-16
SP-5239,SI-1943,907,card,pending,2025-10-23
SP-5240,SI-2313,1679,wechat,SUCCESS,06/22/2026
SP-5241,SI-5748,"$1,051.00",alipay,pending,2026-09-21
SP-5242,SI-5739,3894,card,failed,05/25/2024
SP-5243,SI-3826,"$2,762.00",bank_transfer,pending,2024-10-10
SP-5244,SI-1741,"$4,514.00",wechat,pending,2025-01-03
SP-5245,SI-860,$773.00,alipay,pending,04/27/2025
SP-5246,SI-5865,"2,347.00",card,success,07/01/2024
SP-5247,SI-3947,1029,alipay,pending,11/21/2024
SP-5248,SI-4531,"$2,042.00",bank_transfer,failed,2025-12-03
SP-5249,SI-4777,"$1,347.00",card,pending,2025-07-28
SP-5250,SI-130,345,alipay,failed,23-11-2024
SP-5251,SI-3349,"$4,199.00",bank_transfer,success,2024-12-26
SP-5252,SI-2214,4418,card,pending,2025-05-24
SP-5253,SI-3364,1077,wechat,failed,2026-12-12
SP-5254,SI-3257,4793,card,success,19-07-2024
SP-5255,SI-3032,"2,259.00",bank_transfer,SUCCESS,12/25/2024
SP-5256,SI-3310,4571,bank_transfer,SUCCESS,2024-02-23
SP-5257,SI-5180,592,wechat,pending,02-09-2024
SP-5258,SI-313,"3,432.00",card,SUCCESS,2025-02-18
SP-5259,SI-2335,173.00,bank_transfer,pending,2026-02-11
SP-5260,SI-4282,2341,bank_transfer,success,23-01-2024
SP-5261,SI-4118,1626,bank_transfer,pending,23-09-2025
SP-5262,SI-3944,"$1,730.00",bank_transfer,success,2025-10-15
SP-5263,SI-1816,3731,card,SUCCESS,24-08-2026
SP-5264,SI-3781,3398,card,SUCCESS,2026-01-18
SP-5265,SI-2842,"$1,936.00",wechat,failed,27-11-2024
SP-5266,SI-3157,"1,002.00",wechat,failed,09/26/2024
SP-5267,SI-2452,"3,033.00",wechat,SUCCESS,2026-04-23
SP-5268,SI-1864,2764,wechat,SUCCESS,2026-08-13
SP-5269,SI-3601,2878,wechat,SUCCESS,04/17/2026
SP-5270,SI-1978,"$1,810.00",bank_transfer,SUCCESS,2025-05-01
SP-5271,SI-3381,1599,card,pending,2024-06-26
SP-5272,SI-4623,"$3,187.00",card,success,2024-08-20
SP-5273,SI-2917,"$3,441.00",wechat,success,2026-08-21
SP-5274,SI-721,"$2,658.00",card,SUCCESS,04/23/2025
SP-5275,SI-4623,3205,wechat,failed,22-06-2026
SP-5276,SI-4872,"1,888.00",card,SUCCESS,2026-02-05
SP-5277,SI-3194,2269,alipay,pending,2024-12-13
SP-5278,SI-2987,695,wechat,success,03/21/2025
SP-5279,SI-238,"$4,436.00",alipay,failed,2025-09-02
SP-5280,SI-3577,2847,card,SUCCESS,2024-06-05
SP-5281,SI-5632,2488,bank_transfer,pending,05/10/2024
SP-5282,SI-3118,"$2,620.00",card,SUCCESS,2024-09-01
SP-5283,SI-2931,"4,375.00",alipay,success,2025-10-03
SP-5284,SI-4760,4110,bank_transfer,success,10-11-2025
SP-5285,SI-1560,"3,513.00",bank_transfer,SUCCESS,2026-05-04
SP-5286,SI-3280,$515.00,bank_transfer,SUCCESS,08-12-2024
SP-5287,SI-3410,"1,731.00",alipay,SUCCESS,08/25/2026
SP-5288,SI-5019,4628,bank_transfer,SUCCESS,2025-03-27
SP-5289,SI-4731,"$3,616.00",bank_transfer,success,07/16/2024
SP-5290,SI-3173,"3,811.00",bank_transfer,success,2024-06-04
SP-5291,SI-1973,"3,192.00",alipay,SUCCESS,2026-03-22
SP-5292,SI-4913,3708,wechat,success,08/15/2026
SP-5293,SI-1613,912.00,wechat,SUCCESS,18-11-2026
SP-5294,SI-4479,"$3,939.00",card,success,2024-01-24
SP-5295,SI-5285,"$2,426.00",card,success,2026-07-23
SP-5296,SI-80,"$4,371.00",card,SUCCESS,2026-03-28
SP-5297,SI-5361,$814.00,wechat,failed,2026-02-18
SP-5298,SI-5306,1021,alipay,failed,2026-03-04
SP-5299,SI-1731,"2,670.00",wechat,success,2024-10-23
SP-5300,SI-4381,"1,176.00",alipay,failed,10/27/2026
SP-5301,SI-3583,"$4,070.00",wechat,success,08/12/2026
SP-5302,SI-1339,3603,bank_transfer,pending,2026-09-08
SP-5303,SI-337,"$4,255.00",wechat,SUCCESS,2026-11-15
SP-5304,SI-5522,384.00,card,SUCCESS,02/14/2024
SP-5305,SI-3055,2855,bank_transfer,SUCCESS,2026-12-08
SP-5306,SI-1159,140,bank_transfer,failed,05/01/2024
SP-5307,SI-3409,"2,801.00",wechat,SUCCESS,10/04/2026
SP-5308,SI-733,3246,alipay,success,2024-11-08
SP-5309,SI-3145,"$4,510.00",card,failed,2025-12-20
SP-5310,SI-2701,"2,996.00",alipay,success,2025-03-22
SP-5311,SI-4,$686.00,card,SUCCESS,02/05/2025
SP-5312,SI-388,318,card,pending,02/26/2026
SP-5313,SI-5008,2768,card,success,2025-01-18
SP-5314,SI-3124,340,bank_transfer,pending,07/11/2026
SP-5315,SI-2693,4588,alipay,pending,2025-02-26
SP-5316,SI-2177,"$1,658.00",alipay,pending,07/12/2026
SP-5317,SI-869,4870,card,pending,2025-08-23
SP-5318,SI-133,1269,card,pending,2025-02-03
SP-5319,SI-473,4567,bank_transfer,success,10/26/2026
SP-5320,SI-217,"$4,923.00",wechat,success,2026-06-12
SP-5321,SI-18,"$3,310.00",wechat,failed,05/22/2024
SP-5322,SI-310,"4,437.00",wechat,success,2026-08-26
SP-5323,SI-4337,4399,wechat,failed,27-10-2025
SP-5324,SI-4791,3046,bank_transfer,success,2026-06-18
SP-5325,SI-4161,$726.00,card,success,02-06-2026
SP-5326,SI-4345,"$4,143.00",wechat,success,11/04/2026
SP-5327,SI-5232,1563,alipay,SUCCESS,2025-10-02
SP-5328,SI-3329,"$4,059.00",bank_transfer,pending,2026-12-15
SP-5329,SI-3813,699,alipay,pending,2026-02-07
SP-5330,SI-522,2047,alipay,failed,2026-08-16
SP-5331,SI-1191,"$1,743.00",bank_transfer,pending,2024-03-12
SP-5332,SI-1379,4319,bank_transfer,failed,06-11-2025
SP-5333,SI-3904,1062,bank_transfer,SUCCESS,2026-03-28
SP-5334,SI-2294,4175,alipay,failed,2025-11-26
SP-5335,SI-5873,$264.00,alipay,pending,2024-11-08
SP-5336,SI-1510,944.00,wechat,SUCCESS,2026-01-21
SP-5337,SI-502,"$3,263.00",card,success,2026-08-02
SP-5338,SI-1577,"3,771.00",wechat,success,02/05/2026
SP-5339,SI-3564,"3,855.00",wechat,success,28-12-2025
SP-5340,SI-5500,"1,523.00",bank_transfer,success,03/23/2025
SP-5341,SI-2227,4360,card,SUCCESS,2026-06-13
SP-5342,SI-1709,"4,794.00",wechat,SUCCESS,2025-07-25
SP-5343,SI-3813,585,wechat,success,13-06-2026
SP-5344,SI-3034,"2,220.00",alipay,SUCCESS,2025-01-27
SP-5345,SI-2385,741.00,bank_transfer,success,2025-06-01
SP-5346,SI-877,"$2,473.00",card,success,2024-12-25
SP-5347,SI-3262,686,alipay,success,01-08-2025
SP-5348,SI-2611,"$2,382.00",card,SUCCESS,2026-01-22
SP-5349,SI-5707,"$4,818.00",wechat,SUCCESS,09/20/2026
SP-5350,SI-2122,"$1,690.00",alipay,success,2025-05-13
SP-5351,SI-5178,4903,wechat,success,2025-05-13
SP-5352,SI-647,861,alipay,SUCCESS,2025-07-26
SP-5353,SI-920,"$1,424.00",wechat,failed,2025-11-11
SP-5354,SI-3256,4774,card,pending,2025-05-22
SP-5355,SI-4448,"$1,872.00",wechat,SUCCESS,07/05/2026
SP-5356,SI-1682,2411,bank_transfer,SUCCESS,12/15/2024
SP-5357,SI-5325,1623,bank_transfer,pending,25-07-2024
SP-5358,SI-3296,"4,236.00",wechat,SUCCESS,01/08/2025
SP-5359,SI-3638,3699,alipay,pending,14-11-2025
SP-5360,SI-4671,"3,424.00",bank_transfer,SUCCESS,02-11-2025
SP-5361,SI-5791,2260,alipay,success,2024-03-03
SP-5362,SI-3344,"1,006.00",bank_transfer,SUCCESS,03/22/2026
SP-5363,SI-4677,"$1,055.00",card,pending,26-09-2025
SP-5364,SI-820,"$1,485.00",alipay,success,2025-06-13
SP-5365,SI-182,3026,card,SUCCESS,11/14/2026
SP-5366,SI-3016,1739,alipay,failed,2026-03-22
SP-5367,SI-5318,"4,741.00",alipay,pending,2026-09-05
SP-5368,SI-5979,4459,wechat,SUCCESS,2025-10-06
SP-5369,SI-4398,"$4,199.00",bank_transfer,success,20-12-2025
SP-5370,SI-2407,4382,bank_transfer,success,06/27/2024
SP-5371,SI-5960,1829,bank_transfer,success,2026-01-24
SP-5372,SI-3535,2603,alipay,success,03/22/2025
SP-5373,SI-702,"$1,598.00",alipay,success,07/06/2024
SP-5374,SI-1879,2961,alipay,success,2025-05-28
SP-5375,SI-2933,4500,card,SUCCESS,06/28/2026
SP-5376,SI-3826,"$3,015.00",card,pending,2026-03-20
SP-5377,SI-5973,3781,wechat,success,2025-01-12
SP-5378,SI-2699,$540.00,wechat,SUCCESS,12/01/2024
SP-5379,SI-1158,$197.00,alipay,SUCCESS,2024-12-18
SP-5380,SI-2631,"2,767.00",bank_transfer,success,10-04-2025
SP-5381,SI-5354,596,wechat,success,04/08/2026
SP-5382,SI-4407,1788,card,pending,2026-09-10
SP-5383,SI-896,1316,wechat,pending,2025-11-10
SP-5384,SI-5459,"4,483.00",card,failed,07/03/2025
SP-5385,SI-5872,"1,875.00",alipay,pending,12-07-2024
SP-5386,SI-666,2446,alipay,failed,2025-02-25
SP-5387,SI-2163,"2,518.00",alipay,pending,23-05-2026
SP-5388,SI-5942,1598,card,SUCCESS,2024-02-18
SP-5389,SI-1726,265.00,card,SUCCESS,03/01/2025
SP-5390,SI-3997,1922,wechat,SUCCESS,2025-06-02
SP-5391,SI-2928,291,card,pending,2026-08-08
SP-5392,SI-397,"4,094.00",wechat,success,2025-02-24
SP-5393,SI-3982,"$1,570.00",card,SUCCESS,2026-07-05
SP-5394,SI-3171,1600,alipay,pending,05/15/2024
SP-5395,SI-1871,"$2,367.00",card,success,08-08-2025
SP-5396,SI-3246,4563,wechat,pending,2024-01-02
SP-5397,SI-5142,"$3,765.00",card,pending,11/10/2024
SP-5398,SI-899,"$4,173.00",bank_transfer,success,2024-01-02
SP-5399,SI-3082,2918,alipay,SUCCESS,2024-01-23
SP-5400,SI-190,3686,alipay,SUCCESS,2024-07-06
SP-5401,SI-4511,1003,bank_transfer,success,07/25/2026
SP-5402,SI-1149,2334,bank_transfer,SUCCESS,2026-07-28
SP-5403,SI-1200,1057,card,pending,2024-02-18
SP-5404,SI-131,"2,844.00",wechat,pending,2024-02-27
SP-5405,SI-5417,"2,327.00",card,success,2026-08-18
SP-5406,SI-2214,"$2,172.00",bank_transfer,success,2024-10-02
SP-5407,SI-5139,2884,wechat,pending,22-01-2025
SP-5408,SI-1450,3913,alipay,SUCCESS,2024-08-03
SP-5409,SI-3669,4326,wechat,success,2024-03-21
SP-5410,SI-5582,4979,bank_transfer,SUCCESS,2025-09-14
SP-5411,SI-4297,2326,bank_transfer,pending,06/22/2025
SP-5412,SI-4124,1808,bank_transfer,success,2024-03-21
SP-5413,SI-5690,"1,802.00",wechat,pending,11-11-2024
SP-5414,SI-3397,"$2,343.00",card,success,08/17/2026
SP-5415,SI-763,1464,card,SUCCESS,01/18/2024
SP-5416,SI-3548,166.00,bank_transfer,success,2025-06-11
SP-5417,SI-5342,"2,139.00",card,failed,2025-07-25
SP-5418,SI-668,"$1,470.00",bank_transfer,pending,10/15/2026
SP-5419,SI-944,"3,594.00",alipay,pending,2024-11-11
SP-5420,SI-370,3237,bank_transfer,SUCCESS,2026-08-14
SP-5421,SI-720,106.00,wechat,failed,05/10/2025
SP-5422,SI-1020,"$3,275.00",card,pending,2026-09-21
SP-5423,SI-4570,3805,wechat,pending,2025-03-10
SP-5424,SI-1343,"$4,948.00",wechat,success,03/23/2026
SP-5425,SI-4279,156,wechat,success,16-07-2026
SP-5426,SI-232,"$2,500.00",wechat,pending,2026-11-09
SP-5427,SI-4024,2948,alipay,failed,2024-09-17
SP-5428,SI-2934,"$2,439.00",card,SUCCESS,2026-08-14
SP-5429,SI-4823,4355,card,success,01-09-2026
SP-5430,SI-1352,"$1,293.00",bank_transfer,pending,05/21/2024
SP-5431,SI-5572,"1,883.00",wechat,SUCCESS,2026-02-25
SP-5432,SI-4935,"$1,158.00",alipay,pending,07/13/2026
SP-5433,SI-797,"3,733.00",alipay,SUCCESS,2024-05-24
SP-5434,SI-977,"$3,811.00",bank_transfer,SUCCESS,2026-12-26
SP-5435,SI-188,2171,card,pending,2024-11-16
SP-5436,SI-2871,4926,wechat,SUCCESS,2026-11-17
SP-5437,SI-1822,708.00,wechat,SUCCESS,02/18/2024
SP-5438,SI-4326,3428,alipay,SUCCESS,2026-10-25
SP-5439,SI-1475,"$1,867.00",bank_transfer,failed,2025-11-03
SP-5440,SI-4813,2958,alipay,success,01-09-2026
SP-5441,SI-1850,$225.00,wechat,SUCCESS,2026-01-20
SP-5442,SI-1425,"$2,279.00",card,success,06/24/2025
SP-5443,SI-4854,2125,alipay,SUCCESS,26-05-2026
SP-5444,SI-1083,2149,wechat,SUCCESS,01/22/2026
SP-5445,SI-1235,"4,028.00",alipay,pending,10/09/2024
SP-5446,SI-4605,1934,bank_transfer,SUCCESS,22-05-2024
SP-5447,SI-1674,1232,card,pending,13-05-2024
SP-5448,SI-5434,4659,wechat,SUCCESS,2024-09-27
SP-5449,SI-3407,4873,card,failed,2026-10-10
SP-5450,SI-4998,"$4,919.00",wechat,pending,2026-01-11
SP-5451,SI-3951,"3,026.00",wechat,SUCCESS,2026-10-19
SP-5452,SI-734,"$1,232.00",bank_transfer,SUCCESS,2025-08-18
SP-5453,SI-853,1795,wechat,SUCCESS,2024-12-26
SP-5454,SI-3827,2126,wechat,SUCCESS,01/13/2024
SP-5455,SI-667,$304.00,wechat,pending,2024-03-25
SP-5456,SI-5068,"2,527.00",wechat,SUCCESS,05/10/2026
SP-5457,SI-4632,"1,568.00",alipay,SUCCESS,2025-03-19
SP-5458,SI-5269,"3,415.00",card,SUCCESS,2024-11-21
SP-5459,SI-5356,1484,alipay,success,10-01-2026
SP-5460,SI-2795,"1,998.00",alipay,SUCCESS,2025-06-11
SP-5461,SI-4737,2012,wechat,success,04/15/2025
SP-5462,SI-3322,"$4,757.00",wechat,pending,15-10-2026
SP-5463,SI-586,3209,alipay,success,2025-01-27
SP-5464,SI-736,"4,916.00",alipay,success,2026-03-14
SP-5465,SI-5040,"$2,955.00",card,success,07-02-2026
SP-5466,SI-5893,$740.00,bank_transfer,SUCCESS,02-11-2025
SP-5467,SI-3717,"$2,235.00",wechat,SUCCESS,2026-05-25
SP-5468,SI-3687,1832,card,success,2026-10-03
SP-5469,SI-5563,"1,712.00",card,success,2024-07-26
SP-5470,SI-599,"3,405.00",bank_transfer,pending,10/12/2026
SP-5471,SI-5447,"$1,859.00",alipay,success,04/04/2026
SP-5472,SI-3846,2248,card,pending,28-07-2024
SP-5473,SI-4849,1408,bank_transfer,success,25-12-2026
SP-5474,SI-4632,1599,alipay,pending,2025-01-28
SP-5475,SI-2903,"$1,479.00",wechat,pending,2025-11-05
SP-5476,SI-535,"$1,545.00",bank_transfer,success,06/20/2026
SP-5477,SI-5962,3368,card,success,2024-01-18
SP-5478,SI-2702,"1,465.00",wechat,pending,2024-09-08
SP-5479,SI-5939,4129,card,SUCCESS,2025-07-14
SP-5480,SI-5410,"1,909.00",bank_transfer,success,09/18/2026
SP-5481,SI-4972,675,card,success,27-08-2025
SP-5482,SI-3144,287.00,alipay,SUCCESS,2025-07-24
SP-5483,SI-4937,2650,bank_transfer,SUCCESS,06/18/2025
SP-5484,SI-3585,2578,wechat,pending,2026-11-14
SP-5485,SI-3074,"$2,057.00",alipay,success,2025-09-27
SP-5486,SI-4100,"4,437.00",wechat,SUCCESS,11/19/2025
SP-5487,SI-4424,1852,bank_transfer,SUCCESS,02-01-2026
SP-5488,SI-5573,4125,card,success,10/17/2024
SP-5489,SI-5589,514.00,alipay,SUCCESS,2025-03-18
SP-5490,SI-157,210,alipay,pending,10-01-2024
SP-5491,SI-398,4980,bank_transfer,SUCCESS,17-02-2024
SP-5492,SI-5623,3949,wechat,pending,2026-03-02
SP-5493,SI-3819,"$2,270.00",bank_transfer,SUCCESS,21-07-2025
SP-5494,SI-51,"$1,820.00",card,success,2025-03-15
SP-5495,SI-2128,"$1,465.00",alipay,pending,01/06/2025
SP-5496,SI-343,559,card,success,2025-12-13
SP-5497,SI-2503,2914,bank_transfer,pending,2024-08-23
SP-5498,SI-4157,3604,wechat,SUCCESS,04/11/2024
SP-5499,SI-901,2095,alipay,pending,2024-07-04
SP-5500,SI-5152,3577,bank_transfer,success,03/22/2025
